"ONTOLOGY","ID","Description","GeneRatio","BgRatio","RichFactor","FoldEnrichment","zScore","pvalue","p.adjust","qvalue","geneID","Count","sex","direction"
"BP","GO:0015986","proton motive force-driven ATP synthesis","3/70","10/5982",0.3,25.6371428571429,8.48397051956678,0.000173656693181052,0.054498991467928,0.0520059239782491,"knon/ATPsynG/ATP8",3,"female","up"
"BP","GO:0006754","ATP biosynthetic process","3/70","11/5982",0.272727272727273,23.3064935064935,8.05698994708157,0.000236777286044987,0.054498991467928,0.0520059239782491,"knon/ATPsynG/ATP8",3,"female","up"
"BP","GO:0009145","purine nucleoside triphosphate biosynthetic process","3/70","13/5982",0.230769230769231,19.7208791208791,7.35217497496366,0.000403569776011106,0.054498991467928,0.0520059239782491,"knon/ATPsynG/ATP8",3,"female","up"
"BP","GO:0009206","purine ribonucleoside triphosphate biosynthetic process","3/70","13/5982",0.230769230769231,19.7208791208791,7.35217497496366,0.000403569776011106,0.054498991467928,0.0520059239782491,"knon/ATPsynG/ATP8",3,"female","up"
"BP","GO:0009142","nucleoside triphosphate biosynthetic process","3/70","14/5982",0.214285714285714,18.3122448979592,7.05621339146554,0.00050933636885914,0.054498991467928,0.0520059239782491,"knon/ATPsynG/ATP8",3,"female","up"
"BP","GO:0009201","ribonucleoside triphosphate biosynthetic process","3/70","14/5982",0.214285714285714,18.3122448979592,7.05621339146554,0.00050933636885914,0.054498991467928,0.0520059239782491,"knon/ATPsynG/ATP8",3,"female","up"
"BP","GO:0044281","small molecule metabolic process","14/70","454/5982",0.0308370044052863,2.6352422907489,3.94361698213155,0.000638914488095948,0.0585975859082284,0.0559170273792243,"AsnS/Adk3/CG14893/CG9577/Bcat/knon/Faa/Cyp6a8/CG32026/ATPsynG/ATP8/CG9521/CG5265/Galk",14,"female","up"
"BP","GO:0009060","aerobic respiration","5/70","84/5982",0.0595238095238095,5.08673469387755,4.10423681968335,0.00286709017639962,0.21841005111684,0.208418838744058,"ND2/ND4L/ND6/CG32026/mAcon2",5,"female","up"
"BP","GO:0045333","cellular respiration","5/70","87/5982",0.0574712643678161,4.91133004926108,3.99862700433339,0.0033401486351046,0.21841005111684,0.208418838744058,"ND2/ND4L/ND6/CG32026/mAcon2",5,"female","up"
"BP","GO:0006120","mitochondrial electron transport, NADH to ubiquinone","3/70","27/5982",0.111111111111111,9.4952380952381,4.81376919061058,0.003670620634055,0.21841005111684,0.208418838744058,"ND2/ND4L/ND6",3,"female","up"
"BP","GO:0009636","response to toxic substance","4/70","55/5982",0.0727272727272727,6.21506493506493,4.22758462750979,0.00374222829016392,0.21841005111684,0.208418838744058,"CG11893/Mdr65/ort/Cyp6a8",4,"female","up"
"BP","GO:0072522","purine-containing compound biosynthetic process","4/70","60/5982",0.0666666666666667,5.69714285714286,3.97872480079289,0.00512153450943861,0.268318082071809,0.256043816635174,"Adk3/knon/ATPsynG/ATP8",4,"female","up"
"BP","GO:0006575","cellular modified amino acid metabolic process","4/70","61/5982",0.0655737704918033,5.60374707259953,3.93230822061275,0.00543323219148522,0.268318082071809,0.256043816635174,"GstD3/CG5122/CG5265/GstO1",4,"female","up"
"BP","GO:0046034","ATP metabolic process","3/70","33/5982",0.0909090909090909,7.76883116883117,4.24245628399061,0.00651266407379297,0.296228665110192,0.282677624355028,"knon/ATPsynG/ATP8",3,"female","up"
"BP","GO:0009205","purine ribonucleoside triphosphate metabolic process","3/70","35/5982",0.0857142857142857,7.32489795918367,4.08326235479518,0.00768359962931874,0.296228665110192,0.282677624355028,"knon/ATPsynG/ATP8",3,"female","up"
"BP","GO:0009144","purine nucleoside triphosphate metabolic process","3/70","36/5982",0.0833333333333333,7.12142857142857,4.0083006829728,0.00831268438047126,0.296228665110192,0.282677624355028,"knon/ATPsynG/ATP8",3,"female","up"
"BP","GO:0009199","ribonucleoside triphosphate metabolic process","3/70","36/5982",0.0833333333333333,7.12142857142857,4.0083006829728,0.00831268438047126,0.296228665110192,0.282677624355028,"knon/ATPsynG/ATP8",3,"female","up"
"BP","GO:0009141","nucleoside triphosphate metabolic process","3/70","38/5982",0.0789473684210526,6.74661654135338,3.86663631144263,0.0096596397770114,0.296228665110192,0.282677624355028,"knon/ATPsynG/ATP8",3,"female","up"
"BP","GO:0006805","xenobiotic metabolic process","2/70","13/5982",0.153846153846154,13.1472527472527,4.77054133442406,0.00968769908056877,0.296228665110192,0.282677624355028,"CG11893/Cyp6a8",2,"female","up"
"BP","GO:0071466","cellular response to xenobiotic stimulus","2/70","13/5982",0.153846153846154,13.1472527472527,4.77054133442406,0.00968769908056877,0.296228665110192,0.282677624355028,"CG11893/Cyp6a8",2,"female","up"
"BP","GO:0015980","energy derivation by oxidation of organic compounds","5/70","112/5982",0.0446428571428571,3.81505102040816,3.27223842177267,0.00968972269052029,0.296228665110192,0.282677624355028,"ND2/ND4L/ND6/CG32026/mAcon2",5,"female","up"
"BP","GO:0017085","response to insecticide","2/70","14/5982",0.142857142857143,12.2081632653061,4.56828055474817,0.011217426199187,0.32734489181264,0.312370432915161,"Mdr65/Cyp6a8",2,"female","up"
"BP","GO:0019752","carboxylic acid metabolic process","7/70","221/5982",0.0316742081447964,2.70678733031674,2.81316572956848,0.0141980582765171,0.36692177881162,0.35013686713947,"AsnS/CG9577/Bcat/Faa/Cyp6a8/CG32026/CG5265",7,"female","up"
"BP","GO:0043436","oxoacid metabolic process","7/70","221/5982",0.0316742081447964,2.70678733031674,2.81316572956848,0.0141980582765171,0.36692177881162,0.35013686713947,"AsnS/CG9577/Bcat/Faa/Cyp6a8/CG32026/CG5265",7,"female","up"
"BP","GO:0009410","response to xenobiotic stimulus","2/70","16/5982",0.125,10.6821428571429,4.21947639419571,0.0145711268112489,0.36692177881162,0.35013686713947,"CG11893/Cyp6a8",2,"female","up"
"BP","GO:0006082","organic acid metabolic process","7/70","223/5982",0.031390134529148,2.68251121076233,2.78615688553697,0.0148597605126201,0.36692177881162,0.35013686713947,"AsnS/CG9577/Bcat/Faa/Cyp6a8/CG32026/CG5265",7,"female","up"
"BP","GO:1901137","carbohydrate derivative biosynthetic process","6/70","175/5982",0.0342857142857143,2.92995918367347,2.81942109057643,0.0160561582238392,0.368193800161255,0.351350699612806,"Adk3/C1GalTA/knon/CG6790/ATPsynG/ATP8",6,"female","up"
"BP","GO:0072521","purine-containing compound metabolic process","5/70","127/5982",0.0393700787401575,3.3644544431946,2.9304753324295,0.0160582965802416,0.368193800161255,0.351350699612806,"Adk3/CG14893/knon/ATPsynG/ATP8",5,"female","up"
"BP","GO:0009152","purine ribonucleotide biosynthetic process","3/70","48/5982",0.0625,5.34107142857143,3.28558334266863,0.0182298582289723,0.390118966100008,0.372272894360067,"knon/ATPsynG/ATP8",3,"female","up"
"BP","GO:0019646","aerobic electron transport chain","3/70","48/5982",0.0625,5.34107142857143,3.28558334266863,0.0182298582289723,0.390118966100008,0.372272894360067,"ND2/ND4L/ND6",3,"female","up"
"BP","GO:0009150","purine ribonucleotide metabolic process","4/70","92/5982",0.0434782608695652,3.71552795031056,2.85600689803437,0.0222141132603386,0.422515671911609,0.403187606251118,"CG14893/knon/ATPsynG/ATP8",4,"female","up"
"BP","GO:0043279","response to alkaloid","2/70","20/5982",0.1,8.54571428571429,3.67779973659591,0.0223882281561265,0.422515671911609,0.403187606251118,"CG11893/Cyp6a8",2,"female","up"
"BP","GO:0042773","ATP synthesis coupled electron transport","3/70","52/5982",0.0576923076923077,4.93021978021978,3.0971331075048,0.0225364678348121,0.422515671911609,0.403187606251118,"ND2/ND4L/ND6",3,"female","up"
"BP","GO:0042775","mitochondrial ATP synthesis coupled electron transport","3/70","52/5982",0.0576923076923077,4.93021978021978,3.0971331075048,0.0225364678348121,0.422515671911609,0.403187606251118,"ND2/ND4L/ND6",3,"female","up"
"BP","GO:0006164","purine nucleotide biosynthetic process","3/70","53/5982",0.0566037735849057,4.83719676549865,3.05302237988841,0.0236924675838286,0.422515671911609,0.403187606251118,"knon/ATPsynG/ATP8",3,"female","up"
"BP","GO:0009260","ribonucleotide biosynthetic process","3/70","53/5982",0.0566037735849057,4.83719676549865,3.05302237988841,0.0236924675838286,0.422515671911609,0.403187606251118,"knon/ATPsynG/ATP8",3,"female","up"
"BP","GO:0022904","respiratory electron transport chain","3/70","54/5982",0.0555555555555556,4.74761904761905,3.01000300086995,0.0248802251265908,0.425318930832424,0.405862629520365,"ND2/ND4L/ND6",3,"female","up"
"BP","GO:0046390","ribose phosphate biosynthetic process","3/70","55/5982",0.0545454545454545,4.6612987012987,2.96802634273224,0.026099724944077,0.425318930832424,0.405862629520365,"knon/ATPsynG/ATP8",3,"female","up"
"BP","GO:0009259","ribonucleotide metabolic process","4/70","97/5982",0.0412371134020619,3.5240058910162,2.7269156618762,0.0263801934380309,0.425318930832424,0.405862629520365,"CG14893/knon/ATPsynG/ATP8",4,"female","up"
"BP","GO:1905952","regulation of lipid localization","2/70","22/5982",0.0909090909090909,7.76883116883117,3.46075297518625,0.0268146648978819,0.425318930832424,0.405862629520365,"ImpL2/Apoltp",2,"female","up"
"BP","GO:0006470","protein dephosphorylation","3/70","57/5982",0.0526315789473684,4.49774436090226,2.88702153967124,0.0286338218790117,0.425318930832424,0.405862629520365,"CG10352/CG14297/Ppm1",3,"female","up"
"BP","GO:0022900","electron transport chain","3/70","57/5982",0.0526315789473684,4.49774436090226,2.88702153967124,0.0286338218790117,0.425318930832424,0.405862629520365,"ND2/ND4L/ND6",3,"female","up"
"BP","GO:0006091","generation of precursor metabolites and energy","5/70","148/5982",0.0337837837837838,2.88706563706564,2.52931756576267,0.0289552599826949,0.425318930832424,0.405862629520365,"ND2/ND4L/ND6/CG32026/mAcon2",5,"female","up"
"BP","GO:1901607","alpha-amino acid biosynthetic process","2/70","23/5982",0.0869565217391304,7.43105590062112,3.36223618987511,0.0291495840445898,0.425318930832424,0.405862629520365,"AsnS/Bcat",2,"female","up"
"BP","GO:0019693","ribose phosphate metabolic process","4/70","102/5982",0.0392156862745098,3.35126050420168,2.60603881625759,0.030987609589599,0.431134147641454,0.411411828049395,"CG14893/knon/ATPsynG/ATP8",4,"female","up"
"BP","GO:0006099","tricarboxylic acid cycle","2/70","24/5982",0.0833333333333333,7.12142857142857,3.26946630712466,0.0315627802790472,0.431134147641454,0.411411828049395,"CG32026/mAcon2",2,"female","up"
"BP","GO:0009247","glycolipid biosynthetic process","2/70","24/5982",0.0833333333333333,7.12142857142857,3.26946630712466,0.0315627802790472,0.431134147641454,0.411411828049395,"C1GalTA/CG6790",2,"female","up"
"BP","GO:0009165","nucleotide biosynthetic process","3/70","62/5982",0.0483870967741935,4.13502304147465,2.69987984623876,0.03552095597936,0.474981020583161,0.453252916837842,"knon/ATPsynG/ATP8",3,"female","up"
"BP","GO:0006119","oxidative phosphorylation","3/70","63/5982",0.0476190476190476,4.06938775510204,2.66481196388928,0.0369922913226761,0.474981020583161,0.453252916837842,"ND2/ND4L/ND6",3,"female","up"
"BP","GO:1901293","nucleoside phosphate biosynthetic process","3/70","63/5982",0.0476190476190476,4.06938775510204,2.66481196388928,0.0369922913226761,0.474981020583161,0.453252916837842,"knon/ATPsynG/ATP8",3,"female","up"
"BP","GO:0055086","nucleobase-containing small molecule metabolic process","5/70","159/5982",0.0314465408805031,2.68733153638814,2.34635812472675,0.0377644950647773,0.475388349638961,0.453641612542836,"Adk3/CG14893/knon/ATPsynG/ATP8",5,"female","up"
"BP","GO:0006163","purine nucleotide metabolic process","4/70","111/5982",0.036036036036036,3.07953667953668,2.40624997709495,0.0404132975386376,0.49894878884241,0.476124274645487,"CG14893/knon/ATPsynG/ATP8",4,"female","up"
"BP","GO:1901605","alpha-amino acid metabolic process","3/70","66/5982",0.0454545454545455,3.88441558441558,2.56380167539669,0.0415919911632535,0.503812421260542,0.48076541920583,"AsnS/Bcat/Faa",3,"female","up"
"BP","GO:0006664","glycolipid metabolic process","2/70","29/5982",0.0689655172413793,5.8935960591133,2.87427213074452,0.0447308664604254,0.51523280302662,0.491663373276755,"C1GalTA/CG6790",2,"female","up"
"BP","GO:1903509","liposaccharide metabolic process","2/70","29/5982",0.0689655172413793,5.8935960591133,2.87427213074452,0.0447308664604254,0.51523280302662,0.491663373276755,"C1GalTA/CG6790",2,"female","up"
"BP","GO:0007156","homophilic cell adhesion via plasma membrane adhesion molecules","2/70","30/5982",0.0666666666666667,5.69714285714286,2.80628415067576,0.0475710012084562,0.51523280302662,0.491663373276755,"rst/ImpL2",2,"female","up"
"BP","GO:1901606","alpha-amino acid catabolic process","2/70","30/5982",0.0666666666666667,5.69714285714286,2.80628415067576,0.0475710012084562,0.51523280302662,0.491663373276755,"Bcat/Faa",2,"female","up"
"BP","GO:1901135","carbohydrate derivative metabolic process","7/70","285/5982",0.0245614035087719,2.09894736842105,2.06844949933851,0.0478815118599247,0.51523280302662,0.491663373276755,"Adk3/CG14893/C1GalTA/knon/CG6790/ATPsynG/ATP8",7,"female","up"
"BP","GO:0016054","organic acid catabolic process","3/70","70/5982",0.0428571428571429,3.66244897959184,2.43798938287893,0.0481525984137028,0.51523280302662,0.491663373276755,"CG9577/Bcat/Faa",3,"female","up"
"BP","GO:0046395","carboxylic acid catabolic process","3/70","70/5982",0.0428571428571429,3.66244897959184,2.43798938287893,0.0481525984137028,0.51523280302662,0.491663373276755,"CG9577/Bcat/Faa",3,"female","up"
"BP","GO:0006796","phosphate-containing compound metabolic process","10/70","482/5982",0.020746887966805,1.77296976882039,1.92563243142445,0.052432769801361,0.551833413319242,0.526589681180192,"CG14893/knon/Tie/CG10352/CG6790/ATPsynG/ATP8/CG14297/Ppm1/Galk",10,"female","up"
"BP","GO:0009117","nucleotide metabolic process","4/70","122/5982",0.0327868852459016,2.80187353629977,2.1878831460749,0.0539288679951602,0.558424729885369,0.532879476624503,"CG14893/knon/ATPsynG/ATP8",4,"female","up"
"BP","GO:0006793","phosphorus metabolic process","10/70","486/5982",0.0205761316872428,1.75837742504409,1.89779316344293,0.0549097176109278,0.559556169939931,0.533959158722807,"CG14893/knon/Tie/CG10352/CG6790/ATPsynG/ATP8/CG14297/Ppm1/Galk",10,"female","up"
"BP","GO:0042692","muscle cell differentiation","3/70","75/5982",0.04,3.41828571428571,2.29310248584385,0.0570245962060533,0.572027980691972,0.545860443946103,"rst/C1GalTA/Zasp66",3,"female","up"
"BP","GO:0006749","glutathione metabolic process","2/70","34/5982",0.0588235294117647,5.02689075630252,2.56207910800862,0.0595569237883243,0.588239154955449,0.56133003473368,"GstD3/GstO1",2,"female","up"
"BP","GO:0006753","nucleoside phosphate metabolic process","4/70","127/5982",0.031496062992126,2.69156355455568,2.09650276161155,0.0607948833359821,0.591368410631826,0.564316141970361,"CG14893/knon/ATPsynG/ATP8",4,"female","up"
"BP","GO:0009063","amino acid catabolic process","2/70","35/5982",0.0571428571428571,4.88326530612245,2.5069797395148,0.0627007616161428,0.59196895525829,0.564889214560296,"Bcat/Faa",2,"female","up"
"BP","GO:0072329","monocarboxylic acid catabolic process","2/70","35/5982",0.0571428571428571,4.88326530612245,2.5069797395148,0.0627007616161428,0.59196895525829,0.564889214560296,"CG9577/Faa",2,"female","up"
"BP","GO:0170039","proteinogenic amino acid metabolic process","2/70","36/5982",0.0555555555555556,4.74761904761905,2.4539343737842,0.0659000602770647,0.602292645392871,0.574740645382277,"AsnS/Faa",2,"female","up"
"BP","GO:0032787","monocarboxylic acid metabolic process","4/70","131/5982",0.0305343511450382,2.60937840785169,2.02650405750486,0.0666086881976539,0.602292645392871,0.574740645382277,"CG9577/Faa/Cyp6a8/CG5265",4,"female","up"
"BP","GO:0090407","organophosphate biosynthetic process","4/70","131/5982",0.0305343511450382,2.60937840785169,2.02650405750486,0.0666086881976539,0.602292645392871,0.574740645382277,"knon/CG6790/ATPsynG/ATP8",4,"female","up"
"BP","GO:0006629","lipid metabolic process","7/70","322/5982",0.0217391304347826,1.85776397515528,1.72169505190505,0.0810276005332217,0.693231218831006,0.661519215215028,"CG14893/CG9577/C1GalTA/Cyp6a8/CG6790/CG9521/CG5265",7,"female","up"
"BP","GO:0042391","regulation of membrane potential","2/70","44/5982",0.0454545454545455,3.88441558441558,2.08945385112536,0.0932951175170296,0.693231218831006,0.661519215215028,"Nmdar1/ort",2,"female","up"
"BP","GO:0170033","L-amino acid metabolic process","2/70","44/5982",0.0454545454545455,3.88441558441558,2.08945385112536,0.0932951175170296,0.693231218831006,0.661519215215028,"AsnS/Faa",2,"female","up"
"BP","GO:0007018","microtubule-based movement","3/70","94/5982",0.0319148936170213,2.7273556231003,1.83666729518251,0.0970449508933984,0.693231218831006,0.661519215215028,"Ttc26/Mis12/TTLL3B",3,"female","up"
"BP","GO:0016311","dephosphorylation","3/70","95/5982",0.0315789473684211,2.69864661654135,1.81587743398467,0.0994052881722686,0.693231218831006,0.661519215215028,"CG10352/CG14297/Ppm1",3,"female","up"
"BP","GO:0044282","small molecule catabolic process","3/70","95/5982",0.0315789473684211,2.69864661654135,1.81587743398467,0.0994052881722686,0.693231218831006,0.661519215215028,"CG9577/Bcat/Faa",3,"female","up"
"BP","GO:0098742","cell-cell adhesion via plasma-membrane adhesion molecules","2/70","46/5982",0.0434782608695652,3.71552795031056,2.01166173706426,0.100587442549116,0.693231218831006,0.661519215215028,"rst/ImpL2",2,"female","up"
"BP","GO:0006631","fatty acid metabolic process","3/70","97/5982",0.0309278350515464,2.64300441826215,1.77508875737489,0.104195606946919,0.693231218831006,0.661519215215028,"CG9577/Cyp6a8/CG5265",3,"female","up"
"BP","GO:0006790","sulfur compound metabolic process","3/70","97/5982",0.0309278350515464,2.64300441826215,1.77508875737489,0.104195606946919,0.693231218831006,0.661519215215028,"CG14893/GstD3/GstO1",3,"female","up"
"BP","GO:0055001","muscle cell development","2/70","47/5982",0.0425531914893617,3.63647416413374,1.97438023926327,0.104292112211651,0.693231218831006,0.661519215215028,"C1GalTA/Zasp66",2,"female","up"
"BP","GO:0007277","pole cell development","1/70","10/5982",0.1,8.54571428571429,2.59841889622821,0.111123461762598,0.693231218831006,0.661519215215028,"grau",1,"female","up"
"BP","GO:0009163","nucleoside biosynthetic process","1/70","10/5982",0.1,8.54571428571429,2.59841889622821,0.111123461762598,0.693231218831006,0.661519215215028,"Adk3",1,"female","up"
"BP","GO:0009309","amine biosynthetic process","1/70","10/5982",0.1,8.54571428571429,2.59841889622821,0.111123461762598,0.693231218831006,0.661519215215028,"t",1,"female","up"
"BP","GO:0018200","peptidyl-glutamic acid modification","1/70","10/5982",0.1,8.54571428571429,2.59841889622821,0.111123461762598,0.693231218831006,0.661519215215028,"TTLL3B",1,"female","up"
"BP","GO:0032222","regulation of synaptic transmission, cholinergic","1/70","10/5982",0.1,8.54571428571429,2.59841889622821,0.111123461762598,0.693231218831006,0.661519215215028,"bero",1,"female","up"
"BP","GO:0034404","nucleobase-containing small molecule biosynthetic process","1/70","10/5982",0.1,8.54571428571429,2.59841889622821,0.111123461762598,0.693231218831006,0.661519215215028,"Adk3",1,"female","up"
"BP","GO:0040034","regulation of development, heterochronic","1/70","10/5982",0.1,8.54571428571429,2.59841889622821,0.111123461762598,0.693231218831006,0.661519215215028,"Hr3",1,"female","up"
"BP","GO:0042401","biogenic amine biosynthetic process","1/70","10/5982",0.1,8.54571428571429,2.59841889622821,0.111123461762598,0.693231218831006,0.661519215215028,"t",1,"female","up"
"BP","GO:0046189","phenol-containing compound biosynthetic process","1/70","10/5982",0.1,8.54571428571429,2.59841889622821,0.111123461762598,0.693231218831006,0.661519215215028,"t",1,"female","up"
"BP","GO:0072350","tricarboxylic acid metabolic process","1/70","10/5982",0.1,8.54571428571429,2.59841889622821,0.111123461762598,0.693231218831006,0.661519215215028,"CG32026",1,"female","up"
"BP","GO:1901659","glycosyl compound biosynthetic process","1/70","10/5982",0.1,8.54571428571429,2.59841889622821,0.111123461762598,0.693231218831006,0.661519215215028,"Adk3",1,"female","up"
"BP","GO:0006520","amino acid metabolic process","3/70","102/5982",0.0294117647058824,2.51344537815126,1.67743956686202,0.116562893456463,0.693231218831006,0.661519215215028,"AsnS/Bcat/Faa",3,"female","up"
"BP","GO:0009649","entrainment of circadian clock","1/70","11/5982",0.0909090909090909,7.76883116883117,2.44486676782657,0.121542309330686,0.693231218831006,0.661519215215028,"timeout",1,"female","up"
"BP","GO:0016082","synaptic vesicle priming","1/70","11/5982",0.0909090909090909,7.76883116883117,2.44486676782657,0.121542309330686,0.693231218831006,0.661519215215028,"unc-13",1,"female","up"
"BP","GO:0017156","calcium-ion regulated exocytosis","1/70","11/5982",0.0909090909090909,7.76883116883117,2.44486676782657,0.121542309330686,0.693231218831006,0.661519215215028,"unc-13",1,"female","up"
"BP","GO:0018108","peptidyl-tyrosine phosphorylation","1/70","11/5982",0.0909090909090909,7.76883116883117,2.44486676782657,0.121542309330686,0.693231218831006,0.661519215215028,"Tie",1,"female","up"
"BP","GO:0046835","carbohydrate phosphorylation","1/70","11/5982",0.0909090909090909,7.76883116883117,2.44486676782657,0.121542309330686,0.693231218831006,0.661519215215028,"Galk",1,"female","up"
"BP","GO:0060857","establishment of glial blood-brain barrier","1/70","11/5982",0.0909090909090909,7.76883116883117,2.44486676782657,0.121542309330686,0.693231218831006,0.661519215215028,"Mdr65",1,"female","up"
"BP","GO:0097501","stress response to metal ion","1/70","11/5982",0.0909090909090909,7.76883116883117,2.44486676782657,0.121542309330686,0.693231218831006,0.661519215215028,"lncRNA:CR44138",1,"female","up"
"BP","GO:0019637","organophosphate metabolic process","5/70","229/5982",0.0218340611353712,1.86587648159701,1.45376833944069,0.129065320367695,0.693231218831006,0.661519215215028,"CG14893/knon/CG6790/ATPsynG/ATP8",5,"female","up"
"BP","GO:0000076","DNA replication checkpoint signaling","1/70","12/5982",0.0833333333333333,7.12142857142857,2.30953714868379,0.131840758224816,0.693231218831006,0.661519215215028,"timeout",1,"female","up"
"BP","GO:0007080","mitotic metaphase chromosome alignment","1/70","12/5982",0.0833333333333333,7.12142857142857,2.30953714868379,0.131840758224816,0.693231218831006,0.661519215215028,"Mis12",1,"female","up"
"BP","GO:0018212","peptidyl-tyrosine modification","1/70","12/5982",0.0833333333333333,7.12142857142857,2.30953714868379,0.131840758224816,0.693231218831006,0.661519215215028,"Tie",1,"female","up"
"BP","GO:0031644","regulation of nervous system process","1/70","12/5982",0.0833333333333333,7.12142857142857,2.30953714868379,0.131840758224816,0.693231218831006,0.661519215215028,"bero",1,"female","up"
"BP","GO:0043052","thermotaxis","1/70","12/5982",0.0833333333333333,7.12142857142857,2.30953714868379,0.131840758224816,0.693231218831006,0.661519215215028,"ort",1,"female","up"
"BP","GO:0045005","DNA-templated DNA replication maintenance of fidelity","1/70","12/5982",0.0833333333333333,7.12142857142857,2.30953714868379,0.131840758224816,0.693231218831006,0.661519215215028,"timeout",1,"female","up"
"BP","GO:0046628","positive regulation of insulin receptor signaling pathway","1/70","12/5982",0.0833333333333333,7.12142857142857,2.30953714868379,0.131840758224816,0.693231218831006,0.661519215215028,"ImpL2",1,"female","up"
"BP","GO:0060856","establishment of blood-brain barrier","1/70","12/5982",0.0833333333333333,7.12142857142857,2.30953714868379,0.131840758224816,0.693231218831006,0.661519215215028,"Mdr65",1,"female","up"
"BP","GO:0070593","dendrite self-avoidance","1/70","12/5982",0.0833333333333333,7.12142857142857,2.30953714868379,0.131840758224816,0.693231218831006,0.661519215215028,"ImpL2",1,"female","up"
"BP","GO:0072375","medium-term memory","1/70","12/5982",0.0833333333333333,7.12142857142857,2.30953714868379,0.131840758224816,0.693231218831006,0.661519215215028,"Nmdar1",1,"female","up"
"BP","GO:1900078","positive regulation of cellular response to insulin stimulus","1/70","12/5982",0.0833333333333333,7.12142857142857,2.30953714868379,0.131840758224816,0.693231218831006,0.661519215215028,"ImpL2",1,"female","up"
"BP","GO:0018958","phenol-containing compound metabolic process","2/70","55/5982",0.0363636363636364,3.10753246753247,1.7084680579547,0.13515765812271,0.693231218831006,0.661519215215028,"t/Faa",2,"female","up"
"BP","GO:0046467","membrane lipid biosynthetic process","2/70","56/5982",0.0357142857142857,3.05204081632653,1.67867991161346,0.139150499610775,0.693231218831006,0.661519215215028,"C1GalTA/CG6790",2,"female","up"
"BP","GO:0006271","DNA strand elongation involved in DNA replication","1/70","13/5982",0.0769230769230769,6.57362637362637,2.18890769388446,0.14202017982017,0.693231218831006,0.661519215215028,"DNAlig3",1,"female","up"
"BP","GO:0009112","nucleobase metabolic process","1/70","13/5982",0.0769230769230769,6.57362637362637,2.18890769388446,0.14202017982017,0.693231218831006,0.661519215215028,"Adk3",1,"female","up"
"BP","GO:0009453","energy taxis","1/70","13/5982",0.0769230769230769,6.57362637362637,2.18890769388446,0.14202017982017,0.693231218831006,0.661519215215028,"Nmdar1",1,"female","up"
"BP","GO:0022616","DNA strand elongation","1/70","13/5982",0.0769230769230769,6.57362637362637,2.18890769388446,0.14202017982017,0.693231218831006,0.661519215215028,"DNAlig3",1,"female","up"
"BP","GO:0042331","phototaxis","1/70","13/5982",0.0769230769230769,6.57362637362637,2.18890769388446,0.14202017982017,0.693231218831006,0.661519215215028,"Nmdar1",1,"female","up"
"BP","GO:0042417","dopamine metabolic process","1/70","13/5982",0.0769230769230769,6.57362637362637,2.18890769388446,0.14202017982017,0.693231218831006,0.661519215215028,"t",1,"female","up"
"BP","GO:0043094","cellular metabolic compound salvage","1/70","13/5982",0.0769230769230769,6.57362637362637,2.18890769388446,0.14202017982017,0.693231218831006,0.661519215215028,"Adk3",1,"female","up"
"BP","GO:0071479","cellular response to ionizing radiation","1/70","13/5982",0.0769230769230769,6.57362637362637,2.18890769388446,0.14202017982017,0.693231218831006,0.661519215215028,"Tie",1,"female","up"
"BP","GO:0090329","regulation of DNA-templated DNA replication","1/70","13/5982",0.0769230769230769,6.57362637362637,2.18890769388446,0.14202017982017,0.693231218831006,0.661519215215028,"timeout",1,"female","up"
"BP","GO:0007286","spermatid development","2/70","58/5982",0.0344827586206897,2.94679802955665,1.62104876023616,0.147212893825852,0.693231218831006,0.661519215215028,"knon/TTLL3B",2,"female","up"
"BP","GO:0009066","aspartate family amino acid metabolic process","1/70","14/5982",0.0714285714285714,6.10408163265306,2.0803477180308,0.152081930098707,0.693231218831006,0.661519215215028,"AsnS",1,"female","up"
"BP","GO:0014706","striated muscle tissue development","1/70","14/5982",0.0714285714285714,6.10408163265306,2.0803477180308,0.152081930098707,0.693231218831006,0.661519215215028,"rst",1,"female","up"
"BP","GO:0016081","synaptic vesicle docking","1/70","14/5982",0.0714285714285714,6.10408163265306,2.0803477180308,0.152081930098707,0.693231218831006,0.661519215215028,"unc-13",1,"female","up"
"BP","GO:0042073","intraciliary transport","1/70","14/5982",0.0714285714285714,6.10408163265306,2.0803477180308,0.152081930098707,0.693231218831006,0.661519215215028,"Ttc26",1,"female","up"
"BP","GO:0046128","purine ribonucleoside metabolic process","1/70","14/5982",0.0714285714285714,6.10408163265306,2.0803477180308,0.152081930098707,0.693231218831006,0.661519215215028,"Adk3",1,"female","up"
"BP","GO:0051303","establishment of chromosome localization","1/70","14/5982",0.0714285714285714,6.10408163265306,2.0803477180308,0.152081930098707,0.693231218831006,0.661519215215028,"Mis12",1,"female","up"
"BP","GO:0051310","metaphase chromosome alignment","1/70","14/5982",0.0714285714285714,6.10408163265306,2.0803477180308,0.152081930098707,0.693231218831006,0.661519215215028,"Mis12",1,"female","up"
"BP","GO:1905954","positive regulation of lipid localization","1/70","14/5982",0.0714285714285714,6.10408163265306,2.0803477180308,0.152081930098707,0.693231218831006,0.661519215215028,"Apoltp",1,"female","up"
"BP","GO:0014070","response to organic cyclic compound","2/70","60/5982",0.0333333333333333,2.84857142857143,1.56583634191788,0.155370152604105,0.693231218831006,0.661519215215028,"CG11893/Cyp6a8",2,"female","up"
"BP","GO:0051146","striated muscle cell differentiation","2/70","61/5982",0.0327868852459016,2.80187353629977,1.5390771924608,0.159481656630659,0.693231218831006,0.661519215215028,"rst/Zasp66",2,"female","up"
"BP","GO:0006584","catecholamine metabolic process","1/70","15/5982",0.0666666666666667,5.69714285714286,1.98184683744954,0.162027349819399,0.693231218831006,0.661519215215028,"t",1,"female","up"
"BP","GO:0006835","dicarboxylic acid transport","1/70","15/5982",0.0666666666666667,5.69714285714286,1.98184683744954,0.162027349819399,0.693231218831006,0.661519215215028,"CG7309",1,"female","up"
"BP","GO:0006903","vesicle targeting","1/70","15/5982",0.0666666666666667,5.69714285714286,1.98184683744954,0.162027349819399,0.693231218831006,0.661519215215028,"unc-13",1,"female","up"
"BP","GO:0007338","single fertilization","1/70","15/5982",0.0666666666666667,5.69714285714286,1.98184683744954,0.162027349819399,0.693231218831006,0.661519215215028,"grau",1,"female","up"
"BP","GO:0009072","aromatic amino acid metabolic process","1/70","15/5982",0.0666666666666667,5.69714285714286,1.98184683744954,0.162027349819399,0.693231218831006,0.661519215215028,"Faa",1,"female","up"
"BP","GO:0009712","catechol-containing compound metabolic process","1/70","15/5982",0.0666666666666667,5.69714285714286,1.98184683744954,0.162027349819399,0.693231218831006,0.661519215215028,"t",1,"female","up"
"BP","GO:0042278","purine nucleoside metabolic process","1/70","15/5982",0.0666666666666667,5.69714285714286,1.98184683744954,0.162027349819399,0.693231218831006,0.661519215215028,"Adk3",1,"female","up"
"BP","GO:0048067","cuticle pigmentation","1/70","15/5982",0.0666666666666667,5.69714285714286,1.98184683744954,0.162027349819399,0.693231218831006,0.661519215215028,"t",1,"female","up"
"BP","GO:0050000","chromosome localization","1/70","15/5982",0.0666666666666667,5.69714285714286,1.98184683744954,0.162027349819399,0.693231218831006,0.661519215215028,"Mis12",1,"female","up"
"BP","GO:1902476","chloride transmembrane transport","1/70","15/5982",0.0666666666666667,5.69714285714286,1.98184683744954,0.162027349819399,0.693231218831006,0.661519215215028,"ort",1,"female","up"
"BP","GO:0048515","spermatid differentiation","2/70","62/5982",0.032258064516129,2.75668202764977,1.51285344316657,0.163613679985702,0.693231218831006,0.661519215215028,"knon/TTLL3B",2,"female","up"
"BP","GO:0120031","plasma membrane bounded cell projection assembly","3/70","121/5982",0.0247933884297521,2.11877213695396,1.35274885406562,0.168016406765186,0.693231218831006,0.661519215215028,"C1GalTA/Ttc26/TTLL3B",3,"female","up"
"BP","GO:1901615","organic hydroxy compound metabolic process","3/70","121/5982",0.0247933884297521,2.11877213695396,1.35274885406562,0.168016406765186,0.693231218831006,0.661519215215028,"t/Faa/CG32026",3,"female","up"
"BP","GO:0007271","synaptic transmission, cholinergic","1/70","16/5982",0.0625,5.34107142857143,1.89183827264658,0.171857764686609,0.693231218831006,0.661519215215028,"bero",1,"female","up"
"BP","GO:0007601","visual perception","1/70","16/5982",0.0625,5.34107142857143,1.89183827264658,0.171857764686609,0.693231218831006,0.661519215215028,"t",1,"female","up"
"BP","GO:0015850","organic hydroxy compound transport","1/70","16/5982",0.0625,5.34107142857143,1.89183827264658,0.171857764686609,0.693231218831006,0.661519215215028,"Apoltp",1,"female","up"
"BP","GO:0034472","snRNA 3'-end processing","1/70","16/5982",0.0625,5.34107142857143,1.89183827264658,0.171857764686609,0.693231218831006,0.661519215215028,"IntS12",1,"female","up"
"BP","GO:0060537","muscle tissue development","1/70","16/5982",0.0625,5.34107142857143,1.89183827264658,0.171857764686609,0.693231218831006,0.661519215215028,"rst",1,"female","up"
"BP","GO:0098656","monoatomic anion transmembrane transport","1/70","16/5982",0.0625,5.34107142857143,1.89183827264658,0.171857764686609,0.693231218831006,0.661519215215028,"ort",1,"female","up"
"BP","GO:1902652","secondary alcohol metabolic process","1/70","16/5982",0.0625,5.34107142857143,1.89183827264658,0.171857764686609,0.693231218831006,0.661519215215028,"CG32026",1,"female","up"
"BP","GO:0044255","cellular lipid metabolic process","5/70","253/5982",0.0197628458498024,1.68887634105025,1.21823431220286,0.173297465021059,0.693231218831006,0.661519215215028,"CG9577/C1GalTA/Cyp6a8/CG6790/CG5265",5,"female","up"
"BP","GO:0010243","response to organonitrogen compound","3/70","123/5982",0.024390243902439,2.08432055749129,1.32210883318778,0.173783223129465,0.693231218831006,0.661519215215028,"CG11893/ImpL2/Cyp6a8",3,"female","up"
"BP","GO:0006643","membrane lipid metabolic process","2/70","66/5982",0.0303030303030303,2.58961038961039,1.41291906829606,0.180326836804621,0.693231218831006,0.661519215215028,"C1GalTA/CG6790",2,"female","up"
"BP","GO:0007349","cellularization","2/70","66/5982",0.0303030303030303,2.58961038961039,1.41291906829606,0.180326836804621,0.693231218831006,0.661519215215028,"grau/TTLL3B",2,"female","up"
"BP","GO:0003014","renal system process","1/70","17/5982",0.0588235294117647,5.02689075630252,1.80908008669402,0.181574485516635,0.693231218831006,0.661519215215028,"Mdr65",1,"female","up"
"BP","GO:0006506","GPI anchor biosynthetic process","1/70","17/5982",0.0588235294117647,5.02689075630252,1.80908008669402,0.181574485516635,0.693231218831006,0.661519215215028,"CG6790",1,"female","up"
"BP","GO:0009119","ribonucleoside metabolic process","1/70","17/5982",0.0588235294117647,5.02689075630252,1.80908008669402,0.181574485516635,0.693231218831006,0.661519215215028,"Adk3",1,"female","up"
"BP","GO:0033674","positive regulation of kinase activity","1/70","17/5982",0.0588235294117647,5.02689075630252,1.80908008669402,0.181574485516635,0.693231218831006,0.661519215215028,"Tie",1,"female","up"
"BP","GO:2001234","negative regulation of apoptotic signaling pathway","1/70","17/5982",0.0588235294117647,5.02689075630252,1.80908008669402,0.181574485516635,0.693231218831006,0.661519215215028,"Tie",1,"female","up"
"BP","GO:0006261","DNA-templated DNA replication","2/70","67/5982",0.0298507462686567,2.55095948827292,1.38908617631176,0.184546535027488,0.693231218831006,0.661519215215028,"timeout/DNAlig3",2,"female","up"
"BP","GO:0030031","cell projection assembly","3/70","127/5982",0.0236220472440945,2.01867266591676,1.2625301907936,0.185484387779401,0.693231218831006,0.661519215215028,"C1GalTA/Ttc26/TTLL3B",3,"female","up"
"BP","GO:0009566","fertilization","1/70","18/5982",0.0555555555555556,4.74761904761905,1.73257315610876,0.191178808402442,0.693231218831006,0.661519215215028,"grau",1,"female","up"
"BP","GO:0016180","snRNA processing","1/70","18/5982",0.0555555555555556,4.74761904761905,1.73257315610876,0.191178808402442,0.693231218831006,0.661519215215028,"IntS12",1,"female","up"
"BP","GO:0033227","dsRNA transport","1/70","18/5982",0.0555555555555556,4.74761904761905,1.73257315610876,0.191178808402442,0.693231218831006,0.661519215215028,"CG8671",1,"female","up"
"BP","GO:0035249","synaptic transmission, glutamatergic","1/70","18/5982",0.0555555555555556,4.74761904761905,1.73257315610876,0.191178808402442,0.693231218831006,0.661519215215028,"unc-13",1,"female","up"
"BP","GO:0046627","negative regulation of insulin receptor signaling pathway","1/70","18/5982",0.0555555555555556,4.74761904761905,1.73257315610876,0.191178808402442,0.693231218831006,0.661519215215028,"ImpL2",1,"female","up"
"BP","GO:0046667","compound eye retinal cell programmed cell death","1/70","18/5982",0.0555555555555556,4.74761904761905,1.73257315610876,0.191178808402442,0.693231218831006,0.661519215215028,"rst",1,"female","up"
"BP","GO:0170040","proteinogenic amino acid catabolic process","1/70","18/5982",0.0555555555555556,4.74761904761905,1.73257315610876,0.191178808402442,0.693231218831006,0.661519215215028,"Faa",1,"female","up"
"BP","GO:1900077","negative regulation of cellular response to insulin stimulus","1/70","18/5982",0.0555555555555556,4.74761904761905,1.73257315610876,0.191178808402442,0.693231218831006,0.661519215215028,"ImpL2",1,"female","up"
"BP","GO:0042330","taxis","2/70","69/5982",0.0289855072463768,2.47701863354037,1.34268855997196,0.193029095698246,0.693231218831006,0.661519215215028,"Nmdar1/ort",2,"female","up"
"BP","GO:1901698","response to nitrogen compound","3/70","131/5982",0.0229007633587786,1.95703380588877,1.2050819629125,0.197391694555605,0.693231218831006,0.661519215215028,"CG11893/ImpL2/Cyp6a8",3,"female","up"
"BP","GO:0006275","regulation of DNA replication","1/70","19/5982",0.0526315789473684,4.49774436090226,1.66150315164394,0.200672014876591,0.693231218831006,0.661519215215028,"timeout",1,"female","up"
"BP","GO:0006505","GPI anchor metabolic process","1/70","19/5982",0.0526315789473684,4.49774436090226,1.66150315164394,0.200672014876591,0.693231218831006,0.661519215215028,"CG6790",1,"female","up"
"BP","GO:0006904","vesicle docking involved in exocytosis","1/70","19/5982",0.0526315789473684,4.49774436090226,1.66150315164394,0.200672014876591,0.693231218831006,0.661519215215028,"unc-13",1,"female","up"
"BP","GO:0046666","retinal cell programmed cell death","1/70","19/5982",0.0526315789473684,4.49774436090226,1.66150315164394,0.200672014876591,0.693231218831006,0.661519215215028,"rst",1,"female","up"
"BP","GO:0048278","vesicle docking","1/70","19/5982",0.0526315789473684,4.49774436090226,1.66150315164394,0.200672014876591,0.693231218831006,0.661519215215028,"unc-13",1,"female","up"
"BP","GO:0050953","sensory perception of light stimulus","1/70","19/5982",0.0526315789473684,4.49774436090226,1.66150315164394,0.200672014876591,0.693231218831006,0.661519215215028,"t",1,"female","up"
"BP","GO:0170034","L-amino acid biosynthetic process","1/70","19/5982",0.0526315789473684,4.49774436090226,1.66150315164394,0.200672014876591,0.693231218831006,0.661519215215028,"AsnS",1,"female","up"
"BP","GO:0170038","proteinogenic amino acid biosynthetic process","1/70","19/5982",0.0526315789473684,4.49774436090226,1.66150315164394,0.200672014876591,0.693231218831006,0.661519215215028,"AsnS",1,"female","up"
"BP","GO:2000736","regulation of stem cell differentiation","1/70","19/5982",0.0526315789473684,4.49774436090226,1.66150315164394,0.200672014876591,0.693231218831006,0.661519215215028,"C1GalTA",1,"female","up"
"BP","GO:0007268","chemical synaptic transmission","4/70","198/5982",0.0202020202020202,1.72640692640693,1.13101180548286,0.200842689567861,0.693231218831006,0.661519215215028,"Nmdar1/unc-13/ort/bero",4,"female","up"
"BP","GO:0098916","anterograde trans-synaptic signaling","4/70","198/5982",0.0202020202020202,1.72640692640693,1.13101180548286,0.200842689567861,0.693231218831006,0.661519215215028,"Nmdar1/unc-13/ort/bero",4,"female","up"
"BP","GO:0099537","trans-synaptic signaling","4/70","200/5982",0.02,1.70914285714286,1.10988605678022,0.205704304295787,0.700549654327869,0.668502867386161,"Nmdar1/unc-13/ort/bero",4,"female","up"
"BP","GO:0007283","spermatogenesis","3/70","135/5982",0.0222222222222222,1.89904761904762,1.14961319814544,0.209484736819822,0.700549654327869,0.668502867386161,"eIF4E3/knon/TTLL3B",3,"female","up"
"BP","GO:0061061","muscle structure development","3/70","135/5982",0.0222222222222222,1.89904761904762,1.14961319814544,0.209484736819822,0.700549654327869,0.668502867386161,"rst/C1GalTA/Zasp66",3,"female","up"
"BP","GO:0035337","fatty-acyl-CoA metabolic process","1/70","20/5982",0.05,4.27285714285714,1.59519863622515,0.210055372072405,0.700549654327869,0.668502867386161,"CG14893",1,"female","up"
"BP","GO:0051347","positive regulation of transferase activity","1/70","20/5982",0.05,4.27285714285714,1.59519863622515,0.210055372072405,0.700549654327869,0.668502867386161,"Tie",1,"female","up"
"BP","GO:0170035","L-amino acid catabolic process","1/70","20/5982",0.05,4.27285714285714,1.59519863622515,0.210055372072405,0.700549654327869,0.668502867386161,"Faa",1,"female","up"
"BP","GO:0099536","synaptic signaling","4/70","202/5982",0.0198019801980198,1.69222065063649,1.0889928423113,0.210601375833767,0.700549654327869,0.668502867386161,"Nmdar1/unc-13/ort/bero",4,"female","up"
"BP","GO:0006260","DNA replication","2/70","75/5982",0.0266666666666667,2.27885714285714,1.21265674936638,0.218759321190746,0.707587664879996,0.675218922708899,"timeout/DNAlig3",2,"female","up"
"BP","GO:0006821","chloride transport","1/70","21/5982",0.0476190476190476,4.06938775510204,1.5331002384822,0.219330132883363,0.707587664879996,0.675218922708899,"ort",1,"female","up"
"BP","GO:0008407","chaeta morphogenesis","1/70","21/5982",0.0476190476190476,4.06938775510204,1.5331002384822,0.219330132883363,0.707587664879996,0.675218922708899,"rst",1,"female","up"
"BP","GO:0021782","glial cell development","1/70","21/5982",0.0476190476190476,4.06938775510204,1.5331002384822,0.219330132883363,0.707587664879996,0.675218922708899,"Mdr65",1,"female","up"
"BP","GO:1901568","fatty acid derivative metabolic process","1/70","21/5982",0.0476190476190476,4.06938775510204,1.5331002384822,0.219330132883363,0.707587664879996,0.675218922708899,"CG14893",1,"female","up"
"BP","GO:1903688","positive regulation of border follicle cell migration","1/70","21/5982",0.0476190476190476,4.06938775510204,1.5331002384822,0.219330132883363,0.707587664879996,0.675218922708899,"Tie",1,"female","up"
"BP","GO:0008652","amino acid biosynthetic process","1/70","22/5982",0.0454545454545455,3.88441558441558,1.47473759744602,0.228497536120767,0.712676420009053,0.680074891695801,"AsnS",1,"female","up"
"BP","GO:0010634","positive regulation of epithelial cell migration","1/70","22/5982",0.0454545454545455,3.88441558441558,1.47473759744602,0.228497536120767,0.712676420009053,0.680074891695801,"Tie",1,"female","up"
"BP","GO:0098661","inorganic anion transmembrane transport","1/70","22/5982",0.0454545454545455,3.88441558441558,1.47473759744602,0.228497536120767,0.712676420009053,0.680074891695801,"ort",1,"female","up"
"BP","GO:1903684","regulation of border follicle cell migration","1/70","22/5982",0.0454545454545455,3.88441558441558,1.47473759744602,0.228497536120767,0.712676420009053,0.680074891695801,"Tie",1,"female","up"
"BP","GO:0040011","locomotion","3/70","142/5982",0.0211267605633803,1.80543259557344,1.05690428467195,0.231034454081563,0.712676420009053,0.680074891695801,"Nmdar1/ort/Tie",3,"female","up"
"BP","GO:0071417","cellular response to organonitrogen compound","2/70","78/5982",0.0256410256410256,2.19120879120879,1.15220757298628,0.231742836546188,0.712676420009053,0.680074891695801,"CG11893/ImpL2",2,"female","up"
"BP","GO:0000768","syncytium formation by plasma membrane fusion","1/70","23/5982",0.0434782608695652,3.71552795031056,1.41971186228839,0.237558806669684,0.712676420009053,0.680074891695801,"rst",1,"female","up"
"BP","GO:0006949","syncytium formation","1/70","23/5982",0.0434782608695652,3.71552795031056,1.41971186228839,0.237558806669684,0.712676420009053,0.680074891695801,"rst",1,"female","up"
"BP","GO:0007520","myoblast fusion","1/70","23/5982",0.0434782608695652,3.71552795031056,1.41971186228839,0.237558806669684,0.712676420009053,0.680074891695801,"rst",1,"female","up"
"BP","GO:0009116","nucleoside metabolic process","1/70","23/5982",0.0434782608695652,3.71552795031056,1.41971186228839,0.237558806669684,0.712676420009053,0.680074891695801,"Adk3",1,"female","up"
"BP","GO:0014902","myotube differentiation","1/70","23/5982",0.0434782608695652,3.71552795031056,1.41971186228839,0.237558806669684,0.712676420009053,0.680074891695801,"rst",1,"female","up"
"BP","GO:0022406","membrane docking","1/70","23/5982",0.0434782608695652,3.71552795031056,1.41971186228839,0.237558806669684,0.712676420009053,0.680074891695801,"unc-13",1,"female","up"
"BP","GO:0140056","organelle localization by membrane tethering","1/70","23/5982",0.0434782608695652,3.71552795031056,1.41971186228839,0.237558806669684,0.712676420009053,0.680074891695801,"unc-13",1,"female","up"
"BP","GO:0140253","cell-cell fusion","1/70","23/5982",0.0434782608695652,3.71552795031056,1.41971186228839,0.237558806669684,0.712676420009053,0.680074891695801,"rst",1,"female","up"
"BP","GO:2001233","regulation of apoptotic signaling pathway","1/70","23/5982",0.0434782608695652,3.71552795031056,1.41971186228839,0.237558806669684,0.712676420009053,0.680074891695801,"Tie",1,"female","up"
"BP","GO:0060271","cilium assembly","2/70","80/5982",0.025,2.13642857142857,1.11341288632746,0.240428362421961,0.717930272906508,0.685088406019983,"Ttc26/TTLL3B",2,"female","up"
"BP","GO:1901699","cellular response to nitrogen compound","2/70","81/5982",0.0246913580246914,2.11005291005291,1.09444033491763,0.24477793366702,0.725975825334534,0.692765913009836,"CG11893/ImpL2",2,"female","up"
"BP","GO:0000077","DNA damage checkpoint signaling","1/70","24/5982",0.0416666666666667,3.56071428571429,1.36768222999322,0.246515155643191,0.725975825334534,0.692765913009836,"timeout",1,"female","up"
"BP","GO:0006635","fatty acid beta-oxidation","1/70","24/5982",0.0416666666666667,3.56071428571429,1.36768222999322,0.246515155643191,0.725975825334534,0.692765913009836,"CG9577",1,"female","up"
"BP","GO:0007600","sensory perception","3/70","148/5982",0.0202702702702703,1.73223938223938,0.981452841630466,0.249830640883582,0.729051233851181,0.6957006363361,"Nmdar1/t/bero",3,"female","up"
"BP","GO:0044283","small molecule biosynthetic process","3/70","148/5982",0.0202702702702703,1.73223938223938,0.981452841630466,0.249830640883582,0.729051233851181,0.6957006363361,"AsnS/Adk3/Bcat",3,"female","up"
"BP","GO:0006576","biogenic amine metabolic process","1/70","25/5982",0.04,3.41828571428571,1.31835546295926,0.255367780534929,0.731902299568858,0.698421279470529,"t",1,"female","up"
"BP","GO:0007143","female meiotic nuclear division","1/70","25/5982",0.04,3.41828571428571,1.31835546295926,0.255367780534929,0.731902299568858,0.698421279470529,"grau",1,"female","up"
"BP","GO:0008355","olfactory learning","1/70","25/5982",0.04,3.41828571428571,1.31835546295926,0.255367780534929,0.731902299568858,0.698421279470529,"Nmdar1",1,"female","up"
"BP","GO:0010001","glial cell differentiation","1/70","25/5982",0.04,3.41828571428571,1.31835546295926,0.255367780534929,0.731902299568858,0.698421279470529,"Mdr65",1,"female","up"
"BP","GO:0010033","response to organic substance","5/70","295/5982",0.0169491525423729,1.44842615012107,0.859466657341036,0.262177130905008,0.741054196190468,0.70715452071299,"Nmdar1/CG11893/ImpL2/ort/Cyp6a8",5,"female","up"
"BP","GO:0051489","regulation of filopodium assembly","1/70","26/5982",0.0384615384615385,3.28681318681319,1.27147763622112,0.264117865370006,0.741054196190468,0.70715452071299,"C1GalTA",1,"female","up"
"BP","GO:0016053","organic acid biosynthetic process","2/70","86/5982",0.0232558139534884,1.98737541528239,1.00350954158987,0.266566931036726,0.741054196190468,0.70715452071299,"AsnS/Bcat",2,"female","up"
"BP","GO:0046394","carboxylic acid biosynthetic process","2/70","86/5982",0.0232558139534884,1.98737541528239,1.00350954158987,0.266566931036726,0.741054196190468,0.70715452071299,"AsnS/Bcat",2,"female","up"
"BP","GO:0009308","amine metabolic process","1/70","27/5982",0.037037037037037,3.16507936507936,1.22682757398969,0.27276658085424,0.741054196190468,0.70715452071299,"t",1,"female","up"
"BP","GO:0010212","response to ionizing radiation","1/70","27/5982",0.037037037037037,3.16507936507936,1.22682757398969,0.27276658085424,0.741054196190468,0.70715452071299,"Tie",1,"female","up"
"BP","GO:0019395","fatty acid oxidation","1/70","27/5982",0.037037037037037,3.16507936507936,1.22682757398969,0.27276658085424,0.741054196190468,0.70715452071299,"CG9577",1,"female","up"
"BP","GO:0031570","DNA integrity checkpoint signaling","1/70","27/5982",0.037037037037037,3.16507936507936,1.22682757398969,0.27276658085424,0.741054196190468,0.70715452071299,"timeout",1,"female","up"
"BP","GO:0042770","signal transduction in response to DNA damage","1/70","27/5982",0.037037037037037,3.16507936507936,1.22682757398969,0.27276658085424,0.741054196190468,0.70715452071299,"timeout",1,"female","up"
"BP","GO:0045727","positive regulation of translation","1/70","27/5982",0.037037037037037,3.16507936507936,1.22682757398969,0.27276658085424,0.741054196190468,0.70715452071299,"eIF4E3",1,"female","up"
"BP","GO:0051052","regulation of DNA metabolic process","1/70","27/5982",0.037037037037037,3.16507936507936,1.22682757398969,0.27276658085424,0.741054196190468,0.70715452071299,"timeout",1,"female","up"
"BP","GO:1901657","glycosyl compound metabolic process","1/70","27/5982",0.037037037037037,3.16507936507936,1.22682757398969,0.27276658085424,0.741054196190468,0.70715452071299,"Adk3",1,"female","up"
"BP","GO:0044782","cilium organization","2/70","88/5982",0.0227272727272727,1.94220779220779,0.96883912872621,0.275289837328206,0.741054196190468,0.70715452071299,"Ttc26/TTLL3B",2,"female","up"
"BP","GO:0010883","regulation of lipid storage","1/70","28/5982",0.0357142857142857,3.05204081632653,1.18421158097034,0.281315084521781,0.741054196190468,0.70715452071299,"ImpL2",1,"female","up"
"BP","GO:0016073","snRNA metabolic process","1/70","28/5982",0.0357142857142857,3.05204081632653,1.18421158097034,0.281315084521781,0.741054196190468,0.70715452071299,"IntS12",1,"female","up"
"BP","GO:0031503","protein-containing complex localization","1/70","28/5982",0.0357142857142857,3.05204081632653,1.18421158097034,0.281315084521781,0.741054196190468,0.70715452071299,"Ttc26",1,"female","up"
"BP","GO:0034440","lipid oxidation","1/70","28/5982",0.0357142857142857,3.05204081632653,1.18421158097034,0.281315084521781,0.741054196190468,0.70715452071299,"CG9577",1,"female","up"
"BP","GO:0045455","ecdysteroid metabolic process","1/70","28/5982",0.0357142857142857,3.05204081632653,1.18421158097034,0.281315084521781,0.741054196190468,0.70715452071299,"CG9521",1,"female","up"
"BP","GO:0071407","cellular response to organic cyclic compound","1/70","28/5982",0.0357142857142857,3.05204081632653,1.18421158097034,0.281315084521781,0.741054196190468,0.70715452071299,"CG11893",1,"female","up"
"BP","GO:0048232","male gamete generation","3/70","158/5982",0.0189873417721519,1.62260397830018,0.862975488152652,0.281646766153387,0.741054196190468,0.70715452071299,"eIF4E3/knon/TTLL3B",3,"female","up"
"BP","GO:0007417","central nervous system development","3/70","160/5982",0.01875,1.60232142857143,0.840273976382093,0.288063498486843,0.744710061638862,0.710643147850168,"Mdr65/C1GalTA/Hr3",3,"female","up"
"BP","GO:0098609","cell-cell adhesion","2/70","91/5982",0.021978021978022,1.87817896389325,0.918497382511269,0.288367059989698,0.744710061638862,0.710643147850168,"rst/ImpL2",2,"female","up"
"BP","GO:0006493","protein O-linked glycosylation","1/70","29/5982",0.0344827586206897,2.94679802955665,1.14345917663603,0.289764520881115,0.744710061638862,0.710643147850168,"C1GalTA",1,"female","up"
"BP","GO:0055074","calcium ion homeostasis","1/70","29/5982",0.0344827586206897,2.94679802955665,1.14345917663603,0.289764520881115,0.744710061638862,0.710643147850168,"Nmdar1",1,"female","up"
"BP","GO:1900076","regulation of cellular response to insulin stimulus","1/70","29/5982",0.0344827586206897,2.94679802955665,1.14345917663603,0.289764520881115,0.744710061638862,0.710643147850168,"ImpL2",1,"female","up"
"BP","GO:0006637","acyl-CoA metabolic process","1/70","30/5982",0.0333333333333333,2.84857142857143,1.10441961404332,0.298116021559482,0.744710061638862,0.710643147850168,"CG14893",1,"female","up"
"BP","GO:0008306","associative learning","1/70","30/5982",0.0333333333333333,2.84857142857143,1.10441961404332,0.298116021559482,0.744710061638862,0.710643147850168,"Nmdar1",1,"female","up"
"BP","GO:0010632","regulation of epithelial cell migration","1/70","30/5982",0.0333333333333333,2.84857142857143,1.10441961404332,0.298116021559482,0.744710061638862,0.710643147850168,"Tie",1,"female","up"
"BP","GO:0035082","axoneme assembly","1/70","30/5982",0.0333333333333333,2.84857142857143,1.10441961404332,0.298116021559482,0.744710061638862,0.710643147850168,"TTLL3B",1,"female","up"
"BP","GO:0035383","thioester metabolic process","1/70","30/5982",0.0333333333333333,2.84857142857143,1.10441961404332,0.298116021559482,0.744710061638862,0.710643147850168,"CG14893",1,"female","up"
"BP","GO:0046626","regulation of insulin receptor signaling pathway","1/70","30/5982",0.0333333333333333,2.84857142857143,1.10441961404332,0.298116021559482,0.744710061638862,0.710643147850168,"ImpL2",1,"female","up"
"BP","GO:0046847","filopodium assembly","1/70","30/5982",0.0333333333333333,2.84857142857143,1.10441961404332,0.298116021559482,0.744710061638862,0.710643147850168,"C1GalTA",1,"female","up"
"BP","GO:0071897","DNA biosynthetic process","1/70","30/5982",0.0333333333333333,2.84857142857143,1.10441961404332,0.298116021559482,0.744710061638862,0.710643147850168,"DNAlig3",1,"female","up"
"BP","GO:0030534","adult behavior","2/70","94/5982",0.0212765957446809,1.81823708206687,0.870017307519148,0.301422390569694,0.750051064905982,0.715739825832565,"Nmdar1/ort",2,"female","up"
"BP","GO:0010876","lipid localization","2/70","95/5982",0.0210526315789474,1.7990977443609,0.85424687360079,0.305766844384692,0.750725163725751,0.716383087864219,"ImpL2/Apoltp",2,"female","up"
"BP","GO:0042327","positive regulation of phosphorylation","1/70","31/5982",0.032258064516129,2.75668202764977,1.06695901792851,0.306370705445712,0.750725163725751,0.716383087864219,"Tie",1,"female","up"
"BP","GO:0043549","regulation of kinase activity","1/70","31/5982",0.032258064516129,2.75668202764977,1.06695901792851,0.306370705445712,0.750725163725751,0.716383087864219,"Tie",1,"female","up"
"BP","GO:0140029","exocytic process","1/70","31/5982",0.032258064516129,2.75668202764977,1.06695901792851,0.306370705445712,0.750725163725751,0.716383087864219,"unc-13",1,"female","up"
"BP","GO:0006661","phosphatidylinositol biosynthetic process","1/70","32/5982",0.03125,2.67053571428571,1.03095801576466,0.314529678831496,0.761992655886114,0.727135146295652,"CG6790",1,"female","up"
"BP","GO:0009062","fatty acid catabolic process","1/70","32/5982",0.03125,2.67053571428571,1.03095801576466,0.314529678831496,0.761992655886114,0.727135146295652,"CG9577",1,"female","up"
"BP","GO:0015698","inorganic anion transport","1/70","32/5982",0.03125,2.67053571428571,1.03095801576466,0.314529678831496,0.761992655886114,0.727135146295652,"ort",1,"female","up"
"BP","GO:0044057","regulation of system process","1/70","33/5982",0.0303030303030303,2.58961038961039,0.996309764313988,0.322594035551125,0.772860441290158,0.737505782637928,"bero",1,"female","up"
"BP","GO:0098813","nuclear chromosome segregation","2/70","100/5982",0.02,1.70914285714286,0.778108090971991,0.327412122395806,0.772860441290158,0.737505782637928,"grau/Mis12",2,"female","up"
"BP","GO:0098754","detoxification","1/70","34/5982",0.0294117647058824,2.51344537815126,0.962918295810417,0.330564857119695,0.772860441290158,0.737505782637928,"CG11893",1,"female","up"
"BP","GO:0010038","response to metal ion","1/70","35/5982",0.0285714285714286,2.44163265306122,0.930697124234419,0.338443212869799,0.772860441290158,0.737505782637928,"lncRNA:CR44138",1,"female","up"
"BP","GO:0048863","stem cell differentiation","1/70","35/5982",0.0285714285714286,2.44163265306122,0.930697124234419,0.338443212869799,0.772860441290158,0.737505782637928,"C1GalTA",1,"female","up"
"BP","GO:0060491","regulation of cell projection assembly","1/70","35/5982",0.0285714285714286,2.44163265306122,0.930697124234419,0.338443212869799,0.772860441290158,0.737505782637928,"C1GalTA",1,"female","up"
"BP","GO:0120032","regulation of plasma membrane bounded cell projection assembly","1/70","35/5982",0.0285714285714286,2.44163265306122,0.930697124234419,0.338443212869799,0.772860441290158,0.737505782637928,"C1GalTA",1,"female","up"
"BP","GO:0001578","microtubule bundle formation","1/70","36/5982",0.0277777777777778,2.37380952380952,0.899568064595607,0.346230160086734,0.772860441290158,0.737505782637928,"TTLL3B",1,"female","up"
"BP","GO:0003341","cilium movement","1/70","36/5982",0.0277777777777778,2.37380952380952,0.899568064595607,0.346230160086734,0.772860441290158,0.737505782637928,"TTLL3B",1,"female","up"
"BP","GO:0006497","protein lipidation","1/70","36/5982",0.0277777777777778,2.37380952380952,0.899568064595607,0.346230160086734,0.772860441290158,0.737505782637928,"CG6790",1,"female","up"
"BP","GO:0007612","learning","1/70","36/5982",0.0277777777777778,2.37380952380952,0.899568064595607,0.346230160086734,0.772860441290158,0.737505782637928,"Nmdar1",1,"female","up"
"BP","GO:0010562","positive regulation of phosphorus metabolic process","1/70","36/5982",0.0277777777777778,2.37380952380952,0.899568064595607,0.346230160086734,0.772860441290158,0.737505782637928,"Tie",1,"female","up"
"BP","GO:0030239","myofibril assembly","1/70","36/5982",0.0277777777777778,2.37380952380952,0.899568064595607,0.346230160086734,0.772860441290158,0.737505782637928,"Zasp66",1,"female","up"
"BP","GO:0030335","positive regulation of cell migration","1/70","36/5982",0.0277777777777778,2.37380952380952,0.899568064595607,0.346230160086734,0.772860441290158,0.737505782637928,"Tie",1,"female","up"
"BP","GO:0033865","nucleoside bisphosphate metabolic process","1/70","36/5982",0.0277777777777778,2.37380952380952,0.899568064595607,0.346230160086734,0.772860441290158,0.737505782637928,"CG14893",1,"female","up"
"BP","GO:0033875","ribonucleoside bisphosphate metabolic process","1/70","36/5982",0.0277777777777778,2.37380952380952,0.899568064595607,0.346230160086734,0.772860441290158,0.737505782637928,"CG14893",1,"female","up"
"BP","GO:0034032","purine nucleoside bisphosphate metabolic process","1/70","36/5982",0.0277777777777778,2.37380952380952,0.899568064595607,0.346230160086734,0.772860441290158,0.737505782637928,"CG14893",1,"female","up"
"BP","GO:0042158","lipoprotein biosynthetic process","1/70","36/5982",0.0277777777777778,2.37380952380952,0.899568064595607,0.346230160086734,0.772860441290158,0.737505782637928,"CG6790",1,"female","up"
"BP","GO:0045132","meiotic chromosome segregation","1/70","36/5982",0.0277777777777778,2.37380952380952,0.899568064595607,0.346230160086734,0.772860441290158,0.737505782637928,"grau",1,"female","up"
"BP","GO:0045937","positive regulation of phosphate metabolic process","1/70","36/5982",0.0277777777777778,2.37380952380952,0.899568064595607,0.346230160086734,0.772860441290158,0.737505782637928,"Tie",1,"female","up"
"BP","GO:0055002","striated muscle cell development","1/70","36/5982",0.0277777777777778,2.37380952380952,0.899568064595607,0.346230160086734,0.772860441290158,0.737505782637928,"Zasp66",1,"female","up"
"BP","GO:0003008","system process","5/70","332/5982",0.0150602409638554,1.28700516351119,0.585468099614156,0.347797954975962,0.772860441290158,0.737505782637928,"Nmdar1/t/Mdr65/ort/bero",5,"female","up"
"BP","GO:0051656","establishment of organelle localization","2/70","105/5982",0.019047619047619,1.62775510204082,0.706115530834671,0.348887794164851,0.772860441290158,0.737505782637928,"unc-13/Mis12",2,"female","up"
"BP","GO:0070925","organelle assembly","4/70","255/5982",0.0156862745098039,1.34050420168067,0.604641124791758,0.348976195807007,0.772860441290158,0.737505782637928,"knon/Ttc26/TTLL3B/Zasp66",4,"female","up"
"BP","GO:0019915","lipid storage","1/70","37/5982",0.027027027027027,2.30965250965251,0.869460227717751,0.353926744142222,0.772860441290158,0.737505782637928,"ImpL2",1,"female","up"
"BP","GO:0050832","defense response to fungus","1/70","37/5982",0.027027027027027,2.30965250965251,0.869460227717751,0.353926744142222,0.772860441290158,0.737505782637928,"Drsl5",1,"female","up"
"BP","GO:0051338","regulation of transferase activity","1/70","37/5982",0.027027027027027,2.30965250965251,0.869460227717751,0.353926744142222,0.772860441290158,0.737505782637928,"Tie",1,"female","up"
"BP","GO:1902600","proton transmembrane transport","1/70","37/5982",0.027027027027027,2.30965250965251,0.869460227717751,0.353926744142222,0.772860441290158,0.737505782637928,"ATPsynG",1,"female","up"
"BP","GO:2000243","positive regulation of reproductive process","1/70","37/5982",0.027027027027027,2.30965250965251,0.869460227717751,0.353926744142222,0.772860441290158,0.737505782637928,"Tie",1,"female","up"
"BP","GO:0006820","monoatomic anion transport","1/70","38/5982",0.0263157894736842,2.24887218045113,0.840309160448281,0.36153399862667,0.778875258786316,0.743245451079908,"ort",1,"female","up"
"BP","GO:0007291","sperm individualization","1/70","38/5982",0.0263157894736842,2.24887218045113,0.840309160448281,0.36153399862667,0.778875258786316,0.743245451079908,"TTLL3B",1,"female","up"
"BP","GO:0048149","behavioral response to ethanol","1/70","38/5982",0.0263157894736842,2.24887218045113,0.840309160448281,0.36153399862667,0.778875258786316,0.743245451079908,"Nmdar1",1,"female","up"
"BP","GO:2000147","positive regulation of cell motility","1/70","38/5982",0.0263157894736842,2.24887218045113,0.840309160448281,0.36153399862667,0.778875258786316,0.743245451079908,"Tie",1,"female","up"
"BP","GO:0042221","response to chemical","7/70","500/5982",0.014,1.1964,0.499143797176663,0.368358654726108,0.784263191602837,0.748386911809888,"Nmdar1/CG11893/ImpL2/Mdr65/lncRNA:CR44138/ort/Cyp6a8",7,"female","up"
"BP","GO:0000075","cell cycle checkpoint signaling","1/70","39/5982",0.0256410256410256,2.19120879120879,0.812056107016285,0.36905294547999,0.784263191602837,0.748386911809888,"timeout",1,"female","up"
"BP","GO:0006413","translational initiation","1/70","39/5982",0.0256410256410256,2.19120879120879,0.812056107016285,0.36905294547999,0.784263191602837,0.748386911809888,"eIF4E3",1,"female","up"
"BP","GO:0019318","hexose metabolic process","1/70","39/5982",0.0256410256410256,2.19120879120879,0.812056107016285,0.36905294547999,0.784263191602837,0.748386911809888,"Galk",1,"female","up"
"BP","GO:0006281","DNA repair","2/70","110/5982",0.0181818181818182,1.55376623376623,0.637820536465072,0.370142908186386,0.784263191602837,0.748386911809888,"timeout/DNAlig3",2,"female","up"
"BP","GO:0007127","meiosis I","1/70","40/5982",0.025,2.13642857142857,0.784647371827446,0.376484595120979,0.789879444665584,0.753746248229825,"grau",1,"female","up"
"BP","GO:0042157","lipoprotein metabolic process","1/70","40/5982",0.025,2.13642857142857,0.784647371827446,0.376484595120979,0.789879444665584,0.753746248229825,"CG6790",1,"female","up"
"BP","GO:0050954","sensory perception of mechanical stimulus","1/70","40/5982",0.025,2.13642857142857,0.784647371827446,0.376484595120979,0.789879444665584,0.753746248229825,"Nmdar1",1,"female","up"
"BP","GO:0008202","steroid metabolic process","1/70","41/5982",0.024390243902439,2.08432055749129,0.758033767599157,0.383829946575293,0.792343491001087,0.75609757626272,"CG9521",1,"female","up"
"BP","GO:0040017","positive regulation of locomotion","1/70","41/5982",0.024390243902439,2.08432055749129,0.758033767599157,0.383829946575293,0.792343491001087,0.75609757626272,"Tie",1,"female","up"
"BP","GO:0042048","olfactory behavior","1/70","41/5982",0.024390243902439,2.08432055749129,0.758033767599157,0.383829946575293,0.792343491001087,0.75609757626272,"Nmdar1",1,"female","up"
"BP","GO:0051650","establishment of vesicle localization","1/70","41/5982",0.024390243902439,2.08432055749129,0.758033767599157,0.383829946575293,0.792343491001087,0.75609757626272,"unc-13",1,"female","up"
"BP","GO:1901617","organic hydroxy compound biosynthetic process","1/70","41/5982",0.024390243902439,2.08432055749129,0.758033767599157,0.383829946575293,0.792343491001087,0.75609757626272,"t",1,"female","up"
"BP","GO:0050877","nervous system process","4/70","270/5982",0.0148148148148148,1.26603174603175,0.486732063162052,0.38939422706183,0.799704494679863,0.763121849325595,"Nmdar1/t/ort/bero",4,"female","up"
"BP","GO:0097190","apoptotic signaling pathway","1/70","42/5982",0.0238095238095238,2.03469387755102,0.732170135619929,0.391089987602011,0.799704494679863,0.763121849325595,"Tie",1,"female","up"
"BP","GO:0007528","neuromuscular junction development","2/70","115/5982",0.0173913043478261,1.48621118012422,0.572841568934539,0.391132727927534,0.799704494679863,0.763121849325595,"unc-13/C1GalTA",2,"female","up"
"BP","GO:0016079","synaptic vesicle exocytosis","1/70","43/5982",0.0232558139534884,1.98737541528239,0.707014927226803,0.398265694818822,0.809134734410391,0.772120700814638,"unc-13",1,"female","up"
"BP","GO:0051648","vesicle localization","1/70","43/5982",0.0232558139534884,1.98737541528239,0.707014927226803,0.398265694818822,0.809134734410391,0.772120700814638,"unc-13",1,"female","up"
"BP","GO:0018193","peptidyl-amino acid modification","2/70","118/5982",0.0169491525423729,1.44842615012107,0.53530791153358,0.403582812571938,0.817350680350739,0.779960806630809,"Tie/TTLL3B",2,"female","up"
"BP","GO:0045055","regulated exocytosis","1/70","44/5982",0.0227272727272727,1.94220779220779,0.682529837456752,0.405358033825841,0.818364332440848,0.780928088999137,"unc-13",1,"female","up"
"BP","GO:0009620","response to fungus","1/70","46/5982",0.0217391304347826,1.85776397515528,0.635431120513664,0.419296415256483,0.831564325221966,0.793524245415944,"Drsl5",1,"female","up"
"BP","GO:0042445","hormone metabolic process","1/70","46/5982",0.0217391304347826,1.85776397515528,0.635431120513664,0.419296415256483,0.831564325221966,0.793524245415944,"CG9521",1,"female","up"
"BP","GO:0046474","glycerophospholipid biosynthetic process","1/70","46/5982",0.0217391304347826,1.85776397515528,0.635431120513664,0.419296415256483,0.831564325221966,0.793524245415944,"CG6790",1,"female","up"
"BP","GO:0046488","phosphatidylinositol metabolic process","1/70","46/5982",0.0217391304347826,1.85776397515528,0.635431120513664,0.419296415256483,0.831564325221966,0.793524245415944,"CG6790",1,"female","up"
"BP","GO:0005996","monosaccharide metabolic process","1/70","47/5982",0.0212765957446809,1.81823708206687,0.612754392909468,0.426144334887892,0.831564325221966,0.793524245415944,"Galk",1,"female","up"
"BP","GO:0010623","programmed cell death involved in cell development","1/70","47/5982",0.0212765957446809,1.81823708206687,0.612754392909468,0.426144334887892,0.831564325221966,0.793524245415944,"rst",1,"female","up"
"BP","GO:0030097","hemopoiesis","1/70","47/5982",0.0212765957446809,1.81823708206687,0.612754392909468,0.426144334887892,0.831564325221966,0.793524245415944,"C1GalTA",1,"female","up"
"BP","GO:0031123","RNA 3'-end processing","1/70","47/5982",0.0212765957446809,1.81823708206687,0.612754392909468,0.426144334887892,0.831564325221966,0.793524245415944,"IntS12",1,"female","up"
"BP","GO:0034250","positive regulation of amide metabolic process","1/70","47/5982",0.0212765957446809,1.81823708206687,0.612754392909468,0.426144334887892,0.831564325221966,0.793524245415944,"eIF4E3",1,"female","up"
"BP","GO:0042180","cellular ketone metabolic process","1/70","47/5982",0.0212765957446809,1.81823708206687,0.612754392909468,0.426144334887892,0.831564325221966,0.793524245415944,"CG9521",1,"female","up"
"BP","GO:0045471","response to ethanol","1/70","47/5982",0.0212765957446809,1.81823708206687,0.612754392909468,0.426144334887892,0.831564325221966,0.793524245415944,"Nmdar1",1,"female","up"
"BP","GO:0022416","chaeta development","1/70","48/5982",0.0208333333333333,1.78035714285714,0.590621110961,0.432912640963351,0.837138299694191,0.798843237288112,"rst",1,"female","up"
"BP","GO:0030258","lipid modification","1/70","48/5982",0.0208333333333333,1.78035714285714,0.590621110961,0.432912640963351,0.837138299694191,0.798843237288112,"CG9577",1,"female","up"
"BP","GO:0048066","developmental pigmentation","1/70","48/5982",0.0208333333333333,1.78035714285714,0.590621110961,0.432912640963351,0.837138299694191,0.798843237288112,"t",1,"female","up"
"BP","GO:0007059","chromosome segregation","2/70","126/5982",0.0158730158730159,1.35646258503401,0.440014916475562,0.436191723948407,0.837461845124778,0.79915198206693,"grau/Mis12",2,"female","up"
"BP","GO:0007616","long-term memory","1/70","49/5982",0.0204081632653061,1.74402332361516,0.569005054631208,0.439602245805374,0.837461845124778,0.79915198206693,"Nmdar1",1,"female","up"
"BP","GO:0008286","insulin receptor signaling pathway","1/70","49/5982",0.0204081632653061,1.74402332361516,0.569005054631208,0.439602245805374,0.837461845124778,0.79915198206693,"ImpL2",1,"female","up"
"BP","GO:0010970","transport along microtubule","1/70","49/5982",0.0204081632653061,1.74402332361516,0.569005054631208,0.439602245805374,0.837461845124778,0.79915198206693,"Ttc26",1,"female","up"
"BP","GO:0071478","cellular response to radiation","1/70","49/5982",0.0204081632653061,1.74402332361516,0.569005054631208,0.439602245805374,0.837461845124778,0.79915198206693,"Tie",1,"female","up"
"BP","GO:0030431","sleep","1/70","50/5982",0.02,1.70914285714286,0.547881797992068,0.446214051433829,0.846321627972028,0.807606472339269,"bero",1,"female","up"
"BP","GO:0099111","microtubule-based transport","1/70","51/5982",0.0196078431372549,1.67563025210084,0.527228552629817,0.452748949680564,0.846321627972028,0.807606472339269,"Ttc26",1,"female","up"
"BP","GO:0009314","response to radiation","2/70","131/5982",0.0152671755725191,1.30468920392585,0.383659868320137,0.456095151728788,0.846321627972028,0.807606472339269,"Nmdar1/Tie",2,"female","up"
"BP","GO:0016319","mushroom body development","1/70","52/5982",0.0192307692307692,1.64340659340659,0.507024027525251,0.45920782230278,0.846321627972028,0.807606472339269,"Hr3",1,"female","up"
"BP","GO:1901988","negative regulation of cell cycle phase transition","1/70","52/5982",0.0192307692307692,1.64340659340659,0.507024027525251,0.45920782230278,0.846321627972028,0.807606472339269,"timeout",1,"female","up"
"BP","GO:0007267","cell-cell signaling","4/70","297/5982",0.0134680134680135,1.15093795093795,0.290322134748289,0.461223311754185,0.846321627972028,0.807606472339269,"Nmdar1/unc-13/ort/bero",4,"female","up"
"BP","GO:0000209","protein polyubiquitination","1/70","53/5982",0.0188679245283019,1.61239892183288,0.487248303393262,0.465591541095158,0.846321627972028,0.807606472339269,"CG13442",1,"female","up"
"BP","GO:0007517","muscle organ development","1/70","53/5982",0.0188679245283019,1.61239892183288,0.487248303393262,0.465591541095158,0.846321627972028,0.807606472339269,"rst",1,"female","up"
"BP","GO:0045596","negative regulation of cell differentiation","1/70","53/5982",0.0188679245283019,1.61239892183288,0.487248303393262,0.465591541095158,0.846321627972028,0.807606472339269,"C1GalTA",1,"female","up"
"BP","GO:0071214","cellular response to abiotic stimulus","1/70","53/5982",0.0188679245283019,1.61239892183288,0.487248303393262,0.465591541095158,0.846321627972028,0.807606472339269,"Tie",1,"female","up"
"BP","GO:0104004","cellular response to environmental stimulus","1/70","53/5982",0.0188679245283019,1.61239892183288,0.487248303393262,0.465591541095158,0.846321627972028,0.807606472339269,"Tie",1,"female","up"
"BP","GO:1901700","response to oxygen-containing compound","3/70","216/5982",0.0138888888888889,1.18690476190476,0.304423820074081,0.466465607789781,0.846321627972028,0.807606472339269,"Nmdar1/ImpL2/ort",3,"female","up"
"BP","GO:0042335","cuticle development","2/70","135/5982",0.0148148148148148,1.26603174603175,0.340175091824109,0.471733403752345,0.846321627972028,0.807606472339269,"t/Ccp84Ad",2,"female","up"
"BP","GO:0006310","DNA recombination","1/70","54/5982",0.0185185185185185,1.58253968253968,0.467882719745562,0.471900968000765,0.846321627972028,0.807606472339269,"DNAlig3",1,"female","up"
"BP","GO:0007635","chemosensory behavior","1/70","54/5982",0.0185185185185185,1.58253968253968,0.467882719745562,0.471900968000765,0.846321627972028,0.807606472339269,"Nmdar1",1,"female","up"
"BP","GO:0030705","cytoskeleton-dependent intracellular transport","1/70","54/5982",0.0185185185185185,1.58253968253968,0.467882719745562,0.471900968000765,0.846321627972028,0.807606472339269,"Ttc26",1,"female","up"
"BP","GO:0032869","cellular response to insulin stimulus","1/70","54/5982",0.0185185185185185,1.58253968253968,0.467882719745562,0.471900968000765,0.846321627972028,0.807606472339269,"ImpL2",1,"female","up"
"BP","GO:0042325","regulation of phosphorylation","1/70","54/5982",0.0185185185185185,1.58253968253968,0.467882719745562,0.471900968000765,0.846321627972028,0.807606472339269,"Tie",1,"female","up"
"BP","GO:0043473","pigmentation","1/70","54/5982",0.0185185185185185,1.58253968253968,0.467882719745562,0.471900968000765,0.846321627972028,0.807606472339269,"t",1,"female","up"
"BP","GO:0010817","regulation of hormone levels","1/70","55/5982",0.0181818181818182,1.55376623376623,0.448909773177153,0.478136955220729,0.846321627972028,0.807606472339269,"CG9521",1,"female","up"
"BP","GO:0042063","gliogenesis","1/70","55/5982",0.0181818181818182,1.55376623376623,0.448909773177153,0.478136955220729,0.846321627972028,0.807606472339269,"Mdr65",1,"female","up"
"BP","GO:0045017","glycerolipid biosynthetic process","1/70","55/5982",0.0181818181818182,1.55376623376623,0.448909773177153,0.478136955220729,0.846321627972028,0.807606472339269,"CG6790",1,"female","up"
"BP","GO:0071375","cellular response to peptide hormone stimulus","1/70","55/5982",0.0181818181818182,1.55376623376623,0.448909773177153,0.478136955220729,0.846321627972028,0.807606472339269,"ImpL2",1,"female","up"
"BP","GO:1901653","cellular response to peptide","1/70","55/5982",0.0181818181818182,1.55376623376623,0.448909773177153,0.478136955220729,0.846321627972028,0.807606472339269,"ImpL2",1,"female","up"
"BP","GO:0007155","cell adhesion","2/70","137/5982",0.0145985401459854,1.24754953076121,0.318932547463409,0.479454003337252,0.846321627972028,0.807606472339269,"rst/ImpL2",2,"female","up"
"BP","GO:0051640","organelle localization","2/70","137/5982",0.0145985401459854,1.24754953076121,0.318932547463409,0.479454003337252,0.846321627972028,0.807606472339269,"unc-13/Mis12",2,"female","up"
"BP","GO:0030334","regulation of cell migration","1/70","56/5982",0.0178571428571429,1.52602040816327,0.430313025577691,0.484300345322728,0.846321627972028,0.807606472339269,"Tie",1,"female","up"
"BP","GO:0050657","nucleic acid transport","1/70","56/5982",0.0178571428571429,1.52602040816327,0.430313025577691,0.484300345322728,0.846321627972028,0.807606472339269,"CG8671",1,"female","up"
"BP","GO:0050658","RNA transport","1/70","56/5982",0.0178571428571429,1.52602040816327,0.430313025577691,0.484300345322728,0.846321627972028,0.807606472339269,"CG8671",1,"female","up"
"BP","GO:0001752","compound eye photoreceptor fate commitment","1/70","57/5982",0.0175438596491228,1.49924812030075,0.412077021139661,0.490391971348278,0.846321627972028,0.807606472339269,"Hr3",1,"female","up"
"BP","GO:0006066","alcohol metabolic process","1/70","57/5982",0.0175438596491228,1.49924812030075,0.412077021139661,0.490391971348278,0.846321627972028,0.807606472339269,"CG32026",1,"female","up"
"BP","GO:0006302","double-strand break repair","1/70","57/5982",0.0175438596491228,1.49924812030075,0.412077021139661,0.490391971348278,0.846321627972028,0.807606472339269,"DNAlig3",1,"female","up"
"BP","GO:0008654","phospholipid biosynthetic process","1/70","57/5982",0.0175438596491228,1.49924812030075,0.412077021139661,0.490391971348278,0.846321627972028,0.807606472339269,"CG6790",1,"female","up"
"BP","GO:0032868","response to insulin","1/70","57/5982",0.0175438596491228,1.49924812030075,0.412077021139661,0.490391971348278,0.846321627972028,0.807606472339269,"ImpL2",1,"female","up"
"BP","GO:0042706","eye photoreceptor cell fate commitment","1/70","57/5982",0.0175438596491228,1.49924812030075,0.412077021139661,0.490391971348278,0.846321627972028,0.807606472339269,"Hr3",1,"female","up"
"BP","GO:0043434","response to peptide hormone","1/70","58/5982",0.0172413793103448,1.47339901477833,0.394187211180908,0.496412656918847,0.847598206760371,0.808824653770349,"ImpL2",1,"female","up"
"BP","GO:0051236","establishment of RNA localization","1/70","58/5982",0.0172413793103448,1.47339901477833,0.394187211180908,0.496412656918847,0.847598206760371,0.808824653770349,"CG8671",1,"female","up"
"BP","GO:1901652","response to peptide","1/70","58/5982",0.0172413793103448,1.47339901477833,0.394187211180908,0.496412656918847,0.847598206760371,0.808824653770349,"ImpL2",1,"female","up"
"BP","GO:2000145","regulation of cell motility","1/70","58/5982",0.0172413793103448,1.47339901477833,0.394187211180908,0.496412656918847,0.847598206760371,0.808824653770349,"Tie",1,"female","up"
"BP","GO:0010948","negative regulation of cell cycle process","1/70","59/5982",0.0169491525423729,1.44842615012107,0.376629885923804,0.502363216340805,0.851448116991111,0.812498449071695,"timeout",1,"female","up"
"BP","GO:0042752","regulation of circadian rhythm","1/70","59/5982",0.0169491525423729,1.44842615012107,0.376629885923804,0.502363216340805,0.851448116991111,0.812498449071695,"timeout",1,"female","up"
"BP","GO:0006811","monoatomic ion transport","3/70","228/5982",0.0131578947368421,1.12443609022556,0.208447917367915,0.50264616252279,0.851448116991111,0.812498449071695,"Nmdar1/ort/ATPsynG",3,"female","up"
"BP","GO:0046552","photoreceptor cell fate commitment","1/70","60/5982",0.0166666666666667,1.42428571428571,0.359392112480379,0.508244454709224,0.858665631377162,0.819385796788831,"Hr3",1,"female","up"
"BP","GO:0048646","anatomical structure formation involved in morphogenesis","4/70","316/5982",0.0126582278481013,1.08173598553345,0.16243786332882,0.510150575512086,0.85943932776761,0.820124100279962,"rst/grau/TTLL3B/Zasp66",4,"female","up"
"BP","GO:0007169","transmembrane receptor protein tyrosine kinase signaling pathway","2/70","146/5982",0.0136986301369863,1.1706457925636,0.227134486583134,0.513349366139443,0.85943932776761,0.820124100279962,"ImpL2/Tie",2,"female","up"
"BP","GO:0010035","response to inorganic substance","1/70","61/5982",0.0163934426229508,1.40093676814988,0.342461678384832,0.514057168010533,0.85943932776761,0.820124100279962,"lncRNA:CR44138",1,"female","up"
"BP","GO:0019748","secondary metabolic process","1/70","61/5982",0.0163934426229508,1.40093676814988,0.342461678384832,0.514057168010533,0.85943932776761,0.820124100279962,"Cyp6a8",1,"female","up"
"BP","GO:0000070","mitotic sister chromatid segregation","1/70","62/5982",0.0161290322580645,1.37834101382488,0.325827040094373,0.519802143224054,0.862307431394943,0.822861001921392,"Mis12",1,"female","up"
"BP","GO:0006869","lipid transport","1/70","62/5982",0.0161290322580645,1.37834101382488,0.325827040094373,0.519802143224054,0.862307431394943,0.822861001921392,"Apoltp",1,"female","up"
"BP","GO:0044242","cellular lipid catabolic process","1/70","62/5982",0.0161290322580645,1.37834101382488,0.325827040094373,0.519802143224054,0.862307431394943,0.822861001921392,"CG9577",1,"female","up"
"BP","GO:0045786","negative regulation of cell cycle","1/70","63/5982",0.0158730158730159,1.35646258503401,0.309477275948135,0.525480158422419,0.865383383256609,0.825796243737246,"timeout",1,"female","up"
"BP","GO:0051235","maintenance of location","1/70","63/5982",0.0158730158730159,1.35646258503401,0.309477275948135,0.525480158422419,0.865383383256609,0.825796243737246,"ImpL2",1,"female","up"
"BP","GO:0006974","DNA damage response","2/70","150/5982",0.0133333333333333,1.13942857142857,0.188173021326569,0.52795401417992,0.865383383256609,0.825796243737246,"timeout/DNAlig3",2,"female","up"
"BP","GO:0070887","cellular response to chemical stimulus","3/70","237/5982",0.0126582278481013,1.08173598553345,0.139704748720381,0.52897922458294,0.865383383256609,0.825796243737246,"CG11893/ImpL2/Cyp6a8",3,"female","up"
"BP","GO:0015849","organic acid transport","1/70","64/5982",0.015625,1.33526785714286,0.293402043133516,0.531091982870878,0.865383383256609,0.825796243737246,"CG7309",1,"female","up"
"BP","GO:0031032","actomyosin structure organization","1/70","64/5982",0.015625,1.33526785714286,0.293402043133516,0.531091982870878,0.865383383256609,0.825796243737246,"Zasp66",1,"female","up"
"BP","GO:0046942","carboxylic acid transport","1/70","64/5982",0.015625,1.33526785714286,0.293402043133516,0.531091982870878,0.865383383256609,0.825796243737246,"CG7309",1,"female","up"
"BP","GO:0006887","exocytosis","1/70","65/5982",0.0153846153846154,1.31472527472527,0.277591538261223,0.536638377125532,0.870004641703513,0.830206101773151,"unc-13",1,"female","up"
"BP","GO:0007498","mesoderm development","1/70","65/5982",0.0153846153846154,1.31472527472527,0.277591538261223,0.536638377125532,0.870004641703513,0.830206101773151,"Zasp66",1,"female","up"
"BP","GO:0015931","nucleobase-containing compound transport","1/70","66/5982",0.0151515151515152,1.29480519480519,0.26203646119543,0.542120093130469,0.874475125099902,0.834472081994004,"CG8671",1,"female","up"
"BP","GO:2000241","regulation of reproductive process","1/70","66/5982",0.0151515151515152,1.29480519480519,0.26203646119543,0.542120093130469,0.874475125099902,0.834472081994004,"Tie",1,"female","up"
"BP","GO:0043085","positive regulation of catalytic activity","1/70","67/5982",0.0149253731343284,1.27547974413646,0.246727981824964,0.547537874313847,0.877478542057799,0.837338107030069,"Tie",1,"female","up"
"BP","GO:0048663","neuron fate commitment","1/70","67/5982",0.0149253731343284,1.27547974413646,0.246727981824964,0.547537874313847,0.877478542057799,0.837338107030069,"Hr3",1,"female","up"
"BP","GO:0071310","cellular response to organic substance","2/70","157/5982",0.0127388535031847,1.08862602365787,0.122442400195247,0.55280830845183,0.877478542057799,0.837338107030069,"CG11893/ImpL2",2,"female","up"
"BP","GO:0043066","negative regulation of apoptotic process","1/70","68/5982",0.0147058823529412,1.25672268907563,0.23165770949596,0.552892455682914,0.877478542057799,0.837338107030069,"Tie",1,"female","up"
"BP","GO:0061982","meiosis I cell cycle process","1/70","68/5982",0.0147058823529412,1.25672268907563,0.23165770949596,0.552892455682914,0.877478542057799,0.837338107030069,"grau",1,"female","up"
"BP","GO:0007269","neurotransmitter secretion","1/70","69/5982",0.0144927536231884,1.23850931677019,0.2168176648567,0.558184563917983,0.877478542057799,0.837338107030069,"unc-13",1,"female","up"
"BP","GO:0008038","neuron recognition","1/70","69/5982",0.0144927536231884,1.23850931677019,0.2168176648567,0.558184563917983,0.877478542057799,0.837338107030069,"ImpL2",1,"female","up"
"BP","GO:0099643","signal release from synapse","1/70","69/5982",0.0144927536231884,1.23850931677019,0.2168176648567,0.558184563917983,0.877478542057799,0.837338107030069,"unc-13",1,"female","up"
"BP","GO:0019220","regulation of phosphate metabolic process","1/70","70/5982",0.0142857142857143,1.22081632653061,0.202200253891998,0.563414917465377,0.877478542057799,0.837338107030069,"Tie",1,"female","up"
"BP","GO:0051174","regulation of phosphorus metabolic process","1/70","70/5982",0.0142857142857143,1.22081632653061,0.202200253891998,0.563414917465377,0.877478542057799,0.837338107030069,"Tie",1,"female","up"
"BP","GO:0006325","chromatin organization","2/70","161/5982",0.0124223602484472,1.06157941437445,0.0861823637220182,0.566601620611495,0.877478542057799,0.837338107030069,"CG13367/vrs",2,"female","up"
"BP","GO:0034220","monoatomic ion transmembrane transport","2/70","161/5982",0.0124223602484472,1.06157941437445,0.0861823637220182,0.566601620611495,0.877478542057799,0.837338107030069,"ort/ATPsynG",2,"female","up"
"BP","GO:0000819","sister chromatid segregation","1/70","71/5982",0.0140845070422535,1.20362173038229,0.1877982439479,0.568584226629352,0.877478542057799,0.837338107030069,"Mis12",1,"female","up"
"BP","GO:0006486","protein glycosylation","1/70","71/5982",0.0140845070422535,1.20362173038229,0.1877982439479,0.568584226629352,0.877478542057799,0.837338107030069,"C1GalTA",1,"female","up"
"BP","GO:0006650","glycerophospholipid metabolic process","1/70","71/5982",0.0140845070422535,1.20362173038229,0.1877982439479,0.568584226629352,0.877478542057799,0.837338107030069,"CG6790",1,"female","up"
"BP","GO:0007613","memory","1/70","71/5982",0.0140845070422535,1.20362173038229,0.1877982439479,0.568584226629352,0.877478542057799,0.837338107030069,"Nmdar1",1,"female","up"
"BP","GO:0043413","macromolecule glycosylation","1/70","71/5982",0.0140845070422535,1.20362173038229,0.1877982439479,0.568584226629352,0.877478542057799,0.837338107030069,"C1GalTA",1,"female","up"
"BP","GO:0097305","response to alcohol","1/70","71/5982",0.0140845070422535,1.20362173038229,0.1877982439479,0.568584226629352,0.877478542057799,0.837338107030069,"Nmdar1",1,"female","up"
"BP","GO:0098660","inorganic ion transmembrane transport","2/70","162/5982",0.0123456790123457,1.05502645502645,0.0772567187075361,0.570002976728766,0.877558539711913,0.837414445175166,"ort/ATPsynG",2,"female","up"
"BP","GO:0040012","regulation of locomotion","1/70","73/5982",0.0136986301369863,1.1706457925636,0.159613171982308,0.578742512858202,0.886760604427126,0.846195559561546,"Tie",1,"female","up"
"BP","GO:0098771","inorganic ion homeostasis","1/70","73/5982",0.0136986301369863,1.1706457925636,0.159613171982308,0.578742512858202,0.886760604427126,0.846195559561546,"Nmdar1",1,"female","up"
"BP","GO:0008037","cell recognition","1/70","74/5982",0.0135135135135135,1.15482625482625,0.14581726010093,0.583732870634463,0.891268317071646,0.850497065970976,"ImpL2",1,"female","up"
"BP","GO:0000280","nuclear division","2/70","167/5982",0.0119760479041916,1.02343883661249,0.0334262868832955,0.586726277190115,0.891268317071646,0.850497065970976,"grau/Mis12",2,"female","up"
"BP","GO:0016050","vesicle organization","1/70","75/5982",0.0133333333333333,1.13942857142857,0.132211012888917,0.588664945626946,0.891268317071646,0.850497065970976,"unc-13",1,"female","up"
"BP","GO:0043069","negative regulation of programmed cell death","1/70","75/5982",0.0133333333333333,1.13942857142857,0.132211012888917,0.588664945626946,0.891268317071646,0.850497065970976,"Tie",1,"female","up"
"BP","GO:0044093","positive regulation of molecular function","1/70","75/5982",0.0133333333333333,1.13942857142857,0.132211012888917,0.588664945626946,0.891268317071646,0.850497065970976,"Tie",1,"female","up"
"BP","GO:0071495","cellular response to endogenous stimulus","2/70","168/5982",0.0119047619047619,1.01734693877551,0.0248146801295025,0.590014072827803,0.891268317071646,0.850497065970976,"CG11893/ImpL2",2,"female","up"
"BP","GO:0032870","cellular response to hormone stimulus","1/70","76/5982",0.0131578947368421,1.12443609022556,0.1187887029992,0.593539408773401,0.892325896683604,0.851506266387699,"ImpL2",1,"female","up"
"BP","GO:0070085","glycosylation","1/70","76/5982",0.0131578947368421,1.12443609022556,0.1187887029992,0.593539408773401,0.892325896683604,0.851506266387699,"C1GalTA",1,"female","up"
"BP","GO:0099504","synaptic vesicle cycle","1/70","77/5982",0.012987012987013,1.10983302411874,0.105544853561598,0.598356923400198,0.892325896683604,0.851506266387699,"unc-13",1,"female","up"
"BP","GO:1901987","regulation of cell cycle phase transition","1/70","77/5982",0.012987012987013,1.10983302411874,0.105544853561598,0.598356923400198,0.892325896683604,0.851506266387699,"timeout",1,"female","up"
"BP","GO:0008610","lipid biosynthetic process","2/70","171/5982",0.0116959064327485,0.999498746867168,-0.000723599779711456,0.599763434891532,0.892325896683604,0.851506266387699,"C1GalTA/CG6790",2,"female","up"
"BP","GO:0009719","response to endogenous stimulus","2/70","172/5982",0.0116279069767442,0.993687707641196,-0.00913970063934107,0.602975183353938,0.892325896683604,0.851506266387699,"CG11893/ImpL2",2,"female","up"
"BP","GO:0007420","brain development","1/70","78/5982",0.0128205128205128,1.0956043956044,0.0924742240311867,0.603118145307393,0.892325896683604,0.851506266387699,"Hr3",1,"female","up"
"BP","GO:0099003","vesicle-mediated transport in synapse","1/70","78/5982",0.0128205128205128,1.0956043956044,0.0924742240311867,0.603118145307393,0.892325896683604,0.851506266387699,"unc-13",1,"female","up"
"BP","GO:0007017","microtubule-based process","3/70","264/5982",0.0113636363636364,0.971103896103896,-0.0522501915105364,0.603223425483932,0.892325896683604,0.851506266387699,"Ttc26/Mis12/TTLL3B",3,"female","up"
"BP","GO:0048285","organelle fission","2/70","174/5982",0.0114942528735632,0.982266009852217,-0.0258307188042077,0.609341595730575,0.893655678856397,0.852775217403547,"grau/Mis12",2,"female","up"
"BP","GO:0007298","border follicle cell migration","1/70","80/5982",0.0125,1.06821428571429,0.0668327659612022,0.612474297035537,0.893655678856397,0.852775217403547,"Tie",1,"female","up"
"BP","GO:0009266","response to temperature stimulus","1/70","80/5982",0.0125,1.06821428571429,0.0668327659612022,0.612474297035537,0.893655678856397,0.852775217403547,"ort",1,"female","up"
"BP","GO:0009725","response to hormone","1/70","80/5982",0.0125,1.06821428571429,0.0668327659612022,0.612474297035537,0.893655678856397,0.852775217403547,"ImpL2",1,"female","up"
"BP","GO:0015711","organic anion transport","1/70","80/5982",0.0125,1.06821428571429,0.0668327659612022,0.612474297035537,0.893655678856397,0.852775217403547,"CG7309",1,"female","up"
"BP","GO:0051050","positive regulation of transport","1/70","80/5982",0.0125,1.06821428571429,0.0668327659612022,0.612474297035537,0.893655678856397,0.852775217403547,"Apoltp",1,"female","up"
"BP","GO:0045944","positive regulation of transcription by RNA polymerase II","2/70","176/5982",0.0113636363636364,0.971103896103896,-0.0423375591905122,0.615631901471164,0.896226033434212,0.855227990586509,"grau/Hr3",2,"female","up"
"BP","GO:0009101","glycoprotein biosynthetic process","1/70","82/5982",0.0121951219512195,1.04216027874564,0.0418266519474053,0.621612963006142,0.900847680022445,0.859638219008137,"C1GalTA",1,"female","up"
"BP","GO:0023061","signal release","1/70","82/5982",0.0121951219512195,1.04216027874564,0.0418266519474053,0.621612963006142,0.900847680022445,0.859638219008137,"unc-13",1,"female","up"
"BP","GO:0050801","monoatomic ion homeostasis","1/70","83/5982",0.0120481927710843,1.02960413080895,0.0295509108108511,0.626102300733187,0.903275678810576,0.861955148496074,"Nmdar1",1,"female","up"
"BP","GO:0055080","monoatomic cation homeostasis","1/70","83/5982",0.0120481927710843,1.02960413080895,0.0295509108108511,0.626102300733187,0.903275678810576,0.861955148496074,"Nmdar1",1,"female","up"
"BP","GO:0016042","lipid catabolic process","1/70","84/5982",0.0119047619047619,1.01734693877551,0.0174212299462214,0.630539127135743,0.905606531590933,0.864179375940192,"CG9577",1,"female","up"
"BP","GO:0140014","mitotic nuclear division","1/70","84/5982",0.0119047619047619,1.01734693877551,0.0174212299462214,0.630539127135743,0.905606531590933,0.864179375940192,"Mis12",1,"female","up"
"BP","GO:0016310","phosphorylation","2/70","182/5982",0.010989010989011,0.939089481946625,-0.0907993415149797,0.634046797061762,0.90658807063174,0.865116014277214,"Tie/Galk",2,"female","up"
"BP","GO:0071824","protein-DNA complex organization","2/70","182/5982",0.010989010989011,0.939089481946625,-0.0907993415149797,0.634046797061762,0.90658807063174,0.865116014277214,"CG13367/vrs",2,"female","up"
"BP","GO:0045934","negative regulation of nucleobase-containing compound metabolic process","2/70","183/5982",0.0109289617486339,0.933957845433255,-0.0987276801476773,0.637049591960895,0.90885741786421,0.867281549757289,"timeout/Hr3",2,"female","up"
"BP","GO:0009628","response to abiotic stimulus","3/70","278/5982",0.0107913669064748,0.922199383350462,-0.144538780870354,0.63865314329818,0.909124873608496,0.867536770683956,"Nmdar1/ort/Tie",3,"female","up"
"BP","GO:0006417","regulation of translation","1/70","87/5982",0.0114942528735632,0.982266009852217,-0.0181297949818642,0.643540558285338,0.910028718984994,0.868399269469202,"eIF4E3",1,"female","up"
"BP","GO:0007297","follicle cell of egg chamber migration","1/70","87/5982",0.0114942528735632,0.982266009852217,-0.0181297949818642,0.643540558285338,0.910028718984994,0.868399269469202,"Tie",1,"female","up"
"BP","GO:0010927","cellular component assembly involved in morphogenesis","1/70","87/5982",0.0114942528735632,0.982266009852217,-0.0181297949818642,0.643540558285338,0.910028718984994,0.868399269469202,"Zasp66",1,"female","up"
"BP","GO:0006259","DNA metabolic process","2/70","186/5982",0.010752688172043,0.91889400921659,-0.122268314727393,0.645944641271299,0.911420790541042,0.869727660427752,"timeout/DNAlig3",2,"female","up"
"BP","GO:0006836","neurotransmitter transport","1/70","89/5982",0.0112359550561798,0.960192616372392,-0.0411679390099118,0.651956539858059,0.917886181115951,0.875897290391021,"unc-13",1,"female","up"
"BP","GO:0044770","cell cycle phase transition","1/70","91/5982",0.010989010989011,0.939089481946625,-0.0637070047219114,0.66017659311516,0.925400377248761,0.883067748087848,"timeout",1,"female","up"
"BP","GO:0140013","meiotic nuclear division","1/70","91/5982",0.010989010989011,0.939089481946625,-0.0637070047219114,0.66017659311516,0.925400377248761,0.883067748087848,"grau",1,"female","up"
"BP","GO:0055085","transmembrane transport","4/70","382/5982",0.0104712041884817,0.894839192221391,-0.231132113148683,0.662359324490049,0.926437225103728,0.884057165126037,"Mdr65/ort/CG7309/ATPsynG",4,"female","up"
"BP","GO:0006644","phospholipid metabolic process","1/70","92/5982",0.0108695652173913,0.92888198757764,-0.0747970699508087,0.664214555851866,0.9265394122876,0.884154677736323,"CG6790",1,"female","up"
"BP","GO:0050804","modulation of chemical synaptic transmission","1/70","93/5982",0.010752688172043,0.91889400921659,-0.0857713685416625,0.668205214780621,0.9265394122876,0.884154677736323,"bero",1,"female","up"
"BP","GO:0060322","head development","1/70","93/5982",0.010752688172043,0.91889400921659,-0.0857713685416625,0.668205214780621,0.9265394122876,0.884154677736323,"Hr3",1,"female","up"
"BP","GO:0099177","regulation of trans-synaptic signaling","1/70","93/5982",0.010752688172043,0.91889400921659,-0.0857713685416625,0.668205214780621,0.9265394122876,0.884154677736323,"bero",1,"female","up"
"BP","GO:0042594","response to starvation","1/70","94/5982",0.0106382978723404,0.909118541033435,-0.0966326801442146,0.672149116116223,0.929999423591843,0.887456410117154,"ImpL2",1,"female","up"
"BP","GO:0009100","glycoprotein metabolic process","1/70","95/5982",0.0105263157894737,0.899548872180451,-0.107383686783088,0.676046799858048,0.93041838022188,0.887856201490628,"C1GalTA",1,"female","up"
"BP","GO:0007167","enzyme-linked receptor protein signaling pathway","2/70","199/5982",0.0100502512562814,0.85886575735822,-0.220318541365501,0.682544188488166,0.93041838022188,0.887856201490628,"ImpL2/Tie",2,"female","up"
"BP","GO:0050808","synapse organization","2/70","199/5982",0.0100502512562814,0.85886575735822,-0.220318541365501,0.682544188488166,0.93041838022188,0.887856201490628,"unc-13/C1GalTA",2,"female","up"
"BP","GO:0046486","glycerolipid metabolic process","1/70","97/5982",0.0103092783505155,0.88100147275405,-0.128565051627726,0.683705643898101,0.93041838022188,0.887856201490628,"CG6790",1,"female","up"
"BP","GO:0007611","learning or memory","1/70","98/5982",0.0102040816326531,0.87201166180758,-0.139000324631292,0.687467853741284,0.93041838022188,0.887856201490628,"Nmdar1",1,"female","up"
"BP","GO:0007623","circadian rhythm","1/70","98/5982",0.0102040816326531,0.87201166180758,-0.139000324631292,0.687467853741284,0.93041838022188,0.887856201490628,"timeout",1,"female","up"
"BP","GO:0048511","rhythmic process","1/70","98/5982",0.0102040816326531,0.87201166180758,-0.139000324631292,0.687467853741284,0.93041838022188,0.887856201490628,"timeout",1,"female","up"
"BP","GO:0050890","cognition","1/70","98/5982",0.0102040816326531,0.87201166180758,-0.139000324631292,0.687467853741284,0.93041838022188,0.887856201490628,"Nmdar1",1,"female","up"
"BP","GO:0120035","regulation of plasma membrane bounded cell projection organization","1/70","98/5982",0.0102040816326531,0.87201166180758,-0.139000324631292,0.687467853741284,0.93041838022188,0.887856201490628,"C1GalTA",1,"female","up"
"BP","GO:0012501","programmed cell death","2/70","201/5982",0.0099502487562189,0.850319829424307,-0.234871067651204,0.6878978686772,0.93041838022188,0.887856201490628,"rst/Tie",2,"female","up"
"BP","GO:0120036","plasma membrane bounded cell projection organization","4/70","395/5982",0.010126582278481,0.865388788426763,-0.301202903359719,0.688393661379117,0.93041838022188,0.887856201490628,"ImpL2/C1GalTA/Ttc26/TTLL3B",4,"female","up"
"BP","GO:0006508","proteolysis","5/70","491/5982",0.010183299389002,0.870235670643003,-0.326542008209252,0.691788104127856,0.93304193876068,0.890359744808519,"CG1304/CG43124/CG17684/CG10472/Nepl11",5,"female","up"
"BP","GO:0008219","cell death","2/70","204/5982",0.00980392156862745,0.83781512605042,-0.256451575271563,0.695792042753768,0.934960001021536,0.892190064919715,"rst/Tie",2,"female","up"
"BP","GO:0043603","amide metabolic process","4/70","399/5982",0.0100250626566416,0.85671321160043,-0.322349863791892,0.696122866804197,0.934960001021536,0.892190064919715,"CG14893/eIF4E3/GstD3/GstO1",4,"female","up"
"BP","GO:0009416","response to light stimulus","1/70","102/5982",0.00980392156862745,0.83781512605042,-0.179758931929133,0.702080579974938,0.937318550338274,0.894440721916503,"Nmdar1",1,"female","up"
"BP","GO:0031344","regulation of cell projection organization","1/70","102/5982",0.00980392156862745,0.83781512605042,-0.179758931929133,0.702080579974938,0.937318550338274,0.894440721916503,"C1GalTA",1,"female","up"
"BP","GO:0001745","compound eye morphogenesis","2/70","207/5982",0.00966183574879227,0.825672877846791,-0.27774282448497,0.703523923781679,0.937318550338274,0.894440721916503,"rst/Hr3",2,"female","up"
"BP","GO:0030030","cell projection organization","4/70","403/5982",0.00992555831265509,0.848209854661468,-0.343310137440129,0.703718911624685,0.937318550338274,0.894440721916503,"ImpL2/C1GalTA/Ttc26/TTLL3B",4,"female","up"
"BP","GO:0051241","negative regulation of multicellular organismal process","1/70","104/5982",0.00961538461538462,0.821703296703297,-0.199578567203053,0.709132273453488,0.942573332416437,0.899455122915833,"bero",1,"female","up"
"BP","GO:0048592","eye morphogenesis","2/70","211/5982",0.00947867298578199,0.810020311442112,-0.305697277092648,0.713583375882406,0.944578406838154,0.901368474798829,"rst/Hr3",2,"female","up"
"BP","GO:0090596","sensory organ morphogenesis","2/70","211/5982",0.00947867298578199,0.810020311442112,-0.305697277092648,0.713583375882406,0.944578406838154,0.901368474798829,"rst/Hr3",2,"female","up"
"BP","GO:0006403","RNA localization","1/70","106/5982",0.00943396226415094,0.806199460916442,-0.219046202469063,0.716019383472479,0.94585276582167,0.902584537970507,"CG8671",1,"female","up"
"BP","GO:0009991","response to extracellular stimulus","1/70","107/5982",0.00934579439252336,0.798664886515354,-0.228652621919985,0.719402406473999,0.946426936385875,0.903132442985046,"ImpL2",1,"female","up"
"BP","GO:0031667","response to nutrient levels","1/70","107/5982",0.00934579439252336,0.798664886515354,-0.228652621919985,0.719402406473999,0.946426936385875,0.903132442985046,"ImpL2",1,"female","up"
"BP","GO:0040003","chitin-based cuticle development","1/70","109/5982",0.0091743119266055,0.784010484927916,-0.247619376931108,0.726049714861782,0.953218644051665,0.90961346259726,"Ccp84Ad",1,"female","up"
"BP","GO:0010631","epithelial cell migration","1/70","110/5982",0.00909090909090909,0.776883116883117,-0.25698303978588,0.729314914923024,0.953605245174301,0.909982378572623,"Tie",1,"female","up"
"BP","GO:0090132","epithelium migration","1/70","110/5982",0.00909090909090909,0.776883116883117,-0.25698303978588,0.729314914923024,0.953605245174301,0.909982378572623,"Tie",1,"female","up"
"BP","GO:0051247","positive regulation of protein metabolic process","1/70","111/5982",0.00900900900900901,0.76988416988417,-0.266269028286036,0.732541746659296,0.955877645031033,0.91215082703404,"eIF4E3",1,"female","up"
"BP","GO:0034248","regulation of amide metabolic process","1/70","112/5982",0.00892857142857143,0.763010204081633,-0.275478884805329,0.735730654466118,0.958091440501516,0.91426335197882,"eIF4E3",1,"female","up"
"BP","GO:0008340","determination of adult lifespan","1/70","113/5982",0.00884955752212389,0.756257901390645,-0.284614106561434,0.738882077666692,0.95830766436771,0.914469684640116,"ImpL2",1,"female","up"
"BP","GO:0050790","regulation of catalytic activity","1/70","113/5982",0.00884955752212389,0.756257901390645,-0.284614106561434,0.738882077666692,0.95830766436771,0.914469684640116,"Tie",1,"female","up"
"BP","GO:0050793","regulation of developmental process","4/70","424/5982",0.00943396226415094,0.806199460916442,-0.450450783198973,0.741410816618556,0.959648677961921,0.915749353293717,"rst/ImpL2/C1GalTA/Hr3",4,"female","up"
"BP","GO:0000122","negative regulation of transcription by RNA polymerase II","1/70","115/5982",0.00869565217391304,0.743105590062112,-0.302666419150901,0.745074202521941,0.962449975893534,0.918422505279614,"Hr3",1,"female","up"
"BP","GO:0090130","tissue migration","1/70","116/5982",0.00862068965517241,0.736699507389163,-0.311586293775338,0.748115757971654,0.964177848118659,0.920071335637087,"Tie",1,"female","up"
"BP","GO:1903046","meiotic cell cycle process","1/70","117/5982",0.00854700854700855,0.73040293040293,-0.320437104284323,0.751121536516145,0.964177848118659,0.920071335637087,"grau",1,"female","up"
"BP","GO:0016567","protein ubiquitination","1/70","118/5982",0.00847457627118644,0.724213075060533,-0.329220146456127,0.754091952960113,0.964177848118659,0.920071335637087,"CG13442",1,"female","up"
"BP","GO:0010557","positive regulation of macromolecule biosynthetic process","3/70","334/5982",0.00898203592814371,0.767579127459367,-0.475630531770263,0.758231361881693,0.964177848118659,0.920071335637087,"grau/eIF4E3/Hr3",3,"female","up"
"BP","GO:0045893","positive regulation of DNA-templated transcription","2/70","231/5982",0.00865800865800866,0.739888682745826,-0.438694574252677,0.759741646912832,0.964177848118659,0.920071335637087,"grau/Hr3",2,"female","up"
"BP","GO:1902680","positive regulation of RNA biosynthetic process","2/70","231/5982",0.00865800865800866,0.739888682745826,-0.438694574252677,0.759741646912832,0.964177848118659,0.920071335637087,"grau/Hr3",2,"female","up"
"BP","GO:0010564","regulation of cell cycle process","1/70","120/5982",0.00833333333333333,0.712142857142857,-0.346587930569615,0.75992833512156,0.964177848118659,0.920071335637087,"timeout",1,"female","up"
"BP","GO:0042981","regulation of apoptotic process","1/70","120/5982",0.00833333333333333,0.712142857142857,-0.346587930569615,0.75992833512156,0.964177848118659,0.920071335637087,"Tie",1,"female","up"
"BP","GO:1901701","cellular response to oxygen-containing compound","1/70","120/5982",0.00833333333333333,0.712142857142857,-0.346587930569615,0.75992833512156,0.964177848118659,0.920071335637087,"ImpL2",1,"female","up"
"BP","GO:0001667","ameboidal-type cell migration","1/70","123/5982",0.00813008130081301,0.694773519163763,-0.372161740961598,0.768427793048848,0.972794748330458,0.928294053989714,"Tie",1,"female","up"
"BP","GO:0010628","positive regulation of gene expression","1/70","124/5982",0.00806451612903226,0.689170506912442,-0.380563460566942,0.771194486082912,0.972794748330458,0.928294053989714,"eIF4E3",1,"female","up"
"BP","GO:0051321","meiotic cell cycle","1/70","125/5982",0.008,0.683657142857143,-0.388905545382344,0.773928590892436,0.972794748330458,0.928294053989714,"grau",1,"female","up"
"BP","GO:0031328","positive regulation of cellular biosynthetic process","3/70","343/5982",0.0087463556851312,0.74743856726364,-0.524181577897655,0.774202716720912,0.972794748330458,0.928294053989714,"grau/eIF4E3/Hr3",3,"female","up"
"BP","GO:0051093","negative regulation of developmental process","1/70","126/5982",0.00793650793650794,0.678231292517007,-0.397189037200269,0.776630485827989,0.972794748330458,0.928294053989714,"C1GalTA",1,"female","up"
"BP","GO:0009891","positive regulation of biosynthetic process","3/70","345/5982",0.00869565217391304,0.743105590062112,-0.534821543075229,0.77763517710524,0.972794748330458,0.928294053989714,"grau/eIF4E3/Hr3",3,"female","up"
"BP","GO:0048749","compound eye development","2/70","240/5982",0.00833333333333333,0.712142857142857,-0.495244596510374,0.778366162797056,0.972794748330458,0.928294053989714,"rst/Hr3",2,"female","up"
"BP","GO:0031325","positive regulation of cellular metabolic process","4/70","448/5982",0.00892857142857143,0.763010204081633,-0.567437175508965,0.780033027713582,0.972794748330458,0.928294053989714,"grau/eIF4E3/Tie/Hr3",4,"female","up"
"BP","GO:0034330","cell junction organization","2/70","241/5982",0.00829875518672199,0.709187907528157,-0.501413378749298,0.780357157928639,0.972794748330458,0.928294053989714,"unc-13/C1GalTA",2,"female","up"
"BP","GO:0032879","regulation of localization","2/70","242/5982",0.00826446280991736,0.706257378984652,-0.507560026048421,0.782332768019022,0.973367513698086,0.92884061808868,"ImpL2/Apoltp",2,"female","up"
"BP","GO:0006518","peptide metabolic process","3/70","352/5982",0.00852272727272727,0.728327922077922,-0.571650841802745,0.789320433063311,0.974300955987511,0.92973135987003,"eIF4E3/GstD3/GstO1",3,"female","up"
"BP","GO:0009968","negative regulation of signal transduction","2/70","246/5982",0.00813008130081301,0.694773519163763,-0.531929284281883,0.7900829821952,0.974300955987511,0.92973135987003,"ImpL2/Tie",2,"female","up"
"BP","GO:0019439","aromatic compound catabolic process","1/70","132/5982",0.00757575757575758,0.647402597402597,-0.445714589323085,0.792186096393062,0.974300955987511,0.92973135987003,"Faa",1,"female","up"
"BP","GO:0001751","compound eye photoreceptor cell differentiation","1/70","134/5982",0.00746268656716418,0.63773987206823,-0.461464144118751,0.797130085706837,0.974300955987511,0.92973135987003,"Hr3",1,"female","up"
"BP","GO:0022402","cell cycle process","3/70","357/5982",0.00840336134453781,0.71812725090036,-0.597578060437298,0.797358996417416,0.974300955987511,0.92973135987003,"timeout/grau/Mis12",3,"female","up"
"BP","GO:0001654","eye development","2/70","250/5982",0.008,0.683657142857143,-0.555960138901904,0.79759355744075,0.974300955987511,0.92973135987003,"rst/Hr3",2,"female","up"
"BP","GO:0048880","sensory system development","2/70","250/5982",0.008,0.683657142857143,-0.555960138901904,0.79759355744075,0.974300955987511,0.92973135987003,"rst/Hr3",2,"female","up"
"BP","GO:0150063","visual system development","2/70","250/5982",0.008,0.683657142857143,-0.555960138901904,0.79759355744075,0.974300955987511,0.92973135987003,"rst/Hr3",2,"female","up"
"BP","GO:0001754","eye photoreceptor cell differentiation","1/70","135/5982",0.00740740740740741,0.633015873015873,-0.46926301449722,0.799558419154258,0.974300955987511,0.92973135987003,"Hr3",1,"female","up"
"BP","GO:0032446","protein modification by small protein conjugation","1/70","136/5982",0.00735294117647059,0.628361344537815,-0.47701236557127,0.801958096024312,0.974300955987511,0.92973135987003,"CG13442",1,"female","up"
"BP","GO:0032940","secretion by cell","1/70","136/5982",0.00735294117647059,0.628361344537815,-0.47701236557127,0.801958096024312,0.974300955987511,0.92973135987003,"unc-13",1,"female","up"
"BP","GO:0065009","regulation of molecular function","1/70","137/5982",0.0072992700729927,0.623774765380605,-0.484712987046326,0.804329449647011,0.974300955987511,0.92973135987003,"Tie",1,"female","up"
"BP","GO:0140694","non-membrane-bounded organelle assembly","1/70","137/5982",0.0072992700729927,0.623774765380605,-0.484712987046326,0.804329449647011,0.974300955987511,0.92973135987003,"Zasp66",1,"female","up"
"BP","GO:1901361","organic cyclic compound catabolic process","1/70","137/5982",0.0072992700729927,0.623774765380605,-0.484712987046326,0.804329449647011,0.974300955987511,0.92973135987003,"Faa",1,"female","up"
"BP","GO:0023057","negative regulation of signaling","2/70","257/5982",0.00778210116731518,0.665036131183991,-0.597235326936998,0.810176285274706,0.978073974176068,0.933331780571358,"ImpL2/Tie",2,"female","up"
"BP","GO:0010648","negative regulation of cell communication","2/70","258/5982",0.00775193798449612,0.662458471760797,-0.603053665170516,0.811916879529969,0.978073974176068,0.933331780571358,"ImpL2/Tie",2,"female","up"
"BP","GO:0010608","post-transcriptional regulation of gene expression","1/70","141/5982",0.00709219858156028,0.606079027355623,-0.515043327677139,0.813538165436169,0.978073974176068,0.933331780571358,"eIF4E3",1,"female","up"
"BP","GO:0140352","export from cell","1/70","141/5982",0.00709219858156028,0.606079027355623,-0.515043327677139,0.813538165436169,0.978073974176068,0.933331780571358,"unc-13",1,"female","up"
"BP","GO:0046903","secretion","1/70","142/5982",0.00704225352112676,0.601810865191147,-0.522511511208041,0.815772770541368,0.978927324649641,0.934146094353322,"unc-13",1,"female","up"
"BP","GO:0043067","regulation of programmed cell death","1/70","144/5982",0.00694444444444444,0.593452380952381,-0.537315453365008,0.820163082187989,0.980179715473197,0.935341194303001,"Tie",1,"female","up"
"BP","GO:0098662","inorganic cation transmembrane transport","1/70","145/5982",0.00689655172413793,0.58935960591133,-0.544652537126283,0.822319400147365,0.980179715473197,0.935341194303001,"ATPsynG",1,"female","up"
"BP","GO:0051172","negative regulation of nitrogen compound metabolic process","2/70","265/5982",0.00754716981132075,0.644959568733154,-0.643258245434019,0.823714091464548,0.980179715473197,0.935341194303001,"timeout/Hr3",2,"female","up"
"BP","GO:0007411","axon guidance","1/70","146/5982",0.00684931506849315,0.5853228962818,-0.551947221410162,0.824450227968109,0.980179715473197,0.935341194303001,"ImpL2",1,"female","up"
"BP","GO:0046530","photoreceptor cell differentiation","1/70","146/5982",0.00684931506849315,0.5853228962818,-0.551947221410162,0.824450227968109,0.980179715473197,0.935341194303001,"Hr3",1,"female","up"
"BP","GO:0098655","monoatomic cation transmembrane transport","1/70","147/5982",0.00680272108843537,0.58134110787172,-0.559200132403309,0.826555862656634,0.980866661415082,0.935996715762548,"ATPsynG",1,"female","up"
"BP","GO:0051254","positive regulation of RNA metabolic process","2/70","268/5982",0.00746268656716418,0.63773987206823,-0.660216727625145,0.828567309791426,0.981439507169918,0.936543356571392,"grau/Hr3",2,"female","up"
"BP","GO:0021700","developmental maturation","1/70","151/5982",0.00662251655629139,0.565941343424787,-0.587806092820528,0.834732291661534,0.985655524942502,0.940566511750347,"unc-13",1,"female","up"
"BP","GO:0097485","neuron projection guidance","1/70","152/5982",0.00657894736842105,0.562218045112782,-0.5948590611764,0.836716297764036,0.985655524942502,0.940566511750347,"ImpL2",1,"female","up"
"BP","GO:0022412","cellular process involved in reproduction in multicellular organism","4/70","490/5982",0.00816326530612245,0.697609329446064,-0.760098494437985,0.836732493915364,0.985655524942502,0.940566511750347,"grau/knon/Tie/TTLL3B",4,"female","up"
"BP","GO:0006468","protein phosphorylation","1/70","154/5982",0.00649350649350649,0.554916512059369,-0.608850658622613,0.840614139770803,0.986149459557832,0.94103785122587,"Tie",1,"female","up"
"BP","GO:0048585","negative regulation of response to stimulus","2/70","276/5982",0.0072463768115942,0.619254658385093,-0.704680030361626,0.840936383156487,0.986149459557832,0.94103785122587,"ImpL2/Tie",2,"female","up"
"BP","GO:0044248","cellular catabolic process","3/70","388/5982",0.0077319587628866,0.660751104565538,-0.75186831378584,0.841759974825065,0.986149459557832,0.94103785122587,"CG9577/Bcat/Faa",3,"female","up"
"BP","GO:0051094","positive regulation of developmental process","1/70","157/5982",0.00636942675159236,0.544313011828935,-0.629560102851948,0.84628953920033,0.98648412849214,0.941357210661461,"ImpL2",1,"female","up"
"BP","GO:0005975","carbohydrate metabolic process","1/70","158/5982",0.00632911392405063,0.540867992766727,-0.636391160156719,0.84813670353612,0.98648412849214,0.941357210661461,"Galk",1,"female","up"
"BP","GO:0045935","positive regulation of nucleobase-containing compound metabolic process","2/70","282/5982",0.00709219858156028,0.606079027355623,-0.737335150826479,0.849685913856563,0.98648412849214,0.941357210661461,"grau/Hr3",2,"female","up"
"BP","GO:0051726","regulation of cell cycle","1/70","159/5982",0.00628930817610063,0.537466307277628,-0.643186987544904,0.849961983541696,0.98648412849214,0.941357210661461,"timeout",1,"female","up"
"BP","GO:0030707","follicle cell of egg chamber development","1/70","160/5982",0.00625,0.534107142857143,-0.649948059407317,0.851765634778529,0.98648412849214,0.941357210661461,"Tie",1,"female","up"
"BP","GO:0045595","regulation of cell differentiation","1/70","161/5982",0.0062111801242236,0.530789707187223,-0.656674840579297,0.853547909867073,0.98648412849214,0.941357210661461,"C1GalTA",1,"female","up"
"BP","GO:0006915","apoptotic process","1/70","162/5982",0.00617283950617284,0.527513227513227,-0.663367786594516,0.855309058520106,0.98648412849214,0.941357210661461,"Tie",1,"female","up"
"BP","GO:0045892","negative regulation of DNA-templated transcription","1/70","164/5982",0.00609756097560976,0.521080139372822,-0.676653950246,0.858768961029857,0.98648412849214,0.941357210661461,"Hr3",1,"female","up"
"BP","GO:0070647","protein modification by small protein conjugation or removal","1/70","164/5982",0.00609756097560976,0.521080139372822,-0.676653950246,0.858768961029857,0.98648412849214,0.941357210661461,"CG13442",1,"female","up"
"BP","GO:1902679","negative regulation of RNA biosynthetic process","1/70","164/5982",0.00609756097560976,0.521080139372822,-0.676653950246,0.858768961029857,0.98648412849214,0.941357210661461,"Hr3",1,"female","up"
"BP","GO:0051173","positive regulation of nitrogen compound metabolic process","3/70","402/5982",0.00746268656716418,0.63773987206823,-0.818248413158861,0.858948018422284,0.98648412849214,0.941357210661461,"grau/eIF4E3/Hr3",3,"female","up"
"BP","GO:0007423","sensory organ development","2/70","292/5982",0.00684931506849315,0.5853228962818,-0.790522176373603,0.863315953268832,0.989057538524095,0.94381289952619,"rst/Hr3",2,"female","up"
"BP","GO:0048878","chemical homeostasis","1/70","168/5982",0.00595238095238095,0.508673469387755,-0.7028393224915,0.865445921073735,0.989057538524095,0.94381289952619,"Nmdar1",1,"female","up"
"BP","GO:0007281","germ cell development","3/70","408/5982",0.00735294117647059,0.628361344537815,-0.846128236012738,0.865810493225142,0.989057538524095,0.94381289952619,"knon/Tie/TTLL3B",3,"female","up"
"BP","GO:0009888","tissue development","3/70","410/5982",0.00731707317073171,0.625296167247387,-0.855348736938104,0.868033251760641,0.989835430959737,0.944555207113571,"rst/Tie/Zasp66",3,"female","up"
"BP","GO:0043687","post-translational protein modification","1/70","175/5982",0.00571428571428571,0.488326530612245,-0.747488850170589,0.876390012285709,0.993504188820669,0.948056136897245,"CG13442",1,"female","up"
"BP","GO:0007166","cell surface receptor signaling pathway","3/70","422/5982",0.00710900473933649,0.607515233581584,-0.909934943617472,0.88071345181247,0.993504188820669,0.948056136897245,"Nmdar1/ImpL2/Tie",3,"female","up"
"BP","GO:0044087","regulation of cellular component biogenesis","1/70","178/5982",0.00561797752808989,0.480096308186196,-0.766192522294075,0.88080723447739,0.993504188820669,0.948056136897245,"C1GalTA",1,"female","up"
"BP","GO:0051049","regulation of transport","1/70","178/5982",0.00561797752808989,0.480096308186196,-0.766192522294075,0.88080723447739,0.993504188820669,0.948056136897245,"Apoltp",1,"female","up"
"BP","GO:0051253","negative regulation of RNA metabolic process","1/70","178/5982",0.00561797752808989,0.480096308186196,-0.766192522294075,0.88080723447739,0.993504188820669,0.948056136897245,"Hr3",1,"female","up"
"BP","GO:0097435","supramolecular fiber organization","1/70","178/5982",0.00561797752808989,0.480096308186196,-0.766192522294075,0.88080723447739,0.993504188820669,0.948056136897245,"Zasp66",1,"female","up"
"BP","GO:0007409","axonogenesis","1/70","179/5982",0.00558659217877095,0.477414205905826,-0.772372030424587,0.882244776446133,0.993504188820669,0.948056136897245,"ImpL2",1,"female","up"
"BP","GO:0051276","chromosome organization","1/70","181/5982",0.00552486187845304,0.472138910812944,-0.784650422204256,0.885068781861041,0.993504188820669,0.948056136897245,"Mis12",1,"female","up"
"BP","GO:0002064","epithelial cell development","1/70","183/5982",0.00546448087431694,0.466978922716628,-0.79682340431246,0.887826006576911,0.993504188820669,0.948056136897245,"Tie",1,"female","up"
"BP","GO:0032989","cellular anatomical entity morphogenesis","2/70","314/5982",0.00636942675159236,0.544313011828935,-0.902579030817696,0.889460549471354,0.993504188820669,0.948056136897245,"ImpL2/Zasp66",2,"female","up"
"BP","GO:0045165","cell fate commitment","1/70","185/5982",0.00540540540540541,0.461930501930502,-0.808893407868097,0.890518007438509,0.993504188820669,0.948056136897245,"Hr3",1,"female","up"
"BP","GO:0006812","monoatomic cation transport","1/70","189/5982",0.00529100529100529,0.452154195011338,-0.832733788794207,0.895712386923219,0.993504188820669,0.948056136897245,"ATPsynG",1,"female","up"
"BP","GO:0007049","cell cycle","3/70","439/5982",0.00683371298405467,0.583989586723072,-0.985218892059003,0.896856423556938,0.993504188820669,0.948056136897245,"timeout/grau/Mis12",3,"female","up"
"BP","GO:0061564","axon development","1/70","190/5982",0.00526315789473684,0.449774436090226,-0.838633094236897,0.8969725514175,0.993504188820669,0.948056136897245,"ImpL2",1,"female","up"
"BP","GO:0007610","behavior","2/70","325/5982",0.00615384615384615,0.52589010989011,-0.9563047536557,0.900747176874438,0.993504188820669,0.948056136897245,"Nmdar1/ort",2,"female","up"
"BP","GO:0033554","cellular response to stress","2/70","328/5982",0.00609756097560976,0.521080139372822,-0.970712396319861,0.903636729471485,0.993504188820669,0.948056136897245,"timeout/DNAlig3",2,"female","up"
"BP","GO:0051649","establishment of localization in cell","3/70","448/5982",0.00669642857142857,0.572257653061225,-1.02416607538714,0.90459901415915,0.993504188820669,0.948056136897245,"unc-13/Ttc26/Mis12",3,"female","up"
"BP","GO:1903047","mitotic cell cycle process","1/70","197/5982",0.0050761421319797,0.433792603335751,-0.879276929836677,0.905383088139994,0.993504188820669,0.948056136897245,"Mis12",1,"female","up"
"BP","GO:0030036","actin cytoskeleton organization","1/70","199/5982",0.0050251256281407,0.42943287867911,-0.890687572112413,0.907659208563499,0.993504188820669,0.948056136897245,"Zasp66",1,"female","up"
"BP","GO:0071702","organic substance transport","3/70","453/5982",0.00662251655629139,0.565941343424787,-1.04554549833122,0.908674475668365,0.993504188820669,0.948056136897245,"CG8671/Apoltp/CG7309",3,"female","up"
"BP","GO:0016477","cell migration","1/70","200/5982",0.005,0.427285714285714,-0.896360435461704,0.908776942507915,0.993504188820669,0.948056136897245,"Tie",1,"female","up"
"BP","GO:1901565","organonitrogen compound catabolic process","2/70","335/5982",0.00597014925373134,0.510191897654584,-1.00394098218637,0.910081248610366,0.993504188820669,0.948056136897245,"Bcat/Faa",2,"female","up"
"BP","GO:0010604","positive regulation of macromolecule metabolic process","3/70","460/5982",0.00652173913043478,0.557329192546584,-1.07517784301423,0.914120403513287,0.993504188820669,0.948056136897245,"grau/eIF4E3/Hr3",3,"female","up"
"BP","GO:0034470","ncRNA processing","1/70","207/5982",0.00483091787439614,0.412836438923395,-0.93548533282586,0.916236260105876,0.993504188820669,0.948056136897245,"IntS12",1,"female","up"
"BP","GO:0030029","actin filament-based process","1/70","208/5982",0.00480769230769231,0.410851648351648,-0.940993564236064,0.917251578165198,0.993504188820669,0.948056136897245,"Zasp66",1,"female","up"
"BP","GO:0030855","epithelial cell differentiation","1/70","208/5982",0.00480769230769231,0.410851648351648,-0.940993564236064,0.917251578165198,0.993504188820669,0.948056136897245,"Tie",1,"female","up"
"BP","GO:0000226","microtubule cytoskeleton organization","1/70","209/5982",0.00478468899521531,0.408885850991114,-0.946482149483585,0.918254763050622,0.993504188820669,0.948056136897245,"TTLL3B",1,"female","up"
"BP","GO:0043933","protein-containing complex organization","3/70","466/5982",0.00643776824034335,0.550153280196199,-1.10030755803548,0.918556107189654,0.993504188820669,0.948056136897245,"CG13367/unc-13/vrs",3,"female","up"
"BP","GO:0051239","regulation of multicellular organismal process","2/70","345/5982",0.00579710144927536,0.495403726708074,-1.05050537135956,0.91860137013209,0.993504188820669,0.948056136897245,"Tie/bero",2,"female","up"
"BP","GO:0048870","cell motility","1/70","226/5982",0.00442477876106195,0.378128950695322,-1.03696207827921,0.933584801280177,0.993504188820669,0.948056136897245,"Tie",1,"female","up"
"BP","GO:0007292","female gamete generation","2/70","370/5982",0.00540540540540541,0.461930501930502,-1.16265031325523,0.936742208397174,0.993504188820669,0.948056136897245,"grau/Tie",2,"female","up"
"BP","GO:0051246","regulation of protein metabolic process","1/70","233/5982",0.00429184549356223,0.366768853464132,-1.07278522349428,0.93903922971395,0.993504188820669,0.948056136897245,"eIF4E3",1,"female","up"
"BP","GO:0048667","cell morphogenesis involved in neuron differentiation","1/70","238/5982",0.00420168067226891,0.35906362545018,-1.09790532349439,0.942662476671668,0.993504188820669,0.948056136897245,"ImpL2",1,"female","up"
"BP","GO:0048812","neuron projection morphogenesis","1/70","241/5982",0.004149377593361,0.354593953764078,-1.11279838316803,0.944733643854637,0.993504188820669,0.948056136897245,"ImpL2",1,"female","up"
"BP","GO:0120039","plasma membrane bounded cell projection morphogenesis","1/70","243/5982",0.00411522633744856,0.351675485008818,-1.12265464284851,0.946073268526924,0.993504188820669,0.948056136897245,"ImpL2",1,"female","up"
"BP","GO:0048858","cell projection morphogenesis","1/70","245/5982",0.00408163265306122,0.348804664723032,-1.13245409531171,0.947380874245373,0.993504188820669,0.948056136897245,"ImpL2",1,"female","up"
"BP","GO:0007010","cytoskeleton organization","2/70","390/5982",0.00512820512820513,0.438241758241758,-1.2484377246911,0.94846180679257,0.993504188820669,0.948056136897245,"TTLL3B/Zasp66",2,"female","up"
"BP","GO:0009967","positive regulation of signal transduction","1/70","262/5982",0.00381679389312977,0.326172300981461,-1.21358499840065,0.957304866127185,0.993504188820669,0.948056136897245,"ImpL2",1,"female","up"
"BP","GO:0034660","ncRNA metabolic process","1/70","263/5982",0.00380228136882129,0.324932102118414,-1.21824318501709,0.95782735902423,0.993504188820669,0.948056136897245,"IntS12",1,"female","up"
"BP","GO:0006412","translation","1/70","265/5982",0.00377358490566038,0.322479784366577,-1.22752347838062,0.958853508082972,0.993504188820669,0.948056136897245,"eIF4E3",1,"female","up"
"BP","GO:0031175","neuron projection development","1/70","268/5982",0.00373134328358209,0.318869936034115,-1.24135511265363,0.960346751230182,0.993504188820669,0.948056136897245,"ImpL2",1,"female","up"
"BP","GO:0010605","negative regulation of macromolecule metabolic process","2/70","419/5982",0.00477326968973747,0.407909989771565,-1.36744202810589,0.961887904819809,0.993504188820669,0.948056136897245,"timeout/Hr3",2,"female","up"
"BP","GO:0098542","defense response to other organism","1/70","274/5982",0.00364963503649635,0.311887382690302,-1.2687075633397,0.963174789349647,0.993504188820669,0.948056136897245,"Drsl5",1,"female","up"
"BP","GO:0031324","negative regulation of cellular metabolic process","2/70","423/5982",0.00472813238770686,0.404052684903749,-1.38340207479916,0.963457034999041,0.993504188820669,0.948056136897245,"timeout/Hr3",2,"female","up"
"BP","GO:0042592","homeostatic process","1/70","275/5982",0.00363636363636364,0.310753246753247,-1.27322702487744,0.96362639494627,0.993504188820669,0.948056136897245,"Nmdar1",1,"female","up"
"BP","GO:0006396","RNA processing","2/70","426/5982",0.00469483568075117,0.401207243460765,-1.39530428410331,0.964593618238128,0.993504188820669,0.948056136897245,"CG9346/IntS12",2,"female","up"
"BP","GO:0006952","defense response","1/70","281/5982",0.00355871886120996,0.304117946110829,-1.30011564548058,0.966223617314897,0.993504188820669,0.948056136897245,"Drsl5",1,"female","up"
"BP","GO:0010647","positive regulation of cell communication","1/70","282/5982",0.00354609929078014,0.303039513677812,-1.30455980003481,0.966638342238237,0.993504188820669,0.948056136897245,"ImpL2",1,"female","up"
"BP","GO:0023056","positive regulation of signaling","1/70","282/5982",0.00354609929078014,0.303039513677812,-1.30455980003481,0.966638342238237,0.993504188820669,0.948056136897245,"ImpL2",1,"female","up"
"BP","GO:0007552","metamorphosis","1/70","287/5982",0.00348432055749129,0.297760079641613,-1.32662539615578,0.96863784907243,0.993504188820669,0.948056136897245,"Hr3",1,"female","up"
"BP","GO:0065003","protein-containing complex assembly","1/70","290/5982",0.00344827586206897,0.294679802955665,-1.33974326328738,0.969780352945717,0.993504188820669,0.948056136897245,"unc-13",1,"female","up"
"BP","GO:0000278","mitotic cell cycle","1/70","292/5982",0.00342465753424658,0.2926614481409,-1.34843907810401,0.97051912717563,0.993504188820669,0.948056136897245,"Mis12",1,"female","up"
"BP","GO:0043043","peptide biosynthetic process","1/70","292/5982",0.00342465753424658,0.2926614481409,-1.34843907810401,0.97051912717563,0.993504188820669,0.948056136897245,"eIF4E3",1,"female","up"
"BP","GO:0009892","negative regulation of metabolic process","2/70","445/5982",0.00449438202247191,0.384077046548957,-1.46939257640839,0.97105132921919,0.993504188820669,0.948056136897245,"timeout/Hr3",2,"female","up"
"BP","GO:0009887","animal organ morphogenesis","2/70","452/5982",0.00442477876106195,0.378128950695322,-1.4961519375439,0.973135627684133,0.993504188820669,0.948056136897245,"rst/Hr3",2,"female","up"
"BP","GO:0009607","response to biotic stimulus","1/70","302/5982",0.0033112582781457,0.282970671712394,-1.39134532114584,0.973954182059676,0.993504188820669,0.948056136897245,"Drsl5",1,"female","up"
"BP","GO:0043207","response to external biotic stimulus","1/70","302/5982",0.0033112582781457,0.282970671712394,-1.39134532114584,0.973954182059676,0.993504188820669,0.948056136897245,"Drsl5",1,"female","up"
"BP","GO:0051707","response to other organism","1/70","302/5982",0.0033112582781457,0.282970671712394,-1.39134532114584,0.973954182059676,0.993504188820669,0.948056136897245,"Drsl5",1,"female","up"
"BP","GO:0030182","neuron differentiation","2/70","457/5982",0.00437636761487965,0.373991872460144,-1.5150977007278,0.974536282169948,0.993504188820669,0.948056136897245,"ImpL2/Hr3",2,"female","up"
"BP","GO:0006357","regulation of transcription by RNA polymerase II","2/70","461/5982",0.00433839479392625,0.37074682367524,-1.53015601593411,0.975606538012765,0.993504188820669,0.948056136897245,"grau/Hr3",2,"female","up"
"BP","GO:0043604","amide biosynthetic process","1/70","316/5982",0.00316455696202532,0.270433996383363,-1.44990168053125,0.978109564540755,0.993504188820669,0.948056136897245,"eIF4E3",1,"female","up"
"BP","GO:0000902","cell morphogenesis","1/70","323/5982",0.00309597523219814,0.264573197700133,-1.47856212205438,0.979934859732236,0.993504188820669,0.948056136897245,"ImpL2",1,"female","up"
"BP","GO:0009966","regulation of signal transduction","2/70","483/5982",0.0041407867494824,0.353859804791482,-1.61148835894236,0.980768402699519,0.993504188820669,0.948056136897245,"ImpL2/Tie",2,"female","up"
"BP","GO:0044419","biological process involved in interspecies interaction between organisms","1/70","333/5982",0.003003003003003,0.256628056628057,-1.51883712356472,0.982284922581828,0.993504188820669,0.948056136897245,"Drsl5",1,"female","up"
"BP","GO:0002165","instar larval or pupal development","1/70","339/5982",0.00294985250737463,0.252085967130215,-1.54264222383806,0.983562442086207,0.993504188820669,0.948056136897245,"CG9521",1,"female","up"
"BP","GO:0048699","generation of neurons","2/70","498/5982",0.00401606425702811,0.343201376936317,-1.66558534319725,0.983671059996303,0.993504188820669,0.948056136897245,"ImpL2/Hr3",2,"female","up"
"BP","GO:0071705","nitrogen compound transport","1/70","342/5982",0.00292397660818713,0.249874686716792,-1.55444739967279,0.984166702449155,0.993504188820669,0.948056136897245,"CG8671",1,"female","up"
"BP","GO:0060429","epithelium development","1/70","347/5982",0.00288184438040346,0.246274186908193,-1.5739824102572,0.985125507842979,0.993504188820669,0.948056136897245,"Tie",1,"female","up"
"BP","GO:0048477","oogenesis","1/70","348/5982",0.0028735632183908,0.245566502463054,-1.57786874065823,0.985310284143066,0.993504188820669,0.948056136897245,"Tie",1,"female","up"
"BP","GO:0046907","intracellular transport","1/70","350/5982",0.00285714285714286,0.244163265306122,-1.58562105125875,0.985673075155569,0.993504188820669,0.948056136897245,"Ttc26",1,"female","up"
"BP","GO:0048584","positive regulation of response to stimulus","1/70","350/5982",0.00285714285714286,0.244163265306122,-1.58562105125875,0.985673075155569,0.993504188820669,0.948056136897245,"ImpL2",1,"female","up"
"BP","GO:0016192","vesicle-mediated transport","1/70","351/5982",0.00284900284900285,0.243467643467643,-1.58948711025552,0.985851144178849,0.993504188820669,0.948056136897245,"unc-13",1,"female","up"
"BP","GO:0048666","neuron development","1/70","363/5982",0.00275482093663912,0.235419126328217,-1.63536965415068,0.987825095280989,0.993504188820669,0.948056136897245,"ImpL2",1,"female","up"
"BP","GO:0010558","negative regulation of macromolecule biosynthetic process","1/70","370/5982",0.0027027027027027,0.230965250965251,-1.66171562424064,0.988848457880785,0.993504188820669,0.948056136897245,"Hr3",1,"female","up"
"BP","GO:0009890","negative regulation of biosynthetic process","1/70","375/5982",0.00266666666666667,0.227885714285714,-1.68035348955658,0.989527040003742,0.993504188820669,0.948056136897245,"Hr3",1,"female","up"
"BP","GO:0031327","negative regulation of cellular biosynthetic process","1/70","375/5982",0.00266666666666667,0.227885714285714,-1.68035348955658,0.989527040003742,0.993504188820669,0.948056136897245,"Hr3",1,"female","up"
"BP","GO:0009791","post-embryonic development","1/70","382/5982",0.00261780104712042,0.223709798055348,-1.70620213539842,0.99040916019506,0.993504188820669,0.948056136897245,"CG9521",1,"female","up"
"BP","GO:0035556","intracellular signal transduction","1/70","399/5982",0.0025062656641604,0.214178302900107,-1.76784977773724,0.992257991614163,0.993805976000457,0.948344118760888,"timeout",1,"female","up"
"BP","GO:0051128","regulation of cellular component organization","1/70","437/5982",0.0022883295194508,0.195554102647924,-1.90044582056142,0.995214470556916,0.995214470556916,0.949688181446344,"C1GalTA",1,"female","up"
"CC","GO:0098800","inner mitochondrial membrane protein complex","6/67","75/5833",0.08,6.96477611940298,5.60399564357394,0.000197937258958166,0.00969849154922986,0.00840274166613437,"ND2/ND4L/ND6/knon/ATPsynG/ATP8",6,"female","up"
"CC","GO:0005753","mitochondrial proton-transporting ATP synthase complex","3/67","11/5833",0.272727272727273,23.7435549525102,8.13818260718813,0.000223811343443766,0.00969849154922986,0.00840274166613437,"knon/ATPsynG/ATP8",3,"female","up"
"CC","GO:0045259","proton-transporting ATP synthase complex","3/67","11/5833",0.272727272727273,23.7435549525102,8.13818260718813,0.000223811343443766,0.00969849154922986,0.00840274166613437,"knon/ATPsynG/ATP8",3,"female","up"
"CC","GO:0033177","proton-transporting two-sector ATPase complex, proton-transporting domain","3/67","14/5833",0.214285714285714,18.6556503198294,7.1290621036103,0.000481691760080601,0.0156549822026195,0.0135634258759538,"knon/ATPsynG/ATP8",3,"female","up"
"CC","GO:1902495","transmembrane transporter complex","6/67","98/5833",0.0612244897959184,5.33018580566555,4.65974014788806,0.00084178646220319,0.0218864480172829,0.0189623476748929,"Nmdar1/ND2/ND4L/Mdr65/ND6/ort",6,"female","up"
"CC","GO:1990351","transporter complex","6/67","104/5833",0.0576923076923077,5.02267508610792,4.4617070767413,0.00114993277868136,0.0249152102047628,0.0215864574243694,"Nmdar1/ND2/ND4L/Mdr65/ND6/ort",6,"female","up"
"CC","GO:0005743","mitochondrial inner membrane","6/67","113/5833",0.0530973451327434,4.62263901730287,4.19155440626382,0.001766445249002,0.0289518397845672,0.025083780218208,"ND2/ND4L/ND6/knon/ATPsynG/ATP8",6,"female","up"
"CC","GO:0019866","organelle inner membrane","6/67","119/5833",0.0504201680672269,4.38956478113634,4.02676366527134,0.00229927460635337,0.0289518397845672,0.025083780218208,"ND2/ND4L/ND6/knon/ATPsynG/ATP8",6,"female","up"
"CC","GO:0005777","peroxisome","4/67","50/5833",0.08,6.96477611940298,4.56574228142059,0.00246216921165027,0.0289518397845672,0.025083780218208,"CG14893/CG9577/CG5122/CG5265",4,"female","up"
"CC","GO:0042579","microbody","4/67","50/5833",0.08,6.96477611940298,4.56574228142059,0.00246216921165027,0.0289518397845672,0.025083780218208,"CG14893/CG9577/CG5122/CG5265",4,"female","up"
"CC","GO:0005747","mitochondrial respiratory chain complex I","3/67","26/5833",0.115384615384615,10.0453501722158,4.98247335969033,0.003117890438338,0.0289518397845672,0.025083780218208,"ND2/ND4L/ND6",3,"female","up"
"CC","GO:0016469","proton-transporting two-sector ATPase complex","3/67","26/5833",0.115384615384615,10.0453501722158,4.98247335969033,0.003117890438338,0.0289518397845672,0.025083780218208,"knon/ATPsynG/ATP8",3,"female","up"
"CC","GO:0030964","NADH dehydrogenase complex","3/67","26/5833",0.115384615384615,10.0453501722158,4.98247335969033,0.003117890438338,0.0289518397845672,0.025083780218208,"ND2/ND4L/ND6",3,"female","up"
"CC","GO:0045271","respiratory chain complex I","3/67","26/5833",0.115384615384615,10.0453501722158,4.98247335969033,0.003117890438338,0.0289518397845672,0.025083780218208,"ND2/ND4L/ND6",3,"female","up"
"CC","GO:0031966","mitochondrial membrane","6/67","151/5833",0.0397350993377483,3.45932588712069,3.3003711353508,0.00741223259296211,0.0641539788349256,0.0555827994764132,"ND2/ND4L/ND6/knon/ATPsynG/ATP8",6,"female","up"
"CC","GO:0098796","membrane protein complex","9/67","309/5833",0.029126213592233,2.53571946094769,2.99001338522646,0.00828174466335592,0.0641539788349256,0.0555827994764132,"Nmdar1/ND2/ND4L/Mdr65/ND6/ort/knon/ATPsynG/ATP8",9,"female","up"
"CC","GO:0098798","mitochondrial protein-containing complex","6/67","155/5833",0.0387096774193548,3.37005296100144,3.2235547126934,0.00838936646302873,0.0641539788349256,0.0555827994764132,"ND2/ND4L/ND6/knon/ATPsynG/ATP8",6,"female","up"
"CC","GO:0005740","mitochondrial envelope","6/67","164/5833",0.0365853658536585,3.18511103021478,3.05950413727341,0.010922920377271,0.0788877582802908,0.0683480982671346,"ND2/ND4L/ND6/knon/ATPsynG/ATP8",6,"female","up"
"CC","GO:0005746","mitochondrial respirasome","3/67","46/5833",0.0652173913043478,5.67780661907852,3.43323300340071,0.0154660156067791,0.0957420013752993,0.0829505598960083,"ND2/ND4L/ND6",3,"female","up"
"CC","GO:0070469","respirasome","3/67","46/5833",0.0652173913043478,5.67780661907852,3.43323300340071,0.0154660156067791,0.0957420013752993,0.0829505598960083,"ND2/ND4L/ND6",3,"female","up"
"CC","GO:0098803","respiratory chain complex","3/67","46/5833",0.0652173913043478,5.67780661907852,3.43323300340071,0.0154660156067791,0.0957420013752993,0.0829505598960083,"ND2/ND4L/ND6",3,"female","up"
"CC","GO:1990204","oxidoreductase complex","3/67","50/5833",0.06,5.22358208955224,3.23294402661495,0.0193324739124756,0.114237345846447,0.0989748664418607,"ND2/ND4L/ND6",3,"female","up"
"CC","GO:1904949","ATPase complex","3/67","64/5833",0.046875,4.08092350746269,2.67134188314655,0.0367070152683016,0.207474434125183,0.179755177744086,"knon/ATPsynG/ATP8",3,"female","up"
"CC","GO:0031967","organelle envelope","6/67","238/5833",0.0252100840336134,2.19478239056817,2.0285517255782,0.0545249949377272,0.281770145997147,0.24412474187607,"ND2/ND4L/ND6/knon/ATPsynG/ATP8",6,"female","up"
"CC","GO:0031975","envelope","6/67","238/5833",0.0252100840336134,2.19478239056817,2.0285517255782,0.0545249949377272,0.281770145997147,0.24412474187607,"ND2/ND4L/ND6/knon/ATPsynG/ATP8",6,"female","up"
"CC","GO:0005739","mitochondrion","10/67","498/5833",0.0200803212851406,1.74818677695858,1.88176907876624,0.0563540291994294,0.281770145997147,0.24412474187607,"ND2/CG9577/ND4L/Bcat/ND6/knon/CG32026/ATPsynG/ATP8/mAcon2",10,"female","up"
"CC","GO:0005912","adherens junction","2/67","36/5833",0.0555555555555556,4.83665008291874,2.48891824822894,0.063769976254498,0.304612860448155,0.263915595691924,"rst/Zasp66",2,"female","up"
"CC","GO:0005911","cell-cell junction","3/67","81/5833",0.037037037037037,3.22443338861249,2.17300795359943,0.0656089237888334,0.304612860448155,0.263915595691924,"rst/Mdr65/Zasp66",3,"female","up"
"CC","GO:0045211","postsynaptic membrane","2/67","41/5833",0.048780487804878,4.24681470695304,2.24876460128968,0.0800541932467426,0.358863624899191,0.310918282301323,"Nmdar1/unc-13",2,"female","up"
"CC","GO:0008328","ionotropic glutamate receptor complex","1/67","10/5833",0.1,8.70597014925373,2.62883160418296,0.109184752815958,0.410129477075396,0.355334850583542,"Nmdar1",1,"female","up"
"CC","GO:0030990","intraciliary transport particle","1/67","10/5833",0.1,8.70597014925373,2.62883160418296,0.109184752815958,0.410129477075396,0.355334850583542,"Ttc26",1,"female","up"
"CC","GO:0098533","ATPase dependent transmembrane transport complex","1/67","10/5833",0.1,8.70597014925373,2.62883160418296,0.109184752815958,0.410129477075396,0.355334850583542,"Mdr65",1,"female","up"
"CC","GO:0098878","neurotransmitter receptor complex","1/67","10/5833",0.1,8.70597014925373,2.62883160418296,0.109184752815958,0.410129477075396,0.355334850583542,"Nmdar1",1,"female","up"
"CC","GO:0070161","anchoring junction","3/67","102/5833",0.0294117647058824,2.56057945566286,1.71387682757848,0.111805455806094,0.410129477075396,0.355334850583542,"rst/Mdr65/Zasp66",3,"female","up"
"CC","GO:0034702","monoatomic ion channel complex","2/67","50/5833",0.04,3.48238805970149,1.90014577180931,0.112102928320187,0.410129477075396,0.355334850583542,"Nmdar1/ort",2,"female","up"
"CC","GO:0043235","receptor complex","2/67","51/5833",0.0392156862745098,3.41410594088382,1.86642786282557,0.115846917269523,0.410129477075396,0.355334850583542,"Nmdar1/Tie",2,"female","up"
"CC","GO:0098797","plasma membrane protein complex","3/67","104/5833",0.0288461538461538,2.51133754305396,1.67628388245318,0.11672915885992,0.410129477075396,0.355334850583542,"Nmdar1/Mdr65/ort",3,"female","up"
"CC","GO:0030054","cell junction","6/67","300/5833",0.02,1.74119402985075,1.4207610574754,0.128758166744915,0.421096553312155,0.364836689914175,"Nmdar1/rst/Mdr65/unc-13/ort/Zasp66",6,"female","up"
"CC","GO:0030672","synaptic vesicle membrane","1/67","12/5833",0.0833333333333333,7.25497512437811,2.33790171872231,0.129568170249894,0.421096553312155,0.364836689914175,"unc-13",1,"female","up"
"CC","GO:0099501","exocytic vesicle membrane","1/67","12/5833",0.0833333333333333,7.25497512437811,2.33790171872231,0.129568170249894,0.421096553312155,0.364836689914175,"unc-13",1,"female","up"
"CC","GO:0032039","integrator complex","1/67","13/5833",0.0769230769230769,6.69690011481056,2.21644841822297,0.139586883974899,0.422006858528766,0.365625375405489,"IntS12",1,"female","up"
"CC","GO:0043596","nuclear replication fork","1/67","13/5833",0.0769230769230769,6.69690011481056,2.21644841822297,0.139586883974899,0.422006858528766,0.365625375405489,"timeout",1,"female","up"
"CC","GO:0070062","extracellular exosome","1/67","13/5833",0.0769230769230769,6.69690011481056,2.21644841822297,0.139586883974899,0.422006858528766,0.365625375405489,"Galk",1,"female","up"
"CC","GO:0097060","synaptic membrane","2/67","58/5833",0.0344827586206897,3.00205867215646,1.65167137910959,0.142883827137224,0.422156761996343,0.365755251284281,"Nmdar1/unc-13",2,"female","up"
"CC","GO:0098794","postsynapse","2/67","62/5833",0.032258064516129,2.8083774675012,1.54300820211394,0.15888655198314,0.448278209221714,0.388386788556465,"Nmdar1/unc-13",2,"female","up"
"CC","GO:0031090","organelle membrane","8/67","466/5833",0.0171673819742489,1.49458715008648,1.19971704573267,0.163209691454276,0.448278209221714,0.388386788556465,"ND2/ND4L/unc-13/ND6/knon/CG6790/ATPsynG/ATP8",8,"female","up"
"CC","GO:0043230","extracellular organelle","1/67","16/5833",0.0625,5.44123134328358,1.91744402881849,0.168966401937415,0.448278209221714,0.388386788556465,"Galk",1,"female","up"
"CC","GO:0065010","extracellular membrane-bounded organelle","1/67","16/5833",0.0625,5.44123134328358,1.91744402881849,0.168966401937415,0.448278209221714,0.388386788556465,"Galk",1,"female","up"
"CC","GO:1903561","extracellular vesicle","1/67","16/5833",0.0625,5.44123134328358,1.91744402881849,0.168966401937415,0.448278209221714,0.388386788556465,"Galk",1,"female","up"
"CC","GO:0048786","presynaptic active zone","1/67","18/5833",0.0555555555555556,4.83665008291874,1.75720497712254,0.188001412027305,0.488561555797244,0.423288149557126,"unc-13",1,"female","up"
"CC","GO:0005657","replication fork","1/67","20/5833",0.05,4.35298507462687,1.61903149276496,0.20660678134717,0.488561555797244,0.423288149557126,"timeout",1,"female","up"
"CC","GO:0005884","actin filament","1/67","20/5833",0.05,4.35298507462687,1.61903149276496,0.20660678134717,0.488561555797244,0.423288149557126,"Zasp66",1,"female","up"
"CC","GO:0005918","septate junction","1/67","20/5833",0.05,4.35298507462687,1.61903149276496,0.20660678134717,0.488561555797244,0.423288149557126,"Mdr65",1,"female","up"
"CC","GO:0030658","transport vesicle membrane","1/67","20/5833",0.05,4.35298507462687,1.61903149276496,0.20660678134717,0.488561555797244,0.423288149557126,"unc-13",1,"female","up"
"CC","GO:0005615","extracellular space","6/67","347/5833",0.0172910662824208,1.50535506903523,1.04626645667248,0.206699119760372,0.488561555797244,0.423288149557126,"ImpL2/CG3868/Ccp84Ad/Apoltp/mAcon2/Galk",6,"female","up"
"CC","GO:0042734","presynaptic membrane","1/67","22/5833",0.0454545454545455,3.9572591587517,1.4979045092531,0.224792063694828,0.521838719291566,0.45211937622832,"unc-13",1,"female","up"
"CC","GO:0070160","tight junction","1/67","24/5833",0.0416666666666667,3.62748756218905,1.39028693468553,0.242566603619752,0.553222078431014,0.479309816940231,"Mdr65",1,"female","up"
"CC","GO:0036064","ciliary basal body","1/67","25/5833",0.04,3.48238805970149,1.340711128065,0.251302709241628,0.563264693127787,0.488010705786828,"Ttc26",1,"female","up"
"CC","GO:0098802","plasma membrane signaling receptor complex","1/67","26/5833",0.0384615384615385,3.34845005740528,1.29360274890481,0.259939540935983,0.572166676866614,0.495723355665812,"Nmdar1",1,"female","up"
"CC","GO:0099568","cytoplasmic region","2/67","88/5833",0.0227272727272727,1.97862957937585,0.997065060551642,0.268224513076129,0.572166676866614,0.495723355665812,"unc-13/TTLL3B",2,"female","up"
"CC","GO:0000776","kinetochore","1/67","27/5833",0.037037037037037,3.22443338861249,1.24873881568825,0.268478209914334,0.572166676866614,0.495723355665812,"Mis12",1,"female","up"
"CC","GO:0120025","plasma membrane bounded cell projection","6/67","382/5833",0.0157068062827225,1.36742986637493,0.800713010501983,0.273726932090671,0.573943567286891,0.497262847770828,"Nmdar1/ImpL2/unc-13/ort/Ttc26/TTLL3B",6,"female","up"
"CC","GO:0042995","cell projection","6/67","387/5833",0.0155038759689922,1.34976281383779,0.767536678079035,0.283751046413533,0.579445432022386,0.502029645557856,"Nmdar1/ImpL2/unc-13/ort/Ttc26/TTLL3B",6,"female","up"
"CC","GO:0000779","condensed chromosome, centromeric region","1/67","29/5833",0.0344827586206897,3.00205867215646,1.16498662080808,0.285265443457175,0.579445432022386,0.502029645557856,"Mis12",1,"female","up"
"CC","GO:0043005","neuron projection","4/67","243/5833",0.0164609053497942,1.43308150605,0.743319816846325,0.304736740629303,0.596152790452634,0.516504846788922,"Nmdar1/ImpL2/unc-13/ort",4,"female","up"
"CC","GO:0005929","cilium","2/67","97/5833",0.0206185567010309,1.79504539159871,0.851102880505654,0.306707326866716,0.596152790452634,0.516504846788922,"Ttc26/TTLL3B",2,"female","up"
"CC","GO:0005930","axoneme","1/67","32/5833",0.03125,2.72061567164179,1.05200128575293,0.309737156445793,0.596152790452634,0.516504846788922,"TTLL3B",1,"female","up"
"CC","GO:0030018","Z disc","1/67","33/5833",0.0303030303030303,2.63817277250113,1.0172120975569,0.317709507853849,0.596152790452634,0.516504846788922,"Zasp66",1,"female","up"
"CC","GO:0097014","ciliary plasm","1/67","33/5833",0.0303030303030303,2.63817277250113,1.0172120975569,0.317709507853849,0.596152790452634,0.516504846788922,"TTLL3B",1,"female","up"
"CC","GO:0031674","I band","1/67","34/5833",0.0294117647058824,2.56057945566286,0.98368857980513,0.325591139401054,0.596152790452634,0.516504846788922,"Zasp66",1,"female","up"
"CC","GO:0043296","apical junction complex","1/67","34/5833",0.0294117647058824,2.56057945566286,0.98368857980513,0.325591139401054,0.596152790452634,0.516504846788922,"Mdr65",1,"female","up"
"CC","GO:0008021","synaptic vesicle","1/67","41/5833",0.024390243902439,2.12340735347652,0.77807910747617,0.378306421637065,0.683053261289144,0.591795133262659,"unc-13",1,"female","up"
"CC","GO:0032838","plasma membrane bounded cell projection cytoplasm","1/67","43/5833",0.0232558139534884,2.02464422075668,0.726903702206496,0.392607563746887,0.699164154617745,0.605753559061528,"TTLL3B",1,"female","up"
"CC","GO:0070382","exocytic vesicle","1/67","44/5833",0.0227272727272727,1.97862957937585,0.702347016211692,0.399636111800248,0.702063439649085,0.608265490222284,"unc-13",1,"female","up"
"CC","GO:0099738","cell cortex region","1/67","46/5833",0.0217391304347826,1.89260220635951,0.655117152830363,0.413453711787708,0.706105020632598,0.611767102896259,"unc-13",1,"female","up"
"CC","GO:0000775","chromosome, centromeric region","1/67","48/5833",0.0208333333333333,1.81374378109453,0.610190524894964,0.426957933249899,0.706105020632598,0.611767102896259,"Mis12",1,"female","up"
"CC","GO:0000793","condensed chromosome","1/67","48/5833",0.0208333333333333,1.81374378109453,0.610190524894964,0.426957933249899,0.706105020632598,0.611767102896259,"Mis12",1,"female","up"
"CC","GO:0043195","terminal bouton","1/67","48/5833",0.0208333333333333,1.81374378109453,0.610190524894964,0.426957933249899,0.706105020632598,0.611767102896259,"unc-13",1,"female","up"
"CC","GO:0045202","synapse","3/67","209/5833",0.0143540669856459,1.24966078697422,0.396195612828411,0.432923082053507,0.706105020632598,0.611767102896259,"Nmdar1/unc-13/ort",3,"female","up"
"CC","GO:0098590","plasma membrane region","3/67","210/5833",0.0142857142857143,1.24371002132196,0.38771074149862,0.435998182350379,0.706105020632598,0.611767102896259,"Nmdar1/rst/unc-13",3,"female","up"
"CC","GO:0030017","sarcomere","1/67","50/5833",0.02,1.74119402985075,0.567347517003669,0.440155778229459,0.706105020632598,0.611767102896259,"Zasp66",1,"female","up"
"CC","GO:0030424","axon","2/67","134/5833",0.0149253731343284,1.29939852973936,0.377930179704361,0.458264767062278,0.706105020632598,0.611767102896259,"ImpL2/unc-13",2,"female","up"
"CC","GO:0030016","myofibril","1/67","53/5833",0.0188679245283019,1.64263587721769,0.506579747690301,0.459393028360394,0.706105020632598,0.611767102896259,"Zasp66",1,"female","up"
"CC","GO:0045178","basal part of cell","1/67","53/5833",0.0188679245283019,1.64263587721769,0.506579747690301,0.459393028360394,0.706105020632598,0.611767102896259,"Apoltp",1,"female","up"
"CC","GO:0099503","secretory vesicle","1/67","54/5833",0.0185185185185185,1.61221669430625,0.487174491691487,0.465659579761753,0.706105020632598,0.611767102896259,"unc-13",1,"female","up"
"CC","GO:0043679","axon terminus","1/67","55/5833",0.0181818181818182,1.58290366350068,0.468164200209631,0.47185456300383,0.706105020632598,0.611767102896259,"unc-13",1,"female","up"
"CC","GO:0043292","contractile fiber","1/67","56/5833",0.0178571428571429,1.55463752665245,0.449532318528615,0.477978783197451,0.706105020632598,0.611767102896259,"Zasp66",1,"female","up"
"CC","GO:0044306","neuron projection terminus","1/67","56/5833",0.0178571428571429,1.55463752665245,0.449532318528615,0.477978783197451,0.706105020632598,0.611767102896259,"unc-13",1,"female","up"
"CC","GO:0030133","transport vesicle","1/67","57/5833",0.0175438596491228,1.5273631840796,0.43126328173898,0.484033036534091,0.707014547746425,0.612555114241842,"unc-13",1,"female","up"
"CC","GO:0016324","apical plasma membrane","1/67","60/5833",0.0166666666666667,1.45099502487562,0.378490895771766,0.501783825562292,0.724798859145532,0.62796338403702,"rst",1,"female","up"
"CC","GO:0000323","lytic vacuole","1/67","62/5833",0.0161290322580645,1.4041887337506,0.344876300765349,0.513282054880192,0.725289860156793,0.62838878572289,"CG13442",1,"female","up"
"CC","GO:0005764","lysosome","1/67","62/5833",0.0161290322580645,1.4041887337506,0.344876300765349,0.513282054880192,0.725289860156793,0.62838878572289,"CG13442",1,"female","up"
"CC","GO:0031594","neuromuscular junction","1/67","69/5833",0.0144927536231884,1.26173480423967,0.235739781225309,0.551504717213903,0.770920572449541,0.667923087061546,"unc-13",1,"female","up"
"CC","GO:0000228","nuclear chromosome","1/67","74/5833",0.0135135135135135,1.17648245260186,0.164684486954179,0.576980633660624,0.787992326654504,0.682713999611595,"timeout",1,"female","up"
"CC","GO:0150034","distal axon","1/67","74/5833",0.0135135135135135,1.17648245260186,0.164684486954179,0.576980633660624,0.787992326654504,0.682713999611595,"unc-13",1,"female","up"
"CC","GO:0015629","actin cytoskeleton","1/67","75/5833",0.0133333333333333,1.1607960199005,0.151070245888224,0.581902025837172,0.787992326654504,0.682713999611595,"Zasp66",1,"female","up"
"CC","GO:0062129","chitin-based extracellular matrix","1/67","81/5833",0.0123456790123457,1.0748111295375,0.0730816127535926,0.610267803154858,0.817884684640532,0.708612641753335,"Ccp84Ad",1,"female","up"
"CC","GO:0030659","cytoplasmic vesicle membrane","1/67","83/5833",0.0120481927710843,1.04891206617515,0.0483760019138908,0.619295001605715,0.821513777640234,0.71175687617413,"unc-13",1,"female","up"
"CC","GO:0012506","vesicle membrane","1/67","85/5833",0.0117647058823529,1.02423178226514,0.024257457608285,0.62811615641646,0.82479899327414,0.714603176358971,"unc-13",1,"female","up"
"CC","GO:0099513","polymeric cytoskeletal fiber","1/67","88/5833",0.0113636363636364,0.989314789687924,-0.0108864989280336,0.640971663910094,0.833263163083122,0.721936505667158,"Zasp66",1,"female","up"
"CC","GO:0005856","cytoskeleton","3/67","292/5833",0.0102739726027397,0.894448987937027,-0.199465868575578,0.659655913822527,0.849062067296321,0.735624625106934,"Ttc26/TTLL3B/Zasp66",3,"female","up"
"CC","GO:0015630","microtubule cytoskeleton","2/67","198/5833",0.0101010101010101,0.879390924167044,-0.18611203790068,0.670018796366993,0.849608619905957,0.736098156517711,"Ttc26/TTLL3B",2,"female","up"
"CC","GO:0098687","chromosomal region","1/67","96/5833",0.0104166666666667,0.906871890547264,-0.0991705720057098,0.673151445002412,0.849608619905957,0.736098156517711,"Mis12",1,"female","up"
"CC","GO:0031982","vesicle","3/67","301/5833",0.00996677740863787,0.867704666038578,-0.254036153956418,0.680032433892961,0.850040542366202,0.736472372738329,"unc-13/Galk/CG13442",3,"female","up"
"CC","GO:0005773","vacuole","1/67","104/5833",0.00961538461538462,0.83711251435132,-0.180664913738901,0.702486160445531,0.869744770075419,0.753544051806234,"CG13442",1,"female","up"
"CC","GO:0005815","microtubule organizing center","1/67","109/5833",0.0091743119266055,0.7987128577297,-0.22865900561423,0.719486729557009,0.876141916128606,0.759086518427213,"Ttc26",1,"female","up"
"CC","GO:0099080","supramolecular complex","2/67","218/5833",0.0091743119266055,0.7987128577297,-0.32649628238349,0.721132192505852,0.876141916128606,0.759086518427213,"Mis12/Zasp66",2,"female","up"
"CC","GO:0098793","presynapse","1/67","113/5833",0.00884955752212389,0.770439836217144,-0.265611315786872,0.732394994680883,0.880120950544708,0.762533940957763,"unc-13",1,"female","up"
"CC","GO:0045177","apical part of cell","1/67","116/5833",0.00862068965517241,0.750514668039115,-0.292549092761427,0.741690486275086,0.880120950544708,0.762533940957763,"rst",1,"female","up"
"CC","GO:0005938","cell cortex","1/67","117/5833",0.00854700854700855,0.744100012756729,-0.301387978128412,0.744717727383983,0.880120950544708,0.762533940957763,"unc-13",1,"female","up"
"CC","GO:0005789","endoplasmic reticulum membrane","1/67","125/5833",0.008,0.696477611940299,-0.369753756398331,0.767710146508097,0.887367086190379,0.768811969411907,"CG6790",1,"female","up"
"CC","GO:0042175","nuclear outer membrane-endoplasmic reticulum membrane network","1/67","129/5833",0.00775193798449612,0.674881406918894,-0.402490601442114,0.778428775995727,0.887367086190379,0.768811969411907,"CG6790",1,"female","up"
"CC","GO:0098827","endoplasmic reticulum subcompartment","1/67","131/5833",0.00763358778625954,0.664577873988834,-0.418526140583362,0.783603870984425,0.887367086190379,0.768811969411907,"CG6790",1,"female","up"
"CC","GO:0005694","chromosome","3/67","359/5833",0.00835654596100279,0.727518396873571,-0.574434947278782,0.790331435567652,0.887367086190379,0.768811969411907,"timeout/vrs/Mis12",3,"female","up"
"CC","GO:0031012","extracellular matrix","1/67","135/5833",0.00740740740740741,0.644886677722499,-0.449967831813467,0.793599435167507,0.887367086190379,0.768811969411907,"Ccp84Ad",1,"female","up"
"CC","GO:0099512","supramolecular fiber","1/67","137/5833",0.0072992700729927,0.635472273668156,-0.465387484747986,0.798425245624185,0.887367086190379,0.768811969411907,"Zasp66",1,"female","up"
"CC","GO:0099081","supramolecular polymer","1/67","139/5833",0.00719424460431655,0.626328787716096,-0.480614810404306,0.803139869960255,0.887367086190379,0.768811969411907,"Zasp66",1,"female","up"
"CC","GO:0030312","external encapsulating structure","1/67","140/5833",0.00714285714285714,0.621855010660981,-0.488158230450933,0.805456278234344,0.887367086190379,0.768811969411907,"Ccp84Ad",1,"female","up"
"CC","GO:0031410","cytoplasmic vesicle","2/67","274/5833",0.0072992700729927,0.635472273668156,-0.666217982784832,0.83035776515164,0.899554245580943,0.779370884835311,"unc-13/CG13442",2,"female","up"
"CC","GO:0097708","intracellular vesicle","2/67","274/5833",0.0072992700729927,0.635472273668156,-0.666217982784832,0.83035776515164,0.899554245580943,0.779370884835311,"unc-13/CG13442",2,"female","up"
"CC","GO:0005768","endosome","1/67","168/5833",0.00595238095238095,0.518212508884151,-0.682997389489731,0.860455755646464,0.924456596975539,0.8009462014282,"CG13442",1,"female","up"
"CC","GO:0000785","chromatin","1/67","194/5833",0.00515463917525773,0.448761347899677,-0.841682543021043,0.897654134789279,0.954319485473602,0.826819311301015,"vrs",1,"female","up"
"CC","GO:0031984","organelle subcompartment","1/67","202/5833",0.00495049504950495,0.430988621250185,-0.887181980447366,0.906992824883787,0.954319485473602,0.826819311301015,"CG6790",1,"female","up"
"CC","GO:0098588","bounding membrane of organelle","1/67","205/5833",0.0048780487804878,0.424681470695304,-0.90389313446479,0.910273970759436,0.954319485473602,0.826819311301015,"unc-13",1,"female","up"
"CC","GO:0032993","protein-DNA complex","1/67","213/5833",0.00469483568075117,0.40873099292271,-0.947579373941124,0.918476494902823,0.955215554698936,0.827595662775596,"vrs",1,"female","up"
"CC","GO:0140513","nuclear protein-containing complex","3/67","490/5833",0.00612244897959184,0.533018580566555,-1.16416327236669,0.929102416724264,0.958597731540907,0.830525969837061,"timeout/DNAlig3/IntS12",3,"female","up"
"CC","GO:0005654","nucleoplasm","1/67","252/5833",0.00396825396825397,0.345475005922767,-1.1449310530181,0.949013909303803,0.971431560704681,0.841645157857497,"CG9346",1,"female","up"
"CC","GO:0005783","endoplasmic reticulum","1/67","289/5833",0.00346020761245675,0.30124464184269,-1.31332224895395,0.967435489058314,0.975106487559008,0.844829102581489,"CG6790",1,"female","up"
"CC","GO:0031981","nuclear lumen","2/67","442/5833",0.00452488687782805,0.39393530087121,-1.42857911779505,0.967605668423939,0.975106487559008,0.844829102581489,"timeout/CG9346",2,"female","up"
"CC","GO:0140535","intracellular protein-containing complex","1/67","350/5833",0.00285714285714286,0.248742004264392,-1.56251014754007,0.984552128755406,0.984552128755406,0.853012775520878,"eIF4E3",1,"female","up"
"MF","GO:0003954","NADH dehydrogenase activity","3/75","12/5814",0.25,19.38,7.28550983232614,0.000417270716012208,0.0144166107948239,0.0132380972584049,"ND2/ND4L/ND6",3,"female","up"
"MF","GO:0003955","NAD(P)H dehydrogenase (quinone) activity","3/75","12/5814",0.25,19.38,7.28550983232614,0.000417270716012208,0.0144166107948239,0.0132380972584049,"ND2/ND4L/ND6",3,"female","up"
"MF","GO:0008137","NADH dehydrogenase (ubiquinone) activity","3/75","12/5814",0.25,19.38,7.28550983232614,0.000417270716012208,0.0144166107948239,0.0132380972584049,"ND2/ND4L/ND6",3,"female","up"
"MF","GO:0016655","oxidoreductase activity, acting on NAD(P)H, quinone or similar compound as acceptor","3/75","12/5814",0.25,19.38,7.28550983232614,0.000417270716012208,0.0144166107948239,0.0132380972584049,"ND2/ND4L/ND6",3,"female","up"
"MF","GO:0050136","NADH dehydrogenase (quinone) activity","3/75","12/5814",0.25,19.38,7.28550983232614,0.000417270716012208,0.0144166107948239,0.0132380972584049,"ND2/ND4L/ND6",3,"female","up"
"MF","GO:0004303","estradiol 17-beta-dehydrogenase [NAD(P)] activity","3/75","13/5814",0.230769230769231,17.8892307692308,6.96855599355177,0.000537433526181963,0.0144166107948239,0.0132380972584049,"CG9360/CG10962/CG40485",3,"female","up"
"MF","GO:0016491","oxidoreductase activity","13/75","356/5814",0.0365168539325843,2.83078651685393,4.0752909442531,0.000538462932372166,0.0144166107948239,0.0132380972584049,"CG9360/CG10962/CG12224/CG14893/Cyp28a5/ND2/ND4L/ND6/Cyp6a8/CG32026/CG40485/CG9521/GstO1",13,"female","up"
"MF","GO:0033764","steroid dehydrogenase activity, acting on the CH-OH group of donors, NAD or NADP as acceptor","3/75","14/5814",0.214285714285714,16.6114285714286,6.68506059524235,0.000677681533782732,0.0144166107948239,0.0132380972584049,"CG9360/CG10962/CG40485",3,"female","up"
"MF","GO:0016614","oxidoreductase activity, acting on CH-OH group of donors","6/75","84/5814",0.0714285714285714,5.53714285714286,4.78803665591828,0.000690156899752208,0.0144166107948239,0.0132380972584049,"CG9360/CG10962/CG12224/CG32026/CG40485/CG9521",6,"female","up"
"MF","GO:0016229","steroid dehydrogenase activity","3/75","15/5814",0.2,15.504,6.42938669328807,0.000839273031275849,0.015778332987986,0.0144885028557094,"CG9360/CG10962/CG40485",3,"female","up"
"MF","GO:0016651","oxidoreductase activity, acting on NAD(P)H","3/75","18/5814",0.166666666666667,12.92,5.78976585044574,0.00146385227820233,0.0250185662092763,0.0229733754665247,"ND2/ND4L/ND6",3,"female","up"
"MF","GO:0016616","oxidoreductase activity, acting on the CH-OH group of donors, NAD or NADP as acceptor","5/75","69/5814",0.072463768115942,5.61739130434783,4.41051080522598,0.00184576448562223,0.0289169769414149,0.0265531031264952,"CG9360/CG10962/CG12224/CG32026/CG40485",5,"female","up"
"MF","GO:0015453","oxidoreduction-driven active transmembrane transporter activity","3/75","23/5814",0.130434782608696,10.1113043478261,5.00472674326861,0.00303337536181908,0.0438672744632298,0.0402812598654518,"ND2/ND4L/ND6",3,"female","up"
"MF","GO:0009055","electron transfer activity","3/75","24/5814",0.125,9.69,4.87639408992161,0.00343482435693401,0.0461247842216852,0.0423542251531712,"ND2/ND4L/ND6",3,"female","up"
"MF","GO:0016874","ligase activity","5/75","86/5814",0.0581395348837209,4.50697674418605,3.74535758323756,0.00482820681275138,0.060513525386484,0.0555667310379808,"AsnS/DNAlig3/knon/ATPsynG/TTLL3B",5,"female","up"
"MF","GO:0015252","proton channel activity","2/75","11/5814",0.181818181818182,14.0945454545455,4.96904769880604,0.00837599930739243,0.0984179918618611,0.0903726241060763,"knon/ATPsynG",2,"female","up"
"MF","GO:0008374","O-acyltransferase activity","2/75","14/5814",0.142857142857143,11.0742857142857,4.31396845878926,0.0135164580469345,0.149476124283746,0.137256911436362,"CG5122/CG5265",2,"female","up"
"MF","GO:0015078","proton transmembrane transporter activity","3/75","40/5814",0.075,5.814,3.49229058103825,0.0144719794275406,0.151151785132091,0.138795592170565,"knon/ATPsynG/ATP8",3,"female","up"
"MF","GO:0106389","ecdysteroid 22-kinase activity","3/75","41/5814",0.0731707317073171,5.67219512195122,3.43182237982588,0.0154721883972316,0.153093232562081,0.140578332251855,"CG31436/CG11893/CG13360",3,"female","up"
"MF","GO:0015399","primary active transmembrane transporter activity","4/75","79/5814",0.0506329113924051,3.92506329113924,2.99222869133939,0.0185286048763335,0.174168885837535,0.159931115774668,"ND2/ND4L/Mdr65/ND6",4,"female","up"
"MF","GO:0016879","ligase activity, forming carbon-nitrogen bonds","2/75","22/5814",0.0909090909090909,7.04727272727273,3.24839849050548,0.0321105723510518,0.278362192288482,0.255606940287296,"AsnS/TTLL3B",2,"female","up"
"MF","GO:0005215","transporter activity","11/75","460/5814",0.0239130434782609,1.85373913043478,2.18111015923207,0.0325742990975883,0.278362192288482,0.255606940287296,"Nmdar1/ND2/ND4L/Mdr65/ND6/ort/knon/Apoltp/CG7309/ATPsynG/ATP8",11,"female","up"
"MF","GO:0016407","acetyltransferase activity","2/75","25/5814",0.08,6.2016,2.97932487407535,0.0406837828149275,0.332545703008973,0.305361115864902,"CG5122/CG5265",2,"female","up"
"MF","GO:0022857","transmembrane transporter activity","10/75","424/5814",0.0235849056603774,1.82830188679245,2.02483610961168,0.0444262570773407,0.348005680439169,0.319557287749293,"Nmdar1/ND2/ND4L/Mdr65/ND6/ort/knon/CG7309/ATPsynG/ATP8",10,"female","up"
"MF","GO:0005230","extracellular ligand-gated monoatomic ion channel activity","2/75","28/5814",0.0714285714285714,5.53714285714286,2.7509641801923,0.0500136055545866,0.376102313770491,0.345357107829566,"Nmdar1/ort",2,"female","up"
"MF","GO:0005216","monoatomic ion channel activity","4/75","114/5814",0.0350877192982456,2.72,2.12009892361099,0.0589486781063662,0.426244287846032,0.391400129937006,"Nmdar1/ort/knon/ATPsynG",4,"female","up"
"MF","GO:0030594","neurotransmitter receptor activity","2/75","33/5814",0.0606060606060606,4.69818181818182,2.43532218545895,0.0670599352455875,0.46693584541372,0.428765277983484,"Nmdar1/ort",2,"female","up"
"MF","GO:0015267","channel activity","4/75","127/5814",0.031496062992126,2.44157480314961,1.87763040781435,0.0807561503596156,0.523522629917508,0.480726267113501,"Nmdar1/ort/knon/ATPsynG",4,"female","up"
"MF","GO:0022803","passive transmembrane transporter activity","4/75","127/5814",0.031496062992126,2.44157480314961,1.87763040781435,0.0807561503596156,0.523522629917508,0.480726267113501,"Nmdar1/ort/knon/ATPsynG",4,"female","up"
"MF","GO:0016772","transferase activity, transferring phosphorus-containing groups","7/75","300/5814",0.0233333333333333,1.8088,1.64430004947199,0.0906941390184836,0.538474632867926,0.494455989867525,"CG31436/CG11893/Adk3/Tie/CG6790/CG13360/Galk",7,"female","up"
"MF","GO:0016301","kinase activity","6/75","242/5814",0.0247933884297521,1.92198347107438,1.67470356644056,0.090976275741513,0.538474632867926,0.494455989867525,"CG31436/CG11893/Adk3/Tie/CG13360/Galk",6,"female","up"
"MF","GO:0015318","inorganic molecular entity transmembrane transporter activity","5/75","192/5814",0.0260416666666667,2.01875,1.64091277547239,0.101023988144364,0.538474632867926,0.494455989867525,"Nmdar1/ort/knon/ATPsynG/ATP8",5,"female","up"
"MF","GO:0050839","cell adhesion molecule binding","2/75","42/5814",0.0476190476190476,3.69142857142857,2.00104577390031,0.101644131689852,0.538474632867926,0.494455989867525,"rst/ImpL2",2,"female","up"
"MF","GO:0022804","active transmembrane transporter activity","4/75","139/5814",0.0287769784172662,2.23079136690647,1.67888747565921,0.103971023561873,0.538474632867926,0.494455989867525,"ND2/ND4L/Mdr65/ND6",4,"female","up"
"MF","GO:0015075","monoatomic ion transmembrane transporter activity","5/75","200/5814",0.025,1.938,1.54310085843729,0.114933126537456,0.538474632867926,0.494455989867525,"Nmdar1/ort/knon/ATPsynG/ATP8",5,"female","up"
"MF","GO:0000339","RNA cap binding","1/75","10/5814",0.1,7.752,2.44276344618119,0.121851434235598,0.538474632867926,0.494455989867525,"eIF4E3",1,"female","up"
"MF","GO:0005310","dicarboxylic acid transmembrane transporter activity","1/75","10/5814",0.1,7.752,2.44276344618119,0.121851434235598,0.538474632867926,0.494455989867525,"CG7309",1,"female","up"
"MF","GO:0033293","monocarboxylic acid binding","1/75","10/5814",0.1,7.752,2.44276344618119,0.121851434235598,0.538474632867926,0.494455989867525,"Cyp6a8",1,"female","up"
"MF","GO:0098631","cell adhesion mediator activity","1/75","10/5814",0.1,7.752,2.44276344618119,0.121851434235598,0.538474632867926,0.494455989867525,"ImpL2",1,"female","up"
"MF","GO:0004721","phosphoprotein phosphatase activity","2/75","49/5814",0.0408163265306122,3.16408163265306,1.73894042671742,0.131220089162787,0.538474632867926,0.494455989867525,"CG14297/Ppm1",2,"female","up"
"MF","GO:0004714","transmembrane receptor protein tyrosine kinase activity","1/75","11/5814",0.0909090909090909,7.04727272727273,2.29478653793792,0.133198977728418,0.538474632867926,0.494455989867525,"Tie",1,"female","up"
"MF","GO:0005231","excitatory extracellular ligand-gated monoatomic ion channel activity","1/75","11/5814",0.0909090909090909,7.04727272727273,2.29478653793792,0.133198977728418,0.538474632867926,0.494455989867525,"ort",1,"female","up"
"MF","GO:0004970","glutamate-gated receptor activity","1/75","12/5814",0.0833333333333333,6.46,2.16424829621876,0.144401817065032,0.538474632867926,0.494455989867525,"Nmdar1",1,"female","up"
"MF","GO:0008483","transaminase activity","1/75","12/5814",0.0833333333333333,6.46,2.16424829621876,0.144401817065032,0.538474632867926,0.494455989867525,"Bcat",1,"female","up"
"MF","GO:0016881","acid-amino acid ligase activity","1/75","12/5814",0.0833333333333333,6.46,2.16424829621876,0.144401817065032,0.538474632867926,0.494455989867525,"TTLL3B",1,"female","up"
"MF","GO:0031369","translation initiation factor binding","1/75","12/5814",0.0833333333333333,6.46,2.16424829621876,0.144401817065032,0.538474632867926,0.494455989867525,"eIF4E3",1,"female","up"
"MF","GO:0015276","ligand-gated monoatomic ion channel activity","2/75","53/5814",0.0377358490566038,2.92528301886792,1.60951955786035,0.148913178357224,0.538474632867926,0.494455989867525,"Nmdar1/ort",2,"female","up"
"MF","GO:0016791","phosphatase activity","3/75","105/5814",0.0285714285714286,2.21485714285714,1.43599365292215,0.153177513682161,0.538474632867926,0.494455989867525,"CG10352/CG14297/Ppm1",3,"female","up"
"MF","GO:0005044","scavenger receptor activity","1/75","13/5814",0.0769230769230769,5.96307692307692,2.04778298735635,0.155461772894077,0.538474632867926,0.494455989867525,"CG2736",1,"female","up"
"MF","GO:0008378","galactosyltransferase activity","1/75","13/5814",0.0769230769230769,5.96307692307692,2.04778298735635,0.155461772894077,0.538474632867926,0.494455989867525,"C1GalTA",1,"female","up"
"MF","GO:0016769","transferase activity, transferring nitrogenous groups","1/75","13/5814",0.0769230769230769,5.96307692307692,2.04778298735635,0.155461772894077,0.538474632867926,0.494455989867525,"Bcat",1,"female","up"
"MF","GO:0019200","carbohydrate kinase activity","1/75","13/5814",0.0769230769230769,5.96307692307692,2.04778298735635,0.155461772894077,0.538474632867926,0.494455989867525,"Galk",1,"female","up"
"MF","GO:0140103","catalytic activity, acting on a glycoprotein","1/75","13/5814",0.0769230769230769,5.96307692307692,2.04778298735635,0.155461772894077,0.538474632867926,0.494455989867525,"C1GalTA",1,"female","up"
"MF","GO:0022834","ligand-gated channel activity","2/75","55/5814",0.0363636363636364,2.81890909090909,1.54928558411624,0.157935099717816,0.538474632867926,0.494455989867525,"Nmdar1/ort",2,"female","up"
"MF","GO:0022890","inorganic cation transmembrane transporter activity","4/75","163/5814",0.0245398773006135,1.90233128834356,1.33570283005543,0.158273412354278,0.538474632867926,0.494455989867525,"Nmdar1/knon/ATPsynG/ATP8",4,"female","up"
"MF","GO:0015036","disulfide oxidoreductase activity","1/75","14/5814",0.0714285714285714,5.53714285714286,1.94287632233617,0.166380643266935,0.538474632867926,0.494455989867525,"GstO1",1,"female","up"
"MF","GO:0019199","transmembrane receptor protein kinase activity","1/75","14/5814",0.0714285714285714,5.53714285714286,1.94287632233617,0.166380643266935,0.538474632867926,0.494455989867525,"Tie",1,"female","up"
"MF","GO:0051539","4 iron, 4 sulfur cluster binding","1/75","14/5814",0.0714285714285714,5.53714285714286,1.94287632233617,0.166380643266935,0.538474632867926,0.494455989867525,"mAcon2",1,"female","up"
"MF","GO:0004879","nuclear receptor activity","1/75","15/5814",0.0666666666666667,5.168,1.84760643530231,0.177160203914345,0.538474632867926,0.494455989867525,"Hr3",1,"female","up"
"MF","GO:0005254","chloride channel activity","1/75","15/5814",0.0666666666666667,5.168,1.84760643530231,0.177160203914345,0.538474632867926,0.494455989867525,"ort",1,"female","up"
"MF","GO:0098531","ligand-activated transcription factor activity","1/75","15/5814",0.0666666666666667,5.168,1.84760643530231,0.177160203914345,0.538474632867926,0.494455989867525,"Hr3",1,"female","up"
"MF","GO:0008236","serine-type peptidase activity","3/75","114/5814",0.0263157894736842,2.04,1.28192027939269,0.181591019773426,0.538474632867926,0.494455989867525,"CG1304/CG17684/CG10472",3,"female","up"
"MF","GO:0008066","glutamate receptor activity","1/75","16/5814",0.0625,4.845,1.76047519699791,0.187802208519694,0.538474632867926,0.494455989867525,"Nmdar1",1,"female","up"
"MF","GO:0019205","nucleobase-containing compound kinase activity","1/75","16/5814",0.0625,4.845,1.76047519699791,0.187802208519694,0.538474632867926,0.494455989867525,"Adk3",1,"female","up"
"MF","GO:0038023","signaling receptor activity","4/75","178/5814",0.0224719101123595,1.74202247191011,1.14935515407958,0.196636812802448,0.538474632867926,0.494455989867525,"Nmdar1/ort/Tie/Hr3",4,"female","up"
"MF","GO:0060089","molecular transducer activity","4/75","178/5814",0.0224719101123595,1.74202247191011,1.14935515407958,0.196636812802448,0.538474632867926,0.494455989867525,"Nmdar1/ort/Tie/Hr3",4,"female","up"
"MF","GO:0005253","monoatomic anion channel activity","1/75","17/5814",0.0588235294117647,4.56,1.68029482281056,0.198308388988998,0.538474632867926,0.494455989867525,"ort",1,"female","up"
"MF","GO:0016780","phosphotransferase activity, for other substituted phosphate groups","1/75","17/5814",0.0588235294117647,4.56,1.68029482281056,0.198308388988998,0.538474632867926,0.494455989867525,"CG6790",1,"female","up"
"MF","GO:0016860","intramolecular oxidoreductase activity","1/75","17/5814",0.0588235294117647,4.56,1.68029482281056,0.198308388988998,0.538474632867926,0.494455989867525,"CG9577",1,"female","up"
"MF","GO:0004725","protein tyrosine phosphatase activity","1/75","18/5814",0.0555555555555556,4.30666666666667,1.60610954240553,0.208680455717621,0.538474632867926,0.494455989867525,"CG14297",1,"female","up"
"MF","GO:0016620","oxidoreductase activity, acting on the aldehyde or oxo group of donors, NAD or NADP as acceptor","1/75","18/5814",0.0555555555555556,4.30666666666667,1.60610954240553,0.208680455717621,0.538474632867926,0.494455989867525,"CG14893",1,"female","up"
"MF","GO:0005342","organic acid transmembrane transporter activity","2/75","66/5814",0.0303030303030303,2.34909090909091,1.2599911207557,0.209088554251908,0.538474632867926,0.494455989867525,"Nmdar1/CG7309",2,"female","up"
"MF","GO:0046943","carboxylic acid transmembrane transporter activity","2/75","66/5814",0.0303030303030303,2.34909090909091,1.2599911207557,0.209088554251908,0.538474632867926,0.494455989867525,"Nmdar1/CG7309",2,"female","up"
"MF","GO:0008157","protein phosphatase 1 binding","1/75","19/5814",0.0526315789473684,4.08,1.53714018953842,0.21892009785378,0.548759711953475,0.503900295410806,"Zasp66",1,"female","up"
"MF","GO:0019905","syntaxin binding","1/75","19/5814",0.0526315789473684,4.08,1.53714018953842,0.21892009785378,0.548759711953475,0.503900295410806,"unc-13",1,"female","up"
"MF","GO:0042578","phosphoric ester hydrolase activity","3/75","129/5814",0.0232558139534884,1.80279069767442,1.05400976119787,0.231700279973754,0.550422097956542,0.505426786477452,"CG10352/CG14297/Ppm1",3,"female","up"
"MF","GO:0031406","carboxylic acid binding","1/75","21/5814",0.0476190476190476,3.69142857142857,1.41238605953794,0.23900876026461,0.550422097956542,0.505426786477452,"Cyp6a8",1,"female","up"
"MF","GO:0043177","organic acid binding","1/75","21/5814",0.0476190476190476,3.69142857142857,1.41238605953794,0.23900876026461,0.550422097956542,0.505426786477452,"Cyp6a8",1,"female","up"
"MF","GO:0004713","protein tyrosine kinase activity","1/75","22/5814",0.0454545454545455,3.52363636363636,1.35561548551461,0.24886105492716,0.550422097956542,0.505426786477452,"Tie",1,"female","up"
"MF","GO:0004722","protein serine/threonine phosphatase activity","1/75","22/5814",0.0454545454545455,3.52363636363636,1.35561548551461,0.24886105492716,0.550422097956542,0.505426786477452,"Ppm1",1,"female","up"
"MF","GO:0015108","chloride transmembrane transporter activity","1/75","22/5814",0.0454545454545455,3.52363636363636,1.35561548551461,0.24886105492716,0.550422097956542,0.505426786477452,"ort",1,"female","up"
"MF","GO:0016667","oxidoreductase activity, acting on a sulfur group of donors","1/75","22/5814",0.0454545454545455,3.52363636363636,1.35561548551461,0.24886105492716,0.550422097956542,0.505426786477452,"GstO1",1,"female","up"
"MF","GO:0019903","protein phosphatase binding","1/75","22/5814",0.0454545454545455,3.52363636363636,1.35561548551461,0.24886105492716,0.550422097956542,0.505426786477452,"Zasp66",1,"female","up"
"MF","GO:0022824","transmitter-gated monoatomic ion channel activity","1/75","22/5814",0.0454545454545455,3.52363636363636,1.35561548551461,0.24886105492716,0.550422097956542,0.505426786477452,"Nmdar1",1,"female","up"
"MF","GO:0022835","transmitter-gated channel activity","1/75","22/5814",0.0454545454545455,3.52363636363636,1.35561548551461,0.24886105492716,0.550422097956542,0.505426786477452,"Nmdar1",1,"female","up"
"MF","GO:0051287","NAD binding","1/75","23/5814",0.0434782608695652,3.3704347826087,1.30205049648313,0.258587474278069,0.558663674740854,0.512994639739642,"CG32026",1,"female","up"
"MF","GO:0005516","calmodulin binding","1/75","24/5814",0.0416666666666667,3.23,1.2513646513838,0.268189605072257,0.558663674740854,0.512994639739642,"unc-13",1,"female","up"
"MF","GO:0016903","oxidoreductase activity, acting on the aldehyde or oxo group of donors","1/75","24/5814",0.0416666666666667,3.23,1.2513646513838,0.268189605072257,0.558663674740854,0.512994639739642,"CG14893",1,"female","up"
"MF","GO:0017171","serine hydrolase activity","3/75","140/5814",0.0214285714285714,1.66114285714286,0.905164146357027,0.26994137419447,0.558663674740854,0.512994639739642,"CG1304/CG17684/CG10472",3,"female","up"
"MF","GO:0008509","monoatomic anion transmembrane transporter activity","1/75","25/5814",0.04,3.1008,1.20327701004643,0.277669014332979,0.558663674740854,0.512994639739642,"ort",1,"female","up"
"MF","GO:0008514","organic anion transmembrane transporter activity","2/75","82/5814",0.024390243902439,1.89073170731707,0.928567391057781,0.285735882107844,0.558663674740854,0.512994639739642,"Nmdar1/CG7309",2,"female","up"
"MF","GO:0016836","hydro-lyase activity","1/75","26/5814",0.0384615384615385,2.98153846153846,1.15754424454228,0.287027249593823,0.558663674740854,0.512994639739642,"mAcon2",1,"female","up"
"MF","GO:0019902","phosphatase binding","1/75","26/5814",0.0384615384615385,2.98153846153846,1.15754424454228,0.287027249593823,0.558663674740854,0.512994639739642,"Zasp66",1,"female","up"
"MF","GO:0038024","cargo receptor activity","1/75","26/5814",0.0384615384615385,2.98153846153846,1.15754424454228,0.287027249593823,0.558663674740854,0.512994639739642,"CG2736",1,"female","up"
"MF","GO:0004888","transmembrane signaling receptor activity","3/75","146/5814",0.0205479452054795,1.59287671232877,0.829351395742033,0.291122350006454,0.558663674740854,0.512994639739642,"Nmdar1/ort/Tie",3,"female","up"
"MF","GO:0004497","monooxygenase activity","2/75","84/5814",0.0238095238095238,1.84571428571429,0.89248038422658,0.295337878799737,0.558663674740854,0.512994639739642,"Cyp28a5/Cyp6a8",2,"female","up"
"MF","GO:0031072","heat shock protein binding","1/75","27/5814",0.037037037037037,2.87111111111111,1.11395436453534,0.296265839137787,0.558663674740854,0.512994639739642,"CG17349",1,"female","up"
"MF","GO:0051536","iron-sulfur cluster binding","1/75","27/5814",0.037037037037037,2.87111111111111,1.11395436453534,0.296265839137787,0.558663674740854,0.512994639739642,"mAcon2",1,"female","up"
"MF","GO:0051540","metal cluster binding","1/75","27/5814",0.037037037037037,2.87111111111111,1.11395436453534,0.296265839137787,0.558663674740854,0.512994639739642,"mAcon2",1,"female","up"
"MF","GO:0005261","monoatomic cation channel activity","2/75","85/5814",0.0235294117647059,1.824,0.874802356462762,0.30013314440865,0.558663674740854,0.512994639739642,"knon/ATPsynG",2,"female","up"
"MF","GO:0022836","gated channel activity","2/75","85/5814",0.0235294117647059,1.824,0.874802356462762,0.30013314440865,0.558663674740854,0.512994639739642,"Nmdar1/ort",2,"female","up"
"MF","GO:0003743","translation initiation factor activity","1/75","28/5814",0.0357142857142857,2.76857142857143,1.07232167981048,0.305386292233461,0.56286885235187,0.516856057030833,"eIF4E3",1,"female","up"
"MF","GO:0016747","acyltransferase activity, transferring groups other than amino-acyl groups","2/75","87/5814",0.0229885057471264,1.78206896551724,0.840144072952762,0.309708777868791,0.565293691644008,0.519082673178148,"CG5122/CG5265",2,"female","up"
"MF","GO:0004364","glutathione transferase activity","1/75","29/5814",0.0344827586206897,2.67310344827586,1.03248272123676,0.314390099368354,0.568320564242794,0.52186210826326,"GstO1",1,"female","up"
"MF","GO:0005244","voltage-gated monoatomic ion channel activity","1/75","32/5814",0.03125,2.4225,0.922360936008387,0.340716272988265,0.593098697424018,0.54461470536136,"Nmdar1",1,"female","up"
"MF","GO:0016835","carbon-oxygen lyase activity","1/75","32/5814",0.03125,2.4225,0.922360936008387,0.340716272988265,0.593098697424018,0.54461470536136,"mAcon2",1,"female","up"
"MF","GO:0022832","voltage-gated channel activity","1/75","32/5814",0.03125,2.4225,0.922360936008387,0.340716272988265,0.593098697424018,0.54461470536136,"Nmdar1",1,"female","up"
"MF","GO:0140359","ABC-type transporter activity","1/75","32/5814",0.03125,2.4225,0.922360936008387,0.340716272988265,0.593098697424018,0.54461470536136,"Mdr65",1,"female","up"
"MF","GO:0051087","protein-folding chaperone binding","1/75","33/5814",0.0303030303030303,2.34909090909091,0.888401701873423,0.349268033542724,0.602333874382555,0.553094935043332,"CG17349",1,"female","up"
"MF","GO:0020037","heme binding","2/75","96/5814",0.0208333333333333,1.615,0.694546516715853,0.352429394585537,0.602333874382555,0.553094935043332,"Cyp28a5/Cyp6a8",2,"female","up"
"MF","GO:0046906","tetrapyrrole binding","2/75","97/5814",0.0206185567010309,1.59835051546392,0.679313305906728,0.357127328412888,0.604365721024207,0.554960684479116,"Cyp28a5/Cyp6a8",2,"female","up"
"MF","GO:0000149","SNARE binding","1/75","35/5814",0.0285714285714286,2.21485714285714,0.824034827266938,0.366044535390281,0.604365721024207,0.554960684479116,"unc-13",1,"female","up"
"MF","GO:0015103","inorganic anion transmembrane transporter activity","1/75","35/5814",0.0285714285714286,2.21485714285714,0.824034827266938,0.366044535390281,0.604365721024207,0.554960684479116,"ort",1,"female","up"
"MF","GO:0005506","iron ion binding","2/75","100/5814",0.02,1.5504,0.634630569820217,0.371149176272014,0.604365721024207,0.554960684479116,"Cyp28a5/Cyp6a8",2,"female","up"
"MF","GO:0016757","glycosyltransferase activity","2/75","100/5814",0.02,1.5504,0.634630569820217,0.371149176272014,0.604365721024207,0.554960684479116,"Ugt303B3/C1GalTA",2,"female","up"
"MF","GO:0008324","monoatomic cation transmembrane transporter activity","3/75","169/5814",0.0177514792899408,1.37609467455621,0.567180438314908,0.372906508717064,0.604365721024207,0.554960684479116,"knon/ATPsynG/ATP8",3,"female","up"
"MF","GO:0016209","antioxidant activity","1/75","37/5814",0.027027027027027,2.09513513513514,0.763888675394174,0.382394142609982,0.611645813020711,0.561645651374001,"GstO1",1,"female","up"
"MF","GO:0004252","serine-type endopeptidase activity","2/75","104/5814",0.0192307692307692,1.49076923076923,0.577282806311185,0.389660117186784,0.611645813020711,0.561645651374001,"CG1304/CG10472",2,"female","up"
"MF","GO:0016705","oxidoreductase activity, acting on paired donors, with incorporation or reduction of molecular oxygen","2/75","104/5814",0.0192307692307692,1.49076923076923,0.577282806311185,0.389660117186784,0.611645813020711,0.561645651374001,"Cyp28a5/Cyp6a8",2,"female","up"
"MF","GO:0000287","magnesium ion binding","1/75","38/5814",0.0263157894736842,2.04,0.735231704151076,0.39041222107705,0.611645813020711,0.561645651374001,"CG32026",1,"female","up"
"MF","GO:0001664","G protein-coupled receptor binding","1/75","40/5814",0.025,1.938,0.680467088702508,0.406141502453907,0.631029772407723,0.579445031774169,"CG17349",1,"female","up"
"MF","GO:0005319","lipid transporter activity","1/75","41/5814",0.024390243902439,1.89073170731707,0.654260562284617,0.413855286194114,0.637744211512241,0.585610586159057,"Apoltp",1,"female","up"
"MF","GO:0008135","translation factor activity, RNA binding","1/75","42/5814",0.0238095238095238,1.84571428571429,0.628778714516447,0.421470192401535,0.64419834285763,0.591537112142505,"eIF4E3",1,"female","up"
"MF","GO:0042277","peptide binding","1/75","43/5814",0.0232558139534884,1.80279069767442,0.603981592549958,0.428987471606297,0.64519715729587,0.592454276576275,"ImpL2",1,"female","up"
"MF","GO:0050660","flavin adenine dinucleotide binding","1/75","43/5814",0.0232558139534884,1.80279069767442,0.603981592549958,0.428987471606297,0.64519715729587,0.592454276576275,"CG9521",1,"female","up"
"MF","GO:0016773","phosphotransferase activity, alcohol group as acceptor","3/75","187/5814",0.0160427807486631,1.24363636363636,0.387112446780558,0.435900993735588,0.650391958907068,0.597224419153187,"Adk3/Tie/Galk",3,"female","up"
"MF","GO:0015171","amino acid transmembrane transporter activity","1/75","46/5814",0.0217391304347826,1.68521739130435,0.533343919171594,0.450965819627982,0.662489999592867,0.608333482268926,"Nmdar1",1,"female","up"
"MF","GO:0005509","calcium ion binding","2/75","119/5814",0.0168067226890756,1.30285714285714,0.381572544568705,0.4567953929014,0.662489999592867,0.608333482268926,"unc-13/CG31345",2,"female","up"
"MF","GO:0046914","transition metal ion binding","6/75","419/5814",0.0143198090692124,1.11007159904535,0.267361730437956,0.457718598389548,0.662489999592867,0.608333482268926,"dbf/Cyp28a5/grau/Cyp6a8/Hr3/CG13442",6,"female","up"
"MF","GO:0016765","transferase activity, transferring alkyl or aryl (other than methyl) groups","1/75","47/5814",0.0212765957446809,1.64936170212766,0.510944002116849,0.458104786952514,0.662489999592867,0.608333482268926,"GstO1",1,"female","up"
"MF","GO:0016746","acyltransferase activity","3/75","198/5814",0.0151515151515152,1.17454545454545,0.285653973736805,0.473312516177979,0.679257656805038,0.623730435140125,"CG5122/CG5265/CG13442",3,"female","up"
"MF","GO:0008238","exopeptidase activity","1/75","52/5814",0.0192307692307692,1.49076923076923,0.406354479916095,0.492448533812288,0.696092664336166,0.639189232649111,"CG17684",1,"female","up"
"MF","GO:0019904","protein domain specific binding","1/75","52/5814",0.0192307692307692,1.49076923076923,0.406354479916095,0.492448533812288,0.696092664336166,0.639189232649111,"rst",1,"female","up"
"MF","GO:0090079","translation regulator activity, nucleic acid binding","1/75","53/5814",0.0188679245283019,1.46264150943396,0.386764205789257,0.499054982955654,0.700166692504948,0.642930221561094,"eIF4E3",1,"female","up"
"MF","GO:0033218","amide binding","1/75","55/5814",0.0181818181818182,1.40945454545455,0.348759609699097,0.512014377359407,0.713027429211619,0.654739632646727,"ImpL2",1,"female","up"
"MF","GO:0042626","ATPase-coupled transmembrane transporter activity","1/75","56/5814",0.0178571428571429,1.38428571428571,0.330312572279709,0.518369460133855,0.716326260645476,0.657768794769642,"Mdr65",1,"female","up"
"MF","GO:0008270","zinc ion binding","4/75","291/5814",0.013745704467354,1.06556701030928,0.131176800842815,0.522003711215054,0.716326260645476,0.657768794769642,"dbf/grau/Hr3/CG13442",4,"female","up"
"MF","GO:0045182","translation regulator activity","1/75","59/5814",0.0169491525423729,1.31389830508475,0.277016088917142,0.536948796936976,0.731495462493851,0.67169796108058,"eIF4E3",1,"female","up"
"MF","GO:0008194","UDP-glycosyltransferase activity","1/75","60/5814",0.0166666666666667,1.292,0.259888001016473,0.542983347802263,0.734394743790111,0.674360235059228,"Ugt303B3",1,"female","up"
"MF","GO:0016853","isomerase activity","1/75","63/5814",0.0158730158730159,1.23047619047619,0.210250645896926,0.56062527880959,0.752839660115735,0.691297336276486,"CG9577",1,"female","up"
"MF","GO:0008061","chitin binding","1/75","65/5814",0.0153846153846154,1.19261538461538,0.178510668771084,0.572011492695239,0.759702692181345,0.697599336605491,"CG43218",1,"female","up"
"MF","GO:0008289","lipid binding","2/75","148/5814",0.0135135135135135,1.04756756756757,0.0670063863589991,0.573817990902931,0.759702692181345,0.697599336605491,"unc-13/Cyp6a8",2,"female","up"
"MF","GO:0008233","peptidase activity","3/75","235/5814",0.0127659574468085,0.989617021276596,-0.0185733565242638,0.590003381616843,0.770044842728952,0.707096048194559,"CG1304/CG17684/CG10472",3,"female","up"
"MF","GO:0008010","structural constituent of chitin-based larval cuticle","1/75","69/5814",0.0144927536231884,1.12347826086957,0.11794586334126,0.593917564870734,0.770044842728952,0.707096048194559,"Ccp84Ad",1,"female","up"
"MF","GO:0016758","hexosyltransferase activity","1/75","69/5814",0.0144927536231884,1.12347826086957,0.11794586334126,0.593917564870734,0.770044842728952,0.707096048194559,"C1GalTA",1,"female","up"
"MF","GO:0016829","lyase activity","1/75","70/5814",0.0142857142857143,1.10742857142857,0.103365184883202,0.599218902143963,0.7709067563559,0.707887503036773,"mAcon2",1,"female","up"
"MF","GO:0004175","endopeptidase activity","2/75","156/5814",0.0128205128205128,0.993846153846154,-0.00890615282445504,0.602783474384666,0.7709067563559,0.707887503036773,"CG1304/CG10472",2,"female","up"
"MF","GO:0005102","signaling receptor binding","2/75","166/5814",0.0120481927710843,0.933975903614458,-0.0986556237857401,0.636911019458661,0.797427276180447,0.732240052035797,"Apoltp/CG17349",2,"female","up"
"MF","GO:0061630","ubiquitin protein ligase activity","1/75","78/5814",0.0128205128205128,0.993846153846154,-0.00625463607631749,0.639242470608307,0.797427276180447,0.732240052035797,"CG13442",1,"female","up"
"MF","GO:0003779","actin binding","1/75","80/5814",0.0125,0.969,-0.0319146821746846,0.648615641671595,0.797427276180447,0.732240052035797,"Zasp66",1,"female","up"
"MF","GO:0005214","structural constituent of chitin-based cuticle","1/75","80/5814",0.0125,0.969,-0.0319146821746846,0.648615641671595,0.797427276180447,0.732240052035797,"Ccp84Ad",1,"female","up"
"MF","GO:0140097","catalytic activity, acting on DNA","1/75","80/5814",0.0125,0.969,-0.0319146821746846,0.648615641671595,0.797427276180447,0.732240052035797,"DNAlig3",1,"female","up"
"MF","GO:0030554","adenyl nucleotide binding","5/75","425/5814",0.0117647058823529,0.912,-0.215395053786963,0.650062257661744,0.797427276180447,0.732240052035797,"DNAlig3/Mdr65/Tie/CG32026/Galk",5,"female","up"
"MF","GO:0042302","structural constituent of cuticle","1/75","81/5814",0.0123456790123457,0.957037037037037,-0.0445100871290778,0.653211704956323,0.797427276180447,0.732240052035797,"Ccp84Ad",1,"female","up"
"MF","GO:0061659","ubiquitin-like protein ligase activity","1/75","84/5814",0.0119047619047619,0.922857142857143,-0.0814086836963436,0.666646959057487,0.808578247114887,0.742479465435843,"CG13442",1,"female","up"
"MF","GO:0016788","hydrolase activity, acting on ester bonds","3/75","269/5814",0.0111524163568773,0.86453531598513,-0.260054356660985,0.681867031390985,0.821737191676315,0.754562706802439,"CG10352/CG14297/Ppm1",3,"female","up"
"MF","GO:0004842","ubiquitin-protein transferase activity","1/75","93/5814",0.010752688172043,0.833548387096774,-0.184972083741518,0.703946579503398,0.842942400934006,0.77403445550491,"CG13442",1,"female","up"
"MF","GO:0005543","phospholipid binding","1/75","101/5814",0.0099009900990099,0.767524752475248,-0.269412644248311,0.733625141860816,0.867878862652905,0.796932438270305,"unc-13",1,"female","up"
"MF","GO:0005524","ATP binding","4/75","381/5814",0.010498687664042,0.813858267716535,-0.429634419950899,0.734003931711765,0.867878862652905,0.796932438270305,"DNAlig3/Mdr65/Tie/Galk",4,"female","up"
"MF","GO:0019787","ubiquitin-like protein transferase activity","1/75","103/5814",0.00970873786407767,0.752621359223301,-0.289559229301921,0.74057375180513,0.868103766514661,0.797138956933956,"CG13442",1,"female","up"
"MF","GO:0000987","cis-regulatory region sequence-specific DNA binding","2/75","204/5814",0.00980392156862745,0.76,-0.398894065871721,0.746135554683766,0.868103766514661,0.797138956933956,"grau/Hr3",2,"female","up"
"MF","GO:0016755","aminoacyltransferase activity","1/75","106/5814",0.00943396226415094,0.731320754716981,-0.319122739063077,0.750662643338416,0.868103766514661,0.797138956933956,"CG13442",1,"female","up"
"MF","GO:0032559","adenyl ribonucleotide binding","4/75","391/5814",0.010230179028133,0.79304347826087,-0.484351193227107,0.752664435861116,0.868103766514661,0.797138956933956,"DNAlig3/Mdr65/Tie/Galk",4,"female","up"
"MF","GO:0016887","ATP hydrolysis activity","1/75","136/5814",0.00735294117647059,0.57,-0.580033258770286,0.832498479850142,0.953552696046887,0.875602699617522,"Mdr65",1,"female","up"
"MF","GO:0004672","protein kinase activity","1/75","138/5814",0.0072463768115942,0.561739130434783,-0.595612394499234,0.836894653445406,0.953552696046887,0.875602699617522,"Tie",1,"female","up"
"MF","GO:0003729","mRNA binding","1/75","160/5814",0.00625,0.4845,-0.755828806049308,0.878341905507,0.973854833999026,0.894245200312655,"CG9346",1,"female","up"
"MF","GO:0003700","DNA-binding transcription factor activity","2/75","282/5814",0.00709219858156028,0.549787234042553,-0.885959674006191,0.88575049819515,0.973854833999026,0.894245200312655,"grau/Hr3",2,"female","up"
"MF","GO:0000976","transcription cis-regulatory region binding","2/75","283/5814",0.00706713780918728,0.547844522968198,-0.891439482136221,0.886965290418591,0.973854833999026,0.894245200312655,"grau/Hr3",2,"female","up"
"MF","GO:0001067","transcription regulatory region nucleic acid binding","2/75","284/5814",0.00704225352112676,0.545915492957746,-0.896904017979607,0.888168300323704,0.973854833999026,0.894245200312655,"grau/Hr3",2,"female","up"
"MF","GO:0035639","purine ribonucleoside triphosphate binding","4/75","491/5814",0.00814663951120163,0.63152749490835,-0.975394451352257,0.888558383632283,0.973854833999026,0.894245200312655,"DNAlig3/Mdr65/Tie/Galk",4,"female","up"
"MF","GO:1990837","sequence-specific double-stranded DNA binding","2/75","298/5814",0.00671140939597315,0.520268456375839,-0.971867276852093,0.903826443809342,0.973854833999026,0.894245200312655,"grau/Hr3",2,"female","up"
"MF","GO:0003690","double-stranded DNA binding","2/75","314/5814",0.00636942675159236,0.49375796178344,-1.05427611156489,0.919240416691086,0.973854833999026,0.894245200312655,"grau/Hr3",2,"female","up"
"MF","GO:0000978","RNA polymerase II cis-regulatory region sequence-specific DNA binding","1/75","199/5814",0.0050251256281407,0.389547738693467,-1.00165011573882,0.927857021418979,0.973854833999026,0.894245200312655,"Hr3",1,"female","up"
"MF","GO:0008092","cytoskeletal protein binding","1/75","199/5814",0.0050251256281407,0.389547738693467,-1.00165011573882,0.927857021418979,0.973854833999026,0.894245200312655,"Zasp66",1,"female","up"
"MF","GO:0043565","sequence-specific DNA binding","2/75","331/5814",0.00604229607250755,0.468398791540785,-1.1384226143825,0.93308935895518,0.973854833999026,0.894245200312655,"grau/Hr3",2,"female","up"
"MF","GO:0140640","catalytic activity, acting on a nucleic acid","1/75","230/5814",0.00434782608695652,0.33704347826087,-1.17270544404131,0.95250307261739,0.973854833999026,0.894245200312655,"DNAlig3",1,"female","up"
"MF","GO:0140657","ATP-dependent activity","1/75","237/5814",0.00421940928270042,0.327088607594937,-1.20905042080387,0.956794921148924,0.973854833999026,0.894245200312655,"Mdr65",1,"female","up"
"MF","GO:0017111","ribonucleoside triphosphate phosphatase activity","1/75","238/5814",0.00420168067226891,0.325714285714286,-1.21418184664141,0.957375946953807,0.973854833999026,0.894245200312655,"Mdr65",1,"female","up"
"MF","GO:0000981","DNA-binding transcription factor activity, RNA polymerase II-specific","1/75","243/5814",0.00411522633744856,0.319012345679012,-1.23961972162976,0.96016741255326,0.973854833999026,0.894245200312655,"Hr3",1,"female","up"
"MF","GO:0140110","transcription regulator activity","2/75","384/5814",0.00520833333333333,0.40375,-1.38199594973633,0.963339645262268,0.973854833999026,0.894245200312655,"grau/Hr3",2,"female","up"
"MF","GO:0000977","RNA polymerase II transcription regulatory region sequence-specific DNA binding","1/75","251/5814",0.00398406374501992,0.308844621513944,-1.27958960564035,0.964263071006253,0.973854833999026,0.894245200312655,"Hr3",1,"female","up"
"MF","GO:0016462","pyrophosphatase activity","1/75","254/5814",0.00393700787401575,0.305196850393701,-1.29435653816404,0.96568933339255,0.973854833999026,0.894245200312655,"Mdr65",1,"female","up"
"MF","GO:0016817","hydrolase activity, acting on acid anhydrides","1/75","258/5814",0.00387596899224806,0.30046511627907,-1.3138651450745,0.967503985029851,0.973854833999026,0.894245200312655,"Mdr65",1,"female","up"
"MF","GO:0016818","hydrolase activity, acting on acid anhydrides, in phosphorus-containing anhydrides","1/75","258/5814",0.00387596899224806,0.30046511627907,-1.3138651450745,0.967503985029851,0.973854833999026,0.894245200312655,"Mdr65",1,"female","up"
"MF","GO:0019899","enzyme binding","1/75","266/5814",0.0037593984962406,0.291428571428571,-1.35228711321373,0.970853886615119,0.973854833999026,0.894245200312655,"Zasp66",1,"female","up"
"MF","GO:0005198","structural molecule activity","1/75","272/5814",0.00367647058823529,0.285,-1.38060650046799,0.973140462938208,0.973854833999026,0.894245200312655,"Ccp84Ad",1,"female","up"
"MF","GO:0044877","protein-containing complex binding","1/75","272/5814",0.00367647058823529,0.285,-1.38060650046799,0.973140462938208,0.973854833999026,0.894245200312655,"Ttc26",1,"female","up"
"MF","GO:0003723","RNA binding","2/75","413/5814",0.00484261501210654,0.375399515738499,-1.50540354569021,0.973854833999026,0.973854833999026,0.894245200312655,"CG9346/eIF4E3",2,"female","up"
