"baseMean","log2FoldChange","lfcSE","stat","pvalue","padj","gene"
724.315636727608,-3.84515880115291,0.198993745637893,-19.3230133380669,3.43972595115746e-83,2.99359349529233e-79,"CG15387"
537.976591576807,4.00648431782597,0.217539776188683,18.4172494245418,9.55364828904246e-76,4.15727005297683e-72,"timeout"
1542.23031265105,-10.3060366651687,0.848455656298365,-12.1468182675943,5.96417728318044e-34,1.73020782985065e-30,"CG13326"
928.824853810829,-2.12884247608014,0.18541102307967,-11.4817470974495,1.62954023280995e-30,3.54547216153624e-27,"CG32437"
261.821755543417,-3.53665517017313,0.325544822044041,-10.8638040929881,1.71454776837845e-27,2.98434184563953e-24,"Tina-1"
135.764613092263,2.71085412466085,0.29845809174001,9.08286355667751,1.05755150596255e-19,1.53397845939867e-16,"CG11893"
223.208282053173,1.74729832890737,0.202077290567142,8.64668327650012,5.30178575790182e-18,6.59163449300279e-15,"CG13367"
987.330492656911,8.70397085469632,1.03716435322536,8.39208446340141,4.77597573937747e-17,5.19566460747526e-14,"dbf"
81.4857890117946,-3.46533331068487,0.431323065026142,-8.03419430044817,9.41958219838726e-16,9.10873598584048e-13,"Vha16-1"
193.761995982798,1.76271900944449,0.22139049017289,7.96203580410313,1.69231487234328e-15,1.47282163340035e-12,"CG31436"
323.18452800213,-2.29340829122395,0.295968996101044,-7.74881261698433,9.27557744930962e-15,7.33866823103106e-12,"Bin1"
213.820241170982,-11.1105541546759,1.45764445402521,-7.62226626938734,2.49260190859032e-14,1.80775953420513e-11,"asRNA:CR44114"
479.741340561682,-1.9424909839627,0.25526356719761,-7.60974629199215,2.74634490993929e-14,1.83857228855397e-11,"beat-IIIc"
43.7756295767537,9.37310697913468,1.26134261044738,7.43105552884652,1.07734469282804e-13,6.69723632977317e-11,"lncRNA:CR46123"
975.058401052728,-1.79706847177255,0.242875858328356,-7.39912350342787,1.37086310845972e-13,7.95374775528331e-11,"Paip2"
120.88730782287,2.36343446891257,0.328448211684099,7.19575989406121,6.21138506052307e-13,3.37860526135827e-10,"CG14893"
37.3997617452616,6.68597303804026,0.934879611551613,7.15169413839671,8.5713386866828e-13,4.38802121118826e-10,"rst"
148.158061941435,-10.4877122217065,1.46835576563273,-7.14248717318669,9.16570724770871e-13,4.43161945426716e-10,"sau"
130.566687603725,-3.40587012571234,0.482974658252911,-7.05186093620848,1.7654059630739e-12,8.08648847191165e-10,"CG17560"
475.192868739747,1.04484149627115,0.148976050810316,7.01348633278981,2.3245168255706e-12,1.01151349664705e-09,"DNAlig3"
815.571406565806,-1.88632282676843,0.279667415720871,-6.74487881223575,1.53154802606779e-11,6.34717260517523e-09,"LysP"
282.606279666747,1.29018867549007,0.197502761086807,6.53250956285621,6.46766659207181e-11,2.46318192733245e-08,"CG9360"
651.252179994829,1.70711630026266,0.261364991152093,6.5315415532039,6.50961557263545e-11,2.46318192733245e-08,"Drsl5"
1541.31999404321,1.23373942184251,0.189597762688736,6.50714124653437,7.65943884288379e-11,2.77750401040073e-08,"CG10962"
382.344051413393,-1.45160742642424,0.223672708510798,-6.4898727971283,8.59088766336604e-11,2.99065981337099e-08,"Bap170"
64.3951843471402,-6.80187008858243,1.04945985840157,-6.48130562987167,9.0932258931815e-11,3.00572163577947e-08,"CG33919"
588.558980481132,2.39676779721783,0.370013779500844,6.47750956856558,9.32488615029825e-11,3.00572163577947e-08,"Nmdar1"
357.267500156382,1.27677712689219,0.201959795283729,6.32193712168539,2.58304492954951e-10,8.02865715066763e-08,"Cyp28a5"
125.348671486428,1.58058245435026,0.258420997631353,6.11630815157298,9.57680553648455e-10,2.87403236496638e-07,"CG12224"
663.15231690382,-2.0999365645268,0.344107350537673,-6.10256235807117,1.04381364978679e-09,3.02810339803147e-07,"LysD"
838.634386558184,-1.28683004187519,0.220853915813486,-5.82661184491717,5.65639637261047e-09,1.58798766551061e-06,"Cyp304a1"
2194.6265063256,1.15424338520371,0.199445877762077,5.78725114880856,7.154756698289e-09,1.94587023578779e-06,"AsnS"
28.1207688423486,2.63961177491408,0.458622388862423,5.75552314718309,8.63738851704132e-09,2.27791491708517e-06,"CG7173"
690.005396746106,0.961645511606927,0.169778823642019,5.66410751928973,1.47791719579651e-08,3.674946672862e-06,"CG9577"
153.402839010927,-2.53471641095591,0.447347969616469,-5.6660957087366,1.46087945785191e-08,3.674946672862e-06,"LysE"
300.60378754048,-2.76731720174069,0.490906701570531,-5.63715507017396,1.72882423729943e-08,4.06647495600457e-06,"AttD"
805.205631473151,1.54284270810478,0.273547969611891,5.64011756436635,1.69934098336161e-08,4.06647495600457e-06,"eIF4E3"
463.618970580871,-1.73267863327948,0.314169821672794,-5.51510206821856,3.48577598085042e-08,7.98334430561611e-06,"CG32440"
167.540376397195,-7.77200990859047,1.4113540246433,-5.5067756019293,3.65465624416711e-08,8.15550597256061e-06,"LysX"
18.0868911758237,7.05939484023681,1.30376431917005,5.41462497204302,6.14172950920168e-08,1.33628679796456e-05,"lncRNA:CR44580"
682.286316234858,0.992788897199831,0.183940136772774,5.39734782532128,6.76331941743121e-08,1.43563826560741e-05,"CG2736"
429.684684613354,1.25310692144664,0.232588495413209,5.38765650992499,7.1382307770283e-08,1.47914339172565e-05,"lncRNA:CR44922"
1988.34284270257,1.1600628524374,0.21650073885037,5.35823969284073,8.40367037715849e-08,1.70086379749792e-05,"Adk3"
2412.40197482828,1.4582613841729,0.273454644559357,5.33273584188975,9.67439971076299e-08,1.91355228824478e-05,"vrs"
7096.7322537899,-1.12033284977213,0.215022705845894,-5.21030021162073,1.88535307033152e-07,3.64627283802117e-05,"Arc1"
531.666238572745,-1.10409643178746,0.215236908913475,-5.12967983679465,2.90235381875175e-07,5.49112723578185e-05,"CG30008"
16.1375171314267,3.11196848672841,0.608417148586406,5.11485991799992,3.13973875640837e-07,5.8138609355366e-05,"CG8671"
1009.94197543939,0.915464351634216,0.179251338649555,5.10715489508278,3.27045652088717e-07,5.92974647943355e-05,"ImpL2"
97.7850538079764,-1.66033701805467,0.327125155747508,-5.0755406268303,3.86395782703748e-07,6.86286223851168e-05,"CG43336"
228.500875309052,-2.02805651190516,0.402149473793546,-5.0430415655506,4.581896713769e-07,7.97524941998632e-05,"mat"
435.093735282546,1.71363324934249,0.342389883976489,5.00491787152264,5.58858530892798e-07,9.53675645952945e-05,"CG9624"
661.248781109282,0.783877554431354,0.157638708258309,4.97262102114465,6.60537101112386e-07,0.000110551045980406,"Mdr65"
46.9896357067024,1.59285591237362,0.326260672662239,4.88215726209398,1.04931517501899e-06,0.00017230547109793,"IntS12"
67.1299368504748,1.57183047812392,0.323264900845712,4.86236047901199,1.15994134647641e-06,0.000186943880340448,"Mis12"
26.1183720465493,-7.86590143183909,1.63186737323629,-4.82018426303824,1.4342568538257e-06,0.00022695158906991,"CG44475"
170.295611173419,-1.10384614692872,0.229546121285079,-4.80882073175102,1.51823281699638e-06,0.00023594964654142,"mthl8"
46.81893071488,1.77278375155054,0.369482611156771,4.79801673480744,1.6024439341449e-06,0.000244667886997598,"Ttc26"
40.6050653383832,3.36175072281469,0.714114379912746,4.70758021036552,2.50674656573331e-06,0.00037614164416512,"CG46397"
60.6345555246922,2.02852321353055,0.432508556888047,4.6901342903503,2.73025800357974e-06,0.000402736193307704,"Ccp84Ad"
50.0989810582853,-1.93175944415041,0.414310601444625,-4.66258753074317,3.12258204257742e-06,0.000452930525275854,"Srg2"
210.101512656214,-4.02544420815643,0.868190413900492,-4.63659140173115,3.5420160684143e-06,0.000505346981039503,"TotZ"
52.1297112563669,1.60056360170549,0.346372328810402,4.62093380034873,3.82016668195674e-06,0.000536240494081766,"lncRNA:CR44779"
262.708484451788,-0.84041617218194,0.182449661950529,-4.60629065133494,4.09915338695523e-06,0.000566268760740815,"CG12868"
131.597794158922,-3.9086926065283,0.849836226484069,-4.59934806815578,4.23815153875009e-06,0.000576322388152219,"tobi"
218.150790950013,-1.13329577139043,0.252648707115572,-4.48565830527687,7.26891530077943e-06,0.000973251844041283,"Hsp70Ab"
836.88183129159,0.915667694052346,0.204838103287199,4.47020197589171,7.81457649301663e-06,0.00103045847301097,"Apoltp"
93.9627995916138,-1.51567003873468,0.345429058916941,-4.38778961876258,1.14508457672024e-05,0.00148741359271586,"PGRP-SC2"
75.4036055038456,1.361984273177,0.311759058585615,4.36870793540383,1.24983781276037e-05,0.00159960860065492,"CG43060"
32.4503873086001,3.48525505368176,0.804608928840203,4.33161369300929,1.48020480689828e-05,0.00186698875861387,"CtsL2"
114.048998107346,-1.02717249288832,0.237872892551476,-4.31815698657652,1.5733750780067e-05,0.0019561547576989,"CG43149"
30.8010507875995,-2.0211585213509,0.476259131034797,-4.24382104120379,2.19745618959772e-05,0.00269358608705197,"PPO1"
392.911511947302,-0.677605474450802,0.160605677082761,-4.21906302914576,2.45319691113723e-05,0.00296530176633713,"Map205"
566.109777400147,-0.750969250758795,0.178792263561354,-4.20023347655138,2.66639878741433e-05,0.00317885871874889,"mRpS33"
182.801944346708,-1.12879034807371,0.270515159262421,-4.17274340983862,3.00953806127791e-05,0.00353946077666238,"jtb"
531.965628246256,1.087379056642,0.261570168632923,4.15712182442329,3.22282152671639e-05,0.0037397620996017,"lncRNA:CR44138"
116.71115498985,1.30645192733941,0.31559183834513,4.13968857429919,3.47777621163415e-05,0.00388039568844256,"CG11700"
58.1613863107019,2.25665764651809,0.544854843567211,4.14175935693911,3.44651849930988e-05,0.00388039568844256,"CG14096"
794.417705030376,-1.0081550758706,0.243423541628937,-4.14156769359382,3.44940034485396e-05,0.00388039568844256,"Spn88Eb"
19.8691926074271,-2.26363454110885,0.548834821549082,-4.12443681091473,3.71643001495005e-05,0.00404301130251378,"Cap-G"
96.292286527932,-1.18653581843132,0.287543242582503,-4.12646045086896,3.68389322361913e-05,0.00404301130251378,"Uev1A"
295.478450042905,-1.06015455747175,0.259011725838123,-4.09307553177852,4.25688977569582e-05,0.00457379157010873,"Rdh1"
1453.1995261205,-1.17293465003601,0.287361239657948,-4.08174272714087,4.46992617780584e-05,0.00474411799090783,"Drs"
254.87350905724,1.29059379032612,0.316604084244716,4.07636494458032,4.57452047029309e-05,0.00479663272927238,"GstD3"
643.175642702928,-0.770169048988546,0.189503869077989,-4.0641336387258,4.82111988500266e-05,0.00499502456656883,"CG15213"
24.448776487121,-2.49025390321645,0.619866631298217,-4.01740274032979,5.88431089887206e-05,0.00602484208857454,"CG12971"
206.112787037769,-0.941337910246773,0.234805487424988,-4.00901154640816,6.09734355206732e-05,0.00617036987600487,"CG34150"
899.327200491728,0.564698025050694,0.142069821046701,3.97479225982179,7.04407140380421e-05,0.00704650039394345,"Bcat"
1487.20389450012,-0.754258081445704,0.190355747123012,-3.96236043747229,7.42123893832386e-05,0.00733943664548097,"CG14757"
43.9095719209402,-1.47659636056866,0.374129228868374,-3.94675488208957,7.92175839341461e-05,0.00769022692973337,"Fatp1"
128.069413247086,1.04654877393356,0.265229589723719,3.94582208954785,7.9526648704585e-05,0.00769022692973337,"Tret1-2"
409.37320428425,-0.741081642400638,0.188700713892207,-3.92728584388914,8.5909857545569e-05,0.00821619220020974,"mRpS18A"
1721.48651502302,3.92307620239952,1.00043422294924,3.9213734520541,8.80456842073576e-05,0.0083289303223547,"ND4L"
9.37530104811111,3.94559794952797,1.0073890873661,3.9166574256269,8.97851930760229e-05,0.00840215629398524,"CG7465"
17.7141122908852,3.05449037718886,0.780953512286179,3.91123201206572,9.18265076224501e-05,0.00850176697700195,"CG43428"
12.6904119827537,-6.06653324418423,1.55711800425892,-3.89600096305577,9.77939996871731e-05,0.00895895978186808,"asRNA:CR45167"
93.3485835866514,1.10269926334837,0.284620191999895,3.87428332333068,0.000106938942012181,0.00969468346179182,"ort"
10.5695096757842,5.31419380636465,1.37637083517611,3.8610188987946,0.000112915168229102,0.0101309351453389,"tHMG2"
674.788989205943,0.821349638394754,0.213221090274596,3.85210317298811,0.000117107659048155,0.0103998771091438,"unc-13"
303.191384147996,0.714167671996789,0.185799242832418,3.84375986204063,0.000121163571264445,0.0106513794011563,"GstO1"
51.283707047114,-1.19987996646811,0.313190696828012,-3.83114817464398,0.000127546660421338,0.0111003858564691,"CG8066"
176.144640685508,0.768164135773576,0.200846628460563,3.82463047381652,0.000130968373864544,0.0111828005730933,"CG17684"
315.985783297446,0.787866429111788,0.20600768857779,3.82445157533178,0.000131063502063141,0.0111828005730933,"CG9346"
132.397091539195,0.970739254518713,0.254618944639323,3.81251778375643,0.000137558328277464,0.0114016202952264,"CG14990"
54.9253840251305,1.23390996730181,0.323630424939389,3.81271312032204,0.000137449619808375,0.0114016202952264,"CG30076"
1268.93566977316,0.569266942306782,0.149221802215136,3.81490461753075,0.000136235544699443,0.0114016202952264,"mEFTu2"
66.0873674828574,1.30589141958243,0.343522096485704,3.801477206101,0.00014383597293941,0.0118094761555819,"CG10352"
17.9449644299093,4.97113532631189,1.30916676338491,3.79717501646526,0.000146354461510149,0.0119039521357274,"CG45067"
49.2030860296315,-1.43015323891681,0.378415084219091,-3.77932407707299,0.000157254649111135,0.012672103807539,"CG12728"
224.509433198022,-0.850585234404859,0.225923985618495,-3.76491779779945,0.000166603882119372,0.013296656416716,"CG40298"
8.52560882923962,3.76380370170939,1.00028221650777,3.76274179386067,0.000168060692386391,0.013296656416716,"Sec20"
89.4120737609509,-1.19118760879193,0.316781028177402,-3.7602870842532,0.000169718473878658,0.0133068457492429,"Arc2"
13.4483681620447,-2.52607059022777,0.672284349870651,-3.75744369285674,0.000171657976070298,0.0133387443369626,"lncRNA:CR45910"
252.859495495478,0.895027298075027,0.238485069616689,3.75296994278754,0.000174751815113076,0.0134589827161867,"CG9616"
108.901533139433,-0.892910092133644,0.238349153352196,-3.74622724509635,0.000179513987524504,0.0137044757318049,"CG34198"
405.87102473916,-1.60274198279999,0.42895713562135,-3.73636862452095,0.000186696919837018,0.0141288982029701,"CG12780"
335.72664744618,-0.9853800969767,0.263925901093005,-3.73354829100105,0.000188800973974163,0.0141649558318719,"CG42763"
62.3866105532988,-1.62166081323692,0.434769314005511,-3.72993392357116,0.000191529992340347,0.014246884814855,"Def"
191.845637122272,-0.956607255873272,0.257152359333852,-3.72000186329748,0.000199221308178467,0.0146934156362475,"Erasp"
22.1815409577878,2.97155234294707,0.802335828016397,3.70362663511312,0.000212539006985794,0.0154345442125824,"C1GalTA"
130.001810525294,-0.923070746279049,0.249382247840346,-3.70142924876512,0.000214388438927165,0.0154345442125824,"SmF"
29.8529664203617,-2.76177806482148,0.746186428795204,-3.70119042406153,0.000214590353869064,0.0154345442125824,"TotC"
142.843687195814,-1.55201915354418,0.42099232364657,-3.68657352253084,0.000227293795753097,0.0162142451183541,"ImpE2"
107.46848234403,-0.803488939157613,0.219142698804142,-3.66651019423525,0.000245883121286606,0.0173275303009179,"CG40472"
54.3195158987587,1.2932423464805,0.352817327003718,3.66547288780653,0.000246881966829119,0.0173275303009179,"Tsp3A"
34.6593702430101,-2.57245581724101,0.703070867767892,-3.65888551947549,0.000253314458904417,0.0176367658867611,"edin"
517.894068058096,-0.775415685265579,0.212802886903432,-3.64382126835269,0.000268619988718957,0.0185539663636594,"mRpS18C"
10.7453843298628,4.97255808733753,1.37041672519064,3.62850072969286,0.000285071944592222,0.0195352845180009,"CG45488"
474.701212150838,-0.690060544598892,0.190306786261467,-3.62604276050777,0.000287797718265927,0.0195679964224091,"mRpL51"
92.7813319525168,-0.945913068375099,0.261728822593402,-3.6140959142455,0.00030139747956317,0.0203338160049478,"CG10353"
63.9096813699134,-2.48966879573193,0.691497257390289,-3.60040299382811,0.000317724352504182,0.0212704233834146,"Tep1"
55.0775901443691,4.70370057990788,1.31335135144845,3.58144876823732,0.00034169414817213,0.0227004898590996,"CG6220"
25.3131415810484,-2.20986789650644,0.617689120350319,-3.57763772049785,0.00034671354767044,0.0228594545861806,"AttC"
85.5221401267312,1.02779421845701,0.287511530213537,3.57479304462558,0.000350505036611315,0.0229356792002126,"CG31345"
749.64056865715,4.56438144775792,1.2861561896628,3.54885470710566,0.000386910502756797,0.0251289709365105,"S-Lap5"
6.33136046189699,-5.84576337011084,1.65348551315382,-3.53541855892089,0.000407129720320479,0.0260533084996259,"Cbp80"
241.595696126197,0.776915718329028,0.219719819376251,3.5359382714521,0.000406329626527443,0.0260533084996259,"Ugt303B3"
37.3702008757357,-1.92706016040878,0.546237622818075,-3.52787885694681,0.000418903823306143,0.0266110947024333,"CG17760"
502.912253447129,-1.26863426401125,0.361989465886379,-3.50461652497216,0.000457265410318469,0.0288375425072582,"CG17821"
315.960445533559,0.594471521157772,0.169985879804249,3.49718177675903,0.000470201319905531,0.0294400150153801,"shop"
121.694436734047,-1.02235068031038,0.292825192719225,-3.49133444023943,0.000480614228980167,0.0297249955818946,"ImpE3"
749.890549458216,-0.635718423871609,0.182112741222935,-3.49079597398069,0.0004815838649945,0.0297249955818946,"l(1)G0320"
57.5754980441606,-1.09648634818221,0.315247907385603,-3.47817169438341,0.000504846444213495,0.0307250252027276,"CNMaR"
611.46144803633,-3.2470221359343,0.933128952351821,-3.4797142750213,0.000501948795456718,0.0307250252027276,"TotA"
10190.5246841656,1.72017620144887,0.494985860035773,3.47520270846637,0.000510467454998563,0.0308513768114757,"S-Lap1"
48.5067427589516,1.20421364304957,0.346974820515627,3.47060815900136,0.000519281163393758,0.0311676135518336,"cd"
402.415092837268,-0.522401419280551,0.150787612352321,-3.46448498740029,0.000531247790812421,0.0316674624893185,"p23"
37.8001744841368,-1.47195238749895,0.426175739667383,-3.45386245741666,0.000552619141610142,0.0322781502646514,"CG43335"
18.9866682410982,-1.94424965968335,0.562919710717673,-3.45386672853329,0.000552610389901873,0.0322781502646514,"CG9338"
67.736767726899,-1.27355886023526,0.368566090839511,-3.45544229892224,0.000549390769351305,0.0322781502646514,"Tep2"
77.5941535987422,1.10866800525932,0.32218197613476,3.44112361144496,0.00057930381786762,0.0336112075126793,"CG13794"
1152.9756380617,0.754402906497424,0.219852247217522,3.43140866670796,0.00060045528631273,0.0346076977270178,"Faa"
109.845423175172,1.00318805832118,0.292724284101086,3.42707493982547,0.000610120667553481,0.034933422169197,"su(w[a])"
246.5815139593,-0.622707944514992,0.182560099681128,-3.41097504658825,0.00064731015265589,0.0368205245657791,"Rae1"
179.994123791242,1.2136393687161,0.35701336652556,3.3994227737947,0.000675282466492662,0.0381622292589977,"Ect3"
1286.86758080956,4.39149912111791,1.29591159279786,3.38873357220047,0.000702161988172364,0.0394252631165425,"CG32081"
24.6341988622173,1.55383802494849,0.45911608353389,3.38441209244587,0.000713308562077066,0.0395409198455841,"CG7320"
1826.58884846009,4.39430218066924,1.29836075074821,3.38450016926107,0.000713079749869549,0.0395409198455841,"CG9254"
726.356242949112,-1.04022937041091,0.307932298906429,-3.37811062400767,0.000729857132074297,0.0402021938002697,"Ance-2"
1085.71149907181,4.39397811800384,1.30172634856298,3.37550063640833,0.000736815216546991,0.0403302064755249,"knon"
225.597097136789,-0.796921394240919,0.236497662739252,-3.36967978884238,0.000752555796408007,0.040934331850868,"mRpL11"
33.8977125913745,1.64403039554017,0.488557434866476,3.36507087644565,0.000765239990624878,0.0413657368845237,"CG11997"
2519.34935798385,-0.430834862947801,0.128513962320292,-3.35243622692173,0.000801036937293126,0.0430334843534696,"Tim23"
47.7837271282171,-1.51016332863165,0.450850758071384,-3.34958586981579,0.000809324651090811,0.0432119781499591,"IBIN"
92.0073233683189,-1.06938135518245,0.319715195406975,-3.34479364930153,0.000823438096579694,0.0436974497227626,"CG10469"
103.198684258898,4.38763391961858,1.31348318331376,3.34045686717444,0.000836406718194017,0.0441166525360153,"CG33233"
200.815416684645,4.39854427779812,1.31905969938667,3.33460591650502,0.000854203624667871,0.0445157733262544,"CG18368"
663.879900031249,0.763513574331413,0.228928246677377,3.33516543027306,0.000852486681146989,0.0445157733262544,"CG8245"
16519.6903568923,0.479289875713581,0.144737394015829,3.31144469591019,0.000928155839459937,0.0480817873263086,"RpL18A"
87.094632834843,1.67995061335832,0.508243314953434,3.30540621771335,0.000948388366546196,0.0482679763394827,"CG32944"
24.0046489765754,-1.74068194488447,0.526501056313427,-3.30613191371878,0.000945935430951705,0.0482679763394827,"CG43235"
434.201340229843,-0.592703218064489,0.179222273121354,-3.30708459245554,0.000942724189225729,0.0482679763394827,"CG5323"
36.3657931340827,-1.22948705630411,0.372262287940584,-3.30274404937936,0.000957437342206466,0.048445216216412,"lncRNA:CR46219"
80.8611066039671,0.773069845371117,0.234705709939928,3.29378371565389,0.000988485271784971,0.0488896241637087,"CG42259"
1034.78297226288,1.43473957274516,0.435274035624721,3.29617540978746,0.000980107993509551,0.0488896241637087,"Cyp4e3"
266.218974948138,-0.91761298651258,0.278729070365278,-3.29213233951535,0.000994308109499764,0.0488896241637087,"Obp56a"
114.905394492858,-0.798896270653827,0.242642823935775,-3.29247845741066,0.00099308505583786,0.0488896241637087,"bwa"
26.6361811528599,1.51244550083382,0.458892311065677,3.2958615003191,0.000981203749455664,0.0488896241637087,"lncRNA:CR44662"
65.2554711682757,1.33830491822637,0.407405049194732,3.28494926823228,0.00102000735834008,0.049871483368729,"cDIP"
94.013337286169,0.829008422486381,0.252584894179354,3.28209818397819,0.00103037720848496,0.0500970550024837,"Nepl4"
8.11818680485267,4.59970520286844,1.40366101710152,3.27693449260746,0.00104940713392593,0.0507388349253186,"Ir85a"
101.890453673934,0.790461868652494,0.241970568982632,3.26676864866666,0.00108782539261866,0.052305770121327,"CG17807"
334.297504951829,-0.600355045162984,0.183975047761963,-3.26324168666479,0.00110145543613786,0.0526701464874053,"CG7523"
451.629377819855,-0.587091989782758,0.180851568338499,-3.2462642993723,0.00116930228293868,0.0556089495541823,"CRIF"
400.167891668185,0.582927595144023,0.179808620594364,3.24193352475057,0.00118721711391902,0.0561540790349848,"Cyp6a8"
414.980961430215,0.482766020784814,0.149039590896659,3.23917972318882,0.00119874012102906,0.056392623099005,"CG14655"
49.0765386097939,-1.32919599784448,0.4116194539859,-3.22918653375896,0.00124142893159555,0.0580868601703015,"CG43091"
28.7671366728969,2.87394485960949,0.891370475118927,3.22418673248746,0.00126330992942027,0.0587945792285807,"asRNA:CR44911"
7.45740219102056,3.34000369996812,1.0377653292236,3.21845758950815,0.00128882028498181,0.059662781596791,"asRNA:CR45206"
274.345732036711,-0.838919453293139,0.261084115785612,-3.21321521521444,0.00131257894853674,0.0604411353921442,"Takl1"
366.995772338577,4.2006797197174,1.30991701593363,3.2068288819986,0.0013420680051873,0.0614737781533951,"CG15198"
181.127663809741,0.614575448575852,0.19179754773763,3.20429252524419,0.00135394835077089,0.0616932591453353,"CG10208"
1941.43929925412,4.20165367094336,1.31463933399332,3.19605047734309,0.00139322735406068,0.0627037108518924,"CG3330"
56.5262859457559,-1.02229700897016,0.319755704371104,-3.19711890982779,0.00138807692450561,0.0627037108518924,"CG4259"
13.1121092140387,-4.31882366042713,1.35169473878194,-3.19511760792897,0.0013977386999043,0.0627037108518924,"CG42680"
66.0186272379262,0.957945387596202,0.30038866938553,3.18901971088244,0.00142756143322489,0.0630681536313955,"CG12379"
22.2716254375026,-1.81701450348663,0.569405801558193,-3.19107128609214,0.00141746302017748,0.0630681536313955,"CG16995"
210.210457351897,4.20111163503744,1.31797621047821,3.18754739397999,0.00143484941043506,0.0630681536313955,"CG17199"
280.345029486317,4.1945143764225,1.31581895015666,3.18775951351294,0.00143379730709197,0.0630681536313955,"CG7335"
277.20967826607,4.19877433829352,1.31902364898117,3.18324416816689,0.00145634747204099,0.0635602113754845,"CG1138"
176.82651306638,1.99399741357639,0.626572326008494,3.18238985478168,0.00146065061186911,0.0635602113754845,"CG9777"
17.9267694695039,1.8821464888507,0.591828178930102,3.18022452437668,0.00147160983013368,0.0637138986156766,"CG11898"
514.423526320455,-0.643573596436633,0.202457575506517,-3.17880718874813,0.00147882425834387,0.0637138986156766,"Jhbp7"
117.265760510332,2.95448194495736,0.935308187407636,3.15883254817452,0.00158402475752698,0.0679101845554547,"CG31960"
65.4029731221711,-1.12999090053371,0.358712014480973,-3.15013396517737,0.00163195611695385,0.0692825077358505,"Hsp70Aa"
445.016803441101,0.472277232651782,0.149922299114364,3.15014667892412,0.00163188509736548,0.0692825077358505,"RtcB"
96.6864542220391,-1.77686949334959,0.567635585827137,-3.13029968119494,0.00174628054548609,0.073154195301555,"CG13564"
1114.45558526902,0.398773873784985,0.127296060472433,3.1326489783346,0.00173236486347577,0.073154195301555,"Tsp42Ej"
352.211784725029,-0.867605116237212,0.27719471557291,-3.12994825476393,0.00174837097813667,0.073154195301555,"side-VI"
116.010377185671,5.28640803202367,1.6911582067072,3.12590981201969,0.00177255903600231,0.0738113937336274,"CG17097"
155.914756127393,1.61902020729122,0.519218480968827,3.11818678770878,0.00181967438876447,0.0752616551594543,"lectin-46Cb"
48.8602275369405,0.952479757693535,0.305538865561507,3.11737675644997,0.00182468220598011,0.0752616551594543,"pad"
155.985390349775,-0.789522332494455,0.253502315375098,-3.11445807240943,0.00184283145519744,0.0756517082763364,"Hen1"
164.407970854142,1.40047889051488,0.450393274545893,3.10945782200436,0.00187431042926192,0.0765827402153355,"CG8958"
38.8526364888569,4.0202998599465,1.29406115188527,3.10673097178559,0.00189168466486713,0.0769314562539187,"CG30271"
61.628111236984,-0.986894538450415,0.318252973375628,-3.10097507647039,0.00192884524958204,0.0780778614284301,"CG34054"
54.6205252820195,-0.930760483322617,0.301191944918246,-3.09025689108405,0.00199983444703385,0.0805766629284055,"NimC1"
23.9952734627188,1.38279155060893,0.449033145826142,3.07948658904641,0.00207357705779237,0.0827813813484724,"CG15784"
870.36240891482,-0.448045458909116,0.145452886171328,-3.08034766928836,0.00206759088757725,0.0827813813484724,"CG30423"
26.0258546605265,4.19350812778737,1.36517190032802,3.07178028406515,0.00212786288389625,0.0845606880299045,"asRNA:CR46091"
995.395192879292,-1.1251932224284,0.367183281353523,-3.0643912170529,0.00218113480885148,0.0862837101883382,"NimC4"
7436.4877757292,3.80820528321897,1.24501443804428,3.05876395232897,0.00222252193232555,0.0875231148281866,"S-Lap4"
21.1091731687298,2.39327000932838,0.783787972500559,3.05346610728538,0.0022621427343536,0.0879087192979389,"ATP8"
520.101867819179,-0.680424262212049,0.222782175921209,-3.05421319905185,0.0022565165664625,0.0879087192979389,"CG10799"
13.0005945513765,-2.71978724251098,0.891375867185997,-3.05122377959046,0.00227910642673262,0.0879087192979389,"CG43064"
34.3844812744074,1.4439805806721,0.473527986053289,3.04940916524752,0.00229291960021052,0.0879087192979389,"CG43124"
46.557312730793,-0.988219510357562,0.324057010969504,-3.04952362363967,0.00229204606131668,0.0879087192979389,"TM9SF2"
42.1365253314017,-1.45965375017706,0.478585780909954,-3.04993129424314,0.00228893722207654,0.0879087192979389,"eRF3"
2192.38918729248,0.6493521669464,0.213076831221749,3.04750245825938,0.0023075163871024,0.088057337007913,"Nepl11"
252.928764839664,1.47446388991245,0.484231727006152,3.04495514787637,0.0023271501220062,0.088057337007913,"Pif1A"
18709.7839553112,0.429227060729752,0.140924316837423,3.04579841408726,0.00232063365915333,0.088057337007913,"RpL4"
131.912008700348,-0.682906759241067,0.224805298419,-3.03776985704421,0.00238335900101795,0.0897938241812088,"CG14855"
185.262515769429,0.69135967301837,0.227832408171296,3.03450978975112,0.00240926936103083,0.0901140148957631,"CG10628"
32.1601297621505,1.5692861192892,0.517216815058893,3.03409725592643,0.00241256641051509,0.0901140148957631,"CG40485"
86.3755726389117,0.773735195570276,0.255139285418762,3.03259921066385,0.00242457383350408,0.0901754960384017,"MFS17"
118.426084504292,0.795547352058876,0.263035672939039,3.0244846380333,0.00249057119663572,0.0906922222774923,"CARPB"
5971.15110363621,-0.632985019049486,0.209198926082138,-3.02575654141244,0.00248011910947425,0.0906922222774923,"CG14292"
22.1946369406717,2.41528391516233,0.797268012835664,3.02945041852592,0.00244999114574847,0.0906922222774923,"CG8160"
1528.81135873121,1.3256553325412,0.438138086051572,3.02565646480951,0.00248094004939639,0.0906922222774923,"ND6"
343.872878746197,-0.474960789408854,0.157010153597667,-3.02503232132315,0.00248606558342029,0.0906922222774923,"Vps11"
249.545688255033,1.11918867023329,0.370560427701293,3.02025954896473,0.00252558154842349,0.0915839008997069,"CG12896"
423.36067579736,0.747666443676838,0.248050044984716,3.01417580360812,0.00257678442375288,0.0930529246469764,"grau"
85.8750205620591,-0.973413962153029,0.323217316191865,-3.01163926989358,0.00259841177227283,0.0934461886532663,"CG43799"
260.020092969156,0.699350386803192,0.232495499675538,3.00801687679623,0.00262958534478535,0.093830569223405,"apolpp"
164.20187439811,-0.726756431100496,0.241616501287808,-3.00789237170023,0.00263066286229011,0.093830569223405,"ubl"
2682.81876805528,0.3838437882847,0.127817480216424,3.00306176928825,0.00267278176808996,0.0949437539905589,"eIF3l"
70.5943640539913,-0.963724842624787,0.321522989414098,-2.99737460260914,0.00272315864631261,0.0963400394262546,"zda"
451.839053011764,-0.479691163857864,0.16013387264119,-2.99556337423189,0.00273938370848111,0.0965216858903283,"Pex14"
171.961643053159,-0.605032662590332,0.202374335350191,-2.98967090635963,0.00279278162161521,0.0980063647295047,"CG42239"
1767.58001679018,3.97756585845108,1.33180029133911,2.98660834084342,0.00282090864466602,0.0985958551587486,"CG30376"
546.368028459082,-0.828007197332289,0.277694242444979,-2.98172259547781,0.00286631589878319,0.0997821890684403,"CG1137"
207.892726648603,3.9791762077634,1.33558019772409,2.97936148989342,0.00288849787996384,0.100153773104882,"CG43075"
23.4067216113375,1.61191547530947,0.541459401199681,2.9769830789493,0.00291100075988462,0.100533490528872,"yin"
33.7664693007863,-2.53151213024333,0.850763551413335,-2.9755766170728,0.00292438289946209,0.100596459976358,"CG8541"
79.4959468694723,-0.88519913362925,0.29773698946614,-2.97309089883814,0.00294817127266485,0.101015490496071,"CG13108"
7.7903612629157,-2.92568148407273,0.987325957353012,-2.96323768486385,0.00304421403961931,0.103897234458066,"Idgf2"
79.5678255327079,-3.08962920851827,1.0446107813861,-2.95768458795594,0.00309959105406303,0.104557135439963,"BomBc1"
39.3123174163363,-3.37103632308226,1.13972848429547,-2.95775385939056,0.00309889463955043,0.104557135439963,"Nazo"
38.503377158101,-0.996362933273626,0.336827565086351,-2.95808014708711,0.00309561625207015,0.104557135439963,"Nt5a"
259.822281883312,-0.50554608548317,0.171267588628244,-2.95179075931591,0.00315936940467571,0.106162130999586,"lncRNA:CR44417"
11.6992194363584,-2.36856176209074,0.802979255162393,-2.9497172521745,0.00318064864895402,0.106466096891719,"PIG-H"
31.6327346689859,1.22399549140329,0.415985684841868,2.94239810648431,0.00325680943825411,0.108597749199715,"Mdr50"
330.797728914242,-0.519519288239948,0.177216798500423,-2.93154651610924,0.00337278851605963,0.11203579563079,"CG3955"
276.345808242617,1.32628661221413,0.453000075398415,2.9277845286177,0.00341386540980247,0.112541176748147,"CG14785"
26.7556605062081,-1.73580199054498,0.592758022977519,-2.92834837026038,0.00340767998542047,0.112541176748147,"mthl2"
283.54398085823,1.0036780390641,0.343004104115745,2.92614002870769,0.00343196423483045,0.112710885795205,"obst-A"
218.000671610836,0.610155537059431,0.209044863116702,2.91877795016088,0.00351406439665452,0.114973317458963,"Pmvk"
24.5010744569852,3.97844961311192,1.36409109499693,2.9165571329537,0.00353917898203403,0.115361328391918,"CG15056"
88.8921455544649,-0.801189782827454,0.275223934447575,-2.91104690598799,0.00360219935861257,0.116977391858228,"CG15536"
66.6417058694232,-1.4328258169216,0.492456860923797,-2.90954585186155,0.00361954289220432,0.117064896328387,"Acsx1R"
37.1244334339442,1.32444528394629,0.455372240349891,2.90848928983602,0.00363179616323849,0.117064896328387,"flap"
155.530357885112,0.772819444376855,0.265980481977117,2.90554945472782,0.00366608909590189,0.117301372800126,"CG30431"
88.0887521173336,-0.965165175768794,0.332099935171817,-2.90624921462105,0.0036578998600238,0.117301372800126,"CG7900"
73.9339995127457,-0.846514334364693,0.291749848844484,-2.90150736227433,0.00371372052731962,0.118390145601695,"Arr1"
21.8371307816798,3.97306373049621,1.37018132788067,2.89966273050995,0.00373564378008355,0.118654408095136,"Rab9E"
64.1929773268522,-0.961541850583188,0.331925228266175,-2.89686281336866,0.00376914536069813,0.118911539374732,"CG13559"
21.4923942156475,-4.48935531478213,1.54981553393634,-2.89670300527942,0.00377106570922969,0.118911539374732,"tomb"
212.49598512492,-0.554940073670191,0.191953909305795,-2.89100688637779,0.00384009705724769,0.12065113606219,"lncRNA:CR42491"
948.777468805426,0.693168569867747,0.239974506871747,2.8885091958464,0.00387072710826477,0.121176036054778,"CG15080"
109.915782710017,-3.11440797640976,1.07988062099277,-2.88402987873474,0.00392621499490414,0.122035175359467,"BomS1"
90.8650414239439,-1.14393032098522,0.396623447577555,-2.88417219902647,0.00392444093731638,0.122035175359467,"CG18636"
582.723390563253,-0.826053200148789,0.287083335164683,-2.8773986468944,0.00400968693692031,0.123308499689108,"CG31106"
388.421223758747,2.21864098975715,0.770566911564162,2.87923210361261,0.00398644825186917,0.123308499689108,"CG7366"
27.1498433379761,-1.2946790610605,0.449842816763784,-2.87806987866241,0.00400116497978934,0.123308499689108,"Pgcl"
38.4830312842881,1.01295603637476,0.352539849309214,2.87330932477449,0.00406196192063464,0.124152643293574,"CG44422"
6.86215847200027,4.01871938029335,1.39877814995044,2.87302127248394,0.00406566739499812,0.124152643293574,"Cyp4ad1"
1034.42683760282,0.377977979890015,0.131683929075043,2.87034251290159,0.00410027389381627,0.124771621321269,"Cyt-c1"
7.82923651218967,-2.27986314362944,0.795825327116475,-2.86477831999907,0.00417301261190029,0.126542608924628,"Cyt-c-p"
20.273259139677,1.69388956547438,0.592455844812891,2.85909841265781,0.00424846960795526,0.128178040882087,"GstD7"
818.239072468059,0.612392133891007,0.21423497911865,2.8585067499731,0.00425640053026809,0.128178040882087,"Tie"
22.2286768213678,3.97597302276488,1.39259021082995,2.85509189411528,0.00430243781041657,0.129117642289846,"CG34316"
31803.4753366082,1.82963123075752,0.641663974222059,2.85138531109796,0.00435291861643016,0.129737844927369,"ND2"
318.817668187622,-0.515120840592091,0.18060873918835,-2.85213685066973,0.00434264003714308,0.129737844927369,"l(3)87Df"
620.062018080182,-0.546988528841578,0.191933541950929,-2.84988503458882,0.00437350342963576,0.129906485829761,"mRpS17"
474.423025400865,1.11481122332906,0.391914892031949,2.84452376266984,0.00444778680962846,0.131663566680941,"CG30457"
5.56492214690448,-5.36116971177909,1.88722964355546,-2.84076171126629,0.00450059274683552,0.132775114154947,"CecB"
2174.81178775514,-0.369689297450625,0.130367302818538,-2.83575167590301,0.00457179779732963,0.134420122399188,"Vha14-1"
13.8015859899197,1.70530398977181,0.601823616441142,2.83356110193224,0.00460325067591706,0.134816353240021,"CG14340"
13.1613764211305,3.87241129033113,1.36705860650989,2.83265931094017,0.0046162556894779,0.134816353240021,"Cpr47Eb"
35.2917262758561,-3.11239431360199,1.10235621678019,-2.82340160669008,0.00475170085476346,0.138307868023433,"betaNACtes3"
42.702014281161,-1.0908161808986,0.387868258437142,-2.81233681068382,0.0049182973061281,0.142679804850776,"Polr1F"
211.440485864403,-0.673765866986742,0.239803704632439,-2.80965578917749,0.00495945100354371,0.143395687986182,"Sdhaf3"
29.902913875029,-1.09023814172842,0.388961706816337,-2.80294466684664,0.00506383564407396,0.144452528094419,"CG10927"
15.6960356947306,-2.13492537404524,0.761133404964145,-2.80492928062435,0.0050327620590875,0.144452528094419,"CG4793"
25.7214180499263,-1.37717773530062,0.491657106619471,-2.80109392655748,0.00509296931407269,0.144452528094419,"CG5399"
48.3900494811314,-1.44977120667542,0.516900262898547,-2.80474070286936,0.00503570723753078,0.144452528094419,"Mal-A3"
713.173895096975,3.59725105830249,1.28359385906987,2.80248384867561,0.00507107555312959,0.144452528094419,"Ppm1"
570.881205693996,0.373673782540342,0.133410712476192,2.80092786856997,0.00509559073020644,0.144452528094419,"ohgt"
112.782146159999,2.04067184223551,0.730294977971389,2.79431175592099,0.0052010311502702,0.14696290292468,"CG2898"
972.73404162706,-0.507438827417666,0.181746722633508,-2.79201088231404,0.00523815944088617,0.147533014932144,"Sf3b6"
81.0973375539356,0.730226002817535,0.261831166060503,2.78891933991081,0.00528842343444022,0.148323886879237,"CG31365"
385.38630748505,-0.632233581276799,0.226754026006781,-2.78819120617463,0.00530032503957745,0.148323886879237,"Ten-m"
636.66894064154,-0.589136693972497,0.211425691257639,-2.78649529519374,0.00532813915351044,0.148624343118594,"Pfdn4"
370.895225676841,1.47838334991201,0.531000070424304,2.78414906561253,0.00536683627658926,0.149225482796026,"CG32719"
21.6613377280235,-2.42864023464947,0.873192987277162,-2.78133272946063,0.00541362206577453,0.150046983561897,"Mtk"
109.848802018159,1.00149765128067,0.360238819812626,2.78009363844125,0.0054343226001099,0.150142570123037,"CG7509"
179.635522086407,-0.567960191771951,0.204849454922894,-2.77257360526408,0.00556149403944645,0.150784058022749,"BHD"
1260.83539079123,-0.395098689352173,0.142398539838946,-2.77459789825818,0.00552699965266702,0.150784058022749,"CCT2"
64.4915765444993,0.867954598543722,0.312897510738789,2.77392618590789,0.00553842431102037,0.150784058022749,"Myt1"
35.4082832590166,3.24693597545832,1.16952972109883,2.77627487090082,0.00549857003950784,0.150784058022749,"Nulp1"
63.4985742963874,-1.00508258056188,0.361853789352554,-2.77759307802253,0.00547631528135702,0.150784058022749,"d4"
81.0706946071852,-0.718238741242019,0.258965081770269,-2.77349647424349,0.00554574413194192,0.150784058022749,"endos"
430.014389544329,2.34367092009639,0.84583225045244,2.77084601449371,0.00559108606570501,0.151022027932087,"CG17118"
6212.87890039254,0.405501735809901,0.146441750654112,2.76903092184193,0.00562232989199084,0.151022027932087,"RpL22"
29.6183733564771,-1.37433493505264,0.496271500041923,-2.7693206942904,0.00561733139484097,0.151022027932087,"dia"
37.340460681082,0.947425993080979,0.342594614134164,2.76544333738404,0.00568454799197885,0.1517565066693,"CG11403"
101.193492827847,0.776970465975402,0.280956347356493,2.7654490574279,0.00568444829911829,0.1517565066693,"Rbp6"
36.7318522415361,-1.35526801704757,0.490362972598563,-2.76380577812726,0.00571315343660191,0.15205374421635,"CG15423"
1685.1651750335,-0.331686777662922,0.120133871539193,-2.76097634591515,0.00576288500985748,0.152444949060151,"fok"
34.3125848195035,1.100602572959,0.398489706487056,2.76193476278602,0.00574599582712512,0.152444949060151,"ssx"
543.987999841023,-0.506521110549183,0.183714767600235,-2.75710612252673,0.00583154221047617,0.153793672296285,"CG31098"
491.6917743367,2.4928433692053,0.905435706179343,2.75319755140243,0.00590162723669083,0.155171788039034,"Rsph4a"
1161.32308449661,-0.370427809814962,0.134815799547931,-2.74765873923601,0.00600224460541025,0.157341972291823,"Past1"
93.6748156345737,-1.17694260079156,0.428992172383789,-2.74350600443738,0.00607869365105659,0.158391828877681,"CG10730"
504.097418544838,1.42536954650729,0.519426673950338,2.74412081240858,0.00606732041686205,0.158391828877681,"CG33189"
748.454162676916,3.71491139569675,1.35692307614943,2.73774649498823,0.00618617411618503,0.158599914682164,"CG31327"
1003.24516821798,3.71304711351021,1.35494271353283,2.74037202933026,0.00613696753357703,0.158599914682164,"CG32026"
36.7877912965258,1.3708655591041,0.500625912162415,2.7383032435991,0.00617571020350496,0.158599914682164,"CG43672"
1007.483650756,3.71484205206151,1.35648316904562,2.73858322523467,0.00617045406302526,0.158599914682164,"eIF4E4"
83.7010296799307,-1.44163205247408,0.526795674496333,-2.73660571312097,0.00620766463047278,0.158599914682164,"lncRNA:CR44442"
397.057491839733,-0.436209414834013,0.159247866730627,-2.73918529515925,0.00615916494965788,0.158599914682164,"mRpL10"
1454.58311291858,3.7150361462338,1.35770724691033,2.73625713841326,0.00621424461755922,0.158599914682164,"ssp5"
110.12115070881,-0.802323619027737,0.293550436767399,-2.73317126645421,0.00627277054584357,0.159625503100809,"CG13807"
559.337683477452,3.71319328526892,1.35915420770073,2.73198822049081,0.00629533917188964,0.159732760387625,"CG13442"
13.3316574437463,-1.89153571761442,0.693755440487269,-2.7265165896009,0.0064006734979362,0.160072015668215,"CG15643"
14.6986464946542,1.347874895403,0.494269314830413,2.72700500508606,0.00639120696304939,0.160072015668215,"CG43125"
583.243256333393,1.07258982378346,0.393357272583724,2.72675732353509,0.00639600598469852,0.160072015668215,"CG7432"
576.826737508879,0.381039765976744,0.139589906025155,2.72970859302734,0.00633903317441204,0.160072015668215,"CG8323"
27.8159627765863,3.6075613419899,1.32184828889781,2.72917956795024,0.00634921202467297,0.160072015668215,"lncRNA:CR44943"
178.22118057145,-0.545262690991356,0.200388774843777,-2.72102412630869,0.00650800115331015,0.162289782341714,"ATP7"
139.350174967283,3.71069583932357,1.36497531123432,2.71850766001626,0.00655771373282311,0.163062236047884,"Prosbeta2R2"
99.4523974071434,1.45955995301281,0.537624817089943,2.71482994574751,0.0066309810232151,0.164414324344846,"dyl"
563.26418406703,0.870044775455237,0.321109790056406,2.70949314657272,0.00673860973071665,0.16660829683644,"CG7069"
11201.2669955849,0.573740965113677,0.211855900875715,2.70816608242722,0.00676561560866532,0.166802132130919,"CG2233"
141.884113486278,0.601120470974497,0.222292246071641,2.70419000931218,0.00684711234393426,0.168051109943811,"Cyp310a1"
7.50072122468698,-3.01693962583213,1.11580945107335,-2.70381257564183,0.00685489417787579,0.168051109943811,"levy"
17.589897025591,2.48862980715642,0.922768530839778,2.69691664158899,0.00699847869821787,0.170609972298572,"CG13154"
50.6367644327478,-0.918351429775004,0.340447448160355,-2.6974836637414,0.00698657126587106,0.170609972298572,"lncRNA:CR43493"
206.304579991658,-0.644928211546846,0.239495645428022,-2.69285986554888,0.00708420377983248,0.171642051902545,"CG34200"
1484.18037388126,-0.420381675796666,0.156137891561896,-2.69237448764971,0.00709452335754559,0.171642051902545,"Ho"
38.1117658189726,1.00032709543789,0.371576240955626,2.69211802365306,0.00709998146442792,0.171642051902545,"asRNA:CR31514"
221.817750313187,-0.60741560449665,0.226116437201907,-2.68629566259381,0.00722491249954048,0.173218769927,"Charon"
55.2671291502467,-0.87718470834762,0.326443061344118,-2.68709864665477,0.00720756630966656,0.173218769927,"Gen"
512.907898463751,0.576359732574068,0.214424337634554,2.68793989960395,0.00718943353064992,0.173218769927,"Zasp66"
322.66860636128,1.70114342120293,0.634833814044978,2.67966731381829,0.00736953633884055,0.176200754826729,"Cyt-c1L"
532.367673384063,-0.557130763204781,0.208246810480089,-2.67533875750789,0.00746537743389834,0.177769037228173,"CG1773"
13.9509188393416,1.76994826323072,0.661696815581897,2.6748629002759,0.00747598157250502,0.177769037228173,"CG42329"
448.91484032871,0.461284135840364,0.17264681567217,2.67183691772383,0.0075437300680039,0.178891233737978,"Actbeta"
23.7677982294143,3.71707137216053,1.39267680177416,2.66901219825395,0.00760746873283898,0.179912501037765,"lncRNA:CR44786"
12.5871100777451,-1.82656146429754,0.68533711714019,-2.6652014295089,0.00769422209598127,0.181211922654691,"Adk2"
75.1261251462096,1.13944036647301,0.427769388590436,2.66367906835885,0.0077291262592351,0.181211922654691,"CG13965"
1193.01096684634,-0.45506256210188,0.170986551517105,-2.66139388194139,0.00778178659945009,0.181211922654691,"CG32638"
692.486168704589,2.99626158943388,1.12592587429119,2.66115350739243,0.00778734448728648,0.181211922654691,"CG5043"
78.4081019980522,0.881565855304049,0.331127899229968,2.6623122284595,0.00776058550495304,0.181211922654691,"Mur2B"
20.8275733605128,3.71734646960498,1.39631205201003,2.6622605342794,0.00776177754893371,0.181211922654691,"lncRNA:CR43132"
139.063720153326,0.824980357561328,0.310202609404785,2.65948877459251,0.00782593378479934,0.181624271277623,"CG17999"
52.4838367663562,3.72114845804222,1.40250183134391,2.65322181752627,0.00797274580994552,0.184533829272463,"CG18469"
20.8370401990317,-1.3453153058467,0.507219151448772,-2.65233538994746,0.00799370948359398,0.184533829272463,"CG43774"
9.1718528547238,2.44991886343328,0.925323949974621,2.64763368926145,0.00810573030223579,0.186624790530048,"lncRNA:CR44380"
1620.21435495107,-0.499101052752865,0.189963349581875,-2.62735445469575,0.00860516453891985,0.196752974368681,"CG15531"
176.382543168444,3.42455605963314,1.30338227604218,2.62743795322435,0.00860305296785085,0.196752974368681,"CG32219"
226.832046113363,-0.511865802819709,0.194857610741945,-2.62687097963849,0.00861740011543768,0.196752974368681,"CG5969"
76.7396236584794,-0.66824026460024,0.254457715774407,-2.62613480816073,0.00863606069273079,0.196752974368681,"Gas41"
56.9052672377631,-0.80908001949206,0.309533065421309,-2.61387266782246,0.00895223933170935,0.203423861367798,"dpr1"
8.71778188946333,2.25379193844092,0.863439149419255,2.61024988264293,0.00904761067747099,0.20505561386987,"CG16710"
20.8683412118482,-1.27153682027696,0.487805161893427,-2.6066489648069,0.00914330429765089,0.206395640064592,"PGRP-LF"
32.1699890539585,1.84158413639882,0.706816267624526,2.60546371207334,0.00917499918783291,0.206395640064592,"lncRNA:CR43643"
95.9653439257642,-2.4058136548023,0.923410695245664,-2.60535606441319,0.0091778826502352,0.206395640064592,"p-cup"
8.67392903612762,-4.22864119808771,1.62582403676356,-2.6009218110131,0.00929736417477975,0.20683964702043,"CG17931"
28.3692197865536,1.13925785608137,0.437768843251093,2.60241877338886,0.00925687404309447,0.20683964702043,"CG33307"
567.497575005184,2.01749927598101,0.776397200930313,2.59854012039656,0.00936211039468055,0.20683964702043,"CG4681"
34.0144269125866,-2.35403287379858,0.905158572243337,-2.60068561021785,0.00930376739460015,0.20683964702043,"Cht4"
74.0768012577325,-0.818123702829268,0.314313466353926,-2.60289103206299,0.00924413299004654,0.20683964702043,"HmgZ"
1023.18717365781,0.321584918636789,0.123684688605649,2.60003822835433,0.00932133758992516,0.20683964702043,"bdl"
23.7334525886634,1.08282477141622,0.41671610595949,2.59847113161852,0.00936399183339648,0.20683964702043,"vanin-like"
3593.01701201695,1.61943444094153,0.624675754414704,2.59244004509007,0.00952977901815991,0.209438552512742,"CG12860"
316.744908628844,-0.492594019919687,0.18994970684095,-2.59328654996109,0.00950635282565344,0.209438552512742,"RabX1"
16.4874481578377,3.70209220853126,1.42877740651782,2.59109095065683,0.00956722029441764,0.209731783935307,"lncRNA:CR46053"
270.798906504918,0.6201394291107,0.239697885183874,2.58717104923552,0.00967675423012628,0.211274628868251,"CG13185"
2080.14975571372,-0.665410412402443,0.257400882059122,-2.58511317863163,0.00973470368564502,0.211274628868251,"CG1850"
237.475583986689,-0.450140276322029,0.174066342930289,-2.58602707878055,0.00970893026587974,0.211274628868251,"Sbp2"
545.477273036144,-0.670084662655276,0.259156677711406,-2.58563533292966,0.00971997065692626,0.211274628868251,"mRpL32"
56.8808143698338,1.80677093955526,0.699980977249186,2.58117148648179,0.00984656563928336,0.213170797907172,"CG34216"
52.4536430284291,3.00578502898692,1.16544983772547,2.57907713544593,0.00990646632588516,0.213935425394984,"CG31815"
164.877947443835,-0.593574694933259,0.230384155520604,-2.57645623932751,0.00998188397221939,0.215030535173825,"Nep3"
273.581238591796,0.923971962835083,0.358891468295927,2.57451637739467,0.0100380334145417,0.215706184708041,"CG9521"
408.485164682389,-0.402266861014274,0.156411113498409,-2.57185600189699,0.0101154955527807,0.216835364029188,"Uqcc1"
286.414801480269,0.583242732527857,0.227159872301402,2.56754296706944,0.0102422095227967,0.219012160876902,"CG11044"
13.6775613485117,1.47103294854905,0.574084291617803,2.56239888467179,0.0103951852338267,0.221379887983457,"Bmcp"
130.6305938417,-0.668104256338368,0.260763216525189,-2.56211081164445,0.0104038118103222,0.221379887983457,"PGRP-SD"
58.6068813854563,-0.82968330161475,0.324154434582221,-2.55953093063209,0.0104813528219938,0.222174330327932,"Blos3"
3562.13855230357,1.80379992068582,0.704837518430965,2.55917126077688,0.0104922038107296,0.222174330327932,"CG43218"
8.56736132417381,3.14836428899148,1.23397617121509,2.55139796248359,0.0107291736066263,0.226158315512392,"Gr47b"
38.6950377235712,1.15027672494472,0.450859809499028,2.55129577023697,0.0107323203845361,0.226158315512392,"VhaSFD"
111.341184897274,-0.83667878379646,0.328095996360321,-2.55010360710895,0.0107690910066103,0.226385021812872,"CG33462"
189.875157520199,0.98429487585477,0.386141953364151,2.54904929982195,0.0108017029338049,0.226523423211817,"CG14625"
8.32327584318414,-2.36910670090196,0.930318555250238,-2.54655428243577,0.0108792289881386,0.227600792989833,"lncRNA:CR43883"
9.9396581249892,-3.00045071446477,1.18063597902742,-2.541385124428,0.0110414222999114,0.230440043827648,"CG5245"
63.4532438453944,-0.776780654554302,0.306019286594691,-2.53833888444788,0.0111380074081032,0.231899709264884,"Src64B"
1214.21113627352,-3.90858612277266,1.54107840077878,-2.53626688998916,0.0112041308666274,0.232719691962429,"CG5217"
51.4148725794544,-1.42052712708829,0.561594592720509,-2.5294529995506,0.0114240473587245,0.236722581340427,"CG18735"
169.684169761022,-0.669335294839133,0.264719559023667,-2.52846936323014,0.0114561084367574,0.23682306823064,"CG15818"
14.7056046835,-1.57200954520499,0.622128053974382,-2.52682632644906,0.011509840448411,0.237370003370903,"CG9822"
4319.71641813078,3.26159611429958,1.29189650019363,2.52465744261303,0.0115811115986825,0.237713241139938,"CG8701"
67.74279329569,-0.762893644505772,0.302079202161717,-2.52547556748828,0.0115541815327797,0.237713241139938,"Mesh1"
23.6076112227579,1.11947041392989,0.444342731532932,2.51938500280593,0.0117560034566403,0.240170183293758,"Cyp49a1"
10.5140538257984,-1.95756971873944,0.776974466186781,-2.51947754261058,0.0117529137363902,0.240170183293758,"Zdhhc8"
58.5311560684214,0.776007343023443,0.308444882553482,2.5158703772266,0.0118738843905036,0.241938931701713,"Tfb4"
130.928917948055,1.11326628291001,0.442624238086868,2.51514984294991,0.011898180256042,0.241938931701713,"Ugt35C1"
81.1498466748127,-0.742157085372603,0.295345113690214,-2.51284700836814,0.0119761259108601,0.242956232639196,"icln"
255.368799567848,0.415790479017637,0.165678913899518,2.50961615592076,0.0120862458604662,0.243194854017619,"CG12391"
46.9683113301921,-1.09036936894869,0.434665899123491,-2.50852291644557,0.0121237103862264,0.243194854017619,"CG14246"
1932.89630995135,2.41333040954677,0.962095914503905,2.50840937287544,0.0121276073358206,0.243194854017619,"CG2955"
75.7845484744264,0.695490819647751,0.277141782280331,2.50951269031046,0.0120897871507324,0.243194854017619,"Ote"
75.6746787404791,-3.90723030277177,1.55720975885691,-2.50912266671121,0.0121031446547187,0.243194854017619,"stai"
73.4829485715205,-0.951863888916258,0.379818328596979,-2.50610309521495,0.012207002146447,0.24422422915064,"Ugt37A3"
66.4687263670549,-3.91223248351582,1.56224993212493,-2.50422957496597,0.012271837735217,0.244958265618333,"CG13029"
4306.78432140611,-0.294416001924251,0.117751548969259,-2.50031532070218,0.0124082809355234,0.247115031995104,"ATP6AP2"
325.08303928818,-0.395777617964924,0.158361083859301,-2.49921008570869,0.012447049719397,0.247321172849115,"Spn55B"
698.76190817037,-0.682730138338273,0.273603014743409,-2.49533119720392,0.0125839613280734,0.249472016943559,"ninaD"
426.931000184902,-0.491514556960322,0.197292808445679,-2.49129484664238,0.0127278447659071,0.251750984085658,"Mec2"
1190.54246766128,0.360560488264478,0.144819939025776,2.48971578561639,0.0127845284542075,0.252298755412626,"TyrRS"
83.0804614831135,-0.954142066297789,0.383799039881272,-2.48604599582363,0.012917126926756,0.254338813673208,"CG31097"
578.638516646628,-0.594441625858042,0.240390461778615,-2.47281702218903,0.0134052758617351,0.263258514331803,"mRpS11"
603.519486397326,-0.479374296995621,0.193910534005589,-2.47214159588568,0.0134306308587063,0.263258514331803,"robl"
79.2384830956185,1.72410773918812,0.697765339757502,2.47089908447918,0.0134773845176198,0.263581297655831,"CG7573"
16.8689899317611,1.53109495661243,0.620695370938915,2.46674138119698,0.0136348795238542,0.266063579587676,"CG14451"
10.3739354536552,-4.06418938602303,1.64878851608446,-2.46495493289501,0.0137030485633203,0.266795596524779,"CG7208"
107.666844189149,-1.08087129558624,0.439333602796014,-2.46025181936311,0.0138839560256717,0.267105966298488,"CG11878"
8.88931706784053,3.44290773238323,1.39893488370122,2.46109220128545,0.0138514764359704,0.267105966298488,"CG14229"
41.4217920754537,-0.936403670085776,0.380224686855669,-2.46276399838612,0.0137870632291222,0.267105966298488,"CG34203"
505.169397872871,0.415016515690345,0.168480100691417,2.46329693528897,0.0137665852073358,0.267105966298488,"Cad96Ca"
1366.64665038051,-0.361401567196205,0.146925759083888,-2.45975633850468,0.0139031371634167,0.267105966298488,"Npc2a"
531.604267871276,-0.476367778893169,0.193619307807448,-2.46033200039591,0.0138808542414667,0.267105966298488,"mRpS28"
751.648617784006,-0.434774641979817,0.177021267419057,-2.45605880196637,0.0140470170432576,0.269275747417337,"CG13364"
40.4139080377036,-1.19579593366553,0.487057058104769,-2.45514547785962,0.0140827584080601,0.269367574561202,"CG17562"
211.237204839024,0.740820931927387,0.302034404248966,2.4527700205859,0.0141760939282506,0.269966182620493,"CG13028"
193.015391753839,-0.567935719916693,0.231532679417624,-2.4529397808777,0.0141694057102896,0.269966182620493,"CG3224"
315.973564180946,0.400444808659218,0.16337573156625,2.45106665978009,0.0142433573112812,0.270654887947773,"ecd"
145.544731236945,0.48865683193531,0.199498521631956,2.44942583001596,0.0143084175262341,0.27070903854525,"CG32115"
26.2293644025634,1.2398142625818,0.506030817544284,2.45007659533167,0.0142825828581873,0.27070903854525,"Ser6"
55.2453300474993,-1.51179166075556,0.617479954037847,-2.44832508467619,0.0143522097476241,0.270948549747445,"CG42395"
20.1749592110388,1.14577671675288,0.468197001229152,2.44721071203977,0.0143966645026584,0.271199504689688,"CG13705"
6.55967335272253,-3.05239964464726,1.24964821418682,-2.44260713534772,0.0145816009137679,0.27385935173995,"MED26"
750.545269041417,0.499703648478352,0.204617768372279,2.44213223735876,0.0146007973350956,0.27385935173995,"PIP82"
87.4541293282656,-0.639524463294584,0.262240233258891,-2.43869697394308,0.0147403229561472,0.275881786424407,"CG40191"
160.420651101057,-0.601652092030732,0.246830110792109,-2.43751497781188,0.0147886015603446,0.276191414977853,"CG8738"
9.20697242257442,-1.88018569897539,0.77202216682282,-2.43540377436713,0.0148751804342294,0.277213480340682,"rdhB"
173.1025496371,3.39251033132684,1.39450089916594,2.43277744270794,0.014983507481046,0.27744992682456,"CG15472"
834.601221083766,3.39156057439245,1.39367468466101,2.43353819346828,0.0149520578871497,0.27744992682456,"CG17349"
220.329014160014,3.39243480876294,1.39393166063522,2.43371673415969,0.0149446854091626,0.27744992682456,"alphaKap4"
2634.71205589976,3.3925977168752,1.39512521209523,2.43175142092094,0.0150260157232034,0.277646316006453,"CG31029"
888.208468033843,3.38976767981525,1.39623668237646,2.4277887285168,0.0151911897326821,0.277675988416332,"CG10064"
668.246670853527,3.39268137274098,1.39577327578453,2.43068228314805,0.0150704232498135,0.277675988416332,"CG14861"
441.742369471506,3.3928373261887,1.39696182932135,2.4287258642113,0.0151519841101815,0.277675988416332,"CG5561"
845.944211553292,3.38976378193655,1.39630224232516,2.42767194607653,0.0151960816488141,0.277675988416332,"TTLL3B"
399.616722331042,3.39293318612822,1.39769455788892,2.427521211253,0.0152023978518051,0.277675988416332,"Tengl1"
365.793860940732,0.761972197681707,0.313940375807023,2.42712392671048,0.0152190562420534,0.277675988416332,"bero"
459.37023880386,3.39074950941728,1.39832112798698,2.42487182776005,0.0153137923065735,0.278410169379161,"CG5122"
15.6824230925556,-2.47833788595491,1.02214377228682,-2.42464705372138,0.0153232760120209,0.278410169379161,"TotE"
50.1806535646527,0.941591275789405,0.388546151395059,2.42337048612799,0.015377235303863,0.278457565522234,"CG15020"
112.655635781614,3.39075106784412,1.39936042212708,2.42307200791777,0.0153898757918183,0.278457565522234,"CG8509"
74.6880718187584,3.39205875179617,1.4011838384676,2.4208520385918,0.0154841783467694,0.279003735304211,"CG34245"
691.016772073469,0.335107967184508,0.138385922563766,2.42154664994987,0.0154546172823301,0.279003735304211,"CG8507"
6.98279741261527,-2.27443138005706,0.939956884369375,-2.4197188380433,0.0155325115787984,0.279296380723725,"RhoGAP71E"
43.1363601864612,-0.903973589885536,0.373806156497776,-2.41829508201509,0.0155934257271987,0.279813575471774,"CG13806"
8.97416791408471,1.88001394415468,0.779995287196108,2.41028885047866,0.0159398950064452,0.285442193911713,"m"
24.9744311809083,-1.37055605132676,0.56881857142824,-2.40947838233454,0.0159753424555573,0.285489538789969,"CG31121"
10.3672884856847,-4.09328248416403,1.70024902448066,-2.40746056914477,0.0160638968047478,0.286483798958444,"CG9853"
1070.79863404524,-0.437730142602957,0.182233923430566,-2.40202336844127,0.0163046668241096,0.289001049633861,"CG1637"
39.6025101956608,1.02668163369708,0.427407971308051,2.402111571656,0.0163007358471152,0.289001049633861,"CG3117"
233.790292679639,0.770651871565436,0.320708476662532,2.40296695486587,0.0162626569249781,0.289001049633861,"CG34206"
1660.02767098586,1.76161568882141,0.7336494534123,2.40116813367462,0.0163428255222063,0.289088639267807,"lncRNA:CR32652"
804.698867409437,1.39274070034328,0.580290017340652,2.40007695932099,0.0163916252318139,0.289363720877234,"Scsalpha2"
25.1589530201504,-1.06003098734239,0.444046708154446,-2.3872060480937,0.0169769732474087,0.293023765019951,"AkhR"
202.411747897357,-0.501647456536427,0.209554410924741,-2.39387686626453,0.016671344550759,0.293023765019951,"CG15908"
326.699291825317,-3.7159830811904,1.5566903582412,-2.38710483527941,0.0169816480104272,0.293023765019951,"CG17010"
202.034926647616,1.39855366391539,0.584639212158554,2.3921653471579,0.0167492948034535,0.293023765019951,"CG32117"
146.714011121791,-2.20264791517369,0.922906275047181,-2.38664312371382,0.0170029876289872,0.293023765019951,"CG32650"
118.783084109958,-0.666970208832976,0.278735101670797,-2.3928461282236,0.0167182507383175,0.293023765019951,"CG34229"
34.4961708332242,1.51586391448548,0.634374216327577,2.38954212745418,0.0168693890640991,0.293023765019951,"CG3706"
144.086568567861,-2.98123086001799,1.24696646021072,-2.3907867253416,0.0168123159166523,0.293023765019951,"DptA"
38.7446941244991,0.9720150731113,0.406880257341199,2.38894626999853,0.0168967732657909,0.293023765019951,"Oseg5"
75.2482705435464,0.67151503763165,0.281045108728319,2.38934966941834,0.0168782297188272,0.293023765019951,"Pop1"
596.41437468251,-0.486982932394709,0.20396852807,-2.38753957290696,0.0169615765741157,0.293023765019951,"Sem1"
43.2060541547549,-0.818495174147137,0.342874610269336,-2.38715597373685,0.0169792859136968,0.293023765019951,"unc-119"
35.4292877650731,3.39668569014396,1.42890079971875,2.37713191203513,0.0174478472380439,0.296579325220109,"CG18545"
57.3448725645673,0.871973740777372,0.366486067101059,2.37928210388671,0.0173463950525788,0.296579325220109,"CG30203"
54.0516724132122,1.39436931113049,0.586057384567964,2.37923682534673,0.0173485260796077,0.296579325220109,"CG32681"
6.11315001367598,2.38825876619227,1.00401738012346,2.3787026135928,0.0173736860069245,0.296579325220109,"Gba1b"
1309.66363046755,-0.36287112526711,0.152443007173398,-2.38037238962597,0.0172951502037084,0.296579325220109,"Sec61beta"
7.5406464627474,2.11723451741206,0.890192893745068,2.37839970672512,0.0173879663109257,0.296579325220109,"Sema1b"
242.347212745153,-0.487313367378863,0.204966678977754,-2.37752482408008,0.017429269771408,0.296579325220109,"Tspo"
376.662756602532,-0.461687624117217,0.194343198604028,-2.37563046936312,0.0175189977135974,0.297208259456995,"CG13365"
829.176024724241,-0.428016364973121,0.180289438486829,-2.3740512398589,0.0175941087075324,0.297669708706738,"GstE6"
3037.94845967583,-0.362486356415845,0.152714483029196,-2.37362134373689,0.0176146041576433,0.297669708706738,"sqd"
6.20262910339776,3.42952347898087,1.44554829089469,2.37247243871615,0.0176694813454759,0.298018403390846,"CG11437"
50.0055132772369,-0.771032393577016,0.325607562276743,-2.36798060888308,0.0178854732818719,0.301077899365824,"CG34174"
964.398165308915,0.324692272681559,0.13762539752564,2.35924675618878,0.0183120747609833,0.301079968443309,"CG11414"
3893.53834846314,0.409552551825742,0.173228807128003,2.36422889827507,0.0180676455320145,0.301079968443309,"CG15098"
1329.82867298113,-0.571785040014459,0.242286685036518,-2.35995238421079,0.0182772808675996,0.301079968443309,"CG41128"
31.7536390014051,3.39771216825454,1.43839770076024,2.36215072261221,0.0181692535180681,0.301079968443309,"CG46457"
1259.39087867692,0.467290558578886,0.197480989434645,2.36625591109636,0.0179690188248044,0.301079968443309,"CG5639"
432.871665885902,0.478420153042715,0.20223420402415,2.36567377586426,0.0179972949176056,0.301079968443309,"Spn42Dd"
298.186902408855,-0.42441644510377,0.179465467050785,-2.36489198773639,0.0180353300768986,0.301079968443309,"Srp14"
121.076582173158,0.742439839223098,0.314705199555544,2.35915974782634,0.0183163690795723,0.301079968443309,"asp"
45.4135446924989,0.8117322496656,0.343533051055908,2.36289418782443,0.0181328460269737,0.301079968443309,"ldbr"
44.9519665094267,-1.09644119143669,0.463205539214183,-2.36707271095415,0.0179294099625525,0.301079968443309,"lncRNA:CR43264"
20.3219180460693,3.39087250187608,1.43640817996413,2.36066081297361,0.0182424071094508,0.301079968443309,"lncRNA:CR45823"
549.202608032057,-0.507228064964222,0.214896351910888,-2.36033818375175,0.0182582819177688,0.301079968443309,"mRpL54"
1218.55339627915,-0.460233408573931,0.195115370273978,-2.35877577418774,0.0183353307221595,0.301079968443309,"ry"
54.0588229433541,-0.80732259507433,0.342633199359626,-2.35622991754213,0.0184614871358909,0.302580645091636,"ash2"
1621.64679464154,-0.508505582367966,0.215912836035237,-2.35514289796545,0.01851558390927,0.302896854816498,"CG12643"
897.864389436311,-0.599105986828963,0.254660981430426,-2.35256293863235,0.0186445342070499,0.304434111076839,"CG10031"
19.8180341182519,-1.52806726840314,0.650746176198336,-2.34817709929565,0.0188655488501722,0.306907448530058,"CG33181"
40.9289435131045,9.24003383186195,3.93501440681722,2.34815756096192,0.0188665385457406,0.306907448530058,"lncRNA:CR45148"
24.1471025714854,-1.01153428760738,0.43106281496292,-2.34660530320712,0.0189453119217909,0.307613898610721,"CG42562"
110.541375281803,-0.727726167989047,0.310337123783647,-2.34495363982423,0.019029445576733,0.308404590045264,"CG30016"
6863.52503530109,-0.424170435988174,0.181190045661956,-2.3410250515613,0.0192308766827271,0.309762198928842,"COX7B"
84.3479014474735,-0.779016985124642,0.332835629630557,-2.34054565008362,0.0192555842376771,0.309762198928842,"Dpm3"
12.9457070389557,1.38888753119198,0.593011496168138,2.34209208449845,0.0191759830305836,0.309762198928842,"GramD1B"
7.20018748727529,-3.78143710235026,1.61526424868691,-2.34106407383454,0.0192288667597182,0.309762198928842,"l(2)05714"
60.716533548692,2.7031061650914,1.1559422028307,2.33844404890831,0.0193642249469858,0.310935147073094,"Pzl"
16.451722304173,3.23088802991599,1.38238241537323,2.33718831633408,0.0194293944161319,0.311407034260766,"CG30036"
154.015719724177,0.824291344543818,0.353187950666488,2.33386032277808,0.0196030369260626,0.313612555822652,"CG17672"
106.514916132075,-0.560979449952083,0.240624553901429,-2.33134749075477,0.0197350439344555,0.315145114424892,"Rbcn-3B"
53.2525431207521,-0.789159174466137,0.338823131124827,-2.32911835696188,0.0198527964598968,0.316115860555274,"CG13784"
124.542393559554,0.633640141421324,0.272139156624011,2.3283681381315,0.0198925640050971,0.316115860555274,"CG3815"
765.48402722064,-0.35472079069612,0.152362472562775,-2.3281375310444,0.0199048019745249,0.316115860555274,"Mlc1"
94.3164352422039,-1.19883242055797,0.51555425589659,-2.32532736728767,0.0200544619950341,0.317334514077784,"CG31337"
29.0570554202097,1.09360507685369,0.470190852409617,2.32587484688232,0.0200252282516122,0.317334514077784,"swa"
433.277884825515,-0.428138718603647,0.1842067256247,-2.32422956953227,0.0201131932957348,0.31768624546784,"CG32267"
70.053440695157,2.7090509211716,1.16633177747232,2.32271037580976,0.0201947165037617,0.318396046616373,"CG10931"
55.5313452386178,-0.757064761216814,0.326203699541684,-2.32083438134052,0.0202957841425458,0.319410866894351,"Nop10"
59.6402377714095,-0.714111244762231,0.307971974863476,-2.31875398753019,0.0204083793773441,0.320351762750816,"CG15027"
106.235970212349,-0.565542469206112,0.243939631488139,-2.318370597496,0.0204291885932096,0.320351762750816,"LSm1"
1120.98177931395,1.99237751125603,0.861504702428075,2.31267166115367,0.0207406982470872,0.324651613029496,"CG6790"
36.5474883841729,0.927134514439922,0.401089899630444,2.31153792527352,0.0208031608572253,0.325044719821242,"CG14963"
42.4524209925184,0.812208354822692,0.35185600508502,2.30835439237832,0.0209794334611036,0.327211486401407,"tej"
34.3198402003028,-1.23689129030798,0.536140367365649,-2.30702884094609,0.0210532123396684,0.327774788894694,"CG14329"
1544.77960401381,0.365050353936696,0.158300240345574,2.30606316920165,0.0211071029116547,0.328026994000234,"CG3308"
12.6262372185381,-1.64908422375515,0.715925900493902,-2.30342864061417,0.0212547378497358,0.329732590920233,"CG42681"
12.2646478277795,2.84463967265885,1.23664369426628,2.30029044408512,0.02143177069733,0.331297869234215,"CG15930"
171.454917284433,-0.502900481759402,0.218601363321,-2.30053680415949,0.021417826667885,0.331297869234215,"CG6983"
16.2160345754073,1.38056816313375,0.601195494435118,2.29637143976092,0.0216546525294222,0.332595792447503,"Acer"
33.8619531857814,-1.42817522904843,0.621993028694059,-2.29612738915586,0.0216685986806543,0.332595792447503,"CG42335"
332.562474054007,0.676214867724987,0.29425304583352,2.29807261912785,0.0215576563421164,0.332595792447503,"Mst36Fa"
103.045033396726,-0.814021622916645,0.354517566549665,-2.2961390343477,0.0216679330443437,0.332595792447503,"SLIRP2"
39.9425534032843,-1.07277933685508,0.46767206542747,-2.29387088979652,0.0217979159662599,0.333991659602747,"CG31897"
5.88601960613757,3.7370951351048,1.63034105407592,2.29221678848234,0.0218931366549559,0.334861104232128,"lncRNA:CR44075"
379.411052661124,-0.451342660445668,0.197097706362015,-2.2899437480854,0.0220245777441663,0.33628052650435,"krz"
45.3407467767847,1.2561238258482,0.549676080037144,2.28520736387749,0.0223006716206629,0.339837459577327,"Hsp70Bbb"
365.528641868452,-0.618044300683758,0.270524934572976,-2.28461121951417,0.0223356344798611,0.339837459577327,"S6k"
8.28010713390159,-1.9244392094012,0.84273887915359,-2.28355337223082,0.0223977927660155,0.34018846499587,"CG11162"
36.8191202305205,0.844416237879625,0.370043937200101,2.2819350703833,0.0224931739334928,0.340200650659031,"CG13306"
375.755150955296,0.383776363499173,0.168257285066629,2.28089002712245,0.0225549552373045,0.340200650659031,"CG3036"
420.425584795607,-0.580532007949834,0.25447418345356,-2.28130020920483,0.0225306883593783,0.340200650659031,"CG42759"
201.10524737188,0.416824399425717,0.182602717889253,2.28268453089794,0.0224489576393594,0.340200650659031,"MED24"
867.426419424213,1.79885856306091,0.789063002571337,2.27974009324849,0.0226231078987883,0.340638249209609,"tHMG1"
123.830712585549,1.24462623714295,0.546174831301069,2.27880555055616,0.0226786268159379,0.340884437269616,"Alp11"
87.6690664953071,-0.680655737485406,0.299385846742865,-2.27350673016284,0.0229956610171654,0.344459961845766,"CG13018"
1152.4684784497,-0.681485617126651,0.299719559722012,-2.2737442219611,0.0229813696545239,0.344459961845766,"CG16713"
565.588948517413,0.457875463512101,0.201530716060443,2.27198847134933,0.0230872066583669,0.34464487057936,"CG1265"
107.005275039599,1.32385339238055,0.582673632659539,2.27203243492929,0.0230845513668147,0.34464487057936,"CG44163"
33.3511558135784,1.20048856621601,0.529235997236308,2.26834261555338,0.0233083324104506,0.347350029055054,"cac"
21.6508821222119,-1.34329496418125,0.592437034597451,-2.26740545532233,0.023365468545278,0.347606278204367,"CG15725"
149.725326577514,-1.096747009154,0.484172797877855,-2.26519749552448,0.0235005627703544,0.349019450154256,"CG34426"
578.193002762514,-0.42451051971037,0.187673673908342,-2.26196093927216,0.0236998167257683,0.351379054453767,"CG16787"
3924.64965916028,-0.288823836268842,0.127851992418864,-2.259048379337,0.0238803756399571,0.35345392720161,"VhaAC39-1"
35.8729677878425,2.27733388196677,1.00879972461277,2.25746877839496,0.0239787982638122,0.354308117639996,"lncRNA:CR43436"
79.9520848031621,-0.618931029224419,0.274461116631613,-2.25507728315177,0.0241284782667461,0.35475489081668,"CG10418"
226.388828888791,3.01641768387882,1.33722842355958,2.25572357776347,0.0240879480161857,0.35475489081668,"CG31013"
36.1853498633349,0.852838401874322,0.378595384994771,2.25263813473612,0.0242819745909271,0.35475489081668,"CG33288"
385.179163519345,0.368059464539095,0.163404655711803,2.25244172472197,0.0242943714726809,0.35475489081668,"CG7872"
196.10265303464,-1.08244145489009,0.480103718194335,-2.25459919152708,0.0241584982523165,0.35475489081668,"Cpr65Ea"
136.730781935519,0.801837319881471,0.355957116968832,2.25262336853818,0.0242829064037122,0.35475489081668,"Cyp9f3"
25.1913911460581,1.15963270940134,0.514620103649871,2.25337623069292,0.0242354369300509,0.35475489081668,"Tre1"
33.0071087633722,0.848197954236085,0.376778161379004,2.25118661636781,0.0243737202129346,0.355317398682027,"CG31516"
741.143208511423,-0.334184452159223,0.148586364652055,-2.24909232379285,0.0245066228322944,0.356657422256618,"Septin1"
225.624006906101,0.429815788582796,0.19127776765038,2.2470765623343,0.0246351345129412,0.357279789933213,"Cdk9"
131.430970648938,-0.517741504666327,0.230407093316641,-2.24707276678679,0.0246353770417067,0.357279789933213,"ave"
251.706907269906,-0.388718572423607,0.173033628269511,-2.2464914844076,0.0246725443812318,0.357279789933213,"nero"
1296.93167548526,-0.453978252816292,0.20224626939719,-2.24468047875201,0.02478865212438,0.35836484956558,"mRpL24"
1876.35465646147,-0.275054078712852,0.122701308348682,-2.24165563036399,0.0249836375808309,0.359557922974643,"CG6357"
116.208824311122,-0.606796444778887,0.270643317579,-2.24205219699084,0.0249579990007105,0.359557922974643,"SMC2"
108.592703876795,0.608145548593259,0.271314515478768,2.24147811450527,0.0249951216131976,0.359557922974643,"tut"
9.22411608043195,-2.32028149828347,1.03594948177306,-2.23976317292252,0.0251063018903102,0.359967290529439,"CG3713"
169.185502048079,-0.517912428311284,0.231218789320708,-2.23992362313134,0.0250958817229579,0.359967290529439,"mRRF1"
40.6822315911734,0.739258279738615,0.330854620820939,2.23439007109623,0.0254574184334633,0.364401172082945,"mei-41"
175.071733502496,-0.632214124584909,0.283208390282126,-2.23232837118671,0.0255932680847006,0.365744190707963,"Polr2L"
293.364315722398,-0.352112777565246,0.157892293341475,-2.23008210289105,0.0257419927424576,0.367266496455096,"Rop"
215.874854152466,-0.45473322747847,0.20397045827079,-2.22940729424046,0.0257868173463364,0.367303881121384,"Arl2"
335.733838653812,-3.49400932041606,1.5682256748876,-2.22800160484968,0.0258804079830424,0.368034625288265,"CG10919"
1104.06014633326,-3.49313720436486,1.56901981394506,-2.22631809574278,0.0259928822282258,0.369031083249999,"eIF4E5"
37.5424850943625,1.27645623328913,0.573846397980564,2.22438659157073,0.0261224452059126,0.370266515679247,"sli"
98.7457691425595,-3.49238047152439,1.5740177862719,-2.21876811176079,0.0265025044966202,0.37504275875461,"Prosalpha4T1"
245.544465310037,-3.49149323325208,1.57415509267283,-2.21801095044816,0.0265540857866556,0.375162676300752,"CG15482"
1019.19749015569,0.611359967632558,0.276188913616479,2.2135572338052,0.026859251983055,0.378859108603772,"CG13722"
59.0572171731444,0.802201575145921,0.362689651019973,2.21181269686061,0.02697960944949,0.379941004917333,"CG32006"
33.9725326707223,1.11851167002317,0.506237121496509,2.20946197449268,0.027142524479706,0.381617755326141,"Cyp4ac1"
650.603165614163,-0.479065212552488,0.216956242713606,-2.20811905000069,0.0272359753780428,0.38231402212114,"mRpL52"
664.615844705023,0.656031782799911,0.297636819456951,2.20413517385673,0.0275148391297686,0.384986567437904,"CG42323"
169.877385009623,-0.531814870209821,0.241240339940018,-2.20450224179775,0.027489042466768,0.384986567437904,"CanA-14F"
236.583310996522,1.64699194853314,0.748670740284711,2.19988822844447,0.0278148261029047,0.387936589060224,"CG15625"
6844.2119371842,0.431401532373339,0.196093890057565,2.19997437067874,0.0278087134577353,0.387936589060224,"RpS12"
2595.87491381678,-0.324036268339122,0.147387924531377,-2.19852657108377,0.0279116031872714,0.388663492062117,"IscU"
29.6313046037976,-3.49628481924696,1.59100995396067,-2.19752542122272,0.0279829429708976,0.389034429194444,"asRNA:CR32252"
7.69287408060035,3.22200399343743,1.46702251949117,2.19628802600451,0.0280713342342624,0.389640864179881,"Or56a"
172919.110577673,0.89039634834975,0.405686989887632,2.1947865486058,0.0281789128458698,0.390511271493001,"ND5"
205.791647524501,0.820812936920964,0.374288783417001,2.1929936810489,0.0283078343654923,0.39167421698391,"CG16898"
20.9911912014295,3.01725987759382,1.37681753869036,2.19147402818812,0.0284175071869886,0.392567563568828,"CG14054"
1650.55552053056,0.495756826839497,0.226430064385431,2.18944789061056,0.0285643020728632,0.392725309542067,"CG16972"
8.21989235411473,-1.71774118999402,0.784493099825039,-2.18961924633514,0.0285518620156717,0.392725309542067,"Naam"
8.73689253246402,2.12878139425552,0.971974962514814,2.19016073083577,0.0285125820717557,0.392725309542067,"kis"
283.082171868646,-0.812797624206835,0.371701053558903,-2.18669712239067,0.0287646418276134,0.393940711934527,"CG11226"
240.261137266912,1.44042233521762,0.658562635580265,2.18722146899277,0.0287263603513683,0.393940711934527,"alpha-Est6"
28.2845431980334,0.962886435993343,0.440404021034937,2.18637067329809,0.0287884973905963,0.393940711934527,"lncRNA:CR32194"
968.115282285142,0.303027681381059,0.138643342645301,2.18566341231625,0.0288402395653374,0.394029207122656,"TrpRS"
1287.2657052451,-0.458137538934578,0.209703775945363,-2.18468903036797,0.0289116550421777,0.394385789705442,"CG8993"
605.972428965473,0.340506334102406,0.156063106114825,2.18185029491772,0.0291205832459174,0.396614140828198,"CG8243"
598.759350611338,-0.529790128329546,0.242998760705582,-2.1802174084807,0.0292413497884817,0.397636667514307,"CG8300"
11.9354555008933,-1.77230574152,0.813221948461025,-2.17936289702213,0.029304720140521,0.397876722906325,"foi"
29.7261583451109,0.96081755598199,0.441236020179589,2.17755920196842,0.0294388697318355,0.399075519121752,"Rh50"
30.4535244571807,1.02235751013046,0.470013007911908,2.17516854410564,0.0296174884640704,0.399279800921395,"CG10211"
126.203294166653,2.5313926191214,1.16473983943429,2.17335454100281,0.0297536434544329,0.399279800921395,"CG34124"
20.7209282201123,-1.15451976100076,0.531285248402312,-2.17306948474976,0.0297750879924147,0.399279800921395,"Zip99C"
14.0597296224552,3.02148249076773,1.38942016432462,2.17463555542713,0.0296574376946054,0.399279800921395,"lncRNA:CR46028"
421.330444412504,-0.350097783395671,0.160868359064201,-2.17629983566844,0.0295328478308957,0.399279800921395,"mRpL18"
153.676462555196,0.471828250348008,0.216884283387881,2.17548382472776,0.0295938789501115,0.399279800921395,"obe"
25.3278202969855,1.47095366866053,0.676663166146306,2.1738344012987,0.0297175739688969,0.399279800921395,"ppk22"
22.9198023995326,-1.30963459731205,0.603793074012401,-2.16901228861256,0.0300817509651467,0.402771505614879,"CG42867"
18.7022254550824,-1.02139388506455,0.471174230010918,-2.16776262369206,0.0301767519766554,0.403422845549665,"CG43630"
135.070886071668,-0.730981150197727,0.33733199783533,-2.16694874749047,0.030238762350021,0.403631823208946,"rpr"
40.909770064516,-0.739146408962153,0.341206833865473,-2.16627082344305,0.0302904978911213,0.403703220744913,"CG11342"
234.857764826786,-0.450122457644406,0.20793388615488,-2.16473835009812,0.0304077284078833,0.404645963813162,"mRpL36"
542.987088453829,0.454201565792972,0.209976000153817,2.16311181020807,0.0305325809587217,0.405687102417947,"Mgstl"
31.7867624040605,-1.20174643335307,0.55574711299501,-2.16239797788003,0.030587513310452,0.405797451739122,"AANATL3"
578.878377242111,2.12045545795858,0.983241538519851,2.1565967006954,0.031037101838278,0.411135307912532,"Mics1"
367.853230541365,-0.407253593229727,0.188931586223108,-2.15556118154221,0.0311179464377918,0.411579768766112,"CG15210"
960.600787974915,2.74479305479034,1.2740394566484,2.15440192253624,0.0312086659441525,0.412153292430895,"rha"
48.2948229294408,0.915539193719821,0.4253096574928,2.15264144039645,0.0313468690375297,0.412714766753524,"Acsx2"
53.5765934033088,-0.761533390480211,0.353864236696643,-2.15204960407754,0.0313934477296142,0.412714766753524,"CG42240"
1893.37106241146,2.12339336129034,0.986179343347243,2.15315132649526,0.0313067875474826,0.412714766753524,"ocn"
427.727360083855,0.389235627630723,0.181117250684766,2.1490809194547,0.0316279859946446,0.41517098357676,"TTLL12"
23.7797699105407,0.952526370493207,0.443474430820034,2.14787213037712,0.0317239149197335,0.415783671991519,"hbn"
55.1132813821485,-0.600026704388938,0.279434420196113,-2.14728988636342,0.0317702104876893,0.415783671991519,"p38c"
10.648564342418,-2.63317736722511,1.22748724924585,-2.14517696118057,0.0319387009209883,0.416171516605046,"asRNA:CR46487"
14.9016545602125,1.04259057693984,0.48595741738699,2.14543608068767,0.0319179968986821,0.416171516605046,"fd96Cb"
119.838554634776,0.767334966111733,0.357712011531913,2.14511937361454,0.0319433038138769,0.416171516605046,"lncRNA:CR45179"
14.9262279900231,-1.41192133082421,0.658416690952821,-2.1444191045354,0.0319993208486257,0.416278160456785,"His2Av"
88.1931567014496,0.588248470872637,0.275010740605618,2.13900180617389,0.0324355220940847,0.421322908634059,"CenB1A"
644.849291821416,0.374906853329527,0.175534387491503,2.13580289701171,0.0326954829086457,0.423435696062416,"Cdep"
18.6744883485074,-1.34629684580797,0.630272897472824,-2.13605384462215,0.0326750252391615,0.423435696062416,"X11Lbeta"
233.47869338191,0.570817097945852,0.267354159408073,2.13505972456031,0.0327561319244021,0.423590811497878,"Fbxl7"
4171.39229282233,0.265085681754378,0.124290573063305,2.13278992300858,0.0329419632699357,0.42495655726389,"Ggamma1"
6.78586705467927,-5.5089590894733,2.58323982726586,-2.13257748325445,0.0329594020628663,0.42495655726389,"Jon66Cii"
4493.67766201316,1.85956396062345,0.872326404082613,2.13172953600903,0.033029087257704,0.425225068644672,"CG10252"
1850.55692345696,-0.406264531538595,0.190634640494473,-2.13111599489378,0.0330795873154527,0.42524615717339,"Prosalpha4"
131.664589053419,-0.806278639412552,0.378623968959304,-2.12949708817619,0.0332131555393849,0.426018669458764,"MtnD"
90.8526677575143,-0.633570970586617,0.297562692713964,-2.12920163078254,0.0332375820478571,0.426018669458764,"RhoL"
733.381209057282,-0.41481816636996,0.194987489467534,-2.12740913533855,0.0333861037736061,0.42688710276094,"gish"
196.297388877322,0.432434521451748,0.203288098965559,2.12720038040697,0.033403437547995,0.42688710276094,"lncRNA:CR43242"
130.395509346483,-0.55419402134181,0.260655638317196,-2.12615397433837,0.0334904409898907,0.427326970289705,"Nle"
22.0610167618147,1.010693340675,0.475484742974843,2.12560624837645,0.0335360589116245,0.427326970289705,"fs(1)M3"
82.1400109862796,-0.568003748425214,0.267365187377123,-2.12444916257566,0.0336326027656903,0.427634154779693,"Atac1"
16.5990262917494,-1.14447623352719,0.538795106344097,-2.12413999320231,0.0336584391616787,0.427634154779693,"Ip259"
608.212067241839,0.718987385066671,0.338727077249067,2.12261561994348,0.0337860749697559,0.428630044404935,"Cpr51A"
22.428679204782,-1.19975696080461,0.565608390468556,-2.12117956703351,0.0339066940935718,0.429534146574025,"CG42876"
420.909500929488,-0.331177122440251,0.156260464460152,-2.11939164256551,0.0340573825195565,0.429889561298379,"PDCD-5"
246.175003369881,1.85791351513246,0.876309184596131,2.12015752863383,0.0339927627749168,0.429889561298379,"Spag1"
9.07547189026904,1.61162727671181,0.760710695126425,2.11858106772637,0.0341258871150259,0.429889561298379,"Vti1b"
16.0626598374008,1.46357951518762,0.690854918412363,2.11850487878271,0.0341323321678938,0.429889561298379,"fs(1)Ya"
62.1065330413855,-0.997049389355099,0.471232457705377,-2.1158334343312,0.0343589764303082,0.432118745481173,"Cpr78E"
105.558603070859,-0.574824353459042,0.271942021799457,-2.11377539100208,0.0345344557814053,0.433074018250102,"Deaf1"
144.662752177937,1.53003890389003,0.723704605525992,2.11417599419308,0.0345002384102078,0.433074018250102,"nrv2"
18.9534617811637,-1.22454303979566,0.579993154117838,-2.11130602335845,0.0347460166579727,0.435100119387534,"Flad1"
9.1291473182652,-1.53394782466599,0.727512764176356,-2.10848235274968,0.0349892876470808,0.436889197119863,"CG30082"
49.8247277188487,0.644787622988262,0.30577089502709,2.10872791843428,0.0349680735628225,0.436889197119863,"ppk"
18.221645319635,-3.10784066340251,1.47566164384413,-2.10606589685866,0.0351986286685309,0.438751365415876,"Sting"
647.606240920715,0.432265185585209,0.20529327177717,2.10559840487319,0.0352392513415716,0.438751365415876,"bonsai"
143.594332292353,-0.489164296392655,0.232768929990814,-2.1015016755542,0.0355969510616914,0.442571807271286,"CG5290"
160.516610086412,0.454636422415684,0.21659337577279,2.09903198005744,0.0358140817194064,0.443727020887762,"CG3704"
681.817825967565,-0.682946924620864,0.325474143616606,-2.09831391529936,0.0358774240862147,0.443727020887762,"CG44014"
100.289182081021,0.903213466862039,0.430244791064437,2.0993013410516,0.0357903452943868,0.443727020887762,"CG4998"
187.79592957401,-0.58441134522861,0.278539369100868,-2.09812834399354,0.035893809342179,0.443727020887762,"CG8665"
60.3729026361161,0.56350934184163,0.2691687914013,2.09351663284583,0.0363030608706206,0.447752260387539,"CG17806"
67.0835201421916,1.46505329089423,0.699877107737611,2.09330077337447,0.0363223136658167,0.447752260387539,"Drsl2"
12.5321065573993,-3.49456131812773,1.67008645550575,-2.09244336220275,0.0363988732708845,0.448061377760266,"asRNA:CR43820"
131.634966960734,0.634087784128837,0.30316508639248,2.09155939318138,0.0364779482016379,0.44840054124132,"FoxP"
188.755223731681,0.374080611688,0.178927666240332,2.09068066190246,0.0365566996295503,0.448734776975989,"Nprl2"
16.5696198460414,1.0874186728163,0.520698292057019,2.08838532678963,0.0367630900148283,0.450632637181761,"Vps24"
769.718422513643,0.318203309822745,0.152420641474864,2.08766546803453,0.0368280218940959,0.450793635083428,"Adsl"
197.645242515905,-0.389718184986763,0.186822889710038,-2.08603017323858,0.0369758899672075,0.451334039810108,"Bdbt"
272.036590784889,0.384459276507337,0.184297165668517,2.08608350059403,0.0369710599911087,0.451334039810108,"CG6204"
151.7514965873,0.450286792331449,0.216011607325114,2.08454905691125,0.0371102528098877,0.451976903866962,"SWIP"
490.311521069756,-0.515247270788633,0.247203382818338,-2.08430509693822,0.0371324240221623,0.451976903866962,"mRpS25"
8.54455089295697,-3.483134097002,1.6727964500425,-2.08222231516184,0.0373221678880202,0.453651993197542,"Him"
6.52008278450123,-3.71773467190343,1.78835793108662,-2.07885379502554,0.0376307906573763,0.455502156816908,"CG13615"
653.665205028031,-0.577013376950586,0.277417665741463,-2.07994460413465,0.0375306141906224,0.455502156816908,"CG9568"
44.3647037116721,-0.65537631053121,0.315259491668292,-2.07884719683802,0.0376313973056828,0.455502156816908,"N"
374.676887709504,0.395674269762581,0.19055977540872,2.07637875786704,0.0378589343100663,0.456985166852298,"CG10428"
1045.16617699258,0.367579463132807,0.177016384395055,2.07652791231158,0.0378451523329343,0.456985166852298,"CG42553"
69.5800758901638,1.36445403115356,0.65747263494469,2.07530163026229,0.0379585884612549,0.457553456202633,"CG15368"
242.179851772015,-0.466469016781656,0.224981994762462,-2.07336154732808,0.0381386447281568,0.458571220719085,"CG11883"
232.151968549185,-0.626504934033971,0.302183979964851,-2.07325661044919,0.0381484044353231,0.458571220719085,"nrv1"
380.875162351277,0.402682962307268,0.194401170776625,2.07140194011468,0.0383212497481409,0.460013567666304,"lovit"
62.0255379753087,-4.31195917292858,2.0822393423801,-2.07082782712183,0.0383748887521706,0.460022943264657,"CG18179"
38.015593965653,0.789415598395153,0.382172059886319,2.06560259436541,0.0388660192732359,0.465269553968325,"KCNQ"
7.00133788461133,3.02030393350575,1.46330772523512,2.06402514072729,0.0390153327603951,0.46641544095291,"robo1"
323.2539096723,-0.879378559779988,0.43495580576819,-2.02176531067769,0.0432006030706805,0.468212762794686,"Acbp5"
189554.550495175,0.370812924181597,0.180707818463968,2.05200266005942,0.0401694038991032,0.468212762794686,"Act88F"
62.3056906084567,2.97354049940051,1.46421245649292,2.03081218590554,0.0422740504014409,0.468212762794686,"CG10104"
340.913413138919,2.97430198357931,1.4562412361519,2.04245142201773,0.0411067734113598,0.468212762794686,"CG10510"
228.960217654994,-2.27377783384073,1.10328041510765,-2.06092467762955,0.0393102265749294,0.468212762794686,"CG11060"
48.1269626150743,2.97868277073657,1.47141546708009,2.02436554282492,0.0429325543746504,0.468212762794686,"CG11629"
519.981492213082,-0.360408984245066,0.176905661437381,-2.03729480061122,0.0416205085675701,0.468212762794686,"CG11722"
345.765862881387,0.318881731367685,0.156773976166673,2.03402209451311,0.0419493678240668,0.468212762794686,"CG12241"
18.8417774508886,1.00264611055668,0.489221118747039,2.04947430136415,0.0404157582566293,0.468212762794686,"CG12995"
53.8758566793372,2.97816079716013,1.46622214139418,2.03117980085085,0.0422367586430157,0.468212762794686,"CG1421"
1035.27859282249,2.75202349353819,1.35496347552138,2.03106839649625,0.0422480568327612,0.468212762794686,"CG14297"
437.965853385195,2.75331088864002,1.35816018204751,2.02723575984184,0.0426383076853231,0.468212762794686,"CG14448"
461.569542943419,2.97674794565352,1.45267218171386,2.04915326604628,0.0404471302734235,0.468212762794686,"CG14658"
451.636459583351,2.9768279192901,1.45341576461928,2.04815992213341,0.040544332031631,0.468212762794686,"CG14891"
128.074602724444,2.97718078693642,1.45675209219935,2.04371135135394,0.0409820711487438,0.468212762794686,"CG15450"
248.143601512008,-3.05156587168654,1.50256977274349,-2.03089795032599,0.04226534775877,0.468212762794686,"CG1571"
1775.12873246643,1.29362154789152,0.631223697883447,2.04938685323309,0.0404243017640843,0.468212762794686,"CG1979"
383.29255291933,2.97710440930026,1.45600983276357,2.04470075840737,0.0408843688187349,0.468212762794686,"CG2336"
415.668127585397,2.97697732801287,1.45481391811778,2.04629423113057,0.0407274309479034,0.468212762794686,"CG30177"
174.572597709725,2.97749391996756,1.45972418961484,2.03976473168756,0.0413737641212722,0.468212762794686,"CG30192"
19.8172961506507,1.24625419448826,0.613535415391054,2.03126692155811,0.0422279249861183,0.468212762794686,"CG31559"
149.6980866418,2.97784184040104,1.46308100229181,2.03532260738569,0.0418184228664826,0.468212762794686,"CG31933"
448.235224708093,2.97687297551875,1.45383620317129,2.04759860087761,0.0405993465623115,0.468212762794686,"CG32061"
261.027624155184,2.97416083023397,1.45770085237447,2.04030945402092,0.0413195137844508,0.468212762794686,"CG32161"
415.321234349485,2.74854728186261,1.35809847903496,2.02382030779953,0.0429886439258196,0.468212762794686,"CG32295"
1290.40732600382,2.7513878601393,1.3588182925242,2.02483869644424,0.0428839301470398,0.468212762794686,"CG32371"
217.176684592081,2.97748790314041,1.45966273387809,2.03984648921584,0.0413656178274453,0.468212762794686,"CG32806"
126.74241861153,2.97627749616843,1.4593692218215,2.0394273441327,0.0414073956824692,0.468212762794686,"CG33285"
58.7289832464324,2.978790855991,1.47250057402374,2.02294716113502,0.0430785954962805,0.468212762794686,"CG34169"
365.365461938282,-0.570393633021527,0.281246044978104,-2.02809477042045,0.0425505765579763,0.468212762794686,"CG34215"
16.2721494906596,-1.22094389523599,0.599478736811535,-2.03667589901496,0.041682531260177,0.468212762794686,"CG34291"
82.2142795925923,-0.507903648178244,0.249520563200686,-2.0355182020399,0.04179875895665,0.468212762794686,"CG42359"
86.136235465334,2.97794202800475,1.46406776015123,2.03401926403812,0.0419496531945861,0.468212762794686,"CG42535"
1300.1577743067,2.97743574406444,1.45912717236604,2.04055945256396,0.0412946359464623,0.468212762794686,"CG42820"
726.890521036247,2.75190911153306,1.35380067513985,2.03272842307364,0.0420799680473425,0.468212762794686,"CG43638"
1629.47247438705,2.75341763964711,1.35883053841764,2.02631421785197,0.0427325951897904,0.468212762794686,"CG4691"
523.72100259512,2.75356116717555,1.35976113472123,2.02503299797583,0.0428639759939122,0.468212762794686,"CG4744"
584.409963361886,2.97522451373518,1.45622246067956,2.04311126498266,0.0410414250234617,0.468212762794686,"CG5265"
91.438853398235,-3.23143996765861,1.59779274232742,-2.02244000867818,0.0431309153375592,0.468212762794686,"CG6441"
191.997323261343,0.722150388233628,0.354949607596268,2.03451524604875,0.04189967300572,0.468212762794686,"CG6834"
76.5851800743741,2.97818784110644,1.4664791378228,2.03084228359906,0.0422709961713024,0.468212762794686,"CG7276"
962.304705317226,2.97619942784307,1.45712062736798,2.04252096356568,0.0410998821226349,0.468212762794686,"CG7309"
903.965167428273,2.75125561861222,1.35504387224148,2.03038121124533,0.0423178049900927,0.468212762794686,"CG8838"
199.782603382941,2.97613868920469,1.45556678707709,2.04465965809858,0.0408884234741458,0.468212762794686,"CG9030"
136.379960153146,2.97724419795199,1.45735063235232,2.04291550149905,0.041060803519985,0.468212762794686,"CG9263"
1504.86359254891,2.97728398143745,1.45767974037028,2.04248155406288,0.0411037873262597,0.468212762794686,"CG9389"
18.1619923649505,-1.38937469238772,0.68540336584693,-2.02709055954361,0.0426531521577447,0.468212762794686,"CecC"
103.698298475316,2.97407724590693,1.45855261152597,2.03906065671185,0.0414439741734395,0.468212762794686,"Cnep1r1"
40.5380607608341,0.976135579554828,0.476113219910402,2.0502173406118,0.0403432265613467,0.468212762794686,"Cpr31A"
73.9682207628263,0.552791593678605,0.26875936614355,2.05682727121535,0.0397028438351303,0.468212762794686,"DppIII"
519.839543496503,1.42799326502916,0.705469699609973,2.02417377503051,0.0429522749014356,0.468212762794686,"Fum4"
2057.97606144031,2.97718163871076,1.4567044685754,2.04377875055352,0.040975409314401,0.468212762794686,"Hsp60B"
371.180742832422,-3.23142101494166,1.59622566464104,-2.02441364433791,0.0429276090349126,0.468212762794686,"I-t"
4435.57904375996,0.458306141733674,0.224505785682503,2.04140013737468,0.0412110708196724,0.468212762794686,"Lsp1gamma"
175.881066814775,-0.526148060727376,0.260211643560669,-2.02200045135453,0.0431763052315412,0.468212762794686,"Mnn1"
79.542659724327,-0.585292282360281,0.28830425614496,-2.03012015912105,0.0423443268642165,0.468212762794686,"Pop4"
75.0447008515826,-0.667884724278337,0.326417844776872,-2.04610359073623,0.0407461798006172,0.468212762794686,"Rab4"
337.939406898999,-0.38864823933919,0.191676262236428,-2.02762843350838,0.0425981847904477,0.468212762794686,"Set"
591.795545921187,2.97677625073975,1.4529304964164,2.04880843101709,0.0404808510286808,0.468212762794686,"Slc25A46b"
1445.65538269919,0.400770199926244,0.197089276394601,2.03344498116602,0.0420075867988447,0.468212762794686,"SmydA-1"
381.509472531156,2.97695944788465,1.45464785433546,2.04651554602171,0.0407056745318706,0.468212762794686,"Tengl3"
82.8138265208271,-0.68226875008595,0.334296779267472,-2.04090733862579,0.0412600382437247,0.468212762794686,"TrpRS-m"
9.65492779440936,1.28907311265008,0.629333847947362,2.04831365237151,0.0405292761149641,0.468212762794686,"cathD"
17.7568518465052,1.22013423574366,0.593179974379122,2.05693767228195,0.0396922216399943,0.468212762794686,"croc"
527.09152647682,0.869891383496343,0.424018527938096,2.05154097328346,0.040214293742718,0.468212762794686,"dtr"
2454.42103330994,0.286497280907979,0.139266436408231,2.05718828094496,0.0396681183770824,0.468212762794686,"eIF3i"
531.901262285635,-0.32996545596236,0.162280740388033,-2.03330016349057,0.042022206677899,0.468212762794686,"flw"
16.5906188974611,1.78632056150495,0.868147943290204,2.05762229273383,0.0396264049899102,0.468212762794686,"gzl"
38.3653352047558,2.97871871806687,1.47178189585254,2.02388596194916,0.0429818866575976,0.468212762794686,"lncRNA:CR44412"
836.563153921603,2.75043287890917,1.35726940407906,2.02644579671741,0.0427191219282918,0.468212762794686,"mAcon2"
182.870648879011,-0.514745033897521,0.251258930239946,-2.04866363717283,0.0404950172443049,0.468212762794686,"mRpL33"
175.53511524421,-3.23085778262274,1.5955019971664,-2.02497883948797,0.042869537110263,0.468212762794686,"scpr-A"
193.491493231938,-0.359161115087068,0.175556250804152,-2.04584635090973,0.0407714900820086,0.468212762794686,"slim"
95.2941877217519,0.916397424106494,0.452070188256441,2.02711315170081,0.0426508421739698,0.468212762794686,"spz4"
1799.41692469129,0.465770627150421,0.226466240479304,2.05668900655852,0.0397161503170737,0.468212762794686,"yellow-e"
435.948803990374,2.75406590469284,1.36304856429242,2.02051928070702,0.0433295522682852,0.469026235560803,"CG30393"
1489.97109970265,-0.314874441670616,0.156026797825455,-2.01807924061136,0.0435830093256107,0.469777318776764,"CG11267"
102.569039519166,2.9746479582879,1.47573532011192,2.01570560638361,0.0438307690275459,0.469777318776764,"CG43209"
100.184916931316,0.885093734386168,0.439001559272449,2.0161516871444,0.0437841166201266,0.469777318776764,"CG6733"
138.849308085819,-0.469753473061691,0.232972879130312,-2.01634402603119,0.0437640142084038,0.469777318776764,"CG9344"
53.3973958338745,2.97259519222719,1.47452108814804,2.0159733327115,0.0438027644055688,0.469777318776764,"Cnx14D"
56.2688596921081,2.9727035142041,1.4733102897094,2.01770362629481,0.0436221369455494,0.469777318776764,"asRNA:CR44370"
120.744854331726,-0.48017106027708,0.237975271201304,-2.01773511110279,0.0436188560445965,0.469777318776764,"lncRNA:CR45517"
7541.49036914561,-0.370730109368453,0.183687602389526,-2.01826418629106,0.0435637544890709,0.469777318776764,"tsr"
190.329540615103,-0.471170582856478,0.234068781388573,-2.01295781548201,0.0441190674254951,0.469973370629234,"CG30089"
196.25685536865,2.75487737403155,1.36849491024795,2.01307096825987,0.0441071639061457,0.469973370629234,"CG5062"
7.28748749750423,-1.74125825086728,0.864941117603553,-2.01315235850007,0.0440986034392708,0.469973370629234,"Sdr"
6.99222903674571,-3.49058448733771,1.73383709558451,-2.01321363825185,0.0440921590799115,0.469973370629234,"TotF"
360.730876339605,-0.384884391372056,0.191186208553936,-2.01313888843334,0.0441000200977867,0.469973370629234,"mahe"
72.5853608727032,-3.23210547473304,1.60652437042485,-2.01186208826593,0.0442344767830534,0.470052077463875,"CG42287"
81.5443888923552,-3.22681117002579,1.60349152189735,-2.01236559467905,0.0441814124996393,0.470052077463875,"tplus3b"
196.15496341187,-0.53307344945885,0.265165733242846,-2.01034063843629,0.0443951485531046,0.47100567138564,"CG8034"
552.398297433301,-0.38385023054176,0.191019970284982,-2.00947696708933,0.0444865749602431,0.47100567138564,"Srlp"
1173.18456463873,0.358792030308913,0.178517435839772,2.00984306446652,0.0444478012932401,0.47100567138564,"alpha-Est7"
104.297130698263,0.806013638846418,0.40163398953723,2.00683622363516,0.0447671044467629,0.473399890644201,"CG9649"
247.65891875399,-0.496110673387611,0.247365801931751,-2.00557502093393,0.044901609183776,0.474246000881556,"Dic1"
27.8086442460952,2.98011716348762,1.48629841457229,2.00505977418081,0.044956657191185,0.474251863678646,"CG42299"
154.850535364504,-1.69709873943156,0.846818594004763,-2.00408771305512,0.045060665366868,0.474773572261323,"TotX"
13.1337552263642,-1.4082462599576,0.703910306138112,-2.00060469022496,0.045435007748671,0.478138902583656,"Prps"
36.8266173829444,-0.72940840303995,0.365409289607757,-1.99614083107444,0.0459185957168385,0.48264437019764,"CG11668"
79.899757695279,0.573741196809408,0.287640771443555,1.99464489658413,0.0460816232256913,0.48377366336935,"Pepck2"
63.23118415991,1.23950648165162,0.621807528578752,1.99339252852844,0.0462184813789089,0.484625835470656,"CG44437"
31.2209562248764,0.988598252939551,0.496418336913926,1.99146199772827,0.0464301191484784,0.486259117869083,"fabp"
88.8953378773086,-0.663943576117603,0.333721994986517,-1.9895109884634,0.0466448301547214,0.486612020422606,"CG14903"
7.68630122164078,-1.59723475195466,0.802603292822832,-1.99006752929836,0.0465834971209747,0.486612020422606,"CG43156"
525.1973327862,2.34504409685472,1.17834603768568,1.9901149762938,0.0465782714131741,0.486612020422606,"CG43755"
28.4985655194475,0.903073970211961,0.454005766568518,1.98912444887563,0.0466874683503247,0.486612020422606,"Ranbp16"
246.903169447409,-0.556910235643798,0.280066522673814,-1.98849269925923,0.0467572256495366,0.486756142138656,"CG31777"
63.2921933276282,0.638097802173731,0.321514133836553,1.98466485612766,0.0471817713252276,0.489472801354151,"CG2975"
12.6223864271818,-3.47508152084573,1.75145270151067,-1.9841138261104,0.0472431521472466,0.489472801354151,"CG9168"
58.4836149269761,0.600202817399722,0.302468138826053,1.98435054921568,0.0472167746546629,0.489472801354151,"Lime"
48.0880505874608,-0.733997517022444,0.369691178614864,-1.98543422045541,0.047096181833907,0.489472801354151,"fs(1)h"
8.18900292639744,2.11492749020248,1.06644878576384,1.98314960683992,0.0473507208883673,0.490003952308515,"Ldh"
159.269043825015,-0.407682480710465,0.205760845208181,-1.98134139805845,0.0475530008003733,0.491512786182481,"KdelR"
16.8862584740512,2.97781486934167,1.50573810822123,1.97764462032474,0.0479688118123265,0.494050377754648,"CG32639"
1148.47450894757,-0.424399932417757,0.214490100683561,-1.97864577929346,0.0478559015764943,0.494050377754648,"CG34284"
33.7925380643517,0.864503164488476,0.437084353381509,1.9778863228579,0.0479415322362704,0.494050377754648,"sro"
24.3186010564185,2.13160059601358,1.07964161853408,1.97435941651438,0.0483408892270954,0.496160773171808,"CG12592"
16.4762750435508,2.97005380478953,1.50445614941905,1.97417106901814,0.0483622944653031,0.496160773171808,"CG15071"
31.0787803256166,0.879828060696387,0.445429956549892,1.97523324993935,0.0482416842456745,0.496160773171808,"in"
33.907044710974,0.760530892700437,0.385308360016283,1.973824011159,0.0484017576034546,0.496160773171808,"mth"
126.889159639429,-0.429993955555736,0.217999091213588,-1.97245756008424,0.0485573965366703,0.49679196082928,"CG32281"
166.606493002268,-0.632033407913775,0.320487252536344,-1.97210155134673,0.0485980149142446,0.49679196082928,"CG33281"
940.956366601081,-0.351363443919182,0.178195952688188,-1.97178128132914,0.0486345801018668,0.49679196082928,"Gip"
77.9974599452221,-0.588313738555708,0.298593085816754,-1.97028587231506,0.0488056166511416,0.49795460927888,"Ak6"
164.839890145132,-0.460475352933632,0.234011180107559,-1.96774937300852,0.0490968819125101,0.500339769654069,"rudhira"
15.8848872624167,2.74658255369513,1.3963904599343,1.96691586809062,0.0491929108437339,0.500732050377796,"CG32246"
46.5607316153922,2.74370970072026,1.39594237430067,1.96548922880486,0.0493576411233099,0.501821905018886,"CG13202"
8.41885303253859,-1.50850819903631,0.767877391878498,-1.96451701142805,0.0494701654625629,0.50237905486661,"CG11686"
170.461048300262,-0.47970320095308,0.244353389113051,-1.9631534585802,0.049628345429178,0.503398007307851,"scf"
873.730693048922,0.45762947546363,0.233388407785594,1.96080636483042,0.0499016153025344,0.505580626284001,"CG14118"
681.145186796337,0.367640496324601,0.187615957600757,1.95953745633372,0.0500498777855831,0.506493123683639,"MFS3"
128.856401568303,-0.607183523232304,0.310122422176736,-1.95788333836202,0.0502437034190855,0.507274884984108,"CG43291"
5811.51522837112,0.820471099123777,0.418963318380434,1.95833635816957,0.0501905571751875,0.507274884984108,"Mst77F"
25526.7546081251,0.286701888077131,0.146566205577529,1.95612547208554,0.0504503751927446,0.50877128076762,"Mdh2"
2349.45237752587,0.308368144873794,0.157716958816593,1.95519966392701,0.0505595082393827,0.509080354932684,"eIF3g1"
2685.53711684929,0.395110066945601,0.202115422747357,1.95487341626317,0.0505980129859556,0.509080354932684,"prc"
78.0069877995316,0.619397721185512,0.317070070196269,1.95350422322138,0.0507598773492028,0.510119183106364,"loco"
35.9226703632,-0.8977150413286,0.459702727295061,-1.95281643554923,0.0508413503136747,0.51034864103796,"CG13041"
15.2653812501071,1.18410689681301,0.607034879275511,1.95064062583394,0.0510998109047148,0.511762548105561,"EMC10"
2216.05852596327,-0.340552180840024,0.17456991429739,-1.95080682837407,0.0510800292636885,0.511762548105561,"ND-B15"
72.8960914707068,-0.58462799310084,0.300026119264235,-1.94859032451756,0.0513443685214392,0.512275305116747,"CG10324"
22.2430288874228,1.09279543155561,0.560694747364992,1.94900244150895,0.0512951331515864,0.512275305116747,"CG14079"
21.4823355141026,-0.92467749598733,0.474482983903713,-1.94881065782324,0.051318040514464,0.512275305116747,"snoRNA:Me28S-A1322"
129.953140837525,0.491701093902326,0.252382420305857,1.94823828579837,0.0513864577004389,0.512275305116747,"uri"
11.2624697140973,2.98412113314537,1.53321989401316,1.94630994862356,0.0516175192629103,0.513990011607675,"lncRNA:CR46019"
361.185495194635,-0.285690527556333,0.146932931960852,-1.94436008145846,0.0518520440904945,0.515735245393799,"CIAPIN1"
41.2951485748294,2.35252138024148,1.2104248869948,1.94355007528161,0.0519497312305325,0.515763901464268,"CG17440"
98.9260855837133,0.538987087290738,0.277348955043624,1.94335358936529,0.0519734507163234,0.515763901464268,"CG43179"
107.726120679348,-0.543097714383614,0.279909940183992,-1.94025876332445,0.0523482501790357,0.517712296941077,"CG15237"
383.584726693905,0.394670900622253,0.203359213579665,1.94075740988073,0.0522877092045727,0.517712296941077,"Vps13D"
286.266747284881,0.425377487987168,0.219190439326091,1.94067537477915,0.0522976651092898,0.517712296941077,"mthl9"
449.556926892595,-0.663568549696719,0.342092935424484,-1.9397318125653,0.0524122912703255,0.517757288224339,"CG9458"
79.7244854245199,-0.629552422505087,0.324681486908213,-1.93898466001254,0.0525032060801342,0.518067349790712,"lectin-24Db"
13.689571008907,-3.22804667469161,1.66604669719417,-1.93754873745618,0.0526783018016594,0.519206410622697,"lncRNA:CR45279"
13.4435008317152,2.75317882593941,1.4220105340256,1.93611703996691,0.0528533679928232,0.520342603666901,"lncRNA:CR45824"
28.1252890598565,-0.844605798234386,0.436707885741773,-1.93402918932818,0.0531095390925651,0.522273806466208,"CG5068"
20.0144404961479,0.987020358912067,0.510510938966994,1.933397080402,0.0531873006493116,0.522448168793407,"Tsp47F"
90.4930801613941,0.498414385954647,0.25800586885508,1.93179476174863,0.0533848428943533,0.522601391157741,"CG7888"
167.029922791902,-0.394373337902173,0.204198516734906,-1.93132322510528,0.053443092971434,0.522601391157741,"HtrA2"
11.0869460106663,1.14435415570884,0.592311657845191,1.93201356169817,0.0533578320170571,0.522601391157741,"asRNA:CR44375"
419.935917428889,-0.357560474614403,0.185101316872099,-1.93170140902601,0.0533963707732203,0.522601391157741,"jp"
28.4124002640823,0.805439585737053,0.417491786908479,1.92923456459185,0.053701748992174,0.523775861414268,"CG15111"
53.3597640245924,-0.957360508364182,0.496167407544396,-1.92951107591346,0.0536674464083133,0.523775861414268,"CG2772"
11.9823671160104,1.30572659874972,0.676929423660136,1.92889620854372,0.053743748620354,0.523775861414268,"CG30340"
522.526301937636,0.367351290980478,0.190595986028681,1.9273820956817,0.0539320292552878,0.525022875401309,"MME1"
66.5136382114921,-0.607891606423306,0.315494789662778,-1.92678810028229,0.0540060430709596,0.525155969660963,"Irbp18"
5645.27014771289,0.41697170877094,0.216763526281727,1.92362486403272,0.0544016221397721,0.525479819625346,"Arr2"
38.9349095593837,1.53408363084557,0.796718954121869,1.92550161246812,0.0541666344290588,0.525479819625346,"CG12985"
116286.5710015,0.444396010035764,0.230817373057708,1.92531439097809,0.0541900383371151,0.525479819625346,"ND1"
292.063808056213,-0.418749739682925,0.217626938052658,-1.92416317313439,0.0543341336193096,0.525479819625346,"PIG-U"
154.459105382282,0.732691785005834,0.380766856712298,1.92425304905003,0.0543228725653014,0.525479819625346,"Rsph3"
51.4295695366076,0.688390120847162,0.357809294925482,1.92390228708432,0.0543668325181911,0.525479819625346,"asRNA:CR45131"
2989.7569846634,0.370190463533961,0.192729923086518,1.92077316072907,0.0547603115222274,0.527772969189308,"Sdb"
489.475960740873,-0.344760901495,0.179464839439621,-1.92104984225053,0.0547254241386984,0.527772969189308,"psidin"
442.470523156182,0.497813923674576,0.259371745313756,1.9193066811205,0.0549455329882245,0.528972315925352,"GluProRS"
263.031991725587,0.386141370913268,0.201252777188465,1.91868840921218,0.0550237792646523,0.529140277282065,"CG3368"
20.1831987437463,1.02636517195696,0.535260965015892,1.9175042437972,0.055173902354908,0.529998313680756,"sunn"
12.1160999552914,2.98599948779048,1.55846490181943,1.91598763905717,0.0553666690826478,0.531263639499762,"CG15042"
1602.20649970918,-0.241218797183401,0.12604005859092,-1.91382644438709,0.0556423353927612,0.533320754320705,"CG10340"
9.2183690128362,2.98621510834174,1.56152866541886,1.91236649987512,0.0558292017204817,0.534523149145602,"CG34332"
158.014009895332,0.417567475033434,0.218515367460496,1.91092956017807,0.0560136336963652,0.535699619845567,"CG6836"
340.940808006822,1.70398776513385,0.89204809738411,1.91019718570189,0.0561078293902631,0.536011459037826,"CG43935"
51.3856069010978,0.548481487088712,0.287386502376053,1.90851512702921,0.0563246699240242,0.53749298503156,"orb"
759.01213930571,0.240725745134086,0.12617356406983,1.90789367732259,0.056404959648992,0.537669620838091,"Gapvd1"
8.50095716997122,-1.69787342222611,0.890329259854155,-1.90701743589135,0.0565183296756252,0.538160856856637,"Nha2"
2501.88160975706,-0.397743049918067,0.208700074748752,-1.90581172717307,0.0566746368831196,0.538224503584677,"CG1368"
149.389072740151,-0.509454094824149,0.267277618801426,-1.90608587845377,0.0566390645452567,0.538224503584677,"CG14435"
211.769554121411,0.45999415403473,0.241398935807938,1.90553513624729,0.0567105446153222,0.538224503584677,"Cubn2"
46.5649480862314,-0.635663884503213,0.334112331749955,-1.90254541391467,0.0570998876286058,0.541329326831979,"CG6432"
20.9911462464221,0.823133776995111,0.433164256467277,1.90028093201474,0.0573962623039593,0.541990846691266,"Arf6"
933.546786748291,0.253452936480857,0.133324329670137,1.90102539504931,0.0572986863896641,0.541990846691266,"CG2767"
10.2270668664329,1.1239777736432,0.591533204209174,1.90010935251869,0.0574187706135065,0.541990846691266,"Fbp2"
25.4268003398092,-1.35857829982943,0.71495265282111,-1.90023534351353,0.0574022420235213,0.541990846691266,"mge"
21.9748006924134,1.11936628040552,0.589310010812189,1.89945234234661,0.0575050270398218,0.542216955934528,"CG1941"
138.894253932932,-0.393123645556585,0.207162467627579,-1.89765863507338,0.0577410649395208,0.543265392614756,"Dbp45A"
283.945287771856,0.349882906870004,0.184350453975595,1.89792267566818,0.0577062687867326,0.543265392614756,"Vps51"
121.064122053077,-0.420661542432904,0.22202432214909,-1.8946642348059,0.0581368988753169,0.545468814907507,"Bka"
81.8473229932162,0.562666632700295,0.296942547645134,1.89486699417935,0.0581100248502722,0.545468814907507,"CG4676"
15.6276673996681,-1.21841247384491,0.64322362433898,-1.89422842653989,0.058194696495857,0.545468814907507,"CG4914"
465.81388546517,-0.378420747906316,0.199828908565089,-1.89372373909081,0.0582616886358275,0.545468814907507,"Sid"
37.9547928582622,0.739070917977127,0.390315697462589,1.89352086729222,0.0582886358570586,0.545468814907507,"unpg"
7.83119045711935,-1.85573616275369,0.980552132710147,-1.89254206976699,0.0584187939073219,0.546099638426877,"H15"
302.447265587632,-0.421322126406336,0.222767109749313,-1.89131208319067,0.058582696665387,0.546457887544333,"CG34117"
40.7616262287828,-0.703632699132187,0.372018794240069,-1.89139019325492,0.0585722767074847,0.546457887544333,"Urm1"
1430.72267967409,-0.251462998871405,0.13302148507959,-1.89039386172053,0.0587053037576347,0.547015266169909,"NUCB1"
250.618821357965,1.09183921328805,0.578290873193765,1.88804503736689,0.0590199045095154,0.547601523396922,"CG1801"
285.784878157464,0.399867311762513,0.211762235993526,1.88828432929248,0.0589877899347264,0.547601523396922,"CG31510"
99.5323343484222,0.545247206510676,0.28872856930438,1.88844217191362,0.0589666143419398,0.547601523396922,"Nubpl"
417.119653967795,-0.26314374678352,0.13934533595827,-1.88842880871394,0.058968406855724,0.547601523396922,"Pli"
78.688707436678,0.592118602664421,0.313950886601297,1.88602303078183,0.0592918511893388,0.54953885079959,"CG3568"
97.5690029623929,0.514589268537479,0.272991557172852,1.88500067132718,0.0594297471805621,0.550230946502588,"CenG1A"
302.186081876404,1.53776426643543,0.816107468323656,1.88426687185464,0.0595288861176504,0.550509556222352,"CG15144"
166.189903249122,-0.608396816429462,0.322955329910446,-1.88384200563641,0.0595863497600202,0.550509556222352,"beat-VI"
805.817534888332,1.53780594221469,0.816867391174408,1.88256497790149,0.0597593463181832,0.551522365861239,"CG4907"
55.3455157039577,-0.633036145559455,0.336542310678636,-1.88100017582615,0.0599718949247212,0.55231259421148,"CG16711"
69.2206284040563,0.518382553262178,0.275580249104385,1.88105843922735,0.0599639697279453,0.55231259421148,"mthl1"
29.2959128249028,0.808528323381838,0.430322595647876,1.87888884190371,0.0602596727255044,0.553933427105639,"RpL10"
12.4897010954972,-1.2370913697134,0.658456282748537,-1.87877525376402,0.0602751873456326,0.553933427105639,"Vha13"
173.566798805605,0.594578764857459,0.316861295338093,1.87646384586997,0.0605916147098873,0.556254032510706,"CG13024"
10.9146310760862,2.34294510179068,1.25066686452266,1.87335666135594,0.0610191503800295,0.557756203000655,"CG17658"
561.363345418547,-0.318082497440028,0.169829936688268,-1.87294715903878,0.0610756821164683,0.557756203000655,"CG5569"
168.800718633284,0.573254628158851,0.305864414125036,1.8742115842365,0.0609012680974707,0.557756203000655,"CG7730"
102.831789406363,0.527238951593971,0.281380296922053,1.87375931208156,0.060963606774368,0.557756203000655,"GILT2"
20.1138828441685,-1.04867823231733,0.559412778821987,-1.87460542915312,0.0608470257317874,0.557756203000655,"lectin-24A"
40.0636676349916,-0.622768465290139,0.332630983721035,-1.87225031872687,0.0611719805407842,0.558050048895645,"hpo"
58.6787228745603,-0.628192066892237,0.33567785153368,-1.87141351156201,0.0612877875412758,0.558462272933488,"CG18635"
203.637187193329,1.01411797002886,0.542020111866588,1.87099693872332,0.0613455053343002,0.558462272933488,"lectin-46Ca"
112.136989913415,1.057081322465,0.565228709117479,1.87018335306336,0.0614583606028495,0.55890502855444,"CG30398"
16.6363571466619,0.976260939096633,0.522764956537787,1.86749499347144,0.0618324953202985,0.561720466359664,"mus81"
7.71993657298895,2.97195819525815,1.59298724277286,1.86565097036494,0.0620902134805217,0.563473543191846,"CG4757"
20.8561072978387,0.831305848755759,0.445727992738151,1.86505192022822,0.0621741269357232,0.563647319501666,"CG33509"
12.2831746882125,1.15250040673553,0.618284362568795,1.86402968683733,0.0623175355019074,0.564055027856294,"CG15522"
685.806711786137,-0.422750618417387,0.226837850585174,-1.86366877188625,0.0623682333782958,0.564055027856294,"CG6602"
267.840108391863,-0.292368956608223,0.156905309707238,-1.86334648045844,0.0624135346231887,0.564055027856294,"Spn31A"
18.3659148999239,0.924121362542618,0.496370446980559,1.86175741961288,0.0626372909160731,0.565489982201851,"CG30001"
199.776461672338,0.522755854802924,0.280873919442831,1.86117620261758,0.062719297825959,0.565643574071835,"CG15362"
119.330337720072,-0.519188884373852,0.279093767574882,-1.860266851837,0.0628477809221101,0.565715129385924,"Sec24CD"
483.779003181798,-0.384393809533398,0.206654008891261,-1.860083971251,0.0628736465705739,0.565715129385924,"Tbca"
873.247164832826,-0.240801086659024,0.129481009501478,-1.85974057188884,0.062922238911361,0.565715129385924,"mRpL45"
661.014520123736,-0.454379738145721,0.244513436512493,-1.85830171391217,0.0631261805892977,0.566963002754033,"mRpS26"
3222.94993551667,-0.261846384916113,0.141010095707489,-1.85693360182725,0.0633206012538117,0.568122879084457,"QIL1"
18.6621139414073,-3.08709478458359,1.66325626814779,-1.85605480268016,0.0634457470884732,0.568659461288344,"CG4363"
1089.98487351381,0.799354425764404,0.43100581705839,1.85462560858225,0.0636497085806927,0.569743887162503,"Dnaaf6"
257.954597827714,0.351637787917503,0.189634722168755,1.85429009991421,0.0636976677248208,0.569743887162503,"Lcch3"
72.364366329325,0.48808267233925,0.263339640971015,1.85343410714596,0.0638201624905214,0.570253464224854,"DNAlig1"
666.716289709991,-0.333360225250813,0.180209597830952,-1.84984722935527,0.0643355714976035,0.57426920896784,"CG17508"
77.9028952585608,-0.571404840634182,0.309130463305276,-1.84842617749355,0.0645407146830678,0.574429977461537,"CG30108"
3924.66556532437,1.41294330682779,0.764317813156365,1.84863322888266,0.0645107911676866,0.574429977461537,"CG3213"
287.983909737721,0.427068169371968,0.231053618696434,1.84835092296504,0.0645515934686181,0.574429977461537,"PH4alphaMP"
42.8245159962983,-0.62394270766209,0.337679549262214,-1.84773614222515,0.0646405227906664,0.574633779210592,"CG7841"
26.3207417040994,0.912079600033249,0.493997326757885,1.84632497106664,0.0648450340754628,0.57586360363138,"alpha-Est2"
14.1950619041713,0.923249421426019,0.500439281884658,1.84487799988253,0.0650552876390261,0.576554142894546,"CG3655"
8.02953354684009,-3.21930823246882,1.74459167064821,-1.84530757920715,0.0649928085840736,0.576554142894546,"lncRNA:CR45237"
1317.92804443979,0.631579091732431,0.342895326752521,1.84190055231713,0.0654896978230996,0.579813672588439,"CG13360"
95.0163243900845,-2.78828899436724,1.51571209537814,-1.83959011930403,0.0658284360850157,0.581887729006276,"CG30060"
64.1088648975897,1.54065290077561,0.837588538852434,1.83939109635673,0.0658576827612527,0.581887729006276,"CG34230"
229.281118765728,-2.78688840727525,1.51551352791683,-1.83890698165261,0.0659288687454159,0.581925907394883,"Pkd2"
72.834252058888,-0.511380942151997,0.278311751157544,-1.83743927457278,0.0661450733685956,0.583242729003939,"CG5026"
362.86629297529,0.40270097393583,0.219221535621754,1.83695900493395,0.0662159475366925,0.583276711955298,"CG3740"
16.2175804715455,-1.24886000287752,0.680269784444086,-1.83583047701889,0.0663827324909032,0.584154621707108,"CG43342"
21.1051030484381,-0.81887149497034,0.446442183707208,-1.83421622072206,0.066621904546593,0.585076120352168,"CG32814"
568.889217469221,0.243628380909526,0.132801923451892,1.83452449013498,0.0665761758756472,0.585076120352168,"Spt5"
7.16680350476788,2.73498869286338,1.49449179783383,1.83004597069557,0.0672430650142232,0.589339397162093,"CG10413"
298.606768535815,-0.569480238082697,0.31126950320493,-1.82954074272984,0.0673186416022388,0.589339397162093,"CG34208"
31.5670541140673,0.824093399935562,0.450300514363077,1.83009651032976,0.0672355086803222,0.589339397162093,"CG6678"
202.605525866464,0.379895737375869,0.207690590039279,1.82914275174442,0.0673782259193707,0.589339397162093,"Dcr-1"
25.4835628201894,1.17082292394598,0.640537400307584,1.82787597318088,0.0675681677655416,0.59040739363806,"Sugb"
7.36062196706605,2.74125615663369,1.50008829786565,1.82739653428002,0.0676401700606775,0.590443731231771,"CG14960"
67.4068837877083,0.511327478018489,0.280086591964537,1.82560498320188,0.0679097846511819,0.592203262343924,"Ank"
627.237322235692,0.555696670528927,0.304496590138243,1.82496845129411,0.068005790338577,0.592446840156792,"CG13032"
10112.1484098571,-0.269837454858879,0.148097727629628,-1.82202292484666,0.0684515072690812,0.593497157116192,"CG31808"
29.6602832339605,-0.779748573228894,0.427982096944763,-1.82191867088668,0.0684673268694309,0.593497157116192,"CG3662"
570.716543537295,0.398157196990462,0.218331362980774,1.82363720701695,0.0682069376925146,0.593497157116192,"Zcchc7"
10.5917366644351,-1.19155070053278,0.653701180749639,-1.82277581197935,0.0683373525972157,0.593497157116192,"lncRNA:CR44133"
605.449919327092,0.353487699182051,0.193892911661295,1.82310790091979,0.0682870501877443,0.593497157116192,"peg"
402.334591278787,-0.364258471302093,0.200087443660436,-1.82049640216438,0.0686834436612622,0.594061528443612,"CG12171"
706.473646855212,0.275691849099742,0.151525377542346,1.81944340658512,0.0688438095231506,0.594061528443612,"CG14043"
41.2314607278842,-0.806518059148125,0.44332517192389,-1.8192471581257,0.0688737311501326,0.594061528443612,"SCCRO"
650.923153267147,0.328061487916881,0.180301916157919,1.81951193258282,0.0688333640117555,0.594061528443612,"gek"
170.096273824156,-1.39732866188538,0.767353089467555,-1.82097222395358,0.0686110791978888,0.594061528443612,"scpr-B"
1947.15501111264,0.279373825012979,0.153633424442519,1.81844430029941,0.0689962526423288,0.594139125559111,"CG4364"
87.450135149531,-0.457117722581458,0.251461064536401,-1.81784692363492,0.0690875324676342,0.594139125559111,"CG7006"
313.026295051469,-0.469280290354038,0.258142097494915,-1.81791460946537,0.0690771850160466,0.594139125559111,"mRpL13"
105.363752900569,0.404196931902799,0.222434522466105,1.81715017714659,0.0691941214157226,0.594468350129352,"Rbp1"
16.0074664640431,-1.78611385505884,0.983702222246659,-1.81570582506114,0.0694155100364043,0.594740563456949,"CG14662"
18.511515481634,0.931641743614763,0.512927167127108,1.81632364850718,0.0693207396811158,0.594740563456949,"CG18577"
225.710225283164,0.355408264290888,0.195812751645583,1.81504146846458,0.0695175369869296,0.594740563456949,"CG9951"
20.8890001644016,-0.964207342483745,0.531326717074083,-1.81471646634571,0.0695674932321239,0.594740563456949,"Hsp70Ba"
165.8547424447,-0.518268691612598,0.285496462860399,-1.81532438763005,0.0694740733199891,0.594740563456949,"Polr2K"
590.097423213535,0.276333661096876,0.152411774117496,1.81307292495558,0.0698205744606566,0.596318409745922,"mRNA-cap"
311.065399037682,-0.336083197381334,0.18552555303656,-1.81151971726021,0.0700604397452613,0.597780399120597,"CG16717"
230.799143367099,0.367013025696649,0.202901184258464,1.80882643459159,0.0704779721279396,0.600166136428041,"CG5377"
26.9678139352478,1.07145280891102,0.59221338606967,1.80923436402191,0.0704146010632194,0.600166136428041,"pxb"
275.171270897922,0.386748792457757,0.214134429972543,1.80610279490014,0.0709022843546252,0.601068540350683,"CG14567"
637.095952563217,-0.375164923588954,0.207677778652179,-1.80647600346922,0.0708440191318505,0.601068540350683,"CG15201"
63.2848394237424,-2.04796237931507,1.13301064115556,-1.80754028684704,0.0706780790944016,0.601068540350683,"CG46281"
352.605310102647,-0.313515453412886,0.173603319463187,-1.80593006160442,0.0709292647294211,0.601068540350683,"Dtg"
472.753404676222,0.804888663396483,0.445650912638147,1.8060967465134,0.0709032289506203,0.601068540350683,"tous"
242.266638790374,-0.34348975432439,0.190343798943638,-1.80457549040565,0.0711411362915738,0.602277538079345,"Zip88E"
180.909640115598,-0.338600094110407,0.187806302617664,-1.80292189021861,0.0714004826233235,0.602301784312767,"CG9286"
233.797390085123,-0.438230620131022,0.242967421836059,-1.80366000025599,0.0712846237898151,0.602301784312767,"EMC6"
29.9558575564899,-0.746253503996682,0.413943117649705,-1.80279239387715,0.0714208251649748,0.602301784312767,"mspo"
28.9669522778863,-0.717082768230933,0.397482015533507,-1.80406342980941,0.0712213638666789,0.602301784312767,"wcy"
57.0585518532021,-0.605043585218134,0.335917674569922,-1.80116627085126,0.0716766768923463,0.602859128313633,"CG14966"
28.3833678942321,0.783591795547674,0.435023161102045,1.80126454316271,0.0716611935851182,0.602859128313633,"CG7142"
102.265247338088,2.9710100738045,1.64980115483083,1.80082918787213,0.0717298068729998,0.602859128313633,"lectin-30A"
278.941848776701,-0.315631710361276,0.175291313815636,-1.80061238341361,0.071763995970691,0.602859128313633,"mora"
628.718170361061,0.425958782215951,0.23664409846384,1.79999748559561,0.071861035252,0.603092179168906,"Cpr73D"
10.945051262113,-1.11786571351698,0.621297163456293,-1.79924483688008,0.0719799597883823,0.603508275566754,"CG9459"
3172.61666278783,0.773452671536782,0.430495288091992,1.79665769389677,0.0723899791345022,0.605204920776526,"CG11912"
739.342636910934,-0.433246388237663,0.241199750892014,-1.79621407831233,0.072460476553963,0.605204920776526,"CG18609"
8.7158875642367,1.27023261791174,0.707133911326829,1.79631127508556,0.0724450256677768,0.605204920776526,"Or92a"
4.49717632393831,3.36363914135423,1.87160974666961,1.79719043851933,0.0723053919475176,0.605204920776526,"lncRNA:CR44597"
40.479093143042,-0.701802023224424,0.391684600406909,-1.79175291164203,0.0731725547226683,0.606602094228213,"Amy-d"
25.7393113076878,0.778413199922383,0.434116357899439,1.79309806174754,0.0729572455215074,0.606602094228213,"CG10555"
369.139006251934,-2.90779624934995,1.62275374849045,-1.79189002154819,0.073150584689328,0.606602094228213,"CG42659"
434.064490343007,-2.90880620438405,1.62351399886923,-1.79167300461223,0.0731853612478024,0.606602094228213,"CG6059"
493.579654613018,-2.90848215972642,1.62266692350752,-1.79240860683813,0.073067537117537,0.606602094228213,"FucTD"
106.316323987633,-0.497322652755655,0.27724945942565,-1.79377320982306,0.0728493746327445,0.606602094228213,"GILT3"
12.8619498827411,1.03205256557312,0.575505980669458,1.79329598690284,0.0729256087587542,0.606602094228213,"Sin3A"
347.352874156629,-0.363586027476527,0.202726951721296,-1.79347651799341,0.0728967620895246,0.606602094228213,"mRpL20"
19.6640076071472,-1.01793846890635,0.5683678967616,-1.79098516067899,0.0732956763372637,0.606938412143869,"CG32195"
262.030190030445,0.732920785706403,0.409933515244382,1.78790159489514,0.0737918855546274,0.607004517941326,"CG31697"
637.022001563624,0.970592641069944,0.542468826781284,1.78921367118718,0.0735804107807418,0.607004517941326,"CG7202"
427.238806315528,-0.337647373786786,0.188765119768686,-1.7887169737743,0.0736604079476936,0.607004517941326,"CG8314"
242.996922056003,-0.417388155133991,0.233292310890592,-1.78912092533446,0.07359534285932,0.607004517941326,"CG9192"
244.6978752826,-0.300099227235469,0.167774044922967,-1.78871068748005,0.0736614208621849,0.607004517941326,"Frl"
274.938402450167,0.389897348629377,0.217951176022379,1.78892060022352,0.073627603650828,0.607004517941326,"Kdsr"
108.894555334543,-2.90675191773137,1.62573438495551,-1.7879623784982,0.0737820777513735,0.607004517941326,"robl37BC"
446.513153978391,0.356938645877305,0.199834533507596,1.78617098662648,0.0740715772182123,0.608097803042349,"Best2"
103.195940986949,-0.530057564288701,0.296794268332452,-1.78594272479332,0.0741085322740529,0.608097803042349,"CG1695"
32.6439729871485,-0.6850024992672,0.38358665184996,-1.7857829409954,0.074134409861879,0.608097803042349,"CG30160"
92.8497623075817,-0.44807128078027,0.251375455382384,-1.78247824593168,0.0746712756511444,0.609314555837905,"CG4866"
1841.85869358459,0.661635679618886,0.371037576874226,1.78320396869983,0.0745531066789374,0.609314555837905,"Cpr72Ec"
1236.82647316015,-0.348147746403241,0.195384970604911,-1.78185530506967,0.0747728307060648,0.609314555837905,"His3.3B"
357.761001687375,-0.333584956278095,0.187052004895944,-1.78338081146827,0.0745243346470634,0.609314555837905,"Tpr2"
186.004776039178,-0.687391704922068,0.38575404272256,-1.78194297089052,0.0747585321511892,0.609314555837905,"Tsp42Er"
528.34866241754,-0.413806038280857,0.232219183731159,-1.78196319370376,0.0747552340675341,0.609314555837905,"mRpL4"
1552.80320808097,0.35641642675357,0.199845040193138,1.78346395992173,0.0745108096642884,0.609314555837905,"rtp"
120.816098840102,-0.536165056701304,0.301105804824093,-1.78065333883063,0.0749691003259888,0.60977203751129,"CG1663"
205.440937524949,0.324635652429833,0.182304026851418,1.78073769426069,0.0749553121754188,0.60977203751129,"D19B"
1585.60723289468,1.03553828167456,0.582838525599355,1.77671556733433,0.0756150496698809,0.611028576858843,"CG10734"
272.552471479696,-0.368558693946147,0.207216367782078,-1.77861767335748,0.0753024646014905,0.611028576858843,"CG2147"
51.4939015650289,-0.601933299075403,0.338654351617382,-1.77742673673208,0.0754980549964667,0.611028576858843,"CG4080"
301.065611848985,-0.397074702307488,0.223441475508766,-1.77708593001084,0.0755541027538254,0.611028576858843,"CG7054"
91.2717506077917,-0.685450359752033,0.385316148182374,-1.77892975154418,0.075251279707416,0.611028576858843,"Mal-A2"
26.9147707089712,-0.779822719594429,0.438777173602831,-1.77726364658227,0.0755248719370429,0.611028576858843,"Vps28"
11.1944371223004,1.3755115855695,0.773953423467743,1.77725370010826,0.0755265076889303,0.611028576858843,"upd2"
922.051034818326,2.12103084626263,1.19457348573539,1.77555493369828,0.0758063035818366,0.612005807117555,"gskt"
36.0314420609111,0.875378996730107,0.493150292770029,1.77507548827173,0.0758854236614367,0.612076776761338,"CG40498"
166.969870066039,-1.59629074986668,0.899633618558368,-1.77437872144516,0.0760005271194273,0.612437581037385,"BomS2"
88.4928754300562,-2.90867029003441,1.64049740157758,-1.7730416928654,0.0762217984769996,0.613652462669128,"lncRNA:CR43942"
36.0278230089339,-2.90853079984421,1.64122784029485,-1.77216759820604,0.0763667404935462,0.614251148350585,"lncRNA:CR45234"
42.1776898065406,0.991258847402619,0.559716636893802,1.77100122108876,0.0765604986666566,0.61495476879374,"CG1640"
18.9103079302076,-1.00220057438361,0.566124682033059,-1.77028242397863,0.076680104497831,0.61495476879374,"CG31687"
59.2029423456103,-0.563722030411187,0.318497519090288,-1.76994166868654,0.0767368584292774,0.61495476879374,"CG33459"
61.5316646302838,-2.90958577254986,1.6437604460856,-1.77007895492233,0.0767139888306961,0.61495476879374,"lncRNA:CR43174"
56.8968332714,-1.04060171579833,0.588230785113417,-1.7690364770652,0.0768877874384256,0.615447379979275,"CG13658"
790.140444026794,-0.564195522887029,0.319060667532645,-1.76830170653768,0.0770104787771378,0.615447379979275,"CG34034"
367.536375507699,0.300340229141162,0.169842373796365,1.76834686437707,0.0770029337615899,0.615447379979275,"CG5612"
536.633430518161,-0.347180287386005,0.196386464525386,-1.76784224017194,0.0770872811208054,0.615495970270064,"CG6321"
8.71452511064818,-1.59260546196002,0.901249210328032,-1.76710885702785,0.0772099994913418,0.615910747546423,"CycT"
46.0391832293185,-1.31208108396531,0.743339793746514,-1.76511616222277,0.0775442448983505,0.618010589148667,"CG14036"
24.9095409217865,0.903024301841543,0.512208054718368,1.76300293117815,0.0778999952957919,0.618579980893501,"CG5773"
371.643879510407,-0.395040107831039,0.224057890114691,-1.76311625370044,0.0778808844308578,0.618579980893501,"bel"
21.777188505089,-0.854371294437651,0.484602086601992,-1.76303676368475,0.0778942893358633,0.618579980893501,"rush"
59.1380750577405,0.832918579993923,0.472400346216042,1.76316250965025,0.0778730848616052,0.618579980893501,"tld"
179973.226932706,0.400216156754928,0.227101595089007,1.76227805268419,0.0780223301495517,0.618986635634957,"Act57B"
25.904113863861,-2.90515798768101,1.64919679082304,-1.76155932624097,0.0781437811357272,0.619385543920067,"CG42693"
8.87543663188401,1.24841229770311,0.709236568699896,1.76021986569528,0.0783705349598653,0.620617621251782,"SkpA"
13.6925056379282,-1.18407995656005,0.672927204990285,-1.75959590841203,0.0784763457717177,0.620890579319327,"AIMP2"
154.666218359174,-0.414287564268296,0.235532484999057,-1.75894023395522,0.0785876604380569,0.621206547495376,"CG11123"
541.354032178581,-0.463345617401507,0.26366913706286,-1.75729940395354,0.0788667893498097,0.621520364295274,"CG30154"
739.3632232782,-0.526157862645062,0.299502096044765,-1.75677522659614,0.0789561292950495,0.621520364295274,"Cyp9b2"
1426.37429583548,-0.362214249023854,0.206158450417002,-1.75697017653749,0.0789228927302102,0.621520364295274,"Usp2"
71.1796157369729,0.55883587481027,0.318144588690012,1.75654684906421,0.0789950793332218,0.621520364295274,"clu"
32.5742585330379,-2.90351446131104,1.65330246832466,-1.75619072549577,0.0790558477852314,0.621520364295274,"lncRNA:CR45981"
323.557279798245,-0.365966011142,0.208382844164634,-1.75621948442582,0.0790509389887716,0.621520364295274,"mRpL41"
33.1886803148473,-0.691692370407384,0.394332525069794,-1.75408399366743,0.0794161159245981,0.622573228043557,"CG5255"
49.2767333192239,-2.90599663090018,1.6559274192572,-1.75490579907405,0.0792754220862154,0.622573228043557,"CG7423"
99.3695519593086,-0.475988053037928,0.27141388571181,-1.75373508171699,0.0794759113359062,0.622573228043557,"Tom40"
84.1617430152959,-0.789094563590186,0.449783205124974,-1.7543886801441,0.0793639296566001,0.622573228043557,"mad2"
478.839202278794,1.76155443538236,1.02021312707805,1.72665337136717,0.0842299345797563,0.623874996295846,"Actn3"
120.697999756475,0.486782766692671,0.281903195242164,1.72677278905799,0.0842084772355899,0.623874996295846,"Adh"
111.627418969073,2.43026572858616,1.40119872200463,1.73441903023526,0.0828437609145682,0.623874996295846,"CG10694"
309.101809427051,-0.318910807982794,0.182111680142704,-1.75118261350889,0.0799144593482534,0.623874996295846,"CG11760"
6648.1077266272,1.75931450060039,1.01572505194165,1.73207749207062,0.0832597660751905,0.623874996295846,"CG12699"
169.026405122508,0.689968887206998,0.398490668355848,1.73145556972206,0.0833705427531258,0.623874996295846,"CG13676"
386.947613497853,-2.63443200636498,1.52168422780057,-1.73126063754552,0.0834052885945789,0.623874996295846,"CG14316"
83.8736600942569,1.09191994799218,0.630201079037952,1.73265325038649,0.0831573184425025,0.623874996295846,"CG14626"
36.1195116633059,0.725586182919204,0.420107817128296,1.72714277939184,0.084142024301105,0.623874996295846,"CG14937"
292.181661749443,-0.327263191603592,0.187293806351713,-1.74732522115032,0.0805809405735916,0.623874996295846,"CG18563"
108.500408540138,0.440213793522191,0.254914329480521,1.72690877919371,0.084184047490433,0.623874996295846,"CG30339"
144.677461799203,-0.427523936912299,0.246345454179653,-1.73546509447874,0.0826584589342898,0.623874996295846,"CG30419"
769.928366947386,2.42993402607564,1.39615840399527,1.74044293192098,0.0817812725588352,0.623874996295846,"CG31231"
9.55146587224637,1.18205164862402,0.67704855851594,1.74588902635732,0.0808302370836206,0.623874996295846,"CG32212"
506.944313497527,2.42802909087694,1.39526710448804,1.74018944692877,0.0818257580481044,0.623874996295846,"CG3306"
266.284631337723,2.42894320274204,1.39549818945122,1.74055632683925,0.0817613786072234,0.623874996295846,"CG33704"
1116.27023873532,-0.403260009195478,0.233345132820949,-1.72816979004619,0.0839577881803994,0.623874996295846,"CG33939"
640.107195614649,-2.63585359616575,1.52149161949139,-1.73241414043862,0.0831998520967964,0.623874996295846,"CG3492"
185.22322812818,2.43110444098447,1.39744474979883,1.73967839611151,0.0819155048753517,0.623874996295846,"CG42816"
40.2392969520451,-1.01121556451151,0.579423910260764,-1.74520855388315,0.080948572815424,0.623874996295846,"CG5071"
392.827658631953,-0.382139541267344,0.220683117341485,-1.73162109485712,0.0833410477988174,0.623874996295846,"CG5131"
14.3499530208675,-1.03449385911128,0.595734834245819,-1.73650053621745,0.0824753696392175,0.623874996295846,"CG5568"
374.781989959601,-0.473969642426784,0.274191930087497,-1.72860536878506,0.0838797481089146,0.623874996295846,"CG6912"
87.4305364601302,0.526522876115964,0.303111016786619,1.73706281512896,0.0823760839553588,0.623874996295846,"CG7458"
307.016989839904,0.284671995775946,0.163786652353776,1.73806590271507,0.082199202124102,0.623874996295846,"CG8195"
11.5446110398431,1.09891892095324,0.6325881611321,1.73717908186359,0.0823555659863022,0.623874996295846,"CG9044"
1000.65864884373,0.236230363182427,0.134889539943204,1.7512874851667,0.0798964023405965,0.623874996295846,"CG9330"
154.710110431146,-0.46212237735218,0.264982831972116,-1.743971010925,0.0811641448737044,0.623874996295846,"E(spl)mbeta-HLH"
385.239993278416,-0.364263355511144,0.208783101396854,-1.7446975022119,0.0810375383317431,0.623874996295846,"ECSIT"
60.4335607770535,0.603504382705823,0.349378274393003,1.72736665940184,0.0841018344518614,0.623874996295846,"FMRFa"
227.331471572607,-0.358855090169171,0.206145162906344,-1.74078831203139,0.0817206914647536,0.623874996295846,"Gos28"
120.025701786615,-0.403149552707221,0.232593843471779,-1.73327697195105,0.0830464517290931,0.623874996295846,"Hip14"
42.9316388009269,-2.90895349189526,1.67246539763304,-1.73932058385911,0.081978388628545,0.623874996295846,"Jra"
353.547287521806,2.42893727728293,1.39382083452169,1.74264669972196,0.0813953473090701,0.623874996295846,"ND-51L1"
33.8264913935503,0.86020108703173,0.493585222876376,1.74276102112396,0.0813753676627118,0.623874996295846,"NTPase"
805.958351296871,0.579798859272024,0.332170209309899,1.74548723221323,0.0809000930163136,0.623874996295846,"Nepl15"
527.089642989703,-0.267847227412195,0.15335071127162,-1.74663179056128,0.0807012290569058,0.623874996295846,"Nop56"
13.7742764639727,-1.09728521939694,0.632042510574458,-1.73609401430867,0.0825472125809004,0.623874996295846,"Paics"
149.66692150337,0.407383691961923,0.233415818100398,1.74531312949278,0.0809303777342489,0.623874996295846,"Pdzd8"
122.676594869938,0.438445242946075,0.250898697944342,1.74749907647323,0.080550804963956,0.623874996295846,"Phs"
13820.7458414428,0.305159349300278,0.176404021468898,1.72988884697326,0.0836501363196544,0.623874996295846,"RpS17"
364.963885058278,-0.402458853643289,0.232896535027223,-1.72805857157234,0.0839777239550153,0.623874996295846,"Shc"
157.445135140303,-0.503127598732837,0.289998164255184,-1.73493373664983,0.0827525427307466,0.623874996295846,"Ssb-c31a"
68.22529099973,-0.647565578585813,0.370836842162323,-1.74622773403501,0.0807713874180288,0.623874996295846,"Tsp42Ea"
2607.11621215613,-0.219640683422565,0.127010234069373,-1.72931484641306,0.0837527609302084,0.623874996295846,"Vha36-1"
262.059056274078,2.42805652471245,1.39478663781135,1.74080856447153,0.0817171402336492,0.623874996295846,"Vha36-2"
24.3172014242389,1.52669304162242,0.873287780502154,1.7482129897026,0.0804271531378447,0.623874996295846,"asRNA:CR44201"
1045.59419899553,0.217785871121711,0.125794903142977,1.73127738628789,0.0834023027411125,0.623874996295846,"cass"
8.44716273097223,-1.67566046413651,0.956712477000887,-1.75147759062304,0.0798636780640337,0.623874996295846,"chif"
362.32640288029,0.337917866293378,0.195040862677757,1.73254907537853,0.0831758472652706,0.623874996295846,"dome"
233.953325746059,0.395694227396412,0.226819222366298,1.74453568471102,0.0810657245820951,0.623874996295846,"dpr4"
535.47964029954,1.7552106671376,1.01236276286969,1.73377640062758,0.0829577644840334,0.623874996295846,"fzo"
134.31776012595,0.451983343948162,0.261181981553989,1.73053034232659,0.0835355649434878,0.623874996295846,"galectin"
358.031411593663,2.43100299452175,1.39666390690669,1.74057837572814,0.0817575108163705,0.623874996295846,"lncRNA:CR42657"
43.4509341981854,-1.68998702054988,0.974603501336591,-1.7340251889432,0.082913613948084,0.623874996295846,"lncRNA:CR43974"
178.988062555384,-0.478153123889601,0.274423856560399,-1.742389054227,0.0814403899206936,0.623874996295846,"mRpS24"
13.8999973978903,-1.55404654536355,0.894916804917681,-1.73652627464795,0.0824708226992633,0.623874996295846,"mei-P22"
26.6582467638392,0.835846983161669,0.480159201752408,1.74077051967583,0.0817238114275025,0.623874996295846,"nwk"
1345.25022211443,0.272844570002339,0.156284765111396,1.74581680951347,0.080842789092907,0.623874996295846,"ppl"
84.5632437291637,2.1195893320249,1.21637927047678,1.74253983397307,0.0814140275506431,0.623874996295846,"sa"
243.339660108233,0.337599552439955,0.194456473839832,1.73611886389561,0.0825428195605665,0.623874996295846,"snama"
100.01851560563,2.42996088672777,1.39660569456714,1.73990475348942,0.0818757438822718,0.623874996295846,"snky"
52.4224250527295,0.551182089125553,0.317401853478267,1.7365433852556,0.0824678000592045,0.623874996295846,"stx"
86.4551243840796,0.468307162617475,0.271211137522763,1.72672540993332,0.0842169899354122,0.623874996295846,"tun"
1443.75197469603,0.372589448422873,0.215850545964525,1.72614549922939,0.0843212400665535,0.624020197533346,"pr"
58.7193051701632,2.42583415827339,1.40626671956968,1.7250171141188,0.0845243883379093,0.624461588883552,"CG3515"
6.87318775612731,-1.49795384654939,0.868281793637146,-1.72519320055602,0.0844926606497546,0.624461588883552,"asRNA:CR43257"
98.691550210764,2.42720856976063,1.40964759323951,1.72185486741595,0.085095812455614,0.626947537466152,"CG3708"
1094.25129146875,-0.238904470196405,0.138768049606188,-1.72161005991217,0.0851401796138725,0.626947537466152,"CG4968"
945.405772010074,0.326956966360485,0.189843428948923,1.72224536909546,0.0850250794273084,0.626947537466152,"Phyhd1"
751.674760111461,-0.260598369016658,0.151373277623488,-1.721561249832,0.0851490278392499,0.626947537466152,"Sgt1"
1450.31707906745,0.516499507500542,0.300352466202116,1.71964463628867,0.0854970571949939,0.628977927952689,"CG9782"
706.187935523508,0.237134507372966,0.138036259238574,1.71791461664516,0.0858121903396399,0.62950031845926,"CG1316"
158.735259148972,-0.506159817887098,0.294746668547394,-1.71727070023087,0.0859297228920603,0.62950031845926,"CG42554"
720.532471723506,0.352730531231047,0.205385368409321,1.71740827480989,0.0859046008066978,0.62950031845926,"GV1"
124.525466059044,-2.64076216969303,1.53733078945085,-1.71775793980965,0.085840776229124,0.62950031845926,"Tpc2"
62914.117564612,0.257331525853676,0.149732586429177,1.71860736524038,0.0856858896580663,0.62950031845926,"blw"
6.44529746489092,2.33777646529286,1.36203751362802,1.71638184844542,0.0860921765833403,0.629714794947161,"Vkor"
134.008325787456,0.465501117307017,0.271220662195198,1.71631878463594,0.0861037120518352,0.629714794947161,"wrapper"
229.319372792516,-0.366339464286994,0.213739655132084,-1.71395178896779,0.0865375804916267,0.630346220954938,"CG12825"
91.1852866614692,-0.577216120206399,0.336718206503417,-1.71424089656566,0.0864844928349067,0.630346220954938,"CG15653"
478.595332116902,-0.245975421844734,0.143524705455378,-1.71381938088149,0.0865619028364073,0.630346220954938,"CG3226"
183.557121651039,-0.424306752544781,0.24761576077976,-1.7135692461926,0.0866078657148628,0.630346220954938,"Ku80"
635.236430489341,-0.240844958405704,0.140559112074048,-1.7134780865635,0.086624621425038,0.630346220954938,"PSMG1"
185.694431633374,0.336809854979865,0.19641695216421,1.71476978574783,0.0863874431258291,0.630346220954938,"Traf6"
7137.76321432535,0.383969904041788,0.224179298492168,1.71278037992078,0.086752950971037,0.630752658563855,"se"
9.05259611496888,1.43762247859478,0.840217751730266,1.7110117890681,0.0870789365607223,0.632594311258736,"CG34453"
207.156841315995,-0.451787443753358,0.264172736934561,-1.71019708163629,0.0872294351939976,0.632631478744467,"Arp2"
177.640956962254,-0.391185670087919,0.228726789430652,-1.71027482640604,0.0872150645657677,0.632631478744467,"Rev1"
903.786599792363,0.692359253249924,0.40557047502086,1.7071243985754,0.0877989330739255,0.635457133257366,"CG17633"
781.659384518277,0.349267937359148,0.204762661273538,1.70572083399799,0.0880600687588979,0.635457133257366,"CG3699"
19.6081369028474,0.689439297377979,0.404000129897495,1.70653236560321,0.0879090055961976,0.635457133257366,"CG4570"
95.4820654091293,-0.420350560025894,0.246240041014168,-1.7070763889359,0.0878078550243842,0.635457133257366,"amrt"
6.29061968980287,1.69816427531959,0.995259098849812,1.70625345428352,0.0879609001657991,0.635457133257366,"asRNA:CR45549"
37.2788406993721,0.727148751929912,0.426208262047234,1.70608788397755,0.0879917180564787,0.635457133257366,"nonC"
22.0107549226585,1.02840546717563,0.603048447295353,1.70534468961489,0.0881301573987867,0.635457133257366,"scaf6"
62.6768849691594,-0.588762383311674,0.345402024684336,-1.70457131468683,0.0882744050699992,0.635970320632618,"CG13344"
9.13404996392827,1.94539755134304,1.14193947468376,1.70359077207816,0.0884575666516644,0.636762781281584,"CG7298"
74.573319813955,0.840911364017042,0.493972985892198,1.7023428163753,0.0886911228843518,0.637698011174702,"CG32845"
39.0806925235363,-0.957994965696249,0.562826617764758,-1.70211382237195,0.0887340332681333,0.637698011174702,"CG5391"
2890.66486009114,0.268478168631451,0.157783488556831,1.70156060743168,0.088837767309066,0.637916740008912,"Irp-1B"
108.999325453027,1.64681821672574,0.968223375888767,1.70086599614894,0.0889681531054366,0.638326328505041,"CG14120"
40.5737808396381,-0.552539037670822,0.324992340647661,-1.70016018398986,0.0891007993063641,0.638328411002088,"Atg7"
113.623662411365,0.514006259914858,0.302341692316707,1.70008395460203,0.089115134938244,0.638328411002088,"sand"
370.929031819785,-0.331624310012104,0.195193672035071,-1.69895010711474,0.0893285847355802,0.63933114552118,"CG5376"
222.572444751082,-0.409825072488845,0.241338815853201,-1.69813161235584,0.089482924304408,0.639909523600051,"CG32640"
15.5749719446852,-1.21847449032861,0.717852197881145,-1.69738909196786,0.0896231234545414,0.640385914141933,"CG17732"
772.129625699758,0.727449450315264,0.428724272106936,1.69677692084067,0.0897388436506083,0.640686756596591,"CG33293"
898.514237957286,-0.355246614257019,0.209479060959961,-1.69585739323569,0.0899128902072262,0.641017714552566,"CG7966"
215.124663158201,-0.3327983584546,0.196298920991995,-1.69536519494252,0.0900061642173084,0.641017714552566,"NetB"
38.339717279166,0.630096758444693,0.371640010397067,1.6954492003471,0.0899902392682593,0.641017714552566,"Rh7"
138.66065571339,1.53665221228762,0.907231455096471,1.69378189397569,0.0903067358969765,0.641726643611623,"CG13871"
9.50154929657264,1.15021093969738,0.678850535279263,1.69435078846069,0.0901986449184908,0.641726643611623,"CG32982"
787.806805522207,-0.322215823654298,0.190246464444619,-1.69367575158326,0.0903269146758863,0.641726643611623,"Galphao"
12.6246015165276,1.12985594067633,0.667669117037017,1.69223933209672,0.090600349972124,0.643144246172427,"Sse"
25.972815095302,-0.843110010114512,0.498778694446112,-1.69034888519201,0.0909612278385882,0.644654369608496,"CG7430"
272.74406178681,0.28763923184268,0.170155643828745,1.69044778868562,0.0909423189909413,0.644654369608496,"polybromo"
9.54376780196682,1.30345872512866,0.771582308371122,1.6893320530902,0.091155814108633,0.644982967632059,"CG42542"
23.670954920774,0.801642561133849,0.474479826455579,1.68951874544849,0.091120062628182,0.644982967632059,"Nsf2"
177.637021306032,-0.464140498245791,0.274829033054037,-1.68883357441545,0.0912513277520545,0.645041225251911,"CG13751"
128.848324582735,-0.523226312091219,0.309873529041663,-1.68851567834589,0.0913122819154722,0.645041225251911,"simj"
92.4357303438465,0.41988439098861,0.248789377287963,1.68771028556662,0.0914668563968681,0.645609125078624,"CG11367"
74.4956985264277,-0.515270756949851,0.305491209397041,-1.68669585605052,0.0916618493277118,0.646461162641066,"CG30289"
36.9413461293197,1.11296280090798,0.660363711198329,1.68537849980936,0.0919155690640338,0.647725666043956,"CG30091"
72.3706551139957,0.573208797450257,0.340223332531933,1.68480154839603,0.0920268660898279,0.6479852876859,"CG9123"
85.1556020511243,-0.501472105731484,0.297940306515796,-1.68312945501013,0.0923500335368216,0.649735118731575,"CG34437"
249.187863674895,-0.583365255404782,0.346819682086128,-1.68204195302824,0.092560705026087,0.650679072573716,"Had2"
121.989958467005,-0.376958250645468,0.224157695378948,-1.68166544542762,0.0926337321519974,0.650679072573716,"l(2)37Cb"
204.930234590383,0.403331063229518,0.239992749471478,1.68059686852103,0.0928412444902078,0.651610766772805,"TM4SF"
1562.91093651551,0.30448710588181,0.181384187513498,1.6786860533758,0.0932132454421869,0.653043046453678,"CG1236"
250.036617982743,0.500519935935647,0.298381457468013,1.67744986629842,0.0934545451369676,0.653043046453678,"KaiR1D"
371.147500523886,0.290905712633175,0.173312776595993,1.6785012527455,0.0932492861075308,0.653043046453678,"Syx18"
263.190879700736,0.285479997313846,0.170208184254117,1.67724013134193,0.0934955343997797,0.653043046453678,"Tdrd3"
233.251822080089,0.347993457882666,0.207398480014803,1.67789782190221,0.0933670478289172,0.653043046453678,"cal1"
11.4859421473022,1.19248574965864,0.710906813056163,1.67741499695605,0.0934613587795686,0.653043046453678,"crq"
29.2275417211673,-2.21876442352468,1.32612478892267,-1.67311888146452,0.0943038952057682,0.655865180294375,"CG11584"
874.715568086259,1.38408087733176,0.827366171830946,1.67287583715057,0.0943517414372696,0.655865180294375,"Fpgs2"
38.6930011881558,0.810960439125734,0.484489322350669,1.67384584492198,0.0941608996875735,0.655865180294375,"Sam-S"
28.7145980048939,-0.742300444386465,0.443367459432448,-1.67423302859592,0.094084810678213,0.655865180294375,"alpha-Est9"
7.13820087367575,-2.91196197418033,1.74027113638132,-1.67328062467059,0.0942720648673807,0.655865180294375,"scpr-C"
9.98803400633863,-1.46826471113847,0.877597143412555,-1.67305092337595,0.0943172716233279,0.655865180294375,"trk"
157.197948870556,-0.33265305324544,0.199343746036125,-1.66874085523183,0.0951687486258631,0.656289342145858,"Bet3"
25.5009549734386,-0.983312869628872,0.589243959645793,-1.66877038539345,0.0951628939059647,0.656289342145858,"CG14244"
37.6303979637677,0.54843930774613,0.328702204234341,1.66849902641703,0.0952167050370091,0.656289342145858,"CG42671"
25.5437771771042,0.706161762886927,0.42261650875476,1.67092801217736,0.0947358977518575,0.656289342145858,"Cyp4d1"
364.21355581322,-0.352604731904592,0.211379748099813,-1.66811028527715,0.0952938357935198,0.656289342145858,"Gbp1"
66.224294135732,0.529415844266462,0.316868174507448,1.67077632548427,0.0947658664166222,0.656289342145858,"Pdf"
10.1936335681444,1.20340404119729,0.720219037186098,1.67088618748401,0.0947441602773818,0.656289342145858,"Ugt37B1"
259.319308572293,-0.345034872516883,0.206657922224002,-1.66959422026363,0.0949996747149882,0.656289342145858,"eff"
835.835764429846,0.27349857151398,0.163729294246977,1.67043150568659,0.0948340205556134,0.656289342145858,"hll"
41.9350976993746,0.568489611775762,0.340678996430904,1.66869580376688,0.0951776811920231,0.656289342145858,"lncRNA:CR43887"
11.4935264334165,1.16234274222637,0.696852267579528,1.667990184295,0.0953176753386607,0.656289342145858,"lncRNA:CR44458"
1290.87557067454,1.38688718214833,0.831129126428088,1.66867835339703,0.0951811413394879,0.656289342145858,"sinah"
124.345509282735,0.378440900312416,0.226967125628857,1.66738200196998,0.0954384703437299,0.656601586878641,"l(2)34Fd"
199.143615929886,0.522486596925158,0.313579675112588,1.66620045364089,0.0956734956637001,0.657037688021621,"CG11951"
65.4513160837586,1.53086467581623,0.920266792478914,1.66350094160472,0.0962122025274641,0.657037688021621,"CG18605"
20.1888339005895,-1.3943613467026,0.838586676805343,-1.66275160966606,0.0963621666744507,0.657037688021621,"CG18789"
102.768481899474,-0.449033818624835,0.269575890081444,-1.6657046685042,0.0957722516811766,0.657037688021621,"CG31380"
107.017300603664,-0.483314401714418,0.290711276305811,-1.66252375159332,0.0964078050791233,0.657037688021621,"CG9380"
1805.24999062603,-0.68467875915377,0.411661433880456,-1.66320841061006,0.0962707246525945,0.657037688021621,"Cyp6a20"
551.355560699065,0.277404623330874,0.166835265401481,1.66274571903796,0.0963633463090372,0.657037688021621,"Fpps"
2902.38832532947,0.29455298358134,0.17695721465014,1.66454351219133,0.0960038631438423,0.657037688021621,"Pgm1"
16326.7469284618,0.238666140342891,0.143475319812533,1.66346477327764,0.0962194366193269,0.657037688021621,"RpS27A"
13.9876212994336,-0.928440215291184,0.558033170938764,-1.66377244874045,0.0961579117945575,0.657037688021621,"Rubicon"
15.6789976124409,1.02435262597989,0.616060082924752,1.6627479273073,0.0963629040881367,0.657037688021621,"Ugt303B2"
1054.6246374031,0.21050419157161,0.126502055879523,1.66403771154588,0.0961048933614344,0.657037688021621,"lola"
227.322443244402,1.38019710340681,0.831202299886186,1.66048277729236,0.0968173698147637,0.658596418504567,"CG5781"
36.9543322324665,-0.651183573190474,0.392252815316023,-1.66011191701923,0.0968919399717147,0.658596418504567,"Eph"
169978.429243283,0.575829664509184,0.346911064080611,1.65987690832305,0.096939217752999,0.658596418504567,"ND4"
26.3729509286944,-0.649979623345136,0.391571763247616,-1.65992465328536,0.0969296111861969,0.658596418504567,"ranshi"
533.46350399985,-0.294175403286688,0.177305283442332,-1.65914629037193,0.0970863173659814,0.658652454445485,"CG12321"
372.171095229851,-0.317929996050145,0.191629814363657,-1.65908419368819,0.0970988278815991,0.658652454445485,"PGS1"
198.245621427844,0.396570739760799,0.239210259428076,1.65783332499598,0.0973511129257754,0.659849482704847,"so"
5287.09509796567,-0.269228643835636,0.162785756890419,-1.65388329408249,0.0981512276264207,0.661433074873093,"Ald1"
123.11642739463,-1.58998926044293,0.961713937583859,-1.65328711408458,0.0982724442582869,0.661433074873093,"B9d1"
54.6758079852728,-0.482379210315358,0.291770999840885,-1.65328017718834,0.0982738553867136,0.661433074873093,"CG13856"
293.321611025004,-0.32208365519897,0.194570117080065,-1.65536034018232,0.0978514258172301,0.661433074873093,"CG17272"
111.774595699095,0.545928681657043,0.330279021928981,1.65293174985371,0.0983447545542666,0.661433074873093,"Cyp6t1"
12.5227446831026,-1.0343961249163,0.625405606386242,-1.65396042880606,0.0981355531538893,0.661433074873093,"RpL24"
120.22453979007,-0.780522319462965,0.471574788575231,-1.65514005068243,0.097896092355469,0.661433074873093,"fal"
672.913754069258,1.27301453202011,0.769132121928878,1.65513114811478,0.0978978978083359,0.661433074873093,"hmw"
30.8488346545069,0.909890873100626,0.550458329960775,1.65296957748912,0.0983370552834122,0.661433074873093,"lncRNA:CR46216"
7.04596249705542,1.64530330358737,0.993623661906422,1.65586163722248,0.0977498420640665,0.661433074873093,"trpl"
96.5710904389774,0.403052665585379,0.244054923992401,1.65148344066161,0.0986398993031652,0.662394323792783,"5PtaseI"
11.0298433477261,1.02804573165952,0.622487319952827,1.65151272758042,0.0986339240489366,0.662394323792783,"PH4alphaNE1"
390.542241046173,-0.342743664817902,0.207755012090322,-1.64974919916201,0.0989942429395223,0.664261292446155,"Spred"
10.6993790926034,1.16784973360573,0.708089423626874,1.64929695973136,0.0990868122087351,0.664340386224143,"CG14502"
5.87465114361851,2.29571321492911,1.39223068842135,1.6489459929462,0.0991586994950204,0.664340386224143,"CG14995"
22.7276088393605,-0.746475078227036,0.452911034569947,-1.64817154198029,0.0993174748009673,0.66473292663931,"CG30046"
22.3604775790665,-0.826590207551669,0.501628131157797,-1.64781469819851,0.0993907019392972,0.66473292663931,"CG3437"
911.828239907798,0.322504531707172,0.195792933450415,1.6471714582531,0.0995228086189844,0.66473292663931,"CG4586"
1292.79731074227,-0.286071806543522,0.173639505813548,-1.64750415064359,0.0994544637804518,0.66473292663931,"cer"
198.138448956567,-0.400309669991633,0.243167627921072,-1.64622928394715,0.099716562354901,0.664763291255414,"CG10086"
6.80631309627145,1.85411234234879,1.12598361687238,1.64666014191122,0.0996279211292407,0.664763291255414,"CG7182"
198.634846994597,0.291996940130843,0.177394100383548,1.64603523735857,0.0997565044673758,0.664763291255414,"Impbeta11"
2756.53481062189,0.26862232385341,0.163259938985053,1.64536582289182,0.0998943931844565,0.665172841533531,"eIF3e"
12.0137033681007,-1.17808503036887,0.717062638389572,-1.64293182672952,0.100397039154588,0.66659242316387,"CG13023"
6.2712441450722,1.33571105420244,0.813142315963978,1.64265347895339,0.100454649152519,0.66659242316387,"CG15047"
1301.06334392791,1.26883565952733,0.772583023945299,1.64232919984166,0.100521798845828,0.66659242316387,"CG3345"
403.840289709861,0.321335974390007,0.195604588712599,1.64278341579268,0.100427752679037,0.66659242316387,"Cubn"
49.1395236921964,-0.661500445208483,0.402883265076318,-1.64191591597426,0.100607430936075,0.66659242316387,"Mmp2"
134.895174878516,0.48729023837603,0.296680721508369,1.64247355169751,0.100491902948081,0.66659242316387,"fzy"
10.6459931414032,-2.63071151718429,1.6023915309147,-1.64174077710121,0.100643737106437,0.66659242316387,"lncRNA:CR46112"
6.34544588370962,-1.67029204355793,1.019858051783,-1.63776913918342,0.101469861581426,0.669009246472085,"7SLRNA:CR32864"
88.7549477243303,0.758784354914097,0.46279414006437,1.63957208880942,0.101094170404164,0.669009246472085,"Cda5"
96.7502975131708,0.556062528145863,0.339368690819472,1.6385204150776,0.101313178921587,0.669009246472085,"Hph"
19.4582153249786,-1.462437121662,0.892651761391851,-1.63830643136997,0.101357786745041,0.669009246472085,"Hr51"
1752.89668164441,-0.221624999602905,0.135307552557385,-1.63793517371406,0.101435217580102,0.669009246472085,"TSG101"
93.5566091732799,0.63336138470977,0.38662555860408,1.63817774230068,0.101384621268849,0.669009246472085,"asRNA:CR43637"
312.375719860109,-0.344395242214367,0.210937169366693,-1.63269111483937,0.102533977082933,0.672168368650502,"CG10343"
182.727034291113,-0.355080578240651,0.2175005618259,-1.63255016566292,0.102563639562886,0.672168368650502,"CG34015"
708.373800432626,0.406647900301412,0.248975135410221,1.63328719404612,0.102408608828936,0.672168368650502,"CG42847"
14.6385305812413,-1.17485853114177,0.719433926290064,-1.63303187159968,0.102462293680303,0.672168368650502,"Chchd2"
10.9432913553166,1.16597193144868,0.713294584433268,1.63462888530841,0.102126868573056,0.672168368650502,"PIP5K59B"
88.7262971427118,0.532050885464596,0.325904784307201,1.63253474966811,0.102566884243119,0.672168368650502,"Srr"
75.1949582172904,-0.440171214260877,0.269506840291657,-1.63324691048483,0.102417077482178,0.672168368650502,"cdi"
41.8814043317646,0.681275867761105,0.417113240238765,1.6333115375842,0.10240349145361,0.672168368650502,"cutlet"
5.11965943242668,-2.92586345040592,1.79512526641538,-1.62989374900197,0.103123955037314,0.67378962514245,"Rab9Fa"
143.381882756238,0.344149058384456,0.211035358290031,1.63076491623495,0.102939932949488,0.67378962514245,"Tes"
9.85709059117392,-1.70326435897356,1.04491060645338,-1.63005748860637,0.103089347351935,0.67378962514245,"eIF4A"
7.73613142602988,1.30348846411164,0.799642042814418,1.63008995815663,0.103082485748093,0.67378962514245,"lncRNA:CR44809"
146.23107062435,0.519676844904196,0.321199817474887,1.617923848742,0.10567900994578,0.677263934873434,"CG12655"
67.8461296273455,-0.492103146633397,0.302616844189727,-1.62615913846775,0.103915806140605,0.677263934873434,"CG17681"
89.417428675075,-0.435662230595862,0.268466309455265,-1.62278176162904,0.104636065889062,0.677263934873434,"CG3184"
410.301760091106,0.788408189617669,0.487138404689767,1.61844802632583,0.105566079022992,0.677263934873434,"CG33286"
322.448059272839,1.12004059946554,0.690735328533347,1.62151920308427,0.10490633500659,0.677263934873434,"CG34434"
11.0465294863043,-1.05892679823348,0.653340541537029,-1.62078844172486,0.105063018181832,0.677263934873434,"CG4301"
1396.67182733762,1.18873011829416,0.731548200439082,1.62495118924586,0.104172959669337,0.677263934873434,"CG4631"
4924.68148854825,-0.23738333761571,0.146590168950318,-1.61936737855976,0.105368241330741,0.677263934873434,"CG8630"
66.4864164425293,-0.514360739713733,0.316955309057632,-1.62281787057937,0.104628344380211,0.677263934873434,"Eip74EF"
1057.06968579454,-0.403945586640407,0.249399142063719,-1.61967512517426,0.105302082334738,0.677263934873434,"FarO"
591.610795704582,-0.339036198151676,0.209526973783412,-1.61810287253104,0.105640429570736,0.677263934873434,"Grx5"
188.712312687109,0.604467262411155,0.372834660220801,1.62127432587189,0.104958818663723,0.677263934873434,"Jhbp12"
11.7360951926187,1.11657343769495,0.688232234602579,1.62237887381099,0.10472224978781,0.677263934873434,"Mal-B2"
599.063262115153,-0.673583334654929,0.416287489843418,-1.61807248857824,0.105646976652231,0.677263934873434,"Mst89B"
75.3123795963153,0.429402849599724,0.265241429974516,1.6189131902998,0.105465942430218,0.677263934873434,"Nepl3"
189.548606096437,0.37808982152071,0.233633873737475,1.61830052925268,0.105597846700104,0.677263934873434,"Sur"
927.494498436459,0.284829722628915,0.175641039250295,1.62165814916992,0.104876564454611,0.677263934873434,"Ube3a"
7.21969699182764,-2.90838637963702,1.79127246568591,-1.62364265367265,0.104452096593087,0.677263934873434,"betaNACtes6"
652.971518575575,-0.282284941994412,0.173659709203219,-1.62550624603476,0.104054734040565,0.677263934873434,"eIF1A"
205.441817231158,0.333202067589948,0.205861785890839,1.61857173320469,0.105539441085533,0.677263934873434,"egg"
94.7176120371949,0.58145283867221,0.358724799848056,1.62088832140542,0.105041591940836,0.677263934873434,"fs(1)N"
2292.23483834736,-0.360690023754938,0.222526826381165,-1.62088333177913,0.10504266223575,0.677263934873434,"kdn"
7.33020777432885,-1.60949679994743,0.99248018707467,-1.62169161753386,0.104869394534114,0.677263934873434,"lncRNA:CR43641"
12.7529659446619,2.4181495111485,1.48769696139831,1.62543150513371,0.104070647441729,0.677263934873434,"lncRNA:CR46271"
6.34568916293822,-2.04917716073968,1.26559594864403,-1.61914010781655,0.105417120890907,0.677263934873434,"mib2"
51.9577997630286,0.899305186540461,0.553531633948633,1.62466809733211,0.104233298574726,0.677263934873434,"promL"
123.4292359392,-0.593871698582058,0.367183457231733,-1.61737051843068,0.105798325606696,0.677529674580631,"mamo"
8.71139032360798,1.20333303740811,0.744948901346857,1.6153229238039,0.106240781860479,0.679817505139009,"GLaz"
13.5827214443263,-0.92272222856084,0.571346843998902,-1.6149948813975,0.106311803343007,0.679817505139009,"nmd"
378.6243525817,-0.377018196396623,0.233707983236543,-1.61320204460038,0.106700619405777,0.6806007680133,"CG10184"
190.904814239689,-0.446986695621733,0.277179014127815,-1.61262820357538,0.106825307262572,0.6806007680133,"CG34155"
38.1240380599344,-0.583007752472489,0.361367344490431,-1.61333823147356,0.106671044790851,0.6806007680133,"Tasp1"
7.4326418737561,2.44264811534369,1.51445359180775,1.61289070101382,0.106768255814978,0.6806007680133,"lncRNA:CR44698"
24.5490010134577,0.933531290308094,0.578794586135922,1.61288877378833,0.106768674592025,0.6806007680133,"santa-maria"
79.4761940094095,0.530922666632938,0.329569890007646,1.61095622728345,0.107189263405784,0.68142305290032,"Cks30A"
126.698543200178,0.667821410976398,0.414456034065196,1.61132027546098,0.107109933780928,0.68142305290032,"cona"
776.676292537339,-0.326857090247258,0.202888636901353,-1.61101723210935,0.107175966617811,0.68142305290032,"mRpL35"
5.34641450486992,-2.90493825177855,1.80395096273863,-1.61031996533236,0.107328022804236,0.681807140485598,"osy"
107.271965780644,-0.419894198182798,0.260842848818307,-1.60975928642491,0.107450416547781,0.682086779879899,"Letm1"
672.543985114324,-0.221457304913993,0.137613679442034,-1.60926810337395,0.107557730467375,0.68227035587286,"Galphai"
6.91000254349827,2.12969304667558,1.32388802414605,1.60866554257812,0.107689494161058,0.682608643615212,"lncRNA:CR44222"
1341.62381865324,-2.46393530075421,1.53303157786437,-1.60723062481639,0.108003786346806,0.683697239269693,"Mst84Dd"
323.230591440632,-0.347576790794724,0.216267129546731,-1.60716421179308,0.108018350453387,0.683697239269693,"UbcE2H"
321.365575788943,0.327888762120388,0.20417455457254,1.6059237293641,0.108290669031117,0.684922741698991,"fj"
778.621159391154,0.365828261105267,0.228140976453567,1.6035184331725,0.108820242805789,0.68742832029197,"PH4alphaEFB"
456.218840316204,-0.346307587288384,0.215982313589713,-1.6034071565056,0.108844792067372,0.68742832029197,"sty"
1210.90442164128,-0.226676225062015,0.141885839562034,-1.59759582606487,0.110132955964779,0.687531686743917,"CG16953"
526.499563074908,0.518419078861032,0.324194939032944,1.59909676692501,0.109799102962859,0.687531686743917,"CG31606"
281.268565276127,1.11008203604246,0.695601320196119,1.59585958768664,0.110520145898511,0.687531686743917,"CG8236"
561.456137399398,-0.694072001109607,0.434902515542694,-1.59592546905255,0.110505434423461,0.687531686743917,"CG8292"
428.093972814603,-0.307980416345194,0.192315731215951,-1.60143122144991,0.109281442209785,0.687531686743917,"Ca-beta"
299.941392470453,-0.371996569599205,0.232732270816308,-1.59838843274475,0.109956557335374,0.687531686743917,"Cyp4p3"
106.956793699668,-0.447055543011508,0.279577391994061,-1.59904039387064,0.109811627500986,0.687531686743917,"DIP-delta"
47.0711655965408,0.609296819128271,0.38177173242747,1.59597153842192,0.110495147936127,0.687531686743917,"Dgp-1"
160.789902272907,-0.416805207233864,0.260994229329821,-1.59699012619602,0.110267908191913,0.687531686743917,"Dim1"
224.806870352059,-0.323215339470203,0.20195464953067,-1.60043524732575,0.109502061021623,0.687531686743917,"FRG1"
59.2515556333189,-0.502371240092285,0.313927126942307,-1.60027980055578,0.109536525869565,0.687531686743917,"Fbxo42"
67.5855723267756,-2.4620945274192,1.5406373708621,-1.59810126249337,0.110020442719606,0.687531686743917,"HP6"
412.847041735126,-0.359642193535233,0.224421122606436,-1.60253272668069,0.109037856585878,0.687531686743917,"Obp83ef"
53.3861476261065,0.456399453326938,0.285222503319547,1.6001523302515,0.109564794319807,0.687531686743917,"Sclp"
132.142411503653,0.405578035909648,0.253257545514932,1.60144502342472,0.109278387397023,0.687531686743917,"ZIPIC"
126.679404721513,0.493489884307087,0.309194626783019,1.59604935390226,0.110477774813019,0.687531686743917,"kto"
558.868601143514,1.01605582099124,0.63586721009953,1.59790567095322,0.11006397181682,0.687531686743917,"lncRNA:CR32661"
77.3661854792766,-0.452881689843872,0.283577827320276,-1.59702785695012,0.110259497823257,0.687531686743917,"lncRNA:CR42874"
468.287131058766,0.295898999870062,0.18466941984122,1.60231726576321,0.109085469558197,0.687531686743917,"sotv"
109.197832011281,0.400094899664237,0.250659854082126,1.59616665033704,0.110451591229473,0.687531686743917,"spn-E"
143.120749874107,0.380921471963356,0.238646515985128,1.59617445237329,0.110449849788021,0.687531686743917,"vex"
3960.73254177544,1.02922342154276,0.64510254774504,1.59544156993398,0.110613526364138,0.687621085676492,"CG5089"
3509.09025356403,-0.20435811968798,0.128189449999238,-1.59418828686132,0.110893869199377,0.68887176562611,"ND-B14.7"
513.759826007542,-0.33258318816946,0.208715701221703,-1.59347469415433,0.111053740901391,0.688914822270702,"Manf"
15.1661839661061,0.948267712350929,0.595103259495786,1.59345071165359,0.111059117045363,0.688914822270702,"pasha"
18.7495458531081,-1.71854828179835,1.07891251203155,-1.5928523051071,0.111193328043238,0.689256078319305,"DptB"
2305.4469245008,0.235007406929666,0.147575960020367,1.59245047023399,0.111283523646107,0.689324203766598,"Gbeta76C"
1622.28124458334,-0.279371596535407,0.175508420147833,-1.5917845781991,0.111433116473309,0.689759895211388,"Rpn11"
21.0498955341117,0.771533442128876,0.485041639359928,1.59065403775851,0.111687456065014,0.690842878559929,"CG7611"
76.9566682007192,-0.450455323697974,0.283450006173452,-1.58918791281425,0.112017974533176,0.691450706031572,"AstC-R1"
27.0785525803483,0.674936596971288,0.424579079078052,1.58966051374192,0.111911348752834,0.691450706031572,"CG2278"
58.3884967851368,-0.582692275650904,0.36699142488041,-1.58775447094107,0.112341870427283,0.691450706031572,"CG40228"
154.20254432419,-0.372552484813149,0.234586183530542,-1.5881262877728,0.112257785050149,0.691450706031572,"Rab9"
65.9416230143908,-0.450999194770269,0.283959483858665,-1.58825191763887,0.112229385413576,0.691450706031572,"bsk"
7.83006001936648,1.1980101891175,0.754053354864968,1.5887605053253,0.112114472988891,0.691450706031572,"hfp"
273.361809679628,0.308172811189006,0.194065555082897,1.58798304550937,0.112290173024218,0.691450706031572,"kin17"
16.2847986981617,0.960555631582759,0.605440054084282,1.58654126878933,0.112616578260855,0.692651647070121,"mir-2a-2"
136.977162373082,-0.364434300743831,0.229814049246665,-1.58577903282438,0.112789443589652,0.693224948842333,"RhoGAP18B"
87.4268117213519,-0.575626284507756,0.363154433404921,-1.58507299253022,0.112949750980948,0.693296604120216,"CG34417"
192.526014779856,-0.356360004292109,0.224829121360258,-1.5850260061333,0.112960425674189,0.693296604120216,"strat"
8.20700852995875,1.12363741170757,0.709109916379732,1.58457438790894,0.113063067962492,0.693437547905266,"lncRNA:CR43973"
62.5780194364807,0.464729463460174,0.293860260432423,1.58146413801006,0.113771952468466,0.69435995956035,"CG10384"
11.7267811152697,1.06521709249389,0.673230439660442,1.58224736990674,0.113593110297745,0.69435995956035,"CG11085"
921.8249734981,-0.204685288254609,0.129281147384144,-1.58325705175257,0.113362887624083,0.69435995956035,"CG17486"
6.31966091577294,1.86959728543135,1.18170923314113,1.58211278459908,0.113623825570224,0.69435995956035,"CG31832"
8.3177479824613,-1.24434355758106,0.786796107054569,-1.58153242806368,0.113756350386478,0.69435995956035,"CG43295"
17.8627920058041,0.794972960152042,0.502156061556173,1.58311931491663,0.113394272029138,0.69435995956035,"CG9775"
11.4840560719627,0.96827793217247,0.612211187820406,1.58160770569995,0.11373915381889,0.69435995956035,"asRNA:CR44704"
675.442855414362,-0.333706739356082,0.211137713955963,-1.58051696735565,0.113988524331193,0.695194202701029,"mRpS35"
119.990752975595,0.418446056478938,0.264851126377616,1.5799293067092,0.114123056821957,0.695527285379195,"Pms2"
420.606025845034,-0.356187621819877,0.225504812363364,-1.57951228662002,0.114218600562292,0.695622449750612,"GstE7"
293.686353418992,-0.353201252487677,0.223811669303762,-1.57811812755976,0.114538474421297,0.69659562745531,"cact"
69.9417192509783,1.06800456280086,0.676748142605739,1.57814184563349,0.114533026691983,0.69659562745531,"lncRNA:CR43909"
292.125765815575,-1.78961981974907,1.13534178496584,-1.57628288102064,0.114960625073453,0.69818724355496,"CG6576"
323.248967806644,-0.35392323888479,0.224526907903432,-1.57630656472146,0.114955169470185,0.69818724355496,"Mrm2"
58.797922343702,0.53024686762993,0.336530296778523,1.57562891872079,0.115111347495258,0.698615102685657,"CG3225"
11.8457504568635,0.876924976309881,0.556708353531794,1.57519636762519,0.115211125385716,0.698733396677274,"CG17834"
10.0707437546017,1.11580263606899,0.7086237491108,1.57460519417974,0.115347603175111,0.699073948769491,"CG32512"
467.923998628848,-0.364192009031365,0.231350142731045,-1.57420265547341,0.115440605645406,0.699150724378543,"mRpS2"
108.46610116484,-0.357813076611426,0.227446376274651,-1.57317554349317,0.11567817658255,0.700102344087575,"CG6712"
38.1837213851565,0.528808371094378,0.336216126954624,1.57282274316885,0.115759867901903,0.700109889055081,"CG32536"
263.34556138559,-0.258525349528011,0.164425004254038,-1.57229948511108,0.1158811124053,0.700271101133298,"CG3589"
98.0615872749202,-0.431733904596946,0.274637552141595,-1.57201337264453,0.115947449929114,0.700271101133298,"mrn"
16.5302075510444,-0.922789978206844,0.587167872612243,-1.57159480490895,0.116044552062046,0.70037152329819,"kek3"
55.9101180900482,0.503512529689961,0.320464083959613,1.57119800593135,0.116136663131387,0.7004417042498,"Su(var)3-9"
489.000440791518,-0.306698087653876,0.19542871673142,-1.56936039279926,0.116563987456832,0.702456704544789,"CkIalpha"
60.4746432855143,0.53995611507911,0.344125463794137,1.56906759856086,0.116632188678297,0.702456704544789,"sqz"
109.387006320047,-0.426602060407194,0.272360259367947,-1.56631536993388,0.117274804510941,0.704602235952293,"CG43901"
89.2176194132362,-0.416086563122332,0.26565439591752,-1.56627019735641,0.117285374960337,0.704602235952293,"CG9312"
1493.17602335796,-0.301679194961913,0.192576439762821,-1.56654259126123,0.117221645728619,0.704602235952293,"NdufV3"
169.772523237,0.381012035359715,0.243278578831039,1.5661552989601,0.117312264724218,0.704602235952293,"mod(mdg4)"
15.2469743524599,-0.969155433565756,0.619889319580665,-1.56343302417496,0.11795077759841,0.707948701682045,"HPS4"
31.8976465177035,0.643485950311927,0.411802902764776,1.56260664019527,0.1181451454921,0.708626603182458,"Msp300"
119.369180120465,0.358241936666797,0.229462254638511,1.56122381535544,0.118470951730522,0.709114644367765,"CG12236"
265.78522678068,-0.453352720085299,0.290322666687951,-1.56154779527627,0.118394555956693,0.709114644367765,"mRpL34"
7.86615067890914,-1.51918712560744,0.972748104712732,-1.56174771068413,0.118347434374632,0.709114644367765,"omd"
72.7555836645129,-0.431147269637218,0.276375812502126,-1.56000362598265,0.118759024319406,0.710350370207418,"lncRNA:CR45555"
302.903071439067,-0.259080107675476,0.166174933456919,-1.55908055616971,0.11897731504979,0.710506029522522,"CG10444"
81.5985667532437,-0.474735802815077,0.304608107172937,-1.55851335416215,0.119111604857332,0.710506029522522,"CG7849"
24.1704510037479,-0.639713198246156,0.410391694589995,-1.55878690207234,0.119046825284358,0.710506029522522,"gny"
35.7881998948607,-0.67942897808402,0.435773618023609,-1.55913288455936,0.118964931848594,0.710506029522522,"sip3"
716.801943351099,-0.244715500837125,0.160827890442587,-1.52159864911295,0.128109676254152,0.711049383698443,"AP-2sigma"
209.920614474516,2.39251036759757,1.58151212385726,1.51279925806848,0.130330657353118,0.711049383698443,"Adgf-B"
74.3010324457659,-0.526075479171052,0.346614210101838,-1.51775508285274,0.129076152279832,0.711049383698443,"Afti"
483.931687286811,-0.288900177372995,0.185965748826249,-1.55351283339234,0.120300665732495,0.711049383698443,"Baldspot"
36.1795751537022,-0.59110603421741,0.39015348196491,-1.5150602558779,0.129757145404189,0.711049383698443,"Brf"
270.954957117753,2.39072804496805,1.57343745594016,1.51942998175262,0.12865429998328,0.711049383698443,"CG10298"
143.167757906443,2.3917738515015,1.5719196220562,1.52156243738014,0.128118755472915,0.711049383698443,"CG10822"
104.762638082864,2.39073304106393,1.57699131561252,1.51600900867063,0.129517074489522,0.711049383698443,"CG11694"
234.238762863139,2.39072095203555,1.57047306771015,1.52229350581693,0.127935554570616,0.711049383698443,"CG11726"
214.604073043544,2.39164773492858,1.57028438856023,1.52306661923924,0.127742039157889,0.711049383698443,"CG12438"
193.72584786503,2.38962397137136,1.57311346581203,1.51904107574202,0.128752157064187,0.711049383698443,"CG12637"
286.727108713309,2.39071472281056,1.56742481385323,1.52525001625655,0.127196749667236,0.711049383698443,"CG12684"
104.392011353931,2.39209617711909,1.57610327668594,1.51772806547863,0.129082965869162,0.711049383698443,"CG13127"
14.1281782891947,1.96927537249581,1.29733071828592,1.5179439943407,0.129028517954296,0.711049383698443,"CG13218"
78.6150047168514,0.394170959266032,0.259571747955829,1.51854337912425,0.128877472548965,0.711049383698443,"CG13659"
28.5975617522819,-0.657995976632796,0.423302995966456,-1.55443260005875,0.120081262098844,0.711049383698443,"CG13887"
369.064776085838,2.39134235077363,1.56637554606923,1.5266724233372,0.126842488011749,0.711049383698443,"CG13989"
1670.61719625127,2.39072223092555,1.56834091145962,1.52436387615532,0.127417838735691,0.711049383698443,"CG15128"
987.902641944472,-0.291306535352285,0.187187503032526,-1.55622854428304,0.119653756050452,0.711049383698443,"CG15209"
68.5891858684152,-0.442689349376687,0.292463335331993,-1.5136575970255,0.130112704749129,0.711049383698443,"CG15343"
376.298184044759,2.391670547354,1.57055348888306,1.52282018045428,0.127803699685356,0.711049383698443,"CG15498"
212.066489254259,2.39191027127446,1.57366189224818,1.5199645381622,0.128519888476012,0.711049383698443,"CG15605"
160.441418792496,2.39156532574633,1.56924243273413,1.52402539968247,0.12750236637661,0.711049383698443,"CG15638"
67.4060993585443,-0.78107914209023,0.506367014049413,-1.54251584407907,0.122948290763479,0.711049383698443,"CG15864"
415.53369795607,2.39164708738993,1.57024903494391,1.52310049818012,0.127733564244,0.711049383698443,"CG17237"
216.792077333361,2.39208651327488,1.57594825262967,1.51787123040582,0.129046863876384,0.711049383698443,"CG17329"
1385.28925179643,-0.310874271039557,0.200686330081805,-1.54905553812677,0.121368369828558,0.711049383698443,"CG18549"
230.378429447604,1.85265219048829,1.22250262469276,1.51545866083837,0.129656291596518,0.711049383698443,"CG18808"
773.827214473415,2.39072153714499,1.56908349014416,1.52364201915434,0.127598160573746,0.711049383698443,"CG1999"
21.5061743429099,0.741124462850651,0.488827392608107,1.51612711165066,0.129487214052654,0.711049383698443,"CG30047"
411.810292149001,0.616099527267873,0.396574673365722,1.55355237902372,0.120291225957939,0.711049383698443,"CG30355"
174.634973685543,0.443372189544378,0.290556484579415,1.52594147119506,0.127024441340159,0.711049383698443,"CG30440"
596.297690135903,1.85565004612023,1.22413589934468,1.51588565216788,0.129548268903927,0.711049383698443,"CG30487"
386.44272880251,2.39151766273535,1.5685994207743,1.52461975381505,0.127353967415166,0.711049383698443,"CG31007"
687.409279332591,-0.49191339411646,0.31867147617762,-1.54363798108582,0.122676058468147,0.711049383698443,"CG31161"
243.433289236414,2.39172196245193,1.57123048702906,1.52219676374424,0.127959785791362,0.711049383698443,"CG31286"
405.4552937956,2.39184144551264,1.57274680389152,1.52080515413822,0.128308740631361,0.711049383698443,"CG31294"
68.9592360640559,2.39073180149688,1.5770136693495,1.51598673363626,0.129522706972612,0.711049383698443,"CG31848"
290.688754309558,-0.416460366880164,0.274987501426675,-1.51447016580575,0.129906635035412,0.711049383698443,"CG32023"
358.899478491752,2.39171307602589,1.57110086641419,1.52231669344352,0.127929747239883,0.711049383698443,"CG32148"
760.148475515742,2.39165923281077,1.57037999264338,1.52298121729439,0.127763404639137,0.711049383698443,"CG32445"
186.601476873599,-0.940328385486333,0.614030243352359,-1.53140402393295,0.125669570214225,0.711049383698443,"CG34012"
3273.71005834583,-0.281279685313305,0.184478413153806,-1.52472953612622,0.127326571561465,0.711049383698443,"CG34196"
41.790656674586,-0.562289280456876,0.365175843280734,-1.53977677002202,0.123614776217026,0.711049383698443,"CG34301"
354.860481030879,-1.2733841792432,0.841773856595758,-1.51273904418097,0.130345957713928,0.711049383698443,"CG34450"
145.546299657036,0.354090539051071,0.231277996902815,1.53101697434652,0.125765197545821,0.711049383698443,"CG3587"
370.757869935595,-0.296586207396466,0.195973451763032,-1.51339992600168,0.13017810379471,0.711049383698443,"CG3847"
537.84076150453,2.39072146624108,1.56954355598534,1.52319536283287,0.127709835906559,0.711049383698443,"CG3942"
119.922271991937,2.39072414155409,1.5728702327871,1.51997545106933,0.128517145617898,0.711049383698443,"CG42752"
237.303263541822,2.39072958527151,1.57428109621619,1.51861671401484,0.128859001539233,0.711049383698443,"CG43108"
47.1443487376627,2.39245763618815,1.58087812345086,1.51337260013803,0.130185040821712,0.711049383698443,"CG43318"
17.7146488282029,-0.843549813414194,0.553676080225758,-1.52354389785132,0.127622686858643,0.711049383698443,"CG43647"
13.7883611973328,1.23984945329976,0.796441293954377,1.55673677735095,0.119532993084721,0.711049383698443,"CG43742"
205.568138648326,2.39146310570078,1.56793432856236,1.52523167720521,0.127201322173935,0.711049383698443,"CG4477"
358.996997385125,2.39006402446351,1.56695470191338,1.52529235308784,0.127186194241902,0.711049383698443,"CG45066"
496.22730536059,1.85496629453936,1.22611459407436,1.5128816698734,0.130309718756098,0.711049383698443,"CG4714"
381.145853031485,2.39072419493676,1.57122121036601,1.52157072420111,0.128116677708249,0.711049383698443,"CG4955"
319.705284381366,-0.786797053077733,0.514264100452743,-1.52994745770716,0.126029735012181,0.711049383698443,"CG5172"
159.510963711716,2.39217815030174,1.57715703528714,1.51676598891512,0.129325776893252,0.711049383698443,"CG5347"
1612.70409868977,2.39151338070146,1.56848806900839,1.52472526119589,0.127327638271984,0.711049383698443,"CG5614"
1542.23685061781,1.85784591309725,1.22286279421146,1.51925949656131,0.128697190591065,0.711049383698443,"CG5762"
325.551980908551,1.8571787521252,1.21812246823892,1.52462400173127,0.127352907274849,0.711049383698443,"CG6138"
82.9804366518587,0.752792692555365,0.486573316442257,1.54713106353562,0.121831644767584,0.711049383698443,"CG6280"
9.19159950193506,1.14148979441661,0.736308030287455,1.55028839488682,0.121072311509506,0.711049383698443,"CG6927"
246.539018572111,0.276758666948699,0.178712058376134,1.54862894794825,0.121470942987948,0.711049383698443,"CG7728"
472.032244753256,2.39149095334318,1.5682511622815,1.52494129184258,0.127273741495546,0.711049383698443,"CG7755"
22.3913623077745,-0.913288967708451,0.600339204348341,-1.52128823354092,0.128187521710681,0.711049383698443,"CG7924"
163.071996179514,2.39210728306409,1.57623001843735,1.51761307365253,0.129111969114088,0.711049383698443,"CG8141"
139.616406467644,-0.3863714173314,0.249008793160523,-1.5516376447089,0.12074895041475,0.711049383698443,"CG8366"
1743.90747281847,0.225964462127294,0.145131988098388,1.55695835968366,0.119480372062595,0.711049383698443,"CG8531"
550.248420326508,2.39073032668184,1.57344601928174,1.51942316252653,0.128656015348617,0.711049383698443,"CG9173"
6.21901548873581,1.26478412104626,0.822177175869816,1.53833523742396,0.12396666818009,0.711049383698443,"CG9368"
1671.6531410495,0.648617682412797,0.423410107416784,1.53188993614252,0.12554959737304,0.711049383698443,"CG9701"
235.728638114673,-1.46865129170557,0.964847868187908,-1.52215840458233,0.127969394691344,0.711049383698443,"COX7CL"
130.974203760853,-0.389047610624431,0.252317067238082,-1.54189970136793,0.123097968546838,0.711049383698443,"Drep2"
256.220343270997,-0.339111862562122,0.222615297110159,-1.5233088963977,0.12768144245211,0.711049383698443,"EMC5"
188.71647203675,0.314272747956278,0.204772817134992,1.53473860619449,0.124848048691836,0.711049383698443,"FAM21"
7.95885504450665,1.12482605475537,0.72923140401815,1.54248164376554,0.122956595219755,0.711049383698443,"Gpdh1"
260.42238289052,2.39206846913024,1.57570687932434,1.5180922927467,0.128991133849556,0.711049383698443,"Gpdh2"
300.391353778171,2.39143650249531,1.56757849183307,1.52556093041239,0.127119248378001,0.711049383698443,"Grx1t"
78.1237069208156,0.423347590244889,0.279058776181098,1.5170552814657,0.129252727328779,0.711049383698443,"Hmr"
51.6092247053626,0.445357973561531,0.290236753614009,1.53446442607961,0.124915438445861,0.711049383698443,"Hnf4"
1042.31893767405,0.384460137795207,0.247492582861641,1.55342084740429,0.120322625571764,0.711049383698443,"IRSp53"
66.0602519546982,0.486841449843612,0.318225112948179,1.52986496047812,0.126050158116993,0.711049383698443,"Klp61F"
22.1945150325314,0.705447165328094,0.466108993698079,1.51348112751724,0.130157491423386,0.711049383698443,"Lis-1"
536.012707868247,-0.268554515647592,0.174151396176835,-1.54207500797123,0.123055367338915,0.711049383698443,"Lsm12a"
322.867674394944,-0.243076798018312,0.160593578197272,-1.51361468339486,0.13012359481484,0.711049383698443,"Lst8"
165.976803315733,-0.350694804027924,0.228911058766589,-1.53201337636341,0.12551913391991,0.711049383698443,"Mkrn1"
1518.33136347086,-0.336365834417161,0.21790145723494,-1.54366032556861,0.122670642445439,0.711049383698443,"Mp20"
73.5090716729392,-0.749134776063803,0.484222669427569,-1.54708736984455,0.121842179091878,0.711049383698443,"ND-MWFE"
522.065921564772,-0.233012269379885,0.150155644722915,-1.55180492754613,0.120708906561294,0.711049383698443,"Non2"
775.403336227693,-0.343072562331183,0.220420761219848,-1.55644395941905,0.11960255887225,0.711049383698443,"Oatp58Db"
218.34788048218,-0.406008008992016,0.268311092180324,-1.5131987488581,0.130229181956236,0.711049383698443,"Oscillin"
434.564200187476,2.39072327503557,1.57061982260544,1.52215274544905,0.127970812341384,0.711049383698443,"Pgm2b"
207.360693677659,-0.307711912098836,0.203440128219084,-1.5125428537258,0.130395819416605,0.711049383698443,"Polr2H"
40.3813310954478,-0.514592382938355,0.331767027929009,-1.5510654755254,0.120885993800228,0.711049383698443,"Prim1"
376.577034938183,2.39165249401068,1.57032208131038,1.523033091412,0.127750426670235,0.711049383698443,"Prosalpha6T"
389.879612101293,2.39163813347172,1.57013762490097,1.52320286804322,0.127707958787159,0.711049383698443,"Prosbeta5R1"
99.3818432128578,-0.6262821425881,0.411098050520926,-1.52343739357193,0.127649312692462,0.711049383698443,"Prx6b"
149.282980203015,2.39073267982935,1.57638244519252,1.51659433097619,0.129369137574339,0.711049383698443,"Rpn13R"
292.693275592144,0.317684862467891,0.205560192172604,1.5454590653483,0.122235262936956,0.711049383698443,"Ser7"
162.040828814455,-0.430957371375945,0.279010782516671,-1.54459038281144,0.122445373888192,0.711049383698443,"Sxl"
406.433305907879,2.391747714604,1.5715404680844,1.52191290213441,0.128030905893306,0.711049383698443,"Tengl4"
177.897270173264,2.39183085482623,1.57264403311176,1.52089780297807,0.128285485391695,0.711049383698443,"Trf4"
214.360514584605,0.289294874365161,0.187746360175309,1.54088140028403,0.123345653405107,0.711049383698443,"Trm1"
554.943915132946,2.39071886630577,1.56833514730912,1.52436733335197,0.127416975595846,0.711049383698443,"Ubc87F"
128.112381034126,2.39164547580327,1.57027578349541,1.52307352691864,0.127740311146653,0.711049383698443,"VhaM9.7-d"
9.4961776152925,1.0408254277429,0.675448289100629,1.54094020895187,0.12333133859247,0.711049383698443,"Vps4"
319.478846723149,-0.330902541235496,0.214879422056619,-1.53994523099706,0.123573704209008,0.711049383698443,"Zip48C"
160.087190117263,0.31821000446046,0.204819775989357,1.5536097670422,0.12027752813218,0.711049383698443,"ast"
190.140396120236,2.38939516839692,1.57637139053141,1.51575649161676,0.129580937299036,0.711049383698443,"azot"
1134.14578874902,2.39173607609079,1.5713494125,1.52209054018455,0.127986395973409,0.711049383698443,"bb8"
41.9726890843192,-1.78941623671766,1.16941769687661,-1.53017714841925,0.12597288610492,0.711049383698443,"betaNACtes4"
268.841450753145,-0.344985807562626,0.224583172605922,-1.53611601243151,0.124509929755989,0.711049383698443,"bigmax"
15.5207015779154,-0.786971822070897,0.519416429625747,-1.51510768082159,0.129745136873831,0.711049383698443,"cGlr2"
39.2149702927494,0.797941568444938,0.519073781235365,1.53724113467238,0.124234270598135,0.711049383698443,"daw"
1532.47780114256,0.461375296175076,0.303716451541602,1.51909879703003,0.128737629498011,0.711049383698443,"drd"
11.217120165181,-1.44872349389839,0.941576472673207,-1.5386147975696,0.12389836383231,0.711049383698443,"drm"
11.3148002118202,1.14498455518785,0.752763909535235,1.52104071500289,0.128249620311161,0.711049383698443,"ec"
37.5580238321819,-0.695191799943538,0.451384841146807,-1.54013102916196,0.123528417622827,0.711049383698443,"exd"
24.1433137463707,0.765983583500558,0.502578567452152,1.52410714086705,0.1274819491779,0.711049383698443,"fd59A"
2005.40125932468,0.261675115778017,0.169999905498937,1.53926624259007,0.123739311590478,0.711049383698443,"inaC"
706.081710751746,-0.234008331832289,0.153817957758751,-1.52133297855449,0.128176298369123,0.711049383698443,"l(2)37Bb"
136.689569587243,2.39176341372743,1.57178732517704,1.52168386614139,0.12808831211304,0.711049383698443,"lncRNA:CR43263"
6.73229068331822,1.18162246619127,0.768705199765141,1.53715945534425,0.124254266297577,0.711049383698443,"lncRNA:CR45082"
6.04033439774843,-1.73549028793694,1.12809602295015,-1.53842425877751,0.123944914590304,0.711049383698443,"lncRNA:CR45920"
26.2768789739052,0.727242072807526,0.470310636475378,1.54630156412718,0.122031754405519,0.711049383698443,"magu"
8.00512756224358,1.08865240498952,0.71237587942973,1.5281994189093,0.126463033040947,0.711049383698443,"mir-2a-1"
14.2811367487443,0.989956635364491,0.64286464659008,1.53991456928838,0.123581178962944,0.711049383698443,"mms4"
41.927912935659,2.39232631069091,1.57915373666267,1.51494199402446,0.129787094397351,0.711049383698443,"ms(3)K81"
804.607228277159,0.247464844453321,0.161058843792663,1.53648715355173,0.124418946112686,0.711049383698443,"mv"
209.401228610275,2.38960175589,1.57343285815485,1.51871860531263,0.12883334138282,0.711049383698443,"nxf4"
12.4897877111009,1.16525091819508,0.763179791849543,1.52683670432511,0.126801622061567,0.711049383698443,"snu"
145.494892951674,-0.34311333256289,0.223417723601336,-1.53574804644925,0.124600186249951,0.711049383698443,"spt4"
404.106590290554,0.275188283224257,0.179329090488168,1.53454346127079,0.124896009758916,0.711049383698443,"sut1"
1061.74494872609,1.85790574866677,1.22329953292675,1.51876600837223,0.12882140481845,0.711049383698443,"sut4"
177.965241988505,0.397064894633526,0.259456922852429,1.53036924306454,0.125925357638841,0.711049383698443,"xit"
67.7761720082656,1.85520094179848,1.22716956283436,1.5117722912827,0.130591800690035,0.711226809390099,"lncRNA:CR45821"
70.8623481670225,2.38913665413375,1.58004664655961,1.51206716544467,0.130516776791098,0.711226809390099,"ms(3)76Ba"
124.854849279527,2.39263082808321,1.58313297963203,1.51132650185794,0.13070528499755,0.711399684386291,"S-Lap3"
3555.11278002802,0.500188175034282,0.332030639225656,1.50645186299913,0.131951215510211,0.711570323322728,"Acp1"
63.9884746223697,2.39307549762422,1.58912600535595,1.50590669937982,0.132091126525864,0.711570323322728,"CG12446"
60.5542000438497,2.39074994179733,1.58564243151445,1.50774846477457,0.13161891643696,0.711570323322728,"CG13829"
28.2704531891594,-0.632963433454901,0.419399139757425,-1.50921490640395,0.131243872063305,0.711570323322728,"CG30098"
331.67575353936,2.39273188263256,1.58443643774203,1.51014696811848,0.131005927086444,0.711570323322728,"CG30429"
248.612033473322,0.38832192756798,0.257155035430535,1.51006931253686,0.131025738907422,0.711570323322728,"CG4707"
365.087878356794,-0.30558544193044,0.202501738964322,-1.50905095182555,0.131285762475649,0.711570323322728,"CG5056"
309.43540624576,-0.342444690238355,0.227333325651005,-1.50635499330206,0.131976067796451,0.711570323322728,"Cyp6a13"
141.203726327202,0.324075315293589,0.215008959585153,1.50726423642472,0.131742940741892,0.711570323322728,"Dcps"
384.464393226643,-2.34099614864493,1.55487123581745,-1.50558843376775,0.132172859463806,0.711570323322728,"Drsl3"
32.8662932016479,-0.668709818089529,0.444170591906303,-1.50552474719126,0.132189219346065,0.711570323322728,"Lim1"
69.149676651119,0.475520405877215,0.315312472817117,1.50809259661929,0.131530829755728,0.711570323322728,"Mgat3"
388.984475262464,1.85267186730944,1.22854273707554,1.50802394690769,0.131548398223709,0.711570323322728,"Uros2"
461.836838951056,0.311905075278153,0.207183906151521,1.50545030775723,0.132208343423285,0.711570323322728,"alpha-Est1"
416.364022287994,0.220784160217711,0.146451928682668,1.50755379054178,0.131668767022804,0.711570323322728,"hdly"
52.9453359103229,2.38869935067043,1.5864107243521,1.50572566990555,0.132137611416042,0.711570323322728,"lncRNA:CR45808"
29.1065139471171,-0.867595053896793,0.575820205594769,-1.50671172262989,0.131884565452984,0.711570323322728,"sens"
105.929984887753,-0.470992033318914,0.312023116503512,-1.50947801110631,0.1311766704439,0.711570323322728,"shtd"
327.612177590392,0.282167365288834,0.188314032098459,1.49838735937269,0.134032638674495,0.711594938037307,"Aatf"
91.1456744124621,0.340201722861292,0.228957006204222,1.4858760100918,0.137311920159876,0.711594938037307,"Akt"
378.783814305943,-0.284270548874556,0.190141712005801,-1.49504569973517,0.134902515741588,0.711594938037307,"Arl1"
12.8891990532801,0.824329992852784,0.554173501244739,1.48749442368002,0.136884274910931,0.711594938037307,"Atf6"
135.874794294787,-2.49252566376023,1.67868915876012,-1.48480476611954,0.137595549008899,0.711594938037307,"CG10793"
252.746638610308,-0.32263525973377,0.214541040047872,-1.50383935708421,0.13262273464683,0.711594938037307,"CG10973"
17.3845251770569,2.3907859334962,1.60478369500668,1.48978702920224,0.136280242691552,0.711594938037307,"CG10993"
9.8192463550822,-0.975148624245034,0.657380099851295,-1.48338628514252,0.137971809171939,0.711594938037307,"CG11151"
44.4674817777638,0.608654191729037,0.409996993269363,1.48453330566051,0.137667494162115,0.711594938037307,"CG1231"
35.0114991689256,0.842423002197932,0.56889559700644,1.48080422248091,0.138658751024388,0.711594938037307,"CG1299"
355.206342229405,-2.49346529962061,1.6806343922824,-1.48364528958278,0.137903047650269,0.711594938037307,"CG13110"
19.4222792752193,2.38798014547709,1.5971033642629,1.49519448703886,0.134863691905284,0.711594938037307,"CG13137"
19.1832352984785,2.39404074693987,1.60250124331467,1.49394002465043,0.135191295875552,0.711594938037307,"CG13223"
416.25217475738,-2.49342916841066,1.67629512724364,-1.48746430618733,0.136892223682302,0.711594938037307,"CG14488"
646.792204000891,1.15154287782426,0.772763311002932,1.49016246168536,0.136181523938073,0.711594938037307,"CG14570"
64.2066085861619,1.85843390786339,1.24361177162965,1.49438430084018,0.13507520250438,0.711594938037307,"CG15040"
667.50312141905,-0.44554340308852,0.298121227894662,-1.49450411912951,0.135043906099236,0.711594938037307,"CG15212"
47.2888514753646,1.85334203386526,1.23725301490183,1.49794909492487,0.134146476759202,0.711594938037307,"CG15599"
232.930341877976,-2.49380740273446,1.67762615799502,-1.48650960814469,0.13714437734965,0.711594938037307,"CG15800"
89.3016463821347,-2.49406195169328,1.68413944698698,-1.48091178325839,0.138630082652356,0.711594938037307,"CG16736"
239.569315677513,-0.28611552280009,0.19112100677824,-1.49703859153523,0.134383216738959,0.711594938037307,"CG17026"
13.6849265831223,-1.14572639556227,0.770710630208377,-1.48658439452496,0.137124611939646,0.711594938037307,"CG30458"
50.7692760838294,-0.490568207729123,0.330390459477277,-1.48481347949717,0.137593240183098,0.711594938037307,"CG31122"
326.912634500656,0.734258938177324,0.493685509329046,1.48730097258726,0.136935337770942,0.711594938037307,"CG31528"
143.450930940743,-2.49441959588316,1.67634337164248,-1.48801232377537,0.136747643623108,0.711594938037307,"CG31730"
29.2379074465536,-0.688655885261671,0.458730346728394,-1.50122155678838,0.133298266142347,0.711594938037307,"CG31999"
36.2217330762242,2.38788076132123,1.59864291951233,1.49369238882293,0.135256038801976,0.711594938037307,"CG32568"
9.38747925283595,-1.17884647191013,0.794745156912232,-1.48330123393292,0.137994394665768,0.711594938037307,"CG33226"
17.3245760962663,-0.885296950436573,0.594143595606443,-1.49003869937023,0.136214060735937,0.711594938037307,"CG33263"
1211.00271856832,-0.297049570295436,0.19987609628288,-1.48616856052176,0.13723454122399,0.711594938037307,"CG34132"
259.340714405864,-2.49345602796991,1.6792525610458,-1.48486063729273,0.13758074507228,0.711594938037307,"CG42758"
290.949137743031,-2.49298807372325,1.67852763803971,-1.48522313081166,0.137484726604027,0.711594938037307,"CG43077"
32.4607062345014,2.39403240184326,1.60235637891769,1.49406987942364,0.135157355682537,0.711594938037307,"CG43249"
40.0990573872447,2.3941036561133,1.603352219835,1.493186354499,0.135388412978472,0.711594938037307,"CG43371"
1205.94183671475,-0.248846521199662,0.166274757346116,-1.49659831216391,0.134497809585211,0.711594938037307,"CG5676"
836.777812844731,-0.242763743863049,0.16185954293288,-1.49984202021204,0.133655329711205,0.711594938037307,"CG5854"
25.8992286004441,2.39489524077994,1.61471551358316,1.48316853379672,0.138029639104687,0.711594938037307,"CG6052"
607.238398662978,-2.49342295823483,1.6758247645199,-1.48787809502813,0.136783045455762,0.711594938037307,"CG8746"
104.234670912736,-2.49199233536379,1.67947833466515,-1.4837895100687,0.137864770877088,0.711594938037307,"CG9863"
1964.64946911724,-0.278966424732357,0.187492587342742,-1.48787975400008,0.136782607871108,0.711594938037307,"Cisd2"
340.393606624382,-0.312704119922716,0.211222808902433,-1.48044674506322,0.138754062949478,0.711594938037307,"Coq7"
695.363376526656,0.210169071104707,0.141878382042574,1.48133258977848,0.138517968188705,0.711594938037307,"Coq8"
9.71164977220569,1.02929903447071,0.686133604253879,1.50014374473029,0.133577171608087,0.711594938037307,"Dbx"
369.076042765679,-0.312748445950366,0.210500663189516,-1.48573615499156,0.137348923407381,0.711594938037307,"Dpm1"
20.2395896693325,-0.71243204997238,0.481158784050175,-1.48065892921138,0.138697483557541,0.711594938037307,"Ercc1"
314.75021906917,-0.294463272220362,0.198373736165415,-1.4843863805379,0.137706445815586,0.711594938037307,"Fib"
469.681179944422,0.269276187504838,0.181882580529069,1.48049465056826,0.138741287282689,0.711594938037307,"Jarid2"
134.173308462082,-0.311217547205571,0.209420944943822,-1.48608606120585,0.137256358703414,0.711594938037307,"Mtr3"
151.484063274683,1.18546916849461,0.793167727833768,1.49460086044129,0.135018641463962,0.711594938037307,"Muc68E"
351.231117088567,-0.284580892947964,0.189538292539396,-1.50144273822037,0.133241086789711,0.711594938037307,"Pa1"
255.452319605378,-0.289457518359263,0.193932573461184,-1.49256781980051,0.135550352179025,0.711594938037307,"Polr2F"
148.099964034177,-2.49345782936033,1.67903387852631,-1.48505510296721,0.137529227942065,0.711594938037307,"Prosbeta2R1"
1767.29928632897,-0.179353502542165,0.119367726402425,-1.50252926773112,0.132960475137406,0.711594938037307,"Rab10"
595.371679126391,0.202463098932935,0.136580979908493,1.48236671803485,0.138242744662887,0.711594938037307,"RagC-D"
1237.97687296485,0.264359488342001,0.176220218414939,1.50016547885285,0.13357154301108,0.711594938037307,"Rh3"
291.138451395636,0.264565284695736,0.176233967086977,1.50121619043601,0.133299653676263,0.711594938037307,"SIDL"
85.9858388605331,-0.481125469483736,0.32103488252792,-1.4986703802877,0.133959164420122,0.711594938037307,"Surf6"
352.553905220887,0.230054164595426,0.155252950787001,1.48180220362476,0.138392932596276,0.711594938037307,"Tak1"
53.648499419766,0.434030726664001,0.290625033845905,1.4934388855646,0.135322340543931,0.711594938037307,"Tmtc4"
614.092299837958,0.258636897918844,0.17199058385545,1.50378521963863,0.132636678085474,0.711594938037307,"Ube4A"
45.7676518469627,2.39076804705169,1.5945592736984,1.49932842666085,0.133788451303201,0.711594938037307,"Ubi-p63E"
61.5769610218787,-0.518313196213968,0.345239158052323,-1.50131636034002,0.133273755405062,0.711594938037307,"Xpc"
13.7937339605387,1.23920388441847,0.825926661030699,1.5003800493279,0.13351598444518,0.711594938037307,"asRNA:CR43868"
324.254433408901,0.216342858664626,0.145480404453706,1.48709277704454,0.136990308955157,0.711594938037307,"cactin"
332.234614086236,0.242567192244687,0.163473044734376,1.48383602103227,0.137852428402325,0.711594938037307,"cyc"
221.204351840197,-0.334184396818916,0.224976230477993,-1.48542090917292,0.137432360217139,0.711594938037307,"egh"
21.0706882389655,0.65576008838741,0.441913604455216,1.48391016202323,0.13783275559122,0.711594938037307,"kcc"
46.8548263975845,-0.519459900991437,0.34999954799943,-1.48417306239573,0.137763014196071,0.711594938037307,"lncRNA:CR33942"
100.543447960335,-2.49184657631872,1.68097770000085,-1.48237931789189,0.138239393929535,0.711594938037307,"lncRNA:CR43304"
17.1589187020557,2.39404970861738,1.60262984036939,1.49382574086202,0.135221171721957,0.711594938037307,"lncRNA:CR43640"
14.75872493708,2.39504622258742,1.61695319070954,1.48120937349858,0.138550789169589,0.711594938037307,"lncRNA:CR44520"
135.536990435983,-0.775792475814386,0.523293115805707,-1.48251993458754,0.138202003382505,0.711594938037307,"lncRNA:CR44756"
17.3566600186836,2.3907976456656,1.61072844571504,1.48429591097478,0.137730434633567,0.711594938037307,"lncRNA:CR44950"
19.8584580476081,2.39468802159454,1.61172329033528,1.48579352048476,0.137333744557105,0.711594938037307,"lncRNA:CR46131"
1617.47847587811,-0.213837709584907,0.143638802618574,-1.48871826892586,0.136561572201184,0.711594938037307,"mEFTs"
351.956778498741,-0.262415243003073,0.176663717881551,-1.48539409308151,0.137439459494923,0.711594938037307,"mRpL55"
167.504675130173,-2.4929036631702,1.67894758350026,-1.48480136465786,0.137596450318756,0.711594938037307,"sac"
96.3976487889936,-0.33921819869792,0.227273673635291,-1.49255385928362,0.135554008921953,0.711594938037307,"trc"
20.0747075485522,0.698772222675025,0.464503314777048,1.50434281187083,0.132493121065137,0.711594938037307,"vap"
348.445108436355,-2.49337886191137,1.68061673732192,-1.48360944321225,0.137912562711041,0.711594938037307,"ymp"
411.495847469434,-2.49408788274034,1.6850874262767,-1.48009405556552,0.138848147747707,0.711658085894168,"CG6209"
436.49060232565,1.53616380786036,1.03828601587192,1.47951892289557,0.139001677716667,0.712025662841761,"CG30324"
1038.397926964,0.317940979755438,0.215051807264369,1.47843900407024,0.139290312012197,0.713084462024794,"pan"
288.70948875935,-2.49351918160858,1.68729944526568,-1.47781663095134,0.13945686566999,0.713517402660743,"CG10969"
70.5343336344575,-2.49260484029604,1.68826239303158,-1.47643212961708,0.139827922722323,0.714469027739719,"CG18234"
104.158294612486,-0.400723468164531,0.271478154965899,-1.47607997488736,0.139922423998566,0.714469027739719,"CG6179"
463.586434739502,1.53290709404347,1.03825836859581,1.4764216118158,0.139830744479142,0.714469027739719,"CG9550"
1598.72432385925,-0.177826590881932,0.120487035022886,-1.47589813997958,0.13997123891718,0.714469027739719,"Rab1"
14.3203099274077,-0.864496393221982,0.585970421491884,-1.47532428517632,0.140125380391713,0.71483656831716,"CG32182"
36.7836393017316,-0.584057448424949,0.396093919321698,-1.47454282919853,0.140335494970686,0.715489052565836,"CG14695"
1080.95328165917,-0.453832630990586,0.308251876927448,-1.47227856490036,0.140945669194003,0.715788145542692,"AOX1"
41.2509466740129,0.567123440166964,0.385095826568403,1.47268134588893,0.140836978844707,0.715788145542692,"Arf1"
312.5835122628,-0.237389355888545,0.161229343543254,-1.47237066573343,0.140920810122167,0.715788145542692,"Arfip"
72.8772865371621,-2.49075242171998,1.69246601551355,-1.47167056761503,0.141109859231223,0.715788145542692,"CG30472"
61.6658025298103,-2.49356729144281,1.69225677905437,-1.47351591218692,0.140611976441697,0.715788145542692,"CG43072"
28.1134594244992,2.3864408602517,1.62121321506738,1.47200925706278,0.141018377811059,0.715788145542692,"CG45486"
13.067500454861,-0.871836509835696,0.591687273252772,-1.47347517725507,0.14062295232115,0.715788145542692,"Nse4"
15.1979783106829,-1.36439835827023,0.927357478328293,-1.4712755222827,0.141216620234034,0.715788145542692,"Or22b"
453.576114104766,0.269726043834202,0.183290445597402,1.47157721699611,0.141135081636748,0.715788145542692,"Tsc1"
898.741446424464,-0.283397852934412,0.192468318054345,-1.47243897488828,0.140902374874491,0.715788145542692,"mRpL9"
674.165009367586,-0.297770961147894,0.202442912991615,-1.47088854209595,0.141321261812947,0.715901595784681,"CG6878"
38.1904869705618,0.744141019072731,0.5060198448477,1.47057675039741,0.141405615348693,0.71591219917375,"plh"
31.3457096873505,-0.713236935290681,0.48523787634904,-1.46987069652748,0.141596777362928,0.71646322871486,"CG8870"
1000.81520593073,1.53165547806215,1.04286791089664,1.46869556734683,0.141915380299534,0.7172413209912,"CG7634"
10.4171887386563,-1.22060785926054,0.830941285525991,-1.46894597791935,0.14184744245201,0.7172413209912,"Lgr3"
481.617672289307,0.233119781404872,0.158769029407626,1.4682950590216,0.142024092493305,0.717374159587483,"eIF2D"
7.61237871188966,-1.27030841244579,0.865750715383898,-1.46729120735696,0.14229685456962,0.718334991484572,"Orai"
19.1305473930166,2.38607817655856,1.62711122336616,1.46645056729573,0.14252557882672,0.719072529002288,"CG10700"
105.075403868524,-0.380052919006441,0.259358222483798,-1.46535905191971,0.142822983132475,0.719738518935685,"CG2260"
17.6328645169299,0.791060922437777,0.539801870086839,1.46546532399104,0.142794006355247,0.719738518935685,"CG46466"
196.971136339187,0.310824182741916,0.212214632664537,1.46466894784422,0.143011260847505,0.720270256455922,"CG6495"
284.962912441686,-0.331722617756167,0.226676982259016,-1.46341553716786,0.14335370977643,0.72040821340574,"CG1648"
1047.6318954487,-0.296497963743645,0.202656849901233,-1.4630542411379,0.143452537496512,0.72040821340574,"CG30026"
242.665707167484,0.285866682122054,0.195361577618419,1.46326972584348,0.143393588235571,0.72040821340574,"CG7369"
34.2339676518464,-2.48994588141559,1.70124116972921,-1.46360546977118,0.143301777191073,0.72040821340574,"Rpp14b"
15.9690590634395,2.39641894646274,1.63765619235578,1.46332237355355,0.143379188444073,0.72040821340574,"lncRNA:CR43656"
28.7197063042689,-2.48980661498313,1.70278771205688,-1.4621943753491,0.143687952532372,0.721174308471302,"PRY"
8.30347519051419,1.54236323347131,1.05625615933254,1.46021703148784,0.14423043594943,0.722811041487879,"CG17147"
281.480242913019,0.566848055967669,0.388082329022875,1.4606386675603,0.144114628781976,0.722811041487879,"Doa"
12.235900095504,2.38566643455168,1.63390873779842,1.46009772722447,0.144263217173899,0.722811041487879,"lncRNA:CR44490"
149.478930433308,-0.347498512106154,0.238073668376307,-1.45962598247903,0.144392894386916,0.723044510845414,"futsch"
18.2871228139104,-2.49794927594615,1.71340117612626,-1.45788932023126,0.144871052829792,0.724124790868475,"CG13558"
106.721285807103,-2.27160220925565,1.55821282536383,-1.457825383208,0.144888679854265,0.724124790868475,"CG14339"
17.0345024170449,2.38553958158257,1.6360575683251,1.45810247008897,0.14481230065853,0.724124790868475,"CG3251"
40.7575373721917,-0.578040615794343,0.396560867075053,-1.45763403246983,0.144941443834641,0.724124790868475,"CG8461"
70.6798062166665,0.518864575144982,0.356147875754631,1.45687960105216,0.145149617848568,0.724748780341989,"CG11550"
12.2699526277593,2.38543467039489,1.63780538118493,1.45648237440096,0.145259318568759,0.724880647651322,"asRNA:CR44205"
1262.29201418919,-0.251178634353059,0.172496620688464,-1.45613655125858,0.145354875052205,0.724941820962375,"CG4752"
50.6282102813452,0.459367163787186,0.315666825092706,1.45522787721604,0.145606185689377,0.725779286400142,"brn"
404.885719019862,0.286302107569895,0.197021563230432,1.45315113166087,0.146181796986029,0.728231356135897,"CG7791"
55.8793518563557,0.471819190147198,0.32481567692114,1.45257517931238,0.146341741651941,0.728611085581716,"Aps"
286.919220011133,0.283375965348612,0.195155843213298,1.45204960652341,0.1464878124922,0.728863713092434,"Nup214"
55.509330220553,0.467359704398347,0.321919612386475,1.45179009422162,0.146559979077532,0.728863713092434,"PolQ"
313.695879761214,-0.246201428473602,0.169630919354097,-1.4513947658308,0.146669966404721,0.728994127710043,"CG7083"
504.344679033526,0.292704819415469,0.201733666697845,1.45094680628534,0.146794672940018,0.72919751061471,"tub"
41.8990761171112,0.80840999833605,0.557279020385099,1.45063777526994,0.146880750707577,0.729208883860833,"Est-Q"
35.3799649707108,-0.542047453280492,0.373967287941635,-1.44945151824373,0.147211530292227,0.72960247615789,"CG1360"
99.5604264751016,0.376970498730777,0.260020297907645,1.44977335140455,0.147121733089599,0.72960247615789,"CG2540"
534.153904202643,0.251691031380942,0.17361419120901,1.44971462083958,0.147138116841797,0.72960247615789,"Gtpx"
17.5202120207477,-0.850751515962269,0.587215277224503,-1.44878982029109,0.147396287486065,0.72968790966136,"CG32554"
260.999743326947,0.300495505038974,0.207411471958802,1.4487892217392,0.147396454692022,0.72968790966136,"Camta"
12.6154063534101,2.39755376992329,1.65574212570484,1.44802365821469,0.147610434201957,0.729902175672717,"CG14506"
122.585606699524,-0.328287397704695,0.226759406497232,-1.44773441938208,0.147691339924124,0.729902175672717,"Xpd"
8.4982855008698,2.39757164688178,1.65605705539417,1.44775908479259,0.147684439207973,0.729902175672717,"lncRNA:CR45346"
113.287406822281,0.374847765552052,0.259393398765432,1.44509369681772,0.148431569227967,0.730128947258516,"CG13999"
225.218027469277,1.34537610808001,0.93159764567067,1.44416005593429,0.148693957969929,0.730128947258516,"CG1722"
190.0097749554,-0.325785673186579,0.225250155042478,-1.4463282971998,0.148085142548632,0.730128947258516,"CG1750"
36.6062221422137,2.39088286272094,1.65535384172199,1.44433341226538,0.148645211463702,0.730128947258516,"CG31680"
114.288555540313,0.33953008419306,0.235307024818682,1.4429237055489,0.149041964490482,0.730128947258516,"CG4045"
5710.16622366322,0.403021043873879,0.278780176010455,1.4456589045943,0.14827289618584,0.730128947258516,"CG4115"
16.8919899477213,-2.48978712507808,1.7256748816756,-1.44279038393405,0.149079528815165,0.730128947258516,"Fie"
1042.59279283867,0.223534654775522,0.154594069829771,1.44594585692494,0.148192388512922,0.730128947258516,"Iru"
177.899300301673,0.275393139154468,0.190438272659571,1.44610185394173,0.148148635825523,0.730128947258516,"PIG-F"
78.1006510099477,-1.04812148730552,0.72544427919197,-1.44479943859087,0.148514228835738,0.730128947258516,"Taf12L"
40.9515790091789,0.700472092609699,0.485384119345594,1.4431293993592,0.148984022952349,0.730128947258516,"exp"
27.5684054680599,0.664290240136294,0.459354423768643,1.4461387672863,0.148138284135455,0.730128947258516,"hiw"
14.9612995897621,2.38463077829855,1.65164429157074,1.44379197776946,0.148797499273859,0.730128947258516,"lncRNA:CR43768"
9.87966604382056,1.12810405011449,0.781753798172825,1.44304262128458,0.149008465222684,0.730128947258516,"lncRNA:CR45567"
10.8695658022442,2.38457351684658,1.65262875262779,1.44289727082078,0.149049412091086,0.730128947258516,"lncRNA:CR45979"
232.496246208355,-0.328787750389394,0.227411069392773,-1.44578604404489,0.148237221675707,0.730128947258516,"yellow-d"
12.5815344270724,-0.994029004859711,0.689460491893021,-1.44174904370583,0.149373182630869,0.731155685284846,"CG15390"
10.2863646771951,0.932182396617995,0.64709343539448,1.44056846450578,0.149706634947715,0.731189998252169,"Caper"
15.0470899210615,1.26451625272532,0.877810502583743,1.44053443084053,0.149716256105408,0.731189998252169,"Cka"
15.2436695834447,-2.48774418053096,1.72637694524476,-1.4410202750815,0.149578954906024,0.731189998252169,"Prdm13"
48.2503767674448,-0.528260328344131,0.366649246133746,-1.44077843856096,0.149647286698062,0.731189998252169,"mus301"
19.3730224050672,0.650638593367598,0.452022964796252,1.43939278319824,0.150039267922858,0.731946047495871,"MED6"
116.470849935817,-0.931494705050244,0.64701156555237,-1.43968787367039,0.14995572567492,0.731946047495871,"tilB"
19.11197945337,1.39008081587933,0.966345725107912,1.43849222877671,0.150294440863362,0.732591236137093,"Spn47C"
561.291171536214,0.994032580376916,0.691100928791901,1.43833199893764,0.150339876794306,0.732591236137093,"gudu"
100.958070511149,-0.404445469174271,0.281642966895871,-1.43602190259487,0.150996108935318,0.735073581958953,"CG4942"
374.381872203471,-0.407853076883711,0.284031285137001,-1.43594420131214,0.1510182195269,0.735073581958953,"Tsp42Eh"
19.0514971043476,0.936236046571246,0.65252477298509,1.43479004220525,0.151346936340415,0.736261814964018,"Pxt"
13.9036951180343,0.839398528804059,0.585296238022795,1.43414304462242,0.151531446419696,0.73674758558135,"Pgk"
122.89674154883,1.21569585287573,0.848067207646816,1.4334899898429,0.151717857580932,0.736830644267217,"Rbp4"
64.1612916539658,0.505427243266845,0.35253466783728,1.4336951493807,0.151659277030885,0.736830644267217,"siz"
525.036608083599,0.272759735562343,0.19034950455039,1.43294166279344,0.15187450957906,0.737180065179339,"PRAS40"
17.7178839385435,-2.49391893268077,1.74198176882457,-1.43165616157027,0.152242248271497,0.738553114106378,"lncRNA:CR44667"
312.835041433117,1.21632422671994,0.850697733464554,1.42979601199398,0.152775574027218,0.738608388795264,"CG13455"
13.6745275795253,2.39090711368541,1.67283250504488,1.42925672861746,0.152930458114936,0.738608388795264,"CG32201"
59.8973227184651,1.04669875001429,0.731565504525018,1.43076558905532,0.152497408304404,0.738608388795264,"CG43062"
18.3098331038687,0.907388183683173,0.634897629702791,1.4291881733878,0.152950155973614,0.738608388795264,"CG43110"
165.75994681303,-0.33113287110713,0.231621513681609,-1.42962916459613,0.152823480432401,0.738608388795264,"CG4332"
285.69223036806,0.501749275073712,0.350613866490493,1.43105941614924,0.152413187259079,0.738608388795264,"CG4461"
424.580025804254,-0.264541941492561,0.185199882773541,-1.4284131152288,0.153172986409101,0.738608388795264,"EndoG"
70.9292723797392,0.373369865047764,0.261450897357973,1.42806878393136,0.153272061377025,0.738608388795264,"Fhos"
12.3272025267955,-1.02258199579249,0.715931630633472,-1.42832353263633,0.153198757455622,0.738608388795264,"Grl36b"
304.111878273792,-0.31013916299131,0.217123991758177,-1.42839656032452,0.153177748661959,0.738608388795264,"SmD2"
62.4793702429796,0.465356449407687,0.325433364164026,1.42995925019273,0.152728714979799,0.738608388795264,"Spt7"
324.975366443543,0.532165099500389,0.372402598133977,1.42900479794433,0.153002854417163,0.738608388795264,"yellow-f2"
63.5182265383406,-0.428028185865844,0.299837523212632,-1.42753375654822,0.153426102308379,0.738941543104495,"mus101"
9.6225231790112,-2.49631060444987,1.74983811999107,-1.42659516667896,0.153696618189403,0.739289850712268,"CG18568"
12.3995132957002,-0.842763229202043,0.59099987908568,-1.42599560342696,0.153869611145413,0.739289850712268,"CkIIalpha"
32.314755489635,-0.516528172310235,0.36226995368721,-1.42581013703448,0.15392315402627,0.739289850712268,"Tsp42Eb"
2927.77444991377,-0.181844206855918,0.127495630693207,-1.42627795060279,0.153788126628056,0.739289850712268,"eIF1"
12.8868425145272,-2.4939624881705,1.74872228432003,-1.42616269634847,0.153821384684522,0.739289850712268,"lncRNA:CR43941"
340.856092913962,1.05123761383278,0.73753851900302,1.42533249009666,0.154061112635616,0.739544326126732,"Gpo2"
337.144434248693,0.288278738661216,0.202392367383816,1.42435578173028,0.154343507520057,0.740491480676437,"CG6415"
124.669602609579,1.3383789695343,0.940213021215434,1.42348482666635,0.154595657620693,0.74050248538903,"CG17687"
328.887927068567,0.263022123873478,0.184772455648088,1.42349206190355,0.154593561659786,0.74050248538903,"NitFhit"
9.36545004066747,-1.12314460344236,0.789020925031591,-1.42346618170791,0.154601058939661,0.74050248538903,"asRNA:CR43730"
64.6744948597491,-0.493014240972774,0.346424221850589,-1.42315175982529,0.154692166436907,0.74053131160638,"Alk"
143.584391641125,0.716943903152042,0.504070946370869,1.42230753094139,0.154936993599583,0.741213584789578,"CG42326"
11.4750197906492,-0.953628886169917,0.670858945167863,-1.42150431627814,0.155170199662247,0.741213584789578,"NPFR"
8.3884672461474,1.04557366178777,0.735684173727257,1.42122625323104,0.155250994808321,0.741213584789578,"Pld"
36.159235568526,0.653696090667973,0.459959219344829,1.42120445286238,0.155257330563338,0.741213584789578,"msd5"
20.7248230270724,-0.743549061016589,0.523186381335688,-1.42119345522396,0.155260526838033,0.741213584789578,"slx1"
21.1640093966793,-0.712634285026615,0.501952036500601,-1.41972585666711,0.155687507460154,0.741681351463134,"CG11334"
104.566147044115,-0.338154113087329,0.238212366674257,-1.41954894201499,0.155739038838001,0.741681351463134,"CG2021"
188.424008038605,-0.528967271627311,0.372594756536601,-1.41968522730767,0.15569934076119,0.741681351463134,"CG3987"
8.77160291240657,2.38312103094969,1.67897253160578,1.41939250707721,0.15578461570431,0.741681351463134,"lncRNA:CR45249"
8.50453335576681,-1.31028973193,0.922576025293404,-1.42025122700678,0.155534554816881,0.741681351463134,"snoRNA:Psi18S-1275"
8.91320189611486,-2.49063710681129,1.75666005739604,-1.41782531931833,0.156241770101123,0.743451134603649,"asRNA:CR43476"
40.0371734674389,-0.523923863588729,0.369698662810155,-1.41716461619384,0.156434804283114,0.743962897090678,"CG32750"
1349.74726932069,-0.196462167142845,0.138738003446061,-1.41606598237682,0.15675618676535,0.744271191172306,"Stip1"
35.3698043872342,0.507667972899124,0.358466904705489,1.41621992500596,0.15671112391406,0.744271191172306,"Try29F"
266.312177544324,0.382686809780784,0.270219238525307,1.41620860109464,0.156714438370908,0.744271191172306,"toc"
137.963673826807,-0.321360441701343,0.227080021382598,-1.41518588797336,0.157014001041021,0.745088795561619,"Dpy-30L1"
30.9475854114705,-0.530255662931148,0.37479195304024,-1.41480002073101,0.157127138044186,0.745219336456976,"qkr58E-2"
11.476166717224,1.15770556477118,0.818771411703611,1.41395455217758,0.157375247027311,0.745325282769886,"CG32260"
9.993674693256,-2.48524849107511,1.75729061157093,-1.41425013865715,0.157288471262238,0.745325282769886,"CG46335"
455.169593675415,0.256961220662533,0.181745940177237,1.41384847668094,0.157406396613932,0.745325282769886,"Ttd14"
35.2406956533436,-0.626903545103259,0.443749005860574,-1.41274354832072,0.157731142071537,0.745981693958811,"CG9135"
303.590911792918,0.438687768391004,0.310528838089889,1.4127118469558,0.157740466788485,0.745981693958811,"Fum1"
8.61291300209347,-2.49633947148913,1.76731734680604,-1.41250210439037,0.157802171501571,0.745981693958811,"vis"
106.901810077237,1.2106531553468,0.857310782643018,1.41215202218087,0.157905203828923,0.746063511901799,"CG30161"
124.851073151987,-0.31473717197712,0.223109957500999,-1.41068186961449,0.158338439259646,0.747299043859381,"Mkk4"
164.76546165986,-0.325605985293136,0.230768641671116,-1.41096287145105,0.158255562061225,0.747299043859381,"Trf"
74.9048823750626,0.468865543219039,0.332635940654437,1.40954565010798,0.158673884961491,0.747665847763864,"CalpB"
43.0452948205569,-0.726267703846936,0.515164060256655,-1.40977944673607,0.158604817341393,0.747665847763864,"kairos"
11.7977644502967,0.799136308609209,0.566781537684098,1.40995472766196,0.158553051213979,0.747665847763864,"snoRNA:U3:54Ab"
28.7456256310548,0.95073213092571,0.674865944583383,1.40877182877057,0.158902647727939,0.748338605614858,"CG7025"
151.694805275491,0.883605088415271,0.627589305923469,1.40793522145041,0.15915025246166,0.749099322430409,"CG31642"
41.1481394488216,0.474361477465449,0.337272769751377,1.40646242450918,0.159586854898424,0.75074832334107,"CG32137"
102.179570271672,-0.499374909948682,0.355300760541625,-1.40549913033518,0.159872907739759,0.750876371321708,"CG9297"
885.455133389999,-1.33948494320556,0.952933262004715,-1.40564402210879,0.159829856975002,0.750876371321708,"saturn"
458.944187080136,-0.206005904400865,0.146525077677576,-1.40594298031478,0.159741057143608,0.750876371321708,"snf"
11.8634438686243,1.03105502897191,0.73379179661411,1.40510569037354,0.159989852267716,0.751020325936319,"pns"
93.6631869776585,0.341847035349826,0.243521113749896,1.40376754231222,0.160388082180376,0.751666650863028,"CG10137"
134.418592831982,1.04870005735925,0.746915819492672,1.40404049558297,0.160306791123069,0.751666650863028,"Dhc16F"
47.849085391267,-0.56931437398878,0.405631893851166,-1.40352467993474,0.160460437746411,0.751666650863028,"Trx2"
279.065641234558,-0.329845277858732,0.235019163525731,-1.40348247738793,0.160473013593417,0.751666650863028,"Usp7"
6.42146930810327,1.60833386814888,1.14622440964651,1.40315792842423,0.160569750140123,0.751715188525813,"dsx-c73A"
914.223433511896,-0.264117232180437,0.188386917971186,-1.40199348779003,0.160917191360911,0.752936729254843,"mRpL30"
397.924633002083,0.232576527640103,0.166319443839271,1.3983724468491,0.162001252755373,0.753955562957223,"CG12926"
185.649298659955,-0.256214877063236,0.182916958204504,-1.40071691317316,0.16129874300133,0.753955562957223,"CG33217"
296.904298366318,-0.224501667635406,0.160472313151714,-1.39900561801684,0.161811298372846,0.753955562957223,"CG46280"
13281.1214134786,0.42646003469291,0.304931433792519,1.39854402476289,0.161949761942489,0.753955562957223,"Cpr64Ad"
1330.56312627142,-0.203095324685366,0.1450462015379,-1.4002112604948,0.161450064825619,0.753955562957223,"Fkbp12"
55.1902054297251,0.412947714059531,0.294986013307518,1.39988913179094,0.161546521076112,0.753955562957223,"Mhc"
440.266466466305,0.401629349767802,0.28697526101995,1.39952603698436,0.161655296123803,0.753955562957223,"QC"
18.5495528543135,2.40093740090265,1.71543437337159,1.39960900759132,0.161630435120709,0.753955562957223,"Qsox3"
1054.77508221661,-0.261474446091943,0.186979437050787,-1.39841284269629,0.161989128783488,0.753955562957223,"Sc2"
15.8231133555884,0.771169692246004,0.550827212068164,1.40002105079473,0.161507014796141,0.753955562957223,"lncRNA:CR44831"
79.3485625054103,0.454891511417255,0.32546665149834,1.39765935871797,0.162215384071633,0.754548630451856,"pyx"
48.1025951545351,0.502265319291013,0.35948356120383,1.39718577842346,0.16235771220832,0.754807248583873,"CG42598"
74.6627125112856,0.366159544478959,0.262476339211358,1.3950192447027,0.16301003631025,0.755077268186174,"CG12010"
628.560654147119,0.255257766746689,0.182930523871681,1.39538094214251,0.162900995189804,0.755077268186174,"CG13369"
1366.63384092046,0.276238083962624,0.198030756821318,1.39492515403489,0.163038410893762,0.755077268186174,"CG6287"
287.597244818418,-0.247841287934882,0.177527440946434,-1.39607311756194,0.162692478076694,0.755077268186174,"Rab2"
21.277993569834,0.621999936700021,0.445818469352975,1.39518656013229,0.162959588798467,0.755077268186174,"Ythdf"
8.73814800600029,-1.40074290931784,1.00425475411679,-1.39480834277927,0.16307364242507,0.755077268186174,"axed"
354.870213530198,-0.426103568722416,0.305518868946806,-1.39468822397547,0.163109877535333,0.755077268186174,"bru3"
20.7806527863479,-0.739458158624694,0.529939779528467,-1.39536261890484,0.162906517782917,0.755077268186174,"lwr"
35.8350953833345,-0.521217146767281,0.373895461844026,-1.39401838202763,0.163312053793886,0.75561127281669,"CG4734"
7.49803027295313,1.25406835681349,0.90047568576431,1.39267320221873,0.163718635716421,0.757089950393206,"CG7916"
17.8928223869169,0.69137305740821,0.49674412281222,1.39180923469036,0.1639801727927,0.757092543137861,"cindr"
11.3832987657952,2.38149595783848,1.71069261600954,1.39212383075207,0.163884903007673,0.757092543137861,"ftz"
22.330134099818,1.52438142163498,1.09513594700051,1.39195633730236,0.163935620207237,0.757092543137861,"lncRNA:CR45803"
80.4135639235802,-0.41518492866658,0.298793658763921,-1.38953728263229,0.164669432042884,0.759770074384713,"CG13014"
8.28833615168329,-2.49422646983844,1.79528256762713,-1.38932250266047,0.164734704166834,0.759770074384713,"lncRNA:CR44900"
10.3715415300242,0.856203107882792,0.616841398480313,1.38804417147128,0.165123595032429,0.76052825384888,"CG17364"
114.364640607802,-0.343005233884121,0.247136081564079,-1.38792049996627,0.165161254713821,0.76052825384888,"Ctr1B"
85.3559276618817,-0.402828734854427,0.290213651547831,-1.38804199149824,0.16512425880836,0.76052825384888,"FANCI"
320.974967113712,0.660085977786021,0.475969619453973,1.38682376102757,0.165495509800459,0.760793289896367,"FucTB"
73.4732025299736,0.419841141365811,0.302633944136529,1.38729032053458,0.165353253464748,0.760793289896367,"MED4"
1933.36315044359,2.01505044895228,1.45354773039344,1.38629809452961,0.165655898466462,0.760793289896367,"Mst84Db"
367.155166639715,-0.210874743574731,0.152085702845488,-1.38655205341011,0.165578397239106,0.760793289896367,"ghi"
31.7235832060975,-0.616908987073533,0.444975620235785,-1.38638828515289,0.165628371657682,0.760793289896367,"wkd"
99.9879314529532,-0.341018570988652,0.246173852496882,-1.3852753553222,0.165968286486231,0.761187619559318,"CG12259"
712.763126832308,2.01529084771822,1.45581917040441,1.38430025423995,0.166266536226849,0.761187619559318,"CG17991"
312.737584382265,2.01348529096126,1.45437039722167,1.38443775726437,0.166224454408101,0.761187619559318,"CG32651"
3143.54089682563,2.01519198523786,1.45486089069538,1.38514410424123,0.166008408204389,0.761187619559318,"Mst98Ca"
827.358364211614,2.01520228057929,1.45498387986206,1.38503409451542,0.166042042340923,0.761187619559318,"Vha68-3"
4.36098541200854,2.38104139217738,1.71994077489235,1.3843740592326,0.166243947739974,0.761187619559318,"lncRNA:CR44863"
115.323407073395,0.35501721258541,0.256657033301214,1.38323586156612,0.16659255707401,0.761409211388859,"U4-U6-60K"
590.778534423681,2.01534544502356,1.45633697865407,1.38384554849807,0.166405752722719,0.761409211388859,"boly"
250.729134105275,-0.26171973519148,0.18920775673988,-1.38323998815381,0.166591292183066,0.761409211388859,"bug"
2103.39511378788,-0.22339261204769,0.161527567139733,-1.3829999176205,0.166664891151991,0.761409211388859,"ox"
384.190958431745,1.1251458947169,0.813917388823173,1.38238340913655,0.166854007538617,0.761873256877535,"ChLD3"
24.9127281708105,-0.746191251767506,0.540089402810163,-1.38160691153162,0.167092430660146,0.762301996450999,"CG13982"
19.2071039358326,0.799595248229345,0.578784739552847,1.38150713656875,0.167123085054407,0.762301996450999,"nub"
18.2060323342604,0.759596998379067,0.55039528632952,1.38009357500983,0.167557835265356,0.763884672768147,"GCS2beta"
6.47894300964671,2.38077267697946,1.72552771977657,1.37973597856066,0.167667950936619,0.763986480105443,"TwdlM"
111.793230712356,0.425841837899701,0.308718372893693,1.37938611786588,0.167775737107946,0.76400180193529,"G6P"
18.5062048647774,0.772564227931112,0.560172044530146,1.37915527109018,0.167846885591207,0.76400180193529,"spen"
49.8622988336571,0.842066245901064,0.610730232872161,1.37878591983398,0.167960769183444,0.764120530163885,"Rsph1"
186.059670344491,2.01598265551859,1.46245060493901,1.37849623687131,0.168050128913317,0.764127623789238,"glob3"
6.33286131401326,2.40234451971898,1.74325204280574,1.37808214803663,0.168177926624458,0.764309397082327,"asRNA:CR45205"
377.89114232015,-0.343137884189211,0.249220328050018,-1.3768454879826,0.168560023791158,0.764746066861118,"Oda"
131.2171761032,0.361732057303482,0.262819861061895,1.37634977753182,0.168713368766327,0.764746066861118,"eRF1"
62.3465635721268,2.01325288193477,1.46192805951453,1.37712171870025,0.1684746189166,0.764746066861118,"lncRNA:CR43151"
142.158346277725,0.343323732696729,0.249441974160101,1.37636712446948,0.168708000831053,0.764746066861118,"nrm"
234.521589493586,2.01199031520348,1.46164220716209,1.37652724130753,0.168658459414825,0.764746066861118,"t-cup"
8.26256562126685,-1.27125528891411,0.923870179870795,-1.37601073896757,0.168818308525127,0.764823393594057,"Rad51D"
501.373149409261,0.330832086123717,0.240513304094943,1.37552509774312,0.168968710283615,0.765106496148962,"boss"
191.899602858536,-0.240884215125378,0.175261282113953,-1.37442915069375,0.169308491455936,0.76584812949117,"CG3663"
296.177630247079,-0.224817498923646,0.163552696362116,-1.37458754226764,0.169259352980886,0.76584812949117,"Rabex-5"
95.4744031252494,-0.36919316645199,0.268860684752971,-1.37317647164071,0.169697492256899,0.767004850944333,"Capa"
198.354659072264,-0.271908117135993,0.198033906536307,-1.3730381927609,0.169740473735354,0.767004850944333,"FBXO11"
134.409246972819,-0.415803667008821,0.30304986942378,-1.37206350822533,0.170043668270334,0.767577824147674,"Patr-1"
10.2613073504933,-1.1570717348428,0.843268406143126,-1.37212745836752,0.170023762903385,0.767577824147674,"cmb"
113.53289508397,-0.500715431653009,0.365059577534835,-1.3715992195965,0.17018823691054,0.767832154397321,"igl"
26.5749455781096,-0.69113518286307,0.504326561285566,-1.3704120225223,0.170558321241242,0.768357606326301,"CG14982"
39.9709523844035,2.01303537817969,1.46929427509793,1.3700695716966,0.170665185220448,0.768357606326301,"CG31776"
517.954083609735,0.348717771465976,0.254560910342799,1.36987949562398,0.170724521321738,0.768357606326301,"CG3246"
42.4408179425237,-0.529247634105651,0.386212274687706,-1.37035425539907,0.170576344327128,0.768357606326301,"CG9522"
11539.9827028373,0.283892220814629,0.207249300601282,1.3698102719333,0.170746134739178,0.768357606326301,"ninaE"
12.7915901905957,-0.814969607461713,0.595322557754331,-1.3689546899347,0.171013438694938,0.768765473637422,"CG9164"
6.74800813563669,1.24188079792682,0.907145140780352,1.36899900809535,0.170999584966735,0.768765473637422,"Or85f"
671.596049057131,0.171202340616515,0.125097656994222,1.36854953745795,0.17114012714976,0.768937804122024,"CG1598"
21.8232231226637,-0.799927984100856,0.584879804611177,-1.3676792698162,0.171412491573485,0.769096716583015,"Acsx1L"
78.5653489912834,2.01113148991389,1.47087006871967,1.36730737315532,0.171528981602624,0.769096716583015,"CG44271"
290.258919417945,0.216622622059907,0.158388983603493,1.36766217657028,0.171417844430576,0.769096716583015,"CG5254"
354.736257309019,-0.214808750382392,0.157100029523648,-1.36733742847615,0.17151956510625,0.769096716583015,"Cog2"
2190.19010956886,-0.204010637907613,0.149256252161906,-1.36684818861935,0.171672894752811,0.769345624631159,"Cox10"
34.0780751857061,0.736819120092952,0.539233254369258,1.36642003089148,0.171807165184044,0.769551085227347,"dgt1"
24.1959700639809,0.552155886775542,0.40420135312311,1.36604165846859,0.171925888326478,0.769686731535668,"fog"
28.721031608542,-0.701376724789919,0.513788813151387,-1.36510703782735,0.172219410370643,0.770452847388904,"CG11357"
6.4293814981729,1.17363406245669,0.859847302709959,1.36493312098297,0.172274071127061,0.770452847388904,"Phk-3"
19.4147797255193,0.737141536563008,0.540183775374936,1.36461250812534,0.172374871351036,0.770507706917344,"bif"
561.245891035432,0.413751281470128,0.303986316255544,1.36108521780405,0.173486760541485,0.772322866298732,"CG10077"
29.7471412290932,2.01064149674616,1.47628271267445,1.36196236634355,0.173209762203297,0.772322866298732,"CG14743"
39.871895290073,2.01047923301399,1.47811340277253,1.36016575537634,0.173777476586813,0.772322866298732,"CG15233"
708.853787487436,0.453554222935941,0.333665387622482,1.35930857607893,0.17404882759211,0.772322866298732,"CG3323"
103.077832906698,-0.395398675025902,0.290413596460213,-1.36150194014788,0.173355120833298,0.772322866298732,"DUBAI"
60.2562295254097,-0.726582959948289,0.533711734498824,-1.36137714984022,0.173394533396186,0.772322866298732,"FucTC"
786.816647881617,0.20312047856001,0.149374796127933,1.35980422283587,0.173891885743801,0.772322866298732,"Golgin245"
177.335489748592,-0.336588520006726,0.247082207515438,-1.3622531682525,0.173118001680007,0.772322866298732,"Liprin-alpha"
14.7845574785687,-0.740830349397531,0.543668176649045,-1.36265167103161,0.172992315919543,0.772322866298732,"PGRP-LB"
141.256534853897,-0.344234988300885,0.253216783059501,-1.35944775911633,0.174004745923005,0.772322866298732,"dco"
327.655149941909,0.261718010755046,0.192522077759461,1.35941817063723,0.174014116406736,0.772322866298732,"dpr21"
748.258114610853,-1.05189953412113,0.772617252145647,-1.36147559635756,0.173363440443475,0.772322866298732,"fest"
371.09875858539,0.297217553070864,0.218685606047799,1.35910889812245,0.174112083612331,0.772322866298732,"kay"
158.587007813712,0.290884391510524,0.213945101298384,1.35962164941012,0.173949683585793,0.772322866298732,"kek1"
10.377916022409,2.40353453638983,1.76841868104682,1.35914337602849,0.174101160123235,0.772322866298732,"lncRNA:CR45013"
10.8869701309763,-0.943955362949882,0.694879274051542,-1.35844512593689,0.174322483548029,0.772527125438354,"HmgD"
253.133596434196,-0.266204258127209,0.19596846217902,-1.35840356742723,0.174335662916342,0.772527125438354,"rswl"
275.656470060407,0.371734073773598,0.273727263250643,1.35804548424982,0.174449251955929,0.772637068586489,"NimB4"
6.71534047618839,-1.10834587058625,0.816422641641559,-1.35756385731505,0.174602117954856,0.772920769359672,"CG3726"
1695.02964044169,0.262747321306551,0.193674259483426,1.35664554498547,0.174893862814812,0.77339869841897,"CG12116"
91.9390904222825,-0.35311467019623,0.260260186070799,-1.35677560032241,0.174852522552992,0.77339869841897,"Mip"
1357.27961853224,-0.205571095537774,0.151558063478109,-1.35638507658464,0.174976678982759,0.77339869841897,"Roe1"
467.387891656804,0.252368302820039,0.186160060915592,1.35565223592437,0.175209843355224,0.77403617600026,"CG3626"
5.53376707173323,2.40377695721934,1.77365742089679,1.35526563861693,0.175332938524396,0.774186993393108,"lncRNA:CR44927"
1011.4782470003,-0.413526842589902,0.305209434011581,-1.35489534892362,0.175450901727059,0.774302514298644,"CG14191"
6.20610874521846,2.37935550529584,1.75646793249687,1.3546250752859,0.175537040182836,0.774302514298644,"lncRNA:CR45963"
33.0306985352662,2.0154712276775,1.48816692658469,1.35433142053692,0.175630666147232,0.774323043302615,"CG9500"
48.0146853472053,-0.532795940119187,0.393633574863084,-1.35353276280995,0.175885490652169,0.775053886149788,"CG15715"
5.44504170630214,2.37921211127103,1.75970528199879,1.35205146885083,0.176358850913481,0.775177312878799,"CG32507"
143.709600117466,0.507547967456725,0.375105250642029,1.35308147936614,0.176029601703623,0.775177312878799,"Obp49a"
202.949254303773,-0.280861009736387,0.207662922288372,-1.35248510731428,0.17622017979912,0.775177312878799,"PIG-G"
5.79433337867032,-1.35517820684654,1.00197338927203,-1.35250917974091,0.176212484178258,0.775177312878799,"lncRNA:CR45530"
188.115004676562,0.402221888816831,0.297478108385525,1.35210584402251,0.1763414580853,0.775177312878799,"rho-5"
1336.00196656912,0.222428444275376,0.164585559772342,1.35144568322424,0.176552708291836,0.775637667977712,"CG3902"
9.89296627873144,1.42958695147058,1.05812919897117,1.35105141495063,0.1766789633216,0.775800715331928,"CG14443"
35.8757804706368,-1.34340371570886,0.994959911436774,-1.35020888808365,0.176948987990181,0.776594575127858,"CG34025"
245.102958989375,0.240446436729195,0.178183045053883,1.34943499622248,0.177197286373053,0.776627896563336,"CG10435"
562.28200587853,-0.207951493299181,0.15414399153933,-1.34907297535579,0.177313527573406,0.776627896563336,"TfIIA-S"
114.71618838346,-0.386812646238012,0.286577830915347,-1.34976472186459,0.17709146424129,0.776627896563336,"Trxr1"
19.5896240976887,0.649339298301939,0.481320908013516,1.34907768910738,0.177312013671095,0.776627896563336,"dpr5"
71.3044036256188,-0.423919820374902,0.314389660044824,-1.34838983036039,0.177533033140264,0.777198182806698,"CG11837"
50.2434494454261,0.453155603768564,0.336180102141608,1.34795486372267,0.177672900374865,0.777419432861967,"CG9416"
34.0691857016035,-0.603190485245917,0.447631317438267,-1.34751627454909,0.177814015524811,0.777645918146951,"Sr-CIV"
108.936244863591,-0.347712988171977,0.258184693914269,-1.34676065765322,0.178057329366487,0.777771906713285,"CG33494"
227.311927650849,-0.360044477177476,0.267517182626476,-1.34587421130325,0.178343086984355,0.777771906713285,"CG34331"
207.556781746346,-0.294806465489872,0.219008947571006,-1.34609324760255,0.178272446033604,0.777771906713285,"Nup50"
64.8532062396364,0.390401476111091,0.289885364212285,1.34674434900134,0.178062583595359,0.777771906713285,"PolD2"
89.6436795182276,-0.371102397492046,0.275723997334778,-1.34591983679049,0.178328370684122,0.777771906713285,"lncRNA:CR44832"
10.706578786078,1.0347635396952,0.768904859607437,1.34576277775575,0.178379033183927,0.777771906713285,"oys"
18.0221041726149,-0.732577270510426,0.544671501796234,-1.34498916887429,0.178628732345,0.777929170690864,"CG13502"
233.282225827365,0.265980927657227,0.197744924403071,1.3450708202,0.178602365328333,0.777929170690864,"Cyp12b2"
14.7544759884379,0.763525349147934,0.567752677696632,1.34482034016211,0.178683260049527,0.777929170690864,"c(2)M"
47.4155779821704,-0.439769275087659,0.327151538257523,-1.34423722238924,0.178871688623036,0.778360153043143,"Lkr"
364.956414496271,-0.351863169322006,0.261917086852844,-1.34341433600205,0.179137847377396,0.778586340410761,"CG34445"
5.94925875915178,2.37872770378004,1.77087903762533,1.34324685833415,0.179192053296881,0.778586340410761,"Karybeta3"
172.853003766546,0.268212611908535,0.199658422965929,1.34335735965572,0.179156287006136,0.778586340410761,"dx"
257.396354308362,0.271988319942705,0.202580430805094,1.34261892356418,0.17939539962543,0.779080919630799,"CG3021"
89.0880237455347,-0.378549425805192,0.282532239956512,-1.33984505932299,0.180295722938891,0.7802757763102,"CG1463"
26.3803687697568,0.555897057458964,0.41456822955396,1.34090607487472,0.179950949621374,0.7802757763102,"CG42751"
25.1032461347151,-0.609717774181514,0.454758226476701,-1.34075149977029,0.18000114775367,0.7802757763102,"CG4537"
216.325038318468,0.26557453927025,0.198262688670499,1.33950841205235,0.180405217784994,0.7802757763102,"Ccz1"
40.5537822770716,-0.520394986929119,0.388369739707973,-1.33994730722435,0.180262476487818,0.7802757763102,"Csgalnact"
249.283419106695,-0.284751526110271,0.212488043510655,-1.34008258255713,0.180218497990143,0.7802757763102,"Cyp6d4"
15.4036882993725,0.699907486418836,0.522299995157063,1.34004880893856,0.180229477168419,0.7802757763102,"Elba2"
166.904014841952,0.414334366635379,0.309288062838827,1.33963904986302,0.180362721849004,0.7802757763102,"aurA"
231.936367680085,-0.288275211901926,0.215245372933027,-1.33928645235789,0.180477437402325,0.7802757763102,"mtgo"
1030.18200765618,0.225108145093962,0.168230352097804,1.33809471529306,0.180865563272513,0.781565539801727,"CG6766"
11.0528057169147,2.01606986173363,1.50740126187726,1.33744737563965,0.18107664894873,0.782089367643076,"lncRNA:CR43419"
444.426634510528,-0.383961585029416,0.287165972131293,-1.33707201511281,0.181199130923519,0.782230176799298,"CG42450"
367.461657404097,-0.360067912517813,0.269389509851649,-1.33660702941291,0.181350943293832,0.782497401827575,"ChT"
656.314039889223,0.194781808670662,0.145772183189204,1.33620698002339,0.181481630251164,0.782673254745231,"Zir"
336.678381706155,-0.28016191110347,0.20983417235716,-1.33515865388505,0.181824425870191,0.783763238409247,"CG14715"
57.7689353252034,-0.470303187060093,0.352322507704173,-1.33486557564748,0.181920346355735,0.783788502145525,"DIP-alpha"
152.008937090726,-0.284855424188127,0.213575143028149,-1.3337480202487,0.182286451390165,0.784977232285306,"Mybbp1A"
15.7103125248385,-0.778620762493845,0.584013491696298,-1.33322392986556,0.182458328611039,0.785328800149293,"CG43131"
400.383479689547,0.273520863480446,0.205326803889549,1.33212448788508,0.182819284750111,0.786104859278763,"CG3257"
13.6488758676483,-1.24746652337719,0.936302679835052,-1.33233253545419,0.182750940393323,0.786104859278763,"LManVI"
48.6733964098072,-0.413743082521616,0.310704588755381,-1.33162849051888,0.182982298048173,0.786417254278147,"CG9018"
125.060282136962,-0.323444109157963,0.242972882703158,-1.33119426974539,0.183125096416174,0.786642504496527,"CG2656"
12.2303725397259,0.803439562851753,0.603726276312149,1.33080105070057,0.183254482145052,0.7867849168647,"CG30288"
20.8785329917401,0.819813094210424,0.616275900983287,1.33026959662448,0.183429460682348,0.7867849168647,"Ccp84Af"
72.0844497067812,0.349907473033623,0.263011475428171,1.33038861693768,0.183390263100421,0.7867849168647,"l(2)k09913"
237.862083483146,0.369608636350668,0.277964365768323,1.32969791048227,0.183617823579056,0.787204886014053,"l(3)psg2"
5.58384312649513,-2.51028534571131,1.88831877579437,-1.3293758330901,0.183724006828407,0.787272295139157,"lncRNA:CR45984"
46.026601922738,-0.577152512364109,0.434437155833396,-1.32850633196172,0.184010893166441,0.787725923869916,"CG33774"
16.8602633125783,-0.76995018934287,0.579506883878484,-1.32862992789628,0.183970093265134,0.787725923869916,"Gyc88E"
62.1797198439343,-0.438700282259892,0.330383768106082,-1.32785059258429,0.18422746950032,0.787877969071884,"CCHa1-R"
23.4246108397602,0.537039299015611,0.404423390457017,1.32791354725732,0.184206668766967,0.787877969071884,"CG5984"
48.7388828317305,-0.507744006647842,0.383100281440419,-1.32535534753139,0.185053319654253,0.789857303065702,"Akh"
45.3235913018508,-0.624863685418603,0.471290357182144,-1.32585714071189,0.184887021756998,0.789857303065702,"CG30287"
14.7632294195813,0.807114496664285,0.60868674028537,1.32599322976197,0.18484193992618,0.789857303065702,"GluClalpha"
7.06663875971582,-1.48875796141837,1.12316310835379,-1.32550468435562,0.185003816786394,0.789857303065702,"fdl"
10.1147501199472,-1.01725611897386,0.767758565067555,-1.32496876656055,0.185181510836012,0.790017004316576,"wb"
194.309588540446,0.277715691075044,0.209715918160655,1.32424707437944,0.185421001467298,0.79065113952469,"ninaB"
51.4596973497535,-0.437922836812294,0.33097597527698,-1.32312575390348,0.185793561464616,0.790690154242812,"CG17219"
20.1364812191644,0.691205926954449,0.522317321094696,1.32334483088899,0.185720729420167,0.790690154242812,"Miga"
388.477910843431,-0.25903825821563,0.195674768391143,-1.32382044116095,0.185562685666008,0.790690154242812,"Srp9"
70.8980009588589,-0.405635560427134,0.306469457025584,-1.3235758119716,0.185643962727906,0.790690154242812,"dao"
144110.279841452,0.45640952164502,0.345026934139999,1.32282287695205,0.185894287544559,0.790732152737194,"CG7214"
236.806016610798,0.239447189938926,0.181078155261263,1.32234166839975,0.186054403372411,0.791026610918461,"Unc50"
544.098603061939,0.210752015359485,0.159515574144648,1.32120024323378,0.186434605248409,0.791483107061905,"CG30022"
1274.09197487293,-0.244336247355862,0.184908343919077,-1.32139113994116,0.186370978752947,0.791483107061905,"Pomp"
9.11990313756113,1.20612622685217,0.912719636628312,1.32146409307872,0.186346667472504,0.791483107061905,"lncRNA:CR45252"
205.546075200648,-0.261996077921464,0.198422944988426,-1.32039204405895,0.186704158502122,0.792241000216463,"CG32344"
11390.4850878671,0.488008248904876,0.370017800773858,1.31887776178403,0.187209981822676,0.792378572548664,"CG13231"
63.7917380596322,-0.694304881527505,0.526378923287108,-1.31902105272707,0.18716207432554,0.792378572548664,"CG13482"
12.836671269919,0.806042457303311,0.611055115123366,1.3190994353113,0.187135871940295,0.792378572548664,"CG17124"
323.670895636814,0.229919947930859,0.174358800734399,1.31865983800322,0.187282859213214,0.792378572548664,"CG32485"
825.575899744519,0.344635245489173,0.261248712817141,1.31918447280695,0.187107447959455,0.792378572548664,"CG6040"
653.932589892141,0.239744989701044,0.181639207485149,1.31989669532469,0.186869511092395,0.792378572548664,"Mulk"
6.84780483094343,-1.29847707051681,0.98569119086521,-1.3173264431602,0.187729225205176,0.793881169562996,"sced"
781.862633429583,0.376311212801937,0.286178590969199,1.3149523572937,0.188525914773713,0.796444588929393,"CG13088"
224.289882147408,-0.274418644433595,0.208694023879743,-1.31493293067043,0.188532444180061,0.796444588929393,"Gmd"
28.5505847513958,-0.569524667131747,0.433196642877851,-1.31470240246607,0.188609938846774,0.796444588929393,"Sirt6"
63.0996296659264,0.588864301550861,0.448479765267995,1.31302312201082,0.189175156980424,0.798443933656951,"lig"
101.334888097816,-2.05322649201485,1.56443080655756,-1.31244314763454,0.189370656601187,0.798542091564232,"CG8072"
181.523550429259,-2.04889122346259,1.56116734348194,-1.31240973750633,0.189381923128642,0.798542091564232,"Hex-t1"
56.4649919511585,0.416227329725718,0.317224263872373,1.31209171910373,0.189489189684659,0.798607466259365,"qin"
10.2197760783278,-1.01118647174987,0.770997282371118,-1.31153052659288,0.189678587273292,0.799018753649304,"bip1"
131.216475329393,-0.317504620895493,0.242378051846026,-1.30995615517692,0.190210668436057,0.799055174828728,"CG14341"
194.55542173948,-2.05080918820357,1.56564533745026,-1.3098810689421,0.190236072331165,0.799055174828728,"CG30485"
108.712645429298,0.322087674070451,0.245668878357282,1.31106421059175,0.189836070944456,0.799055174828728,"CG32104"
238.966258678078,0.264287640949592,0.201707859047949,1.31024959660479,0.190111412479619,0.799055174828728,"CG4049"
30.908875931655,0.554698735663934,0.423474547786854,1.30987502923819,0.190238115850296,0.799055174828728,"asRNA:CR43629"
9.04342837836514,0.890140495276637,0.679185513554505,1.31059994289057,0.189992958542853,0.799055174828728,"lncRNA:CR44150"
1312.56232230893,0.199004106429498,0.151999856145481,1.30923878137771,0.190453479333553,0.799095645405736,"ALiX"
57.9136152107511,0.508682073377699,0.388593803166761,1.30903290076245,0.190523206275641,0.799095645405736,"Cypl"
827.640057324418,0.318840096735395,0.243562125872657,1.3090709222258,0.190510327881698,0.799095645405736,"Ugt49B1"
50.4199565514554,-0.457661142896314,0.349751592163766,-1.30853197855357,0.190692935392333,0.799422262388957,"Burs"
8.53434573314318,0.893335311896637,0.683011607411277,1.30793576888469,0.190895096132091,0.799666400288273,"Cyp12d1-d"
20.4684999522615,0.787970445043042,0.602507576431583,1.30781831775441,0.190934939652882,0.799666400288273,"lncRNA:CR45593"
30.2211718117865,-0.489251163442369,0.374245201206097,-1.30730110063038,0.191110470573664,0.800016558635206,"PolA2"
8.81082346195988,-1.30599209996378,1.00012410727048,-1.30583003696218,0.191610362996153,0.801338293683576,"CG13575"
18.5534898698576,0.585531482078089,0.448368448666151,1.30591589087052,0.191581161975572,0.801338293683576,"CG31454"
9.21508276730716,0.83921590580368,0.643266308851125,1.30461660164127,0.192023432330243,0.802649736408,"CG8188"
1058.40536353734,-0.222309585954931,0.170434812538476,-1.30436723955527,0.192108399510268,0.802649736408,"Rpn12"
128.361973219226,0.304954994247781,0.234020934937756,1.30310988770681,0.192537248414794,0.803917872029444,"Tango4"
8.42458464849493,2.01720747383834,1.54820168215906,1.30293584943353,0.19259666358513,0.803917872029444,"lncRNA:CR44221"
16.0515269875564,-0.866477629104114,0.665720940024341,-1.30156282762028,0.193065874005388,0.804138459093119,"CG11409"
28.0128295544746,-0.611337212415429,0.469742876612394,-1.30142944758239,0.193111499426016,0.804138459093119,"CG7222"
46.0233289392378,-0.408518840096927,0.313841149008473,-1.30167392449197,0.193027877051798,0.804138459093119,"Pi4KIIIalpha"
318.006830099526,0.280444401654011,0.215481415394801,1.30147837176671,0.193094762969767,0.804138459093119,"Sec3"
23.6652830352061,-0.586902419781385,0.450741065476232,-1.30208331286898,0.192887906932556,0.804138459093119,"ens"
44.7688428257845,0.532377847669376,0.409558884993797,1.29988108468808,0.193641729020728,0.804203787359179,"AMPdeam"
69.1399687977227,0.490688438696957,0.377511310276178,1.29979798045781,0.193670217872609,0.804203787359179,"CG12817"
2916.35736759198,0.611043655807292,0.470118664821116,1.29976472225326,0.19368161993621,0.804203787359179,"CG13731"
523.063914930241,0.233224424419792,0.179374633269084,1.30020850869101,0.193529515174766,0.804203787359179,"Irp-1A"
1778.0663963322,0.172482428688777,0.132630079877985,1.30047745464268,0.193437378492557,0.804203787359179,"eIF3d1"
27.2374321636931,0.565456742878612,0.434742010412863,1.30067196023134,0.193370763993344,0.804203787359179,"mam"
29.0495873891918,-0.90395265140477,0.695887003621291,-1.29899343815984,0.19394618109455,0.804468250286043,"CG15127"
12.7459722022224,0.803850510976381,0.619188457227068,1.29823239046847,0.194207490962998,0.804468250286043,"CG42795"
8.04159317027518,1.19903699754865,0.923354768879913,1.29856587950821,0.194092953896654,0.804468250286043,"Ets21C"
180.257162129095,0.59774880823783,0.460195468105286,1.29890198766815,0.193977567467575,0.804468250286043,"Zmynd10"
26.5796075145489,0.691868308954057,0.532889925142986,1.29833250040975,0.194173102917534,0.804468250286043,"alpha-Est10"
52.4685878305645,0.444463730959225,0.342647061329084,1.29714735983787,0.194580488818916,0.80448170745417,"CG13318"
14.6543299144112,-0.718720162137221,0.55384497589733,-1.29769194163541,0.194393213854116,0.80448170745417,"CG34456"
241.024163283128,-0.284757822161115,0.219444058421327,-1.2976328646565,0.194413523300397,0.80448170745417,"Clic"
329.903522292613,-0.3152246602093,0.243000813564959,-1.29721648082069,0.194556711633529,0.80448170745417,"beat-VII"
121.16048054646,-2.04879212675868,1.58050454602873,-1.29628992963456,0.194875616720361,0.805319322087989,"CG8420"
98.6842034712386,0.301046792242653,0.232294753832982,1.29596896733666,0.194986176519236,0.805393779898865,"Mau2"
951.868090174759,0.264820785101269,0.204491979186263,1.29501795696375,0.195314034978143,0.805982952306677,"Ilp6"
364.000854848054,-0.298576395279663,0.230510250293268,-1.29528467779544,0.195222042876734,0.805982952306677,"Nup54"
416.150145805974,-0.191670587707377,0.148081963173732,-1.29435471815366,0.195542924036528,0.806545055871994,"CG13252"
59.0510861669502,-0.846109680888474,0.65417381065058,-1.2934019477897,0.195872076815249,0.807036000106469,"CG15169"
323.929552726866,0.476213007918823,0.368133216956781,1.29358880422554,0.195807491691377,0.807036000106469,"CG31817"
23.1557968750985,0.722490361200255,0.55868197494188,1.29320506765126,0.195940143424678,0.807036000106469,"ouib"
260.101921141956,-0.238500786079331,0.184525046429564,-1.29251172507018,0.196179988085285,0.807641644421116,"Mys45A"
411.958095585971,0.187073544213417,0.144917829024814,1.29089391879714,0.196740464402273,0.808801257294747,"CG13605"
15.9177497484503,-0.673085337667566,0.521342491921373,-1.29106172640361,0.19668227432175,0.808801257294747,"Glys"
23.8044876458304,-0.635384554848765,0.492094810247825,-1.29118320619715,0.19664015704726,0.808801257294747,"Mtmr6"
7.97479228422982,-1.05027234284712,0.81456538333616,-1.28936530367347,0.197271117740874,0.8090718839297,"CG13203"
132.225387169959,0.327339136954944,0.253853045040495,1.28948280649037,0.197230289918996,0.8090718839297,"CG16896"
820.160630949024,0.461304904166663,0.357510836223753,1.29032425713091,0.196938098111492,0.8090718839297,"Nepl18"
544.516856543063,0.273976526312237,0.212418697083881,1.28979477830074,0.197121921427819,0.8090718839297,"nSMase"
9.88039059493719,0.943378379325081,0.731239046829222,1.29010941554028,0.197012671213181,0.8090718839297,"sick"
189.059140768916,0.245407849994421,0.190597731577016,1.28756962616451,0.19789581815911,0.809199573473491,"CG14100"
410.004259768663,0.874538700373228,0.679229132990936,1.28754592212831,0.197904074252114,0.809199573473491,"CG3868"
17.9072684001253,0.700502693190439,0.543752954999161,1.28827381396303,0.197650665145163,0.809199573473491,"COX6B"
51.7994497378067,0.406069861190997,0.315421976834624,1.28738607647463,0.19795975491847,0.809199573473491,"P5CS"
2484.70541488734,0.221035286537581,0.171598990528019,1.28809199784593,0.197713940561074,0.809199573473491,"eIF3f1"
11.7377276777982,2.02520108012827,1.57286144500582,1.28759026204039,0.197888630908556,0.809199573473491,"lncRNA:CR44552"
15.6071197935347,0.725045947458775,0.562848585058714,1.28817228417327,0.197685997587429,0.809199573473491,"lncRNA:CR46445"
31.9189494802939,-0.517385757958707,0.401965939662597,-1.28713830428765,0.198046086579172,0.809199573473491,"scu"
10897.7520317907,0.534771831762449,0.415646334605248,1.28660302579196,0.198232688534125,0.809416880914549,"CG34205"
143.008488409018,0.294331627287181,0.228793281345325,1.28645223127394,0.198285279801197,0.809416880914549,"Srrm234"
25.4613106171036,-0.601915872689276,0.468148392232093,-1.28573734883376,0.198534741867968,0.809675660017302,"Acox3"
87.1697299558121,0.376530385467849,0.292851684364575,1.28573747589958,0.198534697507285,0.809675660017302,"Taf8"
107.485618053451,0.296768812602202,0.231223711007992,1.28347050269401,0.19932728738765,0.809890509373987,"Art7"
622.267262908953,0.298294848907081,0.232260400633131,1.28431212593255,0.199032765692848,0.809890509373987,"CG31769"
7535.15383999058,-0.292522569152503,0.227816661882872,-1.28402622852449,0.199132778319554,0.809890509373987,"CG6770"
90.5651650715493,-0.301697086748895,0.235034120995584,-1.28363101268417,0.199271093187079,0.809890509373987,"CstF50"
14.5147889282329,0.844240057544874,0.657473521943571,1.28406700706243,0.199118510926878,0.809890509373987,"MFS12"
15.6705944361918,-0.624272447166485,0.485827117458874,-1.28496830401677,0.198803360316724,0.809890509373987,"Myo61F"
31.7633110385844,0.488700305959229,0.380221574671795,1.2853039872371,0.198686077399405,0.809890509373987,"Nhe2"
1406.2788320652,0.231696550557366,0.180525321796666,1.28345734687756,0.199331893723898,0.809890509373987,"Rh4"
4.13743388922554,-2.50001949471995,1.94972207111929,-1.28224403454834,0.199757053524792,0.810860838071951,"CG5555"
19.5213866873199,-0.566793299567203,0.442001170320339,-1.28233438648233,0.199725370271303,0.810860838071951,"asRNA:CR44095"
36.0936089265044,-0.52736742538235,0.411668486120384,-1.28104881272872,0.200176521414276,0.811894309447521,"CG17816"
233.959409955203,-0.241080884402307,0.188266553473249,-1.2805295468298,0.200358960123061,0.811894309447521,"CG2608"
130.874348955057,0.277760327740343,0.216940301657303,1.28035374533183,0.200420753658211,0.811894309447521,"CG4069"
73.5091394097812,-0.344078698734676,0.26863316651952,-1.28084965528512,0.200246478980693,0.811894309447521,"CG7536"
109.054982329197,-0.309156139649705,0.241492266414021,-1.28019064229444,0.200478096174046,0.811894309447521,"IntS14"
18.5006347484997,-0.676953768471092,0.529641796317064,-1.2781350965471,0.201201795925381,0.812179605722911,"CG14104"
116.194917803196,-0.360001814340211,0.281641655779166,-1.27822645178058,0.201169591909118,0.812179605722911,"CG18467"
3091.98558371903,0.190985209254764,0.149367624698233,1.2786252016835,0.201029070934248,0.812179605722911,"CG6126"
36.4768390787361,-2.05080926637236,1.60282172261794,-1.27949929641751,0.200721287219879,0.812179605722911,"CG8036"
253.851811731016,-0.276105786398316,0.215865745289772,-1.27906253040601,0.200875036993391,0.812179605722911,"EbpIII"
171.466658324595,0.283878082304948,0.221961703894102,1.27895072584407,0.200914408093001,0.812179605722911,"Golgin104"
687.620135130183,0.230594872637497,0.180370404351812,1.27845182509943,0.201090160696707,0.812179605722911,"trbl"
11.0295401196008,0.95448508553746,0.7471245975277,1.27754472104912,0.201410002349665,0.812643138826673,"CG10864"
100.195852440221,-0.457856916567763,0.358530551366472,-1.27703738167564,0.201589050111213,0.812988648340077,"CG6985"
6.11742320642628,1.38155832112152,1.08218322458512,1.27663993465725,0.201729396252672,0.813177830285784,"snoRNA:Psi28S-2566"
8.76586036424692,-0.898521749488757,0.704073839290199,-1.27617545113533,0.201893504529823,0.813462578668078,"CG30050"
224.760723211428,-0.225682080675014,0.176896259925969,-1.27578774570735,0.20203056058124,0.813638116028938,"Vps25"
18.140532955599,0.664649931618023,0.521266085186064,1.27506843530935,0.202285020472743,0.813909631610855,"asRNA:CR43480"
795.668817340813,-0.279606845615383,0.219248826373304,-1.2752946058617,0.202204986271044,0.813909631610855,"ntc"
12.7031919525255,-0.841997866522872,0.661039083269436,-1.27374899281058,0.202752387317608,0.815413136240823,"alpha-Man-IIb"
10.0076263132037,-0.919917882745145,0.722844038444822,-1.2726367429471,0.203146973977714,0.816622685694249,"Pbgs"
761.668855868205,-0.237370038375477,0.186679876979872,-1.27153521962665,0.203538306110655,0.81744064516891,"CG13458"
645.854738024273,-0.316714077073688,0.249047730227843,-1.27170031537304,0.203479618516487,0.81744064516891,"klg"
21.3559207018784,-0.636721473806368,0.500858262845969,-1.2712607957956,0.203635884489654,0.817455305679638,"Sytbeta"
970.395808637657,0.209582664737675,0.16489966308034,1.2709708487128,0.203739019547025,0.817492248555904,"CG13630"
37.2751234767767,0.832871798197882,0.655617258256422,1.27036283396941,0.203955415679923,0.81798340214856,"CG34256"
8.7464433734212,0.981245762481892,0.772884550301508,1.2695890506533,0.204231051663928,0.818605221501152,"CG1552"
22.0447901723258,-0.801483620779175,0.631387959158597,-1.26939959679822,0.20429857992652,0.818605221501152,"Dso2"
49.8526565041431,-0.40858633486007,0.322038939750997,-1.26874823018605,0.204530874666252,0.818680551431876,"CG6191"
817.119252375005,-0.190003485243035,0.14972127550963,-1.2690480000006,0.204423944888993,0.818680551431876,"p47"
381.933403661012,0.409410186123894,0.322737265908442,1.26855566236358,0.204599586276494,0.818680551431876,"spz3"
272.493586127575,0.25149510793261,0.198369888366329,1.26780888976544,0.204866206760081,0.818888223197303,"Gcn5"
32.6218803881914,0.489779214234803,0.386377067789455,1.26761978146616,0.204933764233451,0.818888223197303,"lilli"
7.13594997108833,-1.61957853518858,1.27762715702007,-1.26764567134443,0.204924514318335,0.818888223197303,"lncRNA:CR44204"
687.376075746927,0.247745989935058,0.195594586944642,1.2666300934247,0.205287586831601,0.81992559348115,"sgl"
124.137318998077,-1.46896096787188,1.16150404088333,-1.26470586082053,0.20597678823858,0.820182290734347,"CG15337"
14.636073591672,0.881546083832773,0.697089871136447,1.26460894116222,0.206011546311075,0.820182290734347,"CG30383"
115.294829224678,0.33842681912249,0.267489596010484,1.26519619517922,0.205801006056841,0.820182290734347,"CG6867"
18.2817237924051,-0.766912787326776,0.605836412723774,-1.26587437007759,0.205558063724435,0.820182290734347,"CG8468"
9.83617359251814,1.03036765277017,0.814202219842567,1.26549354406009,0.205694461213312,0.820182290734347,"Tsp2A"
370.126714084316,-0.450384213813749,0.35570361553242,-1.26617834103151,0.205449239992645,0.820182290734347,"lncRNA:CR40469"
1188.73505764365,-0.182930102127312,0.144601928824521,-1.26505990351832,0.205849854930059,0.820182290734347,"w"
13.6907889336364,-1.04836000004121,0.83021485018699,-1.26275746549834,0.206676355037395,0.82057678735878,"CG2211"
165.381243848986,-0.346364180783261,0.274139463174124,-1.26345976158588,0.206423998714879,0.82057678735878,"CG34446"
9.57345241941736,0.95576118443315,0.756757741208854,1.26296849359797,0.206600502702064,0.82057678735878,"CG46302"
440.165160980025,0.209157522395434,0.165634235953912,1.26276745378674,0.206672764372547,0.82057678735878,"Cyp4p1"
22.1513030775046,0.576894182392442,0.45650517287876,1.26371882875828,0.206330964523341,0.82057678735878,"ETHR"
49.9085319711701,-0.419284497665286,0.331862563848365,-1.26342812760546,0.20643536095082,0.82057678735878,"fzr"
180.107493683362,-0.468389976800822,0.371401395988707,-1.26114220856365,0.20725761571794,0.822082328948666,"CG15406"
1745.83901521431,0.216017042725155,0.171334915018352,1.26078822113997,0.207385158697208,0.822082328948666,"Taldo"
15.577229501585,0.628269311343923,0.49835582315066,1.26068419823398,0.207422649358781,0.822082328948666,"lncRNA:CR44587"
4.41466417585941,2.39119762456111,1.89679076712006,1.26065439900455,0.207433390138029,0.822082328948666,"lncRNA:CR45964"
508.093296981863,-0.376877996993277,0.299126592313326,-1.25992809291428,0.207695303347121,0.822745664556209,"CG43133"
206.322997042723,-0.47147109555769,0.374399423506129,-1.25927302756643,0.207931732091562,0.823307490624596,"SmydA-6"
65.2642848756134,-1.467729495373,1.16638152054116,-1.25836141050316,0.208261081193155,0.824236557355175,"lncRNA:CR44420"
7.88353702233973,0.900936847534041,0.71639514628272,1.25759764315669,0.208537306162223,0.82495462524083,"lncRNA:CR44899"
22.6970077507166,-0.71149040932402,0.5658942349646,-1.25728513450668,0.208650404917254,0.825027021351596,"5-HT7"
14.1186106668345,0.678182840426228,0.539878437414418,1.25617693433762,0.209051827517989,0.82586384697642,"M7BP"
66.3554140599249,-0.504968763284061,0.401944363519238,-1.2563150752079,0.209001758340491,0.82586384697642,"prim"
33.5508313359764,-0.574095272124364,0.458111634271111,-1.253177673686,0.21014105324628,0.826008802760625,"CG12746"
64.0322515205126,-0.781709162629072,0.624229331948484,-1.2522788062346,0.210468288789902,0.826008802760625,"CG13311"
24.0423390701081,0.987742541259968,0.78732505394097,1.25455494692542,0.209640367205012,0.826008802760625,"CG14107"
93.3471834173671,-0.296102295874167,0.236284063112443,-1.25316236725309,0.210146622517968,0.826008802760625,"CG1896"
172.201598563841,0.297738171078197,0.237294394878574,1.25472062342877,0.209580196369557,0.826008802760625,"CG3862"
133.283167711922,0.541054631823675,0.431385085826636,1.25422655905428,0.209759668956821,0.826008802760625,"CG7384"
67.621635155827,-0.380334311995167,0.303742991492816,-1.25215831359902,0.210512182525918,0.826008802760625,"CG8641"
16.0172885577386,-0.719091966004221,0.573774599141463,-1.25326559781523,0.210109063971352,0.826008802760625,"CG9132"
6.9844716065525,-1.21952291827353,0.973351278130873,-1.25291140585482,0.210237950485367,0.826008802760625,"CG9992"
946.352046689417,0.239093391804445,0.190651461380685,1.25408633153372,0.20981062792195,0.826008802760625,"Hsdl2"
58.9999306499555,0.329404355888222,0.262314810298042,1.25575965578899,0.209203122953757,0.826008802760625,"Kots"
6.58931008663268,2.01000343431535,1.60205171402151,1.25464329067742,0.209608280728444,0.826008802760625,"app"
25.7844488038566,0.558923192736811,0.445514959048044,1.25455538896178,0.209640206648423,0.826008802760625,"glob1"
487.543329060583,0.19482359466767,0.155580458969196,1.25223691945942,0.210483546789339,0.826008802760625,"gry"
335.159159343021,-0.263424545871268,0.210130995621299,-1.2536206050535,0.209979938184021,0.826008802760625,"sel"
151.620201536211,-0.441096934921313,0.352405107656749,-1.25167577125741,0.210688032143434,0.826326247744168,"CG6310"
7.70952834105622,-1.25846793446146,1.0062340275747,-1.25067121561643,0.211054456347678,0.826648902982062,"C901"
17.094214630556,0.754422278930034,0.603214965914871,1.25066903435632,0.211055252490652,0.826648902982062,"ced-6"
14.2561083398736,-0.731039380152727,0.584323832908259,-1.25108602282102,0.210903094420682,0.826648902982062,"iav"
187.782841044007,-0.228830985224132,0.183022674042789,-1.25028762922912,0.211194495789966,0.826822175825494,"CG14805"
55.3445782216552,-0.404395664687304,0.323517828422514,-1.24999498994894,0.211301377501929,0.826868654855796,"14-3-3epsilon"
696.898795856937,0.317566594948853,0.254140775129159,1.2495696323719,0.211456802130731,0.827104965817415,"Tmlh"
35.1492365293047,0.539579248865507,0.432058683943273,1.24885639131454,0.211717604140681,0.827753058776438,"CG14312"
88.9163109181902,0.465753004621143,0.373093082118742,1.24835604556428,0.211900698064996,0.828096890552159,"Mlp84B"
33.9984051627604,-0.600892244242239,0.481659357885358,-1.24754608086585,0.212197334836579,0.828883934058685,"Svil"
216.51981346477,-0.32582661990166,0.261277777360125,-1.24705064163404,0.212378929441685,0.829221095976215,"prod"
202.247898336363,-0.322664041334372,0.258862752409089,-1.24646762939635,0.212592766146306,0.82968378644453,"ReepA"
70.1025888022288,-1.31971587582088,1.05946046397713,-1.24564900786083,0.212893281806841,0.830112110916189,"CG14770"
587.4740185932,-0.21840911790939,0.175307999209556,-1.24585939543074,0.212816019340165,0.830112110916189,"CG9119"
10.9929688545078,0.918938853702091,0.737885644280833,1.24536757263752,0.212996667388208,0.830143303304781,"ATPCL"
164.087927712114,-2.47937262938757,1.99212163093482,-1.24458898035463,0.213282873073128,0.830214065108894,"Acp62F"
45.1941373308575,0.431829266857103,0.346849980279218,1.24500300247812,0.213130646574855,0.830214065108894,"Idua"
30.4990389990074,-0.444563947503715,0.357211549837065,-1.24453967881636,0.213301005352578,0.830214065108894,"Indy"
18.3012454078482,0.735592311566983,0.591451724557172,1.2437064278031,0.213607629435145,0.830293523436384,"Asciz"
188.523206128797,-0.249960589614775,0.200910657989509,-1.24413802690262,0.213448767650572,0.830293523436384,"CG5181"
39.9342961064282,0.410925314618766,0.330360058779168,1.24387105431971,0.213547024107488,0.830293523436384,"dgt6"
88.2303211219817,-0.327151207548086,0.263312816006604,-1.24244316136849,0.214073099256964,0.831731331622034,"Pburs"
44.8261745192256,0.469281826490633,0.37794269492054,1.24167455224739,0.214356662762657,0.832461417234898,"CG5191"
273.757314337612,-1.20553594155896,0.971707139713177,-1.24063711409469,0.214739834929116,0.833577512661951,"CG5111"
212.418211752049,-1.20598949904104,0.972441586593393,-1.24016652071185,0.214913808732582,0.833880908336899,"Tim17b1"
162.354247941257,0.274921722240851,0.221840313482017,1.23927755927525,0.215242726296241,0.83441311668427,"CG31323"
40.0269306751497,0.464398979908447,0.374689262377774,1.23942430845596,0.215188403815295,0.83441311668427,"Eaat2"
129.811077842531,0.293876009642216,0.237281808914856,1.23851049090606,0.215526834565022,0.834770823862656,"CG11095"
1245.24122587737,0.800947863232563,0.646570987697847,1.23876245373209,0.215433482307384,0.834770823862656,"CG13978"
9.63693488497679,0.859110538475854,0.693851029692905,1.23817721918795,0.215650356533879,0.834877692577556,"CG15563"
311.997420122412,-0.222318375022965,0.179617901635096,-1.23772949688844,0.215816378078448,0.835148927708642,"Dci"
11.284436123681,0.793676854664913,0.642204786042668,1.23586256582675,0.216509653761345,0.835496949236362,"CG11041"
73.8712332332063,0.393438825028616,0.319394112994038,1.2318286687894,0.218013091652903,0.835496949236362,"CG13739"
75.0150675200525,-0.778581747690951,0.62964544873554,-1.23653994363734,0.216257927792791,0.835496949236362,"CG16727"
112.101530118741,-0.290247093629277,0.235591573157515,-1.23199268012536,0.217951818472084,0.835496949236362,"CG32099"
368.356694257896,-0.286522982510665,0.232224957110925,-1.23381649446835,0.21727129164865,0.835496949236362,"CG32572"
11.2502436335125,0.983058185644466,0.799467153445871,1.22964174501389,0.218831290455303,0.835496949236362,"CG32603"
9.65990437669649,-0.827268787446615,0.671395358144904,-1.23216340031363,0.217888052073111,0.835496949236362,"CG32633"
176.647345739219,-0.244061777848326,0.197827299236837,-1.23371131683973,0.217310495405576,0.835496949236362,"CG32808"
9.28316002960948,1.13406149263498,0.922153713130866,1.22979659083588,0.218773285180172,0.835496949236362,"CG33792"
20.0748811614762,-0.682626542146591,0.55346048400563,-1.23337900694577,0.21743439354424,0.835496949236362,"CG43736"
52.1744181585435,-0.969595840424753,0.784620428266983,-1.23575146082588,0.216550962533097,0.835496949236362,"CG7059"
2154.32376870041,1.14254292772431,0.927222713088339,1.23222059985869,0.21786669023574,0.835496949236362,"CG7886"
405.167068117169,0.202205984081028,0.164059177826776,1.23251857506277,0.217755432269569,0.835496949236362,"CG8778"
132.102004249236,0.344074430438311,0.279545948292607,1.23083318695845,0.21838526048977,0.835496949236362,"Cep97"
15.430774778325,-0.673761961884053,0.547066165947825,-1.23159135735752,0.218101771016428,0.835496949236362,"Glos"
152.123476076636,0.248966980509224,0.202026115581754,1.23235047999759,0.217818190573272,0.835496949236362,"Ino80"
527.050889145874,0.190086489573945,0.154063310757201,1.23382061984579,0.21726975406512,0.835496949236362,"MBD-R2"
234.661881051197,-0.227490119062491,0.18502570567658,-1.22950547995821,0.218882344508664,0.835496949236362,"Pex16"
72.9801938001933,0.33360178363981,0.271247992524846,1.22987742889656,0.218743007615006,0.835496949236362,"Pvf1"
261.345004559039,-0.280941908095774,0.227393109846416,-1.23548997718323,0.216648204375649,0.835496949236362,"SNF4Agamma"
208.114000089889,-0.277303411176388,0.224204346447691,-1.23683334230581,0.216148960905448,0.835496949236362,"alc"
28.8790709549211,0.488854094364995,0.395866193785721,1.23489730125732,0.216868727980839,0.835496949236362,"firl"
157.42408651765,0.364290574772558,0.29606642755316,1.23043527016297,0.218534152499363,0.835496949236362,"ft"
1308.70027255415,-0.180051919930183,0.146347472054813,-1.2303042710758,0.218583185527589,0.835496949236362,"glec"
17.4387900328282,0.587393558839036,0.47679636925662,1.2319589592405,0.217964415284654,0.835496949236362,"gnu"
8.18713477241838,-0.856277346235203,0.695327298842085,-1.23147379322104,0.218145712394658,0.835496949236362,"mRpS14"
599.93577475716,0.358108235859797,0.290404236211333,1.23313709376882,0.21752462019335,0.835496949236362,"modSP"
323.093943877697,-0.278056143762218,0.224886576855874,-1.23642837046881,0.216299375920385,0.835496949236362,"olf413"
793.923889416425,0.174595851630471,0.141479465628383,1.23407203197299,0.217176064163046,0.835496949236362,"par-1"
18.3154946297526,-0.717706998863277,0.580144148981659,-1.2371183957006,0.216043131278113,0.835496949236362,"px"
32.8499447388882,-0.497217173519396,0.403908961044228,-1.23101297934549,0.218318009912016,0.835496949236362,"stg"
36.1059401502772,-0.493183252144263,0.401580087587537,-1.22810683942779,0.219406863897778,0.836765090491834,"CG8032"
188.287740868705,0.23715690270552,0.193087892969602,1.22823289983726,0.219359551646903,0.836765090491834,"Cpsf5"
167.889144702909,0.328503559417285,0.267664251269147,1.22729710022786,0.219710945112152,0.836918730984153,"CG10512"
66.1392958333738,-0.4763335184639,0.388486764382042,-1.22612547488354,0.220151460611989,0.836918730984153,"CG4815"
1508.68965905851,-0.143363818557931,0.116908949995587,-1.22628608471244,0.220091036009894,0.836918730984153,"CG4972"
90.5993209201655,0.391193597818815,0.319132542011796,1.22580290732105,0.220272852876915,0.836918730984153,"CG8475"
123.56194757105,0.323974122536441,0.264105306791209,1.22668539482458,0.219940859196751,0.836918730984153,"CtsF"
46.6304121889189,-0.433536215349579,0.353705793935656,-1.22569723986044,0.220312629286992,0.836918730984153,"Dll"
36.8398217952803,0.497868854136158,0.406155548678256,1.22580832825346,0.220270812413853,0.836918730984153,"Mgat2"
17.3490856192669,-0.762554111822723,0.62150766474453,-1.22694240969042,0.219844237202377,0.836918730984153,"dop"
29.1148887407812,0.571352380391135,0.466029057463608,1.22600162208931,0.220198064615621,0.836918730984153,"lncRNA:CR44170"
69.7508823964244,-0.37767311534087,0.308253614276879,-1.22520255351049,0.220498912627951,0.837260923473411,"tum"
254.37635955738,0.771164871547982,0.630052731455638,1.22396877760743,0.220964006024778,0.838406725768179,"CG6980"
995.975599351812,-0.22653369307755,0.185093025481972,-1.22389102716144,0.220993338953488,0.838406725768179,"Rab3"
18.1573051234969,0.54282487359628,0.444194841636321,1.22204227225293,0.221691641651729,0.839591974453873,"Chpf"
217.931860927744,-0.32154953010757,0.263074820794148,-1.22227406308556,0.22160400417381,0.839591974453873,"mrva"
94.4227086912737,-0.344515052586124,0.281890244778296,-1.22216025196999,0.221647031760067,0.839591974453873,"mthl4"
17.2838149997811,-0.706757925646259,0.57826898563349,-1.22219580023302,0.221633591692281,0.839591974453873,"xmas"
135.468526902916,0.291653578403174,0.238769949397637,1.22148360436039,0.221902969667125,0.840026770340577,"Rai1"
277.434173562957,-0.244142907818788,0.200054114486259,-1.22038433673684,0.222319212254121,0.841236567064181,"Pmm2"
25.9202003785142,0.956473103324596,0.783984014897806,1.22001607832434,0.222458779882702,0.841398853246047,"Osi12"
393.342549165224,-0.200706046468885,0.164579651501378,-1.21950705714798,0.222651798979492,0.841763078418123,"Dad1"
82.4844907041993,-0.351006505013721,0.288115020061007,-1.21828603361045,0.223115295572561,0.842783167260416,"numb"
14.7226121821959,0.693267656784502,0.569002794855008,1.2183906002802,0.223075575392349,0.842783167260416,"regucalcin"
81.712583372989,-1.35311734141749,1.11161658775747,-1.21725184413379,0.223508410245993,0.843574982215315,"CG42819"
9574.17675808274,-0.148321477962333,0.121852186519854,-1.21722459151905,0.223518776167818,0.843574982215315,"CtsK1"
266.522384789953,-0.225191871645155,0.185045534248332,-1.21695383009322,0.223621782829321,0.843597908956904,"CG6961"
245.291472205909,1.53409817822724,1.26253145385969,1.21509699701923,0.224329098797536,0.844160522057263,"CG13186"
877.375046040364,1.53658224449959,1.2664279775921,1.21331988213111,0.225007544276853,0.844160522057263,"CG30378"
7.8968065505831,0.968828137175085,0.798535478886892,1.21325622065731,0.225031875350207,0.844160522057263,"CG32756"
185.976147998449,-0.359782531125084,0.296250499171994,-1.21445375494947,0.224574498954326,0.844160522057263,"CG42711"
83.0099985818203,-0.787344167458557,0.648551648510443,-1.21400380257592,0.224746272090143,0.844160522057263,"CG45428"
9.08717512667872,0.781243985206095,0.643111563244012,1.21478765094086,0.224447091982571,0.844160522057263,"CG5973"
1927.61488442998,0.239073293624561,0.197015729733825,1.21347312698107,0.224948982624953,0.844160522057263,"Cont"
683.870462378965,1.5349527022388,1.26474529710191,1.2136457085518,0.224883044591348,0.844160522057263,"Hex-t2"
127.829208622028,0.30688097260269,0.252637762900022,1.21470744943278,0.224477690304263,0.844160522057263,"IntS9"
27.8595998634941,-0.509688554568215,0.419222859267424,-1.215793803465,0.224063479898107,0.844160522057263,"Spc25"
67.9904794260268,-0.558372630042393,0.460215211338999,-1.21328590686476,0.225020529207319,0.844160522057263,"Vha100-4"
60.5324923280865,0.391208878197994,0.321838149770831,1.21554538663785,0.224158149263462,0.844160522057263,"Zn72D"
56.2230308781246,0.408606291239185,0.336261605233138,1.21514405712745,0.224311152651566,0.844160522057263,"alpha-Man-Ic"
22.2612273909962,0.616705334662448,0.509809960809389,1.20967690329814,0.226402895889932,0.845028177329561,"Adar"
471.46428344901,0.292052550459018,0.242352681041736,1.20507249684076,0.228175316146242,0.845028177329561,"Brr2"
68.2484746322575,0.425263554406977,0.352220685596594,1.20737813478122,0.227286552200173,0.845028177329561,"BuGZ"
323.323122665757,-0.365136036903914,0.301922887021896,-1.20936852620064,0.226521294789361,0.845028177329561,"CG11656"
246.377719015065,1.53311096329665,1.27045836818,1.20673845101506,0.227532886050929,0.845028177329561,"CG12209"
87.0565964083067,-1.10120882006203,0.912989909017766,-1.20615661705041,0.227757107898015,0.845028177329561,"CG12539"
165.649051333491,-0.370647889639773,0.307709579117284,-1.20453802804267,0.22838169305381,0.845028177329561,"CG13056"
74.4815625691552,-0.323572199976409,0.267648054500713,-1.20894657941759,0.226683369411004,0.845028177329561,"CG13484"
11.4832778959756,0.854635349950807,0.707376264172631,1.20817645888983,0.226979394798171,0.845028177329561,"CG14086"
68.7333005817796,-0.681378312971855,0.565460129829784,-1.20499797780078,0.228204082555145,0.845028177329561,"CG14406"
2921.16922528645,0.877231117832289,0.72574459725538,1.20873255019714,0.226765612112606,0.845028177329561,"CG14752"
204.844286293312,-0.825367332932886,0.683735565765143,-1.20714406893438,0.227376665830834,0.845028177329561,"CG15143"
8.15550200999331,1.12555942551256,0.931693197464923,1.20807947141305,0.22701669519339,0.845028177329561,"CG33339"
58.3388728245169,-0.4967875054555,0.410960124944116,-1.20884600549276,0.226722013218885,0.845028177329561,"CG34288"
15.7738623797323,0.743780451988192,0.613573541961993,1.21221076386352,0.225431712204364,0.845028177329561,"CG3764"
307.943465841645,-0.204214990904252,0.168934957693186,-1.2088379675398,0.226725101867387,0.845028177329561,"CG4957"
119.446272315887,0.821823012551019,0.678839205880524,1.21062985966615,0.226037295034146,0.845028177329561,"CG6931"
341.888543360642,0.202602283686233,0.168261475157176,1.20409192595619,0.228554050274651,0.845028177329561,"CG7379"
263.691737367779,-0.249608270412807,0.207304710801542,-1.20406463243261,0.228564598481079,0.845028177329561,"CHMP2B"
14.0892688888032,0.769832938945269,0.63890227657363,1.20493065555159,0.228230073024935,0.845028177329561,"Cad89D"
2073.97341795936,-0.129437187986282,0.107039928821231,-1.20924209696044,0.226569849041084,0.845028177329561,"Gp93"
96.838891139192,0.486041976842741,0.401077022889181,1.21184198820843,0.225572872085997,0.845028177329561,"Jhbp2"
310.340989519913,-0.354735541387373,0.294324558851087,-1.20525294515722,0.228105668809811,0.845028177329561,"OtopLa"
62.1948473625647,-0.386997463237751,0.320976047945109,-1.20568953887778,0.227937220109423,0.845028177329561,"Polr3G"
856.204411980391,-0.219747941186986,0.18181288822459,-1.20864886605583,0.226797774302071,0.845028177329561,"SelG"
233.319378254437,0.320885612098091,0.266386857200715,1.20458499893752,0.228363550638596,0.845028177329561,"Smyd3"
21.9063180566594,-0.639373183533002,0.528147373392369,-1.21059616263206,0.226050215680704,0.845028177329561,"Tango5"
640.422184767138,0.281059445134172,0.2328780855627,1.20689520636968,0.22747250402009,0.845028177329561,"ken"
526.69509744977,-0.249157892643367,0.206392823508114,-1.20720230678743,0.227354242305764,0.845028177329561,"mRpL40"
313.400825666249,-0.297328025136655,0.246469906335094,-1.20634616029924,0.227684046170502,0.845028177329561,"mRpS23"
214.237019787426,0.427699929645723,0.354737954986615,1.20567851179573,0.227941473540265,0.845028177329561,"pio"
10.5554119372398,0.792589885604617,0.653928291139797,1.21204403654586,0.225495524243914,0.845028177329561,"qtc"
104.337913034327,-0.388838394789437,0.323005418407157,-1.20381384531233,0.228661537126406,0.845028177329561,"rdgB"
810.646896979278,0.231654750568391,0.191787926405294,1.20786931122478,0.227097535656752,0.845028177329561,"trbd"
166.181863051788,-0.243360384885626,0.201921621797159,-1.20522201990877,0.228117603901059,0.845028177329561,"vers"
59.5061713028143,1.53352096917811,1.27544290985522,1.20234387390353,0.229230324992732,0.846052382702183,"CG42685"
376.918475944878,-0.203121870806677,0.16892568167441,-1.2024333351407,0.229195680287853,0.846052382702183,"Spec2"
22.9195153729467,-0.544385132559565,0.452659941727715,-1.20263597985223,0.229117217999749,0.846052382702183,"stumps"
341.325677654352,0.494890040651895,0.413398035091436,1.19712722036145,0.231256971715337,0.846933512303389,"Acsf3"
115.896660836245,-0.303793778886106,0.253132597870482,-1.20013692997985,0.230086165027294,0.846933512303389,"Ankrd49"
13.466356139753,0.672368778752989,0.56156601714486,1.19731030408762,0.231185629671129,0.846933512303389,"AsnRS"
180.037548952753,-0.298500124011588,0.249443067500492,-1.196666345562,0.231436629549056,0.846933512303389,"CG12123"
677.050767628384,-0.265981646982128,0.222387919927357,-1.19602560727674,0.231686566299917,0.846933512303389,"CG32032"
300.351300510717,-0.318070485642518,0.26569947633401,-1.19710618188299,0.231265170758974,0.846933512303389,"CG34125"
28.4479511452307,-0.468858765980438,0.391659863238974,-1.19710700530567,0.231264849853628,0.846933512303389,"CG3566"
240.51224563858,-0.287979925473369,0.240186478794742,-1.19898475100869,0.230533875050273,0.846933512303389,"CG4743"
15.6895008827623,-0.650536650002997,0.542342474316751,-1.19949419566032,0.230335840361947,0.846933512303389,"CG5541"
36.1925409471598,0.539474046756065,0.450153179468104,1.19842327314782,0.230752276600873,0.846933512303389,"CG6454"
629.207645895949,0.85620233851173,0.716759701865509,1.19454586562734,0.232264510590463,0.846933512303389,"CG7848"
531.377858631411,-0.212264234251276,0.177196948598082,-1.19790005375732,0.230955928839642,0.846933512303389,"CG8861"
14.2203237944011,-0.775161656722158,0.646407131805881,-1.19918487680755,0.230456066399636,0.846933512303389,"CG9107"
200137.730252155,0.261866040289396,0.219276288237373,1.19422871663131,0.232388512855394,0.846933512303389,"COX2"
192.281394013052,0.270276557323242,0.225832651325154,1.19680017808451,0.231384448854834,0.846933512303389,"Cdc45"
34.528022676986,0.57682992221418,0.482568961482468,1.1953315862714,0.231957503545974,0.846933512303389,"E(spl)m2-BFM"
6.58268830108668,-1.10936391836051,0.926675503174524,-1.19714389185874,0.231250474703265,0.846933512303389,"Gr28b"
51.7261652114738,-0.388941715165671,0.325481959135795,-1.19497165433799,0.232098105080243,0.846933512303389,"IFT43"
14.2320791782588,0.897726329990344,0.750421390547563,1.19629629605214,0.231580953680289,0.846933512303389,"KFase"
78.8379225893488,0.44883620078465,0.375779321771549,1.19441431388158,0.232315940380814,0.846933512303389,"Phb2"
756.000845855684,-0.234910395849495,0.196227020423753,-1.1971358243233,0.231253618668338,0.846933512303389,"Pkc98E"
35.4663313799505,-1.1998929415098,1.00240273969632,-1.19701682167519,0.231299998213822,0.846933512303389,"SkpC"
430.36034676204,-0.200596811941347,0.167420652456214,-1.19816049572385,0.230854541275898,0.846933512303389,"Tbcb"
23.9359363300033,-0.669579509058713,0.557937014440359,-1.20009874184515,0.230100994136612,0.846933512303389,"Trissin"
200.846914496572,0.258686867325357,0.21649341113514,1.19489487448595,0.232128105703505,0.846933512303389,"aft"
385.278637705786,-0.216510290848891,0.180209682068301,-1.20143539661111,0.229582352461179,0.846933512303389,"eIF6"
10.0567158361013,0.745869085367845,0.623239905031565,1.19676079683965,0.231399802556011,0.846933512303389,"mor"
27.302278207186,-0.698535705127863,0.584533134534926,-1.19503183627673,0.232074591777197,0.846933512303389,"nudE"
115.996716087957,-0.27489688954853,0.229734908197793,-1.1965830169434,0.231469123221759,0.846933512303389,"smo"
18.6193353934418,0.668099760600273,0.559268592186823,1.19459553054446,0.232245096330185,0.846933512303389,"zld"
445.32595893613,-0.236702664837699,0.198479206164314,-1.19258167851468,0.233033244764429,0.84755235783344,"CG3719"
275.263571455509,-0.247603009784638,0.207522590604347,-1.1931376196855,0.2328154802952,0.84755235783344,"CG9328"
1089.15118202186,1.27165743826233,1.06577440670368,1.19317693337694,0.232800086425708,0.84755235783344,"CG9570"
10.223607427833,-0.877905770860993,0.735896077955327,-1.19297520011282,0.232879085785437,0.84755235783344,"Etfb"
12.408025524609,-0.833769802379548,0.699148103753096,-1.19255104591401,0.233045247879515,0.84755235783344,"gt"
58.2534782484704,-1.06038155025494,0.889586210092691,-1.19199414089889,0.233263542665857,0.847925729918694,"CG15909"
1487.12961856648,1.27193300366895,1.0673414443593,1.19168332719663,0.233385437976841,0.847925729918694,"CG30039"
467.084906235132,-0.395731779248923,0.332116873330408,-1.19154373362785,0.233440198653934,0.847925729918694,"GstS1"
290.558318431315,0.193825977841923,0.163116575502033,1.18826659550308,0.234728393896083,0.848039302549524,"Brd7-9"
804.089176482643,-0.279285818047943,0.234775860297363,-1.18958489895088,0.23420958407472,0.848039302549524,"Drice"
546.994336882769,0.207346748441547,0.174466681397282,1.18846043715014,0.234652057770188,0.848039302549524,"Ire1"
82.2485539444449,-1.22412962313566,1.02948714781739,-1.18906741646162,0.234413139023024,0.848039302549524,"Lcp65Ac"
118.47201065422,-0.324294367923909,0.27291954024226,-1.18824166139238,0.234738214390647,0.848039302549524,"Mettl14"
1216.35184631229,1.27162322983329,1.06904414666692,1.18949552625864,0.234244730428098,0.848039302549524,"ProtB"
18.9887559177802,-0.62407308819378,0.524808440261346,-1.1891445341142,0.23438279637196,0.848039302549524,"Rpp21"
24.9941863091533,0.442845372475565,0.372287004631227,1.18952680852836,0.234232428060729,0.848039302549524,"ZnT41F"
26.3654555791625,-0.534897683075062,0.449064085924491,-1.19113885933199,0.233599076913558,0.848039302549524,"cv"
11.529046935924,0.914700392440586,0.769069676064202,1.18935958718547,0.234298196457367,0.848039302549524,"kermit"
133.273830314372,0.313740210507349,0.263502694918789,1.19065275823476,0.233789930936692,0.848039302549524,"nkt"
13.9248682687236,0.748545842708242,0.628990054204302,1.19007580120672,0.234016600408003,0.848039302549524,"sm"
33.3055932690586,0.499334226132817,0.420127755924759,1.18852948678364,0.234624869814157,0.848039302549524,"wtrw"
6.00357992226597,-2.04918016250367,1.72537219483369,-1.18767427030502,0.234961764457773,0.848081236689717,"CG14760"
15.0199632486496,-1.1073214614708,0.932504549061665,-1.18747030519588,0.235042162805423,0.848081236689717,"CG44013"
144.298785646645,-0.347269595639969,0.292438541139918,-1.1874959924445,0.235032036411862,0.848081236689717,"me31B"
598.403909817551,1.27335625739309,1.07527125786047,1.184218631424,0.236326528720573,0.848213606562843,"Arp53D"
919.278648120365,1.01906761889548,0.860327180221948,1.18451170940872,0.236210563890812,0.848213606562843,"CG16782"
18.3490823138223,1.05330000496609,0.887497712965535,1.18681996536817,0.235298641835347,0.848213606562843,"CG18853"
558.341710738962,0.251191786352399,0.211991972341384,1.18491178499858,0.23605232732077,0.848213606562843,"CG33506"
10.671606750021,0.858339387281493,0.723621189917149,1.18617226698373,0.235554275972242,0.848213606562843,"CG43894"
305.25579860536,-0.186871506079779,0.157634641892294,-1.18547232915631,0.23583074890049,0.848213606562843,"Ns1"
49.7420721603007,-0.426503305982893,0.360170736309146,-1.18416979223102,0.236345857280811,0.848213606562843,"Pnn"
108.256890451356,-0.306528904899295,0.258464182818968,-1.18596279591278,0.235636992232262,0.848213606562843,"Rcd2"
560.43949993852,0.283226252760453,0.238607626037672,1.18699581175891,0.235229272541768,0.848213606562843,"SMC6"
187.502696243856,-0.330085647644242,0.278538397083648,-1.18506335607695,0.235992398019479,0.848213606562843,"SmE"
192.995529511355,-0.266434169982232,0.224605120765641,-1.18623372910645,0.235530009613786,0.848213606562843,"Smyd5"
25.1831786366939,-0.558871902339915,0.471719907736093,-1.18475369212651,0.236114846726287,0.848213606562843,"Snrk"
4.77005451810821,-2.05538489278019,1.73402126382582,-1.185328539885,0.235887573560506,0.848213606562843,"asRNA:CR45815"
9.76785365262938,-1.04043902292427,0.878824067765268,-1.18389910004396,0.236453006474624,0.848248357522114,"snoRNA:Psi28S-2179"
233.371754167642,-0.236724813662156,0.200142763601984,-1.1827797788029,0.236896436627925,0.848792843509068,"CG31126"
487.220087709074,1.27331127110731,1.07654343643279,1.18277742264308,0.236897370663395,0.848792843509068,"CG31244"
87.1064348665055,0.307815862847981,0.260205006027419,1.18297440755442,0.236819290341373,0.848792843509068,"O-fut2"
126.824178954689,0.323608680352672,0.273664117347261,1.18250314834675,0.237006117035919,0.848833019161975,"Rgk3"
26.2467701387103,0.503670295103246,0.426074110870379,1.1821189841231,0.237158492715552,0.849029355040496,"ATPsyndelta"
65.1340003368605,-0.480925210980778,0.407618351017266,-1.17984190304623,0.238063100082494,0.85171685019971,"CG33458"
8.78427597009554,0.737578480829974,0.625336336706325,1.17949083962534,0.238202782188452,0.85171685019971,"lncRNA:CR43196"
726.881167766622,0.948171615383952,0.803716273315094,1.17973425058699,0.238105926997609,0.85171685019971,"tomboy40"
107.026780760498,-0.390997759636086,0.332734603642032,-1.17510398785194,0.239953115424867,0.852197709745279,"CARPA"
36.1936886094415,0.446201837326071,0.379299781062022,1.17638306058792,0.239441837705128,0.852197709745279,"CG10300"
192.89824318728,-0.29223617255668,0.248715440310232,-1.17498202842639,0.240001905846912,0.852197709745279,"CG11523"
199.095200674201,0.899613202422843,0.765626031430001,1.17500341614899,0.239993349085787,0.852197709745279,"CG14383"
270.65108139532,1.26922888955741,1.08009593271068,1.17510755398557,0.239951688882128,0.852197709745279,"CG15145"
1419.94499905329,0.232387112674533,0.197240444882139,1.17819199208051,0.238720074326671,0.852197709745279,"CG17839"
214.24201931882,1.27308038801847,1.08100167245371,1.17768586345363,0.238921864706106,0.852197709745279,"CG34222"
10.2180880310893,1.0795614244513,0.917289945237028,1.17690314829772,0.239234165349564,0.852197709745279,"CG34323"
717.968573513163,1.12121911729159,0.951347406134284,1.17855907322811,0.238573796587772,0.852197709745279,"CG42853"
130.370292474611,-0.246273238131153,0.208987566821627,-1.17841095466387,0.238632812567286,0.852197709745279,"CG7889"
99.3138784816803,0.262523898642453,0.223349116308268,1.17539707782016,0.239835892042922,0.852197709745279,"CG8833"
37.7517252524445,0.814653348780405,0.692603240211935,1.17621937276979,0.239507224965073,0.852197709745279,"Cpr47Ec"
377.630319525272,1.01767547386921,0.865224211327178,1.17619856280742,0.239515538681326,0.852197709745279,"Dnali1"
633.378462642684,-0.25322452727751,0.21541914598316,-1.17549684881447,0.239795997148008,0.852197709745279,"SPoCk"
235.522610451079,-0.200100176586851,0.170131577156967,-1.17614954219953,0.239535123539495,0.852197709745279,"Ufc1"
1664.71042059753,1.02122018805007,0.867254975043891,1.17753165728266,0.238983369672815,0.852197709745279,"mil"
58.8780982441835,0.374737542423264,0.318766777981941,1.17558531285997,0.239760627415695,0.852197709745279,"mim"
798.168732083113,0.263727442807046,0.224658274003259,1.17390487386733,0.240433130043031,0.852547060285855,"CG1105"
896.331006700197,1.11710253641149,0.951731890610164,1.17375759647531,0.240492132942867,0.852547060285855,"Cht12"
715.787728416716,-0.161439067163967,0.137466096856476,-1.17439187447447,0.240238098399756,0.852547060285855,"Vps26"
16.9525436250426,-0.751682880869074,0.640403961410225,-1.17376363383793,0.240489714028281,0.852547060285855,"fd19B"
521.466951217559,-0.187398586569843,0.159704321249534,-1.1734096178715,0.240631582146366,0.852694079568331,"AP-2alpha"
97.8328719378819,-0.2769367097859,0.236212344121381,-1.17240574710859,0.241034193219574,0.852934837634573,"Atg12"
78.2831767664087,0.803549647400427,0.685120898891851,1.17285817539668,0.240852684251478,0.852934837634573,"CG13540"
144.950996653927,0.946700637206558,0.80808868409127,1.17153062014618,0.241385557289895,0.852934837634573,"CG13884"
42.0572533508953,0.827925294418986,0.706517138164526,1.1718403555926,0.241261157095609,0.852934837634573,"CG32213"
139.974311732757,-0.295201416851349,0.251783089388177,-1.17244338199471,0.241019090868833,0.852934837634573,"MED7"
44.7472657322376,-0.474730382715224,0.40502062270805,-1.17211410011935,0.241151249648191,0.852934837634573,"mh"
139.268300740117,0.285931859447842,0.244061796250847,1.1715551710271,0.24137569518124,0.852934837634573,"trem"
619.813944166285,-0.402425368788583,0.34359947582707,-1.17120483906419,0.241516450669829,0.853051002507924,"Cyp28d1"
7.07133203893946,-1.3383826765514,1.14387770183828,-1.17004000899793,0.241984868514445,0.854358746726658,"CG32053"
197.477860552674,-0.218157032166474,0.186534383917777,-1.16952718091179,0.242191296682239,0.854740817123085,"GMF"
50.734121068726,1.27313010921208,1.08963064008871,1.1684052029855,0.242643357218191,0.855989111418692,"Best4"
589.197381697184,-0.190695495651262,0.163284498018946,-1.16787262700919,0.242858147035323,0.856399697588498,"Ca-Ma2d"
242.223673215568,0.205647523881956,0.176174486893118,1.16729458112013,0.243091426271496,0.856875124682393,"CG6443"
333.167945760158,0.217434756719445,0.18635300533737,1.16678964380427,0.243295330272473,0.857246663709041,"Etl1"
518.547408385787,-0.253728570873497,0.217705111918995,-1.16546905415756,0.243829179504527,0.857253734472873,"CG10467"
507.026067678475,0.942932902077041,0.809932461327332,1.1642117671537,0.244338202700265,0.857253734472873,"CG12853"
20.0665672326408,-0.538425346580957,0.461990281892648,-1.16544734312413,0.243837963073596,0.857253734472873,"CG17028"
10.6094745887192,0.738434793504307,0.634336104086753,1.16410651821155,0.244380847435045,0.857253734472873,"CG17104"
93.9224202264742,0.357412864253193,0.306932382078775,1.16446776267961,0.24423450031966,0.857253734472873,"CG18048"
163.049702600198,-0.308658712506333,0.264974553062854,-1.16486171573282,0.244074972484804,0.857253734472873,"Syx8"
32.6995073047216,-0.464456751423626,0.398458082751939,-1.16563516095814,0.243761985518592,0.857253734472873,"asRNA:CR44981"
684.759150738016,0.399987236196326,0.343265715989996,1.16524085442888,0.243921512708068,0.857253734472873,"geko"
336.041364253979,-0.26650285856693,0.228458866150637,-1.16652447356194,0.243402459554217,0.857253734472873,"l(2)SH0834"
2265.11757576751,0.623120298146299,0.535177504603581,1.16432453304976,0.244292518046472,0.857253734472873,"nis"
478.875305437883,-0.179390651639381,0.153981487314709,-1.16501441028908,0.244013159845436,0.857253734472873,"spoon"
212.513659970574,1.11416192772917,0.958158784113231,1.16281554393964,0.244904349172035,0.858743976971886,"CG17154"
21.7745292814149,-0.488209105241369,0.420258466685801,-1.16168773253144,0.24536233051959,0.860003367906561,"Yeti"
4339.87415426134,0.42582256233064,0.366724739137417,1.16115035852838,0.245580758395243,0.860422439739856,"cysu"
52.5992321568798,1.26614505328986,1.09086757975375,1.16067713147702,0.245773225178876,0.860750253010769,"CG14212"
303.71957462045,0.186435767113252,0.160739229255511,1.15986475720183,0.246103873550302,0.861435617530669,"CG5498"
25.7433627017396,0.502328937628727,0.433241239768568,1.15946703941911,0.246265864232598,0.861435617530669,"asRNA:CR44892"
39.721339150716,0.529304782596493,0.456467224862988,1.15956799035324,0.246224739783554,0.861435617530669,"net"
20.4854344963566,-0.719611054964247,0.620845390001794,-1.15908254543401,0.246422539886967,0.861637350195368,"Osi8"
73.3750379500904,1.01891177500131,0.8798095752469,1.15810489413619,0.246821233014673,0.862626482542298,"CG44385"
19.7155228104903,-0.604430308018793,0.522004310702666,-1.15790290544761,0.24690366172732,0.862626482542298,"Gabat"
30.5294910612847,0.55867159465219,0.482593669432141,1.15764385245577,0.247009405792198,0.862649622234951,"Amt"
403.557607379153,-0.223830734424543,0.193471213834128,-1.15692009156693,0.24730500926792,0.863335537769237,"CG9547"
60.7061946007895,-0.369243917345162,0.319595894610189,-1.15534624684566,0.247948664675457,0.863904417536247,"CG3594"
107.597946079102,0.288709866614863,0.249943453528348,1.15510073394308,0.248049177717836,0.863904417536247,"CG4553"
138.699935298463,0.287624341039977,0.248786373144768,1.15610970731347,0.247636285916446,0.863904417536247,"CG5466"
131.98721056526,-0.246162990690723,0.213011446920025,-1.15563268664686,0.247831432181522,0.863904417536247,"Polr2C"
1132.33815363944,-0.188325406937038,0.163043037834664,-1.15506561603699,0.248063557327712,0.863904417536247,"Ras85D"
100.825169591811,-0.286774881147998,0.248186346778256,-1.15548209992478,0.247893058643001,0.863904417536247,"mbm"
78.4636961270656,-0.380947238470324,0.330137623715383,-1.153904345052,0.248539387610506,0.86427818171527,"CG13339"
3859.05194318642,0.961480871480219,0.833466903903076,1.15359214262457,0.248667421235785,0.86427818171527,"CG15615"
13.1142983211041,-0.718700791330055,0.622989529925814,-1.15363221499989,0.24865098505057,0.86427818171527,"mRpL21"
53.2001113520139,-0.345311575024284,0.299286927689097,-1.15378101439498,0.248589959769114,0.86427818171527,"pnt"
313.165301897598,0.352215520542783,0.305301881663908,1.15366311738137,0.248638310571746,0.86427818171527,"tfc"
208.286785783955,0.249497982885814,0.21647444466795,1.15255167079199,0.249094449765634,0.8643815774762,"CG12155"
56.3636365596709,-0.364790722653966,0.316481094155456,-1.15264617505013,0.249055642348092,0.8643815774762,"CG15084"
33.3236368570412,1.26956150312681,1.10151860133564,1.15255566414168,0.249092809842994,0.8643815774762,"CG15332"
25.8925496121518,0.700777430408054,0.607978362486719,1.15263547791697,0.249060034828088,0.8643815774762,"Obp69a"
267.580054128817,0.195022126634195,0.169329560628239,1.15173113253606,0.249431574935866,0.865129967008556,"CG1812"
8.19544175403028,-0.938860506642546,0.815306536387673,-1.15154296542537,0.249508929931228,0.865129967008556,"Ir75a"
108.337662459091,0.300704562122454,0.261356634781131,1.1505526246704,0.249916332670772,0.865508095198459,"CG14857"
7.1988277242947,0.835416482334308,0.725933523544172,1.1508167831341,0.249807618715555,0.865508095198459,"corn"
26.0729355031925,0.516848768586055,0.449177208985465,1.15065670796931,0.249873493425505,0.865508095198459,"nAChRbeta2"
21.0929275163686,-0.503122724117973,0.437401140687918,-1.15025471430342,0.25003897681263,0.865588391090023,"Cals"
119.374045085747,0.272247710178446,0.236929533890351,1.1490661620279,0.250528700032956,0.866806121012032,"CG13625"
24.0641149742508,-0.641624794260284,0.558460206674829,-1.148917660724,0.250589934558919,0.866806121012032,"CG6048"
154.069039343886,-0.537331968589655,0.468005823885629,-1.14813094445801,0.250914511390133,0.86758402567673,"CG10514"
104.681984677786,0.285709337211811,0.248976749673438,1.14753420785897,0.251160903608289,0.867746464510894,"Mcm6"
59.6282214779323,-0.356049566180965,0.310225225823315,-1.14771313401751,0.251087007379064,0.867746464510894,"Polr1H"
528.125407498273,0.307901795323332,0.26844849866592,1.14696784244829,0.251394911693288,0.867865893084762,"Nepl10"
83.5989372134318,0.269630025790201,0.235080173844067,1.14697050534364,0.251393811095458,0.867865893084762,"Oga"
183.254920818477,0.217590384707318,0.189838138539236,1.14618899227325,0.251716961534273,0.868633115080403,"CG17712"
470.239639427355,0.309344614630217,0.269955295851498,1.14591052438692,0.251832176121721,0.868686257941868,"Tep3"
5.70919354761195,0.860135198252503,0.751193995903433,1.1450240589557,0.252199191272327,0.869607591776174,"Ugt303A1"
71.0219347899667,-0.468710240341344,0.409504783290527,-1.14457818190811,0.2523839345334,0.86973792222818,"Fam92"
198.597727746978,0.213062844423377,0.186170434212779,1.14445048873798,0.252436859881464,0.86973792222818,"dmt"
18.6217364661872,-0.55982412675033,0.489306029324096,-1.14411859490807,0.252574457032527,0.869867629423856,"Abcd1"
74.3393593303463,0.457815379142217,0.400934983348064,1.14186937572563,0.253508319794513,0.869985373490396,"BigH1"
15.4787862406554,-0.723268879335056,0.632687888876493,-1.14316852282318,0.252968628584098,0.869985373490396,"CG2991"
15.2408870533045,0.680705637861064,0.595912983544034,1.14229032872006,0.25333335992502,0.869985373490396,"CG32284"
189.808998837326,0.425231062371893,0.372024890658505,1.14301777394306,0.253031211546915,0.869985373490396,"CG6660"
180.940759658447,0.487571137471245,0.426701181902736,1.14265241848424,0.253182932554813,0.869985373490396,"CG7896"
449.236394388889,-0.334409986167991,0.29277657290311,-1.14220199673783,0.253370066200741,0.869985373490396,"CG8534"
390.629108385062,0.34586757728761,0.302879229558573,1.14193230678673,0.253482158533196,0.869985373490396,"GluRIIE"
144.307679644036,-0.307192044566181,0.26875519102142,-1.14301808794345,0.253031081179347,0.869985373490396,"Josd"
1556.25446841934,-0.151708887266478,0.132745783207101,-1.14285277920876,0.253099720996407,0.869985373490396,"bsf"
19.4481982921248,0.540397252282376,0.473590983832712,1.14106321853725,0.253843616137965,0.870106731488265,"DopEcR"
131.670777910315,0.297857573578156,0.261033386462547,1.14107079410278,0.253840463877835,0.870106731488265,"Idgf4"
54.129160663326,0.42390780598872,0.371381389486339,1.14143524147785,0.253688846273644,0.870106731488265,"Lip4"
297.551715717135,0.201089259236846,0.176443916068352,1.1396780558812,0.254420452675487,0.871397559872003,"CG2116"
15.8580101669511,0.612989564076103,0.537817031582911,1.13977343237335,0.254380704919111,0.871397559872003,"PK2-R1"
10.0627222154069,-1.46399443179596,1.28574360734943,-1.13863636842341,0.25485485291353,0.872087024357716,"CG13921"
29.3288310894737,-0.637248789730769,0.5598572079033,-1.13823450111021,0.255022575777363,0.872087024357716,"CG43093"
57.9189562184586,-0.421543917945288,0.370321081792786,-1.13832006512976,0.25498685845029,0.872087024357716,"bond"
86.569495747212,-0.342437584830722,0.300677691571422,-1.13888590484066,0.254750745306161,0.872087024357716,"bs"
311.542501728661,-0.217652311081675,0.191295224241974,-1.13778225224463,0.255211417597293,0.872390010742043,"LeuRS-m"
607.690954541063,0.211853180391386,0.186496690594352,1.13596214343656,0.255972408233772,0.873544401883825,"CG3356"
7.5338990117738,1.11713584389822,0.983320913272286,1.13608469912495,0.255921118040661,0.873544401883825,"CG5267"
230.444261111746,0.256609063909366,0.225812205522416,1.13638261189514,0.255796469772701,0.873544401883825,"CG5282"
120.822437762462,-0.32067743220365,0.282305913055218,-1.1359217691658,0.255989306639858,0.873544401883825,"Fadd"
8.1511218396912,-0.952109479261783,0.838291013270122,-1.1357744079203,0.256050990371784,0.873544401883825,"lncRNA:CR44366"
34.119337306863,0.443254928457243,0.390868960888653,1.13402437341018,0.256784324296738,0.874069691479422,"CASK"
61.8511566236045,-0.454068063565849,0.400508258630058,-1.13372958929484,0.256907993887666,0.874069691479422,"CG31778"
10587.3087693858,0.138125141042245,0.121825790189537,1.13379228509292,0.256881687911474,0.874069691479422,"CG5214"
110.809753310958,0.254357512042671,0.224291876534224,1.13404692123952,0.256774866598635,0.874069691479422,"CG9630"
6.43229897798538,0.892576887200391,0.787271560035424,1.1337598517597,0.256895296093855,0.874069691479422,"Lsd-2"
1725.1812164631,0.247859179234805,0.218511922320687,1.13430506034837,0.256666607254801,0.874069691479422,"dmGlut"
16.6643559122004,-0.703902672856048,0.620523431593101,-1.13436920673388,0.256639710220643,0.874069691479422,"lark"
456.308578247747,-0.172856494934268,0.152663127171733,-1.13227403457955,0.257519242929997,0.874781409531525,"gammaSnap1"
10.9665662296735,0.634144669927625,0.560033815145179,1.13233282130158,0.25749453636162,0.874781409531525,"lncRNA:CR45962"
112.812835870931,0.380151873663041,0.335654536871977,1.13256885250455,0.257395354989929,0.874781409531525,"rtet"
94.2377351824604,-0.387836162892741,0.342491163229552,-1.13239757556255,0.25746732369142,0.874781409531525,"unc-13-4A"
694.896901708757,-0.319096572753955,0.281916965207081,-1.13188141238525,0.257684294253155,0.875000551262273,"CG31373"
397.015140211733,-1.78816575733216,1.58066562957533,-1.13127389112179,0.257939829879297,0.875526653447551,"CG8840"
5.18895093842963,1.3467456672587,1.19099154725204,1.1307768475486,0.25814902703831,0.875895119810688,"lncRNA:CR44523"
150.412530047012,-0.240425428243117,0.213411543590416,-1.12658117831033,0.259919600618536,0.877455502010518,"CG3548"
24.6269853855957,0.645441595581018,0.572830611548652,1.12675821188407,0.259844722946416,0.877455502010518,"CG42748"
836.430588426295,-0.371941994081082,0.330043897345108,-1.1269470427207,0.259764871994502,0.877455502010518,"Cyp309a2"
279.747695132151,-0.224637496309123,0.198951439559794,-1.12910716708642,0.258852628265238,0.877455502010518,"Cyt-b5"
203.038997424822,-1.78735622582064,1.58488279476861,-1.12775293650758,0.259424274432276,0.877455502010518,"Dnaaf3"
13.8854664950452,0.627229529270636,0.556488773132388,1.12711982622769,0.2596918218678,0.877455502010518,"Drgx"
15.9916098394537,-0.754818017232795,0.668737338003099,-1.12872120986506,0.259015459055396,0.877455502010518,"Hip1"
76.9014673896884,-0.390628452646899,0.34588435095322,-1.12936145150935,0.258745387440779,0.877455502010518,"Hmg-2"
604.35011824669,0.337281895648134,0.299353487594921,1.12670107289525,0.259868888676178,0.877455502010518,"Jupiter"
110.9193179995,0.318814163366628,0.28257658510417,1.12823984778887,0.259218639452904,0.877455502010518,"Oatp58Da"
45.8431573803771,0.359581704702458,0.318958744221536,1.12736117512648,0.259589807192927,0.877455502010518,"Oseg6"
13042.3675308552,-0.229353470699887,0.203178100307977,-1.12882968367277,0.258969688070028,0.877455502010518,"RpL41"
663.541244091042,0.253409660473511,0.224801494349459,1.12725967950898,0.259632704535012,0.877455502010518,"Spn43Aa"
662.156021491446,0.198487400278893,0.176262981452375,1.12608670659825,0.260128820239754,0.877571492646075,"CG3198"
20.3138342806686,-0.750147809683824,0.666578604963359,-1.12537036757287,0.260432122491097,0.877571492646075,"CG33282"
90.7620033710737,0.278249665480793,0.247369756761935,1.12483299948658,0.260659807938654,0.877571492646075,"CstF64"
461.257722075836,-0.21781164918407,0.193434510843949,-1.12602269488399,0.260155913233326,0.877571492646075,"Rab14"
67.1619593879752,0.305133949366153,0.271191269477744,1.12516140343963,0.260520645244293,0.877571492646075,"Tti1"
8.86815355340736,0.869032297623156,0.77198186124519,1.12571595428606,0.260285768463116,0.877571492646075,"lncRNA:CR44851"
677.59550674888,-1.78720357424784,1.58861056549005,-1.1250105048222,0.260584582846938,0.877571492646075,"ms(3)76Cc"
6.17695852843499,-1.46865394740758,1.30708034309408,-1.12361413371961,0.261176757524003,0.878632130162892,"UQCR-C2"
552.728344099879,-0.416169364217734,0.370357020313516,-1.12369778724712,0.261141255458248,0.878632130162892,"nmdyn-D7"
159.235916664009,-0.349336024519896,0.311106086818751,-1.12288392712618,0.261486794621543,0.87933522936294,"Nmdar2"
355.05868864046,0.20136854742992,0.179509276140426,1.12177237722464,0.261959233815306,0.880583704864662,"CG8237"
48.9854371672792,0.369728042452474,0.329738751587343,1.12127567861716,0.262170534886884,0.880953731706776,"ND-AGGG"
443.014368029623,-0.400628200184789,0.357664261496105,-1.12012365593634,0.262661071204683,0.880984694797179,"CG18171"
66.688091636549,0.379035077547833,0.338404411945223,1.1200654133587,0.262685887969514,0.880984694797179,"CG30380"
23.99324965779,0.608374782366888,0.543074609521869,1.1202416237108,0.262610810901539,0.880984694797179,"Cog1"
40.5581170923112,-0.431949454462873,0.385604645156405,-1.12018737297023,0.262633923665783,0.880984694797179,"Det"
38.0162086335506,-0.406371384551078,0.362681005151235,-1.12046503340208,0.262515645150031,0.880984694797179,"Hs6st"
40.9400680695283,0.401161039814669,0.358389444364353,1.11934390402088,0.262993452435842,0.881676431644504,"Fer1HCH"
292.269578429412,0.633436180856857,0.566484626007347,1.11818777028671,0.263486806397662,0.88264784626422,"CG13855"
92.8504456135276,-0.318047128354376,0.284387973800376,-1.11835646249102,0.263414781046063,0.88264784626422,"Cul6"
253.832293721822,0.193553467036777,0.173132171328463,1.11795205681081,0.263587470118431,0.88264784626422,"Fbxl4"
9.7859456780912,-0.750133834097967,0.671632695574448,-1.11688105573297,0.264045185638525,0.882821840419548,"Akap200"
921.118361922177,0.169951447572542,0.152094133625899,1.11740961680065,0.263819225151736,0.882821840419548,"CG1371"
78.5677683288135,-0.345913317809605,0.309708727228323,-1.11689883880667,0.264037581184287,0.882821840419548,"JhI-26"
6.82765292547472,0.975196216708609,0.872897388404771,1.11719456337335,0.263911144648965,0.882821840419548,"snoRNA:Psi28S-3091b"
282.267263972174,0.303990840077451,0.272249128744904,1.11659068103865,0.264169377952923,0.88289788645326,"rk"
32.1991355207557,0.430516328581449,0.386563828710757,1.11370049809699,0.26540769556124,0.885986500616159,"CCKLR-17D1"
368.879223674086,0.173997769419661,0.156330886321209,1.11300954989887,0.265704328002778,0.885986500616159,"MED15"
40.7004801766358,-0.400694536111306,0.359737478047139,-1.11385263021942,0.265342414047426,0.885986500616159,"PIG-Wa"
157.72867975873,0.226481322045585,0.203434566413041,1.11328829725894,0.265584630920472,0.885986500616159,"Prosap"
68.7680577504037,-0.412302349316784,0.370430500075346,-1.11303564159248,0.265693122376382,0.885986500616159,"Toll-6"
155.661460111586,-0.252033198786533,0.226223083800365,-1.11409142936512,0.265239965098998,0.885986500616159,"mdu"
485.329738560436,-0.206225996611975,0.185368719389989,-1.1125177823455,0.265915588786851,0.88601200965236,"CG32428"
154.097282020242,0.309808849093953,0.27843581192111,1.11267601303288,0.265847601091767,0.88601200965236,"lncRNA:CR44024"
10.7991953954851,0.758102808475942,0.681575021588744,1.11228079736375,0.26601743758362,0.886012154339934,"CG6023"
503.240216259953,-0.250394314973918,0.225207626836623,-1.1118376339695,0.266207967521707,0.886307552158155,"CG10055"
192.556474167328,-0.228476933505986,0.205568474691176,-1.11143955243733,0.266379195402742,0.886538484738075,"RpLP0-like"
54.6115977114194,-0.390739070369367,0.351726822183345,-1.11091632973526,0.266604365843897,0.886948698753605,"UQCR-11"
7.30981785551737,-1.10119688628419,0.992209573598043,-1.10984303677995,0.267066670391531,0.887699539139779,"CG34273"
718.514713569875,-0.351035281036203,0.316359569659751,-1.10960854262682,0.267167748506957,0.887699539139779,"Cpr72Ea"
116.625826847585,0.241991503266372,0.218026255298567,1.10991909178547,0.267033892721419,0.887699539139779,"CycY"
170.744807344648,-0.249519989295203,0.224905139984516,-1.10944547248845,0.267238054986352,0.887699539139779,"Nf-YA"
335.460565227439,0.259329235485685,0.233856588539124,1.10892422191603,0.26746287362093,0.8878818299005,"CG7139"
405.946640927549,-0.230474651822035,0.207851063905016,-1.108845186991,0.267496973227521,0.8878818299005,"Rap2l"
41.9273869903158,-0.568489366229696,0.512985546418924,-1.10819762895511,0.267776474603518,0.888470704717659,"lncRNA:CR33938"
9.3956716444873,-0.836319972558745,0.754926827063925,-1.10781594000491,0.267941314576398,0.888678834130484,"CG13117"
344.85627216198,0.210186825205221,0.190268492801011,1.10468539541668,0.269295933866447,0.889561760777817,"Arp6"
76.5590385211402,0.343081480852345,0.310589852597766,1.10461265228989,0.269327466353172,0.889561760777817,"CG16756"
85.2526032083793,0.270232507867423,0.244415216582126,1.10562882150434,0.268887209682514,0.889561760777817,"CG30389"
39.4314038443742,-0.546794218465706,0.494080975267094,-1.10668948175978,0.26842820450079,0.889561760777817,"CG32695"
142.636636642624,0.237949991536041,0.215350054072503,1.10494512091429,0.269183369459334,0.889561760777817,"CG3335"
23.7842091651078,1.26682332671817,1.14685900689671,1.1046025004818,0.269331867131971,0.889561760777817,"CG4835"
439.723518400721,-0.18331586293908,0.165915685393751,-1.10487361399276,0.269214357165231,0.889561760777817,"CG7483"
72.4614227849326,-0.323562790625755,0.292811414271535,-1.1050210984115,0.269150447100785,0.889561760777817,"CG8249"
16.8446506212205,0.61462361786478,0.556112650791174,1.10521423490432,0.269066770173922,0.889561760777817,"Chsy"
3789.51328810992,-0.483781380628732,0.437513333543739,-1.10575231321577,0.268833740424508,0.889561760777817,"Mur18B"
16.9937229281862,0.7643055017784,0.691493323205556,1.10529700884935,0.269030913597572,0.889561760777817,"lncRNA:CR44273"
631.974452121785,0.34033337231822,0.30834600730672,1.10373854129294,0.269706571707592,0.890391683414897,"CG10936"
16.212669457021,-1.01244542186498,0.917442877053597,-1.10355145501428,0.269787759297378,0.890391683414897,"CG13215"
61.5402304220666,-0.451154522148421,0.409203868160338,-1.10251773566237,0.270236652317201,0.890522372251648,"CG32066"
1989.99917499671,0.171240753931091,0.155256819560991,1.10295157671848,0.270048194344619,0.890522372251648,"CG8728"
82.0925638852589,0.347474182196529,0.315058749132393,1.1028869477626,0.270076263063286,0.890522372251648,"Dora"
192.626591991583,-0.274059156260373,0.248534994472816,-1.10269846241049,0.270158134737163,0.890522372251648,"sog"
915.258270812582,0.848135609598644,0.770222055341724,1.10115726200849,0.270828218708837,0.892133984641564,"CG10472"
7.90292597165335,-1.20058362886686,1.09188264205459,-1.09955372731975,0.271526612570021,0.892405826867668,"CG1894"
17.863279381376,0.556052228601607,0.505627275158407,1.09972751851134,0.27145086105624,0.892405826867668,"Cluap1"
20.2121515944996,0.711910456689616,0.647065682322571,1.10021358903518,0.271239071152331,0.892405826867668,"IFT57"
197.302908434789,-0.19144519085136,0.174177701249287,-1.09913719998727,0.271708226016571,0.892405826867668,"MrgBP"
10.3045066531638,-0.791607719656675,0.72039667986927,-1.09884976121812,0.271833603013465,0.892405826867668,"Strica"
27.3173104604154,-1.78622602809262,1.62506730853062,-1.099170488949,0.271693708369876,0.892405826867668,"YME1L"
13.0865392045823,0.739078483588023,0.672510531415538,1.09898425238393,0.271774934811919,0.892405826867668,"asRNA:CR45683"
11.7499449893288,-0.778867702027674,0.708522427989225,-1.09928447041272,0.271644003945155,0.892405826867668,"lncRNA:CR45472"
191.180950418383,-0.269567737491556,0.245155715372283,-1.09957761776919,0.271516198423886,0.892405826867668,"mgl"
887.30971259466,0.257593179304271,0.234618791970719,1.09792219600389,0.272238464856097,0.892724702201438,"Men-b"
191.757816564309,-0.20960964534339,0.190853638215051,-1.098274297015,0.272084731927541,0.892724702201438,"Noc2"
1770.69444167706,-0.229682326582324,0.20919352742794,-1.09794184077441,0.272229886069678,0.892724702201438,"Ras64B"
326.127431644901,-0.78734385723202,0.717820436651193,-1.09685349849493,0.272705439293394,0.893919185751567,"CG31546"
10.9387577809449,0.724356648660026,0.660811121304419,1.09616292054857,0.273007483194595,0.89457233668771,"asRNA:CR44724"
28.9139301820174,-0.417204526815739,0.380882131616487,-1.09536387292598,0.273357254836066,0.895381328128823,"Mvb12"
233.59927301956,0.225973749406035,0.206436423667837,1.09464088454484,0.273673996562492,0.896081562108115,"Wdr37"
39.4345854282292,0.487200552950478,0.445694683907972,1.09312623762655,0.274338377494051,0.897420560333381,"CG6688"
18.5313606480683,-1.78552019041911,1.63359064771641,-1.09300343566186,0.274392291284284,0.897420560333381,"CG6978"
10.5202696425921,-0.795648884190547,0.727928675306909,-1.09303137955801,0.274380022429594,0.897420560333381,"Gr66a"
553.959707369372,0.158608927741459,0.145176609182466,1.09252398602388,0.274602853515333,0.89777183852139,"Smyd4-4"
54.1357890369041,0.41067643866323,0.376510760941281,1.09074289838764,0.275386028675503,0.899994219888435,"Mpcp1"
525.419500173874,-0.233574912137717,0.219128055569008,-1.06592883111747,0.286455814799219,0.900038563186165,"AnxB9"
494.152316574707,0.354897688046273,0.326959950799279,1.08544697042772,0.277723738598994,0.900038563186165,"Argk2"
257.857130062612,0.248327702530893,0.231381769695917,1.07323797746575,0.28316435515625,0.900038563186165,"Blm"
251.80782357648,0.193419702232849,0.178603271947013,1.082957216429,0.27882741359064,0.900038563186165,"CG10366"
582.488589848837,-0.150988541397319,0.141051193677984,-1.07045206396496,0.284415874950691,0.900038563186165,"CG10470"
402.474216317132,-1.27387097010882,1.17168708307844,-1.08721090170415,0.276943613984644,0.900038563186165,"CG11249"
389.089514382144,-1.90935772631242,1.78040436326587,-1.07242925579558,0.283527273362969,0.900038563186165,"CG11369"
368.825727159237,-0.927157287746744,0.86733269372407,-1.06897537064561,0.285080767578315,0.900038563186165,"CG12035"
12.6105442862748,-0.942276126512356,0.879142615219593,-1.07181259354262,0.283804215469645,0.900038563186165,"CG13063"
311.819497135954,-1.9078238275228,1.78395529570592,-1.06943477345819,0.284873805347231,0.900038563186165,"CG1314"
102.068177780317,0.29937467580421,0.279914027364723,1.0695236627571,0.284833772211217,0.900038563186165,"CG13151"
166.712031925751,-1.90846005721764,1.77940212130679,-1.0725288198578,0.283482576456955,0.900038563186165,"CG13473"
580.034176114142,-1.90773294374123,1.77595717771079,-1.07419985553948,0.282733117132232,0.900038563186165,"CG13476"
359.218461643606,-1.90904674783225,1.77606419339574,-1.07487485808846,0.282430759704877,0.900038563186165,"CG13872"
100.50905988203,-1.90776113747826,1.78612139387352,-1.06810273031943,0.285474174410998,0.900038563186165,"CG13984"
1612.44456181175,0.242767458746228,0.224861839164227,1.07962942777909,0.280307231602886,0.900038563186165,"CG14259"
157.121609777867,-1.90848547636089,1.78378015428974,-1.06991070159137,0.284659505620324,0.900038563186165,"CG14262"
123.275056707666,-1.90794485647275,1.78038618112323,-1.07164663301815,0.283878779365569,0.900038563186165,"CG1428"
9.50626151819425,0.866650479117022,0.801700664030618,1.08101504464255,0.279690421438126,0.900038563186165,"CG14342"
64.8895622171489,0.658774150897183,0.608591368987967,1.08245726848323,0.279049393115499,0.900038563186165,"CG14564"
256.882121813796,0.181615760718558,0.166767810674308,1.08903366893296,0.276139038572728,0.900038563186165,"CG14647"
110.925909164632,-1.90743165126494,1.78037655286656,-1.07136417191847,0.28400571594345,0.900038563186165,"CG14708"
9.67921982130835,1.18716580410814,1.10452120471439,1.07482391378364,0.28245357180312,0.900038563186165,"CG14811"
12.1370865889969,-0.660396904542093,0.617020076384483,-1.07030051341568,0.284484063399332,0.900038563186165,"CG14957"
83.8585938698876,-0.291638357416812,0.273137333869833,-1.0677352425055,0.285639956353612,0.900038563186165,"CG15877"
587.853767218997,-1.27316517833297,1.17180498718896,-1.08649919760724,0.277258195720092,0.900038563186165,"CG16739"
421.801676519416,-0.194034894113627,0.178934910755411,-1.08438813473831,0.278192742358712,0.900038563186165,"CG17660"
40.5054980043402,-0.55932636846562,0.516914491538976,-1.08204814842852,0.279231133976414,0.900038563186165,"CG17930"
763.773808929082,-1.05256742444444,0.979154007948709,-1.07497637337923,0.282385306399534,0.900038563186165,"CG18335"
934.880162659169,-0.315249592310493,0.292106097189008,-1.07922975707868,0.280485317407944,0.900038563186165,"CG18367"
27.4289784636185,1.00774653072525,0.930816012947613,1.08264846834126,0.278964485180717,0.900038563186165,"CG18558"
147.625625313597,-1.90848257544478,1.78321006947854,-1.07025112077955,0.284506289445055,0.900038563186165,"CG2574"
308.226810150554,-0.255347802977752,0.239400864024448,-1.06661186883467,0.286147138701003,0.900038563186165,"CG2765"
84.8185616223025,-1.908492846328,1.7843896907436,-1.0695493569752,0.284822200997192,0.900038563186165,"CG2901"
151.387215113815,-0.266991342814763,0.248937337608029,-1.07252429619522,0.28348460714365,0.900038563186165,"CG30094"
47.8476344264456,-1.27824158568787,1.19939681089878,-1.06573702220369,0.28654253686594,0.900038563186165,"CG30184"
51.8938851468314,-1.90714628338857,1.78453392118863,-1.06870833932833,0.285201112640787,0.900038563186165,"CG30385"
190.779114559402,0.224868717947733,0.209873240721624,1.07145016284377,0.283967067992459,0.900038563186165,"CG31156"
287.493624781443,0.20802679745491,0.19455628377689,1.06923710412493,0.284962843465496,0.900038563186165,"CG3149"
295.119126564003,-1.90845031241744,1.77835148440918,-1.07315698226635,0.283200687999984,0.900038563186165,"CG3199"
89.3995949582781,-0.746349722502589,0.693725117911648,-1.07585800662568,0.281990765134633,0.900038563186165,"CG32110"
123.961133300465,-1.90848104847364,1.7827661584634,-1.07051675813646,0.284386769911633,0.900038563186165,"CG32945"
177.1317139258,0.267655817971687,0.245936828510504,1.08831125290475,0.276457724472375,0.900038563186165,"CG33144"
280.316204463705,-1.27242397599376,1.17927232084778,-1.07899079245667,0.280591832285534,0.900038563186165,"CG33191"
119.752889423172,-0.374705787799155,0.349589656066562,-1.07184460780444,0.283789833405883,0.900038563186165,"CG34354"
88.8270511489721,-1.90846139996448,1.77901373490944,-1.07276372436868,0.283377140604958,0.900038563186165,"CG3491"
139.689011749879,-1.90795340667002,1.78009787523331,-1.07182500086965,0.28379864155248,0.900038563186165,"CG42810"
29.1492365790665,-1.91039851924573,1.79496753099851,-1.06430812048339,0.287189140522576,0.900038563186165,"CG42831"
62.1022264341899,-1.90851950584556,1.78874926173144,-1.06695753657401,0.285991011374504,0.900038563186165,"CG43098"
283.946605408543,-0.209140588415982,0.195313205724997,-1.07079594357001,0.28426119125172,0.900038563186165,"CG43324"
18.5208161596109,-0.56757673243562,0.531675119710249,-1.06752547071403,0.285734618253127,0.900038563186165,"CG6420"
137.784550022198,-1.90845885264658,1.77901908987475,-1.07275906341227,0.283379232396317,0.900038563186165,"CG6873"
404.673071193642,-1.05505790797143,0.991294124505995,-1.06432377827036,0.287182049760714,0.900038563186165,"CG9316"
17.3107132560732,0.645652847848563,0.60169515585842,1.07305641662916,0.283245804149908,0.900038563186165,"CG9331"
442.272960313079,-0.194364393507961,0.181065684667103,-1.07344687573081,0.28307066210484,0.900038563186165,"CG9590"
3662.39488096429,0.355402159080546,0.333658432334261,1.065167622452,0.28680008253562,0.900038563186165,"CG9920"
66.2949037562587,0.392548760559643,0.363221130447125,1.08074318274495,0.279811368509911,0.900038563186165,"Gbp3"
80.7738954007987,0.381777699196495,0.351727969252405,1.0854345760673,0.277729225476732,0.900038563186165,"Got2"
69.2211679457273,0.50485086454275,0.471589617280821,1.07053006691223,0.284380782722101,0.900038563186165,"GstD2"
1170.97660755115,-0.283336494530222,0.264559925046889,-1.07097284095467,0.284181641568428,0.900038563186165,"GstE9"
41.7049972333409,0.439807590874489,0.412669164844798,1.06576315446272,0.286530720712257,0.900038563186165,"HSPBAP1"
1128.00776868527,0.148975646828415,0.138028062140415,1.07931419537618,0.280447686877207,0.900038563186165,"Hipk"
197.930984200025,0.244097830834147,0.228942171886406,1.0661986335801,0.286333859719439,0.900038563186165,"IntS2"
265.914216110848,0.232802078927146,0.218257990170562,1.06663714233426,0.28613572149942,0.900038563186165,"Kaz"
749.913128498808,0.1619057077291,0.152087042594913,1.06455951122897,0.287075310368886,0.900038563186165,"Mhcl"
12.1551073249669,0.662479354598596,0.620810542416314,1.06712001381307,0.285917645368254,0.900038563186165,"Muc68Ca"
5942.69074637571,0.168695511947145,0.157792928098772,1.06909424889782,0.285027202849127,0.900038563186165,"ND-30"
9.51765213045994,-0.874207377088349,0.81475918630111,-1.07296412459874,0.283287212846466,0.900038563186165,"ND-42"
13.4171191253143,0.725967963938851,0.676555410262043,1.07303548671301,0.28325519442295,0.900038563186165,"Npc1b"
122.921734336852,-0.23672010257298,0.220119648625509,-1.07541559352438,0.282188703451209,0.900038563186165,"Ntf-2"
6.40416011596837,0.96469654359468,0.888994103466047,1.08515516563437,0.27785293768365,0.900038563186165,"Or13a"
146.708596609796,-1.90847544566173,1.78190487174132,-1.07103104993294,0.284155468638378,0.900038563186165,"PPYR1"
125.605707752035,-1.90838184124589,1.78273200620035,-1.07048161732023,0.284402579042917,0.900038563186165,"Parp16"
197.259579427607,-1.90837967023929,1.78082236690542,-1.07162831380848,0.28388701075996,0.900038563186165,"Pif2"
79.7621177092972,-0.351525899620045,0.325154219487606,-1.08110514504163,0.279650345032334,0.900038563186165,"Pino"
345.635540006123,0.184525327346292,0.172570469545215,1.06927522323247,0.28494567164079,0.900038563186165,"Plekhm1"
79.390017973455,-1.9097111147716,1.78523911707742,-1.06972287157697,0.284744068216578,0.900038563186165,"Prosalpha3T"
1671.94158771891,-0.17870537369623,0.166719154299194,-1.07189467489456,0.283767342292022,0.900038563186165,"Prosbeta6"
55.3971890645605,0.332709331239636,0.309134708373352,1.0762600323669,0.281810978054755,0.900038563186165,"RpL27"
17802.3370885546,0.194500335149295,0.18114550004808,1.07372435471856,0.282946242368281,0.900038563186165,"RpLP2"
65.8450343282587,0.291072078984359,0.271129521625641,1.07355361835608,0.283022795033465,0.900038563186165,"RtGEF"
366.267381654514,0.193385612621166,0.179897227582795,1.07497828187576,0.282384451920834,0.900038563186165,"SCAP"
63.9168508241753,-0.343060501242062,0.319218716783438,-1.07468792775957,0.282514470429499,0.900038563186165,"SIFa"
605.073593834965,0.201031170343561,0.188863028320454,1.06442839623677,0.28713467565816,0.900038563186165,"SMSr"
655.207145410158,0.167984432702803,0.157009203301082,1.0699018221287,0.284663502843792,0.900038563186165,"Sec71"
136.171395553001,-0.265938154356289,0.244743720920784,-1.08659847678938,0.277214298527737,0.900038563186165,"Sf3b5"
132.829557986895,-0.252949201169562,0.233042689495349,-1.08542002204541,0.277735668512429,0.900038563186165,"Slu7"
274.708515587122,0.336630119492909,0.309412670884902,1.08796488046261,0.276610611771156,0.900038563186165,"Src42A"
10.2115599098318,0.668081738041204,0.627004966483464,1.06551267334949,0.286643993627652,0.900038563186165,"Tab2"
1056.7674599184,-0.143867051181643,0.133849641732103,-1.07484076400884,0.282446026385881,0.900038563186165,"Tif-IA"
146.576516875951,-0.228629588811762,0.21077539421839,-1.08470720531483,0.278051355594308,0.900038563186165,"Trs20"
8.45662007294293,0.902325163714401,0.836366212172156,1.0788637209183,0.280648483694408,0.900038563186165,"TwdlV"
192.938515762945,-1.90762922980646,1.77752214167027,-1.07319576228397,0.283183291657388,0.900038563186165,"Uch-L5R"
58.3214827656733,-0.789217219256074,0.737380785928539,-1.07029805267066,0.284485170674869,0.900038563186165,"VhaAC39-2"
597.119150870291,0.244152236612432,0.224964199544685,1.08529373609927,0.277791579315554,0.900038563186165,"Vps13B"
246.939705794306,0.234084943201042,0.217782694113474,1.07485557635298,0.282439393630908,0.900038563186165,"abs"
39.4881887492664,-1.91033163671474,1.79403880922573,-1.06482180145211,0.286956577382102,0.900038563186165,"d-cup"
205.997251350489,-1.90877935381386,1.77701581563414,-1.07414877066398,0.282756008774896,0.900038563186165,"eIF3g2"
35.0590074195923,-0.411242535443867,0.386010024776428,-1.06536750096595,0.286709657523641,0.900038563186165,"eIF4G1"
255.796408115435,-0.191457425650794,0.17839303144344,-1.07323376984877,0.283166242532196,0.900038563186165,"fh"
45.2282815689976,0.396905179593756,0.367641606947433,1.07959809796639,0.28032118880751,0.900038563186165,"isoQC"
46.865483510215,-1.91001914174724,1.78957037322406,-1.06730596925684,0.285833693473079,0.900038563186165,"karr"
6.74919167176824,1.0636659244292,0.999052539317476,1.06467466181095,0.287023180162529,0.900038563186165,"lncRNA:CR43435"
56.3489306198248,-1.9069235476331,1.7877489096643,-1.0666618434639,0.286124563161052,0.900038563186165,"lncRNA:CR43437"
35.920428019376,0.469756808254364,0.440051555272609,1.0675040290753,0.28574429522997,0.900038563186165,"lncRNA:CR44145"
86.4917430123752,-1.90950756777796,1.78237716500401,-1.0713263192943,0.28402272963896,0.900038563186165,"lncRNA:CR46043"
71.7964984039373,-0.336137051546513,0.308920606911312,-1.08810174532324,0.276550193327144,0.900038563186165,"mats"
26.7275816245504,-0.841993741860612,0.778774905541018,-1.08117728995861,0.279618257989025,0.900038563186165,"mia"
68.1690337070698,-1.90702818970376,1.78621344785182,-1.0676373487151,0.285684129398286,0.900038563186165,"ord"
391.884467389953,0.168040424979879,0.155831333827422,1.07834811428861,0.280878432664611,0.900038563186165,"oxt"
15.7850376324894,-0.582511885494515,0.539534907106985,-1.07965560304147,0.280295571075064,0.900038563186165,"pdgy"
10.4703913377174,-0.635554777973063,0.597090582777632,-1.06441936333428,0.287138765814902,0.900038563186165,"png"
845.726250741818,-1.27206964065259,1.17391649597466,-1.0836116921557,0.278537004512326,0.900038563186165,"tomboy20"
9.14634091743348,0.716649896532117,0.672162307639347,1.06618578338469,0.286339667420193,0.900038563186165,"wdp"
39.9006948539558,0.495838623686455,0.466187844743558,1.06360264274846,0.287508744715974,0.900715840627474,"trio"
232.262682144388,0.204956393525947,0.193179765622965,1.06096201569043,0.28870716375671,0.901828957606324,"CG11964"
38.9694797989156,-1.90646885174398,1.79441542102984,-1.06244564630961,0.288033420825487,0.901828957606324,"CG1628"
26.3324291030352,-1.90738918127407,1.79813326291031,-1.06076074594545,0.288798645665639,0.901828957606324,"CG34334"
30.8324290826512,-1.90743062991782,1.79677657465658,-1.06158476063302,0.288424235012077,0.901828957606324,"CG42300"
246.952063025481,-0.18444235379593,0.173914083702194,-1.06053719094863,0.288900279651434,0.901828957606324,"CG9588"
40.9550406398705,-0.349013461127712,0.329052950325439,-1.06066048270508,0.28884422499338,0.901828957606324,"Gbs-76A"
909.924516142807,0.147079006217588,0.1384517249571,1.06231255885877,0.28809381486436,0.901828957606324,"Tmem63"
52.6000405954965,-0.609407771220524,0.57442432860735,-1.06090174261593,0.288734557260564,0.901828957606324,"fiz"
78.6001417623371,0.331388556742379,0.312103399101796,1.06179092472586,0.288330610659307,0.901828957606324,"fl(2)d"
43.3071488475834,-1.90629699443027,1.79694102287722,-1.06085673940369,0.288755011908418,0.901828957606324,"lncRNA:CR46414"
57.0217726898207,-0.489792572026699,0.463386799809756,-1.05698429956957,0.290518752952403,0.901889953522191,"CG10433"
159.42204444261,-0.926017048140916,0.873849940590221,-1.05969801578914,0.28928200579159,0.901889953522191,"CG10996"
180.367788118702,0.280522349749391,0.265672966639723,1.05589346668382,0.291016889332438,0.901889953522191,"CG11122"
217.079375665131,-0.24359442020127,0.230586047952191,-1.05641439438598,0.290778932483358,0.901889953522191,"CG11885"
17.6280811721878,1.11257738957028,1.05125123227162,1.05833634759803,0.28990212752275,0.901889953522191,"CG15570"
218.504186060755,-0.175583154449112,0.165871433358848,-1.058549690526,0.289804909248859,0.901889953522191,"CG1578"
67.1124644661873,-1.05108632935066,0.992204409968841,-1.05934454512621,0.289442895078215,0.901889953522191,"CG16824"
8.2177577489053,-0.762275725618617,0.720747823328395,-1.057617797718,0.290229725124851,0.901889953522191,"CG6216"
1408.09430842534,0.264533873745317,0.250166958772401,1.05742930658555,0.290315702276194,0.901889953522191,"Fmo-1"
298.953438590112,0.231347671574985,0.218409970646277,1.05923585306305,0.289492380571413,0.901889953522191,"HIP"
416.245428492494,-0.186079219069549,0.176074366578293,-1.0568217434808,0.290592948916237,0.901889953522191,"Idh3g"
61.4232429229095,-0.447980113522395,0.424236950064342,-1.0559667503136,0.290983405868522,0.901889953522191,"Met"
6.82243065515401,-0.850471748542804,0.803672464415969,-1.05823178744944,0.289949782570297,0.901889953522191,"Vps37B"
1926.16438985395,-0.216071483171185,0.203880809401491,-1.05979313995016,0.28923871840461,0.901889953522191,"aay"
346.414008361328,0.186799321409397,0.176527323750622,1.05818927880698,0.289969158107247,0.901889953522191,"lbk"
31.9647321282643,-1.90858865688139,1.80040581323467,-1.06008803284875,0.289104551596926,0.901889953522191,"lncRNA:CR43410"
13.241298865194,-0.657557726280669,0.622852246438978,-1.05572024511449,0.291096044978035,0.901889953522191,"nes"
199.989926914663,-0.214458142452604,0.203138423592273,-1.0557241641446,0.2910942539708,0.901889953522191,"pico"
176.279751693682,0.272027758387098,0.256982210310692,1.05854704128436,0.289806116347606,0.901889953522191,"shi"
25.6836564507009,-0.499354333808861,0.472922987323969,-1.0558893248866,0.291018781806746,0.901889953522191,"sif"
36.1455719526579,0.672269396463106,0.635979185529636,1.05706194755925,0.290483316345989,0.901889953522191,"slow"
16.9500538652015,0.543558983073033,0.514994312621112,1.05546599205443,0.291212255141067,0.901928916901317,"CG1090"
22.3554097081412,-1.90568875600474,1.80608139648452,-1.05515109103836,0.291356228596258,0.901957141926778,"CG43192"
581.826687296627,-0.268979819927537,0.254996298052852,-1.05483813679439,0.291499359385822,0.901957141926778,"CG6329"
100.988435229655,-0.325008215007885,0.308132953623753,-1.05476616890752,0.291532280850284,0.901957141926778,"l(2)k10201"
3409.87891695701,0.137233994905344,0.130389899734322,1.05248945804059,0.292575044647598,0.903137223542528,"Alas"
23.8505492402415,-1.90865541049807,1.81238684845083,-1.05311700541721,0.292287369899373,0.903137223542528,"CG44623"
208.147868405842,0.226662662976302,0.215304203084134,1.05275540249314,0.292453109525248,0.903137223542528,"Cpsf100"
689.509590184139,-0.20496307728539,0.194789709343906,-1.05222744043179,0.292695212700689,0.903137223542528,"GstE3"
368.639654578768,-0.223127595502705,0.211953969027853,-1.05271723160505,0.292470608720666,0.903137223542528,"comm2"
17.8127739302695,0.663085628282676,0.630142115520559,1.05227949687969,0.292671335629535,0.903137223542528,"nsl1"
237.411664043457,-0.20453826970013,0.194405594387516,-1.05212131546182,0.292743893785301,0.903137223542528,"or"
15.3599262297665,-0.592365317911111,0.562467124841731,-1.05315544989015,0.292269752700576,0.903137223542528,"srl"
862.590930552419,-0.183370853920939,0.176587784480859,-1.03841188369864,0.299078339321565,0.903497008388376,"Alg-2"
227.369735200683,-0.176129919557452,0.169177468479772,-1.04109560889021,0.29783117731982,0.903497008388376,"Atg5"
9.4151745795375,-1.00092003763786,0.957977145277799,-1.04482663555362,0.29610310212027,0.903497008388376,"BI-1"
8.7147866217542,0.780045271782522,0.742001449009894,1.05127189821987,0.293133729844911,0.903497008388376,"CG11674"
668.602176144433,-0.141027284534513,0.13585633278322,-1.03806191176633,0.299241232343421,0.903497008388376,"CG12121"
56.6545672641013,0.362225681571915,0.346052648360637,1.04673575910456,0.295221466318903,0.903497008388376,"CG13022"
55.4419257861086,-0.354241835113779,0.34125953213346,-1.0380423160612,0.299250354835017,0.903497008388376,"CG1344"
20.1515091675931,0.532135931267808,0.509867799100325,1.04367432539724,0.296636092384149,0.903497008388376,"CG13578"
8.67379443275588,-1.91114660196726,1.84201841676031,-1.03752849840043,0.299489621295763,0.903497008388376,"CG14551"
86.5120497904112,0.251457624128718,0.240054990425868,1.04750009021941,0.294868990589434,0.903497008388376,"CG14618"
7.54567818392751,-0.816122993062396,0.785210702120404,-1.03936814775768,0.298633551881494,0.903497008388376,"CG14817"
165.256301893444,0.32055599969749,0.309369222381303,1.03615995550585,0.300127525135102,0.903497008388376,"CG15528"
138.138770591109,-0.924716445682795,0.886967113030152,-1.04256001389238,0.297152116729797,0.903497008388376,"CG15705"
126.589566783133,-0.326840111612262,0.311315736733227,-1.04986697762837,0.29377927595805,0.903497008388376,"CG17574"
32.0145174644144,0.398890778977006,0.383430699601647,1.04032040050893,0.298191069305334,0.903497008388376,"CG18278"
371.26025340714,0.220959689475459,0.2130333301742,1.03720713230544,0.299639334817308,0.903497008388376,"CG18547"
204.746941117005,0.228873788630649,0.217921361734977,1.05025861993737,0.293599224686279,0.903497008388376,"CG2186"
88.0269864242336,0.351260516273776,0.336234172718728,1.04469011413548,0.296166215332189,0.903497008388376,"CG30002"
29.8743316846684,-0.461790505486205,0.445274976425236,-1.03709062924119,0.299693621954901,0.903497008388376,"CG31638"
4524.80377735269,0.663807090319314,0.634287660214376,1.04653949927855,0.295312018195484,0.903497008388376,"CG33340"
244.407127699979,0.207457753004941,0.200060993060619,1.03697252438451,0.299748662178033,0.903497008388376,"CG34056"
453.685313417266,0.2453461535794,0.234549280550763,1.04603242867889,0.2955460604638,0.903497008388376,"CG4462"
398.399411373892,-0.254476486452282,0.243293622273926,-1.04596447730046,0.295577433370981,0.903497008388376,"CG4627"
140.405777919701,0.333147570040876,0.318739937029332,1.04520184431804,0.295929691234062,0.903497008388376,"CG4935"
10.5449517737843,-1.90879802428216,1.83936080542115,-1.03775073311139,0.299386118901916,0.903497008388376,"CG5504"
23.4038894664937,-1.90838181919689,1.81927483066039,-1.04897939939298,0.294187599888431,0.903497008388376,"CG6628"
452.949633873568,0.152273276252917,0.144844898030099,1.05128505265871,0.293127690022031,0.903497008388376,"CG7148"
774.857294481724,0.158843119331215,0.152891767535359,1.03892525995214,0.298839497508894,0.903497008388376,"CG7492"
14.7058659200527,-1.27848650765069,1.2304093029281,-1.03907415573678,0.298770249452356,0.903497008388376,"CG8097"
85.5044360961277,0.410249718733222,0.392068515246898,1.04637251597435,0.29538907688955,0.903497008388376,"CG8854"
83.609052539741,0.286693042030534,0.275049359010586,1.04233306727866,0.297257286516509,0.903497008388376,"CG9812"
62.4902528739506,0.411893607510264,0.396752776757909,1.03816187721754,0.299194697789438,0.903497008388376,"Ccp84Ab"
11.1365908909275,-0.718626114864065,0.689006541937427,-1.04298881233167,0.296953474298719,0.903497008388376,"Col4a1"
90.913535487048,0.298149094152225,0.286951983503434,1.03902085119637,0.298795038955508,0.903497008388376,"DIP-lambda"
38.868358065944,0.433552506641095,0.416418842086303,1.04114526727213,0.297808133215462,0.903497008388376,"Mad"
188.740648203688,0.242412527312724,0.232290659911019,1.04357414717227,0.296682459185895,0.903497008388376,"Mfap1"
28.7193975767019,0.519540038324278,0.498786711012942,1.0416076187539,0.297593634964363,0.903497008388376,"Naa80"
1073.90431165298,-0.132543205787462,0.127671038004612,-1.03816188744917,0.2991946930268,0.903497008388376,"Nca"
189.846968038491,-0.200711136696548,0.192746798643344,-1.04132020925516,0.297726960414038,0.903497008388376,"ORMDL"
74.1016521726076,-0.350421647284406,0.338032938343174,-1.03664941352151,0.299899275481578,0.903497008388376,"Pabp2"
27.0400116958785,0.499090422380014,0.476228091636704,1.04800710236294,0.294635334623101,0.903497008388376,"RabX5"
115.67601134536,0.47020931243,0.449294380438447,1.04655062004369,0.295306886713719,0.903497008388376,"Rh6"
85.6445849610463,-0.327780192683599,0.316311099765971,-1.03625890120869,0.300081374307151,0.903497008388376,"Rrp42"
448.13964222153,0.139462315366104,0.13377438091639,1.04251886206275,0.297171185135159,0.903497008388376,"SMC1"
511.002677962676,-1.15630231985366,1.10340617025638,-1.04793896483739,0.294666728504222,0.903497008388376,"TTLL1B"
187.688435394579,-0.208207428517752,0.198176284388408,-1.05061727824952,0.293434402231326,0.903497008388376,"Tbc1d22"
13.3009777259018,0.665351384772799,0.636162611643489,1.04588256617896,0.295615254405479,0.903497008388376,"Ugt302E1"
78.0645453452442,-0.333940225343988,0.322099177118641,-1.03676211883331,0.299846733853211,0.903497008388376,"Vha26"
103.18767009852,-0.240790814908013,0.231991254161345,-1.03793057104018,0.299302379628191,0.903497008388376,"Vps16B"
350.954902217461,-0.173202552391635,0.166142860533788,-1.04249169561163,0.297183773624053,0.903497008388376,"cN-IIIB"
339.772196603576,0.213152461365897,0.203957056544326,1.0450850045464,0.295983683984244,0.903497008388376,"fwe"
42.6128023411129,-0.444983093695369,0.428699274187988,-1.03798424790484,0.299277388698708,0.903497008388376,"knrl"
94.520419955203,0.277172230357598,0.263910741238827,1.05024990288959,0.293603231403522,0.903497008388376,"krimp"
16.4359902081415,-1.9083820408488,1.83212448618986,-1.04162247447362,0.297586744677957,0.903497008388376,"lncRNA:CR41601"
40.8813607319348,0.486692080416068,0.463019591503843,1.05112632239888,0.293200576142621,0.903497008388376,"lncRNA:CR43253"
11.3414339569033,-1.91355325334988,1.84273170976252,-1.03843291088559,0.299068554187255,0.903497008388376,"lncRNA:CR43874"
20.6887066860798,-1.90683888424239,1.81613713604618,-1.04994212518206,0.293744722334361,0.903497008388376,"lncRNA:CR44041"
9.83304734227901,-0.666117707118746,0.637101850636806,-1.04554351310224,0.295771840726631,0.903497008388376,"lncRNA:CR44129"
28.8915828621189,-1.91050823915322,1.82321179233656,-1.04788058479195,0.29469362847884,0.903497008388376,"lncRNA:CR44344"
18.5043437750682,-1.90873245316522,1.82691223337023,-1.04478607034343,0.296121854286858,0.903497008388376,"lncRNA:CR44614"
9.48525539169583,1.0325530062256,0.996353694981501,1.03633178802511,0.300047381042564,0.903497008388376,"lncRNA:CR44951"
7.09118254069925,1.56378268267273,1.49278300023372,1.04756195805277,0.294840472220211,0.903497008388376,"lncRNA:CR45199"
16.6592118608049,-1.90878810540605,1.83788640774771,-1.03857784537687,0.299001113817712,0.903497008388376,"lncRNA:CR45429"
94.3394638089964,-0.30519725481247,0.291176819616457,-1.04815093184437,0.29456907357097,0.903497008388376,"lncRNA:CR46035"
553.955393269,-0.25010129546186,0.240268944578703,-1.04092227108417,0.297911624527781,0.903497008388376,"mRpS16"
61.9770782380911,-0.331634493721842,0.319615475557816,-1.03760461893483,0.299454166641741,0.903497008388376,"pav"
52.2840953570342,-0.43500950272633,0.41645136448995,-1.04456255836527,0.296225191901727,0.903497008388376,"pippin"
238.976031028888,-0.194016373492468,0.186872115048663,-1.03823073571969,0.299162646527151,0.903497008388376,"pn"
23.6775164198413,-0.414476992921898,0.398199205736642,-1.04087850239466,0.297931940157976,0.903497008388376,"red"
12.9197329278375,0.954496581092693,0.912713819911096,1.04577860033462,0.295663263490693,0.903497008388376,"tra2"
42.5954972230963,-0.335320017990897,0.323714490889683,-1.03585112013157,0.3002716043535,0.903618178661312,"NKAIN"
201.632255104331,-0.209328090821053,0.202242829986892,-1.03503343398933,0.300653297448163,0.90367666554754,"CG12499"
9.45174895497254,0.838651838064507,0.809984376545276,1.03539261046183,0.300485595299447,0.90367666554754,"SIFaR"
181.217949147862,-0.279323638575165,0.26989883272522,-1.03491977254877,0.300706379803019,0.90367666554754,"Saysd1"
769.899228020157,-0.183346180407383,0.177134204535288,-1.03506931870325,0.300636539806378,0.90367666554754,"Ttc19"
29.5891737678611,-0.472464279694972,0.457169467008413,-1.03345545534054,0.301390806114924,0.903731724712065,"5-HT2B"
203.954949209682,-0.272070477209433,0.264372670149354,-1.02911725730095,0.30342457768685,0.903731724712065,"CG10214"
7.94550601611276,1.52659373184077,1.4781787869466,1.03275310491648,0.301719454644636,0.903731724712065,"CG10481"
12.5511904533516,0.943067120227286,0.915035418146093,1.03063455416621,0.302712225726866,0.903731724712065,"CG11141"
111.023743742829,-0.280604378036801,0.272463431157114,-1.02987904411654,0.303066789134997,0.903731724712065,"CG1275"
93.7305943596179,0.250244568183735,0.242310467315902,1.03274353335091,0.301723935082975,0.903731724712065,"CG12942"
53.7485156169146,0.328326257364091,0.31782352271561,1.03304580654931,0.30158246274779,0.903731724712065,"CG13585"
61.9568599541172,0.31896617213646,0.309055787950085,1.03206665130625,0.302040895068285,0.903731724712065,"CG17493"
142.546262624849,0.285377141917844,0.275896270384765,1.03436389886625,0.300966074802343,0.903731724712065,"CG18507"
46.8887741021168,0.339466992280778,0.329710524409008,1.02959101135537,0.303202036544161,0.903731724712065,"CG2712"
10.6082830468637,-0.765706718424339,0.742458852717117,-1.03131199206817,0.302394536511555,0.903731724712065,"CG41099"
65.9605231185893,-1.2564557464531,1.22078223092243,-1.02922185024246,0.303375436882734,0.903731724712065,"CG4377"
5692.98264031211,0.648488764936966,0.627155771519297,1.03401546216499,0.301128934826084,0.903731724712065,"Ccp84Ae"
144.878583031314,-0.228342057994504,0.221588924328031,-1.03047595310529,0.302786634851738,0.903731724712065,"Cdc16"
125.884231636955,0.21315650167968,0.206319083592557,1.03314001772432,0.301538378304072,0.903731724712065,"Cyp4aa1"
7.67099199994418,0.741836786762398,0.717311363831369,1.03419076312974,0.301046991462634,0.903731724712065,"Dbp80"
159.436721332908,0.224295621089879,0.21780903631864,1.02978106363663,0.30311279192062,0.903731724712065,"Mat1"
842.554754871961,0.178458356326733,0.173080958738043,1.03106868385695,0.302508612054866,0.903731724712065,"PlexA"
917.540587621525,-0.236142952279367,0.228452624166859,-1.03366268232004,0.301293884633103,0.903731724712065,"PrBP"
1375.30127673897,-0.303537569260674,0.29451707846324,-1.03062807374195,0.302715265838314,0.903731724712065,"Spn43Ab"
312.562300988608,0.293896302388279,0.285469411175914,1.02951941918279,0.303235659277416,0.903731724712065,"Ugt35A1"
238.145136448332,0.204631906001039,0.198229724263196,1.03229677971676,0.301933109199744,0.903731724712065,"Usp8"
2780.74587879322,0.150665855455077,0.146360139788485,1.02941863592652,0.303282995586807,0.903731724712065,"eIF2beta"
9.67035202429845,-1.90302010531424,1.84814467653046,-1.02969217154947,0.303154531633666,0.903731724712065,"lncRNA:CR43498"
8.74409662246059,-1.90886287191229,1.85256567586271,-1.03038877205979,0.30282754180928,0.903731724712065,"lncRNA:CR46022"
81.2655882276442,-0.297094941260847,0.288393906129337,-1.0301706622317,0.302929899068411,0.903731724712065,"nord"
295.114428291709,0.192217242772189,0.186852603157887,1.02871054255406,0.303615714374291,0.9039916394798,"Fbw5"
197.456975086813,-0.313224586137563,0.304601844426633,-1.02830823866862,0.303804856855797,0.904245440908345,"Pde9"
17.0026000672833,-1.91476621104283,1.86248344775119,-1.02807153177912,0.303916180764682,0.904267528613685,"lncRNA:CR44822"
56.3582122370252,0.35165577504847,0.342270767271296,1.02741983445444,0.304222815815824,0.90487052838179,"Cyp18a1"
555.338879266715,-0.210573506312832,0.205090584318467,-1.02673414780394,0.304545665170831,0.905521326949689,"mRpL19"
1293.1508391073,-0.151426362004774,0.147527066495119,-1.02643105161848,0.304688447733095,0.905636461960765,"Surf4"
22.5946722028246,-1.57209192237163,1.53317876202546,-1.02538070661425,0.305183588043613,0.906798486426619,"CG15126"
38.6967650526148,0.446114402306115,0.43543132274912,1.02453447650377,0.30558289520048,0.90767506379856,"CG33080"
9.82328215679662,-1.90892353524837,1.86413785114408,-1.02402487781513,0.305823524542664,0.908079881983898,"Sfp33A2"
122.212183411516,0.456376960377573,0.446253054692462,1.02268646808948,0.306456111473031,0.908094711232601,"CG14820"
51.5302578694869,-0.351340882757192,0.343618849537423,-1.0224726706063,0.306557241125992,0.908094711232601,"CG40198"
125.791817377956,0.2463422294346,0.240928770448024,1.02246912635842,0.306558917798619,0.908094711232601,"CG9114"
27.2508152406582,0.577259454011197,0.564274729394866,1.02301135234295,0.306302478313965,0.908094711232601,"Cpr76Ba"
76.8116773159156,0.289520772255117,0.282809698292155,1.02372999937233,0.305962821683591,0.908094711232601,"PolZ2"
128.994331038856,-0.288044853018447,0.281701124346059,-1.02251935872501,0.306535155006974,0.908094711232601,"snz"
321.717338264039,0.394223911352823,0.385260596545849,1.02326558928512,0.306182288874814,0.908094711232601,"speck"
26.189577426023,0.513643064680605,0.503033622129345,1.02109092133116,0.307211363988964,0.908843023149366,"CG44837"
44.867821721576,-0.333160731479166,0.326135975707626,-1.02153934645296,0.30699897741816,0.908843023149366,"ZAP3"
30.3651792836697,0.441683578270131,0.432576474765138,1.02105316409067,0.307229251304772,0.908843023149366,"asRNA:CR46065"
4389.26325718371,-0.267694677335064,0.26212782402758,-1.02123717056034,0.307142085610494,0.908843023149366,"pAbp"
22.29054385399,-0.765038172202953,0.74947320359689,-1.02076787873317,0.307364426196576,0.908933945358071,"CG34189"
16.2439459887213,0.688201259275044,0.67440156489831,1.02046213279297,0.307509339498938,0.909053594313607,"CG31100"
15.3195709099523,-0.609007512099228,0.597437159913613,-1.01936664299102,0.308028936139844,0.909151523249635,"EloA"
61.0402715432977,0.364523428513377,0.35755450056973,1.0194905334223,0.307970145134056,0.909151523249635,"Ilp3"
1777.16094830925,-0.161207226271268,0.158032359266078,-1.02008998043144,0.307685788233099,0.909151523249635,"Prosalpha7"
100.287494309741,0.538741098979742,0.528544885746005,1.01929110186989,0.308064787092172,0.909151523249635,"bora"
83.8934256672339,0.294375208733084,0.288650606324796,1.01983228956688,0.3078080065534,0.909151523249635,"comm3"
277.688518358364,-0.509667210314057,0.500933793130854,-1.01743427435514,0.308946884106595,0.911445671993116,"Fum2"
185.500173764691,-0.189791742618278,0.188041659229033,-1.00930689186864,0.312827475901336,0.911767422226833,"Archease"
6.30886254923851,-1.35920534598551,1.34628377973905,-1.00959795136874,0.312687951533532,0.911767422226833,"BomS6"
1160.98072361689,0.202237570410962,0.199777995586384,1.01231154020421,0.311389118808327,0.911767422226833,"CG11899"
65.6568374851626,-0.268130534751858,0.265632787388144,-1.00940300852268,0.312781396199784,0.911767422226833,"CG12084"
6.71412422474568,1.12170226252958,1.10687617461152,1.01339453161801,0.310871750336948,0.911767422226833,"CG15888"
46.5791128716323,0.363946490326623,0.359841824432666,1.01140686161323,0.311821738425429,0.911767422226833,"CG1688"
9.2686551719556,1.03659472545234,1.02673411606194,1.00960385871682,0.312685120169269,0.911767422226833,"CG17917"
34.8751003690026,-0.539760328379933,0.53308300397259,-1.01252586249718,0.311286687362055,0.911767422226833,"CG32564"
58.926504398277,-0.439007063366831,0.434834925251314,-1.00959476314628,0.312689479640636,0.911767422226833,"CG32706"
136.423329079939,-0.264637557089266,0.261602482831344,-1.01160185570516,0.311728458271394,0.911767422226833,"CG33465"
254.814883900554,-0.341678887314488,0.338228653525768,-1.01020089147609,0.312399052259586,0.911767422226833,"CG5326"
8.85564849397763,-1.90153399944197,1.8731474624613,-1.01515445929888,0.31003220517462,0.911767422226833,"CG5877"
7.88306335116987,1.11660358675205,1.10328086704131,1.0120755467703,0.311501933293437,0.911767422226833,"CG6055"
108.594694613982,0.277899140980399,0.273473838825352,1.01618181166453,0.309542816004922,0.911767422226833,"CG7550"
115.621464917461,0.378637982880752,0.374354525709519,1.01144224759435,0.311804809316527,0.911767422226833,"CG9631"
320239.704145364,0.222819674543327,0.220745177317437,1.00939770123678,0.312783940472104,0.911767422226833,"CYTB"
136.77337774082,0.232411035087831,0.230222616968359,1.00950566086117,0.312732188134194,0.911767422226833,"Ccdc85"
8.11826791705881,0.843971127331642,0.831658403948542,1.01480502490523,0.310198777989136,0.911767422226833,"Cdk5alpha"
493.952476131158,0.17168331660604,0.169531814018163,1.0126908486194,0.311207850382608,0.911767422226833,"ClC-b"
10.3148170136644,0.859015854752014,0.848620267390424,1.01224998713919,0.311418541085775,0.911767422226833,"Cp18"
1587.50828879879,0.120566922983682,0.118917218487762,1.01387271344637,0.310643493119114,0.911767422226833,"Cyp4p2"
475.045285956723,-0.169419409242128,0.16753159827565,-1.01126838749173,0.311887992052511,0.911767422226833,"Debcl"
732.997045172273,-0.252574120160059,0.249389091848638,-1.01277132166371,0.311169401916688,0.911767422226833,"Glyp"
38.8630423323706,0.386000513098489,0.382383547629712,1.00945899867083,0.312754555780832,0.911767422226833,"Nepl20"
27.6093469392451,-0.537628709268869,0.532155180964107,-1.01028558679979,0.312358484512823,0.911767422226833,"Pp2A-29B"
34.2156714453839,-0.514233795668545,0.50939013293967,-1.00950874863029,0.312730708040913,0.911767422226833,"Sema2a"
98.7959050453112,-0.290883269111933,0.28771875243841,-1.0109986458884,0.312017077895061,0.911767422226833,"Tdc1"
466.129500402123,0.166819151705388,0.164803715156495,1.01222931501865,0.311428422741195,0.911767422226833,"Tmx3"
35.8620743233334,0.329736648763467,0.325701490825766,1.01238912946782,0.311352033862695,0.911767422226833,"Tsp"
211.93957460792,-0.319299900095109,0.314849330092975,-1.01413555493613,0.310518074435992,0.911767422226833,"Tsp42Eq"
235.472732812445,0.191171642924151,0.189058197370676,1.01117880939767,0.311930856076327,0.911767422226833,"Veneno"
16.4468044091039,0.615509092652097,0.609543399977768,1.00978714997906,0.312597277916282,0.911767422226833,"mAChR-B"
640.462591980774,-0.194494568002892,0.192518342642203,-1.01026512764221,0.312368283814092,0.911767422226833,"mgr"
165.39694807548,-0.283637626987809,0.280530976129079,-1.01107418118882,0.311980926648364,0.911767422226833,"nmo"
153.15326203064,0.22773145541683,0.224894279766706,1.0126155972178,0.311243806883588,0.911767422226833,"rig"
349.068939643845,-0.203763152187066,0.200486304333177,-1.01634449727022,0.309465365987898,0.911767422226833,"step"
618.279306575634,-0.183402114331408,0.181819711255929,-1.00870314370509,0.313117023658556,0.912000487583806,"Sfxn2"
336.167144141232,-0.218261620682761,0.216368107859693,-1.00875134899408,0.313093898709887,0.912000487583806,"Syx1A"
193.091230375452,0.186927345395065,0.185451549647774,1.00795785071678,0.313474697268297,0.912652513421304,"CG6254"
7.21787590937711,-0.949711128594256,0.942360969264648,-1.00779972809713,0.313550616468999,0.912652513421304,"eEF1delta"
613.879051246053,-0.190890280997641,0.189515596188008,-1.00725367641125,0.313812884566559,0.913110509656556,"Dhrs4"
171.075044827426,0.201475931262175,0.200221956503587,1.00626292331014,0.314289110729142,0.913416360584917,"CG8064"
49.0209633633833,-0.441401153784878,0.438439503564689,-1.00675498032479,0.314052533878349,0.913416360584917,"Desat1"
316.466293552087,-0.189136093173479,0.187965298767275,-1.00622877953475,0.314305531114746,0.913416360584917,"mthl14"
28.5427198415031,0.493677825875421,0.490654581950677,1.00616165432049,0.314337814541173,0.913416360584917,"sona"
9.05843837050843,0.786349557095892,0.783231503191241,1.00398101186169,0.315387766066055,0.91395475598955,"Arf4"
328.424988269,0.173221881272954,0.172515369482857,1.00409535563245,0.315332653830412,0.91395475598955,"Atg6"
624.694223485476,-0.184293213364755,0.183672674422782,-1.00337850441783,0.315678271458645,0.91395475598955,"Bug22"
203.558816699344,0.240275443183822,0.239114182954316,1.00485650920057,0.314965948785177,0.91395475598955,"CG10194"
297.584754378624,-0.207014837892978,0.20623945443601,-1.00375962717264,0.315494488640036,0.91395475598955,"CG12279"
207.900686034638,0.196809865735594,0.19590266659379,1.00463086673386,0.31507462853135,0.91395475598955,"CG13192"
226.738111758047,-0.279184974110822,0.277812991021609,-1.00493851307733,0.314926458066777,0.91395475598955,"CG13907"
91.3711398232558,0.254029456857535,0.253169406041736,1.00339713565413,0.315669285577071,0.91395475598955,"Cyp6d2"
73.156704065611,-0.271994082896045,0.270866934669658,-1.00416126179359,0.31530089077781,0.91395475598955,"PolH"
165.162350886642,0.357933883649665,0.356221858899668,1.00480606315201,0.314990243774066,0.91395475598955,"Prat2"
282.012096316104,0.212202715462268,0.211280104747921,1.00436676569925,0.315201862981442,0.91395475598955,"hop"
581.701265877794,0.300644770812195,0.299898670590994,1.00248784104221,0.316108036104668,0.914894658536392,"Rpt6R"
177.697471538679,0.472316761734542,0.471512917970792,1.00170481811444,0.316486178978799,0.915583105344371,"CG31627"
262.599583690827,0.180787528335332,0.18050599938843,1.0015596653178,0.316556309776079,0.915583105344371,"Vps53"
13.3264210523361,-1.9091006670961,1.9070830857322,-1.00105794098799,0.316798797191244,0.915980043839002,"lncRNA:CR44829"
178.331522873658,0.410495871624812,0.410171912497863,1.00078981304443,0.31692843553617,0.916050539512218,"CG6753"
84.5254736794547,0.265821822573341,0.265720828882064,1.00038007442511,0.317126609049145,0.916130058843765,"Asator"
19.8896423712548,0.506709181357886,0.506558398948332,1.00029766046692,0.317166479064261,0.916130058843765,"Rpp25"
20.0716652984489,-0.579152349015686,0.57927878384697,-0.999781737507381,0.317416145656989,0.916547019128326,"Gr64a"
216.022934362303,-0.256332974443581,0.257013142374675,-0.997353567507059,0.318592920903712,0.917245128517456,"CG12129"
1207.79181486938,0.433169991069672,0.434108382642411,0.997838347264736,0.318357751885954,0.917245128517456,"CG12229"
186.664125533326,0.363553460094998,0.364553922952917,0.997255651921627,0.318640434035875,0.917245128517456,"CG31467"
202.151264611629,0.228168705833054,0.228793026555324,0.997271242346544,0.318632868536212,0.917245128517456,"CG32369"
15.6993536791752,-0.71440330745879,0.716465732917681,-0.997121389950512,0.318705591643908,0.917245128517456,"Cpr11A"
68.714372926829,-0.285664317805546,0.286474665013386,-0.99717131283563,0.318681362947285,0.917245128517456,"Hand"
9.51631895585176,0.740262954315512,0.741320927159832,0.998572854474278,0.31800165556896,0.917245128517456,"Irk3"
626.403009910455,0.172735139474219,0.173236053934987,0.997108486083642,0.318711854376283,0.917245128517456,"Klp64D"
2595.95195760228,-0.188820489458281,0.189155324122641,-0.998229842771211,0.318167918521611,0.917245128517456,"Pka-R2"
17.7619321817984,-0.579032109218336,0.580677807482166,-0.997165901223321,0.318683989265912,0.917245128517456,"porin"
91.3261502531949,0.322090652352605,0.323118703313423,0.996818348952641,0.318852690123239,0.917347094923156,"inaF-B"
439.935535931864,-0.213878896240488,0.214681403838903,-0.996261867194529,0.319122926472649,0.917699087894405,"CG5861"
74.6376524353489,0.2760075078257,0.277079201857038,0.996132174395783,0.319185928881577,0.917699087894405,"CkIIalpha-i1"
24.6817930440997,0.417800204343228,0.419715668088992,0.995436282485031,0.319524119562113,0.917855667222324,"Mes2"
216.847273640966,0.402221550326058,0.404197459497722,0.995111525010277,0.319682025929803,0.917855667222324,"Rab32"
139.362568623869,-0.344374566620921,0.345843877177117,-0.995751520691391,0.319370890551669,0.917855667222324,"Sap-r"
7.09929454966281,-0.806905756517403,0.810905717129695,-0.995067292623795,0.319703536929716,0.917855667222324,"Snx6"
10.3244677824007,-1.27392108592043,1.28040589818601,-0.99493534645946,0.319767710331849,0.917855667222324,"lncRNA:CR44225"
214.205334992185,-0.183852319568549,0.185204654698546,-0.992698157979896,0.320857072884133,0.920678900531027,"mew"
982.724167734494,-0.186557986814155,0.188061549675247,-0.992004942723863,0.321195114297601,0.921210721222649,"CG10516"
1567.00794520675,-0.141387826012573,0.142544718150899,-0.99188400557149,0.321254112249884,0.921210721222649,"shrb"
23.4163740447208,-0.502674643101592,0.50713085811766,-0.991212889247939,0.321581638094134,0.921730376897331,"FASN2"
977.314562785657,-0.145408117174993,0.146717023192922,-0.991078703824247,0.321647150940732,0.921730376897331,"Tsp42Ef"
368.336386732938,-0.434849626978918,0.438891814292346,-0.990790014345688,0.321788126260379,0.921830830429254,"CG32024"
22.8286498720964,0.57170915428185,0.578103084966605,0.988939808745141,0.322692591994423,0.921993968525102,"CG14223"
6.1350187895137,0.919924626979288,0.93014173845488,0.989015532737448,0.32265554210822,0.921993968525102,"CG14829"
197.53399028882,0.230617755977457,0.232988970795624,0.989822630616078,0.322260821365217,0.921993968525102,"CG7065"
11.6673958445549,0.596458244832822,0.602834415194785,0.98942301534012,0.322456218535043,0.921993968525102,"CG9902"
35.8497315973181,0.487465431967404,0.492787480212589,0.989200114737312,0.322565242302196,0.921993968525102,"Cyp317a1"
8.41501296244029,0.790992256824065,0.799600651328187,0.989234132701339,0.322548602091002,0.921993968525102,"RpL36"
297.806109195718,-0.1611037547503,0.162807661820561,-0.989534232902755,0.322401829477787,0.921993968525102,"Srrm1"
43.0095315341728,0.39325452590826,0.397044656122528,0.990454146263341,0.321952190993661,0.921993968525102,"Top1"
6.13901091315207,-1.90920381791673,1.93186505519816,-0.988269761792908,0.323020550379015,0.922628109599136,"CG18823"
52.7814875264552,-0.320114796257662,0.324147895819832,-0.987557841299664,0.323369242042363,0.923321034611117,"MAGE"
50.7498859189399,-0.299215770461627,0.303135112314845,-0.987070643769081,0.32360800794574,0.923347249601084,"CG14853"
91.6898099456578,-0.249685484128293,0.253438401868591,-0.985191992560608,0.324529773130677,0.923347249601084,"CG32069"
17.7056020228802,0.782449731188621,0.794979755790326,0.984238561409343,0.324998229877132,0.923347249601084,"CG33511"
7.7777318170868,-0.846223782658282,0.859811379684445,-0.984197002566831,0.325018659309843,0.923347249601084,"CG34393"
214.289499075572,-0.243550303791573,0.247536971001086,-0.983894659478986,0.325167309818827,0.923347249601084,"Ctr1A"
70.6552631063405,-0.407306885936208,0.413860241229659,-0.984165293882832,0.325034247178595,0.923347249601084,"GluRIB"
702.765050800454,-0.145323902638923,0.147343756909915,-0.986291551719916,0.323990064274221,0.923347249601084,"GstO2"
716.132986016638,0.286760250759656,0.290685530478129,0.986496473656544,0.323889544830077,0.923347249601084,"Hsp67Bc"
42.0274588442665,-0.371128012293488,0.377032492159552,-0.984339599400985,0.32494856525996,0.923347249601084,"Hug"
10096.0806520063,0.145505105051888,0.147736926084437,0.984893275556082,0.324676496768692,0.923347249601084,"RpL35A"
18.7092763745061,0.464834658933044,0.472420457705057,0.983942696281903,0.325143689008675,0.923347249601084,"Slc45-1"
17774.5151631246,0.291453160372478,0.29569066057062,0.98566914426731,0.324295495603021,0.923347249601084,"Strn-Mlck"
160.759149088522,0.208975440340598,0.211704392698153,0.987109609192448,0.323588907534589,0.923347249601084,"Syx16"
4.4516128157495,-1.89856904966787,1.927092043761,-0.985198945641712,0.324526358434654,0.923347249601084,"eIF3m"
33.8582807677998,-0.337942834286606,0.342909348533664,-0.985516538792844,0.3243704116427,0.923347249601084,"lncRNA:CR44042"
626.582079553142,-0.208413732187036,0.211831700579506,-0.983864698328345,0.325182042976827,0.923347249601084,"sgg"
111.021062123395,-0.275343900473878,0.279399621724985,-0.985484156255949,0.324386310106252,0.923347249601084,"sls"
22.9201812570286,0.529184500305015,0.538222816561993,0.983207110551886,0.325505515917385,0.923477031521459,"CG10804"
63.4256354959093,0.316508043595257,0.321834629790944,0.983449306871834,0.325386353179875,0.923477031521459,"Gfat1"
3978.60143708023,-0.15568687930969,0.158359242481758,-0.983124678230408,0.32554607982395,0.923477031521459,"Sod1"
26.660957090659,0.789717945612088,0.803929192692654,0.982322762738635,0.325940863879855,0.923693695326075,"CG12374"
25.3964637200027,0.443345416111737,0.451214147000962,0.982560983644851,0.325823554930101,0.923693695326075,"l(2)41Ab"
640.463676296258,0.219274007056045,0.223184666312925,0.982477921438396,0.325864454772613,0.923693695326075,"reb"
541.499640187815,-0.173946203984048,0.177212748444806,-0.981567102313886,0.32631316121495,0.924447735043527,"mRpL3"
84.2799587572131,0.27408347046185,0.27932128426176,0.981248067744806,0.326470425492574,0.924592291917304,"Caf1-180"
108.512711179832,0.265031248047169,0.270195548937419,0.980886802500784,0.326648566324408,0.924795859701146,"ReepB"
33.5064769445411,-0.382844630769907,0.391123408523313,-0.978833336044338,0.327662335338162,0.927334675993054,"CG14408"
36.3782889131985,-0.349632429647122,0.357263967165,-0.978638938658057,0.327758412427282,0.927334675993054,"CG31274"
42.6740254492698,-0.401441582861456,0.410444606180978,-0.978065192759404,0.328042081657642,0.927835631025822,"unk"
970.328808808958,-0.126485396784162,0.129401868115819,-0.977461907048778,0.328340527584462,0.928378041444954,"CG10465"
17.5836263592036,-0.517240422897234,0.529326640529129,-0.977166806454681,0.328486578203357,0.928489343976557,"cos"
338.78037716395,-0.180895077798397,0.185377195648807,-0.97582163310475,0.32915286242029,0.928931391544155,"Art1"
135.805218184416,0.244619040077256,0.250575747598395,0.976227916794702,0.328951531862032,0.928931391544155,"CG4849"
8.06724375285333,1.1249994925304,1.15345543649442,0.97532982804216,0.329396679206623,0.928931391544155,"Cby"
119.31159704479,0.257758608858395,0.264312966250815,0.975202285815218,0.329459928515955,0.928931391544155,"Prp5"
193.885317563773,-0.229769714417724,0.235630356678024,-0.975127813143751,0.329496863805217,0.928931391544155,"Slbp"
347.00034071688,-0.386306400754499,0.396051135872887,-0.975395260268827,0.329364233844775,0.928931391544155,"hid"
17.3901472294781,0.468256523849716,0.480102169747332,0.975326822822212,0.329398169431057,0.928931391544155,"l(3)76BDm"
22.5751094802693,0.482028957342028,0.493743421803113,0.976274186259932,0.328928608470928,0.928931391544155,"sut2"
17.2040358899975,0.510136135285575,0.523858065756098,0.973806014706068,0.330152866109518,0.930479402121483,"Lap1"
103.570421485033,-0.520641830896184,0.535373347686283,-0.972483656771926,0.330809991559291,0.931426514571502,"CG8012"
111.263839838084,-0.325330508429759,0.334477680942487,-0.972652368053518,0.330726106020271,0.931426514571502,"Myd88"
233.293931735535,0.184979540363952,0.190196321636483,0.972571597454436,0.330766264540965,0.931426514571502,"Su(fu)"
13.1486196570272,-0.581726130995413,0.599389426612492,-0.970531185848731,0.331781787935596,0.93151723209938,"CG12672"
568.971924367944,-0.178917965253419,0.184318122625118,-0.970701972791454,0.331696709193443,0.93151723209938,"CG14270"
12.7974691682401,-0.615121060737292,0.63355404686935,-0.970905424370434,0.33159537673569,0.93151723209938,"CG17027"
700.094536379532,0.163065177951285,0.168188843479508,0.969536234257727,0.332277710616509,0.93151723209938,"CG1927"
311.441911402564,-0.175950900822473,0.1810444371642,-0.971865822438352,0.331117304671464,0.93151723209938,"CG31800"
590.245177471272,0.185728501427279,0.191319894048647,0.970774640822526,0.331660513368926,0.93151723209938,"CG42232"
20.1764017321046,0.47222982496587,0.486662781473898,0.970343003292103,0.331875548758976,0.93151723209938,"CG4459"
159.294548917969,0.268329255908717,0.27675494946926,0.969555400628966,0.33226815282825,0.93151723209938,"Jheh3"
1445.14288228066,-0.155708595839209,0.160652106935813,-0.96922847019629,0.332431209152557,0.93151723209938,"Prosbeta3"
12.8787440529793,-0.538223962244969,0.555330720824933,-0.969195367843955,0.332447721808649,0.93151723209938,"Rb97D"
462.491887361792,-0.16946355550861,0.174684194134841,-0.970113846578461,0.331989747829423,0.93151723209938,"Sardh"
434.627554100679,0.147223199541331,0.15169304677315,0.970533605020776,0.331780582709195,0.93151723209938,"ari-2"
14.6723252722578,-0.665614704521406,0.685279714151445,-0.971303674654385,0.331397079462257,0.93151723209938,"ds"
512.860954797267,0.200801115299932,0.207163393872165,0.969288596535742,0.332401217304867,0.93151723209938,"fng"
25.9352564734154,0.393074314142348,0.405320999377977,0.969785218988349,0.332153562013853,0.93151723209938,"lncRNA:CR43496"
181.87227990268,0.506419497597316,0.522822312641714,0.968626405859539,0.332731623526361,0.931880628658221,"CG13699"
130.61916152125,-0.370809846925302,0.382992857139821,-0.968189980603029,0.332949497884857,0.931880628658221,"CG14696"
312.113012250847,0.274260989502576,0.283304816485349,0.968077397712576,0.33300571700874,0.931880628658221,"Ugt35B1"
10.0585460830019,-0.762504422663395,0.787559577012147,-0.968186337795794,0.33295131685247,0.931880628658221,"lncRNA:CR42651"
52.3755087318569,0.283298126819003,0.292902241804025,0.967210510490227,0.333438808986277,0.932792656575883,"ple"
682.057595918908,0.704965400789793,0.72913394387251,0.966853081953152,0.333617484045653,0.932992597573689,"CG10934"
87.4321469875527,0.507548472204265,0.525652578670833,0.96555879833721,0.334265000569094,0.933004586258121,"CG15005"
1526.20999400284,-0.184697296101324,0.191192167873738,-0.966029613845354,0.334029362802797,0.933004586258121,"Hsp68"
30.9069072739316,0.959647723987328,0.993041540330787,0.96637218586814,0.333857976776037,0.933004586258121,"Osi13"
45.4554430957531,0.339183035798751,0.351228925585333,0.965703594125949,0.334192520527183,0.933004586258121,"aru"
176.854879180354,0.227085459646731,0.23517699857042,0.965593833696002,0.33424746208357,0.933004586258121,"east"
39.5918149603598,-0.456567646236197,0.472374613561628,-0.966537220943672,0.333775431302927,0.933004586258121,"fz2"
11.8784381141622,0.659742647737776,0.683653066192957,0.965025508349826,0.334532035511025,0.933450562697163,"TyrRII"
6.43763336055439,0.794116319404841,0.823196742793737,0.96467378710683,0.334708228542575,0.933642856732701,"Ilp4"
9.48499861458224,-0.803843695195444,0.834137561628157,-0.963682409441457,0.335205176098295,0.934729460936707,"vlc"
13.3564468298917,-0.547922035608614,0.569200925049375,-0.962616207205011,0.335740161067116,0.935022918965475,"CG15554"
53.6657296875138,-0.324773513886605,0.337272248088462,-0.962941705780136,0.335576778404698,0.935022918965475,"CG30105"
171.660990156491,-0.409160044966743,0.424979395376537,-0.962776194371076,0.335659849773031,0.935022918965475,"CG31288"
5.41988449215324,-1.89646253322041,1.96887131769231,-0.963223201119733,0.335435524271259,0.935022918965475,"CG43376"
31.796306339909,-0.439858199731291,0.457314369129906,-0.961828950549208,0.336135532956558,0.935824550006694,"CG17361"
16.9984639493194,1.6220692780939,1.69200473419505,0.958667103768821,0.337726475697134,0.935974916933516,"BomT2"
81.0800211789487,0.340153772914082,0.354148840317854,0.960482526524127,0.336812421043143,0.935974916933516,"CG14694"
375.064439029463,0.171005486082182,0.178287684506416,0.959154787138579,0.337480773576936,0.935974916933516,"CG2201"
6.00259366372624,-1.3348577031558,1.39074640468107,-0.959813880275251,0.337148895253048,0.935974916933516,"CG32551"
621.071072929328,-0.803126694134368,0.837742139550955,-0.958680071370003,0.33771994094019,0.935974916933516,"CG34138"
8.58062896069051,0.713228354599888,0.741782427783238,0.96150613426004,0.336297742635567,0.935974916933516,"Ccp84Ac"
37.6638166731452,2.28809994189636,2.38712807927047,0.958515783784684,0.33780273630796,0.935974916933516,"MFS1"
24.6224258087706,-0.45332316499221,0.472608099045983,-0.959194660242382,0.33746068999668,0.935974916933516,"Uch-L5"
154.568299969313,0.20731021047597,0.215884117702717,0.960284678104236,0.336911959243815,0.935974916933516,"dbe"
54.9394540330945,-0.321720054115061,0.334797936133077,-0.960937984955746,0.336583350271408,0.935974916933516,"elm"
13.3877226335447,0.687375390349726,0.71574099916694,0.960368892029059,0.33686958862516,0.935974916933516,"lncRNA:CR44918"
199.817802825045,0.680292495247395,0.708470934300887,0.96022640070436,0.336941282404266,0.935974916933516,"r-cup"
29.7016651811739,0.393065805647762,0.409568600962818,0.959706883593466,0.337202757859245,0.935974916933516,"roh"
14.9142312946552,0.492618653109372,0.513704693416265,0.958952992687947,0.337582426680709,0.935974916933516,"snoRNA:Psi18S-920"
27.1289231686731,0.492977674291571,0.513708862550809,0.959644090708699,0.33723437065268,0.935974916933516,"verm"
234.999718241879,-0.223164745252569,0.232949919466609,-0.957994515574656,0.338065524114765,0.936404919277785,"CG15695"
111.008096442575,-0.295532892024012,0.308775660554116,-0.957112006476358,0.338510724114697,0.93652047043543,"CG14669"
71.310431436803,0.486923462313357,0.508754240594123,0.957089736971487,0.338521963294338,0.93652047043543,"CG14778"
43.1170802716189,0.435297373760824,0.45499305667503,0.956712124228583,0.338712576854284,0.93652047043543,"CG30377"
10.3191591908963,0.529306065831589,0.553301495192316,0.956632270888068,0.338752894511173,0.93652047043543,"CG5196"
15.6704462013237,-0.590016210146273,0.616735480496151,-0.956676287979438,0.338730670063246,0.93652047043543,"Lamtor3"
552.5493255865,-0.144758695612983,0.151230324619228,-0.957206803446732,0.338462883783399,0.93652047043543,"Mms19"
68.2598625877157,-0.277659705377855,0.290395506071817,-0.956143258322971,0.338999862333213,0.936608191074905,"CG14286"
140.926957155628,0.226524273089619,0.236884827185836,0.956263327544869,0.338939212632288,0.936608191074905,"Pex2"
17.6453227051964,0.518900436340895,0.542915716697534,0.955766098460514,0.339190419666075,0.936623131558347,"Rab11"
176.726149271629,-0.182571587560492,0.191033102355149,-0.95570655195179,0.339220511395141,0.936623131558347,"mTerf3"
64.1812117262896,0.408612957439847,0.42807214970067,0.95454226051746,0.339809228220875,0.937951066668657,"CG4382"
291.734855260927,-0.159389977224113,0.167103686041606,-0.953838787161327,0.340165252479293,0.938338571260631,"Vps29"
315.185664067496,0.374699232719084,0.392772481180029,0.953985451305942,0.340091006789658,0.938338571260631,"b6"
755.311205309178,0.169775846690919,0.178217154392013,0.95263470719252,0.340775185736454,0.939499298248205,"Arc42"
332.081174919807,-0.204683354297564,0.215000574293598,-0.952013058430512,0.341090359305181,0.939499298248205,"CG5188"
20.8882808310397,-0.462299719264621,0.48563566105881,-0.951947635510722,0.341123539329225,0.939499298248205,"Crz"
21.9663506290019,0.565822776453995,0.594518141363997,0.951733407421065,0.341232202154838,0.939499298248205,"Ih"
9.16665140862714,0.908888686667358,0.954985486332934,0.951730366246105,0.341233744888266,0.939499298248205,"Osi2"
1799.26466796595,0.289672996752772,0.304285473963354,0.951977736497726,0.341108272993396,0.939499298248205,"obst-B"
15.3655307277124,-0.521764751809489,0.548831643345396,-0.95068270595529,0.341765469850932,0.940421616664988,"DCP1"
11.6631803631515,0.681701369665529,0.717093870791535,0.950644535440054,0.34178485275323,0.940421616664988,"wrd"
825.80960294156,-0.154248252802589,0.162815841015939,-0.947378657015869,0.343445862780458,0.940956697761618,"CG12107"
451.316993671916,0.181618851180566,0.19146581693455,0.948570633068408,0.342839032932851,0.940956697761618,"CG12239"
197.620743436531,0.287203891495083,0.302936922722675,0.948064992916051,0.343096368402742,0.940956697761618,"CG13308"
163.781635409592,-0.183038721107447,0.193105654848745,-0.947868260257925,0.343196524909124,0.940956697761618,"CG13390"
40.5792369446257,0.316490003729671,0.334027555949945,0.947496690294312,0.343385741961913,0.940956697761618,"CG14367"
294.449500700152,-0.273598389027479,0.28871372007575,-0.947645955154796,0.34330972281387,0.940956697761618,"CG2865"
189.279146690078,-0.280486976366754,0.295857772748426,-0.948046670402192,0.343105695597369,0.940956697761618,"CG30196"
107.339432282274,-0.249071409356831,0.262947398252863,-0.947229031402367,0.343522084970239,0.940956697761618,"CG9171"
188.841938753456,0.178527384892963,0.188270256456799,0.948250606616284,0.343001889678002,0.940956697761618,"Exo70"
519.920793795616,-0.195599699653209,0.206368513371606,-0.947817554420206,0.343222342255475,0.940956697761618,"Fas2"
143.346495746335,0.362326853290075,0.382575041746612,0.947073943025409,0.343601101400255,0.940956697761618,"Nep7"
120.571101710378,-0.273326692883187,0.288084112809683,-0.948773919593943,0.342735609088039,0.940956697761618,"Tmem18"
503.719860110576,-0.179049524764649,0.188526624246417,-0.949730710345822,0.342249101070118,0.940956697761618,"eca"
6.74667991069374,0.898551786848952,0.94793082286776,0.947908608067599,0.343175982335072,0.940956697761618,"lncRNA:CR45034"
30.1167740853508,-0.376038017525046,0.39641300908093,-0.948601607189627,0.342823273282629,0.940956697761618,"opm"
153.317738113435,-0.197640874963179,0.208762009402617,-0.946728169214017,0.343777312495088,0.941143111244023,"Alg9"
312.511504361931,-0.426849747554527,0.451324750596986,-0.945770749310591,0.34426552788906,0.941193440265862,"CG18130"
84.2264420831577,0.411605547008316,0.435190130366697,0.9458062540653,0.34424741511705,0.941193440265862,"CG2017"
2900.01976772611,0.369686017563398,0.390940768832201,0.945631786287487,0.34433642580794,0.941193440265862,"CG3982"
104.940486922723,0.262869961693687,0.277824521715951,0.94617264188957,0.344060537671527,0.941193440265862,"Rm62"
1146.51598207598,-0.211791253531518,0.223921081363694,-0.94582989793411,0.344235353520514,0.941193440265862,"eIF4EHP"
22.6062975014062,0.41146411845346,0.435515337542863,0.944775265034068,0.34477362238339,0.941796872442764,"CG9003"
109.526494343944,-0.251277180931153,0.265916029772539,-0.944949355426568,0.344684732270876,0.941796872442764,"Cyp318a1"
46.8439435297086,0.37877050425134,0.401195137164794,0.944105421935254,0.345115778929064,0.942435715098727,"asRNA:CR45126"
37.9162203149928,-0.314691079644135,0.333484009447946,-0.94364668388472,0.345350227674849,0.942780122789904,"Plp"
189.6928542186,0.21581800460915,0.228859731764535,0.943014321240213,0.345673577717945,0.943155701677814,"Stacl"
29.3044200377117,0.448713631794421,0.475859628617269,0.942953772099291,0.345704548816756,0.943155701677814,"asRNA:CR46089"
44.2400893727684,0.66948466590965,0.710210740375358,0.942656352332571,0.345856705751127,0.943171346023452,"CG6333"
327.125927578999,-0.290480033571374,0.308195440465818,-0.94251891959314,0.345927029358481,0.943171346023452,"ena"
420.016810959133,0.177669363870022,0.18881585452938,0.940966341586405,0.34672210805834,0.944747184230348,"Hacd2"
74.3062214284324,-0.66088425828518,0.702202730731683,-0.941158769913285,0.346623501967122,0.944747184230348,"lncRNA:CR43424"
144.665939315511,0.202942596700795,0.215924493284544,0.939877610055838,0.347280343303293,0.945084686606805,"IntS4"
23.8798662486239,-0.408235296622843,0.434110341114212,-0.940395235863405,0.347014865030793,0.945084686606805,"Pp2C1"
999.38781204353,0.38545718806881,0.41003836048019,0.940051529855419,0.347191129459963,0.945084686606805,"Theg"
60.7188677034891,0.346898211723343,0.369037616095455,0.940007729818022,0.347213595738786,0.945084686606805,"bt"
2779.16421384402,0.227009260726916,0.241758917098864,0.93899022816223,0.34773576146526,0.945487159080688,"GILT1"
52.4217432629721,-0.316451661257148,0.337098791400029,-0.938750506766489,0.347858855338526,0.945487159080688,"RpL37-1"
17.735375381399,-0.643070697697843,0.68503393072608,-0.938742840104635,0.347862792528595,0.945487159080688,"Septin4"
15.2758124717692,0.663978384229801,0.707188357387583,0.938898918928186,0.347782644323528,0.945487159080688,"nej"
125.534083570356,0.231634398700984,0.246897732153431,0.938179531584512,0.348152155373199,0.945883626934075,"CG15356"
49.4892069244964,-0.311441096287869,0.332238753501008,-0.93740147109878,0.348552084520002,0.945883626934075,"CG32590"
52956.7840237129,0.377245411667854,0.402235781458228,0.937871340784809,0.348310532941984,0.945883626934075,"Cpr49Ae"
85.0721074479446,-0.227802580683669,0.243000673294401,-0.93745658230206,0.34852374732992,0.945883626934075,"Dph3"
703.98931200351,0.152839897106785,0.163011751938337,0.937600481495346,0.348449763853178,0.945883626934075,"MnM"
66.3196275878918,-0.311357044725207,0.332233184041804,-0.937164195753634,0.348674103957133,0.945919802599416,"eEF2"
2823.2485406401,0.593713897158756,0.634010999611384,0.936441004213921,0.349046174400272,0.946416724261294,"CG13047"
174.024887746085,-0.189468211805268,0.202339978066501,-0.936385451929808,0.349074765584138,0.946416724261294,"eIF4G2"
19092.8870252462,0.127132632349605,0.13582705110822,0.935989048663896,0.349278826264852,0.946675062280599,"ATPsynB"
10.9612657405424,-0.601177311849458,0.648083644550968,-0.927623026601745,0.353603148966833,0.946820904796482,"Ac76E"
576.860032998959,0.272199896171741,0.292137293137742,0.93175333162069,0.351464017790059,0.946820904796482,"Adgf-D"
163.036992402751,0.517201495150244,0.557586796882693,0.927571273282956,0.353630004690558,0.946820904796482,"CG11619"
755.094950628898,-0.142972443673386,0.154312927305305,-0.926509827595442,0.354181092226377,0.946820904796482,"CG11811"
26.4055876094645,0.44877540971955,0.483339578047415,0.928488851528573,0.353154048124761,0.946820904796482,"CG12003"
785.169425622043,0.117746014700722,0.127253989469196,0.925283483778123,0.354818467650857,0.946820904796482,"CG13928"
16.9947189809759,-0.557706681256984,0.599038493381538,-0.931003078130691,0.351851971915828,0.946820904796482,"CG14613"
23.0495144075158,-0.483428561004842,0.520617285043852,-0.928568018951048,0.353113002222754,0.946820904796482,"CG18766"
239.049466260123,0.461200013304584,0.496202979866647,0.929458370904041,0.352651589591168,0.946820904796482,"CG2854"
25.785068573933,-0.612781015542307,0.660789363424749,-0.927346972364047,0.353746413355441,0.946820904796482,"CG34338"
335.20529282978,0.181924364770559,0.196098782049067,0.927717973919079,0.353553882456227,0.946820904796482,"CG3534"
9.50807995160678,-0.557532734393797,0.601999251314614,-0.926135262089259,0.354375690757594,0.946820904796482,"CG42246"
10.5951007395199,-0.64536928848967,0.696005707732458,-0.927247120705723,0.353798242592339,0.946820904796482,"CG4297"
763.35408130273,0.240723631776932,0.258073431096042,0.932771850068313,0.350937778401467,0.946820904796482,"CG4306"
13.1272654610709,-0.615805310417635,0.664246349169222,-0.9270736846169,0.353888278143789,0.946820904796482,"CG4467"
1520.0495421362,-0.196823976698395,0.212117757600575,-0.927899572976917,0.353459665952489,0.946820904796482,"CG6891"
7.69411310370809,-0.72062627475649,0.778638765762098,-0.925494987462091,0.354708489859901,0.946820904796482,"CG7179"
195.146887309182,0.223123681100253,0.240284004045585,0.928583165519098,0.353105149531507,0.946820904796482,"CG8010"
1017.44687822522,0.12808940030986,0.137130302782199,0.93407071749343,0.350267415678085,0.946820904796482,"CG8818"
520.409575329927,0.206192230848464,0.22242951828023,0.927000303029436,0.353926376948359,0.946820904796482,"Cad87A"
33891.8820347607,-0.147790421203847,0.159862106937547,-0.924486884572238,0.355232876902233,0.946820904796482,"Cyp4g1"
19.1239788955119,-0.552823767408998,0.59178746735969,-0.934159301945795,0.35022172567228,0.946820904796482,"Dsor1"
125.007460180792,-0.518332345527427,0.555432202062332,-0.93320542741823,0.350713913006073,0.946820904796482,"GNBP-like3"
1157.88350654205,0.139369772679768,0.149833873927717,0.930161978906075,0.352287224431869,0.946820904796482,"Hmu"
371.540893553107,0.174934114451071,0.187654230458577,0.9322151385747,0.351225353410774,0.946820904796482,"LPCAT"
19.509521812675,0.476615520996606,0.511296488220596,0.932170535055528,0.351248400273802,0.946820904796482,"LpR2"
157.079773260148,-0.221554163115547,0.239598532720334,-0.924689148134936,0.355127625819487,0.946820904796482,"MED22"
333.61388155043,-0.262968976945228,0.282292853063189,-0.931546704394832,0.351570837140886,0.946820904796482,"Mlp60A"
1070.79847181145,0.1373340653751,0.147731132670082,0.929621691060872,0.352566992596723,0.946820904796482,"Mpi"
7.54454939584903,-0.687555642798486,0.737038517789151,-0.932862565800366,0.350890932408821,0.946820904796482,"MsrA"
503.901039487987,0.13752204341705,0.14726975059135,0.933810527041984,0.350401638325967,0.946820904796482,"Nubp2"
182.604917436028,-0.230223163584149,0.248297358477648,-0.927207462035378,0.353818829246686,0.946820904796482,"Nup75"
221.735833288511,0.275343020527213,0.296711658761294,0.927981804546239,0.353417008117144,0.946820904796482,"Obp83cd"
1752.91574132557,0.144839517013833,0.156710305021531,0.924250112294354,0.355356110153703,0.946820904796482,"Pgm2a"
47.4568048617095,0.378563815484906,0.409399894502396,0.924679807123621,0.355132486130742,0.946820904796482,"PsGEF"
943.736707353745,0.128815414010486,0.139392858026026,0.924117747743104,0.355425013899817,0.946820904796482,"Ref1"
71.9649485041341,0.278548215532391,0.299525763437119,0.929964128414177,0.352389657711817,0.946820904796482,"Ror"
38.7404746076991,0.540433711983173,0.58349098757283,0.926207471054928,0.354338170681073,0.946820904796482,"RpS10a"
6.52542339430403,0.767370360002427,0.827425494395847,0.927419284515436,0.353708881836018,0.946820904796482,"RpS25"
70.8759826508144,0.285596678270993,0.30793022250874,0.927472061508634,0.353681491061233,0.946820904796482,"Shrm"
262.522111711063,0.197676792155635,0.213774468552406,0.924697853276033,0.355123096401761,0.946820904796482,"Tollo"
1306.11836466096,-0.140436068319503,0.150367978220549,-0.933949302114847,0.350330045330433,0.946820904796482,"Txl"
374.136101448294,0.168906903010321,0.181542022968283,0.930401128337269,0.352163434583802,0.946820904796482,"Upf2"
47.2044007482172,0.285719707275057,0.30846309152349,0.926268701593751,0.354306357006464,0.946820904796482,"Vmat"
206.633372724505,0.242472635330659,0.260523536916883,0.930712972041439,0.352002057695714,0.946820904796482,"Wdr92"
324.34902365939,0.159113291646101,0.171959304056569,0.925296206093961,0.354811851686284,0.946820904796482,"disp"
274.278979493934,-0.46528899700593,0.500187634359192,-0.930228908201676,0.352252577345371,0.946820904796482,"fzr2"
339.508035842561,-0.238537733740834,0.25554723942408,-0.933438898727374,0.350593404214,0.946820904796482,"l(3)L1231"
10.9736421584086,0.659688589783573,0.709464264338519,0.929840476741481,0.352453685553985,0.946820904796482,"lab"
7.18646496754222,0.778325211896388,0.838400291823824,0.928345588004567,0.353228333577361,0.946820904796482,"lncRNA:CR43958"
9.72662152052344,0.680591725061966,0.73625448149689,0.924397395419916,0.355279450295915,0.946820904796482,"lncRNA:CR45717"
135.480284703765,0.2052714195064,0.220557104523781,0.930695113855499,0.352011297915195,0.946820904796482,"rgn"
5.80138549278373,-0.819184636424692,0.884974823709142,-0.92565869048262,0.354623382259705,0.946820904796482,"sky"
8.7168265736095,-0.715387962826598,0.766798959454902,-0.932953747531361,0.350843849767111,0.946820904796482,"snoRNA:Psi28S-3091a"
75.8749074761594,0.289075641289573,0.311186495123477,0.928946615035043,0.352916753379001,0.946820904796482,"sosie"
13.5225376226765,0.542922764109167,0.580375322543523,0.935468382304371,0.349546970220245,0.946820904796482,"tzn"
53.2145632059901,0.339791634952829,0.367889611152541,0.923623893287757,0.355682169371029,0.947216009802958,"lncRNA:CR45409"
1313.69259817087,-0.223445415504129,0.242121408688698,-0.922865172122878,0.356077472445734,0.947399034758551,"CG16820"
16.0731767988324,0.539212013725537,0.584172349707585,0.923035836933134,0.355988529839389,0.947399034758551,"CG1946"
7.57559770299507,-1.10464195154903,1.19658941567824,-0.923158718500701,0.355924498324558,0.947399034758551,"CG8661"
556.656877751231,-0.177287431233768,0.192271218593724,-0.922069525176219,0.356492311735589,0.947642517839114,"Atg3"
8.2245470599809,-1.27629625703972,1.3857424468175,-0.921019818632868,0.357040079971786,0.947642517839114,"CG15919"
149.277860200074,-0.235301670631551,0.255429344698551,-0.921200619722239,0.356945694788659,0.947642517839114,"CG2816"
133.934554746807,0.264756045457858,0.287067893135811,0.922276756783117,0.356384234724591,0.947642517839114,"CG5543"
7037.43247245155,0.215505248210272,0.233826337856419,0.921646595442992,0.356712945368111,0.947642517839114,"Cpr97Eb"
97.8497037648305,-0.227441273959655,0.246875618933309,-0.921278799998051,0.356904886519592,0.947642517839114,"Csl4"
125.388335834584,0.2417529054088,0.262456982123347,0.921114399216795,0.356990703276931,0.947642517839114,"Rnf146"
11.5686564675867,-0.508182008792571,0.551564426658336,-0.921346599292855,0.35686949925862,0.947642517839114,"asRNA:CR45140"
656.384089285081,-1.4662426682629,1.61489987851095,-0.907946484964054,0.363906496247257,0.948350064154997,"Adk1"
279.808128623985,-0.14606072411622,0.158926813393366,-0.919043935995242,0.358072591796597,0.948350064154997,"BtbVII"
15.3751830741554,-0.590178002331929,0.650770066579728,-0.906891746625263,0.364464046092787,0.948350064154997,"CG10140"
242.80198672487,-1.4672984862784,1.61789178096646,-0.906920044678083,0.364449080369188,0.948350064154997,"CG10752"
520.238566240353,-1.46667172580515,1.61664960140934,-0.907229200765924,0.364285604931792,0.948350064154997,"CG10950"
23.5248681919559,-0.482663945318249,0.53164112777831,-0.907875482348904,0.363944012497528,0.948350064154997,"CG12177"
770.676090359412,1.42984203274491,1.57008653218247,0.910677216469964,0.362465472067364,0.948350064154997,"CG12307"
255.605955754458,1.42987778678775,1.57058909414412,0.910408579888271,0.362607074580734,0.948350064154997,"CG12609"
116.105929741131,-0.256483091262784,0.282261057948344,-0.908673315146868,0.363522593956039,0.948350064154997,"CG12659"
545.728515367317,1.42972338625651,1.56858768160534,0.911471767260907,0.362046854745285,0.948350064154997,"CG12689"
64.4246841495402,1.42893349184939,1.57532965529518,0.907069505767443,0.36437004266766,0.948350064154997,"CG12691"
525.513610716523,1.42970868395257,1.56840059779965,0.911571116434377,0.361994532918225,0.948350064154997,"CG13008"
15.4165025015614,-0.476880358791541,0.518477315733714,-0.919770922121621,0.357692481666183,0.948350064154997,"CG13690"
147.240704073857,-0.244207626692216,0.267503974078606,-0.912912144701279,0.361288749653038,0.948350064154997,"CG14543"
602.875360082169,-1.46438258624084,1.61437593159043,-0.90708896087058,0.364359755248711,0.948350064154997,"CG15425"
131.703436237049,1.42785576856207,1.57272583328077,0.907886001709216,0.363938454141839,0.948350064154997,"CG15577"
24.2336982307081,-0.409468098704765,0.450819769625178,-0.908274495249413,0.363733214081609,0.948350064154997,"CG16775"
105.587422257388,1.42773509351545,1.5744302913004,0.906826489178003,0.364498559645923,0.948350064154997,"CG17764"
289.32338316663,-0.183648732718798,0.202241504558743,-0.908066487734497,0.363843094869831,0.948350064154997,"CG2063"
295.722750542197,1.43003611786459,1.57261874705776,0.90933426842333,0.363173707039378,0.948350064154997,"CG2871"
742.580012083634,1.42893059553439,1.57063964818091,0.90977621581714,0.362940540226343,0.948350064154997,"CG31533"
212.443274914451,1.42982487740877,1.56991918692189,0.910763362420078,0.362420070534107,0.948350064154997,"CG31816"
15.1190925873996,0.496653137732634,0.541842769944292,0.91660010113948,0.359352231359746,0.948350064154997,"CG32112"
33.5195353683518,-0.439609641046117,0.483398886992074,-0.909413846154192,0.363131715743747,0.948350064154997,"CG33966"
83.362805172945,-0.265119300795862,0.292306712230497,-0.906990122713308,0.364412020514663,0.948350064154997,"CG34039"
11.6584850805237,-0.639585389790166,0.701600108193708,-0.911609594013318,0.361974270134976,0.948350064154997,"CG34430"
54.8062954291774,-0.383350707566711,0.42267487076084,-0.906963564871166,0.364426065005763,0.948350064154997,"CG34431"
742.998547432151,1.42782648042836,1.57321698598659,0.907583946236726,0.36409807924162,0.948350064154997,"CG3581"
61.5164987196465,-0.313963641909806,0.341726528480063,-0.918757005217767,0.358222685622202,0.948350064154997,"CG3857"
29.3873231708717,-0.466051570415158,0.507938405191051,-0.91753560205762,0.358862045783471,0.948350064154997,"CG4098"
70.9353885428748,0.347593363839545,0.38019742191645,0.914244399889514,0.360588438723953,0.948350064154997,"CG42260"
4.36228827163932,-1.90030791852238,2.09516544052878,-0.90699659404595,0.364408598353635,0.948350064154997,"CG4230"
241.223298614668,0.167251320924077,0.182438529496562,0.916754379601755,0.359271363275957,0.948350064154997,"CG4610"
547.811919919383,1.42993244258818,1.57125869391823,0.910055389429456,0.362793299459366,0.948350064154997,"CG5103"
523.435479397472,1.42982048132595,1.56982678165082,0.910814172645442,0.362393293671507,0.948350064154997,"CG5565"
105.850884746974,-0.334588822234715,0.365963738047251,-0.914267692258392,0.360576202479804,0.948350064154997,"CG6041"
485.996184531999,1.42998884910577,1.57198840808219,0.909668825643786,0.362997189535758,0.948350064154997,"CG7140"
262.064359213629,-0.2125642792193,0.232197712795565,-0.915445189619285,0.359957964126053,0.948350064154997,"CG7655"
261.220984367208,-0.726838351329764,0.791877874291878,-0.917866725320146,0.358688643950665,0.948350064154997,"CG8252"
1167.35946623463,1.42992395054801,1.57111990079859,0.910130378859812,0.362753755170004,0.948350064154997,"CG8517"
123.357074568954,-0.201945190351222,0.222442246363745,-0.907854482016851,0.363955109083423,0.948350064154997,"CG9986"
552.928096055043,-0.123121403956777,0.134902332482804,-0.912670683232783,0.361415767102438,0.948350064154997,"Ccm3"
147.050981809753,0.191847788732823,0.210934848859191,0.909512059151928,0.363079895245885,0.948350064154997,"Cdc2rk"
21.9334980008145,-0.484975199533786,0.52917888894451,-0.916467398200839,0.359421799358681,0.948350064154997,"HDAC6"
9.02524404412646,-0.737932406191781,0.806467655694698,-0.915017981168903,0.360182190533063,0.948350064154997,"Ir64a"
336.136730985832,-1.04594429085179,1.14393138632286,-0.914341806997667,0.360537269313841,0.948350064154997,"Mal-B1"
14.8387082138154,0.512521667304978,0.560410299779215,0.914547194273367,0.360429391242381,0.948350064154997,"Mctp"
1573.68700521432,1.42983345256093,1.56994844215755,0.910751852841698,0.362426136225473,0.948350064154997,"Mst98Cb"
1417.89671281644,0.171063321127748,0.187534139145568,0.912171628627923,0.361678376561248,0.948350064154997,"Nepl21"
50.0603652783431,-0.408661086956011,0.447627926962769,-0.912948148094437,0.361269812966834,0.948350064154997,"Nlg3"
11.6221822001145,0.789087268981561,0.858962766005746,0.918651308543778,0.35827798564989,0.948350064154997,"Octbeta2R"
824.128484432211,1.42893648791665,1.57309738242166,0.908358569459262,0.363688807439947,0.948350064154997,"Pglym87"
132.314485690238,1.42892291496924,1.56956778633267,0.910392610890639,0.362615493178008,0.948350064154997,"Prosbeta4R1"
311.978094142409,-0.171579572128594,0.187942700019335,-0.912935549563474,0.361276439338899,0.948350064154997,"Srp19"
444.549266002969,0.149759735019851,0.165069774155613,0.9072511050913,0.364274024110153,0.948350064154997,"TfIIFalpha"
470.80019609527,-0.185858635933864,0.202040580016538,-0.919907455812347,0.357621122344467,0.948350064154997,"Tob"
42.3187917748349,0.384795908359216,0.419003987261491,0.918358583826729,0.358431165942978,0.948350064154997,"Traf4"
23.867330848281,-0.544415595834832,0.595184990583926,-0.914699806694914,0.360349245874176,0.948350064154997,"asRNA:CR43464"
77.8191206652677,-0.256223005603976,0.280949401627872,-0.911989860520697,0.361774055169418,0.948350064154997,"fs(2)ltoPP43"
469.020440524886,-0.18675350852048,0.205279190708985,-0.909753725526095,0.362952403604669,0.948350064154997,"how"
69.7800381934713,0.727576132198025,0.791289218332496,0.919481923096671,0.357843556542335,0.948350064154997,"kmg"
112.973214962072,-0.222700661400892,0.244606174401876,-0.9104457888091,0.362587459114314,0.948350064154997,"ksh"
11.0578314401538,-0.59768759059597,0.652010792521513,-0.916683584767885,0.3593084703576,0.948350064154997,"lncRNA:CR44294"
29.0933444215034,-0.38687719610274,0.42383539422035,-0.912800585742503,0.361347430213531,0.948350064154997,"pho"
28.5938275915079,-0.468517707118977,0.510403600677778,-0.917935740454848,0.358652508906942,0.948350064154997,"ppk10"
145.493066079839,0.233003996839913,0.255055959736477,0.913540687622635,0.360958244675943,0.948350064154997,"tau"
61.2493914169409,1.42893513454998,1.57613395411439,0.90660767177805,0.364614303350899,0.948367687406717,"Ntf-2r"
150.668215093762,0.348788696848744,0.385339129759343,0.905147362186066,0.365387323670607,0.949042500648956,"Ance-5"
6699.5728590213,-0.120434781438116,0.133094495860094,-0.904881758331421,0.365528031963151,0.949042500648956,"Lamp1"
22.5041100150131,-0.606902337069915,0.670154807434793,-0.905615135990749,0.36513959454882,0.949042500648956,"Nagk"
543.450321848908,0.166915025733253,0.184328586623569,0.905529786728751,0.365184786983946,0.949042500648956,"Ppox"
306.638965439357,0.244660266362074,0.270349286292173,0.904978406703332,0.36547682688138,0.949042500648956,"Rsod"
15.8083071761105,0.48776506275233,0.538783013223274,0.905308910602566,0.365301757111002,0.949042500648956,"SP1029"
114.761294349602,0.249010659233647,0.276474681864577,0.900663516652921,0.367767252140294,0.949343274913771,"CG13300"
345.826530024618,-1.46467731022992,1.62037319745638,-0.903913562955208,0.366041236759056,0.949343274913771,"CG17666"
62.9620542326955,-0.254955906536622,0.282471865447871,-0.902588674211426,0.3667442397246,0.949343274913771,"CG3448"
16.9006307573072,0.48961170346351,0.544043927669179,0.899948843397866,0.368147475354753,0.949343274913771,"CG42541"
16.9087366007643,-0.49821179943189,0.553213203869065,-0.900578286901856,0.367812583551973,0.949343274913771,"CG6696"
368.571690303926,-0.145324811268883,0.161331044928549,-0.900786400616474,0.367701899591204,0.949343274913771,"CG9933"
67.1128542656066,0.45666719923612,0.506231252759491,0.902092071058048,0.367007960478879,0.949343274913771,"Cralbp"
55.5932718375851,0.385207688452887,0.426705537975044,0.902748275264746,0.366659508791375,0.949343274913771,"Grd"
41.7063680757355,0.336027809860272,0.373432920004186,0.899834459844903,0.368208352843028,0.949343274913771,"GstD8"
100.516310519915,0.240905976745243,0.267790955630208,0.899604604562932,0.368330705919043,0.949343274913771,"JMJD7"
198.541401200813,-0.172954573823298,0.192272362387596,-0.899529041384763,0.368370934089832,0.949343274913771,"Nsun2"
203.534080212824,0.182188994071088,0.202036351838145,0.901763432241354,0.367182548867428,0.949343274913771,"Nup93-1"
384.262491493821,0.245821128034868,0.27325748647001,0.899595217720948,0.368335703118101,0.949343274913771,"Obp83g"
349.114730807887,0.181648496935397,0.200965453385292,0.903879218420389,0.366059449787891,0.949343274913771,"Pgant3"
49.6228812396198,1.43078642828071,1.58250597768235,0.904127029192118,0.365928047533756,0.949343274913771,"RpL37-2"
129.555978255725,0.209524349780458,0.23286713787758,0.89975920041842,0.368248411012887,0.949343274913771,"Seipin"
147.382143847834,-0.222321945991918,0.246162196447487,-0.903152267896445,0.366445086865741,0.949343274913771,"SmD1"
15.6429854470722,0.61813179057772,0.683999973057934,0.903701483808925,0.366153712117756,0.949343274913771,"Wbp2"
12.196982555448,-0.595274659892489,0.660880993218482,-0.900728975414332,0.367732438748616,0.949343274913771,"fray"
774.45145525626,-0.167523345386064,0.185939539024803,-0.900956011102713,0.367611708673348,0.949343274913771,"heca"
8.25914660838686,-0.637896420696567,0.709135264118759,-0.899541248296655,0.368364435213767,0.949343274913771,"inaF-C"
95.7563131759742,-1.46701159879735,1.6237242647858,-0.903485666016627,0.366268192385062,0.949343274913771,"lncRNA:CR32835"
18.2526138249074,-0.579604776959318,0.641960186444791,-0.90286717026674,0.366596396311926,0.949343274913771,"mir-4983"
136.464589938618,-0.234520360735081,0.260119376198782,-0.901587433286252,0.367276069063355,0.949343274913771,"vn"
539.055925559274,-0.206932260625387,0.229275316782159,-0.902549230024615,0.366765182211704,0.949343274913771,"yps"
77.9818859464632,1.43148626011541,1.5919042722182,0.89922885760005,0.368530772329545,0.949474041321502,"CG14841"
429.499706652715,-0.789293618698388,0.879237334300079,-0.897702574614519,0.369344136500874,0.951287960925452,"CG11068"
31.6135571638303,1.43184466817965,1.59686888814283,0.896657627192485,0.369901637569997,0.951329032353777,"CG13334"
152.382166557785,0.188769681399451,0.211069616234095,0.89434796332831,0.371135744994727,0.951329032353777,"CG13409"
23.2764306819197,-0.654867330353358,0.730828065077255,-0.896062099481816,0.370219597720903,0.951329032353777,"CG15142"
28.7074868408782,1.42897913124361,1.59788377163836,0.894294789525543,0.371164187057444,0.951329032353777,"CG18666"
209.64725693438,-0.15634280423724,0.174922178239616,-0.893784915158532,0.371436981723329,0.951329032353777,"CG32109"
219.60665363497,-0.401525628309417,0.447522495154773,-0.897218872026872,0.369602136865968,0.951329032353777,"CG3927"
218.305081056793,0.174806898233376,0.195076079149527,0.896096020565316,0.370201482245644,0.951329032353777,"CG5726"
98.5383871654399,-0.238191320421153,0.266308608819474,-0.894418402307897,0.371098070067771,0.951329032353777,"CG8173"
13.9293130522665,0.587895595353073,0.656893865311022,0.894962834026042,0.370806955898228,0.951329032353777,"Cyp6g2"
1444.73309713457,0.153989592180158,0.171715753110343,0.896770327654249,0.369841484397331,0.951329032353777,"GstE1"
12.9999565183653,0.784997572286268,0.876690562742265,0.895410086120713,0.370567910937994,0.951329032353777,"Npl4"
18.4910883948307,0.606953589853051,0.678840433943382,0.894103473370405,0.371266531081782,0.951329032353777,"PK1-R"
194.943341397079,0.262384369358318,0.292877786842131,0.895883474767412,0.370315000915749,0.951329032353777,"Scgbeta"
716.753714099544,-0.157518123388151,0.176196037363943,-0.89399356390058,0.371325334753419,0.951329032353777,"Ubc10"
68.0269119921626,0.328528376503419,0.367233585043861,0.894603298508714,0.370999187950375,0.951329032353777,"cpx"
64.9332212724971,-0.287493523128325,0.320792076389289,-0.896198953428778,0.370146514561436,0.951329032353777,"dar1"
178.279511070718,0.192937977882706,0.215279580966256,0.896220519459986,0.370134998621592,0.951329032353777,"dare"
8.71707757541682,-0.743688032358467,0.831072217262847,-0.894853680475349,0.37086531024587,0.951329032353777,"lncRNA:CR32385"
27.4732024746396,1.42628022796499,1.59569096599735,0.893832363758181,0.371411590369444,0.951329032353777,"lncRNA:CR46040"
91.0388707278121,0.303560217799046,0.339750213622056,0.893480579637636,0.371599867578898,0.951466209926197,"CG17646"
68.7840784877102,0.265512345842178,0.2977403342156,0.891758070137434,0.372522620503068,0.951889031956259,"Ack-like"
7.0929579701157,0.797925337485932,0.894285863208666,0.892248631352624,0.37225968106576,0.951889031956259,"Br140"
2241.24378583419,0.798154371307543,0.893951427773464,0.892838633633015,0.371943593912058,0.951889031956259,"CG4669"
47.7145279223719,0.377895225071459,0.42379734100315,0.89168852304963,0.372559906859259,0.951889031956259,"CG9485"
27.2926793236606,0.393566626921394,0.441434187305838,0.891563540475673,0.372626919714899,0.951889031956259,"Cdk4"
6.62469274057027,0.88736746486055,0.994376271039205,0.892386001863437,0.372186071478106,0.951889031956259,"CheB38c"
49.694817147957,0.392561910595295,0.439878745767926,0.89243209491737,0.372161374671273,0.951889031956259,"Cyp4ac3"
706.18280574162,-0.141714151538031,0.158954491760061,-0.891539144121485,0.372640001364469,0.951889031956259,"Hex-A"
6.79120016795469,0.717141418387461,0.805028268272683,0.890827622645107,0.373021653797528,0.952032189896907,"asRNA:CR44069"
37.0972755724965,-0.362789627274469,0.407252272097478,-0.890822844046978,0.373024217804028,0.952032189896907,"dnc"
10.7839308674994,0.756224869235793,0.848829685721279,0.89090294785485,0.372981238715267,0.952032189896907,"lncRNA:CR45232"
214.89632368286,0.186175104940747,0.209219772639326,0.889854255131487,0.373544149557099,0.952800332237817,"PGAP1"
285.180487398211,-0.881510050239686,0.990435896662458,-0.890022315639178,0.373453903703685,0.952800332237817,"gom"
41.7707336933296,-0.333783836431203,0.375200998007286,-0.889613402426827,0.373673507209392,0.952851020581112,"MtnA"
22.8624838384698,-0.515662069410849,0.580044591441598,-0.889004185228694,0.374000830529867,0.953406335120513,"CG42561"
8.49180878010014,0.662743292489474,0.74618143265929,0.888179822603662,0.374444030593368,0.953419074971936,"CG32237"
77.0757579553574,-0.328558596289395,0.369856061460166,-0.888341791647995,0.37435692594514,0.953419074971936,"CG3817"
12092.4326298197,0.312172858805569,0.351260696752717,0.888721287896705,0.3741528873415,0.953419074971936,"CG8736"
14.620528584777,-0.532246294930628,0.599050947209064,-0.888482519575882,0.374281254641772,0.953419074971936,"dve"
127.700379072216,-0.243967142971606,0.275038114226611,-0.887030307263506,0.375062583636579,0.953599084250409,"Arp3"
149.206665051542,0.187555044007688,0.211359483599465,0.887374632136747,0.374877236562074,0.953599084250409,"Brca2"
12.854831621625,-0.630423486009962,0.710311977870388,-0.887530417127496,0.37479339746528,0.953599084250409,"CG14322"
402.548407129348,0.300239741236736,0.338315970085765,0.887453646248574,0.374834711942712,0.953599084250409,"CG43078"
110.458974070287,0.530667171801051,0.598139427264351,0.887196442187584,0.374973147587794,0.953599084250409,"CG9672"
516.005681733212,-0.133338349605696,0.150379381429467,-0.886679731876914,0.375251353477439,0.953800388234273,"l(1)G0289"
101.422989693409,-0.206475709800011,0.232971469309214,-0.886270367836176,0.375471852767271,0.953803717055914,"BCL7-like"
56.8952959978366,0.434361810955726,0.490045740840345,0.886369933979774,0.375418215231062,0.953803717055914,"CG34247"
304.296600563285,0.171019851139609,0.193400820153252,0.884276762653292,0.376546829070948,0.95486219504792,"CG17271"
194.651985349341,0.291677093166302,0.329802532356208,0.884399192093745,0.376480758945428,0.95486219504792,"Cyp311a1"
345.840697364326,0.218482821931849,0.246866510222776,0.88502414416069,0.376143609520374,0.95486219504792,"Epac"
75.1133838568467,0.261152703458623,0.295208519416298,0.884638099113765,0.376351851268129,0.95486219504792,"Fa2h"
8.06061832662908,-0.62451650832082,0.705629526885759,-0.885048718237563,0.376130356095412,0.95486219504792,"SC35"
15.8080897164953,-0.5582137220854,0.63115478043625,-0.884432376000648,0.376462852190099,0.95486219504792,"wg"
22.2765944515972,0.405634983457535,0.45897621934045,0.883782135903322,0.376813831578304,0.955013340024318,"CG4004"
134.196755254566,0.509199460730404,0.576174057880656,0.883759783637943,0.376825900223315,0.955013340024318,"Cht8"
419.690112717384,-0.166378955454007,0.18832609778873,-0.883462023625932,0.376986692345678,0.955019692555867,"CG17059"
71.1435113536293,-0.293151128925988,0.331863413382247,-0.883348742599506,0.377047875861423,0.955019692555867,"Sas-6"
17.9601971602862,0.433117852753176,0.490428552201841,0.883141592814365,0.377159774087801,0.955025171337251,"CG5004"
90.3409776373181,-0.288979914740852,0.327373330209864,-0.882722836816304,0.3773860403381,0.955320159704039,"CG18557"
276.584907988601,0.328438681629117,0.372211240022787,0.882398612167139,0.377561285964162,0.955485859769149,"CG6830"
9.62780729289762,-0.686154214346266,0.778227628998303,-0.88168832457086,0.37794537648488,0.956179828938347,"lncRNA:CR44584"
840.893237746651,-1.05046424048867,1.1920710856281,-0.881209395272917,0.378204495009737,0.956279407341587,"CG14740"
7.5132130645875,0.67180044530282,0.762300980862803,0.881279786026838,0.37816640414239,0.956279407341587,"ebd2"
176.831437362291,0.194482317017225,0.221082768158412,0.879681029133273,0.379032129235814,0.956728675796193,"ADD1"
171.340862407546,-1.05379997519794,1.19699760456591,-0.880369326703958,0.378659267471471,0.956728675796193,"CG18371"
132.5626704493,0.257748853370417,0.293116877203228,0.879338152854674,0.379217955052259,0.956728675796193,"CG18787"
7.85110411618193,-0.775602399503381,0.880903520713483,-0.880462367632707,0.37860888304616,0.956728675796193,"CG43181"
420.929408701324,-1.05142477020829,1.19471556553012,-0.880062837167236,0.378825269845209,0.956728675796193,"CG8006"
19.9378234246866,-0.430906149042455,0.490079533849177,-0.879257588371497,0.379261626048129,0.956728675796193,"Gk1"
34.1577388390777,1.42473151498395,1.61984901435589,0.879545872706211,0.379105372153935,0.956728675796193,"Qsox4"
650.075693234831,-0.123446545448627,0.140360256135804,-0.879497863905208,0.379131390805202,0.956728675796193,"l(3)mbt"
48.8187825414043,1.42458049391817,1.62231922885038,0.878113547928341,0.379882101470715,0.958016206635651,"CG44088"
529.356034951278,-0.255256326539873,0.290907984505905,-0.877446959640573,0.38024391615242,0.958650869720311,"CG32444"
26.1731398904338,0.472045373821818,0.538788619383994,0.876123505283975,0.380962895758278,0.960185369760873,"ova"
351.561229770605,0.754182000263358,0.871179920771269,0.865701770990853,0.386653728584676,0.960200040587675,"825-Oak"
1820.65641260658,0.855901395866822,0.985340652079704,0.868635018823509,0.385046794078948,0.960200040587675,"Bfc"
36.5556959441722,0.325472392756606,0.374957419221276,0.868024943825776,0.385380677556338,0.960200040587675,"CG10737"
9.77947805383503,-0.802908709801011,0.920286680590811,-0.872454993356587,0.382960210760993,0.960200040587675,"CG12836"
21.1843707390206,0.467973938414411,0.53893949177444,0.868323708981916,0.38521714646232,0.960200040587675,"CG13204"
66.7777711331233,-0.270807794656737,0.311493022061148,-0.869386392236984,0.384635823516262,0.960200040587675,"CG13293"
505.640669231248,0.138683722814983,0.159274290937231,0.870722588051812,0.38390564201675,0.960200040587675,"CG14650"
12.3058558647083,1.42906227989388,1.64231238326581,0.870152532767323,0.384217052279992,0.960200040587675,"CG1690"
12.0970156936666,0.565049489385605,0.652808147149741,0.865567459371787,0.386727406980479,0.960200040587675,"CG17032"
16.8100255683567,0.444792240571275,0.510576519445113,0.87115686607498,0.383668507970616,0.960200040587675,"CG18809"
62.9611784035652,-0.342634304247565,0.394692790113837,-0.8681037830682,0.385337520253298,0.960200040587675,"CG18814"
727.361511424269,0.85817733113334,0.988108696360903,0.8685049876536,0.385117943053515,0.960200040587675,"CG31819"
409.768811515332,0.858199661268931,0.987461400897599,0.869096919118894,0.384794121709752,0.960200040587675,"CG3687"
7.74030105133771,1.43580332478312,1.65647491565066,0.866782413194068,0.38606123992671,0.960200040587675,"CG42591"
1762.42605065595,0.244345209614672,0.282093914847671,0.866183908102439,0.386389316534704,0.960200040587675,"CG45078"
280.730143967842,0.155143792070393,0.177422393198899,0.874431853122786,0.381883116936399,0.960200040587675,"CG6574"
105.950165038376,0.230813061391348,0.265813938753777,0.868325650917615,0.385216083669658,0.960200040587675,"CG7099"
24.0281435047813,-0.567432402643902,0.651298251824283,-0.871232804716621,0.383627051495103,0.960200040587675,"CG7567"
121.904289164313,-0.216619935156017,0.247516894480451,-0.875172321512486,0.381480150916299,0.960200040587675,"CG7706"
515.284093850534,-0.142948930802763,0.163537415925366,-0.874105353774218,0.382060882176565,0.960200040587675,"CG7878"
344.553753327677,-0.166894785959285,0.192376344310074,-0.867543182389838,0.385644462219434,0.960200040587675,"CG7945"
18.8250518212934,-0.487694867621488,0.560124974141033,-0.870689382078315,0.383923777564484,0.960200040587675,"CG8501"
729.374932570746,0.857708603889511,0.986188585271584,0.86972067685544,0.384453069741698,0.960200040587675,"CG9010"
549.05917886038,0.198617824437626,0.22964267431358,0.864899457521607,0.387093975374224,0.960200040587675,"CG9896"
259.725814865191,0.858184172801299,0.984625127331893,0.871584676217617,0.383434993361651,0.960200040587675,"COX6AL"
8.45903395899367,-0.710069450810346,0.817378625083608,-0.868715463091189,0.385002781524223,0.960200040587675,"Cp190"
4022.69395393509,0.355955481580898,0.407889977030767,0.872675235052535,0.382840119823424,0.960200040587675,"Cpr100A"
371.504371898346,0.307215644602149,0.355237731526047,0.864817043173869,0.387139215222409,0.960200040587675,"Cpr67B"
317.19489615679,0.335203739742666,0.384669774708369,0.87140649404231,0.383532241209608,0.960200040587675,"Cpr97Ea"
52.0310396785832,0.277631118981207,0.317462580546512,0.874531790497214,0.381828715358823,0.960200040587675,"Dr"
514.831632421125,0.189337655113286,0.218120439827125,0.868041781244108,0.385371460355641,0.960200040587675,"Ero1L"
636.904697553553,-0.256563419368847,0.292983090216192,-0.87569360804929,0.381196621161731,0.960200040587675,"Fas3"
31.0498145861761,0.461792941765544,0.530524107646565,0.870446667945183,0.384056352581006,0.960200040587675,"Fer2LCH"
44.9026482902859,-0.335701425402918,0.388182752671244,-0.864802526884102,0.38714718400806,0.960200040587675,"Gbp2"
20.4323033597268,-0.425503454920473,0.490566023528157,-0.867372452458583,0.38573797050735,0.960200040587675,"Hydr2"
119.024602471862,0.252139513608052,0.288270834482416,0.8746618923859,0.381757900649901,0.960200040587675,"Marc"
357.329738717253,0.138514399576296,0.158559446398947,0.873580242124358,0.382346889933687,0.960200040587675,"Mccc2"
33.6205065493246,0.383876248811882,0.439332928726862,0.873770718539839,0.382243129719093,0.960200040587675,"ND-ASHI"
23.4528966534116,0.460141954955592,0.528128682881307,0.871268631813746,0.383607493693802,0.960200040587675,"RhoGEF3"
10501.8652019231,0.155885927498979,0.178249162834378,0.874539464983754,0.381824537897362,0.960200040587675,"RpS20"
6.3925611766747,0.694366886433056,0.798031518054028,0.870099577177409,0.384245988746242,0.960200040587675,"RpS3"
697.202782839391,-0.149536059824064,0.172835394362774,-0.865193500297713,0.386932592249488,0.960200040587675,"Stam"
130.73653446585,-0.179018419909179,0.206678539774584,-0.866168399024048,0.386397820254051,0.960200040587675,"Use1"
132.255733113372,0.197511791735561,0.227225590851532,0.869232162607136,0.384720158935343,0.960200040587675,"Xpac"
405.835894668033,0.13408483469128,0.153492279417721,0.873560775824923,0.382357494987546,0.960200040587675,"ZnT86D"
867.659347224092,0.221318929512623,0.254662443821454,0.869067798893002,0.384810048292029,0.960200040587675,"alphaTub85E"
10.0807483441751,-0.580720575843558,0.669167279743465,-0.86782571925242,0.385489748022745,0.960200040587675,"eIF3a"
207.272324264727,0.156569519503237,0.180158246331322,0.86906662721004,0.384810689123278,0.960200040587675,"fs(1)K10"
8.39673215125701,-1.03121532906696,1.19004017147753,-0.86653825121435,0.386195059234062,0.960200040587675,"fz3"
54.4757046172512,0.298878508966393,0.345060483554691,0.866162667737123,0.386400962781453,0.960200040587675,"kmr"
13.0050220730209,1.42423216336605,1.62793964475124,0.874867915378816,0.381645778420847,0.960200040587675,"lncRNA:CR44171"
7.35104175131239,1.4359550978256,1.65896805251408,0.86557127827114,0.386725311954958,0.960200040587675,"lncRNA:CR44560"
700.080537670142,-0.156330939025621,0.178654995035045,-0.875043762392175,0.381550094605856,0.960200040587675,"mRpL38"
1383.52713114141,-0.22731560048809,0.262596365129846,-0.865646408988523,0.386684097097589,0.960200040587675,"nec"
29.3305332444722,-0.688997261693015,0.795653857837994,-0.865951009858993,0.386517028040579,0.960200040587675,"rn"
1993.00036108517,0.312245298772028,0.358476206679123,0.871034933293419,0.383735079336011,0.960200040587675,"zye"
22.5969812438564,0.376154387255162,0.435272695393679,0.8641809863928,0.387488475423957,0.960772707012734,"Glyat"
158.603656818327,-0.338057306015947,0.391357640277436,-0.863806583094418,0.387694150900532,0.961008885014905,"CG9396"
311.5498872605,0.945935348796667,1.12035447950159,0.844317906612453,0.398491782458825,0.962011623470552,"ATPsynGL"
387.856596398754,0.1484967112624,0.173124590088318,0.857744767433935,0.391033414282326,0.962011623470552,"BRWD3"
92.2310799868937,0.948348372450509,1.12781296133208,0.84087380174315,0.400418636520685,0.962011623470552,"Best3"
40.32958966798,0.861809374000895,1.01102458730647,0.852411884756329,0.393985526112751,0.962011623470552,"CG10013"
241.624602754109,-0.29623789239329,0.344986048784861,-0.858695281843206,0.390508654209716,0.962011623470552,"CG10553"
870.576121107404,0.136071668479107,0.160532016457734,0.847629472809452,0.396644355155539,0.962011623470552,"CG10561"
76.8610437373889,-0.289664599251783,0.344406781577479,-0.841053703777371,0.40031784934939,0.962011623470552,"CG10979"
11.7394152290061,-0.532592393622927,0.62225649063556,-0.855904922870226,0.392050371749189,0.962011623470552,"CG11241"
8.9564364585216,1.42207229990652,1.6652168730673,0.853986242216658,0.393112612318312,0.962011623470552,"CG11345"
241.286966737638,-0.180004247698727,0.214284279070028,-0.840025448809995,0.400894117840661,0.962011623470552,"CG12541"
112.210319332288,0.223784210557892,0.261109169331023,0.857052286333874,0.391415988807166,0.962011623470552,"CG12883"
15195.9677388723,-0.537224352934002,0.625098057666759,-0.859424127694854,0.390106562936262,0.962011623470552,"CG13067"
8.73407878754468,-0.797465990393735,0.934400558601174,-0.853451962387058,0.393408716162716,0.962011623470552,"CG13314"
347.318031853833,1.11953106032773,1.32681016756793,0.8437763650695,0.398794385133977,0.962011623470552,"CG13471"
6001.53544313881,0.370847790407625,0.440842851966669,0.841224460719314,0.400222199672066,0.962011623470552,"CG13679"
994.969041709527,-0.942160432761349,1.10931754109326,-0.849315365402794,0.3957058331318,0.962011623470552,"CG13721"
10.8418751877869,-0.564648013747128,0.65639287954074,-0.860228730912189,0.389662970078712,0.962011623470552,"CG13737"
249.715169219806,0.533731163843679,0.625142104752297,0.853775741205533,0.393229258204249,0.962011623470552,"CG14556"
24.8320081869704,0.321651828206567,0.378502250236502,0.849801627349868,0.395435384740604,0.962011623470552,"CG15701"
76.6849252208003,0.254187159001026,0.303048689168966,0.838766733154563,0.401600222089668,0.962011623470552,"CG17211"
698.200979551037,0.949443495965821,1.11727044275751,0.849788430473936,0.395442723082971,0.962011623470552,"CG18418"
24.8710056859136,-0.380599679179268,0.445055987337466,-0.855172585040805,0.392455610857872,0.962011623470552,"CG1983"
180.206218854219,-0.17952406193436,0.211588880775873,-0.848456975981276,0.396183523444495,0.962011623470552,"CG2611"
115.337475303487,0.246656237148557,0.290767568689714,0.848293495247988,0.396274539281192,0.962011623470552,"CG2909"
29.4507859312674,0.425341986342558,0.498113200153113,0.853906273135933,0.393156923480384,0.962011623470552,"CG30403"
95.077644001383,0.223847277181149,0.259610241826296,0.862243629551891,0.388553465471547,0.962011623470552,"CG30467"
404.447026372764,1.12066210765822,1.33058179782547,0.842234659672701,0.399656616770963,0.962011623470552,"CG31099"
19.7442854003511,-0.544790379284116,0.64082289195709,-0.850141881823716,0.395246208996806,0.962011623470552,"CG31267"
440.289816172612,1.11827188815625,1.33318729113578,0.838795790802627,0.401583913150614,0.962011623470552,"CG31459"
497.537751180062,0.145118783300142,0.172843010043214,0.839598796988432,0.401133373986674,0.962011623470552,"CG33170"
61.7844851713598,0.324240031443727,0.381193413464598,0.850591904242961,0.394996088166905,0.962011623470552,"CG33177"
340.965952894316,1.11801852841866,1.33226636202422,0.839185436401751,0.401365258482702,0.962011623470552,"CG33490"
210.989342479185,1.12028181821013,1.33490056157244,0.839224920911338,0.401343105228239,0.962011623470552,"CG34188"
51.9703922662286,0.281767670818328,0.328405250386329,0.857987716356125,0.390899246298335,0.962011623470552,"CG3430"
8.74498463713764,0.533378560665895,0.624186348707494,0.854518144734124,0.392817960178391,0.962011623470552,"CG34408"
74.7627920320845,-0.311840201822153,0.36237458976067,-0.860546546677315,0.389487836837653,0.962011623470552,"CG34458"
158.248142266601,-0.201240484936533,0.237392002987896,-0.847713833674481,0.396597360276414,0.962011623470552,"CG3527"
11.9362801628912,-0.547141306089596,0.64270529188977,-0.851309788473682,0.394597288865051,0.962011623470552,"CG42633"
137.359230465843,0.231122366218606,0.273551745334063,0.844894504095956,0.398169743269814,0.962011623470552,"CG42747"
6.49760906648421,-1.46901170252547,1.75039227446174,-0.839247135604049,0.40133064173294,0.962011623470552,"CG42828"
402.767159836657,0.200024183619115,0.232341296620846,0.860906720106376,0.38928942018222,0.962011623470552,"CG4455"
132.726610180937,-0.191926434581917,0.223419660649279,-0.859040041615678,0.390318425006339,0.962011623470552,"CG4476"
690.902080907807,-0.155396592013325,0.18136983637283,-0.85679402441477,0.391558728730979,0.962011623470552,"CG4612"
8.58310067950649,-0.60684495453487,0.724832850623815,-0.837220545416228,0.402468610945223,0.962011623470552,"CG46301"
631.861606696491,0.269512726186035,0.318603908261329,0.845917828368169,0.397598586034934,0.962011623470552,"CG46462"
149.861539105818,0.200266502036416,0.235480421910104,0.850459245876791,0.395069809256903,0.962011623470552,"CG5567"
14.8039076594147,0.765660678166861,0.8890031708936,0.86125753342054,0.389096219076489,0.962011623470552,"CG6435"
6.58719053254498,-1.45116218517379,1.72329192129183,-0.84208726753965,0.399739107648316,0.962011623470552,"CG6664"
277.528171120704,0.951033253289939,1.13440465187532,0.838354507554035,0.401831631264182,0.962011623470552,"CG7362"
542.756496967716,-0.13403168351477,0.156636977461715,-0.855683540928454,0.392172846662078,0.962011623470552,"CG8230"
235.656074666322,-0.219209982063542,0.261726853463361,-0.837552506220875,0.402282076213127,0.962011623470552,"CG8320"
176.445908147644,-0.186198660160938,0.220243480997685,-0.845421890888542,0.397875326400533,0.962011623470552,"CG8891"
302.83215477694,-0.280559378618729,0.325691243636192,-0.86142745345688,0.389002661114976,0.962011623470552,"CG9452"
1325.70343007838,1.12071908473913,1.33094559129426,0.842047257280669,0.399761501935858,0.962011623470552,"CG9861"
76.5588244028285,0.947389241069884,1.13108442242171,0.837593748344152,0.40225890514541,0.962011623470552,"CG9899"
707554.80889741,0.10973454706653,0.13019998244959,0.842815375255646,0.399331707639567,0.962011623470552,"COX1"
4816.98629541526,0.515407423743464,0.600970783021364,0.857624760312419,0.391099698256895,0.962011623470552,"Cpr49Ab"
5.84314032989739,0.802699896170492,0.931303930332323,0.861909705335464,0.388737207843894,0.962011623470552,"Cyp6a16"
6.28718658723978,0.85861808801967,1.01776430536441,0.84363155938372,0.39887532311579,0.962011623470552,"Df31"
1076.33279828762,1.11956117762246,1.33069718187884,0.841334296689293,0.40016068220071,0.962011623470552,"Dic2"
295.417930761166,-0.145314716313075,0.170174447607891,-0.853916192211791,0.393151427119542,0.962011623470552,"Dpck"
585.320708874888,0.117218765181422,0.138839820163319,0.844273386723894,0.39851665407153,0.962011623470552,"EMC3"
183.810958173635,-0.188906170625996,0.220291477255983,-0.85752827562404,0.391152994947073,0.962011623470552,"Edc3"
176.731857550537,0.181959440553705,0.214381964696685,0.848762818323585,0.396013283476958,0.962011623470552,"Es2"
8.18492921014529,0.596424572538819,0.710361424010387,0.839607208921438,0.401128655947237,0.962011623470552,"Ets65A"
158.16055683061,-0.216214120245254,0.253727711342624,-0.852150201099978,0.394130732125877,0.962011623470552,"Evi5"
80.7355839971149,0.204670216611973,0.244405290107243,0.837421385282476,0.402355749225223,0.962011623470552,"Fen1"
115.728810780346,-0.281072807424483,0.332440178230557,-0.845483866963732,0.397840736498573,0.962011623470552,"Fim"
131.083092046761,0.255479508823879,0.303195497450494,0.842623030263151,0.399439306646144,0.962011623470552,"GstE4"
7.10759585456582,1.42076911224227,1.68957027949513,0.84090560155143,0.400400820088944,0.962011623470552,"Hat1"
1310.63586528505,0.146019521210178,0.172701078800925,0.845504395363373,0.39782927964908,0.962011623470552,"Ide"
858.179445144677,0.146772009463457,0.172487573161852,0.850913528279137,0.394817389345294,0.962011623470552,"Ipp"
7.00897817477518,0.60869360851559,0.721838053313421,0.843255084324705,0.399085797115313,0.962011623470552,"LManII"
20.1273826680202,0.50022768578413,0.592425671484045,0.844372061951744,0.39846152913698,0.962011623470552,"Larp4B"
15.6738607724419,0.719911728189532,0.858240608690635,0.83882272744919,0.401568795003074,0.962011623470552,"Muc14A"
119.248022729182,0.205234267182354,0.242276940632963,0.847106070623838,0.396936001739333,0.962011623470552,"Nadk1a"
253.964190328961,-0.146411227761788,0.172678253412264,-0.847884576480146,0.396502254922587,0.962011623470552,"Noc1"
130.205135389493,-0.200795895849611,0.239520880046375,-0.838323138303158,0.401849244150266,0.962011623470552,"Pgant8"
187.758602690964,-0.183214922060663,0.217591136748484,-0.84201463716991,0.399779760414986,0.962011623470552,"Polr3D"
26.1434165812633,-0.371911547343764,0.43724238704289,-0.850584386063382,0.395000265957673,0.962011623470552,"Ptp4E"
96.7720188798916,0.231585126975402,0.270114933017947,0.857357734309399,0.391247210189305,0.962011623470552,"Rif1"
20.6600564165979,-0.475216942270142,0.564218804771805,-0.84225647612426,0.399644407639005,0.962011623470552,"Smug"
65.0055729818852,0.274997216554702,0.319787265995253,0.859937983142782,0.389823229370217,0.962011623470552,"Sox102F"
24.2492011369457,0.389859775373875,0.455324546751228,0.856223935554433,0.391873925488651,0.962011623470552,"Spt20"
188.300589971192,-0.167269431474073,0.198435021134899,-0.842943098034902,0.399260268344323,0.962011623470552,"Taf5"
132.12523602531,-0.200335596964273,0.239267426499715,-0.837287381299734,0.402431050494203,0.962011623470552,"Tcs3"
18.2869548209305,-1.06539350209592,1.25837823107541,-0.846640124396809,0.397195741928241,0.962011623470552,"Trf4-2"
104.863841989404,-0.236103382164261,0.277434080055331,-0.851025159263682,0.394755377037019,0.962011623470552,"Trmt112"
3859.95032952052,0.143284473814223,0.168800993939347,0.848836671339194,0.395972181550771,0.962011623470552,"Ufd4"
941.58744563112,0.137371611873762,0.163862902687892,0.838332591577565,0.401843936373697,0.962011623470552,"Ufsp2"
49.2742521514425,0.868861160705972,1.02223260103185,0.849964244760866,0.39534496537962,0.962011623470552,"Ugt37A2"
121.82388838053,0.217507077006504,0.259778344607145,0.837279478916665,0.402435491368383,0.962011623470552,"Vps15"
205.295003346304,0.414488550427329,0.488789305197092,0.847990219958264,0.396443417402819,0.962011623470552,"asRNA:CR43152"
8.39071688998018,1.42162178810393,1.67347728264467,0.849501694972088,0.395602187447053,0.962011623470552,"asRNA:CR43159"
12.200394246329,-0.612464555537115,0.712464127295527,-0.859642657184713,0.389986053170787,0.962011623470552,"asRNA:CR43259"
6.25174120831583,-0.742706749349662,0.882656991620771,-0.841444362193147,0.400099041873213,0.962011623470552,"asRNA:CR46136"
20.6112701368839,0.531256729177637,0.620186217716382,0.856608408896611,0.391661336903862,0.962011623470552,"bam"
52.2252705170859,-0.257690559083061,0.304461380905013,-0.846381758885397,0.397339811101291,0.962011623470552,"beat-Va"
449.988955102164,1.12017172219708,1.33368205472465,0.839909120939883,0.400959343229859,0.962011623470552,"betaTub65B"
22.3210217346182,-0.376363210587773,0.438767189394178,-0.857774281407486,0.391017113766104,0.962011623470552,"cno"
169.447379750052,0.192091136431662,0.227872822112925,0.842975194016199,0.399242317279847,0.962011623470552,"e(y)3"
89.3832872512538,-0.212657812897186,0.25396664627529,-0.837345438923001,0.402398424958551,0.962011623470552,"eEFSec"
406.905091493484,0.133388756580264,0.157295387340019,0.848014419468785,0.396429940368344,0.962011623470552,"fliI"
153.434553696574,-0.215726005884612,0.250807998167452,-0.860124108723927,0.389720632896765,0.962011623470552,"fsd"
16.6787240712513,-0.480550189171297,0.560403799449744,-0.857507014840273,0.391164739677075,0.962011623470552,"lace"
180.892999404213,0.299617251350897,0.351889394772189,0.851452916178015,0.394517807641453,0.962011623470552,"laza"
14.7904789988396,-1.06106534222365,1.26082478547349,-0.841564469899905,0.400031784093006,0.962011623470552,"lncRNA:CR43878"
36.7829650281107,0.859310588382976,1.0076965966459,0.852747336096176,0.393799434413641,0.962011623470552,"lncRNA:CR44302"
7.32726395602706,0.816637905353731,0.953426232009919,0.856529721898018,0.391704839964932,0.962011623470552,"lncRNA:CR44445"
8.67627288183946,-0.638868346258837,0.759871856344104,-0.840758005346534,0.400483517623194,0.962011623470552,"lncRNA:CR44929"
8.67621646676513,0.674511620280279,0.80564799803444,0.837228692835956,0.402464032143208,0.962011623470552,"lncRNA:CR45320"
16.0147240838085,-0.598517998495653,0.713399777175091,-0.838965777177075,0.401488514308075,0.962011623470552,"lncRNA:CR45582"
8.3460929936892,0.774186241784303,0.915555361313072,0.845591948338307,0.397780418781125,0.962011623470552,"lncRNA:CR45811"
285.124139640427,-0.239948504475275,0.282216520397108,-0.850228413764162,0.395198107425022,0.962011623470552,"lncRNA:mimi"
411.839397000201,0.948277709146622,1.11841764713613,0.847874415764833,0.396507914151633,0.962011623470552,"lobo"
1286.55385914258,-0.189545457667378,0.22638697763184,-0.837263077806644,0.402444708335776,0.962011623470552,"mRpL12"
369.04692937988,-0.201833694090018,0.23613161290339,-0.854750838349611,0.392689099575423,0.962011623470552,"mRpL50"
80.87475030119,-0.249370064177474,0.292883074707378,-0.851432143788513,0.394529342298199,0.962011623470552,"mxt"
260.269307867698,-0.231195148806379,0.274146906258635,-0.843325762678007,0.39904627823156,0.962011623470552,"neb"
337.691604368179,-0.16526115880345,0.196107666774613,-0.84270626193001,0.399392744184095,0.962011623470552,"pins"
451.739159178347,0.803565003714279,0.945227947503513,0.850128274176206,0.395253773568838,0.962011623470552,"pre-rRNA:CR45856"
35.1564773799492,0.329151255070789,0.390199254270859,0.843546602070916,0.398922813929974,0.962011623470552,"ru"
470.372730000808,-0.131374866777812,0.153231359722658,-0.857362794506257,0.391244414494336,0.962011623470552,"san"
21.1942129556661,-0.390872658043954,0.460666201772485,-0.848494325262002,0.396162731474874,0.962011623470552,"sisRNA:CR46364"
18.3449581000022,-0.399974722525865,0.475033835277637,-0.841992070506088,0.399792391964179,0.962011623470552,"snoRNA:Psi28S-3571"
6.39108631920726,-0.770465522256318,0.919832338338845,-0.837615171964628,0.402246869025691,0.962011623470552,"sr"
806.96191792694,-0.134540146456056,0.158120460628153,-0.850871202383163,0.394840903412236,0.962011623470552,"su(r)"
95.3805631570109,-0.259939548095006,0.309636562639504,-0.839498881783036,0.401189416434506,0.962011623470552,"tna"
70.1284135355613,0.347090901438317,0.40401054658392,0.85911346714366,0.390277918043545,0.962011623470552,"tx"
16.7698556091557,0.481547007248092,0.562404966878629,0.856228226291632,0.391871552605688,0.962011623470552,"zuc"
17.5184459117106,0.470846774700714,0.562628209478094,0.836870186685948,0.402665540041515,0.962218065618152,"Mipp2"
887.280272400135,0.948486181096436,1.13373842148872,0.836600544816121,0.402817139254347,0.962316102918085,"CG31921"
167.331094320336,0.198628921221281,0.237947620190068,0.834759015713707,0.403853405927866,0.96373353216074,"CG31076"
173.544513876761,0.252070687642472,0.301904617316162,0.834934854204292,0.403754389096335,0.96373353216074,"CG31321"
345.77150686309,0.360314134639452,0.431400828185002,0.835218921937106,0.403594457748457,0.96373353216074,"Jhbp14"
366.53837197543,-0.150407369386814,0.180114892080569,-0.835063484475975,0.40368196500343,0.96373353216074,"RabGGTa"
651.058495118225,0.137087731493044,0.164680885361401,0.832444707788628,0.40515797560582,0.9641493391528,"Acat2"
85.1840226312443,0.265350365842647,0.31836193300695,0.833486476653771,0.40457042159575,0.9641493391528,"BubR1"
1146.48025677996,-0.376823736782334,0.452421868691609,-0.832903453301446,0.404899181910672,0.9641493391528,"CG16762"
3464.78750939848,0.267642762336395,0.321726356092149,0.831895669311396,0.405467836527548,0.9641493391528,"CG3513"
23.1059678626394,-0.363400029222859,0.436747026682024,-0.832060682779266,0.405374692973186,0.9641493391528,"CG3777"
65.6660590926229,0.798632834222789,0.959023118361419,0.832756602976713,0.404982014335436,0.9641493391528,"CG43050"
651.406774976002,0.45194622120033,0.5432373060857,0.831949897654915,0.405437225368924,0.9641493391528,"CG6481"
954.047268547285,0.171059379875916,0.205504768350579,0.83238642708328,0.405190860778996,0.9641493391528,"Nepl6"
138.062187570514,-0.178119711191622,0.213971619128423,-0.83244549869353,0.405157529344831,0.9641493391528,"SP2353"
12.2347828161232,-0.562583189340196,0.675114721423173,-0.833314948538293,0.404667127790789,0.9641493391528,"asRNA:CR45924"
15.3288203030075,0.46352758118307,0.556353773079937,0.833152579548464,0.404758682879581,0.9641493391528,"asRNA:CR46263"
39.953367702352,0.945268328543256,1.13474709338809,0.833021149867772,0.404832801274503,0.9641493391528,"lncRNA:CR44305"
8.28093548345253,-0.74883170306058,0.899315443736671,-0.832668568382604,0.405031676003747,0.9641493391528,"mts"
302.300535203094,0.151571065296894,0.182307657944446,0.831402624584654,0.40574621688921,0.964547753506363,"Sec10"
251.690930903965,-0.150349267764252,0.181060712921514,-0.830380403005621,0.40632374194986,0.964603253188661,"CCT5"
158.884516622786,-0.238681928911325,0.287364352701294,-0.830589899782828,0.406205342484201,0.964603253188661,"CG4596"
30.8578507567188,0.949995056099512,1.14397211381327,0.830435501555046,0.406292600387001,0.964603253188661,"Ir100a"
119.319817899013,0.228924883375202,0.275443879549991,0.831112616294869,0.405910013181986,0.964603253188661,"Nhe3"
10.6479307881304,-0.56424895663154,0.67927775573858,-0.83066014139979,0.406165649253793,0.964603253188661,"mRpL16"
39.1365197661223,-0.935283430904107,1.12863980680896,-0.828681945525619,0.407284404669033,0.965949151380276,"CG34448"
9.23799463339301,0.618566599281559,0.746286711785291,0.828859189790214,0.407184090482376,0.965949151380276,"Doc2"
155.177042678123,-0.253889685606033,0.306304893536796,-0.828878973086121,0.407172894728246,0.965949151380276,"PIG-N"
348.738593813523,-0.174339772484327,0.210404543667708,-0.828593192168237,0.407334641567921,0.965949151380276,"Unc-76"
266.340674367565,-0.345355277471679,0.417009028072646,-0.828172183868201,0.407572994445543,0.966251095249131,"CG13075"
157.733099581438,-0.420193284845539,0.507614356317409,-0.827780537756883,0.40779479861502,0.966513652599814,"CG5402"
458.513860359781,-0.164726336208397,0.199126985850745,-0.827242653749937,0.408099540109897,0.966612359631442,"CG32262"
25.054793309519,0.494713686881714,0.598253006358588,0.826930548820654,0.408276427261227,0.966612359631442,"CG33510"
62.7634327174988,-0.340055752958622,0.411230256001299,-0.826922990212928,0.408280711709201,0.966612359631442,"Mct1"
215.863785221698,-0.148340810010552,0.179379598462621,-0.82696589401421,0.408256392889543,0.966612359631442,"Sry-delta"
108.419453644398,0.484187601924848,0.585796089391903,0.826546319944655,0.408494253752054,0.966854906283417,"tpr"
83.5257441547351,0.227839389492885,0.275718131994296,0.82634895226114,0.40860617205892,0.966856855744638,"qless"
843.011748240194,0.267244974611855,0.324579098137872,0.823358546946041,0.410304128796745,0.966960170721974,"AGBE"
316.610030655768,-0.183523550379654,0.222824219739044,-0.823624786365609,0.410152787828145,0.966960170721974,"ATPsynbeta"
8.65990960477704,-0.628281664327689,0.764112209067043,-0.82223743695288,0.410941775836792,0.966960170721974,"Bx42"
10.6385119514014,0.658280036510314,0.800279761483466,0.822562394043391,0.410756891397053,0.966960170721974,"CG10405"
568.352344486759,0.300550278352132,0.36466476411028,0.824182394165291,0.409835929129955,0.966960170721974,"CG17739"
79.8724117440846,0.946194326221963,1.14947753044239,0.823151650348315,0.410421759879375,0.966960170721974,"CG30156"
1195.64680638022,0.226262983629276,0.274378784639602,0.824637312707955,0.409577531082088,0.966960170721974,"CG31103"
420.756145951395,-0.31917111532837,0.387419123942517,-0.823839339886914,0.410030851304097,0.966960170721974,"CG31473"
22.6399148037107,-0.377791411550723,0.458436745443487,-0.824086235027367,0.409890560839152,0.966960170721974,"CG5883"
54.172220166435,-0.274527184294922,0.333989958677604,-0.821962388875048,0.411098303134934,0.966960170721974,"CG6066"
14.5329319453449,-0.757245748210175,0.920052664357256,-0.823046090235696,0.410481783811447,0.966960170721974,"CG8543"
177.271596171296,0.176295029548776,0.214433375740023,0.822143609596085,0.41099516813369,0.966960170721974,"CG8569"
212.751613458498,-0.172851368495154,0.209791395400856,-0.823920200182093,0.409984901819863,0.966960170721974,"Cbp20"
1181.3505597407,0.214981958274393,0.261465378937831,0.82221959613823,0.410951927804718,0.966960170721974,"Cyp9f2"
65.0018456642828,-0.272146135435052,0.329677036940174,-0.825493149176897,0.409091670537762,0.966960170721974,"Eip78C"
71.826663792254,-0.271503498455689,0.329694772676304,-0.823499554608505,0.41022397035652,0.966960170721974,"Ptp99A"
121.869510075301,-0.264714202714257,0.321566562694108,-0.823201891690673,0.410393193316893,0.966960170721974,"Rad23"
355.507914063385,0.148340307079359,0.180391635658899,0.822323643430201,0.410892723819047,0.966960170721974,"hpRNA:CR32207"
230.944955439235,0.163984497432208,0.199549280014495,0.821774437974906,0.411205284596349,0.966960170721974,"kra"
25.7007808593043,-0.45455382045919,0.553035469545486,-0.821925257041409,0.411119437227006,0.966960170721974,"l(2)34Fc"
30.2547532655706,-0.337706480781306,0.410013675918565,-0.823646869887287,0.410140236175225,0.966960170721974,"lncRNA:CR30055"
182.658152153079,-0.253632057442995,0.307268715765938,-0.825440549034608,0.409121521877247,0.966960170721974,"nAChRalpha3"
117.942923628201,-0.225682224394101,0.273795028230967,-0.824274369963069,0.40978367818849,0.966960170721974,"pyd"
355.740289491434,0.154861281822349,0.188550736901395,0.821324192985446,0.411461630792948,0.96730161339574,"arr"
113.3429930957,0.221659284195633,0.270099495844911,0.820657896832608,0.41184115931049,0.967932381711907,"Remo"
4407.19817144332,-0.542390198590772,0.661405404822895,-0.820057100585695,0.412183556447674,0.968192655169403,"CG13068"
3128.22141801952,0.225772998393031,0.275467972861377,0.819597995541377,0.412445316716078,0.968192655169403,"Cht7"
17.0599926026667,1.11843992315274,1.36438684836797,0.819738129615203,0.412365408361103,0.968192655169403,"ND-B8"
63.0406502325064,0.289513294755014,0.35328565497294,0.819487829974838,0.412508142636809,0.968192655169403,"fend"
157.826753193771,-0.187929155930128,0.22926475085804,-0.819703662367586,0.412385061695284,0.968192655169403,"jvl"
7.7928037309868,0.81126671994896,0.990537429369634,0.819016723542937,0.412776872201014,0.968562178151907,"Cyp4d21"
34.8398433343855,0.30432332288892,0.374051077903998,0.81358761106692,0.415881237542924,0.968976766296256,"Alp13"
8.22731536480064,0.612767105604024,0.752782952032635,0.814002368078946,0.415643594355085,0.968976766296256,"Blos4"
28.3520482234786,0.344593380064733,0.424864588098613,0.811066372010158,0.417327556179279,0.968976766296256,"BthD"
137.212264599053,-0.288913361577431,0.356242297265984,-0.811002409861842,0.417364286835711,0.968976766296256,"CG10459"
12.1662825581493,0.494800819411655,0.605665095592918,0.816954490215864,0.413954436200093,0.968976766296256,"CG10866"
328.19522205127,0.176706093421233,0.217813839163486,0.811271194244921,0.417209948573914,0.968976766296256,"CG11069"
63.0608096333775,0.239699777302317,0.293988490068678,0.815337284960788,0.414879272125006,0.968976766296256,"CG13793"
96.8223137148978,0.225814523870279,0.277439535156223,0.813923378811622,0.415688846625969,0.968976766296256,"CG14230"
83.4192081444452,0.461691133862948,0.567716010584006,0.81324310968086,0.416078687364734,0.968976766296256,"CG14257"
11.3893206647675,-0.507151223218064,0.624823934623984,-0.81167060849432,0.416980663697884,0.968976766296256,"CG14478"
61.5237859049719,0.255863815275323,0.315330863180487,0.811413804201186,0.417128074396535,0.968976766296256,"CG14892"
90.71825702144,-0.219894927942232,0.270897980378392,-0.811725977562038,0.416948884793635,0.968976766296256,"CG15317"
336.125091577501,-0.148681933894788,0.181844093470844,-0.817634112040193,0.413566143220621,0.968976766296256,"CG1544"
9.78842153972009,0.69963072117284,0.859674168738453,0.813832433978478,0.415740951740811,0.968976766296256,"CG15484"
40.0952918752713,-0.292242102444757,0.360180939192847,-0.811375813222268,0.417149884571757,0.968976766296256,"CG15914"
635.714583807473,0.129487211752288,0.159345338182443,0.81262001906847,0.416435950195363,0.968976766296256,"CG16700"
203.959002735586,0.761126581378745,0.936453001754185,0.812776060253942,0.416346463534188,0.968976766296256,"CG31998"
79.9206717419955,0.262363650335963,0.323597260463642,0.810772161544428,0.417496524120255,0.968976766296256,"CG3277"
19.7256800510071,0.494687552305219,0.605722133055563,0.816690567025791,0.414105283375193,0.968976766296256,"CG33267"
913.92662454717,-0.15349206995609,0.187941837241332,-0.816699848256748,0.414099978069996,0.968976766296256,"CG6142"
41.7119565995748,-0.370888429944738,0.457369488658715,-0.810916423464119,0.417413668055082,0.968976766296256,"CG6999"
76.715346895399,0.307895434710442,0.379679809734769,0.810934442169907,0.417403319788277,0.968976766296256,"CG8852"
7.45652464031134,0.600828600312794,0.740748685997346,0.811109910379168,0.417302555093466,0.968976766296256,"Cyp12c1"
61.8727713869535,-0.29450519294117,0.362898728588568,-0.811535477367465,0.417058227784173,0.968976766296256,"Frmd5"
1748.71796174791,-0.108024490420362,0.133172044802651,-0.811164915132487,0.417270970915383,0.968976766296256,"Hmbs"
215.162599473282,0.142690322459311,0.17510697946369,0.814875128885991,0.415143790901749,0.968976766296256,"M1BP"
251.853014694658,0.169061051865941,0.208320323762239,0.811543726568391,0.417053492571111,0.968976766296256,"Mad1"
31.9683731161529,0.316918574820119,0.389379715984184,0.813906225235914,0.415698674146259,0.968976766296256,"Mekk1"
657.295143100053,-0.125337335580474,0.153898167531206,-0.814417335768857,0.415405910734273,0.968976766296256,"Ns2"
139.882204509091,-0.183904595717135,0.225447931847349,-0.815729797165125,0.414654692842235,0.968976766296256,"PQBP1"
14.5644582852348,0.492444460282801,0.602261467014468,0.817658919346025,0.413551973973295,0.968976766296256,"RpL28"
507.170834007859,0.135166650005283,0.165825268568378,0.815114916877379,0.415006533862534,0.968976766296256,"Teh2"
11.8318523737808,-0.5670912929089,0.694865820806579,-0.816116257165504,0.414433646621573,0.968976766296256,"Tsen34"
219.241251521049,-0.163205337699005,0.201305646503099,-0.810734028250384,0.417518427394112,0.968976766296256,"Ubr1"
118.275469589801,0.257583643811543,0.316964695870952,0.812657204941255,0.41641462377246,0.968976766296256,"Zasp67"
254.929204765796,-0.138387145760335,0.169247330680523,-0.817662205979244,0.413550096760816,0.968976766296256,"drosha"
20.4736772420336,-0.465948806001749,0.570960568280963,-0.816078783521984,0.414455077631012,0.968976766296256,"dsx"
4.6979962468838,1.44152333231442,1.76367484932962,0.817340754653469,0.413733722644277,0.968976766296256,"lncRNA:CR45977"
13.6137895080368,-1.04882202828247,1.28723550659402,-0.814786434113845,0.415194567470087,0.968976766296256,"lncRNA:CR46239"
33.3914696882527,-0.30679280129091,0.376864613079335,-0.814066353389157,0.415606939855002,0.968976766296256,"otk2"
28.3429169566279,1.12004028581164,1.36874922293768,0.818294737298742,0.41318891042597,0.968976766296256,"ppk6"
1171.52880861219,0.301280504476503,0.371792807899227,0.810345165574489,0.417741823775622,0.969236761482067,"lncRNA:noe"
22.2330052882617,0.406698437898165,0.502966969088322,0.808598701094321,0.41874601216797,0.969459129154043,"Acox57D-p"
45.2630424294867,0.403369361317076,0.498998767020601,0.808357430872014,0.418884850171975,0.969459129154043,"CG10559"
7.79750957242682,0.611527086039775,0.756650755377112,0.808202571257584,0.418973977799541,0.969459129154043,"CG2225"
48.6138323850413,-0.358941122608103,0.443582744470637,-0.809186396636001,0.41840793840946,0.969459129154043,"CG43448"
9.58645160798422,-0.793275131358072,0.97942138092137,-0.809942632262954,0.417973147915888,0.969459129154043,"CG5070"
252.164211109221,0.168094689234927,0.208075469395618,0.807854427641949,0.419174388487494,0.969459129154043,"CG6665"
14.7004852212639,-0.637086371085123,0.787361966986842,-0.809140392598834,0.418434396582359,0.969459129154043,"HLH54F"
54.4101054368347,-0.31555874934933,0.390124543168382,-0.808866693662826,0.418591828643675,0.969459129154043,"MKP-4"
17.6106001981647,-0.415753332894401,0.513771465294127,-0.809218419042381,0.418389522034063,0.969459129154043,"Mrp5"
178.641831763581,-0.201801391840053,0.249435293932063,-0.809033030806843,0.418496147099991,0.969459129154043,"aPKC"
178.047544518954,0.220024370922924,0.272090109258319,0.808645237133687,0.418719236302078,0.969459129154043,"kek2"
9.31313903246168,0.529983635911565,0.655910837081327,0.808011708222244,0.419083842119608,0.969459129154043,"lncRNA:CR45668"
74.0465490613128,1.39051625885747,1.87844125594647,0.740250063426573,0.459148275241408,0.969652509695595,"ACXB"
34.7649791328568,1.39156912881434,1.87723211093575,0.741287729262571,0.458519000199619,0.969652509695595,"ACXE"
628.00987326371,0.109700684464351,0.14382369118247,0.762744187431352,0.445615972458465,0.969652509695595,"AP-1mu"
24.6849321345274,1.39192888424367,1.89280886265323,0.735377412747602,0.462109674019381,0.969652509695595,"APP-BP1"
105.226537603576,1.39075604401785,1.86710394536216,0.744873389332422,0.456348263450502,0.969652509695595,"ATPsynbetaL"
71.9098336791156,-0.195688861234581,0.266278933851028,-0.734901775384382,0.462399317055122,0.969652509695595,"ATbp"
30.584981801843,-0.282037611395599,0.386021299711961,-0.730627070594417,0.465006972420146,0.969652509695595,"Acadvl"
6137.1163538682,-0.195443075150662,0.264242968287703,-0.739633967999735,0.459522124779584,0.969652509695595,"Act42A"
1698.51807698601,-0.136756367600522,0.174624904353839,-0.783143550495042,0.433542819386887,0.969652509695595,"Agxt"
911.746406551582,-0.113086562141976,0.15367528070471,-0.735879977725723,0.461803743261423,0.969652509695595,"AhcyL1"
213.508996722503,0.166645446694248,0.223666889275215,0.745060868125171,0.45623492410581,0.969652509695595,"Alg2"
263.217070341267,0.156960959432191,0.196739658874496,0.797810468566072,0.424980485358822,0.969652509695595,"Aos1"
9.58435894413952,-0.494512237417688,0.66611473063651,-0.742382977997129,0.457855329859655,0.969652509695595,"ArgRS-m"
236.837129964946,0.15559283527639,0.193637729527289,0.803525406212028,0.421671118226168,0.969652509695595,"Atf-2"
31.9736450497248,0.405045417234733,0.501824844757252,0.807145005805094,0.419582945335661,0.969652509695595,"AttA"
191.175125504788,-0.161307379416571,0.217300697204074,-0.742323340385247,0.457891453625691,0.969652509695595,"B4"
168.814547010067,-0.153811292009075,0.202647191235447,-0.759010233852038,0.447846434931668,0.969652509695595,"BORCS5"
180.37975623234,-0.152396975733841,0.191258312403591,-0.79681229965187,0.425560050708395,0.969652509695595,"BaraC"
294.592293350593,0.123209525452452,0.168875977472113,0.729585861155405,0.46564336722882,0.969652509695595,"Brms1"
120.097344564461,-0.164718465067329,0.225539356793286,-0.730331359498817,0.465187664009763,0.969652509695595,"Bx"
1135.31473124554,0.44627596863748,0.558117242631388,0.799609713782354,0.423936957706974,0.969652509695595,"CAH13"
336.099547162501,1.39122804380366,1.86210045055024,0.747128353571128,0.454986086638179,0.969652509695595,"CAH15"
1230.84984281031,-0.139906326645087,0.173708279881758,-0.805409660036475,0.420583319123975,0.969652509695595,"CCT4"
10.751781929526,-0.705019608838325,0.927784112159287,-0.759896186622006,0.447316641231187,0.969652509695595,"CG10000"
16.2374695729646,0.384113226524038,0.490390849871869,0.78327975863416,0.433462846908954,0.969652509695595,"CG10026"
32.032013821873,-0.32109031771572,0.413669381684957,-0.776200347262483,0.437630701089302,0.969652509695595,"CG10492"
170.491893073362,-0.690292683505521,0.860708896236209,-0.802004820124551,0.422550170023071,0.969652509695595,"CG10513"
116.575553545651,1.39131626180824,1.86611812207807,0.745567092108244,0.455928968074295,0.969652509695595,"CG10748"
20.9676883768802,0.943432253491821,1.17767828892496,0.801095054875326,0.423076618823775,0.969652509695595,"CG1077"
757.347820885334,1.391261805267,1.86332694142826,0.746654692922855,0.455272025009542,0.969652509695595,"CG10862"
173.92780505731,0.195507606141867,0.259165004574167,0.754375022442188,0.450624065380138,0.969652509695595,"CG10914"
268.329356214542,1.3912829785351,1.86449077120169,0.746199981262658,0.455546619454342,0.969652509695595,"CG10920"
52.5845262471031,-0.302681270464167,0.390055492469138,-0.775995406571838,0.437751698036164,0.969652509695595,"CG11030"
122.343654525715,0.184493318524697,0.243802125832517,0.756733838536899,0.449209337590842,0.969652509695595,"CG11158"
508.969721653059,1.39132581938863,1.86614585582466,0.745561133416227,0.455932568768713,0.969652509695595,"CG11262"
360.307523319488,1.3912998190335,1.86513008199265,0.745953235362048,0.455695665092906,0.969652509695595,"CG11291"
250.565778914005,1.39126781393867,1.8638674640202,0.746441386415866,0.455400826423305,0.969652509695595,"CG11373"
120.659054683578,0.158827581118626,0.21529590134673,0.737717625487151,0.460686059236756,0.969652509695595,"CG11417"
213.659096370231,0.257792865368129,0.334031496374895,0.771762148677139,0.440255313946696,0.969652509695595,"CG11475"
56.1237560423416,1.39039427203688,1.88431028039172,0.737879682823698,0.460587566242462,0.969652509695595,"CG11698"
89.6849015875798,1.3913699661456,1.86847496820783,0.744655395346372,0.456480070501969,0.969652509695595,"CG11815"
86.9575693620697,-0.607974502434072,0.830562522926134,-0.732003293734145,0.464166557406528,0.969652509695595,"CG11911"
310.442943289509,-0.142952282131152,0.181533184453946,-0.787471902512782,0.431005670135638,0.969652509695595,"CG11927"
260.011549936691,-0.141783765001222,0.194061563988818,-0.730612296876015,0.465015998840798,0.969652509695595,"CG11999"
49.3309512743365,-0.324887462071171,0.409185192514324,-0.793986361223953,0.427203371346398,0.969652509695595,"CG12204"
137.136785024108,-0.177145762517116,0.227051871364286,-0.780199526446097,0.435273441037333,0.969652509695595,"CG12219"
264.385159800832,-0.158111110865707,0.212544120280999,-0.743897834749192,0.456938285419956,0.969652509695595,"CG12343"
19.5943147345079,-0.631748436922408,0.788352454236596,-0.801352787737768,0.422927439008547,0.969652509695595,"CG12507"
8.61744650161752,-0.465148909727456,0.63775918704325,-0.729348818766465,0.465788316862429,0.969652509695595,"CG12730"
196.908035746506,1.39131734533194,1.86604862788026,0.745595438695729,0.455911839131605,0.969652509695595,"CG12784"
23.6879475443385,-0.354252666949155,0.452402098340777,-0.783048240157165,0.433598784434076,0.969652509695595,"CG12826"
166.901826672244,0.195168718981756,0.250780785015915,0.778244309943325,0.436424999392249,0.969652509695595,"CG12877"
15.0022008838847,0.447321795861755,0.594380133668063,0.752585375122187,0.451699108698801,0.969652509695595,"CG13003"
2071.57466489502,0.733611298910509,0.931004491833847,0.787978259337371,0.430709422755369,0.969652509695595,"CG13049"
10.3414177519327,0.471764466885523,0.605887000587585,0.778634409432798,0.436195103506839,0.969652509695595,"CG1307"
489.823291928414,-0.174270063511375,0.22672515253268,-0.768640186431263,0.442106942020533,0.969652509695595,"CG13144"
170.525683157832,0.333183020486652,0.448527089771154,0.742838120784738,0.457579692905019,0.969652509695595,"CG13155"
18.1446266322546,0.401996018332874,0.5233930568573,0.768057606164378,0.442452961683045,0.969652509695595,"CG13251"
24.8254598506942,0.542486590186036,0.729542588718814,0.743598247141025,0.457119563999403,0.969652509695595,"CG13272"
63.8511647615831,0.273761367255542,0.345159454828987,0.79314462757852,0.42769356433511,0.969652509695595,"CG13404"
126.746819312274,1.3913445351539,1.86731504072411,0.745104336874165,0.456208647556741,0.969652509695595,"CG13494"
547.790889014993,1.39130492305418,1.86524302133913,0.745910804724688,0.455721297873867,0.969652509695595,"CG13544"
676.800590092585,1.39125179833382,1.8629324470245,0.746807432849183,0.45517980827157,0.969652509695595,"CG13747"
292.172156245241,1.39079856811617,1.86539223680162,0.745579691325836,0.45592135472249,0.969652509695595,"CG13891"
32.5017820820893,1.39178558161652,1.88654247793814,0.737744099532627,0.460669968398275,0.969652509695595,"CG14071"
82.1015019692387,1.39137303248069,1.86863839813187,0.744591909206023,0.456518460542907,0.969652509695595,"CG1409"
8.54296669967719,-0.879495870515408,1.17155589909888,-0.750707560084746,0.452828672186621,0.969652509695595,"CG14298"
86.7600918944281,-0.22587374827423,0.281049157021873,-0.803680575553732,0.421581475074168,0.969652509695595,"CG1440"
11.1174975203445,0.434968631008188,0.579881921609064,0.750098623183892,0.45319530868585,0.969652509695595,"CG14410"
6.9624314395775,-0.762861928158164,0.945124349284181,-0.807155088889563,0.419577136836238,0.969652509695595,"CG14563"
54.0882722343936,0.536783816382713,0.736027607073928,0.729298481773928,0.465819100780061,0.969652509695595,"CG14631"
56.9659685158456,1.39154155132895,1.87591852455216,0.741792105102839,0.458213304664555,0.969652509695595,"CG14731"
236.010238680253,0.145502452641229,0.18756905197589,0.775727398035426,0.437909959265925,0.969652509695595,"CG14907"
10.9504063245845,1.11546475548797,1.45828636155698,0.764914755355057,0.444322306929601,0.969652509695595,"CG14958"
1265.86656380487,0.167472350897521,0.221955651014075,0.754530691750223,0.450530623183524,0.969652509695595,"CG15083"
24.5981327219986,0.44203087263353,0.550887075859627,0.802398335346253,0.422322575711383,0.969652509695595,"CG15249"
131.349129581619,1.3913041264567,1.86557415706035,0.74577798003432,0.455801543869283,0.969652509695595,"CG15262"
38.8194444362436,1.39171422727716,1.88342719290362,0.738926480684183,0.459951641518483,0.969652509695595,"CG15330"
34.3196564889791,-0.402682384937702,0.547744643448808,-0.735164441595013,0.462239351921639,0.969652509695595,"CG15382"
173.990052085147,1.39140597336441,1.86983929147035,0.744131316371194,0.456797035165795,0.969652509695595,"CG15395"
29.6175862221474,1.39030256294605,1.88865495273015,0.73613370241944,0.461649334187005,0.969652509695595,"CG15543"
173.807913851284,1.39126797755503,1.86396364409024,0.746402958000866,0.455424032931795,0.969652509695595,"CG15548"
71.7789382380245,1.39155810295981,1.8765675370025,0.741544375846228,0.458363435807637,0.969652509695595,"CG15876"
984.344105852869,-0.352318750169348,0.446607764527198,-0.788877350894987,0.430183694578158,0.969652509695595,"CG16719"
266.388033965025,1.39128504225684,1.86458098059012,0.74616498652502,0.455567756182424,0.969652509695595,"CG16741"
64.7892273438787,-0.394314106102697,0.491337507961095,-0.802532067496706,0.42224524645444,0.969652509695595,"CG16904"
75.0948266627148,0.283185393335845,0.371659756533393,0.761947960083758,0.446091064057646,0.969652509695595,"CG17075"
288.052227578846,1.3912558788585,1.86332229769686,0.746653373159409,0.455272821862619,0.969652509695595,"CG17300"
218.672022944723,1.39143095983095,1.87084857298241,0.743743229636595,0.457031830958437,0.969652509695595,"CG17380"
58.4877447877282,1.39138770150865,1.86935054915366,0.744316095308392,0.456685266152422,0.969652509695595,"CG17648"
5.95996311176635,0.652528481567332,0.846893784152729,0.770496246138058,0.441005580927156,0.969652509695595,"CG17738"
378.069029222534,-1.05703446262595,1.39727474143506,-0.756497223688687,0.449351136344067,0.969652509695595,"CG18180"
276.210718411155,-0.123636931940714,0.163589190890273,-0.755776902299393,0.449782967425042,0.969652509695595,"CG1951"
25.913101484979,1.39036087959814,1.88572748566901,0.737307426531399,0.460935416978966,0.969652509695595,"CG2104"
16.745902571314,0.410983174110308,0.542553272657823,0.757498286015329,0.448751392360047,0.969652509695595,"CG2218"
7.6986890506109,0.527068483426674,0.722519291822488,0.729487073067893,0.465703772353346,0.969652509695595,"CG2246"
13.6451958793313,0.418281504330892,0.527159562076502,0.793462804095339,0.42750823219522,0.969652509695595,"CG30015"
35.3945918366354,-0.356476956400358,0.44727328766657,-0.797000326713233,0.425450841574153,0.969652509695595,"CG30043"
235.485714450271,-0.179942966317711,0.225328793596035,-0.798579548782873,0.424534250108666,0.969652509695595,"CG30109"
200.304599825537,1.39136421097346,1.86803633608239,0.744827166419792,0.45637620970822,0.969652509695595,"CG30110"
30.4843914422322,0.953217348334686,1.19950659376869,0.79467453808637,0.426802847189791,0.969652509695595,"CG30375"
103.888108435151,0.328733679570809,0.431285939295419,0.762217474809989,0.445930218176973,0.969652509695595,"CG31176"
1373.78950525555,0.532763989960309,0.707307231300145,0.753228535471074,0.451312594630127,0.969652509695595,"CG31178"
80.9173041627091,0.308897348611315,0.412863749375106,0.748182297619615,0.454350207172019,0.969652509695595,"CG31189"
782.384396855729,1.39131786352749,1.86569674374964,0.745736341229414,0.455826701576982,0.969652509695595,"CG31204"
260.615764067057,-0.151524034069882,0.204579384356365,-0.740661306351068,0.458898826005652,0.969652509695595,"CG31229"
191.556710727373,1.39137214589524,1.86838029504541,0.74469429461705,0.456456549026896,0.969652509695595,"CG31275"
291.841992111603,-0.180786426140996,0.235437142099717,-0.767875554930179,0.442561121559108,0.969652509695595,"CG31360"
125.784601634047,0.206959114168217,0.271513993866618,0.762241058815871,0.445916144858679,0.969652509695595,"CG31370"
481.930304073193,1.39121622836663,1.86150605958544,0.747360569256732,0.454845940163566,0.969652509695595,"CG31482"
337.779415158079,1.39124671919767,1.86290018790307,0.746817638557271,0.455173646949687,0.969652509695595,"CG31861"
48.0163105496089,-0.670589319066729,0.858161614558817,-0.781425442119641,0.434552312146935,0.969652509695595,"CG31883"
296.901463939861,1.39128132016865,1.86439237163206,0.746238474978708,0.455523369990118,0.969652509695595,"CG31913"
32.664921994398,0.352830775542515,0.455773696690313,0.774135888281098,0.438850436512109,0.969652509695595,"CG32187"
541.793374405456,-0.140078086637138,0.189758295512475,-0.738192163134858,0.460397684476015,0.969652509695595,"CG3223"
122.766675610853,1.39076900266965,1.86653047638737,0.745109185338054,0.45620571674762,0.969652509695595,"CG32461"
46.2532769324844,-0.263141706144019,0.334133612427736,-0.787534376539054,0.430969112906999,0.969652509695595,"CG33012"
127.739312172625,0.532484642599011,0.661984286292111,0.8043765594219,0.421179534539608,0.969652509695595,"CG33235"
209.130223053861,1.39131846398479,1.86606615956991,0.745589033298512,0.455915709678084,0.969652509695595,"CG33278"
744.69772262987,1.39123969146032,1.86238931142939,0.747018726386771,0.455052257127724,0.969652509695595,"CG33284"
35.1229021087735,-0.408545675674493,0.552962841829621,-0.738830251817126,0.460010079579841,0.969652509695595,"CG33514"
48.6804691679284,1.39047164964702,1.88047242868259,0.739426767677284,0.459647893180884,0.969652509695595,"CG33773"
56.2285710947845,0.444327531749954,0.605620183029978,0.73367358651579,0.463147700383545,0.969652509695595,"CG34115"
17.710156853949,1.12744111500762,1.49579175172751,0.753742032408941,0.451004137561455,0.969652509695595,"CG34129"
80.7398349650444,1.3914696760134,1.87277541192838,0.742998689084998,0.457482474099271,0.969652509695595,"CG34173"
87.0731469248696,-0.365394490851778,0.477333525765676,-0.765490943184139,0.443979257467532,0.969652509695595,"CG34176"
126.744636770742,1.3913597029558,1.86795614280333,0.74485672927402,0.45635833596937,0.969652509695595,"CG34210"
108.440433067513,1.39145333826801,1.87197917820439,0.743305991043501,0.457296445245832,0.969652509695595,"CG34287"
102.683752447466,1.39149416104506,1.8737426757885,0.742628205582979,0.457706807120743,0.969652509695595,"CG3698"
341.460259402022,0.140346800920902,0.181635933713701,0.772681914043065,0.439710652827979,0.969652509695595,"CG3894"
216.347707241495,-0.139299733250212,0.187079238076829,-0.744602846805505,0.456511846451949,0.969652509695595,"CG3918"
100.962408441947,0.159607689796627,0.214974172277973,0.742450537687131,0.457814409455017,0.969652509695595,"CG42233"
235.181944591421,0.205381458804739,0.268708831305248,0.76432716337272,0.444672301917844,0.969652509695595,"CG42361"
162.176187106109,-0.197626026408931,0.257118004617583,-0.768619944382596,0.442118962052836,0.969652509695595,"CG42365"
58.3744589197522,0.391403329881364,0.533814309361734,0.733220003692583,0.463424256686279,0.969652509695595,"CG42564"
17.4934502822298,-0.625487155435234,0.784755648181859,-0.797047025891918,0.425423720478716,0.969652509695595,"CG42581"
65.4101613053591,1.3913780652663,1.86891604075363,0.744483986934603,0.456583725257254,0.969652509695595,"CG42590"
193.430388407356,1.39132614575819,1.86641523626539,0.74545370115075,0.455997490249574,0.969652509695595,"CG42597"
114.626980604911,1.39134093851356,1.8671737662638,0.745158786853361,0.456175734132955,0.969652509695595,"CG42697"
19.7449594760153,-0.344041087835654,0.447320697737955,-0.769115065713317,0.441825005238035,0.969652509695595,"CG42709"
221.825147879995,1.39082856434458,1.86390346793333,0.746191306724006,0.455551858801073,0.969652509695595,"CG42710"
10.249082640307,-0.513195386387749,0.655624999055007,-0.782757501814985,0.433769528182991,0.969652509695595,"CG42749"
297.786600720466,0.159445293256091,0.202465379374757,0.787518803207152,0.430978225611513,0.969652509695595,"CG4281"
68.0873563835804,1.39072402334875,1.86848273939886,0.744306593806795,0.456691013042241,0.969652509695595,"CG42814"
62.044238576886,1.39146776966894,1.87276346308763,0.743002411727333,0.457480220299769,0.969652509695595,"CG43052"
55.2358114269889,1.39150017648893,1.87417312849769,0.742460851311178,0.457808162749782,0.969652509695595,"CG43058"
60.926602800661,1.391486565436,1.87356578924378,0.742694264287158,0.457666803114855,0.969652509695595,"CG43136"
13.7402571314087,-0.504700802601551,0.649668686949791,-0.776858747758234,0.437242111800335,0.969652509695595,"CG43219"
118.672200026158,1.39137666414858,1.86869028155262,0.744573179345984,0.456529786827657,0.969652509695595,"CG43329"
27.679511466475,-0.341915529481054,0.430955232085035,-0.793389902303329,0.427550692056056,0.969652509695595,"CG4338"
99.1632345871645,1.39139673722802,1.86959634689855,0.744223072288404,0.456741531960257,0.969652509695595,"CG43405"
49.8007694584216,1.39155184034934,1.87640733169155,0.741604350423678,0.458327086936704,0.969652509695595,"CG43610"
30.4634991672526,1.39015197680857,1.89621294055971,0.733120182376895,0.463485131602129,0.969652509695595,"CG43915"
10.7792255797865,0.753218440463049,1.00005473107907,0.753177218261165,0.451343427383069,0.969652509695595,"CG43980"
471.537594754153,0.153102834468941,0.207672864684344,0.737230811072273,0.460981999465411,0.969652509695595,"CG4409"
286.807175005529,1.39139584295481,1.86927691369548,0.744349771165837,0.456664897968455,0.969652509695595,"CG44433"
324.008960774976,1.39079582682448,1.86553873187904,0.745519673785393,0.455957622270345,0.969652509695595,"CG4661"
601.873203473856,1.39126421302076,1.86348454738534,0.74659283597111,0.455309374139381,0.969652509695595,"CG4701"
579.918898846568,-0.220258112189151,0.291016009390662,-0.756859090502732,0.449134286759301,0.969652509695595,"CG4928"
52.3686116286065,-0.279601151903136,0.350342335571203,-0.798079830823958,0.424824164986119,0.969652509695595,"CG5039"
145.384263247211,0.179087315986946,0.233158478809401,0.76809265912797,0.442432137830101,0.969652509695595,"CG5126"
129.674771164775,0.237437401862079,0.294519718174683,0.806185077636304,0.420136141599843,0.969652509695595,"CG5151"
34.0855489625571,1.39054558789868,1.87680221140543,0.740912164024672,0.45874669958446,0.969652509695595,"CG5334"
55.894766151497,1.39150497375863,1.87435858973244,0.742389946822964,0.457851108798444,0.969652509695595,"CG5342"
266.227748617229,-0.132432224282789,0.165797398197879,-0.798759363670666,0.424429957539226,0.969652509695595,"CG5382"
130.460144689659,1.39075062564692,1.86741888006142,0.744744867097616,0.456425970054802,0.969652509695595,"CG5693"
346.875618033775,-0.110908963280617,0.146204427516556,-0.758588266884449,0.448098893595608,0.969652509695595,"CG6195"
1252.08207749319,0.380450111422545,0.508569448419973,0.748078974473458,0.454412523304539,0.969652509695595,"CG6652"
82.7309218232124,-0.209209678638154,0.267456930737141,-0.782218198876166,0.434086350935243,0.969652509695595,"CG6962"
65.8949683518609,0.233866420938018,0.307571300809091,0.760364898554622,0.447036498903786,0.969652509695595,"CG7058"
9.21356107242875,-0.555703277120055,0.727727468010012,-0.763614541910364,0.445096980785501,0.969652509695595,"CG7220"
753.582712339838,0.11294716671219,0.14208651049911,0.794918295307825,0.426661031151833,0.969652509695595,"CG7453"
24.6605713985926,1.3901171866597,1.89781875383266,0.732481531153774,0.46387471134678,0.969652509695595,"CG7579"
268.463111356187,0.177230079241667,0.241157033732622,0.734915654329067,0.462390863930434,0.969652509695595,"CG7607"
388.185308990652,1.39081130452988,1.86487396009297,0.745793728848325,0.455792028812789,0.969652509695595,"CG7707"
404.981819033258,1.3912364149297,1.86240631870957,0.747010145398167,0.455057436803653,0.969652509695595,"CG7856"
30.0381537285543,-0.311689818642558,0.400573808748925,-0.778108333183415,0.436505150479282,0.969652509695595,"CG8089"
65.5387710275753,-0.273854339349369,0.353411663751894,-0.77488766624755,0.438406040797623,0.969652509695595,"CG8419"
173.08938730639,0.201265029846142,0.254477633048893,0.790894773087866,0.429005398795653,0.969652509695595,"CG8492"
413.621240581685,1.39126639576049,1.8636761606287,0.746517246478676,0.455355017297414,0.969652509695595,"CG8508"
579.589603019296,0.697871894993083,0.875502244206059,0.797110343932861,0.425386949396465,0.969652509695595,"CG8568"
173.712406667976,-0.566776065792118,0.707452158996984,-0.801151086450404,0.423044184250423,0.969652509695595,"CG8673"
526.847154175327,0.116816210932503,0.155134255991114,0.753000748842951,0.451449464026983,0.969652509695595,"CG9581"
158.728745138516,0.253698534496339,0.328545147490872,0.772187738683276,0.440003242530894,0.969652509695595,"CG9737"
393.292418805933,0.167308316925012,0.207811569134937,0.805096259180715,0.420764134328803,0.969652509695595,"CG9743"
67.1081479505431,0.24126916424769,0.305235556263084,0.79043597410958,0.429273200001461,0.969652509695595,"CG9752"
68.7295806173271,1.39045456708938,1.88141711418834,0.739046411666792,0.459878815404774,0.969652509695595,"CG9922"
578.90092846207,1.3912403712429,1.86248913137402,0.74697905496852,0.455076203957845,0.969652509695595,"CG9970"
285.381247460709,0.165156911629506,0.22263725820647,0.741820632179823,0.458196018196382,0.969652509695595,"CHKov2"
23.4228856608366,-0.559123890823063,0.753132199794535,-0.742398068991871,0.457846189177709,0.969652509695595,"CNBP"
414.013741119104,0.116294610530694,0.148594423704736,0.782631054593118,0.433843799771013,0.969652509695595,"CPT2"
291.710105163095,1.39130109641512,1.86523819424074,0.745910683531473,0.455721371089086,0.969652509695595,"CSN1a"
159.867169542706,0.169399628824895,0.2272093632766,0.745566231875184,0.455929487891476,0.969652509695595,"CTCF"
15.1666863895238,0.470693522962132,0.60151249727495,0.782516614525098,0.433911025026756,0.969652509695595,"CaMKI"
55.8828867889039,0.228489897914847,0.287658595332975,0.794309301449387,0.427015390420016,0.969652509695595,"CaMKII"
10.863792768833,0.588946999944666,0.74858571544145,0.786746244012093,0.431430427378232,0.969652509695595,"Cbs"
975.622462762109,-0.103611991483274,0.129994324563684,-0.797050116080371,0.425421925851157,0.969652509695595,"Cmpk"
10.282993705543,0.444500744834709,0.573383243422922,0.775224511587007,0.438207006618048,0.969652509695595,"CoRest"
259.864627589046,-0.167676552798685,0.223472444610378,-0.750323168885667,0.453060091846126,0.969652509695595,"Con"
1031.58298377314,0.669084281313497,0.847610313064069,0.789377230315651,0.429891559990211,0.969652509695595,"Cpr49Ah"
105832.996795552,0.259331422797852,0.332744436607207,0.779371175795147,0.435761098186355,0.969652509695595,"Cpr64Aa"
4202.82990111427,0.708135962308135,0.960770494821675,0.737050071921255,0.461091899971753,0.969652509695595,"Cpr64Ab"
7.8161965001879,0.712138553515353,0.883307277436127,0.80621837010377,0.420116948339248,0.969652509695595,"CrebB"
820.398269946015,1.39080577092938,1.86533876966342,0.745604923646303,0.455906107757994,0.969652509695595,"Crtp"
148.713274994142,0.16423582353339,0.213049507139708,0.770881030133955,0.440777452149544,0.969652509695595,"Ctu1"
9.84448993269441,-0.617351689717237,0.771357573070652,-0.800344368513371,0.423511303353033,0.969652509695595,"Cyp309a1"
108.743094340679,0.383227560575892,0.493386503110812,0.776728909606637,0.437318726810142,0.969652509695595,"Cyp4d8"
425.904372095086,-0.156704995160236,0.207915787006206,-0.753694548243029,0.451032656241793,0.969652509695595,"Cyp4e1"
97.9861502977003,-0.25140212643792,0.322635437080553,-0.779214238562244,0.435853523973393,0.969652509695595,"DEF8"
98.999641536035,-0.469225930763712,0.612200808393514,-0.766457548455409,0.443404101891366,0.969652509695595,"Dhc62B"
328.443117530482,-0.136566399253324,0.17896216687171,-0.76310206587531,0.445402528099861,0.969652509695595,"Dolk"
321.20196301126,0.150830031424279,0.200917498168205,0.750706298851116,0.452829431393109,0.969652509695595,"Dph5"
29.5130118092885,-0.3104871486301,0.41254605794536,-0.752612084518385,0.45168305367766,0.969652509695595,"Dsk"
104.961105533533,0.220052967136842,0.290973734769141,0.756264022632255,0.449490914114512,0.969652509695595,"Eaf6"
345.974640654483,0.428139687018264,0.586084491226612,0.730508473483429,0.465079435423952,0.969652509695595,"Efhc1.1"
151.61277736199,0.157346056344181,0.210502213009567,0.747479345203035,0.454774266077177,0.969652509695595,"Ehbp1"
159.83362466456,-0.189103008181631,0.253536019339298,-0.745862495886874,0.455750482723347,0.969652509695595,"Eip63F-1"
342.90568442574,0.156528280370168,0.204191837419074,0.766574620947832,0.443334469592117,0.969652509695595,"Enoph"
35.5707931776833,0.295465807452143,0.383696850489699,0.770050124401726,0.441270159989796,0.969652509695595,"Fak"
496.449504969663,-0.115666512215343,0.154380067843929,-0.749232163392213,0.453717286579494,0.969652509695595,"Fkbp39"
10.2323541086281,-0.607502536542325,0.789354053956495,-0.76961983472097,0.44152543574514,0.969652509695595,"Fst"
13.6560550157365,0.473461465578628,0.595027377709586,0.795696943224871,0.426208203990985,0.969652509695595,"GATAe"
578.46052581257,0.35344946654113,0.45903689824893,0.769980513308234,0.441311452073161,0.969652509695595,"Gadd45"
612.56688637101,0.11407943045263,0.146771675153725,0.777257807633151,0.437006682577257,0.969652509695595,"GlnRS"
333.329316309784,-0.145130428624589,0.186592358385727,-0.777794063380522,0.436690428307766,0.969652509695595,"Glo1"
249.957604155515,-0.138441238316383,0.181615544574514,-0.762276371445632,0.445895073174514,0.969652509695595,"Grip75"
221.166037059567,-0.158445756554943,0.20991890884112,-0.754795065531066,0.45037195509065,0.969652509695595,"GstZ1"
9.50264303484329,-0.468511708531991,0.641482817259132,-0.730357378134934,0.465171763991565,0.969652509695595,"HP1b"
7.88191731456405,0.632727267155,0.811698204514771,0.779510492490544,0.435679059217381,0.969652509695595,"Hmgs"
1890.01016059109,-0.101359821377378,0.126431222718028,-0.801699289133944,0.422726927128236,0.969652509695595,"Ifrd1"
364.75452763212,0.224555159476277,0.303929975717658,0.738838474046674,0.460005086205278,0.969652509695595,"Inx7"
152.154340101318,-0.191828969819644,0.243441869734482,-0.787986758518032,0.430704451262375,0.969652509695595,"Ipk2"
7.63272910803974,1.11068350113074,1.47735445009656,0.751805703132479,0.45216791181107,0.969652509695595,"Jasper"
856.480290592415,1.39127928387113,1.86403894150712,0.746378872721535,0.455438578113519,0.969652509695595,"Klp59D"
617.574241220498,-0.106653181754843,0.138344016961757,-0.770927316533867,0.440750014662884,0.969652509695595,"La"
4396.17152010161,0.158006912537689,0.207388910789916,0.76188698776546,0.446127456804463,0.969652509695595,"LanA"
32.2056456961293,0.329149604136245,0.415413249325326,0.79234257614753,0.428160952528909,0.969652509695595,"LanB1"
129.15087564078,-0.190852584763893,0.245234626804128,-0.778244847601919,0.436424682487862,0.969652509695595,"MED30"
29.8198085829412,-0.354367144217592,0.442911481169827,-0.800085703991304,0.423661143424446,0.969652509695595,"MFS14"
32.2299769996985,0.28472444071294,0.377953346701376,0.753332238483663,0.451250290722768,0.969652509695595,"Mccc1"
50.3598691964045,-0.318206308084847,0.400497194647001,-0.794528182314274,0.426888009029173,0.969652509695595,"Mcm10"
72.4933067921318,-0.232269191540441,0.300930309034843,-0.771837148226727,0.440210886679516,0.969652509695595,"Mkp3"
1139.01714635146,-0.503279140962532,0.658241135738721,-0.764581721860513,0.444520656658534,0.969652509695595,"Mur29B"
24.1284211158572,-0.408122373150986,0.509373704888797,-0.801223874012271,0.423002052440092,0.969652509695595,"NKCC"
87.7375615380535,-0.257025385503172,0.333870429546639,-0.769835728944867,0.441397342714595,0.969652509695595,"Naa30A"
854.435897435134,-0.141796170383007,0.182119860221903,-0.778587081113701,0.436222991608378,0.969652509695595,"Not1"
26.5010021788598,-0.279334946188195,0.380134812602198,-0.734831267560103,0.462442261956529,0.969652509695595,"Notum"
42.2611938716464,-0.448893148801803,0.596827622989302,-0.752131991735658,0.451971686735087,0.969652509695595,"Npc2d"
377.735262616795,-0.124339526922819,0.163293070335143,-0.761450113391977,0.446388264890013,0.969652509695595,"Nrd1"
66.2773875880948,0.22321201613071,0.278283468636094,0.802103039841721,0.422493356727518,0.969652509695595,"Nrk"
12.5021547575299,-0.471482094900758,0.621357230164777,-0.758793930466902,0.44797583701015,0.969652509695595,"Nrx-IV"
101.139966539071,0.214842966330976,0.268584185672619,0.799909219498321,0.423763395765653,0.969652509695595,"Nthl1"
104.872874956362,-0.237478887650518,0.319360805795096,-0.743606865154536,0.457114348729337,0.969652509695595,"Nup43"
102.552577179064,-0.178934992474403,0.234196538129254,-0.76403773473222,0.444844755827882,0.969652509695595,"Nup93-2"
12.1345382603543,-0.462877690308533,0.612585511925857,-0.755613185909883,0.449881147839063,0.969652509695595,"O-fut1"
12.1175261333889,-0.521443809279526,0.694443096697659,-0.750880542637963,0.45272455120228,0.969652509695595,"OSCP1"
87.4362574592485,0.203949207804644,0.279657953631537,0.729280913187821,0.465829845230068,0.969652509695595,"PCNA2"
249.108201778355,0.143649968891588,0.178902151726597,0.802952717478311,0.422002063985961,0.969652509695595,"PIG-K"
159.275607071481,0.204064677902679,0.258998747335885,0.787898319979269,0.430756183945894,0.969652509695595,"PIG-S"
32.5895007305562,0.347730524928384,0.451737100914495,0.769763041876435,0.441440466581198,0.969652509695595,"PLCXD"
397.833090316335,-0.128272507035347,0.171479638081936,-0.748033460241244,0.454439975322192,0.969652509695595,"Pgls"
144.247423700663,-0.181545130311817,0.2442905787255,-0.743152401778918,0.457389417002376,0.969652509695595,"Phf5a"
12.3873124101919,-0.523786926711635,0.713454895644896,-0.734155627649287,0.46285389347813,0.969652509695595,"Pitslre"
55.3261122322359,1.39065864986246,1.87152812397321,0.74306051405208,0.457445044214858,0.969652509695595,"Pk34A"
392.325343424681,0.1268279470281,0.161165324121102,0.78694314499563,0.431315149293114,0.969652509695595,"Polr1A"
182.643986032226,-0.162858089889834,0.214994750993755,-0.757497981402182,0.448751574786945,0.969652509695595,"Polr1C"
199.124526912272,1.39127956820942,1.86442698955804,0.746223679447603,0.455532306127359,0.969652509695595,"PpN58A"
297.277868858519,1.3912419726719,1.86272781340381,0.746884199967815,0.455133464091645,0.969652509695595,"Prx1"
473.889765844104,-0.219351218606725,0.299637215766071,-0.732055989927412,0.464134394360071,0.969652509695595,"Prx6c"
8.62963945099185,-0.637861918339443,0.792109352093478,-0.80527002572767,0.420663874869923,0.969652509695595,"Psa"
296.945775105093,-0.129297067617785,0.162100804246315,-0.797633720689726,0.425083076610873,0.969652509695595,"Ptpa"
295.695440018,-0.208499010864046,0.260363980275119,-0.800798215804393,0.423248472094052,0.969652509695595,"Pvf2"
106.749575548071,0.362232371998739,0.479399518172311,0.755596028506106,0.449891437805351,0.969652509695595,"Qsox2"
76.0158759570955,-0.234378856131582,0.308069023989082,-0.760799813940035,0.446776645567774,0.969652509695595,"Rab39"
336.986796901857,0.145285987570751,0.183812367676617,0.790403765574439,0.429292003789593,0.969652509695595,"Rassf"
98.5086334949705,-0.211869733240564,0.262951995672615,-0.805735406946102,0.420395429286264,0.969652509695595,"Ravus"
480.894218891103,-0.118193790359823,0.153846011745954,-0.768260346943518,0.442332527578511,0.969652509695595,"Rcd5"
208.387899932879,1.39130193431597,1.86535964139403,0.745862569041226,0.455750438527765,0.969652509695595,"Recs1"
575.071400801346,0.167746244328372,0.212435021757532,0.789635545686217,0.4297406430406,0.969652509695595,"Reg-2"
166.793439852672,1.3906878234724,1.87044735107055,0.74350546283831,0.457175715389649,0.969652509695595,"Rexo5"
528.415967893014,0.111992117468857,0.151850497618399,0.737515643513356,0.460808833566368,0.969652509695595,"RhoGAP93B"
202.515410926638,0.164724567163195,0.221465548078372,0.74379319308348,0.457001598844132,0.969652509695595,"Rnb"
69.8756078687357,0.222176381941828,0.292055930065942,0.760732308676848,0.446816972991025,0.969652509695595,"RpL10Ab"
21.4889616090211,-0.445198084531918,0.579166766711883,-0.768687207416011,0.442079020975858,0.969652509695595,"RpL11"
101.549466780071,0.267580695359959,0.338602340564311,0.790250578049791,0.429381443337074,0.969652509695595,"RpL12"
54.9843217454042,1.39052008653728,1.87815820941581,0.740363660295576,0.459079362749495,0.969652509695595,"RpS28-like"
19.8456295176424,0.414280744989934,0.550002901104717,0.753233745054479,0.451309464639644,0.969652509695595,"Rpi"
12.8758669723659,0.619822698539178,0.848029805284945,0.730897304170709,0.464841882773218,0.969652509695595,"Rx"
156.784332879575,0.168319287749821,0.21175644335159,0.794872094967859,0.426687908036693,0.969652509695595,"S1P"
1102.13414166783,-0.118513858104562,0.155522007953659,-0.762039145867222,0.446036640856114,0.969652509695595,"SPE"
21.904543567784,-0.484476302608211,0.656406245693841,-0.738073876942023,0.460469557105715,0.969652509695595,"Sac1"
98.5979470081737,-0.257956591845551,0.326120422156497,-0.790985704421061,0.428952333664011,0.969652509695595,"Samtor"
179.810548797894,-0.153983406152821,0.207430414344904,-0.742337649178032,0.457882786340683,0.969652509695595,"Sce"
52.0488365680111,1.11571093642247,1.42072532778245,0.785310794848673,0.43227136819324,0.969652509695595,"Sfp33A3"
15.5026080416874,-0.457889456570438,0.626360447318429,-0.731031881931166,0.464759679410886,0.969652509695595,"SiaT"
13.4010241501961,1.39229722219024,1.90894929333371,0.729352648104543,0.465785975051892,0.969652509695595,"SkpE"
124.414305716248,-0.202883420468651,0.270724836324211,-0.749408230228587,0.453611191895228,0.969652509695595,"Slik"
281.960482913379,0.159092051951417,0.209765271307178,0.758428938022082,0.448194239500207,0.969652509695595,"Smyd4-2"
45.6233800045627,0.350965024093122,0.480863572041368,0.729864029007648,0.465473301650984,0.969652509695595,"Snmp2"
276.789728128207,0.140036436552894,0.178437047440251,0.784794629600583,0.432573989352893,0.969652509695595,"Snr1"
2506.42187083706,-0.203728489963416,0.259765155014569,-0.784279515672493,0.432876116374327,0.969652509695595,"Srg1"
766.215537802422,-0.831092586902989,1.11601600208013,-0.744695941056333,0.456455553478773,0.969652509695595,"TTLL6A"
204.984747490686,-0.174437464664308,0.220333349735622,-0.791697965258621,0.428536809038846,0.969652509695595,"Tango6"
8809.01541306596,0.135923139804141,0.178249959613001,0.762542331562061,0.44573638819186,0.969652509695595,"Tm1"
2859.32649558511,0.325457885182042,0.441792523220545,0.736675855918847,0.461319492826563,0.969652509695595,"Tps1"
138.576913875927,-0.18355420261808,0.235860329240729,-0.778232622709253,0.436431888063629,0.969652509695595,"Tpst"
143.136561564503,0.170411197179269,0.228250500649066,0.746597254747209,0.455306706032137,0.969652509695595,"Trm7-34"
8.83405573123905,-0.568764754603319,0.729074067295944,-0.7801193049052,0.435320654371623,0.969652509695595,"Tsp42Ep"
179.877807613243,1.39126981536851,1.86403480418866,0.746375449772823,0.455440645265055,0.969652509695595,"UQCR-14L"
504.362100442607,0.105095510180819,0.140109584395869,0.750095081888753,0.453197441363967,0.969652509695595,"Uba2"
314.608953809661,0.154656742925158,0.193431926845609,0.799540931257953,0.423976822677475,0.969652509695595,"Uba5"
1519.30555507545,-0.107190420031799,0.139984607351061,-0.765730047468579,0.44383694448643,0.969652509695595,"Ubc6"
34.8064993660947,-0.316622352669994,0.431277660273734,-0.734149671626934,0.462857523074535,0.969652509695595,"Ugt316A1"
47.8271354998092,-0.261655043612904,0.347674360397925,-0.75258653906325,0.451698409046968,0.969652509695595,"Upf1"
585.590275913373,1.39132120424425,1.86591564807642,0.745650643789052,0.455878481485758,0.969652509695595,"Vha100-3"
16.4395142468602,1.38999775555761,1.90388588244436,0.730084596127695,0.465338476407685,0.969652509695595,"Vha16-4"
478.734511407671,0.112059537164617,0.14885897302931,0.75278993858538,0.451576153807218,0.969652509695595,"Vps16A"
282.307820705024,0.147229037539865,0.184147311593088,0.799517713650897,0.423990279631418,0.969652509695595,"Vps33B"
591.483605750116,0.143337623189775,0.181057828859075,0.791667635103152,0.428554498521575,0.969652509695595,"Vta1"
424.23237880147,-0.14858611066997,0.203428604258393,-0.730409134013608,0.465140136813377,0.969652509695595,"Wsck"
20.1589785304435,0.43855269465948,0.565897538289417,0.77496837322376,0.438358348164356,0.969652509695595,"Xe7"
16.963508536486,0.406088390248263,0.503931157994896,0.80584100388644,0.420334531871215,0.969652509695595,"alpha-Cat"
1769.8772626585,0.112102995486886,0.144112925459253,0.77788300480086,0.436637988278906,0.969652509695595,"alphaTub84D"
7.67282355260078,0.853268497734656,1.12023498496498,0.761687064934268,0.446246797257462,0.969652509695595,"aop"
14.5556094757678,-0.496012083305379,0.636684740729029,-0.779054454387309,0.435947638036127,0.969652509695595,"apt"
330.141303163211,-0.129535415676909,0.174415145493577,-0.742684445839476,0.45767274887236,0.969652509695595,"ari-1"
20.3051961603834,1.38996599662657,1.90560422384751,0.729409590528802,0.46575115299881,0.969652509695595,"asRNA:CR43433"
8.6936226401844,0.526431731299715,0.717001899051437,0.734212464424658,0.462819257980109,0.969652509695595,"asRNA:CR46139"
83.0401484100609,-0.220636328316055,0.277990681164343,-0.793682462275124,0.427380312524507,0.969652509695595,"asun"
17.3812692638673,0.364578678490753,0.452853362376168,0.805070048674855,0.420779258429171,0.969652509695595,"babo"
270.800401929759,0.142486465916746,0.184120248689606,0.773877218452776,0.439003402872155,0.969652509695595,"beag"
25.5228227363374,1.39023754884339,1.89184872940173,0.734856612601912,0.462426824543807,0.969652509695595,"betaNACtes2"
423.629527467742,1.3912389179775,1.86251020553369,0.746969822685533,0.455081776936082,0.969652509695595,"boil"
155.481996844101,-0.245867667028007,0.336606618896468,-0.730430280408805,0.465127214938215,0.969652509695595,"brat"
241.39787391471,0.159857783799954,0.209855810466874,0.761750572663734,0.446208885454395,0.969652509695595,"c12.1"
23.2847979841678,0.304416000835688,0.408225270374249,0.745705920058815,0.455845082207342,0.969652509695595,"capt"
382.453196874282,1.39123265040669,1.8622797095428,0.747058910258031,0.455028001689425,0.969652509695595,"ccb"
24.3165527591614,1.3917219446177,1.88388171159803,0.738752298538508,0.460057422251036,0.969652509695595,"comr"
17.4510313518361,-0.573076015510904,0.770434208807614,-0.743835111369006,0.456976235600084,0.969652509695595,"csw"
10.114916572402,-0.492637402406226,0.669352935960581,-0.735990500585835,0.461736478890652,0.969652509695595,"cuff"
17.9925322791152,0.504422013827141,0.651577957067036,0.774154509611878,0.438839425829006,0.969652509695595,"cv-c"
478.274310955847,0.199957955662834,0.251367180157751,0.795481556253069,0.426333435462706,0.969652509695595,"cv-d"
16.7478433062032,-0.531894973980294,0.669242589851628,-0.79477155525654,0.4267464000703,0.969652509695595,"dachs"
495.848803900174,1.39141426524468,1.86991653514389,0.744105011691133,0.456812947580423,0.969652509695595,"djl"
30.075052513122,-0.275688089645541,0.373372923188652,-0.738371940019458,0.46028846111109,0.969652509695595,"dpp"
433.80741934752,0.166028173318075,0.215165574530538,0.771629818944435,0.440333708000819,0.969652509695595,"dpr18"
197.276506873938,-0.197464176180108,0.249825068566095,-0.790409774781532,0.429288495495084,0.969652509695595,"dpr20"
145.167191651378,-0.188733485625199,0.24960244628578,-0.756136361777123,0.449567442862431,0.969652509695595,"edl"
13.4771641243295,-0.580277429259039,0.773366390133598,-0.750326671370858,0.453057982901436,0.969652509695595,"gce"
482.157111795086,1.39124739952707,1.86282705888434,0.746847321597475,0.455155727169942,0.969652509695595,"h-cup"
441.736071581334,0.252787245336744,0.346075959970732,0.730438616302972,0.465122121198929,0.969652509695595,"hgo"
29.8318297181779,-0.352861654561763,0.445604141597487,-0.791872475190104,0.428435037713979,0.969652509695595,"hh"
475.010014650302,-0.192469405881916,0.248790758494744,-0.773619595222957,0.439155780756327,0.969652509695595,"hoka"
36.7319693020866,-0.362265815050895,0.477276823749856,-0.759026621499562,0.447836631994891,0.969652509695595,"htl"
118.137511451255,-0.172587941444833,0.22856243066642,-0.755101969040222,0.450187801818891,0.969652509695595,"idc"
66.8869885045702,-0.256914063187234,0.34829469908709,-0.737634146774635,0.460736799383699,0.969652509695595,"kirre"
15.9365353525239,0.462791276878833,0.573780164163437,0.806565485848706,0.419916865203671,0.969652509695595,"kkv"
120.625026812238,1.39151178315085,1.87446420711008,0.742351749301306,0.457874245543407,0.969652509695595,"kl-5"
77.6019394365542,-0.253862266221114,0.314986531144713,-0.805946417132622,0.420273745560285,0.969652509695595,"l(2)37Cd"
11.7946436685037,0.531173125396704,0.69562164087504,0.763594882885655,0.445108699640401,0.969652509695595,"l(2)k01209"
90.4853780276785,-0.330334236509843,0.442793937330317,-0.746022491864923,0.455653828275714,0.969652509695595,"l(2)k05911"
195.04160913414,1.39135766586066,1.86774985317519,0.744937906698448,0.456309258020653,0.969652509695595,"lky"
23.8935512599535,1.39205718465474,1.89841021810812,0.733275227543817,0.463390580950821,0.969652509695595,"lncRNA:CR31526"
7.88174191650774,0.687886968548936,0.888363489786624,0.77433052625132,0.438735356069225,0.969652509695595,"lncRNA:CR32027"
34.082864482582,1.39188354520019,1.89075638357682,0.736151710125185,0.461638376344958,0.969652509695595,"lncRNA:CR43440"
16.195942918805,0.369471274049438,0.503605775122321,0.733651781415129,0.463160993177734,0.969652509695595,"lncRNA:CR43654"
18.6056912535898,0.93730976017518,1.23223603300343,0.760657645995465,0.446861578644496,0.969652509695595,"lncRNA:CR43718"
23.5286140584649,1.39026939107519,1.89018510283432,0.735520235023802,0.462022721067081,0.969652509695595,"lncRNA:CR43753"
16.9402054607084,1.39209673558877,1.90018513799118,0.732611106021203,0.463795655428094,0.969652509695595,"lncRNA:CR43763"
48.0434602426362,1.39157341120873,1.87734600499443,0.741245038211725,0.458544879929642,0.969652509695595,"lncRNA:CR43821"
16.3788633173169,1.3921462902319,1.90236363439278,0.731798203594373,0.464291745691314,0.969652509695595,"lncRNA:CR43940"
701.290600171332,1.39122593233097,1.86182837685156,0.747236399245132,0.454920876044172,0.969652509695595,"lncRNA:CR44455"
23.8142027541599,1.39179155200957,1.88691685034513,0.737600892034537,0.460757013196266,0.969652509695595,"lncRNA:CR44606"
14.0842720081847,1.39209035984382,1.89996281665871,0.732693475702835,0.463745404129693,0.969652509695595,"lncRNA:CR44678"
93.7545895627682,0.172035998926138,0.222230912875708,0.774131720470217,0.438852900935849,0.969652509695595,"lncRNA:CR44754"
35.3720788232463,0.301005012834424,0.401634547494051,0.749450003025157,0.453586022419624,0.969652509695595,"lncRNA:CR44785"
10.8999615571289,-0.794486556493651,0.993339372501107,-0.799813818406524,0.423818675669787,0.969652509695595,"lncRNA:CR44895"
9.14085904417472,0.60131564253014,0.758407395466237,0.792866269665628,0.42785574121122,0.969652509695595,"lncRNA:CR44932"
27.7688993976575,1.39013271951367,1.89713943988909,0.732752000345817,0.463709701824606,0.969652509695595,"lncRNA:CR45103"
16.0822259562286,0.383376233920641,0.497239282284205,0.771009547273693,0.440701272633624,0.969652509695595,"lncRNA:CR45177"
18.8413681596259,0.540476187013169,0.739912376742964,0.730459719287712,0.465109226127981,0.969652509695595,"lncRNA:CR45334"
59.1841938345703,1.39147145585787,1.87292781540961,0.742939180255354,0.457518503378769,0.969652509695595,"lncRNA:CR45408"
16.36362550944,1.39197662428113,1.89500048111091,0.734552121836459,0.462612305859276,0.969652509695595,"lncRNA:CR45580"
5.65069844959893,1.1227620423518,1.47778929865843,0.759757864920976,0.447399333179041,0.969652509695595,"lncRNA:CR45614"
17.0263528074871,1.39006550016805,1.90044135377613,0.731443513058707,0.464508295326616,0.969652509695595,"lncRNA:CR45622"
8.47962016716015,-0.62318718575529,0.789431176641614,-0.789412939588278,0.429870695540503,0.969652509695595,"lncRNA:CR45938"
18.5748705676317,1.39198852210031,1.89545939252829,0.734380555757298,0.46271683404334,0.969652509695595,"lncRNA:CR45953"
8.24680191648176,1.12949757001134,1.45127740631796,0.778278201737457,0.436405023297817,0.969652509695595,"lncRNA:CR46061"
24.174939894029,1.39016009953444,1.89567584270555,0.733332180648766,0.463355852137583,0.969652509695595,"lncRNA:Yu"
210.441605913635,0.165703256194039,0.217252419118983,0.762722260428723,0.445629051963918,0.969652509695595,"mIF2"
467.806881656907,-0.155272032519791,0.207440841780586,-0.74851235266402,0.454151177040563,0.969652509695595,"mRpL15"
896.735750068097,-0.158657452525123,0.212062862433905,-0.748162364235616,0.454362228995758,0.969652509695595,"mRpL44"
431.932677453884,-0.205307336323389,0.25510201306583,-0.804804845935921,0.420932304820289,0.969652509695595,"mRpS34"
264.30058266267,0.157902028582226,0.207467337054291,0.761093436799187,0.446601260329794,0.969652509695595,"mbo"
24.1371451335766,-0.348141093266728,0.464753755256594,-0.749087208718769,0.453804644143406,0.969652509695595,"milt"
1215.64505404171,0.0953877333029377,0.127706796070301,0.746927620441026,0.45510725240174,0.969652509695595,"msk"
31.9744229536744,-0.377565691713123,0.488613816365541,-0.772728234583237,0.439683233241957,0.969652509695595,"out"
9.11272947781397,-0.614768686273205,0.764327677065398,-0.804326082543002,0.42120867808647,0.969652509695595,"pasi2"
424.709788438186,0.120719185207722,0.158246386325482,0.762855873115649,0.445549355096093,0.969652509695595,"pkaap"
54.8564037196118,-0.234934245258732,0.298231320283933,-0.787758458887088,0.430838003936099,0.969652509695595,"plum"
12.741442280061,-0.51085441819306,0.63831052592403,-0.8003227229467,0.423523841082002,0.969652509695595,"ppk15"
6.51789670183489,1.12278961908478,1.50548316238277,0.745800183714913,0.455788128969174,0.969652509695595,"pre-rRNA:CR45847"
58.0174974333751,0.33261013020247,0.430746709944301,0.7721710288756,0.440013137970251,0.969652509695595,"ptc"
40.9059282908913,-0.273821989739639,0.361169996316303,-0.758152649811568,0.448359603771251,0.969652509695595,"ric8a"
24.4382093724376,0.345355726013934,0.46869579555478,0.736844087976397,0.461217168714992,0.969652509695595,"rl"
34.4311920866528,-0.344990771100005,0.432770912265244,-0.797167187818207,0.425353939672026,0.969652509695595,"scrib"
123.034656764278,-0.224769695228691,0.286914097002779,-0.783404153287435,0.433389817988274,0.969652509695595,"shams"
46.33003795821,0.284209047945754,0.35663306730415,0.796922871157569,0.42549582702166,0.969652509695595,"skd"
83.3865301689573,-0.32071694139725,0.432448538445073,-0.741630304846053,0.458311357207035,0.969652509695595,"slo"
12.0641333464691,-0.645537756466901,0.839117198684458,-0.769305834130149,0.441711774631646,0.969652509695595,"snoRNA:Psi28S-3385b"
18.6348432228385,1.39013670218709,1.89683388836618,0.732872135358394,0.463636419598439,0.969652509695595,"spag4"
245.159701857169,0.133455457280377,0.173693577381284,0.768338468770333,0.442286125876136,0.969652509695595,"sstn"
13.8339903905134,0.506891310112784,0.684995559938377,0.739992110545044,0.459304781495732,0.969652509695595,"stck"
13.0753895862127,-0.47098260445991,0.591097949798414,-0.796792823626833,0.425571363631503,0.969652509695595,"tara"
179.920812684627,1.39122752951786,1.86223605545288,0.747073672773202,0.455019091051508,0.969652509695595,"tbrd-2"
80.0966839421772,0.239294690585327,0.30092582644351,0.79519492698061,0.426500122301295,0.969652509695595,"tef"
98.9367787945306,-0.294516519159551,0.372257734061261,-0.791162928830065,0.428848921133799,0.969652509695595,"tipE"
1114.10538451803,0.298672237963682,0.372848957497966,0.8010542391427,0.423100246434236,0.969652509695595,"yellow-d2"
1055.66008324491,-0.148492847763946,0.203727348259275,-0.728880285502787,0.466074895142453,0.969930610335909,"CG6178"
10.0059985661358,0.725259107555241,0.995387351884658,0.728619975110234,0.466234156244454,0.970030088882497,"Esp"
45.7659529504518,0.287600587370441,0.395455480452302,0.727264133604872,0.467064165101451,0.97062292929531,"Ada1-2"
106.958143329073,-0.181029240485756,0.248801637997786,-0.727604697230195,0.466855604386561,0.97062292929531,"Arfrp1"
176.119160850391,-0.200204418510977,0.275045122304594,-0.727896633226834,0.466676864300228,0.97062292929531,"CG33116"
7.94510237494757,0.651915699919644,0.896572563347544,0.727119841238034,0.467152545138612,0.97062292929531,"Crk"
150.835675545551,0.203203544380647,0.279486034573712,0.727061531681123,0.467188262762042,0.97062292929531,"Dlish"
174.3090735611,-0.168952808591344,0.232328961907565,-0.727213719736603,0.467095042878023,0.97062292929531,"SmB"
14.7492473307171,-0.428687567348926,0.589788097740817,-0.726850150064088,0.467317757644238,0.970660249350311,"lncRNA:CR44177"
111.911436103793,0.178539238889702,0.245747995108173,0.726513511579669,0.467524027442364,0.970856981825553,"Spt3"
12.6360962215915,0.440868026100274,0.607182330898684,0.7260883653313,0.467784601038679,0.971033262077347,"CG32302"
14.5199888485665,1.38979845611731,1.91429410363614,0.726010937126863,0.46783206571186,0.971033262077347,"GlcAT-S"
161.655353538517,-0.162776740165854,0.224410243056393,-0.725353432841962,0.468235233411294,0.971638349160346,"cyp33"
1586.25063099279,0.141536670472399,0.195200513532262,0.725083494460203,0.46840080960158,0.97175023741658,"Cow"
31.1516001246328,0.334369404316847,0.461738785539439,0.724152734811331,0.468971972242111,0.97176207115514,"Boh1"
9.89185406214722,1.39262392468486,1.92334833958004,0.7240622491654,0.469027519494163,0.97176207115514,"CG33669"
8.52102143056038,1.13623541196218,1.56942380847939,0.723982525193801,0.469076463394547,0.97176207115514,"Spn77Bb"
20.46060916898,1.39259141802553,1.92172140552512,0.724658326655313,0.46866166693727,0.97176207115514,"lncRNA:CR44105"
11.1166813242784,1.39261854637498,1.92307672788775,0.72416171761622,0.468966458084008,0.97176207115514,"lncRNA:CR44671"
10.1690226189576,1.3925899711276,1.92184527991118,0.724610865236748,0.468690791390508,0.97176207115514,"lncRNA:CR45224"
59.7265376760876,-0.315568309288267,0.436239790299615,-0.723382681509933,0.469444808203161,0.972225173838479,"lncRNA:CR46481"
9.6866503540689,1.39267412459852,1.92556530832895,0.723254681923571,0.469523429351158,0.972225173838479,"meigo"
38.1195265469109,-0.603177423058811,0.836537978377156,-0.721040094591935,0.470884846535182,0.972361922207905,"CG11438"
202.954492900064,-0.354447579081605,0.490859803522017,-0.72209534481816,0.470235860085905,0.972361922207905,"CG17190"
22.4621430199308,0.339790489902758,0.47087267655894,0.721618617554732,0.47052898957238,0.972361922207905,"CG32625"
9.46141160357128,0.627405437809706,0.86975741697281,0.721356812332099,0.470690010958113,0.972361922207905,"CG43061"
14.0510635433916,1.39278102436726,1.93015194931759,0.721591388107907,0.47054573542711,0.972361922207905,"CG44259"
10.9166474670043,1.39273346324366,1.92817627723273,0.722306087720607,0.470106310899361,0.972361922207905,"CG44622"
9.84623299454188,0.635223931002011,0.879629540248073,0.722149384413426,0.470202638650374,0.972361922207905,"CG4597"
356.019715348836,-0.137925666724275,0.191174838877744,-0.721463491398458,0.470624395107562,0.972361922207905,"CG6638"
281.72104852978,0.139627562315581,0.193458176878773,0.721745467512993,0.470450982373265,0.972361922207905,"GCC88"
232.505618518768,0.149067038823426,0.206812126451415,0.720784807840779,0.471041923937553,0.972361922207905,"Pex11ab"
196.140086397888,0.176806005712027,0.245146751636167,0.721225162201753,0.470770992899087,0.972361922207905,"RNaseZ"
48.4652789516575,-0.288834170112507,0.400657655081631,-0.720900166137245,0.470970940639699,0.972361922207905,"lncRNA:Irar"
194.447176848069,0.149554098677768,0.207064659009761,0.722257962285672,0.470135893128546,0.972361922207905,"sl"
434.53610263838,0.216304953013726,0.300201099173653,0.720533514397972,0.471196572496969,0.972450502831663,"crim"
224.152569545853,-0.146339064375084,0.203353962316698,-0.719627307518008,0.47175449404416,0.973192685358628,"Bet5"
5.69275377460566,0.971248163353683,1.35505178636322,0.71676091875454,0.473521629866479,0.973192685358628,"CG12017"
71.8997789409755,0.229657758932289,0.320606950158667,0.71632183525227,0.473792647117604,0.973192685358628,"CG5013"
27833.6016595875,0.300829746388968,0.41980403622999,0.716595650414752,0.473623629091932,0.973192685358628,"Cpr64Ac"
165.407555697544,-0.468699755037135,0.652093934584841,-0.718761102011376,0.472288128287207,0.973192685358628,"Dnaaf4"
685.011507803783,-0.1168249673784,0.162643418612239,-0.71828893154862,0.472579153415011,0.973192685358628,"GstT1"
711.109433731573,-0.104751549400036,0.145694048421355,-0.718983036953503,0.47215137145441,0.973192685358628,"Pef"
5025.84742975147,0.535953121689179,0.747917603780664,0.716593805226644,0.47362476796117,0.973192685358628,"S-Lap2"
199.303186846256,-0.141785009339031,0.197288147136194,-0.718669678828462,0.472344469812195,0.973192685358628,"Sptr"
23.0074733383987,-0.492918609327698,0.687989443719858,-0.71646246003799,0.473705839442419,0.973192685358628,"Takl2"
12.3303557787229,1.38936429710625,1.93792243635337,0.71693493560075,0.47341424435364,0.973192685358628,"Trc8"
6.89735663333869,-0.786109869470444,1.09616553693107,-0.717145214828875,0.473284499258755,0.973192685358628,"TwdlY"
11.0201460689843,0.625535032419308,0.870851071200491,0.718303109574168,0.472570413265202,0.973192685358628,"cid"
26.5562361697794,0.320510908474195,0.446410109502818,0.717974126596639,0.47277324020805,0.973192685358628,"ct"
13.5200993931901,0.417025272067731,0.581350039795171,0.717339371327234,0.473164719475233,0.973192685358628,"dnk"
9.72416472304868,-0.539423153069328,0.752690427007337,-0.716660042049491,0.473583886850355,0.973192685358628,"dysf"
50.9207680041568,-0.26528275086258,0.3688765307145,-0.719164080047969,0.472039828434048,0.973192685358628,"lncRNA:CR46350"
87.3870512728955,0.265946258584987,0.370850979118453,0.717124326372727,0.4732973868403,0.973192685358628,"stil"
88.9147817903467,-0.224840039893009,0.312747311999211,-0.718919176173692,0.472190720381116,0.973192685358628,"up"
481.990225570599,-0.142311002770876,0.197971477285712,-0.718845990958045,0.472235816942138,0.973192685358628,"wol"
382.786942959366,-0.142288785035365,0.198774082688998,-0.71583167740228,0.474095289896984,0.973354873312916,"Cul3"
178.559939439432,-0.161548558237057,0.225665695628173,-0.715875568891242,0.47406818523152,0.973354873312916,"mio"
22.5842611523169,-0.328023096950829,0.458611071117408,-0.71525333252771,0.474452519407526,0.97339940509281,"ZnT77C"
41.8795217171295,0.255083219855925,0.356557964583125,0.715404633168577,0.474359050417243,0.97339940509281,"bma"
16.8610843945879,1.39317200977683,1.94741573208015,0.715395273246922,0.47436483240208,0.97339940509281,"lncRNA:CR44582"
72.802825657685,0.215336302461196,0.301295554992938,0.714701225732464,0.47479368019495,0.973784298531324,"CG17321"
7.58535451159107,1.38925154042726,1.94413046999685,0.714587607090746,0.474863904741691,0.973784298531324,"lncRNA:CR45866"
38.9455278915565,0.253352847793858,0.354737305622633,0.714198489355876,0.475104450873824,0.974048065007041,"CG14545"
245.119031432847,0.156005908745907,0.218532803637611,0.713878677018251,0.475302203616304,0.974223993893711,"CG2790"
7.41048168888867,1.3891796340593,1.9482323742946,0.713046170666515,0.475817187275064,0.974614781916741,"CG14280"
239.08189626699,-0.151751037599402,0.212967139455424,-0.712556115405608,0.476120475645275,0.974614781916741,"FucT6"
20.7212854675313,0.355571044327736,0.498876058357712,0.712744254551456,0.476004026421555,0.974614781916741,"Odc2"
7.73608437203247,1.3891536665923,1.94973164156909,0.712484547603871,0.476164776825231,0.974614781916741,"SelT"
76.9639513341304,0.189815508997444,0.266256339270259,0.712905125630738,0.475904467223574,0.974614781916741,"Tmtc1"
786.104111622824,0.125479325561933,0.176066324976973,0.712682141677826,0.476042469623128,0.974614781916741,"dj-1beta"
371.053210044393,0.24399508529803,0.343111631725757,0.711124493421578,0.477007093118973,0.97473863173391,"CG5731"
7.75870650594227,1.38904120454242,1.95629815589721,0.710035533364475,0.477682101487712,0.97473863173391,"CG9133"
26112.0732709651,0.469886758743323,0.661740938572541,0.710076604534892,0.477656633424034,0.97473863173391,"Cpr30F"
9.35120499871046,-0.466286897003251,0.656162716459953,-0.71062693034268,0.477315450316643,0.97473863173391,"IFT46"
11.7885903665195,0.697676174103731,0.98139126796783,0.710905218821043,0.477142971796642,0.97473863173391,"Ir87a"
184.918361918087,0.151182880897474,0.212830033283447,0.710345615067067,0.477489839465822,0.97473863173391,"Krn"
25.9091475175098,1.39337443568167,1.95697459805337,0.712004354613327,0.476462079477242,0.97473863173391,"Sfp65A"
398.937626876796,0.243598079670585,0.342684269858227,0.710852820210758,0.47717544496719,0.97473863173391,"Sin1"
727.947966509926,-0.184589667352609,0.259705567255979,-0.710765153411854,0.477229777718025,0.97473863173391,"bol"
7.10888139134521,1.38908846395637,1.95344699658448,0.711096060648243,0.47702471096214,0.97473863173391,"lncRNA:CR44343"
7.4514861076246,1.3933845553424,1.95717367676517,0.71193710189552,0.47650372587679,0.97473863173391,"lncRNA:CR46117"
41.5425823568465,-0.289717684885525,0.408135716858505,-0.70985623879119,0.477793290012278,0.97473863173391,"scb"
12.9900423003734,-0.476952894816241,0.671787356299705,-0.709975992170144,0.477719024055985,0.97473863173391,"snoRNA:Psi28S-2996"
1060.03811265287,0.534409617874135,0.752574582767216,0.710108512978356,0.477636847642281,0.97473863173391,"wam"
88.1408149716604,-0.201691338197943,0.285100521694479,-0.707439386638796,0.479293467753041,0.974751081876007,"CG10713"
114.177671202304,0.530495040780362,0.749143780746898,0.708135146301898,0.478861335570707,0.974751081876007,"CG11362"
43.5600190041241,0.983789914909263,1.38842039357036,0.708567750419903,0.478592755042198,0.974751081876007,"CG13634"
270.825439617423,-0.46437113793984,0.655941947226747,-0.707945481918259,0.478979113890496,0.974751081876007,"CG30056"
1591.88184997514,0.114387205041181,0.161716951141953,0.707329715490205,0.479361603263663,0.974751081876007,"CG32486"
226.140358168628,0.22617194274049,0.319258391015384,0.708429125452778,0.478678810834809,0.974751081876007,"CG3270"
9.01302134406459,0.663268057181055,0.938424957947242,0.706788594617007,0.479697863373292,0.974751081876007,"CG34141"
122.680839576717,-0.204202661799679,0.288584303429027,-0.707601416200723,0.479192813149695,0.974751081876007,"CG6154"
119.547332581843,-0.158205029123013,0.22318812673517,-0.708841601196537,0.478422778433064,0.974751081876007,"CG6984"
112.812063567982,-0.175066031165983,0.246689949055421,-0.709660169927124,0.47791489721942,0.974751081876007,"CG7988"
61.2035784257213,0.22441369336609,0.317508387959118,0.706796109572343,0.479693192593613,0.974751081876007,"CG8312"
196.978748739319,0.138107236723976,0.194928802548917,0.708500924019774,0.478634238569159,0.974751081876007,"D19A"
13.0282272697789,0.432756477711976,0.60999615058002,0.709441325655065,0.478050650334387,0.974751081876007,"Jhbp15"
161.098603261069,-0.191540389143332,0.270855567113714,-0.707167998001376,0.479462083302666,0.974751081876007,"Pp1alpha-96A"
19.9230632938574,0.398549240720173,0.562641775114114,0.708353446807857,0.478725794291728,0.974751081876007,"Targ3"
327.0582566754,-0.153997129698954,0.217461743684187,-0.708157338803459,0.478847555442613,0.974751081876007,"hth"
19.8418279210622,1.38889660412746,1.96510553528166,0.706779650859,0.479703422230833,0.974751081876007,"lncRNA:CR40465"
44.2656506658358,-0.237178668847105,0.335809570408187,-0.706289188121729,0.48000831572209,0.975034529599393,"CG31251"
1315.57186826433,-0.0904262337437789,0.12807982370016,-0.706014664382036,0.480179018024015,0.975034529599393,"Dlc90F"
19.6804449879684,-0.376742006524575,0.533508798530525,-0.706158937888668,0.480089302823763,0.975034529599393,"Nep2"
820.439712151085,-0.1867092999764,0.264707773565474,-0.705341204988143,0.480597923653658,0.975202548276472,"Hexo2"
15.0512689439744,-0.433776095438686,0.614965141037047,-0.705366965527813,0.48058189640515,0.975202548276472,"Phm"
8.17734739971123,1.3937904932451,1.97539594886486,0.705575251405178,0.480452319385526,0.975202548276472,"Rab9Db"
14.456045190782,0.436089359404555,0.618592501126861,0.704970329595253,0.480828700787067,0.975443399289008,"Sp1"
113.934252368709,0.216572842042925,0.307422442741922,0.70447960829176,0.481134144757217,0.975574052646698,"CG15247"
39.0581586865761,0.31705512025859,0.449972258932664,0.704610370894078,0.481052742719265,0.975574052646698,"CG42741"
303.667915972524,-0.111827255933732,0.158812465711027,-0.704146588449876,0.481341489378941,0.975574052646698,"Sgsh"
10.1875631340402,1.38877891883632,1.97204613579548,0.704232468819051,0.481288013939489,0.975574052646698,"lncRNA:CR43420"
9.49377206327104,-0.477912202216064,0.679630222531516,-0.703194452471399,0.481934575955985,0.975867057828045,"GstT3"
5.9326060662094,1.38874350980311,1.97402580456193,0.703508285754803,0.481739044948795,0.975867057828045,"PIG-Wb"
302.040350660087,-0.134406443313425,0.191029649144256,-0.703589437113648,0.481688491347474,0.975867057828045,"Rbp9"
58.084660199094,0.224875529600242,0.319735910718185,0.703316462311447,0.48185855369345,0.975867057828045,"Shmt"
5.11155549836314,1.38870661556031,1.97610462243302,0.702749540583791,0.482211848264469,0.975974352429227,"CG9525"
35.329906152785,0.239238647187588,0.340419710292389,0.70277554428944,0.482195640180882,0.975974352429227,"ppk26"
9.41973247831696,-0.552549210733606,0.787451598109754,-0.70169291936162,0.482870689682834,0.977080588772309,"mol"
53.4143115498217,0.236523050774149,0.337442273085056,0.700928928114858,0.483347370185674,0.97781779700742,"CG30338"
164.604823179585,-0.246205644529638,0.351588086082446,-0.700267313585547,0.483760380628914,0.978198557763344,"TpnC41C"
1686.50989945412,0.501452462500167,0.716070815809335,0.700283339900402,0.483750373998343,0.978198557763344,"e"
16.4171750346428,-0.365564833946435,0.522338351124733,-0.69986213564307,0.484013405975868,0.978482850687102,"CG9815"
391.990023896347,0.11428686440621,0.163477677598096,0.699097675507604,0.484490991114674,0.978627215460381,"CG10710"
71.1168385631226,-0.243565351287873,0.348914624686255,-0.698065756076827,0.48513607237242,0.978627215460381,"CG32708"
37.6261093195974,0.376266797704755,0.538831119695206,0.698301905646417,0.484988407742405,0.978627215460381,"Myo81F"
19.096103532315,-0.351121353990656,0.502978720895192,-0.698083913700638,0.485124717522856,0.978627215460381,"Pur-alpha"
81.609471249487,-0.312744136997465,0.447343031779471,-0.699114806267152,0.484480286129567,0.978627215460381,"Skel"
18.1075971865175,0.462726133742669,0.662980167253319,0.697948681722579,0.485209288143346,0.978627215460381,"Tlk"
267.387232387235,0.141345329745361,0.202158821786941,0.699179627660906,0.484439780501415,0.978627215460381,"Tmf"
248.146599812745,-0.14959783804902,0.214086521175694,-0.698772800956723,0.484694028986429,0.978627215460381,"Ubqn"
13.8829274935203,0.729507712565185,1.04484518571344,0.698196941077985,0.485054039216454,0.978627215460381,"lncRNA:CR45193"
146.038280919843,0.308532144731543,0.441458170177929,0.698893271376515,0.484618732830403,0.978627215460381,"tn"
12.9019345408037,0.540798155524678,0.776443953289507,0.696506364990693,0.486111772570213,0.978850368065716,"CG34409"
6.18726230292795,0.614249033459727,0.88126417388357,0.697008969232057,0.485797180720798,0.978850368065716,"CG6785"
38.3038837027931,-0.307939976302311,0.441663190024093,-0.697228076185186,0.485660070996846,0.978850368065716,"CG7218"
20.9616600097806,0.362380436942025,0.520292965390859,0.696493054965282,0.486120105126331,0.978850368065716,"Dgat2"
35.4908852244393,0.492261649137582,0.706082120687347,0.697173366546064,0.485694304477655,0.978850368065716,"Lcp65Ag1"
36.756772170836,-0.279976921703287,0.402086773524291,-0.69630970262784,0.486234898165703,0.978850368065716,"Ndc80"
472.605680241722,-0.0997201567828438,0.143102515724919,-0.696844190877345,0.48590030724079,0.978850368065716,"flfl"
323.287506345802,-0.161367819799723,0.231750997397199,-0.696298275356087,0.486242053025247,0.978850368065716,"sds22"
274.248646125349,0.158208629440175,0.227260855753231,0.696154332939607,0.486332183329444,0.978850368065716,"twf"
625.544386748135,-0.0930632714105417,0.133755575614709,-0.69577115557871,0.486572155878718,0.978880599309405,"RPA1"
33.8319742536131,0.241703449609447,0.347305488535201,0.695939043833882,0.486467004596405,0.978880599309405,"be"
22.2654075194209,0.320130941741871,0.460571348524543,0.695073505478406,0.487009237614538,0.979080941316546,"CG1161"
7.46124961957032,-0.664343814483282,0.955550140108121,-0.69524746698076,0.486900229903871,0.979080941316546,"CG33632"
240.665173035329,-0.632913783756204,0.910250923954615,-0.695317925090908,0.486856083212463,0.979080941316546,"Dnah3"
298.12748900959,-0.121499896160651,0.174962947973972,-0.694432150164306,0.487411237381178,0.979190155941059,"DCTN4-p62"
879.529887135808,0.109306643102,0.157441371603072,0.694268869668987,0.487513609754408,0.979190155941059,"SrpRalpha"
14.1441706750748,-0.470641265826316,0.677386963836944,-0.694789375869367,0.487187307180849,0.979190155941059,"Taf7"
167.327438895451,0.363332142780815,0.523293382614896,0.694318244509887,0.487482651864947,0.979190155941059,"spz5"
66.3537190229325,-0.211202109388514,0.305059016376622,-0.69233196873541,0.488728878290101,0.979191748681607,"Alg14"
403.249119474252,-0.126372467991705,0.182745816326812,-0.69152044370585,0.489238537825774,0.979191748681607,"BckdhA"
13.262467712478,0.385667823898812,0.555879147016626,0.693797970239882,0.487808915720919,0.979191748681607,"CG17572"
235.482805849652,0.280865680649898,0.405739240821449,0.692231986438544,0.488791654402034,0.979191748681607,"CG18641"
91.231216061209,0.160054854074323,0.231297740958719,0.691986239947278,0.488945970273478,0.979191748681607,"CG9067"
145.351639889725,-0.131270543603422,0.189781022279774,-0.691694786056655,0.489129022007305,0.979191748681607,"Eno"
1111.24129158257,-0.105194084269336,0.152186045062478,-0.691220303584014,0.489427106373089,0.979191748681607,"Nfs1"
711.573166255962,0.139796049618956,0.201920251353812,0.692332981370946,0.488728242506553,0.979191748681607,"Oat"
991.872059817899,0.121638276436316,0.175350128459108,0.693687980186919,0.487877905538565,0.979191748681607,"Osbp"
112.63673993375,-0.152284632323823,0.220278294343067,-0.691328361598129,0.489359212432098,0.979191748681607,"Rtc1"
25.3690209428475,1.38823122935765,2.00671397546043,0.691793273149019,0.489067161668543,0.979191748681607,"Spn28F"
743.08756541987,-0.100816132461355,0.145621022518045,-0.692318531473449,0.488737314921559,0.979191748681607,"beta'COP"
211.813354620732,0.134365832485418,0.194359040052068,0.691327928196298,0.489359484732713,0.979191748681607,"dor"
5.70223513788858,-0.85370074684906,1.23132532350431,-0.693318597898609,0.488109634254101,0.979191748681607,"lncRNA:CR44768"
5.48814300479126,1.39469249353428,2.01692750453559,0.691493616105658,0.489255391166109,0.979191748681607,"lncRNA:CR45353"
5.57053876614919,1.38827354517965,2.00373385768787,0.692843283479567,0.488407905879855,0.979191748681607,"lncRNA:CR46088"
184.613235543656,0.200576401549322,0.289332643618316,0.693238063430964,0.48816016472243,0.979191748681607,"tmod"
27.7789965740356,0.342974877566494,0.496401554179069,0.69092224768251,0.48961440418915,0.979341337544971,"dpr16"
7.45824809944501,0.620976894335774,0.901220724058268,0.689039741051966,0.490798258980602,0.979500984144216,"ArfGAP3"
12.8832947399044,0.719233949456819,1.04313224619573,0.68949450281097,0.490512131417737,0.979500984144216,"CG43673"
8.16922291223944,-0.703721216413701,1.02011364698715,-0.689845899515313,0.490291100642005,0.979500984144216,"CG8757"
765.944048430471,-0.19400444957215,0.281463747059155,-0.689269760667884,0.490653523746329,0.979500984144216,"Chd64"
40.5600967226092,0.29748250651691,0.430942928352333,0.690306040417706,0.490001750079311,0.979500984144216,"Fcp3C"
2110.57579296886,-0.101740060627808,0.147661248283739,-0.689009891290568,0.49081704302665,0.979500984144216,"Prosbeta1"
101.047617827461,0.176510505740857,0.255596769665542,0.690581911390457,0.489828318100397,0.979500984144216,"Rtf1"
36.9452181343868,0.283390182035472,0.410692532034051,0.690030034468647,0.490175299968842,0.979500984144216,"Sox15"
177.390682573902,0.164445935528255,0.238671378769614,0.689005679591738,0.490819693422145,0.979500984144216,"TTLL15"
138.598801239417,0.166018078392728,0.240549121286269,0.690162896896036,0.490091753224028,0.979500984144216,"fid"
56.1863941172276,0.969387655763894,1.40789048754676,0.688539104666473,0.491113353692859,0.97963775319481,"CG43333"
37.2895803785,0.271659172261876,0.394544093280059,0.688539448160093,0.491113137464727,0.97963775319481,"lncRNA:CR43241"
36.2740975071453,-0.251792169284747,0.367734348162241,-0.684712131306425,0.493525592303753,0.980451103875987,"CG10019"
9.09231317914243,0.470041836804394,0.68645950868467,0.684733521580966,0.493512091863033,0.980451103875987,"CG10165"
93.1257044013885,0.22523651978066,0.329242012892864,0.68410625303142,0.493908073605452,0.980451103875987,"CG10339"
4.8199618972272,0.86493351524817,1.25774790460833,0.68768432217545,0.491651594903372,0.980451103875987,"CG13228"
126.510657821455,-0.159177965294967,0.232972473758925,-0.68324795082736,0.494450177514846,0.980451103875987,"CG17249"
103.550213853827,0.199788876650409,0.292353108076792,0.68338208533063,0.49436543715495,0.980451103875987,"CG17855"
52.3946976576852,0.213962881968939,0.311975910560379,0.685831420716468,0.492819420028414,0.980451103875987,"CG18268"
41.7471771992951,0.323468821019116,0.472313655398091,0.684860192632964,0.493432147665236,0.980451103875987,"CHES-1-like"
339.549986494505,0.118162654624477,0.172315343099045,0.685734958358049,0.49288025788398,0.980451103875987,"GCC185"
290.342951449325,0.154496229987663,0.224757941943642,0.687389413925151,0.491837366782557,0.980451103875987,"GNBP1"
234.606794416014,0.155801888973387,0.227681201341612,0.684298431558354,0.493786737188666,0.980451103875987,"Grip163"
308.790641665349,0.136445271095635,0.199672944200336,0.683343813264637,0.494389614993948,0.980451103875987,"IKKbeta"
19.8037635646179,-0.402747068447855,0.587840061447208,-0.685130352389269,0.493261668539745,0.980451103875987,"Ir76b"
9.09642011252853,-0.477144211754982,0.695895822065977,-0.685654657817077,0.492930905710606,0.980451103875987,"Nmda1"
125.924589173258,0.16263983500484,0.237598086366021,0.684516603194745,0.493649008751843,0.980451103875987,"Nsun5"
596.382816430944,-0.090192946073478,0.131831966816182,-0.684150803873217,0.493879943966854,0.980451103875987,"Pex13"
9.5600229044496,0.466273603582392,0.679554107806966,0.686146398389283,0.492620794753386,0.980451103875987,"VGlut"
5.05213936882077,0.935762361690675,1.36598624337151,0.685045231042035,0.493315379326872,0.980451103875987,"asRNA:CR46145"
738.947493236667,-0.100086536230195,0.146430945203608,-0.683506727973568,0.494286700302953,0.980451103875987,"bc10"
10.81598972872,0.549632353712586,0.800948710333089,0.68622665424358,0.492570192182509,0.980451103875987,"bowl"
31.4811208726831,-0.30189095898196,0.440759477372907,-0.684933562362275,0.493385845986225,0.980451103875987,"cib"
21.0840918873652,-0.329057650055952,0.480127449955921,-0.68535479503653,0.493120062312274,0.980451103875987,"dtn"
19.4374364600199,-0.454867261405689,0.665247352922393,-0.683756589796987,0.494128882600938,0.980451103875987,"lbm"
9.50355360898002,-0.563679123688124,0.821706842374903,-0.685985675936414,0.492722141150696,0.980451103875987,"lncRNA:CR44936"
633.169516457228,-0.139224513147901,0.203100184959769,-0.685496732440098,0.493030521855999,0.980451103875987,"mRpL46"
35.4878876214768,0.276310832196334,0.402747009646421,0.686065509062159,0.492671799558486,0.980451103875987,"mute"
233.557698542564,-0.14140609517767,0.207338136432374,-0.68200716766735,0.49523441858511,0.980888744867139,"CSN8"
9.88731315765351,-0.482127599245657,0.706405630152708,-0.682508149236343,0.494917691587205,0.980888744867139,"CtsL4"
458.069544275275,-0.107921603031627,0.158212893023213,-0.682129003328398,0.495157382549565,0.980888744867139,"Yip1d1"
8.42454263131024,0.46342035380888,0.679315692756142,0.682187028432504,0.495120695837726,0.980888744867139,"ssh"
63.7428553330398,0.182549591918206,0.267619195375087,0.682124433048796,0.495160272197297,0.980888744867139,"stac"
8.58464042021205,-0.510629068778893,0.749892420649331,-0.680936431304026,0.495911714717457,0.980927342446115,"CG10195"
8.73139226737756,1.38779088930809,2.03667438299178,0.681400473682735,0.49561812323263,0.980927342446115,"CG11598"
5.60439288513695,0.859033403894718,1.26136720790994,0.68103356303207,0.495850253495279,0.980927342446115,"CG7548"
206.418552992729,0.250627230020275,0.368174667857726,0.680729153579695,0.496042885683713,0.980927342446115,"CG9427"
121.080839459783,0.14467190716226,0.212507287557288,0.680785627755281,0.496007145458927,0.980927342446115,"Hira"
8.40645990426224,0.494477050227009,0.725881200360925,0.681209335606355,0.495739041705412,0.980927342446115,"Syt14"
54.63819309083,-0.205342713231141,0.301514890353116,-0.68103672422498,0.495848253282281,0.980927342446115,"mtDNA-helicase"
6.94594207125,0.682690749276342,1.00351854905456,0.680297090591422,0.496316366361745,0.98102233396463,"Osi1"
767.108812265446,-0.136411983394684,0.200470009385185,-0.680460802157099,0.496212733236034,0.98102233396463,"Scsalpha1"
236.725154926306,0.132449448842641,0.194981255381188,0.679293240694868,0.496952078389851,0.981174304160655,"Alg7"
145.580397852624,0.425262174811663,0.626495990804391,0.678794726628093,0.497267935548914,0.981174304160655,"CG33252"
735.355680477375,0.535628164937679,0.788927657094975,0.678931914885572,0.497181002778372,0.981174304160655,"CG34107"
11.7279191637385,1.38770293929774,2.04289411879044,0.679282850018374,0.496958660803119,0.981174304160655,"CG43123"
46.7569355042662,-0.227766354044036,0.335038296823793,-0.679821847840353,0.496617271159994,0.981174304160655,"CG43658"
1498.73401395203,0.142976388168425,0.210697426842739,0.67858630411818,0.497400023177548,0.981174304160655,"CG5886"
219.237751911183,-0.219494150411508,0.32316298942858,-0.679205718450679,0.497007524507711,0.981174304160655,"CG9498"
8.90749872525861,-1.91072448039909,2.81086955540735,-0.679762771887927,0.496654682497497,0.981174304160655,"Mst57Db"
612.569208604995,0.194878675252136,0.287255186779014,0.678416558591356,0.497507613097766,0.981174304160655,"pip"
328.34406740346,0.112610694091978,0.165995517548843,0.678395993788467,0.497520648541994,0.981174304160655,"trus"
17.9175687692627,0.491629646681773,0.725228964556264,0.677895769072846,0.497837782781329,0.981577304835955,"Cad88C"
178.985709708454,0.155230289333473,0.229165568524376,0.67737178116686,0.498170097835886,0.982010047897105,"Dyrk3"
17.0216657296569,-0.485670134763591,0.717245602188101,-0.677132258855206,0.498322043057015,0.982087124258424,"lncRNA:CR34046"
111.848947002583,-0.183663938232175,0.271446251712058,-0.676612541428643,0.498651819761264,0.982514554535269,"wcd"
1726.91159696414,0.535838674451057,0.792852437284428,0.675836573431418,0.499144411190424,0.983262519373079,"CG14540"
316.150158197333,-0.694153083402171,1.02856974206466,-0.674872159868117,0.499756989677386,0.983889189076979,"CG33140"
79.2163621641315,-0.180078091359021,0.266896432765128,-0.674711495741465,0.499859079460975,0.983889189076979,"PolZ1"
20.3831874022413,-0.327555188178302,0.485461198851256,-0.674729904168231,0.499847381750087,0.983889189076979,"lncRNA:CR44423"
30.5067810241909,0.295975582834416,0.438842507677165,0.674446020284231,0.500027793092896,0.983889189076979,"sima"
9.06011812078126,0.480877746584237,0.712961180764963,0.67447956432675,0.50000647368353,0.983889189076979,"spartin"
191.02168989215,0.240763146408278,0.357073716024776,0.674267344817875,0.500141361039031,0.983890204593735,"sprt"
54.4214689573251,0.249439589415122,0.37008633779525,0.674003776797414,0.500308912535469,0.983997393400269,"Inx2"
82.4826776455887,0.200119386948798,0.298078610156008,0.671364466051623,0.501988375917223,0.984047470187226,"Ada"
95.2832428665923,-0.174470926143901,0.259406485094598,-0.672577349329861,0.501216215871253,0.984047470187226,"Blos2"
644.244964202666,0.534508060760187,0.796704759191923,0.6708985412643,0.502285165708664,0.984047470187226,"CG10845"
27.2412127970744,-0.314667057620062,0.468791097612623,-0.671230872818495,0.502073464084078,0.984047470187226,"CG12104"
79.9771855308522,-0.417471853954844,0.619955767011974,-0.673389741927799,0.500699372989642,0.984047470187226,"CG34462"
17.296438967247,0.377365581493449,0.560352819167774,0.673442817783812,0.500665616049158,0.984047470187226,"CG3638"
40.5894833589443,-0.252522181073942,0.375928067099076,-0.671730054695251,0.501755564313298,0.984047470187226,"CG42675"
69.7855941131647,-0.208583677720342,0.311431102800626,-0.669758658799968,0.503011651435354,0.984047470187226,"CG43402"
8.09050466991585,-0.69817014264133,1.03833365974363,-0.672394789564763,0.501332398982204,0.984047470187226,"CG9289"
213.835737679491,-0.30189969689168,0.449174172701195,-0.672121674040493,0.501506239436985,0.984047470187226,"Drep4"
66.145220272574,0.246753995053498,0.366721381260919,0.67286503504396,0.501033158362668,0.984047470187226,"FER"
59.5382498281222,-0.279717402336268,0.4177317014893,-0.669610186009387,0.503106319029531,0.984047470187226,"Mical"
269.31199399091,0.202608608478752,0.302615791381792,0.66952424245149,0.503161121720459,0.984047470187226,"Oatp33Eb"
181.201770011577,0.140824468027513,0.210295892171497,0.669649162298758,0.503081466483744,0.984047470187226,"Pi3K59F"
2135.40774670529,0.13134106747783,0.196067023768025,0.669878416848033,0.502935299479257,0.984047470187226,"Pu"
40.6418730436448,-0.286429764339048,0.426878349651701,-0.670986862118335,0.502228899010968,0.984047470187226,"Rrp46"
32.1563435186127,-0.344164736037557,0.511116651972443,-0.673358488144334,0.500719251370212,0.984047470187226,"Sbds"
31.5868049897156,0.325417500876588,0.485342826701186,0.67048997733913,0.502545493517066,0.984047470187226,"TH1"
51.2909452606533,0.196217613221434,0.292060168608058,0.671839690282301,0.501685758086788,0.984047470187226,"Tgi"
307.390607239247,0.169980177103035,0.252980951290745,0.671908996451203,0.501641632712389,0.984047470187226,"Tsf3"
954.08326676317,-0.155828205790082,0.232598617469005,-0.669944677598298,0.502893057452231,0.984047470187226,"emei"
169.011881793659,-0.142900881205798,0.21274115403276,-0.671712447248417,0.501766775654306,0.984047470187226,"heix"
117.101646102567,-0.144748408858033,0.215280430601897,-0.672371420167334,0.501347272562309,0.984047470187226,"l(1)G0004"
422.611986348232,-0.101172789765616,0.15098376495053,-0.670090521313764,0.502800086931507,0.984047470187226,"pelo"
56.8358880728791,0.232021132292901,0.345990835829588,0.670599068719781,0.502475975945145,0.984047470187226,"wupA"
35.0784230692159,-0.312889523122998,0.467538282931738,-0.66922760027478,0.503350302526506,0.984196289123384,"Dtwd2"
73.2158938712661,0.526975433673838,0.789198177081344,0.667735239357404,0.504302611510301,0.984903413830469,"CG32985"
49.0353842246381,-0.239205757918965,0.358393833066833,-0.667438264414439,0.504492231189523,0.984903413830469,"Esyt2"
84.3900904663372,-0.180970162445874,0.271221006683905,-0.667242425867055,0.504617295446405,0.984903413830469,"Gnmt"
127.05451953438,-0.148634095371227,0.222680629262173,-0.667476537423615,0.504467791611146,0.984903413830469,"MED11"
143.551697147403,-0.171613518114584,0.257195675022993,-0.667248848952232,0.50461319334723,0.984903413830469,"NC2beta"
74.1397844231021,-0.278651771645397,0.417221943333717,-0.667874200045409,0.504213897471636,0.984903413830469,"Ugt304A1"
6.50469662211706,1.39625510671448,2.09079011777407,0.667812180115419,0.504253490663024,0.984903413830469,"lncRNA:CR46046"
424.316294920451,-0.1381133459385,0.206636591617527,-0.668387650306099,0.50388617657015,0.984903413830469,"psh"
12.0653743194467,0.713197050710329,1.070908836941,0.665973634831085,0.505427952635212,0.985182399799283,"CG10725"
28.1160343632738,-0.411566387856207,0.618008686044123,-0.66595566882829,0.505439436413168,0.985182399799283,"CG7406"
22.7664983228535,0.317865148259423,0.477126494935125,0.666207288074922,0.50527861517973,0.985182399799283,"Nna1"
175.764838284033,-0.165743148809108,0.2486116426295,-0.666674927433353,0.504979797337495,0.985182399799283,"Tis11"
2606.32546460316,-0.143972607770208,0.215976183999735,-0.666613351083123,0.505019138812854,0.985182399799283,"alrm"
287.36530516522,0.189844607824184,0.285064082364579,0.665971686960495,0.505429197697583,0.985182399799283,"asRNA:CR44029"
372.468897441732,0.144482877706995,0.217099164000891,0.665515587643634,0.505720776975189,0.98527998757637,"CG14971"
536.676844381105,-0.12333751759944,0.185352159834876,-0.665422608019872,0.50578022868938,0.98527998757637,"CG17111"
1047.61544454873,0.212359451165668,0.319171397282978,0.665346121154426,0.505829137595222,0.98527998757637,"Idgf5"
150.081158147254,-0.164133952254565,0.246808130326771,-0.665026520954775,0.506033530278728,0.985457555161282,"TfIIFbeta"
182.891955809441,0.160378311457677,0.241510892739945,0.664062434775435,0.506650351750046,0.986283415248607,"CG13698"
37.7037911920866,0.295375881342814,0.444836865144512,0.664009448153216,0.506684263998222,0.986283415248607,"CG16965"
425.152040236563,0.170645011126533,0.258007383755904,0.661395843182449,0.508358491008959,0.986453499944475,"Afg3l2"
387.292528412296,0.122796499558814,0.185355274763077,0.662492608941257,0.507655570052111,0.986453499944475,"CG12093"
70.395752596516,0.182831777084472,0.276143319898632,0.662090168074995,0.507913436516713,0.986453499944475,"CG12253"
454.697493624302,0.217625851900604,0.329013652020545,0.661449306325487,0.508324214466139,0.986453499944475,"CG13748"
413.667770352757,0.118190009018737,0.178223036699191,0.66315786784747,0.507229452059351,0.986453499944475,"Golgin84"
1221.00502461717,0.0996353635660298,0.15052195685743,0.661932422659116,0.508014531611939,0.986453499944475,"Grx3"
152.816568720306,-0.174310263877108,0.263210157528235,-0.662247481305541,0.507812628912906,0.986453499944475,"MED8"
305.219290682753,-0.133258637409526,0.201295894793317,-0.662003750977388,0.507968817767558,0.986453499944475,"Sf3a2"
354.920904379612,0.111709469437061,0.168445625192023,0.66317821736074,0.507216420556599,0.986453499944475,"Tbcd"
714.62215183046,0.137776676231091,0.20804915186375,0.662231376561051,0.507822948482303,0.986453499944475,"betaCOP"
85.2699425348484,0.19326453111639,0.292075762841123,0.661693148505164,0.508167896588229,0.986453499944475,"klar"
321.013355177145,-0.159715166577072,0.240943953762314,-0.66287268920069,0.5074120944023,0.986453499944475,"loaf"
1203.0228282849,0.129759754858018,0.196103267681742,0.661690936576366,0.508169314457685,0.986453499944475,"mav"
193.870402673694,0.151439930932757,0.228425134728711,0.662974024783284,0.507347190187303,0.986453499944475,"orb2"
65.9833052028418,0.199012324549125,0.301207692559443,0.660714614749919,0.50879534949645,0.986861138102876,"flip"
23.583094571857,0.325735275219466,0.492950920701432,0.660786422218199,0.508749291494734,0.986861138102876,"lncRNA:CR44230"
123.650982961525,-0.665262026870915,1.01207499205197,-0.657324834716157,0.510972071136818,0.987114362352156,"Blimp-1"
338.723933449373,0.512271265842915,0.779699302234256,0.657011317536112,0.511173639352658,0.987114362352156,"CG10345"
14.688654787634,0.349367768888964,0.532185517464193,0.656477407640975,0.511516999246658,0.987114362352156,"CG12128"
397.050422017556,0.24990849209193,0.380174742041907,0.65735164506111,0.510954836007809,0.987114362352156,"CG13066"
6.08217119206527,0.841756211676308,1.28331804425276,0.655921745545498,0.511874475903846,0.987114362352156,"CG13744"
46.0746160084776,1.39684126925672,2.118580370468,0.659328901904325,0.509684586875249,0.987114362352156,"CG18231"
103.240610059632,0.188921648644412,0.288342644716209,0.655198431818336,0.512340003869814,0.987114362352156,"CG32333"
20.5245946349806,0.576154423679405,0.879571349598864,0.65504000777443,0.512441995760892,0.987114362352156,"CG34225"
153.626158845147,-0.134933944480287,0.205959318099958,-0.655148529938323,0.512372129083019,0.987114362352156,"CG3434"
77.8742877080602,-0.31474700017729,0.479622737712958,-0.656238696434902,0.511670554456911,0.987114362352156,"CG43120"
34.9110787058034,0.262568569780821,0.398041717512994,0.659650881373381,0.509477894212461,0.987114362352156,"CG4328"
282.623955477687,-0.131953335181583,0.201291449970922,-0.655533730819886,0.512124176479328,0.987114362352156,"CG6607"
38.7410637728199,-0.294252976029993,0.447061952214552,-0.658192840102789,0.510414224987728,0.987114362352156,"CG9641"
119.383980384793,0.136244485236373,0.207580703587052,0.656344654787417,0.511602391900935,0.987114362352156,"CG9890"
15.6583562011598,-0.469897772856027,0.71385753123314,-0.65825147497472,0.510376553253927,0.987114362352156,"Ccp84Aa"
4003.87481310282,0.223878526452086,0.340212946855935,0.658054105586078,0.510503364932618,0.987114362352156,"Ccp84Ag"
42.639603100321,-0.418558090539061,0.638620584316027,-0.655409645129656,0.512204043216256,0.987114362352156,"Desi"
19.0060966772784,-0.487236081041102,0.741018089404188,-0.657522519366379,0.510844995968708,0.987114362352156,"Ir54a"
31.4766484060666,0.372709325019403,0.567506886750324,0.656748550054825,0.511342611275073,0.987114362352156,"Kdm4B"
100.979738320262,-0.178688859550516,0.272398722799381,-0.655982736314508,0.51183523206338,0.987114362352156,"MED28"
187.871396692771,0.14161976073847,0.2157982414633,0.656260031491287,0.511656829325074,0.987114362352156,"Papst2"
108.120668407898,-0.18120139024112,0.275575948430977,-0.657537028441018,0.510835669931049,0.987114362352156,"Polr2M"
131.130404745166,0.14237668066066,0.216712034004216,0.656985576804149,0.511190190572508,0.987114362352156,"Ptip"
4788.23807470067,0.710413586945719,1.07883859101191,0.658498493532177,0.510217864731705,0.987114362352156,"S-Lap8"
47.1817435594444,0.279772495578651,0.425378429018829,0.657702592545584,0.510729256138501,0.987114362352156,"Sld5"
26.1667511836752,0.298206090711853,0.452504718590679,0.659012112935777,0.509887990357544,0.987114362352156,"alphaTub67C"
409.462897556488,0.105202170625712,0.15944213828241,0.659814097822587,0.509373135220527,0.987114362352156,"cry"
7.68744539294396,-0.575554009838288,0.873768865449648,-0.658702813291594,0.51008662607786,0.987114362352156,"moon"
116.939411750501,0.18063255760342,0.27575478819022,0.655047764678584,0.5124370016934,0.987114362352156,"mus304"
1726.98278657538,0.0853454689989979,0.129319863204737,0.659956381672631,0.50928182083044,0.987114362352156,"p120ctn"
134.620833851308,0.139912514373915,0.212928420847351,0.657087080330242,0.511124925708818,0.987114362352156,"thoc5"
635.540281558442,-0.0925848583250066,0.14156396360305,-0.654014312460319,0.513102584679089,0.987961388369136,"Meltrin"
2319.76277100378,-0.0835513891120119,0.127753491974434,-0.654004738506344,0.513108752778179,0.987961388369136,"alphaSnap"
12.7543254516029,0.35152576124583,0.537653803280877,0.653814330152128,0.513231432958063,0.987979022568906,"CG17801"
534.153329644374,0.11844139846722,0.181530096027356,0.652461498446913,0.514103502586744,0.988139098280925,"CG1824"
1322.66605371201,0.236534519050353,0.363217241468815,0.651220515011431,0.514904149224865,0.988139098280925,"CG7131"
7.55048290711219,0.470042964312394,0.720112049575195,0.652735868799417,0.513926574215253,0.988139098280925,"CG9444"
185.438496409512,0.160778349645902,0.24678148914447,0.651500848800616,0.514723229346208,0.988139098280925,"Cul2"
12.8631579065662,-0.37682092052389,0.578507452134517,-0.651367444159162,0.514809320989599,0.988139098280925,"MFS10"
32.1383868247381,0.30101929507579,0.461168940739803,0.652731067692673,0.51392966994797,0.988139098280925,"PAN3"
12.2094926631809,-0.35610937655292,0.545965888563715,-0.652255725151154,0.51423621677082,0.988139098280925,"RpS14a"
120.375810498186,-0.135752952202047,0.207830825844095,-0.653189687577352,0.513633997648705,0.988139098280925,"Sas10"
105.238577212585,0.158470547061827,0.24314927379671,0.651741806945801,0.514567747852117,0.988139098280925,"Syx4"
199.088940109261,-0.144205516368782,0.220814875063124,-0.653060697688768,0.513717148496916,0.988139098280925,"Tsp96F"
569.036865815806,0.236177602541212,0.362431129747678,0.651648225431511,0.514628129687267,0.988139098280925,"alpha-Est8"
393.260821563197,-0.126318822785138,0.193686053522493,-0.652183368331516,0.514282887780131,0.988139098280925,"jef"
5.1780491459575,1.3973713405127,2.14568063655113,0.651248520729895,0.514886073603059,0.988139098280925,"lncRNA:CR44750"
326.642646032387,0.124051389116301,0.190029004853832,0.652802393043736,0.513883680670805,0.988139098280925,"mbt"
6.01202961008421,-0.536461759977816,0.824388581403574,-0.650738950149523,0.515215015322691,0.988517698049687,"CG17974"
71.7192702551853,0.170961962704711,0.262983599816117,0.650086023707378,0.515636656605764,0.98867279630755,"CG12863"
432.275829601,0.408414699230984,0.628051890529071,0.65028814559723,0.515506112916499,0.98867279630755,"CG5280"
5.76602331848115,1.58765225672159,2.44188405721439,0.650175118687957,0.515579111058213,0.98867279630755,"Obp19a"
31.396234897483,-0.274222105499519,0.426954757797447,-0.642274387371071,0.520695041277087,0.988811307179552,"Apt1"
1101.00344433897,-0.0959075840983385,0.149331325135106,-0.64224692315271,0.520712870579016,0.988811307179552,"Arp1"
41.3894958685998,-0.205806921643836,0.318025927336646,-0.647138814647583,0.517542106305642,0.988811307179552,"CG10638"
178.973582346515,-0.149237253327393,0.233317614367225,-0.639631318587478,0.522412316489898,0.988811307179552,"CG10877"
34.8761269576362,-0.26445343620222,0.412549590329123,-0.641022176246121,0.521508274973529,0.988811307179552,"CG11975"
428.633108425321,0.103966328003629,0.161629454980304,0.643238746404841,0.520069195305268,0.988811307179552,"CG12170"
192.439245423351,-0.144489196981869,0.225599182007827,-0.640468620922817,0.521867983122678,0.988811307179552,"CG12290"
13.3287503717658,-0.427595162892774,0.661116375311276,-0.646777449267458,0.517775989263872,0.988811307179552,"CG13126"
175.063620472102,-0.270030275524545,0.417603012053639,-0.646619559079859,0.517878196138844,0.988811307179552,"CG13285"
770.431718533175,0.122227945595113,0.188693622953081,0.647758751367585,0.517140998159104,0.988811307179552,"CG1418"
36.3949562343024,-0.248755744010822,0.387493018653343,-0.641961872952768,0.520897938874415,0.988811307179552,"CG14356"
92.127400900034,-0.157643082129851,0.246458301115677,-0.639633891072958,0.522410643660811,0.988811307179552,"CG14440"
2448.56974052665,0.236393937575355,0.367992353147667,0.642388178866574,0.52062117313092,0.988811307179552,"CG15021"
21.5183423692093,-0.54549290114889,0.852122473800438,-0.640157862186183,0.522069974491118,0.988811307179552,"CG15597"
225.952045546154,-0.118293949257985,0.184926959755772,-0.639679305895758,0.522381111882617,0.988811307179552,"CG17294"
62.8324197862318,0.222999684690699,0.343237132793528,0.649695686698451,0.515888810621225,0.988811307179552,"CG3045"
438.936186928557,0.143073215969484,0.221781747305779,0.645108164704934,0.518857093169235,0.988811307179552,"CG3097"
94.1775675915567,-0.853185092005289,1.31780370812786,-0.647429572965285,0.517353961364321,0.988811307179552,"CG31077"
293.689588524867,-0.110264918644434,0.171959484825875,-0.641226151358196,0.52137576120726,0.988811307179552,"CG32221"
108.501097270524,0.1814695735271,0.280365097427614,0.64726164273694,0.517462621942742,0.988811307179552,"CG3281"
364.360656393309,-0.166987806074779,0.257917093819788,-0.647447610399397,0.517342290802894,0.988811307179552,"CG33093"
69.8458459486782,-0.202882750064149,0.31504942013641,-0.643971190222488,0.519594116072888,0.988811307179552,"CG33199"
9.60510137891958,0.472639366299975,0.732112737499213,0.645582766275095,0.518549601218834,0.988811307179552,"CG33958"
26.8120688360934,0.355719177779202,0.555030739159523,0.640899958654297,0.521587682733623,0.988811307179552,"CG42750"
66.4802877638654,0.200771772062794,0.312250351055708,0.642983334955402,0.520234913465001,0.988811307179552,"CG42784"
294.144521580784,-0.115513350789595,0.179797419967753,-0.64246389525674,0.520572024563827,0.988811307179552,"CG6330"
251.369556705412,-0.135774794653414,0.212258856218957,-0.639666099554192,0.522389699447388,0.988811307179552,"CG7133"
265.682167526162,0.111947970283339,0.173195658323495,0.646367070439158,0.518041661008568,0.988811307179552,"CG8777"
38.1324013770949,-0.26966608882855,0.42125964147437,-0.64014223599665,0.522080132484567,0.988811307179552,"CG9117"
236.183964235032,0.120428169356617,0.187271078266164,0.643068702714764,0.520179521423888,0.988811307179552,"Cog7"
371.134048457238,0.176248956336013,0.273329974034279,0.644821179816557,0.519043074908287,0.988811307179552,"FASN3"
8.06601934668971,-0.571813064466505,0.888645142126674,-0.643466145663118,0.51992167515466,0.988811307179552,"Fife"
216.10338540976,0.152052527677592,0.234404000919434,0.64867718588922,0.516547053604079,0.988811307179552,"GluRIIA"
8.84926952729141,0.471360273586944,0.730040186112633,0.645663461482682,0.518497328571821,0.988811307179552,"Gr94a"
335.29510538841,-0.108291489688389,0.168605526057922,-0.642277226733289,0.520693198029521,0.988811307179552,"Lrpprc2"
1387.71268713456,0.151669411087546,0.235842739391727,0.643095528311467,0.520162115895551,0.988811307179552,"Mcr"
10.3789367546162,-0.595904403383846,0.921135397394967,-0.646923791083378,0.517681267302809,0.988811307179552,"OdsH"
10.5018908623065,-0.423990640976721,0.657523036246942,-0.644830093553536,0.519037297806338,0.988811307179552,"Pep"
256.922584732525,-0.189519850723149,0.296290313568669,-0.639642411661984,0.522405102934263,0.988811307179552,"REPTOR"
191.960521619016,0.120511450476638,0.186437631110992,0.646390161463134,0.518026710430598,0.988811307179552,"Sil1"
219.858006041558,-0.132573444976245,0.204394098174563,-0.64861679549583,0.516586096745711,0.988811307179552,"Snx16"
73.1538619269221,0.405026749900218,0.631148245301316,0.641729978520109,0.521048520874415,0.988811307179552,"Spn43Ad"
975.014752465937,-0.106044725514118,0.165315364157493,-0.641469267267204,0.52121784200483,0.988811307179552,"SsRbeta"
380.959465968635,-0.124123141574295,0.194016224130502,-0.6397565055735,0.522330913418526,0.988811307179552,"Tsr1"
342.372974270231,0.120454217748601,0.186507960211968,0.645839553505943,0.51838326934355,0.988811307179552,"TyrRS-m"
31.133038984521,-0.249211436888878,0.385873959532157,-0.645836368929967,0.51838533195827,0.988811307179552,"Wdr62"
133.542354917506,0.180887882367639,0.279458740978486,0.647279386339054,0.51745114024698,0.988811307179552,"aqz"
393.5002937074,-0.118349592172453,0.184389151003806,-0.641846830619716,0.520972639481772,0.988811307179552,"beta4GalNAcTA"
355.421414976987,0.127387601018639,0.196231000112486,0.649171644366161,0.516227437573485,0.988811307179552,"crn"
49.4504202276032,-0.247454404467962,0.38406512404699,-0.644303241753568,0.519378813912394,0.988811307179552,"gogo"
63.0277479457915,-0.214712272955443,0.330855592350709,-0.648960688347217,0.516363786177754,0.988811307179552,"insc"
294.227270844614,0.20568324850602,0.320752566132543,0.641252074725497,0.521358921163261,0.988811307179552,"mGluR"
743.688060824308,-0.787458889002133,1.2260493461702,-0.642273405603057,0.520695678618709,0.988811307179552,"ms(2)34Fe"
138.39121595877,-0.235530089010964,0.364184796902721,-0.646732348560605,0.517805183188212,0.988811307179552,"msb1l"
143.500294854167,-0.198933300425869,0.310703847409681,-0.640266614283547,0.521999281689774,0.988811307179552,"nebu"
66.801890783433,0.166215259858308,0.259760612856305,0.639878609888618,0.522251521140078,0.988811307179552,"pain"
87.8121278175231,-0.195918416115076,0.302009967446726,-0.648715066497385,0.516522564099567,0.988811307179552,"qkr54B"
100.344109486654,0.179854309130594,0.278940837649131,0.644775826466923,0.51907246948313,0.988811307179552,"swi2"
68.2017602873582,0.215965858699504,0.334978861080576,0.644714887389733,0.519111966888785,0.988811307179552,"vret"
375.764807031907,-0.784946457370935,1.2286096890262,-0.638890010702328,0.522894486887543,0.989508745245116,"CG14676"
11.7153358367932,-0.571550170785603,0.894992355044647,-0.638608997679194,0.523077326474568,0.989639559197426,"CG6290"
47.8373149667771,0.249406029237631,0.390702161950484,0.638353337981375,0.523243698566851,0.989739167273919,"rt"
460.956874990635,0.207937296404857,0.326320678787663,0.637217650984851,0.523983081879204,0.990922373227882,"Cyp6d5"
17.7121401110575,0.389396533848245,0.611516867747514,0.636771533845933,0.524273670661319,0.991256518741138,"pes"
178.161209387404,-0.128041957226551,0.201418743813536,-0.635700306745467,0.524971776441614,0.991823168643309,"Blos1"
128.651346318209,-0.172637181434766,0.271631336917166,-0.635556940499143,0.525065242587294,0.991823168643309,"CG7840"
28.8322721263613,0.328681559078243,0.517537146834911,0.635087860047057,0.525371114264697,0.991823168643309,"Rbf2"
265.098053154619,0.113902456322788,0.179057507411095,0.6361222043669,0.524696774058959,0.991823168643309,"SF2"
163.835161485439,0.24988782598965,0.392972624620426,0.635891180030715,0.524847351791507,0.991823168643309,"Tpi"
53.069977685136,-0.209123170847426,0.329241850966866,-0.635165821821574,0.525320271682716,0.991823168643309,"nuf"
43.6854489270699,-0.286944538914975,0.451617480396536,-0.635370753725095,0.525186637846571,0.991823168643309,"snoRNA:Psi18S-531"
383.821463912172,-1.05121782613853,1.66982430829288,-0.629537982479864,0.528996910551275,0.991946723532832,"Adgf-E"
538.750302663826,0.102628817756618,0.162463076193508,0.631705493710937,0.527579337554116,0.991946723532832,"ArgRS"
502.599623105293,-1.05081730306751,1.66920508916434,-0.629531571577932,0.529001106215219,0.991946723532832,"CG10749"
523.164249819387,-1.04978042439868,1.66649315259587,-0.629933836069745,0.528737873940497,0.991946723532832,"CG12448"
58.3959730637967,-0.20087087488407,0.31741002344682,-0.632843514841694,0.526835837176768,0.991946723532832,"CG12547"
116.00718822253,-0.237768141173295,0.375817829271292,-0.632668603387778,0.526950076822748,0.991946723532832,"CG13046"
167.264283013871,-1.05077193806063,1.67154808442397,-0.6286220228135,0.529596538952895,0.991946723532832,"CG13131"
28.607168172644,-0.28249351630965,0.447954748197412,-0.630629583560427,0.528282750849469,0.991946723532832,"CG14507"
75.6103008050903,-1.05194186296892,1.67487281275545,-0.62807268406148,0.529956326506121,0.991946723532832,"CG15892"
2999.99259509134,0.232947066350675,0.367624498200614,0.6336549046401,0.526306060831211,0.991946723532832,"CG31538"
116.668505154834,-0.207580391471021,0.327443091069554,-0.633943415306104,0.526117750742233,0.991946723532832,"CG42337"
123.090198195372,-1.05080053698439,1.67115622039323,-0.628786539619341,0.529488813397602,0.991946723532832,"CG43317"
264.613679079625,-1.05078867943388,1.67172540851549,-0.628565357732397,0.529633645810773,0.991946723532832,"CG46304"
62.0818784769576,-0.193271421149801,0.306918776799653,-0.629715207277668,0.52888093112764,0.991946723532832,"CG5746"
122.082323151486,0.145654431118953,0.23196779827771,0.627907977746878,0.530064224544843,0.991946723532832,"CG6654"
706.683612374331,-0.111953899068566,0.176664839142407,-0.633707870858908,0.5262714873508,0.991946723532832,"CG7272"
726.676950148434,0.0806550751782124,0.128354557163156,0.628377183956848,0.529756879991212,0.991946723532832,"CG7739"
197.169839349427,0.126790832753443,0.200732572132408,0.631640552435149,0.527621781600606,0.991946723532832,"CG9799"
28.3956197353784,-0.272074140088721,0.431810504759524,-0.630077631483837,0.528643793836605,0.991946723532832,"Cpr47Eg"
156.242645991027,-0.128607226969572,0.204309380568172,-0.629472942514549,0.529039477240978,0.991946723532832,"CycC"
7435.28503834281,-0.0985924789511124,0.156986270314342,-0.628032494521305,0.529982653383922,0.991946723532832,"Cyp1"
515.139001036112,-0.109154560628141,0.172632830623283,-0.632293175255502,0.527195322302469,0.991946723532832,"EMC8-9"
704.749596985327,0.097736240122434,0.154058813293733,0.634408626373665,0.525814181345066,0.991946723532832,"Gdap2"
334.248982133632,-0.157941725933296,0.249311517504707,-0.633511550184658,0.526399640679713,0.991946723532832,"Hf"
18.4726460805249,0.332498823323503,0.529343150898977,0.628134741629932,0.529915675890193,0.991946723532832,"Ir62a"
10.374297962403,-0.462773251427482,0.734388155588402,-0.630148032625474,0.528597736040903,0.991946723532832,"Lar"
5865.64100386651,-0.0978472080186123,0.155344782159657,-0.629871223598929,0.528778841663846,0.991946723532832,"ND-23"
422.534491531691,-1.04985655431258,1.67069211358018,-0.628396187291991,0.529744434128795,0.991946723532832,"ND-49L"
25.7673876902049,-0.280715824362826,0.445434867435235,-0.630206220674096,0.528559669830396,0.991946723532832,"Nlg4"
11.1924038997875,-0.44897168671647,0.710898244023548,-0.631555487006659,0.527677380940303,0.991946723532832,"Nnf1b"
356.611426953607,-0.107860610080542,0.170030067246524,-0.634361979779475,0.525844616130375,0.991946723532832,"Nnp-1"
1758.53779387791,0.127539073923241,0.202010340706008,0.631349234289212,0.527812201513236,0.991946723532832,"Pdxk"
75.6862952047406,0.160579002002309,0.255053728032504,0.629588923247751,0.528963572576847,0.991946723532832,"arx"
10.3087218388323,0.39103285813898,0.620117883258182,0.630578263739858,0.528316314882107,0.991946723532832,"asRNA:CR45350"
13.735093817202,-0.352899840842918,0.558018341513568,-0.632416203176608,0.527114948864268,0.991946723532832,"bap"
280.457918392598,-1.05088088177697,1.66837376425292,-0.629883365642318,0.528770896924164,0.991946723532832,"hale"
133.190502141386,0.14789676855724,0.233762365042517,0.632679980502166,0.526942645721268,0.991946723532832,"hlk"
13.5120141679956,0.524241174816593,0.826134984661973,0.634570844413634,0.525708348449787,0.991946723532832,"lncRNA:CR43977"
39.1774360921653,0.531423156918892,0.846366850968802,0.627887489107818,0.530077647299907,0.991946723532832,"mex1"
710.436530103917,-1.05079464862886,1.67079178179832,-0.628920168315565,0.529401321568558,0.991946723532832,"schuy"
203.079391710306,-0.151576282280468,0.241425534083415,-0.6278386536699,0.530109641635207,0.991946723532832,"snRNP-U1-C"
23.6216362417636,-0.784806150236806,1.25095819476989,-0.627364010658379,0.530420653136262,0.992315336252126,"CG4563"
19.7646405505104,0.329872772132436,0.529149590620382,0.623401733611263,0.533020559037585,0.992708119267889,"AOX4"
89.1917017416082,0.203234697326879,0.325263695333806,0.624830561302905,0.532082270319304,0.992708119267889,"CG11537"
163.800256764141,-0.152887956817177,0.244593685520928,-0.625069107943488,0.531925702017626,0.992708119267889,"CG11858"
72.5271611083034,-1.04927594723682,1.67695219918724,-0.625704148123823,0.531509011953951,0.992708119267889,"CG15256"
127.84938922014,-0.464622223271998,0.744324202780146,-0.624220227605893,0.532482964504372,0.992708119267889,"CG18128"
20.6963500456987,0.357126002402826,0.571024236401682,0.625413037900565,0.531700007257328,0.992708119267889,"CG3107"
8.87943865309732,0.471379261467257,0.752815534748182,0.626155066825148,0.53121323614488,0.992708119267889,"CG32817"
19.37712117635,-0.790358184556667,1.26543040226462,-0.624576573426905,0.532248999013513,0.992708119267889,"CG42364"
40.696624811794,-1.05058044972305,1.68666955650182,-0.622872717227412,0.533368167953194,0.992708119267889,"CG42391"
41.3149008039192,-0.785467428407603,1.25934708594934,-0.623710045603107,0.532818024606527,0.992708119267889,"CG4318"
273.904180501697,0.123005454101029,0.196926971414442,0.624624718582396,0.532217392406415,0.992708119267889,"CG5500"
16.5361940916766,-0.37375012009607,0.598210217973444,-0.624780568546995,0.532115085648622,0.992708119267889,"CG9837"
160.520251691355,0.331667019846878,0.531343187062974,0.624204897930816,0.532493030656115,0.992708119267889,"Cerk"
110.511928023255,-0.156909886684093,0.250476836523515,-0.626444699884903,0.531023298148531,0.992708119267889,"DIP-gamma"
54.5950504384965,0.26889306800663,0.430140547224877,0.625128390572426,0.531886795929249,0.992708119267889,"Egfrap"
111.863864470159,-1.04928786811824,1.6767759614038,-0.625777022256314,0.531461205208499,0.992708119267889,"Fer3HCH"
6.99588407777922,0.687688346861268,1.09777360937875,0.626439131881156,0.531026949255886,0.992708119267889,"Gr63a"
218.693074130771,-0.145359547728567,0.233270719989652,-0.623136704576621,0.533194691409915,0.992708119267889,"Pka-C3"
303.270516522928,0.115326289989529,0.184913444620277,0.623677149200015,0.532839632855072,0.992708119267889,"Rift"
27.3470871580737,0.25713064289315,0.412197436287929,0.623804566104914,0.532755940574656,0.992708119267889,"Utx"
301.659230896854,-0.139121974677808,0.223214282988852,-0.623266454166627,0.533109438273623,0.992708119267889,"Vps36"
31.5175179661292,-1.05152368212687,1.68778932667461,-0.623018326699961,0.533272478672999,0.992708119267889,"lncRNA:roX1"
162.634471491539,0.169635179033801,0.271764753849838,0.624198600557051,0.532497165821894,0.992708119267889,"nonA"
16.5508788348363,-0.42781710990631,0.685238926362914,-0.624332759636208,0.532409073878446,0.992708119267889,"twz"
73.7984221424309,0.193407967938515,0.310626076050305,0.622639188563144,0.533521652668311,0.992781471706717,"side-VII"
22.550425678214,-0.262484951646894,0.421741292064992,-0.622383808712863,0.533689524437356,0.992789362465438,"AdamTS-A"
16.341484115229,0.328449074383703,0.527810762839422,0.622285670373168,0.533754041936779,0.992789362465438,"Fgop2"
37.8155581453026,0.294198913058519,0.47331466888929,0.621571509179938,0.534223660006445,0.993029680146054,"CG15803"
255.665737964665,0.533265813453889,0.857728627831551,0.621718567097444,0.534126940618719,0.993029680146054,"CG42266"
31.0686094462768,0.241783455427824,0.388989150372668,0.621568635516402,0.534225550091213,0.993029680146054,"Spt"
22.9060639123073,-1.05450278650216,1.69747713950592,-0.621217665888034,0.534456417512328,0.993246679822718,"obst-J"
7.59009081235924,-0.527469480836821,0.850104554567966,-0.620476008512727,0.534944444454558,0.993441804071664,"CG34194"
353.648484088127,0.155181633727641,0.250136333623913,0.620388215815785,0.535002228861494,0.993441804071664,"Cyp12e1"
23.2820489207813,-1.05200944251722,1.69446321231234,-0.620851155028382,0.534697561671626,0.993441804071664,"SA2"
905.002817155058,-0.192630775337007,0.310512377383763,-0.620364241065128,0.535018009385716,0.993441804071664,"kumpel"
42.7005715987487,-1.05068492225398,1.69500312871485,-0.619871966283987,0.535342083574962,0.993619567786925,"CG32591"
26.2084489065775,0.338372468066812,0.545868655891707,0.619878911189839,0.535337510918643,0.993619567786925,"sit"
33.6073259692704,0.341114424433157,0.553821103391472,0.615928902572061,0.53794144494108,0.993664735270943,"CG11374"
222.404054710279,0.532110950822408,0.858868724375277,0.619548640811732,0.535554988921487,0.993664735270943,"CG32847"
39.023901831088,-1.04912273794864,1.7012122494853,-0.616691267221975,0.53743838237089,0.993664735270943,"CG34002"
217.998351909447,-0.156612327318098,0.254113447947035,-0.616308694338524,0.537690801700382,0.993664735270943,"CG42846"
7.10105683332202,0.570179977441703,0.922993504703123,0.617750801643072,0.536739618705656,0.993664735270943,"CG44008"
44.4205897835235,0.263512353673584,0.427111383887861,0.616964013637178,0.537258462253897,0.993664735270943,"CG4820"
356.579096797564,-0.116052206860636,0.187640284620377,-0.618482364250441,0.53625741946887,0.993664735270943,"Ciao1"
8.40994505973988,0.47645432213838,0.772378289667113,0.616866538731593,0.537322759151698,0.993664735270943,"GstE8"
183.824895041578,0.157358247015338,0.254611338873229,0.618033146959284,0.536553488911807,0.993664735270943,"Hr4"
93.6786884381628,0.758891544548173,1.22930890269782,0.617331854412445,0.537015860063269,0.993664735270943,"Jhedup"
112.16956958411,-0.166245298969173,0.269088389622781,-0.617809260378058,0.53670107843505,0.993664735270943,"Pal1"
12.120954601443,0.350172423519819,0.568297507109976,0.61617800384272,0.5377770441589,0.993664735270943,"RpS4"
1745.11961319833,-0.110519808756855,0.179362797660246,-0.616180223538908,0.537775579326795,0.993664735270943,"Rpt5"
252.318150514357,-1.05219479188229,1.70241487634783,-0.618060148851347,0.53653569022361,0.993664735270943,"Sdic4"
15.7615007122168,-1.0518132571959,1.70790039864277,-0.615851637502834,0.53799244313417,0.993664735270943,"asRNA:CR46033"
239.536867472914,-0.150637383977237,0.24410134933364,-0.617110001187845,0.537162172428185,0.993664735270943,"dod"
294.081897377301,0.118608778957767,0.191644641998164,0.618899530511808,0.535982547822195,0.993664735270943,"hoe2"
12.2670468418244,0.401886152777927,0.650671662875242,0.617648156063904,0.536807293540799,0.993664735270943,"lncRNA:CR43431"
55.5479558817148,0.230941135110332,0.373928358615029,0.617607971659869,0.536833788523836,0.993664735270943,"lncRNA:CR45418"
270.187350756454,0.338514305140214,0.54926805164782,0.616300737180437,0.537696052418271,0.993664735270943,"mmm"
500.924495062675,0.116255519654258,0.188278220043732,0.617466638612025,0.536926979568689,0.993664735270943,"msi"
14.9630126273581,0.345390624973351,0.558763362533542,0.618133986822764,0.536487020372157,0.993664735270943,"snoRNA:Psi28S-3186"
48.0845082736259,-0.260084838911762,0.421330114299908,-0.617294681971462,0.537040373918191,0.993664735270943,"tws"
284.159503800359,0.0974776514585002,0.158341564203769,0.615616322528282,0.538147775856634,0.993740736957413,"scat"
397.70121079568,-0.0993399291642014,0.162586456793095,-0.610997564764079,0.541201192504295,0.994197513068378,"AP-1sigma"
735.700820230621,0.134053365261447,0.218718969271184,0.612902327165038,0.539940924422697,0.994197513068378,"Ace"
12.2901802364495,-0.334093433655623,0.551408680733145,-0.60589077635016,0.544587284744081,0.994197513068378,"Agpat3"
572.761096389785,0.117503551447367,0.193967305545833,0.605790502253492,0.544653877420647,0.994197513068378,"Alg12"
413.79070755251,0.100140179784178,0.165312100935883,0.605764364600374,0.544671236269919,0.994197513068378,"Atg14"
53.7183004109217,-0.230006887721798,0.376564288102675,-0.61080377239353,0.541329495698023,0.994197513068378,"CCKLR-17D3"
360.072895092222,0.154799134464285,0.253758964815895,0.610024298359638,0.541845711738466,0.994197513068378,"CG10958"
26.025105949609,0.300132531467347,0.49717078016675,0.603680955197494,0.546055778371964,0.994197513068378,"CG12766"
167.162726696759,-0.147888905801875,0.244627839832962,-0.604546505838657,0.545480359751435,0.994197513068378,"CG13055"
63.8799268668515,-0.204950795932801,0.338279825802033,-0.605861716544519,0.544606583132759,0.994197513068378,"CG14321"
15.9390718148209,0.450465932539464,0.738301796330619,0.610137933807412,0.541770440006352,0.994197513068378,"CG14400"
103.281247720617,-0.14836153690021,0.243098453588188,-0.610294038116492,0.541667045554478,0.994197513068378,"CG1513"
449.555463195216,0.100370640964843,0.164592421732466,0.609813258158314,0.541985517889981,0.994197513068378,"CG17726"
15.6917100358785,-0.371995204609698,0.608477126565624,-0.611354459138536,0.54096494489348,0.994197513068378,"CG30059"
15.18195425932,-0.362539311081903,0.597470574146571,-0.606790236656852,0.543990128290504,0.994197513068378,"CG31431"
12.3961356039602,0.395305729071415,0.65462038243364,0.603870181374147,0.545929954991729,0.994197513068378,"CG32365"
30.2463114845896,-1.05058877375481,1.70884911731143,-0.614793174606149,0.538691317382556,0.994197513068378,"CG33723"
142.011389056023,-0.300133698859569,0.491860292535846,-0.610201114857622,0.541728591352066,0.994197513068378,"CG33946"
348.634245922027,-0.199461857501721,0.329886253112506,-0.604638282498225,0.545419364215639,0.994197513068378,"CG4017"
239.033035317203,0.101342443355408,0.165020083653519,0.614121876026857,0.53913479335584,0.994197513068378,"CG4041"
8.62903780140174,-0.384870837193759,0.632207198617808,-0.608773259835068,0.542674740190446,0.994197513068378,"CG4199"
33.5127596165452,-0.227871918752855,0.375336852715916,-0.607113096153459,0.543775859616085,0.994197513068378,"CG42534"
52.1816336022539,-0.180482778809628,0.29547576075663,-0.610820929430769,0.541318136007078,0.994197513068378,"CG4424"
2009.02297344896,0.0871000833566136,0.142390183091853,0.611700058707189,0.540736223042935,0.994197513068378,"CG5355"
9.62945152264648,-0.475005599093741,0.783416846888754,-0.606325484293794,0.544298639177796,0.994197513068378,"CG5455"
738.579461067679,-0.277686010478616,0.455748076288139,-0.609297164214586,0.542327486405534,0.994197513068378,"CG5506"
329.636973715101,-0.114613384812188,0.187028218490176,-0.612813326980432,0.53999977783017,0.994197513068378,"CG5934"
34.6552465643648,-1.06055448373388,1.74484196101089,-0.607822660981535,0.543305097979587,0.994197513068378,"CG6149"
295.93740686152,0.129758008966469,0.213534612780215,0.607667334475768,0.543408132187194,0.994197513068378,"CG7135"
210.42932035134,0.191162758729733,0.31668073290501,0.60364505594053,0.546079650718327,0.994197513068378,"CG8301"
919.945272744562,0.339309419458619,0.561529986736002,0.604258770632925,0.545671612912932,0.994197513068378,"CG8813"
118.275931520883,0.186329900734712,0.307835958783794,0.605289588230269,0.54498659823519,0.994197513068378,"Cdc14"
217.500996355036,0.222182896655814,0.362366512810874,0.61314412011293,0.539781049515059,0.994197513068378,"Cyp305a1"
252.950039125297,-0.115002269744022,0.188330304081306,-0.610641342640072,0.541437046493005,0.994197513068378,"GlcAT-I"
68.7266359008199,-0.196557480891884,0.321076754635124,-0.612182221398291,0.540417202897585,0.994197513068378,"GluRS-m"
204.438150748093,0.138328211027141,0.225831098496836,0.612529505227019,0.540187482894741,0.994197513068378,"HPS1"
137.64557498041,-0.200858940549964,0.328464115935043,-0.611509540328862,0.54086230436287,0.994197513068378,"Ibf2"
172.544106714454,0.212456009562866,0.350439069383446,0.606256630964851,0.54434435263846,0.994197513068378,"Kah"
23.0442357147851,0.245480949297646,0.400185810354474,0.613417424971181,0.539600367283525,0.994197513068378,"MICU1"
80.0040829121065,0.177134562194549,0.292411241045766,0.605772067999347,0.544666120168344,0.994197513068378,"Mcm5"
216.037601018454,-0.114311821243245,0.186679764082837,-0.612341791864062,0.540311644758697,0.994197513068378,"Non3"
51.9510917628913,-0.192189597818405,0.318505851353191,-0.603409943653708,0.546236008857615,0.994197513068378,"Orc5"
18.2072876149303,-0.284073920598623,0.468722684451301,-0.606059680962886,0.544475123244684,0.994197513068378,"Pkg21D"
89.4337961936094,0.157367974444116,0.260311785768661,0.604536494494217,0.545487013579438,0.994197513068378,"Prp18"
43.5649211045808,0.215122956362223,0.356366781566573,0.603656029376678,0.546072353529987,0.994197513068378,"Regnase-1"
10.9074527857529,0.4512232724241,0.738231199112181,0.61122216585638,0.54105251093237,0.994197513068378,"RpS5a"
981.725462659671,0.217677656432575,0.359388267284779,0.605689379002702,0.544721038122793,0.994197513068378,"SCaMC"
293.05425150068,0.101685595577518,0.167692528623674,0.60638119308055,0.544261654106692,0.994197513068378,"Sos"
411.87475799388,-0.124877682889302,0.204547201135705,-0.610507903290515,0.541525409642867,0.994197513068378,"Spn28Dc"
71.8630035204564,-0.169193568827439,0.28001778821766,-0.60422435983218,0.545694487468975,0.994197513068378,"Tao"
90.4164773239599,0.154224351199537,0.251532786170384,0.613138165992676,0.539784986129505,0.994197513068378,"Teh4"
605.851081030116,0.227742262336414,0.372409463556431,0.611537258375563,0.540843960190907,0.994197513068378,"Tret1-1"
22.0142695203299,1.40022022375897,2.29365189023403,0.610476345482444,0.541546308184352,0.994197513068378,"TwdlK"
406.07916459444,0.14484239667501,0.238717553135889,0.606752183793369,0.544015385189193,0.994197513068378,"VGAT"
30.4621147390531,-0.241600098885055,0.398836752581934,-0.605761874553982,0.544672890003504,0.994197513068378,"cert"
338.807529851094,-0.110179787722742,0.182314349344122,-0.604339637110931,0.545617858849755,0.994197513068378,"clt"
11.5528098233421,-0.447272045896299,0.736406255759415,-0.607371328527149,0.5436045115527,0.994197513068378,"cmpy"
15.0257896204692,0.427806125826246,0.701026173346514,0.610256994805219,0.541691580006809,0.994197513068378,"fw"
15.8395122664645,-1.05010927528419,1.72753548710054,-0.607865530476989,0.543276662662377,0.994197513068378,"inv"
10.4930715557359,-1.05021544525605,1.7180783346079,-0.611273318626494,0.541018651642848,0.994197513068378,"lncRNA:CR44796"
656.032709106543,0.110443408185156,0.181626067855597,0.608081259970705,0.543133580632626,0.994197513068378,"nst"
204.901270648936,0.107202010722934,0.174761927918498,0.613417418769427,0.53960037138317,0.994197513068378,"pall"
73.1965739600849,0.165528310217522,0.270604966391716,0.611697236841951,0.540738090390721,0.994197513068378,"roq"
29.1184623701384,-0.265595758930411,0.440203512597703,-0.603347659274895,0.546277433930022,0.994197513068378,"side-III"
40.136072274027,-0.312741720036757,0.5140489837897,-0.608388947160531,0.542929540373362,0.994197513068378,"skl"
31.6241176358068,0.241619482470114,0.398241624009698,0.606715792380933,0.54403953987537,0.994197513068378,"slp2"
31.8369115978159,-0.237812560614662,0.391636169370888,-0.607228287920078,0.543699421704521,0.994197513068378,"sob"
120.1139371855,-0.119000821746307,0.196981749182845,-0.604121053041552,0.54576316344392,0.994197513068378,"uex"
37.372257846614,-0.219580597740378,0.363361382757459,-0.604303616620005,0.545641802287829,0.994197513068378,"wal"
31.2604560354534,-0.33340914970028,0.552944824675193,-0.60297001585308,0.546528636276037,0.994328909906287,"CG11384"
14.9001284941819,0.339486655961912,0.563254022978221,0.602723890309503,0.546692385832653,0.994328909906287,"CG13837"
25.4676171636399,-0.29144649472008,0.483434755852102,-0.602866242428882,0.546597674713962,0.994328909906287,"WASp"
27.4855306192425,-0.283961775804355,0.472311914726457,-0.601216626027345,0.547695712117621,0.995850806586251,"asRNA:CR44806"
3073.195495133,0.154404907270594,0.256860707883487,0.601123108874374,0.547757992775868,0.995850806586251,"wat"
166.947596730841,0.263936087410585,0.440357913201064,0.599367195406964,0.548928047662778,0.996038989560797,"CG32855"
13.2032361695208,-0.353738517004716,0.590470895105469,-0.599078667444789,0.54912042650956,0.996038989560797,"CG42729"
110.608377702357,0.146364449694436,0.244258982385868,0.599218289803635,0.549027327779995,0.996038989560797,"CG7194"
195.979471904577,0.146385118699166,0.243880325723806,0.600233406547712,0.548350692784873,0.996038989560797,"CG7650"
70.015651439076,0.18449208390238,0.307583941013868,0.599810520972751,0.548632520825005,0.996038989560797,"GABA-B-R1"
61.4916187894935,-0.241843096998642,0.403522853181786,-0.599329369059779,0.548953266856012,0.996038989560797,"Galphaf"
47.377125089952,0.215512033586209,0.359476137135753,0.599516939575944,0.548828217382341,0.996038989560797,"RpS11"
724.458628508934,0.0966984900924517,0.161156800784146,0.600027362307659,0.548488000061631,0.996038989560797,"Spp"
18.9351740920116,-0.293827586933357,0.489378612779537,-0.600409538260155,0.548233332590186,0.996038989560797,"alpha-Est5"
157.800266223125,-0.175597749817223,0.293028588807126,-0.599251255763318,0.549005347559178,0.996038989560797,"asRNA:bsAS"
246.943453550991,0.112975373139218,0.188434037412922,0.599548652092251,0.548807076677957,0.996038989560797,"gkt"
264.997672560424,0.14941781093688,0.249489658211295,0.598893805892094,0.549243702241763,0.99605499908524,"CG30158"
738.712721794367,-0.12718528446764,0.212464349819016,-0.598619413449739,0.549426707202361,0.99617929849628,"CG4679"
54.5120530215119,0.230222956704157,0.384758558096331,0.598356948428206,0.549601785347167,0.996289176812413,"clos"
150.544736393401,-0.150511852939815,0.251669851544235,-0.598052774364037,0.549804720043395,0.996375776139007,"CG2641"
76.9794878253965,-0.163588159545686,0.27407526087387,-0.596873132672013,0.550592086391952,0.996375776139007,"CG8229"
3663.29778356966,0.0887744914167025,0.148684563820151,0.597065957190314,0.55046334536143,0.996375776139007,"Chchd3"
244.330965484955,-0.165007482294062,0.275976891735404,-0.597903256524335,0.549904486847931,0.996375776139007,"MED27"
79.4169901118047,0.155164069067215,0.260018871978437,0.596741566820131,0.55067993602535,0.996375776139007,"Marcal1"
100.132005864251,0.194678874180948,0.326091227373835,0.597007394982036,0.550502443381557,0.996375776139007,"NAAT1"
652.343611830045,0.630446811398704,1.05591853857617,0.597060084056118,0.550467266393679,0.996375776139007,"Nepl13"
11.9677031484043,-1.0414952700435,1.74315209347658,-0.597478139710871,0.550188197685977,0.996375776139007,"lncRNA:CR44994"
14.557245763116,0.353760340447715,0.59241520567053,0.597149325441956,0.550407688384546,0.996375776139007,"syd"
1235.0045721886,-0.0715548746165047,0.120076568941133,-0.59591038657662,0.551235094139999,0.996842454141243,"EloB"
849.289758717329,-0.112753738959769,0.189220963497142,-0.595883970126134,0.551252742605944,0.996842454141243,"Hacd1"
7.35765017955675,0.503176575189413,0.844481352506062,0.595840954564833,0.551281481303206,0.996842454141243,"Or19b"
178.888788779726,-0.107028579847077,0.1797458432602,-0.595443977484045,0.551546736459707,0.997026734711916,"Polr1B"
381.375355952125,0.113108785303969,0.189988462749103,0.595345547131138,0.551612516102249,0.997026734711916,"fipi"
7.10628981668937,-1.05655192591281,1.77800329116253,-0.594235078846223,0.552354893651009,0.997582536820681,"CG11125"
17.9773414260289,0.301776617242309,0.50798496104667,0.594066046011516,0.552467939579779,0.997582536820681,"CG33111"
534.034013143329,0.0924332005637646,0.155483789495879,0.5944877010231,0.552185965933696,0.997582536820681,"Pih1D1"
154.207953218872,0.133257496751896,0.224328508989654,0.594028362030622,0.552493143453485,0.997582536820681,"Rgk1"
1058.99088073788,0.196802573712103,0.331291946405354,0.594045752839715,0.552481512028472,0.997582536820681,"phtf"
60.0487520889507,-0.174465209883756,0.293956201511197,-0.593507498691468,0.552841566072331,0.99770626550106,"CG30151"
235.254401082725,0.123748163717964,0.208445795206542,0.593670712308428,0.55273237552356,0.99770626550106,"RabX4"
10.2935079177655,0.506582949209346,0.853678574962031,0.593411811034238,0.552905586408321,0.99770626550106,"snoRNA:Psi28S-291"
226.384169305674,0.118516117973445,0.199979895747378,0.592640162804961,0.553421994591434,0.997810569490211,"CG7488"
12.9362847586812,0.482472836841348,0.813892037830302,0.59279709643989,0.55331695115255,0.997810569490211,"DAAM"
1677.95477773884,-0.107703231613863,0.181676371230445,-0.592830156637423,0.553294823574265,0.997810569490211,"Prx3"
488.244642220592,0.11316887053263,0.190792726210639,0.593150864712157,0.553080192406426,0.997810569490211,"eIF2Bbeta"
158037.57015936,0.157884485979864,0.266505798609917,0.592424205414601,0.553566561519866,0.997864495631192,"ATP6"
102.215088947111,-0.167946885032994,0.28402461466443,-0.591311021516287,0.554312046169354,0.997898530092993,"CG1910"
42.8534783733594,0.529017435611113,0.894657949709133,0.591306918787347,0.554314794621359,0.997898530092993,"CG42571"
10.442680637908,0.385930613438852,0.651796225069069,0.592103173653631,0.553781501874142,0.997898530092993,"GluRIIB"
18.3146146554648,0.307211468737672,0.519329535565005,0.591554008965503,0.554149278762748,0.997898530092993,"Mitf"
68.7299124238118,0.152733615651581,0.258316759421128,0.59126483312135,0.554342988541626,0.997898530092993,"Rab35"
16.9973617711234,-0.343536827803623,0.580756677634252,-0.591533151548151,0.554163249380287,0.997898530092993,"Synj"
49.6672455173188,-0.347744441796686,0.588203467595535,-0.591197537848934,0.554388072273885,0.997898530092993,"eIF5"
196.710356587874,-0.161527930893283,0.274203643635875,-0.589080176876794,0.555807490487461,0.99829794661407,"CG15916"
124.98220812953,-0.183401242485238,0.31140833279787,-0.588941345395149,0.555900621072066,0.99829794661407,"CG30195"
18.1555544117921,-0.782485682228896,1.32864488271503,-0.588935156721428,0.555904772719875,0.99829794661407,"CG31551"
485.741998664578,0.300664790619063,0.509771580034193,0.589802967436702,0.555322753016284,0.99829794661407,"CG4286"
13.0858162400842,-0.381653330444538,0.647966104791822,-0.589001998132535,0.555859933218868,0.99829794661407,"CG5116"
27.2677913112428,0.513280256814754,0.86933600278006,0.590427930251742,0.554903789992502,0.99829794661407,"Cpr65Ec"
433.238052621381,0.0922493693217239,0.156669956760241,0.588813396195017,0.555986458375089,0.99829794661407,"Nab2"
1885.95803071845,-0.107927419143512,0.183238360046693,-0.58900013684913,0.55586118180744,0.99829794661407,"SkpB"
206.323265435504,0.145100297609585,0.246410320604949,0.588856413373259,0.555957598711267,0.99829794661407,"Wdr82"
55.2292512665633,0.217634723709425,0.368923198008336,0.589918782240706,0.55524510134138,0.99829794661407,"Zwilch"
409.153321135342,0.127983146492932,0.216707206682017,0.590580943072773,0.554801236697229,0.99829794661407,"chrb"
172.343573222695,0.154303220853038,0.261845767279105,0.589290491331731,0.555666422383246,0.99829794661407,"l(3)neo38"
73.0969138261118,0.182361091433145,0.309859647142076,0.588528042018745,0.556177917276177,0.998344806010042,"CG3407"
39.4297466918377,0.242159639274108,0.411533371069858,0.588432570230134,0.556241981425106,0.998344806010042,"danr"
67.3581736484556,-0.166596883690122,0.283397707323173,-0.587855439141371,0.556629328600177,0.998834030269555,"RasGAP1"
58.005620641916,-0.221299662767921,0.37670436501745,-0.587462432928457,0.556893173795888,0.99889556709514,"Nnf1a"
21.9917211502959,0.280371895940992,0.477214035154104,0.587518126641965,0.556855780048436,0.99889556709514,"RpS19a"
165.358769578439,-0.134311049476036,0.229092416891804,-0.586274531904163,0.55769104284454,0.999046033229331,"CG14015"
25.2191605262603,-0.330633069969399,0.564034868709662,-0.586192606719131,0.557746089450165,0.999046033229331,"CG5225"
148.18529573312,-0.161912298684538,0.276023249999472,-0.586589349574168,0.55747953732824,0.999046033229331,"CG5645"
7.85715537553178,0.459520381649596,0.783408347931492,0.586565592341352,0.557495496905534,0.999046033229331,"CG9886"
547.960561058968,-0.114105147167935,0.194702892097792,-0.586047520601923,0.557843581200276,0.999046033229331,"CkIIbeta"
799.588936332358,0.117324541446103,0.200222641693928,0.585970400018257,0.557895406353504,0.999046033229331,"Cyp4s3"
206.986688716823,0.143078333662514,0.243945682655694,0.586517179172443,0.557528020477259,0.999046033229331,"Dpp10"
17.7208589103482,-0.316158974745839,0.539147019875111,-0.58640586535946,0.557602803691026,0.999046033229331,"sing"
8.81586460435301,0.401372293121422,0.685852387454881,0.585216732438402,0.558401995399463,0.999541868770367,"lncRNA:CR44498"
40.1042345926441,0.243228133460076,0.415612022384062,0.585228820053988,0.558393868762164,0.999541868770367,"lncRNA:CR46268"
577.237556244958,-0.0901878673111628,0.182820168940021,-0.493314648126986,0.621790279847596,1,"128up"
451.499512829494,0.075850007916537,0.194184792291848,0.390607354063747,0.69608748891865,1,"18w"
15.7701268586074,-0.265196854688085,0.699696982154351,-0.379016719311194,0.704675448297078,1,"5-HT2A"
7.02553535247692,-0.326547669127817,0.967968614814527,-0.33735357131428,0.73585037997906,1,"ABCB7"
22.7000758680532,-0.146071801704562,0.465778855889162,-0.313607627005125,0.75381906607629,1,"ACC"
1265.85213244873,0.0144973199675407,0.172769550232048,0.083911313932746,0.933126944070389,1,"ACOX1"
139.802703157487,-0.0464082078600693,0.303068444784462,-0.15312781207913,0.878297483649929,1,"AGO1"
319.181906766305,-0.0458305633252447,0.200282602455252,-0.228829477764971,0.819001454651632,1,"AIMP1"
469.842424635393,-0.0299539455666331,0.162260213151626,-0.184604377036299,0.853539352575365,1,"AIMP3"
11.8684276568094,-0.276969076076698,0.801480158921246,-0.345571968306096,0.729664415534341,1,"AOX2"
864.915548468934,0.00899241681289406,0.134540514736955,0.0668379843088562,0.946710683899172,1,"AP-1-2beta"
82.3814881670786,0.178337092288638,0.337320762686327,0.528686971025477,0.597022616892328,1,"APC10"
77.8625306061403,0.0550107498922253,0.259492609315574,0.211993513176808,0.832112095049969,1,"ATP8A"
204.942893955197,-0.466250740167868,1.76675826587265,-0.263901830360236,0.791855565208124,1,"ATPsynCF6L"
21060.6944237301,0.0824282392581873,0.151835408503596,0.542878898081506,0.587213185855621,1,"ATPsynO"
50.5000689555438,-0.138345615445485,0.33338023043189,-0.414978462478894,0.678157669777579,1,"Abca3"
515.008572360449,0.0652736621505433,0.14953737695818,0.436503993037125,0.662471102753016,1,"Abp1"
28.0500712953593,0.060487358923896,0.455666102633576,0.132744916890465,0.894395118638158,1,"Ac13E"
373.093872254233,0.0481517928774033,0.237103095463716,0.203083780003927,0.839069549248637,1,"Ac3"
154.020372695956,-0.00826154147088234,0.293133250520263,-0.0281835699505923,0.977515741299648,1,"AcCoAS"
348.436529426621,0.0532790558003823,0.167801690479653,0.317512032495541,0.750855110851786,1,"Acf"
91.7969310651492,0.083180029683702,1.08939260299332,0.0763545019996908,0.939137066029557,1,"Achl"
660.104955595521,0.0386862723484065,0.178235099186485,0.217051930427741,0.828167874840222,1,"Ack"
7.63278080229029,-0.188517325193773,0.699363392830692,-0.269555608895605,0.787502155433654,1,"Acn"
72.7793489499927,0.1523520845725,0.260581709219154,0.584661467717862,0.558775367957951,1,"Acox57D-d"
53.2801749586496,0,2.92773968009189,0,1,1,"Acp26Aa"
29.3908351565067,0,1.92440133642117,0,1,1,"Acp29AB"
24.9581053404979,0,2.87948931506584,0,1,1,"Acp33A"
198.341166705792,-1.01309982893604,2.21265158280378,-0.457866858392716,0.647048098414705,1,"Acp53Ea"
29627.5556096094,0.167057281937506,0.451056931952625,0.370368505843187,0.711107936657759,1,"Acp65Aa"
166.375653793282,-0.0090223217983515,0.281517705128887,-0.0320488609916055,0.974433085453706,1,"Acsf2"
25.9130920219019,0.0942841200029789,0.414935221089987,0.22722611918869,0.820247918656668,1,"Acsl"
208.266410362184,-0.122312244080581,0.354968264499481,-0.344572335932751,0.730415906209138,1,"Acsx3"
74.8822143883871,-0.182116216794855,0.314051174501867,-0.579893442792307,0.56198647792417,1,"Acsx4"
31.5859267028463,-0.122359258392285,0.421572726743253,-0.290244720851699,0.771629025664279,1,"Act5C"
48.3917319124689,-0.175540047499441,0.378469996254276,-0.463814963502428,0.642780321710178,1,"Act87E"
77.9257616702725,0.184698848371675,0.332634144053379,0.555261243241572,0.57871598418296,1,"Actn"
11.2264286034162,-0.355130877768503,0.663032193418947,-0.535616341549359,0.592223732387012,1,"Adck1"
13.5048428838173,0,2.05084252682577,0,1,1,"Adck5"
26.5466533381113,-0.0273976350230346,0.516908061744998,-0.053002916864064,0.957729583660875,1,"Adgf-C"
501.826308864794,-0.0453561149363528,0.139699802398987,-0.324668425849411,0.745432033679302,1,"Adi1"
65.0046195624692,0.0070138186348869,0.498947078139483,0.0140572396195617,0.988784314922346,1,"AdipoR"
2576.83422711787,0.0912872950922229,0.291744305813109,0.312901720010609,0.75435533077304,1,"Adss"
39.8777224102442,-0.106382322108586,0.387583809322989,-0.27447566061753,0.783719105656713,1,"Aduk"
157.088330305351,-0.0920621258133187,0.222896213530066,-0.413026871813149,0.679586925989928,1,"Aef1"
138.184080799699,0.568351351917574,1.18326151697297,0.480326068045832,0.630995555586175,1,"Ag5r2"
58.1844570804288,-0.0706684712199868,0.385675094125591,-0.1832331729385,0.854615066730212,1,"AgmNAT"
22.1621936696043,-0.221393311487358,0.599664355065575,-0.36919538341269,0.711982096698265,1,"Ahcy"
41.941518890955,0.258964330097301,0.446917191195938,0.579445891092977,0.562288346650153,1,"Ak1"
334.871797696343,-0.0666471261424113,0.162810054973268,-0.409355098819627,0.68227908591432,1,"AlaRS-m"
28.2485621467555,0,1.91664871360538,0,1,1,"Aldh"
7.86872513369034,0.384754766472654,0.925545476515078,0.415705955283102,0.677625182949251,1,"Aldh-III"
910.499344604536,-0.0220187043961457,0.197719805446825,-0.111363170454198,0.911328364074431,1,"Aldh7A1"
258.729319998812,0.0228885276687905,0.181616249584725,0.126026871059865,0.899710654124726,1,"Alg1"
189.79323297895,-0.0512891238861049,0.213797621353444,-0.239895671249378,0.810411136731184,1,"Alg10"
46.3706603136275,-0.114047157176497,0.317934125575431,-0.358713167295527,0.719809677026102,1,"Alg13"
207.43783053246,-0.103104202133652,0.193436906845424,-0.533012049329567,0.594025239416729,1,"Alg3"
9.89297856072032,0.0624119627392437,1.08014527632215,0.0577810819594134,0.953923007408436,1,"Alp10"
13.7149780647715,-0.327085057157393,0.58786167964089,-0.556397990352426,0.577938812424102,1,"Alp12"
96.4670248726555,0.13195847191729,0.482754993148937,0.273344602935218,0.784588332120344,1,"Alp4"
23.3963945632853,-0.293950010888756,1.50755631056842,-0.19498443197649,0.845405135192783,1,"Alp5"
16.0864427046017,0,1.92976570332457,0,1,1,"Alr"
306.258486300513,0.0732014102797999,0.206685276677841,0.354168480002079,0.723212623916382,1,"Als2"
65.6944036832828,-0.0240758111752251,0.337784870696736,-0.0712755758585776,0.943178433421719,1,"Amph"
12.3948940130529,-0.309469861886417,0.540391552753008,-0.572677089991197,0.566863352295998,1,"Ance-4"
76.4114002590527,0.533669341538359,1.46059902995474,0.365377034075461,0.714829982117716,1,"Andorra"
159.907451018268,0.189549753398285,0.351247141767601,0.539647817329993,0.589439933371755,1,"Antdh"
32.208266059507,0,1.91423764919403,0,1,1,"Apl"
30.5962234523364,0.146518162990622,0.377167299031332,0.388469953166462,0.697668285462164,1,"Argk1"
239.846971639681,0.0843849958749682,0.233776994577048,0.360963644124345,0.718126625143436,1,"Arglu1"
22.3963338291248,0.0931086798670235,0.432179190465276,0.215439988600063,0.829424295513641,1,"Argp"
346.493426222415,-0.0177150797992445,0.158047483278504,-0.112087073022402,0.910754367066636,1,"Arl5"
15.1178413562061,-0.162635494530339,0.611307716737681,-0.266045217616854,0.790204384862678,1,"Arl8"
44.0140341643905,0.0895827897511205,0.330570172335344,0.270994775839134,0.786395050254164,1,"Arp8"
46.118977396619,-0.0939614622181154,0.371522878727449,-0.25290895284822,0.800338570964515,1,"Arpc3A"
387.621181581137,0.0337759797176276,0.179758577480181,0.187896345148546,0.85095790786027,1,"Arpc4"
16.3916290916651,-0.0923037874337806,0.573478642479744,-0.160954184857967,0.872129485251751,1,"Ars2"
11.5593810915708,-0.113118469856788,0.604162361902261,-0.187231904848597,0.851478810686898,1,"Art4"
20.7082800675956,0,1.92833182019093,0,1,1,"Art6"
10.4067635517551,0,1.93011544160844,0,1,1,"Art9"
117.805548524715,0.114600650900102,0.308646425851592,0.371300754848871,0.710413535794115,1,"AsnRS-m"
29.2493074685644,-0.148942977828507,0.462460265731114,-0.322066540339502,0.747402285788024,1,"AspRS-m"
40.4388334320917,0.0320179819319003,0.357113557606413,0.0896577048110517,0.928559227193756,1,"AstA"
98.5530624133352,-0.0120347011259762,0.262069433159577,-0.0459218039314341,0.963372575483626,1,"Atac2"
13.9217092740057,0.108787738267881,0.90389168037854,0.120354839666543,0.904202064008603,1,"Atet"
178.256078943471,-0.0516623011820504,0.241880968120079,-0.213585639182671,0.830870199255801,1,"Atg1"
355.670215500683,-0.0287998018275365,0.283344985868903,-0.101642179194452,0.91904069864496,1,"Atg101"
1186.49720512155,0.00162874568621029,0.429238533386255,0.00379450016605253,0.99697243416681,1,"Atg13"
45.6571260078676,-0.0310503521307677,0.37610888624735,-0.0825568160342462,0.934203939815737,1,"Atg18b"
190.014036135056,0.0256242882476384,0.217335273630143,0.117902114183477,0.90614521805802,1,"Atg4b"
1002.02497475724,-0.105529728128265,0.188894637839992,-0.558669792509708,0.576387098779312,1,"Atg8a"
2768.57992951896,-0.1087692811244,0.218225179396726,-0.49842681502239,0.618183240540612,1,"Atpalpha"
6.22396634025835,-0.470092844288102,1.17472159530685,-0.400173833669338,0.689028485731676,1,"Atx-1"
42.5262620706666,0.119842896980448,0.330322267739169,0.362805988832334,0.716749817837361,1,"Atx2"
115.436200540279,-0.00739792603647355,0.330249613396528,-0.0224010134648997,0.982128071927534,1,"Axs"
8.22475735066505,-0.127778161891152,1.03127673103961,-0.123902884691621,0.901392168897045,1,"BBS1"
12.415028125202,0.121443369825786,0.644627721917922,0.188393030111183,0.850568563042175,1,"BBS5"
7.74050881533163,0.284546550956342,0.827604710392908,0.343819395156962,0.7309821132474,1,"BBS8"
20.0759104447998,-0.11585577321851,0.614111088819739,-0.188656051531611,0.85036239875352,1,"BBS9"
101.467789602582,0.0204065003611901,0.238170692366378,0.0856801487976483,0.931720683053301,1,"BCAS2"
90.1083467686032,-1.01312158458843,1.88996058410877,-0.536054345845617,0.591920991402596,1,"BG642167"
167.092042857785,0.130181574335881,0.252573108574663,0.515421356891593,0.606258611633914,1,"BNIP3"
12.3425359791352,-0.174462591388807,0.628418568402516,-0.277621636534871,0.781302821258094,1,"Bacc"
268.859424820654,0.084010145836906,0.177144110758219,0.474247467089494,0.635323448042579,1,"Bap111"
154.884637876003,0.101576239396024,0.250320530558963,0.405784692007506,0.684900807345654,1,"Bap55"
423.659035267011,0.119965319404001,0.22214064692121,0.540042180783561,0.589167943375723,1,"Bap60"
9.35495589320171,0.0918216594039819,0.678132771635066,0.135403660233951,0.892292730337391,1,"BckdhB"
10.4215179013048,0.105404087734459,0.667732843602457,0.157853681669749,0.874572097028435,1,"Bcs1"
280.202785694792,0.024591035162217,0.16892484531741,0.145573820807771,0.884257835761054,1,"Bem46"
9.36268496292578,-0.361966139780111,0.73089013828472,-0.495240147349076,0.620430614328135,1,"Best1"
23.7498646043243,0,1.90900931957855,0,1,1,"BicC"
144.080737631307,-0.161578467013438,0.277404899097196,-0.582464359999729,0.560253941055372,1,"BicD"
21.9321732187056,0.295755025094788,0.546945777247086,0.540739205599861,0.588687351414338,1,"BoYb"
10.2093640582486,-0.189694361109182,0.88718241488002,-0.213816637849878,0.830690049857397,1,"BomS4"
30.7735242937558,0.0553612220384572,0.605882788621997,0.0913728250382706,0.927196353881471,1,"BomT3"
24.9067191276176,0.0794473081388176,0.462899538577795,0.17162969827732,0.8637286580399,1,"Boot"
113.58788296844,-0.0157770008407373,0.246474974443215,-0.0640105587854402,0.948961819356461,1,"Brd8"
54.7324166435313,-0.0353317161832727,0.345187073655245,-0.102355270170285,0.918474686370335,1,"Bsg"
121.701103038824,0.00299883167289422,0.806697758041456,0.00371741664458687,0.997033937484643,1,"Btk"
12.6098594363068,-0.0140610709738347,0.644941298222873,-0.0218020942566088,0.982605823609852,1,"Bub1"
164.812890457598,-0.0618053776074615,0.314529262048495,-0.196501200571704,0.844217893065015,1,"Buffy"
164.238892656937,0.00192880669549731,0.267887452311514,0.00720006360452595,0.994255230048882,1,"Bulli"
19.6576862369771,-0.296372228294478,0.572270436606768,-0.51788841312823,0.604536126731069,1,"C15"
98.8042615617281,-0.0180097244893574,0.412166754652028,-0.0436952381192464,0.965147335023669,1,"CAH1"
94.5340648090968,-1.01312029096013,1.87596647603613,-0.540052449711591,0.58916086173419,1,"CAH14"
125.092593090825,-0.159643592156843,0.334114379251533,-0.477811199010556,0.632784589560891,1,"CAH2"
6.95623804061048,0.450340865324224,0.82240408115954,0.547590747226437,0.583972944167463,1,"CAH3"
139.45332888584,-0.0903358373178831,0.37827478013072,-0.238810098010409,0.811252839677529,1,"CAH9"
117.847264740333,-0.087757428854726,0.263021279628248,-0.333651440593558,0.738642596407311,1,"CAP"
6.04203850170905,-1.01313281432527,2.00823311371367,-0.5044896468477,0.613917335709705,1,"CCAP"
157.781149298513,-0.033204274746198,0.257836002400974,-0.128780598663488,0.897531257705062,1,"CCDC53"
56.2211909766193,-0.0400441329400766,0.309090800712348,-0.129554593173879,0.896918829775216,1,"CCHa1"
1089.14817953246,-0.0183865487988955,0.149837931054909,-0.122709574734836,0.902337081629887,1,"CCT6"
1024.38653463396,0.0873609482723207,0.193451614707297,0.451590690542969,0.651563877810034,1,"CCT7"
1417.39658430817,-0.0339186501651799,0.131778536344342,-0.257391310498012,0.796876710195663,1,"CCT8"
56.8014419938931,0,1.89425718300757,0,1,1,"CCY"
8.30559454090903,0.345557889084481,0.892074818787153,0.387364245472475,0.698486569591041,1,"CD98hc"
34.1167161149452,0.0904665619469993,0.430068338608808,0.210353922447865,0.833391452584736,1,"CG10005"
283.409220287787,-0.07550716538098,0.206660411010388,-0.365368311288148,0.714836492504611,1,"CG10011"
51.09188660673,0,1.94010368786614,0,1,1,"CG10029"
10.9922057692683,0.0139796201032555,0.7002293011198,0.0199643460804903,0.984071814599266,1,"CG10051"
299.97426382506,0.361190886825575,0.72766857582249,0.496367300755454,0.619635291134392,1,"CG10063"
323.122313399687,-0.00791634238325074,0.166313427543235,-0.0475989371404951,0.962035879110182,1,"CG10068"
50.1268724841123,0.0325237199744849,0.303931212331757,0.107010134710954,0.914780939588643,1,"CG10089"
466.727610568926,0.0148976703433292,0.151703489039003,0.0982025557731175,0.921771453062405,1,"CG10098"
164.63180011937,-0.181715374176598,0.470314086441145,-0.386370256420838,0.69922247505853,1,"CG10116"
7.7285590046853,0.173521394908762,0.798004617010862,0.217444098956135,0.827862267230447,1,"CG10126"
33.2223130547926,0.130876382672707,0.429777094058147,0.304521540310382,0.760730584706768,1,"CG10147"
19.1738751774681,0,1.91262793988814,0,1,1,"CG10164"
13.7841054423432,0.431709352052351,0.848547261249497,0.508762884246016,0.61091843824847,1,"CG10175"
634.874215850479,0.118031882998166,1.11934885174545,0.105446914797039,0.916021190910966,1,"CG10177"
46.3239933911932,-0.146658415396305,0.435410635708956,-0.336827820380429,0.736246699659467,1,"CG10185"
21.1474019767386,-0.00284048914673786,0.561284956962011,-0.00506068996060785,0.995962170848621,1,"CG10226"
387.063757439814,0.0284116230887925,0.325492743273605,0.0872880384460987,0.930442561666834,1,"CG10232"
100.071534350487,-0.0184882862312283,0.350828133670157,-0.0526989840803666,0.957971748489114,1,"CG10237"
100.028278330423,-0.160380455102151,0.326465198251903,-0.491263558752749,0.623240050376436,1,"CG10257"
101.991991003331,-0.0336016977082429,0.23650198683342,-0.142077866482831,0.887018500794251,1,"CG10274"
192.339871934922,0.0996707841844458,0.180041074552505,0.553600251676897,0.579852453757808,1,"CG10286"
9.68952560609962,0.31724962808391,0.697949323025352,0.45454536256121,0.649436349916145,1,"CG10301"
46.8543297059539,0,1.89047607444075,0,1,1,"CG10317"
415.197730269485,-0.0448048430202689,0.152007779849673,-0.294753617641008,0.768182100765155,1,"CG10333"
126.184230745334,-0.167315136388446,0.421129805718163,-0.39730062825432,0.691145784148353,1,"CG10337"
77.4461982734508,-0.119129242904661,0.495157691271476,-0.240588493331807,0.809874069260487,1,"CG10348"
8.16342435434789,-0.22361151609597,1.0887066882655,-0.2053918824107,0.837265961983373,1,"CG10357"
9.94395523306522,0.362726015175671,0.788555785318042,0.459987767421395,0.64552500083279,1,"CG10365"
308.148990065787,-0.0833887740184801,0.16950811900637,-0.491945604182807,0.622757798101549,1,"CG10376"
18.3681961021742,0.199831579742438,0.575604607026066,0.347168138168477,0.728465006012603,1,"CG10417"
4.96982869289647,0.260974485576603,1.51295148138421,0.172493625068423,0.863049472705595,1,"CG10445"
50.5275237309451,-0.186504716819943,0.552835039489088,-0.337360520766383,0.735845141838493,1,"CG10505"
1045.14423289495,0.0186569536585327,0.23834863724312,0.078275898173071,0.937608589098372,1,"CG10527"
10.0912162485945,0.46596904701826,0.81163312049025,0.574112903052553,0.565891402415653,1,"CG10550"
751.661830413722,-0.106173010350584,0.274336712909275,-0.387017141178971,0.698743518076476,1,"CG10560"
622.816560680462,-0.160053923387674,0.309603312545811,-0.516964505552541,0.605180936661087,1,"CG10562"
17.9659486511522,0,1.92009211932079,0,1,1,"CG10565"
96.8125942223213,0.162187382719925,0.297402966908183,0.545345543812266,0.58551588605048,1,"CG10581"
214.727422376436,-0.0399608197185951,0.201190368463716,-0.198621932171678,0.842558496029943,1,"CG10584"
954.012661052956,-0.133112833734165,0.565932439688281,-0.235209760740141,0.814045930520154,1,"CG10589"
345.543254509106,0.069280532448611,0.2145043477032,0.322979618783632,0.746710677426536,1,"CG10631"
72.901437453561,0.168489607711506,0.308027813193945,0.546994785842339,0.584382314344085,1,"CG10646"
113.951417680894,-0.0572186016260696,0.404652514954961,-0.141401818872764,0.887552517455787,1,"CG10657"
20.1482590168354,-0.275437169777031,0.561013492461419,-0.490963539162959,0.623452235720536,1,"CG10663"
38.575219364716,-0.00515146465671467,0.472965519545153,-0.0108918397723132,0.991309741031324,1,"CG10680"
30.6828580939747,-0.118412917718628,0.39416399804861,-0.300415355803308,0.763860352084617,1,"CG1074"
125.437359890052,0,1.87261956755519,0,1,1,"CG10761"
97.7144313255763,0.138427779559932,0.260530871623539,0.531329660463259,0.595190355100032,1,"CG10764"
203.519738428156,0.130654542237539,0.342732337433589,0.381214516307075,0.703044078502183,1,"CG10814"
100.504175346276,-1.01311983054905,1.88634158392504,-0.537081851549377,0.591211076255884,1,"CG10834"
7.42449458534579,0,1.98897909335303,0,1,1,"CG10839"
64.8881636998863,0,1.89633550434226,0,1,1,"CG10859"
1238.83375318693,0.0175173149921718,0.154007631328794,0.113743162212357,0.909441396030436,1,"CG10863"
107.168215347586,0,1.87580028377641,0,1,1,"CG10887"
420.399073393019,0.0175887282975045,0.283614151930246,0.0620163986098632,0.950549772935664,1,"CG10898"
105.806048020063,0.0129340743703288,0.252532759989386,0.0512174118354878,0.959152277415209,1,"CG10907"
60.6236678579709,0,1.88874171585946,0,1,1,"CG10909"
1931.47491922527,-0.0415969595001041,1.01008234263608,-0.0411817509764063,0.96715100194118,1,"CG10911"
567.842790471184,-0.138348735630534,0.749884638687601,-0.18449335870203,0.853626436723036,1,"CG10912"
32.1292095660771,0.0145306834673798,0.437160885774132,0.0332387547473481,0.973484193366,1,"CG10916"
857.537111604613,-0.0981297668413161,0.212441547167179,-0.461914197810346,0.644142852056559,1,"CG10939"
31.1079456029392,0.175898752339736,0.482189282077045,0.364791916531298,0.715266739588898,1,"CG10947"
895.247511106528,0.13647785236381,0.258386804643035,0.528192035782772,0.597366056546449,1,"CG11000"
732.43621744096,-0.465307571726909,1.77102250623325,-0.262733855774968,0.792755720104122,1,"CG11018"
70.728044441172,-0.134885456016101,0.352357057616232,-0.382809008931534,0.70186138124006,1,"CG11029"
40.8381493947069,0,2.51763051773999,0,1,1,"CG11037"
44.1264640599835,0.117741277655247,0.36505512729134,0.322530129980289,0.747051115837093,1,"CG11050"
221.13207230653,0.0132122823438011,0.213416426227918,0.0619084602686161,0.950635730103628,1,"CG11110"
266.785373976266,0.0325133151479759,0.201752176233833,0.161154718402108,0.871971544351702,1,"CG11127"
483.111493160432,0.0696847962119056,0.186836536189876,0.372971998052283,0.70916928498578,1,"CG11155"
912.298514127696,-0.121249240199641,0.248045106291419,-0.488819320052176,0.624969618705446,1,"CG11159"
333.354262149449,0.53448587980279,1.45509986807228,0.367319035298161,0.713381056875227,1,"CG11251"
87.7106283557219,-0.0982492968523786,0.267455954334706,-0.36734757727407,0.713359769427061,1,"CG11257"
13.5287280383922,0,1.93093229046523,0,1,1,"CG11269"
388.432946206362,0.106380035857254,0.184543898830563,0.576448403503849,0.564312135480197,1,"CG11275"
8.41017297485551,-0.121186567020919,1.03568899439078,-0.117010577187995,0.90685167167814,1,"CG11294"
166.945595714252,0,1.87364082297205,0,1,1,"CG11298"
144.684698674751,0.138984935994264,0.56143613503367,0.247552530593581,0.804480642680234,1,"CG11322"
1274.83493075297,0.0031018901008014,0.659454412579132,0.00470372180643978,0.99624698683157,1,"CG11327"
133.416210636578,-0.193398288730446,0.37867349905246,-0.510725702259013,0.609543140697141,1,"CG11333"
897.007518662511,0.088218220353776,0.217847667666477,0.404953705948495,0.685511540145947,1,"CG1136"
264.780755702573,0.0414894134521483,0.260513994699398,0.159259825945329,0.873464170975037,1,"CG11360"
117.040899213445,-0.198860590529901,0.406300139668991,-0.489442584715603,0.624528393533006,1,"CG11368"
7.27821196617387,-0.0852026296737623,0.75699811976783,-0.11255329101728,0.910384718013059,1,"CG11378"
43.9562146537131,-0.168374090302601,0.32135814368416,-0.523945304053298,0.600316583147955,1,"CG11400"
116.196875762703,0.0326370039690962,0.294490462995312,0.110825334162403,0.911754855342182,1,"CG1142"
138.582248918296,0.120067159747303,0.268245791187925,0.447601280957983,0.654440978520473,1,"CG11425"
315.887993134909,0.0174708477446603,0.194600783485312,0.089777890056537,0.928463718405199,1,"CG11426"
63.5725309404829,-0.111957278287069,0.322974764526944,-0.346644043385405,0.728858753288227,1,"CG11436"
9.79817821558724,0,1.93437971343437,0,1,1,"CG11444"
198.006583228269,-0.135986251200378,0.24853334791393,-0.547154948588518,0.584272284278348,1,"CG11454"
43.6044393343602,0.0676778093805255,0.369576225997162,0.18312273522985,0.854701717266461,1,"CG11458"
145.516577009313,0.126647408777203,0.227819362862333,0.555911522119978,0.578271341128518,1,"CG1146"
8.40796254056637,0.0287178249484702,0.779645954575035,0.0368344436086038,0.970617010646076,1,"CG11474"
6.11222290502308,-0.160985486429659,0.888452782825806,-0.18119757126274,0.856212500900525,1,"CG11529"
481.377901592411,-0.0780579896725448,0.22031461720261,-0.354302363881555,0.723112296386489,1,"CG11562"
109.645763102468,0.0544053950698947,0.223650127827241,0.243261184773032,0.807803071401979,1,"CG11563"
20.3133590417484,0.222843899840916,0.645094696540105,0.345443701577636,0.729760827732124,1,"CG11570"
155.096574925892,-0.0874772162244185,0.215866464598307,-0.405237637940658,0.685302841330521,1,"CG11583"
346.988750324691,-0.114582447731686,0.224421830050041,-0.510567299563225,0.609654078445704,1,"CG11590"
10.3764438986133,0.208497151925159,0.610871910983586,0.341310753001313,0.732869653700159,1,"CG11594"
6.93015224472947,0,2.0379943240519,0,1,1,"CG11600"
53.3154562805011,0.0364185012879513,0.478176712734993,0.0761611770670533,0.939290869155073,1,"CG11626"
123.95069494293,0,1.87912315956491,0,1,1,"CG11630"
13.2506574202169,0,1.93220608049537,0,1,1,"CG11634"
314.977450327583,0,1.87232334334666,0,1,1,"CG11635"
285.398838343941,-0.0210329009108385,0.214942735920241,-0.0978535088463897,0.922048617306231,1,"CG11638"
225.501037664712,0.0428341213387059,0.205013325934324,0.208933351739427,0.83450026776259,1,"CG11655"
364.969187353618,-0.0843844477178046,0.242411808598512,-0.34810370091155,0.727762305026498,1,"CG11658"
49.1050653732764,0,1.88828449091027,0,1,1,"CG11666"
185.183617874203,0.111250935096285,0.194311472868451,0.572539199327678,0.566956737197774,1,"CG11679"
138.893244676857,-0.0541535111375488,0.201358181128518,-0.268941201365863,0.787974930495076,1,"CG11696"
311.877104016396,0,1.87433185192201,0,1,1,"CG11703"
75.6654993190048,-0.127350317863674,0.270197257989441,-0.471323501989981,0.637409735018571,1,"CG11737"
156.815146905145,0,1.8757580768327,0,1,1,"CG11756"
1233.40641368097,0.028921732202345,0.154244108130765,0.187506236399161,0.851263734467646,1,"CG11771"
74.3783292883449,0.00172211533679934,0.299931458024922,0.00574169628000889,0.995418814356758,1,"CG11777"
18.8263504100565,0,1.90795660362346,0,1,1,"CG11779"
56.1474121627253,-0.0547043222831537,0.288821525840312,-0.189405281077974,0.849775185683413,1,"CG11788"
251.309940627093,0.103949333374193,0.259807040117889,0.400102065467606,0.689081342985871,1,"CG11791"
42.3718007391969,-0.15760252339227,0.361493245356203,-0.435976399052697,0.662853853085288,1,"CG11808"
34.7823640787522,0.537198248161301,1.4934999185002,0.359690845313716,0.719078338857977,1,"CG11828"
36.5760931912242,0.0976361244161964,0.408670856916341,0.238911394741767,0.811174289661979,1,"CG11839"
111.571392439212,-0.104709173920565,0.591204042496728,-0.17711173536359,0.859420624164016,1,"CG11841"
52.4983540827206,-0.148751100264437,0.578106701347064,-0.257307344678461,0.796941523060482,1,"CG11842"
211.086015860416,0.0741162295513641,0.18075230040843,0.410043077647643,0.681774347641279,1,"CG11902"
175.615793909042,0.0730038369788747,0.219129320873649,0.333154124184819,0.739017945456684,1,"CG11906"
117.124063924926,-0.105662018726764,0.214619765750357,-0.492321936692767,0.622491774799541,1,"CG11920"
14.6858712945184,-0.0750326778790366,0.544112370340051,-0.137899231793138,0.890320057548832,1,"CG11961"
5.9862316937758,0.431753948641614,1.96452795559826,0.21977490694966,0.826046463202514,1,"CG11983"
139.007113490284,0.0399468861131801,0.244007974058633,0.16371139618405,0.869958345737832,1,"CG11986"
28.3906531820792,-0.23303680147041,0.738199249698299,-0.315682793724935,0.75224328798132,1,"CG12009"
325.265738560595,0,1.87003960709707,0,1,1,"CG12020"
174.092407305048,-0.067569199073201,0.195659414364297,-0.345340904207116,0.729838098869367,1,"CG12025"
453.516979328412,0.00966857680882114,0.228516761086954,0.0423101428658097,0.966251459690342,1,"CG12054"
129.747837248676,0.0778374209218881,0.227556405161666,0.342057701546959,0.732307468758936,1,"CG12056"
16.0732137438533,0,1.93101986454464,0,1,1,"CG12061"
6.9222331892251,0,2.03196713409454,0,1,1,"CG12069"
45.3167033741386,-0.233732366156892,0.511700956378951,-0.456775316213786,0.647832549436608,1,"CG1208"
54.5642314388132,0.227427018297016,0.542501151251211,0.419219420590139,0.675055780165228,1,"CG12105"
40.8150940365422,-0.0243522333651104,0.349981815878915,-0.0695814246918922,0.944526822049275,1,"CG12106"
191.685222888534,0,1.87340299235809,0,1,1,"CG12126"
275.210844480777,-1.01311400997629,1.87416740654995,-0.540567510904093,0.588805716464518,1,"CG12147"
18.8613380895683,-0.185422684415787,0.514551388374563,-0.360357951810267,0.718579466860082,1,"CG12158"
48.7341047709006,-0.0750411421501701,0.378846400295737,-0.198078012861126,0.842984027195285,1,"CG12159"
9.19529149091739,-0.207419206808467,0.791780091974657,-0.261965675710758,0.793347905105824,1,"CG12206"
52.494917448884,0,1.8827554347601,0,1,1,"CG12231"
645.544221868744,0.0434697018157352,0.123475161651082,0.35205219604063,0.724799118203147,1,"CG12237"
48.2227888107528,0.144441895888118,0.357353523964539,0.404198884862408,0.686066473701689,1,"CG12288"
215.437600466759,0,1.88104293466206,0,1,1,"CG12289"
146.859382670536,-0.0103391109320625,0.292334069222658,-0.0353674512161895,0.971786738632959,1,"CG12299"
120.103807834545,0.0716495707522413,0.248629353925471,0.288178244527471,0.773210301071875,1,"CG12301"
8.86528164973739,-0.282948388239846,0.82844139690825,-0.341543034058669,0.732694813821475,1,"CG12320"
295.589613498097,0.0643723569058115,0.169039534736575,0.380812435423033,0.703342431183078,1,"CG12341"
6.82825266812906,0,1.97174422445691,0,1,1,"CG12347"
15.3396638324006,0.00582986616069116,0.709513193576028,0.00821671282997284,0.993444085462237,1,"CG12355"
440.408843925812,-0.035788860003575,0.192766399454716,-0.185659223312839,0.852712007361754,1,"CG12375"
50.5430663086423,0,1.88389365209372,0,1,1,"CG12376"
1024.57788376071,0.0764226879190033,0.177267668339094,0.431114645073431,0.666385012494826,1,"CG12384"
135.2067793561,0.429514280771486,1.86573455407669,0.230211891521751,0.81792712190294,1,"CG12395"
8.02023607343747,0.105742698027152,0.704746494877419,0.150043595527984,0.880730220302566,1,"CG12398"
65.4425481673514,0,1.87656402570478,0,1,1,"CG12426"
144.498026860005,-1.01311808673249,1.87548470248665,-0.540190002823927,0.589066006366008,1,"CG12464"
957.678741366489,-0.207283549532985,0.472253874891044,-0.438923978296226,0.660716621672921,1,"CG12470"
51.9632953491234,0.428792647121484,1.87497966049917,0.228691892586892,0.819108396597294,1,"CG12477"
53.7297643169259,0,1.88247752767411,0,1,1,"CG12479"
25.8038342965116,0.312040616847698,0.636350770941518,0.490359454402823,0.623879562410694,1,"CG12483"
96.318880526383,0.429665547540347,1.87226095832095,0.22949020307814,0.818487934277872,1,"CG12498"
252.271708561237,0,1.87197953370357,0,1,1,"CG12516"
214.579944066639,0,1.87268897242653,0,1,1,"CG12521"
123.110360966702,-0.0363773895897092,0.258568962047537,-0.140687379110187,0.888116915934051,1,"CG12581"
38.5018194535159,-1.01312578218787,1.88452465289315,-0.537602827658689,0.590851277656193,1,"CG12589"
195.281551895121,0.0991083641368624,0.290096073761827,0.341639798331886,0.732621982642436,1,"CG12605"
159.745380754981,-0.0751971702543427,0.210407627997744,-0.3573880422964,0.720801327339721,1,"CG12608"
53.5997737485311,0,1.88399951198527,0,1,1,"CG12620"
221.270755349235,0,1.87329786735256,0,1,1,"CG12679"
73.7350532962443,0,1.8778584144861,0,1,1,"CG12682"
474.216067490702,0.531473498371811,1.03677650760185,0.512621085137386,0.608216401008624,1,"CG12693"
299.385654603633,-0.465770762541362,1.77335965625614,-0.262648786949785,0.792821293228248,1,"CG12698"
74.3318897322698,0.052230078509822,0.344442769972139,0.151636448963776,0.879473683698391,1,"CG12713"
14.3217638215259,-0.157621273025475,0.567198191139364,-0.277894526970991,0.781093325341025,1,"CG12716"
385.107584394791,-0.394966541048798,1.36418611946171,-0.289525406697913,0.772179340281701,1,"CG12723"
48.4681052496315,0.0767050477973223,0.463774504230467,0.165392981066516,0.86863467789445,1,"CG12725"
109.432616499079,0,1.87934847272681,0,1,1,"CG12729"
9.10310703852596,0.0338050234322421,0.777215160922753,0.0434950643424234,0.96530689888881,1,"CG1273"
17.4220526062538,-0.155647589173512,0.615071566323745,-0.253056063221733,0.800224890483273,1,"CG12773"
126.070211961987,0.535711779363974,1.05002680852825,0.510188668530132,0.609919290047069,1,"CG12782"
265.752996095918,-0.00875237957246003,0.228226255193594,-0.0383495736064011,0.969408965810108,1,"CG12795"
1103.7880924934,-0.108731595513544,0.192973749680578,-0.563452778906575,0.573126606363772,1,"CG12811"
113.592327641425,0.0867127235288328,0.235738297417497,0.367834689903028,0.712996500870719,1,"CG12818"
13.2346144132824,0,1.95566032088576,0,1,1,"CG12828"
33.1341452127237,0,1.89536244183742,0,1,1,"CG12831"
3131.07344534501,0.121575047557411,0.803658076891138,0.151277080456543,0.879757148344659,1,"CG12861"
15.6988344958106,0,1.910112119453,0,1,1,"CG1288"
337.446369394053,0.123218684383841,0.320278874836011,0.384723108718712,0.700442572292521,1,"CG12880"
57.552246162124,-0.17494248582871,0.363197491602308,-0.481673166455311,0.630038141006408,1,"CG12909"
29.8962363765727,-0.0195139159019346,0.494611245407773,-0.0394530372754601,0.968529195165216,1,"CG12910"
109.194572322833,-0.202375901192684,1.07479225805919,-0.188293039585273,0.850646941376257,1,"CG12917"
7.62291002215556,0.121404910095024,1.25562407669108,0.0966888994474839,0.922973455482534,1,"CG12923"
156.93197437872,0.11307187784742,0.380479227934,0.297182788299376,0.766326961552152,1,"CG12947"
150.432761602627,-0.0635221837251674,0.3222842784593,-0.197099852431025,0.84374939890543,1,"CG12963"
13.6184898145264,-0.0551502553885971,0.843452620819752,-0.0653863110117513,0.947866422985596,1,"CG12984"
39.9274702070991,-0.256169770838687,0.829803878537046,-0.30871122377774,0.757541205256582,1,"CG12990"
9.10600223749588,-0.0525469243045572,0.681082599116787,-0.0771520581684203,0.938502579947772,1,"CG12998"
80.7174059655151,0.137569049115497,0.287853041013893,0.477914176730402,0.632711290710479,1,"CG13001"
31.1216470356461,-0.0407517234841778,0.427597852713229,-0.0953038543706349,0.924073481246747,1,"CG13005"
154.474437197873,0.0326223452416184,0.58483671581037,0.0557802620111081,0.955516859092142,1,"CG13010"
103.736140056188,-0.0524335652949871,0.337756371084631,-0.155240788283603,0.876631493646107,1,"CG13016"
60.5818053489914,0.136149946052525,0.568291140082453,0.239577808713983,0.810657569891505,1,"CG13038"
20.3531510354853,0,1.89992393175893,0,1,1,"CG13039"
1083.21482906625,-0.174466310585453,0.99412088929457,-0.175498083245444,0.860688276756956,1,"CG13042"
27.4268828504225,-0.271353377355805,0.479722456366719,-0.565646602018504,0.571634041434132,1,"CG13043"
33.9757129533161,0.858850183934663,1.50979046705195,0.568853892428976,0.569455297776219,1,"CG13045"
6602.48489008355,-0.0304006773076776,0.404021385025302,-0.0752452182841107,0.940019607316435,1,"CG13051"
138.634099378606,-0.112263898710596,0.309305051288172,-0.362955270995566,0.716638297641994,1,"CG13054"
16.897952901998,0.213862579577449,0.578731492624084,0.369536792628571,0.711727654219439,1,"CG13058"
128.545028402453,-0.158223056400764,0.293996752944335,-0.538179605101698,0.590453058843337,1,"CG13059"
27.5976536826817,-0.0967513019874676,0.768406696937089,-0.125911580902566,0.899801915402922,1,"CG13060"
1043.68769797344,0.219315057703947,0.717503998169329,0.305663882380471,0.759860575583482,1,"CG13062"
15967.7742166249,-0.0925856945584854,0.335311516213927,-0.276118445330748,0.78245709386534,1,"CG13065"
3605.96658757228,0.0106845704100338,0.414687248003709,0.0257653700746019,0.979444483350598,1,"CG13069"
2551.80955522496,-0.182516372611103,0.466929955356047,-0.390885978758696,0.695881518437565,1,"CG13071"
11.3673462608283,-0.314567702312411,0.986357643070594,-0.3189185023529,0.749788313519312,1,"CG13074"
115.068805028739,0.0225627898356198,0.962088876765461,0.0234518768281324,0.981289824642568,1,"CG13082"
819.489994524223,0.0852911258804503,0.177581481951846,0.480292905222959,0.631019133006812,1,"CG1309"
154.22174839983,-0.152189693212908,0.260621191911829,-0.583949801228734,0.559254085855608,1,"CG13097"
152.429622629537,-0.0298951814166503,0.262685144367112,-0.11380613657722,0.909391473917559,1,"CG13133"
21.1905125653433,-0.0301278397643582,0.526117192974139,-0.0572645033591197,0.9543344961483,1,"CG1317"
16.1221310271031,0,1.92309746282657,0,1,1,"CG13171"
13.0250113754055,-0.0382837571260125,0.630943586882701,-0.0606769890714967,0.951616457967467,1,"CG13196"
30.2388187808264,-0.176781575020385,0.444479156741246,-0.397727480218603,0.690831078675517,1,"CG13197"
23.564632905222,-0.0844530681905045,0.950472365577458,-0.0888537860216432,0.929198111627062,1,"CG13217"
9.59494424511938,0,1.99068346143373,0,1,1,"CG13230"
2859.63376664872,-0.21588928495316,0.407838381335211,-0.529350092667508,0.596562612160441,1,"CG13239"
227.353675742765,0.429054943091739,1.86299388667898,0.230303999470757,0.817855553009225,1,"CG13244"
143.496163990285,0.0508378261303186,0.245222063913914,0.207313425712645,0.835765089705912,1,"CG13248"
10.155897966008,0.539653555251468,1.10950509170064,0.486391238118873,0.62668980160793,1,"CG13280"
7.78516224858395,0.542050491003934,1.09725989506054,0.494003739172503,0.621303538758826,1,"CG13288"
213.98799535042,0.0710620964568502,0.265842665865236,0.267308846853326,0.789231375726447,1,"CG13295"
7.29389910505451,-0.404659214689639,1.08577252920675,-0.372692441376535,0.709377362725816,1,"CG13297"
263.875494371106,-0.222094804518038,1.15468868556765,-0.192341717117333,0.847474542866889,1,"CG13309"
5.71412702954996,-0.20216581262161,1.28599815425288,-0.157205367638386,0.875082998138946,1,"CG13312"
16.3488182340233,-0.0415535594797216,0.563890500064821,-0.0736908308881688,0.941256394843943,1,"CG13313"
37.7614150239392,0,1.91050269135489,0,1,1,"CG13337"
204.373008181119,0.53501668459843,1.46159281491171,0.366050434252271,0.714327442171063,1,"CG13359"
44.5744874179031,0.0985174154105865,0.318917930222041,0.308911497519113,0.757388850526077,1,"CG13373"
283.865585031286,-0.00986384501839614,0.211367564674529,-0.0466667865222595,0.962778802007396,1,"CG13375"
59.2385142910979,-0.25259211436377,0.441365699628053,-0.572296656891629,0.567121014224907,1,"CG13377"
238.910263730046,0,1.8776315752754,0,1,1,"CG13385"
12.7891899919642,-0.178915568620561,0.611389440556226,-0.292637649184436,0.769799133009325,1,"CG13398"
34.3928370617295,0,1.89282921516601,0,1,1,"CG13405"
52.7159914282177,-0.115678841535341,0.329135739834152,-0.351462413634055,0.725241465671335,1,"CG13408"
31.8651283807496,0.205898713606046,1.02612311086313,0.200656930368574,0.840966839266586,1,"CG13423"
22.9101458421685,0,1.90307057686887,0,1,1,"CG13426"
535.424869688521,-0.0873532522004861,0.401119140703033,-0.217773831603707,0.827605334582735,1,"CG13436"
17.7299128259549,0.0244190355719194,0.472616733789113,0.0516677337599636,0.958793447614083,1,"CG13437"
15.5849708924093,0,1.90362871349969,0,1,1,"CG13474"
374.408364283191,0.27044057687596,0.661385072958894,0.408900333456374,0.682612804305418,1,"CG13492"
142.689963655026,-1.01311786166579,1.87564913797389,-0.540142525142087,0.589098745744726,1,"CG13526"
62.5188556675148,-0.148817628171798,0.345334224704412,-0.43093796538463,0.666513477332968,1,"CG13532"
162.916001290845,-0.202538752615567,1.06978394501452,-0.189326782813905,0.849836705258044,1,"CG13538"
9.34418388357794,0,1.95287098711632,0,1,1,"CG13539"
6.173340807274,0.203973434033487,0.825276545836315,0.24715767709936,0.804786198098175,1,"CG13545"
6.25899713161359,0,2.01162916641054,0,1,1,"CG13561"
20.8260746698218,0.153258924280661,0.417584812231823,0.36701268770182,0.71360955400568,1,"CG13563"
103.838596292711,0.138578012814346,0.403980890568136,0.343031108772145,0.731575057051462,1,"CG13566"
27.3485728654655,0,1.91082209467889,0,1,1,"CG13577"
281.58290667469,-1.0131138956172,1.8721787810717,-0.541141639815646,0.588409959317713,1,"CG13581"
31.3895443188128,-0.299460309282303,0.529174331367129,-0.565901049109173,0.571461048361027,1,"CG13599"
504.024545899998,-0.00719054202758987,0.136450751160991,-0.0526969765018452,0.957973348082381,1,"CG13603"
307.483151785993,0.43166418026076,1.01567947620454,0.425000396654494,0.670836385585687,1,"CG13606"
24.8240225357388,0.000792408064795051,0.495042489118425,0.00160068697579106,0.998722837120729,1,"CG13609"
565.163944303969,-0.118843293511888,0.261842214202779,-0.4538736959345,0.64991973693324,1,"CG13631"
67.2630141851642,0.544678716213292,1.05950243898439,0.514089157487365,0.607189657599536,1,"CG13639"
20.7055328507819,-0.13093775933055,0.605124791708545,-0.216381416072629,0.82869045097375,1,"CG13640"
7.6881224753738,0.0036059100057837,0.933634084481421,0.00386223046664644,0.996918393601699,1,"CG13670"
105.898505452313,-0.045288008067768,0.252571214747945,-0.179307876049784,0.857695962884158,1,"CG13671"
8819.08952534662,0.203289522960907,0.429318712001646,0.473516567710488,0.635844683747822,1,"CG13678"
123.285340550695,-0.0139048956706566,0.286840154574713,-0.0484761127369804,0.961336801329798,1,"CG13685"
391.339733011413,0,1.87609141276105,0,1,1,"CG13693"
62.1337977174519,0,1.87981659043609,0,1,1,"CG13723"
482.666994147298,0,1.87282905015078,0,1,1,"CG13725"
487.730936174964,0.184405342552905,0.52530257734446,0.351045950478906,0.725553875814351,1,"CG13733"
13.1454715397925,0,1.90777628032485,0,1,1,"CG13801"
26.4392249569083,-0.0682540542893559,0.440291600566513,-0.1550201144004,0.876805459995633,1,"CG13813"
395.999716739804,0.0389507851342552,0.361896491798355,0.107629628960201,0.914289492996272,1,"CG13833"
113.229141760217,-1.01311925188072,1.87734461921006,-0.539655448186716,0.589434669868477,1,"CG13838"
42.856003399131,0.0139706915986036,0.372322981984326,0.0375230439016836,0.970067966706122,1,"CG13842"
213.984660209293,-0.129949950254266,0.575179708241845,-0.225929302428775,0.8212564069464,1,"CG13843"
8.25688691347256,0.0366892175131441,0.815556759082347,0.0449867125795467,0.964117900057603,1,"CG13857"
50.0268208632353,-0.2067097099245,0.386061989336087,-0.535431396082219,0.59235158482219,1,"CG13868"
419.696806931393,-0.466232171744819,1.77117505250237,-0.263233253588409,0.792370801666262,1,"CG1387"
25.3189363255084,0.103527087815815,0.471974703619402,0.219348806243011,0.826378345591009,1,"CG13875"
135.01830865974,-0.164354068720214,0.288737737474593,-0.569215753221991,0.569209731244114,1,"CG13876"
154.66447574108,-0.159314946996305,0.286650423298108,-0.555781307291571,0.578360365631055,1,"CG13893"
62.7720569838926,0.150385095355573,0.286618931405519,0.524686539783386,0.599801115915552,1,"CG13894"
855.87009237099,0.53603921272702,0.932460363281534,0.574865413947012,0.565382322398338,1,"CG13898"
66.1612339345914,-0.0379680191022848,0.331075068701473,-0.11468099742817,0.908697976396089,1,"CG13912"
7.9379370528715,-0.0826358170177214,0.907049696786353,-0.091103957490419,0.927409988100034,1,"CG13917"
57.1526915011375,-0.00899047855798401,0.31165692816604,-0.0288473566459405,0.976986331437196,1,"CG13919"
17.3134625517812,0.542588755919861,1.24949535522979,0.434246316842112,0.664109582395276,1,"CG13970"
548.924885244039,0,1.875821972539,0,1,1,"CG13991"
124.715299463499,-0.0268494132223948,0.303466424458401,-0.0884757293012338,0.929498573888496,1,"CG13995"
15.1174209841926,0.0730645471784709,0.637955799130927,0.114529168443966,0.90881832544571,1,"CG13996"
139.458887773402,-0.464443913770545,1.04911734864994,-0.442699679276315,0.657982974467845,1,"CG14000"
8.3871586786272,0,1.96809404402141,0,1,1,"CG14006"
212.964983813714,0,1.87933356094451,0,1,1,"CG14013"
4.99853927464478,0,2.04072737727634,0,1,1,"CG14014"
181.947134018896,0,1.87146230565514,0,1,1,"CG14017"
49.4942681590772,0.0281908024089821,0.390940814416693,0.0721101541957048,0.942514245385236,1,"CG14024"
8.47029064758709,0.429170732923633,0.750169416390249,0.572098413434082,0.567255303936853,1,"CG14050"
20.1445301110647,0.530339932901041,1.10055325000791,0.481884845551298,0.629887752111716,1,"CG14053"
43.3521011440697,-0.0720506697174834,0.343780756615235,-0.209583196066217,0.833992995962451,1,"CG14074"
71.6649466683151,0.060110609065289,0.317522856273069,0.189311124782759,0.8498489766632,1,"CG14075"
41.130979452321,-0.232993701633671,0.402815050672911,-0.578413595133673,0.562984917479504,1,"CG14082"
10.5621061545221,-0.124288763106944,0.636924999387339,-0.195138773366562,0.845284309240461,1,"CG14085"
6405.06241322307,0.310897434969543,0.902059286450425,0.34465299525147,0.730355259580568,1,"CG14095"
39.4597164466094,0.0273534408284835,0.380517865417868,0.0718847741838486,0.942693607140754,1,"CG14102"
40.6414898901367,-0.173800081587608,0.433373875328275,-0.401039590713576,0.688390975662285,1,"CG14105"
152.819012721474,-0.465171141492861,1.77370260193316,-0.262259941991329,0.793121043048595,1,"CG14106"
4.95952563430006,0,2.00822957885157,0,1,1,"CG14111"
180.691013630685,0.429502911475812,1.86515744956715,0.230277026518854,0.817876511133603,1,"CG14113"
261.523404067038,-0.0112570102991197,0.218169869559703,-0.0515974562474548,0.958849446262408,1,"CG14130"
555.303034878683,0.143382119454079,0.278661737141927,0.514538238814796,0.60687573283538,1,"CG14132"
5388.25618719635,0.492809042233765,1.0937706588436,0.450559756973908,0.652306876463022,1,"CG14147"
112.906470876035,0,1.87593544714517,0,1,1,"CG14151"
344.039532123294,-0.0814894344510495,0.307769236972138,-0.264774463012451,0.79118321054797,1,"CG14153"
23.8019263365001,0.196819592185631,0.484956345553207,0.405850122367431,0.684852728074408,1,"CG14160"
117.274681493565,0.130352833842452,0.316368735254756,0.412028178882738,0.680318769339482,1,"CG14174"
994.371767431821,-0.0208950182503825,0.367381787846986,-0.0568754874127981,0.954644380907788,1,"CG14183"
220.513025018836,-0.0282778672407905,0.253897782422714,-0.11137500678801,0.911318978432685,1,"CG14186"
74.3608324701133,-0.46672406941027,1.77216404093414,-0.263363920398843,0.792270096588297,1,"CG14190"
173.578328432102,0.225648789633814,0.399444511879228,0.564906471169742,0.572137381916103,1,"CG14196"
32.2859211891985,0.167945271235099,0.390118490474417,0.430498105923828,0.666833344208825,1,"CG14207"
19.020729939064,-0.157844058760194,0.496701707271505,-0.317784409534784,0.750648477550995,1,"CG14220"
7.53381777923607,0.124745172181964,0.899312821497572,0.138711657612346,0.889678005718547,1,"CG14238"
143.008334391915,0.0474889296425218,0.325827078837826,0.145748873334615,0.884119637944177,1,"CG14252"
39.4616773812251,-0.12027387356861,0.434667142995296,-0.276703393635419,0.782007865839613,1,"CG14258"
243.261118166369,0.0804244208248643,0.417779832610876,0.19250431578341,0.847347187628925,1,"CG14282"
216.15733387338,-0.0200560166978959,0.184708868956157,-0.108581774179216,0.913534217368286,1,"CG14285"
129.172055278354,-0.464231719467861,1.26813071437734,-0.366075605775231,0.714308659759171,1,"CG14294"
622.199777577451,-0.0181425557781238,0.258856057333981,-0.0700874299213941,0.944124071567875,1,"CG14301"
8.99334790817175,0.203988937649854,0.759239297949984,0.268675420517145,0.78817946808713,1,"CG14302"
177.834120804721,0.168247265932641,0.291020177990365,0.578129211158037,0.563176886707657,1,"CG14314"
11.869778042389,0,1.9276639012213,0,1,1,"CG14330"
12.8689536445958,-0.25147454905354,0.720069842972022,-0.349236329653248,0.726911894044621,1,"CG14331"
40.5425574061647,-0.167631037436966,0.399361739874483,-0.419747363604865,0.674670020776096,1,"CG14352"
117.939220866149,0,1.87617344602767,0,1,1,"CG14354"
2102.14695779368,0,1.87393976235883,0,1,1,"CG14355"
128.51643493797,0,1.87954205458591,0,1,1,"CG14362"
88.343845641477,0,1.87766110768119,0,1,1,"CG14370"
111.47971185003,0,1.87488605401709,0,1,1,"CG14380"
315.210931322982,-0.465465496830777,1.76822912283846,-0.263238225645547,0.792366969632059,1,"CG14391"
219.194381021687,0.18912205886731,0.381439598251212,0.495811288954736,0.620027559362726,1,"CG14397"
57.716031049339,0.139958076720256,0.464620606032554,0.301230885808903,0.763238439488199,1,"CG14419"
166.910270095104,0.0108727948099751,0.242244458171863,0.0448835646934026,0.964200117116512,1,"CG14441"
11.4267910565055,0,1.91915245112049,0,1,1,"CG14452"
12.9078808080508,-0.275172332780834,0.550997488175192,-0.499407599283542,0.617492266713959,1,"CG14483"
48.4833188445508,-0.15488105375639,0.35601717734191,-0.435038148756642,0.663534737170039,1,"CG14511"
803.609937615673,0.119636200399529,0.664289908125535,0.180096368974072,0.857076913141851,1,"CG14515"
203.852202441586,-1.01311576736788,1.87337862270704,-0.540796054298906,0.588648162764168,1,"CG14537"
256.961349980067,0,1.87752492460447,0,1,1,"CG14546"
62.4616818841914,-0.203704256614715,0.367591908126673,-0.554158707281766,0.579470235223312,1,"CG14562"
868.676295185651,-0.117326343875313,1.30927753653527,-0.0896115152069228,0.928595933413629,1,"CG14565"
930.059386095813,-0.274700692819399,0.961290498057547,-0.285762413520657,0.775060097824206,1,"CG14568"
479.262652327536,0.0306994558970942,0.943195838364687,0.0325483368865589,0.974034769168635,1,"CG14569"
1086.86237499809,0.00484695226158615,1.25233498726525,0.00387033206839532,0.996911929507059,1,"CG14572"
888.969702224576,-0.286835265474272,1.07540390192955,-0.266723288765846,0.789682221462357,1,"CG14573"
316.179769683234,0.177089871274115,0.45935055295417,0.385522277343994,0.69985050467375,1,"CG14607"
70.1286972080851,-1.01312173433546,1.88565152926764,-0.537279406407052,0.591074628276541,1,"CG14628"
4859.95376956646,0.00555831306332575,0.260480247075161,0.0213387123428285,0.982975462877998,1,"CG14629"
16.4622522738218,0.209026429394937,1.10217511036975,0.189649019859297,0.849584171925184,1,"CG14634"
567.058772362983,0.015185657321598,0.16557414433717,0.0917151490191268,0.926924360946164,1,"CG14641"
24.5846735231861,0.204186682376358,0.458913790374168,0.444934727740209,0.656366925054745,1,"CG14657"
26.0758501987371,0,1.92733089300841,0,1,1,"CG14659"
165.5445831219,-0.0109600124933772,0.207801228252126,-0.0527427705098998,0.957936860492162,1,"CG14667"
216.160449799537,0.534542943253474,1.20178357957742,0.444791352068093,0.656470544535237,1,"CG14668"
732.5574397443,0.00941660274553447,0.201263063072946,0.046787535684685,0.962682563237589,1,"CG1468"
64.1825693448723,0.248082030358361,0.599602182511279,0.413744375177778,0.679061324958414,1,"CG14684"
1053.19517444145,-0.113327108105319,0.319421426112855,-0.354788686170599,0.722747904855414,1,"CG14687"
415.95482158653,0.533197768715272,1.45724875882317,0.365893445087486,0.714444587782714,1,"CG14689"
75.0071338712708,-0.200810027461653,0.415563187525075,-0.483223811660497,0.628936829879114,1,"CG14692"
93.5956064862862,-0.00541923583797868,0.266817190589264,-0.0203106697361228,0.98379554432491,1,"CG14710"
704.279392206862,0.0684018543220568,0.208145949685413,0.328624479243713,0.742439543061923,1,"CG14712"
25.0898053473338,0,1.91299243571689,0,1,1,"CG14717"
2210.97477516079,0.365040776536388,0.727735692288513,0.501611753284277,0.615940650215448,1,"CG14718"
9.12359678708832,-0.294055902227514,0.99532678682889,-0.295436540158209,0.767660423315084,1,"CG14720"
7.04042160208524,0,2.04332841271738,0,1,1,"CG14721"
435.877017994521,0.0189979204283381,0.149905153946766,0.126732936981504,0.899151776073903,1,"CG14722"
483.983488303365,0,1.87257224058908,0,1,1,"CG14739"
33.6724517603857,0.0212581905392766,0.369754527255537,0.057492711981279,0.95415271150408,1,"CG14762"
14.3599390701613,0.269855497533563,0.564914762525559,0.477692415625895,0.632869143257011,1,"CG14777"
1267.70566944849,0.0913369836219391,0.296266606888146,0.308293211244097,0.757859231290956,1,"CG14787"
96.2322573346678,-0.155421906292684,0.491273057254908,-0.316365621923452,0.751725007653993,1,"CG14834"
389.010602004292,0.53426457431046,1.45119086762091,0.368155965029146,0.712756942714733,1,"CG14835"
25.1019879815568,0.14597389211693,0.488301374882374,0.298942209925362,0.764984139999416,1,"CG14837"
95.8316242004187,0,1.88443323535364,0,1,1,"CG14839"
138.442814659363,0,1.87811697199532,0,1,1,"CG14840"
10.019056823853,-0.135183321556119,0.593972328224053,-0.227591951901716,0.819963477225077,1,"CG14854"
127.553230495472,0.0257341040311767,0.235548819098259,0.109251679247187,0.913002871471817,1,"CG14856"
237.452665468613,0.0195684866374234,0.234020503536829,0.0836186844386643,0.933359610929165,1,"CG14868"
357.754100040078,-0.0877528600036839,0.194984494457131,-0.450050452719343,0.652674061857518,1,"CG14883"
205.280418866786,-0.234158907946365,0.849273244377651,-0.275716807866656,0.782765585036373,1,"CG14949"
32043.5720054054,0.152962883400399,0.447857839019215,0.341543387373502,0.732694547889032,1,"CG14961"
40.1924721715335,0.0141892012568512,0.435900655618488,0.0325514565623182,0.97403228134578,1,"CG14965"
429.639432631698,0.0145812660533212,0.165449442718502,0.088131249122005,0.929772359796481,1,"CG14969"
43.8426941949549,0,1.88240818052497,0,1,1,"CG14983"
1490.70715014599,-0.124568266027492,0.225612244077275,-0.552134333564034,0.580856320422076,1,"CG14989"
124.503697627623,-0.0168983245660459,0.23606998583909,-0.0715818425878338,0.942934690517215,1,"CG15011"
901.203845996472,-0.0265747271502921,0.178890243103269,-0.148553250805027,0.881906164030787,1,"CG15012"
158.324401757368,0.0265775127822261,0.207435538439679,0.128124201774397,0.898050683644943,1,"CG15014"
64.3258427013756,0.0472918530935766,0.393924919497554,0.120052961244231,0.904441194290504,1,"CG15024"
347.423832439404,0,1.87343384280228,0,1,1,"CG15025"
5.76487864918319,0,2.09550851492291,0,1,1,"CG15034"
453.363959510918,0,1.87127960122935,0,1,1,"CG15035"
14.5983142952151,0.131361129606855,0.520628283996927,0.252312703025621,0.800799370113688,1,"CG15036"
950.765778743782,-0.451774742990864,0.859199362595642,-0.525808982942041,0.599020932543757,1,"CG15044"
76.0002425733069,0.0508473450185613,0.270777712433801,0.187782607961105,0.851047070064105,1,"CG15046"
50.2051306499858,-0.267789144029762,0.730929618950769,-0.366367892457507,0.714090574830332,1,"CG15096"
29.514010660396,0.15195181087868,0.405722050886307,0.374521943154774,0.708016034257707,1,"CG15117"
34.5710791042032,-0.0103481838771125,0.403439394856751,-0.0256499092776668,0.97953657730112,1,"CG15118"
19.3524696513325,-0.118391937050634,0.527735459861995,-0.224339552778192,0.822493101754432,1,"CG15120"
304.048010606264,0,1.86949450939922,0,1,1,"CG15124"
29.7565453526961,0,1.8881418463679,0,1,1,"CG15136"
215.318931320126,0.0405271734073554,0.202189137629099,0.200441892589203,0.84113499866724,1,"CG15141"
157.210037033762,-1.01311720333611,1.87640320370131,-0.539925108493569,0.589248681354863,1,"CG15147"
55.7347846156832,0,1.8831613301427,0,1,1,"CG15167"
16.6577772242041,0,1.91610290017964,0,1,1,"CG15185"
13.9569567340454,-0.107941274589691,0.600606463365363,-0.179720467849891,0.857372024055266,1,"CG15186"
423.583646230805,0.428980795236516,1.86662150838101,0.229816700016806,0.818234207284,1,"CG15200"
71.9221499243005,-0.151432406441192,0.404666966102065,-0.374214895522254,0.708244442754308,1,"CG15221"
231.645053844068,0.0498603372334279,0.201384022924032,0.247588346431219,0.804452928248631,1,"CG1523"
379.812465695738,0.00734846808936985,0.500997024326247,0.0146676880950586,0.988297297749774,1,"CG15239"
306.682979687445,0,1.87462598684228,0,1,1,"CG15258"
375.351797885029,0.428987343061494,1.86629704031518,0.229860163625961,0.81820043232021,1,"CG15260"
24.3323325600616,0,1.90030765874008,0,1,1,"CG15278"
10.2775358836088,-0.357510843477294,0.655469065625572,-0.545427484264401,0.585459541912163,1,"CG15279"
148.73169126479,0,1.87798279267711,0,1,1,"CG15283"
128.431170766837,-1.01311852839168,1.87420302790885,-0.540559647650381,0.588811137596436,1,"CG15333"
36.2606320033026,-0.0433519290009154,0.395815541924936,-0.109525585554538,0.912785629499576,1,"CG15336"
270.937786482305,-0.0380749764786519,0.237255595836001,-0.160480836477174,0.872502316250674,1,"CG1537"
24.9082872486548,-1.01312807150189,1.89527566046046,-0.534554467530992,0.592957976084723,1,"CG15375"
44.8485277986543,-0.190005729897841,0.345072775505618,-0.550625095298914,0.581890702114848,1,"CG15385"
65.4431439280322,-0.14495626399604,0.864797429915328,-0.167618749757654,0.866883219725877,1,"CG15399"
362.836024422373,0,1.87040008712655,0,1,1,"CG15403"
41.1964644681558,-0.0689894516218002,0.561092424213685,-0.122955592776862,0.902142262887928,1,"CG15408"
1173.27324276665,0.0540987843051114,0.289647201496717,0.186774752269528,0.851837243317702,1,"CG15414"
237.527681746394,0.0039976540722922,0.18269368188984,0.0218817313819462,0.982542297532069,1,"CG1542"
218.763110279716,-0.213166837486463,0.397632831998751,-0.5360896292566,0.591896607212654,1,"CG15422"
129.819367603042,0.142861247967229,0.245083679409048,0.582908043129186,0.559955205822459,1,"CG15439"
182.377804567988,0.118781532556204,0.238341084723423,0.498367844108963,0.618224797002408,1,"CG1545"
177.575372101003,0,1.87208986715645,0,1,1,"CG15452"
105.578564317589,0,1.87473445792957,0,1,1,"CG15458"
247.214651293592,0.533593326858863,1.45612782297216,0.366446762736615,0.714031731061346,1,"CG15459"
85.4782695911266,-0.310353807354926,0.858849247807978,-0.361360050261481,0.71783030839263,1,"CG15461"
145.854932066439,-0.0511630974229671,1.33232696917334,-0.0384013073417796,0.969367718644389,1,"CG15468"
28.2395064867738,-0.178479578176953,0.497165352818527,-0.358994401289466,0.719599277618203,1,"CG15473"
584.114281475606,0.11801116295294,1.12001383512568,0.105365808217625,0.916085546094408,1,"CG15475"
251.745704922297,0,1.87149591771192,0,1,1,"CG15483"
253.316954068741,-0.0336218331529549,0.309992140748827,-0.108460276030666,0.913630589711535,1,"CG15506"
477.075725104142,0.0244550661965439,0.507804706973976,0.0481584078695774,0.961589997414338,1,"CG15515"
88.0996215233474,-0.0882544471116255,0.301977082478481,-0.292255446629513,0.770091320844516,1,"CG15525"
95.7674671206746,0.0965322265212977,0.277544792510592,0.347807738160369,0.727984577871455,1,"CG15545"
1195.40529884232,0.118042479979873,0.240994393359367,0.489814216564987,0.624265369773171,1,"CG15546"
590.689270439095,-0.0637661901233534,0.260486450153043,-0.244796572281933,0.806613948109999,1,"CG15547"
54.1612035007121,0,1.89280486831467,0,1,1,"CG15549"
6.09069939776942,-0.462950344853508,0.805689178225723,-0.574601666951777,0.565560724431443,1,"CG15550"
30.9803313742025,0.154361912103336,0.470561215051986,0.328037898504411,0.742883007791575,1,"CG15561"
9.73535775679476,0.384801538167967,0.7007106525315,0.549158967082592,0.58289636108819,1,"CG15564"
442.467571862956,0.429495701553589,1.8646203902567,0.230339485612115,0.817827980290531,1,"CG15572"
315.770659697056,0,1.87256423169423,0,1,1,"CG15576"
78.1162176587685,0,1.87720978960858,0,1,1,"CG15578"
331.75670856321,0.429524222287107,1.86590813257519,0.230195803742121,0.8179396224411,1,"CG15580"
4596.04393609625,-0.145331544640091,2.28107719736821,-0.0637118045841532,0.949199705146431,1,"CG15617"
53.2202645140069,0.000342489609287357,0.462037328864581,0.000741259608025607,0.999408560457372,1,"CG15628"
172.930472243458,-0.0429802072591035,0.438879115183751,-0.0979317670222435,0.921986474785373,1,"CG15629"
19.0270488197368,0,1.97936427050034,0,1,1,"CG15635"
8.53740488158259,-0.686410627911549,1.24396466722026,-0.551792704406461,0.581090386297581,1,"CG15649"
109.253509704672,0.105186627714933,0.27929508537795,0.376614674664224,0.706459980664221,1,"CG15651"
152.604054952011,-0.0404592663876226,0.227118373861822,-0.178141757972598,0.858611648362143,1,"CG15673"
4.52575912964778,0,2.10957204531011,0,1,1,"CG15676"
345.1654689917,0,1.87099748805006,0,1,1,"CG15708"
23.8952205768815,0,1.9352974364211,0,1,1,"CG15710"
10.1247391309474,0.339281313846551,0.595480336718484,0.569760734193558,0.56883999086228,1,"CG1572"
83.8175514820212,-0.0848112779934041,0.345173168268422,-0.245706462118316,0.80590946948173,1,"CG15760"
449.907602669284,-0.108716351856755,0.243092396822393,-0.447222345403853,0.654714528987019,1,"CG15765"
54.1439392316462,0,1.88348271130407,0,1,1,"CG15767"
11.2347673290948,0.0511663280516688,0.624709537459293,0.0819041890408194,0.934722903261254,1,"CG1582"
26.749312805735,0.177121727358503,0.370522711518039,0.478032039204377,0.632627401419006,1,"CG15820"
12.1059648193599,-0.117519893065683,0.642578573792318,-0.182887973329259,0.854885919634002,1,"CG15822"
52.5725296316123,-0.334778192970143,0.636400687706435,-0.526049389067556,0.598853891830591,1,"CG15865"
6.7271027202142,0.145447961995936,0.769650037482712,0.188979347641756,0.850109003323201,1,"CG15870"
181.568127304536,0,1.87576911324597,0,1,1,"CG15873"
384.512829837138,0.534821786837014,1.19225336492649,0.448580647847439,0.653734196578622,1,"CG15878"
62.4718133599886,-0.203738476225578,0.366493027191448,-0.555913649399799,0.578269886815946,1,"CG15879"
6.69848541261468,-1.01313218088161,1.99429228253475,-0.50801589604204,0.611442195406444,1,"CG15882"
50.8617987530628,-0.0930928569953392,0.340933566363986,-0.27305277678629,0.784812646405356,1,"CG15912"
65.3623029962496,0.0227230056982911,0.402811776678382,0.0564109765748826,0.955014412838428,1,"CG1602"
15.8754969406829,0.0478512144454859,0.742773948303167,0.0644223111954853,0.948633965159768,1,"CG1603"
127.89596504245,0,1.87457815925016,0,1,1,"CG1631"
54.8850846313948,0.0436007363312469,0.325514133659214,0.133944218768987,0.893446683787612,1,"CG1635"
9.410805314874,0.0174746721234325,0.683157263195932,0.0255792817625664,0.979592911421323,1,"CG1636"
138.164093221157,-0.181022382086877,0.423899425532885,-0.427040876168475,0.669349555268482,1,"CG1638"
117.987400293726,-0.000963623885157725,0.202323430516427,-0.00476278937490381,0.996199858258586,1,"CG1662"
121.609453401486,-0.114178511610014,0.223844869186304,-0.510078752419312,0.609996290237243,1,"CG1671"
108.783525091516,-0.126608158062569,0.333042057047602,-0.380156666052759,0.703829124187275,1,"CG16721"
69.7723911406551,0.156452279676969,0.359346527094105,0.435379968583912,0.663286647821306,1,"CG16734"
172.1487900171,0.0795205621677368,0.249090388267204,0.319243800296436,0.749541645405446,1,"CG1674"
741.011765185658,0.135720245620416,0.474714513553004,0.285898664872529,0.774955736363856,1,"CG16749"
68.7419719343553,0.0174263533608304,0.26865141385073,0.0648660400146374,0.948280659768983,1,"CG16753"
10.2066736125149,-0.120316383242917,0.871281021352389,-0.138091362366833,0.890168212208193,1,"CG16758"
43.7997669947429,0.119824742022088,0.374316462780174,0.320116142186507,0.748880289321496,1,"CG1677"
37.6106415930495,-0.210587371278855,0.516014140835883,-0.408103876645179,0.68319741406387,1,"CG16798"
333.346968146517,0.0642259586178921,0.179159931478445,0.358483942742628,0.719981182346192,1,"CG16812"
170.536596511138,0,1.88180393778916,0,1,1,"CG16837"
139.835712400148,-1.01311815456909,1.87412576801278,-0.540581732486046,0.588795911794024,1,"CG16852"
9.0994254312112,0.0544493692181185,0.788521683140019,0.0690524691740783,0.944947854772148,1,"CG16854"
200.971912569736,0.126592639745445,0.224034392438166,0.565058955313681,0.572033664864886,1,"CG16868"
542.192661775856,0,1.87103201986464,0,1,1,"CG16894"
326.580274344827,-0.0764201781787082,0.151918017811303,-0.50303564567061,0.614939210907233,1,"CG16903"
27.6335741757868,0.189079225979781,0.446590502678988,0.423383893848034,0.672015194017033,1,"CG1698"
366.690374687577,0.087763973387253,0.200430194538479,0.437878003308548,0.661474721919368,1,"CG16985"
62.4081245847638,-0.0837957922546503,0.371273007363858,-0.225698584579643,0.821435859026372,1,"CG16989"
274.748627569197,0,1.87138114817554,0,1,1,"CG17030"
145.73449891189,-0.0957473276335397,0.266395819963897,-0.359417530074292,0.7192827625762,1,"CG17068"
6.49871627403355,0,1.99172286083832,0,1,1,"CG17078"
695.88854274099,-0.756896317559268,1.47031623049637,-0.514784712200139,0.606703469479311,1,"CG17108"
764.570012442403,0.014042868615508,0.229337998918456,0.0612321930152585,0.951174291508154,1,"CG17121"
431.527379938671,-0.000804056318654833,0.465159012737147,-0.001728562269327,0.998620807539739,1,"CG17122"
79.569915782462,-0.15975158589921,0.301109139391979,-0.530543796252057,0.59573495192072,1,"CG17141"
421.951802519608,-0.0895781260181188,0.178234177742126,-0.502586693264425,0.615254886786143,1,"CG17168"
51.3949956593333,0.0178502909802567,0.359057405015404,0.049714309553067,0.960350053185987,1,"CG17186"
90.6224945283552,0.0470207556266074,0.269876689257068,0.174230518967936,0.861684301666418,1,"CG17187"
188.475584040554,-0.465799855549105,1.77176452862749,-0.262901671200033,0.792626368181406,1,"CG17195"
264.375385975344,0.0683382254157506,0.206339410754369,0.331193276000492,0.740498498873333,1,"CG17202"
173.53101729254,-0.0505395463950084,1.33003842428558,-0.0379985611484536,0.969688829238401,1,"CG17217"
24.2880787387341,-0.285011542431979,0.633368797955672,-0.449993026735628,0.652715468683374,1,"CG17230"
118.417423209674,0,1.88081369636675,0,1,1,"CG1724"
5.37698750001277,0,1.98647025879978,0,1,1,"CG17267"
29.3651403932444,0.0450096452806754,0.41682161951786,0.107982991219933,0.914009184349991,1,"CG17270"
57.2642289177604,0,1.87713586021217,0,1,1,"CG17287"
10.4082476122948,-0.273327625129331,0.634270098764478,-0.43093254066644,0.666517421832175,1,"CG17292"
8508.77427062567,0.0379808883910785,0.960773383145006,0.0395315784735329,0.968466577205759,1,"CG17298"
146.363308080603,0.0429855428449763,0.279532986556533,0.15377628012529,0.877786137072461,1,"CG17350"
50.9757019621716,-0.063800274024974,0.327133375370676,-0.195028324311702,0.845370773766308,1,"CG17359"
6.43047803351814,0,2.04097670818517,0,1,1,"CG17375"
43.5553724048663,0.172526948061041,0.383917403532003,0.449385587821259,0.653153526111502,1,"CG17378"
47.1367158020198,0.165943436442353,0.339643591882881,0.488581090320041,0.625138303216107,1,"CG1738"
783.320088001011,0.0113273314511466,0.248680917286987,0.0455496608856177,0.96366919228513,1,"CG17404"
1551.20294656747,0.2124496336203,0.985900578862554,0.215487888104708,0.829386954157514,1,"CG17470"
19.3880256237824,0,2.02436235785339,0,1,1,"CG17472"
93.2405282344536,-0.0465458882806897,0.257944331000518,-0.180449355487468,0.856799810124614,1,"CG17528"
621.471270869296,0.535582013118125,1.19588768867727,0.447853103756351,0.654259215367017,1,"CG17564"
130.092417686194,-0.0889455351258393,0.25499929123776,-0.348806989596324,0.727234215662251,1,"CG17568"
17.98559963332,-0.136028277485553,0.9506174999749,-0.143094648993043,0.886215430938506,1,"CG17570"
76.3949067457394,0,1.87565678523889,0,1,1,"CG17580"
8.09336794150757,0,1.9418386046714,0,1,1,"CG17601"
66.9673744267851,0.42877380384083,1.8759369367386,0.228565148136735,0.819206915260296,1,"CG17625"
6.48415617213039,0,1.95915936363728,0,1,1,"CG17637"
61.7890359876377,-0.357653979026433,0.740537317245479,-0.482965504502557,0.629120229562295,1,"CG17650"
32.0573256845381,0.0476651918209247,0.45671723463179,0.104364775853823,0.916879874791357,1,"CG17683"
8.43574440444355,-0.022819685650922,0.80795636907519,-0.0282437103343118,0.977467775310495,1,"CG17734"
7.34964881582934,0.43130919738481,1.94456383252727,0.221802540071032,0.824467602019477,1,"CG1774"
515.250072242058,0.429459563044733,1.86305145802027,0.230514064008242,0.817692336223732,1,"CG17744"
245.283063749956,0.331220875487939,0.705883595011844,0.469228747952955,0.638906138918684,1,"CG17751"
581.369236074195,0.390319960777587,0.827918048921512,0.471447580211637,0.637321145046496,1,"CG17752"
59.8296295451801,0.161576822192866,0.30359458834226,0.532212458315334,0.594578855295447,1,"CG17754"
69.2726371426318,-0.120650719367835,0.438644828275981,-0.275053326952542,0.783275268692226,1,"CG17781"
270.531838417573,0.184714860141602,0.421782569485157,0.437938581404803,0.661430806733018,1,"CG17786"
239.065611738999,-0.465852509830861,1.76849054781494,-0.263418150810275,0.79222830215834,1,"CG17819"
503.057932237263,0.023668685275907,0.154999641705987,0.152701548309403,0.878633639712031,1,"CG17841"
241.383889752703,0.0690328084472425,0.214798026438772,0.32138474264297,0.747918843963882,1,"CG1785"
116.503171953216,-0.121243889432527,0.257918907872662,-0.470085308721866,0.638294069915218,1,"CG1789"
29.025820162628,0.172292049412591,0.544330595949812,0.316520972171252,0.751607109317582,1,"CG17896"
924.136238322883,-0.0890558029754119,0.292219998496872,-0.304756017498799,0.760551981868855,1,"CG17919"
94.9854328547474,-0.107593178446345,0.227510729404437,-0.47291474440786,0.636274005220588,1,"CG1792"
307.700426642066,0,1.87147647463552,0,1,1,"CG17944"
173.059614316341,-0.0756780370377532,0.326323242502733,-0.231911268279088,0.816606932283846,1,"CG17977"
141.117077503149,0.13150803909089,0.266569008252749,0.493335815565625,0.621775325712706,1,"CG17985"
10.1796343873033,-0.162312626684033,0.815374091868203,-0.199065224542687,0.842211723584773,1,"CG17994"
71.6803940373311,0.0536236987151467,0.282698270928155,0.189685273061945,0.849555761687548,1,"CG18011"
31.1788380106555,0.196718536497649,0.438700828706794,0.448411590827257,0.653856178191276,1,"CG18081"
188.009471924445,0,1.87666856326208,0,1,1,"CG18132"
132.552941882769,-0.135638777486666,0.555678106876744,-0.244095953769063,0.80715650620926,1,"CG18135"
59.1796612241993,-0.162898252744383,0.396763443097331,-0.410567696138331,0.681389554960954,1,"CG18190"
25.632601586806,-1.01312970168243,1.90807268747351,-0.530970181761748,0.595439442404358,1,"CG18233"
230.69544086725,-0.0443552064069703,0.178272577715079,-0.248805548085249,0.8035111992895,1,"CG18259"
59.1654547147579,0.102698519643317,0.357087162513044,0.287600704882706,0.773652405248828,1,"CG18262"
24.637982860649,0.0887953109156429,0.522289561442426,0.17001165152605,0.865000973455814,1,"CG18265"
929.930263085372,0.534083017614303,1.45340045401587,0.367471343591909,0.713267463436268,1,"CG18266"
323.450976134029,-0.01558622176171,0.197894667196384,-0.0787601908759006,0.937223368721562,1,"CG1827"
189.069806595671,0.088286443185641,0.263453062889182,0.335112608741153,0.737540141842939,1,"CG18273"
6.00057913968545,0.51918672709416,1.70787306077481,0.303996086722406,0.761130872507728,1,"CG18281"
166.435184258721,-0.556068960761974,1.58543426712165,-0.350736055283777,0.725786373566309,1,"CG18302"
26.9875564060424,0.123162107183331,0.874553854994061,0.140828499560118,0.888005428038119,1,"CG1835"
33.3098943552635,0.281695610537995,0.554038379403642,0.5084406081059,0.611144380520257,1,"CG18404"
218.357151735695,-0.0520912036827313,0.432693211392343,-0.120388308185168,0.904175552756677,1,"CG18417"
2034.16727141242,0.534862078184835,1.45485181040035,0.367640246491944,0.713141500965833,1,"CG18449"
686.081345417114,-0.0863907454423679,0.215734059692898,-0.400450191153622,0.688824962725373,1,"CG18473"
171.240373934514,0.0203218243219628,0.221017487353988,0.0919466806235779,0.926740402743716,1,"CG18476"
146.208928505236,-0.189001346329208,0.37736717247834,-0.500842044865616,0.616482292717098,1,"CG18493"
44.6031917434606,0,1.88061063503931,0,1,1,"CG18518"
413.199237684926,0.0121544321967448,0.224940402585272,0.0540340110404899,0.956908066920753,1,"CG18528"
13.6373973136739,0.126436142720154,0.704150332810384,0.179558450559167,0.857499226076508,1,"CG18536"
7.43454616830901,-0.486623245439351,0.952687826723185,-0.510789822006139,0.609498236813542,1,"CG18540"
392.392206902585,0.106117699283051,0.183523922533939,0.578222706979396,0.563113770242613,1,"CG18596"
8.42883013333714,0.311088001155789,0.898147249105322,0.346366368616811,0.729067396619939,1,"CG18599"
112.379580845639,-0.296857925578749,0.523468246846362,-0.567098247825292,0.570647433276919,1,"CG18622"
103.399677374629,-0.120779237642693,0.693375920067247,-0.174190124212822,0.861716046626713,1,"CG18628"
9.58087752345565,0.284659345692345,0.628742725053422,0.452743760443762,0.650733264673361,1,"CG18659"
1389.42639652694,0.0756558596183427,0.692333740572762,0.109276574554569,0.912983126109394,1,"CG18662"
177.758621077212,0.429631902215947,1.87065283816404,0.229669500107573,0.818348596783844,1,"CG18675"
7.85854823442284,0.269358959766603,0.803282582506538,0.335322793787093,0.737381601117055,1,"CG18744"
20.6269211418907,-0.106271723163086,0.468930705054474,-0.226625644295868,0.820714849792194,1,"CG18745"
36.5763817692099,-0.237314429886422,0.58644969555518,-0.404662892120289,0.685725322201002,1,"CG18747"
32.8022913064279,-0.0635516443841714,0.414084341830607,-0.153475120800798,0.878023608582299,1,"CG18764"
101.623307672211,0.184904044014225,0.430998022291542,0.429013671643137,0.667913275321386,1,"CG18765"
37.8734306193358,-0.243370604460427,0.519394806201884,-0.468565726022741,0.63938008065289,1,"CG18788"
658.595770950406,-0.29317373727966,1.18351742273874,-0.24771391755369,0.804355762777205,1,"CG18810"
38.833290526285,-0.0660197140297649,0.455214761175018,-0.145029818144192,0.884687329201616,1,"CG1888"
7.21527423379118,0.307419273304701,0.966416969252108,0.318102106115342,0.750407486098972,1,"CG1902"
592.117897980432,0.0840806336728924,0.189157079427549,0.444501648721516,0.656679937111622,1,"CG1907"
52.2218635196021,0,1.8808936294854,0,1,1,"CG1924"
446.36666681511,0,1.87256587148319,0,1,1,"CG1958"
4.97984774069036,0,2.06976584319986,0,1,1,"CG1971"
16.1174692282282,0.343522917563432,0.615196410599775,0.558395516691198,0.576574333593323,1,"CG1998"
4.37780417084949,-1.01313667146364,2.05061803514362,-0.494064059761713,0.621260939051113,1,"CG2111"
10.6595524455805,-0.0845991857314229,0.701812710197295,-0.12054382102547,0.904052368542341,1,"CG2120"
46.8114260335907,0.048341926901074,0.361148537385541,0.133856078307932,0.893516382072645,1,"CG2124"
50.4082955792017,-0.0419740009680825,0.33377896965739,-0.125753881411903,0.899926749167943,1,"CG2129"
1492.52993494993,0.16803082294434,0.953668423882352,0.176194176861064,0.860141395415115,1,"CG2150"
696.780367706098,0.0430198660475583,0.146334862715767,0.293982344666,0.768771394484899,1,"CG2182"
161.423926656754,-0.0233682095876591,0.224148917241838,-0.10425305584879,0.916968530839752,1,"CG2202"
96.316742845466,0,1.87515076155166,0,1,1,"CG2209"
110.29118330594,0.0396556276512444,0.249720660365888,0.158799947081437,0.873826490504947,1,"CG2224"
42.4383524064648,0,1.90107641775253,0,1,1,"CG2528"
219.93764756533,-0.205606743823354,0.464541373105344,-0.442601575934829,0.65805394468313,1,"CG2533"
119.961187534448,-1.01311843362892,1.884644527027,-0.537564733879604,0.590877582720421,1,"CG2577"
108.452693145396,-0.467208196474477,1.27834651097266,-0.36547852437833,0.714754234789571,1,"CG2652"
72.9639134440683,-0.13990942177428,0.523861038010939,-0.267073539779758,0.789412540041154,1,"CG2680"
81.8368313085681,0.238198586713885,0.478876282645674,0.497411534766133,0.618898873086094,1,"CG2681"
157.943312823957,-0.0554780348755919,0.214366161196195,-0.258800337544024,0.795789297423924,1,"CG2685"
8.79061176215687,0.380128409388874,0.794555800341053,0.47841625374292,0.63235396733979,1,"CG2698"
354.949199735309,-0.00687076178192294,0.149195081320578,-0.046052200388293,0.963268644119363,1,"CG2701"
333.544238247435,0.0647508128280564,0.255059866803369,0.253865155814474,0.799599734716589,1,"CG2794"
67.4945492476895,0.0933204274499326,0.340388658385244,0.274158451379172,0.783962856198824,1,"CG2818"
82.3981952278302,-0.465707623227935,1.77767045095438,-0.261976353928767,0.793339672519611,1,"CG2887"
1170.1116264481,-0.025141726329258,0.165131031895635,-0.152253189728433,0.878987243584183,1,"CG2921"
38.942079664435,0.119710997985256,0.31975415696379,0.374384493143001,0.708118278178688,1,"CG2924"
226.185592007134,-0.119322660634053,0.208115664171944,-0.573347811702774,0.56640921874751,1,"CG2931"
429.72785050754,0.428938163424793,1.86865237033972,0.229544119726673,0.818446033311436,1,"CG2964"
65.5640917325124,0.0613434180670608,0.445695076545014,0.137635395352781,0.890528580287826,1,"CG2993"
15.8416329451683,-0.236037308312538,0.545072458483576,-0.433038405516227,0.664986868981663,1,"CG30020"
8.61013001772241,0.327872152497614,0.628443625389245,0.521720866043532,0.601864694311965,1,"CG30033"
84.4716041886009,0.42890361811938,1.86982635136799,0.229381524014564,0.818572395068237,1,"CG30037"
48.2961967302882,0.0173625953772781,0.384440760853151,0.0451632530815595,0.963977184139577,1,"CG30049"
11.4185568854829,0.164800919142176,0.669926551065552,0.245998488759778,0.805683402358601,1,"CG30053"
148.696039239812,-0.0404127730949354,0.215210356077265,-0.187782659866175,0.851047029373633,1,"CG30062"
332.727257486439,-0.0483698308584691,0.78448574874993,-0.0616580109142147,0.950835178748239,1,"CG30065"
19.2349949703621,0,1.90748555033964,0,1,1,"CG30075"
1085.14770860083,0.0330878844710466,0.127996949846925,0.258505257434786,0.796016991939218,1,"CG3008"
134.065331159037,0.0258117362306489,0.290745738608288,0.0887776940573638,0.929258585244489,1,"CG30083"
27.9057117520346,-0.144214631747973,0.439132404812405,-0.328408084139408,0.742603131392937,1,"CG30096"
87.9889033144645,0.000861260918139163,0.639859194952271,0.00134601631879871,0.998926034684936,1,"CG30099"
208.240461464694,0,1.87349592144603,0,1,1,"CG30103"
58.3655755707895,0.0773485254660758,0.39498579242245,0.195826095393702,0.844746284328548,1,"CG30116"
44.3859700088704,0.10033299001021,0.330679300300948,0.303414788645366,0.761573776845456,1,"CG30148"
104.974349661329,0.288216148800733,0.567187958898869,0.508149272703659,0.611348662636243,1,"CG30178"
1840.34983714704,0.0858256496875155,0.26445941440215,0.324532404647182,0.745534993281971,1,"CG30197"
184.440054898651,0,1.88114734539981,0,1,1,"CG30268"
11.1476426216605,-0.342660729459499,0.742408147209008,-0.461553029486125,0.644401884624783,1,"CG30274"
118.387494966697,-0.362329111554949,1.12481878428413,-0.322122209032584,0.747360113885603,1,"CG30280"
317.284178196345,0.176488970098904,1.17703502643077,0.14994368573218,0.880809045076524,1,"CG30281"
21.7467600648934,-0.142095307044904,0.425240719305343,-0.334152635422651,0.738264383131406,1,"CG30283"
335.648483572665,0.043430875846593,0.185782470004296,0.233772733485505,0.815161418619982,1,"CG30291"
54.927065785373,0,1.87820491238679,0,1,1,"CG30325"
2463.90593695184,-0.101312667608935,0.249311419555711,-0.406369944022141,0.68447080021561,1,"CG30344"
329.046468303192,-0.0177149535026399,0.255111630581808,-0.0694400073498774,0.944639384498036,1,"CG30345"
288.331389039241,-0.102514225316202,0.177392098112673,-0.57789623329833,0.563334178513892,1,"CG30349"
425.334029295424,0,1.87150564251201,0,1,1,"CG30350"
205.872753567368,0.29250218751214,0.64188707796653,0.455691035935439,0.648612168921703,1,"CG30356"
134.399246425939,-0.123975107895594,0.398539528501291,-0.311073554891287,0.755744704619532,1,"CG30357"
181.894211886886,0,1.87780792902805,0,1,1,"CG30369"
76.2091532770687,-0.241707173134431,0.897560572285242,-0.269293438902992,0.787703880755215,1,"CG30371"
245.475039241867,-0.465226547595241,1.77405821433608,-0.262238602902525,0.793137493646986,1,"CG30384"
167.292135285758,0,1.8764829938794,0,1,1,"CG30391"
73.8547688268404,0.250551045235589,0.654972477432069,0.382536753632637,0.702063272574161,1,"CG30395"
333.45767180145,-0.105658765773642,0.189212543694037,-0.558413114219825,0.576562319751974,1,"CG3040"
135.316159622906,0.0782870021317186,0.225064423248222,0.347842635463431,0.727958368238399,1,"CG30411"
174.146219773344,0,1.87674623593968,0,1,1,"CG30432"
44.7665217729142,0.116487792911888,0.478229391934975,0.243581416944208,0.807555021995468,1,"CG30460"
5.91130267112181,-0.236022284820306,0.971396227570756,-0.242972206522302,0.808026928346772,1,"CG30471"
17.5989277310569,-0.047669960337935,1.37610615057442,-0.0346411941535443,0.972365853013813,1,"CG30484"
9.3213601657443,-1.01313186812597,1.95866177319525,-0.517257181403609,0.604976640130694,1,"CG30491"
6.21402707210635,-0.266430246776026,0.832469653671317,-0.320047998868221,0.748931944760258,1,"CG30495"
250.524679760229,-0.0560535213151203,0.2060439981664,-0.272046367833786,0.785586366950093,1,"CG30496"
1916.05565163948,0.0738774261819346,0.133392400763267,0.553835344136626,0.579691537220569,1,"CG3061"
47.162677449655,0,1.88430511929612,0,1,1,"CG3062"
141.01291437774,0.0443888402976278,0.195505382767702,0.227046640195939,0.82038747540933,1,"CG3071"
445.2233321744,0,1.87260540326952,0,1,1,"CG3092"
262.470819177047,0,1.87338647698094,0,1,1,"CG31008"
65.635494678727,0,1.89908405449414,0,1,1,"CG31021"
24.291343483374,-0.0943855878267378,0.443899267504083,-0.21262839282759,0.831616823540814,1,"CG31038"
28.1273011096683,0.162048740118154,0.478525187705061,0.338642028218655,0.734879417415581,1,"CG3104"
124.113033740371,0,1.88589651204536,0,1,1,"CG31093"
57.5245927771678,0.210006329058545,1.07189073371298,0.195921396139972,0.844671690108405,1,"CG31104"
54.4068774151412,0.09088873740486,0.378314293761737,0.240246638584853,0.810139059838343,1,"CG31111"
218.131104578665,-0.0424224260055872,0.468388402865953,-0.0905710426347339,0.927833441967216,1,"CG31115"
37.8315135843728,-0.203257856102182,0.516468507307179,-0.393553243278956,0.693910907317499,1,"CG31125"
221.98580026086,0,1.87291223869898,0,1,1,"CG31128"
549.373435642311,0,1.87282456911222,0,1,1,"CG31141"
136.273736540114,-0.108810856995596,0.227085023684206,-0.479163509905932,0.63182231126588,1,"CG31142"
34.5472359039973,0.0402363365124872,0.397285851366282,0.101278050487106,0.919329739764803,1,"CG3119"
1045.91918842001,0.0578005815203054,0.211474186417216,0.273322160494194,0.784605582030469,1,"CG31195"
2088.34229024573,0.106740482983638,0.421275019656483,0.253374821679853,0.799978582370136,1,"CG31198"
71.7670779407273,0.229071095684578,0.940148379232029,0.24365419410891,0.807498652053991,1,"CG31199"
73.5793583063616,0.301917158963433,0.921468031936343,0.327648001340854,0.743177823711984,1,"CG31200"
343.155649508764,0.0618570527647887,0.336432757772908,0.183861563226676,0.85412205879745,1,"CG31207"
98.430460081026,-0.0584500267565948,0.25171405385567,-0.232208038690241,0.816376434415154,1,"CG31223"
38.5050784256136,-0.0486344688395616,0.988633641902923,-0.0491936211536864,0.960764994695668,1,"CG3123"
92.9128018598039,0.119455745455826,0.813829137679827,0.146782340328077,0.883303824071378,1,"CG31230"
291.496791816212,-0.273933008745015,0.926494247826703,-0.295666173198145,0.767485032642705,1,"CG31245"
157.858514337497,-0.096885333548037,0.228130287175953,-0.424692989025656,0.671060495346622,1,"CG31249"
160.162355730554,-0.058481477712369,0.23649246001206,-0.247286859417787,0.804686227717442,1,"CG31272"
33.8862523268221,0.0542587607273617,0.937171319908698,0.0578963094310737,0.95383122284047,1,"CG31287"
41.1311714088827,0.113414854110946,0.547656318381933,0.207091291206195,0.835938563287454,1,"CG31300"
454.999779410065,-0.0613722378146147,0.145818175075761,-0.42088194961107,0.673841286549089,1,"CG31301"
366.240063205261,0.137113157829261,0.712649171055951,0.192399238500618,0.847429488847137,1,"CG31326"
1567.78874016961,0.317930039986866,0.6345458531858,0.501035564870004,0.616346093357463,1,"CG31343"
329.045273847256,-0.0667031872096985,0.254301836116141,-0.262299274863413,0.793090721035308,1,"CG31344"
337.594129777412,0.18198125165195,0.446120430320781,0.407919564502118,0.683332728687737,1,"CG31347"
589.034957802945,-0.466550346735416,1.76714008709411,-0.264014352989191,0.79176885895044,1,"CG31391"
80.3098103941927,0.429575117757829,1.8684380353333,0.229911353566081,0.818160653765251,1,"CG31404"
17.94990379834,0,1.91450113035847,0,1,1,"CG31406"
290.815471287214,0,1.8798612398222,0,1,1,"CG31415"
26.9245954555141,0,1.91092736302471,0,1,1,"CG31419"
77.7845771966923,0.029448838130037,0.31423757641934,0.0937152025725226,0.925335393521052,1,"CG31457"
93.8434768812335,-1.01312047194789,1.88616616479115,-0.537132141833362,0.591176340187513,1,"CG31468"
14.3318977550772,0,2.05904528810649,0,1,1,"CG31496"
20.706646737959,0,1.96647178467736,0,1,1,"CG31515"
30.6550148354964,0.339571595218385,0.637018310810531,0.533064104211259,0.593989206155649,1,"CG31522"
122.416980906189,-0.0299964106065628,0.300051004388491,-0.0999710388162039,0.920367317910605,1,"CG31523"
214.162121492678,0.214719745887229,0.723735365427531,0.29668267732141,0.766708783404099,1,"CG31525"
648.040147484635,0.0941976880217926,0.168549095770525,0.558873885327991,0.576247793114793,1,"CG31548"
47.7924089872272,0.153654477282363,0.434678099269194,0.353490266799032,0.723720924369113,1,"CG31550"
466.645632799773,0.103598269021776,0.211209320752945,0.490500460171249,0.623779804268784,1,"CG3156"
49.1630633274212,0,1.885556114857,0,1,1,"CG31609"
191.767358735939,-0.0385938133045225,0.18138434322676,-0.212773675047984,0.831503497840117,1,"CG3163"
215.5667140361,0.0729619697712858,0.22790864667056,0.320136909402792,0.748864547141178,1,"CG31633"
177.644161439745,-0.0892145210826746,0.273237086721458,-0.326509560444923,0.744038857119795,1,"CG31675"
18.2640779962259,0,1.91135300651669,0,1,1,"CG31677"
40.9141398842685,0.219521591956065,0.486661451192426,0.451076598358447,0.651934343266683,1,"CG31678"
19.3866835227168,-0.277505607036564,0.718215535280817,-0.386382072518191,0.699213725281993,1,"CG3168"
91.6952867962857,-0.0624289520960599,0.363754498561407,-0.171623862640756,0.863733246131322,1,"CG31688"
24.5708808525901,-0.109372767512779,0.43913158592769,-0.249066045389841,0.803309693796142,1,"CG31705"
9.99618220050152,-0.14297314361975,0.637809255309848,-0.224162855006382,0.822630585419992,1,"CG31706"
25.1377261430522,-0.21660784068837,0.478271438757564,-0.452897294580387,0.650622699144977,1,"CG31710"
50.6313169058204,0.055017131368887,0.342126489089717,0.160809329658364,0.872243576870246,1,"CG31729"
3443.79771998065,-0.470617328955947,0.90746550165405,-0.518606303047494,0.604035312762917,1,"CG31740"
102.875454887367,-0.463994114974286,1.27027580947635,-0.365270370035277,0.714909593894133,1,"CG31752"
27.7210939144375,-0.200270452694103,0.423360009373646,-0.473050000613897,0.636177507123703,1,"CG31760"
495.458553585907,0.532670214388047,1.45608472318027,0.365823640553435,0.714496678219446,1,"CG31784"
359.517448823433,0,1.87144608498963,0,1,1,"CG31787"
50.6211918513084,0,1.90287589322454,0,1,1,"CG31797"
620.086151632178,-0.465858042755816,1.76779011593585,-0.263525651917788,0.792145454699178,1,"CG31802"
212.733192916437,0,1.87643617149366,0,1,1,"CG31804"
36.4399363974808,-0.0720124412456222,0.394139666920586,-0.182707926376088,0.855027196106536,1,"CG31823"
42.4288293975807,0,1.89308996884,0,1,1,"CG31835"
151.304646049081,0,1.88128547427849,0,1,1,"CG31870"
321.130121836897,-0.100057417452832,0.359533496792975,-0.278297900878055,0.780783687354436,1,"CG31871"
437.006106495742,0.309714729741375,0.828892576908713,0.373648815744533,0.708665610473761,1,"CG31882"
23.9660198704738,-0.034200958759011,0.506075501520005,-0.0675807436959266,0.946119384653157,1,"CG31886"
14.5610493594915,-0.235505483627757,0.66424510962282,-0.35454605568942,0.72292969515189,1,"CG31898"
430.822979428513,-0.341934790933846,0.760945795915275,-0.449354990551676,0.653175594641122,1,"CG31910"
257.096494092958,0.0788302666852184,0.187107392300851,0.421310273826417,0.673528529060084,1,"CG31915"
20.3959069756206,-0.261374256873565,0.513254374246646,-0.509248961116424,0.610577728169839,1,"CG31922"
189.628118970568,0,1.87746340966932,0,1,1,"CG31924"
990.500122260236,0.0016558810490982,0.163522793212237,0.0101263011508679,0.991920518734912,1,"CG31937"
30.2018199673726,-0.125771763587179,0.480416031838199,-0.261797598856022,0.793477490359457,1,"CG31954"
10.5477196274272,0.212155168945033,0.6647773517578,0.319137179363968,0.749622491495114,1,"CG31955"
19.3902290962402,-0.244302181861366,0.51269295446546,-0.476507780599556,0.633712665576212,1,"CG32017"
7.82070039517966,0,2.04521685824876,0,1,1,"CG32022"
650.962530472449,0.148662225023962,0.707092618469184,0.210244345847942,0.833476969964838,1,"CG32036"
7.29392001549225,0.269347256080926,0.734572017886673,0.366672360942668,0.713863425481126,1,"CG32040"
57.0498411525413,-0.20904070460676,0.443785909050103,-0.471039526816432,0.637612508490117,1,"CG32055"
5.42177160469654,0,2.07788878515898,0,1,1,"CG32073"
9.29477720495383,0.430885162775502,1.92574430461929,0.223749934891115,0.822951888404823,1,"CG32079"
255.186097315993,-0.0095477146485258,0.321794187446434,-0.0296702520461627,0.97633003690038,1,"CG32085"
169.106675827282,0,1.87314113514835,0,1,1,"CG32087"
424.912100527519,-0.238236277474235,0.425527502643438,-0.55986105714502,0.575574213135948,1,"CG32091"
100.607969238111,0.0243503846092677,0.29750869271351,0.0818476407770585,0.934767871269715,1,"CG32095"
181.621782229897,-0.0914624682835856,0.214278487760489,-0.426839246624787,0.669496418507877,1,"CG32100"
1130.78958032482,0.53630091503605,1.03661027086824,0.517360217342681,0.604904725311477,1,"CG32119"
455.117780364288,0.0890325292852086,0.222906671498629,0.399416171291025,0.689586580330791,1,"CG32121"
121.870924424185,0.107106114112426,0.238281002489242,0.449494978590503,0.653074629611014,1,"CG32147"
661.707373983582,0.025136865983339,0.297171360148098,0.0845871081614724,0.932589648529812,1,"CG32170"
197.758960936598,-0.118683887381153,0.209854294652971,-0.565553769473323,0.571697162473488,1,"CG32176"
1044.86989624308,0.535081209881035,1.03919690722228,0.514898770543187,0.606623760062166,1,"CG32181"
54.6182379203564,-1.01312434714165,1.89099487477061,-0.535762608698,0.592122627165191,1,"CG32199"
44.114650923556,0.0817057149126795,0.4036461822607,0.20241914454652,0.839589062988263,1,"CG32202"
30.8624912525133,-0.234898684245686,0.540566337668805,-0.434541827481687,0.663895027767483,1,"CG32214"
831.866516232341,-0.0500310237737691,0.948972246683454,-0.0527212718270967,0.957953990126787,1,"CG3222"
578.052412271905,0.0189506465074699,0.197301791793669,0.0960490339960413,0.923481629053175,1,"CG32225"
52.4768068264471,0,1.91642889117439,0,1,1,"CG32228"
576.92290474266,0,1.87294042722213,0,1,1,"CG32236"
516.62911040868,-0.0497094855197815,0.781997635752168,-0.0635673092182283,0.949314762541015,1,"CG32240"
662.775795136945,0.0696168628874795,0.128194002295875,0.543058658288882,0.58708941587093,1,"CG32243"
107.581463737253,0,1.88039200861525,0,1,1,"CG32263"
437.345361273924,-0.1265094778182,0.314802765987565,-0.401869016053045,0.687780426423585,1,"CG32264"
250.202762267554,0.472542211169616,1.30592017317952,0.361846168605481,0.717466988993483,1,"CG32266"
5.94279081285094,0.164564120599326,0.926051056959069,0.177705234892464,0.858954473838951,1,"CG32271"
19.845403600247,-0.656420322692986,1.41929371966876,-0.462497870311287,0.643724329215557,1,"CG32277"
705.246833757233,0.0866451002827103,0.163000044054,0.531564888743256,0.595027388220071,1,"CG32278"
42.6020129904027,-0.464816895857838,1.78267316028919,-0.260741512360255,0.794291850811279,1,"CG32305"
43.288369389543,0.429908536265807,1.88287123947691,0.228326041235428,0.819392781205278,1,"CG32320"
213.293961676887,0.108927355692171,0.248711409119051,0.437966863192957,0.661410304671905,1,"CG32354"
7.08157590599682,0.245649960291404,0.846589030252361,0.290164355446678,0.771690503893019,1,"CG32373"
6.42540383816583,0.0746423079188245,1.00946787062902,0.0739422324281733,0.941056351187206,1,"CG32379"
142.601952931541,0.0649682200619804,0.201375791094101,0.322621799318576,0.746981682370832,1,"CG32409"
7.86064429076166,0,1.98208482274692,0,1,1,"CG32413"
95.7737163734973,0.19713497071435,0.339704421752105,0.580313231419187,0.561703406282358,1,"CG32425"
3028.13591790327,0.0746421852077603,0.36772274899071,0.202984953780072,0.83914679254728,1,"CG32436"
6.94378860138522,-0.469437199161198,1.90880035450994,-0.245933105603241,0.805734016131983,1,"CG32448"
779.772273434721,-1.01310788340861,1.87046321146153,-0.541634755070643,0.588070144444183,1,"CG32450"
221.13925263993,0.1870915536094,0.411908151268695,0.454206970736437,0.649679866309021,1,"CG32454"
723.628674082191,0.172481947814224,0.7489767167539,0.230290133132267,0.817866327210328,1,"CG32459"
61.573127552705,-0.00628292657854239,0.449399538521334,-0.013980714353235,0.98884536725119,1,"CG32473"
116.402714561023,0.260862419340213,0.589487427005353,0.442524144518936,0.658109962527692,1,"CG32483"
149.372808839424,0,1.87441406231135,0,1,1,"CG32487"
12.0849746328717,-0.0241373483812834,0.637445933554991,-0.0378657186605162,0.969794745982044,1,"CG32547"
849.848925898743,-0.610899050271142,1.13004573437661,-0.540596749040554,0.58878555913383,1,"CG32548"
133.237686224795,0,1.87864622769627,0,1,1,"CG32588"
71.8256279068892,-0.185022458885622,0.376585229117149,-0.491316293311294,0.623202757707948,1,"CG32641"
97.8532458821239,0,1.88377159684908,0,1,1,"CG32643"
469.993831477748,0.175882685265632,0.318861442370157,0.551595965815946,0.581225200994806,1,"CG32645"
712.657552479528,-1.01310846502707,1.87222281774762,-0.541126010976563,0.588420730923795,1,"CG32655"
16.7920429090582,-0.115645107921617,0.580210269973952,-0.199315858243614,0.842015674958179,1,"CG32668"
235.092259202615,0.0817324082963132,0.306121326273739,0.26699351296821,0.789474155754074,1,"CG32669"
159.931403999965,-0.0392416901714232,0.257827614640012,-0.152201269155027,0.87902819298585,1,"CG32694"
203.495741460417,0.0611832307312859,0.307739095150114,0.198815268178523,0.842407252132575,1,"CG32700"
171.324600542279,0,1.87221107221462,0,1,1,"CG32720"
116.978090985187,0,1.87440916608253,0,1,1,"CG32727"
30.633171897796,-0.18545349331385,0.582187108090321,-0.318546204023946,0.750070652660903,1,"CG32755"
186.59298127171,0.027661127082792,0.183800280261601,0.150495565313732,0.880373649260123,1,"CG32767"
51.3871764738641,0.280007396824494,0.560102979661343,0.499921276965525,0.617130509844573,1,"CG32795"
30.7119719517644,0.428562173074703,1.88602329985434,0.22723058252133,0.820244448193714,1,"CG32811"
44.5489764278472,-0.750086735491436,1.6173784351323,-0.463766994290412,0.642814692841284,1,"CG32834"
86.4457837677716,0.155146089483095,0.52142606897231,0.297541873556255,0.766052844199466,1,"CG32984"
75.7003076229215,0.124279855780715,0.351013882188664,0.354059659993496,0.72329417303161,1,"CG3301"
153.144273037967,0.429472302353283,1.86390266103665,0.230415628096385,0.8177688183691,1,"CG33060"
10.2391791225836,-0.274109869780263,0.573360098618395,-0.478076291741918,0.632595905642108,1,"CG33090"
312.161034924163,0.0109226869177778,0.239228613959078,0.0456579450802914,0.963582883792923,1,"CG33099"
73.4122916332885,-0.127113664104516,0.33765391984117,-0.37646139030256,0.706573913939323,1,"CG33107"
27.8339565396351,0.252800378550029,0.460065274238946,0.549488067683916,0.582670551082265,1,"CG33108"
1081.27735111602,-0.282578654815134,0.689590706264452,-0.409777353795669,0.681969280088003,1,"CG33110"
206.931808310568,0.00454148062027399,0.285220211100282,0.015922716706346,0.987296046987927,1,"CG33120"
160.929882896478,-0.097735469213008,0.484584187072174,-0.201689348972609,0.840159589777652,1,"CG33127"
5.48197363207472,0,2.04150454444362,0,1,1,"CG33136"
8.82209510917027,0.0121625655513219,0.964414806498371,0.0126113426187246,0.989937871157726,1,"CG33143"
240.137555696808,0.021366827590646,0.217528388097434,0.0982254673862407,0.921753260196088,1,"CG33158"
43.9956607553972,-0.186233191169194,0.350349352538433,-0.531564250996479,0.595027830025467,1,"CG33172"
214.237462242785,0.084685164276378,0.228119693998697,0.371231272460245,0.710465282601651,1,"CG33230"
315.588411605804,0,1.87667357953547,0,1,1,"CG33287"
494.160515913322,0.429516571146606,1.86548259346114,0.230244212758747,0.817902007771943,1,"CG33308"
299.421878505172,-1.01311352375246,1.87157731533372,-0.541315346928008,0.588290244173324,1,"CG33309"
44.5884913098456,0.392866805300187,0.686541653102255,0.57224030548613,0.567159185001892,1,"CG33310"
465.006747274625,0,1.87189710064597,0,1,1,"CG33322"
61.4496516811234,-0.111522780475897,0.285120814346742,-0.391142192587424,0.695692134759165,1,"CG33331"
35.9185526907688,0.177819479210771,0.350148128944466,0.507840723715458,0.61156504776226,1,"CG33332"
29.4016918037906,0.0668345808296512,0.752549139896449,0.0888109191631628,0.92923217974713,1,"CG33342"
33.850265781517,-0.127435712466498,0.368720269874847,-0.345616237777634,0.729631141201485,1,"CG33346"
27.2247905478122,0.18077562667899,0.457467505761554,0.395166048740555,0.692720347089793,1,"CG3339"
93.7560665163396,-0.0310422293442268,0.276444720110435,-0.112290910572739,0.910592748535006,1,"CG3342"
95.6678984290997,0.0812156372833445,0.294588877216884,0.275691458722494,0.782785056446286,1,"CG33460"
14.5610649315657,0.342695926663832,0.708750428299887,0.483521297455683,0.628725641482965,1,"CG33502"
156.422046239604,0.112045257719321,0.207855004299164,0.539054895969956,0.589848976447614,1,"CG33521"
83.2050032805514,0.0702355894625749,0.297791590471158,0.235854845166884,0.813545308132062,1,"CG33523"
327.506637818447,-0.14450698330168,0.258730689219708,-0.558522778018684,0.576487454883472,1,"CG33543"
18.5121820566648,0.428034848577395,1.91280162264313,0.223773779523426,0.822933333519862,1,"CG33552"
10.2460766883349,0.34397197099292,0.726765902081448,0.473291289544252,0.636005375659377,1,"CG33557"
92.1537411690009,-0.138271553603581,0.258992582519862,-0.53388229214239,0.593422974174065,1,"CG33635"
223.377433345726,0,1.87311593657435,0,1,1,"CG33664"
71.1430463759459,0,1.8876557391007,0,1,1,"CG33665"
49.2553903919932,0,1.88526529853601,0,1,1,"CG33666"
38.911698787526,0,1.8855351517889,0,1,1,"CG33667"
39.9888369272808,0,1.89234091886044,0,1,1,"CG33668"
28.1934554557404,0,1.92391878000282,0,1,1,"CG33673"
28.9358467786196,0,1.88698448636653,0,1,1,"CG33710"
75.2049150535567,-0.0847728394717303,0.2908638543123,-0.291451956696929,0.770705682633079,1,"CG3376"
10.6949728122923,0.410496763798271,0.718876781250415,0.571025208359425,0.56798255518256,1,"CG33920"
231.526692466186,0.0945666979958429,0.190830619065766,0.495553064067001,0.620209774688853,1,"CG33941"
293.433446001469,0.177828450416601,0.327524805822495,0.542946510478895,0.587166631391224,1,"CG33947"
354.017288554373,-0.0421208112229418,0.208357980120466,-0.202155977892419,0.839794787101109,1,"CG3397"
22.0483413839844,0.100300056808089,0.46329910216794,0.216490937147837,0.828605088777494,1,"CG34008"
10.7204090383913,0,1.93752837409208,0,1,1,"CG34011"
175.154824355648,0.0272309634988435,0.221065818430335,0.123180343719329,0.901964290458112,1,"CG3402"
162.292397247103,0,1.88020702367285,0,1,1,"CG34021"
24.1785152519425,-0.271606475626803,1.02286820815102,-0.265534184621663,0.790597979174183,1,"CG34027"
97.2416472583113,-1.01312023334923,1.87543274648667,-0.540206112561035,0.589054897699668,1,"CG34029"
16.9759315675751,0,1.90961583564872,0,1,1,"CG34030"
32.8318542938463,0,1.93216014618762,0,1,1,"CG34033"
57.3715726519715,-0.176223714622387,0.348826331125776,-0.505190402495293,0.613425110597875,1,"CG34043"
11.6148490332594,0.108767518038596,0.633894688764798,0.171586100919286,0.863762935245197,1,"CG34045"
66.6325954874365,0,1.87777171149372,0,1,1,"CG34049"
230.746252351266,0.129401749515161,0.421186694854629,0.307231332556277,0.75866729811827,1,"CG34109"
35.8407097312357,0,2.65920988273316,0,1,1,"CG34130"
310.740471308309,0.0589418191234842,0.234378604635784,0.251481227201082,0.801442074452684,1,"CG34134"
1266.7965527317,-0.0179381982928611,0.195649646271116,-0.0916853090958508,0.926948069867037,1,"CG34136"
647.568545711633,-0.0156833264556474,0.161266250546062,-0.0972511384281721,0.922526957878556,1,"CG34159"
345.648416647996,-1.01311297168823,1.87039417491613,-0.541657467326993,0.588054495192524,1,"CG34160"
108.221495765325,0.429578304306543,1.86850014479304,0.229905416653914,0.818165267182612,1,"CG34167"
2379.17495260108,0.53527673483123,1.03739844759289,0.515979888029765,0.605868456108797,1,"CG34168"
12.3751767030495,-0.204708891175204,0.728656670729091,-0.280940118163433,0.778756329431708,1,"CG34180"
147.893604680694,-1.01311779143892,1.87611685911077,-0.540007828680302,0.589191633503017,1,"CG34181"
55.0946907128364,-0.087448185766313,0.352288779857205,-0.248228699766592,0.80395746190672,1,"CG34183"
50.1532670782989,-0.0684371357304685,0.383096235972012,-0.178642151251699,0.858218694918842,1,"CG34195"
4978.91052830166,-0.0754052304729254,0.461922587425528,-0.163242137374549,0.870327790324476,1,"CG34199"
44.9185532626629,0.094502783607684,0.326451609783028,0.289484814213335,0.772210399168705,1,"CG34213"
909.54261653838,-0.0447333128042213,2.02186076531074,-0.0221248236138289,0.982348384940388,1,"CG34217"
297.10920307597,0.548830661779494,1.08398017884315,0.506310606495792,0.612638618312968,1,"CG34220"
142.521566234459,-0.250563430635989,1.23965161825826,-0.20212407013838,0.839819730953788,1,"CG34227"
286.17334178674,-0.103078034568291,0.223920749227425,-0.460332661997305,0.645277460451579,1,"CG34228"
20.7576230869168,0.00679399033542733,0.469365978795392,0.0144748248538674,0.988451164016602,1,"CG34231"
56.4290335863792,0,1.88749941855048,0,1,1,"CG34238"
401.843606655788,-0.143760705148138,0.844822426528525,-0.170166771896513,0.864878982748097,1,"CG34241"
12.5143389347504,0.135456477453329,0.70567046956182,0.191954294952203,0.84777800692465,1,"CG34250"
229.47789528577,0.0188134467729837,0.165682525254983,0.113551183168111,0.909593587139476,1,"CG34253"
152.790242904287,0,1.87486963239051,0,1,1,"CG34258"
42.8159553488973,0.317380252647106,0.658139954936485,0.482238238639888,0.629636715703575,1,"CG34269"
81.9319596831158,0,1.8755609192997,0,1,1,"CG34274"
16.5058412998305,0,1.90747267389229,0,1,1,"CG34283"
283.472327393319,0,1.87369138954097,0,1,1,"CG34292"
63.9327589453131,-0.168141673391318,0.464033428357088,-0.362348191134902,0.717091850057838,1,"CG34296"
120.309908523877,0.429492269696325,1.86481496293492,0.230313611930898,0.817848084109,1,"CG34298"
12.8714997435436,0,1.92090310467156,0,1,1,"CG34302"
21.3537273456626,0,1.91496040993064,0,1,1,"CG34307"
238.130862595169,-1.01311485418417,1.87356006120916,-0.540743195353088,0.58868460103868,1,"CG34308"
14.6039473843799,-0.365116985520056,0.762301169773956,-0.478966844073351,0.631962216169411,1,"CG34309"
674.498900269768,-0.18002145910813,1.0103900573787,-0.178170259884749,0.85858926517633,1,"CG34324"
5021.4546352887,0.0696856667223574,0.282772258152478,0.246437423450433,0.805343639590761,1,"CG34327"
12.0897340888437,0,1.93307526201403,0,1,1,"CG34328"
95.67886726161,-0.131460434100387,0.279647645339919,-0.470093120006763,0.638288489371666,1,"CG34348"
21.6337940979191,0.0499025294738453,0.559049876356766,0.089263107969993,0.928872812567297,1,"CG34357"
325.712191436657,0.0910827468739475,0.175271978399788,0.519665195232699,0.603296949313312,1,"CG34376"
109.48259388664,-0.0978865920361112,0.271599639005889,-0.360407666204553,0.718542294507404,1,"CG34384"
6.83492831237259,0,2.04043753436463,0,1,1,"CG34386"
345.719903976819,0.0246366366138521,0.236142200627649,0.104329664703597,0.916907737333922,1,"CG34396"
9.65852047123996,0.162090501839937,0.686790635762565,0.236011519959009,0.813423731025622,1,"CG34398"
29.4232257684285,0.0319258748364064,0.423866927561921,0.0753205139642381,0.939959700059028,1,"CG34404"
512.232477125869,-1.01311029979398,1.87268204060991,-0.540994294719686,0.58851151515834,1,"CG34425"
141.120699035079,0,1.87725124880492,0,1,1,"CG34432"
52.0202658822498,0,1.88469191596797,0,1,1,"CG34435"
7.04667863739223,0.0760605038193934,0.726691792576884,0.104666799042383,0.916640207741854,1,"CG34436"
34.0664469098062,0.0821261868798882,0.47288652747182,0.173669965433266,0.862124842897473,1,"CG34454"
212.13938653096,-0.230405606685529,0.636346808057486,-0.362075528262436,0.717295590341144,1,"CG34460"
14353.1165895703,-0.151578368434508,0.666190738512543,-0.227529984540088,0.820011656284322,1,"CG34461"
391.639197908926,0,1.87055317956662,0,1,1,"CG3483"
68.975900923281,0.175639267558229,0.550268555949089,0.319188268454284,0.749583752481237,1,"CG3502"
526.519192330015,-0.126924101450349,0.223326617644625,-0.568333962108902,0.569808222192354,1,"CG3505"
1412.75312208238,0.534034898781899,1.45642678132233,0.366674731356584,0.713861657128328,1,"CG3517"
86.1144557711732,0.122978156279589,0.224494738643488,0.547799725831819,0.583829426881136,1,"CG3520"
356.469653713358,-0.0583902254640941,0.218603999787487,-0.267105018759297,0.789388303527793,1,"CG3556"
490.07152669785,-0.466580051752418,1.26376386559385,-0.369198759717007,0.711979580278603,1,"CG3565"
12.5839844772525,0,1.94235548817505,0,1,1,"CG3592"
6.3489977204335,0,1.95907171411806,0,1,1,"CG3598"
381.325167427377,0,1.87545262621436,0,1,1,"CG3610"
6.59231669276667,0,1.98305628419867,0,1,1,"CG3611"
229.274684797726,-0.0687097294662157,0.216540365328987,-0.317306795718323,0.751010821365363,1,"CG3625"
8.06236947041367,-0.0511543062690229,0.810705201550396,-0.063098529738301,0.949688045066799,1,"CG3634"
139.750334702404,0.0113392999025605,0.445599552516129,0.0254472874546929,0.979698193370568,1,"CG3649"
222.329651092998,-0.0988376599629926,0.203284319331822,-0.486204052963177,0.626822498060811,1,"CG3652"
439.307126172593,-0.0436544065327055,0.247425054125965,-0.176434867062738,0.85995231434301,1,"CG3700"
160.158188322339,0.107826380880768,0.287773892488579,0.374691324318267,0.707890045187108,1,"CG3703"
271.721051863875,0.0639697930995446,0.201956848439988,0.316749808653076,0.751433451403077,1,"CG3732"
46.7142488316822,-0.970942620512429,2.19374664466732,-0.442595603677685,0.658058265250929,1,"CG3739"
7.83889285110675,0,1.98643803685113,0,1,1,"CG3748"
9.14017229636147,-0.239881982583214,0.688149704148212,-0.348589821571076,0.727397270198068,1,"CG3769"
46.0128412696006,0.139549963208971,0.316603053298398,0.440772638656283,0.65937760366908,1,"CG3770"
291.623537703032,-0.0566773618898265,0.221375975640838,-0.256023092504763,0.797933006185207,1,"CG3792"
424.73058589556,0.0354606105258996,0.166202924164252,0.213357320301147,0.83104826749871,1,"CG3803"
83.5950245053275,-0.0812031829520913,0.233968805801303,-0.347068416552302,0.728539920370278,1,"CG3808"
206.108784172407,0.12446183641273,0.392417239804377,0.317167096111208,0.751116815468375,1,"CG3823"
614.015316398209,-0.0456882107576785,0.36056367764348,-0.12671329252098,0.899167324737068,1,"CG3829"
84.9692088931381,0.225598400148914,0.40298080751222,0.559824180068608,0.575599368895819,1,"CG3880"
31.6365848228036,-0.0770033348749795,0.628536650006706,-0.122512084019536,0.902493476419038,1,"CG3906"
281.909350188245,-0.0762031974256578,0.177066858988605,-0.430363975850285,0.666930895980975,1,"CG3909"
16.3039243609644,0.143241149945646,0.675050949354804,0.212193094584271,0.831956393805498,1,"CG3916"
6.61523738739579,-0.270578938204253,0.961393785726639,-0.281444442663777,0.778369534755775,1,"CG3961"
487.789765481072,0.0151071313379073,0.325523666327609,0.0464087035770338,0.962984499537663,1,"CG4000"
982.73451482254,0.15740457435507,0.755027522697183,0.208475280202732,0.834857882143948,1,"CG40006"
38.6381700931501,-0.0468842037096633,0.409762716856281,-0.114417934528942,0.908906497659448,1,"CG40045"
304.559206324042,-0.0897033107357604,0.203614833029401,-0.440553909561234,0.659535976277907,1,"CG40160"
293.276215322985,0,1.86977144728804,0,1,1,"CG4021"
104.7469579153,-0.0851783117029446,0.28128250229415,-0.30282122424334,0.76202610779064,1,"CG4022"
191.833785769015,-0.0375294114768194,0.210958182912338,-0.177899766478433,0.858801694244018,1,"CG4025"
292.418031331492,-0.100615044237437,0.195861992624968,-0.513703771155298,0.607459114956018,1,"CG40470"
166.873645015552,-1.01311669784465,1.87788896647434,-0.53949765717338,0.589543513107788,1,"CG4073"
66.6340227170533,0.18468311427327,0.600151422359296,0.307727529074662,0.758289670379403,1,"CG41520"
132.699605075697,0,1.88337753747119,0,1,1,"CG41561"
9.3911156967438,0,2.04417096152092,0,1,1,"CG41562"
14.2535629357316,-0.252087466391221,0.524602227457303,-0.480530682481211,0.630850091338015,1,"CG4194"
152.923593887156,-0.136619626216261,0.271554510417222,-0.503102032834425,0.614892537561784,1,"CG4210"
6.12096549864175,0,1.9951583000416,0,1,1,"CG4218"
87.6409392998338,-0.0206667395906433,0.274477460580392,-0.0752948513402258,0.939980117891067,1,"CG42249"
74.8855675205381,0.19468456733958,0.34072163703135,0.571388917463046,0.56773603983054,1,"CG42258"
241.244491385951,0,1.87151845876286,0,1,1,"CG42263"
53.4661356990914,0.139827092649575,0.312413546961733,0.447570516737873,0.654463185228549,1,"CG42268"
469.632737649321,0.132895963250586,0.284031528796939,0.467891588703158,0.639862118881415,1,"CG42269"
182.5202527636,0.0715713523431714,0.217346114443562,0.329296672850143,0.741931458698203,1,"CG42271"
24.9224193677797,-0.268306443626757,0.585398699869818,-0.45833112319249,0.646714567227383,1,"CG42272"
5.79165824251644,0.524129763446918,1.13581236537624,0.461458053657743,0.644470009156955,1,"CG42296"
53.144271709208,-1.01312349014831,1.88613282879094,-0.537143235451637,0.591168677826121,1,"CG42302"
14.7180896045663,0.00503448081050327,0.532782300400015,0.00944941452958058,0.992460570239472,1,"CG42322"
687.004447993579,0.0591739577844699,0.211754935455057,0.279445471517848,0.779902979126871,1,"CG42327"
5.27111965902334,-0.0878125357032895,1.13848898501434,-0.0771307732083008,0.938519512432902,1,"CG42331"
8.38857125077585,-0.177837866582729,0.747977652931722,-0.237758261741761,0.812068592725363,1,"CG42336"
29.1755888900292,0.103573008252433,0.505684030650431,0.204817637051369,0.837714606751913,1,"CG42340"
64.9318662871753,0.162429897262092,0.364176986500049,0.446019115109764,0.65558343823884,1,"CG42346"
375.00823230677,-0.025595692973115,0.209661388195811,-0.122081100356019,0.902834789641701,1,"CG42360"
2354.87271192504,0.0411228030023892,0.302035981597439,0.136152000118975,0.89170112007272,1,"CG42369"
300.612484149758,0.343191054700556,0.770315301577223,0.445520235672161,0.65594383941739,1,"CG42383"
11.2243554058316,0.399670405629891,0.761071237502687,0.525141913050524,0.599484541409984,1,"CG42392"
2560.54044944989,0.235813156882305,0.79363148357778,0.297131807094185,0.766365881793429,1,"CG42393"
455.006836297854,0.522104469710508,1.11540255019725,0.468086135914051,0.639722993337151,1,"CG42397"
212.56151977392,-1.01311511322946,1.88173315675584,-0.538394675989075,0.590304601182459,1,"CG42446"
144.353513131214,-0.00216175301117803,0.230315320403495,-0.00938605824133109,0.992511119001958,1,"CG42458"
7.64637018606706,-0.0132084639460165,0.894922247664864,-0.0147593424797312,0.988224176046736,1,"CG42464"
131.101178805687,0.42946750166757,1.86375164812899,0.230431722004759,0.817756313701898,1,"CG42493"
87.3293805982747,0.0974670178741845,0.267347979930143,0.36456986845254,0.715432510453037,1,"CG42495"
32.8204694026026,-0.0848828382402636,0.384717353904715,-0.220636884140368,0.825375179328185,1,"CG42514"
40.1834364121681,-0.0459426850058617,0.358315358136641,-0.12821857607438,0.897975999823769,1,"CG42526"
159.332064958873,0,1.87901140738093,0,1,1,"CG42536"
763.572864429332,0.0763506021210822,0.696682932896616,0.109591606907374,0.912733267280478,1,"CG42556"
5.59566524349802,0.411961102434226,0.745533820114676,0.552571984421658,0.580556530161279,1,"CG42566"
12.1147115807679,0,1.92309076858221,0,1,1,"CG42580"
38.9432651179068,0,1.88438633108229,0,1,1,"CG42585"
32.6754001577091,0.0120845466840487,0.363779836576778,0.033219396648715,0.973499630369123,1,"CG42587"
26.7431667943573,0,1.887514577861,0,1,1,"CG42592"
789.214234720076,-0.108324485793244,0.236499647754541,-0.458032334600651,0.64692921097558,1,"CG42613"
81.3789191463893,0,1.87497552990114,0,1,1,"CG42615"
8.90532344792825,0.327972004647203,0.643023578407579,0.510046622954965,0.610018798898416,1,"CG42638"
196.743723959922,0,1.87493338703466,0,1,1,"CG42650"
35.6082827176315,0,1.88784302962004,0,1,1,"CG42655"
9.48566389733993,-0.00137662605906797,0.714084827660482,-0.00192781866487506,0.998461824204037,1,"CG42656"
11.317555360464,0.485614075091394,0.840357344284598,0.577866164190902,0.563354480802537,1,"CG4267"
192.944036087915,-0.128672616117787,0.220152774224746,-0.584469655542154,0.558904374980356,1,"CG42673"
6.72712917943292,0,1.98971711960199,0,1,1,"CG42688"
16.2886890366219,0.197563665547962,0.586165470840687,0.337044188673573,0.736083589185339,1,"CG4269"
221.154512511624,-0.0193227191807427,0.248154967619718,-0.077865534452462,0.937935015664754,1,"CG42699"
112.183449380195,0,1.87644353101879,0,1,1,"CG42703"
28.6016498835979,-0.218777579750694,0.531928638388351,-0.411291222096164,0.680859005312025,1,"CG42714"
76.3472148783022,-0.00583834373381489,0.287607855080552,-0.0202996671707026,0.98380432129243,1,"CG42724"
91.7021921631357,0.359208895895409,0.74390423015116,0.482869812183241,0.62918817751101,1,"CG42753"
158.549326548898,0.0668535651733428,0.197291379439931,0.338857001066778,0.734717458165453,1,"CG4278"
4.82411287360328,0,2.01615552552206,0,1,1,"CG42781"
213.7104824712,0.0610734875996449,0.228879418925237,0.266836956710356,0.789594698230901,1,"CG42806"
429.853136055157,0.0466289140697185,0.763103859964168,0.0611042828061544,0.951276158340637,1,"CG42808"
10.1595318769282,-0.258852663991423,0.980176818312937,-0.264087722903869,0.791712323881113,1,"CG42813"
114.042465987864,0.0970644341370885,0.235104528170417,0.412856506390768,0.679711748636271,1,"CG4282"
190.285302447994,0,1.88327692536012,0,1,1,"CG42830"
67.1323730362894,-0.170316316080029,0.299251996423996,-0.569140116407832,0.569261055835978,1,"CG42833"
109.744957461171,0,1.87576812878018,0,1,1,"CG42851"
25.1878096172946,0.537627058525087,1.48380841647661,0.362329160931514,0.717106069232162,1,"CG42854"
464.43276283915,0,1.87755862678123,0,1,1,"CG42855"
18.6970344569297,0.428469726042548,1.89048435767618,0.226645475432144,0.82069942802369,1,"CG42857"
24.3805871596916,-0.14770720508899,0.551909304867098,-0.267629488733767,0.788984529981141,1,"CG42870"
10.6550808596216,-0.0658353658914186,0.674790402111832,-0.0975641705711572,0.922278376468873,1,"CG4294"
104.013314653268,0.0479189787640952,0.290012014378863,0.16523101246935,0.868762156313757,1,"CG43051"
42.5037958099633,0,1.88960319495241,0,1,1,"CG43054"
108.976901279505,-0.140919584930588,0.846941588765514,-0.166386427115936,0.867852854663693,1,"CG43059"
327.164359391669,-0.0456341192757854,0.235281658999993,-0.193955276708529,0.846210900855599,1,"CG43066"
144.226768106855,0.274856938061031,0.90563092880404,0.303497737675547,0.761510571295046,1,"CG43068"
110.14589974096,-1.01311933421458,1.88047000362834,-0.538758572197257,0.590053452546739,1,"CG43069"
8.70347202692875,0.413316926558455,0.781721393521152,0.528726640954174,0.596995093489875,1,"CG43071"
98.8574746426151,-0.0608490633921324,0.602636161709726,-0.100971477084115,0.919573102422426,1,"CG43074"
143.730117217267,0,1.87149792952077,0,1,1,"CG43076"
7.62827929155652,-0.536652425867001,0.955150646358982,-0.561851083818779,0.574217483925353,1,"CG43083"
10.4928553669148,0,1.94544909429101,0,1,1,"CG43088"
122.743912893948,-0.247942353831301,0.539387838581404,-0.45967360792448,0.645750515978648,1,"CG43092"
21.4258229081619,-0.113718262361565,0.550391563432859,-0.206613382029859,0.836311808421804,1,"CG43102"
78.6835058095329,-0.143669363948976,0.370017526137645,-0.388277186350172,0.697810918174919,1,"CG43103"
114.745450064064,0,1.87596334243682,0,1,1,"CG43106"
6.47577923557513,0,2.04037294768505,0,1,1,"CG43111"
66.2162477212773,0.428910870375228,1.8693940811439,0.229438444628418,0.818528158502135,1,"CG43115"
258.269201794712,0,1.87347703017777,0,1,1,"CG43121"
7.19207033599841,-0.153474243136946,0.863767205793496,-0.177680099577244,0.858974214788655,1,"CG4313"
30.1721947343915,0,1.89263230806252,0,1,1,"CG43137"
60.991224309594,0,1.87858885193915,0,1,1,"CG43138"
27.1857991867675,0.207305080340414,0.430140512615389,0.481947350366823,0.629843348061486,1,"CG43155"
21.8372747842686,-0.163791523524618,0.472567778245184,-0.346599008787344,0.728892590679654,1,"CG43165"
31.1931478447265,0,1.89312255520259,0,1,1,"CG43167"
221.839655545657,0.532866767701757,1.19630151903123,0.445428480382836,0.656010134125711,1,"CG43168"
160.025377879776,0.271389982014145,0.89789738854756,0.302250552764326,0.762461069652762,1,"CG43169"
175.039761376163,0.270324709503351,0.909129778588007,0.297344467060797,0.766203536114927,1,"CG43183"
15.2112594349931,-0.471269192381289,1.81745838740723,-0.259301228378383,0.795402831705978,1,"CG43188"
8.86652986866526,0,1.95233978856382,0,1,1,"CG43198"
47.0126209340529,0,1.88018034570065,0,1,1,"CG43203"
8.90107483946068,0,1.9383297968499,0,1,1,"CG43230"
12.4447304236075,0,1.92471688006114,0,1,1,"CG43231"
189.554856617721,0,1.87661343291709,0,1,1,"CG43237"
98.8799644349805,0.533872606845248,1.46022269238357,0.365610402872037,0.714655811420569,1,"CG43246"
7.5926597305938,-0.260924959450945,0.814710714107496,-0.320267003898168,0.748765933946383,1,"CG4325"
330.871288018978,0.176160716970012,0.325730778099281,0.540816922484125,0.588633777583171,1,"CG43277"
15.7384672181031,0,1.91708168549245,0,1,1,"CG43288"
131.312664683444,-1.01311820460964,1.87988678141215,-0.53892511752681,0.589938525114913,1,"CG43290"
104.490067250846,-1.01312006053488,1.87934390602971,-0.53908178129845,0.589830426034871,1,"CG43292"
24.8117436823651,0,1.89768248348997,0,1,1,"CG43296"
43.7009517120205,0,1.88764493919699,0,1,1,"CG43312"
95.4974680789377,0.428987029422179,1.86592170720749,0.229906232273911,0.81816463338552,1,"CG43321"
119.474707689619,0.129053209491075,0.308574853071709,0.418223352312786,0.675783823535028,1,"CG43322"
157.572096572795,0,1.87864154066127,0,1,1,"CG43331"
28.1150693138211,-0.154603592512598,0.629340567387062,-0.245659664296696,0.80594569867431,1,"CG43347"
96.5043069240876,0.0111660816250687,0.55537294076392,0.0201055557544984,0.983959168190994,1,"CG43366"
34.5621448491564,-0.185028432389629,0.433411057670169,-0.426912117527093,0.669443339228287,1,"CG43373"
75.4110604541398,0.0969078247920281,0.427629570656052,0.226616285312908,0.82072212786966,1,"CG43386"
41.5816422893387,0,1.89548691247112,0,1,1,"CG43393"
14.1574114207366,0.151184071280494,0.707776886602593,0.213604137323831,0.830855772745483,1,"CG43400"
8.41310663221202,0,1.93600317395166,0,1,1,"CG43447"
28.0778390258016,0,1.90136727517185,0,1,1,"CG43449"
36.9955317479557,0,1.89780973897525,0,1,1,"CG43450"
6.54171322385181,-0.432449523379138,0.985752645590253,-0.438699835413776,0.660879046357927,1,"CG4362"
9.18647652148486,0,1.9652248812749,0,1,1,"CG43668"
5.58833914603783,0,2.08169230914634,0,1,1,"CG43675"
10.331373572002,-0.41372070700108,0.800602094635119,-0.51676195924723,0.605322338162868,1,"CG43693"
16.3900263067971,0,1.92319594333113,0,1,1,"CG43694"
34.1178365619979,0.0142382701323711,0.434727540758847,0.0327521695715832,0.973872220881053,1,"CG43707"
9.82353503319264,0.475544535900212,0.872052819717446,0.545316206940645,0.585536059369838,1,"CG4374"
5.15624024582744,0,2.0986685959869,0,1,1,"CG43750"
32.8081788477457,-0.188201717842034,0.474743712151817,-0.396428036906469,0.691789286265231,1,"CG43759"
66.9894856561537,0,1.87946182715821,0,1,1,"CG43760"
154.941962717449,0.0350104013243579,0.213592637127,0.163912023350978,0.869800401854318,1,"CG43795"
69.9562407005286,0,1.87699299724126,0,1,1,"CG43796"
9.37843448266261,0,2.75684460046626,0,1,1,"CG43798"
5.45820721992723,0,2.01423763706324,0,1,1,"CG43815"
10.4591000978359,0,1.95862795143982,0,1,1,"CG43843"
39.5839949216717,0,1.89280032254184,0,1,1,"CG43851"
21.0855383436932,0.240007181654665,0.485916368725282,0.49392693290881,0.621357782844459,1,"CG43861"
69.6431626369372,-1.01312213041575,1.879597192099,-0.539010238297052,0.589879790065494,1,"CG43880"
27.9445820480098,-1.01312679095701,1.90182519419216,-0.532712887625488,0.594232343541094,1,"CG4390"
299.331683482069,-0.0387274301269063,0.275079060770233,-0.140786543397625,0.88803857398991,1,"CG43902"
12.3665471777411,0,1.97317079863649,0,1,1,"CG43919"
82.5156739138967,0,1.88104893634079,0,1,1,"CG43922"
16.3350110899338,0,1.90596547130659,0,1,1,"CG43924"
86.0660820780457,0.100605914137658,0.343303930071884,0.293052031523765,0.769482381158252,1,"CG4393"
83.2191440021722,-0.04516516426222,0.333651645055216,-0.135366226816432,0.892322325411371,1,"CG43968"
27.3050366813408,0,1.88837180649907,0,1,1,"CG43996"
54.4712818151012,0,1.88940966542688,0,1,1,"CG43997"
30.7302211606163,-0.184763153587218,0.415501712255868,-0.444674830782503,0.656554760865692,1,"CG44002"
245.937612795824,0.0491484809871486,0.2630660011032,0.186829467818108,0.851794341720587,1,"CG44006"
20.558327086566,0.428325463599593,1.89770348650936,0.225707264936028,0.82142910728584,1,"CG44037"
710.809173523109,0.0488627178852132,0.129919704711426,0.376099360707028,0.706843029571402,1,"CG4404"
17.1708498995021,-0.0141910899777163,0.788220404878405,-0.0180039616963551,0.985635692947445,1,"CG44085"
11.8456792572836,-0.225243316214204,0.905101348143988,-0.248859773191246,0.803469252839188,1,"CG44098"
61.0134867950032,-1.0131227878614,1.88047621070679,-0.538758630443197,0.590053412351337,1,"CG44158"
6.16046867984731,0,2.0057399982713,0,1,1,"CG44174"
15.3000686537548,-0.193290356675816,0.543632156412603,-0.355553574960186,0.722174916261716,1,"CG44195"
10.4005212373796,0,1.93757171062212,0,1,1,"CG44227"
204.547917922044,0.0481508252966888,0.254803730534364,0.188972214793358,0.850114593793265,1,"CG44245"
137.465161656398,0.116347525970949,0.285048915355514,0.408166878396432,0.683151163024911,1,"CG44247"
16.9602606230592,0.200352675186619,0.518205301610362,0.386627991963819,0.699031631907761,1,"CG44249"
18.2808405638372,0.53092666496017,1.49093351376312,0.356103515052198,0.721763044926131,1,"CG44253"
10.0475293935922,0,1.92064999073499,0,1,1,"CG44261"
63.8565551561282,0.127639998948789,0.357657863216526,0.356877373814414,0.721183608885788,1,"CG44286"
8.30699646281043,0,1.93998562256739,0,1,1,"CG44314"
7.65171720643521,-0.0406255987246911,0.774662329112691,-0.0524429770209998,0.958175730500482,1,"CG44325"
17.7439755018527,0,1.90234494026284,0,1,1,"CG44341"
218.966843040459,0.429502445730701,1.86509756581932,0.230284170438035,0.817870960258447,1,"CG44403"
31.8262664694299,0,1.89023760782378,0,1,1,"CG44405"
7.68075765213329,-0.396535658780071,0.754885906469868,-0.525292173799378,0.599380097071233,1,"CG44476"
9.08787525029252,0,1.96457470907226,0,1,1,"CG44521"
88.9633570008976,0,1.87989628757018,0,1,1,"CG4480"
32.4780174254562,0,1.9020169621224,0,1,1,"CG4483"
29.5536617675149,0.160852779391734,0.541177947681886,0.297227150664103,0.76629309476788,1,"CG44836"
4.18602698142442,0,2.00542859169004,0,1,1,"CG44954"
13.557696166998,-0.147602188764407,0.586817513768552,-0.251529965110454,0.80140439788823,1,"CG45060"
24.3480857725345,0.0496950065233214,0.557572387044179,0.0891274526465812,0.928980620153576,1,"CG45061"
10.8247296116072,-0.462775413127628,1.82682951083893,-0.253321621082806,0.800019689665378,1,"CG45063"
1137.2465317097,0.0411058538190834,0.3300884660289,0.124529809579849,0.900895799441871,1,"CG45076"
90.1322920907261,0,1.87642451640679,0,1,1,"CG45154"
51.7240847106127,0,1.88670012460689,0,1,1,"CG4520"
34.7504881252449,0.0532590516986487,0.387683078680185,0.137377808389167,0.890732171067611,1,"CG45218"
136.567449091869,-0.101659374682321,0.285665658726556,-0.355868378213536,0.721939138105839,1,"CG45263"
2849.98747609978,0.0763198933289082,0.370621606788704,0.205924025828368,0.836850257731637,1,"CG4546"
29.5341678576777,0,1.94794399348461,0,1,1,"CG45491"
127.508361412335,0.0118754392554056,0.29591058994562,0.0401318494805745,0.96798801003381,1,"CG4554"
215.139398459422,0.532958547552953,1.45438974591197,0.366448229610396,0.714030636667964,1,"CG45603"
17.2553632313373,-0.0960517960591023,0.454795770133181,-0.211197645991683,0.832733047554368,1,"CG4565"
51.3272552532121,0.165325366926605,0.377476516571427,0.437975237316046,0.661404234143256,1,"CG4576"
37.8729915207669,0,1.90850307087087,0,1,1,"CG45764"
16.5311400808482,0,1.90683634228043,0,1,1,"CG45765"
11.0960797459852,0,1.94600913598256,0,1,1,"CG45766"
9.07440459816539,0,3.79547611299777,0,1,1,"CG46042"
25.2556596447427,-0.198785452357192,0.918852887534242,-0.216340890967472,0.828722037297538,1,"CG4607"
362.074330092755,-0.0355596672954318,0.164843959592316,-0.215717138701208,0.829208240984281,1,"CG4611"
599.971297831927,-0.063641962578936,0.154545063500976,-0.411801976311809,0.680484572708018,1,"CG4615"
490.1639717765,0.0909705866317047,0.249354029560947,0.364825011217513,0.715242033770665,1,"CG46385"
59.8451006115489,0,1.88624666797887,0,1,1,"CG46399"
222.517866193656,-1.01311496204667,1.8782263954015,-0.539399810654936,0.589611011669621,1,"CG46441"
25.5751087097194,0,1.89812935214074,0,1,1,"CG46443"
180.212342713995,0.016595292007897,0.258178576849396,0.0642783464469152,0.948748594825275,1,"CG46448"
6.55553972237601,-0.370225069496529,1.0889025611096,-0.33999834578336,0.733857773676372,1,"CG4645"
41.6020563876161,-0.175284683150993,0.41663986425563,-0.420710302083449,0.67396663745765,1,"CG46491"
284.252962116717,-0.144004200872534,0.446122513646312,-0.322790705395114,0.74685375255702,1,"CG4653"
59.1252760409155,0.120570849294417,0.34285505263523,0.35166712104049,0.725087921017847,1,"CG4660"
4.97425738422014,-0.464667024094133,1.88081859510447,-0.247055736956027,0.804865088817535,1,"CG4686"
7.74224121928918,0,1.938498443716,0,1,1,"CG4704"
51.7782507678835,-0.0759046132365747,0.326563206594253,-0.232434676362314,0.816200418463955,1,"CG4741"
233.243465679351,0.104269472941511,0.182215233852275,0.572232467819044,0.567164494103492,1,"CG4751"
214.779944624203,-0.116478311521418,0.213283009424071,-0.546120911534139,0.584982826231536,1,"CG4766"
149.018632142895,-0.119241505675416,0.326653077484915,-0.365040202876774,0.715081396344935,1,"CG4781"
429.051129205601,0.0747189863630817,0.18114973114116,0.41247086535755,0.679994330969849,1,"CG4789"
190.904915580926,0.106989605450487,0.25038215215804,0.42730523932455,0.669157017182498,1,"CG4806"
15.119831562696,-0.336068897892485,0.627734372309169,-0.53536800391578,0.592395410615128,1,"CG4839"
215.504972789634,0.192737375292085,0.419645412432705,0.459286267839262,0.646028607651022,1,"CG4842"
35.4440023835628,0.164714583647371,0.463453622383836,0.35540683186408,0.722284831441051,1,"CG4854"
139.520607353095,-0.0945416466158649,0.354963381984598,-0.266341970507727,0.789975852254756,1,"CG4860"
134.337600075105,0.113079527742602,0.25170768092865,0.44924941235566,0.653251746103701,1,"CG4872"
143.424796490807,0,1.87627617798383,0,1,1,"CG4891"
115.364393760038,0,1.8744107909037,0,1,1,"CG4892"
653.110623523404,-0.0328194645841032,0.166649758118803,-0.196936766993124,0.843877021159609,1,"CG4911"
30.6077118888057,0.203408128769298,0.436093735091248,0.466432127778073,0.640906219241531,1,"CG4927"
19.6862722023582,0.0692695777909919,0.462488188813279,0.149775885020402,0.880941435684522,1,"CG4945"
39.3467680301541,0.126172640860186,0.539358142223454,0.233931095097686,0.815038472477912,1,"CG4950"
27.6719212774246,0.0852513437244881,0.42868181122788,0.198868581525074,0.842365546912782,1,"CG4951"
227.564022259065,0.0663264077434686,0.185504179877095,0.357546702114274,0.720682570316353,1,"CG4953"
165.568831372727,0,1.87579028531548,0,1,1,"CG4956"
18553.3000703313,0.0172713896543816,0.355694568618356,0.0485567989454262,0.961272498773551,1,"CG4962"
309.341225277363,0,1.87410362372203,0,1,1,"CG4970"
12.413179795273,-1.01313118590721,1.91864309859054,-0.528045672825481,0.597467636217812,1,"CG4983"
485.717822804121,-1.01311046615301,1.87345959199279,-0.540769851926923,0.588666225219385,1,"CG4988"
363.951570889897,-0.109189566474899,0.239694759029845,-0.455535894555391,0.648723750242797,1,"CG5002"
231.753264120796,0.130385842116714,0.223188174878939,0.584196910017467,0.559087840210694,1,"CG5003"
2489.891474792,-0.177276964146959,0.71715435510914,-0.247194990707377,0.804757321871113,1,"CG5023"
210.597808734722,0.0124795702693209,0.262531817199379,0.0475354583777682,0.96208647056742,1,"CG5033"
38.4550433471777,-0.190473888958551,0.45409946599532,-0.419454113519072,0.674884283305184,1,"CG5065"
14.3989317948048,0.0139668610430602,0.785888346072231,0.0177720678934416,0.985820687832322,1,"CG5079"
9.23140066703255,-0.0548072071090029,0.655369176685886,-0.0836279902362141,0.933352211892477,1,"CG5080"
352.974497695554,-0.0495248232638862,0.33033976682633,-0.149920864023383,0.880827050644229,1,"CG5096"
385.10400454587,-0.025903575561949,0.166445468359489,-0.155628001274282,0.876326252037963,1,"CG5104"
724.108949167267,0.536075134837472,1.20056078425415,0.446520610924762,0.655221227749161,1,"CG5139"
384.654930537566,0.0424684611368953,0.139283317055001,0.304907019985207,0.760436969023364,1,"CG5149"
7.11509716639756,0.223406171061056,0.967724080199672,0.230857302853268,0.817425662141641,1,"CG5160"
6.81383601072532,0.0311306615438529,0.839084014461443,0.0371007682274031,0.97040465949474,1,"CG5162"
740.322850022629,0.0403269833540287,0.222375398713323,0.181346424053034,0.856095668934946,1,"CG5167"
27.4981055688511,-0.172348119321145,0.437617275152668,-0.393832988565224,0.693704347300977,1,"CG5177"
7.55299647947382,0.42706827674568,1.96694418143638,0.217122723042302,0.828112705913417,1,"CG5180"
56.356291034304,0,1.91033055538999,0,1,1,"CG5250"
6.16199149132795,0,2.08651769913971,0,1,1,"CG5276"
155.336282145454,0.0404313245880799,0.262142058435799,0.154234405685732,0.877424914933678,1,"CG5281"
186.101867240227,-1.0131162528548,1.87437688779067,-0.540508293424893,0.58884654310374,1,"CG5327"
212.739332261443,0.0113159137492222,0.224260956329802,0.0504586885493381,0.959756869205677,1,"CG5335"
182.436945926499,-0.0991726721596434,0.204307765453173,-0.485408236635888,0.627386790844399,1,"CG5339"
511.952151084036,-0.0630593366581964,0.23252947736377,-0.271188570899104,0.786246002834663,1,"CG5346"
30.4123833671262,0.179289958148686,0.548354543045434,0.326959921135971,0.7436981989153,1,"CG5381"
6.26764479227558,-0.343808983695478,1.17994712147855,-0.291376602762217,0.770763306892456,1,"CG5397"
54.5133932033384,-0.0120048891169283,0.466215341711109,-0.0257496655362473,0.979457009603327,1,"CG5404"
221.774124421073,0.0173216550741362,0.199618864385322,0.0867736379899465,0.930851442402099,1,"CG5412"
253.63266889353,0.0694989348080434,0.184313059908042,0.377070050503844,0.706121547489847,1,"CG5439"
27.1227639045642,0,1.89280618150386,0,1,1,"CG5445"
71.7492547444442,0,1.88876640914299,0,1,1,"CG5478"
154.16310615954,-0.221600168268163,0.504031421507976,-0.439655463552596,0.660186663563377,1,"CG5509"
340.813338718469,-0.0179300092517849,0.158153836880404,-0.113370687714289,0.909736677674925,1,"CG5510"
18.2998815750683,0.261716353244476,0.581978903734551,0.449700756445029,0.652926225840892,1,"CG5535"
21.7052756324339,0,1.92777248345153,0,1,1,"CG5592"
1520.56004989063,-5.49545766458798e-05,0.201834479411631,-0.000272275464559267,0.999782755613227,1,"CG5597"
197.403614560392,-0.108867197150488,0.195665132983207,-0.556395487998524,0.577940522695091,1,"CG5608"
271.948700466502,-1.01311372977151,1.87771975215053,-0.539544694361981,0.589511066184218,1,"CG5623"
347.201321183487,0.0957125454549247,0.181337270269033,0.527815078019677,0.597627690894794,1,"CG5641"
537.525546062702,0.0648090915186526,0.776548738102497,0.0834578543994729,0.933487487751521,1,"CG5644"
571.519985088048,0.0650091364634014,0.454038615979853,0.143179752063833,0.886148220562706,1,"CG5646"
2015.39762303177,-0.0532848112797084,0.265706595116838,-0.200540040251081,0.841058246361235,1,"CG5653"
104.163534513831,0,1.87793234683761,0,1,1,"CG5681"
87.8395732364543,0.158630623980432,0.330170574796635,0.480450518881456,0.630907079444159,1,"CG5715"
930.3262399719,0.0567810256176817,0.140472917913431,0.404213327815075,0.686055853861686,1,"CG5721"
137.932113538112,-0.0332386050412368,0.240551876358885,-0.138176453014431,0.890100964341939,1,"CG5727"
15.0770892702766,-0.135891403694567,0.744417296018723,-0.182547348673034,0.855153199668476,1,"CG5742"
11.5557188327327,-0.0452479216286498,0.625077642516145,-0.0723876820270069,0.942293387396025,1,"CG5776"
303.189454030221,0.0472337529499518,0.222323558663402,0.21245500582088,0.831752076634088,1,"CG5783"
4.9182114280494,0,2.03592396040869,0,1,1,"CG5787"
132.683572394743,-0.107879500025658,0.257219893104479,-0.419405741615167,0.674919628662981,1,"CG5800"
9.01367960698072,-0.32502618855151,0.669451946140728,-0.485510857687738,0.627314012659198,1,"CG5805"
24.6590084194835,0.225953407418533,0.462422660601019,0.488629616733872,0.625103941284362,1,"CG5808"
14.7823734109361,0.238431427247884,0.574191423735858,0.415247280596041,0.677960890181007,1,"CG5810"
143.252005556088,-0.123515403252298,0.23821229479931,-0.518509774469691,0.604102642132191,1,"CG5835"
13.1555753895277,0.0930024461572743,0.570581642883246,0.162995861008281,0.870521693528536,1,"CG5850"
55.4269223972057,-0.145598346983809,0.308877599459117,-0.471378783177445,0.637370264447519,1,"CG5880"
15.4718807306191,-0.0473233412685959,0.57474231665096,-0.0823383625976078,0.934377649031954,1,"CG5888"
219.041359107318,0.0929778449299056,0.296525817095255,0.313557334874615,0.753857268168151,1,"CG5890"
218.168279355165,-1.01311531876944,1.87371799445666,-0.540697864762314,0.588715850476901,1,"CG5906"
26.1867048036557,0.122247475747207,0.639765146384275,0.191081799998181,0.848461506412083,1,"CG5909"
14.3341244680392,0.0392075910798842,0.522575821149019,0.0750275644090768,0.940192780469471,1,"CG5910"
211.812775049934,0.0980294109732464,0.196751482190026,0.49823975851205,0.618315062389245,1,"CG5913"
14.2253055073056,-0.240329066786894,0.54382478767734,-0.441923708210015,0.65854441398047,1,"CG5921"
14.9699614050855,0.0333608558697199,0.554296930967983,0.0601858931664315,0.952007580969032,1,"CG5938"
19.9905007033671,-0.0723844386647089,0.578580924455506,-0.125106853000432,0.900438958015802,1,"CG5946"
262.365460582029,0.0309460318271984,0.83349692713671,0.0371279495096719,0.970382986901152,1,"CG5953"
2500.4959230955,-0.106878441210128,0.19432877250415,-0.549987733843405,0.58232778681113,1,"CG5958"
30.3669486447192,-0.313852102443764,0.63640376338057,-0.493165063601424,0.621895961097815,1,"CG5966"
6.53473672278387,0.279322103590472,0.788877510913475,0.35407537891026,0.723282393167769,1,"CG6006"
95.9737351042012,0.112016194666816,0.498428999352764,0.224738518048258,0.822182697925874,1,"CG6012"
300.13688075699,0.021695733127648,0.213454084203184,0.101641218103824,0.919041461533424,1,"CG6013"
109.586522445467,-0.411270935756374,1.0368503598662,-0.396654089804671,0.691622559677284,1,"CG6026"
1158.83932932947,-0.0691489667340672,0.177884610244741,-0.388729337737138,0.697476377557825,1,"CG6028"
65.9207639527813,0.133841855843951,0.439491194932235,0.304538196412758,0.76071789722163,1,"CG6067"
80.4009732261962,0.292304925921188,0.584500278857485,0.500093732192144,0.61700907928891,1,"CG6071"
513.081577607822,0.00723403337974432,0.272354552930423,0.026561088485245,0.978809809191768,1,"CG6083"
1481.93552620052,0.000841778391792785,0.164896725271809,0.00510488240688365,0.995926910833506,1,"CG6180"
1380.05395288138,-0.0186330940531606,0.171759244069921,-0.108483791682125,0.913611936995353,1,"CG6230"
64.3974221516542,-0.0991666219639744,0.392370046059933,-0.252737493495686,0.800471072612394,1,"CG6231"
6.60215543798401,-0.790957216384828,1.40460016573999,-0.563119125055868,0.573353769220956,1,"CG6244"
311.584377927185,-0.042625917418469,0.172032088359771,-0.247778875585846,0.80430550019484,1,"CG6276"
246.419572686816,-0.1012557450732,0.202578939547248,-0.49983352316633,0.617192303771921,1,"CG6325"
66.4339126674813,0.0436399050910256,0.350132177976771,0.124638373265769,0.900809847784316,1,"CG6340"
144.968991260694,-0.034232868605587,0.249795402663519,-0.137043629468632,0.890996309093502,1,"CG6345"
595.867634703808,-0.012054562572599,0.248442079274197,-0.0485206153797112,0.961301335092701,1,"CG6356"
32.4385417636685,0.164268617132126,0.551650767465748,0.297776468048375,0.765873776022098,1,"CG6362"
367.804704008424,0.0485882428672264,0.160233172593121,0.303234605424721,0.761711078441316,1,"CG6418"
8.71464435517995,-0.111384582786907,1.00597657308567,-0.110722839643525,0.911836133922779,1,"CG6421"
9.72050686944844,-0.050601782434061,0.589593024474703,-0.0858249340367359,0.931605585111693,1,"CG6424"
106.546149897646,0.169743603528236,0.438101524567124,0.387452665671399,0.698421120904141,1,"CG6425"
2097.54020128832,-0.0210085853067735,0.250429439401876,-0.083890238132347,0.933143701043202,1,"CG6426"
501.885145436151,-0.159271377303963,0.274657410414312,-0.579891061609104,0.561988083798951,1,"CG6428"
184.828500528475,0.586662218689398,1.02483299759089,0.572446652350659,0.567019417732426,1,"CG6429"
7.24367274622777,0.533389699293062,1.0255168621063,0.520117921998411,0.602981387746918,1,"CG6431"
1071.76291818049,-0.0163655161810337,0.224154941199301,-0.0730098390580771,0.941798287972095,1,"CG6465"
442.22112530088,-0.0258066359270929,0.309932069367088,-0.08326545871743,0.933640464839485,1,"CG6472"
104.963796513298,-0.242229135847537,0.491316127240876,-0.493020933808632,0.621997795962378,1,"CG6484"
34.231281333854,0,1.88549926474956,0,1,1,"CG6497"
31.9039229714777,-0.46926202477979,1.79386888593479,-0.2615921533949,0.793635894108031,1,"CG6527"
140.415407074834,0.033959631176061,0.216358703604423,0.156959856988932,0.875276485365236,1,"CG6550"
256.409178132856,0.0418135301823347,0.183710968735612,0.227604973563178,0.819953353088284,1,"CG6567"
416.631306848848,0.0610127645610021,0.228027121527174,0.267568016262185,0.789031852845033,1,"CG6583"
745.992128786063,0.000646259072773646,0.152399414966181,0.00424056137562639,0.996616531689712,1,"CG6656"
43.4747018281596,-0.0243280762159909,0.329913291167854,-0.0737408187765712,0.941216618499297,1,"CG6683"
391.058914811104,0.064145663583849,0.166266067558568,0.385801291422577,0.699643838794343,1,"CG6689"
19.2819428996028,-0.197716145937572,0.52192574578584,-0.378820450100386,0.704821200252352,1,"CG6707"
163.960877382123,-0.0547113498825246,0.207547193344833,-0.263609201361849,0.792081067595865,1,"CG6729"
26.2157527593883,-0.223042015227619,0.528531104501365,-0.422003574298706,0.673022408532742,1,"CG6749"
13.8898078104405,0.247506754198677,0.76666763921008,0.322834487254073,0.746820593224079,1,"CG6763"
110.060648266704,-0.0111333167292084,0.245804651392398,-0.0452933525307275,0.963873485914561,1,"CG6791"
11.0313712386824,-0.0656478621524007,0.637971114283989,-0.102900994547502,0.91804154835776,1,"CG6813"
128.597272580624,0.0408276495321127,0.223346634212722,0.18279948420099,0.854955353340395,1,"CG6843"
14.284079543641,-0.340066294355993,0.68956343794141,-0.493161724715584,0.621898320104776,1,"CG6901"
24.282009158823,-0.0171893237555375,0.476888415979238,-0.036044750049634,0.971246676740145,1,"CG6923"
145.314120237319,-0.054384017362036,0.205683294402325,-0.26440658450199,0.791466638320056,1,"CG6937"
554.559271899593,0.0807270785225484,0.440150063112468,0.183408081215976,0.854477835525671,1,"CG6966"
472.952722296682,0.134160935500305,0.255267402216483,0.525570183797022,0.599186877588502,1,"CG6974"
162.28841291813,-0.032825157672922,0.23542625007574,-0.139428622179395,0.889111456025812,1,"CG7011"
233.418178143343,0.0633865328902937,0.198471326220764,0.319373755883444,0.749443109367126,1,"CG7016"
379.583723328017,0.121583139778841,0.674279701586218,0.180315586384732,0.856904820055809,1,"CG7024"
43.2473084661052,-0.0931787783458021,0.392434177146921,-0.237437980104668,0.812317028145844,1,"CG7029"
360.992719809349,0.102088643010581,0.199591530156397,0.511487851867189,0.609009492703694,1,"CG7044"
14.1111242397508,-0.00948018345594411,0.741110267613779,-0.0127918662987471,0.989793845719107,1,"CG7079"
17.6099999116052,0.210328238105775,0.478878639926272,0.439209896975478,0.660509454474546,1,"CG7091"
362.641116254821,0,1.87050221848965,0,1,1,"CG7094"
27.6606651332685,0.123493853738394,0.470732503809818,0.262344012233937,0.793056233032913,1,"CG7101"
150.014948670289,0.0419455976827458,0.212048112027331,0.197811700758455,0.843192391184951,1,"CG7130"
109.347613882787,-0.0070299694349023,0.227496455700664,-0.0309014459730846,0.975348136755435,1,"CG7137"
49.8168796888475,-0.131967590707282,0.358589415208628,-0.368018645030288,0.71285933163179,1,"CG7149"
153.995791072478,0.140222618687381,0.277500381617212,0.50530603911315,0.613343901812615,1,"CG7156"
11.9057541193537,0,1.95291477863073,0,1,1,"CG7164"
161.128059036549,0.157355211380814,0.393645912165611,0.39973795362217,0.68934953460555,1,"CG7166"
170.470408466653,0.0409018021381136,0.223209127824684,0.183244307868266,0.854606330249688,1,"CG7168"
14.4955500384299,-0.269452800976622,0.991462951033811,-0.271772939871994,0.785796613188553,1,"CG7213"
106.626760752616,-0.0344938626284399,0.248919919165401,-0.138574135585829,0.889786682896465,1,"CG7239"
88.3188788960273,0.0924519916800157,0.256321603159404,0.360687474408939,0.718333089272899,1,"CG7246"
180.83571729702,-4.01071906378436e-05,0.208172161923142,-0.000192663563981486,0.999846276717821,1,"CG7275"
552.659786250321,-0.0291376169600507,0.140815118554773,-0.206921083894248,0.836071490278963,1,"CG7289"
11.8604726732185,0.349623743879843,1.0266165520072,0.340559231386124,0.733435425187243,1,"CG7294"
15.8772898604226,0,1.91404334462422,0,1,1,"CG7304"
88.4609007880033,0.0620419359779448,0.248670748693569,0.249494306442924,0.802978444489583,1,"CG7328"
187.154910838118,-0.0856590157354366,0.213296828156014,-0.401595356461569,0.687981847824851,1,"CG7332"
6.66806275000297,-1.01313240343399,1.99569317904927,-0.507659400788573,0.611692225186342,1,"CG7333"
28.8238141913654,-0.0894951924611816,1.71871647175656,-0.0520709459249646,0.95847216334207,1,"CG7365"
8.09302670986645,0.273952516164475,0.741954580877296,0.369230844077478,0.71195566739059,1,"CG7378"
825.845662361305,-0.0330649605201495,0.197004343293339,-0.167838738818646,0.866710145595516,1,"CG7382"
105.196950793612,-0.00253147406746471,0.296112992927076,-0.0085490138154395,0.993178956953385,1,"CG7386"
619.385361982548,0.210871274385432,0.987868264483961,0.213460925881231,0.830967463366114,1,"CG7387"
1458.67925142539,-0.167756215745728,0.386021700711046,-0.434577163503305,0.663869373997061,1,"CG7402"
273.076556551931,-0.0578701486976781,0.169143336562767,-0.34213673369393,0.732247994232881,1,"CG7407"
1053.37362648207,0.0745294400289205,0.432924430422937,0.17215346326404,0.863316882512863,1,"CG7409"
16.782165003748,-0.130088584364292,0.516939461097645,-0.251651487561171,0.801310457658579,1,"CG7457"
206.534817221353,0.0697567031786115,0.193957623788642,0.359649194581937,0.719109489857241,1,"CG7484"
560.596133897335,0.0133163711201648,0.162999832636602,0.081695612227117,0.934888767633231,1,"CG7506"
26.2509797337682,-0.223787052767237,0.494899769353393,-0.452186617624866,0.651134548060113,1,"CG7512"
225.460505814604,0,1.87773175912929,0,1,1,"CG7514"
101.782892424971,-0.0435101084231477,0.29514205853427,-0.147420901782779,0.882799808528485,1,"CG7530"
194.050045706569,0,1.87641184245593,0,1,1,"CG7551"
38.7480050488771,-0.205882764825923,0.433599022403754,-0.47482294513619,0.634913177054998,1,"CG7556"
80.5699215730449,0.0340708991416411,0.342520822389665,0.0994710304148479,0.920764288182363,1,"CG7560"
20.232217065812,0.161463079243891,0.534588322400317,0.302032559407428,0.762627242496664,1,"CG7564"
264.006600529242,-0.0305671441464749,0.231301855002277,-0.132152611340596,0.894863582952479,1,"CG7565"
24.7550597493689,-0.0679072913038861,0.450423078315142,-0.150763348001397,0.880162399778477,1,"CG7582"
524.977932912923,0.0800807947743203,0.181941247136419,0.440146454059842,0.65983103849165,1,"CG7600"
246.683220170099,0.0915117480355144,0.220954763279052,0.414165083736805,0.67875321099755,1,"CG7601"
637.799741174258,0.0741765909103056,0.156281363102998,0.47463491127486,0.635047218216563,1,"CG7639"
47.0619344800285,0.110935729987518,0.367267783918313,0.302056795736247,0.762608766990714,1,"CG7646"
263.854799213564,-0.464157032648704,1.26550643252169,-0.366775719759726,0.713786320184127,1,"CG7653"
58.2008873636777,-0.0963227681620406,0.281739158518726,-0.341886334396923,0.732436434209939,1,"CG7656"
60.6545162731542,0,1.87800116370026,0,1,1,"CG7691"
11.5626894903654,0.115383914995201,0.675634509257872,0.170778599100777,0.864397857291495,1,"CG7695"
8.93863801182763,0.265752290017938,0.722765309126405,0.36768822003805,0.713105725230155,1,"CG7714"
173.252900378407,0.0931755493955164,0.310275308573921,0.300299594652785,0.76394864239457,1,"CG7724"
14.2214812666209,-0.454247618312553,0.814598964437492,-0.557633434540672,0.57709472066962,1,"CG7741"
97.958571147721,0.0945837671484169,0.279337067453123,0.338600845246897,0.734910445764648,1,"CG7744"
131.484737451844,-0.101973231758208,0.235095897091025,-0.433751643563247,0.664468800085302,1,"CG7745"
140.109523286952,-0.0400087076910697,0.209797576592588,-0.190701476827656,0.848759481585629,1,"CG7747"
382.712746071646,0.0718485186451271,0.234018906180645,0.307020145584586,0.758828038318544,1,"CG7772"
119.002741336093,-0.129234944449083,0.238013408671698,-0.542973377719834,0.587148132447537,1,"CG7785"
138.72133965979,0.0809901879464406,0.222766634977624,0.363565162954388,0.7161827449151,1,"CG7789"
565.887798796845,-0.202664818472591,0.772095059120067,-0.262486873965444,0.792946103751183,1,"CG7794"
239.116115844085,0.012078855145162,0.212878262525743,0.0567406695350181,0.954751776579633,1,"CG7800"
664.339814561364,0.0944957092635714,0.166496324960901,0.567554324612042,0.570337629143133,1,"CG7806"
174.38111742537,-0.0654652416699216,0.209206531280629,-0.312921596038064,0.754340229694776,1,"CG7810"
287.331704943534,-0.0593574877099974,0.184655796191583,-0.321449361104339,0.747869881481642,1,"CG7857"
20.0923583478908,0.0838143681313581,0.501725029479144,0.167052395648605,0.86732882233966,1,"CG7879"
15.5283665258034,0.136429107046279,0.578197666433671,0.235955824394407,0.81346694936873,1,"CG7912"
56.3389282399604,0.0293531762506381,0.306924420117254,0.0956364965662374,0.923809277971143,1,"CG7914"
22.2075535451099,0,1.93329467959366,0,1,1,"CG7920"
6.34243775783655,-0.0165038276656273,0.9123011642846,-0.0180903284044026,0.985566793505716,1,"CG7991"
133.402738865277,-0.146106596573303,0.431368134117835,-0.338705122185478,0.734831881577904,1,"CG7992"
543.740720863277,-0.00773793132105437,0.188494409004292,-0.041051251132219,0.967255037775037,1,"CG8004"
452.975160377939,-0.0153022109013922,0.184606573507021,-0.0828909318378642,0.933938264572346,1,"CG8031"
1379.2072538704,0.0778045419658784,0.20469905794163,0.380092330410551,0.70387687877398,1,"CG8042"
925.412695127118,-0.072797770318927,0.189719480969849,-0.383712679092223,0.701191414138943,1,"CG8043"
6.96888903442039,-0.438900709562243,1.02589327916633,-0.427822969967114,0.668780012269796,1,"CG8051"
182.935279022838,-0.108673628313857,0.195204848637172,-0.556715824799255,0.57772160310592,1,"CG8060"
9.71485389230734,-1.01313080123663,1.96257323648159,-0.516225729773491,0.605696761803364,1,"CG8065"
6.87954041921673,0.118020658557223,0.815440577652314,0.14473238368516,0.884922169868748,1,"CG8079"
6.76646696490193,0,1.94760552854103,0,1,1,"CG8117"
39.3806818917258,-0.211889128878204,0.658398455439203,-0.32182506980041,0.747585220910646,1,"CG8128"
266.878627386132,-0.0501786159671532,0.209549940332359,-0.239458984753548,0.810749696811306,1,"CG8132"
368.895617986177,0.429446151923903,1.86256360377473,0.230567241329947,0.817651019548683,1,"CG8138"
65.2438164317037,-0.0738422425750485,0.323350794291733,-0.228365737393014,0.819361923326073,1,"CG8142"
322.61445823088,-0.0624349604307861,0.168872465447754,-0.369716639508069,0.711593632414386,1,"CG8149"
68.5792387982602,0.0454920580578098,0.274356520219026,0.165813657431915,0.868303597834099,1,"CG8152"
364.529819275438,-0.00209461577136814,0.167824668103946,-0.0124809766945035,0.990041879929712,1,"CG8155"
43.6703424941194,-0.0950307662583935,0.327050909421218,-0.290568726522025,0.771381181140973,1,"CG8159"
6.89758067051954,0.296924172564226,1.36941023266099,0.216826313607467,0.828343704455092,1,"CG8170"
9.16317237884346,-0.148674685288061,1.17123888654101,-0.12693796884352,0.89898949490828,1,"CG8172"
32.7516291737989,-0.039016886823917,0.472484773804233,-0.0825780829078803,0.934187029047562,1,"CG8180"
225.875190499161,-0.109534134824439,0.204721134927864,-0.535040677959482,0.592621729111591,1,"CG8187"
77.317236747133,0.025032882140525,0.314846573965902,0.0795081929118786,0.936628415243778,1,"CG8191"
1609.6675761084,0.227126824413109,0.752251847666768,0.301929234361577,0.762706009346427,1,"CG8192"
159.391683634585,0.0233272380894979,0.203674952927501,0.114531697463072,0.908816320771499,1,"CG8202"
34.9867383726905,0,1.89387617037244,0,1,1,"CG8204"
593.580910824994,0.0288750999825664,0.20144188592824,0.14334208523471,0.886020019781961,1,"CG8209"
292.17407623857,0.0110377990318416,0.501702624734204,0.0220006802589268,0.98244741290192,1,"CG8219"
103.13921777086,0.0583857037107088,0.288895935963332,0.20209942904188,0.839838994214778,1,"CG8281"
65.3334521418365,-0.0784903811287979,0.287954566646574,-0.272579046211601,0.785176820898732,1,"CG8298"
16.3157658677386,0.303854562620594,0.613644904744684,0.495163506241474,0.620484708681593,1,"CG8299"
728.169078556707,0.00963579940256792,0.215600372526404,0.0446928699132365,0.964352117006017,1,"CG8306"
127.312195905699,0.0532219598119302,0.219875482534807,0.242054999485925,0.808737546630386,1,"CG8319"
62.0910362012918,0.0478096262467559,0.294867209322879,0.162139514788857,0.87119598957149,1,"CG8321"
120.184214154967,-0.0977655137281186,0.259538556653381,-0.376689748871056,0.706404181870478,1,"CG8326"
354.848891952131,-0.463474172471045,1.26706289738298,-0.365786239521586,0.714524588645531,1,"CG8349"
25.7373375932554,0.0196152509849208,0.4330999388046,0.0452903573227484,0.963875873294829,1,"CG8353"
64.094532654478,0.0678919163377564,0.314316223691596,0.215998765639191,0.828988709733139,1,"CG8369"
269.612614796524,-0.0203097983773169,0.225284638205059,-0.0901517233448935,0.928166647231155,1,"CG8388"
14.15650606791,0.144562211560623,0.657696231928922,0.219800881535606,0.826026233056184,1,"CG8401"
406.760890842318,-0.074375056094169,0.228426524522919,-0.325597284507591,0.744729066986773,1,"CG8405"
174.281126058757,0.0342024497647205,0.206378236198559,0.165727018481803,0.868371782399766,1,"CG8414"
110.465296766214,-0.113201190469374,0.233734406004984,-0.484315477572265,0.628161993221566,1,"CG8435"
156.198646715924,-0.135706306678343,0.235370116603731,-0.576565575258721,0.564232959787503,1,"CG8460"
459.99270417826,0.53662329156912,1.19671361558005,0.448414127308993,0.653854347946749,1,"CG8476"
4223.72545110642,0.359173609159488,0.949494634666638,0.378278713797674,0.705223556586991,1,"CG8483"
192.004406977584,0.0481118646298362,0.183628188741178,0.262006966139874,0.793316071549502,1,"CG8516"
116.523950854219,-0.108846755057427,0.285868165685491,-0.380758573786699,0.703382401148802,1,"CG8519"
332.176251891315,-0.0450472898193516,0.186826542023917,-0.241118255100952,0.809463464591472,1,"CG8545"
30.3787824752935,0,1.89559173807794,0,1,1,"CG8560"
772.202979344985,-0.266482072158889,0.711777164745952,-0.374389746338662,0.708114370426275,1,"CG8562"
1566.60457239865,0.212889082398866,0.984452048259836,0.216251347920073,0.828791830465695,1,"CG8565"
10.2823256687924,0.196915119627315,0.840152160338232,0.2343803050486,0.814689747156166,1,"CG8578"
207.298857875335,0,1.87952995173184,0,1,1,"CG8584"
41.2583667947134,-0.213223389591463,0.37234588105204,-0.572648713043402,0.56688256966232,1,"CG8586"
43.9497259418505,0.00258874211554117,0.396595990257239,0.00652740365292666,0.994791922386654,1,"CG8607"
787.133354459595,0.0543657059634353,0.142412987936242,0.381746824859644,0.702649164433538,1,"CG8613"
306.184251906065,-0.134439187165079,0.23413706019765,-0.574190122023359,0.565839152993569,1,"CG8617"
40.4695634920648,-0.140956717350386,1.43959330549963,-0.0979142628768093,0.922000374272245,1,"CG8642"
159.659999573101,-0.0262797747606878,0.282294570935795,-0.0930934472936245,0.925829323132686,1,"CG8646"
26.0407978182121,0.00652412935366643,0.519862260511432,0.0125497268204237,0.989987029561584,1,"CG8654"
136.523617327032,-0.0237901880288526,0.270768689985041,-0.087861665357863,0.929986625341703,1,"CG8675"
166.169837740833,-0.029843460692969,0.201098083944396,-0.148402511389521,0.882025118216711,1,"CG8679"
547.28044490814,0.0619895027195449,0.159069096881371,0.389701732988242,0.696757114896214,1,"CG8745"
865.166329482524,-0.00876173316463992,0.143297103925416,-0.0611438258319602,0.951244666455048,1,"CG8768"
347.439137500741,0.152951753323388,1.02002354605258,0.149949237853676,0.880804664647007,1,"CG8773"
63.1033428778685,-0.135704182773537,0.514362605731635,-0.263829798786617,0.791911071734626,1,"CG8785"
1134.76157185018,0.062863256991473,0.158492646349782,0.39663201062804,0.691638843639709,1,"CG8814"
189.279149697954,-0.182357681965333,1.11706275413289,-0.163247482104876,0.870323582291536,1,"CG8834"
5.51204870632266,0,2.01657661988009,0,1,1,"CG8851"
462.063211393705,-0.054170877579907,0.251577509799551,-0.215324802376288,0.829514093631381,1,"CG8858"
2828.94790482177,0.0858505318139883,0.261713552673337,0.328032426815681,0.742887144880606,1,"CG8888"
49.7779039028013,0.106310609041332,0.357211519555853,0.297612487899371,0.765998942293306,1,"CG8908"
207.901601188895,0.130015078194739,0.286869413145774,0.453220427960619,0.650390024138505,1,"CG8910"
12.1110315362384,0.0440686195678805,0.636296954576471,0.0692579451322587,0.944784300240843,1,"CG8915"
116.690963529546,0.0694136644370153,0.262441156645929,0.264492297336824,0.791400599386348,1,"CG8924"
40.7849024697025,0.146169245369129,0.441897400341628,0.330776431941274,0.740813364305248,1,"CG8929"
229.929083224754,-0.00185970977061682,0.225287649844146,-0.00825482343085991,0.99341367863342,1,"CG8939"
139.552801790376,-0.127137211919987,0.237855298417607,-0.534514945707745,0.592985311906023,1,"CG8944"
8.60964288694601,0.432351598862718,0.802875319501565,0.538504034637816,0.590229120434549,1,"CG8950"
192.976540688186,0.232881281749483,0.460047514200695,0.50621136852375,0.612708275039868,1,"CG8952"
146.245217696366,0.073792589063916,0.24986904873246,0.295325049013683,0.76774558306526,1,"CG9004"
124.587315255437,0.121276654406346,1.12901574821644,0.107418036106168,0.914457346548537,1,"CG9072"
155.486848519601,0,1.87647799443408,0,1,1,"CG9101"
135.746269182973,-0.0374644247082173,0.217079479790198,-0.172583906799601,0.862978502584305,1,"CG9143"
217.219504041311,-0.187830115646833,0.392714584276884,-0.478286580552362,0.632446246282345,1,"CG9150"
107.231708919918,0.0143942982605812,0.244782882737272,0.0588043497961036,0.95310794382218,1,"CG9215"
602.897061841373,0,1.87034058840923,0,1,1,"CG9222"
28.633542948973,-0.157294826835222,0.55416824100371,-0.283839482663838,0.776533395530431,1,"CG9265"
7.9327751531152,0.1894557039144,1.1437556462235,0.165643513577355,0.868437501408469,1,"CG9269"
48.3900659018145,0.177324114200245,0.572516335100466,0.309727606582838,0.756768107411528,1,"CG9270"
188.37883715846,0.0540939535150292,0.178881794100019,0.302400553321729,0.762346732989067,1,"CG9300"
206.132162929381,-0.0253134823312452,0.224813183254558,-0.112597855538492,0.910349385270992,1,"CG9302"
130.442240129196,0,1.87530899618565,0,1,1,"CG9308"
593.112549306029,0.0747499834493957,0.347956455542418,0.214825683670304,0.829903227691802,1,"CG9372"
147.487331129777,0.00130916275449716,0.200845499525547,0.00651825785287584,0.994799219524072,1,"CG9386"
11.4574643259468,-0.0751143964761088,0.855229485999795,-0.087829521439263,0.930012173711211,1,"CG9394"
39.6565925721316,0.0596215485505239,0.511241073695953,0.116621202047592,0.907160235566427,1,"CG9400"
251.817578696527,0,1.87480833681526,0,1,1,"CG9406"
659.688244693495,0.0402007500202281,0.146982127302781,0.273507743818507,0.784462940493757,1,"CG9426"
399.602006978396,0.0987930667461386,0.245438937967725,0.4025158663257,0.687304413929129,1,"CG9436"
25.595379337771,0.263129946404169,0.608791043435178,0.432217177374073,0.665583575963767,1,"CG9447"
33.9246484428739,0.020680338781763,0.69190118629435,0.0298891506351098,0.976155458524115,1,"CG9449"
50.4544700663486,-0.119040132427333,1.27087919857659,-0.0936675433516103,0.925373253543372,1,"CG9503"
107.898626879045,0.22299829088232,0.539000343679924,0.413725693308172,0.679075008227088,1,"CG9514"
41.0003228038483,0.0800549152527413,0.406794700314086,0.196794390858413,0.843988440732368,1,"CG9519"
293.049964311026,0.0461186251441236,0.182090220383429,0.253273487433928,0.800056882283916,1,"CG9578"
99.9086899301085,0,1.87919466829735,0,1,1,"CG9592"
93.1728663570756,0.0271006646415133,0.255578183963935,0.106036689913007,0.915553241930674,1,"CG9609"
30.9181943378962,0,1.8916344968216,0,1,1,"CG9632"
192.490501315463,0.082033408417846,0.248943900555728,0.329525681226651,0.741758386062636,1,"CG9646"
307.70846397699,-0.0749639983870084,0.193556258877726,-0.387298239910522,0.698535428410895,1,"CG9663"
2269.10133168115,0.0159812058662472,0.267718169161903,0.0596941399841359,0.952399239029008,1,"CG9686"
56.256117819225,-0.0444963817751318,0.42471637193535,-0.104767286394848,0.916560468830382,1,"CG9689"
162.475160587421,0.202994219863758,0.522045493517063,0.388843927176097,0.697391603737848,1,"CG9717"
143.570915071075,-0.0472665090213975,0.237890244355987,-0.198690405104071,0.842504930003605,1,"CG9727"
208.007917264477,-0.0897512499840704,0.1767811960116,-0.507696813965333,0.611665983136523,1,"CG9776"
34.9818958747248,-0.133134759158222,0.344783837631675,-0.386139791449409,0.699393141506822,1,"CG9784"
41.8988967585679,0.0619816251953035,0.330066456644672,0.187785289742511,0.851044967708318,1,"CG9795"
15.6983360579012,0.301086307563004,0.660173595672772,0.456071417482506,0.64833862297135,1,"CG9801"
14.2450589035927,0.0908568661004245,1.61681355329884,0.056195017610439,0.955186450263692,1,"CG9825"
51.4079545874846,0.150902565299835,0.385497093870815,0.391449294168749,0.695465161765155,1,"CG9876"
18.6668779643396,0.31826608653663,0.668967031144532,0.475757506303577,0.634247146665569,1,"CG9903"
2697.8375988971,0.0136781056054741,0.195020963200474,0.0701365913746082,0.944084942694444,1,"CG9953"
37.906998889585,0,1.89798313283018,0,1,1,"CG9962"
70.1567810148507,0.228501570079976,0.395970821040616,0.577066687589432,0.563894406837821,1,"CG9988"
33.1052498584548,-0.394441574884958,0.764607841720431,-0.515874352004331,0.605942168478108,1,"CG9993"
574.448653736455,-0.0304113466223111,0.138173565983741,-0.220095257770866,0.825796968012974,1,"CHKov1"
643.479366071818,-0.0374579909268469,0.165316664811381,-0.226583272591331,0.820747800562893,1,"CIA30"
506.152635085406,-0.079705369684237,0.181671243305518,-0.438734101413044,0.660854214536676,1,"CLIP-190"
195.97515880677,-0.0850084658871397,0.209070297054962,-0.406602310728013,0.684300099826012,1,"CNPYb"
377.864050022343,-0.202401533006965,1.06938787657725,-0.189268587609937,0.849882313789197,1,"CNT1"
417356.557407337,-0.0650099607084038,0.127411074385227,-0.510237913164805,0.609884793809324,1,"COX3"
30.3820730708047,0.0521910228197373,0.533602641114046,0.0978087790397249,0.922084136146804,1,"COX4"
21.4927733525258,-0.247782707850654,0.445117631217439,-0.556667924325856,0.577754336019826,1,"COX5B"
8.17226026625844,0,2.00607309922056,0,1,1,"COX6AL2"
473.150138235297,0.247367580273976,0.671671363156305,0.368286626232733,0.712659523552731,1,"COX7AL"
7.37171936476063,0.389974473197077,0.858622762129873,0.454186041177988,0.649694929044642,1,"CRAT"
463.468153311041,-0.0954069336404633,0.172596061035698,-0.552775845914179,0.580416910052882,1,"CSN1b"
426.450729832588,-0.0258936986205157,0.181038255548422,-0.1430288783002,0.886267374078292,1,"CSN3"
375.715276363612,0.00474836419182977,0.163681664668154,0.0290097501235495,0.976856814394013,1,"CSN6"
553.7975926371,-0.0405718745925062,0.14970304887196,-0.271015686709274,0.786378967366064,1,"CSN7"
16.8418505540198,0.147243206747848,0.51751815275913,0.284517955481998,0.776013475883582,1,"Ca-alpha1D"
307.44050454601,-0.0564933550834887,0.288369812743173,-0.195905925610191,0.844683799174981,1,"Ca-alpha1T"
122.062378226244,-0.0236608365831435,0.331322104051031,-0.0714133958883083,0.943068748453636,1,"Caf1-105"
77.4668351614849,-0.111430227717317,0.266350586851033,-0.418359234851765,0.675684486777187,1,"CalpA"
311.641405599548,-0.0761369835578122,0.211419126898134,-0.360123441406967,0.718754823512932,1,"CalpC"
67.4932423141433,0.0462688143194123,0.388745423292884,0.119020859274665,0.905258829935842,1,"Calx"
1913.99334127211,-0.118493771761855,0.243734667546394,-0.486158874954873,0.626854526776504,1,"Cam"
26.7348340669074,-0.149569852113726,0.733027312219412,-0.204044037132626,0.838319086083766,1,"CanA1"
448.510351456555,0.0261108596676283,0.164928214675444,0.158316511938305,0.874207397579785,1,"CanB2"
47.837091501535,0.128713363887771,0.337511155570787,0.381360324727922,0.702935896807455,1,"Cap-D2"
9.92444910622168,-0.167691048827943,0.822369072944212,-0.203912153733581,0.838422147316752,1,"CarT"
9612.20868010098,-0.0879843273409968,0.158415620496918,-0.555401841466186,0.578619833320889,1,"Cat"
707.322191042067,0.0062706429388827,0.137020985894891,0.0457641061179702,0.963498267988506,1,"Catsup"
240.902806659964,-0.0123519031602548,0.169212895578985,-0.0729962283193078,0.941809118870604,1,"Cbl"
1475.32099665727,0.0357323536000853,0.206422063666243,0.173103363881973,0.8625701808741,1,"Cbp53E"
57.7814678972932,0.0449340086356208,0.544858045733711,0.0824692027353883,0.934273607547284,1,"Cc2d2a"
13.3519565683048,-0.0674970668616694,0.77544616017126,-0.0870428797361797,0.930637428327388,1,"Ccdc114"
499.650519571152,0.116422823947791,0.57956199647622,0.200880707595822,0.840791853327644,1,"Ccdc39"
234.323874875296,0.00215031171059022,0.277566891653637,0.00774700360615592,0.993818847258303,1,"Ccn"
406.816046466367,0.164091494115025,0.317856469577361,0.516243996333344,0.605684005424007,1,"Cda4"
14.3416032579817,-0.331590112434144,0.631658962437372,-0.524951171680748,0.599617135185646,1,"Cdc27"
748.452089302466,-0.00780455918679419,0.144436368833633,-0.0540345845704816,0.956907609977585,1,"Cdc37"
164.083500570435,0.00552151814964056,0.226686349592047,0.0243575237749308,0.980567429381208,1,"Cdc50"
33.2195475910573,0.0904346431665072,0.351609153232351,0.257202186959979,0.797022695838396,1,"Cdc6"
108.033592902069,0.0984410799034628,0.27519552905457,0.357713223909035,0.720557935841606,1,"Cdk1"
85.6513946816421,-0.177117061892542,0.328482441340541,-0.539197958861134,0.589750268612501,1,"Cdk12"
352.85670545146,-0.0350648211234641,0.146667845879673,-0.239076403646314,0.81104633844886,1,"Cdk5"
128.967591715373,0.0154268256716691,0.224956601203891,0.0685768970064004,0.945326409082262,1,"Cdk7"
48.6217153409485,0.0734143278306128,0.335186319809427,0.219025430012636,0.82663023838898,1,"Cdk8"
240.59699758254,-0.0528609808077959,0.179432838721161,-0.294600370726688,0.768299178933904,1,"Ced-12"
37.5931530890604,0.340028763756884,0.835768856663838,0.406845458580721,0.684121496696314,1,"Cep89"
21.7316917857104,-0.040814716652452,0.568410310441562,-0.0718050251775792,0.942757073632863,1,"Cf2"
16.5576035538816,0.126656356402406,0.673307034059826,0.188110846902502,0.850789758289632,1,"Cftr"
201.640806757273,-0.100788334337848,0.223183852404837,-0.451593308619058,0.651561991390302,1,"ChAT"
12.4906693449919,-0.319620766835326,0.785440110543928,-0.406932065913955,0.684057883947327,1,"Chd1"
53.6245279926596,0.067954432429752,0.422618752432937,0.160793698903684,0.872255888206828,1,"Chd3"
121.747858030504,-0.27192760885906,0.559833361438058,-0.485729553809643,0.627158926884539,1,"CheA75a"
231.569948106493,-0.213377832408974,0.44592786878268,-0.478503021108472,0.632292224537115,1,"CheA7a"
17.8748984163974,0.30046641068629,0.54829527393086,0.548001095344438,0.583691150726273,1,"CheB42c"
27.9579276656235,0.0821753374733994,0.416301809113364,0.197393659298324,0.84351949115576,1,"Chmp1"
21.2757335578002,-0.129456269184986,0.487775489743155,-0.265401341205466,0.790700303066063,1,"Chrac-14"
127.998377347332,-0.0718385124406253,0.208234575297292,-0.344988397522664,0.730103093326622,1,"Cht11"
15.9191265651739,-0.158474755325071,0.553604768461896,-0.286259736825188,0.774679193663389,1,"Cht2"
1631.3660189228,-0.111845514790668,0.429007931846143,-0.260707335431689,0.794318208785278,1,"Cht5"
15.2610041265352,-0.0904611568363178,0.61642037398391,-0.146752379795089,0.883327473034392,1,"Cib2"
98.5451888035755,0.167085040996595,0.433472101908237,0.385457426812592,0.699898542682151,1,"Cipc"
305.957406816022,0.189164502082978,0.610381909885795,0.309911711043945,0.756628096850525,1,"CkIIbeta2"
58.7637721948434,-0.170683983020389,0.352620331316487,-0.484044644797281,0.628354185254386,1,"Clp"
41.9776046284605,-0.241400036114248,0.43749772945732,-0.551774374723463,0.581102946055384,1,"ClpP"
27.3686929731701,-0.234505394059909,0.485946192940699,-0.482574814797503,0.629397665147447,1,"ClpX"
7.13723293355812,0.361899857377195,0.953887724327893,0.379394606039393,0.704394855453085,1,"Cndp2"
82.6349288108401,-0.0894252092187022,0.253809437270085,-0.35233208891103,0.724589225614732,1,"Coa7"
186.640577457523,-0.0449969181811225,0.218285397960575,-0.206138012902033,0.836683106352317,1,"Cog3"
328.881192011775,0.0996595237513843,0.176242017116341,0.565469718186424,0.571754315597481,1,"Cog4"
148.024863514026,0.116465401271378,0.203194596387944,0.573171744434679,0.566528413816592,1,"Cog8"
152.476711074354,-0.0628375658192545,0.206203892330502,-0.304735110036327,0.760567906704317,1,"Coq2"
4.17793106456799,0,2.03074768644788,0,1,1,"Coq5"
946.426431415664,0.00176669246337989,0.130011322897263,0.0135887584558767,0.989158073096776,1,"Coq6"
460.225492090301,-0.0155669042742475,0.191788902365814,-0.0811668667072069,0.935309249085524,1,"Coq9"
11.1018837800328,-0.079813470387819,0.609603431002173,-0.130926872010231,0.895833156865373,1,"Corin"
236.364515592114,-0.117295507437333,0.203736514053705,-0.575721578344144,0.564803387673191,1,"Cox11"
1317.6300699209,0.0123666453707323,0.174347610635914,0.0709309713257688,0.943452693893703,1,"Cox17"
16.2502538745608,0,1.91617578437106,0,1,1,"Cp15"
7.4561769806443,0,1.99078235099752,0,1,1,"Cp7Fb"
10.4839277847377,0.0660507141985429,0.750432192835194,0.0880168985674747,0.929863245153148,1,"Cp7Fc"
67.344085000087,0.0114454713767665,0.334797682480825,0.0341862323895328,0.972728645086338,1,"Cpes"
170.960227147679,-0.0174860645992457,0.259616520656474,-0.067353435578868,0.946300337988477,1,"Cpr"
19351.7020089742,0.255076066807464,0.96004298783483,0.265692338821966,0.790476164119127,1,"Cpr30B"
2815.13139334797,0.238543172958313,0.623095332875876,0.382835756219397,0.701841547882628,1,"Cpr47Ea"
188.555086852493,0.0580945214074921,0.243256600984502,0.238819917619392,0.811245225030398,1,"Cpr47Ee"
1772.81447580556,0.0275834214003558,0.692581745467169,0.0398269541189682,0.968231086995567,1,"Cpr49Aa"
26.4964686372629,0.266727645071684,0.895720258600011,0.297780074203718,0.765871023507479,1,"Cpr49Ac"
1697.52054475929,0.0973687555072784,0.201918725019732,0.482217563020781,0.629651401663913,1,"Cpr49Ag"
16.0570956331217,-0.146434357265768,0.616584921768668,-0.237492601742065,0.812274658006278,1,"Cpr50Ca"
1077.40464344622,0.0563664552240678,0.331582850017431,0.169992070522057,0.865016372697133,1,"Cpr50Cb"
1172.70509705513,0.0924625657946792,0.664472605412257,0.1391518100845,0.88933018790423,1,"Cpr56F"
28.7687059867991,-0.314184043266763,0.745322543685055,-0.421541044114084,0.673360046601236,1,"Cpr65Av"
560.454278408548,-0.483405231336528,1.25366075969111,-0.38559492877135,0.699796689580807,1,"Cpr66Cb"
834.543250112226,0.0348771206503166,0.469624863278519,0.0742659160054567,0.940798797198919,1,"Cpr66D"
16.7164825532759,0.10655636683578,0.880475323078735,0.1210214120064,0.903674075516663,1,"Cpr67Fa2"
4934.0090755725,0.325717044229255,0.718673774330742,0.453219605143621,0.650390616571793,1,"Cpr76Bb"
7.76807848857072,0.0110378255143395,0.824729052434023,0.0133835778935682,0.989321768612452,1,"Cpr76Bc"
358.311426063266,0.146333483107524,1.01506082280613,0.14416228054491,0.885372325518135,1,"Cpr78Cc"
1611.94161468463,0.158211438310332,0.714846634568099,0.221322211869853,0.824841556214868,1,"Cpr92A"
6039.625110368,-0.136713064738654,0.382975194671425,-0.356976291521824,0.721109554591465,1,"Cpr92F"
161.659207611434,0.095725265021903,0.203259849948038,0.470950190341941,0.637676305123593,1,"Cpsf73"
178.463765795051,-0.0124599703027209,0.22118591717468,-0.056332566113966,0.955076876008695,1,"Crag"
122.713515697075,-0.0385275900074297,0.367084055506035,-0.104955770836514,0.916410904569119,1,"CrebA"
56.060408942514,-0.00634806071826816,0.29400637112037,-0.0215915753596685,0.982773753855712,1,"Creld"
12.6687362707085,0.0690245663613146,0.674595999190053,0.102319857283749,0.918502794193419,1,"Crg-1"
170.635615294899,0.11743566258583,0.226828488447382,0.517728894591968,0.604647435258931,1,"Csas"
287.184639552579,0.108272007935591,0.221003897957982,0.489909947000918,0.624197623970803,1,"Cse1"
62.9528563075046,0.042823295668177,0.361757199943886,0.118375793694831,0.905769904741237,1,"Csk"
27.6699806404637,0.224992806941571,0.471612666787855,0.477071170445851,0.633311442983141,1,"CtBP"
75.0259249171115,-0.0707637367183295,0.3137529010741,-0.225539704895405,0.821559440897432,1,"Ctf4"
75.8405443225143,0,1.88081629027096,0,1,1,"Ctr1C"
169.190590925245,0.0591685842807853,0.253084133584154,0.233790176582172,0.815147876216969,1,"CtsL1"
377.857508192465,0.0642563959627856,0.168320704410529,0.381749804266898,0.70264695426863,1,"Cul5"
95.9347305145436,0.0484964261420023,0.257007301930117,0.188696685961043,0.850330549148393,1,"Cwc25"
8.44167567744191,0.151298181146128,0.670273962186528,0.22572588177612,0.821414626810496,1,"CycA"
8282.12520464833,-0.0202165639565213,0.127282783978597,-0.158831880672258,0.873801330494184,1,"CycG"
119.576672514124,0.016905021933973,0.28046132534943,0.0602757685499449,0.951936000743669,1,"CycH"
26.9033200403037,0.211051364878744,0.54987483766488,0.383817098769246,0.701114013964305,1,"CycK"
663.667471094835,-0.0220509518181667,0.159417636148592,-0.138321909362734,0.88998601077761,1,"Cyfip"
655.114193611093,0.000355571327661588,0.275797656655769,0.00128924709503746,0.998971329932778,1,"Cyp12a4"
162.384338599158,0.176044279066405,0.364108562284193,0.483493928190021,0.628745069953316,1,"Cyp12a5"
93.4890886674403,-0.0576312684469879,0.340271373956985,-0.16936854774705,0.865506761337382,1,"Cyp28d2"
560.194884417543,0.0193637172685109,0.240406906194279,0.0805455948626643,0.935803334549085,1,"Cyp301a1"
15.2299351824705,0.0567334792677462,0.61900422126301,0.0916528148257015,0.926973887838288,1,"Cyp308a1"
41.4665908308166,0.306783191514341,0.886832853761799,0.345931243089402,0.729394387964309,1,"Cyp312a1"
41.2588510683402,-0.0881423196772377,0.740853190517848,-0.118974070443872,0.905295898636486,1,"Cyp313a1"
8.26415957588295,-0.18668850873224,0.901863123165799,-0.207003151516951,0.836007397252754,1,"Cyp313a3"
104.251981306313,-0.240309064725665,0.455950389426353,-0.527050903559939,0.5981582397059,1,"Cyp313a4"
38.9031993673111,0.0382953222033251,0.553635809215878,0.0691706019839346,0.944853823261721,1,"Cyp316a1"
8.7052398683129,0.487727357727163,1.10378138349164,0.441869526902431,0.658583623058697,1,"Cyp4ae1"
1432.51184857256,0.205879707773377,0.428935168235426,0.47997861453127,0.631242599570034,1,"Cyp4c3"
1107.00790578874,-0.0753673089452868,0.260119386266623,-0.289741222394071,0.77201421743835,1,"Cyp4d20"
10.8354286307589,-0.143032868655949,0.751843635523721,-0.190242840263341,0.849118842391786,1,"Cyp6a17"
20.3091625263316,-0.238020450477725,0.518473192422996,-0.459079570469936,0.646177026733251,1,"Cyp6a18"
59.2046036031884,-0.102960162744264,0.419334760041425,-0.245532144137283,0.806044422314936,1,"Cyp6a2"
278.674378243242,-0.117885586041344,0.267649814555788,-0.440447105248309,0.659613314369271,1,"Cyp6a21"
22.0334955424177,-0.00914735088713739,0.61426445038761,-0.0148915518086148,0.98811869985665,1,"Cyp6a22"
247.843036801975,0.0660797707446879,0.214543544616057,0.308001673333695,0.758081059061236,1,"Cyp6a23"
622.061229374063,-0.130916041083017,0.243090846698017,-0.538547801619404,0.590198913145542,1,"Cyp6a9"
11.3292143417013,0.132904889630107,0.804465262180393,0.165208985245537,0.868779493244613,1,"Cyp6t3"
87.7858725480452,0.0401195087446502,0.528171077676454,0.0759593064450728,0.939451473374239,1,"Cyp9b1"
116.922839080807,-0.116496678231772,0.205215741020491,-0.567679056452785,0.570252915179151,1,"Cyp9h1"
317.938351120167,-0.0956112325796782,0.183842476872687,-0.520071499286262,0.603013742088507,1,"CysRS"
57.8284847663594,-0.0439656712047361,0.307409749503296,-0.143019768487416,0.88627456869329,1,"D12"
37.7289053808557,0.0539971605701738,0.421511463136193,0.128103658601396,0.898066940761087,1,"D2hgdh"
1353.57244827215,0.0609253940991229,0.13337359280405,0.45680252603402,0.64781298998683,1,"DCP2"
779.868525149167,0.0523573663654375,0.138226872081775,0.378778493478915,0.704852359167031,1,"DCTN1-p150"
646.418775052993,-0.0613217001755137,0.160271603327163,-0.382611135737736,0.70200811232193,1,"DCTN2-p50"
213.523660382876,-0.0572435220993376,0.210991509322198,-0.271307230718574,0.786154745654655,1,"DCTN5-p25"
251.654236532227,0.0542664766310311,0.220430408446934,0.24618416766258,0.805539670851095,1,"DCTN6-p27"
342.015018806508,0.103435306149681,0.190102067970525,0.544104055541988,0.586369869834531,1,"DIP-epsilon"
21.1017250846915,-0.0500470761385945,0.448160223549147,-0.111672284841018,0.911083255338083,1,"DIP-eta"
6.65624015360901,0.199732289690195,0.960401350867441,0.207967522650604,0.835254326080457,1,"DIP-iota"
52.3004548612574,-0.137450125917149,0.370422024271703,-0.371063589394809,0.710590169575748,1,"DIP-kappa"
181.790858520191,0.0227950365056169,0.24760433857247,0.0920623468758206,0.926648504203947,1,"DIP-theta"
73.1718061583225,-0.316411427897235,0.634966183003548,-0.498312250898986,0.618263974334512,1,"DJ-1alpha"
206.167642796604,-0.0433053885276294,0.204677809578066,-0.211578327015036,0.832436019077299,1,"DMAP1"
142.784075524277,0.0509767634239207,0.242629826942209,0.210100975903769,0.833588863818272,1,"DNAlig4"
1983.19525636346,0.124934327358399,0.342275189129903,0.365011345625123,0.715102937128705,1,"DNaseII"
35.6219571788904,0.0398971568394881,0.384232647921254,0.103835936522668,0.917299547380516,1,"Dap160"
225.076941894028,-0.125107112557422,0.220726820372741,-0.566796152575175,0.570852684856923,1,"Dbct"
120.063399964193,0.0107645306733226,0.203349020073503,0.052936230867656,0.95778271679568,1,"Dbp21E2"
98.4302600343199,-0.0308699643625369,0.275699225175544,-0.111969717516911,0.910847417468553,1,"Dbp73D"
135.975067642052,-0.144958506926502,0.273125464037885,-0.530739627068952,0.595599221673394,1,"Dcp-1"
70.3511202914794,0.134513118606155,0.305688522314504,0.440033265193263,0.65991301452381,1,"Ddc"
8.31761680591121,0.377973343117871,0.758341211329422,0.498421208647304,0.618187191268187,1,"Ddr"
383.156490838861,-0.0222411151647929,0.164717289322653,-0.135025990630688,0.892591324956628,1,"Ddrgk1"
242.856607054191,-0.0267834254685628,0.171145416946209,-0.15649513698039,0.875642752145788,1,"Ddx1"
309.451171923914,-0.0525861283492241,0.31517857205049,-0.166845506047918,0.867491611845412,1,"Decay"
93.5140104472945,-0.118917745025736,0.249772026322824,-0.476105137858943,0.633999476842197,1,"Dek"
30.0487299448778,-0.237522020912811,0.445512433568737,-0.533143416470249,0.593934306803699,1,"Delta"
137.068711514989,0.0326092027964149,0.242994314665989,0.134197389931688,0.893246489777514,1,"Den1"
629.784195618951,0.0599211036225891,0.159305490034708,0.376139602028368,0.706813114270753,1,"Der-2"
21.1056332925504,0.123233986429245,0.486062415062146,0.253535312771485,0.799854576692991,1,"Dfd"
30.652545517308,-0.0752056980611305,0.444615730687139,-0.169147632147209,0.865680519632029,1,"Dg"
68.3127494661926,0.160163814158619,0.306332377819453,0.522843243991064,0.601083343511219,1,"Dgk"
50.1633056965553,-0.104542789462879,0.317460922455425,-0.329309159232212,0.741922021802717,1,"Dh44"
66.2080390951275,-0.0178597309268776,0.385022661630158,-0.0463861811438859,0.963002450507211,1,"Dh44-R1"
14.2582624694065,-0.0657086979954633,0.51513279507505,-0.12755681374526,0.898499709496014,1,"Dh44-R2"
473.70760812353,0.0756220488872238,0.26615534943582,0.284127480614321,0.77631268794137,1,"DhpD"
14.1289645058204,-0.255397212150863,0.599807301513274,-0.425798771549651,0.670254482157457,1,"Diap1"
9.16554459502569,0,1.94519726419458,0,1,1,"Dic4"
188.110653287319,0.153173263261025,0.268794737086844,0.569852166456432,0.568777970214807,1,"Dif"
205.141739963253,0.0542576038386462,0.223727404492089,0.242516574855115,0.808379915250147,1,"Dlip2"
47.3497107869823,-0.0393364375873786,0.343387341695873,-0.114554128271326,0.908798540597962,1,"Dlip3"
407.903179959974,0.110948185771784,0.291522610176773,0.380581752147827,0.703513623771964,1,"Dnaaf5"
360.763026145679,-0.0296088436732767,0.17852677179215,-0.165851000250813,0.868274209461842,1,"Dnz1"
26.3704255912868,0.175430756704551,0.431216995631997,0.406827092813068,0.684134986569207,1,"Doc3"
214.600324799457,-0.013540257405144,0.178066007594869,-0.0760406637293201,0.939386746853552,1,"Dok"
137.962352849775,-0.000634049604462923,0.28451399417803,-0.00222853573967324,0.998221887211912,1,"Dop1R1"
144.661018911597,-0.0153882472944323,0.227079027951009,-0.0677660435368438,0.945971874932465,1,"Dp"
13.0652509493516,0.204428453060251,0.634658096086597,0.322108004799418,0.747370874252009,1,"Dp1"
283.87847800616,-0.0433384911731061,0.189270394896737,-0.228976598251147,0.818887104844821,1,"Dph2"
37.0835286068456,-0.103504651973033,0.467465317696965,-0.221416751263952,0.824767950472814,1,"Dph4"
178.940499006978,0.0435350570330057,0.437325066684034,0.099548506018887,0.920702776897583,1,"Drat"
6.6431990310837,0.517876005617303,1.21136264391838,0.427515251702113,0.669004078762512,1,"Drip"
44.0960054572813,-0.022985584987896,0.378654979240192,-0.0607032423923722,0.951595549389729,1,"Drl-2"
8.69484093611421,-0.38253818776885,0.756969100289241,-0.505355089953713,0.613309456033073,1,"Droj2"
1845.00446770089,0.199982871384116,0.364699936274393,0.548349071368229,0.583452238970017,1,"Dronc"
112.124860953616,0.0598626691134613,0.339539335898669,0.176305549267277,0.860053902638543,1,"Dscam1"
69.9879459670568,-0.0535163083913542,0.288061225062705,-0.185781020613603,0.852616488774573,1,"Dus3"
67.363276396365,-0.108242840937168,0.31322514780596,-0.34557519310111,0.729661991659378,1,"Dus4"
25.8513311180964,0.149529066259157,0.411496514009494,0.363378695003251,0.716322014582246,1,"Dys"
28.2596495706074,-0.0589005539828398,0.463548494615037,-0.127064491993993,0.898889354900003,1,"E(bx)"
66.0539141462195,-0.176436229315786,0.373181668809935,-0.472789110672117,0.636363643727187,1,"E(spl)m3-HLH"
13.0765232855947,0.172488451550414,0.6774975538674,0.254596419670873,0.799034824772707,1,"E(spl)malpha-BFM"
205.183066302885,0.110153732819207,0.220746320595248,0.499005974469583,0.617775175147386,1,"E(var)3-9"
24.1917267184039,-0.121824000828645,0.445811533298445,-0.273263457154866,0.78465070361753,1,"E5"
17.8424642179578,0,1.91729826885294,0,1,1,"EAChm"
879.943914119522,-0.0135211301545823,0.131577172299852,-0.102761975487427,0.918151884609368,1,"EMC7"
592.750085746649,-0.0148941114695867,0.194288520560521,-0.0766597605798699,0.938894216703361,1,"EMRE"
48.8899437529924,-0.171200541107194,0.334945433408968,-0.51112964689433,0.609260277628181,1,"ERR"
4750.28871625871,0.0151471256420787,0.119062201508446,0.127220271842564,0.898766061135499,1,"ERp60"
209.407085120224,0.0662220803641552,0.276386424176552,0.239599613336484,0.810640664556367,1,"Eaf"
762.736394391867,-0.0705987272604715,0.144028212996408,-0.490172902875857,0.624011553665407,1,"Eato"
109.477794591292,-0.0597101237602864,0.24705457413149,-0.241687991287735,0.809021935317236,1,"Eb1"
177.004840669495,0.0206729682275037,0.243942383797365,0.0847452906940357,0.932463888684424,1,"EcR"
62.6401977243081,0.126551492689693,0.352277450247352,0.359238130629239,0.719416953723732,1,"Efa6"
58.4851445807923,-0.0113960424272851,0.689942221047026,-0.0165173866443352,0.986821631443737,1,"Efhc1.2"
72.3886596108608,-0.111304926460582,0.313129563256636,-0.355459654792666,0.722245264751078,1,"Efr"
29.441184696974,-0.041540234438298,0.461893972893065,-0.0899345669702322,0.928339211972118,1,"Egfr"
533.710794021305,0.533826391340915,1.45632622108512,0.366556876894763,0.71394957961225,1,"Eglp1"
16.5618072711971,0.0781101286756044,0.501135693579707,0.15586622480959,0.876138468572363,1,"Eglp2"
58.1745159496475,0.167587158754419,0.358331530593972,0.467687447087411,0.640008119239933,1,"Eglp4"
789.257957171379,0.0900634175582163,0.171365036810407,0.525564719820063,0.599190674830372,1,"Egm"
429.132661102527,-0.104395800030012,0.370074552195407,-0.282093971095015,0.777871455955799,1,"Eip75B"
11.501813848595,-0.04791720982487,0.655387059305913,-0.0731128409456493,0.941716323410251,1,"Eip93F"
19.8619853332971,0.428410968296765,1.89343388344762,0.226261382582159,0.820998131804879,1,"Elba3"
351.610618769105,0.0327510953513523,0.316720816996608,0.103406828960356,0.917640092477346,1,"Elovl7"
205.781551157363,-0.0249758177668081,0.189274164870362,-0.131955767887892,0.895019277840767,1,"Elp2"
151.49998136235,-0.045589796635536,0.215002287931363,-0.212043309279062,0.832073246550324,1,"Elp3"
22.4800256563749,0.164658051752487,0.468818106639422,0.351219480264505,0.725423696763909,1,"Elp6"
209.912387400831,0.0357884462997093,0.215365367653683,0.166175493718464,0.868018844473291,1,"EndoU"
13.7870412096338,0.021776050968957,0.561855287005421,0.0387574015455458,0.969083807938752,1,"Eo"
400.455200975837,0.0189760164385874,0.212633388041513,0.0892428823778258,0.928888886105666,1,"Ephrin"
213.589857180175,0.0201663807851501,0.234726754361999,0.0859142829285203,0.931534557358504,1,"Eps-15"
298.350714596892,0.161079436336537,0.277260523152361,0.580967800627065,0.561262155115598,1,"Ets98B"
16.9383097204842,-0.166679421335588,0.510911274516556,-0.326239465929395,0.744243183871903,1,"Exn"
172.248082113906,-0.0325206306195819,0.220774772590206,-0.147302294723435,0.882893421310443,1,"FIG4"
68.2680317583811,-0.142519512107659,0.328022240940532,-0.434481246451507,0.663939010201182,1,"Faf2"
37.7514966928384,0.114068980910627,0.422403052430493,0.270047719244162,0.787123542217525,1,"Fancd2"
430.929822546907,0.0821991645098692,0.260916034065059,0.315040678908115,0.75273076797433,1,"Fas1"
1584.93096118757,-0.0516423475754043,0.166539536034277,-0.310090617550269,0.756492046962312,1,"Fdh"
618.326082378536,-0.0730112976072371,0.155757731883388,-0.468749106220288,0.639248981970632,1,"Fdx2"
46.6492128050108,0.00282960316184951,0.398312091001419,0.00710398510558754,0.994331887639182,1,"Fem-1"
20.4675257159277,0.193463653488232,0.581755306718973,0.33255159214506,0.739472789211188,1,"Fer3"
153.166972734408,0.00514141514734315,0.233529539185917,0.0220161233789357,0.982435094058693,1,"Fic"
140.345354110612,0.0227902651519117,0.213691209670436,0.106650456923614,0.915066287986263,1,"Fip1"
146.457174861802,0.133675230856911,0.2866928996247,0.466266276674101,0.641024914372255,1,"FipoQ"
364.426681453265,-0.0392664735008066,0.17333317000139,-0.226537560586307,0.820783349305698,1,"Fit1"
1994.19862344091,-0.0124358465159644,0.218607135672449,-0.0568867364631577,0.954635419972292,1,"Fit2"
207.876354101771,-1.01311534171619,1.87887928687766,-0.539212576769527,0.589740183252512,1,"Flad2"
28.9832042031663,0.204299975530576,0.422669098690097,0.483356782323872,0.628842428808063,1,"Flo2"
662.355244237173,0.000950024877625117,0.356087029909309,0.00266795698194083,0.997871280840592,1,"Fmo-2"
7.6927014230108,0.0335210769190681,0.899068945969598,0.0372842117051629,0.970258393974434,1,"Fnta"
359.289603989996,0.0548636110325053,0.198200488417131,0.276808657085849,0.781927033432957,1,"Fntb"
46.4866188135189,0.161748529512667,0.470015691594236,0.344134318077841,0.730745275210709,1,"Frq2"
360.626533593275,-0.0831855988079904,0.195394408358046,-0.425731726445103,0.670303341041158,1,"Fs(2)Ket"
7.87668745957961,-0.236864194066317,0.78696036302198,-0.300986180748346,0.763425032366403,1,"FucTA"
434.045937164245,-0.0979299868330208,0.203901562934726,-0.480280707138919,0.631027805443788,1,"Fur1"
26.7499466133567,0.00623442544046668,0.402391096322402,0.01549344778611,0.987638511776041,1,"Fur2"
48.5639656077302,-0.0563481928057262,0.341549193296472,-0.164978263487845,0.868961090829165,1,"G9a"
338.820372146654,0.0278493908266045,0.232389291410805,0.119839389575718,0.904610378406085,1,"GAA1"
7.22356704164041,0.432512314768818,1.9989158343108,0.216373449719529,0.828696660135235,1,"GABA-B-R3"
134.364853973697,-0.0369627878878761,0.25325504194636,-0.145950847034686,0.883960191188532,1,"GAPcenA"
223.102084081425,-0.00810607547084629,0.224640075412391,-0.0360847255591651,0.971214801634446,1,"GAPsec"
93.1191908363944,0.032854074008483,0.470045059407805,0.0698955841592608,0.944276767865716,1,"GATAd"
15.217478073697,0.364981674402278,0.687033305543574,0.531243058316522,0.595250358465614,1,"GEFmeso"
8.83787781315279,-0.220445345963563,0.763700312614078,-0.288654256548617,0.772845971170245,1,"GLS"
498.116157565158,-0.0134076659770652,0.14431994965898,-0.0929023742645889,0.925981119517023,1,"GM130"
736.704471616432,-0.0109665481400854,0.197200222130756,-0.0556112362429993,0.955651513131163,1,"GNBP3"
246.005421610853,0.016705551876263,0.199627006423198,0.083683827031139,0.933307816195445,1,"GPHR"
72.2077352778287,0.037572632328782,0.382850989051292,0.0981390499261534,0.921821879816717,1,"Gagr"
245.077481803212,0.103877644335047,0.192831966210401,0.538695146746078,0.590097223067628,1,"Galphaq"
169.844019589287,0.00430612342092829,0.203251013899805,0.0211862334081691,0.983097095967866,1,"Gar1"
6089.81307453355,0.148686611844016,0.262782248676633,0.56581680304815,0.571518322677821,1,"Gasp"
215.091663556889,-0.0514812093599188,0.204493752206314,-0.251749546401688,0.80123465754555,1,"Gasz"
333.368061528649,0.000567210873015511,0.24729632304481,0.00229364863185909,0.998169934773342,1,"GatA"
276.998039318143,-0.00188504332857275,0.192811483917924,-0.00977661335449906,0.992199515412243,1,"GatB"
323.135226706645,-0.0138800688416219,0.193177539295312,-0.0718513595951926,0.94272019936173,1,"Gbeta5"
66.829203039105,0.0533088687334791,0.371866703601868,0.143354777981288,0.886009995954993,1,"Gcat"
402.399302674059,-0.0497696905567221,0.192748029335417,-0.258211151254437,0.796243952218924,1,"GckIII"
21.4245648299116,-0.273260119367837,0.488953255181593,-0.558867573683194,0.576252100955183,1,"Gclc"
13.3335959602526,0.284204606220697,0.54950503017705,0.517201100286792,0.605015784039036,1,"Gclm"
12.8652568223014,0.0103263013441339,0.623032808303014,0.0165742497128845,0.986776267489204,1,"Ge-1"
16.9385311602181,-0.00110585072002492,0.530345311636075,-0.00208515225035828,0.998336290418112,1,"Gel"
8.93760608510187,0.194491072669403,0.83764062665032,0.232189159027735,0.816391097540135,1,"Gem3"
61.3722724931564,-0.167866523617619,0.698135769093614,-0.240449681922986,0.809981667057284,1,"Gem4b"
72.4426809775061,0.0866030844744622,0.621631830486811,0.139315717482874,0.88920067024325,1,"Gem4c"
333.172136721804,0.0462479015980559,0.172768326152465,0.26768738592306,0.788939960160313,1,"Gfat2"
50.6364632454584,-0.138238180257542,0.376238353558682,-0.367421819041055,0.713304398771074,1,"Gfrl"
349.433027408234,-0.0833794460027919,0.17384269180024,-0.479625833788871,0.631493473437761,1,"Gga"
9.32759165228989,-0.0735529767049935,1.02105043707915,-0.0720365753090532,0.942572800560732,1,"Ggamma30A"
388.669626610426,0.0499779348755901,0.193141097193886,0.258763855035054,0.79581744770952,1,"Git"
296.002312900831,0.0350643528131989,0.204686357865506,0.171307717714332,0.863981812309606,1,"GlcT"
31.7670708941327,0,1.89165032823351,0,1,1,"Gld2"
241.549705189699,-0.0119255148977797,0.216797088515525,-0.0550077262542468,0.956132308453684,1,"Gle1"
167.957028106456,0.0619904267388722,0.262036240059926,0.236571959377433,0.812988875916264,1,"GluRIA"
176.366686364034,0.0843524004902124,0.230796480696959,0.36548391134685,0.714750214301979,1,"GluRIIC"
214.730714235503,0.0887075582509022,0.249173115076651,0.35600774274389,0.721834766703282,1,"GluRIID"
128.689207429913,0,1.87925591948051,0,1,1,"Glut3"
145.893824434899,-0.0976578105474221,0.35955405353658,-0.271608147890027,0.78592333379752,1,"GlyT"
19.2199109037347,-0.142746862951758,0.481453452570048,-0.296491513748133,0.766854746841193,1,"Gmap"
91.4180445532515,0.0826363390970588,0.24260621033952,0.340619223973746,0.733390255367854,1,"Gmer"
318.538889121737,0.102739754129306,0.175979824322199,0.583815528427859,0.559344429685326,1,"Gmppa"
99.8177910234059,0.078587291324774,0.273752263370745,0.287074489748939,0.774055284671572,1,"Gnptab"
140.002778423146,-0.0105320472434732,0.198225008975348,-0.0531317783659831,0.957626911729353,1,"Gorab"
10.1120274650601,-0.343260441658666,0.67224414373256,-0.510618716219305,0.609618067670473,1,"Gp210"
8.22272677396908,0.0784415036102165,0.770611797727577,0.101791205171695,0.918922406645628,1,"Gpa2"
75.046532750312,0.120132308052045,0.266210280015274,0.451268478607032,0.651796060338782,1,"Gpo1"
253.906451452068,-0.0200221537589824,0.183272999779696,-0.109247700332564,0.913006027296889,1,"Gprk2"
4.45605811786965,0,2.0568929251086,0,1,1,"Gr22c"
33.0913339266079,0,1.90415699385127,0,1,1,"Gr22f"
20.1445573558428,-0.337412148589258,0.630614799094808,-0.535052696310939,0.592613418726583,1,"Gr32a"
13.0805095494238,-0.304950452028771,0.690050630171946,-0.441924749714067,0.658543660290362,1,"Gr64f"
12.9866232583773,0.223241891065315,0.654861742285301,0.34089927178561,0.7331794130475,1,"Gr8a"
8.25601954061112,-0.143746584327091,0.752239615310182,-0.191091483885514,0.848453919573357,1,"Gr98a"
398.255843523809,0.0707413907763588,0.175281746147249,0.403586752935079,0.686516628606536,1,"Grasp65"
8.35609643128905,-0.0443516610777652,0.955145704957853,-0.0464344453914729,0.962963982659821,1,"Grik"
160.145130760917,0.0495379628650692,0.254882506085262,0.194356072630963,0.845897082979861,1,"Grip128"
123.832129873969,-0.144869248750577,0.294251309681471,-0.492331704172867,0.622484870983496,1,"Grip71"
296.038551302174,-0.0812446545659324,0.173492321308356,-0.468289627767055,0.639577484813112,1,"Grip91"
14.6449104741559,-0.050686143672379,0.5474404671103,-0.092587498947473,0.92623127547954,1,"GrlHz"
44.6276665168399,0.082960629299369,0.373699338328388,0.221998330718122,0.824315182806378,1,"Grp170"
195.70477592309,-0.0558412991770674,0.195180711438737,-0.286100500225888,0.774801148435836,1,"Gs1l"
8.98853240148996,0.419306163594623,0.73169836531491,0.573058767753514,0.566604903779977,1,"GstD4"
110.827733067736,0.064209886036204,0.26950508816828,0.238251108625122,0.811686339200123,1,"GstD5"
13.190411903453,-0.156508584822437,0.671738420340675,-0.232990372566547,0.81576888164905,1,"GstE12"
24.3154815977489,-0.0508017114579443,0.692621430578264,-0.0733470106686281,0.941529983310304,1,"GstE14"
117.476563302674,0.125952389410458,0.281531343672705,0.44738318571336,0.654598414022843,1,"GstE2"
186.709755960456,0.119432143606687,0.250125140500384,0.477489561296235,0.633013552351179,1,"GstE5"
386.955312771346,-0.105880193988123,0.229526521668208,-0.461298298857064,0.64458460526927,1,"GstO3"
339.634848001206,3.11258019046356e-05,0.169478718042495,0.000183656108944788,0.999853463627,1,"GstT2"
2707.010606544,-0.00765514264099645,0.265282073795717,-0.0288566148909533,0.976978947500411,1,"GstT4"
70.1902020543662,-0.0944764586091343,0.3091256775442,-0.305624752235684,0.759890372131822,1,"GstZ2"
904.301116395333,0.0602755240522915,0.181486652805709,0.33212097485108,0.739797912572787,1,"Gycalpha99B"
235.804975598006,-0.039992053446785,0.267429687314942,-0.14954231090914,0.881125725415132,1,"Gycbeta100B"
28.8283786445565,0.271891220728263,0.504000250813444,0.539466439331006,0.58956504807529,1,"Gyg"
8.10964346734931,-0.312863213370826,0.920635170463737,-0.339834087821382,0.733981475653198,1,"H2.0"
368.687117906652,-0.0223639267545592,0.17406038800465,-0.128483723441784,0.897766178273156,1,"HDAC1"
264.620975394826,-0.0232771014417396,0.260024705738423,-0.0895188069750405,0.928669607782184,1,"HERC2"
8.69811159274755,-0.0121398321568052,0.863463202990537,-0.0140594667088995,0.988782538137736,1,"HP1D3csd"
243.649152114462,-0.105160198588068,0.217401986297638,-0.483713145307219,0.628589462720061,1,"HP1c"
22.4963070998884,0.428377534140021,1.89515226276328,0.226038584105856,0.821171411046579,1,"HP1e"
106.688494693622,-0.0932600690218099,0.251175064140124,-0.371295093886321,0.710417751729616,1,"HP5"
689.062240638946,-0.0645397405193637,0.169414754756968,-0.380957022379475,0.703235139282864,1,"Hacl"
324.274972997676,-0.126582600083523,0.225711951341009,-0.560814787748124,0.574923804671364,1,"Hao"
183.377556189665,-0.0251895909337843,0.214666813029741,-0.11734273490283,0.906588461371076,1,"Hasp"
294.295281457133,-0.076885375591397,0.206403050183802,-0.372501159856556,0.709519748590274,1,"Haspin"
152.734867060274,-0.059681527475234,0.287675348191837,-0.207461389550262,0.835649543352055,1,"Hecw"
46.9240346118384,-0.102276797782132,0.348533953231366,-0.293448591834144,0.769179288395877,1,"Hel25E"
36.7845524905857,0.247043228927069,0.512233188079385,0.482286651228821,0.629602328655082,1,"Hel89B"
102.206863436177,-0.16598233726724,0.286449818102163,-0.579446474663295,0.56228795298737,1,"Helz"
423.648577639425,-0.00425016366566193,0.203282711869276,-0.0209076493843464,0.983319324632459,1,"Hem"
410.536888513276,0.131552408952433,0.456196141735052,0.288368087577636,0.773064993073573,1,"Hex-C"
6.86416154908108,-0.468161088681681,1.87561266664203,-0.249604354357365,0.802893330869605,1,"His2B:CG33868"
74.6698595796304,-0.105395064899521,0.278322373296947,-0.378679815248173,0.704925644106468,1,"HisT"
49.263929934508,-0.131447270993919,0.330052325086761,-0.398261914862638,0.690437130961191,1,"Hk"
851.224373714164,0.0646591630225207,0.153832639752515,0.420321481361459,0.674250619272259,1,"Hmgcr"
1007.37518092309,-0.033905742132859,0.134164825708254,-0.252717073598621,0.800486853236724,1,"Hmt-1"
78.5217895563194,-0.047855495919554,0.280256482242274,-0.170756071498051,0.86441557153885,1,"Hmt4-20"
40.4971339796494,0.119156647939283,0.334867623783076,0.355832094465099,0.721966312194364,1,"Hn"
296.936646560729,0.0354784593787782,0.181769485132151,0.195183803007334,0.845249058531557,1,"Hou"
151.394853335385,-0.00616249078961674,0.234761444612449,-0.0262500122189568,0.979057925625817,1,"Hpf1"
279.087105668354,-0.0229768927014172,0.180884904769726,-0.127024931851929,0.898920665621092,1,"Hpr1"
262.105384988193,-0.0473998398136258,0.16859548497408,-0.281145368874575,0.778598904558811,1,"Hr96"
6.52193145365227,0.288470136205834,0.768427906131254,0.37540299344173,0.707360778979809,1,"Hrb87F"
285.764927790306,-0.0552672026001747,0.188855643682862,-0.292642578862947,0.769795364561103,1,"Hs2st"
148.571443900599,0.0632249460980382,0.214006737482515,0.295434372028609,0.767662079360455,1,"Hsc20"
1567.01101519925,0.0966761797426601,0.21346153322991,0.452897429714113,0.650622601833641,1,"Hsc70-2"
134.609518564642,0.163713983517946,0.350744044375007,0.466761976841741,0.640670182516797,1,"Hsc70-3"
19.1734637989547,0.0133961006347464,0.544393853818091,0.0246073693536275,0.980368141186544,1,"Hsc70-4"
11.2407887619948,-0.390446821508918,0.765204231191473,-0.510251780627202,0.609875079703801,1,"Hsp60A"
8.55036682972844,-0.325561635879467,0.758727640491178,-0.429088935877844,0.667858503755542,1,"Hsp67Ba"
484.839055998114,-0.0549116831790357,0.349025534432607,-0.157328555540507,0.874985916423868,1,"Hsp70Bb"
65.8702059614999,0.21813489046769,0.379726889004496,0.574452051682618,0.565661938242212,1,"Hsp70Bc"
36.5163208800882,0,1.9029559741519,0,1,1,"Hsp83"
7.59164523131547,-0.422676094358473,0.754478050800876,-0.56022318198628,0.575327216658916,1,"Hydr1"
149.612207472603,0.062358781981074,0.258639976056091,0.241102643651461,0.809475563873445,1,"I-2"
124.340858604637,0,1.87457145353307,0,1,1,"I-3"
1853.94981816386,-0.131321287027795,0.281209758026425,-0.466986949348518,0.640509215260672,1,"IA-2"
40.4409560160444,-0.00832196623294362,0.443677855529319,-0.018756776181708,0.985035135360756,1,"IFT52"
17.7228419440287,0.0650024083822692,0.522676398567005,0.124364537140921,0.90102665058355,1,"IFT54"
82.323725331747,-0.13617126750653,0.331041889094001,-0.411341500857203,0.680822142589349,1,"IP3K1"
180.708620065999,-0.0942979190056831,0.250678965193066,-0.376170050538774,0.706790479222917,1,"ITP"
104.521553102619,-0.0125707600400524,0.269945254081262,-0.0465678127323855,0.962857685905479,1,"Ice1"
479.726052955746,-0.0190246750844752,0.434139788491308,-0.0438215422516062,0.965046655343278,1,"Idgf1"
10.8566790331836,-0.354146481555293,0.86641075014612,-0.408751255101078,0.682722215304363,1,"Idh"
6883.43589159243,-0.0822425533084037,0.151530511184711,-0.542745831617717,0.587304813658111,1,"Idh3a"
2459.17625757291,0.055188200435905,0.14111535564694,0.391085719785038,0.695733875712133,1,"Idh3b"
22.213207756932,0.0265069892944827,0.622364540554099,0.0425907768956168,0.96602774779136,1,"Ids"
169.827542543387,0.064844448718208,0.229337176004499,0.282747218954749,0.777370617020581,1,"IleRS-m"
1700.39238158311,0.00213097018475781,0.190735070345983,0.0111724088333223,0.991085892932481,1,"Ilk"
38.3915454871638,0.135668940582516,0.368315110249395,0.368350189300275,0.712612133515335,1,"Ilp2"
15.2436992277657,-0.175096774951227,0.568745734383047,-0.307864770434129,0.758185233743192,1,"Ilp5"
28.9195777439929,0.0769383146678407,0.406112193326334,0.189450885573427,0.84973944557854,1,"Ilp7"
99.831758500119,0.176534925733964,0.455947364151913,0.387182687331308,0.698620966068279,1,"Ilp8"
145.468523098079,-0.122459259367927,0.309128445118191,-0.396143613769048,0.691999085377925,1,"Imp"
109.552597456342,-0.0912368519589981,0.298424054465775,-0.305728880074115,0.75981108238304,1,"Ing3"
312.606278210701,-0.0105910629827561,0.237144895726918,-0.044660725040239,0.964377739319848,1,"Inos"
297.548833977986,0.0107488128870426,0.188036951646135,0.0571633011115322,0.954415111806216,1,"IntS1"
72.9800637544044,0.0983114801930574,0.287615118823882,0.341816106869046,0.732489287390309,1,"IntS10"
254.64085728623,0.0909639631589519,0.204516002989521,0.44477675012851,0.656481097919474,1,"IntS11"
861.534399056624,-0.0121004953649064,0.167595964587929,-0.0722003981101697,0.942442428356262,1,"IntS3"
137.067773760117,0.0718425985696503,0.214968193057397,0.334201062714744,0.738227842124564,1,"IntS8"
1091.63480771872,-0.0232928096743181,0.20556245218558,-0.113312569618938,0.909782752308559,1,"Invadolysin"
642.614989372727,-0.0462152283185898,0.191645427801112,-0.241149652505937,0.809439130918718,1,"Inx3"
153.450798773908,-0.128955886590097,0.57275294029927,-0.22515098136854,0.82186182157418,1,"Inx5"
12.5436593041191,0,1.93911944115626,0,1,1,"Inx6"
422.396844563099,0.0353742840953027,0.227081122358897,0.155778180624783,0.87620786998041,1,"Ip6k"
23.8362123019129,-0.10997899136934,0.701076099332513,-0.156871688357441,0.875345972985772,1,"Ir41a"
17.4482303059493,0.220470279674457,0.544408025003675,0.404972501411911,0.685497724155868,1,"Ir51b"
19.133847127484,-0.130850263581242,0.552003112351095,-0.237046242409618,0.812620916142716,1,"Irk1"
9.81547968842226,-0.000137372920858749,0.775083977733631,-0.000177236176730722,0.999858585991711,1,"Ist1"
12.8155941927257,-0.00139045261783944,0.67971186246494,-0.00204565006824662,0.998367808532108,1,"ItgaPS4"
325.870575088644,-0.465371477063289,1.77109170726277,-0.262759672553898,0.792735820191458,1,"JYalpha"
439.459950811119,0.346508375037556,0.676456556653232,0.512240396858456,0.608482773823034,1,"Jhbp1"
53.984425394953,-0.330501230772062,0.616865852705915,-0.535774884153987,0.592114142279786,1,"Jhbp16"
525.383055289065,0.311930065617642,0.768388758738046,0.405953447483975,0.684776805732125,1,"Jhbp4"
13.2704951191638,0.260952378843762,0.601780568119609,0.433633773950467,0.664554405026106,1,"Jhbp6"
53.0171587998988,0.585153516215978,1.46407013022844,0.399675878999508,0.689395260423856,1,"Jon65Aiii"
93.6359052025218,0.243597845152808,1.26933499564068,0.191909815761328,0.847812848492393,1,"Jon65Aiv"
8.21299489700719,-0.336472608773346,2.31828926334598,-0.14513831992118,0.884601663673647,1,"Jon66Ci"
1612.57893144255,-0.057407450886067,0.138786987824315,-0.413637126837401,0.67913987891326,1,"Jwa"
262.347039255272,0.0491054534680034,0.218170541928507,0.225078294411053,0.821918366321557,1,"Kal1"
83.7271189357871,-0.0663929029693578,0.441087183637054,-0.150521043077934,0.880353549892516,1,"Kank"
1141.34715599461,0.078855156253928,0.16440261300011,0.479646611540629,0.631478696525484,1,"Kap-alpha1"
10.5692898196291,0.0292923877367537,0.588281145781751,0.0497931778823676,0.960287203202404,1,"Kat60"
27.2384433014322,-0.0594401354252936,0.425712068847227,-0.139625206272046,0.888956123979781,1,"Kcmf1"
1413.90894133916,0.0376966976755722,0.166042014001109,0.227031079467155,0.820399575170085,1,"Khc"
238.60990892341,0.094106462576876,0.227153227971585,0.414286265782884,0.678664470964354,1,"Khc-73"
28.7132850214321,0.0811722779133479,0.424010808640477,0.191439171500401,0.848181533118462,1,"Kif19A"
67.5723271470673,-0.00295891320741655,0.280648066597028,-0.0105431448122717,0.991587943376697,1,"Kif3C"
6.67270429854825,-0.349770226216425,0.877999049372761,-0.398371987380054,0.690356003635065,1,"Klp3A"
1091.3340601199,0,1.87302704819202,0,1,1,"Klp59C"
6.92780356815041,0,1.9809401365212,0,1,1,"Kpc1"
19.9048603364697,0.262033162138024,1.62067836870285,0.16168116215912,0.871556939765386,1,"Kr-h1"
18.8983500436575,0.246104345095196,0.499322620878279,0.492876418581465,0.622099910421085,1,"KrT95D"
66.6709604907998,-1.01312224327085,1.87944203136868,-0.539054797307612,0.589849044523425,1,"LS2"
1146.13964282393,0.0464706863036403,0.212361849912519,0.218827846540156,0.826784154135142,1,"Lac"
238.826222420376,0.011168337986341,0.213751728272922,0.0522491119794881,0.958330200646231,1,"Lapsyn"
95.365704092071,-0.0183590513563918,0.282912982934245,-0.0648929263195347,0.948259252703742,1,"Larp7"
896.803299595101,-0.03412713938517,0.149919633520346,-0.227636224714614,0.819929055932436,1,"Las"
4.66629283433495,-0.449301426591237,1.34219308125612,-0.334751708130361,0.737812392036076,1,"Lcp65Aa"
51.1708884173033,0.298786229320691,1.03184002898094,0.289566425927259,0.77214795524649,1,"Lcp65Ag2"
5.50047438334285,0.362201741666168,1.53866221419448,0.235400426633462,0.81389795497139,1,"Lcp9"
477.017243768721,0.0447155443776996,0.252662650179101,0.17697726334305,0.859526248882553,1,"Ldsdh1"
196.554136187269,0.0187821429272407,0.230130476143479,0.0816151917033823,0.934952720365915,1,"Leash"
63.4179149111427,0.054130171759008,0.357320065944727,0.151489314253572,0.879589739550163,1,"Lhr"
22.0450981045657,0.095785495850529,0.721907660813695,0.132683861177709,0.894443406917326,1,"Liprin-gamma"
2686.67241396197,0.0308177712601709,0.202444717963592,0.152228082659649,0.879007045317458,1,"Lk6"
3720.03599551508,0.00493713378281589,0.243336151019676,0.0202893559470195,0.983812546764534,1,"Lmpt"
9.56153985190813,-0.179763833703669,0.747370009886547,-0.240528561924712,0.809920523844051,1,"Lnpk"
5.97589482078935,-0.193541335454094,1.22855028699309,-0.157536356063855,0.874822157600913,1,"Loxl1"
233.068446800183,0.210994102410899,0.510555821728927,0.413263532470154,0.679413544995233,1,"Loxl2"
113.275320796306,-0.0465655099295085,0.247112167941698,-0.188438757659618,0.850532719647561,1,"Lrch"
48.8599304652445,-0.15444222920696,0.359600718476981,-0.429482537913357,0.667572099052316,1,"Lrp4"
98.1729089723865,0.0921511072526604,0.258731536461931,0.356164959682908,0.721717031680417,1,"Lsd-1"
13.095150598537,0.124732419617994,0.593514416660912,0.210159039303095,0.833543547515944,1,"Lsm10"
42.2890400905358,-0.0700033517007709,0.372555799227071,-0.187900314116716,0.850954796494107,1,"Lsm11"
3112.56253321227,0.10306088585253,0.340974244263762,0.302254166073631,0.762458315377182,1,"Lsp1alpha"
13.1609347408223,-0.0408943127524265,0.694025532679615,-0.0589233548721681,0.953013155869626,1,"Lst"
502.785030278598,0.0971571775063065,0.175290519838664,0.554263730837977,0.579398368144929,1,"Ltn1"
151.759318040243,0.189655950755297,0.514902710622463,0.368333564463126,0.712624528210467,1,"LysS"
20.3051049492601,-0.195898300365776,0.50200816142893,-0.390229313818654,0.69636698717749,1,"Lztr1"
16.0265071792068,-0.0269300355397155,0.508647120959628,-0.0529444371746536,0.95777617827913,1,"M6"
57.7045374521369,-0.0976860402895341,0.339115962802327,-0.288060872989562,0.773300142539643,1,"MCTS1"
140.477455350066,-0.12684047636655,0.258155972520894,-0.491332720788725,0.62319114077062,1,"MCU"
12.605459026853,0.353212539366626,0.725664331381898,0.486743696901839,0.626439974682248,1,"MED1"
71.4311107685054,-0.0295391223400223,0.292555528285833,-0.10096928440594,0.919574843031067,1,"MED16"
150.478087767502,-0.114684214983942,0.234951363388644,-0.48811895930239,0.625465582604898,1,"MED17"
65.2263994124223,0.0756465637085531,0.27570450260745,0.274375510712131,0.783796060751216,1,"MED23"
96.1566327086662,0.0413287910290025,0.272775476333028,0.151512121194299,0.879571749887056,1,"MED25"
7.54775117122512,-0.418528863979945,1.08091039244506,-0.387200333075914,0.698607903579508,1,"MEP-1"
51.6736972065312,-0.186491997960189,0.347392359351099,-0.536833908231435,0.591382347226621,1,"MESK2"
207.264588952349,-0.0144955727075213,0.18345258956181,-0.079015361637277,0.937020404446724,1,"MFS18"
643.229543595924,0.00638354961390125,0.160042668408437,0.0398865482398113,0.96818357551906,1,"MICAL-like"
44.7152899096558,0.232391531483014,0.40896424539082,0.568244129168144,0.569869210621439,1,"MTA1-like"
32.7288782924184,0.0596220412273707,0.501421860796122,0.118905947045681,0.905349870130806,1,"MYPT-75D"
176.624390458522,-0.126212860363772,0.295140366789455,-0.427636726675917,0.668915622670076,1,"Maf1"
82.6402932772985,-0.258952112155597,1.05774991344151,-0.244814118030098,0.8066003618978,1,"Mal-A1"
157.785858543755,0.10312412272968,0.201612502838439,0.511496664531356,0.609003323398143,1,"Map60"
158.56778212797,-0.0100488149432608,0.196505040082018,-0.0511376957001541,0.959215798449025,1,"Mat89Ba"
17.4028136710965,-0.346347014571332,0.65696991961309,-0.527188542780324,0.598062664162776,1,"Mayo"
12.2975734696991,0.0331981372804495,0.572200734806176,0.0580183408741948,0.953734019229274,1,"Mbs"
94.1778776290373,0.159386078445151,0.289184376598263,0.551157293903783,0.581525852657789,1,"Mcm2"
18.3306353689806,0.0719154560492819,0.523413313552724,0.137397070703357,0.890716946330485,1,"Mcm7"
14.3875652914407,-0.291345060176239,0.621295494771839,-0.468931551295461,0.639118562990885,1,"Mdr49"
43.3330541849371,-0.00310592471151564,0.357152209873333,-0.00869636145501432,0.993061394917297,1,"Mef2"
142.068561004698,0.138119289868769,0.258346157265881,0.534628776098345,0.592906581089486,1,"Membrin"
42.4978159414016,0.251952324540344,1.02355849181666,0.246153323483417,0.805563546454805,1,"Men"
11.8062439981082,-0.234869135490763,0.677753902654746,-0.346540439783211,0.728936598131393,1,"Mer"
514.422313420441,0.0400551252063232,0.144484101744395,0.277228599705621,0.781604580538237,1,"MetRS"
129.782439887657,-0.0749164275741523,0.281538861335972,-0.266096222804395,0.790165103931977,1,"Mettl3"
73.1138528416041,0.0545517469332402,0.287886072238159,0.18949074718735,0.849708206405423,1,"Mettl4"
1038.54915071561,-0.0159584238225228,0.235532456104377,-0.0677546699358104,0.945980928943661,1,"Mf"
158.836507400568,0.0794262880064578,0.216534538435582,0.366806554650804,0.713763318034947,1,"Mgat1"
24.6500253149134,-0.290091179602017,0.763949566859204,-0.379725563291641,0.704149142269762,1,"Mgat4b"
418.993584588939,-0.122839857427972,0.26146216514124,-0.469818864085421,0.638484435745253,1,"Mid1"
87.924435284269,-0.157097577466934,0.324691239730435,-0.483836821705935,0.628501680585934,1,"Mink"
9.65725787862774,0.0906527055208129,0.850828141595197,0.106546435277576,0.915148815030208,1,"Miro"
12.5150498627405,0.257626943570164,0.632139832977322,0.407547397158575,0.683605990115605,1,"Mitofilin"
9.6487750037543,0.123121366912669,1.22845799738959,0.100224319573234,0.920166238992769,1,"Mks1"
50.3792729112113,-0.0319484120742987,0.324374956311366,-0.0984922277527232,0.921541443308306,1,"Mlc-c"
325155.390487804,-0.0435433045871923,0.128181970426487,-0.339699135863765,0.734083112569341,1,"Mlc2"
34.8851688058523,0.103685274050053,0.366690583016293,0.28275957674497,0.777361143310934,1,"Mlf"
165.167535341548,-0.733377819065741,1.77788468566312,-0.412500217241145,0.679972821501905,1,"Mmp1"
77.6356048643154,0.0355717782249273,0.292542450118927,0.121595270055564,0.903219559641589,1,"Mnr"
65.8791118739649,-0.100201776131303,0.36537850162833,-0.274241028644949,0.783899399973177,1,"Mo25"
195.562376981935,0.192355392807363,0.373594089701797,0.514878040391114,0.606638246934377,1,"Mob2"
168.662583573992,0.0416963843011107,0.242875482567303,0.171678029665083,0.863690659135698,1,"Mob3"
343.761351529825,0.0620184939313158,0.161829554135135,0.38323342273765,0.701546698501477,1,"Mon1"
9.60571897470609,-0.1734307044356,0.661384989208899,-0.262223526788906,0.793149116086768,1,"Mos"
15.0457038271607,0.0546443641767143,0.697153249162083,0.0783821408598355,0.937524079349056,1,"Mpc1"
411.186088733982,-0.00741366060584478,0.169402883169597,-0.0437634854090568,0.965092933604447,1,"Mrgn1"
919.574752285155,0.0534562295205999,0.143981504771602,0.371271501887673,0.710435321689481,1,"Mrp4"
240.260357829516,-0.00889118541459294,0.216360708696623,-0.0410942701572492,0.96722074249893,1,"Mrtf"
88.7535848508417,0.129525349380362,0.343492193258095,0.377083822929969,0.706111312792731,1,"Msh6"
343.43818430426,-0.0160490729145382,0.355164648449499,-0.0451876981129788,0.9639576997187,1,"Mst36Fb"
103.430188069747,0,2.15758264274354,0,1,1,"Mst57Da"
51.7589003073396,0,1.9468856107618,0,1,1,"Mst57Dc"
8.30734720941404,0,2.00053425505006,0,1,1,"Mst77Y-13"
15.8152629017248,0,1.91046955539924,0,1,1,"Mst77Y-4"
90.7541135735131,0,1.87504374957701,0,1,1,"Mst77Y-7"
7.36389962700954,0,1.9655809229369,0,1,1,"MstProx"
80.9746930374288,0.00554738344815546,0.369331332489981,0.0150200726560505,0.988016166524591,1,"Mtl"
346.691368869171,-0.134071249814361,0.341275286098046,-0.392853673488222,0.694427559409449,1,"MtnC"
633.062432532905,-0.105260854397659,0.26576380274703,-0.396069191175189,0.692053985637836,1,"Mtp"
1652.66561662051,0.0508886857172342,0.157390713343931,0.32332711782068,0.746447518933168,1,"Mtpbeta"
227.078217818125,-0.0852555098086881,0.237350558697161,-0.35919658363841,0.719448032190368,1,"Mtr4"
106.592618594302,-0.409159486797634,0.795401641427791,-0.514406138341845,0.606968068514441,1,"Muc11A"
19.4158534583645,0.0468101540545294,0.995486795029188,0.0470223756741614,0.962495394042564,1,"Muc30E"
11.4559763260782,0,1.96280321362121,0,1,1,"Muc4B"
65.5003404569048,0.0040543659961604,1.46356955305786,0.00277019017489777,0.997789710855904,1,"Muc68D"
17.1947985920805,-0.135929379747214,0.534244361537512,-0.254432970253574,0.799161082257197,1,"Mvd"
63.965441148904,0.0296597861186371,0.272817327397074,0.108716650814002,0.913427234697597,1,"Mvl"
137.696962585982,-0.179354936209393,0.320534280345578,-0.559549936487369,0.575786460907647,1,"Myc"
60.9736934149933,0.531608424721179,1.08971086586666,0.487843556830449,0.625660656678862,1,"Mzt1"
22.5432499159811,-0.218648928940007,0.496199177941896,-0.440647503381415,0.65946820703054,1,"NANS"
193.377660266395,0.0896700782791508,0.214610565461114,0.417826951280264,0.676073644258062,1,"NC2alpha"
58.5293498848375,-0.0431634627951884,0.294587416965635,-0.146521746379356,0.883509524046874,1,"ND-13A"
3267.10713922228,-0.0261105952871694,0.137479532152756,-0.189923509909514,0.849369069514277,1,"ND-13B"
3562.18116518737,0.0528947464300967,0.168953938525666,0.313071994010139,0.754225965864232,1,"ND-18"
280.422656069834,-0.0861357847297795,0.224001562772903,-0.384532070506604,0.700584130773684,1,"ND-20"
215.680010028116,0,1.87210642802787,0,1,1,"ND-24L"
189.840156404784,0,1.87405249195584,0,1,1,"ND-B14.5AL"
13.4606844416397,-0.132096089690645,0.631986706584568,-0.209017196587139,0.834434814171773,1,"ND-B17"
25.6497092076563,0.19188778517179,0.429569999966145,0.446697360585965,0.655093587820667,1,"ND-B18"
24.4298555342778,-0.226751326683421,0.428971055721453,-0.528593534829677,0.597087446162016,1,"ND-MLRQ"
22164.5936048275,-0.0985426729136835,0.750383518952001,-0.131323077366238,0.895519736780763,1,"ND3"
162.620549930877,-0.101367780453845,0.189568086934978,-0.534730196906054,0.592836437400023,1,"NELF-B"
741.741439800723,0.00731115199806408,0.169329731285059,0.0431770129355258,0.965560429016697,1,"NFAT"
79.3454141985511,-0.14508823128672,0.29562861263048,-0.490778717241664,0.623582964421131,1,"NK7.1"
5564.30835302741,0.0598812092108117,0.152540914744445,0.392558346140324,0.694645709656974,1,"NP15.6"
336.397357896527,0.0855613084888642,0.262251550442051,0.326256635450361,0.744230194577287,1,"NaCP60E"
173.92841313324,0.00250117960655908,0.259414520242931,0.00964163302893313,0.992307209053841,1,"NaPi-III"
15.9712931960462,-1.01312956141281,1.91325521002334,-0.529531845048757,0.596436559470368,1,"Naa20B"
176.94800965256,0,1.87861889412758,0,1,1,"Naa30B"
57.3160841344249,0.11016800127463,0.350476078821537,0.314338147256913,0.753264228123378,1,"Naa40"
6.42942265128312,0.577450370027847,1.012411138716,0.570371411322285,0.568425815542537,1,"Nacalpha"
65.3317976626388,0.136981999776637,0.355642431311523,0.385167763226342,0.700113125540251,1,"Nadk1b"
19.5029037492427,0.188753946134577,0.495403687553562,0.381010377752122,0.703195547997173,1,"Nak"
60.7295359570217,-0.165095552889916,0.290860072767469,-0.56761160553619,0.570298724986761,1,"Naus"
332.527623974847,-0.0518763576081818,0.188676041514159,-0.274949363956678,0.783355141127566,1,"Naxd"
143.122210680549,-0.00436550755840368,0.226597939131278,-0.0192654336360692,0.984629358770499,1,"Naxe"
264.904854409718,-0.0128648891244375,0.170943593918604,-0.0752580943779807,0.940009362727625,1,"Nbr"
9.83037305978526,0.0303617177302095,0.817790892701215,0.0371265050775055,0.970384138597237,1,"Ncc69"
518.828923899765,0.0240151412284998,0.234538330760514,0.102393246982821,0.91844454362787,1,"Nckx30C"
176.319990176298,-0.0276340476654246,0.243290766510522,-0.113584449018658,0.909567215446884,1,"Ndae1"
180.411640000818,0.0328171519006564,0.23956772411142,0.136984863142055,0.891042759778352,1,"Ndc1"
964.293496484899,0.137790544523903,0.245473939668198,0.561324532902156,0.574576320205687,1,"Ndfip"
25.8231455529049,-0.146130284876423,0.503046956525161,-0.290490346837262,0.771441134667975,1,"Ndg"
65.0469126043757,0.082298949168259,0.321331796025805,0.256118287035777,0.797859501801939,1,"Nedd4"
311.176858592508,-0.045616716591454,0.165914428794121,-0.274941226769726,0.783361392841945,1,"Nelf-E"
222.008322790429,0.0766110361721948,0.197153298266575,0.388586124836763,0.697582332461597,1,"Nemp"
18.0078806790992,-0.338432673557272,0.638834199231336,-0.529766055049157,0.596274143170542,1,"Nep1"
31.6520310565663,0.209242613722019,0.450322672754921,0.464650408210503,0.642181827531261,1,"Nep4"
30.0189574553906,0.246895863098302,1.14823524879429,0.215022020407016,0.829750150281326,1,"Nep6"
67.0571037461758,0.0694187514809639,0.319809671418776,0.217062702240994,0.828159480274602,1,"Nepl12"
602.505472615881,0.147669358973949,0.491604215028648,0.300382613613969,0.763885324037552,1,"Nepl14"
327.630483685507,-0.0778581957665428,0.17337896547368,-0.449063677095028,0.653385722036153,1,"Nepl16"
102.826962486158,0.189855683555948,0.599399518645835,0.3167431365058,0.751438514539927,1,"Nepl17"
249.810966907488,0.154249495275991,0.289017805173715,0.533702396581689,0.59354745080278,1,"Nepl19"
237.845184168623,0.0430190835495338,0.431058618204609,0.0997986856838901,0.920504151514868,1,"Nepl5"
332.054302908322,0.136651243542811,0.288865876449506,0.473061218661105,0.636169503921942,1,"Nepl8"
35.0557229499784,-0.274863667999373,0.703921345054825,-0.390474972708726,0.696185358349991,1,"Nepl9"
300.770160325817,-0.0867158113001435,0.260771548285425,-0.332535554090547,0.739484897380067,1,"Neto"
323.316665643042,0.0867745260904406,0.221875639383252,0.391095328588788,0.695726773456106,1,"Neurl4"
1195.697523017,0.0646459524252541,0.270105307697591,0.239336105522337,0.81084497063187,1,"Neurochondrin"
96.5978545524872,0.0820715165443827,0.252121264311799,0.325523976600738,0.744784539201392,1,"Nf-YC"
16.5771921028918,0.108880765694097,0.531314805847922,0.204927031010052,0.837629135680176,1,"Nf1"
484.747282729046,-0.0861472464268848,0.172642847146067,-0.498991112872453,0.61778564488942,1,"Nhe1"
177.34630039391,0.0550058257754808,0.222154809344341,0.247601327821003,0.804442883260443,1,"NiPp1"
522.372322090222,0.534663552776968,1.19143401753191,0.448756326333991,0.653607447105687,1,"Nil"
1378.05754333185,0.126864602590024,0.224663237972102,0.564687857858514,0.572286094458136,1,"NimB2"
122.278463376422,-0.099046884594603,0.229179617457916,-0.432180163721544,0.665610475193017,1,"NimB3"
7.95348216468,-0.155064222268368,0.712700479396515,-0.217572776714939,0.827761997388442,1,"Nipsnap"
13.5318420918521,-0.0312017172374662,0.663104409307556,-0.0470540035618952,0.962470186541631,1,"Nlg2"
254.067171428327,-0.0164239478698415,0.195839517049951,-0.083864319710574,0.93316430833388,1,"Nmd3"
81.1615176975357,-0.10970836597518,0.369473252565796,-0.296931821757904,0.766518560955803,1,"Nmdmc"
642.316228813383,-0.117766527095725,0.246598036912828,-0.477564738835918,0.632960032904907,1,"Nmt"
31.8410198725369,0.0172635806061102,0.418428622645696,0.0412581254526848,0.967090115673131,1,"Nnk"
373.545314474966,0.00550125217221277,0.17355255225709,0.0316979041833021,0.974712966267799,1,"Noa36"
226.474311918736,0.0212357106697798,0.204507572760858,0.10383826076999,0.917297702870202,1,"Noc3"
46.4657566443131,-0.0989620550925372,0.405511998451647,-0.244042236654897,0.8071981085085,1,"Not3"
13.7141054130637,-0.286679368687113,0.679930408474132,-0.42163045675581,0.673294771970788,1,"Npc1a"
13.6393900120479,0.058646323126763,0.852454597833152,0.0687970048795979,0.945151202200775,1,"Npc2b"
26.6522448197456,0.0651238366688741,0.451508847626654,0.14423601444622,0.885314102857663,1,"Npc2f"
93.2792037532944,-0.0751865542884496,0.362947996158195,-0.207155171220945,0.835888676051128,1,"Nplp1"
244.593442158433,0.0967371145707383,0.801438946893022,0.120704284394668,0.90392526535536,1,"Nplp3"
220.635157009782,-0.116587374213978,0.227368586053342,-0.512768171882049,0.608113496313675,1,"Nrg"
93.80791865021,-0.0341365874211269,0.313518084086937,-0.108882355289148,0.913295801869011,1,"Nrx-1"
369.838707683043,0.0622013862567634,0.192077096798195,0.3238355186205,0.746062563982771,1,"Ns4"
132.901388397748,0.121736898101016,0.318004680700131,0.38281479955891,0.701857087419925,1,"Nt5b"
66.2203861388264,-0.471725232827152,1.08543876184898,-0.434594054871965,0.66385711108923,1,"Ntl"
538.650257284171,0.0964869773873476,0.166596121910094,0.579167007497438,0.562476490181956,1,"Nubp1"
58.6772527186987,-0.133551528571307,0.392555473975354,-0.340210587866346,0.733697945291411,1,"Nuf2"
30.8036777718612,0.122132768790789,0.438496743034382,0.278526056877036,0.780608565572021,1,"Nufip"
202.736215144921,-0.0732444620038751,0.218513307212182,-0.335194514871137,0.737478359443366,1,"Nup107"
228.137698729803,-0.0183986244126028,0.218095686258284,-0.0843603315969021,0.932769945617276,1,"Nup133"
123.411693742926,-0.0396494824910651,0.23627547650526,-0.167810401136499,0.866732439617003,1,"Nup35"
304.220872129311,0.118267621304838,0.209880932103014,0.563498647160525,0.573095381039205,1,"Nup58"
39.850892524154,-0.232947200722268,0.660677577562292,-0.352588325430651,0.724397091149078,1,"ODA-Dnal1"
27.5540247636728,0,1.89213485175958,0,1,1,"ORY"
35.1298065775694,0.277009272573712,0.632620980505114,0.437875570223002,0.661476485772738,1,"OS9"
45.9287908494715,0,1.88910398891126,0,1,1,"OXA1L"
82.0585583189183,0.0923411465472171,0.268070374183187,0.344466063542386,0.730495813526165,1,"Oatp74D"
161.755585265578,-0.0680052522903928,0.254952044476342,-0.266737426758323,0.789671335198684,1,"Obp18a"
30.5286347824921,-0.439070326931428,0.791131527352043,-0.554990304078791,0.57890129242969,1,"Obp19b"
252.181972109195,0.0423332281433831,0.315061808648125,0.134364835665191,0.893114086518612,1,"Obp28a"
5.46179723509456,-0.484037000383384,1.44996616617818,-0.333826410349427,0.738510552969019,1,"Obp50d"
34.2069972816764,0,3.9945883017268,0,1,1,"Obp56f"
22.7864801137927,0,1.89551840793815,0,1,1,"Obp56i"
11.0246466391151,0.0835796753063634,0.806946356537647,0.103575255813754,0.917506425027297,1,"Obp57a"
31.053021087503,0.513933384770446,1.15301384579264,0.445730453841291,0.655791963544123,1,"Obp57b"
118.403144379608,0.28466609760087,1.35774253742566,0.209661323670842,0.833932013803335,1,"Obp57c"
42.5720801468548,-0.102892164703323,0.461382313494247,-0.223008471920123,0.823528912897368,1,"Obp59a"
67.3496874642878,0.13011339213438,0.447175242322016,0.290967343045981,0.771076295890405,1,"Obp83b"
14.5302266767365,-0.0413957749305138,0.626968054954811,-0.0660253335132002,0.947357656230448,1,"Obp8a"
5.95093472962704,0.558449200871557,1.45915815638379,0.382720131075821,0.701927286437596,1,"Obp93a"
40.6409004696581,-0.0715564573339416,0.433307702494422,-0.165140053873985,0.868833747353567,1,"Obp99c"
46.7299876905348,-0.313426481041781,0.734938572915062,-0.426466228053055,0.669768151672411,1,"Obp99d"
165.922737501223,0.00190134314527875,0.244656357518807,0.00777148472478421,0.993799314739714,1,"Octbeta1R"
257.919217155293,0.0413906014124555,0.274747525648567,0.150649587524944,0.880252142558741,1,"Odc1"
191.150778883347,0.0163158784703507,0.198512381868083,0.0821907344862401,0.934495041326251,1,"Odj"
99.4854803994921,-0.198111820456845,0.341753295031394,-0.579692495543155,0.562122004958297,1,"Ogg1"
33.2729388506578,-0.0337888979430073,0.479694717984126,-0.0704383364590756,0.943844778928306,1,"Opa1"
208.034622126998,-0.106635750951317,0.183451724724318,-0.581274180504781,0.561055679235044,1,"Opbp"
15.934187463891,-0.0177927926802804,0.489576940094133,-0.0363432000634247,0.971008704006509,1,"Or1a"
8.4742184083767,0.116144157494608,1.20040879318753,0.0967538376540902,0.922921884080962,1,"Or23a"
34.3064168059813,0.000353352449861823,0.423277269878171,0.000834801381996077,0.999333924943332,1,"Or43b"
9.60900537536267,0.413508355621701,0.87037089970142,0.47509441752195,0.63471967730997,1,"Or59b"
16.509617940037,0.335681574909765,0.766567499324199,0.437902174571319,0.661457199183659,1,"Or67b"
8.28961666101795,0.0663429445363023,0.714707501559266,0.0928253088033397,0.92604234429689,1,"Or82a"
23.7818639708443,0.174956173155303,0.437899622121823,0.399534880408347,0.689499127951596,1,"Orc1"
24.5118005687309,-0.267837242512693,0.536015962645797,-0.499681466929898,0.617299384208808,1,"Orc2"
96.9077183673353,0.00153401640545409,0.286215924242111,0.00535964729955578,0.995723640642,1,"Orc4"
11.8605913537601,0.128378969970722,0.609777714919055,0.210534046800584,0.83325088157457,1,"Orc6"
110.483113805119,0.176841358348193,0.321841474865669,0.54946727553372,0.582684816258124,1,"Orcokinin"
7.93069173223876,-0.0654828100181661,0.732207636599372,-0.0894320227555822,0.928738574947322,1,"Orct"
11.699544298266,-0.083014145025439,0.594856391257275,-0.139553253937446,0.889012977034454,1,"Orct2"
47.8344761538486,-0.0686170646741997,0.457599070472726,-0.149950183690964,0.880803918414857,1,"Orp8"
17.4619123422723,-0.0202318411053042,0.542891774053302,-0.0372668035734832,0.970272274007683,1,"Oseg2"
249.809123590744,0.630716746112606,1.64285970183065,0.383913943113825,0.701042231711328,1,"Osi14"
7957.3696582278,-0.0381771519590854,1.47593388066052,-0.0258664378257922,0.979363869819722,1,"Osi15"
2097.01149611026,-0.323067242919497,1.56085813374965,-0.206980529449779,0.836025064485909,1,"Osi18"
6791.65638910218,-0.106368405168345,1.54934963755927,-0.0686535837939779,0.945265365745296,1,"Osi20"
101.823873072617,0.11925415592477,0.454267285448332,0.262519797803784,0.792920724001192,1,"Osi24"
1027.3760993382,0.172999223091843,0.838824820890941,0.206239990500156,0.836603451348444,1,"Osi9"
802.401375348406,0.0118173371037396,0.133776623867552,0.0883363383085493,0.929609358038602,1,"Ost48"
1003.33602507631,0.0420587418097116,0.162804807897572,0.258338450521514,0.796145713889576,1,"Ostgamma"
1777.57199838076,0.0074353672455603,0.159971769345254,0.0464792461569464,0.962928275373958,1,"P32"
544.580802355423,0.0285466350144995,0.139729435759413,0.204299365121973,0.83811956606931,1,"P58IPK"
19.3594891146706,-0.218082437139768,0.482628856517018,-0.451863650908901,0.651367211874342,1,"P5CDh1"
377.647086633501,0.00992473935490753,0.165219291557027,0.0600700999343161,0.952099803740365,1,"P5cr"
97.3587819436897,0.126269081302766,0.251157408692511,0.50274878196946,0.615140907701145,1,"PCID2"
111.385719506761,0.0778009111078789,0.227976794491125,0.341266799901899,0.732902739122603,1,"PDZ-GEF"
34.8114675237148,-0.0987450201245414,0.555276330563079,-0.177830414677335,0.858856160577117,1,"PEK"
163.73348615275,-0.0044477584387567,0.242558567561571,-0.0183368432765323,0.985370135717546,1,"PGAP2"
17.1026061770038,0.224612225008617,0.713523148014907,0.314793185944297,0.752918685741878,1,"PGRP-LD"
8.35707447697203,-0.287808771468321,0.887581143135568,-0.324261926578989,0.745739741885089,1,"PGRP-LE"
39.2230147272433,-0.189245011615206,0.490333205645145,-0.385951857709108,0.699532323504466,1,"PGRP-SB1"
53.7967623009132,0,1.90433211830071,0,1,1,"PH4alphaNE2"
67.7633215427153,0,2.16493718978165,0,1,1,"PH4alphaNE3"
30.5821987411619,0.533505193546423,1.48605795901287,0.359006989135745,0.719589860777361,1,"PH4alphaSG1"
6.53388533110182,-0.033019805067255,0.917508057366232,-0.0359885723096978,0.971291471028498,1,"PH4alphaSG2"
5.43072943741891,-0.309830039887842,1.02554524512735,-0.302112501969008,0.762566302291709,1,"PHDP"
77.3212859475683,-0.032884670558306,0.326325406265783,-0.100772633472253,0.919730951552781,1,"PIG-L"
439.814234984005,-0.0659506144619215,0.171951390644798,-0.383542198842442,0.701317787801394,1,"PIG-O"
411.508454994571,-0.0275871309409538,0.186205790554431,-0.148153990586505,0.882221241210424,1,"PIG-T"
172.396887890891,0.149546401317669,0.282191693425121,0.529946149380017,0.596149267865992,1,"PMCA"
136.893910420529,0.0503767265497313,0.235737103915996,0.213698758968732,0.83078197918801,1,"PNKP"
39.5423470459935,0.129511488793256,0.339196671141797,0.38181827774812,0.702596160399795,1,"PNUTS"
238.206225166446,0.0635258524168528,0.17574926418087,0.361457288102646,0.717757628811375,1,"POSH"
40.7856182730993,-0.0638820797304279,0.399492632331766,-0.159908029736518,0.872953523104064,1,"PPO2"
10.2791670730931,0.160527047371269,0.633869478803653,0.253249371896314,0.800075516404095,1,"PPO3"
2145.51265818504,-0.0474758601888785,0.132352658909757,-0.358707264213327,0.71981409352271,1,"PPP1R15"
259.643562517305,0.0274151087609057,0.203606972139341,0.134647200303847,0.892890820941814,1,"PRL-1"
440.749894825422,-0.0701433712545809,0.161607715267672,-0.434034793069141,0.664263175515428,1,"PTP-ER"
10.5819457165385,-0.516157235436815,0.943679460935366,-0.546962455795323,0.584404525904383,1,"PTPMT1"
154.207846754166,0.0902938184602981,0.252521225565202,0.35756922317401,0.720665713827821,1,"PVRAP"
188.167830068359,0.0705285705940995,0.186548074649676,0.378071822647042,0.705377239764084,1,"Panx"
67.2085752212745,-0.0517154756322903,0.34129419770876,-0.151527555931148,0.879559575307617,1,"Paris"
613.790469015204,-0.0686870902471275,0.15651536542537,-0.43885205813789,0.660768736729071,1,"Parp1"
77.8651315794347,-0.0439711380653258,0.289696988027005,-0.151783207567305,0.87935792708869,1,"Pask"
2094.88294546728,0.0266356554226864,0.27391904174874,0.0972391523153715,0.922536476300294,1,"Pax"
21.9823818068227,0.272371495441779,0.531194397577699,0.512752951996145,0.608124144076496,1,"Pbp45"
37.46098171363,0.156744395352493,0.406325388642574,0.385760771376198,0.699673850634304,1,"Pbp95"
209.812669245576,-0.0797919618843414,0.22544971352873,-0.353923545235169,0.723396181104943,1,"Pc"
1283.46305435318,-0.122598828615622,0.246028416157915,-0.498311660621066,0.618264390317647,1,"Pcd"
159.433081732183,0.0315269639659652,0.196297066708133,0.160608431367145,0.872401813843438,1,"Pcf11"
208.771007607709,0.0844248915351032,0.188782832274124,0.447206403877411,0.654726038060578,1,"Pcif1"
35.9233878582476,-0.00781000302967974,0.332298329053187,-0.0235029861628636,0.98124905653051,1,"Pcl"
95.5328220446508,-0.00776568736034964,0.333000265688721,-0.023320363857033,0.981394728121342,1,"Pcp"
630.464217611459,0.14524922768779,0.316353080684443,0.459136441388644,0.646136189155436,1,"Pcyt2"
8.88516100701281,0.18277914211787,0.777564052798596,0.235066347859079,0.814157237441693,1,"Pde1c"
70.3950972039975,0.157291488440107,0.271230880321892,0.579917331881372,0.561970367196767,1,"Pde8"
934.815755807393,0.0623673043021548,0.223059301746158,0.279599657193983,0.779784670134688,1,"Pdk"
98.8215012587792,-0.114319724846503,0.374487273381251,-0.305269986385141,0.760160533000318,1,"Pdk1"
18.0724228579508,0.210936728240762,0.600215014608614,0.35143527420471,0.725261822942026,1,"Pdrg1"
20.8261761665695,0.225370229987397,0.522057624061203,0.431696080279782,0.66596231664759,1,"Pdss2"
13.3204303499249,0.27967894762908,0.681309725348989,0.410501915976349,0.681437798288883,1,"Pebp1"
13.2806319527708,0.224032569637146,0.566170739174861,0.395697894885299,0.692327908658821,1,"Pect"
4558.99045512979,-0.0664864162240221,0.224612050743055,-0.296005561607553,0.767225834081196,1,"Pen"
595.130136121842,0.0931268314142411,0.223977554026651,0.415786447079246,0.677566277037011,1,"Pex1"
7.74708208580965,-0.162493447493547,0.740439575994099,-0.219455378618014,0.826295335320629,1,"Pex11c"
7.73961586644115,0,1.96533549752405,0,1,1,"Pex19"
147.260090358882,0.0396844887284692,0.225876674112402,0.175690955626172,0.860536741145163,1,"Pex23"
17.6093345277836,0,1.92308462788403,0,1,1,"Pfdn5"
18.8689405162962,-0.0821979255358905,0.544995085528969,-0.150823241747418,0.88011515172622,1,"Pfdn6"
779.835377916566,-0.061362666389968,0.231731037714524,-0.264801241107643,0.791162580749592,1,"Pfk"
8.3967264846428,0.221356665301709,0.704523760645334,0.314193328410882,0.753374209471975,1,"Pfrx"
43.1366605352197,0,1.89689925980196,0,1,1,"Pgam5-2"
8.78410466995227,-0.0742201658568499,0.734864324844318,-0.10099846100513,0.919551681870404,1,"Pgant2"
11.490219935229,0.0407586492515565,0.597231170529226,0.0682460180627193,0.945589795219665,1,"Pgant5"
41.3777242128159,-0.169932172813993,0.373857754715009,-0.454536974747339,0.649442385573264,1,"Pgant9"
7.92569408964769,0,1.95765734752666,0,1,1,"Pgd"
858.352207891825,-0.0491704119875291,0.154806861850063,-0.317624240940641,0.750769984031775,1,"PheRS-m"
18.6695077418781,-0.0135375553980775,0.578392739006687,-0.0234054725882736,0.981326839708873,1,"Picot"
10.2196045683758,-0.155419580905773,0.793490730482431,-0.19586817455483,0.844713347770418,1,"Pis"
12.1663591332287,-0.229673235404623,0.585427840103365,-0.39231690000269,0.694824078118072,1,"Pisd"
19.4415763796195,0.188477461890938,0.626201091097781,0.300985521377042,0.763425535169792,1,"Pits"
432.646617204915,0.0113493827226743,0.185352489883054,0.061231347525113,0.951174964848217,1,"Pkc53E"
278.090773429827,0.0709146271307788,0.511072647706529,0.138756451649316,0.889642607549197,1,"Pkcdelta"
11.0735903263988,0.238013497316478,0.73572405126093,0.323509197379854,0.746309643209862,1,"Plc21C"
55.5989467287327,0.0186823362008724,0.319167167808124,0.0585346429244998,0.953322768726529,1,"Pldn"
78.9018723141068,-0.0956814030796629,0.320746785027201,-0.298308221769233,0.765467929741627,1,"PolA1"
115.133428815625,0.0462687287947079,0.218806888695774,0.211459196145508,0.832528969028235,1,"PolD1"
89.1893256604053,0.129555741831408,0.295761553263956,0.438041186900937,0.661356427068542,1,"PolE1"
35.6433828249719,0.0565099144495144,0.40420958868802,0.139803498063798,0.888815249386734,1,"PolE2"
94.2479633786552,0.0530316405706708,0.25535233181562,0.207680267470449,0.835478626028204,1,"PolG1"
164.657010396169,-0.0447359486022333,0.204877649716184,-0.218354460158079,0.827152944926719,1,"Polr1E"
423.926599780389,0.0247376235569524,0.157777869910232,0.156787663384142,0.875412195793371,1,"Polr2A"
110.771417372745,-0.145068242717991,0.250815475786344,-0.578386330680674,0.56300332057998,1,"Polr2G"
11.8571324510358,-0.269271798159341,0.622868418376459,-0.432309281085744,0.665516642560747,1,"Polr2I"
113.552148296718,0.0450032805600023,0.242276098416014,0.185752044276059,0.852639213046365,1,"Polr2J"
137.877275430531,0.0906519794814697,0.236585452252317,0.383168020765663,0.70159518763207,1,"Polr3A"
168.943358144932,-0.116987252717667,0.247466693819376,-0.472739385297058,0.636399123792474,1,"Polr3B"
70.1929290258831,-0.16765618762617,0.299315776128152,-0.560131476512578,0.575389761977786,1,"Polr3H"
11.8192394098699,-0.262320728065514,0.72054620837347,-0.364058161734923,0.715814578196144,1,"Pop2"
67.5069067878215,-0.0954834482960658,0.31942453639011,-0.298923336870568,0.76499854050734,1,"Poxm"
402.742206935247,0,1.87097907421823,0,1,1,"Pp1-13C"
3485.41050362461,-0.0277534233757018,0.103509342857079,-0.268124814723463,0.788603245538761,1,"Pp1-87B"
38.7225616903337,0,1.88506331769207,0,1,1,"Pp1-Y1"
82.8971243065899,0,1.87948525665281,0,1,1,"Pp1-Y2"
63.3435866973707,0.181277827262735,0.379235835437006,0.478008168858415,0.632644390892928,1,"Pp2B-14D"
189.350650860534,-1.0131158229695,1.88099800098875,-0.538605475623555,0.59015910853347,1,"PpD5"
111.245838903346,0,1.88229574400562,0,1,1,"PpD6"
41.8237037437927,-0.0859516765253194,0.367088237773486,-0.234144458146208,0.814872832442403,1,"Ppa"
58.2332745869392,0.0360363149960569,0.365309573416733,0.0986459639122237,0.921419374047377,1,"Ppat-Dpck"
64.1767427370817,-0.0992307259096788,0.29248386490717,-0.339269059991303,0.734407048436351,1,"Pph13"
52.5377659707812,0,1.89102780203599,0,1,1,"Ppr-Y"
272.053689369882,0.0531809498595317,0.234558039379371,0.226728318501664,0.820635005503659,1,"Ppt2"
485.75470531327,0.00434700112690478,0.347835696877739,0.0124972829583754,0.990028870428165,1,"Prestin"
35.9377735169112,0.212419125746903,0.422549669005909,0.502708063283165,0.615169539782752,1,"Prim2"
289.58077110625,0.00288415625389895,0.859679150971335,0.0033549217177597,0.997323164780218,1,"Prm"
2173.33245715197,0.0213670673602016,0.147450787147678,0.144909822277189,0.884782071240958,1,"Prosalpha2"
1567.73126418874,-0.073850758838397,0.171183700919659,-0.431412327468357,0.666168588012241,1,"Prosalpha3"
2047.34734847765,-0.0757610335109341,0.150801121701783,-0.502390384474432,0.615392941510375,1,"Prosbeta2"
32.5907901113082,0,1.89434931384096,0,1,1,"Prosbeta4R2"
17.998504088415,0,1.95601383543611,0,1,1,"Prosbeta7"
132.931575749411,0.111251197159702,0.234562157778313,0.474293032658944,0.635290959259695,1,"Prp16"
224.068636895787,0.0670664858448901,0.193656941672846,0.346315940268171,0.729105290364207,1,"Prp19"
361.117228613199,-0.012709828891824,0.187308044981668,-0.0678552215579846,0.945900884570878,1,"Prp31"
143.386243812491,-0.0098218372605835,0.272627940513556,-0.0360265248018302,0.971261208945398,1,"Prp38"
47.9207654441822,0.0188206319487979,0.464278022915626,0.0405374172798573,0.967664676870177,1,"Prp39"
233.24627204645,0.107466699265304,0.191928286418774,0.559931531044983,0.57552614069089,1,"Prp40"
618.334676187851,0.0776387862251695,0.167914370027293,0.462371303972079,0.643815074123836,1,"Prp8"
27.3006050582513,-0.154224957860481,0.518396622523635,-0.297503786019457,0.766081917953404,1,"Prx2"
125.563505185525,0.00742742679713472,0.231177810045236,0.0321286320502879,0.974369470117996,1,"Prx6a"
13.6340693376988,0.167237440728082,0.595256259990641,0.280950326722666,0.778748499372691,1,"Psf1"
11.8684475373141,0.105919526265818,0.712124227175387,0.14873742842024,0.881760826109952,1,"Psf2"
164.812182230652,-0.00172430348621254,0.210389667147871,-0.00819576127282251,0.993460801823342,1,"Psi"
10.0801959244455,0.00643145628571026,0.586356023536321,0.0109685174664397,0.991248564737476,1,"Pss"
12.7016007454865,0.150799846395037,0.697437378185158,0.216219908929232,0.828816335500359,1,"Ptp36E"
131.288525489206,-0.0993051414535795,0.404639703894143,-0.245416207302185,0.806134181052684,1,"Ptp52F"
8.8630498742024,0.191920026869485,0.769553025087147,0.24939155667376,0.80305791566366,1,"Ptpmeg2"
7.54386125051672,0.272534795183654,1.1185322070518,0.243653954231677,0.807498837850542,1,"Ptth"
32.0957657534943,0.0192968945320869,0.433406948587906,0.044523731322164,0.964486935871494,1,"Ptx1"
31.5293303876024,0.030243891756689,0.407760632444745,0.0741707005292798,0.940874559207565,1,"Pura"
64.6441491882717,0.160135119111349,0.32301777444991,0.49574708198041,0.62007286457042,1,"Pus10"
84.0081931868546,0.0210028070605673,0.259247118384009,0.0810146210746188,0.935430324790682,1,"Pus7"
8.8730614310147,0.0220961082357555,0.889059201367099,0.0248533598232587,0.980171929199126,1,"Pvf3"
1003.97009964423,0.13390322803841,0.300240321205886,0.445986826488198,0.655606761803704,1,"PyK"
95.250848990401,-0.138491803534511,0.24724137993107,-0.560148157938294,0.575378384608776,1,"Pym"
9.23951126659293,0.169017002322884,0.788386862969187,0.214383331663265,0.83024813891276,1,"Qtzl"
436.44888819834,-0.0355112202935061,0.167996566233585,-0.211380631697738,0.832590268960366,1,"RASSF8"
34.3863362989677,0.0851351457980707,0.393710833355846,0.21623775264808,0.828802427242494,1,"RIC-3"
85.504631996909,-0.169022515665798,0.340141778074623,-0.496917834153016,0.619246994589,1,"RIOK2"
154.663909343017,-0.0853332278494506,0.211830301103311,-0.402837683773263,0.687067636921319,1,"RN-tre"
12.7379766957471,-0.269233437342971,0.625016671683721,-0.430762009303989,0.666641425752793,1,"RNASEK"
49.3061723364626,0.156276308473121,0.337655011535862,0.462828339974225,0.643487415754078,1,"RNF220"
21.546741589852,-0.0278618917103654,0.531641463787359,-0.0524072962855082,0.958204160513139,1,"RNaseMRP:RNA"
793.553579427445,-0.0264484061531567,0.16546326132584,-0.159844583874562,0.8730035027282,1,"RNaseX25"
206.361495189336,0.0472956931853132,0.313339818870676,0.150940577408176,0.880022591021713,1,"RSG7"
579.509693203663,-0.0669546400309014,0.147758149479162,-0.45313669849624,0.65045031099921,1,"Rab18"
218.434624021068,0.0848421815689167,0.322347032365329,0.263201373210601,0.792395372439948,1,"Rab23"
54.3152996172693,-0.169133492323489,0.405843668162718,-0.416745425865994,0.67686462408937,1,"Rab26"
267.897832439245,-0.0607880706647461,0.181665482092919,-0.334615414906691,0.737915215206892,1,"Rab3GAP1"
28.1787628858034,-0.13920166766918,0.403047927363485,-0.345372493489197,0.729814353419893,1,"Rab5"
207.372553307788,0.0563908693005707,0.218681897167948,0.257867112142632,0.79650946736702,1,"Rab7"
26.0092941712383,-0.205913076037111,0.476184471920429,-0.432422912084204,0.665434068568343,1,"Rab8"
35.8949679966494,0,1.89199543314492,0,1,1,"Rab9Fb"
262.757912562128,-0.0768805429911871,0.204148432781046,-0.376591394525391,0.70647728391363,1,"RabGGTb"
33.1145999707817,0,1.89609276888399,0,1,1,"RabX2"
674.931673063162,0.0563756879586534,0.17056846424932,0.330516477396719,0.741009744371077,1,"Rac2"
44.4833994391454,-0.0825304648738207,0.297271417840707,-0.277626639901333,0.781298980068746,1,"Rack1"
98.163126377289,0.051000095663561,0.238342866652422,0.213977856270123,0.830564325392839,1,"Rad17"
462.600375653364,-0.0566691095100901,0.172189868966091,-0.32910826781133,0.742073855226661,1,"RagA-B"
11.4754390880351,0.304079297260269,0.763915295783904,0.398053683357961,0.690590614649051,1,"Rala"
916.763635617528,0.429430049675687,1.86164696975856,0.230672118103778,0.817569535929617,1,"Ran-like"
166.924158413205,-0.0328588008663046,0.242150534864506,-0.135695760014284,0.892061799735823,1,"RapGAP1"
223.872827252732,0.0246782811316858,0.195127573423168,0.126472546646018,0.899357879129378,1,"Rbbp5"
823.836014290688,-0.066637998077721,0.211157817115087,-0.315583855659018,0.752318393234595,1,"Rbcn-3A"
317.94290674072,0.0395832531045672,0.185536128817659,0.213345257103369,0.831057675952017,1,"Rbf"
499.757021525294,-0.0066266713437114,0.178764287473261,-0.0370693242894088,0.97042973088112,1,"Rbp1-like"
238.483268719494,0.0065742157912379,0.226132278609296,0.0290724342038609,0.976806820820494,1,"Rbpn-5"
289.506798327481,-0.0964217150816063,0.168088917992992,-0.573635170199777,0.566214706923178,1,"Rbsn-5"
128.77845287702,-0.0484865695252247,0.238731524399504,-0.203100824858325,0.839056227022627,1,"Rca1"
7.17963296852479,0.444929085508859,0.773091655073005,0.575519193085641,0.564940213986202,1,"Rcd6"
55.9370745899457,-0.102408144256148,0.284103809270901,-0.36046029977197,0.718502940161965,1,"Rchy1"
13.5626616916162,0.1676961264256,0.628884204996506,0.266656604019068,0.78973356931545,1,"Rdh"
32.337652548837,0.217345227480022,0.484926481811974,0.448202429918637,0.654007109211325,1,"RecQ4"
6.04879538207865,0,2.0019060178344,0,1,1,"Ref2"
235.890355871561,-0.0127104554481855,0.192845066524978,-0.0659101924525469,0.947449325826461,1,"Rep"
366.102632647115,-0.10190799892544,0.220050674784991,-0.463111503861615,0.643284444592483,1,"Reph"
47.3859439501964,-0.103697825019136,0.349046325624343,-0.297089003397044,0.766398559589612,1,"RfC3"
124.375955281501,-0.0180915395376698,0.198694810823606,-0.091051897443516,0.927451354082078,1,"RfC4"
312.478987844145,0.0742643740288609,0.248057433864181,0.299383787343067,0.764647231039145,1,"Rh2"
20.9011698531764,-0.130999968736545,0.500386071747685,-0.261797792010886,0.793477341436084,1,"Rheb"
10.3466180776511,0.0352524568806835,0.675008477018178,0.0522252061728317,0.958349248714109,1,"Rho1"
131.006516375856,0.108851224216939,0.269967529113551,0.40320117228304,0.686800237366566,1,"RhoGAP102A"
8.3270752315963,-0.359121334749513,0.762120346044744,-0.471213420050104,0.637488336194656,1,"RhoGAP15B"
32.4750737144492,-0.259358919744642,0.460333708889982,-0.563415006843716,0.573152320722032,1,"RhoGAP92B"
94.7200536390416,0.0917393862986829,0.248541289658714,0.369111250789175,0.712044803251938,1,"Ric"
303.734959339538,0.0656229753716641,0.203407239244099,0.322618681692608,0.746984043732763,1,"Rint1"
176.179025105297,-0.0903485111038832,0.198347974641665,-0.455505085278065,0.648745909936627,1,"Ripalpha"
94.3455735556469,-0.0317872162092123,0.294460481853735,-0.10795070363636,0.914034796400765,1,"Rlb1"
81.7734955193651,0.0951149610792222,0.274469795858452,0.346540721472589,0.728936386474099,1,"Rnf11"
175.728730262194,-0.0866383555705229,0.19912804519573,-0.435088666116132,0.663498069861136,1,"Rnmt"
305.021236243061,0.0867318113416902,0.192847921512925,0.449742007387294,0.652896477958721,1,"RnpS1"
185.18308666566,-0.0977328503560377,0.226548898277291,-0.431398479971484,0.666178654962646,1,"RnrL"
267.803279188064,-0.111440114851586,0.213486915427801,-0.521999742364886,0.601670509965507,1,"RnrS"
10.9549017802104,-0.493639436567799,1.12111813071235,-0.440309921893906,0.659712655571667,1,"Root"
586.189692942374,0,1.87302741892582,0,1,1,"RpL10Aa"
10951.9366860661,-0.032990514852545,0.157377919051461,-0.209626071124738,0.833959529899923,1,"RpL14"
12.1704232936258,0.18200483362408,0.679304397216052,0.267928243023272,0.788754553431713,1,"RpL19"
180.690313186326,-0.148599115302368,0.854299166669561,-0.17394271363002,0.861910483649612,1,"RpL22-like"
13488.9811338971,0.00654209059582291,0.175635047116334,0.0372482070249321,0.970287101611824,1,"RpL23"
1135.7518571099,0.0367760306291777,0.178953205087184,0.205506409406084,0.837176490984861,1,"RpL24-like"
133.524383857815,-0.00769767529932243,0.237856425326961,-0.0323626964827252,0.974182810789363,1,"RpL3"
14.4585776729931,0.089427459412256,0.643308634065057,0.139011750622971,0.889440863552208,1,"RpL35"
151.316362861636,0.0890118377796696,0.272071561105149,0.327163329449448,0.743544354877485,1,"RpL38"
2718.80969905288,0.0215465464858108,0.213618016974255,0.100864837109726,0.91965775663275,1,"RpL39"
12.8374293206446,-0.0862645129900551,0.627273552988581,-0.137522955621286,0.890617449164727,1,"RpS10b"
547.252445046019,-0.0641775667340157,0.181610155823257,-0.353380935350738,0.723802876422644,1,"RpS15Ab"
9.17075542871346,-0.28218587445042,0.67323030851371,-0.419152065618379,0.675105001493128,1,"RpS2"
11622.6210133756,-0.00388329968540113,0.153719458945317,-0.0252622518453083,0.979845782978611,1,"RpS24"
16.707226553581,0.430208301250089,1.89605526404115,0.22689649896236,0.820504224488354,1,"RpS28a"
95.3925408022554,-0.00567474769005351,0.282390362921357,-0.0200954013846212,0.983967268569383,1,"RpS28b"
255.722177467265,0.0259182540150737,0.211050492204297,0.122805939679993,0.902260770682246,1,"RpS29"
38.5297191278821,0.151607957672699,0.495628122411606,0.305890547402781,0.759687983303853,1,"RpS3A"
8.99621969941835,-0.0154887139308808,0.726624543061179,-0.0213159795919207,0.982993596864329,1,"RpS8"
2282.98057528842,-0.0296594562980782,0.180504557025564,-0.164314169053791,0.869483828002201,1,"Rpn1"
424.180082091069,-1.01311147970153,1.87143880673805,-0.541354318428075,0.588263387413327,1,"Rpn12R"
2939.83057919755,0.079573413517647,0.174823804079064,0.455163494106672,0.648991621564164,1,"Rpn5"
28.4568294962692,-0.237830090473243,0.414630519345381,-0.573595235702208,0.566241736507935,1,"Rpn6"
1523.34481326801,0.0897173100866979,0.215540902024583,0.416242621442056,0.677232474468874,1,"Rpn7"
2203.27481984101,-0.0157986730402809,0.16436021092256,-0.096122248515029,0.923423481362204,1,"Rpt1"
1788.67816948979,0.0976648466545275,0.183795234226096,0.53137855867571,0.595156476589933,1,"Rpt4"
1626.8366503554,0.0444027432551326,0.186971499704343,0.237484019357745,0.812281315346683,1,"Rpt6"
254.447555134444,0.0874400628397063,0.191973746614732,0.455479274544702,0.648764474647461,1,"Rrp5"
22.2726181389877,-1.01312682026551,1.94172011872807,-0.521767689634469,0.601832088607477,1,"Rrp6"
536.669275670746,0.42953398553839,1.86619594942914,0.230165533083373,0.817963143495747,1,"Rsbp15"
192.96588917813,-0.0679682498233316,0.212852657024995,-0.319320654829083,0.749483371609367,1,"Rsf1"
384.444196192204,-0.0857092157356265,0.506172297480342,-0.169328144116688,0.865538539802332,1,"Rsph9"
54.5135625002029,0.017167155254851,0.335211191535953,0.0512129537686087,0.959155829775974,1,"Rtnl1"
250.167834939416,0.118000880556116,0.20444047585396,0.577189424272369,0.563811500499061,1,"S"
505.944297106538,0.0892617476975695,0.155181098425509,0.575210180899818,0.565149158157983,1,"S2P"
18.7290532139061,0.101529109018421,0.54654192025147,0.185766370805933,0.852627977658139,1,"S6kII"
240.338355919168,0.00953667886719893,0.216545116641833,0.0440401474533026,0.964872401857002,1,"SA1"
367.193762011011,0.0267395713560047,0.283865050925347,0.0941981806807097,0.924951729956058,1,"SAK"
8.08132859665738,0.184871920118815,0.943812331197341,0.195877839277945,0.844705782954648,1,"SCCRO4"
1780.78467688588,-0.0846595920251637,0.191372862880002,-0.442380339360071,0.658214003623531,1,"SERCA"
25.5202379053904,0.130756139374079,0.508004227268516,0.257391833286783,0.796876306661585,1,"SF1"
497.292329266511,-0.063255120296553,0.166931019091854,-0.378929695874838,0.704740071644896,1,"SH3PX1"
10.5162187682472,-0.0637842035662813,0.702422069240661,-0.0908060927459667,0.927646668744604,1,"SK"
158.096122608097,0.0177544934277742,0.291198413954646,0.060970433137522,0.951382756171311,1,"SLC22A"
242.484234115345,0.0610225692604176,0.273531304478446,0.223091720257657,0.823464122258338,1,"SLC5A11"
276.059689257132,0.126056661122955,0.220076055809209,0.572786806176851,0.56678905351048,1,"SMC3"
13.6735584039651,0.102557990086409,0.653368275396336,0.156968120351723,0.87526997287816,1,"SPARC"
3936.89999410329,-0.0637079332717825,0.136190115766561,-0.467786762006885,0.639937088307248,1,"SPH93"
587.798366928328,-0.0331057494343244,0.167034140389185,-0.198197502362025,0.84289054155261,1,"STUB1"
37.6560366152275,-0.171642500849914,0.337208725656152,-0.50900966609309,0.61074544877233,1,"Saf-B"
403.157051710906,-0.0335592082619437,0.192041917612757,-0.17474939158655,0.861276555972408,1,"SamDC"
12.453670453536,-0.0430424511159187,0.696264379671687,-0.0618191198237295,0.950706877190368,1,"Sar1"
801.570152062315,0.0279233373502139,0.127423846844308,0.219137453794907,0.826542975829561,1,"Sara"
311.502306800501,0.142072147489451,0.382608677026975,0.371324949014251,0.710395517572921,1,"Sarm"
43.9196023435382,0.133268993107138,0.362842890713134,0.367291178959605,0.713401833170016,1,"Sas-4"
8.22545982565927,0,1.95156637466935,0,1,1,"Sbat"
860.477041266008,-0.0389847563108958,0.134032120883899,-0.290861295440256,0.771157403856369,1,"Scox"
1880.35716720414,-0.0301427821434562,0.149925142611862,-0.201052215914793,0.840657745164854,1,"Scp2"
1488.30145701537,0.0351980595477058,0.177770196120988,0.197997528920711,0.843046997095277,1,"ScpX"
388.74377605467,0,1.87272875244828,0,1,1,"SdhAL"
5373.34251486434,-0.0115009385864871,0.138712379198194,-0.0829121283404306,0.933921410226955,1,"SdhB"
13.601650055194,-0.326039387441723,0.66232405157903,-0.492265661596345,0.622531551612563,1,"SdhC"
389.369063631669,0,1.87466255944261,0,1,1,"SdhCL"
3978.83819306296,0.0204802425517971,0.153965698973538,0.133018215669692,0.89417897449488,1,"SdhD"
14.8128364672236,0,1.93904797299401,0,1,1,"Sdic1"
21.5706512516552,0,1.9048980346218,0,1,1,"SdicC"
205.054191176773,-0.0103515902955669,0.175081873988459,-0.0591242831696515,0.952853117298527,1,"Sec15"
289.541515801103,0.0247567425124172,0.175194275613965,0.141310225038219,0.887624872259437,1,"Sec5"
237.874729298192,0.0449442179871484,0.196422724864526,0.228813738421289,0.819013688328255,1,"Sec6"
374.013357932821,0.0528717520871762,0.165433601674114,0.319595000967988,0.749275364432674,1,"Sec63"
821.959827340108,-0.0344286958868607,0.15277745279996,-0.225351943339048,0.821705493752431,1,"Sec8"
17.1511421132597,-0.100326040699012,0.731081382820473,-0.137229647829302,0.890849277012771,1,"SecCl"
209.197063008694,0.0651303923549217,0.203611514078016,0.319875782319295,0.749062497010398,1,"Secp43"
84.9537092766107,0.062712928764951,0.372162570380051,0.168509500299583,0.866182470382476,1,"Sema2b"
11.0022298653994,0.218852619179859,0.673609886882811,0.324895200384631,0.745260389549727,1,"Sema5c"
16.9651479721672,-1.01313200821123,2.01680502764616,-0.502345042938371,0.615424830012524,1,"Sems"
11.7169846125363,0.427426239578014,1.94608791583855,0.219633571587048,0.826156543402922,1,"Ser8"
27.0546932214,0.214656329891004,0.37665824734563,0.569896800093242,0.568747695346265,1,"SerRS-m"
19.9228413517075,0.200589659639491,0.482647869532127,0.415602496772524,0.677700899373171,1,"Sesn"
53.9005657241539,-0.0902177286070831,0.401293036941293,-0.224817577934405,0.822121190883435,1,"Set8"
188.808104640132,-0.0232089105975653,0.202882345736439,-0.114395910168131,0.908923955927071,1,"Setd3"
253.664856298879,0.0380950985798566,0.186170348635307,0.204624951605381,0.837865159316186,1,"Sf3a1"
17.1666082641717,0.125059482873447,1.36969976374078,0.0913043034569108,0.927250798610047,1,"Sfp24C1"
10.4614355370302,0.283568133085354,0.865241004476082,0.327733119001981,0.743113459829595,1,"Sfp84E"
47.7586469819881,0.0732882618952743,0.657905570762741,0.111396323655244,0.911302075216471,1,"Sfxn1-3"
174.266529276094,0.107003458914632,0.203449700380256,0.525945522232955,0.598926058740368,1,"Sgf11"
7.88254051638179,0,1.95801680813487,0,1,1,"Sgt"
1215.84095165335,0.0765132341154828,0.259288833805439,0.295088812705663,0.767926035583882,1,"Sh"
501.259661619459,-0.076301629151577,0.171744629392117,-0.444273741901819,0.656844683177479,1,"Sh3beta"
124.010421902768,0.134504347135208,0.265986517956651,0.50568107048617,0.613080559050967,1,"Shab"
438.73335305713,0.0106037107513858,0.229471285414832,0.0462093143036034,0.963143418665901,1,"Shal"
256.006410545593,0.032799554017522,0.173682305098568,0.188847988854753,0.850211958824758,1,"Shark"
18.1004224971513,-0.0129377679827157,0.515919749730518,-0.0250770938493313,0.979993470896224,1,"Shaw"
77.2962886964815,0.0643183315127723,0.366600187971318,0.175445440627555,0.860729637801935,1,"Shawl"
137.600535561969,0.151878099159684,0.262457141514112,0.578677715849149,0.562806654947623,1,"Sidpn"
116.355806331727,0.0714550154405016,0.278761873801247,0.25632994378366,0.797696077631126,1,"Sik2"
575.781583846298,-0.0557882187025836,0.137143130494596,-0.406788283900095,0.684163492504906,1,"Sirt1"
28.824572979131,0.140776877295426,0.439413080220667,0.320374799095034,0.748684227001049,1,"Sirt2"
78.3803659721749,-0.16301943352311,0.292157992501012,-0.557983822819926,0.576855430881605,1,"Sirt7"
285.102547294452,-0.0730235046339666,0.19314920991775,-0.378067840220846,0.705380198113489,1,"Sk2"
235.086309010911,0,1.87665632325506,0,1,1,"Skadu"
69.4183275290342,0,1.87624566703894,0,1,1,"SkpD"
197.604884095495,0,1.8703257844531,0,1,1,"SkpF"
514.108847434792,-0.0712966747237869,0.171158574116118,-0.416553334192989,0.67700514875294,1,"Slc25A46a"
104.594748854895,-0.0487998618717188,0.281346144300848,-0.173451326276348,0.862296683906314,1,"Slimp"
114.874225276645,0.121974202567709,0.293462055703733,0.415638751917041,0.677674365565407,1,"Sln"
272.021149002786,-0.041161985486792,0.172185005645279,-0.2390567362851,0.811061588650198,1,"SmD3"
250.927666504817,0.104424340795189,0.191452138898461,0.545433137472399,0.585455654729257,1,"Smg5"
1263.30924849587,-0.00978086928717651,0.152494047817346,-0.0641393511889187,0.948859268618616,1,"Smg6"
726.429244760549,-0.0834387342230897,0.157044811001782,-0.531305260523018,0.595207260620249,1,"Smox"
31.6754050448509,-0.129271644748766,0.369032948886203,-0.350298381591474,0.726114779720765,1,"Smurf"
411.955983979492,0.142153585869798,0.805134838226898,0.176558731681335,0.859855012077731,1,"Smvt"
654.418128913356,0.0707839789319713,0.227332959708199,0.311366987975824,0.755521647197245,1,"Smyd4-3"
896.933132631759,-0.0264453346244427,0.1729502884971,-0.15290714374776,0.878471502265984,1,"SmydA-2"
7.3994013003178,0.359358561161062,0.764786353488757,0.469880979860272,0.63844005395958,1,"SmydA-4"
137.995809858081,0.0686393543882962,0.278100506951691,0.246814920046944,0.805051463123324,1,"SmydA-5"
33.1020082922838,-0.148935997780204,0.460145883057581,-0.323671260058989,0.746186931657697,1,"SmydA-8"
701.646553961716,-0.0708587884031164,0.146412234307677,-0.483967673454191,0.628408811303067,1,"Snap24"
395.987575074207,-0.0610202300636865,0.179532857618184,-0.339883355466104,0.73394437167311,1,"Snap29"
56.0558504896443,0.0593606763729933,0.370686708057879,0.160137051268978,0.872773115083625,1,"Snm1"
76.8684065236364,0.15027023193271,0.333809447396074,0.450167702277192,0.65258952275387,1,"Snoo"
70.5964842297573,0.0299055862844676,0.257126069709854,0.116307095263478,0.907409162571018,1,"Snp"
417.529221572431,-0.03259796272534,0.181173791595919,-0.179926480746425,0.857210285823335,1,"Snx17"
43.1609545969786,-0.00959480755607552,0.352272500320498,-0.0272368906098153,0.978270792160354,1,"Snx21"
63.9476895205542,-0.176904579592974,0.313672624620106,-0.563978382899131,0.572768843965259,1,"Snx27"
407.254858837047,0.0865618513498971,0.149638093822393,0.578474699448113,0.562943674029684,1,"Socs44A"
304.165189254818,-0.024209701357606,0.353992059724698,-0.0683905208959602,0.945474767393232,1,"Sod3"
55.6678075466477,0.0684787914903807,0.417986845638106,0.163830015716977,0.869864961796737,1,"Sodh2"
522.775283744001,0.039001404379969,0.15798933972353,0.246860987255335,0.80501580968668,1,"Sou"
11.6846018310796,-0.0308702809705339,0.882810238393023,-0.0349681954603596,0.972105101701481,1,"Sox100B"
15.8103117199228,0.134712905681836,0.546924126185477,0.246310044176312,0.805442235294177,1,"Sox14"
38.2942271928213,-0.151189186145021,0.523796533438736,-0.288641059062496,0.772856071582883,1,"Sp212"
9.54210833543223,0.0282328888735032,0.563984742584375,0.0500596678274136,0.960074839828811,1,"Sp7"
17.4710124865125,-0.128799655562192,0.59053438930921,-0.218106951760858,0.82734578107082,1,"Spase22-23"
47.602319893014,0.0682653564590491,0.434530674918275,0.157101351870931,0.87516497217433,1,"Spindly"
530.809008969989,0.204390725154185,0.798030847802211,0.256118827633143,0.79785908438522,1,"Spn100A"
15.3928550893308,-0.213920043079053,0.519494542020676,-0.411784967455036,0.68049704059018,1,"Spn27A"
10.5976054233861,-1.01313268765859,1.96831247268857,-0.514721469134787,0.606747668770741,1,"Spn28Da"
7.48613870571603,0,1.96698268926796,0,1,1,"Spn28Db"
13.2546764157393,0.251245236867528,0.635808277121814,0.395158801651449,0.692725695139009,1,"Spn85F"
647.837956408709,-0.0878663451447109,0.170241148018933,-0.516128716043073,0.60576451297164,1,"Sptz"
135.625103387486,0.057692172166826,0.258686985098918,0.223019229764363,0.823520540198786,1,"Spx"
142.299737069843,0.0921548399796186,0.238360564205514,0.386619490882572,0.699037926324758,1,"Sras"
540.374930708858,0.0856129724756383,0.175869704674435,0.486797726954297,0.626401681334118,1,"Srp54"
1293.34207061713,-0.0162804617475919,0.124590539935047,-0.130671732830434,0.896034994506076,1,"Srp54k"
758.132676769573,0.0100938782218027,0.144308574247208,0.0699464898358106,0.944236250178002,1,"Srp68"
493.550537516973,0.038965084827004,0.165066817005865,0.236056437834017,0.813388876309643,1,"Srp72"
25.5574867693134,0,1.90319214887587,0,1,1,"Srpk79D"
157.967016923739,-1.01311746773673,1.87203732490985,-0.54118443807498,0.588380462648116,1,"Ssl"
282.284245954082,0.0350789244907339,0.177033485242798,0.198148527904897,0.84292885769403,1,"Ssrp"
279.820164964794,0.127348629170482,0.339410382874266,0.375205460988087,0.707507669112042,1,"St1"
112.178255780763,-0.0246786712433391,0.281225546827953,-0.0877540163818649,0.930072186314152,1,"St3"
328.328967081347,-0.0711820847973217,0.166333571967661,-0.427947791628987,0.668689131201416,1,"Stat92E"
41.1976581012498,-0.0048733628823422,0.404207606508929,-0.012056583804626,0.990380470977895,1,"Stim"
38.2996818083798,0.207357736083497,0.402988615874071,0.514549860505969,0.60686760979806,1,"Stlk"
1479.28723471399,0.0558861519666324,0.142346732025468,0.392605795520711,0.694610658389566,1,"Stt3B"
17.6547078910712,-0.139584195759948,0.528159508789649,-0.26428416687948,0.791560959686403,1,"Su(H)"
950.045201736179,-0.0302941271116815,0.153040273120256,-0.197948726136139,0.843085180436993,1,"Su(P)"
30.2648349160118,0.138066266120307,0.37376496829994,0.369393276069446,0.711834609078119,1,"Su(var)2-10"
88.7143197294056,-0.0512575688280113,0.364656727072977,-0.140563892073088,0.888214474907382,1,"Su(var)2-HP2"
13.1666884750281,-0.0266674305213958,0.584186174221544,-0.0456488559609125,0.963590128307383,1,"Su(z)12"
472.723331601093,0.00472183286765384,0.177132074805568,0.0266571306909652,0.978733205722809,1,"Surf1"
8.32016392751379,-0.122664325000082,0.948770430408264,-0.129287677048807,0.897130021886671,1,"Swim"
260.8690872999,0.0534097599806305,0.184180613527217,0.289985786005312,0.771827111744808,1,"Sym"
1586.25638369793,-4.08432604266164e-05,0.20457090713489,-0.000199653318248646,0.999840699700915,1,"Syngr"
64.2614168288828,0.235019751191495,0.403789155974681,0.582035816747469,0.560542555798868,1,"Syt1"
1046.53395899126,0.0173581716877537,0.165630178634268,0.104800778643623,0.916533892185111,1,"Syt4"
12.173635294446,-0.027222433170916,0.594625799776055,-0.0457807804188253,0.963484977750885,1,"Syt7"
83.5453588171048,0.0722760682727757,0.329805327620143,0.219147667487108,0.826535019831564,1,"Sytalpha"
234.163746283802,-0.00752096044685901,0.17108920197598,-0.0439592935147066,0.964936851549556,1,"T3dh"
160.3370632522,0.0264494429099694,0.204071272501911,0.129608849818495,0.896875901169557,1,"TAF1C-like"
327.872664499584,0.0193314233858772,0.210790644141599,0.0917091148167433,0.926929155337536,1,"TBC1D16"
529.220937406502,-0.055002589493015,0.15964596095681,-0.344528537793044,0.730448838132081,1,"TBC1D23"
247.372905519987,0.0547828126968111,0.161610290603456,0.338980967686223,0.734624067823082,1,"TBC1D5"
113.654782068691,0.0938652984932049,0.282403326667127,0.332380286029156,0.739602122661254,1,"TBC1d7"
47.435106940036,0.0844883278544821,0.33929631583023,0.249010448721632,0.803352699033107,1,"TBPH"
555.050631863266,0.0658823233281822,0.161233323495211,0.408614806790479,0.682822362754645,1,"TM9SF3"
89.5590995918027,0.223084800357619,0.55287843948001,0.40349701566846,0.686582629729868,1,"TP53INP"
13.611124480993,-0.1705625863958,0.608761867979216,-0.2801794845692,0.779339805529082,1,"TRAM"
78.0388421299543,0,1.88414280352216,0,1,1,"TTLL1A"
26.9212340450022,-0.228711469850957,0.412742012371486,-0.554126943697477,0.579491971704229,1,"TTLL3A"
26.5984212550355,-0.156040954410117,0.416412074667374,-0.374727256731836,0.70786331897277,1,"TTLL4B"
855.853225137818,-0.217695466377506,0.392317520164158,-0.554896111411021,0.57896572182687,1,"TTLL6B"
260.419715718427,-0.0823142773760233,0.17381122038131,-0.473584370418899,0.635796323131746,1,"Taf10"
253.165325924443,0.0899079565454137,0.211676797086944,0.424741671183191,0.671025002583147,1,"Taf10b"
78.4723391524526,0.0743079182658305,0.276796263309481,0.268457086007509,0.788347503217001,1,"Taf11"
140.125779218625,-0.122835507622517,0.218086579387933,-0.563241937982882,0.573270149049997,1,"Taf13"
1055.37785548926,-0.03492282095366,0.14310977774028,-0.244028196431406,0.807208982331818,1,"Taf3"
9.10596334727932,-0.193201033666264,0.744753362341396,-0.259416128124442,0.795314187102198,1,"Taf4"
118.241783137533,0.132329268506404,0.23735170754021,0.557523979405062,0.577169480176358,1,"Taf9"
23.3617135290863,-0.455797905127892,1.10509585703851,-0.412451012484437,0.680008879578623,1,"Tango11"
315.752001812512,-0.106973392020535,0.198179097992041,-0.539781405326768,0.589347792084638,1,"Tap42"
6.15688188262935,0,2.11124972115803,0,1,1,"Tapdelta"
203.071595758257,0.0381257863319656,0.261581081422226,0.145751313989048,0.884117711158203,1,"Task7"
93.9314159813789,-0.0970806167667793,0.256685830137854,-0.378207931129824,0.705276134115196,1,"Taz"
42.5964872648508,-0.0478232335534373,0.638039456188481,-0.0749534109365644,0.940251780252056,1,"TbCMF46"
95.3441659316626,-0.0244463263260822,0.267083846329191,-0.0915305311873907,0.927071047670768,1,"Tbp"
136.545116943558,0.0122943033146533,0.212361975986928,0.0578931480436501,0.953833741038899,1,"Tcs5"
14.6162841007201,-0.213715598018885,0.551728260252199,-0.387356627193963,0.698492208750491,1,"Tctp"
54.6784689346289,0.218041839867478,0.393043521873487,0.554752407133328,0.579064024500777,1,"Tdc2"
54.4993067056838,0.0269509285902529,0.358246154396814,0.0752301964989148,0.940031559091219,1,"Tdh"
109.436627707157,-0.0754528095504518,0.270069864352385,-0.279382558033212,0.779951255055977,1,"Teh3"
30.6237645632555,0,1.89464689424498,0,1,1,"Tengl2"
13.631467699313,0.321600455071262,0.758104510010903,0.42421651741214,0.671407915849195,1,"TfIIA-S-2"
305.180591993964,0.039400159211318,0.17044665024436,0.231158307627824,0.817191818552901,1,"TfIIEalpha"
89.6005796632549,0.0052630455196777,0.382574885451337,0.0137569028177809,0.989023925846336,1,"Tg"
47.0437183782485,0.18530718982727,0.368872025802509,0.50236173215933,0.615413092472625,1,"Tgt"
195.597681248178,-1.01311621278438,1.87337155862316,-0.540798331287241,0.588646593147374,1,"Tim13"
230.27064065189,0.203677063397401,0.411320068480053,0.495179007798105,0.620473767302955,1,"Tim17a2"
904.288290876144,0.0876434851160195,0.160383407499387,0.546462296084803,0.584748198311072,1,"Timp"
5917.34381843852,-0.0722550638341726,0.206139622547142,-0.350515165116539,0.725952111045098,1,"Tm2"
11.269607156478,0.291057263586169,0.584288585139717,0.498139568337743,0.618385673132219,1,"Tmem214"
308.351326768144,-0.00163000605325342,0.19625514906876,-0.00830554541365097,0.99337320973379,1,"Tmem43"
134.168623500894,0.154680138702683,0.26653145651094,0.580344777038858,0.56168213724197,1,"Tmep"
10.8127221191971,-0.0911755003115902,0.761746269941268,-0.119692742727339,0.90472654949345,1,"Tmhs"
16.0850018647394,0.155411321636386,0.560685123632713,0.277181104127512,0.781641048130995,1,"Tmtc2"
6.52941847970527,-0.295602071501327,1.02523394827248,-0.288326456609652,0.773096857202296,1,"Toll-4"
245.525467855297,0.0278858497141878,0.246034999637098,0.113340987076308,0.909760223591246,1,"Toll-7"
19.7777508431388,0.0536005350949652,0.763965445776624,0.0701609416908595,0.944065561697253,1,"Tom20"
129.332133973845,-0.0147830923441286,0.25988863174654,-0.0568824124579102,0.954638864451891,1,"Top3alpha"
7.16069470707997,0.290990339737756,0.847159099127456,0.343489599577536,0.731230163769313,1,"Top3beta"
339.592174897596,-0.244754969560005,0.458444129631345,-0.533881783494148,0.593423326110415,1,"TotB"
5.96655263897633,-0.548058510229445,0.958042999719189,-0.572060450720986,0.56728102153866,1,"TpnC73F"
51.5529348278609,0.180539876318703,0.351143675205272,0.514148165172455,0.607148404867595,1,"Treh"
89.9071001725976,-0.0323170267791423,0.291220400317052,-0.110971026562558,0.911639322250822,1,"Trhn"
27.0554641029552,0.177202570540398,0.528199271696679,0.335484314416393,0.73725977512348,1,"Trim9"
211.950066525049,0.0996747383986484,0.174497801738475,0.571209135047065,0.567857886649965,1,"Trm7-32"
63.9937563273551,-0.192980895556568,0.341386345870088,-0.56528592280022,0.571879302095271,1,"Trpgamma"
23.6268852148808,-0.222706586376275,0.410089910773791,-0.543067704240893,0.587083187796505,1,"Trpm"
164.742913912287,-0.00896767957325825,0.223319741606663,-0.0401562329811987,0.967968570485281,1,"Trs23"
204.281232155649,0.0130700146997573,0.187363968097186,0.0697573542687665,0.944386790812475,1,"Trs31"
73.173703809941,-0.152407032242666,0.277462233240479,-0.549289286915575,0.582806938192015,1,"Trs33"
153.449149703714,0,1.87526741710059,0,1,1,"Trxr2"
20.0235268760341,0.144647450205321,0.501490211353294,0.288435241467592,0.773013594637892,1,"Tsen2"
101.968882069991,0.140121754832837,0.293145825599879,0.477993348689511,0.63265493909369,1,"Tsen54"
942.873792463921,0.0236091563216327,0.213613932873394,0.11052254880596,0.911994968053315,1,"Tsf2"
130.123439691832,0,1.88057879539378,0,1,1,"Tsp33B"
584.19409288621,0.0362455006213427,0.143382630750833,0.252788642749408,0.800431544506312,1,"Tsp39D"
39.9048905771553,-0.222264755448051,0.394865174842081,-0.56288771360235,0.573511347056623,1,"Tsp42Ec"
9.42650713184739,0.197957155663221,0.7256660715421,0.272793731753981,0.785011778223847,1,"Tsp42Ee"
2520.70031010404,-0.0703390532810262,0.191477134476447,-0.367349623616172,0.71335824321329,1,"Tsp42Eg"
667.613392148699,-0.00288862278396925,0.214433416902111,-0.0134709544141989,0.989252058520037,1,"Tsp42El"
13.5815612854805,0.0866147181777229,0.70832652777255,0.122280776988682,0.902676655483354,1,"Tsp42En"
79.0076995079792,0.156440823234993,0.295657166746743,0.529129142906921,0.59671586616531,1,"Tsp5D"
11.004883705243,-0.257139323452832,0.670389928535354,-0.383566805686687,0.701299546720456,1,"Tsp74F"
48.3392989583175,0.103967773365532,0.364454840742769,0.285269289203685,0.775437839397719,1,"Tudor-SN"
34.0797056180683,0.0226734180658259,0.577321229829166,0.0392734874352969,0.968672344265052,1,"TwdlD"
66.8527609959058,0.341024425912961,0.679792003599116,0.501659954967738,0.615906737727275,1,"TwdlE"
36.8766518594784,0.0833318904392571,0.520627264376587,0.160060557986799,0.87283337069819,1,"TwdlP"
5000.66471995642,0.464863915074991,0.824101533121683,0.564085730206196,0.572695789007416,1,"TwdlT"
144.513250862499,0.383450716292803,0.69792144705248,0.549418158608285,0.582718515275756,1,"Twdlalpha"
5206.31606275414,0.450149234147919,1.00409639996897,0.448312765748218,0.653927488844799,1,"Twdlbeta"
65.1732652250158,0.0266990712243605,0.286800685792292,0.0930927732986547,0.925829858577661,1,"U2A"
88.197152324178,-0.028218915703691,0.296105963275499,-0.095300058774689,0.924076495972451,1,"U3-55K"
117.706691434843,0.00638608315133274,0.480657489364826,0.0132861409478333,0.989399505135273,1,"UQCR-6.4L"
225.349066519441,0.0587720029812952,0.182340527761531,0.322320022338416,0.74721026623606,1,"Uba3"
94.0857552092719,-0.027033432686023,0.292755072863523,-0.0923414662694006,0.926426743770049,1,"Ubc2"
7.73692865299239,0.233973497780463,0.886328918270207,0.263980439944456,0.791794990962421,1,"Ubc4"
311.958668955274,-0.146433762234986,0.607235639274354,-0.241148168460556,0.809440281082065,1,"Ubc84D"
15.1076947241119,0.541155279089464,1.19157132626378,0.454152653023532,0.649718958368921,1,"Ube4B"
356.60868773657,0.00858989995337184,0.197479293287466,0.0434977248012921,0.965304778156848,1,"Ublcp1"
12.6297350371595,0.223954614925488,0.549063091658401,0.407885028747883,0.683358084592884,1,"Ucp4A"
340.945347421231,-0.467198549241906,1.26515233892756,-0.369282445178057,0.711917209018428,1,"Ucp4C"
678.575855094647,-0.0533217997337033,0.167703933384929,-0.317951992284608,0.750521353192538,1,"Ufd1"
628.195360243369,-0.0550488111474347,0.152468311077451,-0.361050835799387,0.718061445031543,1,"Uggt"
928.638380383558,0.00624956649940191,0.205504918981159,0.0304107878798505,0.975739441351987,1,"Ugt302C1"
8.90308992384027,0.379553022051602,0.699942086449698,0.542263466363055,0.587637019442785,1,"Ugt35E2"
157.884624275586,0.0813180163167019,0.349667535092143,0.23255809635079,0.816104569425139,1,"Ugt36F1"
41.0142234159343,-0.214044723391558,0.419857461001736,-0.50980331010641,0.610189266450405,1,"Ugt50B3"
91.2271372610012,-0.0686065198047135,0.267441442060527,-0.256529127558274,0.797542292176158,1,"Uhg4"
20.7273939030769,-0.208184135727015,0.468354420444064,-0.444501272198153,0.656680209273757,1,"Uhg8"
526.896806867478,0.0831024051249694,0.156331290515379,0.531578833968586,0.595017727564554,1,"Ulp1"
1147.6496256284,-0.0575490347842401,0.137819063641385,-0.417569480329562,0.676261914736933,1,"Urod"
152.149864982426,-0.0818746152001941,0.272504243352295,-0.300452624858198,0.763831927861431,1,"Uros1"
66.8125823863375,0.110919890795993,0.292463725814388,0.37926033557539,0.704494550912703,1,"Usf"
286.088909594078,-0.0385336733782966,0.242888452372537,-0.158647613758082,0.873946513465677,1,"Usp10"
360.867043412444,0.0919346527518623,0.162213932997376,0.566749421909087,0.570884438058639,1,"Usp12-46"
33.4644138815731,0.0254238805701376,0.399745359401411,0.0636001894010928,0.949288580929011,1,"Usp16-45"
585.882592054211,0.0517445809818646,0.180907017254995,0.286028600587278,0.774856216140501,1,"Usp20-33"
153.443961635904,0.0631256952990424,0.204979799590512,0.307960566968786,0.758112338013996,1,"Usp39"
282.119725713981,0.0809560528018192,0.186688479678254,0.433642466537528,0.664548091727881,1,"Uxs"
1000.05978633974,0.068324529323543,0.206325768229592,0.331148794015462,0.740532096512329,1,"VAChT"
11147.7948839564,0.18623906056273,0.380771178427251,0.48911018247751,0.624763692934036,1,"Vajk2"
9655.68845176249,-0.0955885075586043,0.392646008111801,-0.243447037748533,0.807659108744755,1,"Vajk3"
2043.10938869914,-0.0421197179622396,0.719493548192601,-0.0585407861794539,0.95331787550914,1,"Vajk4"
168.249264784794,0.0685151152962151,0.221661332520914,0.309098183778854,0.757246840721332,1,"Vav"
66.099673749601,-0.162602399948938,0.449201055346471,-0.361981340011593,0.717365974751977,1,"Vha100-2"
39.7813477674198,0,1.8882671501237,0,1,1,"Vha14-2"
67.4949123058772,0.42961582828168,1.8702205088182,0.229713996962399,0.818314017733884,1,"Vha16-5"
72.6309829640773,-0.152209978287238,0.295941876793405,-0.514323893382264,0.607025559322113,1,"Vha68-1"
30.3455656933444,0.295824070550991,0.758060292869479,0.390238182020075,0.6963604301363,1,"VhaM9.7-a"
16.7611097487326,-0.168738315977812,0.528659232482406,-0.319181630831403,0.749588785515478,1,"VhaM9.7-b"
294.642908268346,-0.110501954242679,0.214142776780422,-0.516019993314956,0.605840445346507,1,"VhaM9.7-c"
63.100150087347,0,1.88689655600622,0,1,1,"VhaPPA1-2"
648.351210645946,-0.0734040320350134,0.144036118025495,-0.509622399168108,0.610316028272089,1,"Vps2"
139.060596876663,0.00247047735570096,0.240156310932954,0.0102869558001774,0.991792341547365,1,"Vps39"
198.018529011624,0.0255074105314558,0.220690458542967,0.115580033227806,0.907985388012464,1,"Vps45"
377.469023010874,-0.0496564848094025,0.191920926032322,-0.258734083020419,0.795840420304409,1,"Vps50"
354.590776366593,-0.0128522233210058,0.155347966069099,-0.0827318415954613,0.934064765720814,1,"Vps52"
6.43878172572939,0,2.03926327518955,0,1,1,"Vps60"
307.293259799845,-0.0350990584080146,0.175354871410824,-0.200160155949041,0.841355327500813,1,"Vps8"
117.149286083162,-0.0961327595560103,0.240356746301841,-0.399958649112708,0.689186973625355,1,"Vti1a"
15.8349831904657,0,1.90453976301781,0,1,1,"Vtld"
22.9279825376577,0,1.89772919138209,0,1,1,"WDY"
120.848804609272,0.0673266473752048,0.236353589498451,0.284855616189599,0.775754760920347,1,"Wdr81"
164.747764321686,0.00500207562170435,0.23150342001834,0.0216069189012762,0.982761514336124,1,"XRCC1"
368.630549314554,0.0968092242826891,0.202487395070778,0.478100003453797,0.632579029623328,1,"Xrp1"
490.625323804218,0.0208734053540582,0.219503027948528,0.0950939289956079,0.924240220184385,1,"Xxylt"
417.700156868191,-0.09946476049112,0.19046955440198,-0.522208185992827,0.601525387060167,1,"Ykt6"
12.0775960568015,0.0860249456277723,0.59963725444863,0.143461642834171,0.885925602431023,1,"Ypel"
91.4587194971678,0.116586625046814,0.264322033964738,0.441077965760385,0.659156554589248,1,"Ythdc1"
227.392358440632,-0.0168755896621043,0.194301781776189,-0.0868524699456585,0.930788780174346,1,"ZC3H3"
217.083069446624,0.0917405011750611,0.253969091616662,0.361227031963139,0.717929735902594,1,"Zasp52"
57.7157823228946,-0.044017343809992,0.290899050621403,-0.151314841749963,0.879727362060996,1,"Zip71B"
217.018891149256,0.015970632669304,0.245759818838125,0.0649847185956115,0.948186167328828,1,"Zip89B"
121.403222398558,-0.121772964635242,0.251565494195496,-0.484060681790524,0.628342804163454,1,"ZnT35C"
370.868241652596,-0.0400049962623531,0.192445878476167,-0.207876607070634,0.835325315030931,1,"ZnT63C"
205.855416021814,-0.076512550070922,0.196798646666084,-0.388785956443815,0.697434490293343,1,"Zpr1"
183.521733184607,0.0291288413558187,0.192218472087672,0.151540281427963,0.879549537738278,1,"Zw10"
139.339316742455,0.24414149886525,0.450106496377571,0.542408298547312,0.587537264135096,1,"a10"
24.5651717487111,-0.103424388148457,0.715314416980784,-0.144585913121943,0.885037820053533,1,"a5"
66.753901882435,-0.0885715087306442,0.28246615546458,-0.31356503077322,0.753851422295526,1,"ab"
141.996992206011,-0.0398227979169333,0.285682711491173,-0.139395197241972,0.889137867355102,1,"abo"
7.50227104285199,-0.152744899179739,0.927891189859269,-0.164615098029872,0.869246946834595,1,"acj6"
103.898892952477,-0.134434767041053,0.306544118923843,-0.438549490079928,0.660988002749286,1,"acs"
45.1092635083996,0.0276114349941446,0.341475788773566,0.0808591294080117,0.935553983496286,1,"ais"
20.1542290318697,-0.0948890914482387,0.452032786472934,-0.209916391659613,0.833732928559374,1,"al"
128.224863634523,0.0920742493798714,0.235197819531478,0.391475777978242,0.695445589358071,1,"aln"
29.945518135223,0.193273527231902,0.403346988054588,0.479174341090519,0.631814606518721,1,"alpha-Est4"
387.641137108293,-0.134741672879989,0.339518669691235,-0.396860864831162,0.691470064682923,1,"alpha-Man-Ia"
679.116025441966,0.0597797380741209,0.190151652373224,0.314379272165287,0.753232997100332,1,"alpha-Man-Ib"
320.439459898638,0.0459965337973037,0.225525016835267,0.203953133194539,0.838390123324662,1,"alpha-PheRS"
442.913169561196,-0.0642901828584814,0.154170204126326,-0.417007833795189,0.676672677748695,1,"alpha4GT1"
9.70594173555661,0,1.93976608032222,0,1,1,"alpha4GT2"
265.598015045526,0.173023480234668,0.978158423566044,0.176886970521484,0.859597173254245,1,"alphaTry"
34658.8127081659,-0.0721289552652626,0.177295038570216,-0.406830083046552,0.684132790200586,1,"alphaTub84B"
8.43400871939056,0.311803332983,1.07045550745972,0.291280983478646,0.770836430182763,1,"alt"
855.385117996032,-0.116966072118968,0.218802822220683,-0.534572959031567,0.592945186378274,1,"amon"
102.129549966695,0.172995069415847,0.357443640213827,0.483978591176945,0.628401062944211,1,"ana3"
137.686544006482,0.11433968858282,0.202697034105745,0.564091571873569,0.572691813601305,1,"angel"
345.000172923234,-0.0567388699971131,0.218496174667853,-0.259679008492322,0.795111386097006,1,"aos"
664.208387175327,-0.60450186346129,1.25226321784546,-0.482727476817013,0.629289250951709,1,"apn"
53.6388001181089,0,3.43111490839962,0,1,1,"aqrs"
23.2654596762814,-0.197393254220238,0.639097818793071,-0.308862350043711,0.757426237732121,1,"aralar1"
146.835191180429,0.122868083503295,0.238478399173146,0.515216824371951,0.606401513586178,1,"arg"
9.0666552903309,0,1.93746848917091,0,1,1,"asRNA:CR30267"
13.1445205606238,-0.0963176173628045,0.743814040596582,-0.12949152893854,0.896968727447348,1,"asRNA:CR31845"
31.1186535654565,0.21309057688452,0.494006729838102,0.431351566717228,0.66621276073626,1,"asRNA:CR42547"
108.37657503918,0,1.87792185950632,0,1,1,"asRNA:CR43160"
29.8458823304368,-0.368959396209376,0.639443326928659,-0.577000932954516,0.563938825282316,1,"asRNA:CR43426"
6.6525662298937,-1.01313398116656,1.98253745529585,-0.511028923292333,0.609330804075644,1,"asRNA:CR43466"
4.67862001575791,-1.01312969879441,2.13310711113578,-0.474954911314774,0.634819111252248,1,"asRNA:CR43842"
6.18957272515205,0,1.97240104046173,0,1,1,"asRNA:CR43926"
7.90691502664819,-0.347323958656918,0.731213969910273,-0.474996338895902,0.634789582790745,1,"asRNA:CR43957"
11.5315282210948,-0.0882334866178051,0.694100844438645,-0.127119117236003,0.898846120841857,1,"asRNA:CR43959"
42.3108257145857,0,1.89539075317835,0,1,1,"asRNA:CR44027"
13.818119411475,0.192998396345283,0.589717192719415,0.327272799111202,0.743461563802514,1,"asRNA:CR44046"
14.584925564153,0.2607463272737,0.708407652164741,0.368073843466986,0.712818173798826,1,"asRNA:CR44062"
8.4270058390349,0.119476344856165,0.81191967881743,0.147152911763617,0.883011326859428,1,"asRNA:CR44119"
34.9226393917774,0.046224586714304,0.417231243375932,0.110788890928417,0.911783754872872,1,"asRNA:CR44137"
26.1732325248806,0,1.91455404802037,0,1,1,"asRNA:CR44176"
9.40541006584506,0.404086909627418,0.771664683915313,0.523656088000737,0.600517762952019,1,"asRNA:CR44179"
27.3449273156982,0.119937185414563,1.15754567115215,0.103613350560229,0.917476192477788,1,"asRNA:CR44267"
9.04813906472391,-0.468266848002836,1.85072624648845,-0.253017888999695,0.800254389450802,1,"asRNA:CR44293"
52.1866849664829,0,1.87914100520631,0,1,1,"asRNA:CR44358"
8.93720098365927,-0.372075045571194,0.735925047705177,-0.505588234469569,0.613145742795483,1,"asRNA:CR44429"
6.12658810773151,0.294182271894115,1.04493643254274,0.281531261359367,0.778302954176862,1,"asRNA:CR44841"
29.4570729004048,-0.250781737576035,0.433636749565625,-0.578322150572441,0.563046642344586,1,"asRNA:CR44960"
7.61749081060245,-0.163416117967907,0.897621072561396,-0.182054680937461,0.855539813672648,1,"asRNA:CR45136"
236.290001544135,-0.121269878147929,0.320276633073993,-0.378641042226495,0.704954440250039,1,"asRNA:CR45185"
6.38997557796758,0.267188693382945,0.983928758926415,0.271552885266287,0.785965830541342,1,"asRNA:CR45264"
6.85098365664937,0,2.15065116216273,0,1,1,"asRNA:CR45326"
10.5404344026007,0.301229561626306,0.678563038174275,0.443922737726455,0.657098444750924,1,"asRNA:CR45620"
13.2999569828947,-0.158573495779705,0.600117028487623,-0.26423762075096,0.79159682374244,1,"asRNA:CR45682"
10.2058707242476,-0.040774509637271,0.990407732402929,-0.0411694177087489,0.967160834126609,1,"asRNA:CR45686"
9.18184897573302,-0.048570251926567,0.772972234588364,-0.06283570062828,0.949897337037251,1,"asRNA:CR45789"
18.4863102034812,0.00254903490762965,0.739138481441346,0.00344865674245365,0.997248375483974,1,"asRNA:CR45804"
15.095014125618,-0.0464552963400134,0.491926926878775,-0.0944353598099773,0.924763328235646,1,"asRNA:CR45908"
12.1016871022466,0.339387801094055,0.645419620250276,0.525840539155674,0.598999005224307,1,"asRNA:CR46050"
10.7875906434627,-0.170222741770528,0.617372511789719,-0.275721284183943,0.782762146661892,1,"asRNA:CR46128"
17.7361405714391,-0.171838151684491,0.551565727257011,-0.31154610084107,0.755385501965578,1,"asRNA:CR46194"
8.79815761549239,-0.201476868544014,0.883218620195526,-0.228116645117164,0.819555560280662,1,"asRNA:CR46255"
7.41183984528338,0.14584581283412,0.805251730256635,0.181118285567221,0.856274732150054,1,"asRNA:CR46354"
299.324346936551,-0.000611378253148488,0.20556788504459,-0.00297409419285446,0.99762701965941,1,"asl"
51.9870799632767,0,1.88651450203623,0,1,1,"atlas"
123.463893053327,-0.0684446500075072,0.268247092107277,-0.255155235681492,0.798603203694229,1,"atos"
32.9652759617756,0.187539986165742,0.441989313403508,0.424308870098247,0.671340571161559,1,"aurB"
74.2744539338194,0.116732101103221,0.297410294592508,0.39249515980326,0.694692386963895,1,"az2"
1192.61886733794,-0.00355331682259254,0.120634205763521,-0.0294553008419361,0.976501468218993,1,"bai"
8.97130602842669,0,1.93497973531595,0,1,1,"barr"
89.3019876233776,-0.0750174675534184,0.232139636963574,-0.323156650603316,0.746576608824424,1,"baz"
63.84591862422,0.00890839198509731,0.329739229778602,0.0270164759924948,0.97844659288614,1,"bbc"
7.62262724577479,0.439578558244272,0.866450300094028,0.507332686244748,0.61192140785423,1,"bbx"
369.342762281433,0.10944119325248,0.204892101044165,0.534140616913728,0.59324425027968,1,"bchs"
413.775193921184,0.0248834656350784,0.154655539610589,0.160896051300413,0.872175272392417,1,"bcn92"
99.7198363283934,-0.0816273015632617,0.238855127023061,-0.341743979208706,0.732543571929532,1,"bdwf"
36.4666604895761,0.129329958648585,0.38538379466958,0.335587433715186,0.737182001445529,1,"beat-IIa"
15.784777992491,-0.0797419434533713,0.497628268239128,-0.160243998468054,0.872688871417165,1,"beat-IIb"
39.8823090145139,-0.208586827901214,0.407088433571253,-0.512387016431173,0.60838017594288,1,"beat-IV"
19.7009210018097,-0.114666847471381,0.580149244184699,-0.1976506021869,0.843318440883928,1,"beat-Vb"
67.541962460632,-0.0289750016840434,0.295092823770727,-0.098189448709046,0.921781860687782,1,"beat-Vc"
231.192177312285,0.0912635923050672,0.202111135165532,0.45155152995564,0.651592094713986,1,"beg"
394.144449037692,-0.089637784878478,0.186764821416471,-0.47995004733034,0.631262913056165,1,"beta-PheRS"
7.03441842290678,0.36159665325289,0.92920799193224,0.389145009935793,0.697168879262281,1,"beta-Spec"
62.0503014578209,0.0239554598396732,0.323721179341786,0.0740002859509568,0.941010157730179,1,"beta3GalTII"
153.40491962917,-0.0183632081933396,0.288672074181128,-0.0636126935569722,0.949278624217803,1,"beta4GalT7"
224.459398749243,0.0958065234617329,0.177250906310951,0.540513588650766,0.588842892333228,1,"betaGlu"
17.2445716760733,0,1.91047082410943,0,1,1,"betaNACtes1"
267.327212550981,0.0330887398760465,0.268563302560688,0.123206482645072,0.901943592274466,1,"betaTub56D"
5275.03611398651,0.103851893217631,0.503235940846293,0.206368195886373,0.836503312118704,1,"betaTub85D"
50.6163981403675,0.101375764434857,0.333425140349511,0.304043553310317,0.761094710079958,1,"betaTub97EF"
556.105490219127,-0.053799215781882,0.191908287123672,-0.280338158337123,0.779218077843653,1,"bic"
14.0193722036801,-0.0916322737207521,0.685190064817416,-0.133732636279788,0.893613996940835,1,"bin"
216.539821040682,-0.171784087569715,0.459727656749157,-0.373664897135927,0.708653644564479,1,"blanks"
14.404493286503,-0.0986272974355793,0.488164749926667,-0.202036909568737,0.83988786945597,1,"blot"
8.6362828034831,0.0860665723842343,0.879967404251497,0.0978065459793284,0.922085909369277,1,"bmm"
360.486071401738,-0.113946547918673,0.269292875930174,-0.423132426081032,0.67219864540717,1,"bnb"
21.196280544025,0.0630917832172619,0.431105917661933,0.146348682846746,0.883646136181667,1,"bnl"
160.458434104049,-0.118967828650461,0.293056803646284,-0.405954842782132,0.684775780501704,1,"boca"
280.235991864358,-0.0501337499861642,0.192098114650149,-0.260979916838166,0.794107994744241,1,"botv"
314.191010593949,-0.114647222317525,0.204150223280689,-0.561582644756135,0.574400407723199,1,"bou"
168.01114839929,-0.073169432456771,0.22746228982739,-0.321677199821983,0.747697252414221,1,"br"
100.385244711591,-0.018322659079827,0.278000685510333,-0.065908683089006,0.947450527511398,1,"brk"
53.6307394549454,0.0887331679505446,0.399251363642892,0.222248878853953,0.824120145616435,1,"brp"
347.371697980061,0.0802424690511749,0.215248622153199,0.372789698946662,0.709304970166972,1,"bru1"
341.432517605745,0.0199429951075772,0.184956887167662,0.107825101368077,0.914134430957581,1,"brun"
49.7108845757545,0,1.88199968206695,0,1,1,"brv1"
33.027271709449,-0.244414133495627,0.452049629007841,-0.540679867456295,0.588728257448042,1,"brwl"
9.32439370514436,0.169635317375688,0.734293343944283,0.231018459822181,0.817300461028939,1,"btd"
45.7766203398488,0.197778521519787,0.406835974485992,0.486138232415819,0.626869161432122,1,"btv"
127.908038419335,0.247399533218501,0.452712390576771,0.546482796513048,0.584734110100734,1,"bumpel"
386.481499180363,-0.103940093411211,0.256110915038956,-0.405840154822767,0.684860052302652,1,"bun"
19.5672140958587,0.0690983875004102,0.554784680511799,0.124549919865606,0.900879877709819,1,"bur"
7.88229203810212,-0.26067766339636,0.748850072079636,-0.348103943787346,0.727762122632221,1,"bves"
183.667777021429,0.0450157211370552,0.1925820241199,0.233748302017164,0.815180386720441,1,"bys"
419.56850585611,-0.465556026649356,1.04112741167624,-0.447165276245871,0.654755730761499,1,"c-cup"
102.147532637504,-1.01311985577226,1.87671012040595,-0.539838222619651,0.589308604810248,1,"can"
24.7696165238997,-0.0540050466948881,0.836591565524106,-0.0645536590618806,0.948529382415542,1,"cana"
26.1407522008268,0.123840502855214,0.46004960277455,0.269189457198385,0.787783892876134,1,"capu"
112.981568535837,-0.0386523875488224,0.229683451212591,-0.168285470044798,0.866358704072327,1,"caup"
209.922999168358,0.101748106421005,0.185344439465957,0.548967677229367,0.583027631999664,1,"cbc"
14.5693482991508,0.140148687424136,0.510334165414701,0.27462140872001,0.783607116729333,1,"cbt"
69.3092553956094,-0.0449361230550357,0.280287477017658,-0.160321551048836,0.872627783167704,1,"chas"
40.7965612084105,-0.0209242787352706,0.311097349047162,-0.067259585462101,0.946375050126636,1,"chb"
575.474223423478,-0.00450926529682132,0.1491137945449,-0.0302404302069016,0.975875304621695,1,"chic"
204.654314927298,0.00272333818308864,0.255343334940798,0.0106653975664571,0.991490405275939,1,"chinmo"
215.734366771589,-0.0928788346977873,0.187013008599213,-0.496643711544342,0.619440322653144,1,"cic"
96.6922512776401,-0.0460060757191258,0.392139562343291,-0.117320668805283,0.906605946795892,1,"ckd"
20.8833149309384,0.0270101270865203,0.562598283042682,0.0480096152097057,0.961708579615729,1,"cnc"
10.4853229900067,-0.324727064620494,0.682386353060882,-0.475869810648927,0.634167131044156,1,"cni"
94.8760237426898,-0.129432342063167,0.259787790548781,-0.498223345253261,0.618326629673361,1,"cnir"
22.7883900058626,0.173547227259233,0.564061165194927,0.307674482782837,0.758330038228581,1,"comm"
33.3914274037345,-0.0679377611351447,0.392745544119694,-0.17298162169458,0.862665873609482,1,"conu"
8.42495906178927,0.262049571158685,0.725522484952272,0.361187387839433,0.717959369716055,1,"conv"
9.12707192260335,-0.260750616417217,0.629102466724984,-0.414480359256333,0.678522348125481,1,"coro"
195.138415516367,0.0520915824319513,0.251197515361213,0.207373000314297,0.835718566912208,1,"corto"
893.728240566593,-0.0657650598887898,0.137168804173499,-0.479446185195332,0.63162124371453,1,"cpa"
54.9674962883363,-0.177129012285967,0.356586607456341,-0.496734898569218,0.619376009052331,1,"cpb"
28.9637295126298,0.107532120428553,0.474338064188698,0.226699328067787,0.820657549639433,1,"crc"
413.7975683111,-0.10532637786285,0.243281773196103,-0.432939864253412,0.66505845818161,1,"crok"
147.106472219701,-0.0539139299357184,0.251148927601647,-0.214669162439079,0.830025266864647,1,"crp"
115.259590070926,0.00111730546880847,0.228195015271392,0.00489627465122171,0.99609335365968,1,"cta"
25.4038659125937,-0.261776137338287,0.526606575467025,-0.497100016470795,0.619118523018053,1,"ctp"
226.629385780549,0.220190874366401,0.795381136467112,0.27683693297585,0.781905320616301,1,"cu"
1269.25712001965,0.0109399170978246,0.19934085099282,0.0548804574844456,0.95623370107982,1,"cue"
239.911267598265,0.0136654081509966,0.281115903010035,0.0486112952155138,0.961229068328112,1,"cv-2"
26.8614928381742,0.132196605608046,0.404467095129596,0.326841434568833,0.743787818709851,1,"cwo"
6.47327587632311,-0.0969657914299314,0.779378494362422,-0.124414250754064,0.900987290543548,1,"da"
468.376273738867,-0.0154735844509741,0.187078268856471,-0.0827118218783902,0.934080684585085,1,"dally"
258.756153745043,-0.0215102110312503,0.195179776916573,-0.110207170901955,0.912245075361157,1,"dap"
15.010889309444,0.0791597863023136,0.607836665966114,0.130232002665543,0.89638287571635,1,"dati"
46.8517773748734,-0.156348481775831,0.362767861664841,-0.4309876874382,0.666477323146978,1,"dbo"
90.3382819536535,0.167691680954846,0.299528499703102,0.559852171399602,0.575580274514678,1,"defl"
50.7947058024014,-0.167006702060746,0.381292622434565,-0.43800139901581,0.661385269274324,1,"dgt3"
27.4424348342256,-0.065553956532595,0.500978736064619,-0.130851774363811,0.895892565041293,1,"didum"
305.125021491765,-0.0695458020535349,0.195446413294519,-0.355830536264363,0.721967479189828,1,"dind"
14.7812985135405,-0.340089975275003,0.615283385379832,-0.552737134393863,0.580443421484371,1,"disco-r"
16.3158654719083,0.220967596858684,0.535038306160907,0.412993975037425,0.679611027981937,1,"dlg1"
148.872784861786,0.0813429948513391,0.234246855977835,0.347253304689118,0.728401028003859,1,"dlt"
7.34212892923973,0.418439704345125,0.858970285907032,0.487141070198106,0.626158363218823,1,"dmrt99B"
168.115493180999,0.135069781760145,0.46536824326348,0.290242799579411,0.771630495389625,1,"dnd"
47.5530926121004,-0.115310073250927,0.297973739969849,-0.3869806556195,0.698770528993676,1,"dnr1"
49.9086643752788,0.0429314125361655,0.37523823547188,0.114411082021471,0.908911929499514,1,"dob"
199.885480115847,0.021082502122211,0.243182867822965,0.086694027054401,0.930914724263155,1,"dom"
164.255146257884,-0.00649094360769628,0.260795505676802,-0.0248890163611192,0.980143488195899,1,"dpr11"
170.549085157048,-0.0792922990201786,0.341217069777794,-0.23238080988098,0.81624225250489,1,"dpr12"
215.979776175031,0.0712134112355642,0.289820435986987,0.245715630759598,0.805902371497776,1,"dpr14"
23.6618005362695,-0.0394600686612635,0.561620140982191,-0.0702611352083164,0.943985815636739,1,"dpr17"
10.1763945987739,0.216735294720439,0.647588174306457,0.334680748227921,0.737865925456174,1,"dpr19"
41.3654916060036,0.095085251957089,0.387096080813678,0.245637340882448,0.805962980806526,1,"dpr2"
61.0216898781255,0.0585066803340904,0.363190200188019,0.161091021464242,0.872021711723331,1,"dpr6"
18.9568277007307,-0.0716746200485394,0.51863863762833,-0.138197609758306,0.890084244109097,1,"dpr7"
173.898786628268,-0.0543369873365754,0.295337442754074,-0.183982724404577,0.854027007503971,1,"dpr9"
12.2591601107446,0.224945547542317,0.684363933722128,0.328692872984817,0.742387841825292,1,"drongo"
351.208803303263,0.105700396457051,0.197702718340958,0.534643111354493,0.592896666445853,1,"dsh"
107.612856739368,0.0874199247636776,0.240783169574924,0.363064930651124,0.7165563810131,1,"dwg"
11.9480256216002,-0.13824523067097,0.790900691619005,-0.174794676671703,0.861240971344384,1,"dy"
1531.73920888985,-0.367783524738842,1.36628152934561,-0.269185754794618,0.787786741853011,1,"dyw"
67.4352203113977,0.166807252779322,0.358937700329264,0.464724804962825,0.642128542596005,1,"e(y)2"
26.3191798069046,0.141785920369731,0.447614727890564,0.316758836417009,0.751426600731368,1,"eEF1alpha1"
286.839721673028,0.0784075065028029,0.230622397278524,0.33998218485306,0.733869944098308,1,"eIF2Balpha"
410.358535090004,0.0454889237783714,0.150868327655018,0.301514071809614,0.763022521233216,1,"eIF2Bgamma"
690.726707660775,0,1.87203922676496,0,1,1,"eIF3d2"
130.333439691479,-0.466563354849419,1.76895239572658,-0.263751221331076,0.791971623629485,1,"eIF3f2"
1294.30136146941,0.0338938992495878,0.162499214265217,0.208578850075356,0.834777022621262,1,"eIF3k"
23.8877143507996,0.15183705796728,0.492802056899242,0.308109627063355,0.757998916013554,1,"eIF4E1"
427.190767124986,0,1.87149280878663,0,1,1,"eIF4E7"
50.9353608400592,-0.116752605957292,0.347259651481293,-0.336211262838237,0.736711560264956,1,"ear"
558.087667104343,0.137718740972708,0.34287794313477,0.401655293757338,0.687937730341949,1,"eater"
216.53043439267,0.0228446817398934,0.192606703959087,0.118607926257572,0.905585985439422,1,"ebd1"
444.937750708307,-0.0206430907268779,0.148610653914674,-0.138907206065658,0.889523476559789,1,"ebi"
834.597928804504,-0.309217539075719,1.32567771681208,-0.233252422632032,0.815565400894782,1,"ect"
357.568804638708,-0.0853229398791232,0.244965233439828,-0.348306323640337,0.727610145261918,1,"ed"
66.9825764810857,0.0773412485024175,0.307959405436507,0.251141050206902,0.801705059204312,1,"egl"
247.009459988174,-0.0535834940195238,0.213072588946059,-0.251479996955821,0.801443025492782,1,"elav"
29.6178184025505,0.217351217110793,0.686918006762268,0.316415081525175,0.751687471167635,1,"eloF"
154.593652648914,0.0871320062212873,0.196104493891587,0.44431417400081,0.656815454974876,1,"emb"
1195.1288787042,-0.0862322543347101,0.154464943213544,-0.558264241326891,0.57666395907333,1,"emc"
134.807592601552,0.0991727781528015,0.385173385986446,0.25747567656788,0.796811589790057,1,"emp"
22.0081023633445,0.0566359008156921,0.465352490663571,0.121705378077878,0.903132353814671,1,"ems"
154.274461561497,-0.158817237436597,0.277142055340125,-0.57305354556055,0.56660843954394,1,"enc"
478.127740431821,-0.0660749109884392,0.152818194942044,-0.432375941971425,0.66546820057365,1,"epsilonCOP"
169.041890570086,-0.0173720736408667,0.196226143415047,-0.0885308824733013,0.929454740032323,1,"ergic53"
45.0526496801902,0.1703237909727,0.33258702592478,0.512117965212574,0.608568451967693,1,"esc"
66.6148910588027,0.020898590563459,0.323902184852635,0.064521301617546,0.948555146210679,1,"esg"
11.2936293792738,-0.226657314568161,0.629749689431019,-0.359916516628927,0.718909565137733,1,"esn"
96.894977103969,-0.179471069449415,0.489784741042607,-0.366428462159466,0.714045384658067,1,"etaTry"
24.212285076115,-0.0405061574881457,0.546962945826948,-0.074056492852372,0.940965433827406,1,"exex"
9.78008096043659,-0.127511029958201,0.647460128257261,-0.196940358785361,0.84387421036406,1,"eya"
234.359296311287,0.0723644885492506,0.2195192892471,0.329649794318504,0.741664593291209,1,"eys"
200.144570192805,-0.121650518678085,0.209090853666308,-0.581806982682413,0.56069670015215,1,"faf"
907.38042220598,0.38089026951328,0.685018376502521,0.556029272467084,0.57819084381702,1,"fan"
283.081977698021,-0.0377555781797688,0.167743088715387,-0.225079784025138,0.82191720750944,1,"fand"
2543.05072213844,-0.0320966270131755,0.255794631026438,-0.125478110640477,0.900145053244465,1,"fat-spondin"
126.060809039999,0.127306136818877,0.283425611970676,0.449169487308185,0.653309396860331,1,"fbl"
20.4143022554043,0.0362199184731356,0.541466315401809,0.0668922838648931,0.946667455864956,1,"fd102C"
117.976364436719,0.111990545626453,0.262341232439131,0.426888844674605,0.669460291031103,1,"feo"
263.207583046982,0.0739174742197736,0.183239180976093,0.403393389044985,0.686658849349992,1,"fidipidine"
457.832827264349,0.116420885574011,0.810893019729613,0.143571202046888,0.885839082455029,1,"fig"
160.704021379663,-0.0544262387460049,0.198524635763393,-0.274153575634168,0.783966602993801,1,"fln"
172.653149020315,-0.038761581403826,0.217742179475067,-0.178015952156227,0.858710447826738,1,"fmt"
249.431927012094,-0.0674304056230575,0.308877787599819,-0.218307720173197,0.827189359695222,1,"fon"
106.518821864138,-0.168877011255964,0.385030966124495,-0.438606309917837,0.660946824141881,1,"fred"
206.763707727251,-0.070637435595036,0.224709059017233,-0.314350635902129,0.753254743970403,1,"fru"
25.3877902187395,-0.0195443015982793,0.485305511848227,-0.0402721607752758,0.967876148250263,1,"fs(1)Yb"
18.2907787862929,-0.360749720289855,0.64507981245074,-0.55923269233821,0.576002924200969,1,"ftz-f1"
103.650666729932,-0.000925551492532122,0.223450073262535,-0.00414209527443151,0.996695095581508,1,"fu"
11.4694326136543,0.219656638582669,0.61567511057815,0.356773621035939,0.721261285743261,1,"fz4"
148.504928426947,0.110210557164876,0.253971029244206,0.433949326790744,0.664325238887083,1,"galene"
242.698690807172,0.105427352226243,0.231095142934285,0.456207564069068,0.648240726630066,1,"galla-2"
107.607885044717,0.114528247437713,0.307505075236353,0.372443438046299,0.709562717461848,1,"gammaSnap2"
306.509691634671,-0.0842789112942489,0.184002713274958,-0.458030807232227,0.646930308281988,1,"gammaTub23C"
202.75592270816,0.0867830638505925,0.208737747448447,0.415751654463099,0.677591738902966,1,"garz"
197.136209108407,-0.0557737025308881,0.234763393913298,-0.237574102168101,0.812211438945636,1,"gas"
536.009132334904,0.429472672771901,1.86359770100038,0.230453532187425,0.817739367669991,1,"gdrd"
14.6226950772877,0,1.93458306715343,0,1,1,"glob2"
117.609776731755,0.0670056657621988,0.206768467692366,0.324061335415471,0.745891598551019,1,"glu"
20.2894480188145,-0.084615382455337,0.528214759643108,-0.160191249696445,0.872730422113859,1,"gol"
56.5182380219626,-0.147499360563816,0.36100784819739,-0.408576603806041,0.682850403175225,1,"gpp"
249.345042691278,-0.0027368124113538,0.21546205160961,-0.0127020623395556,0.98986549309057,1,"grh"
574.120561763552,-0.0262085915795779,0.183509078034394,-0.142819046666812,0.886433094221176,1,"grk"
7.963911920984,-0.290873496428709,0.871125583932775,-0.333905353939364,0.738450979580114,1,"gro"
27.7962137998965,0.135262096511914,0.528599066568257,0.255887883779393,0.798037410576732,1,"grp"
82.2637022779104,0.0954955199516169,0.324939060687151,0.293887474622693,0.768843889497759,1,"grsm"
18.042961308011,-0.464625136220762,0.927873725217724,-0.500741775085547,0.616552867770629,1,"gsb-n"
13.105452037149,0.0544207944912617,0.652097900371081,0.083454945124487,0.933489800947402,1,"gukh"
11.2527326159805,0.346516813821748,0.604212348949689,0.573501707510784,0.566305043300182,1,"gus"
283.455298103446,-0.00618782777969818,0.182742499497343,-0.0338609124681922,0.972988062632965,1,"gw"
51.2718216065491,0.122179694416946,0.339433655960309,0.359951620210674,0.718883313311698,1,"haf"
9.94834321296576,0.161100344920083,0.605201088835324,0.266193085062209,0.790090508288628,1,"hb"
58.730105737716,0.177179278560316,0.427768312292655,0.414194491430913,0.678731675717054,1,"hbs"
10.5624865038321,0.164231142833451,0.938352236693815,0.175020782613682,0.86106330346743,1,"hebe"
15.6779403440693,0.274221139948975,0.638169410445573,0.429699599292157,0.667414174947588,1,"heph"
249.097226721155,0.155452810015244,0.457606218345853,0.339708692283887,0.734075915150515,1,"hiro"
135.380230182344,-0.00669682789504869,0.315652711233719,-0.0212158098337706,0.983073502697502,1,"hng1"
79.9641348046976,-0.0840126618430495,0.335611412725686,-0.250327189891238,0.802334331188738,1,"hng2"
9.76654933961749,0.530415118279927,1.02558404616966,0.517183472442765,0.605028088285155,1,"hng3"
16.7265221114194,0.0878737204957835,0.657977740078986,0.133551205676403,0.893757470648215,1,"hoe1"
29.0565419892986,-0.465413466784998,1.78568695953837,-0.260635529816108,0.794373587567815,1,"hog"
176.262709950409,0.0785996279292371,0.234774049921729,0.33478839742059,0.737784713477736,1,"holn1"
111.439187847771,0.0866789831720186,0.21331943428806,0.406334207013553,0.684497054638072,1,"homer"
591.893263630769,0.0345001208734699,0.137992198948327,0.250015009083151,0.802575741588095,1,"hook"
30.2194294935074,-0.112990673187772,0.505147689347365,-0.223678491598669,0.82300748314774,1,"hpRNA:CR46342"
32.0557999914286,-0.032604226653935,0.473052130197944,-0.0689231155988919,0.945050818681975,1,"htk"
64.6412364295142,0.0480929490919455,0.343073553043405,0.140182618757153,0.888515704517604,1,"hts"
10.6935747447186,-0.122801176577222,0.89845729890731,-0.136680036687966,0.891283709839186,1,"hwt"
86.852808327295,0.0520454877242106,0.270762936847834,0.192217917009297,0.847571511845152,1,"ida"
151.749398369458,0.0096008977838049,0.231348743042618,0.0414996755873286,0.966897551476593,1,"ifc"
102.777159714384,0.0591021199886856,0.30072504853267,0.196532082302632,0.844193724229151,1,"ihog"
100.573885418721,-0.0886242048037968,0.297184071673627,-0.298213172410954,0.765540468806516,1,"inaE"
49.8861937822828,-0.19921887668971,0.478133347667998,-0.416659657104784,0.676927366836943,1,"inaF-D"
13.4816076567444,-0.0282061481278157,0.528566810847278,-0.0533634491401419,0.957442327058677,1,"ine"
6.23029895504991,-0.178491642951448,1.20366139277436,-0.148290577418984,0.882113451277057,1,"insv"
38.8912016248904,0.403926794423852,0.72361027576698,0.558210417887882,0.576700707787291,1,"iotaTry"
68.1264787802335,0.214721352792494,0.408739435586677,0.525325755476219,0.599356756001013,1,"ix"
216.648695147358,0.0683168170291606,0.248522282593245,0.274892119597076,0.783399121658422,1,"jagn"
619.55178971315,-1.01310931653526,1.87066008271406,-0.541578518672073,0.588108893406687,1,"janB"
19.9686130432569,-0.221296006247605,0.555160183140057,-0.39861649478521,0.690175805785669,1,"jar"
10.5470391436899,0.526893895370736,1.1993309438487,0.439323189377498,0.660427373750385,1,"jb"
11.6215569234352,0.24569586799452,0.675528183702427,0.36370927804657,0.716075114329067,1,"jdp"
316.845277142483,0.133075374169568,0.305456363603332,0.435660834168709,0.663082826070025,1,"jeb"
7.16679629467123,0.169605827348433,0.839999257647454,0.201911877664558,0.839985616284835,1,"jet"
109.989773546351,-0.101874301970558,0.24152220683895,-0.421800973516645,0.673170295069101,1,"jing"
10.5901821323527,-0.366358381949997,0.648360914132222,-0.565053157839315,0.572037608042276,1,"jub"
134.279580897669,0.0725575241331078,0.221024239625307,0.32827858272971,0.742701036208919,1,"jumu"
300.934672255263,-0.0896832748473961,0.461423981513572,-0.194361971723306,0.84589246425145,1,"kappaTry"
204.735283033299,0.0807449267966357,0.381571611739248,0.21161146246858,0.83241016608732,1,"kar"
180.373890487836,0.0451927725107833,0.199149659497713,0.226928695860021,0.820479188005234,1,"kek5"
217.555784836609,0.105269692801997,0.180718841916358,0.582505352987592,0.560226336926243,1,"kibra"
84.1019427162227,0,1.88068488250377,0,1,1,"kl-2"
125.237244911145,0,1.8828305048226,0,1,1,"kl-3"
11.3693464857928,0.423615320829464,0.759704278628191,0.557605548298862,0.57711376695979,1,"kni"
67.3969765733541,0.0262042962453136,0.359037409916282,0.0729848631969124,0.941818162802863,1,"knk"
7.91166437468028,-0.0676952370396951,0.835288733197122,-0.0810441160634206,0.935406868325776,1,"ko"
11.7240096904333,-0.12037938095359,0.585234014790284,-0.205694436603668,0.837029604584797,1,"kst"
710.196294284275,0.0138626122070534,0.227498057946126,0.0609350793242212,0.951410912081537,1,"kune"
324.432926277325,-0.0915230218686813,0.21596723061596,-0.423781985848726,0.671724816887568,1,"l(1)10Bb"
36.9913292049516,-0.244956558927534,0.458963855749608,-0.533716448166613,0.593537727542626,1,"l(1)G0196"
36.1663140177201,-0.175449442520865,0.356476096311338,-0.492177299786271,0.622594010436189,1,"l(1)G0469"
266.343270689416,-0.0583547139721272,0.194856673466826,-0.299475059970486,0.764577598596367,1,"l(2)05287"
105.290106397433,0.00852553194826784,0.227827436185479,0.0374210064029647,0.970149323712053,1,"l(2)10685"
48.5355505084416,0.0819352002533232,0.36877611137076,0.22218142045255,0.824172657000908,1,"l(2)dtl"
201.190657157087,0.125633467100547,0.217783507479159,0.576873191890207,0.564025121497432,1,"l(2)k09022"
113.325767060185,-0.0195631535786697,0.237855096318007,-0.0822482001920792,0.934449345042488,1,"l(3)04053"
75.7592827127469,0.106404077303341,0.329981800244308,0.322454381497897,0.747108491856141,1,"l(3)05822"
148.2256636473,0.0587559149842783,0.230230343859967,0.255204913475764,0.798564836290037,1,"l(3)72Dp"
160.537727142647,0.108526753892471,0.254615906362736,0.426237132796643,0.669935062324496,1,"l(3)72Dr"
43.587878332057,0.0739534191276527,0.389727670976154,0.189756654800571,0.849499823141275,1,"l(3)80Fg"
2228.1693631066,-0.0156968390548142,0.143091324297153,-0.109698048654698,0.91264884802553,1,"l(3)80Fj"
175.008342956932,0.271072456413076,0.909320099615154,0.298104547043225,0.765623371227301,1,"lambdaTry"
19.9234160348611,-0.0439198231315661,0.564694590885425,-0.0777762419553214,0.938006045362484,1,"lap"
16.231528094124,0.122368367070707,0.478471300150601,0.255748604006534,0.798144962294166,1,"larp"
131.590648926609,-0.0355456477046846,0.246380336346102,-0.144271447274721,0.88528612417667,1,"lawc"
6.06799943433384,0,1.9983391616557,0,1,1,"lbe"
545.156393594304,-0.069158600773861,0.21793064096048,-0.317342253797172,0.750983919050387,1,"ldd"
199.964931768991,-0.0871272847635145,0.22764437472422,-0.382734187344032,0.701916863206852,1,"lds"
9.94700068965855,0.379829831222655,0.730799587572726,0.519745546770517,0.603240936916279,1,"lectin-28C"
43.9665137231181,0,2.75651938674962,0,1,1,"lectin-29Ca"
103.070085736614,0.140724321803205,0.350241842342582,0.401791861480554,0.687837212186476,1,"lectin-33A"
1324.25560727037,0.0821833604337611,0.156897546801929,0.523802711443992,0.600415767309255,1,"lgs"
379.605841267043,-0.0413528086233589,0.198759094099466,-0.208054926043608,0.835186080790792,1,"lic"
134.335602671409,-0.153884395030889,0.27277305227634,-0.564148084815184,0.572653355755627,1,"lili"
128.847904544346,-0.120071514578122,0.256201350036133,-0.468660741097532,0.63931215287664,1,"lin"
6.52992334649208,0.378350991154443,0.94666388040211,0.39966771626877,0.689401273392857,1,"lin-28"
20.660938296964,0.22975316576573,0.448770419726094,0.511961474434877,0.608677972647604,1,"lncRNA:CR32111"
81.9901716845812,-0.149929744472351,0.408664755298421,-0.366877110219274,0.71371068611458,1,"lncRNA:CR32160"
49.202775773269,-0.0755598107798521,0.358252540659256,-0.210912142146451,0.832955829185114,1,"lncRNA:CR32218"
12.1422597856099,0.179203786748601,0.919512997910286,0.194889889708863,0.84547914927754,1,"lncRNA:CR32553"
418.93131455497,0.533588710899723,1.45831798964167,0.365893251464883,0.714444732268422,1,"lncRNA:CR32657"
961.93941929034,-0.465795609427799,0.810576373601308,-0.574647404732902,0.565529784839836,1,"lncRNA:CR32690"
6.81069601498735,-0.108263189748873,1.07856086189367,-0.100377450706668,0.920044671069213,1,"lncRNA:CR33948"
11.7436609420036,0.259319861798309,0.657436647939188,0.394440837168383,0.693255598833678,1,"lncRNA:CR33963"
20.570743144468,0.210608346260015,0.548874946232932,0.383709163089833,0.701194020399016,1,"lncRNA:CR34006"
8.2604992500795,0.161658574834794,0.692124973681213,0.233568475321702,0.815320003880927,1,"lncRNA:CR34044"
39.663255908115,0,1.88325506022131,0,1,1,"lncRNA:CR40053"
26.0151110691324,0,1.92265624578304,0,1,1,"lncRNA:CR40172"
8.73365254809224,-0.131144955223421,0.818477488129246,-0.160230375453786,0.872699602358236,1,"lncRNA:CR42715"
10.9520753122195,0.000216807858367466,0.884396065067484,0.000245147922894617,0.999804400259169,1,"lncRNA:CR42719"
11.3817166668664,0,1.95640058294774,0,1,1,"lncRNA:CR42756"
657.88980541498,-0.20323541408507,1.06801541803792,-0.190292584407105,0.849079864270756,1,"lncRNA:CR42767"
7.84677463815229,0.411503438569778,0.807608492433244,0.509533322674652,0.610378447247767,1,"lncRNA:CR42794"
21.8890695913203,-0.0783324995380921,0.456544892246373,-0.171576773431122,0.863770268755595,1,"lncRNA:CR42839"
9.19083955389243,0,1.94433006858887,0,1,1,"lncRNA:CR42844"
9.03726606678755,0,2.10835569174129,0,1,1,"lncRNA:CR42858"
5.56586876713282,0,1.98310026821184,0,1,1,"lncRNA:CR42859"
11.9028774631686,0,1.96408167913841,0,1,1,"lncRNA:CR43053"
20.5504095673198,0.0278968486184071,0.479608346414524,0.0581658947909467,0.95361648672286,1,"lncRNA:CR43126"
14.676979655402,-0.363257098266448,0.624449420608609,-0.581723813455389,0.560752728656635,1,"lncRNA:CR43148"
5.83745813933177,0,1.97492199069469,0,1,1,"lncRNA:CR43150"
7.52358261080957,0,2.03775156576847,0,1,1,"lncRNA:CR43238"
52.9689929520361,0,1.88886439561882,0,1,1,"lncRNA:CR43247"
22.9182240851737,0,1.90744753575521,0,1,1,"lncRNA:CR43252"
7.76622340297518,-0.224379238163841,0.831305093709314,-0.26991202130454,0.787227938646,1,"lncRNA:CR43256"
8.18023070094735,-0.14907141373104,0.828134427414132,-0.180008714522977,0.857145726754307,1,"lncRNA:CR43270"
26.3893293176926,0.114317738307062,0.393553231552488,0.290475923310555,0.771452167539024,1,"lncRNA:CR43287"
11.9719129041166,-0.467184371575767,1.83891522583387,-0.254054327797476,0.799453587063236,1,"lncRNA:CR43289"
47.0446387600593,0,1.88197564809586,0,1,1,"lncRNA:CR43297"
5.70508323329249,-1.0131322789823,2.05160341099626,-0.493824622025913,0.621430042651453,1,"lncRNA:CR43298"
50.4250481808039,0,1.88813551744338,0,1,1,"lncRNA:CR43306"
35.7609358482066,0.53454189816258,1.07208058334164,0.498602349924507,0.618059549339313,1,"lncRNA:CR43356"
12.8917309162698,0.108557277484964,0.689122322811963,0.157529764878311,0.874827351753797,1,"lncRNA:CR43363"
18.0967956514736,0,1.91227695500155,0,1,1,"lncRNA:CR43372"
8.80830594719965,0.537072494361763,1.57258159169424,0.341522816493827,0.732710031199273,1,"lncRNA:CR43408"
6.21586303094303,0,1.9787121227311,0,1,1,"lncRNA:CR43409"
12.6620907778253,0,1.93181638499474,0,1,1,"lncRNA:CR43416"
6.5747964985725,0,1.9906534383349,0,1,1,"lncRNA:CR43422"
41.1997488050859,-1.01312512266797,1.88452705826476,-0.537601791507755,0.590851993146912,1,"lncRNA:CR43451"
7.95587341835529,0.183369506067507,0.757137999199534,0.242187694002111,0.808634730023148,1,"lncRNA:CR43452"
17.4582039569382,0,1.97396951516798,0,1,1,"lncRNA:CR43456"
54.9288768693363,-0.129574150664249,0.392855945829565,-0.32982611575507,0.741531353058465,1,"lncRNA:CR43461"
30.7690823184883,-0.466897573459398,1.30910282082671,-0.356654623327867,0.721350379601178,1,"lncRNA:CR43475"
21.0774388048186,0,1.89588708285212,0,1,1,"lncRNA:CR43485"
14.5320182372706,0,1.98130246679728,0,1,1,"lncRNA:CR43489"
7.36319264422018,0,1.99047975135043,0,1,1,"lncRNA:CR43495"
36.6433599499597,-0.143334765001515,0.876288034786789,-0.163570377902501,0.87006936558792,1,"lncRNA:CR43605"
18.4666380938772,0,1.90896168272663,0,1,1,"lncRNA:CR43625"
45.857569970131,0,1.89239538308245,0,1,1,"lncRNA:CR43627"
9.08958282315977,0,1.95753963945176,0,1,1,"lncRNA:CR43648"
9.73025973247502,0,1.94171432971853,0,1,1,"lncRNA:CR43652"
6.86141523938234,0,2.00377655643933,0,1,1,"lncRNA:CR43681"
13.4485767554054,0.4307252267221,1.91865444882393,0.224493382321198,0.822373415664656,1,"lncRNA:CR43682"
31.9458997366197,0,1.94364419767854,0,1,1,"lncRNA:CR43684"
12.0991006448512,0,1.93813277079778,0,1,1,"lncRNA:CR43705"
15.4264755943602,-0.70359253919181,1.2287805983848,-0.572594114943433,0.566919545330828,1,"lncRNA:CR43716"
8.48591202414102,0,1.95367758133891,0,1,1,"lncRNA:CR43717"
14.5313220866934,0,1.91510833889711,0,1,1,"lncRNA:CR43764"
19.1432645601046,0,1.89505308102551,0,1,1,"lncRNA:CR43766"
132.873148062806,0,1.87744510834472,0,1,1,"lncRNA:CR43803"
4.78957552559754,-1.01313773325233,2.00415048183577,-0.505519791270521,0.613193801362223,1,"lncRNA:CR43804"
17.2387907826765,-0.046835107185522,1.36937941870079,-0.0342017022790932,0.972716309114188,1,"lncRNA:CR43807"
27.5988633324435,0,1.91445191472747,0,1,1,"lncRNA:CR43810"
25.3452897659295,0,1.90435575859284,0,1,1,"lncRNA:CR43818"
8.95874888182261,0,1.97242153271468,0,1,1,"lncRNA:CR43823"
148.400022904921,-0.0187970725323061,0.481530752770799,-0.0390360790544426,0.968861623598878,1,"lncRNA:CR43834"
27.370885801936,0,1.89607490967594,0,1,1,"lncRNA:CR43839"
6.67279736772649,0,1.99436713384603,0,1,1,"lncRNA:CR43840"
14.4048018735016,0,1.93340022277975,0,1,1,"lncRNA:CR43847"
7.07529613541374,-1.0131327482187,1.96894175659927,-0.514556992263988,0.606862625045309,1,"lncRNA:CR43849"
8.26674329258125,0,1.94074869864741,0,1,1,"lncRNA:CR43853"
11.0201790498988,0,1.9602595192221,0,1,1,"lncRNA:CR43863"
9.46291496505259,0.054158691648719,0.7234984007402,0.0748566846772709,0.940328740435016,1,"lncRNA:CR43870"
4.63178037908768,0,2.01595402615079,0,1,1,"lncRNA:CR43888"
13.0404317055312,0,1.98883034863566,0,1,1,"lncRNA:CR43904"
83.5287215590701,0,1.88561828814665,0,1,1,"lncRNA:CR43905"
12.4309241286131,-0.376159946105705,0.772865243865457,-0.48670832217057,0.626465046772929,1,"lncRNA:CR43918"
90.378414529799,-1.01312043767395,1.88064764233452,-0.53870826988958,0.59008816653592,1,"lncRNA:CR43939"
8.08737467114981,-0.114306901302218,0.707308028882076,-0.161608375183983,0.871614261574136,1,"lncRNA:CR43943"
10.2381583412514,-0.146721642879998,0.700215951131617,-0.209537704250926,0.834028504859359,1,"lncRNA:CR43951"
22.720444485951,-0.175288750774983,0.45179455856157,-0.387983315542953,0.698028380656676,1,"lncRNA:CR43956"
8.94668959552269,-1.01313125738222,1.96666138994764,-0.515152868999575,0.606446200757598,1,"lncRNA:CR43988"
11.6793848517208,-0.136028469233638,0.672437946330268,-0.202291482769515,0.839688858100822,1,"lncRNA:CR43989"
12.221998679158,-1.01312964756623,1.95906166973672,-0.517150461987437,0.605051129905267,1,"lncRNA:CR43990"
12.5434431529819,0,1.91545680236391,0,1,1,"lncRNA:CR44016"
12.5275715215136,0,1.92931828087569,0,1,1,"lncRNA:CR44017"
15.8005818461217,0,1.90557631485337,0,1,1,"lncRNA:CR44032"
8.77379490879994,0,1.96264534357534,0,1,1,"lncRNA:CR44033"
18.3148971243208,-1.01312705851885,1.95260999792054,-0.51885786695643,0.6038598609867,1,"lncRNA:CR44036"
8.39653502552893,0,1.94576044180634,0,1,1,"lncRNA:CR44048"
50.7036749766059,0,1.8903264723979,0,1,1,"lncRNA:CR44055"
17.419387073429,0,1.90910743559277,0,1,1,"lncRNA:CR44059"
7.22916473885926,0,2.00955296056616,0,1,1,"lncRNA:CR44070"
5.85843354093668,0,2.03404175747369,0,1,1,"lncRNA:CR44073"
5.16266329717868,0,2.05485622432648,0,1,1,"lncRNA:CR44076"
30.9377625853956,0,1.88907310267173,0,1,1,"lncRNA:CR44081"
9.57149461132229,0,1.95322472112397,0,1,1,"lncRNA:CR44109"
5.1994980802942,0,2.01404009553718,0,1,1,"lncRNA:CR44110"
15.0124537639382,0,1.93862572937785,0,1,1,"lncRNA:CR44112"
86.2541775379316,0,1.87607191658113,0,1,1,"lncRNA:CR44131"
14.8804413737796,0,1.95126848670971,0,1,1,"lncRNA:CR44136"
19.1889735276494,0,1.90592308581415,0,1,1,"lncRNA:CR44143"
16.5281160208211,0,1.91426201468502,0,1,1,"lncRNA:CR44156"
24.3391476492784,0,1.89316918910066,0,1,1,"lncRNA:CR44157"
9.35070755288647,0.433159741495616,0.832442824427003,0.520347738949848,0.602821228169744,1,"lncRNA:CR44161"
5.04521850935323,0,2.02764685454102,0,1,1,"lncRNA:CR44166"
7.52417734771675,0,1.98342280106295,0,1,1,"lncRNA:CR44191"
5.54839296073204,0,2.01714137882125,0,1,1,"lncRNA:CR44196"
6.99093558521849,0,1.94832721965779,0,1,1,"lncRNA:CR44208"
14.0880276267574,0,1.92126685042857,0,1,1,"lncRNA:CR44214"
14.533897413138,0,1.93281750218808,0,1,1,"lncRNA:CR44217"
7.7456519343662,0.0787010852642984,0.886977138794614,0.0887295532455906,0.929296845067551,1,"lncRNA:CR44218"
13.6281996783825,0.11254358871344,1.2274304349692,0.091690400944201,0.926944024200918,1,"lncRNA:CR44236"
5.15291025241084,0,2.02002055771836,0,1,1,"lncRNA:CR44241"
18.5577092133416,-1.01313022524457,1.90228464689687,-0.532586028540604,0.594320175710429,1,"lncRNA:CR44279"
16.9277132739663,-0.0395214385487298,0.485405677488691,-0.0814193990338124,0.935108422128955,1,"lncRNA:CR44281"
6.42793352842045,0.21883975929825,1.08234263719846,0.202190832899917,0.839767539420058,1,"lncRNA:CR44283"
6.66083124924647,-0.444165780688915,0.991316969387586,-0.448056266971109,0.654112589148775,1,"lncRNA:CR44284"
9.01565186233477,0.440519706113482,0.789479833865232,0.557987281266871,0.576853069246222,1,"lncRNA:CR44292"
27.2114934818287,-0.47223011543524,0.862157649522386,-0.547730586971935,0.58387690658147,1,"lncRNA:CR44295"
29.06783870889,0.010737249582087,0.462299072014005,0.0232257649475916,0.981470186692337,1,"lncRNA:CR44299"
24.83613651218,-0.255270180677791,0.46626038441401,-0.547484172387092,0.584046141389307,1,"lncRNA:CR44306"
18.1947149112198,0.281986644775016,0.498899165014077,0.565217712415012,0.571925690552776,1,"lncRNA:CR44307"
61.000007069044,0,1.90143756546133,0,1,1,"lncRNA:CR44308"
27.2541873292141,0,1.89196148399208,0,1,1,"lncRNA:CR44309"
8.04775032739017,-0.517240910836655,0.953782504790836,-0.542304884225241,0.587608491478035,1,"lncRNA:CR44317"
6.04580979035902,0,1.98735119873661,0,1,1,"lncRNA:CR44319"
9.04876329217319,0,1.9707328713395,0,1,1,"lncRNA:CR44323"
24.4164858571771,0,1.89745154666,0,1,1,"lncRNA:CR44324"
9.52259408130794,0,1.94628130727571,0,1,1,"lncRNA:CR44326"
10.3178486524319,0,1.9696273162716,0,1,1,"lncRNA:CR44332"
6.47453901335611,0,2.00237807042173,0,1,1,"lncRNA:CR44337"
4.69868219877001,0,2.18354766676033,0,1,1,"lncRNA:CR44349"
8.00164354237872,0,1.98546497765319,0,1,1,"lncRNA:CR44350"
5.90449419153863,0,2.01125787151066,0,1,1,"lncRNA:CR44360"
21.8959684137027,-0.462946772564265,1.82293282007726,-0.253957121987987,0.799528683992623,1,"lncRNA:CR44369"
16.7051911352836,0,1.93912503153743,0,1,1,"lncRNA:CR44376"
7.41929144912413,0,1.98997357044322,0,1,1,"lncRNA:CR44377"
11.352717958997,0,2.00583271299796,0,1,1,"lncRNA:CR44389"
8.1834624661337,0,1.97573917881908,0,1,1,"lncRNA:CR44395"
16.0192792111258,0,1.92573477315273,0,1,1,"lncRNA:CR44396"
11.3545109307842,0,1.93986189117557,0,1,1,"lncRNA:CR44397"
17.514716376774,0,1.91933363089629,0,1,1,"lncRNA:CR44398"
8.11956121398527,0,1.94582044963083,0,1,1,"lncRNA:CR44399"
6.95605558398231,0,1.95733467073149,0,1,1,"lncRNA:CR44401"
26.4889161792793,0,1.89246709478609,0,1,1,"lncRNA:CR44413"
41.8630365442054,0,1.88221243770336,0,1,1,"lncRNA:CR44418"
6.39096248131316,0,1.99058847389776,0,1,1,"lncRNA:CR44483"
5.95191794634897,0,1.9788151062185,0,1,1,"lncRNA:CR44484"
13.1713090221656,0,1.91643842867177,0,1,1,"lncRNA:CR44486"
11.7648939197066,0,1.93557695548925,0,1,1,"lncRNA:CR44493"
3.97092454717744,0,2.06174972582085,0,1,1,"lncRNA:CR44495"
7.44111649482517,0,1.94449583293839,0,1,1,"lncRNA:CR44497"
5.96563624221445,0,2.00956786796326,0,1,1,"lncRNA:CR44505"
13.3218590822475,0.0987360355561335,0.632121260081101,0.156197935097873,0.875877004312606,1,"lncRNA:CR44526"
9.71615855093044,0,1.94943376283644,0,1,1,"lncRNA:CR44554"
16.0877046426332,0,1.91713852806301,0,1,1,"lncRNA:CR44558"
46.754726020712,-1.01312410629025,1.88551899807292,-0.537318429210049,0.591047677563598,1,"lncRNA:CR44559"
9.6337276559882,0.235812401604341,1.13226451294124,0.208266177124795,0.83502113933093,1,"lncRNA:CR44564"
15.4592237484063,0.310780449302356,0.584122208984601,0.532046966408957,0.594693466998587,1,"lncRNA:CR44566"
9.29617014885693,0,1.92978144148389,0,1,1,"lncRNA:CR44571"
14.2117321214242,0,1.93838679526226,0,1,1,"lncRNA:CR44572"
6.90343121570592,0,2.04978647943705,0,1,1,"lncRNA:CR44581"
8.78796090067607,0,1.93205551251377,0,1,1,"lncRNA:CR44590"
5.23498774249175,0,2.03563771406585,0,1,1,"lncRNA:CR44593"
13.7739633636026,0,1.90799674076098,0,1,1,"lncRNA:CR44594"
12.922803733422,0.427658064066808,1.93303405124431,0.221236694610486,0.824908138900507,1,"lncRNA:CR44611"
7.43434637016347,0,1.99839290124997,0,1,1,"lncRNA:CR44617"
7.26305602381177,0,2.06555785798461,0,1,1,"lncRNA:CR44639"
6.59494343083967,0.372098489824375,0.884072478510057,0.420891384891292,0.673834396406825,1,"lncRNA:CR44640"
8.28420015117678,-0.239279251812891,0.998687787213715,-0.239593649663493,0.810645288241058,1,"lncRNA:CR44642"
38.6040433845516,0,1.88657692098069,0,1,1,"lncRNA:CR44643"
36.8738062672175,0.0119334510666167,0.570800450856234,0.020906520043416,0.983320225519238,1,"lncRNA:CR44651"
17.4302594079184,-0.0417152116049077,0.63303471784411,-0.0658971939911523,0.947459674599804,1,"lncRNA:CR44654"
4.08003933481282,0,2.09677793159011,0,1,1,"lncRNA:CR44665"
5.79556695259561,-1.01313256600751,2.00709799879423,-0.504774837410106,0.613716991007951,1,"lncRNA:CR44670"
7.01416033000166,-1.01313236999212,2.02670862723773,-0.499890490609373,0.617152188481685,1,"lncRNA:CR44681"
4.80179491163402,0,2.09376993069708,0,1,1,"lncRNA:CR44684"
17.747584449505,0,1.91250022545865,0,1,1,"lncRNA:CR44686"
11.9347895677882,-0.401045820349014,0.925304549061022,-0.433420348744623,0.664709420080408,1,"lncRNA:CR44691"
4.0636842359833,0,2.15048064615592,0,1,1,"lncRNA:CR44710"
5.69939320476507,0,1.97732267023575,0,1,1,"lncRNA:CR44732"
9.02073270886941,0,1.948194991692,0,1,1,"lncRNA:CR44734"
13.8400720360537,0,1.92994151658649,0,1,1,"lncRNA:CR44735"
7.7848103325557,0,1.95621435297903,0,1,1,"lncRNA:CR44745"
4.53695507976248,-1.01313565226212,1.99489199813484,-0.507864913594005,0.611548082197144,1,"lncRNA:CR44752"
9.28594181395017,0.52075966496391,1.55484812596781,0.334926386871235,0.737680616686868,1,"lncRNA:CR44757"
13.5385726729271,-0.0756111963888584,0.666894965840258,-0.113377968438541,0.90973090571256,1,"lncRNA:CR44761"
5.83665663001242,0,1.98809588666725,0,1,1,"lncRNA:CR44767"
7.32430170937151,0.447320163504923,0.891441912299505,0.501793955762126,0.615812465238447,1,"lncRNA:CR44769"
7.22464453750523,0,1.98193876131587,0,1,1,"lncRNA:CR44777"
18.588027713218,0,1.91243293284023,0,1,1,"lncRNA:CR44778"
6.80608271515684,0,1.98467494936815,0,1,1,"lncRNA:CR44789"
4.09064876284208,-1.01313573481317,2.06461776946041,-0.490713462704506,0.623629123255209,1,"lncRNA:CR44795"
12.9444206349834,0,1.91965361124964,0,1,1,"lncRNA:CR44824"
4.91829516713124,0,1.99382149514565,0,1,1,"lncRNA:CR44827"
44.4160116451892,0.428765598590751,1.87619896622331,0.228528853447689,0.819235127705639,1,"lncRNA:CR44834"
14.6525235292568,0,1.91083675895591,0,1,1,"lncRNA:CR44846"
66.5844712653773,0,1.88491901942707,0,1,1,"lncRNA:CR44852"
5.1199289838078,0,2.06632915846609,0,1,1,"lncRNA:CR44853"
5.68503034246091,0,2.05159467528967,0,1,1,"lncRNA:CR44856"
3.75352208417123,0,2.06550323869809,0,1,1,"lncRNA:CR44859"
12.9245522140338,0,1.91913802750329,0,1,1,"lncRNA:CR44861"
12.1389544576844,0,1.93032976048206,0,1,1,"lncRNA:CR44864"
9.76741323142492,0.378711234905697,0.740149270322698,0.511668726959067,0.608882876667971,1,"lncRNA:CR44874"
15.0799973553832,-0.140041709299495,0.547790406764454,-0.255648342085172,0.798222386832868,1,"lncRNA:CR44889"
30.6664778978206,0.269084236621903,0.480449611739893,0.560067549326234,0.575433363743055,1,"lncRNA:CR44912"
26.2989225768176,0,1.89121602376041,0,1,1,"lncRNA:CR44920"
17.2011356996792,0,1.91058967209536,0,1,1,"lncRNA:CR44921"
17.1665893201607,0,1.90052817306577,0,1,1,"lncRNA:CR44924"
13.4674950947013,0,1.92446097399351,0,1,1,"lncRNA:CR44926"
5.03730659756251,0,2.01048389223944,0,1,1,"lncRNA:CR44934"
13.8424097284527,0,1.98454170869894,0,1,1,"lncRNA:CR44939"
4.93616113331399,0.432538384428503,2.0002695121506,0.216240052553446,0.828800634588871,1,"lncRNA:CR44944"
41.4997343176523,0.116567312323922,0.430745822444474,0.270617394876647,0.786685315707819,1,"lncRNA:CR44953"
23.5479996228238,0,1.89191130568804,0,1,1,"lncRNA:CR44955"
7.74799709171391,0,1.97515872732491,0,1,1,"lncRNA:CR44963"
8.75556322107328,0,1.98314749675706,0,1,1,"lncRNA:CR44967"
21.2628886113795,0,1.90434363302513,0,1,1,"lncRNA:CR44971"
11.8836078292002,-0.325886229923312,0.697708712450944,-0.467080637102156,0.64044218689834,1,"lncRNA:CR44993"
12.7459524662217,-0.199120553343901,0.652004561346242,-0.305397485153727,0.760063436919898,1,"lncRNA:CR45004"
26.2417733223725,0.164715284400338,0.467726743668697,0.352161356240537,0.724717256147444,1,"lncRNA:CR45018"
11.3172580586921,0,1.98444162440179,0,1,1,"lncRNA:CR45020"
13.1683258250041,0,1.91258080844097,0,1,1,"lncRNA:CR45023"
7.69407286157137,-0.461499754889291,1.85636956729382,-0.248603383194898,0.803667591237503,1,"lncRNA:CR45029"
96.4348065736647,0,1.87876134464575,0,1,1,"lncRNA:CR45030"
31.5131848912125,0,1.88870372668164,0,1,1,"lncRNA:CR45035"
214.840011068232,-0.0273325890844747,0.287231682283792,-0.0951586846797404,0.924188785865996,1,"lncRNA:CR45102"
7.32328275917237,0,1.99427121304862,0,1,1,"lncRNA:CR45120"
13.0524760089357,-0.0513460313810535,1.42226267979303,-0.0361016513408941,0.971201305608149,1,"lncRNA:CR45128"
10.7570372711587,-1.01313142604772,1.93421059807256,-0.523795819885025,0.600420561107914,1,"lncRNA:CR45155"
8.81270412978383,0.518295995799925,1.18486945174868,0.437428777520598,0.66180041778725,1,"lncRNA:CR45166"
12.0416760572016,0,1.931268400866,0,1,1,"lncRNA:CR45172"
7.5624416094764,0,1.94467266033347,0,1,1,"lncRNA:CR45173"
18.9167435191928,-0.460530699639804,0.790824745722405,-0.582342297874249,0.560336139959363,1,"lncRNA:CR45174"
27.7785434573889,0.239497732998476,0.433353653080627,0.552661160915416,0.580495453269528,1,"lncRNA:CR45180"
8.51682011558088,-0.12038057147742,0.686912487118483,-0.175248774385223,0.860884160876069,1,"lncRNA:CR45187"
67.496088195881,-0.468927205853273,1.0709644362643,-0.437855067801289,0.661491348976912,1,"lncRNA:CR45188"
19.6239058759566,0,1.90240264126497,0,1,1,"lncRNA:CR45191"
29.6290159589061,0.535789243468103,1.47500158745852,0.363246553782552,0.716420714273635,1,"lncRNA:CR45203"
10.1641448246961,0,1.96114118942641,0,1,1,"lncRNA:CR45238"
6.07426032137939,0,1.96238199060861,0,1,1,"lncRNA:CR45245"
6.41810725017287,0,1.97819324285556,0,1,1,"lncRNA:CR45248"
10.2633773316446,0.19279801698638,0.654840856238491,0.294419651965277,0.768437251942247,1,"lncRNA:CR45251"
6.44357145270972,-0.547100591099241,0.987673491798366,-0.553928596486957,0.579627713476104,1,"lncRNA:CR45267"
6.93925631655294,0,1.97827166377098,0,1,1,"lncRNA:CR45286"
11.2580350534843,0.141338072431531,0.655255471385904,0.215699186963815,0.829222235010537,1,"lncRNA:CR45290"
6.54889621346568,0,1.98005250197381,0,1,1,"lncRNA:CR45294"
10.2348111230711,-0.468340744595484,1.85418176273563,-0.252586210266949,0.800587987171933,1,"lncRNA:CR45303"
6.5638065456794,0,2.04748464563758,0,1,1,"lncRNA:CR45322"
16.0451189620411,0.0534340339246514,0.709605808569185,0.075301009771035,0.939975218084322,1,"lncRNA:CR45327"
8.02974284408159,0,1.94339530997229,0,1,1,"lncRNA:CR45335"
5.3956816557264,0,1.98408676007399,0,1,1,"lncRNA:CR45336"
9.35648171680859,-0.315382017870885,0.757955771345488,-0.416095542502478,0.677340091588649,1,"lncRNA:CR45345"
9.1792447276716,0.0804983702862251,0.771298992955353,0.104367270048912,0.916877895520384,1,"lncRNA:CR45359"
8.37878606388291,0.119050698139052,0.986661203762963,0.120660159419477,0.903960216544808,1,"lncRNA:CR45361"
4.71290574601092,0,2.08773915290689,0,1,1,"lncRNA:CR45379"
12.9343086406278,0,1.92755277315928,0,1,1,"lncRNA:CR45383"
7.03614930667173,0.530721213340146,1.0576821712468,0.501777592331477,0.615823976929962,1,"lncRNA:CR45414"
4.78053158249628,0,2.03894352617312,0,1,1,"lncRNA:CR45415"
14.3764827934022,0,1.90588049209897,0,1,1,"lncRNA:CR45423"
14.0383430877062,0,1.91757194123122,0,1,1,"lncRNA:CR45430"
12.9910439268076,0.24848219916545,0.771003818507914,0.322284005864362,0.747237548745023,1,"lncRNA:CR45432"
11.2284460694142,0,1.93570119670597,0,1,1,"lncRNA:CR45434"
7.62637081863791,-1.01313388129105,1.95409446850464,-0.518467196760629,0.604132341458054,1,"lncRNA:CR45435"
4.92876812835944,0.432602249167302,2.0035687713135,0.215915847442409,0.829053343980085,1,"lncRNA:CR45436"
15.2558063803292,0.430562346545811,1.91150988807352,0.225247250475773,0.82178693318984,1,"lncRNA:CR45448"
9.67708702442525,0,2.00416877543256,0,1,1,"lncRNA:CR45464"
15.7758163146226,0.0427433997791187,0.496445007114391,0.0860989619526374,0.931387748803683,1,"lncRNA:CR45473"
9.30551311698591,0,1.95924239030121,0,1,1,"lncRNA:CR45506"
5.27430322515086,0,2.05795782247507,0,1,1,"lncRNA:CR45521"
7.84934702395206,0.383900084631925,0.896674692469268,0.428137526191063,0.668550997172081,1,"lncRNA:CR45533"
12.6734742947856,0,1.93544854790784,0,1,1,"lncRNA:CR45547"
6.87277273488426,-0.791047458665663,1.37808656869115,-0.574018698561853,0.565955148051711,1,"lncRNA:CR45551"
35.7213676496401,0,1.88586809809556,0,1,1,"lncRNA:CR45560"
8.05770115190879,0,1.99330558092309,0,1,1,"lncRNA:CR45562"
19.7757906934931,0,1.89685819365752,0,1,1,"lncRNA:CR45563"
16.4980865454772,0,1.91300359710041,0,1,1,"lncRNA:CR45576"
8.87829056515557,0,1.93935943283832,0,1,1,"lncRNA:CR45579"
9.77432380934726,0,1.92962671140687,0,1,1,"lncRNA:CR45589"
4.7288766325823,0,2.12978002950636,0,1,1,"lncRNA:CR45590"
12.8247858020337,-0.277241879289877,0.617320653421379,-0.449105141312408,0.653355811791044,1,"lncRNA:CR45591"
4.18030774617416,-1.01313602915714,2.02126169163052,-0.501239415634431,0.616202637491562,1,"lncRNA:CR45598"
9.21366334602875,0,1.93400164643282,0,1,1,"lncRNA:CR45599"
5.89562500584631,0,1.98038750970282,0,1,1,"lncRNA:CR45613"
23.4445396480132,0,1.89552863646271,0,1,1,"lncRNA:CR45630"
86.6009949751786,0,1.88027298655226,0,1,1,"lncRNA:CR45653"
30.2445749593907,0,1.90004005387815,0,1,1,"lncRNA:CR45654"
12.3191174571434,0,1.94971015105638,0,1,1,"lncRNA:CR45726"
7.10451318040007,0,1.95019269081512,0,1,1,"lncRNA:CR45742"
7.6955422461663,-0.488273940757688,1.08384510787501,-0.450501586628923,0.65234881039756,1,"lncRNA:CR45758"
11.6033955350727,-1.01313012932907,1.95312938216174,-0.518721462378355,0.603954992719978,1,"lncRNA:CR45809"
13.2378564575106,0,1.91808415096635,0,1,1,"lncRNA:CR45876"
42.4812118087779,0,1.90225047641133,0,1,1,"lncRNA:CR45877"
5.90460806821918,0,2.00267702342515,0,1,1,"lncRNA:CR45878"
5.79857643069654,-1.01313513115338,1.96462777957173,-0.515688081828014,0.606072279967685,1,"lncRNA:CR45921"
7.23493132804746,0,2.03485172494319,0,1,1,"lncRNA:CR45942"
5.89615475764342,0,1.99339114829918,0,1,1,"lncRNA:CR45956"
5.18043949984557,0,2.05662595458723,0,1,1,"lncRNA:CR45958"
10.3519809992367,0,1.9394538804311,0,1,1,"lncRNA:CR45959"
6.01251462635588,0,2.01278257009948,0,1,1,"lncRNA:CR45961"
4.5979340359896,0,1.98601505825775,0,1,1,"lncRNA:CR45980"
6.30642454950107,0,2.06336175452359,0,1,1,"lncRNA:CR45991"
6.25740682794189,0,2.09468992767314,0,1,1,"lncRNA:CR46001"
14.4562958574277,-0.224637976242396,0.723344150930543,-0.31055476975021,0.756139116492662,1,"lncRNA:CR46006"
67.8319792905609,0,1.87729739474326,0,1,1,"lncRNA:CR46007"
15.027458606814,0,1.91024031258809,0,1,1,"lncRNA:CR46009"
13.0580579042175,0,1.91111295314539,0,1,1,"lncRNA:CR46010"
9.91454680808985,0,1.93259998344838,0,1,1,"lncRNA:CR46016"
8.12043697806014,0,1.95544962477682,0,1,1,"lncRNA:CR46017"
17.9547098741532,0,1.913244298767,0,1,1,"lncRNA:CR46023"
5.33160361990663,0,2.00007662845818,0,1,1,"lncRNA:CR46024"
18.5289028473977,0.119552294742086,0.456410986664491,0.261940001961367,0.793367698891781,1,"lncRNA:CR46041"
216.039435440828,0.107863005593596,0.196612491912353,0.548607082614464,0.583275124239255,1,"lncRNA:CR46064"
4.2221976983223,0,2.05109872946086,0,1,1,"lncRNA:CR46076"
4.86215922175489,0.425627595667806,2.06325761309257,0.206289119190426,0.836565077380894,1,"lncRNA:CR46087"
49.5730336340406,0.196340098438547,0.538974446927202,0.364284614155496,0.715645487860126,1,"lncRNA:CR46108"
39.9336508703356,0,1.88645154833434,0,1,1,"lncRNA:CR46111"
4.72338746547026,0,2.0481150002312,0,1,1,"lncRNA:CR46113"
23.0067198986788,-1.01312874427137,1.89459149224421,-0.534747859060257,0.592824222458674,1,"lncRNA:CR46115"
8.97626890496106,0,1.99311707489297,0,1,1,"lncRNA:CR46120"
5.32604149820502,0,1.98782476721222,0,1,1,"lncRNA:CR46125"
19.1915161386019,0,1.91450192687985,0,1,1,"lncRNA:CR46127"
3.72639048039985,0,2.1498452170361,0,1,1,"lncRNA:CR46203"
7.86378078731737,0,1.97943165094202,0,1,1,"lncRNA:CR46215"
5.84785499966134,0.5490718931572,1.62755286570035,0.337360404524206,0.735845229455784,1,"lncRNA:CR46218"
6.874725233692,-0.0616565947898619,1.46810077333719,-0.0419975221794265,0.966500673390395,1,"lncRNA:CR46230"
6.53916918193643,0,1.96128874306786,0,1,1,"lncRNA:CR46238"
8.58529001389934,0,1.95413603385027,0,1,1,"lncRNA:CR46260"
19.572646737737,-0.0891063580334318,0.57343453370926,-0.155390637981022,0.876513364328584,1,"lncRNA:CR46472"
266.943055523866,0.0767227712283849,0.341066503517243,0.224949593223557,0.822018488012006,1,"lncRNA:Hsromega"
7.75290726822113,0,1.99100552704395,0,1,1,"lncRNA:TS11"
7.8121364488297,0,1.98461230590583,0,1,1,"lncRNA:TS16"
7.8041000848081,-0.0405088434454814,0.788847490202731,-0.0513519329763865,0.959045086129438,1,"lncRNA:alphagamma-element:CR32865"
12.0499520256123,0.304759668374534,0.603955558577288,0.504606115543407,0.613835513649228,1,"lncRNA:let7C"
10.5732862230319,0,1.94253263161083,0,1,1,"lncRNA:roX2"
93.2864778037333,-0.167902196022477,0.31738786578393,-0.529012650208816,0.596796674429023,1,"lolal"
10.8425673819702,-0.200155506708865,0.735964192700461,-0.271963648087875,0.78564997077598,1,"loqs"
4734.01007029107,-0.0577312110527095,0.134773725770763,-0.428356571153227,0.668391538003387,1,"lost"
7.31513691029148,0.543448590622937,1.06597788115494,0.509812258049982,0.610182997052034,1,"lqf"
368.470732794033,0.0813527051725044,0.144820109888743,0.561750058296484,0.574286323024643,1,"lqfR"
233.132327034412,0.0415538846751245,0.219406673780238,0.189392072534428,0.849785537236617,1,"lsn"
18.2439730545484,0.314261060021498,0.569040101824792,0.552265225269236,0.580766652180741,1,"ltl"
81.4909932245218,-0.180006555704343,0.314973166172026,-0.571498067254499,0.567662070098216,1,"luna"
110.786378771662,0.0152316859748202,0.242459166286293,0.0628216545001016,0.94990852212801,1,"m-cup"
565.562791302402,-0.100455683395903,0.190801613692682,-0.526492839613525,0.598545825756713,1,"mEFG1"
188.101162136098,-0.0868098177498585,0.187655385631977,-0.462602325307661,0.643649441589368,1,"mRF1"
844.964433783281,-0.00331107355911912,0.177446084111917,-0.0186596034265304,0.985112654434928,1,"mRpL1"
711.110441824989,-0.0387448702595397,0.165800663696158,-0.233683444901901,0.815230741005247,1,"mRpL2"
483.590500843937,0.0566128127755293,0.203321050596997,0.278440489114636,0.780674242046413,1,"mRpL22"
677.253229429755,-0.0862414180335665,0.213634186765131,-0.403687346765244,0.686442645399284,1,"mRpL37"
781.465572681305,-0.0111265305535628,0.182490394830231,-0.0609704996469192,0.951382703203033,1,"mRpL39"
420.527814786246,-0.00923740493649209,0.249596838670504,-0.0370093026245677,0.970477588401418,1,"mRpL43"
680.77061450893,-0.0651101391084542,0.217861096904248,-0.298860788060159,0.765046267047144,1,"mRpL47"
1047.28665200611,-0.0256263988575049,0.180105559473172,-0.14228544045206,0.886854546353545,1,"mRpS22"
694.191798609606,0.0114448464560411,0.196176430054312,0.0583395592063357,0.953478157468331,1,"mRpS29"
41.7061375187096,-0.169713801721632,0.357897363191132,-0.474196848527765,0.635359540491107,1,"mRpS30"
656.610469372172,0.0140935262813268,0.213703326675945,0.0659490261595128,0.947418408279166,1,"mRpS31"
66.1209658716471,-0.0285342311026641,0.267720141629174,-0.106582309904003,0.915120353284625,1,"mRpS5"
1514.23558387248,0.0177642879593424,0.17189128172656,0.103346067240347,0.917688314956642,1,"mRpS9"
239.424165133238,-0.0704558514500452,0.174136004036052,-0.404602436124918,0.685769767562441,1,"mTTF"
308.097246928851,0.0360789968459984,0.193636686428284,0.186323147289348,0.852191356378841,1,"mTerf5"
194.840534385834,-0.00683061703599825,0.216690306999039,-0.0315224853875376,0.974852860307602,1,"mab-21"
186.148016193844,0,1.8711377094525,0,1,1,"maca"
289.45426675453,-0.108521016725561,0.1977117003035,-0.548885152264509,0.583084268258447,1,"mago"
27.3341555990642,0.0857792143131511,0.444007397284272,0.193193209928058,0.846807656259354,1,"mbl"
58.2288365261833,-0.089080400638653,0.341666046384558,-0.260723597153665,0.794305667370234,1,"mdlc"
6.43899789464149,0.138286440248124,1.29350966265796,0.106907929828655,0.914862022155408,1,"mei-S332"
7.27409385220519,0.293225640669504,0.791333875301096,0.370546048667428,0.710975672490183,1,"mei-W68"
66.2187757511002,-0.113680298060586,0.294967363461206,-0.385399580233684,0.699941393528495,1,"meng"
8.94129440184348,0.22614439824664,0.888321736527629,0.254574878613933,0.799051463991057,1,"meso18E"
9.19902902934775,0.373709400105345,0.891174066567554,0.41934501252345,0.674964004435099,1,"mfas"
2256.41324628375,-0.0186553827459649,0.151418322291233,-0.12320426262605,0.901945350200334,1,"mfrn"
141.425431773337,0.0382768000425636,0.261814119320192,0.146198379758702,0.883764784583817,1,"mi"
28.5343325429216,0.0759476709609681,0.454556505263936,0.167080814115441,0.867306461924915,1,"mib1"
8.16723870816321,-0.194321793272831,0.77589558781073,-0.250448380330567,0.802240619323396,1,"mid"
19.9083566862449,0.173783819980746,0.606540139330219,0.286516602466985,0.774482479307461,1,"mino"
11.7545403451441,0.224654641205747,0.707847104903055,0.317377354021269,0.750957288540686,1,"mip120"
243.548758225449,-0.0583447212539117,0.214040464823591,-0.272587341379578,0.78517044368666,1,"mip130"
235.168686954433,-0.0606550073914903,0.278906973254852,-0.217473972355889,0.827838988667885,1,"mip40"
7.27562646775783,-0.07452085611954,0.709713394167818,-0.105001338190778,0.916374746868527,1,"mir-4953"
32.5605144224884,-0.136532990043176,0.497884589796362,-0.274226181812574,0.783910808866263,1,"mir-4954"
65.7240145315095,-0.151895450929671,0.363237007543406,-0.418171738493688,0.675821557231556,1,"mle"
135.566245876617,-0.0776003620952002,0.259765307394712,-0.298732586246734,0.76514409150306,1,"mlt"
87.821422830188,0.0356881370515414,0.284758065307469,0.12532792359369,0.900263946631458,1,"mof"
42.5034151062632,-0.164902628576808,0.384593689991154,-0.428771019567694,0.668089871023731,1,"mon2"
678.417768240891,0.0531211999622645,0.196389336810923,0.270489227291437,0.786783903531971,1,"mop"
279.80101824566,0.0885508364959861,0.174525015093158,0.507381915702567,0.61188687210102,1,"morgue"
304.181610175628,0.0431625572469365,0.175931983611133,0.245336614531329,0.806195803556525,1,"mr"
125.95890249566,-0.0180676267226738,0.27974605639229,-0.064585813847318,0.948503780035727,1,"mre11"
16.3311241194932,0.285812606574928,0.520447164239623,0.549167381846537,0.582890586850033,1,"mrt"
14.5808359346252,0,1.91503020167734,0,1,1,"ms(2)35Ci"
25.7371019959669,0.0536176285907637,0.60891791719445,0.0880539512415785,0.929833795737906,1,"msd1"
75.6464135304277,0.111750354529903,0.312008667204168,0.358164263612514,0.720220389119105,1,"msl-1"
228.288311247035,0.0831779188936495,0.22394084241357,0.371428087869911,0.710318708360889,1,"msl-3"
19.1607164703935,0.259414128845157,0.697992079311231,0.371657697177801,0.710147725078455,1,"mtSSB"
138.655734190365,-0.0493532103792886,0.208816236509719,-0.236347571454251,0.813162975662463,1,"mtTFB2"
157.840298292054,-0.0270912279854991,0.235381175892772,-0.115095134021424,0.908369716762433,1,"mtd"
23.9989968381895,-0.16931176627416,0.522323398460291,-0.324151218906253,0.745823551425164,1,"mthl10"
13.1717434746502,0.118695216697938,0.576640062541881,0.205839351804172,0.836916401050569,1,"mtrm"
121.960334922641,-0.0391282221344742,0.253618589108468,-0.154279787897329,0.877389133425289,1,"mub"
680.427898129105,-0.0283692940140238,0.177139786250394,-0.160152016746383,0.872761326500236,1,"mura"
12.3614377308016,-0.0823861607625367,0.678027035172073,-0.121508666305066,0.903288150847273,1,"mwh"
130.172489053362,0.0438336367557891,0.245260689710915,0.178722635117169,0.858155495084266,1,"myo"
15.3142360161688,0.135946018169282,0.641659452830646,0.211866306293103,0.832211337542034,1,"mys"
284.122992691812,-0.0588815532656152,0.270077312889291,-0.218017398928105,0.827415555099046,1,"nAChRalpha1"
102.744379026003,-0.109179025136599,0.354420860981142,-0.308049094047001,0.758044975840722,1,"nAChRalpha5"
882.755563014882,0.103834264866481,0.221096737786714,0.469632731382255,0.6386174355102,1,"nAChRbeta1"
20.7701767677002,-0.165589839629594,0.604324611597991,-0.27400810169179,0.784078395605534,1,"nSyb"
79.3264368194699,-0.0823936871960099,0.271528017989905,-0.303444513041277,0.761551127250011,1,"nac"
69.2144582019978,0.00444614383426858,0.310723898327396,0.0143089857529526,0.988583470771791,1,"nahoda"
179.504082448115,-0.0805884553599734,0.221530460261932,-0.363780471835285,0.716021946204335,1,"nclb"
330.105463150015,0.0769327866310774,0.208196185818967,0.369520634244341,0.711739695875471,1,"ncm"
6.12995508903793,0.185674869830011,1.06979842246383,0.173560612851145,0.862210788526248,1,"ndl"
255.974215441214,0.0245098095388413,0.255332502191051,0.0959917336356261,0.923527137848168,1,"nemy"
46.116267050244,0,1.88032957680798,0,1,1,"nht"
46.1854722892809,0.0759106140086868,0.360880335874136,0.210348435374883,0.83339573483998,1,"niki"
78.9985635920283,-0.0120346728334886,0.284466665082566,-0.0423060917524224,0.966254689119572,1,"nito"
41.3510222770465,0.0705247109804215,0.479344493252675,0.147127404138648,0.883031459873528,1,"nmdyn-D6"
7.48572437180704,-0.0440482885901301,0.818389996951048,-0.0538231023769037,0.957076103160119,1,"noc"
174.583086606226,0.0267670314871821,0.240714666720214,0.111198174385833,0.911459199285129,1,"nocte"
255.269073274132,-0.0751238916160633,0.176786633845613,-0.424941014950647,0.670879674421127,1,"noi"
28.3205365797915,0.0889542826727894,0.415318717906288,0.214183177491319,0.830404214109031,1,"nom"
426.818206153007,-0.0120555714430585,0.187469433103596,-0.0643068645564022,0.948725887645053,1,"nop5"
43.8933905312663,0.212020120598407,0.44824710333747,0.472998306112386,0.636214387667534,1,"nrv3"
26.8568379917181,0.158579466012032,0.497405414878418,0.318813308557958,0.749868085731789,1,"nvd"
531.443566229754,0.168465122976766,0.300010734570942,0.561530317299131,0.574436068700937,1,"obst-E"
6.94739804693516,0.0368320690505752,0.717136297212743,0.0513599286408017,0.959038714919605,1,"obst-H"
42.5753671561785,0.200188735883467,0.387948968813478,0.516018218828456,0.605841684690094,1,"odd"
400.010428552801,-0.0279880540963734,0.218611237478495,-0.128026602928528,0.898127920184923,1,"ogre"
68.6582075070426,0.146694105915245,0.255039148171939,0.575182700250979,0.565167741493759,1,"okr"
104.455751419747,0.0800538261861603,0.336491396746381,0.237907497666272,0.811952840161024,1,"olf186-M"
28.8766400705568,0.169078922504467,0.431504042689056,0.391836242021738,0.695179214744748,1,"ome"
10.7146585523706,0.285517731260967,0.756841529061916,0.377249028095562,0.7059885480922,1,"onecut"
310.923127787186,0.065997781130845,0.313957961030256,0.21021215997923,0.83350208930778,1,"orion"
19.6378142017018,-0.0313944630497168,0.513732133106657,-0.0611105691595874,0.951271151912316,1,"p130CAS"
8.38891478578348,0.0167197270480176,0.695843733158148,0.0240279911297521,0.980830281456349,1,"p24-1"
395.890556381983,0.0046095338655637,0.159322123154297,0.0289321644370729,0.97691869284213,1,"p38b"
36.0623910483857,-0.0796121227273672,0.396756404791536,-0.200657435559728,0.840966444215978,1,"pHCl-1"
39.7080564321876,0.0543409538198813,0.449321265903083,0.120940088848593,0.903738488891539,1,"papi"
111.850679683891,-0.00527796080679046,0.235045353377509,-0.02245507401422,0.982084948697114,1,"par-6"
675.792010088962,0.153311334615824,0.296972340901355,0.516247857125352,0.605681309270676,1,"para"
606.478639371739,-0.0545880101186616,0.309403186403751,-0.17643001920293,0.859956122638742,1,"pcs"
196.250284745556,0.0668869375584123,0.18749800905546,0.356734121580075,0.721290858657449,1,"pea"
45.6577203362401,0.127157364339476,0.334603842747802,0.380023622249065,0.703927880251617,1,"peb"
240.859255946202,-0.0143551249668406,0.172222080075564,-0.0833524073135228,0.933571330224042,1,"peng"
9.33450597903861,0.112971270186025,0.673064083615187,0.167846231787067,0.866704250692191,1,"phol"
10.0227264448186,-0.453668014654903,0.876040031384876,-0.517862196248873,0.604554419661781,1,"phu"
104.380814879729,0.0557907992099607,0.303999509338745,0.183522662030988,0.854387939003291,1,"phyl"
540.120446059911,0.0129602193392826,0.1427646485562,0.0907803120054663,0.927667154190249,1,"pic"
33.6102013461951,0.130386443880159,0.383279280227816,0.34018651830764,0.733716070234076,1,"pita"
7.14969638914531,-1.01313357548417,1.94435131472054,-0.5210650810961,0.602321435192479,1,"pix"
27.5684199372876,0.0867033474142719,0.493533720339205,0.175678669645269,0.860546393818619,1,"pk"
437.29164402472,0.466810444332616,1.04204694590325,0.447974485379812,0.654171610657463,1,"pkm"
36.3183695184038,0.4084752890563,0.784403114720211,0.520746643391388,0.602543276889692,1,"polo"
16.6835555501312,0.0955657291665502,0.523726139742243,0.182472712195698,0.855211767350992,1,"pon"
471.107531692081,-0.0940635493725569,0.177924514314117,-0.52867110378333,0.597033625908915,1,"pont"
95.9274893240193,-0.0557438438448159,0.238432923068366,-0.233792561561779,0.815146024580142,1,"ppan"
41.3059339473293,0.131264635085987,0.465576216964816,0.281940164258664,0.777989391629644,1,"ppk12"
21.0354453954642,0.209387402069275,0.473497764887315,0.442214129815599,0.658334262236623,1,"ppk18"
7.09866012903259,-0.16875875755869,0.949148455264445,-0.177800170903372,0.85887991312614,1,"ppk23"
31.3544153436,0.0850197615365851,0.497744183966164,0.17081015564888,0.864373043381026,1,"prage"
6.99131883758549,0,2.0560168694103,0,1,1,"prd"
20.3515647577299,0.179232410803517,0.687204711486344,0.260813710685799,0.794236170699724,1,"prom"
14.6718583460099,0.343746155769191,0.654918913852925,0.524868267656088,0.599674770020091,1,"pros"
84.527664115025,0.147262764036218,0.367385084675664,0.400840344855658,0.68853767303066,1,"prt"
28.4681911426126,0.00946922556979382,0.529241911058797,0.0178920553567834,0.985724966907885,1,"ps"
332.954563842973,0.0248312133266792,0.150497104018132,0.164994625568925,0.868948212256296,1,"pths"
84.7945568618519,0.190174620740113,0.327020840350262,0.581536701258618,0.56087879019506,1,"puc"
60.4514677958903,0.141572059249095,0.289206912785126,0.48951824106044,0.62447484360687,1,"put"
1414.1988304874,0.0620275008355636,0.177778500392824,0.348903274009547,0.727161927155909,1,"pyd3"
365.641606834087,-0.0118964678048724,0.17239711817127,-0.0690061871745077,0.944984694588654,1,"pygo"
154.545887920994,-0.0455725101528052,0.260716981107756,-0.174796861942682,0.861239254184484,1,"pyr"
57.169376818819,-0.0729669955216592,0.34125909067589,-0.213817001554867,0.830689766221065,1,"qkr58E-1"
9.86751397826512,0.0155224962517192,0.765743182232576,0.0202711517541198,0.983827068622345,1,"qvr"
136.02507482942,-0.0938299345186752,0.213098318727122,-0.440312880360296,0.659710513137584,1,"r-l"
19.7773999138904,-0.315931868202402,0.579737978561708,-0.544956307651619,0.585783568164078,1,"r2d2"
120.646213396454,0.0566341503383736,0.262169871829775,0.216020818651296,0.828971519734707,1,"rasp"
17.0824860835467,0.334164784093334,0.574779704597546,0.58137888554592,0.560985124722177,1,"raw"
10.5609174548429,-0.295844814481901,0.632655395410655,-0.467623949195705,0.640053535238081,1,"rb"
824.012636622198,0.0959707381171633,0.217611030396054,0.441019639227367,0.659198779220333,1,"rdgA"
214.045984934258,0.0874374793434055,0.213439434694718,0.409659440245741,0.68205578712755,1,"rdgBbeta"
8.9462895878228,-0.0154617857845318,0.865672632330777,-0.0178610079689152,0.985749735181397,1,"rdgC"
242.647003670557,-0.153500515681503,0.353230573081257,-0.434561805742087,0.663880523604521,1,"rdx"
179.273205427657,-0.0436891602757276,0.20810340975883,-0.209939665699657,0.833714763274703,1,"repo"
133.306509749371,0.748163883180816,1.62790001706681,0.459588350228582,0.645811722681987,1,"retinin"
11.4132582315309,0.103540919656177,0.653699557811381,0.158392213087672,0.874147749381783,1,"rgr"
13.6510074743436,0.179160537305982,0.537767883569034,0.333155888962608,0.73901661338245,1,"rhi"
20.0402107308853,0.168540609896951,0.459459483645529,0.366823661054256,0.713750557147177,1,"rho-4"
999.37303001093,-0.0775104672954289,0.18100962870606,-0.428211846239946,0.668496892387666,1,"rin"
16.5319001207139,0,1.95161797331974,0,1,1,"robl62A"
71.1621066479302,-0.19725295481828,0.348604898176854,-0.565835293336039,0.57150575190246,1,"robo3"
68.3168929294931,0.152020302297989,0.354895082366929,0.428352800168739,0.668394283057763,1,"rod"
7.32824457729945,-0.0528818947083825,0.779758144365956,-0.0678183294274949,0.945930252581141,1,"row"
17.1230841498517,-0.411433090243773,0.726083031675113,-0.566647438784755,0.570953737887971,1,"rump"
57.7574807001532,0.184660703686634,0.358894279150554,0.514526740642667,0.60688376958627,1,"s-cup"
388.990476908934,0.0457565516882473,0.217697118358302,0.210184461941006,0.833523706275974,1,"sNPF"
60.5387805646187,0.0552304034600784,0.279820836259458,0.197377737120574,0.843531950128369,1,"sNPF-R"
40.5842383585463,0.0854489839574259,0.35194375894623,0.242791587534533,0.808166852793503,1,"sad"
20.1874489799486,0.107791976877985,0.53774064826972,0.200453466229167,0.841125947903849,1,"sage"
30.9824926175142,0.0380364322011847,0.494042725368288,0.0769901675464002,0.938631366912437,1,"salr"
12.7142447454189,0.0861542647265127,0.573172402089257,0.150311257856229,0.88051905141432,1,"sals"
14.5315129260584,-0.0251556590110954,0.711022936664751,-0.0353795323806218,0.971777105287293,1,"sbb"
221.229267993858,-0.0655801695194752,0.20337526586895,-0.32245892458591,0.747105050634761,1,"sbr"
30.7214786593269,0.237234329036342,0.445445200528584,0.532578033739795,0.594325711190349,1,"sca"
52.6587999963352,-0.0690039564911835,0.388528917667853,-0.1776031418855,0.859034656907113,1,"schlank"
183.972048313717,0.103006087122369,0.202450749727612,0.508795780015432,0.61089537767223,1,"scramb1"
782.023768409174,0.0504711340758879,0.166290831415127,0.303511225762604,0.761500293784995,1,"scramb2"
366.713306533202,-0.0398560019700204,0.25080581409062,-0.15891179442762,0.873738368170427,1,"scrt"
543.067824930956,-0.196541881103009,0.376941350093494,-0.521412365754672,0.602079539036714,1,"scyl"
13.3234769323951,-0.0748406836142125,0.550671503253888,-0.135908038044429,0.891893980999572,1,"sd"
13.6230341683179,0.430338377735521,1.90174340306815,0.226286247156815,0.820978794177297,1,"sea"
226.183633759397,-0.115690014805387,0.223147071329412,-0.518447381433941,0.604146163511334,1,"senju"
16.4865980545473,-0.328449870767562,0.717589413596671,-0.457712815356792,0.647158779714285,1,"serp"
441.220583439022,-0.00453262614246881,0.206674476015641,-0.0219312332603944,0.982502810223525,1,"sev"
61.7833189107018,-0.02700979775363,0.385786302194387,-0.0700123296239289,0.944183846099279,1,"shep"
776.948852682098,0.0851624959033506,0.167038379128702,0.509837896820908,0.610165033343365,1,"shg"
157.015071482738,0.0826377001871349,0.307369516176538,0.268854573527948,0.788041595278445,1,"shot"
215.785124963068,0.213362946712384,0.9947583098212,0.214487222278881,0.8301671302598,1,"shps"
36.5597947041331,-0.107631993957863,0.402430107182071,-0.267455123354295,0.789118762321661,1,"shu"
353.613001514239,0.0545739362155946,0.185491385107174,0.294212780739453,0.768595315012206,1,"shv"
53.61862045216,0.156069041362733,0.380326587461987,0.41035532752054,0.681545311298507,1,"side"
10.7426359463407,0.303669734544003,0.613120407186749,0.495285642077004,0.620398504491212,1,"side-VIII"
863.947840700989,0.0216473469572929,0.250801487793576,0.0863126736118485,0.931217863989533,1,"sinu"
8.24513678673406,0.334751067508609,0.710886493588524,0.47089242871784,0.637717555070251,1,"sisRNA:3"
39.1666633423593,-0.188215882782174,0.375057627618029,-0.501831902413299,0.615785770091243,1,"sktl"
9.74580508014298,-0.172113067124965,0.802298358699097,-0.214525014614316,0.830137662153808,1,"slf"
36.8788816889749,0.0721536511481595,0.363129404676716,0.198699555086694,0.842497772073985,1,"slif"
34.1332176799206,-0.212790557896818,0.37267879225529,-0.570975763362069,0.568016072047966,1,"slp1"
18.1969691759077,-0.244491818811053,0.538711559586048,-0.45384550314629,0.64994003002635,1,"slpr"
92.8846723628735,-0.0179075323899002,0.286274372375586,-0.0625537390626287,0.95012186810853,1,"smg"
106.802988998793,0.0808937642588814,0.289545838715631,0.279381546692953,0.779952031103067,1,"smog"
20.6223307722432,0.20976573908195,0.606654692484447,0.345774526564514,0.729512170515374,1,"snRNA:7SKa"
94.7607763730079,0.0451453095261262,0.302413971910743,0.149283147339009,0.881330212735419,1,"snRNP-U1-70K"
6.64962031696306,0.407484149272916,0.80335123015345,0.50723037941335,0.611993181533084,1,"snoRNA:Psi28S-1232"
7.71577129933059,-0.422506062797791,0.755781143920662,-0.559032288905773,0.57613968406522,1,"snoRNA:Psi28S-3385a"
25.2496167923442,0.122034599480828,0.548000373774568,0.222690723074268,0.823776221992017,1,"snsl"
21.2535821608172,0.264608573775027,0.519560539030709,0.509293054219784,0.610546825779088,1,"sordd1"
1178.97068588117,-0.465590539384575,1.26330844273432,-0.368548585313689,0.712464224655609,1,"soti"
26.8511877507028,0.028382422525074,0.42556105909751,0.0666941251280481,0.946825211368786,1,"sowah"
325.334617844266,0,1.87673224111743,0,1,1,"sowi"
142.626930908873,-0.000371329261486836,0.241076383218183,-0.00154029713126552,0.998771021185876,1,"sp3"
281.690591730547,-0.0709316074983329,0.216448158833498,-0.327707141888403,0.743133102893788,1,"spab"
226.895460314006,-0.0973880852584281,0.203355758623319,-0.478904978731497,0.632006228901647,1,"spag"
122.625976326652,0.0736782447141716,0.258002917793807,0.285571362309376,0.775206439974406,1,"spd-2"
11.1553728003131,-0.316464960723782,0.727367042085354,-0.435082898197422,0.663502256382372,1,"spdi"
112.394464947407,0.0654030005821322,0.793259458195426,0.0824484346280806,0.934290121859739,1,"sphe"
10.3679110321622,-1.01313192100023,1.93555189426078,-0.523433096267958,0.600672897667861,1,"sphinx1"
1456.49000017985,-0.0334024490501345,0.139932433033804,-0.238704125455071,0.81133501756988,1,"spidey"
30.5311550326713,-0.0365517370129672,0.466126453540855,-0.078415924981961,0.937497206233218,1,"spir"
31.3103862571131,0.147421372448514,0.36903204708872,0.399481220158291,0.689538658660526,1,"spn-B"
61.5084098490577,0.138085416937813,0.453461825538276,0.304513873409081,0.760736424851981,1,"spz6"
39.6397999087855,0.0303452234879669,0.52633715729559,0.05765358395726,0.954024566792951,1,"sqa"
8.70635467638622,0.115691691729261,0.834391028881817,0.138654045554998,0.889723533560748,1,"sqh"
35.7866870403162,0.147020859569916,0.536990742279623,0.273786581395773,0.784248636248637,1,"sra"
14.3860677918444,-0.0402479382835666,0.539811193774989,-0.0745592880394089,0.940565367356752,1,"ss"
331.419064076874,0.084609601764137,0.172653561640117,0.490054192687315,0.624095551257625,1,"ssp"
18.7685202379326,-0.00977986107614171,0.461978545287487,-0.0211695135540456,0.98311043349004,1,"ssp6"
220.035420957524,-0.0432007626195653,0.287150191351146,-0.150446574373815,0.880412298351169,1,"st"
406.113661659962,-0.0351729914369046,0.211384410147337,-0.166393498046467,0.867847290437502,1,"stas"
835.048669817697,-0.0320758487937454,0.158889911889704,-0.201874671665822,0.840014703484541,1,"ste24a"
380.140568968394,0.0718559736181097,0.509320090870496,0.141082150313957,0.887805044588536,1,"ste24b"
612.400530856196,0.0522933886273474,0.416088700495481,0.125678463666704,0.899986450179478,1,"stw"
94.0108254082576,-0.0420042024954984,0.242101493146082,-0.1734983206822,0.862259747766877,1,"sud1"
46.3795771487358,0.195016517684261,0.347719971050313,0.560843592317117,0.57490416644528,1,"sun"
208.200509407538,-1.01311544585874,1.87747606034129,-0.539615639985619,0.589462128438824,1,"sunz"
7.07720773279724,-0.155114108231955,0.815513555320634,-0.190204205950899,0.849149115413939,1,"svr"
25.3893986636846,-0.247402500140141,0.541623452291791,-0.456779519227422,0.647829528135277,1,"sxe2"
8.09637103864294,-0.256653961379631,0.73974729940822,-0.346948155924257,0.728630267799172,1,"synr"
133.75033392352,0,1.87498182201822,0,1,1,"t-Grip128"
879.400977192174,0,1.8725257364925,0,1,1,"t-Grip84"
956.604745891993,0.532489757700748,1.45867653722412,0.365049923072103,0.715074140659117,1,"t-Grip91"
13.340751566439,-0.159115469690959,0.877819184833978,-0.181262237645276,0.85616174499457,1,"tapas"
22.5532776155805,-0.160927947227392,0.493376449037887,-0.326176791659211,0.744290599589806,1,"tay"
24.6274664747678,-0.0645931778984637,0.475575799433111,-0.135820994204203,0.891962793881591,1,"tbc"
32.250687722455,0,1.89095635405889,0,1,1,"tbrd-3"
192.413648156733,0.0956269635775431,0.226943063605103,0.421369845186988,0.673485035196739,1,"tefu"
24.974024371109,0.177059557526217,0.43748993666833,0.404716869317269,0.685685640768755,1,"temp"
83.3492865678672,-0.0752773323515394,0.27739147535922,-0.271375795719951,0.786102016012914,1,"tex"
107.851337644776,0.0254687775634374,0.253983694486933,0.100277215097947,0.920124246020584,1,"tgo"
56.5118574787121,-0.333078703170793,1.82155976890671,-0.182853568055417,0.854912915875428,1,"thetaTry"
317.168725144476,-0.0177811575849783,0.244930069532621,-0.0725968747688208,0.942126913732987,1,"ths"
177.503744418692,-0.191112749663816,0.446321409476734,-0.428195344444435,0.668508905499206,1,"thw"
132.136653084117,0.00636254365852319,0.285456987709121,0.0222889749856345,0.982217443385994,1,"tkv"
113.279279288131,-0.290876707469542,0.541279294836352,-0.537387463818443,0.591000000878212,1,"topi"
53.6361654439217,0.0700644851564596,0.311468554843838,0.22494882410068,0.822019086351507,1,"tos"
69.8611083221564,-0.0587760893401752,0.365430663130369,-0.160840606085665,0.872218942540096,1,"tou"
67.5730445261568,0,1.8777528392662,0,1,1,"tplus3a"
9.75759760390209,-0.42315296059881,0.887082001479461,-0.477016735649108,0.633350204455625,1,"tra"
179.614224570012,-0.0939455770990646,0.210378575745013,-0.44655486789173,0.655196488262186,1,"trol"
92.4989880521959,0.0921874038734594,0.228190529960547,0.403993118774027,0.686217779340151,1,"trsn"
58.9839991047821,0.188156977561691,0.398559254369517,0.472092858210851,0.636860509898111,1,"trv"
369.0361684957,0.0872464635212294,0.208778305955122,0.417890465784235,0.676027203662277,1,"tsh"
241.996912571608,-0.0569623755267796,0.210139918916886,-0.271068799399839,0.786338117947333,1,"tsu"
796.764581513535,0.53257339882498,1.19512417438902,0.44562181088609,0.655870452812329,1,"ttm2"
283.616890654367,0,1.87010082275279,0,1,1,"ttm3"
127.638946506033,0.0339179419545228,0.268765406018022,0.126199061319106,0.8995743543849,1,"ttv"
126.932263279547,-0.063348374925277,0.266488212316363,-0.237715486079634,0.81210177177148,1,"tutl"
467.900703572719,0.0562341578918385,0.229786477393105,0.244723529991002,0.806670507628419,1,"twin"
128.835035379961,0.0123902256455454,0.203725584445326,0.0608182113173448,0.951503986634375,1,"twit"
324.604313263493,-0.0793882579490622,0.203616794738276,-0.389890519841971,0.69661750434676,1,"twr"
61.5464304885934,-0.0946732756853532,0.580349820188703,-0.163131394879333,0.870414981343248,1,"twy"
8.89780103859594,0.402103752654075,0.807899633464522,0.497714983394324,0.618684945756153,1,"unc-45"
5.29086612200586,0,2.00149098133567,0,1,1,"upd1"
56.4764261815022,-0.056079334957368,0.335389865748591,-0.167206408673676,0.867207642017132,1,"uzip"
165.162458925502,0.132505324353926,0.262461330245785,0.50485656012579,0.613659586593726,1,"v"
92.5870729525221,-0.102870652836712,0.321215305714436,-0.320254517784919,0.74877539839243,1,"vg"
1046.95310759153,0.000215315195714083,0.183564882551179,0.00117296507219485,0.999064109493142,1,"viaf"
937.779420750111,0.0465987066261735,0.154275278571486,0.302049084322873,0.762614645434977,1,"vih"
10.1088630536333,0.187449267143411,0.779638088228374,0.240431130769105,0.809996047006832,1,"vilya"
139.099968347366,0.120545734782935,0.259438654099286,0.464640611097228,0.642188844621954,1,"vir"
93.6653875549074,0.120732899367171,0.252700138273471,0.477771402073847,0.632812917719848,1,"vito"
84.8011945561607,0.0125731825885608,0.297665433234256,0.0422393102616856,0.966307925452548,1,"vls"
23.3859747423797,-0.119558976239242,0.49521975887659,-0.241426102444827,0.809224884149862,1,"vnd"
31.7274782609171,0.127389112504441,0.399183569385927,0.31912413805109,0.749632380353334,1,"vvl"
525.907234616942,0,1.87175442564308,0,1,1,"wa-cup"
7.78307350302199,-0.454992821415412,0.900928314996453,-0.50502666398847,0.613540108284984,1,"wac"
143.694489296198,0.0268148478819552,0.252206220862796,0.106321120035111,0.9153275751993,1,"wake"
30.9337638531,-0.0668717402291201,0.413060995711111,-0.161893136663742,0.871390007670731,1,"wap"
120.442346705618,0.125734935876116,0.237973027330307,0.528357928991659,0.597250931870545,1,"wda"
10.5643069041492,0.0767723407090848,0.647589556106668,0.118550924710156,0.905631147461868,1,"wde"
190.562348067927,0.0953425588418928,0.215022181218266,0.443408016334426,0.657470638639011,1,"wdn"
20.5880290733179,-0.0590578040405536,0.584211155171594,-0.101089826029096,0.919479154325254,1,"wds"
41.9288313143852,-0.201448588856179,0.346460282105455,-0.581447857838038,0.560938650734407,1,"wech"
9.39344213099567,-0.215722295774323,0.669427787706475,-0.322248791782918,0.7472642237471,1,"wek"
5.72314415149345,-0.263550424978405,1.18658134121182,-0.222109025167418,0.82422901226038,1,"wgn"
351.793464978575,-1.01311238969978,1.87451179509742,-0.540467332533978,0.588874783765357,1,"whip"
272.07860842361,0.0299837649892773,0.199613190258212,0.150209337120916,0.880599459518941,1,"witty"
633.558609821914,0.0900467865984975,0.156918081302181,0.573845829946725,0.566072132543873,1,"wts"
178.865376785983,-0.0173841839777081,0.19711526091748,-0.0881929886950045,0.929723289815106,1,"wuho"
2022.47183472511,-0.0503105424336945,0.416300544338002,-0.120851493273202,0.903808663228097,1,"y"
116.784391986094,-0.0266378761305748,0.268210182334551,-0.0993171694628212,0.920886446554903,1,"yata"
9.9518296984524,-0.148986079338881,0.995768509912482,-0.149619191464465,0.881065066025841,1,"yellow-e2"
16.9556033184965,-0.0278826781845986,0.597959331407734,-0.0466297233274315,0.962808342000436,1,"yellow-g"
766.903018682671,-0.130716854175387,0.29056776711156,-0.449867015446347,0.652806332479126,1,"yellow-h"
2401.63412380491,-0.061028750036227,0.198808227844598,-0.306972959307959,0.758863954513493,1,"yip2"
8.15247830650127,0,1.94824869581284,0,1,1,"yip3"
80.5924417726476,0.727256169709348,1.79591645931738,0.404949888362721,0.685514346353355,1,"yip7"
6.49136252945955,-0.161447712501105,1.01119815866428,-0.159659816543145,0.873149056506519,1,"yuri"
61.2491561322006,-0.0754480471907567,0.378081391215065,-0.199555040115263,0.8418285932193,1,"zetaCOP"
5.18890692251669,-0.368307059818356,2.47859947980259,-0.148594826562172,0.881873355493611,1,"zetaTry"
403.76399341108,0.0147716804136488,0.182769501612906,0.0808213639764379,0.935584017651769,1,"zf30C"
43.4549287431397,0.185109155568867,0.321979138586718,0.574910400659426,0.565351895477793,1,"zfh2"
485.14280631377,-0.112963615333359,0.226081096119722,-0.499659711812166,0.61731470517648,1,"zip"
51.4849965797367,-0.164063570192411,0.381606329823591,-0.429928849105451,0.667247399078684,1,"zyd"
272.493056825755,0.205050819840609,1.21778385439184,0.168380307475017,NA,NA,"CG11786"
114.362072774107,-0.166439987283146,1.01592443882729,-0.163831069439842,NA,NA,"CG14598"
56.4458311884726,-0.330000326012281,1.61607708541363,-0.204198381989816,NA,NA,"CG3108"
1527.18626650465,-0.492064427433872,1.7740493198558,-0.277367952472633,NA,NA,"CG31862"
153.442533244137,0.0913228717081361,1.02226486501714,0.0893338652567354,NA,NA,"CG9411"
174.585951410705,0.392143906691216,1.37607362573666,0.284973056206412,NA,NA,"Mco3"
138.047530474649,0.0586038597907386,1.52145294269265,0.0385183518637272,NA,NA,"Osi7"
