1	21 May 26	16:45:00	1	0	1	0	Ct	0	1	0	0	0	0	6	22	0	2	0	0	2	2	4	5	2	0	0	1	0	3	11	17	7	9	0	4	11	1	0	0	0	0
2	21 May 26	16:50:00	1	0	1	0	Ct	0	1	0	0	0	0	2	8	0	0	0	0	2	0	0	0	0	0	0	1	23	0	0	16	2	4	0	0	4	0	20	0	0	0
3	21 May 26	16:55:00	1	0	1	0	Ct	0	1	0	0	0	0	0	0	0	0	0	0	0	0	9	13	0	0	0	0	0	0	0	27	4	0	0	0	1	0	0	1	0	0
4	21 May 26	17:00:00	1	0	1	0	Ct	0	1	0	0	0	0	0	0	0	0	0	0	0	0	1	16	0	0	0	0	15	0	0	12	0	0	0	0	0	0	0	0	0	0
5	21 May 26	17:05:00	1	0	1	0	Ct	0	1	0	0	0	0	2	0	0	15	0	0	0	0	4	0	0	0	0	0	0	0	0	23	0	0	0	0	0	0	0	0	0	0
6	21 May 26	17:10:00	1	0	1	0	Ct	0	1	0	0	0	0	7	0	0	0	0	0	4	0	0	0	0	0	0	4	0	0	0	34	0	0	0	0	0	0	0	0	0	0
7	21 May 26	17:15:00	1	0	1	0	Ct	0	1	0	0	0	0	8	0	0	0	0	0	0	0	0	0	0	0	0	0	0	0	0	20	0	0	0	0	0	0	0	0	0	0
8	21 May 26	17:20:00	1	0	1	0	Ct	0	1	0	0	0	0	6	0	0	0	0	0	12	0	0	0	0	0	0	0	0	0	0	8	0	0	0	0	0	0	0	0	0	0
9	21 May 26	17:25:00	1	0	1	0	Ct	0	1	0	0	0	0	5	0	0	0	0	0	0	0	0	0	0	0	0	0	0	0	0	14	0	0	0	0	5	0	0	0	0	0
10	21 May 26	17:30:00	1	0	1	0	Ct	0	1	0	0	0	0	20	0	0	0	0	7	0	0	0	0	0	0	0	0	2	0	0	33	0	0	0	0	32	0	0	0	0	0
11	21 May 26	17:35:00	1	0	1	0	Ct	0	1	0	0	0	0	3	0	0	0	0	0	0	0	0	0	11	0	0	0	2	0	0	9	0	0	0	0	1	0	0	0	0	0
12	21 May 26	17:40:00	1	0	1	0	Ct	0	1	4	0	0	0	5	0	0	0	0	0	0	0	0	0	3	0	0	0	0	0	0	5	0	0	0	0	0	0	0	0	0	0
13	21 May 26	17:45:00	1	0	1	0	Ct	0	1	3	0	0	0	7	0	0	0	0	14	0	0	0	0	28	0	0	0	0	0	0	5	0	0	0	0	0	0	0	27	0	0
14	21 May 26	17:50:00	1	0	1	0	Ct	0	1	2	0	0	0	4	0	0	0	0	1	0	0	0	0	0	0	0	0	1	0	0	0	0	0	0	0	2	0	0	0	0	0
15	21 May 26	17:55:00	1	0	1	0	Ct	0	1	0	0	0	0	1	0	0	0	0	0	0	0	0	0	0	0	0	0	11	0	0	11	0	0	0	0	0	0	0	0	0	0
16	21 May 26	18:00:00	1	0	1	0	Ct	0	1	0	0	0	0	0	0	0	0	0	0	0	0	0	0	0	0	0	0	4	0	0	18	0	0	0	0	11	0	0	0	0	0
17	21 May 26	18:05:00	1	0	1	0	Ct	0	1	0	0	0	0	0	0	0	0	0	5	0	0	0	0	0	0	0	0	0	0	0	7	0	0	0	0	1	0	0	0	1	0
18	21 May 26	18:10:00	1	0	1	0	Ct	0	1	0	0	0	0	0	0	0	0	0	0	0	0	0	0	0	0	0	0	0	0	0	13	0	0	0	0	0	0	0	0	5	0
19	21 May 26	18:15:00	1	0	1	0	Ct	0	1	0	0	0	0	0	0	0	0	0	0	0	0	0	0	0	0	0	0	0	0	0	17	0	0	0	0	1	0	0	0	0	0
20	21 May 26	18:20:00	1	0	1	0	Ct	0	1	0	0	0	0	0	0	0	0	0	0	0	0	0	0	0	0	0	0	0	0	0	16	0	0	0	0	0	0	0	0	0	0
21	21 May 26	18:25:00	1	0	1	0	Ct	0	1	6	0	3	0	0	0	0	0	0	0	0	0	0	0	0	0	0	0	0	0	0	24	0	0	0	0	1	0	0	0	0	0
22	21 May 26	18:30:00	1	0	1	0	Ct	0	1	4	0	0	0	0	0	0	0	0	12	0	0	0	0	0	0	0	0	0	0	0	7	0	0	0	0	0	0	0	0	0	0
23	21 May 26	18:35:00	1	0	1	0	Ct	0	1	0	0	0	0	0	0	0	0	0	0	0	0	0	0	0	0	0	0	0	0	0	10	0	0	0	0	0	0	0	0	0	0
24	21 May 26	18:40:00	1	0	1	0	Ct	0	1	0	0	0	0	0	0	0	0	0	0	0	0	0	0	0	0	0	0	0	0	0	22	0	0	0	0	0	0	1	0	0	0
25	21 May 26	18:45:00	1	0	1	0	Ct	0	1	22	0	0	0	0	0	0	0	0	0	0	0	23	0	10	0	0	0	0	0	0	23	0	0	0	0	3	0	0	0	0	0
26	21 May 26	18:50:00	1	0	1	0	Ct	0	1	0	0	0	0	0	0	0	0	0	0	0	0	1	0	2	0	0	0	0	0	0	18	0	0	0	0	0	0	0	0	0	0
27	21 May 26	18:55:00	1	0	1	0	Ct	0	1	0	0	0	0	0	0	0	0	0	0	0	0	0	0	9	0	0	0	0	0	0	11	0	0	0	0	0	0	0	0	0	0
28	21 May 26	19:00:00	1	0	1	0	Ct	0	1	0	0	0	0	0	0	0	0	0	7	0	0	0	0	1	0	0	0	0	0	0	4	0	0	0	0	0	0	0	0	0	0
29	21 May 26	19:05:00	1	0	1	0	Ct	0	1	12	0	0	0	0	0	0	0	0	22	0	0	0	0	0	0	0	0	0	0	0	4	0	0	0	0	0	0	0	0	0	0
30	21 May 26	19:10:00	1	0	1	0	Ct	0	1	0	0	6	0	0	0	0	0	0	2	0	0	0	0	0	0	0	0	0	0	0	0	0	0	0	0	0	0	0	0	0	0
31	21 May 26	19:15:00	1	0	1	0	Ct	0	1	0	0	3	0	0	0	0	0	8	0	0	0	0	0	0	8	0	10	0	0	0	6	0	0	0	0	0	0	0	0	0	0
32	21 May 26	19:20:00	1	0	1	0	Ct	0	1	8	0	0	0	0	0	0	0	0	0	12	0	0	0	0	0	0	0	0	0	0	19	0	0	0	0	0	0	0	0	0	0
33	21 May 26	19:25:00	1	0	1	0	Ct	0	1	3	0	4	0	0	0	0	0	0	0	2	0	0	0	31	0	0	0	0	0	0	16	0	0	0	0	0	0	0	0	0	0
34	21 May 26	19:30:00	1	0	1	0	Ct	0	1	0	0	1	0	0	0	0	0	0	0	0	0	0	15	16	0	0	0	0	0	0	0	0	0	0	0	0	0	0	5	0	0
35	21 May 26	19:35:00	1	0	1	0	Ct	0	1	0	0	0	0	0	0	0	0	0	0	1	0	0	3	39	0	0	12	0	0	0	0	0	0	0	0	0	0	0	0	0	0
36	21 May 26	19:40:00	1	0	1	0	Ct	0	1	0	0	0	0	0	0	0	0	0	0	0	0	0	0	11	0	0	0	0	1	0	0	0	0	0	0	0	0	0	2	0	0
37	21 May 26	19:45:00	1	0	1	0	Ct	0	1	0	0	2	0	0	0	0	0	0	0	0	0	0	0	17	0	0	0	0	0	0	0	0	0	0	0	0	0	0	23	0	0
38	21 May 26	19:50:00	1	0	1	0	Ct	0	1	1	0	12	0	0	0	0	0	0	0	0	0	0	0	40	0	0	0	0	0	0	0	0	0	0	0	0	0	9	0	0	0
39	21 May 26	19:55:00	1	0	1	0	Ct	0	1	4	0	0	0	0	0	0	1	0	0	0	0	0	0	2	0	0	0	0	0	0	0	0	0	0	0	0	2	16	0	0	0
40	21 May 26	20:00:00	1	0	1	0	Ct	0	1	0	0	0	0	0	0	0	0	0	0	0	0	0	0	0	0	0	0	0	0	0	0	0	0	0	0	0	0	30	0	0	0
41	21 May 26	20:05:00	1	0	1	0	Ct	0	1	0	0	0	0	0	0	0	0	0	0	0	0	0	0	0	0	0	0	0	0	0	9	0	0	0	0	0	0	1	0	0	0
42	21 May 26	20:10:00	1	0	1	0	Ct	0	1	0	0	5	0	0	0	0	0	0	0	0	0	0	0	0	0	0	0	0	0	0	0	0	0	0	0	0	0	0	0	0	0
43	21 May 26	20:15:00	1	0	1	0	Ct	0	1	0	0	2	0	0	0	0	4	0	0	4	0	0	0	0	0	0	4	3	0	0	0	0	0	0	0	0	0	0	0	0	0
44	21 May 26	20:20:00	1	0	1	0	Ct	0	1	0	0	0	0	0	0	0	1	0	0	7	0	0	0	0	0	0	13	0	0	0	0	0	11	0	0	0	0	1	0	0	0
45	21 May 26	20:25:00	1	0	1	0	Ct	0	1	3	0	0	0	0	0	0	6	0	0	0	0	2	0	0	0	0	0	3	0	0	0	0	0	0	0	0	0	0	0	0	0
46	21 May 26	20:30:00	1	0	1	0	Ct	0	1	12	0	0	0	0	0	0	0	0	0	0	0	0	0	10	0	0	0	0	0	0	0	0	0	0	0	0	0	0	0	0	0
47	21 May 26	20:35:00	1	0	1	0	Ct	0	1	0	0	0	0	0	0	0	0	0	0	0	0	0	0	6	0	0	0	3	0	0	2	0	0	0	0	0	0	0	0	0	0
48	21 May 26	20:40:00	1	0	1	0	Ct	0	1	0	0	0	0	0	0	0	0	0	0	0	0	0	0	0	0	0	0	23	0	0	0	0	0	0	0	0	0	0	0	0	0
49	21 May 26	20:45:00	1	0	1	0	Ct	0	1	0	0	0	0	0	0	0	0	0	0	0	0	5	0	0	0	0	0	0	0	0	0	0	0	0	0	0	0	0	0	0	0
50	21 May 26	20:50:00	1	0	1	0	Ct	0	1	1	0	1	0	0	0	0	0	0	0	0	0	0	0	0	0	0	0	0	0	0	0	0	9	2	0	0	0	4	0	0	0
51	21 May 26	20:55:00	1	0	1	0	Ct	0	1	16	0	2	6	0	0	0	2	0	0	0	0	0	0	0	0	0	0	0	0	0	0	0	6	6	0	0	0	8	1	0	0
52	21 May 26	21:00:00	1	0	1	0	Ct	0	1	0	0	0	0	0	0	0	0	0	0	0	0	0	0	0	0	0	0	3	0	0	0	0	3	0	0	0	0	0	29	0	0
53	21 May 26	21:05:00	1	0	1	0	Ct	0	1	0	0	0	0	0	0	0	0	0	0	6	0	0	0	0	0	0	0	1	0	0	0	0	1	0	0	0	0	3	0	0	0
54	21 May 26	21:10:00	1	0	1	0	Ct	0	1	4	0	0	0	0	0	0	9	0	0	39	0	0	0	0	0	0	0	2	0	0	0	0	0	0	0	0	0	3	0	0	0
55	21 May 26	21:15:00	1	0	1	0	Ct	0	1	5	0	0	2	0	0	0	4	0	0	1	0	0	0	0	0	0	9	0	2	0	0	0	0	0	0	0	0	13	0	0	0
56	21 May 26	21:20:00	1	0	1	0	Ct	0	1	0	0	0	0	1	0	0	1	0	0	2	0	3	0	0	0	0	0	0	0	0	0	0	0	5	1	0	0	0	0	0	1
57	21 May 26	21:25:00	1	0	1	0	Ct	0	1	0	0	3	0	35	0	0	4	0	0	0	0	12	0	0	0	0	0	0	2	0	0	0	0	1	0	0	0	0	0	0	0
58	21 May 26	21:30:00	1	0	1	0	Ct	0	1	0	0	3	0	0	0	0	0	0	0	0	0	19	0	0	0	0	0	0	0	0	0	0	20	2	0	0	0	0	0	0	6
59	21 May 26	21:35:00	1	0	1	0	Ct	0	1	0	0	4	5	2	0	0	0	0	0	0	0	4	0	0	0	0	0	1	6	0	0	0	0	0	0	0	0	0	3	0	3
60	21 May 26	21:40:00	1	0	1	0	Ct	0	1	0	0	3	3	0	1	0	0	0	0	0	0	0	0	0	0	0	0	1	4	0	0	0	0	0	1	0	0	0	0	0	2
61	21 May 26	21:45:00	1	0	1	0	Ct	0	1	7	0	1	0	0	0	0	0	0	0	0	0	0	0	8	0	0	0	0	9	0	0	0	3	0	0	0	0	0	1	0	2
62	21 May 26	21:50:00	1	0	1	0	Ct	0	1	0	0	0	3	0	0	0	0	0	0	0	0	0	0	13	0	0	1	0	2	0	0	0	2	0	0	0	0	1	10	0	0
63	21 May 26	21:55:00	1	0	1	0	Ct	0	1	3	0	0	3	0	0	0	0	0	0	5	0	0	0	0	0	0	1	0	0	0	0	0	31	0	3	0	0	4	12	0	0
64	21 May 26	22:00:00	1	0	1	0	Ct	0	1	12	0	4	0	1	0	0	1	0	0	0	0	0	0	0	0	0	11	2	0	0	0	0	7	0	0	0	0	1	0	0	0
65	21 May 26	22:05:00	1	0	1	0	Ct	0	1	4	0	21	3	0	0	0	0	0	2	5	0	0	0	0	0	0	2	6	4	0	0	0	3	0	0	0	0	13	0	0	0
66	21 May 26	22:10:00	1	0	1	0	Ct	0	0	5	0	5	4	0	0	0	2	0	10	7	0	0	26	8	0	0	51	0	8	0	0	1	4	0	0	0	5	10	4	0	30
67	21 May 26	22:15:00	1	0	1	0	Ct	0	0	0	0	8	0	0	0	0	2	0	3	6	0	0	0	8	0	0	20	0	0	0	0	0	13	0	0	0	0	9	5	0	7
68	21 May 26	22:20:00	1	0	1	0	Ct	0	0	6	0	9	0	0	0	0	0	0	12	7	0	0	4	6	0	0	9	0	0	0	0	0	1	0	0	0	0	2	0	0	0
69	21 May 26	22:25:00	1	0	1	0	Ct	0	0	8	0	9	0	0	0	0	0	0	9	6	0	0	0	0	0	0	6	0	0	0	0	0	0	0	0	0	0	0	0	0	0
70	21 May 26	22:30:00	1	0	1	0	Ct	0	0	0	0	3	0	0	0	0	0	28	0	1	0	0	0	21	7	0	0	0	0	2	0	0	0	0	0	0	0	0	0	0	0
71	21 May 26	22:35:00	1	0	1	0	Ct	0	0	0	0	1	1	0	0	0	0	0	2	0	0	0	0	0	0	0	1	16	0	0	0	0	0	0	0	0	0	0	0	0	0
72	21 May 26	22:40:00	1	0	1	0	Ct	0	0	0	0	0	3	0	0	0	0	0	5	0	0	0	0	0	0	0	7	1	0	0	0	0	0	0	0	0	0	0	0	0	0
73	21 May 26	22:45:00	1	0	1	0	Ct	0	0	0	0	0	7	0	0	0	0	0	0	0	0	0	0	0	0	0	21	0	2	0	0	0	0	0	0	0	0	0	0	0	0
74	21 May 26	22:50:00	1	0	1	0	Ct	0	0	0	0	0	9	0	0	0	0	0	0	0	0	0	0	0	0	0	49	0	0	0	0	0	0	0	0	0	0	0	0	0	2
75	21 May 26	22:55:00	1	0	1	0	Ct	0	0	0	0	0	0	0	0	0	0	0	0	0	0	0	0	0	0	0	9	0	3	0	0	0	0	0	0	0	0	0	0	0	0
76	21 May 26	23:00:00	1	0	1	0	Ct	0	0	0	0	0	31	0	0	0	0	0	11	0	0	0	0	2	0	0	19	0	2	0	0	0	0	0	0	0	0	0	0	0	0
77	21 May 26	23:05:00	1	0	1	0	Ct	0	0	0	0	0	27	0	0	0	0	0	0	0	0	0	8	2	0	0	0	0	0	0	0	0	0	0	0	0	0	0	34	0	12
78	21 May 26	23:10:00	1	0	1	0	Ct	0	0	0	0	0	0	0	5	0	0	0	15	0	0	0	0	0	0	0	7	0	0	0	0	0	0	0	0	0	0	0	3	0	19
79	21 May 26	23:15:00	1	0	1	0	Ct	0	0	0	0	0	2	0	1	0	0	0	0	0	0	0	0	0	6	0	0	0	0	0	0	0	0	0	0	0	0	11	4	0	0
80	21 May 26	23:20:00	1	0	1	0	Ct	0	0	0	0	0	7	0	0	0	0	0	0	0	0	4	0	0	0	0	0	0	2	0	0	0	0	0	0	0	0	1	33	0	15
81	21 May 26	23:25:00	1	0	1	0	Ct	0	0	0	0	0	0	0	0	0	0	0	0	0	0	2	0	17	0	0	1	0	9	0	0	0	0	0	0	0	0	11	12	0	10
82	21 May 26	23:30:00	1	0	1	0	Ct	0	0	0	0	0	0	0	0	0	0	0	2	0	0	0	0	0	0	0	9	0	3	0	0	0	0	0	0	0	0	3	1	0	11
83	21 May 26	23:35:00	1	0	1	0	Ct	0	0	0	0	0	0	0	0	0	0	0	0	0	0	0	0	0	0	0	9	0	5	0	0	0	0	0	0	0	0	24	0	0	18
84	21 May 26	23:40:00	1	0	1	0	Ct	0	0	0	0	0	0	0	0	0	0	0	0	0	0	0	0	0	0	0	8	0	1	3	0	0	0	0	0	0	0	37	0	0	0
85	21 May 26	23:45:00	1	0	1	0	Ct	0	0	0	0	0	0	0	0	0	0	0	0	0	0	0	0	0	0	0	3	10	3	0	0	0	1	1	0	0	3	5	5	0	0
86	21 May 26	23:50:00	1	0	1	0	Ct	0	0	11	0	0	0	0	0	0	0	0	0	0	0	0	0	2	0	0	0	1	0	0	0	0	0	0	0	0	0	0	2	0	5
87	21 May 26	23:55:00	1	0	1	0	Ct	0	0	7	0	0	0	0	0	0	2	0	0	0	0	0	0	0	4	0	2	2	1	0	0	0	3	0	0	0	0	0	0	0	0
88	22 May 26	00:00:00	1	0	1	0	Ct	0	0	8	0	0	0	0	0	0	0	0	0	0	0	0	0	7	0	0	1	0	0	0	0	0	6	0	0	0	0	0	0	0	0
89	22 May 26	00:05:00	1	0	1	0	Ct	0	0	0	0	0	0	0	0	0	0	0	0	0	0	0	0	4	0	0	0	0	0	0	0	0	11	25	0	0	0	4	0	0	1
90	22 May 26	00:10:00	1	0	1	0	Ct	0	0	0	0	3	0	0	0	0	0	0	0	0	0	0	0	0	6	0	0	0	0	0	0	0	17	12	0	0	0	0	0	0	0
91	22 May 26	00:15:00	1	0	1	0	Ct	0	0	0	0	0	0	0	0	0	0	0	0	9	0	0	0	0	6	0	0	0	0	0	0	0	8	0	0	0	0	0	0	0	1
92	22 May 26	00:20:00	1	0	1	0	Ct	0	0	9	0	0	0	0	0	0	5	0	0	3	0	0	0	0	0	0	0	0	0	0	0	0	2	9	0	0	0	0	0	0	1
93	22 May 26	00:25:00	1	0	1	0	Ct	0	0	25	0	0	0	0	0	0	3	0	0	0	0	0	0	1	0	0	0	0	0	0	0	0	6	0	0	0	0	0	0	0	17
94	22 May 26	00:30:00	1	0	1	0	Ct	0	0	0	0	0	0	0	0	0	0	0	0	0	0	0	0	0	0	0	0	0	0	0	0	0	10	0	4	26	0	0	0	0	0
95	22 May 26	00:35:00	1	0	1	0	Ct	0	0	13	0	0	0	0	0	0	3	0	0	0	0	0	0	0	0	0	0	0	0	0	0	0	0	0	0	23	0	0	0	0	0
96	22 May 26	00:40:00	1	0	1	0	Ct	0	0	2	0	0	2	0	0	0	19	0	0	0	0	0	0	0	0	0	0	8	0	0	0	0	0	0	0	0	0	0	0	0	0
97	22 May 26	00:45:00	1	0	1	0	Ct	0	0	0	0	0	4	0	0	0	3	0	8	0	0	0	0	0	0	0	0	2	0	0	0	0	0	0	0	0	0	0	0	0	0
98	22 May 26	00:50:00	1	0	1	0	Ct	0	0	0	0	1	0	0	0	0	2	0	0	0	0	0	0	6	0	0	0	0	0	6	0	0	5	0	0	0	0	0	0	0	0
99	22 May 26	00:55:00	1	0	1	0	Ct	0	0	0	0	0	0	0	0	0	0	0	0	0	0	0	0	0	0	0	0	2	2	3	0	0	0	0	0	0	0	1	0	0	0
100	22 May 26	01:00:00	1	0	1	0	Ct	0	0	0	0	0	0	0	0	0	4	0	0	0	0	0	0	0	0	0	0	21	0	2	0	0	0	0	0	2	0	23	0	0	0
101	22 May 26	01:05:00	1	0	1	0	Ct	0	0	0	0	0	0	0	0	0	1	0	0	0	0	0	0	0	0	0	0	0	0	20	0	0	4	0	0	8	0	4	0	0	0
102	22 May 26	01:10:00	1	0	1	0	Ct	0	0	0	0	0	0	0	0	0	11	0	0	0	0	0	0	16	0	0	0	0	0	1	0	0	3	0	0	0	1	0	0	0	0
103	22 May 26	01:15:00	1	0	1	0	Ct	0	0	0	0	0	0	0	0	0	2	0	0	0	0	0	0	9	0	0	0	0	1	1	0	0	0	0	0	0	0	8	26	0	3
104	22 May 26	01:20:00	1	0	1	0	Ct	0	0	0	0	0	0	0	0	0	0	0	2	0	0	0	0	0	0	0	0	0	3	0	0	0	5	0	0	0	0	12	2	0	11
105	22 May 26	01:25:00	1	0	1	0	Ct	0	0	0	0	0	0	16	0	0	1	0	1	0	0	0	0	0	0	0	0	0	0	0	0	0	1	0	0	14	1	0	0	0	46
106	22 May 26	01:30:00	1	0	1	0	Ct	0	0	0	0	0	0	0	0	0	0	0	0	0	0	0	0	2	0	0	0	0	5	2	0	1	0	0	0	3	0	3	0	0	1
107	22 May 26	01:35:00	1	0	1	0	Ct	0	0	0	0	0	0	0	0	0	0	0	0	0	0	0	0	20	0	0	0	0	4	0	0	21	0	0	0	0	0	2	0	0	0
108	22 May 26	01:40:00	1	0	1	0	Ct	0	0	0	0	0	5	0	0	0	0	0	0	0	0	0	0	0	0	0	0	0	0	23	0	20	0	0	0	27	0	6	0	0	0
109	22 May 26	01:45:00	1	0	1	0	Ct	0	0	0	0	0	0	0	0	0	0	0	0	0	0	0	0	3	0	0	0	0	0	14	0	6	0	0	0	0	0	15	30	0	1
110	22 May 26	01:50:00	1	0	1	0	Ct	0	0	0	0	0	7	0	0	0	0	0	0	0	0	0	0	0	0	0	0	0	0	27	0	0	7	0	0	0	0	0	0	0	0
111	22 May 26	01:55:00	1	0	1	0	Ct	0	0	0	0	0	2	0	0	0	0	0	0	0	0	0	0	5	0	0	0	0	0	0	0	0	0	0	0	0	0	2	8	0	0
112	22 May 26	02:00:00	1	0	1	0	Ct	0	0	0	0	0	1	0	0	0	0	0	0	2	0	0	0	31	0	0	0	0	0	5	0	0	0	0	0	0	0	0	4	0	0
113	22 May 26	02:05:00	1	0	1	0	Ct	0	0	0	0	0	1	0	0	0	0	0	13	0	0	0	0	0	0	0	0	0	0	5	0	0	0	0	0	3	0	5	0	0	0
114	22 May 26	02:10:00	1	0	1	0	Ct	0	0	0	0	0	0	0	0	0	0	0	2	0	0	0	0	0	0	0	0	0	0	0	0	0	0	0	0	0	0	2	1	0	0
115	22 May 26	02:15:00	1	0	1	0	Ct	0	0	0	0	0	0	0	0	0	0	0	0	32	0	0	0	0	0	0	0	0	0	0	23	0	0	0	0	0	0	0	0	0	0
116	22 May 26	02:20:00	1	0	1	0	Ct	0	0	0	0	0	0	0	0	0	0	0	0	1	0	0	0	0	0	0	0	0	0	0	9	0	0	0	0	0	0	0	1	0	0
117	22 May 26	02:25:00	1	0	1	0	Ct	0	0	0	0	7	0	0	0	0	0	0	8	8	0	7	0	23	0	0	0	0	0	0	0	0	0	9	0	0	0	14	0	0	0
118	22 May 26	02:30:00	1	0	1	0	Ct	0	0	0	0	0	0	0	0	0	0	0	1	0	0	0	0	10	0	0	0	0	0	0	0	0	0	0	2	0	0	2	0	0	0
119	22 May 26	02:35:00	1	0	1	0	Ct	0	0	0	0	0	4	0	0	0	0	0	0	0	0	0	0	0	0	0	0	0	0	0	0	0	0	0	0	0	0	0	0	0	0
120	22 May 26	02:40:00	1	0	1	0	Ct	0	0	0	0	0	2	0	0	0	0	0	0	0	0	0	0	0	0	0	0	0	0	7	0	0	0	0	0	0	0	57	0	0	0
121	22 May 26	02:45:00	1	0	1	0	Ct	0	0	0	0	2	8	0	0	0	0	0	0	0	0	0	0	0	0	0	0	0	0	0	0	0	0	0	0	0	0	0	0	0	0
122	22 May 26	02:50:00	1	0	1	0	Ct	0	0	20	0	0	4	0	0	0	0	0	0	0	0	0	0	0	0	0	0	0	0	0	0	0	0	0	0	0	0	0	0	0	0
123	22 May 26	02:55:00	1	0	1	0	Ct	0	0	21	0	0	2	0	0	0	0	0	0	0	0	8	0	0	0	0	0	0	0	7	1	0	0	11	0	0	0	0	0	0	0
124	22 May 26	03:00:00	1	0	1	0	Ct	0	0	3	0	1	0	0	0	0	0	0	0	0	0	14	0	0	0	0	0	0	0	0	4	0	0	3	0	0	0	0	0	0	0
125	22 May 26	03:05:00	1	0	1	0	Ct	0	0	0	0	0	0	0	0	0	0	0	0	0	0	0	0	27	0	0	1	0	0	0	1	0	0	18	0	0	0	0	0	0	0
126	22 May 26	03:10:00	1	0	1	0	Ct	0	0	0	0	0	0	0	0	0	0	0	0	0	0	0	0	10	0	0	17	0	0	2	3	0	0	18	0	0	0	0	0	0	2
127	22 May 26	03:15:00	1	0	1	0	Ct	0	0	0	0	0	0	0	0	0	0	0	0	0	0	0	0	0	0	0	0	0	0	2	0	0	0	4	0	0	0	0	0	0	10
128	22 May 26	03:20:00	1	0	1	0	Ct	0	0	0	0	2	0	0	0	0	0	0	0	0	0	0	0	0	0	0	0	0	0	4	2	0	0	6	0	0	0	0	0	0	0
129	22 May 26	03:25:00	1	0	1	0	Ct	0	0	0	0	6	0	0	0	0	0	5	0	0	0	0	0	0	0	0	0	0	0	12	15	0	0	2	0	0	0	0	0	0	0
130	22 May 26	03:30:00	1	0	1	0	Ct	0	0	0	0	0	1	0	0	0	1	4	0	0	0	0	0	0	0	0	0	0	3	22	0	0	0	1	0	0	0	0	0	0	0
131	22 May 26	03:35:00	1	0	1	0	Ct	0	0	0	0	0	0	0	0	0	0	16	0	0	0	0	0	0	0	0	0	0	0	0	26	0	0	0	0	0	0	0	0	0	7
132	22 May 26	03:40:00	1	0	1	0	Ct	0	0	0	0	0	4	0	0	0	0	0	0	0	0	0	0	0	0	0	0	3	0	0	27	0	0	0	0	0	0	0	0	0	0
133	22 May 26	03:45:00	1	0	1	0	Ct	0	0	0	0	0	0	5	0	0	0	11	0	0	0	0	0	0	0	0	30	1	0	0	0	0	0	1	0	0	0	0	0	0	0
134	22 May 26	03:50:00	1	0	1	0	Ct	0	0	0	0	0	5	0	0	0	2	0	0	0	0	0	0	0	0	0	26	0	0	0	0	0	0	1	0	0	0	0	0	0	0
135	22 May 26	03:55:00	1	0	1	0	Ct	0	0	0	0	0	0	0	0	0	0	1	0	0	0	0	0	0	0	0	0	3	3	0	0	0	0	1	0	0	0	0	0	0	0
136	22 May 26	04:00:00	1	0	1	0	Ct	0	0	0	0	0	1	0	0	0	1	0	0	0	0	0	0	0	0	0	0	0	2	8	0	0	0	0	0	0	0	0	0	0	0
137	22 May 26	04:05:00	1	0	1	0	Ct	0	0	0	0	0	1	0	0	0	9	1	0	4	0	0	0	0	0	0	0	0	8	0	8	0	1	0	0	0	0	0	0	0	0
138	22 May 26	04:10:00	1	0	1	0	Ct	0	0	0	0	0	0	0	0	0	0	1	0	1	0	0	12	0	0	0	0	0	9	0	7	0	2	14	0	0	0	0	0	0	2
139	22 May 26	04:15:00	1	0	1	0	Ct	0	0	0	0	0	0	0	0	0	0	18	3	9	0	0	39	0	0	0	0	0	0	0	1	0	15	4	0	0	0	0	0	0	0
140	22 May 26	04:20:00	1	0	1	0	Ct	0	0	0	0	0	1	0	0	0	1	36	1	3	0	4	0	0	0	0	0	0	0	0	0	0	0	10	0	0	0	0	0	0	0
141	22 May 26	04:25:00	1	0	1	0	Ct	0	0	0	0	0	7	0	0	0	0	13	0	0	0	2	0	0	0	0	0	0	0	0	0	0	0	0	0	0	0	0	0	0	0
142	22 May 26	04:30:00	1	0	1	0	Ct	0	0	0	0	0	5	0	0	0	0	5	0	0	0	11	0	0	0	0	0	0	0	0	0	0	0	7	0	0	0	0	0	0	0
143	22 May 26	04:35:00	1	0	1	0	Ct	0	0	0	0	0	1	0	0	0	0	0	0	0	0	10	0	0	0	0	0	0	0	0	0	0	0	1	0	0	0	30	0	0	0
144	22 May 26	04:40:00	1	0	1	0	Ct	0	0	0	0	0	0	0	0	0	0	1	0	0	0	0	0	0	0	0	0	0	0	0	0	0	0	11	0	0	0	1	0	0	16
145	22 May 26	04:45:00	1	0	1	0	Ct	0	0	0	0	1	0	0	0	0	0	0	0	0	0	0	0	0	0	0	0	0	0	0	4	0	0	1	0	0	0	0	0	0	75
146	22 May 26	04:50:00	1	0	1	0	Ct	0	0	6	0	0	0	0	0	0	0	0	0	0	0	0	0	0	7	0	0	0	0	0	2	0	0	0	0	0	0	0	0	0	2
147	22 May 26	04:55:00	1	0	1	0	Ct	0	0	0	0	0	0	0	0	0	0	1	0	0	0	0	0	0	3	0	0	0	3	0	4	0	0	0	0	1	0	0	0	0	0
148	22 May 26	05:00:00	1	0	1	0	Ct	0	0	0	0	0	0	0	0	0	0	0	0	0	0	0	0	0	0	0	0	0	0	0	0	0	0	0	0	0	0	0	0	0	0
149	22 May 26	05:05:00	1	0	1	0	Ct	0	0	0	0	0	0	0	0	0	1	3	0	0	0	0	0	0	0	0	0	0	0	0	7	0	0	0	0	0	9	0	0	0	0
150	22 May 26	05:10:00	1	0	1	0	Ct	0	0	0	0	0	0	0	0	0	2	0	0	0	0	4	0	0	0	0	0	0	6	0	2	0	0	0	0	0	0	0	0	0	0
151	22 May 26	05:15:00	1	0	1	0	Ct	0	0	0	0	0	0	0	0	0	0	2	0	0	0	0	0	0	0	0	0	0	0	0	1	0	0	0	0	0	0	0	0	0	0
152	22 May 26	05:20:00	1	0	1	0	Ct	0	0	0	0	0	0	0	0	0	10	1	0	0	0	2	0	0	0	0	0	0	0	0	1	0	0	0	0	0	0	0	0	0	0
153	22 May 26	05:25:00	1	0	1	0	Ct	0	0	0	0	0	0	0	0	0	3	1	0	0	0	2	0	40	0	0	0	0	0	0	3	0	0	0	0	0	0	0	0	0	0
154	22 May 26	05:30:00	1	0	1	0	Ct	0	0	0	0	0	0	0	0	0	0	3	0	0	0	0	0	0	0	0	0	0	0	1	2	0	0	0	0	0	0	0	0	0	0
155	22 May 26	05:35:00	1	0	1	0	Ct	0	0	0	0	0	0	0	0	0	4	0	0	9	0	0	0	0	0	0	0	0	0	0	2	0	0	0	0	0	0	0	0	0	0
156	22 May 26	05:40:00	1	0	1	0	Ct	0	0	0	0	0	0	0	0	0	1	2	0	0	0	0	0	3	0	0	0	0	0	0	2	0	0	0	0	0	0	0	0	0	0
157	22 May 26	05:45:00	1	0	1	0	Ct	0	0	0	0	0	0	0	0	0	0	0	0	7	0	0	0	0	0	0	0	0	0	0	4	0	1	0	0	0	0	0	0	0	0
158	22 May 26	05:50:00	1	0	1	0	Ct	0	0	0	0	0	0	0	0	0	0	0	0	0	0	0	0	0	0	0	0	0	0	0	0	0	0	0	0	0	0	0	0	0	0
159	22 May 26	05:55:00	1	0	1	0	Ct	0	0	0	0	0	0	0	0	0	0	0	9	0	0	0	0	0	0	0	0	0	0	0	16	0	5	0	0	0	0	0	0	0	0
160	22 May 26	06:00:00	1	0	1	0	Ct	0	0	0	0	0	0	0	0	0	0	0	0	0	0	0	0	0	0	0	0	0	0	9	10	0	2	0	0	0	0	1	0	0	0
161	22 May 26	06:05:00	1	0	1	0	Ct	0	0	0	0	0	0	0	0	0	0	0	0	0	0	0	0	0	0	0	0	0	0	0	0	0	4	0	0	0	0	0	0	0	0
162	22 May 26	06:10:00	1	0	1	0	Ct	0	0	0	0	0	0	0	0	0	0	0	0	0	0	0	0	0	0	0	0	0	0	0	0	0	19	0	0	0	0	3	0	0	0
163	22 May 26	06:15:00	1	0	1	0	Ct	0	0	0	0	0	0	0	0	0	0	0	0	0	0	0	1	0	0	0	0	0	0	0	11	0	0	7	0	0	0	0	0	0	0
164	22 May 26	06:20:00	1	0	1	0	Ct	0	0	0	0	0	0	0	0	0	0	0	0	1	0	0	0	0	0	0	32	0	0	0	0	0	2	0	0	0	0	0	0	0	0
165	22 May 26	06:25:00	1	0	1	0	Ct	0	0	0	0	0	0	0	6	0	0	0	0	0	0	0	11	0	0	0	2	7	8	0	9	0	1	0	0	0	0	0	0	0	15
166	22 May 26	06:30:00	1	0	1	0	Ct	0	0	0	0	0	0	0	0	0	0	0	0	0	0	0	25	0	0	0	0	0	3	0	5	0	0	0	0	0	0	0	0	0	4
167	22 May 26	06:35:00	1	0	1	0	Ct	0	0	0	0	0	0	0	0	0	3	3	0	0	0	0	19	0	0	0	0	0	0	0	25	0	0	0	0	0	0	0	0	0	0
168	22 May 26	06:40:00	1	0	1	0	Ct	0	0	0	0	0	0	0	0	0	0	0	0	0	0	0	0	0	0	0	0	0	3	0	1	0	0	0	0	0	0	0	0	0	0
169	22 May 26	06:45:00	1	0	1	0	Ct	0	0	0	0	0	0	0	0	0	6	4	0	0	0	0	0	0	0	0	0	0	0	0	0	0	0	0	0	0	0	0	0	0	0
170	22 May 26	06:50:00	1	0	1	0	Ct	0	0	0	0	0	0	0	0	0	4	2	0	0	0	0	0	0	0	0	0	0	0	0	0	0	0	18	0	0	0	0	0	0	0
171	22 May 26	06:55:00	1	0	1	0	Ct	0	0	0	0	0	0	0	0	0	0	1	0	0	0	0	0	0	0	0	0	0	0	0	0	0	0	0	0	0	0	0	0	0	0
172	22 May 26	07:00:00	1	0	1	0	Ct	0	0	0	0	0	0	0	0	0	0	0	0	0	0	0	0	0	0	0	0	0	0	0	0	0	0	0	0	0	0	4	0	0	0
173	22 May 26	07:05:00	1	0	1	0	Ct	0	0	0	0	0	0	0	0	0	0	0	0	0	0	0	0	0	0	0	0	0	0	0	0	0	0	0	0	0	0	16	0	0	0
174	22 May 26	07:10:00	1	0	1	0	Ct	0	0	0	0	0	0	0	0	0	0	1	0	0	0	0	0	0	0	0	0	0	0	0	0	0	0	0	0	0	0	0	0	0	0
175	22 May 26	07:15:00	1	0	1	0	Ct	0	0	0	0	0	0	0	0	0	0	1	0	0	0	0	0	0	0	0	0	0	0	0	0	0	0	0	0	0	0	1	0	0	0
176	22 May 26	07:20:00	1	0	1	0	Ct	0	0	0	0	0	0	0	0	0	0	0	0	0	0	0	0	0	0	0	0	0	0	0	0	0	0	10	0	0	0	0	0	0	0
177	22 May 26	07:25:00	1	0	1	0	Ct	0	0	0	0	0	0	0	0	0	0	1	0	0	0	0	0	0	0	0	0	0	0	0	12	0	0	0	0	0	0	0	0	0	0
178	22 May 26	07:30:00	1	0	1	0	Ct	0	0	0	0	2	0	0	0	0	0	7	0	0	0	0	0	0	0	0	0	0	0	0	8	0	0	0	0	0	0	4	0	0	0
179	22 May 26	07:35:00	1	0	1	0	Ct	0	0	0	0	0	0	0	0	0	0	0	0	0	0	0	0	0	0	0	0	11	0	0	15	0	0	0	0	0	0	1	0	0	0
180	22 May 26	07:40:00	1	0	1	0	Ct	0	0	0	0	3	0	0	0	0	0	0	0	0	0	0	19	0	0	0	0	3	0	0	8	0	0	0	0	0	0	17	0	0	0
181	22 May 26	07:45:00	1	0	1	0	Ct	0	0	0	0	0	0	0	0	0	0	0	0	0	0	0	0	0	0	0	0	0	0	0	17	0	0	0	0	0	0	10	0	0	0
182	22 May 26	07:50:00	1	0	1	0	Ct	0	0	0	0	0	0	0	0	0	0	0	0	0	0	0	0	0	0	0	0	0	0	0	0	0	0	0	0	0	0	0	0	0	0
183	22 May 26	07:55:00	1	0	1	0	Ct	0	0	0	0	0	0	0	0	0	0	2	0	0	0	0	0	0	0	0	0	5	0	0	0	0	0	0	0	0	0	0	0	0	0
184	22 May 26	08:00:00	1	0	1	0	Ct	0	0	0	0	0	0	0	0	0	0	3	0	0	0	0	0	0	6	0	0	0	0	2	42	0	0	0	0	0	0	2	25	0	0
185	22 May 26	08:05:00	1	0	1	0	Ct	0	0	0	0	0	0	0	0	0	0	4	0	2	0	0	0	0	3	0	0	0	0	4	57	0	0	0	0	0	0	19	0	0	0
186	22 May 26	08:10:00	1	0	1	0	Ct	0	0	0	0	0	0	0	0	0	0	9	0	2	0	0	0	0	0	0	0	0	0	0	37	0	0	0	0	0	0	0	0	0	0
187	22 May 26	08:15:00	1	0	1	0	Ct	0	0	0	0	0	0	0	0	0	0	10	0	0	0	0	0	0	0	0	0	0	3	0	20	0	0	0	0	0	0	0	0	0	0
188	22 May 26	08:20:00	1	0	1	0	Ct	0	0	0	0	0	0	0	0	0	0	0	0	0	0	0	0	0	0	0	0	0	0	0	5	0	0	0	0	0	0	0	0	0	0
189	22 May 26	08:25:00	1	0	1	0	Ct	0	0	0	0	0	0	0	0	0	0	0	0	0	0	0	0	4	0	0	0	0	4	0	5	0	0	0	0	0	0	0	0	0	0
190	22 May 26	08:30:00	1	0	1	0	Ct	0	0	0	0	0	0	0	0	0	0	0	0	0	0	0	0	25	0	0	0	0	0	0	0	0	2	0	0	0	0	0	0	0	0
191	22 May 26	08:35:00	1	0	1	0	Ct	0	0	0	0	0	0	0	0	0	0	0	0	0	0	0	0	0	0	0	0	0	0	0	0	0	0	0	0	0	0	0	1	0	0
192	22 May 26	08:40:00	1	0	1	0	Ct	0	0	0	0	0	0	0	0	0	0	0	0	0	0	0	0	3	0	0	0	0	0	0	15	0	2	0	0	0	0	0	0	0	0
193	22 May 26	08:45:00	1	0	1	0	Ct	0	0	0	0	0	0	0	0	0	0	0	0	0	0	0	0	0	0	0	0	8	0	0	6	0	0	0	0	0	0	0	0	0	0
194	22 May 26	08:50:00	1	0	1	0	Ct	0	0	0	0	0	0	0	0	0	0	1	0	0	0	0	0	0	0	0	0	49	0	0	1	0	0	0	0	0	0	0	0	0	0
195	22 May 26	08:55:00	1	0	1	0	Ct	0	0	0	0	0	0	0	0	0	0	0	0	0	0	0	0	0	0	0	0	0	0	0	5	0	0	0	0	0	0	0	0	0	0
196	22 May 26	09:00:00	1	0	1	0	Ct	0	0	0	0	0	0	0	0	0	0	0	0	0	0	0	0	5	0	0	0	0	0	0	0	0	0	0	0	0	0	0	0	0	0
197	22 May 26	09:05:00	1	0	1	0	Ct	0	0	0	0	0	0	0	0	0	0	0	0	0	0	0	0	7	0	0	0	0	0	0	0	0	0	0	0	0	0	0	0	0	0
198	22 May 26	09:10:00	1	0	1	0	Ct	0	0	0	0	0	0	0	0	0	0	0	0	0	0	0	0	0	0	0	0	0	0	0	0	0	0	0	0	0	0	0	0	0	0
199	22 May 26	09:15:00	1	0	1	0	Ct	0	0	0	0	0	0	0	0	0	0	0	0	0	0	0	0	0	0	0	0	0	0	0	4	0	0	0	0	0	0	0	0	0	0
200	22 May 26	09:20:00	1	0	1	0	Ct	0	0	0	0	0	0	0	0	0	0	0	0	0	0	0	0	0	0	0	0	0	2	0	3	0	0	0	0	0	0	0	0	0	1
201	22 May 26	09:25:00	1	0	1	0	Ct	0	0	0	0	0	3	0	0	0	0	0	0	0	0	0	0	0	0	0	0	0	0	0	0	0	0	1	0	0	0	0	0	0	0
202	22 May 26	09:30:00	1	0	1	0	Ct	0	0	0	0	0	0	0	0	0	0	0	0	0	0	0	0	0	0	0	0	0	0	0	1	0	0	0	0	0	0	0	0	0	0
203	22 May 26	09:35:00	1	0	1	0	Ct	0	0	0	0	0	2	0	0	0	0	0	0	0	0	0	0	0	0	0	0	0	3	0	0	0	0	0	0	0	0	0	0	0	0
204	22 May 26	09:40:00	1	0	1	0	Ct	0	0	0	0	0	5	0	0	0	2	1	0	0	0	0	0	0	0	0	0	0	3	0	0	0	0	1	0	0	0	0	0	0	0
205	22 May 26	09:45:00	1	0	1	0	Ct	0	0	0	0	0	2	0	0	0	1	0	0	0	0	0	0	0	0	0	0	0	2	0	0	0	0	0	0	0	0	0	0	0	0
206	22 May 26	09:50:00	1	0	1	0	Ct	0	0	0	0	0	0	0	0	0	0	0	0	0	0	0	0	0	0	0	0	0	0	0	0	0	4	1	0	0	1	0	0	0	0
207	22 May 26	09:55:00	1	0	1	0	Ct	0	0	0	0	0	10	0	0	0	2	0	0	0	0	0	0	0	0	0	0	0	0	0	0	0	0	2	0	0	9	0	0	0	0
208	22 May 26	10:00:00	1	0	1	0	Ct	0	1	0	0	3	1	0	2	0	11	2	0	0	0	0	0	0	0	0	0	0	5	0	0	0	0	3	0	0	0	0	0	0	0
209	22 May 26	10:05:00	1	0	1	0	Ct	0	1	0	0	2	5	0	0	0	4	10	0	0	0	0	0	0	0	0	0	0	9	0	0	3	0	2	0	0	2	0	0	0	2
210	22 May 26	10:10:00	1	0	1	0	Ct	0	1	0	0	0	2	0	5	0	5	6	0	5	0	0	0	36	0	0	6	0	9	0	5	0	0	6	0	0	0	0	0	0	2
211	22 May 26	10:15:00	1	0	1	0	Ct	0	1	0	0	0	3	0	0	0	2	9	0	0	0	0	0	0	0	0	0	2	4	0	2	0	1	11	2	0	0	0	0	0	0
212	22 May 26	10:20:00	1	0	1	0	Ct	0	1	0	0	0	2	0	4	0	0	0	0	0	0	0	0	0	0	0	19	18	9	0	0	0	3	13	4	0	6	0	0	0	0
213	22 May 26	10:25:00	1	0	1	0	Ct	0	1	0	0	0	2	0	0	0	0	0	0	7	0	0	0	0	0	0	0	0	13	0	0	0	1	0	1	0	0	1	0	0	0
214	22 May 26	10:30:00	1	0	1	0	Ct	0	1	0	0	0	2	0	0	0	0	0	0	0	0	7	0	0	0	0	0	1	4	4	0	0	2	0	3	0	3	5	3	0	4
215	22 May 26	10:35:00	1	0	1	0	Ct	0	1	0	0	0	6	0	18	0	0	0	0	0	13	40	0	0	0	0	0	0	17	0	17	0	3	0	2	0	0	1	0	0	0
216	22 May 26	10:40:00	1	0	1	0	Ct	0	1	0	0	0	3	0	3	0	0	0	0	0	9	30	0	0	0	0	0	0	6	3	0	0	2	0	3	0	6	0	0	0	0
217	22 May 26	10:45:00	1	0	1	0	Ct	0	1	0	0	0	2	0	0	0	0	0	0	0	0	2	0	0	0	0	0	0	7	2	0	0	1	0	0	0	0	0	0	0	0
218	22 May 26	10:50:00	1	0	1	0	Ct	0	1	0	0	0	1	0	3	0	0	0	0	4	0	6	0	0	0	0	12	15	7	0	0	4	3	0	0	0	0	0	0	0	3
219	22 May 26	10:55:00	1	0	1	0	Ct	0	1	0	0	3	3	0	2	0	0	0	0	1	8	3	0	0	0	0	1	0	8	0	0	0	9	0	0	2	15	0	0	0	30
220	22 May 26	11:00:00	1	0	1	0	Ct	0	1	0	0	29	2	0	1	0	0	0	0	1	0	3	0	0	0	0	4	0	9	0	0	0	3	0	0	0	0	0	0	0	19
221	22 May 26	11:05:00	1	0	1	0	Ct	0	1	0	0	0	0	0	0	0	1	0	0	0	6	0	0	0	0	0	0	0	1	0	0	0	3	0	0	0	0	0	0	0	0
222	22 May 26	11:10:00	1	0	1	0	Ct	0	1	0	0	0	0	0	1	0	0	0	0	0	0	11	0	0	0	0	0	0	0	0	0	14	0	11	0	0	9	0	0	0	6
223	22 May 26	11:15:00	1	0	1	0	Ct	0	1	0	0	0	0	0	0	0	0	0	0	0	0	10	0	0	0	0	0	0	0	0	0	0	0	5	0	0	2	7	0	0	1
224	22 May 26	11:20:00	1	0	1	0	Ct	0	1	0	0	0	0	0	0	0	7	0	0	0	0	1	0	0	0	0	2	0	0	0	0	0	0	3	0	0	0	3	0	0	0
225	22 May 26	11:25:00	1	0	1	0	Ct	0	1	0	0	0	1	0	0	0	6	0	0	0	0	0	0	0	0	0	10	0	0	0	1	0	2	0	0	0	10	1	0	0	0
226	22 May 26	11:30:00	1	0	1	0	Ct	0	1	0	0	0	2	0	0	0	1	0	3	0	0	0	0	1	0	0	0	0	0	0	13	0	0	0	0	0	3	0	0	0	0
227	22 May 26	11:35:00	1	0	1	0	Ct	0	1	0	0	4	5	0	0	0	0	0	0	2	0	0	0	0	0	0	4	0	0	3	0	0	2	0	0	2	0	0	0	0	0
228	22 May 26	11:40:00	1	0	1	0	Ct	0	1	0	0	0	0	0	1	0	0	0	2	1	0	0	0	0	0	0	0	0	0	0	48	0	0	0	0	0	33	0	0	0	0
229	22 May 26	11:45:00	1	0	1	0	Ct	0	1	0	0	0	2	0	0	0	0	0	0	1	0	0	0	0	0	0	1	0	5	5	12	0	2	0	0	0	12	0	0	0	1
230	22 May 26	11:50:00	1	0	1	0	Ct	0	1	0	0	0	2	0	0	0	0	0	0	3	0	0	0	0	0	0	3	0	5	13	4	0	6	11	0	5	0	0	0	0	2
231	22 May 26	11:55:00	1	0	1	0	Ct	0	1	0	0	0	1	0	0	0	0	0	0	0	0	0	0	0	0	0	2	8	5	0	0	0	2	0	0	0	2	0	0	0	0
232	22 May 26	12:00:00	1	0	1	0	Ct	0	1	0	0	0	1	0	0	0	0	0	0	2	0	0	0	0	0	0	0	0	5	0	12	0	5	0	0	0	0	0	0	0	0
233	22 May 26	12:05:00	1	0	1	0	Ct	0	1	0	0	0	2	3	0	0	0	0	0	0	0	0	0	0	0	0	0	0	2	0	13	0	2	0	0	0	4	0	0	0	0
234	22 May 26	12:10:00	1	0	1	0	Ct	0	1	0	0	0	2	0	0	0	1	0	0	0	0	0	0	10	0	0	0	0	0	0	0	0	2	0	0	0	1	0	0	0	0
235	22 May 26	12:15:00	1	0	1	0	Ct	0	1	0	0	11	26	0	0	0	0	0	0	0	0	0	0	0	0	0	0	2	2	1	0	0	0	8	0	0	1	0	0	0	3
236	22 May 26	12:20:00	1	0	1	0	Ct	0	1	0	0	0	3	0	0	0	2	0	0	0	0	0	0	0	0	0	0	0	5	12	0	0	0	0	0	0	3	0	0	0	1
237	22 May 26	12:25:00	1	0	1	0	Ct	0	1	0	0	0	0	6	0	0	2	0	0	0	0	0	0	0	0	0	0	9	6	3	0	0	0	0	0	0	1	1	0	0	2
238	22 May 26	12:30:00	1	0	1	0	Ct	0	1	0	0	0	1	0	0	0	1	0	0	0	0	0	0	0	0	0	2	0	5	0	0	0	0	1	0	0	3	0	0	0	5
239	22 May 26	12:35:00	1	0	1	0	Ct	0	1	0	0	0	4	2	2	0	1	0	0	0	0	0	0	0	0	0	1	4	0	0	0	0	0	0	2	0	3	0	0	0	4
240	22 May 26	12:40:00	1	0	1	0	Ct	0	1	0	0	8	2	37	0	0	1	0	0	1	0	0	0	7	0	0	5	0	0	0	0	0	0	0	1	0	6	0	0	0	2
241	22 May 26	12:45:00	1	0	1	0	Ct	0	1	0	0	1	1	3	0	0	11	0	0	0	0	0	0	3	0	0	0	0	0	0	7	0	0	0	0	0	2	0	0	0	4
242	22 May 26	12:50:00	1	0	1	0	Ct	0	1	0	0	0	0	1	2	0	0	0	0	5	0	0	0	0	0	0	0	0	0	0	4	0	0	0	0	0	0	0	0	0	0
243	22 May 26	12:55:00	1	0	1	0	Ct	0	1	0	0	0	1	3	1	0	0	0	0	0	0	0	0	0	0	0	3	1	0	3	26	0	2	0	0	0	6	0	0	0	0
244	22 May 26	13:00:00	1	0	1	0	Ct	0	1	0	0	0	2	0	0	0	0	0	0	0	0	0	0	0	0	0	0	4	0	34	19	0	3	0	0	2	6	0	0	0	1
245	22 May 26	13:05:00	1	0	1	0	Ct	0	1	0	0	0	1	16	4	0	0	0	0	0	0	0	0	0	0	0	0	0	6	0	0	0	16	0	0	0	0	0	0	0	0
246	22 May 26	13:10:00	1	0	1	0	Ct	0	1	0	0	0	1	69	0	0	1	0	0	0	0	0	0	0	0	0	0	0	2	0	0	0	1	0	0	0	3	0	0	0	0
247	22 May 26	13:15:00	1	0	1	0	Ct	0	1	0	0	0	2	57	2	0	1	0	0	0	0	0	0	0	0	0	0	2	5	3	0	1	0	0	0	0	43	0	0	0	31
248	22 May 26	13:20:00	1	0	1	0	Ct	0	1	0	0	0	3	0	0	0	1	0	0	0	0	0	0	0	0	0	2	1	2	4	6	8	3	0	0	0	1	0	0	0	15
249	22 May 26	13:25:00	1	0	1	0	Ct	0	1	0	0	0	5	0	29	0	4	0	0	0	0	0	0	0	0	0	0	0	0	0	0	0	0	0	0	0	5	0	0	0	7
250	22 May 26	13:30:00	1	0	1	0	Ct	0	1	0	0	0	5	0	11	0	1	0	15	4	0	0	0	0	0	0	0	0	0	0	21	0	2	13	0	0	1	0	0	0	1
251	22 May 26	13:35:00	1	0	1	0	Ct	0	1	0	0	0	3	0	1	0	1	0	0	7	0	0	0	0	0	0	0	0	0	0	14	0	0	0	6	0	1	0	0	0	0
252	22 May 26	13:40:00	1	0	1	0	Ct	0	1	0	0	0	0	2	0	0	1	0	0	6	11	0	0	0	0	0	0	2	0	4	0	0	0	0	0	0	2	0	0	0	0
253	22 May 26	13:45:00	1	0	1	0	Ct	0	1	0	0	2	1	28	3	0	4	0	0	11	0	0	0	4	0	0	0	6	0	3	0	8	0	0	0	0	25	0	0	0	0
254	22 May 26	13:50:00	1	0	1	0	Ct	0	1	0	0	1	1	39	53	0	0	0	0	7	0	0	0	16	0	0	1	1	0	6	0	6	0	0	2	0	4	0	0	0	2
255	22 May 26	13:55:00	1	0	1	0	Ct	0	1	0	0	0	1	27	2	0	0	0	0	0	0	0	0	0	0	0	0	0	0	2	0	0	0	0	5	0	0	0	0	0	1
256	22 May 26	14:00:00	1	0	1	0	Ct	0	1	0	0	0	1	0	0	0	0	0	0	0	0	0	0	0	0	0	0	0	8	0	0	0	0	0	3	0	1	0	0	0	0
257	22 May 26	14:05:00	1	0	1	0	Ct	0	1	0	0	0	1	0	0	0	0	0	0	0	0	0	0	0	0	0	0	0	0	0	0	0	1	0	0	0	1	0	0	0	13
258	22 May 26	14:10:00	1	0	1	0	Ct	0	1	0	0	0	1	5	0	0	0	0	0	0	0	0	0	0	0	0	0	9	0	7	0	2	1	0	0	0	2	14	0	0	2
259	22 May 26	14:15:00	1	0	1	0	Ct	0	1	0	0	0	1	3	76	0	0	0	0	0	0	0	0	0	0	0	5	0	0	3	0	0	0	0	0	0	6	0	0	0	0
260	22 May 26	14:20:00	1	0	1	0	Ct	0	1	0	0	0	1	0	64	0	0	0	0	0	0	0	0	4	0	0	0	2	0	2	2	2	0	0	0	0	2	0	0	0	1
261	22 May 26	14:25:00	1	0	1	0	Ct	0	1	0	0	0	1	0	4	0	0	0	0	0	0	0	0	11	0	0	0	2	3	0	7	5	3	0	0	0	5	0	0	0	0
262	22 May 26	14:30:00	1	0	1	0	Ct	0	1	0	0	0	1	0	1	0	0	0	0	0	0	0	0	0	0	0	3	0	0	0	0	2	1	0	0	0	16	0	0	0	0
263	22 May 26	14:35:00	1	0	1	0	Ct	0	1	0	0	0	5	0	8	0	1	0	0	0	0	0	0	8	0	0	0	0	0	0	0	0	0	0	0	0	13	0	0	0	0
264	22 May 26	14:40:00	1	0	1	0	Ct	0	1	0	0	0	1	2	0	0	0	0	0	0	0	5	0	10	0	0	6	0	2	0	0	0	0	0	0	0	3	0	0	0	9
265	22 May 26	14:45:00	1	0	1	0	Ct	0	1	0	0	2	1	2	0	0	0	0	0	0	0	5	0	0	0	0	0	0	0	2	0	8	2	0	0	0	1	0	0	0	0
266	22 May 26	14:50:00	1	0	1	0	Ct	0	1	0	0	0	1	0	0	0	2	0	0	3	0	5	0	0	0	0	0	0	0	2	0	3	0	0	0	0	0	0	0	0	0
267	22 May 26	14:55:00	1	0	1	0	Ct	0	1	0	0	0	2	0	2	0	0	0	0	1	0	3	0	0	0	0	0	0	1	0	22	1	0	0	0	3	2	0	0	0	0
268	22 May 26	15:00:00	1	0	1	0	Ct	0	1	0	0	0	3	6	44	0	1	0	0	1	0	1	0	0	0	0	0	0	4	0	20	0	0	0	0	0	0	0	0	0	0
269	22 May 26	15:05:00	1	0	1	0	Ct	0	1	0	0	0	2	9	1	0	3	0	0	9	0	0	0	0	0	0	0	0	6	4	18	9	0	0	0	0	3	0	0	0	0
270	22 May 26	15:10:00	1	0	1	0	Ct	0	1	0	0	0	1	15	0	0	2	0	0	1	0	0	0	26	0	0	0	0	0	0	2	0	0	0	0	0	0	0	0	0	0
271	22 May 26	15:15:00	1	0	1	0	Ct	0	1	0	0	0	2	12	0	0	15	0	0	0	0	0	0	4	3	0	0	0	0	0	0	8	0	0	0	0	0	0	27	0	2
272	22 May 26	15:20:00	1	0	1	0	Ct	0	1	0	0	0	4	0	0	0	1	0	0	0	0	0	0	24	7	0	0	0	4	0	3	0	2	0	3	3	0	0	0	0	0
273	22 May 26	15:25:00	1	0	1	0	Ct	0	1	0	0	0	1	0	1	0	0	0	0	0	0	0	0	0	0	0	0	3	0	0	16	10	0	0	0	0	3	0	0	0	0
274	22 May 26	15:30:00	1	0	1	0	Ct	0	1	0	0	0	1	1	12	0	0	0	0	0	0	4	0	4	0	0	2	2	0	0	9	4	0	0	0	3	1	0	0	0	0
275	22 May 26	15:35:00	1	0	1	0	Ct	0	1	0	0	0	1	0	65	0	0	0	0	0	0	17	0	1	0	0	0	7	0	0	0	0	0	0	7	0	4	0	0	0	8
276	22 May 26	15:40:00	1	0	1	0	Ct	0	1	0	0	0	1	11	0	0	0	0	0	0	0	9	0	17	0	0	0	1	0	1	0	4	0	0	25	0	2	0	0	0	20
277	22 May 26	15:45:00	1	0	1	0	Ct	0	1	0	0	0	3	12	5	0	0	0	0	0	0	31	0	0	0	0	0	3	4	2	0	4	3	0	0	1	2	0	0	0	0
278	22 May 26	15:50:00	1	0	1	0	Ct	0	1	0	0	0	3	27	62	0	1	0	0	0	0	0	0	0	0	0	0	0	1	4	0	5	7	0	0	0	1	0	0	0	0
279	22 May 26	15:55:00	1	0	1	0	Ct	0	1	0	0	0	1	0	1	0	0	0	0	0	0	6	0	0	0	0	0	0	0	3	0	3	8	0	0	0	0	0	0	0	6
280	22 May 26	16:00:00	1	0	1	0	Ct	0	1	0	0	0	1	0	9	0	0	0	0	0	0	8	0	0	0	0	0	0	0	0	0	6	4	0	0	6	0	0	0	0	0
281	22 May 26	16:05:00	1	0	1	0	Ct	0	1	0	0	0	2	0	0	0	1	0	0	1	0	0	0	0	0	0	0	0	0	0	0	4	0	0	0	0	2	0	0	0	0
282	22 May 26	16:10:00	1	0	1	0	Ct	0	1	0	0	0	3	0	0	0	1	0	0	5	0	1	0	14	0	0	2	8	0	0	0	3	0	0	0	0	4	0	0	0	0
283	22 May 26	16:15:00	1	0	1	0	Ct	0	1	0	0	0	3	0	0	0	5	0	0	0	0	4	0	0	0	0	10	9	0	0	0	2	0	0	0	3	5	22	0	0	5
284	22 May 26	16:20:00	1	0	1	0	Ct	0	1	0	0	0	1	0	1	0	1	0	0	0	0	16	0	3	0	0	2	2	0	0	0	3	3	0	0	4	0	83	0	0	0
285	22 May 26	16:25:00	1	0	1	0	Ct	0	1	0	0	0	2	8	0	0	0	0	0	2	0	3	0	0	0	0	0	0	0	0	0	6	0	0	0	0	0	40	0	0	0
286	22 May 26	16:30:00	1	0	1	0	Ct	0	1	0	0	0	1	8	0	0	3	0	0	0	0	7	0	5	0	0	0	0	0	0	0	4	0	0	0	0	0	17	0	0	0
287	22 May 26	16:35:00	1	0	1	0	Ct	0	1	0	0	0	1	7	8	0	1	0	0	0	0	8	0	0	0	0	0	0	0	0	0	5	0	0	0	3	0	0	0	0	1
288	22 May 26	16:40:00	1	0	1	0	Ct	0	1	0	0	0	2	1	11	0	2	0	0	0	0	1	0	0	0	0	0	0	0	3	0	9	0	0	0	0	2	0	0	0	4
289	22 May 26	16:45:00	1	0	1	0	Ct	0	1	0	0	0	1	10	15	0	2	0	0	0	0	0	0	0	0	0	0	0	4	4	0	8	0	0	0	0	4	0	0	0	0
290	22 May 26	16:50:00	1	0	1	0	Ct	0	1	0	0	0	2	1	55	0	0	0	0	0	0	0	0	0	0	0	0	0	6	1	0	0	0	0	0	1	3	0	0	0	0
291	22 May 26	16:55:00	1	0	1	0	Ct	0	1	0	0	0	4	8	4	0	3	0	0	0	0	0	0	0	0	0	2	0	2	6	0	4	0	0	0	0	2	0	0	0	1
292	22 May 26	17:00:00	1	0	1	0	Ct	0	1	0	0	0	2	0	3	0	1	50	0	0	0	0	0	0	0	0	0	10	0	3	0	0	2	0	2	0	2	19	0	0	0
293	22 May 26	17:05:00	1	0	1	0	Ct	0	1	0	0	0	2	3	2	0	2	10	0	4	0	0	0	0	0	0	25	9	2	3	0	0	10	0	0	5	2	0	0	0	1
294	22 May 26	17:10:00	1	0	1	0	Ct	0	1	0	0	0	3	8	1	0	6	0	0	0	0	0	0	0	0	0	0	1	7	4	5	0	13	0	0	0	5	0	0	0	11
295	22 May 26	17:15:00	1	0	1	0	Ct	0	1	0	0	3	1	7	2	0	2	0	0	0	0	0	0	0	0	0	5	0	3	0	22	0	6	0	0	0	3	0	0	0	0
296	22 May 26	17:20:00	1	0	1	0	Ct	0	1	0	0	0	2	2	4	0	6	0	0	0	0	0	0	0	0	0	0	0	0	0	0	0	6	0	2	0	2	0	0	0	0
297	22 May 26	17:25:00	1	0	1	0	Ct	0	1	0	0	0	2	2	5	0	3	0	0	0	0	0	0	0	0	0	2	0	4	0	0	0	6	0	0	0	3	0	0	0	0
298	22 May 26	17:30:00	1	0	1	0	Ct	0	1	0	0	0	2	1	0	0	2	0	0	0	0	0	0	0	0	0	5	0	2	1	0	3	0	0	0	0	1	0	0	0	0
299	22 May 26	17:35:00	1	0	1	0	Ct	0	1	0	0	0	2	0	6	0	1	0	0	0	0	0	0	0	0	0	0	0	0	1	12	3	2	0	0	0	0	0	0	0	0
300	22 May 26	17:40:00	1	0	1	0	Ct	0	1	0	0	0	2	0	0	0	0	0	0	0	0	0	0	0	0	0	0	0	0	20	17	3	0	0	0	0	1	0	0	0	0
301	22 May 26	17:45:00	1	0	1	0	Ct	0	1	0	0	0	2	0	0	0	0	0	0	0	0	0	0	0	0	0	0	0	0	0	14	2	2	8	0	0	8	0	0	0	0
302	22 May 26	17:50:00	1	0	1	0	Ct	0	1	0	0	0	3	0	4	0	0	0	0	0	0	0	0	0	0	0	0	0	0	0	26	0	0	0	0	5	1	0	0	0	1
303	22 May 26	17:55:00	1	0	1	0	Ct	0	1	0	0	0	3	0	4	0	2	0	0	0	0	0	0	19	0	0	0	0	0	0	9	2	0	0	0	5	2	0	0	0	0
304	22 May 26	18:00:00	1	0	1	0	Ct	0	1	0	0	0	4	1	0	0	1	0	0	0	0	0	0	0	0	0	0	0	0	0	0	0	0	0	0	0	6	0	0	0	1
305	22 May 26	18:05:00	1	0	1	0	Ct	0	1	0	0	0	4	2	0	0	0	0	0	0	0	0	0	8	0	0	3	0	0	0	6	2	0	0	0	0	3	0	0	0	2
306	22 May 26	18:10:00	1	0	1	0	Ct	0	1	0	0	0	1	4	8	0	0	0	0	29	0	0	0	23	4	0	3	0	0	0	0	0	0	0	0	0	1	0	0	0	0
307	22 May 26	18:15:00	1	0	1	0	Ct	0	1	0	0	0	5	3	4	0	2	0	0	12	0	0	0	9	3	0	0	0	0	0	0	8	0	0	0	11	0	0	0	0	2
308	22 May 26	18:20:00	1	0	1	0	Ct	0	1	0	0	0	2	0	6	0	0	4	0	3	0	0	0	1	0	0	0	0	0	8	0	0	0	0	0	0	0	0	0	0	0
309	22 May 26	18:25:00	1	0	1	0	Ct	0	1	0	0	0	1	0	3	0	0	39	0	0	0	0	0	1	0	0	0	0	0	4	0	2	0	0	0	4	0	0	0	0	0
310	22 May 26	18:30:00	1	0	1	0	Ct	0	1	0	0	0	0	0	2	0	0	55	0	0	0	6	0	0	0	0	0	0	0	2	0	0	5	0	0	0	0	0	0	0	0
311	22 May 26	18:35:00	1	0	1	0	Ct	0	1	0	0	0	0	0	4	0	0	61	0	0	0	6	0	0	0	0	0	0	0	4	0	0	0	0	0	0	0	0	0	0	1
312	22 May 26	18:40:00	1	0	1	0	Ct	0	1	0	0	0	0	0	34	0	3	24	0	0	0	19	0	0	0	0	0	0	0	0	0	3	0	0	0	4	0	0	0	0	0
313	22 May 26	18:45:00	1	0	1	0	Ct	0	1	0	0	0	2	0	4	0	1	3	0	0	0	1	0	12	0	0	0	0	0	4	0	0	4	0	0	1	0	0	0	0	8
314	22 May 26	18:50:00	1	0	1	0	Ct	0	1	0	0	0	2	0	16	0	0	0	0	0	0	0	0	1	0	0	3	0	4	0	0	1	3	0	0	0	0	0	0	0	23
315	22 May 26	18:55:00	1	0	1	0	Ct	0	1	0	0	0	0	0	4	0	0	0	0	0	0	0	0	0	0	0	0	0	0	0	0	7	5	4	0	0	0	0	0	0	0
316	22 May 26	19:00:00	1	0	1	0	Ct	0	1	0	0	0	0	0	0	0	0	0	0	0	0	0	0	5	0	0	2	0	3	2	0	0	0	0	0	0	15	0	12	0	0
317	22 May 26	19:05:00	1	0	1	0	Ct	0	1	0	0	0	3	0	5	0	0	0	0	1	0	0	0	13	0	0	0	0	0	3	23	3	2	0	0	0	0	0	15	0	0
318	22 May 26	19:10:00	1	0	1	0	Ct	0	1	0	0	0	23	0	2	0	0	0	0	3	0	0	0	8	0	0	0	3	1	1	12	5	0	0	0	0	1	0	0	0	0
319	22 May 26	19:15:00	1	0	1	0	Ct	0	1	0	0	0	3	0	4	0	0	0	0	0	0	0	0	13	0	0	23	0	0	0	0	3	0	0	0	0	0	0	3	0	0
320	22 May 26	19:20:00	1	0	1	0	Ct	0	1	0	0	0	2	0	0	0	0	0	0	0	0	0	0	0	0	0	29	0	0	1	11	1	0	0	0	0	0	0	8	0	0
321	22 May 26	19:25:00	1	0	1	0	Ct	0	1	0	0	2	1	0	5	0	0	0	0	0	0	0	0	0	0	0	0	0	0	1	10	3	0	0	0	0	0	0	17	0	1
322	22 May 26	19:30:00	1	0	1	0	Ct	0	1	0	0	4	0	0	1	0	0	0	0	0	0	0	0	0	0	0	8	0	0	0	0	0	0	0	0	0	6	0	2	0	4
323	22 May 26	19:35:00	1	0	1	0	Ct	0	1	0	0	0	0	4	0	0	0	0	0	0	0	0	0	0	0	0	0	0	0	2	0	0	0	0	0	8	1	0	0	0	0
324	22 May 26	19:40:00	1	0	1	0	Ct	0	1	0	0	0	4	0	2	0	6	0	0	0	0	0	0	0	0	0	6	0	0	5	0	6	0	0	0	0	0	0	0	0	0
325	22 May 26	19:45:00	1	0	1	0	Ct	0	1	0	0	0	1	0	7	0	2	0	0	0	0	0	0	0	0	0	0	0	0	0	0	1	0	0	0	0	0	0	0	0	0
326	22 May 26	19:50:00	1	0	1	0	Ct	0	1	0	0	0	1	4	3	0	1	0	0	0	0	0	0	0	23	0	0	0	0	0	0	0	3	0	0	0	0	0	0	0	0
327	22 May 26	19:55:00	1	0	1	0	Ct	0	1	0	0	0	1	0	10	0	0	0	0	0	0	0	0	25	3	0	0	0	0	0	0	5	8	0	0	9	0	0	0	0	1
328	22 May 26	20:00:00	1	0	1	0	Ct	0	1	0	0	0	1	3	0	0	2	0	0	0	0	0	0	0	0	0	0	0	0	4	0	0	4	0	0	6	0	0	0	0	3
329	22 May 26	20:05:00	1	0	1	0	Ct	0	1	0	0	0	0	1	4	0	1	0	0	10	0	0	0	0	0	0	1	0	0	3	0	2	2	0	0	15	0	0	0	0	3
330	22 May 26	20:10:00	1	0	1	0	Ct	0	1	0	0	0	6	0	2	0	0	0	0	0	0	0	0	0	0	0	0	0	0	2	0	8	0	0	0	0	0	0	0	0	0
331	22 May 26	20:15:00	1	0	1	0	Ct	0	1	0	0	0	1	0	23	0	3	0	0	0	0	0	0	9	0	0	6	0	0	0	0	1	0	0	0	0	5	0	0	0	0
332	22 May 26	20:20:00	1	0	1	0	Ct	0	1	0	0	0	0	0	1	0	0	0	0	0	0	0	0	19	0	0	4	0	5	0	0	2	0	0	0	0	10	0	0	0	0
333	22 May 26	20:25:00	1	0	1	0	Ct	0	1	0	0	0	2	0	10	0	0	0	0	0	0	0	0	14	0	0	0	4	0	4	0	1	0	0	0	3	1	0	0	0	0
334	22 May 26	20:30:00	1	0	1	0	Ct	0	1	0	0	0	1	0	5	0	1	0	0	0	0	0	0	1	0	0	0	4	2	0	0	1	0	0	0	3	1	0	0	0	0
335	22 May 26	20:35:00	1	0	1	0	Ct	0	1	0	0	0	1	2	21	0	0	0	0	0	0	0	0	0	0	0	0	0	2	0	0	2	0	0	0	0	6	0	0	0	0
336	22 May 26	20:40:00	1	0	1	0	Ct	0	1	0	0	0	6	0	1	0	2	0	0	0	0	0	0	0	0	0	1	0	0	0	10	4	2	0	0	7	1	0	0	0	0
337	22 May 26	20:45:00	1	0	1	0	Ct	0	1	0	0	0	1	0	1	0	1	0	0	1	0	0	0	0	0	0	0	0	0	0	0	0	2	0	0	5	0	0	0	0	0
338	22 May 26	20:50:00	1	0	1	0	Ct	0	1	0	0	0	1	2	0	0	2	0	0	3	0	0	0	0	0	0	0	0	0	0	0	4	8	15	0	0	2	0	0	0	3
339	22 May 26	20:55:00	1	0	1	0	Ct	0	1	0	0	0	5	0	3	0	1	0	0	4	0	0	0	10	0	0	10	0	0	0	0	0	6	0	0	6	0	0	0	0	10
340	22 May 26	21:00:00	1	0	1	0	Ct	0	1	0	0	4	1	7	5	0	4	0	0	0	0	0	0	0	0	0	16	0	0	1	0	0	2	1	0	6	0	7	0	0	8
341	22 May 26	21:05:00	1	0	1	0	Ct	0	1	0	0	0	3	5	3	0	0	0	0	0	0	0	0	0	0	0	0	0	1	0	0	0	4	9	0	0	4	12	0	0	0
342	22 May 26	21:10:00	1	0	1	0	Ct	0	1	0	0	0	1	0	6	0	2	0	0	2	0	0	0	0	0	0	2	0	2	0	0	0	8	0	0	2	2	0	0	0	0
343	22 May 26	21:15:00	1	0	1	0	Ct	0	1	0	0	0	3	0	4	0	2	0	0	2	0	0	0	0	0	0	7	0	0	0	0	0	1	0	0	1	9	6	0	0	1
344	22 May 26	21:20:00	1	0	1	0	Ct	0	1	0	0	0	2	0	2	0	3	0	0	20	0	0	0	0	0	0	0	0	0	0	0	0	5	21	0	0	14	2	0	0	0
345	22 May 26	21:25:00	1	0	1	0	Ct	0	1	0	0	0	3	0	2	0	5	0	0	0	0	0	0	0	0	0	0	0	0	0	0	0	2	10	0	0	0	0	0	0	7
346	22 May 26	21:30:00	1	0	1	0	Ct	0	1	0	0	0	0	2	6	0	1	0	0	0	0	0	0	0	0	0	0	0	0	1	0	0	2	0	0	3	0	0	0	0	7
347	22 May 26	21:35:00	1	0	1	0	Ct	0	1	0	0	4	9	1	4	0	7	0	0	0	0	0	0	0	0	0	3	0	0	0	9	1	0	0	0	0	0	0	0	0	8
348	22 May 26	21:40:00	1	0	1	0	Ct	0	1	0	0	3	0	1	1	0	4	0	0	0	0	25	0	0	0	0	4	0	0	0	2	3	0	0	0	1	0	0	0	0	0
349	22 May 26	21:45:00	1	0	1	0	Ct	0	1	0	0	0	2	8	3	0	0	0	0	0	0	6	0	0	0	0	0	0	0	0	0	4	0	0	0	2	0	0	0	0	0
350	22 May 26	21:50:00	1	0	1	0	Ct	0	1	0	0	0	1	0	3	0	0	0	0	0	0	14	0	0	0	0	0	4	4	0	0	3	0	0	0	0	0	0	0	0	0
351	22 May 26	21:55:00	1	0	1	0	Ct	0	1	0	0	0	1	0	0	0	0	0	0	0	0	0	0	0	0	0	0	0	3	0	0	0	2	13	0	0	0	0	0	0	0
352	22 May 26	22:00:00	1	0	1	0	Ct	0	1	0	0	0	2	0	2	0	1	0	0	14	0	15	0	6	0	0	0	0	0	0	0	2	0	0	0	0	4	0	0	0	0
353	22 May 26	22:05:00	1	0	1	0	Ct	0	1	0	0	0	1	7	8	0	2	0	0	12	0	1	0	11	0	0	5	4	0	0	0	4	0	0	2	0	3	0	0	0	0
354	22 May 26	22:10:00	1	0	1	0	Ct	0	0	0	0	3	3	0	12	0	0	0	0	8	0	0	0	7	0	0	0	0	2	0	0	3	0	0	2	2	0	0	0	0	0
355	22 May 26	22:15:00	1	0	1	0	Ct	0	0	0	0	0	4	1	0	0	0	0	0	6	0	0	0	0	0	0	1	3	2	0	0	0	0	0	2	0	2	0	0	0	0
356	22 May 26	22:20:00	1	0	1	0	Ct	0	0	0	0	0	2	2	0	0	2	0	0	7	0	0	4	16	0	0	0	35	0	0	0	0	0	0	0	0	0	0	0	0	0
357	22 May 26	22:25:00	1	0	1	0	Ct	0	0	0	0	2	0	0	0	0	7	0	0	8	0	0	0	11	0	0	0	9	0	0	0	0	0	0	0	0	0	0	0	0	0
358	22 May 26	22:30:00	1	0	1	0	Ct	0	0	0	0	0	0	0	0	0	0	0	0	0	0	0	4	12	0	0	0	0	0	0	0	0	0	0	0	0	2	0	0	0	0
359	22 May 26	22:35:00	1	0	1	0	Ct	0	0	0	0	0	2	0	0	0	0	0	0	0	0	0	0	0	0	0	0	0	0	0	0	4	0	0	0	1	2	0	0	0	0
360	22 May 26	22:40:00	1	0	1	0	Ct	0	0	0	0	0	0	5	0	0	0	0	0	0	0	0	0	0	0	0	0	0	4	0	0	0	0	0	0	2	0	0	0	0	0
361	22 May 26	22:45:00	1	0	1	0	Ct	0	0	0	0	0	0	0	41	0	0	0	0	0	0	0	0	0	0	0	0	0	1	0	0	0	0	0	0	5	0	0	0	0	0
362	22 May 26	22:50:00	1	0	1	0	Ct	0	0	0	0	0	0	0	3	0	0	0	0	0	0	0	0	0	0	0	0	0	1	0	0	0	0	0	0	0	0	0	0	0	0
363	22 May 26	22:55:00	1	0	1	0	Ct	0	0	0	0	0	0	0	0	0	0	0	0	0	0	0	0	0	0	0	0	0	7	8	0	0	0	0	0	1	0	6	0	0	0
364	22 May 26	23:00:00	1	0	1	0	Ct	0	0	0	0	0	0	0	0	0	0	0	0	0	0	0	0	0	3	0	1	0	5	15	0	0	0	0	0	0	0	6	0	0	0
365	22 May 26	23:05:00	1	0	1	0	Ct	0	0	0	0	0	0	0	0	0	0	0	0	6	0	0	0	0	1	0	6	0	2	13	0	0	0	0	0	21	0	0	0	0	0
366	22 May 26	23:10:00	1	0	1	0	Ct	0	0	0	0	0	0	0	0	0	0	0	0	5	0	0	0	0	4	0	0	12	0	3	0	0	0	0	0	9	0	15	0	0	0
367	22 May 26	23:15:00	1	0	1	0	Ct	0	0	0	0	0	0	0	1	0	0	0	0	0	0	0	0	0	1	0	0	0	0	0	0	2	0	0	0	0	0	0	1	0	0
368	22 May 26	23:20:00	1	0	1	0	Ct	0	0	0	0	0	0	0	10	0	0	0	0	2	0	0	9	0	0	0	3	11	2	0	0	0	0	0	0	0	6	0	0	0	0
369	22 May 26	23:25:00	1	0	1	0	Ct	0	0	0	0	0	0	0	0	0	0	4	0	10	0	0	0	2	0	0	5	1	3	3	0	0	0	0	0	0	0	0	0	0	0
370	22 May 26	23:30:00	1	0	1	0	Ct	0	0	0	0	0	0	0	3	0	0	27	0	21	0	0	0	0	0	0	0	0	6	5	0	0	0	0	0	7	0	0	0	0	2
371	22 May 26	23:35:00	1	0	1	0	Ct	0	0	0	0	0	0	0	2	0	0	9	0	34	0	0	0	0	0	0	0	0	5	0	0	0	0	0	0	3	0	0	13	0	0
372	22 May 26	23:40:00	1	0	1	0	Ct	0	0	0	0	0	0	0	7	0	0	8	0	18	0	0	0	0	0	0	0	0	0	0	0	3	0	0	0	6	0	0	0	0	1
373	22 May 26	23:45:00	1	0	1	0	Ct	0	0	0	0	0	0	0	4	0	0	45	0	0	0	0	0	6	0	0	0	0	3	0	1	1	0	0	0	0	0	0	0	0	0
374	22 May 26	23:50:00	1	0	1	0	Ct	0	0	0	0	0	0	0	0	0	0	0	0	0	0	0	0	10	0	0	0	0	0	0	22	1	0	0	0	0	0	0	0	0	0
375	22 May 26	23:55:00	1	0	1	0	Ct	0	0	0	0	0	0	0	0	0	0	22	0	0	0	0	0	0	0	0	0	0	0	0	5	2	0	0	0	0	0	0	1	0	0
376	23 May 26	00:00:00	1	0	1	0	Ct	0	0	0	0	0	0	0	0	0	0	0	0	0	0	0	0	0	0	0	7	0	0	0	0	0	0	0	0	0	0	0	0	0	0
377	23 May 26	00:05:00	1	0	1	0	Ct	0	0	0	0	0	0	0	0	0	0	0	0	0	0	0	0	0	0	0	0	0	0	0	0	0	0	0	0	0	0	0	1	0	0
378	23 May 26	00:10:00	1	0	1	0	Ct	0	0	0	0	0	0	0	0	0	0	0	0	0	0	14	0	12	0	0	1	0	0	4	0	0	0	0	0	0	0	0	0	0	0
379	23 May 26	00:15:00	1	0	1	0	Ct	0	0	0	0	0	0	0	0	0	0	0	0	0	0	10	0	0	0	0	14	0	0	0	0	0	0	0	0	0	0	0	0	0	0
380	23 May 26	00:20:00	1	0	1	0	Ct	0	0	0	0	0	0	0	0	0	0	0	0	0	0	15	0	0	0	0	19	0	2	0	0	0	0	0	0	0	0	0	0	0	0
381	23 May 26	00:25:00	1	0	1	0	Ct	0	0	0	0	0	0	0	0	0	0	0	0	0	0	27	0	12	0	0	0	0	2	0	0	0	0	0	0	0	0	0	0	0	0
382	23 May 26	00:30:00	1	0	1	0	Ct	0	0	0	0	0	0	0	0	0	0	0	0	0	0	19	0	0	0	0	0	0	0	0	0	0	0	0	0	0	0	0	9	0	0
383	23 May 26	00:35:00	1	0	1	0	Ct	0	0	0	0	0	0	0	0	0	0	0	0	7	0	14	0	13	0	0	0	0	0	0	0	0	0	0	0	0	0	0	0	0	0
384	23 May 26	00:40:00	1	0	1	0	Ct	0	0	0	0	0	0	0	0	0	0	0	0	1	0	4	0	6	0	0	0	0	1	0	0	0	0	0	0	0	0	0	5	0	1
385	23 May 26	00:45:00	1	0	1	0	Ct	0	0	0	0	0	0	0	0	0	0	0	0	0	0	17	0	0	0	0	0	0	1	0	0	0	0	0	0	0	0	0	0	0	1
386	23 May 26	00:50:00	1	0	1	0	Ct	0	0	0	0	0	3	0	0	0	0	0	0	0	0	19	0	12	0	0	0	0	0	0	0	0	0	0	0	0	0	0	0	0	0
387	23 May 26	00:55:00	1	0	1	0	Ct	0	0	0	0	0	0	5	0	0	0	0	0	22	0	28	0	0	0	0	0	0	0	0	0	0	0	0	0	3	0	0	0	0	0
388	23 May 26	01:00:00	1	0	1	0	Ct	0	0	0	0	0	0	0	0	0	0	0	0	32	0	35	0	0	5	0	0	0	0	0	0	0	0	0	0	5	3	0	0	0	0
389	23 May 26	01:05:00	1	0	1	0	Ct	0	0	0	0	0	0	0	0	0	0	0	0	0	0	16	0	5	1	0	0	0	0	0	0	0	0	0	0	0	0	0	0	0	1
390	23 May 26	01:10:00	1	0	1	0	Ct	0	0	0	0	0	0	0	0	0	0	0	0	0	0	4	0	27	0	0	0	0	0	0	0	0	0	0	0	0	0	0	0	0	1
391	23 May 26	01:15:00	1	0	1	0	Ct	0	0	0	0	0	0	0	0	0	0	0	0	0	0	0	0	0	0	0	0	0	0	0	0	0	0	0	0	0	0	0	0	0	1
392	23 May 26	01:20:00	1	0	1	0	Ct	0	0	0	0	0	3	0	5	0	0	0	0	0	0	0	0	0	0	0	0	0	0	0	0	0	0	0	0	3	0	0	0	0	3
393	23 May 26	01:25:00	1	0	1	0	Ct	0	0	0	0	0	0	0	0	0	0	0	0	0	0	0	0	0	0	0	0	0	0	0	0	0	0	0	0	0	0	0	0	0	0
394	23 May 26	01:30:00	1	0	1	0	Ct	0	0	0	0	0	0	0	0	0	0	0	0	0	0	0	0	0	0	0	0	0	0	0	0	0	0	0	0	2	0	0	0	0	0
395	23 May 26	01:35:00	1	0	1	0	Ct	0	0	0	0	0	0	0	0	0	0	0	0	0	0	0	0	0	0	0	0	0	0	0	0	0	0	0	0	0	0	0	0	0	0
396	23 May 26	01:40:00	1	0	1	0	Ct	0	0	0	0	0	0	0	0	0	0	0	0	0	0	0	0	11	0	0	0	0	0	0	0	0	0	22	0	0	0	0	0	0	0
397	23 May 26	01:45:00	1	0	1	0	Ct	0	0	0	0	0	0	0	0	0	0	0	0	0	0	0	0	21	0	0	0	0	0	0	0	0	0	0	0	1	0	0	0	0	0
398	23 May 26	01:50:00	1	0	1	0	Ct	0	0	0	0	0	0	0	0	0	2	0	0	0	0	0	0	0	0	0	0	0	0	0	0	0	0	0	0	0	0	0	0	0	0
399	23 May 26	01:55:00	1	0	1	0	Ct	0	0	0	0	0	0	0	4	0	4	0	0	0	0	0	0	0	0	0	0	0	0	0	0	0	0	0	0	0	0	0	0	0	0
400	23 May 26	02:00:00	1	0	1	0	Ct	0	0	0	0	0	2	0	71	0	0	0	0	0	0	0	0	1	0	0	0	0	3	0	0	0	0	0	0	0	0	0	0	0	0
401	23 May 26	02:05:00	1	0	1	0	Ct	0	0	0	0	0	0	0	0	0	0	0	0	0	0	0	0	0	0	0	0	0	2	0	0	0	0	0	0	0	0	0	0	0	0
402	23 May 26	02:10:00	1	0	1	0	Ct	0	0	0	0	0	0	0	0	0	0	0	0	0	0	0	0	16	0	0	0	0	0	0	0	0	0	0	0	0	0	0	0	0	0
403	23 May 26	02:15:00	1	0	1	0	Ct	0	0	0	0	0	0	0	0	0	0	0	0	0	0	0	0	0	0	0	0	0	2	0	0	0	0	0	0	0	0	0	0	0	1
404	23 May 26	02:20:00	1	0	1	0	Ct	0	0	0	0	0	0	0	0	0	0	0	0	0	0	0	0	0	0	0	0	0	0	0	0	0	0	11	0	0	0	0	0	0	0
405	23 May 26	02:25:00	1	0	1	0	Ct	0	0	0	0	0	0	0	0	0	0	0	0	0	0	0	0	0	0	0	0	0	0	0	0	0	0	1	0	0	0	0	0	0	0
406	23 May 26	02:30:00	1	0	1	0	Ct	0	0	0	0	0	2	0	0	0	0	0	0	0	0	0	0	0	0	0	0	0	0	0	0	0	0	0	1	0	0	0	0	0	0
407	23 May 26	02:35:00	1	0	1	0	Ct	0	0	0	0	0	0	5	1	0	2	0	0	0	0	0	0	0	0	0	0	0	0	0	0	0	0	0	0	0	0	0	0	0	0
408	23 May 26	02:40:00	1	0	1	0	Ct	0	0	0	0	0	0	1	0	0	2	0	0	0	0	0	0	0	0	0	0	0	1	0	0	0	0	0	0	0	0	0	0	0	0
409	23 May 26	02:45:00	1	0	1	0	Ct	0	0	0	0	0	0	0	1	0	1	0	0	0	0	0	0	0	0	0	0	0	2	0	0	0	0	0	0	0	0	0	0	0	0
410	23 May 26	02:50:00	1	0	1	0	Ct	0	0	0	0	0	0	0	2	0	0	0	0	0	0	0	0	4	0	0	0	0	1	0	0	0	0	0	0	0	0	0	0	0	0
411	23 May 26	02:55:00	1	0	1	0	Ct	0	0	0	0	0	0	0	2	0	0	0	0	0	0	0	0	0	0	0	0	0	13	0	0	0	0	0	0	0	0	0	0	0	0
412	23 May 26	03:00:00	1	0	1	0	Ct	0	0	0	0	0	0	0	0	0	0	0	0	0	0	0	0	0	0	0	0	0	2	0	0	0	0	0	0	4	0	0	0	0	0
413	23 May 26	03:05:00	1	0	1	0	Ct	0	0	0	0	0	0	0	0	0	0	0	0	0	0	0	0	0	0	0	0	0	0	0	0	0	0	0	0	0	0	0	0	0	0
414	23 May 26	03:10:00	1	0	1	0	Ct	0	0	0	0	0	0	0	0	0	2	0	0	0	0	0	0	0	0	0	0	0	0	0	0	0	1	0	0	0	0	0	0	0	0
415	23 May 26	03:15:00	1	0	1	0	Ct	0	0	0	0	0	0	0	0	0	0	0	0	0	0	0	0	0	0	0	0	0	0	0	0	0	0	0	0	0	0	0	0	0	0
416	23 May 26	03:20:00	1	0	1	0	Ct	0	0	0	0	0	0	0	0	0	0	0	0	0	0	0	0	0	0	0	0	0	0	0	0	0	0	0	0	0	0	0	27	0	0
417	23 May 26	03:25:00	1	0	1	0	Ct	0	0	0	0	0	7	0	0	0	0	0	0	0	0	0	0	0	0	0	0	0	0	0	0	0	0	0	0	0	0	0	36	0	0
418	23 May 26	03:30:00	1	0	1	0	Ct	0	0	0	0	0	0	0	0	0	0	0	0	0	0	0	0	0	0	0	0	0	0	0	0	0	0	0	0	0	0	0	13	0	0
419	23 May 26	03:35:00	1	0	1	0	Ct	0	0	0	0	0	3	0	0	0	0	0	0	0	0	0	0	0	0	0	0	0	0	0	0	0	0	0	0	0	0	0	0	0	0
420	23 May 26	03:40:00	1	0	1	0	Ct	0	0	0	0	0	0	0	3	0	0	0	0	0	0	0	0	0	3	0	0	0	0	0	0	0	0	0	0	0	0	0	0	0	0
421	23 May 26	03:45:00	1	0	1	0	Ct	0	0	0	0	0	0	0	0	0	0	0	0	0	0	0	0	0	4	0	0	1	0	0	0	0	0	0	0	0	0	0	0	0	0
422	23 May 26	03:50:00	1	0	1	0	Ct	0	0	0	0	0	0	0	0	0	0	0	0	0	0	0	0	0	0	0	0	6	0	0	0	0	0	0	0	0	0	0	1	0	1
423	23 May 26	03:55:00	1	0	1	0	Ct	0	0	0	0	0	0	0	0	0	0	0	0	0	0	0	0	0	0	0	0	11	0	0	0	0	0	0	0	1	0	0	0	0	0
424	23 May 26	04:00:00	1	0	1	0	Ct	0	0	0	0	0	0	0	0	0	0	0	0	0	0	0	0	0	0	0	0	16	0	0	0	0	0	0	0	0	0	0	0	0	0
425	23 May 26	04:05:00	1	0	1	0	Ct	0	0	0	0	0	0	0	0	0	0	0	0	0	0	0	0	0	0	0	0	0	0	0	35	11	0	0	0	2	0	0	0	0	0
426	23 May 26	04:10:00	1	0	1	0	Ct	0	0	0	0	0	0	0	0	0	0	0	0	0	0	0	0	0	0	0	0	0	2	0	30	0	0	0	0	0	0	0	0	0	1
427	23 May 26	04:15:00	1	0	1	0	Ct	0	0	0	0	0	0	0	0	0	0	0	0	0	0	0	0	0	0	0	0	0	0	0	0	0	0	0	0	0	0	0	0	0	0
428	23 May 26	04:20:00	1	0	1	0	Ct	0	0	0	0	0	0	0	0	0	0	0	0	0	0	0	0	0	0	0	0	0	0	0	0	0	0	0	0	0	0	0	0	0	0
429	23 May 26	04:25:00	1	0	1	0	Ct	0	0	0	0	0	0	2	0	0	0	0	0	0	0	0	0	0	0	0	0	22	4	0	0	0	0	0	0	0	0	0	0	0	0
430	23 May 26	04:30:00	1	0	1	0	Ct	0	0	0	0	0	0	0	0	0	0	0	0	0	0	0	0	0	0	0	0	8	0	0	4	0	0	0	0	0	0	0	0	0	0
431	23 May 26	04:35:00	1	0	1	0	Ct	0	0	0	0	0	0	0	0	0	0	0	0	0	0	0	0	0	0	0	0	0	0	0	28	0	0	0	0	0	0	0	0	0	0
432	23 May 26	04:40:00	1	0	1	0	Ct	0	0	0	0	0	0	0	0	0	0	0	0	0	0	0	0	0	0	0	0	0	0	0	12	0	0	0	0	0	0	0	0	0	0
433	23 May 26	04:45:00	1	0	1	0	Ct	0	0	0	0	0	0	0	0	0	0	0	0	0	0	0	0	5	0	0	0	0	0	0	0	0	0	0	0	0	0	0	0	0	4
434	23 May 26	04:50:00	1	0	1	0	Ct	0	0	0	0	0	0	0	0	0	0	0	0	0	0	0	0	0	0	0	0	0	0	0	0	0	0	0	0	0	0	0	0	0	0
435	23 May 26	04:55:00	1	0	1	0	Ct	0	0	0	0	0	0	0	0	0	0	0	0	0	0	0	0	0	0	0	0	0	0	0	0	0	0	0	0	0	0	0	0	0	0
436	23 May 26	05:00:00	1	0	1	0	Ct	0	0	0	0	0	0	0	0	0	0	0	0	0	0	0	0	0	0	0	0	0	0	0	0	0	0	0	0	0	0	0	0	0	0
437	23 May 26	05:05:00	1	0	1	0	Ct	0	0	0	0	0	0	0	1	0	0	0	0	0	0	0	0	0	0	0	0	0	4	10	0	0	0	0	0	0	0	0	0	0	0
438	23 May 26	05:10:00	1	0	1	0	Ct	0	0	0	0	0	2	0	1	0	0	0	0	0	0	0	0	0	0	0	0	0	3	11	0	0	0	0	0	0	0	0	0	0	0
439	23 May 26	05:15:00	1	0	1	0	Ct	0	0	0	0	0	0	0	3	0	4	0	0	0	0	0	0	0	0	0	0	0	0	0	0	0	0	0	0	0	0	0	0	0	0
440	23 May 26	05:20:00	1	0	1	0	Ct	0	0	0	0	0	0	0	4	0	0	0	0	0	0	0	0	0	0	0	0	4	3	0	0	0	0	0	0	0	0	0	0	0	0
441	23 May 26	05:25:00	1	0	1	0	Ct	0	0	0	0	0	0	0	0	0	0	0	0	0	0	0	0	0	0	0	0	3	0	0	0	0	0	0	0	0	0	0	0	0	7
442	23 May 26	05:30:00	1	0	1	0	Ct	0	0	0	0	0	0	0	1	0	0	0	0	0	0	0	0	0	0	0	0	0	0	0	0	0	0	0	0	0	0	0	0	0	0
443	23 May 26	05:35:00	1	0	1	0	Ct	0	0	0	0	0	0	0	0	0	3	0	0	0	0	0	0	10	0	0	0	11	9	0	0	0	0	0	0	0	2	0	0	0	0
444	23 May 26	05:40:00	1	0	1	0	Ct	0	0	0	0	0	0	0	0	0	0	0	0	0	0	0	0	0	0	0	0	9	2	0	0	0	0	0	0	0	0	0	0	0	0
445	23 May 26	05:45:00	1	0	1	0	Ct	0	0	0	0	0	0	0	0	0	0	0	0	0	0	0	0	1	3	0	0	2	2	0	0	0	0	0	0	0	0	0	0	0	0
446	23 May 26	05:50:00	1	0	1	0	Ct	0	0	0	0	0	0	0	0	0	0	0	0	0	0	0	0	0	1	0	0	0	2	0	0	0	0	0	0	0	0	0	0	0	0
447	23 May 26	05:55:00	1	0	1	0	Ct	0	0	0	0	0	0	0	0	0	0	0	0	0	0	0	0	0	0	0	0	0	0	0	0	0	0	0	0	0	0	0	0	0	0
448	23 May 26	06:00:00	1	0	1	0	Ct	0	0	0	0	0	0	0	1	0	0	0	0	0	0	0	0	0	0	0	0	0	0	0	0	0	0	0	0	0	0	0	0	0	0
449	23 May 26	06:05:00	1	0	1	0	Ct	0	0	0	0	0	0	0	0	0	0	0	0	0	0	0	0	0	0	0	0	0	0	0	0	0	0	0	0	0	0	0	0	0	0
450	23 May 26	06:10:00	1	0	1	0	Ct	0	0	0	0	0	1	0	0	0	0	0	0	0	0	0	0	0	0	0	0	0	0	0	0	0	0	0	0	0	0	0	0	0	0
451	23 May 26	06:15:00	1	0	1	0	Ct	0	0	0	0	0	3	0	0	0	0	0	0	0	0	0	0	0	0	0	3	0	0	0	0	0	0	0	0	0	0	0	0	0	0
452	23 May 26	06:20:00	1	0	1	0	Ct	0	0	0	0	0	0	0	0	0	0	0	0	0	0	0	0	0	0	0	2	0	0	0	0	0	0	0	0	0	0	0	0	0	0
453	23 May 26	06:25:00	1	0	1	0	Ct	0	0	0	0	0	0	0	0	0	0	0	0	0	0	0	0	0	0	0	0	0	0	0	0	0	0	0	0	2	0	0	0	0	0
454	23 May 26	06:30:00	1	0	1	0	Ct	0	0	0	0	0	0	0	21	0	0	0	0	0	0	0	0	0	19	0	0	0	0	0	0	0	0	0	0	3	0	0	0	0	0
455	23 May 26	06:35:00	1	0	1	0	Ct	0	0	0	0	0	0	0	0	0	0	0	0	0	0	0	0	0	0	0	0	0	0	0	0	0	0	0	0	1	0	0	0	0	0
456	23 May 26	06:40:00	1	0	1	0	Ct	0	0	0	0	0	0	0	0	0	0	0	0	0	0	0	0	0	0	0	0	0	0	0	0	0	0	0	0	0	0	0	0	0	0
457	23 May 26	06:45:00	1	0	1	0	Ct	0	0	0	0	0	0	0	2	0	0	0	0	0	0	0	0	0	0	0	0	0	0	0	0	0	0	0	0	0	0	0	0	0	0
458	23 May 26	06:50:00	1	0	1	0	Ct	0	0	0	0	0	0	0	0	0	1	0	0	0	0	0	0	0	0	0	0	0	0	0	0	0	0	0	0	0	3	0	0	0	0
459	23 May 26	06:55:00	1	0	1	0	Ct	0	0	0	0	0	0	0	1	0	0	0	0	0	0	0	0	0	0	0	0	2	0	0	0	0	0	0	0	0	0	0	0	0	0
460	23 May 26	07:00:00	1	0	1	0	Ct	0	0	0	0	0	0	0	2	0	0	0	0	0	0	0	0	0	0	0	0	0	0	0	0	0	0	0	0	0	0	0	0	0	0
461	23 May 26	07:05:00	1	0	1	0	Ct	0	0	0	0	0	0	0	0	0	0	0	0	0	0	9	0	0	0	0	0	0	0	0	0	0	0	0	0	0	0	0	0	0	0
462	23 May 26	07:10:00	1	0	1	0	Ct	0	0	0	0	0	0	0	0	0	0	11	0	0	0	0	0	0	0	0	0	0	0	0	0	0	0	0	0	0	0	0	0	0	0
463	23 May 26	07:15:00	1	0	1	0	Ct	0	0	0	0	0	0	0	2	0	0	5	0	13	0	0	0	0	0	0	0	0	2	0	0	0	0	0	0	0	0	0	0	0	0
464	23 May 26	07:20:00	1	0	1	0	Ct	0	0	0	0	0	0	0	2	0	0	31	0	0	0	0	0	0	0	0	0	0	0	7	0	0	0	0	0	0	0	0	0	0	0
465	23 May 26	07:25:00	1	0	1	0	Ct	0	0	0	0	0	0	0	0	0	0	0	0	0	0	0	0	0	0	0	0	0	4	0	0	0	0	0	0	3	0	0	0	0	0
466	23 May 26	07:30:00	1	0	1	0	Ct	0	0	0	0	0	0	0	0	0	0	0	0	0	0	0	0	0	0	0	0	0	0	0	0	0	0	0	0	0	0	0	0	0	0
467	23 May 26	07:35:00	1	0	1	0	Ct	0	0	0	0	0	0	0	0	0	0	0	0	0	0	0	0	0	0	0	0	0	0	0	0	0	0	0	0	0	0	0	0	0	0
468	23 May 26	07:40:00	1	0	1	0	Ct	0	0	0	0	0	0	0	0	0	0	0	0	0	0	0	0	0	0	0	0	0	0	0	0	0	0	0	0	0	0	0	0	0	0
469	23 May 26	07:45:00	1	0	1	0	Ct	0	0	0	0	0	0	0	0	0	0	0	0	0	0	0	0	0	0	0	0	5	0	0	0	0	0	0	0	0	0	0	0	0	1
470	23 May 26	07:50:00	1	0	1	0	Ct	0	0	0	0	0	0	0	0	0	0	0	0	0	0	0	0	0	0	0	0	0	0	0	0	0	0	0	0	0	0	0	0	0	0
471	23 May 26	07:55:00	1	0	1	0	Ct	0	0	0	0	0	0	0	0	0	0	0	0	0	0	0	0	0	0	0	0	1	0	0	0	0	0	0	0	0	0	0	0	0	0
472	23 May 26	08:00:00	1	0	1	0	Ct	0	0	0	0	0	2	0	0	0	0	0	0	0	0	0	0	0	0	0	0	0	0	0	0	0	0	0	0	0	0	0	0	0	0
473	23 May 26	08:05:00	1	0	1	0	Ct	0	0	0	0	0	0	0	0	0	0	0	0	0	0	3	0	0	0	0	0	9	0	0	0	0	0	0	0	0	0	0	0	0	0
474	23 May 26	08:10:00	1	0	1	0	Ct	0	0	0	0	0	0	0	1	0	0	0	0	0	0	0	0	0	0	0	0	0	0	0	0	0	0	0	0	0	0	0	0	0	0
475	23 May 26	08:15:00	1	0	1	0	Ct	0	0	0	0	0	0	0	1	0	0	0	0	0	0	0	0	0	0	0	0	0	0	0	0	0	0	0	0	0	0	0	0	0	0
476	23 May 26	08:20:00	1	0	1	0	Ct	0	0	0	0	0	0	0	0	0	0	0	0	0	0	0	0	0	0	0	0	0	0	0	0	0	0	0	0	0	0	0	0	0	0
477	23 May 26	08:25:00	1	0	1	0	Ct	0	0	0	0	0	0	0	0	0	0	0	0	0	0	0	0	0	0	0	0	0	0	2	0	0	0	0	0	0	0	0	0	0	0
478	23 May 26	08:30:00	1	0	1	0	Ct	0	0	0	0	0	0	0	6	0	0	0	0	0	0	1	0	0	0	0	0	0	0	0	0	0	0	0	0	0	0	0	0	0	0
479	23 May 26	08:35:00	1	0	1	0	Ct	0	0	0	0	0	0	0	0	0	0	0	0	0	0	0	0	0	0	0	0	0	0	0	0	0	0	0	0	3	0	0	0	0	0
480	23 May 26	08:40:00	1	0	1	0	Ct	0	0	0	0	0	0	0	0	0	0	0	0	0	0	0	0	0	0	0	0	0	0	0	0	0	0	0	0	3	0	0	0	0	0
481	23 May 26	08:45:00	1	0	1	0	Ct	0	0	0	0	0	0	0	0	0	0	0	0	0	0	0	0	0	0	0	0	0	0	0	0	0	0	0	0	0	0	0	0	0	0
482	23 May 26	08:50:00	1	0	1	0	Ct	0	0	0	0	0	0	0	0	0	0	0	0	0	0	0	0	0	0	0	0	0	0	0	0	0	0	0	0	1	0	0	0	0	0
483	23 May 26	08:55:00	1	0	1	0	Ct	0	0	0	0	0	0	0	0	0	0	0	0	0	0	0	0	0	0	0	0	0	0	0	0	0	0	0	0	0	0	0	0	0	0
484	23 May 26	09:00:00	1	0	1	0	Ct	0	0	0	0	0	0	0	0	0	0	0	0	0	0	0	0	0	0	0	0	0	0	0	0	0	0	0	0	0	0	0	0	0	0
485	23 May 26	09:05:00	1	0	1	0	Ct	0	0	0	0	0	0	0	0	0	1	0	0	0	0	0	0	0	0	0	0	0	0	0	0	0	0	0	0	0	0	0	0	0	0
486	23 May 26	09:10:00	1	0	1	0	Ct	0	0	0	0	0	0	0	0	0	10	0	0	0	0	8	0	0	0	0	0	0	0	0	0	0	0	0	0	0	0	0	0	0	0
487	23 May 26	09:15:00	1	0	1	0	Ct	0	0	0	0	0	0	0	0	0	0	0	0	0	0	10	0	0	0	0	0	0	0	0	0	0	0	0	0	0	0	0	0	0	0
488	23 May 26	09:20:00	1	0	1	0	Ct	0	0	0	0	0	0	0	0	0	0	0	0	0	0	17	0	0	0	0	0	0	0	0	0	0	0	0	0	0	0	0	0	0	0
489	23 May 26	09:25:00	1	0	1	0	Ct	0	0	0	0	0	0	0	6	0	0	0	0	0	0	1	0	0	0	0	0	0	0	0	0	0	0	0	0	0	0	0	0	0	0
490	23 May 26	09:30:00	1	0	1	0	Ct	0	0	0	0	0	0	0	1	0	0	0	0	0	0	10	0	15	0	0	0	0	0	0	0	0	0	0	0	0	0	0	0	0	0
491	23 May 26	09:35:00	1	0	1	0	Ct	0	0	0	0	0	0	0	0	0	0	0	0	0	0	9	0	7	0	0	0	0	0	0	0	0	0	0	0	0	0	0	0	0	0
492	23 May 26	09:40:00	1	0	1	0	Ct	0	0	0	0	0	0	0	0	0	0	0	0	0	0	2	0	23	0	0	0	0	0	0	0	0	0	0	0	0	0	0	0	0	0
493	23 May 26	09:45:00	1	0	1	0	Ct	0	0	0	0	0	0	0	0	0	0	0	0	0	0	0	0	0	0	0	0	0	0	0	0	0	0	0	0	0	0	0	0	0	0
494	23 May 26	09:50:00	1	0	1	0	Ct	0	0	0	0	0	0	0	0	0	0	0	0	0	0	0	0	0	0	0	0	0	0	0	0	0	0	0	0	0	0	0	0	0	0
495	23 May 26	09:55:00	1	0	1	0	Ct	0	0	0	0	0	0	0	0	0	0	0	0	0	0	0	0	0	0	0	0	0	0	5	0	0	0	0	0	0	0	0	0	0	0
496	23 May 26	10:00:00	1	0	1	0	Ct	0	1	0	0	0	0	0	1	0	0	0	0	0	0	0	0	0	0	0	0	0	0	0	0	0	0	0	0	0	0	0	0	0	0
497	23 May 26	10:05:00	1	0	1	0	Ct	0	1	0	0	0	0	0	7	0	0	0	0	0	0	0	0	5	0	0	6	0	0	0	0	0	3	0	2	0	0	0	0	0	0
498	23 May 26	10:10:00	1	0	1	0	Ct	0	1	0	0	0	0	0	9	0	1	0	0	0	0	0	0	0	0	0	0	0	0	0	0	4	1	0	0	0	0	0	0	0	0
499	23 May 26	10:15:00	1	0	1	0	Ct	0	1	0	0	0	2	0	8	0	1	0	0	0	0	0	0	6	0	0	0	0	1	0	0	9	0	0	0	0	0	0	0	0	0
500	23 May 26	10:20:00	1	0	1	0	Ct	0	1	0	0	6	0	0	0	0	1	0	0	3	0	0	0	0	0	0	26	0	3	0	15	12	4	0	0	0	0	0	0	0	1
501	23 May 26	10:25:00	1	0	1	0	Ct	0	1	0	0	0	4	0	8	0	3	0	0	0	0	0	0	0	0	0	10	0	8	0	17	4	6	0	0	0	0	0	0	0	0
502	23 May 26	10:30:00	1	0	1	0	Ct	0	1	0	0	0	2	0	20	0	6	0	0	0	0	0	0	0	0	0	5	30	9	0	0	16	0	0	7	1	0	0	0	0	0
503	23 May 26	10:35:00	1	0	1	0	Ct	0	1	0	0	0	2	0	5	0	0	0	0	0	0	0	0	0	0	0	0	0	9	0	0	10	0	0	0	0	14	0	0	0	0
504	23 May 26	10:40:00	1	0	1	0	Ct	0	1	0	0	0	5	2	0	0	2	0	0	0	0	0	0	0	0	0	0	0	10	0	0	2	6	0	0	1	0	0	0	0	0
505	23 May 26	10:45:00	1	0	1	0	Ct	0	1	0	0	0	2	0	1	0	2	0	0	0	0	0	0	0	0	0	0	0	4	0	0	0	17	0	2	0	0	0	0	0	0
506	23 May 26	10:50:00	1	0	1	0	Ct	0	1	0	0	0	0	0	11	0	0	0	0	6	0	0	0	0	0	0	0	0	5	0	0	6	0	0	1	0	0	0	0	0	0
507	23 May 26	10:55:00	1	0	1	0	Ct	0	1	0	0	0	0	0	16	0	1	0	0	0	0	0	0	0	0	0	0	2	3	0	0	7	0	0	0	0	0	13	0	0	0
508	23 May 26	11:00:00	1	0	1	0	Ct	0	1	0	0	0	0	0	15	0	5	0	0	4	0	0	0	0	0	0	0	0	4	0	0	0	0	0	0	0	0	20	0	0	0
509	23 May 26	11:05:00	1	0	1	0	Ct	0	1	0	0	0	0	0	0	0	1	0	0	11	0	0	0	0	0	0	0	0	4	0	0	0	0	0	0	0	1	0	0	0	7
510	23 May 26	11:10:00	1	0	1	0	Ct	0	1	0	0	0	0	0	2	0	1	0	0	2	0	0	0	0	0	0	0	0	3	0	3	4	0	18	1	3	1	0	0	0	0
511	23 May 26	11:15:00	1	0	1	0	Ct	0	1	0	0	0	0	0	9	0	0	0	0	0	0	0	0	0	0	0	0	0	6	0	1	10	0	1	0	0	0	0	0	0	0
512	23 May 26	11:20:00	1	0	1	0	Ct	0	1	0	0	0	0	0	3	0	0	0	0	0	0	0	0	0	0	0	0	0	2	0	17	7	0	0	1	0	0	0	0	0	0
513	23 May 26	11:25:00	1	0	1	0	Ct	0	1	0	0	0	3	4	0	0	1	0	0	0	0	0	0	0	0	0	0	0	6	13	0	7	0	0	0	0	0	0	0	0	0
514	23 May 26	11:30:00	1	0	1	0	Ct	0	1	0	0	0	1	0	1	0	1	0	0	0	0	0	0	0	0	0	0	0	7	2	1	0	2	0	2	0	0	0	0	0	0
515	23 May 26	11:35:00	1	0	1	0	Ct	0	1	0	0	0	1	0	1	0	0	0	0	0	0	0	0	0	0	0	0	0	4	0	0	0	1	8	1	0	0	0	0	0	0
516	23 May 26	11:40:00	1	0	1	0	Ct	0	1	0	0	0	3	0	1	0	1	0	0	3	0	0	0	0	0	0	0	0	0	0	0	3	0	0	2	0	0	8	0	0	0
517	23 May 26	11:45:00	1	0	1	0	Ct	0	1	0	0	0	1	0	10	0	3	0	0	0	0	0	0	0	0	0	0	0	1	0	0	9	2	0	1	0	15	4	0	0	0
518	23 May 26	11:50:00	1	0	1	0	Ct	0	1	0	0	0	2	0	4	0	2	0	0	7	0	0	0	0	0	0	0	0	1	0	0	1	3	0	2	0	0	0	0	0	0
519	23 May 26	11:55:00	1	0	1	0	Ct	0	1	0	0	0	2	0	0	0	1	0	0	0	0	0	0	0	0	0	0	0	9	0	0	1	2	0	0	0	0	0	0	0	0
520	23 May 26	12:00:00	1	0	1	0	Ct	0	1	0	0	0	3	3	3	0	0	0	0	0	0	0	0	0	0	0	2	0	4	0	0	2	4	0	0	0	0	0	0	0	0
521	23 May 26	12:05:00	1	0	1	0	Ct	0	1	0	0	0	4	0	9	0	0	20	0	0	0	0	0	0	0	0	0	0	3	0	0	6	2	0	0	0	0	0	0	0	0
522	23 May 26	12:10:00	1	0	1	0	Ct	0	1	0	0	0	6	0	0	0	3	0	0	0	0	0	0	0	0	0	0	0	2	0	5	7	1	0	1	38	0	0	0	0	0
523	23 May 26	12:15:00	1	0	1	0	Ct	0	1	0	0	0	7	0	3	0	0	0	0	0	0	0	0	0	0	0	0	0	7	0	8	2	0	0	2	0	2	0	0	0	0
524	23 May 26	12:20:00	1	0	1	0	Ct	0	1	0	0	0	3	0	3	0	5	0	0	0	0	0	0	0	0	0	0	0	0	0	24	0	0	0	0	0	2	0	0	0	1
525	23 May 26	12:25:00	1	0	1	0	Ct	0	1	0	0	0	3	0	0	0	2	0	0	0	0	0	0	0	0	0	0	0	2	0	7	5	0	0	1	0	0	0	0	0	0
526	23 May 26	12:30:00	1	0	1	0	Ct	0	1	0	0	0	2	0	3	0	1	0	0	0	0	0	0	0	0	0	0	0	5	0	0	0	0	0	0	0	0	0	0	0	4
527	23 May 26	12:35:00	1	0	1	0	Ct	0	1	0	0	0	4	0	0	0	6	0	0	3	0	0	0	0	0	0	0	0	0	2	0	3	0	0	1	0	1	0	0	0	0
528	23 May 26	12:40:00	1	0	1	0	Ct	0	1	0	0	0	1	0	3	0	5	0	0	3	0	0	0	0	0	0	0	0	0	0	0	4	0	0	0	5	1	0	0	0	0
529	23 May 26	12:45:00	1	0	1	0	Ct	0	1	0	0	0	3	2	4	0	4	0	0	0	0	0	0	0	0	0	0	0	0	0	0	0	1	0	2	0	0	0	0	0	0
530	23 May 26	12:50:00	1	0	1	0	Ct	0	1	0	0	0	1	0	2	0	3	0	0	0	0	0	0	0	0	0	0	0	0	0	0	5	2	0	1	0	2	0	0	0	0
531	23 May 26	12:55:00	1	0	1	0	Ct	0	1	0	0	0	2	0	1	0	4	0	0	0	0	0	0	0	0	0	0	0	0	0	0	0	0	0	1	3	5	0	0	0	0
532	23 May 26	13:00:00	1	0	1	0	Ct	0	1	0	0	0	2	2	0	0	2	0	0	2	0	0	0	0	0	0	0	0	1	1	0	6	0	0	0	0	1	0	0	0	3
533	23 May 26	13:05:00	1	0	1	0	Ct	0	1	0	0	0	1	0	9	0	5	0	0	0	0	0	0	0	0	0	0	0	3	0	0	2	0	0	2	0	0	0	0	0	0
534	23 May 26	13:10:00	1	0	1	0	Ct	0	1	0	0	0	2	0	1	0	3	0	0	0	0	0	0	0	0	0	0	0	0	16	0	2	0	0	0	1	0	0	0	0	6
535	23 May 26	13:15:00	1	0	1	0	Ct	0	1	0	0	0	0	0	3	0	1	0	0	0	0	0	0	0	0	0	0	0	2	0	0	0	0	0	0	0	2	0	0	0	0
536	23 May 26	13:20:00	1	0	1	0	Ct	0	1	0	0	0	0	0	0	0	0	0	0	0	0	0	0	0	0	0	0	0	7	3	0	18	0	0	0	4	0	0	0	0	0
537	23 May 26	13:25:00	1	0	1	0	Ct	0	1	0	0	0	2	0	1	0	6	0	0	0	0	0	0	0	23	0	0	0	0	0	0	8	0	0	0	0	2	0	0	0	0
538	23 May 26	13:30:00	1	0	1	0	Ct	0	1	0	0	0	0	3	1	0	3	0	0	0	0	0	0	0	0	0	0	0	0	1	16	3	3	0	1	0	0	0	8	0	0
539	23 May 26	13:35:00	1	0	1	0	Ct	0	1	0	0	0	0	1	0	0	0	0	0	0	1	0	0	0	0	0	0	0	2	0	18	8	3	0	1	0	2	0	44	0	0
540	23 May 26	13:40:00	1	0	1	0	Ct	0	1	0	0	0	5	1	0	0	0	0	0	0	0	0	0	0	0	0	0	0	0	0	19	0	1	0	2	0	1	0	0	0	0
541	23 May 26	13:45:00	1	0	1	0	Ct	0	1	0	0	0	0	0	8	0	0	0	0	0	0	0	0	0	0	0	0	0	0	0	17	0	0	0	0	0	2	0	0	0	0
542	23 May 26	13:50:00	1	0	1	0	Ct	0	1	0	0	0	1	0	2	0	0	0	0	7	0	0	0	0	0	0	0	0	0	0	23	2	0	0	0	0	3	0	0	0	0
543	23 May 26	13:55:00	1	0	1	0	Ct	0	1	0	0	0	2	0	1	0	0	0	0	1	0	0	0	6	0	0	0	0	0	0	13	4	0	0	1	0	7	0	0	0	0
544	23 May 26	14:00:00	1	0	1	0	Ct	0	1	0	0	0	3	0	5	0	0	0	0	0	4	0	0	0	0	0	0	0	0	0	0	2	0	0	0	0	0	0	0	0	0
545	23 May 26	14:05:00	1	0	1	0	Ct	0	1	0	0	0	2	0	4	0	0	0	0	0	0	0	0	0	7	0	0	0	0	0	0	0	0	0	2	0	1	0	0	0	0
546	23 May 26	14:10:00	1	0	1	0	Ct	0	1	0	0	0	2	1	2	0	0	0	0	0	0	0	0	0	0	0	0	0	0	0	0	3	0	0	0	2	1	0	0	0	0
547	23 May 26	14:15:00	1	0	1	0	Ct	0	1	0	0	0	0	0	1	0	0	0	0	0	7	0	0	0	4	0	0	0	0	0	0	4	0	0	0	0	2	0	0	0	0
548	23 May 26	14:20:00	1	0	1	0	Ct	0	1	0	0	0	0	28	1	0	0	0	0	0	8	0	0	0	0	0	0	0	0	0	0	0	2	0	1	0	0	0	0	0	0
549	23 May 26	14:25:00	1	0	1	0	Ct	0	1	0	0	0	0	0	2	0	0	0	0	0	0	0	0	0	23	0	2	0	0	0	0	0	0	0	1	2	1	0	0	0	0
550	23 May 26	14:30:00	1	0	1	0	Ct	0	1	0	0	0	0	0	6	0	0	0	0	0	0	0	0	0	0	0	0	16	2	0	0	0	0	0	2	1	1	0	0	0	0
551	23 May 26	14:35:00	1	0	1	0	Ct	0	1	0	0	0	0	1	4	0	0	0	0	0	6	0	0	0	0	0	7	0	3	0	0	0	0	0	0	0	2	0	0	0	1
552	23 May 26	14:40:00	1	0	1	0	Ct	0	1	0	0	0	0	0	1	0	0	0	0	3	15	0	0	11	0	0	0	4	0	0	0	7	0	0	0	0	2	0	0	0	0
553	23 May 26	14:45:00	1	0	1	0	Ct	0	1	0	0	0	0	0	0	0	0	0	0	0	2	0	0	21	13	0	0	21	0	1	0	9	0	17	0	0	0	0	0	0	0
554	23 May 26	14:50:00	1	0	1	0	Ct	0	1	0	0	0	0	0	0	0	0	0	0	0	15	0	0	8	0	0	0	0	0	2	0	1	3	0	0	0	4	0	0	0	0
555	23 May 26	14:55:00	1	0	1	0	Ct	0	1	0	0	0	0	1	2	0	2	0	0	0	7	0	0	0	0	0	0	0	0	3	0	0	0	0	0	0	3	0	0	0	0
556	23 May 26	15:00:00	1	0	1	0	Ct	0	1	0	0	0	0	0	0	0	3	0	0	0	12	0	0	14	0	0	0	0	0	0	0	0	0	0	0	0	0	0	0	0	0
557	23 May 26	15:05:00	1	0	1	0	Ct	0	1	0	0	3	0	0	2	0	8	0	0	0	24	0	0	0	0	0	0	0	2	0	0	0	3	0	0	0	2	0	0	0	0
558	23 May 26	15:10:00	1	0	1	0	Ct	0	1	0	0	0	0	5	0	0	11	0	0	1	29	0	0	3	0	0	0	0	0	0	0	0	0	0	0	0	5	0	0	0	0
559	23 May 26	15:15:00	1	0	1	0	Ct	0	1	0	0	0	0	6	2	0	0	0	0	8	1	0	0	0	0	0	0	0	0	1	0	0	0	0	0	0	4	0	0	0	0
560	23 May 26	15:20:00	1	0	1	0	Ct	0	1	0	0	0	0	0	12	0	0	0	0	2	25	0	0	0	0	0	0	0	0	0	15	0	0	0	0	3	2	0	0	0	0
561	23 May 26	15:25:00	1	0	1	0	Ct	0	1	0	0	0	0	5	0	0	0	0	0	0	13	0	0	0	0	0	0	0	0	0	4	2	0	0	0	0	2	0	0	0	0
562	23 May 26	15:30:00	1	0	1	0	Ct	0	1	0	0	0	0	8	3	0	2	0	0	0	1	0	0	0	0	0	0	0	0	0	0	4	0	0	0	0	1	0	0	0	0
563	23 May 26	15:35:00	1	0	1	0	Ct	0	1	0	0	0	0	0	0	0	0	0	0	0	5	0	0	0	0	0	0	0	0	0	8	3	0	9	0	0	0	0	0	0	1
564	23 May 26	15:40:00	1	0	1	0	Ct	0	1	0	0	0	0	0	4	0	2	0	0	0	13	0	0	6	0	0	0	0	0	0	0	4	0	0	0	0	2	0	0	0	0
565	23 May 26	15:45:00	1	0	1	0	Ct	0	1	0	0	0	0	0	0	0	0	0	0	0	2	0	0	17	0	0	0	0	0	0	1	0	0	0	0	3	2	0	0	0	1
566	23 May 26	15:50:00	1	0	1	0	Ct	0	1	0	0	0	0	0	3	0	1	0	0	0	8	0	0	9	0	0	0	0	0	0	0	0	0	0	0	5	3	0	0	0	0
567	23 May 26	15:55:00	1	0	1	0	Ct	0	1	0	0	0	0	9	2	0	2	0	0	0	3	0	0	0	0	0	0	0	1	0	0	0	0	0	0	0	1	0	0	0	0
568	23 May 26	16:00:00	1	0	1	0	Ct	0	1	0	0	0	0	2	3	0	0	0	0	0	2	0	0	0	0	0	0	0	3	3	0	0	0	0	0	4	3	0	0	0	0
569	23 May 26	16:05:00	1	0	1	0	Ct	0	1	0	0	0	1	0	2	0	1	0	0	0	7	0	0	0	3	0	0	0	7	0	0	0	0	0	0	0	0	0	0	0	0
570	23 May 26	16:10:00	1	0	1	0	Ct	0	1	0	0	0	0	0	5	0	4	0	0	0	5	0	0	0	0	0	9	0	0	0	0	0	0	0	0	0	0	0	0	0	0
571	23 May 26	16:15:00	1	0	1	0	Ct	0	1	0	0	0	0	2	3	0	0	0	0	0	3	0	0	0	0	0	0	0	0	0	0	0	0	0	0	0	2	0	0	0	0
572	23 May 26	16:20:00	1	0	1	0	Ct	0	1	0	0	0	0	0	1	0	0	0	0	3	5	0	0	0	0	0	0	0	0	0	0	0	0	0	0	0	22	0	0	0	0
573	23 May 26	16:25:00	1	0	1	0	Ct	0	1	0	0	0	0	0	40	0	0	0	0	5	1	0	0	0	0	0	0	0	0	0	0	0	0	0	0	0	1	0	0	0	0
574	23 May 26	16:30:00	1	0	1	0	Ct	0	1	0	0	0	0	0	0	0	0	0	0	0	9	0	0	0	0	0	2	0	0	0	0	0	0	0	0	0	1	0	0	0	0
575	23 May 26	16:35:00	1	0	1	0	Ct	0	1	0	0	0	0	2	0	0	0	0	0	0	3	0	0	0	0	0	0	0	0	0	0	1	0	0	0	0	1	0	0	0	0
576	23 May 26	16:40:00	1	0	1	0	Ct	0	1	0	0	0	0	0	1	0	0	0	0	0	9	0	0	0	0	0	0	0	0	0	0	3	0	0	0	0	0	0	0	0	0
577	23 May 26	16:45:00	1	0	1	0	Ct	0	1	0	0	0	0	2	0	0	0	0	0	0	5	9	0	2	0	0	0	0	3	0	0	11	0	0	0	0	0	0	0	0	0
578	23 May 26	16:50:00	1	0	1	0	Ct	0	1	0	0	0	0	0	0	0	0	0	0	0	5	18	0	6	0	0	0	0	0	0	0	0	0	0	0	0	0	0	0	0	0
579	23 May 26	16:55:00	1	0	1	0	Ct	0	1	0	0	0	0	0	1	0	0	0	0	0	3	17	0	32	0	0	0	0	0	0	0	6	0	0	0	0	0	0	0	0	6
580	23 May 26	17:00:00	1	0	1	0	Ct	0	1	0	0	0	0	0	12	0	0	0	0	0	3	9	0	3	0	0	0	0	0	0	0	0	0	0	0	0	2	0	0	0	0
581	23 May 26	17:05:00	1	0	1	0	Ct	0	1	0	0	0	0	0	2	0	0	0	0	0	0	0	0	0	0	0	0	0	0	0	0	0	0	0	0	0	2	0	0	0	0
582	23 May 26	17:10:00	1	0	1	0	Ct	0	1	0	0	0	0	1	2	0	0	0	0	0	0	6	0	0	0	0	0	0	4	0	21	0	0	0	1	0	3	0	0	0	0
583	23 May 26	17:15:00	1	0	1	0	Ct	0	1	0	0	0	0	1	58	0	0	0	0	0	0	12	0	0	0	0	0	0	2	0	1	0	0	0	1	2	2	0	0	0	0
584	23 May 26	17:20:00	1	0	1	0	Ct	0	1	0	0	0	0	0	3	0	0	0	0	0	0	7	0	0	0	0	0	0	0	0	0	0	0	0	0	1	2	0	0	0	0
585	23 May 26	17:25:00	1	0	1	0	Ct	0	1	0	0	0	0	0	0	0	0	0	0	9	0	4	0	0	0	0	0	0	0	0	0	0	0	0	0	0	5	0	0	0	0
586	23 May 26	17:30:00	1	0	1	0	Ct	0	1	0	0	0	0	1	1	0	0	0	0	0	0	2	0	0	0	0	0	0	0	1	0	6	0	0	2	2	2	0	0	0	0
587	23 May 26	17:35:00	1	0	1	0	Ct	0	1	0	0	0	0	0	1	0	2	0	0	0	0	0	0	0	0	0	0	0	0	0	0	0	0	0	0	1	0	0	0	0	0
588	23 May 26	17:40:00	1	0	1	0	Ct	0	1	0	0	0	0	1	0	0	1	0	0	0	0	0	0	0	0	0	0	0	0	2	0	0	8	0	0	3	5	0	0	0	0
589	23 May 26	17:45:00	1	0	1	0	Ct	0	1	0	0	0	0	1	6	0	2	0	0	0	0	0	0	0	0	0	0	0	0	6	0	0	0	0	2	1	5	0	0	0	0
590	23 May 26	17:50:00	1	0	1	0	Ct	0	1	0	0	0	0	0	3	0	2	0	0	0	0	0	0	4	0	0	0	0	0	0	0	2	11	0	1	0	1	0	0	0	0
591	23 May 26	17:55:00	1	0	1	0	Ct	0	1	0	0	0	0	0	2	0	6	0	0	0	0	0	0	25	0	0	0	2	0	0	0	2	0	0	0	0	1	0	0	0	0
592	23 May 26	18:00:00	1	0	1	0	Ct	0	1	0	0	0	0	2	2	0	5	0	0	0	0	0	0	0	0	0	0	3	0	2	0	2	0	0	0	3	4	0	0	0	0
593	23 May 26	18:05:00	1	0	1	0	Ct	0	1	0	0	0	0	1	2	0	0	0	0	0	0	0	0	7	0	0	0	0	0	0	0	2	0	0	0	0	3	0	0	0	0
594	23 May 26	18:10:00	1	0	1	0	Ct	0	1	0	0	0	0	0	5	0	0	0	0	0	0	0	0	19	0	0	0	0	0	0	0	9	0	0	0	5	1	0	0	0	0
595	23 May 26	18:15:00	1	0	1	0	Ct	0	1	0	0	0	0	0	5	0	0	0	0	0	0	0	0	1	0	0	0	0	0	0	0	12	0	0	0	2	2	0	0	0	0
596	23 May 26	18:20:00	1	0	1	0	Ct	0	1	0	0	0	0	1	2	0	0	0	0	0	0	0	0	0	0	0	0	0	0	0	0	5	0	0	0	1	1	0	0	0	0
597	23 May 26	18:25:00	1	0	1	0	Ct	0	1	0	0	0	0	0	2	0	0	0	0	0	0	0	0	0	0	0	0	0	3	0	0	0	0	0	0	0	3	0	0	0	0
598	23 May 26	18:30:00	1	0	1	0	Ct	0	1	0	0	0	6	0	21	0	0	0	0	0	0	0	0	0	0	0	0	0	6	0	0	3	0	0	0	6	2	0	0	0	0
599	23 May 26	18:35:00	1	0	1	0	Ct	0	1	0	0	0	0	2	2	0	0	0	0	0	0	0	0	0	0	0	0	0	2	0	0	0	0	0	0	0	2	0	0	0	0
600	23 May 26	18:40:00	1	0	1	0	Ct	0	1	0	0	5	0	0	1	0	0	0	0	0	0	0	0	0	0	0	0	0	4	0	0	0	0	0	0	0	1	0	0	0	1
601	23 May 26	18:45:00	1	0	1	0	Ct	0	1	0	0	0	0	10	3	0	0	0	0	0	0	0	0	0	0	0	0	0	6	0	0	2	0	0	0	0	2	0	0	0	2
602	23 May 26	18:50:00	1	0	1	0	Ct	0	1	0	0	0	0	0	7	0	0	0	0	0	0	0	0	0	0	0	0	0	0	2	0	0	0	0	0	6	2	0	0	0	0
603	23 May 26	18:55:00	1	0	1	0	Ct	0	1	0	0	0	0	2	0	0	2	0	0	0	0	0	0	0	0	0	0	0	0	1	0	0	0	0	0	0	1	0	0	0	0
604	23 May 26	19:00:00	1	0	1	0	Ct	0	1	0	0	0	0	1	10	0	0	0	0	0	0	0	0	0	0	0	0	6	0	0	0	2	0	0	0	1	3	0	0	0	0
605	23 May 26	19:05:00	1	0	1	0	Ct	0	1	0	0	0	0	0	6	0	5	0	0	0	0	0	0	0	0	0	0	2	0	0	0	1	0	0	0	0	1	0	0	0	0
606	23 May 26	19:10:00	1	0	1	0	Ct	0	1	0	0	0	0	0	0	0	3	0	0	0	0	0	0	0	0	0	0	3	0	0	0	0	0	0	0	4	0	0	0	0	0
607	23 May 26	19:15:00	1	0	1	0	Ct	0	1	0	0	0	0	6	2	0	2	0	0	0	0	0	0	0	0	0	0	0	0	0	0	0	0	0	0	0	2	0	0	0	0
608	23 May 26	19:20:00	1	0	1	0	Ct	0	1	0	0	0	0	0	1	0	6	0	0	0	0	0	0	0	0	0	0	35	0	0	5	4	0	0	0	3	2	0	0	0	0
609	23 May 26	19:25:00	1	0	1	0	Ct	0	1	0	0	0	0	0	15	0	7	0	0	0	0	0	0	0	0	0	0	0	0	0	0	10	0	0	0	0	2	0	0	0	0
610	23 May 26	19:30:00	1	0	1	0	Ct	0	1	0	0	0	0	0	7	0	7	0	0	3	0	0	0	0	0	0	0	0	0	0	31	12	0	0	0	5	2	0	0	0	0
611	23 May 26	19:35:00	1	0	1	0	Ct	0	1	0	0	0	0	1	0	0	4	0	0	4	0	0	0	0	0	0	0	0	0	0	0	6	1	0	0	4	0	0	0	0	0
612	23 May 26	19:40:00	1	0	1	0	Ct	0	1	0	0	1	2	0	0	0	0	0	0	0	0	0	0	4	0	0	0	0	0	0	0	7	2	0	0	1	0	0	0	0	0
613	23 May 26	19:45:00	1	0	1	0	Ct	0	1	0	0	11	4	1	2	0	0	0	0	0	0	0	2	7	0	0	0	0	0	0	0	2	2	0	0	3	0	0	0	0	1
614	23 May 26	19:50:00	1	0	1	0	Ct	0	1	0	0	0	0	0	0	0	0	0	0	0	0	0	23	0	0	0	0	0	0	0	0	0	4	0	0	1	2	0	0	0	10
615	23 May 26	19:55:00	1	0	1	0	Ct	0	1	0	0	2	0	7	1	0	0	0	0	0	0	0	0	0	0	0	0	0	0	0	0	0	3	0	0	0	0	0	0	0	0
616	23 May 26	20:00:00	1	0	1	0	Ct	0	1	0	0	4	2	0	3	0	0	0	0	0	0	0	0	0	0	0	0	0	0	0	0	0	6	0	0	0	0	0	0	0	0
617	23 May 26	20:05:00	1	0	1	0	Ct	0	1	0	0	5	0	0	1	0	0	0	0	0	0	0	0	0	0	0	7	0	0	0	0	2	10	0	0	0	0	0	0	0	0
618	23 May 26	20:10:00	1	0	1	0	Ct	0	1	0	0	3	0	5	0	0	0	0	0	0	0	5	0	0	0	0	0	0	0	0	0	0	11	0	0	61	0	0	0	0	0
619	23 May 26	20:15:00	1	0	1	0	Ct	0	1	0	0	7	0	0	4	0	0	0	0	0	0	0	0	0	0	0	0	0	0	0	10	0	8	0	0	0	0	0	0	0	0
620	23 May 26	20:20:00	1	0	1	0	Ct	0	1	0	0	10	0	2	4	0	0	0	0	0	0	0	0	0	0	0	0	0	0	5	0	0	4	0	0	4	0	0	0	0	0
621	23 May 26	20:25:00	1	0	1	0	Ct	0	1	0	0	2	0	0	1	0	0	0	0	0	0	0	0	0	0	0	0	0	0	3	0	0	7	0	0	4	0	0	0	0	0
622	23 May 26	20:30:00	1	0	1	0	Ct	0	1	0	0	0	0	17	1	0	0	0	0	0	0	0	0	6	0	0	0	0	0	0	0	2	5	0	0	0	0	0	0	0	0
623	23 May 26	20:35:00	1	0	1	0	Ct	0	1	0	0	0	0	5	1	0	0	0	0	0	0	0	0	4	0	0	0	0	0	0	33	0	6	0	0	0	0	0	0	0	0
624	23 May 26	20:40:00	1	0	1	0	Ct	0	1	0	0	0	0	2	5	0	0	0	0	0	0	0	0	0	0	0	0	0	0	0	10	0	2	0	0	2	0	0	0	0	8
625	23 May 26	20:45:00	1	0	1	0	Ct	0	1	0	0	0	3	8	3	0	0	0	0	0	0	0	0	15	0	0	0	0	0	0	0	0	0	0	0	0	0	0	0	0	5
626	23 May 26	20:50:00	1	0	1	0	Ct	0	1	0	0	0	2	0	1	0	0	0	0	0	0	4	0	0	0	0	0	0	0	0	0	2	0	0	0	2	0	0	0	0	0
627	23 May 26	20:55:00	1	0	1	0	Ct	0	1	0	0	0	6	1	2	0	0	0	0	0	0	0	0	0	0	0	0	0	0	0	0	0	2	0	0	0	0	0	0	0	0
628	23 May 26	21:00:00	1	0	1	0	Ct	0	1	0	0	0	7	9	4	0	0	0	0	0	0	0	0	0	0	0	0	0	0	0	0	0	2	0	0	0	0	0	0	0	0
629	23 May 26	21:05:00	1	0	1	0	Ct	0	1	0	0	0	5	1	3	0	0	0	0	0	0	0	0	0	0	0	0	0	0	0	0	0	3	0	0	0	0	0	0	0	0
630	23 May 26	21:10:00	1	0	1	0	Ct	0	1	0	0	0	5	1	0	0	0	0	0	0	0	0	0	0	0	0	0	0	0	0	0	0	5	0	0	0	0	0	0	0	0
631	23 May 26	21:15:00	1	0	1	0	Ct	0	1	0	0	0	5	0	4	0	0	0	0	0	0	0	0	0	0	0	0	0	2	0	0	0	6	0	0	0	0	0	0	0	0
632	23 May 26	21:20:00	1	0	1	0	Ct	0	1	0	0	0	5	2	1	0	0	0	0	0	0	0	0	0	0	0	0	0	4	0	0	0	8	0	0	0	0	0	0	0	0
633	23 May 26	21:25:00	1	0	1	0	Ct	0	1	0	0	0	3	0	7	0	0	0	0	0	0	0	0	0	0	0	0	0	7	0	0	0	2	0	0	0	0	0	0	0	6
634	23 May 26	21:30:00	1	0	1	0	Ct	0	1	0	0	0	8	2	4	0	0	0	0	0	0	0	0	0	0	0	0	0	10	1	0	0	5	0	0	0	0	0	0	0	1
635	23 May 26	21:35:00	1	0	1	0	Ct	0	1	0	0	0	3	2	1	0	0	0	0	0	0	0	0	0	0	0	0	0	0	0	0	0	0	0	0	0	0	0	0	0	0
636	23 May 26	21:40:00	1	0	1	0	Ct	0	1	0	0	0	6	4	1	0	0	0	0	0	0	0	0	0	0	0	0	0	0	0	0	0	0	0	0	0	0	0	0	0	0
637	23 May 26	21:45:00	1	0	1	0	Ct	0	1	0	0	0	1	1	2	0	4	0	0	0	0	0	0	0	0	0	8	0	4	0	0	0	1	0	0	0	0	0	0	0	0
638	23 May 26	21:50:00	1	0	1	0	Ct	0	1	0	0	0	2	0	2	0	3	0	0	10	0	0	0	0	0	0	0	0	7	0	0	0	3	0	0	0	4	0	0	0	0
639	23 May 26	21:55:00	1	0	1	0	Ct	0	1	0	0	0	0	4	2	0	5	0	0	2	0	0	0	0	0	0	0	0	8	0	0	0	4	0	0	0	0	0	1	0	0
640	23 May 26	22:00:00	1	0	1	0	Ct	0	1	0	0	0	0	9	0	0	2	0	0	0	0	0	0	0	0	0	0	0	4	0	0	0	6	0	0	0	0	0	5	0	0
641	23 May 26	22:05:00	1	0	1	0	Ct	0	1	0	0	0	0	0	0	0	4	0	0	2	0	0	0	0	0	0	45	0	10	0	10	0	4	0	0	0	0	0	0	0	9
642	23 May 26	22:10:00	1	0	1	0	Ct	0	0	0	0	0	3	0	0	0	0	0	0	0	0	0	0	11	0	0	0	0	8	0	0	0	0	0	0	3	0	0	0	0	0
643	23 May 26	22:15:00	1	0	1	0	Ct	0	0	0	0	0	7	0	0	0	0	0	0	0	0	0	0	1	0	0	0	0	6	0	4	0	0	0	0	1	0	0	0	0	0
644	23 May 26	22:20:00	1	0	1	0	Ct	0	0	0	0	0	0	7	0	0	0	0	0	0	0	0	8	5	0	0	0	0	6	0	0	0	0	0	0	3	0	0	0	0	4
645	23 May 26	22:25:00	1	0	1	0	Ct	0	0	0	0	0	2	1	0	0	0	0	0	0	0	0	14	0	0	0	0	0	0	0	0	0	0	0	0	0	0	0	0	0	0
646	23 May 26	22:30:00	1	0	1	0	Ct	0	0	0	0	0	0	0	0	0	0	0	0	0	0	0	7	11	0	0	0	0	0	0	0	0	0	0	0	0	0	0	0	0	0
647	23 May 26	22:35:00	1	0	1	0	Ct	0	0	0	0	0	0	0	0	0	0	0	0	5	0	0	0	1	0	0	0	0	0	0	0	0	0	0	0	0	0	0	0	0	0
648	23 May 26	22:40:00	1	0	1	0	Ct	0	0	0	0	0	0	0	0	0	0	0	0	0	0	0	0	10	0	0	0	0	0	0	0	0	0	0	0	0	0	0	0	0	0
649	23 May 26	22:45:00	1	0	1	0	Ct	0	0	0	0	0	0	0	0	0	0	0	0	0	0	0	0	0	0	0	0	0	0	0	0	0	0	0	0	0	0	0	0	0	0
650	23 May 26	22:50:00	1	0	1	0	Ct	0	0	0	0	0	0	0	0	0	0	0	0	0	0	0	0	23	0	0	0	0	0	0	0	0	0	0	0	0	0	0	0	0	0
651	23 May 26	22:55:00	1	0	1	0	Ct	0	0	0	0	0	0	0	0	0	0	0	0	0	0	0	0	22	0	0	0	0	0	0	0	0	0	0	0	0	0	0	0	0	0
652	23 May 26	23:00:00	1	0	1	0	Ct	0	0	0	0	0	0	0	0	0	0	0	0	0	0	0	0	0	0	0	0	0	0	0	0	0	0	0	0	0	0	0	0	0	0
653	23 May 26	23:05:00	1	0	1	0	Ct	0	0	0	0	0	0	0	0	0	0	0	0	0	0	0	0	0	0	0	0	0	0	0	0	0	0	0	0	0	0	0	0	0	0
654	23 May 26	23:10:00	1	0	1	0	Ct	0	0	0	0	0	0	0	0	0	0	0	0	0	0	0	0	0	0	0	2	0	0	0	0	0	0	0	0	0	0	0	0	0	0
655	23 May 26	23:15:00	1	0	1	0	Ct	0	0	0	0	0	0	0	0	0	0	0	0	0	0	0	17	3	0	0	0	0	0	0	0	0	0	0	0	0	0	0	0	0	0
656	23 May 26	23:20:00	1	0	1	0	Ct	0	0	0	0	0	0	0	0	0	0	0	0	6	0	0	0	8	0	0	7	0	0	0	0	0	0	0	0	0	0	0	0	0	0
657	23 May 26	23:25:00	1	0	1	0	Ct	0	0	0	0	0	0	0	0	0	0	0	0	0	0	10	0	0	0	0	0	2	0	0	17	0	0	0	0	0	0	0	0	0	0
658	23 May 26	23:30:00	1	0	1	0	Ct	0	0	0	0	0	0	0	0	0	0	0	0	1	0	5	0	0	0	0	0	33	0	0	0	0	0	0	0	0	0	0	0	0	0
659	23 May 26	23:35:00	1	0	1	0	Ct	0	0	0	0	0	0	0	0	0	0	0	0	3	0	3	0	5	0	0	0	41	0	0	13	0	0	0	0	0	0	0	0	0	0
660	23 May 26	23:40:00	1	0	1	0	Ct	0	0	0	0	0	0	0	0	0	0	0	0	0	0	4	0	2	0	0	0	21	0	0	0	0	0	0	0	0	0	0	0	0	0
661	23 May 26	23:45:00	1	0	1	0	Ct	0	0	0	0	0	0	0	0	0	0	0	0	0	0	5	0	0	0	0	0	0	0	1	0	0	0	0	0	0	0	0	0	0	0
662	23 May 26	23:50:00	1	0	1	0	Ct	0	0	0	0	0	0	0	0	0	0	0	0	0	0	9	0	1	0	0	0	0	0	0	0	0	0	0	0	0	0	0	0	0	0
663	23 May 26	23:55:00	1	0	1	0	Ct	0	0	0	0	0	0	0	0	0	0	0	0	0	0	10	0	10	0	0	0	0	0	2	0	0	0	0	0	0	0	0	0	0	0
664	24 May 26	00:00:00	1	0	1	0	Ct	0	0	0	0	0	0	0	0	0	0	0	0	0	0	2	0	0	0	0	0	0	0	0	0	0	0	0	0	0	0	0	20	0	0
665	24 May 26	00:05:00	1	0	1	0	Ct	0	0	0	0	0	0	0	0	0	0	0	0	0	0	26	9	0	0	0	0	0	0	0	0	0	0	0	0	0	0	0	0	0	0
666	24 May 26	00:10:00	1	0	1	0	Ct	0	0	0	0	0	0	0	0	0	0	0	0	5	0	10	12	0	0	0	0	0	0	0	0	0	0	0	0	0	0	0	0	0	0
667	24 May 26	00:15:00	1	0	1	0	Ct	0	0	0	0	0	0	0	0	0	0	0	0	0	0	1	7	0	0	0	0	0	0	0	0	0	0	0	0	0	0	0	3	0	0
668	24 May 26	00:20:00	1	0	1	0	Ct	0	0	0	0	0	0	0	0	0	0	0	0	0	0	0	9	0	0	0	0	0	0	4	0	0	0	0	0	0	0	0	0	0	0
669	24 May 26	00:25:00	1	0	1	0	Ct	0	0	0	0	0	0	0	0	0	0	0	0	0	0	0	1	0	0	0	0	0	0	0	0	0	0	0	0	0	0	0	0	0	0
670	24 May 26	00:30:00	1	0	1	0	Ct	0	0	0	0	0	0	0	0	0	0	0	0	0	0	0	19	0	0	0	0	0	0	0	0	0	0	0	0	0	0	0	0	0	0
671	24 May 26	00:35:00	1	0	1	0	Ct	0	0	0	0	0	0	0	0	0	0	0	0	0	0	1	0	0	0	0	0	0	0	0	0	0	0	0	0	0	0	0	0	0	0
672	24 May 26	00:40:00	1	0	1	0	Ct	0	0	0	0	0	2	0	0	0	0	0	0	0	0	3	0	0	0	0	0	0	0	0	0	0	0	0	0	0	0	0	0	0	0
673	24 May 26	00:45:00	1	0	1	0	Ct	0	0	0	0	0	6	0	0	0	0	0	0	7	0	1	0	0	0	0	0	0	0	0	0	0	0	0	0	0	0	0	0	0	0
674	24 May 26	00:50:00	1	0	1	0	Ct	0	0	0	0	0	3	0	0	0	0	0	0	0	0	0	0	0	0	0	0	0	0	0	0	0	0	0	0	0	0	0	44	0	0
675	24 May 26	00:55:00	1	0	1	0	Ct	0	0	0	0	0	0	0	0	0	0	0	0	31	0	0	0	0	0	0	0	0	0	0	0	0	0	0	0	0	0	0	30	0	0
676	24 May 26	01:00:00	1	0	1	0	Ct	0	0	0	0	0	0	0	0	0	0	0	0	2	0	0	0	0	0	0	0	0	0	0	0	0	0	0	0	0	0	0	0	0	0
677	24 May 26	01:05:00	1	0	1	0	Ct	0	0	0	0	0	0	0	0	0	0	0	0	5	0	0	0	0	0	0	0	0	0	0	0	0	0	0	0	0	0	0	0	0	0
678	24 May 26	01:10:00	1	0	1	0	Ct	0	0	0	0	0	0	0	0	0	0	0	0	0	0	0	0	0	0	0	0	0	0	0	0	0	0	0	0	30	0	0	0	0	0
679	24 May 26	01:15:00	1	0	1	0	Ct	0	0	0	0	0	0	0	0	0	0	0	0	8	0	0	0	0	0	0	1	0	0	0	0	0	0	0	0	0	0	0	0	0	0
680	24 May 26	01:20:00	1	0	1	0	Ct	0	0	0	0	0	0	0	0	0	0	0	0	3	0	8	0	0	0	0	4	0	0	0	0	0	0	0	0	0	0	0	0	0	0
681	24 May 26	01:25:00	1	0	1	0	Ct	0	0	0	0	0	0	0	0	0	0	0	0	1	0	4	0	0	0	0	0	0	0	0	0	0	0	0	0	0	0	0	0	0	0
682	24 May 26	01:30:00	1	0	1	0	Ct	0	0	0	0	0	0	0	0	0	0	0	0	0	0	2	0	0	0	0	0	0	0	0	0	0	0	0	0	0	0	0	0	0	0
683	24 May 26	01:35:00	1	0	1	0	Ct	0	0	0	0	0	0	0	0	0	0	0	0	0	0	0	0	0	0	0	0	0	0	0	0	0	0	0	0	0	0	0	0	0	0
684	24 May 26	01:40:00	1	0	1	0	Ct	0	0	0	0	0	2	0	0	0	0	0	0	11	0	2	0	0	0	0	0	0	0	0	0	0	0	0	0	0	0	0	0	0	0
685	24 May 26	01:45:00	1	0	1	0	Ct	0	0	0	0	0	2	0	8	0	0	0	0	0	0	6	0	0	0	0	0	0	0	5	0	0	0	0	0	0	0	0	0	0	0
686	24 May 26	01:50:00	1	0	1	0	Ct	0	0	0	0	0	1	0	0	0	0	0	0	0	0	0	0	0	0	0	0	0	0	5	0	0	0	0	0	0	0	0	0	0	2
687	24 May 26	01:55:00	1	0	1	0	Ct	0	0	0	0	0	2	0	0	0	0	0	0	0	0	3	0	11	0	0	0	0	0	0	0	0	0	0	0	0	0	0	0	0	2
688	24 May 26	02:00:00	1	0	1	0	Ct	0	0	0	0	0	4	0	0	0	0	0	0	0	0	9	0	0	0	0	0	0	0	0	0	0	0	0	0	0	0	0	0	0	0
689	24 May 26	02:05:00	1	0	1	0	Ct	0	0	0	0	0	0	0	0	0	0	0	0	0	0	8	0	0	0	0	0	0	0	0	0	0	0	0	0	0	0	0	0	0	0
690	24 May 26	02:10:00	1	0	1	0	Ct	0	0	0	0	0	0	0	0	0	0	0	0	0	0	2	0	9	0	0	0	0	0	0	0	0	0	0	0	0	0	0	1	0	0
691	24 May 26	02:15:00	1	0	1	0	Ct	0	0	0	0	0	7	0	0	0	0	0	0	0	0	2	0	8	0	0	0	0	0	0	0	0	0	0	0	0	0	0	0	0	0
692	24 May 26	02:20:00	1	0	1	0	Ct	0	0	0	0	0	1	0	3	0	0	0	0	0	0	3	0	0	0	0	0	0	0	0	0	0	0	0	0	0	0	0	11	0	0
693	24 May 26	02:25:00	1	0	1	0	Ct	0	0	0	0	0	0	0	0	0	0	0	0	0	0	6	0	0	0	0	0	0	0	0	0	0	0	0	0	0	0	0	0	0	0
694	24 May 26	02:30:00	1	0	1	0	Ct	0	0	0	0	0	0	0	0	0	0	0	0	0	0	2	0	0	0	0	0	0	0	0	0	0	0	0	0	0	0	0	1	0	0
695	24 May 26	02:35:00	1	0	1	0	Ct	0	0	0	0	0	0	0	0	0	0	0	0	0	0	2	0	0	0	0	0	0	0	0	0	0	0	0	0	0	0	0	0	0	0
696	24 May 26	02:40:00	1	0	1	0	Ct	0	0	0	0	0	0	0	7	0	0	0	0	0	0	2	0	0	0	0	0	0	0	0	0	0	0	0	0	0	0	0	0	0	0
697	24 May 26	02:45:00	1	0	1	0	Ct	0	0	0	0	0	0	0	71	0	0	0	0	0	0	8	0	0	0	0	0	0	0	0	0	0	0	0	0	0	0	0	3	0	0
698	24 May 26	02:50:00	1	0	1	0	Ct	0	0	0	0	0	0	0	0	0	0	0	0	0	0	0	0	0	0	0	0	0	0	0	0	0	0	0	0	0	0	0	0	0	0
699	24 May 26	02:55:00	1	0	1	0	Ct	0	0	0	0	0	0	0	0	0	0	0	0	6	0	0	0	0	0	0	0	0	0	0	0	0	0	0	0	0	0	0	0	0	0
700	24 May 26	03:00:00	1	0	1	0	Ct	0	0	0	0	0	0	0	0	0	0	0	0	6	0	3	0	0	0	0	0	0	2	0	0	0	0	0	0	0	0	0	0	0	0
701	24 May 26	03:05:00	1	0	1	0	Ct	0	0	0	0	0	0	0	0	0	0	0	0	0	0	0	0	0	0	0	0	0	0	0	0	0	0	0	0	0	0	0	0	0	0
702	24 May 26	03:10:00	1	0	1	0	Ct	0	0	0	0	0	3	0	0	0	0	0	0	0	0	0	0	0	0	0	0	0	0	0	0	0	0	0	0	0	0	0	0	0	0
703	24 May 26	03:15:00	1	0	1	0	Ct	0	0	0	0	0	0	0	0	0	0	0	0	10	0	0	0	0	0	0	0	0	0	0	0	0	0	0	0	0	0	0	32	0	0
704	24 May 26	03:20:00	1	0	1	0	Ct	0	0	0	0	0	0	0	0	0	0	0	0	0	0	0	0	0	0	0	0	0	5	0	0	0	0	0	0	0	0	0	24	0	0
705	24 May 26	03:25:00	1	0	1	0	Ct	0	0	0	0	0	0	0	0	0	0	0	0	0	0	0	0	0	0	0	0	0	0	0	0	0	0	0	0	0	0	0	0	0	0
706	24 May 26	03:30:00	1	0	1	0	Ct	0	0	0	0	0	0	0	0	0	0	0	0	0	0	0	0	0	0	0	0	0	0	0	0	0	0	0	0	0	0	0	0	0	0
707	24 May 26	03:35:00	1	0	1	0	Ct	0	0	0	0	0	0	0	0	0	0	0	0	0	0	0	0	26	0	0	0	0	0	0	0	0	0	0	0	0	0	0	0	0	0
708	24 May 26	03:40:00	1	0	1	0	Ct	0	0	0	0	0	0	0	0	0	0	0	0	0	0	0	0	0	0	0	0	0	0	0	0	0	0	0	0	0	0	0	0	0	0
709	24 May 26	03:45:00	1	0	1	0	Ct	0	0	0	0	0	5	0	0	0	0	0	0	0	0	0	0	0	0	0	0	0	0	0	0	0	0	0	0	0	0	0	0	0	0
710	24 May 26	03:50:00	1	0	1	0	Ct	0	0	0	0	0	0	0	0	0	0	0	0	0	0	0	0	0	0	0	0	0	0	0	0	0	0	0	0	0	0	0	0	0	0
711	24 May 26	03:55:00	1	0	1	0	Ct	0	0	0	0	0	0	0	0	0	0	0	0	6	0	0	0	0	0	0	0	0	0	0	0	0	0	0	0	0	0	0	0	0	0
712	24 May 26	04:00:00	1	0	1	0	Ct	0	0	0	0	0	0	0	0	0	0	0	0	3	0	0	0	0	0	0	0	0	0	0	0	0	0	0	0	0	0	0	0	0	0
713	24 May 26	04:05:00	1	0	1	0	Ct	0	0	0	0	0	0	0	0	0	0	0	0	20	0	0	0	0	0	0	0	0	0	0	0	0	0	0	0	0	0	0	0	0	0
714	24 May 26	04:10:00	1	0	1	0	Ct	0	0	0	0	0	0	0	0	0	0	0	0	22	0	0	0	0	0	0	0	0	0	0	0	0	0	0	0	0	0	0	0	0	0
715	24 May 26	04:15:00	1	0	1	0	Ct	0	0	0	0	0	0	0	0	0	0	0	0	7	0	0	0	0	0	0	0	0	2	0	0	0	0	0	0	0	0	0	0	0	0
716	24 May 26	04:20:00	1	0	1	0	Ct	0	0	0	0	0	0	0	0	0	0	0	0	29	0	0	0	0	0	0	0	0	0	0	0	0	0	0	0	0	0	0	0	0	0
717	24 May 26	04:25:00	1	0	1	0	Ct	0	0	0	0	0	0	0	0	0	0	0	0	16	0	0	0	0	0	0	0	0	0	0	0	0	0	0	0	0	0	0	34	0	0
718	24 May 26	04:30:00	1	0	1	0	Ct	0	0	0	0	0	0	0	0	0	0	0	0	2	0	0	0	0	0	0	0	0	2	0	0	0	0	0	0	0	0	0	16	0	0
719	24 May 26	04:35:00	1	0	1	0	Ct	0	0	0	0	0	0	0	0	0	0	0	0	4	0	0	0	0	0	0	0	0	0	0	0	0	0	0	0	0	0	0	0	0	0
720	24 May 26	04:40:00	1	0	1	0	Ct	0	0	0	0	0	0	0	0	0	0	0	0	2	0	0	0	0	0	0	0	0	0	0	0	0	0	0	0	0	0	0	0	0	0
721	24 May 26	04:45:00	1	0	1	0	Ct	0	0	0	0	0	0	0	0	0	0	0	0	6	0	0	0	0	0	0	0	0	3	0	0	0	0	0	0	0	0	0	5	0	0
722	24 May 26	04:50:00	1	0	1	0	Ct	0	0	0	0	0	0	0	1	0	0	0	0	1	0	0	0	0	0	0	0	0	0	0	0	0	0	0	0	0	0	0	0	0	0
723	24 May 26	04:55:00	1	0	1	0	Ct	0	0	0	0	0	0	0	0	0	0	0	0	0	0	0	0	0	0	0	0	0	0	0	0	0	0	0	0	0	0	0	0	0	0
724	24 May 26	05:00:00	1	0	1	0	Ct	0	0	0	0	0	2	0	0	0	0	0	0	3	0	0	0	0	0	0	0	0	0	3	0	0	0	0	0	0	0	0	0	0	0
725	24 May 26	05:05:00	1	0	1	0	Ct	0	0	0	0	0	4	0	0	0	0	0	0	1	0	0	0	0	0	0	0	0	0	0	0	0	0	0	0	0	0	0	0	0	0
726	24 May 26	05:10:00	1	0	1	0	Ct	0	0	0	0	0	0	0	0	0	0	0	0	0	0	0	0	0	0	0	0	0	0	1	0	0	0	0	0	0	0	0	0	0	0
727	24 May 26	05:15:00	1	0	1	0	Ct	0	0	0	0	0	0	0	6	0	0	0	0	0	0	0	0	0	0	0	0	0	0	0	0	0	0	0	0	0	0	0	0	0	0
728	24 May 26	05:20:00	1	0	1	0	Ct	0	0	0	0	0	0	0	0	0	0	0	0	0	0	0	0	1	0	0	0	0	0	0	0	0	0	0	0	0	0	0	0	0	0
729	24 May 26	05:25:00	1	0	1	0	Ct	0	0	0	0	0	0	0	0	0	0	0	0	0	0	0	0	15	0	0	0	0	0	0	0	0	0	0	0	0	0	0	0	0	0
730	24 May 26	05:30:00	1	0	1	0	Ct	0	0	0	0	0	0	0	0	0	0	0	0	0	0	0	0	0	0	0	0	0	0	0	0	0	0	0	0	0	0	0	0	0	0
731	24 May 26	05:35:00	1	0	1	0	Ct	0	0	0	0	0	0	0	0	0	0	0	0	0	0	0	0	0	0	0	0	0	0	0	0	0	0	0	0	0	0	0	0	0	0
732	24 May 26	05:40:00	1	0	1	0	Ct	0	0	0	0	0	0	0	0	0	0	0	0	0	0	0	0	0	0	0	0	0	0	0	0	0	0	0	0	0	0	0	0	0	0
733	24 May 26	05:45:00	1	0	1	0	Ct	0	0	0	0	0	4	0	0	0	0	0	0	0	0	0	0	0	0	0	0	0	0	0	0	0	0	0	0	0	0	0	0	0	0
734	24 May 26	05:50:00	1	0	1	0	Ct	0	0	0	0	0	0	0	0	0	0	0	0	0	0	0	0	0	0	0	0	0	0	0	0	0	0	0	0	0	0	0	0	0	0
735	24 May 26	05:55:00	1	0	1	0	Ct	0	0	0	0	0	0	0	0	0	0	0	0	0	0	0	0	0	0	0	0	0	0	0	0	0	0	0	0	0	0	0	3	0	0
736	24 May 26	06:00:00	1	0	1	0	Ct	0	0	0	0	0	0	0	0	0	0	0	0	0	0	0	0	0	0	0	0	0	0	0	0	0	0	0	0	0	0	0	1	0	0
737	24 May 26	06:05:00	1	0	1	0	Ct	0	0	0	0	0	0	0	0	0	0	0	0	0	0	0	0	0	0	0	0	0	0	0	0	0	0	0	0	0	0	0	47	0	0
738	24 May 26	06:10:00	1	0	1	0	Ct	0	0	0	0	0	0	0	0	0	0	0	0	0	0	0	0	0	0	0	0	0	0	0	0	0	2	0	0	0	0	0	26	0	0
739	24 May 26	06:15:00	1	0	1	0	Ct	0	0	0	0	0	0	0	0	0	0	0	0	0	0	0	0	0	0	0	0	0	2	0	0	0	0	0	0	0	0	0	4	0	0
740	24 May 26	06:20:00	1	0	1	0	Ct	0	0	0	0	0	0	0	0	0	0	0	0	0	0	0	0	0	0	0	0	0	5	0	0	0	0	0	0	0	0	0	0	0	0
741	24 May 26	06:25:00	1	0	1	0	Ct	0	0	0	0	0	0	0	0	0	0	0	0	0	0	0	0	32	0	0	0	0	1	0	0	0	0	0	0	0	0	0	0	0	0
742	24 May 26	06:30:00	1	0	1	0	Ct	0	0	0	0	0	0	0	0	0	0	0	0	0	0	0	0	0	0	0	0	0	1	0	0	0	0	0	0	0	0	0	1	0	0
743	24 May 26	06:35:00	1	0	1	0	Ct	0	0	0	0	0	0	0	0	0	0	0	0	0	0	0	0	0	0	0	0	0	0	0	0	0	0	0	0	0	0	0	0	0	0
744	24 May 26	06:40:00	1	0	1	0	Ct	0	0	0	0	0	0	0	0	0	0	0	0	0	0	0	0	0	0	0	0	0	0	0	0	0	0	0	0	0	0	0	10	0	0
745	24 May 26	06:45:00	1	0	1	0	Ct	0	0	0	0	0	0	0	0	0	0	0	0	0	0	0	0	0	0	0	0	0	0	0	0	0	0	0	0	0	0	0	0	0	0
746	24 May 26	06:50:00	1	0	1	0	Ct	0	0	0	0	0	0	0	0	0	0	0	0	0	0	0	0	0	0	0	0	0	0	0	0	0	0	0	0	0	0	0	1	0	0
747	24 May 26	06:55:00	1	0	1	0	Ct	0	0	0	0	0	0	0	0	0	0	0	0	0	0	0	0	0	0	0	0	0	0	0	0	0	0	0	0	0	0	0	0	0	0
748	24 May 26	07:00:00	1	0	1	0	Ct	0	0	0	0	0	0	0	0	0	0	0	0	0	0	0	0	0	0	0	0	0	0	0	0	0	0	0	0	0	0	0	4	0	0
749	24 May 26	07:05:00	1	0	1	0	Ct	0	0	0	0	0	0	0	0	0	0	0	0	0	0	0	0	0	0	0	0	0	2	0	0	0	0	0	0	0	0	0	0	0	0
750	24 May 26	07:10:00	1	0	1	0	Ct	0	0	0	0	0	0	0	0	0	0	0	0	0	0	0	0	0	0	0	7	0	0	0	0	0	0	0	0	0	0	0	0	0	0
751	24 May 26	07:15:00	1	0	1	0	Ct	0	0	0	0	0	0	0	21	0	0	0	0	0	0	0	0	0	0	0	0	0	0	0	0	0	0	0	0	0	0	0	0	0	0
752	24 May 26	07:20:00	1	0	1	0	Ct	0	0	0	0	0	0	0	34	0	0	0	0	0	0	0	0	0	0	0	0	0	3	0	0	0	0	0	0	0	0	0	0	0	0
753	24 May 26	07:25:00	1	0	1	0	Ct	0	0	0	0	0	0	0	0	0	0	0	0	0	0	0	0	0	0	0	0	0	0	0	0	0	0	0	0	0	0	0	0	0	0
754	24 May 26	07:30:00	1	0	1	0	Ct	0	0	0	0	0	0	0	0	0	0	0	0	0	0	0	0	0	0	0	0	0	3	0	0	0	0	0	0	0	0	0	0	0	0
755	24 May 26	07:35:00	1	0	1	0	Ct	0	0	0	0	0	0	0	0	0	0	0	0	0	0	0	0	0	0	0	0	0	5	0	0	0	0	0	0	0	0	0	0	0	0
756	24 May 26	07:40:00	1	0	1	0	Ct	0	0	0	0	0	0	0	0	0	0	0	0	0	0	0	0	0	0	0	0	0	2	0	0	0	0	0	0	0	0	0	0	0	0
757	24 May 26	07:45:00	1	0	1	0	Ct	0	0	0	0	0	0	0	0	0	1	0	0	0	0	0	0	0	0	0	0	0	3	0	0	0	0	0	0	0	0	0	0	0	0
758	24 May 26	07:50:00	1	0	1	0	Ct	0	0	0	0	0	1	0	0	0	0	0	0	0	0	0	0	0	0	0	0	0	0	0	0	0	0	0	0	0	0	0	0	0	0
759	24 May 26	07:55:00	1	0	1	0	Ct	0	0	0	0	0	13	0	0	0	0	0	0	0	0	0	0	0	0	0	0	0	0	0	0	0	0	0	0	0	0	0	0	0	0
760	24 May 26	08:00:00	1	0	1	0	Ct	0	0	0	0	0	2	0	0	0	0	0	0	0	0	0	0	0	0	0	0	0	0	0	0	0	0	0	0	0	0	0	0	0	0
761	24 May 26	08:05:00	1	0	1	0	Ct	0	0	0	0	0	2	0	0	0	0	0	0	0	0	0	0	0	0	0	0	0	0	0	0	0	0	0	0	0	0	0	0	0	0
762	24 May 26	08:10:00	1	0	1	0	Ct	0	0	0	0	0	3	0	0	0	0	0	0	0	0	0	0	0	0	0	3	0	0	0	0	0	0	0	0	0	0	0	0	0	0
763	24 May 26	08:15:00	1	0	1	0	Ct	0	0	0	0	0	0	0	0	0	0	0	0	0	0	0	0	0	0	0	17	0	0	0	0	0	0	0	0	0	0	0	0	0	0
764	24 May 26	08:20:00	1	0	1	0	Ct	0	0	0	0	0	0	0	0	0	0	0	0	0	0	0	0	0	0	0	1	0	0	0	0	0	0	0	0	0	0	0	0	0	0
765	24 May 26	08:25:00	1	0	1	0	Ct	0	0	0	0	0	8	0	0	0	0	0	0	0	0	0	0	0	0	0	0	0	0	0	0	0	0	0	0	0	0	0	0	0	0
766	24 May 26	08:30:00	1	0	1	0	Ct	0	0	0	0	0	1	0	0	0	0	0	0	0	0	0	0	0	0	0	0	0	0	0	0	0	0	0	0	0	0	0	0	0	0
767	24 May 26	08:35:00	1	0	1	0	Ct	0	0	0	0	0	0	0	0	0	0	0	0	0	0	0	0	0	0	0	0	0	0	0	0	0	0	0	0	0	0	0	0	0	0
768	24 May 26	08:40:00	1	0	1	0	Ct	0	0	0	0	0	0	0	0	0	0	0	0	0	0	0	0	0	0	0	0	0	0	0	0	0	0	0	0	0	0	0	0	0	0
769	24 May 26	08:45:00	1	0	1	0	Ct	0	0	0	0	0	0	0	0	0	0	0	0	0	0	0	0	0	0	0	0	0	0	0	0	0	0	0	0	0	0	0	0	0	0
770	24 May 26	08:50:00	1	0	1	0	Ct	0	0	0	0	0	0	0	1	0	0	0	0	0	0	0	0	0	0	0	0	0	0	0	0	0	0	0	0	0	0	0	0	0	0
771	24 May 26	08:55:00	1	0	1	0	Ct	0	0	0	0	0	0	0	0	0	0	0	0	0	0	0	0	0	0	0	1	0	0	0	0	0	0	0	0	0	0	0	0	0	0
772	24 May 26	09:00:00	1	0	1	0	Ct	0	0	0	0	0	0	0	0	0	0	0	0	0	0	0	0	0	0	0	6	0	0	0	0	0	0	0	0	0	0	0	0	0	0
773	24 May 26	09:05:00	1	0	1	0	Ct	0	0	0	0	0	0	0	0	0	0	0	0	0	0	0	0	0	0	0	0	0	0	0	0	0	0	0	0	0	0	0	0	0	0
774	24 May 26	09:10:00	1	0	1	0	Ct	0	0	0	0	0	0	0	0	0	0	0	0	0	0	0	0	0	0	0	1	0	0	0	0	0	0	0	0	0	0	0	0	0	0
775	24 May 26	09:15:00	1	0	1	0	Ct	0	0	0	0	0	0	0	0	0	0	0	0	0	0	0	0	0	0	0	7	0	0	0	0	0	0	0	0	0	0	0	0	0	0
776	24 May 26	09:20:00	1	0	1	0	Ct	0	0	0	0	0	0	0	0	0	0	0	0	0	0	0	0	0	0	0	2	0	0	0	0	0	0	0	0	0	0	0	0	0	0
777	24 May 26	09:25:00	1	0	1	0	Ct	0	0	0	0	0	0	0	0	0	0	0	0	0	0	0	0	0	0	0	2	0	0	0	0	0	0	0	0	0	0	0	0	0	0
778	24 May 26	09:30:00	1	0	1	0	Ct	0	0	0	0	0	0	0	0	0	0	0	0	0	0	0	0	0	0	0	4	0	0	0	0	0	0	0	0	0	0	0	0	0	0
779	24 May 26	09:35:00	1	0	1	0	Ct	0	0	0	0	0	0	0	0	0	0	0	0	0	0	0	0	0	0	0	1	0	0	0	0	0	0	0	0	0	0	0	0	0	0
780	24 May 26	09:40:00	1	0	1	0	Ct	0	0	0	0	0	0	0	0	0	0	0	0	0	0	0	0	0	0	0	3	0	0	0	0	0	0	0	0	0	0	0	0	0	0
781	24 May 26	09:45:00	1	0	1	0	Ct	0	0	0	0	0	0	0	0	0	2	0	0	0	0	0	0	0	0	0	0	0	0	0	0	0	0	0	0	0	0	0	0	0	0
782	24 May 26	09:50:00	1	0	1	0	Ct	0	0	0	0	0	0	0	0	0	0	0	0	0	0	0	0	0	0	0	0	0	0	0	0	0	0	0	0	0	0	0	0	0	0
783	24 May 26	09:55:00	1	0	1	0	Ct	0	0	0	0	0	0	0	0	0	0	0	0	0	0	0	0	0	0	0	0	0	0	0	0	0	0	0	0	0	0	0	0	0	0
784	24 May 26	10:00:00	1	0	1	0	Ct	0	1	0	0	0	0	0	0	0	0	0	0	0	0	0	0	0	0	0	5	0	0	0	0	0	0	0	0	0	0	0	0	0	0
785	24 May 26	10:05:00	1	0	1	0	Ct	0	1	0	0	0	0	0	0	0	0	0	0	0	0	0	0	0	0	0	10	0	0	0	0	0	0	0	0	0	0	0	0	0	0
786	24 May 26	10:10:00	1	0	1	0	Ct	0	1	0	0	0	4	0	7	0	0	0	0	0	0	0	0	0	0	0	0	0	0	0	0	0	0	0	3	0	0	0	0	0	0
787	24 May 26	10:15:00	1	0	1	0	Ct	0	1	0	0	0	5	0	12	0	0	0	0	0	0	0	0	0	0	0	0	0	0	0	0	0	0	0	0	0	0	0	0	0	0
788	24 May 26	10:20:00	1	0	1	0	Ct	0	1	0	0	0	3	0	2	0	3	0	0	0	0	0	0	0	0	0	0	0	4	0	0	0	5	0	0	0	0	0	0	0	0
789	24 May 26	10:25:00	1	0	1	0	Ct	0	1	0	0	0	4	0	28	0	2	0	0	0	0	0	0	0	0	0	0	0	5	0	0	0	16	0	0	0	0	0	0	0	0
790	24 May 26	10:30:00	1	0	1	0	Ct	0	1	0	0	0	3	0	1	0	2	0	0	0	0	0	0	0	0	0	0	0	8	0	0	0	3	0	3	3	0	0	0	0	0
791	24 May 26	10:35:00	1	0	1	0	Ct	0	1	0	0	0	2	1	2	0	6	0	0	0	0	0	0	0	0	0	0	0	14	0	0	0	3	0	2	2	0	0	0	0	0
792	24 May 26	10:40:00	1	0	1	0	Ct	0	1	0	0	0	4	3	0	0	4	0	0	0	0	0	0	0	0	0	0	0	13	2	0	0	4	0	4	0	0	0	0	0	3
793	24 May 26	10:45:00	1	0	1	0	Ct	0	1	0	0	0	7	0	7	0	1	0	0	0	0	0	0	0	0	0	0	0	10	11	0	0	4	0	1	0	7	0	0	0	3
794	24 May 26	10:50:00	1	0	1	0	Ct	0	1	0	0	0	0	0	6	0	2	0	0	0	0	0	0	0	0	0	0	0	6	0	0	0	4	0	2	0	0	0	0	0	0
795	24 May 26	10:55:00	1	0	1	0	Ct	0	1	0	0	0	0	0	7	0	4	0	0	0	0	0	0	0	0	0	0	0	10	0	0	0	4	0	3	0	1	0	0	0	0
796	24 May 26	11:00:00	1	0	1	0	Ct	0	1	0	0	0	4	0	2	0	7	0	0	0	0	0	0	0	0	0	0	0	4	3	0	0	5	0	2	0	2	0	0	0	1
797	24 May 26	11:05:00	1	0	1	0	Ct	0	1	0	0	0	2	0	1	0	2	0	0	0	0	0	0	3	0	0	0	0	2	5	0	0	0	0	3	0	0	0	0	0	0
798	24 May 26	11:10:00	1	0	1	0	Ct	0	1	0	0	0	3	7	1	0	2	0	0	0	0	0	0	10	0	0	0	0	4	2	0	0	0	0	6	0	6	0	0	0	0
799	24 May 26	11:15:00	1	0	1	0	Ct	0	1	0	0	0	1	1	3	0	1	0	0	0	0	0	0	8	0	0	0	0	4	4	0	0	0	0	3	0	4	0	0	0	0
800	24 May 26	11:20:00	1	0	1	0	Ct	0	1	0	0	0	1	0	4	0	1	0	0	0	0	0	0	4	0	0	0	0	1	14	0	0	0	0	4	0	2	0	0	0	0
801	24 May 26	11:25:00	1	0	1	0	Ct	0	1	0	0	0	1	0	4	0	3	0	0	0	0	0	0	0	0	0	0	0	2	0	0	0	0	0	3	0	2	0	0	0	0
802	24 May 26	11:30:00	1	0	1	0	Ct	0	1	0	0	0	2	0	6	0	5	0	0	0	0	0	0	5	0	0	0	0	3	0	0	0	3	0	5	0	0	0	0	0	0
803	24 May 26	11:35:00	1	0	1	0	Ct	0	1	0	0	0	0	0	5	0	6	0	0	0	0	0	0	0	0	0	0	0	5	0	0	0	5	0	2	0	7	0	0	0	0
804	24 May 26	11:40:00	1	0	1	0	Ct	0	1	0	0	0	2	0	3	0	3	0	0	0	0	0	0	6	0	0	0	0	7	0	0	0	0	0	5	0	7	0	0	0	0
805	24 May 26	11:45:00	1	0	1	0	Ct	0	1	0	0	0	0	0	2	0	2	0	0	0	0	0	0	0	0	0	0	0	1	4	0	0	2	0	2	0	0	0	0	0	0
806	24 May 26	11:50:00	1	0	1	0	Ct	0	1	0	0	0	2	0	4	0	3	0	0	0	0	0	0	0	0	0	0	0	2	0	0	0	0	0	3	0	2	0	0	0	0
807	24 May 26	11:55:00	1	0	1	0	Ct	0	1	0	0	0	2	0	0	0	4	0	0	0	0	0	0	14	0	0	0	0	4	0	0	0	0	0	2	0	2	0	0	0	0
808	24 May 26	12:00:00	1	0	1	0	Ct	0	1	0	0	0	0	1	0	0	6	0	0	0	0	0	0	0	0	0	0	0	0	0	0	0	1	0	2	0	0	0	0	0	0
809	24 May 26	12:05:00	1	0	1	0	Ct	0	1	0	0	0	6	0	0	0	3	0	0	0	0	0	0	0	0	0	0	0	0	0	0	0	1	0	0	0	0	0	0	0	0
810	24 May 26	12:10:00	1	0	1	0	Ct	0	1	0	0	0	0	0	2	0	0	0	0	0	0	0	0	0	0	0	0	0	0	0	0	0	0	0	0	0	4	0	0	0	0
811	24 May 26	12:15:00	1	0	1	0	Ct	0	1	0	0	0	0	18	0	0	0	0	0	0	0	0	0	0	0	0	0	0	1	0	0	0	0	0	0	0	0	0	0	0	0
812	24 May 26	12:20:00	1	0	1	0	Ct	0	1	0	0	0	0	0	0	0	2	0	0	0	0	0	0	0	0	0	0	0	3	0	0	0	0	0	0	0	0	0	0	0	0
813	24 May 26	12:25:00	1	0	1	0	Ct	0	1	0	0	0	3	0	0	0	4	0	0	0	0	0	0	0	0	0	0	0	0	0	0	0	0	0	0	0	0	0	0	0	0
814	24 May 26	12:30:00	1	0	1	0	Ct	0	1	0	0	0	2	0	2	0	3	0	0	0	0	0	0	0	0	0	0	0	0	0	0	0	0	0	0	0	3	0	0	0	0
815	24 May 26	12:35:00	1	0	1	0	Ct	0	1	0	0	0	1	0	0	0	3	0	0	0	0	0	0	0	0	0	0	0	0	0	0	0	6	0	0	0	1	0	0	0	0
816	24 May 26	12:40:00	1	0	1	0	Ct	0	1	0	0	0	0	0	0	0	6	0	0	0	0	0	0	0	0	0	0	0	2	0	0	0	2	0	5	3	0	0	0	0	0
817	24 May 26	12:45:00	1	0	1	0	Ct	0	1	0	0	0	0	4	1	0	0	0	0	0	0	0	0	0	0	0	0	0	0	0	0	0	3	0	0	0	0	0	0	0	0
818	24 May 26	12:50:00	1	0	1	0	Ct	0	1	0	0	0	0	0	1	0	6	0	0	0	0	0	0	0	0	0	0	0	0	0	0	0	7	0	0	0	2	0	0	0	0
819	24 May 26	12:55:00	1	0	1	0	Ct	0	1	0	0	0	2	0	1	0	5	0	0	0	0	0	0	0	0	0	0	0	0	0	0	0	4	0	0	0	0	0	0	0	0
820	24 May 26	13:00:00	1	0	1	0	Ct	0	1	0	0	0	3	0	3	0	2	0	0	0	0	0	0	0	0	0	0	0	0	0	0	0	5	0	4	0	0	0	0	0	0
821	24 May 26	13:05:00	1	0	1	0	Ct	0	1	0	0	0	2	2	0	0	0	0	0	0	0	0	0	0	0	0	0	0	0	0	0	0	9	0	2	0	0	0	0	0	0
822	24 May 26	13:10:00	1	0	1	0	Ct	0	1	0	0	0	0	0	0	0	0	0	0	0	0	0	0	0	0	0	0	0	0	0	0	0	4	0	0	0	5	0	0	0	0
823	24 May 26	13:15:00	1	0	1	0	Ct	0	1	0	0	0	0	0	0	0	0	0	0	0	0	0	0	0	0	0	0	0	2	0	0	0	0	0	0	0	1	0	0	0	0
824	24 May 26	13:20:00	1	0	1	0	Ct	0	1	0	0	0	0	0	0	0	0	0	0	0	0	0	0	0	0	0	0	0	11	0	0	0	0	0	0	0	0	0	0	0	0
825	24 May 26	13:25:00	1	0	1	0	Ct	0	1	0	0	0	2	0	0	0	0	0	0	0	0	0	0	0	0	0	0	0	3	0	0	0	0	0	0	0	0	0	0	0	0
826	24 May 26	13:30:00	1	0	1	0	Ct	0	1	0	0	0	0	0	0	0	0	0	0	0	0	0	0	0	0	0	0	0	2	0	0	0	0	0	0	0	0	0	0	0	0
827	24 May 26	13:35:00	1	0	1	0	Ct	0	1	0	0	0	0	0	0	0	0	0	0	0	0	0	0	0	0	0	0	0	8	0	0	0	0	0	0	0	0	0	0	0	0
828	24 May 26	13:40:00	1	0	1	0	Ct	0	1	0	0	0	0	0	2	0	0	0	0	0	0	0	0	0	0	0	0	0	4	0	0	0	0	0	0	0	1	0	0	0	0
829	24 May 26	13:45:00	1	0	1	0	Ct	0	1	0	0	0	0	1	0	0	0	0	0	0	0	0	0	0	0	0	0	0	4	0	0	0	0	0	0	0	1	0	0	0	0
830	24 May 26	13:50:00	1	0	1	0	Ct	0	1	0	0	0	1	0	1	0	0	0	0	0	0	0	0	0	0	0	0	0	5	0	0	0	0	0	4	0	2	0	0	0	0
831	24 May 26	13:55:00	1	0	1	0	Ct	0	1	0	0	0	1	0	5	0	0	0	0	0	0	0	0	0	0	0	0	0	0	0	0	0	0	0	0	0	1	0	0	0	0
832	24 May 26	14:00:00	1	0	1	0	Ct	0	1	0	0	0	4	0	0	0	0	0	0	0	0	0	0	0	0	0	0	0	0	0	0	0	0	0	4	0	1	0	0	0	0
833	24 May 26	14:05:00	1	0	1	0	Ct	0	1	0	0	0	0	1	2	0	0	0	0	0	0	0	0	0	0	0	0	0	0	0	0	0	0	0	0	0	2	0	0	0	0
834	24 May 26	14:10:00	1	0	1	0	Ct	0	1	0	0	0	0	5	1	0	0	0	0	0	0	0	0	0	0	0	0	0	0	0	0	0	0	0	0	0	0	0	0	0	0
835	24 May 26	14:15:00	1	0	1	0	Ct	0	1	0	0	0	0	0	0	0	0	0	0	0	0	0	0	0	0	0	0	0	0	0	0	0	0	0	0	0	5	0	0	0	12
836	24 May 26	14:20:00	1	0	1	0	Ct	0	1	0	0	0	0	0	0	0	0	0	0	0	0	0	0	0	0	0	0	0	0	0	0	0	2	0	2	0	0	0	0	0	0
837	24 May 26	14:25:00	1	0	1	0	Ct	0	1	0	0	0	0	0	0	0	0	0	0	0	0	0	0	0	0	0	0	0	0	0	0	0	4	0	0	0	2	0	0	0	0
838	24 May 26	14:30:00	1	0	1	0	Ct	0	1	0	0	0	0	0	0	0	0	0	0	0	0	0	0	0	0	0	0	0	0	0	0	0	9	0	0	0	14	0	0	0	0
839	24 May 26	14:35:00	1	0	1	0	Ct	0	1	0	0	0	0	0	4	0	0	0	0	0	0	0	0	0	0	0	0	0	1	0	0	0	4	0	0	0	2	0	0	0	0
840	24 May 26	14:40:00	1	0	1	0	Ct	0	1	0	0	0	2	0	0	0	3	0	0	0	0	0	0	0	0	0	0	0	3	0	0	0	0	0	2	0	0	0	0	0	0
841	24 May 26	14:45:00	1	0	1	0	Ct	0	1	0	0	0	2	25	0	0	4	0	0	0	0	0	0	0	0	0	0	0	0	0	0	0	2	0	0	0	0	0	0	0	0
842	24 May 26	14:50:00	1	0	1	0	Ct	0	1	0	0	0	0	0	0	0	5	0	0	0	0	0	0	0	0	0	0	0	0	0	0	0	0	0	0	0	0	0	0	0	0
843	24 May 26	14:55:00	1	0	1	0	Ct	0	1	0	0	0	0	0	0	0	4	0	0	0	0	0	0	0	0	0	0	0	0	0	0	0	3	0	2	0	0	0	0	0	0
844	24 May 26	15:00:00	1	0	1	0	Ct	0	1	0	0	0	1	0	0	0	1	0	0	0	0	0	0	0	0	0	0	0	0	0	0	0	0	0	0	3	3	0	0	0	0
845	24 May 26	15:05:00	1	0	1	0	Ct	0	1	0	0	0	1	1	0	0	1	0	0	0	0	0	0	0	0	0	0	0	0	0	0	0	1	0	0	0	2	0	0	0	0
846	24 May 26	15:10:00	1	0	1	0	Ct	0	1	0	0	0	3	2	0	0	1	0	0	0	0	0	0	0	0	0	0	0	0	0	0	0	4	0	0	0	15	0	0	0	0
847	24 May 26	15:15:00	1	0	1	0	Ct	0	1	0	0	0	2	0	0	0	1	0	0	0	0	0	0	0	0	0	0	0	0	0	0	0	3	0	0	0	2	0	0	0	0
848	24 May 26	15:20:00	1	0	1	0	Ct	0	1	0	0	0	3	2	6	0	3	0	0	0	0	0	0	0	0	0	0	0	0	0	0	0	2	0	0	0	2	0	0	0	0
849	24 May 26	15:25:00	1	0	1	0	Ct	0	1	0	0	0	0	0	0	0	5	0	0	0	0	0	0	0	0	0	0	0	6	0	0	0	3	0	0	0	1	0	0	0	0
850	24 May 26	15:30:00	1	0	1	0	Ct	0	1	0	0	0	0	1	0	0	2	0	0	0	0	0	0	0	0	0	0	0	6	0	0	0	2	0	0	0	0	0	0	0	0
851	24 May 26	15:35:00	1	0	1	0	Ct	0	1	0	0	0	1	0	17	0	0	0	0	0	0	0	0	0	0	0	11	0	0	0	0	0	6	0	0	1	0	0	0	0	0
852	24 May 26	15:40:00	1	0	1	0	Ct	0	1	0	0	0	1	1	1	0	0	0	0	0	0	0	0	0	0	0	0	0	0	0	0	0	3	0	0	17	0	0	0	0	0
853	24 May 26	15:45:00	1	0	1	0	Ct	0	1	0	0	0	0	0	0	0	0	0	0	0	0	0	0	0	0	0	0	0	1	0	0	0	4	0	0	19	0	0	0	0	0
854	24 May 26	15:50:00	1	0	1	0	Ct	0	1	0	0	0	0	0	0	0	0	0	0	0	0	0	0	0	0	0	0	0	4	0	0	0	2	0	2	0	0	0	0	0	0
855	24 May 26	15:55:00	1	0	1	0	Ct	0	1	0	0	0	0	1	0	0	0	0	0	0	0	0	0	0	0	0	0	0	1	0	0	0	0	0	2	0	0	0	0	0	0
856	24 May 26	16:00:00	1	0	1	0	Ct	0	1	0	0	0	0	0	0	0	0	0	0	0	0	0	0	0	0	0	0	0	0	0	0	0	0	0	0	0	0	0	0	0	0
857	24 May 26	16:05:00	1	0	1	0	Ct	0	1	0	0	0	0	0	0	0	0	0	0	0	0	0	0	0	0	0	0	0	4	0	0	0	0	0	0	0	0	0	0	0	0
858	24 May 26	16:10:00	1	0	1	0	Ct	0	1	0	0	0	0	0	0	0	0	0	0	0	0	0	0	0	0	0	0	0	0	0	0	0	0	0	0	0	0	0	0	0	0
859	24 May 26	16:15:00	1	0	1	0	Ct	0	1	0	0	0	0	1	0	0	0	0	0	0	0	0	0	0	0	0	0	0	0	0	0	0	5	0	0	0	0	0	0	0	0
860	24 May 26	16:20:00	1	0	1	0	Ct	0	1	0	0	0	0	1	0	0	0	0	0	0	0	0	0	0	0	0	0	0	0	0	0	0	4	0	0	0	0	0	0	0	0
861	24 May 26	16:25:00	1	0	1	0	Ct	0	1	0	0	0	0	0	0	0	0	0	0	0	0	0	0	0	0	0	0	0	0	0	0	0	3	0	0	0	0	0	0	0	0
862	24 May 26	16:30:00	1	0	1	0	Ct	0	1	0	0	0	0	1	2	0	0	0	0	0	0	0	0	0	0	0	6	0	0	0	0	0	3	0	1	0	0	0	0	0	0
863	24 May 26	16:35:00	1	0	1	0	Ct	0	1	0	0	0	0	0	1	0	0	0	0	0	0	0	0	0	0	0	0	0	0	0	0	0	1	0	1	0	0	0	0	0	0
864	24 May 26	16:40:00	1	0	1	0	Ct	0	1	0	0	0	0	7	1	0	0	0	0	0	0	0	0	0	0	0	0	0	0	0	0	0	7	0	2	2	2	0	0	0	0
865	24 May 26	16:45:00	1	0	1	0	Ct	0	1	0	0	0	0	4	1	0	0	0	0	0	0	0	0	0	0	0	0	0	0	0	0	0	11	0	4	1	0	0	0	0	0
866	24 May 26	16:50:00	1	0	1	0	Ct	0	1	0	0	0	0	0	0	0	0	0	0	0	0	0	0	0	0	0	0	0	0	0	0	0	21	0	2	0	2	0	0	0	0
867	24 May 26	16:55:00	1	0	1	0	Ct	0	1	0	0	0	0	11	2	0	0	0	0	0	0	0	0	0	0	0	0	0	0	0	0	0	3	0	2	0	0	0	0	0	0
868	24 May 26	17:00:00	1	0	1	0	Ct	0	1	0	0	0	0	0	0	0	0	0	0	0	0	0	0	0	0	0	0	0	0	0	0	0	0	0	2	3	2	0	0	0	0
869	24 May 26	17:05:00	1	0	1	0	Ct	0	1	0	0	0	0	0	0	0	0	0	0	0	0	0	0	0	0	0	0	0	0	0	0	0	3	0	5	0	0	0	0	0	0
870	24 May 26	17:10:00	1	0	1	0	Ct	0	1	0	0	0	0	0	0	0	0	0	0	0	0	0	0	0	0	0	0	0	2	0	0	0	3	0	2	0	1	0	0	0	0
871	24 May 26	17:15:00	1	0	1	0	Ct	0	1	0	0	0	0	0	0	0	0	0	0	0	0	0	0	0	0	0	0	0	4	0	0	0	0	0	4	0	8	0	0	0	0
872	24 May 26	17:20:00	1	0	1	0	Ct	0	1	0	0	0	0	0	0	0	0	0	0	0	0	0	0	0	0	0	0	0	0	0	0	0	0	0	4	0	1	0	0	0	0
873	24 May 26	17:25:00	1	0	1	0	Ct	0	1	0	0	0	3	0	0	0	0	0	0	0	0	0	0	0	0	0	0	0	0	0	0	0	2	0	4	0	1	0	0	0	0
874	24 May 26	17:30:00	1	0	1	0	Ct	0	1	0	0	0	5	0	0	0	0	0	0	0	0	0	0	0	0	0	0	0	0	0	0	0	2	0	0	0	1	0	0	0	0
875	24 May 26	17:35:00	1	0	1	0	Ct	0	1	0	0	0	5	0	0	0	0	0	0	0	0	0	0	0	0	0	0	0	0	0	0	0	0	0	2	0	1	0	0	0	0
876	24 May 26	17:40:00	1	0	1	0	Ct	0	1	0	0	0	7	0	0	0	0	0	0	0	0	0	0	0	0	0	0	0	0	0	0	0	0	0	0	0	0	0	0	0	2
877	24 May 26	17:45:00	1	0	1	0	Ct	0	1	0	0	0	7	0	0	0	0	0	0	0	0	0	0	0	0	0	1	0	0	0	0	0	0	0	6	0	0	0	0	0	0
878	24 May 26	17:50:00	1	0	1	0	Ct	0	1	0	0	0	2	2	0	0	0	0	0	0	0	0	0	0	0	0	3	0	0	0	0	0	0	0	0	0	0	0	0	0	0
879	24 May 26	17:55:00	1	0	1	0	Ct	0	1	0	0	0	0	0	0	0	0	0	0	0	0	0	0	0	0	0	0	0	0	0	0	0	0	0	0	2	4	0	0	0	0
880	24 May 26	18:00:00	1	0	1	0	Ct	0	1	0	0	0	0	0	0	0	0	0	0	0	0	0	0	0	0	0	0	0	0	0	0	0	0	0	2	4	4	0	0	0	0
881	24 May 26	18:05:00	1	0	1	0	Ct	0	1	0	0	0	0	0	0	0	0	0	0	0	0	0	0	0	0	0	0	0	0	0	0	0	0	0	2	0	2	0	0	0	0
882	24 May 26	18:10:00	1	0	1	0	Ct	0	1	0	0	0	11	0	0	0	0	0	0	0	0	0	0	0	0	0	0	0	0	0	0	0	0	0	2	0	0	0	0	0	0
883	24 May 26	18:15:00	1	0	1	0	Ct	0	1	0	0	0	9	0	0	0	0	0	0	0	0	0	0	0	0	0	0	0	0	1	0	0	0	0	0	2	0	0	0	0	0
884	24 May 26	18:20:00	1	0	1	0	Ct	0	1	0	0	0	0	0	0	0	0	0	0	0	0	0	0	0	0	0	0	0	0	11	0	0	0	0	0	1	0	0	0	0	0
885	24 May 26	18:25:00	1	0	1	0	Ct	0	1	0	0	0	3	0	0	0	0	0	0	0	0	0	0	0	0	0	0	0	0	3	0	0	0	0	0	0	0	0	0	0	0
886	24 May 26	18:30:00	1	0	1	0	Ct	0	1	0	0	0	0	0	0	0	0	0	0	0	0	0	0	0	0	0	0	0	0	7	0	0	0	0	0	0	0	0	0	0	0
887	24 May 26	18:35:00	1	0	1	0	Ct	0	1	0	0	0	2	18	8	0	0	0	0	0	0	0	0	0	0	0	0	0	0	3	0	0	2	0	0	0	0	0	0	0	0
888	24 May 26	18:40:00	1	0	1	0	Ct	0	1	0	0	0	4	11	2	0	0	0	0	0	0	0	0	0	0	0	0	0	0	6	0	0	0	0	0	0	0	0	0	0	0
889	24 May 26	18:45:00	1	0	1	0	Ct	0	1	0	0	0	0	5	0	0	0	0	0	0	0	0	0	0	0	0	0	0	0	3	0	0	0	0	2	0	0	0	0	0	0
890	24 May 26	18:50:00	1	0	1	0	Ct	0	1	0	0	0	0	1	1	0	0	0	0	0	0	0	0	0	0	0	0	0	0	0	0	0	0	0	2	0	0	0	0	0	0
891	24 May 26	18:55:00	1	0	1	0	Ct	0	1	0	0	0	0	0	0	0	0	0	0	0	0	0	0	0	0	0	0	0	0	0	0	0	0	0	0	2	0	0	0	0	0
892	24 May 26	19:00:00	1	0	1	0	Ct	0	1	0	0	0	1	0	1	0	0	0	0	0	0	0	0	0	0	0	0	0	0	0	0	0	0	0	2	0	2	0	0	0	0
893	24 May 26	19:05:00	1	0	1	0	Ct	0	1	0	0	0	8	0	4	0	0	0	0	0	0	0	0	0	0	0	0	0	0	0	0	0	0	0	0	1	2	0	0	0	0
894	24 May 26	19:10:00	1	0	1	0	Ct	0	1	0	0	0	0	0	0	0	0	0	0	0	0	0	0	0	0	0	0	0	0	0	0	0	5	0	2	2	0	0	0	0	0
895	24 May 26	19:15:00	1	0	1	0	Ct	0	1	0	0	0	0	0	0	0	0	0	0	0	0	0	0	0	0	0	0	0	0	0	0	0	3	0	2	26	1	0	0	0	0
896	24 May 26	19:20:00	1	0	1	0	Ct	0	1	0	0	0	0	0	1	0	0	0	0	0	0	0	0	0	0	0	0	0	0	0	0	0	4	0	2	8	1	0	0	0	0
897	24 May 26	19:25:00	1	0	1	0	Ct	0	1	0	0	0	0	0	1	0	0	0	0	0	0	0	0	0	0	0	0	0	0	2	0	0	6	0	4	0	0	0	0	0	0
898	24 May 26	19:30:00	1	0	1	0	Ct	0	1	0	0	0	1	1	0	0	0	0	0	0	0	0	0	0	0	0	0	0	0	0	0	0	5	0	2	2	0	0	0	0	0
899	24 May 26	19:35:00	1	0	1	0	Ct	0	1	0	0	0	3	2	0	0	0	0	0	0	0	0	0	0	0	0	0	0	0	0	0	0	2	0	5	1	2	0	0	0	0
900	24 May 26	19:40:00	1	0	1	0	Ct	0	1	0	0	0	0	1	2	0	0	0	0	0	0	0	0	0	0	0	0	0	0	0	0	0	0	0	2	0	4	0	0	0	0
901	24 May 26	19:45:00	1	0	1	0	Ct	0	1	0	0	0	7	5	0	0	0	0	0	0	0	0	0	0	0	0	0	0	0	0	0	0	8	0	2	0	0	0	0	0	0
902	24 May 26	19:50:00	1	0	1	0	Ct	0	1	0	0	0	6	2	0	0	0	0	0	0	0	0	0	0	0	0	0	0	0	0	0	0	2	0	2	0	4	0	0	0	0
903	24 May 26	19:55:00	1	0	1	0	Ct	0	1	0	0	0	3	1	2	0	0	0	0	0	0	0	0	0	0	0	0	0	0	0	0	0	2	0	4	6	2	0	0	0	0
904	24 May 26	20:00:00	1	0	1	0	Ct	0	1	0	0	0	0	0	0	0	0	0	0	0	0	0	0	0	0	0	0	0	0	0	0	0	0	0	2	3	2	0	0	0	0
905	24 May 26	20:05:00	1	0	1	0	Ct	0	1	0	0	0	0	0	0	0	0	0	0	0	0	0	0	0	0	0	0	0	0	0	0	0	0	0	2	3	12	0	0	0	0
906	24 May 26	20:10:00	1	0	1	0	Ct	0	1	0	0	0	0	0	0	0	0	0	0	0	0	0	0	0	0	0	0	0	0	0	0	0	0	0	4	4	3	0	0	0	0
907	24 May 26	20:15:00	1	0	1	0	Ct	0	1	0	0	0	0	0	0	0	0	0	0	0	0	0	0	0	0	0	0	0	1	0	0	0	0	0	2	3	1	0	0	0	0
908	24 May 26	20:20:00	1	0	1	0	Ct	0	1	0	0	0	0	0	2	0	0	0	0	0	0	0	0	0	0	0	0	0	6	0	0	0	1	0	0	0	2	0	0	0	3
909	24 May 26	20:25:00	1	0	1	0	Ct	0	1	0	0	0	0	0	4	0	0	0	0	0	0	0	0	0	0	0	0	0	0	0	0	0	3	0	0	2	0	0	0	0	4
910	24 May 26	20:30:00	1	0	1	0	Ct	0	1	0	0	0	0	0	0	0	0	0	0	0	0	0	0	0	0	0	0	0	0	0	0	0	5	0	0	0	3	0	0	0	0
911	24 May 26	20:35:00	1	0	1	0	Ct	0	1	0	0	0	0	0	0	0	0	0	0	0	0	0	0	0	0	0	0	0	0	0	0	0	1	0	0	1	2	0	0	0	0
912	24 May 26	20:40:00	1	0	1	0	Ct	0	1	0	0	0	3	0	2	0	0	0	0	0	0	0	0	0	0	0	0	0	0	0	0	0	0	0	2	0	1	0	0	0	0
913	24 May 26	20:45:00	1	0	1	0	Ct	0	1	0	0	0	6	0	2	0	1	0	0	0	0	0	0	0	0	0	0	0	0	0	0	0	0	0	2	0	0	0	0	0	0
914	24 May 26	20:50:00	1	0	1	0	Ct	0	1	0	0	0	12	1	0	0	5	0	0	0	0	0	0	0	0	0	0	0	0	0	0	0	0	0	2	0	3	0	0	0	0
915	24 May 26	20:55:00	1	0	1	0	Ct	0	1	0	0	0	0	1	0	0	2	0	0	0	0	0	0	0	0	0	0	0	0	0	0	0	0	0	0	0	0	0	0	0	0
916	24 May 26	21:00:00	1	0	1	0	Ct	0	1	0	0	0	2	0	4	0	2	0	0	0	0	0	0	0	0	0	0	0	0	0	0	0	0	0	2	0	2	0	0	0	0
917	24 May 26	21:05:00	1	0	1	0	Ct	0	1	0	0	0	5	1	0	0	6	0	0	0	0	0	0	0	0	0	0	0	0	0	0	0	0	0	2	0	0	0	0	0	0
918	24 May 26	21:10:00	1	0	1	0	Ct	0	1	0	0	0	0	1	0	0	5	0	0	0	0	0	0	0	0	0	0	0	0	0	0	0	0	0	2	0	0	0	0	0	0
919	24 May 26	21:15:00	1	0	1	0	Ct	0	1	0	0	0	4	6	0	0	6	0	0	0	0	0	0	0	0	0	0	0	0	0	0	0	0	0	2	6	0	0	0	0	0
920	24 May 26	21:20:00	1	0	1	0	Ct	0	1	0	0	0	4	16	0	0	6	0	0	0	0	0	0	0	0	0	0	0	0	0	0	0	0	0	0	0	0	0	0	0	0
921	24 May 26	21:25:00	1	0	1	0	Ct	0	1	0	0	0	5	3	0	0	1	0	0	0	0	0	0	0	0	0	0	0	0	0	0	0	0	0	0	0	0	0	0	0	0
922	24 May 26	21:30:00	1	0	1	0	Ct	0	1	0	0	0	0	3	0	0	12	0	0	0	0	0	0	0	0	0	0	0	0	0	0	0	0	0	0	0	0	0	0	0	0
923	24 May 26	21:35:00	1	0	1	0	Ct	0	1	0	0	0	0	0	2	0	5	0	0	0	0	0	0	0	0	0	0	0	0	0	0	0	0	0	2	0	0	0	0	0	0
924	24 May 26	21:40:00	1	0	1	0	Ct	0	1	0	0	0	2	0	0	0	2	0	0	0	0	0	0	0	0	0	0	0	0	0	0	0	0	0	3	0	0	0	0	0	0
925	24 May 26	21:45:00	1	0	1	0	Ct	0	1	0	0	0	4	0	0	0	0	0	0	0	0	0	0	0	0	0	0	0	0	0	0	0	0	0	4	0	0	0	0	0	0
926	24 May 26	21:50:00	1	0	1	0	Ct	0	1	0	0	0	0	0	1	0	2	0	0	0	0	0	0	0	0	0	0	0	0	0	0	0	0	0	0	0	0	0	0	0	1
927	24 May 26	21:55:00	1	0	1	0	Ct	0	1	0	0	0	0	0	5	0	0	0	0	0	0	0	0	0	0	0	0	0	0	0	0	0	0	0	2	0	0	0	0	0	1
928	24 May 26	22:00:00	1	0	1	0	Ct	0	1	0	0	0	2	0	3	0	0	0	0	0	0	0	0	0	0	0	0	0	0	0	0	0	0	0	2	25	0	0	0	0	0
929	24 May 26	22:05:00	1	0	1	0	Ct	0	1	0	0	0	2	1	2	0	0	0	0	0	0	0	0	0	0	0	0	0	0	0	0	0	6	0	10	10	8	0	0	0	0
930	24 May 26	22:10:00	1	0	1	0	Ct	0	0	0	0	0	2	2	1	0	1	0	0	0	0	0	0	0	0	0	0	0	0	0	0	0	2	0	3	0	5	0	0	0	0
931	24 May 26	22:15:00	1	0	1	0	Ct	0	0	0	0	0	0	0	0	0	3	0	0	0	0	0	0	0	0	0	0	0	0	0	0	0	0	0	4	0	3	0	0	0	0
932	24 May 26	22:20:00	1	0	1	0	Ct	0	0	0	0	0	2	0	0	0	2	0	0	0	0	0	0	0	0	0	0	0	0	0	0	0	5	0	4	0	0	0	0	0	0
933	24 May 26	22:25:00	1	0	1	0	Ct	0	0	0	0	0	2	0	0	0	0	0	0	0	0	0	0	0	0	0	0	0	0	0	0	0	0	0	2	0	0	0	0	0	0
934	24 May 26	22:30:00	1	0	1	0	Ct	0	0	0	0	0	2	0	0	0	2	0	0	0	0	0	0	0	0	0	0	0	0	0	0	0	0	0	9	0	0	0	0	0	0
935	24 May 26	22:35:00	1	0	1	0	Ct	0	0	0	0	0	0	0	0	0	0	0	0	0	0	0	0	0	0	0	0	0	0	0	0	0	0	0	5	0	8	0	0	0	0
936	24 May 26	22:40:00	1	0	1	0	Ct	0	0	0	0	0	4	0	0	0	0	0	0	0	0	0	0	0	0	0	0	0	2	0	0	0	0	0	2	0	0	0	0	0	0
937	24 May 26	22:45:00	1	0	1	0	Ct	0	0	0	0	0	0	0	0	0	0	0	0	0	0	0	0	0	0	0	0	0	4	0	0	0	0	0	2	0	0	0	0	0	0
938	24 May 26	22:50:00	1	0	1	0	Ct	0	0	0	0	0	0	0	0	0	0	0	0	0	0	0	0	0	0	0	0	0	4	0	0	0	0	0	4	0	0	0	0	0	0
939	24 May 26	22:55:00	1	0	1	0	Ct	0	0	0	0	0	4	0	0	0	0	0	0	0	0	0	0	0	0	0	0	0	1	0	0	0	0	0	4	0	0	0	0	0	0
940	24 May 26	23:00:00	1	0	1	0	Ct	0	0	0	0	0	0	0	0	0	0	0	0	0	0	0	0	0	0	0	0	0	0	0	0	0	0	0	4	0	0	0	0	0	0
941	24 May 26	23:05:00	1	0	1	0	Ct	0	0	0	0	0	0	0	0	0	0	0	0	0	0	0	0	0	0	0	0	0	0	0	0	0	0	0	4	0	0	0	0	0	0
942	24 May 26	23:10:00	1	0	1	0	Ct	0	0	0	0	0	0	0	0	0	0	0	0	0	0	0	0	0	0	0	0	0	0	0	0	0	0	0	2	0	0	0	0	0	0
943	24 May 26	23:15:00	1	0	1	0	Ct	0	0	0	0	0	0	0	0	0	0	0	0	0	0	0	0	0	0	0	0	0	0	0	0	0	0	0	2	0	0	0	0	0	0
944	24 May 26	23:20:00	1	0	1	0	Ct	0	0	0	0	0	0	0	0	0	0	0	0	0	0	0	0	0	0	0	0	0	0	0	0	0	0	0	3	0	0	0	0	0	0
945	24 May 26	23:25:00	1	0	1	0	Ct	0	0	0	0	0	0	0	0	0	0	0	0	0	0	0	0	0	0	0	0	0	0	0	0	0	0	0	5	0	0	0	0	0	0
946	24 May 26	23:30:00	1	0	1	0	Ct	0	0	0	0	0	0	0	0	0	0	0	0	0	0	0	0	0	0	0	0	0	0	0	0	0	0	0	2	0	0	0	0	0	0
947	24 May 26	23:35:00	1	0	1	0	Ct	0	0	0	0	0	0	0	0	0	0	0	0	0	0	0	0	0	0	0	0	0	0	1	0	0	0	0	0	0	0	0	0	0	0
948	24 May 26	23:40:00	1	0	1	0	Ct	0	0	0	0	0	0	0	0	0	0	0	0	0	0	0	0	0	0	0	0	0	0	0	0	0	0	0	4	0	0	0	0	0	0
949	24 May 26	23:45:00	1	0	1	0	Ct	0	0	0	0	0	2	0	0	0	0	0	0	0	0	0	0	0	0	0	0	0	1	7	0	0	0	0	5	0	0	0	0	0	0
950	24 May 26	23:50:00	1	0	1	0	Ct	0	0	0	0	0	0	0	11	0	0	0	0	0	0	0	0	0	0	0	0	0	0	7	0	0	0	0	5	0	0	0	0	0	0
951	24 May 26	23:55:00	1	0	1	0	Ct	0	0	0	0	0	0	0	0	0	0	0	0	0	0	0	0	0	0	0	0	0	0	1	0	0	0	0	2	0	0	0	0	0	0
952	25 May 26	00:00:00	1	0	1	0	Ct	0	0	0	0	0	0	0	0	0	0	0	0	0	0	0	0	0	0	0	0	0	0	1	0	0	0	0	6	0	0	0	0	0	0
953	25 May 26	00:05:00	1	0	1	0	Ct	0	0	0	0	0	2	0	0	0	0	0	0	0	0	0	0	0	0	0	0	0	0	10	0	0	0	0	4	4	0	0	0	0	0
954	25 May 26	00:10:00	1	0	1	0	Ct	0	0	0	0	0	0	0	0	0	0	0	0	0	0	0	0	0	0	0	0	0	0	4	0	0	0	0	0	0	0	0	0	0	0
955	25 May 26	00:15:00	1	0	1	0	Ct	0	0	0	0	0	0	0	0	0	0	0	0	0	0	0	0	0	0	0	0	0	0	15	0	0	0	0	4	0	0	0	0	0	0
956	25 May 26	00:20:00	1	0	1	0	Ct	0	0	0	0	0	0	0	0	0	0	0	0	0	0	0	0	0	0	0	0	0	0	7	0	0	0	0	2	0	0	0	0	0	0
957	25 May 26	00:25:00	1	0	1	0	Ct	0	0	0	0	0	0	0	0	0	0	0	0	0	0	0	0	0	0	0	0	0	0	0	0	0	0	0	7	0	0	0	0	0	0
958	25 May 26	00:30:00	1	0	1	0	Ct	0	0	0	0	0	5	0	0	0	0	0	0	0	0	0	0	0	0	0	0	0	0	0	0	0	0	0	4	0	0	0	0	0	0
959	25 May 26	00:35:00	1	0	1	0	Ct	0	0	0	0	0	4	0	0	0	0	0	0	0	0	0	0	0	0	0	0	0	0	0	0	0	0	0	4	0	0	0	0	0	0
960	25 May 26	00:40:00	1	0	1	0	Ct	0	0	0	0	0	4	0	0	0	1	0	0	0	0	0	0	0	0	0	0	0	0	0	0	0	0	0	2	0	0	0	0	0	0
961	25 May 26	00:45:00	1	0	1	0	Ct	0	0	0	0	0	2	0	0	0	0	0	0	0	0	0	0	0	0	0	0	0	0	0	0	0	0	0	4	0	0	0	0	0	0
962	25 May 26	00:50:00	1	0	1	0	Ct	0	0	0	0	0	2	0	0	0	0	0	0	0	0	0	0	0	0	0	0	0	0	0	0	0	0	0	2	0	0	0	0	0	0
963	25 May 26	00:55:00	1	0	1	0	Ct	0	0	0	0	0	0	0	0	0	0	0	0	0	0	0	0	0	0	0	0	0	0	0	0	0	0	0	4	0	0	0	0	0	0
964	25 May 26	01:00:00	1	0	1	0	Ct	0	0	0	0	0	3	0	0	0	0	0	0	0	0	0	0	0	0	0	0	0	0	0	0	0	4	0	4	0	0	0	0	0	0
965	25 May 26	01:05:00	1	0	1	0	Ct	0	0	0	0	0	0	0	0	0	0	0	0	0	0	0	0	0	0	0	0	0	0	0	0	0	0	0	2	0	0	0	0	0	12
966	25 May 26	01:10:00	1	0	1	0	Ct	0	0	0	0	0	0	0	0	0	0	0	0	0	0	0	0	0	0	0	0	0	0	0	0	0	0	0	6	0	0	0	0	0	0
967	25 May 26	01:15:00	1	0	1	0	Ct	0	0	0	0	0	0	0	0	0	0	0	0	0	0	0	0	0	0	0	0	0	0	0	0	0	0	0	4	0	0	0	0	0	2
968	25 May 26	01:20:00	1	0	1	0	Ct	0	0	0	0	0	0	0	0	0	0	0	0	0	0	0	0	0	0	0	0	0	0	0	0	0	0	0	4	0	0	0	0	0	0
969	25 May 26	01:25:00	1	0	1	0	Ct	0	0	0	0	0	0	0	0	0	0	0	0	0	0	0	0	0	0	0	0	0	0	0	0	0	0	0	0	0	0	0	0	0	0
970	25 May 26	01:30:00	1	0	1	0	Ct	0	0	0	0	0	0	0	0	0	0	0	0	0	0	0	0	0	0	0	0	0	0	2	0	0	0	0	7	0	0	0	0	0	0
971	25 May 26	01:35:00	1	0	1	0	Ct	0	0	0	0	0	0	0	0	0	0	0	0	0	0	0	0	0	0	0	0	0	3	0	0	0	0	0	2	0	0	0	0	0	0
972	25 May 26	01:40:00	1	0	1	0	Ct	0	0	0	0	0	0	0	0	0	0	0	0	0	0	0	0	0	0	0	0	0	0	0	0	0	0	0	2	0	0	0	0	0	0
973	25 May 26	01:45:00	1	0	1	0	Ct	0	0	0	0	0	0	0	0	0	0	0	0	0	0	0	0	0	0	0	0	0	0	0	0	0	0	0	6	0	0	0	0	0	0
974	25 May 26	01:50:00	1	0	1	0	Ct	0	0	0	0	0	0	0	0	0	0	0	0	0	0	0	0	0	0	0	0	0	0	0	0	0	0	0	2	0	0	0	0	0	0
975	25 May 26	01:55:00	1	0	1	0	Ct	0	0	0	0	0	0	0	0	0	0	0	0	0	0	0	0	0	0	0	0	0	0	0	0	0	0	0	3	0	0	0	0	0	0
976	25 May 26	02:00:00	1	0	1	0	Ct	0	0	0	0	0	0	0	0	0	0	0	0	0	0	0	0	0	0	0	0	0	0	0	0	0	0	0	2	0	0	0	0	0	0
977	25 May 26	02:05:00	1	0	1	0	Ct	0	0	0	0	0	0	0	0	0	0	0	0	0	0	0	2	0	0	0	0	0	0	0	0	0	0	0	3	0	0	0	0	0	0
978	25 May 26	02:10:00	1	0	1	0	Ct	0	0	0	0	0	0	0	0	0	0	0	0	0	0	0	0	0	0	0	0	0	0	0	0	0	0	0	3	0	0	0	0	0	0
979	25 May 26	02:15:00	1	0	1	0	Ct	0	0	0	0	0	0	0	0	0	0	0	0	0	0	0	9	0	0	0	0	0	0	0	0	0	0	0	2	0	0	0	0	0	0
980	25 May 26	02:20:00	1	0	1	0	Ct	0	0	0	0	0	0	0	0	0	0	0	0	0	0	0	15	0	0	0	0	0	0	0	0	0	0	0	2	0	0	0	0	0	0
981	25 May 26	02:25:00	1	0	1	0	Ct	0	0	0	0	0	0	0	0	0	0	0	0	0	0	0	0	0	0	0	0	0	0	0	0	0	0	0	2	0	0	0	0	0	0
982	25 May 26	02:30:00	1	0	1	0	Ct	0	0	0	0	0	0	0	0	0	0	0	0	0	0	0	0	0	0	0	0	0	0	0	0	0	0	0	4	0	0	0	0	0	0
983	25 May 26	02:35:00	1	0	1	0	Ct	0	0	0	0	0	0	0	0	0	0	0	0	0	0	0	0	0	0	0	0	0	1	0	0	0	0	0	2	0	0	0	0	0	0
984	25 May 26	02:40:00	1	0	1	0	Ct	0	0	0	0	0	0	0	0	0	0	0	0	0	0	0	0	0	0	0	0	0	0	0	0	0	0	0	2	0	0	0	0	0	0
985	25 May 26	02:45:00	1	0	1	0	Ct	0	0	0	0	0	0	0	0	0	0	0	0	0	0	0	0	0	0	0	0	0	2	0	0	0	0	0	0	0	0	0	0	0	0
986	25 May 26	02:50:00	1	0	1	0	Ct	0	0	0	0	0	0	0	0	0	0	0	0	0	0	0	0	0	0	0	0	0	0	0	0	0	0	0	3	0	0	0	0	0	0
987	25 May 26	02:55:00	1	0	1	0	Ct	0	0	0	0	0	0	0	0	0	0	0	0	0	0	0	0	0	0	0	0	0	3	0	0	0	0	0	8	0	0	0	0	0	0
988	25 May 26	03:00:00	1	0	1	0	Ct	0	0	0	0	0	0	0	0	0	0	0	0	0	0	0	0	0	0	0	0	0	1	0	0	0	0	0	4	0	0	0	0	0	0
989	25 May 26	03:05:00	1	0	1	0	Ct	0	0	0	0	0	0	0	0	0	0	0	0	0	0	0	0	0	0	0	0	0	0	0	0	0	0	0	4	0	0	0	0	0	0
990	25 May 26	03:10:00	1	0	1	0	Ct	0	0	0	0	0	0	0	0	0	0	0	0	0	0	0	0	0	0	0	0	0	0	0	0	0	0	0	5	0	0	0	0	0	0
991	25 May 26	03:15:00	1	0	1	0	Ct	0	0	0	0	0	0	0	0	0	0	0	0	0	0	0	0	0	0	0	0	0	0	0	0	0	0	0	5	0	0	0	0	0	0
992	25 May 26	03:20:00	1	0	1	0	Ct	0	0	0	0	0	0	0	0	0	0	0	0	0	0	0	0	0	0	0	0	0	0	0	0	0	0	0	2	0	0	0	0	0	0
993	25 May 26	03:25:00	1	0	1	0	Ct	0	0	0	0	0	0	0	0	0	0	0	0	0	0	0	0	0	0	0	0	0	0	0	0	0	0	0	9	0	0	0	0	0	0
994	25 May 26	03:30:00	1	0	1	0	Ct	0	0	0	0	0	0	0	0	0	0	0	0	0	0	0	0	0	0	0	0	0	0	0	0	0	0	0	4	0	0	0	0	0	0
995	25 May 26	03:35:00	1	0	1	0	Ct	0	0	0	0	0	0	0	0	0	0	0	0	0	0	0	0	0	0	0	0	0	0	0	0	0	0	0	4	0	0	0	0	0	0
996	25 May 26	03:40:00	1	0	1	0	Ct	0	0	0	0	0	0	0	0	0	0	0	0	0	0	0	0	0	0	0	0	0	3	0	0	0	0	0	2	0	0	0	0	0	0
997	25 May 26	03:45:00	1	0	1	0	Ct	0	0	0	0	0	0	0	0	0	0	0	0	0	0	0	0	0	0	0	0	0	0	0	0	0	0	0	3	0	0	0	0	0	0
998	25 May 26	03:50:00	1	0	1	0	Ct	0	0	0	0	0	0	0	0	0	0	0	0	0	0	0	0	0	0	0	0	0	0	0	0	0	0	0	5	0	0	0	0	0	0
999	25 May 26	03:55:00	1	0	1	0	Ct	0	0	0	0	0	0	0	0	0	0	0	0	0	0	0	0	0	0	0	0	0	2	0	0	0	0	0	4	0	0	0	0	0	0
1000	25 May 26	04:00:00	1	0	1	0	Ct	0	0	0	0	0	0	0	0	0	0	0	0	0	0	0	0	0	0	0	0	0	0	0	0	0	0	0	0	0	0	0	0	0	0
1001	25 May 26	04:05:00	1	0	1	0	Ct	0	0	0	0	0	3	0	0	0	0	0	0	0	0	0	0	0	0	0	0	0	4	0	0	0	0	0	2	0	4	0	0	0	0
1002	25 May 26	04:10:00	1	0	1	0	Ct	0	0	0	0	0	1	0	0	0	0	0	0	0	0	0	0	0	0	0	0	0	0	0	0	0	0	0	2	0	0	0	0	0	0
1003	25 May 26	04:15:00	1	0	1	0	Ct	0	0	0	0	0	9	0	0	0	0	0	0	0	0	0	0	0	0	0	0	0	0	0	0	0	0	0	0	0	0	0	0	0	0
1004	25 May 26	04:20:00	1	0	1	0	Ct	0	0	0	0	0	0	0	0	0	0	0	0	0	0	0	0	0	0	0	0	0	0	0	0	0	0	0	2	0	0	0	0	0	0
1005	25 May 26	04:25:00	1	0	1	0	Ct	0	0	0	0	0	0	0	0	0	0	0	0	0	0	0	0	0	0	0	0	0	0	0	0	0	0	0	0	2	0	0	0	0	0
1006	25 May 26	04:30:00	1	0	1	0	Ct	0	0	0	0	0	0	0	0	0	0	0	0	0	0	0	0	0	0	0	0	0	0	0	0	0	0	0	4	0	0	0	0	0	0
1007	25 May 26	04:35:00	1	0	1	0	Ct	0	0	0	0	0	0	0	0	0	0	0	0	0	0	0	0	0	0	0	0	0	0	0	0	0	0	0	4	0	0	0	0	0	0
1008	25 May 26	04:40:00	1	0	1	0	Ct	0	0	0	0	0	0	0	0	0	0	0	0	0	0	0	0	0	0	0	0	0	0	0	0	0	0	0	5	0	0	0	0	0	0
1009	25 May 26	04:45:00	1	0	1	0	Ct	0	0	0	0	0	0	0	25	0	0	0	0	0	0	0	0	0	0	0	0	0	2	2	0	0	0	0	4	0	0	0	0	0	0
1010	25 May 26	04:50:00	1	0	1	0	Ct	0	0	0	0	0	0	0	2	0	0	0	0	0	0	0	0	0	0	0	0	0	0	1	0	0	0	0	0	0	0	0	0	0	15
1011	25 May 26	04:55:00	1	0	1	0	Ct	0	0	0	0	0	0	0	0	0	0	0	0	0	0	0	0	0	0	0	0	0	0	7	0	0	0	0	6	0	0	0	0	0	0
1012	25 May 26	05:00:00	1	0	1	0	Ct	0	0	0	0	0	4	0	0	0	0	0	0	0	0	0	0	0	0	0	0	0	0	0	0	0	0	0	2	0	0	0	0	0	0
1013	25 May 26	05:05:00	1	0	1	0	Ct	0	0	0	0	0	0	0	0	0	0	0	0	0	0	0	0	0	0	0	0	0	0	5	0	0	0	0	2	0	0	0	0	0	0
1014	25 May 26	05:10:00	1	0	1	0	Ct	0	0	0	0	0	0	0	0	0	0	0	0	0	0	0	0	0	0	0	0	0	2	0	0	0	0	0	2	0	0	0	0	0	0
1015	25 May 26	05:15:00	1	0	1	0	Ct	0	0	0	0	0	0	0	1	0	0	0	0	0	0	0	0	0	0	0	0	0	0	0	0	0	0	0	2	0	0	0	0	0	0
1016	25 May 26	05:20:00	1	0	1	0	Ct	0	0	0	0	0	0	0	10	0	0	0	0	0	0	0	0	0	0	0	0	0	2	0	0	0	0	0	0	0	0	0	0	0	0
1017	25 May 26	05:25:00	1	0	1	0	Ct	0	0	0	0	0	0	0	5	0	0	0	0	0	0	0	0	0	0	0	0	0	0	0	0	0	0	0	0	0	0	0	0	0	0
1018	25 May 26	05:30:00	1	0	1	0	Ct	0	0	0	0	0	0	0	0	0	0	0	0	0	0	0	0	0	0	0	0	0	10	0	0	0	0	0	0	0	0	0	0	0	0
1019	25 May 26	05:35:00	1	0	1	0	Ct	0	0	0	0	0	3	0	3	0	0	0	0	0	0	0	0	0	0	0	0	0	14	0	0	0	0	0	0	0	0	0	0	0	0
1020	25 May 26	05:40:00	1	0	1	0	Ct	0	0	0	0	0	4	0	0	0	0	0	0	0	0	0	0	0	0	0	0	0	0	0	0	0	0	0	2	0	0	0	0	0	0
1021	25 May 26	05:45:00	1	0	1	0	Ct	0	0	0	0	0	0	0	0	0	0	0	0	0	0	0	0	0	0	0	0	0	0	9	0	0	0	0	0	0	0	0	0	0	0
1022	25 May 26	05:50:00	1	0	1	0	Ct	0	0	0	0	0	0	0	6	0	0	0	0	0	0	0	0	0	0	0	0	0	5	0	0	0	0	0	4	0	0	0	0	0	0
1023	25 May 26	05:55:00	1	0	1	0	Ct	0	0	0	0	0	0	0	0	0	0	0	0	0	0	0	0	0	0	0	0	0	0	0	0	0	0	0	2	0	0	0	0	0	0
1024	25 May 26	06:00:00	1	0	1	0	Ct	0	0	0	0	0	0	0	0	0	0	0	0	0	0	0	0	0	0	0	0	0	0	0	0	0	0	0	2	0	0	0	0	0	0
1025	25 May 26	06:05:00	1	0	1	0	Ct	0	0	0	0	0	0	0	4	0	0	0	0	0	0	0	0	0	0	0	0	0	0	0	0	0	0	0	4	0	0	0	0	0	0
1026	25 May 26	06:10:00	1	0	1	0	Ct	0	0	0	0	0	4	0	0	0	0	0	0	0	0	0	0	0	0	0	0	0	0	0	0	0	0	0	2	0	0	0	0	0	0
1027	25 May 26	06:15:00	1	0	1	0	Ct	0	0	0	0	0	0	0	0	0	0	0	0	0	0	0	0	0	0	0	0	0	0	0	0	0	0	0	4	0	0	0	0	0	0
1028	25 May 26	06:20:00	1	0	1	0	Ct	0	0	0	0	0	0	0	9	0	0	0	0	0	0	0	0	0	0	0	0	0	0	0	0	0	0	0	4	0	0	0	0	0	0
1029	25 May 26	06:25:00	1	0	1	0	Ct	0	0	0	0	0	0	0	2	0	0	0	0	0	0	0	0	0	0	0	0	0	0	0	0	0	0	0	0	0	4	0	0	0	0
1030	25 May 26	06:30:00	1	0	1	0	Ct	0	0	0	0	0	2	0	0	0	0	0	0	0	0	0	0	0	0	0	0	0	0	0	0	0	0	0	3	0	3	0	0	0	0
1031	25 May 26	06:35:00	1	0	1	0	Ct	0	0	0	0	0	5	0	1	0	0	0	0	0	0	0	0	0	0	0	0	0	0	0	0	0	0	0	4	0	0	0	0	0	0
1032	25 May 26	06:40:00	1	0	1	0	Ct	0	0	0	0	0	0	0	0	0	0	0	0	0	0	0	0	0	0	0	0	0	8	0	0	0	0	0	1	0	2	0	0	0	0
1033	25 May 26	06:45:00	1	0	1	0	Ct	0	0	0	0	0	2	0	4	0	0	0	0	0	0	0	0	0	0	0	0	0	0	0	0	0	0	0	5	0	0	0	0	0	0
1034	25 May 26	06:50:00	1	0	1	0	Ct	0	0	0	0	0	3	0	0	0	0	0	0	0	0	0	0	0	0	0	0	0	0	0	0	0	0	0	2	0	0	0	0	0	0
1035	25 May 26	06:55:00	1	0	1	0	Ct	0	0	0	0	0	0	0	0	0	0	0	0	0	0	0	0	0	0	0	0	0	4	0	0	0	0	0	3	0	0	0	0	0	0
1036	25 May 26	07:00:00	1	0	1	0	Ct	0	0	0	0	0	2	0	0	0	0	0	0	0	0	0	0	0	0	0	0	0	0	0	0	0	0	0	3	0	0	0	0	0	0
1037	25 May 26	07:05:00	1	0	1	0	Ct	0	0	0	0	0	0	0	18	0	0	0	0	0	0	0	0	0	0	0	0	0	2	0	0	0	0	0	2	0	0	0	0	0	0
1038	25 May 26	07:10:00	1	0	1	0	Ct	0	0	0	0	0	0	0	7	0	0	0	0	0	0	0	0	0	0	0	0	0	0	0	0	0	0	0	2	0	0	0	0	0	0
1039	25 May 26	07:15:00	1	0	1	0	Ct	0	0	0	0	0	2	0	0	0	0	0	0	0	0	0	0	0	0	0	0	0	0	0	0	0	0	0	2	0	0	0	0	0	0
1040	25 May 26	07:20:00	1	0	1	0	Ct	0	0	0	0	0	0	0	0	0	0	0	0	0	0	0	0	0	0	0	0	0	4	0	0	0	0	0	2	0	0	0	0	0	0
1041	25 May 26	07:25:00	1	0	1	0	Ct	0	0	0	0	0	2	0	0	0	0	0	0	0	0	0	0	0	0	0	0	0	0	0	0	0	0	0	2	0	0	0	0	0	0
1042	25 May 26	07:30:00	1	0	1	0	Ct	0	0	0	0	0	4	0	1	0	0	0	0	0	0	0	0	0	0	0	0	0	0	0	0	0	0	0	5	0	0	0	0	0	0
1043	25 May 26	07:35:00	1	0	1	0	Ct	0	0	0	0	0	5	0	0	0	0	0	0	0	0	0	0	0	0	0	0	0	0	0	0	0	0	0	0	0	0	0	0	0	0
1044	25 May 26	07:40:00	1	0	1	0	Ct	0	0	0	0	0	1	0	0	0	0	0	0	0	0	0	0	0	0	0	0	0	0	0	0	0	0	0	2	0	0	0	0	0	3
1045	25 May 26	07:45:00	1	0	1	0	Ct	0	0	0	0	0	2	0	0	0	0	0	0	0	0	0	0	0	0	0	0	0	0	0	0	0	0	0	0	0	0	0	0	0	4
1046	25 May 26	07:50:00	1	0	1	0	Ct	0	0	0	0	0	0	0	0	0	0	0	0	0	0	0	0	0	0	0	0	0	0	0	0	0	0	0	0	0	0	0	0	0	0
1047	25 May 26	07:55:00	1	0	1	0	Ct	0	0	0	0	0	0	0	0	0	0	0	0	0	0	0	0	0	0	0	0	0	0	0	0	0	0	0	0	0	0	0	0	0	0
1048	25 May 26	08:00:00	1	0	1	0	Ct	0	0	0	0	0	2	0	3	0	0	0	0	0	0	0	0	0	0	0	0	0	0	0	0	0	0	0	0	1	0	0	0	0	0
1049	25 May 26	08:05:00	1	0	1	0	Ct	0	0	0	0	0	3	0	0	0	0	0	0	0	0	0	0	0	0	0	0	0	0	0	0	0	0	0	0	0	0	0	0	0	0
1050	25 May 26	08:10:00	1	0	1	0	Ct	0	0	0	0	0	0	0	0	0	0	0	0	0	0	0	0	0	0	0	0	0	0	0	0	0	0	0	0	0	0	0	0	0	0
1051	25 May 26	08:15:00	1	0	1	0	Ct	0	0	0	0	0	0	0	0	0	0	0	0	0	0	0	0	0	0	0	0	0	2	0	0	0	0	0	0	0	0	0	0	0	0
1052	25 May 26	08:20:00	1	0	1	0	Ct	0	0	0	0	0	2	0	0	0	0	0	0	0	0	0	0	0	0	0	0	0	0	0	0	0	0	0	0	0	0	0	0	0	0
1053	25 May 26	08:25:00	1	0	1	0	Ct	0	0	0	0	0	0	0	0	0	0	0	0	0	0	0	0	0	0	0	0	0	0	0	0	0	0	0	0	0	0	0	0	0	0
1054	25 May 26	08:30:00	1	0	1	0	Ct	0	0	0	0	0	5	0	0	0	0	0	0	0	0	0	0	0	0	0	0	0	0	0	0	0	0	0	0	0	0	0	0	0	0
1055	25 May 26	08:35:00	1	0	1	0	Ct	0	0	0	0	0	0	0	0	0	1	0	0	0	0	0	0	0	0	0	0	0	0	0	0	0	0	0	0	0	0	0	0	0	0
1056	25 May 26	08:40:00	1	0	1	0	Ct	0	0	0	0	0	2	0	12	0	0	0	0	0	0	0	0	0	0	0	0	0	0	0	0	0	0	0	0	0	0	0	0	0	0
1057	25 May 26	08:45:00	1	0	1	0	Ct	0	0	0	0	0	1	0	9	0	0	0	0	0	0	0	0	0	0	0	0	0	0	0	0	0	0	0	0	0	2	0	0	0	0
1058	25 May 26	08:50:00	1	0	1	0	Ct	0	0	0	0	0	5	0	1	0	0	0	0	0	0	0	0	0	0	0	0	0	0	0	0	0	0	0	0	0	8	0	0	0	0
1059	25 May 26	08:55:00	1	0	1	0	Ct	0	0	0	0	0	3	0	2	0	0	0	0	0	0	0	0	0	0	0	0	0	0	0	0	0	0	0	0	0	0	0	0	0	0
1060	25 May 26	09:00:00	1	0	1	0	Ct	0	0	0	0	0	7	0	2	0	0	0	0	0	0	0	0	0	0	0	0	0	0	0	0	0	0	0	0	0	0	0	0	0	1
1061	25 May 26	09:05:00	1	0	1	0	Ct	0	0	0	0	0	2	0	14	0	0	0	0	0	0	0	0	0	0	0	0	0	0	0	0	0	0	0	0	0	3	0	0	0	0
1062	25 May 26	09:10:00	1	0	1	0	Ct	0	0	0	0	0	2	0	46	0	0	0	0	0	0	0	0	0	0	0	0	0	0	0	0	0	0	0	0	0	5	0	0	0	0
1063	25 May 26	09:15:00	1	0	1	0	Ct	0	0	0	0	0	4	0	0	0	0	0	0	0	0	0	0	0	0	0	0	0	2	0	0	0	0	0	0	0	0	0	0	0	0
1064	25 May 26	09:20:00	1	0	1	0	Ct	0	0	0	0	0	2	0	0	0	0	0	0	0	0	0	0	0	0	0	0	0	0	0	0	0	0	0	0	0	0	0	0	0	0
1065	25 May 26	09:25:00	1	0	1	0	Ct	0	0	0	0	0	2	0	0	0	0	0	0	0	0	0	0	0	0	0	0	0	0	0	0	0	0	0	0	0	0	0	0	0	0
1066	25 May 26	09:30:00	1	0	1	0	Ct	0	0	0	0	0	0	0	2	0	0	0	0	0	0	0	0	0	0	0	0	0	5	0	0	0	0	0	0	0	0	0	0	0	0
1067	25 May 26	09:35:00	1	0	1	0	Ct	0	0	0	0	0	0	0	2	0	0	0	0	0	0	0	0	0	0	0	0	0	0	0	0	0	0	0	0	0	0	0	0	0	0
1068	25 May 26	09:40:00	1	0	1	0	Ct	0	0	0	0	0	0	0	1	0	0	0	0	0	0	0	0	0	0	0	0	0	0	0	0	0	0	0	0	0	0	0	0	0	0
1069	25 May 26	09:45:00	1	0	1	0	Ct	0	0	0	0	0	2	0	5	0	0	0	0	0	0	0	0	0	0	0	0	0	0	0	0	0	2	0	0	0	0	0	0	0	0
1070	25 May 26	09:50:00	1	0	1	0	Ct	0	0	0	0	0	3	0	2	0	0	0	0	0	0	0	0	0	0	0	0	0	0	0	0	0	0	0	0	0	0	0	0	0	0
1071	25 May 26	09:55:00	1	0	1	0	Ct	0	0	0	0	0	2	0	3	0	0	0	0	0	0	0	0	0	0	0	0	0	4	0	0	0	0	0	0	0	0	0	0	0	0
1072	25 May 26	10:00:00	1	0	1	0	Ct	0	1	0	0	0	0	0	17	0	0	0	0	0	0	0	0	0	0	0	0	0	0	0	0	0	0	0	0	0	0	0	0	0	0
1073	25 May 26	10:05:00	1	0	1	0	Ct	0	1	0	0	0	3	0	8	0	0	0	0	0	0	0	0	0	0	0	0	0	6	0	0	0	5	0	0	0	0	0	0	0	0
1074	25 May 26	10:10:00	1	0	1	0	Ct	0	1	0	0	0	6	0	2	0	0	0	0	0	0	0	0	0	0	0	0	0	9	0	0	0	0	0	0	2	4	0	0	0	0
1075	25 May 26	10:15:00	1	0	1	0	Ct	0	1	0	0	0	2	0	6	0	0	0	0	0	0	0	0	0	0	0	0	0	11	15	0	0	4	0	0	0	1	0	0	0	0
1076	25 May 26	10:20:00	1	0	1	0	Ct	0	1	0	0	0	4	0	11	0	0	0	0	0	0	0	0	0	0	0	0	0	10	37	0	0	11	0	0	0	6	0	0	0	0
1077	25 May 26	10:25:00	1	0	1	0	Ct	0	1	0	0	0	0	0	2	0	0	0	0	0	0	0	0	0	0	0	0	0	6	6	0	0	11	0	0	0	0	0	0	0	0
1078	25 May 26	10:30:00	1	0	1	0	Ct	0	1	0	0	0	2	0	0	0	4	0	0	0	0	0	0	0	0	0	0	0	17	0	0	0	6	0	0	0	2	0	0	0	0
1079	25 May 26	10:35:00	1	0	1	0	Ct	0	1	0	0	0	2	1	3	0	9	0	0	0	0	0	0	0	0	0	0	0	4	0	0	0	0	0	0	0	20	0	0	0	0
1080	25 May 26	10:40:00	1	0	1	0	Ct	0	1	0	0	0	6	7	3	0	10	0	0	0	0	0	0	0	0	0	0	0	16	0	0	0	0	0	0	0	5	0	0	0	0
1081	25 May 26	10:45:00	1	0	1	0	Ct	0	1	0	0	0	3	7	6	0	13	0	0	0	0	0	0	0	0	0	0	0	5	0	0	0	8	0	0	0	4	0	0	0	0
1082	25 May 26	10:50:00	1	0	1	0	Ct	0	1	0	0	0	2	0	1	0	2	0	0	0	0	0	0	0	0	0	0	0	1	0	0	0	5	0	0	0	4	0	0	0	0
1083	25 May 26	10:55:00	1	0	1	0	Ct	0	1	0	0	0	0	0	3	0	0	0	0	0	0	0	0	0	0	0	0	0	10	0	0	0	3	0	0	0	3	0	0	0	0
1084	25 May 26	11:00:00	1	0	1	0	Ct	0	1	0	0	0	3	1	6	0	0	0	0	0	0	0	0	0	0	0	0	0	5	0	0	0	0	0	0	0	3	0	0	0	0
1085	25 May 26	11:05:00	1	0	1	0	Ct	0	1	0	0	0	3	2	2	0	0	0	0	0	0	0	0	0	0	0	0	0	12	0	0	0	2	0	0	0	5	0	0	0	0
1086	25 May 26	11:10:00	1	0	1	0	Ct	0	1	0	0	0	3	2	2	0	2	0	0	0	0	0	0	0	0	0	0	0	0	0	0	0	2	0	0	0	5	0	0	0	0
1087	25 May 26	11:15:00	1	0	1	0	Ct	0	1	0	0	0	3	1	2	0	0	0	0	0	0	0	0	0	0	0	0	0	6	0	0	0	0	0	0	0	3	0	0	0	0
1088	25 May 26	11:20:00	1	0	1	0	Ct	0	1	0	0	0	0	1	2	0	0	0	0	0	0	0	0	0	0	0	0	0	11	0	0	0	2	0	0	0	0	0	0	0	0
1089	25 May 26	11:25:00	1	0	1	0	Ct	0	1	0	0	0	2	8	2	0	3	0	0	0	0	0	0	0	0	0	0	0	10	0	0	0	0	0	0	0	0	0	0	0	0
1090	25 May 26	11:30:00	1	0	1	0	Ct	0	1	0	0	0	2	0	2	0	0	0	0	0	0	0	0	0	0	0	0	0	7	0	0	0	2	0	0	0	0	0	0	0	0
1091	25 May 26	11:35:00	1	0	1	0	Ct	0	1	0	0	0	0	0	1	0	0	0	0	0	0	0	0	0	0	0	0	0	0	0	0	0	0	0	0	0	0	0	0	0	0
1092	25 May 26	11:40:00	1	0	1	0	Ct	0	1	0	0	0	3	0	5	0	0	0	0	0	0	0	0	0	0	0	0	0	3	0	0	0	5	0	0	0	0	0	0	0	0
1093	25 May 26	11:45:00	1	0	1	0	Ct	0	1	0	0	0	0	0	9	0	2	0	0	0	0	0	0	0	0	0	0	0	0	0	0	0	3	0	0	0	0	0	0	0	0
1094	25 May 26	11:50:00	1	0	1	0	Ct	0	1	0	0	0	2	0	2	0	4	0	0	0	0	0	0	0	0	0	0	0	0	0	0	0	5	0	0	0	0	0	0	0	0
1095	25 May 26	11:55:00	1	0	1	0	Ct	0	1	0	0	0	1	0	4	0	8	0	0	0	0	0	0	0	0	0	0	0	0	0	0	0	4	0	0	0	0	0	0	0	0
1096	25 May 26	12:00:00	1	0	1	0	Ct	0	1	0	0	0	5	0	0	0	8	0	0	0	0	0	0	0	0	0	0	0	0	0	0	0	3	0	0	0	2	0	0	0	0
1097	25 May 26	12:05:00	1	0	1	0	Ct	0	1	0	0	0	0	0	3	0	0	0	0	0	0	0	0	0	0	0	0	0	0	0	0	0	4	0	0	0	1	0	0	0	5
1098	25 May 26	12:10:00	1	0	1	0	Ct	0	1	0	0	0	0	0	2	0	0	0	0	0	0	0	0	0	0	0	0	0	0	0	0	0	2	0	0	0	4	0	0	0	0
1099	25 May 26	12:15:00	1	0	1	0	Ct	0	1	0	0	0	4	0	3	0	0	0	0	0	0	0	0	0	0	0	0	0	0	0	0	0	11	0	0	0	4	0	0	0	0
1100	25 May 26	12:20:00	1	0	1	0	Ct	0	1	0	0	0	0	3	9	0	2	0	0	0	0	0	0	0	0	0	0	0	0	0	0	0	6	0	0	0	0	0	0	0	0
1101	25 May 26	12:25:00	1	0	1	0	Ct	0	1	0	0	0	0	0	2	0	0	0	0	0	0	0	0	0	0	0	0	0	0	0	0	0	0	0	0	0	0	0	0	0	0
1102	25 May 26	12:30:00	1	0	1	0	Ct	0	1	0	0	0	0	3	20	0	7	0	0	0	0	0	0	0	0	0	0	0	0	0	0	0	0	0	0	0	0	0	0	0	0
1103	25 May 26	12:35:00	1	0	1	0	Ct	0	1	0	0	0	0	3	0	0	5	0	0	0	0	0	0	0	0	0	0	0	0	0	0	0	0	0	0	0	1	0	0	0	0
1104	25 May 26	12:40:00	1	0	1	0	Ct	0	1	0	0	0	0	0	5	0	1	0	0	0	0	0	0	0	0	0	0	0	0	0	0	0	8	0	0	0	5	0	0	0	0
1105	25 May 26	12:45:00	1	0	1	0	Ct	0	1	0	0	0	0	0	0	0	0	0	0	0	0	0	0	0	0	0	0	0	2	0	0	0	2	0	0	0	0	0	0	0	0
1106	25 May 26	12:50:00	1	0	1	0	Ct	0	1	0	0	0	0	0	0	0	2	0	0	0	0	0	0	0	0	0	0	0	7	0	0	0	2	0	0	0	0	0	0	0	0
1107	25 May 26	12:55:00	1	0	1	0	Ct	0	1	0	0	0	0	2	3	0	2	0	0	0	0	0	0	0	0	0	0	0	5	0	0	0	5	0	0	0	3	0	0	0	0
1108	25 May 26	13:00:00	1	0	1	0	Ct	0	1	0	0	0	0	2	0	0	0	0	0	0	0	0	0	0	0	0	0	0	4	0	0	0	1	0	0	0	4	0	0	0	0
1109	25 May 26	13:05:00	1	0	1	0	Ct	0	1	0	0	0	0	6	2	0	0	0	0	0	0	0	0	0	0	0	0	0	7	0	0	0	0	0	0	0	0	0	0	0	0
1110	25 May 26	13:10:00	1	0	1	0	Ct	0	1	0	0	0	0	0	2	0	0	0	0	0	0	0	0	0	0	0	0	0	10	0	0	0	6	0	0	0	4	0	0	0	0
1111	25 May 26	13:15:00	1	0	1	0	Ct	0	1	0	0	0	0	2	2	0	0	0	0	0	0	0	0	0	0	0	0	0	9	0	0	0	5	0	0	0	0	0	0	0	0
1112	25 May 26	13:20:00	1	0	1	0	Ct	0	1	0	0	0	0	0	6	0	0	0	0	0	0	0	0	0	0	0	0	0	2	0	0	0	0	0	0	0	2	0	0	0	0
1113	25 May 26	13:25:00	1	0	1	0	Ct	0	1	0	0	0	0	0	0	0	0	0	0	0	0	0	0	0	0	0	0	0	3	0	0	0	0	0	0	0	2	0	0	0	0
1114	25 May 26	13:30:00	1	0	1	0	Ct	0	1	0	0	0	0	0	5	0	0	0	0	0	0	0	0	0	0	0	0	0	10	0	0	0	2	0	0	0	0	0	0	0	0
1115	25 May 26	13:35:00	1	0	1	0	Ct	0	1	0	0	0	0	5	3	0	2	0	0	0	0	0	0	0	0	0	0	0	10	4	0	0	4	0	0	0	2	0	0	0	0
1116	25 May 26	13:40:00	1	0	1	0	Ct	0	1	0	0	0	0	2	2	0	2	0	0	0	0	0	0	0	0	0	0	0	3	0	0	0	5	0	0	3	2	0	0	0	0
1117	25 May 26	13:45:00	1	0	1	0	Ct	0	1	0	0	0	0	4	24	0	0	0	0	0	0	0	0	0	0	0	0	0	0	0	0	0	5	0	0	0	4	0	0	0	0
1118	25 May 26	13:50:00	1	0	1	0	Ct	0	1	0	0	0	0	0	7	0	4	0	0	0	0	0	0	0	0	0	0	0	0	0	0	0	5	0	0	0	4	0	0	0	0
1119	25 May 26	13:55:00	1	0	1	0	Ct	0	1	0	0	0	0	2	0	0	0	0	0	0	0	0	0	0	0	0	0	0	0	0	0	0	3	0	0	0	6	0	0	0	0
1120	25 May 26	14:00:00	1	0	1	0	Ct	0	1	0	0	0	0	1	0	0	2	0	0	0	0	0	0	0	0	0	0	0	0	6	0	0	4	0	0	5	4	0	0	0	0
1121	25 May 26	14:05:00	1	0	1	0	Ct	0	1	0	0	0	0	1	0	0	2	0	0	0	0	0	0	0	0	0	0	0	0	0	0	0	0	0	0	0	6	0	0	0	0
1122	25 May 26	14:10:00	1	0	1	0	Ct	0	1	0	0	0	0	2	0	0	2	0	0	0	0	0	0	0	0	0	0	0	0	0	0	0	2	0	0	0	0	0	0	0	0
1123	25 May 26	14:15:00	1	0	1	0	Ct	0	1	0	0	0	0	2	14	0	7	0	0	0	0	0	0	0	0	0	0	0	0	0	0	0	4	0	0	0	0	0	0	0	0
1124	25 May 26	14:20:00	1	0	1	0	Ct	0	1	0	0	0	0	2	0	0	6	0	0	0	0	0	0	0	0	0	0	0	0	0	0	0	3	0	0	0	0	0	0	0	0
1125	25 May 26	14:25:00	1	0	1	0	Ct	0	1	0	0	0	0	1	0	0	0	0	0	0	0	0	0	0	0	0	0	0	0	0	0	0	4	0	0	0	0	0	0	0	0
1126	25 May 26	14:30:00	1	0	1	0	Ct	0	1	0	0	0	0	1	0	0	0	0	0	0	0	0	0	0	0	0	0	0	0	0	0	0	2	0	0	0	0	0	0	0	0
1127	25 May 26	14:35:00	1	0	1	0	Ct	0	1	0	0	0	0	3	4	0	1	0	0	0	0	0	0	0	0	0	0	0	0	0	0	0	4	0	0	0	0	0	0	0	0
1128	25 May 26	14:40:00	1	0	1	0	Ct	0	1	0	0	0	0	0	0	0	0	0	0	0	0	0	0	0	0	0	0	0	0	5	0	0	9	0	0	0	0	0	0	0	0
1129	25 May 26	14:45:00	1	0	1	0	Ct	0	1	0	0	0	0	2	0	0	0	0	0	0	0	0	0	0	0	0	0	0	0	0	0	0	5	0	0	0	0	0	0	0	0
1130	25 May 26	14:50:00	1	0	1	0	Ct	0	1	0	0	0	0	0	1	0	4	0	0	0	0	0	0	0	0	0	0	0	0	0	0	0	2	0	0	0	0	0	0	0	0
1131	25 May 26	14:55:00	1	0	1	0	Ct	0	1	0	0	0	0	0	3	0	0	0	0	0	0	0	0	0	0	0	0	0	0	6	0	0	0	0	0	0	0	0	0	0	0
1132	25 May 26	15:00:00	1	0	1	0	Ct	0	1	0	0	0	0	0	2	0	3	0	0	0	0	0	0	0	0	0	0	0	0	0	0	0	0	0	0	0	0	0	0	0	0
1133	25 May 26	15:05:00	1	0	1	0	Ct	0	1	0	0	0	0	0	3	0	0	0	0	0	0	0	0	0	0	0	0	0	6	0	0	0	5	0	0	0	0	0	0	0	0
1134	25 May 26	15:10:00	1	0	1	0	Ct	0	1	0	0	0	0	0	6	0	0	0	0	0	0	0	0	0	0	0	0	0	7	0	0	0	4	0	0	0	0	0	0	0	0
1135	25 May 26	15:15:00	1	0	1	0	Ct	0	1	0	0	0	0	0	4	0	0	0	0	0	0	0	0	0	0	0	0	0	2	0	0	0	2	0	0	0	0	0	0	0	0
1136	25 May 26	15:20:00	1	0	1	0	Ct	0	1	0	0	0	0	0	1	0	0	0	0	0	0	0	0	0	0	0	0	0	0	0	0	0	2	0	0	0	0	0	0	0	0
1137	25 May 26	15:25:00	1	0	1	0	Ct	0	1	0	0	0	0	0	0	0	0	0	0	0	0	0	0	0	0	0	0	0	0	0	0	0	0	0	0	0	0	0	0	0	0
1138	25 May 26	15:30:00	1	0	1	0	Ct	0	1	0	0	0	0	0	0	0	4	0	0	0	0	0	0	0	0	0	0	0	0	0	0	0	2	0	0	0	0	0	0	0	0
1139	25 May 26	15:35:00	1	0	1	0	Ct	0	1	0	0	0	0	0	0	0	0	0	0	0	0	0	0	0	0	0	0	0	2	0	0	0	4	0	0	0	0	0	0	0	0
1140	25 May 26	15:40:00	1	0	1	0	Ct	0	1	0	0	0	0	0	0	0	4	0	0	0	0	0	0	0	0	0	0	0	0	0	0	0	5	0	0	0	0	0	0	0	0
1141	25 May 26	15:45:00	1	0	1	0	Ct	0	1	0	0	0	0	0	2	0	0	0	0	0	0	0	0	0	0	0	0	0	2	0	0	0	3	0	0	0	0	0	0	0	0
1142	25 May 26	15:50:00	1	0	1	0	Ct	0	1	0	0	0	0	0	2	0	4	0	0	0	0	0	0	0	0	0	0	0	0	0	0	0	4	0	0	0	0	0	0	0	0
1143	25 May 26	15:55:00	1	0	1	0	Ct	0	1	0	0	0	0	0	2	0	0	0	0	0	0	0	0	0	0	0	0	0	0	0	0	0	4	0	0	0	0	0	0	0	0
1144	25 May 26	16:00:00	1	0	1	0	Ct	0	1	0	0	0	0	0	0	0	0	0	0	0	0	0	0	0	0	0	0	0	2	0	0	0	0	0	0	0	0	0	0	0	0
1145	25 May 26	16:05:00	1	0	1	0	Ct	0	1	0	0	0	0	0	3	0	0	0	0	0	0	0	0	0	0	0	0	0	2	0	0	0	0	0	0	0	0	0	0	0	0
1146	25 May 26	16:10:00	1	0	1	0	Ct	0	1	0	0	0	0	0	3	0	0	0	0	0	0	0	0	0	0	0	0	0	3	0	0	0	0	0	0	0	0	0	0	0	0
1147	25 May 26	16:15:00	1	0	1	0	Ct	0	1	0	0	0	0	0	0	0	0	0	0	0	0	0	0	0	0	0	0	0	3	0	0	0	0	0	0	5	0	0	0	0	0
1148	25 May 26	16:20:00	1	0	1	0	Ct	0	1	0	0	0	0	0	0	0	0	0	0	0	0	0	0	0	0	0	0	0	3	0	0	0	0	0	0	0	0	0	0	0	0
1149	25 May 26	16:25:00	1	0	1	0	Ct	0	1	0	0	0	0	0	0	0	0	0	0	0	0	0	0	0	0	0	0	0	5	0	0	0	0	0	0	3	0	0	0	0	0
1150	25 May 26	16:30:00	1	0	1	0	Ct	0	1	0	0	0	0	0	0	0	0	0	0	0	0	0	0	0	0	0	0	0	0	0	0	0	0	0	0	4	0	0	0	0	0
1151	25 May 26	16:35:00	1	0	1	0	Ct	0	1	0	0	0	0	0	0	0	0	0	0	0	0	0	0	0	0	0	0	0	0	0	0	0	0	0	0	0	0	0	0	0	0
1152	25 May 26	16:40:00	1	0	1	0	Ct	0	1	0	0	0	0	0	0	0	0	0	0	0	0	0	0	0	0	0	0	0	6	0	0	0	0	0	0	0	0	0	0	0	0
1153	25 May 26	16:45:00	1	0	1	0	Ct	0	1	0	0	0	0	0	0	0	0	0	0	0	0	0	0	0	0	0	0	0	8	0	0	0	0	0	0	0	0	0	0	0	0
1154	25 May 26	16:50:00	1	0	1	0	Ct	0	1	0	0	0	0	0	0	0	0	0	0	0	0	0	0	0	0	0	0	0	6	0	0	0	0	0	0	0	0	0	0	0	0
1155	25 May 26	16:55:00	1	0	1	0	Ct	0	1	0	0	0	0	0	2	0	0	0	0	0	0	0	0	0	0	0	0	0	0	0	0	0	0	0	0	0	0	0	0	0	0
1156	25 May 26	17:00:00	1	0	1	0	Ct	0	1	0	0	0	0	0	4	0	0	0	0	0	0	0	0	0	0	0	0	0	0	0	0	0	0	0	0	0	0	0	0	0	0
1157	25 May 26	17:05:00	1	0	1	0	Ct	0	1	0	0	0	0	0	3	0	0	0	0	0	0	0	0	0	0	0	0	0	0	0	0	0	0	0	0	5	0	0	0	0	0
1158	25 May 26	17:10:00	1	0	1	0	Ct	0	1	0	0	0	0	0	3	0	0	0	0	0	0	0	0	0	0	0	0	0	0	0	0	0	0	0	0	0	0	0	0	0	0
1159	25 May 26	17:15:00	1	0	1	0	Ct	0	1	0	0	0	0	0	2	0	0	0	0	0	0	0	0	0	0	0	0	0	0	0	0	0	0	0	0	0	0	0	0	0	0
1160	25 May 26	17:20:00	1	0	1	0	Ct	0	1	0	0	0	0	0	4	0	0	0	0	0	0	0	0	0	0	0	0	0	2	0	0	0	0	0	0	0	0	0	0	0	0
1161	25 May 26	17:25:00	1	0	1	0	Ct	0	1	0	0	0	0	0	5	0	0	0	0	0	0	0	0	0	0	0	0	0	0	0	0	0	0	0	0	0	0	0	0	0	0
1162	25 May 26	17:30:00	1	0	1	0	Ct	0	1	0	0	0	0	0	3	0	0	0	0	0	0	0	0	0	0	0	0	0	0	0	0	0	0	0	0	0	0	0	0	0	0
1163	25 May 26	17:35:00	1	0	1	0	Ct	0	1	0	0	0	0	0	0	0	0	0	0	0	0	0	0	0	0	0	0	0	0	0	0	0	0	0	0	0	0	0	0	0	0
1164	25 May 26	17:40:00	1	0	1	0	Ct	0	1	0	0	0	0	0	0	0	0	0	0	0	0	0	0	0	0	0	0	0	0	0	0	0	0	0	0	0	0	0	0	0	0
1165	25 May 26	17:45:00	1	0	1	0	Ct	0	1	0	0	0	0	0	0	0	0	0	0	0	0	0	0	0	0	0	0	0	0	0	0	0	0	0	0	0	0	0	0	0	0
1166	25 May 26	17:50:00	1	0	1	0	Ct	0	1	0	0	0	0	0	0	0	0	0	0	0	0	0	0	0	0	0	0	0	4	0	0	0	0	0	0	0	0	0	0	0	0
1167	25 May 26	17:55:00	1	0	1	0	Ct	0	1	0	0	0	0	0	4	0	0	0	0	0	0	0	0	0	0	0	0	0	7	0	0	0	0	0	0	2	0	0	0	0	0
1168	25 May 26	18:00:00	1	0	1	0	Ct	0	1	0	0	0	0	0	3	0	0	0	0	0	0	0	0	0	0	0	0	0	3	0	0	0	0	0	0	0	0	0	0	0	0
1169	25 May 26	18:05:00	1	0	1	0	Ct	0	1	0	0	0	0	0	0	0	0	0	0	0	0	0	0	0	0	0	0	0	0	0	0	0	0	0	0	0	0	0	0	0	0
1170	25 May 26	18:10:00	1	0	1	0	Ct	0	1	0	0	0	0	0	0	0	0	0	0	0	0	0	0	0	0	0	0	0	0	0	0	0	0	0	0	0	0	0	0	0	0
1171	25 May 26	18:15:00	1	0	1	0	Ct	0	1	0	0	0	0	0	2	0	0	0	0	0	0	0	0	0	0	0	0	0	5	0	0	0	0	0	0	0	0	0	0	0	0
1172	25 May 26	18:20:00	1	0	1	0	Ct	0	1	0	0	0	0	0	0	0	0	0	0	0	0	0	0	0	0	0	0	0	0	0	0	0	0	0	0	0	0	0	0	0	0
1173	25 May 26	18:25:00	1	0	1	0	Ct	0	1	0	0	0	0	0	0	0	0	0	0	0	0	0	0	0	0	0	0	0	2	0	0	0	0	0	0	3	0	0	0	0	0
1174	25 May 26	18:30:00	1	0	1	0	Ct	0	1	0	0	0	0	0	2	0	0	0	0	0	0	0	0	0	0	0	0	0	2	0	0	0	0	0	0	2	0	0	0	0	0
1175	25 May 26	18:35:00	1	0	1	0	Ct	0	1	0	0	0	0	0	0	0	0	0	0	0	0	0	0	0	0	0	0	0	14	0	0	0	0	0	0	0	0	0	0	0	0
1176	25 May 26	18:40:00	1	0	1	0	Ct	0	1	0	0	0	0	0	5	0	0	0	0	0	0	0	0	0	0	0	0	0	0	0	0	0	0	0	0	0	0	0	0	0	0
1177	25 May 26	18:45:00	1	0	1	0	Ct	0	1	0	0	0	0	0	16	0	0	0	0	0	0	0	0	0	0	0	0	0	2	0	0	0	0	0	0	3	0	0	0	0	0
1178	25 May 26	18:50:00	1	0	1	0	Ct	0	1	0	0	0	0	0	0	0	0	0	0	0	0	0	0	0	0	0	0	0	0	0	0	0	0	0	0	0	0	0	0	0	0
1179	25 May 26	18:55:00	1	0	1	0	Ct	0	1	0	0	0	0	0	0	0	0	0	0	0	0	0	0	0	0	0	0	0	4	0	0	0	0	0	0	0	0	0	0	0	0
1180	25 May 26	19:00:00	1	0	1	0	Ct	0	1	0	0	0	0	0	0	0	0	0	0	0	0	0	0	0	0	0	0	0	3	0	0	0	0	0	0	0	0	0	0	0	0
1181	25 May 26	19:05:00	1	0	1	0	Ct	0	1	0	0	0	0	0	0	0	0	0	0	0	0	0	0	0	0	0	0	0	7	0	0	0	0	0	0	0	0	0	0	0	0
1182	25 May 26	19:10:00	1	0	1	0	Ct	0	1	0	0	0	0	0	0	0	0	0	0	0	0	0	0	0	0	0	0	0	2	0	0	0	0	0	0	0	0	0	0	0	0
1183	25 May 26	19:15:00	1	0	1	0	Ct	0	1	0	0	0	0	0	0	0	0	0	0	0	0	0	0	0	0	0	0	0	6	0	0	0	0	0	0	0	0	0	0	0	0
1184	25 May 26	19:20:00	1	0	1	0	Ct	0	1	0	0	0	0	0	0	0	0	0	0	0	0	0	0	0	0	0	0	0	2	0	0	0	0	0	0	0	0	0	0	0	0
1185	25 May 26	19:25:00	1	0	1	0	Ct	0	1	0	0	0	0	0	0	0	0	0	0	0	0	0	0	0	0	0	0	0	2	0	0	0	0	0	0	0	0	0	0	0	0
1186	25 May 26	19:30:00	1	0	1	0	Ct	0	1	0	0	0	0	0	0	0	0	0	0	0	0	0	0	0	0	0	0	0	0	0	0	0	0	0	0	0	0	0	0	0	0
1187	25 May 26	19:35:00	1	0	1	0	Ct	0	1	0	0	0	0	0	2	0	0	0	0	0	0	0	0	0	0	0	0	0	10	0	0	0	0	0	0	3	0	0	0	0	0
1188	25 May 26	19:40:00	1	0	1	0	Ct	0	1	0	0	0	0	0	2	0	0	0	0	0	0	0	0	0	0	0	0	0	5	0	0	0	0	0	0	0	0	0	0	0	0
1189	25 May 26	19:45:00	1	0	1	0	Ct	0	1	0	0	0	0	0	3	0	0	0	0	0	0	0	0	0	0	0	0	0	2	0	0	0	0	0	0	0	0	0	0	0	0
1190	25 May 26	19:50:00	1	0	1	0	Ct	0	1	0	0	0	0	0	3	0	0	0	0	0	0	0	0	0	0	0	0	0	5	0	0	0	0	0	0	3	0	0	0	0	0
1191	25 May 26	19:55:00	1	0	1	0	Ct	0	1	0	0	0	0	0	10	0	0	0	0	0	0	0	0	0	0	0	0	0	6	0	0	0	0	0	0	0	0	0	0	0	0
1192	25 May 26	20:00:00	1	0	1	0	Ct	0	1	0	0	0	0	0	5	0	0	0	0	0	0	0	0	0	0	0	0	0	0	0	0	0	0	0	0	0	0	0	0	0	0
1193	25 May 26	20:05:00	1	0	1	0	Ct	0	1	0	0	0	0	0	3	0	0	0	0	0	0	0	0	0	0	0	0	0	0	0	0	0	0	0	0	0	0	0	0	0	0
1194	25 May 26	20:10:00	1	0	1	0	Ct	0	1	0	0	0	0	0	3	0	0	0	0	0	0	0	0	0	0	0	0	0	5	0	0	0	0	0	0	0	0	0	0	0	0
1195	25 May 26	20:15:00	1	0	1	0	Ct	0	1	0	0	0	0	0	1	0	0	0	0	0	0	0	0	0	0	0	0	0	0	0	0	0	0	0	0	0	0	0	0	0	0
1196	25 May 26	20:20:00	1	0	1	0	Ct	0	1	0	0	0	0	0	4	0	0	0	0	0	0	0	0	0	0	0	0	0	0	0	0	0	0	0	0	0	0	0	0	0	0
1197	25 May 26	20:25:00	1	0	1	0	Ct	0	1	0	0	0	0	0	1	0	0	0	0	0	0	0	0	0	0	0	0	0	3	0	0	0	0	0	0	0	0	0	0	0	0
1198	25 May 26	20:30:00	1	0	1	0	Ct	0	1	0	0	0	0	0	0	0	0	0	0	0	0	0	0	0	0	0	0	0	2	0	0	0	0	0	0	0	0	0	0	0	0
1199	25 May 26	20:35:00	1	0	1	0	Ct	0	1	0	0	0	0	0	2	0	0	0	0	0	0	0	0	0	0	0	0	0	0	0	0	0	0	0	0	0	0	0	0	0	0
1200	25 May 26	20:40:00	1	0	1	0	Ct	0	1	0	0	0	0	0	2	0	0	0	0	0	0	0	0	0	0	0	0	0	6	0	0	0	0	0	0	0	0	0	0	0	0
1201	25 May 26	20:45:00	1	0	1	0	Ct	0	1	0	0	0	0	0	0	0	0	0	0	0	0	0	0	0	0	0	0	0	2	0	0	0	0	0	0	0	0	0	0	0	0
1202	25 May 26	20:50:00	1	0	1	0	Ct	0	1	0	0	0	0	0	0	0	0	0	0	0	0	0	0	0	0	0	0	0	0	0	0	0	0	0	0	0	0	0	0	0	0
1203	25 May 26	20:55:00	1	0	1	0	Ct	0	1	0	0	0	0	0	0	0	0	0	0	0	0	0	0	0	0	0	0	0	2	0	0	0	0	0	0	0	0	0	0	0	0
1204	25 May 26	21:00:00	1	0	1	0	Ct	0	1	0	0	0	0	0	0	0	0	0	0	0	0	0	0	0	0	0	0	0	2	0	0	0	0	0	0	0	0	0	0	0	0
1205	25 May 26	21:05:00	1	0	1	0	Ct	0	1	0	0	0	0	0	0	0	0	0	0	0	0	0	0	0	0	0	0	0	2	0	0	0	0	0	0	0	0	0	0	0	0
1206	25 May 26	21:10:00	1	0	1	0	Ct	0	1	0	0	0	0	0	0	0	0	0	0	0	0	0	0	0	0	0	0	0	1	0	0	0	0	0	0	5	0	0	0	0	0
1207	25 May 26	21:15:00	1	0	1	0	Ct	0	1	0	0	0	0	0	0	0	0	0	0	0	0	0	0	0	0	0	0	0	0	0	0	0	0	0	0	4	0	0	0	0	0
1208	25 May 26	21:20:00	1	0	1	0	Ct	0	1	0	0	0	0	0	2	0	0	0	0	0	0	0	0	0	0	0	0	0	0	0	0	0	0	0	0	3	0	0	0	0	0
1209	25 May 26	21:25:00	1	0	1	0	Ct	0	1	0	0	0	0	0	2	0	0	0	0	0	0	0	0	0	0	0	0	0	0	0	0	0	0	0	0	3	0	0	0	0	0
1210	25 May 26	21:30:00	1	0	1	0	Ct	0	1	0	0	0	0	0	5	0	0	0	0	0	0	0	0	0	0	0	0	0	0	0	0	0	0	0	0	0	0	0	0	0	0
1211	25 May 26	21:35:00	1	0	1	0	Ct	0	1	0	0	0	0	0	4	0	0	0	0	0	0	0	0	0	0	0	0	0	2	0	0	0	0	0	0	0	0	0	0	0	0
1212	25 May 26	21:40:00	1	0	1	0	Ct	0	1	0	0	0	0	0	5	0	0	0	0	0	0	0	0	0	0	0	0	0	2	0	0	0	0	0	0	0	0	0	0	0	0
1213	25 May 26	21:45:00	1	0	1	0	Ct	0	1	0	0	0	0	0	0	0	0	0	0	0	0	0	0	0	0	0	0	0	3	0	0	0	0	0	0	3	0	0	0	0	0
1214	25 May 26	21:50:00	1	0	1	0	Ct	0	1	0	0	0	0	0	0	0	0	0	0	0	0	0	0	0	0	0	0	0	1	0	0	0	0	0	0	0	0	0	0	0	0
1215	25 May 26	21:55:00	1	0	1	0	Ct	0	1	0	0	0	0	0	2	0	0	0	0	0	0	0	0	0	0	0	0	0	3	0	0	0	0	0	0	3	0	0	0	0	0
1216	25 May 26	22:00:00	1	0	1	0	Ct	0	1	0	0	0	0	0	0	0	0	0	0	0	0	0	0	0	0	0	0	0	4	0	0	0	0	0	0	0	0	0	0	0	0
1217	25 May 26	22:05:00	1	0	1	0	Ct	0	1	0	0	0	0	0	4	0	0	0	0	0	0	0	0	0	0	0	0	0	6	0	0	0	0	0	0	0	0	0	0	0	0
1218	25 May 26	22:10:00	1	0	1	0	Ct	0	0	0	0	0	0	0	0	0	0	0	0	0	0	0	0	0	0	0	0	0	8	0	0	0	0	0	0	0	0	0	0	0	0
1219	25 May 26	22:15:00	1	0	1	0	Ct	0	0	0	0	0	0	0	5	0	0	0	0	0	0	0	0	0	0	0	0	0	4	0	0	0	0	0	0	0	0	0	0	0	0
1220	25 May 26	22:20:00	1	0	1	0	Ct	0	0	0	0	0	0	0	6	0	0	0	0	0	0	0	0	0	0	0	0	0	4	0	0	0	0	0	0	3	0	0	0	0	0
1221	25 May 26	22:25:00	1	0	1	0	Ct	0	0	0	0	0	0	0	0	0	0	0	0	0	0	0	0	0	0	0	0	0	4	0	0	0	0	0	0	0	0	0	0	0	0
1222	25 May 26	22:30:00	1	0	1	0	Ct	0	0	0	0	0	0	0	2	0	0	0	0	0	0	0	0	0	0	0	0	0	2	0	0	0	0	0	0	0	0	0	0	0	0
1223	25 May 26	22:35:00	1	0	1	0	Ct	0	0	0	0	0	0	0	0	0	0	0	0	0	0	0	0	0	0	0	0	0	6	0	0	0	0	0	0	0	0	0	0	0	0
1224	25 May 26	22:40:00	1	0	1	0	Ct	0	0	0	0	0	0	0	5	0	0	0	0	0	0	0	0	0	0	0	0	0	4	0	0	0	0	0	0	0	0	0	0	0	0
1225	25 May 26	22:45:00	1	0	1	0	Ct	0	0	0	0	0	0	0	0	0	0	0	0	0	0	0	0	0	0	0	0	0	1	0	0	0	0	0	0	0	0	0	0	0	0
1226	25 May 26	22:50:00	1	0	1	0	Ct	0	0	0	0	0	0	0	0	0	0	0	0	0	0	0	0	0	0	0	0	0	2	0	0	0	0	0	0	0	0	0	0	0	0
1227	25 May 26	22:55:00	1	0	1	0	Ct	0	0	0	0	0	0	0	0	0	0	0	0	0	0	0	0	0	0	0	0	0	2	0	0	0	0	0	0	0	0	0	0	0	0
1228	25 May 26	23:00:00	1	0	1	0	Ct	0	0	0	0	0	0	0	0	0	0	0	0	0	0	0	0	0	0	0	0	0	0	0	0	0	0	0	0	0	0	0	0	0	0
1229	25 May 26	23:05:00	1	0	1	0	Ct	0	0	0	0	0	0	0	0	0	0	0	0	0	0	0	0	0	0	0	0	0	4	0	0	0	0	0	0	0	0	0	0	0	0
1230	25 May 26	23:10:00	1	0	1	0	Ct	0	0	0	0	0	0	0	0	0	0	0	0	0	0	0	0	0	0	0	0	0	4	0	0	0	0	0	0	0	0	0	0	0	0
1231	25 May 26	23:15:00	1	0	1	0	Ct	0	0	0	0	0	0	0	0	0	0	0	0	0	0	0	0	0	0	0	0	0	5	0	0	0	0	0	0	0	0	0	0	0	0
1232	25 May 26	23:20:00	1	0	1	0	Ct	0	0	0	0	0	0	0	0	0	0	0	0	0	0	0	0	0	0	0	0	0	5	0	0	0	0	0	0	0	0	0	0	0	0
1233	25 May 26	23:25:00	1	0	1	0	Ct	0	0	0	0	0	0	0	7	0	0	0	0	0	0	0	0	0	0	0	0	0	0	0	0	0	0	0	0	0	0	0	0	0	0
1234	25 May 26	23:30:00	1	0	1	0	Ct	0	0	0	0	0	0	0	2	0	0	0	0	0	0	0	0	0	0	0	0	0	2	0	0	0	0	0	0	0	0	0	0	0	0
1235	25 May 26	23:35:00	1	0	1	0	Ct	0	0	0	0	0	0	0	2	0	0	0	0	0	0	0	0	0	0	0	0	0	0	0	0	0	0	0	0	0	0	0	0	0	0
1236	25 May 26	23:40:00	1	0	1	0	Ct	0	0	0	0	0	0	0	0	0	0	0	0	0	0	0	0	0	0	0	0	0	0	0	0	0	0	0	0	0	0	0	0	0	0
1237	25 May 26	23:45:00	1	0	1	0	Ct	0	0	0	0	0	0	0	0	0	0	0	0	0	0	0	0	0	0	0	0	0	0	0	0	0	0	0	0	0	0	0	0	0	0
1238	25 May 26	23:50:00	1	0	1	0	Ct	0	0	0	0	0	0	0	2	0	0	0	0	0	0	0	0	0	0	0	0	0	0	0	0	0	0	0	0	0	0	0	0	0	0
1239	25 May 26	23:55:00	1	0	1	0	Ct	0	0	0	0	0	0	0	0	0	0	0	0	0	0	0	0	0	0	0	0	0	0	0	0	0	0	0	0	0	0	0	0	0	0
1240	26 May 26	00:00:00	1	0	1	0	Ct	0	0	0	0	0	0	0	1	0	0	0	0	0	0	0	0	0	0	0	0	0	0	0	0	0	0	0	0	0	0	0	0	0	0
1241	26 May 26	00:05:00	1	0	1	0	Ct	0	0	0	0	0	0	0	1	0	0	0	0	0	0	0	0	0	0	0	0	0	0	0	0	0	0	0	0	3	0	0	0	0	0
1242	26 May 26	00:10:00	1	0	1	0	Ct	0	0	0	0	0	0	0	5	0	0	0	0	0	0	0	0	0	0	0	0	0	0	0	0	0	0	0	0	0	0	0	0	0	0
1243	26 May 26	00:15:00	1	0	1	0	Ct	0	0	0	0	0	0	0	4	0	0	0	0	0	0	0	0	0	0	0	0	0	0	0	0	0	0	0	0	0	0	0	0	0	0
1244	26 May 26	00:20:00	1	0	1	0	Ct	0	0	0	0	0	0	0	4	0	0	0	0	0	0	0	0	0	0	0	0	0	0	0	0	0	0	0	0	0	0	0	0	0	0
1245	26 May 26	00:25:00	1	0	1	0	Ct	0	0	0	0	0	0	0	15	0	0	0	0	0	0	0	0	0	0	0	0	0	0	0	0	0	0	0	0	0	0	0	0	0	0
1246	26 May 26	00:30:00	1	0	1	0	Ct	0	0	0	0	0	0	0	2	0	0	0	0	0	0	0	0	0	0	0	0	0	0	0	0	0	0	0	0	0	0	0	0	0	0
1247	26 May 26	00:35:00	1	0	1	0	Ct	0	0	0	0	0	0	0	10	0	0	0	0	0	0	0	0	0	0	0	0	0	0	0	0	0	0	0	0	0	0	0	0	0	0
1248	26 May 26	00:40:00	1	0	1	0	Ct	0	0	0	0	0	0	0	5	0	0	0	0	0	0	0	0	0	0	0	0	0	0	0	0	0	0	0	0	0	0	0	0	0	0
1249	26 May 26	00:45:00	1	0	1	0	Ct	0	0	0	0	0	0	0	0	0	0	0	0	0	0	0	0	0	0	0	0	0	0	0	0	0	0	0	0	0	0	0	0	0	0
1250	26 May 26	00:50:00	1	0	1	0	Ct	0	0	0	0	0	0	0	0	0	0	0	0	0	0	0	0	0	0	0	0	0	0	0	0	0	0	0	0	0	0	0	0	0	0
1251	26 May 26	00:55:00	1	0	1	0	Ct	0	0	0	0	0	0	0	4	0	0	0	0	0	0	0	0	0	0	0	0	0	0	0	0	0	0	0	0	0	0	0	0	0	0
1252	26 May 26	01:00:00	1	0	1	0	Ct	0	0	0	0	0	0	0	3	0	0	0	0	0	0	0	0	0	0	0	0	0	0	0	0	0	0	0	0	3	0	0	0	0	0
1253	26 May 26	01:05:00	1	0	1	0	Ct	0	0	0	0	0	0	0	0	0	0	0	0	0	0	0	0	0	0	0	0	0	0	0	0	0	0	0	0	0	0	0	0	0	0
1254	26 May 26	01:10:00	1	0	1	0	Ct	0	0	0	0	0	0	0	4	0	0	0	0	0	0	0	0	0	0	0	0	0	0	0	0	0	0	0	0	0	0	0	0	0	0
1255	26 May 26	01:15:00	1	0	1	0	Ct	0	0	0	0	0	0	0	5	0	0	0	0	0	0	0	0	0	0	0	0	0	0	0	0	0	0	0	0	0	0	0	0	0	0
1256	26 May 26	01:20:00	1	0	1	0	Ct	0	0	0	0	0	0	0	2	0	0	0	0	0	0	0	0	0	0	0	0	0	0	0	0	0	0	0	0	6	0	0	0	0	0
1257	26 May 26	01:25:00	1	0	1	0	Ct	0	0	0	0	0	0	0	4	0	0	0	0	0	0	0	0	0	0	0	0	0	0	0	0	0	0	0	0	0	0	0	0	0	0
1258	26 May 26	01:30:00	1	0	1	0	Ct	0	0	0	0	0	0	0	0	0	0	0	0	0	0	0	0	0	0	0	0	0	0	0	0	0	0	0	0	0	0	0	0	0	0
1259	26 May 26	01:35:00	1	0	1	0	Ct	0	0	0	0	0	0	0	2	0	0	0	0	0	0	0	0	0	0	0	0	0	0	0	0	0	0	0	0	0	0	0	0	0	0
1260	26 May 26	01:40:00	1	0	1	0	Ct	0	0	0	0	0	0	0	0	0	0	0	0	0	0	0	0	0	0	0	0	0	0	0	0	0	0	0	0	0	0	0	0	0	0
1261	26 May 26	01:45:00	1	0	1	0	Ct	0	0	0	0	0	0	0	0	0	0	0	0	0	0	0	0	0	0	0	0	0	0	0	0	0	0	0	0	0	0	0	0	0	0
1262	26 May 26	01:50:00	1	0	1	0	Ct	0	0	0	0	0	0	0	0	0	0	0	0	0	0	0	0	0	0	0	0	0	0	0	0	0	0	0	0	0	0	0	0	0	0
1263	26 May 26	01:55:00	1	0	1	0	Ct	0	0	0	0	0	0	0	2	0	0	0	0	0	0	0	0	0	0	0	0	0	0	0	0	0	0	0	0	0	0	0	0	0	0
1264	26 May 26	02:00:00	1	0	1	0	Ct	0	0	0	0	0	0	0	2	0	0	0	0	0	0	0	0	0	0	0	0	0	0	0	0	0	0	0	0	0	0	0	0	0	0
1265	26 May 26	02:05:00	1	0	1	0	Ct	0	0	0	0	0	0	0	13	0	0	0	0	0	0	0	0	0	0	0	0	0	0	0	0	0	0	0	0	3	0	0	0	0	0
1266	26 May 26	02:10:00	1	0	1	0	Ct	0	0	0	0	0	0	0	0	0	0	0	0	0	0	0	0	0	0	0	0	0	0	0	0	0	0	0	0	0	0	0	0	0	0
1267	26 May 26	02:15:00	1	0	1	0	Ct	0	0	0	0	0	0	0	0	0	0	0	0	0	0	0	0	0	0	0	0	0	0	0	0	0	0	0	0	0	0	0	0	0	0
1268	26 May 26	02:20:00	1	0	1	0	Ct	0	0	0	0	0	0	0	0	0	0	0	0	0	0	0	0	0	0	0	0	0	0	0	0	0	0	0	0	0	0	0	0	0	0
1269	26 May 26	02:25:00	1	0	1	0	Ct	0	0	0	0	0	0	0	7	0	0	0	0	0	0	0	0	0	0	0	0	0	0	0	0	0	0	0	0	0	0	0	0	0	0
1270	26 May 26	02:30:00	1	0	1	0	Ct	0	0	0	0	0	0	0	2	0	0	0	0	0	0	0	0	0	0	0	0	0	0	0	0	0	0	0	0	3	0	0	0	0	0
1271	26 May 26	02:35:00	1	0	1	0	Ct	0	0	0	0	0	0	0	0	0	0	0	0	0	0	0	0	0	0	0	0	0	0	0	0	0	0	0	0	2	0	0	0	0	0
1272	26 May 26	02:40:00	1	0	1	0	Ct	0	0	0	0	0	0	0	0	0	0	0	0	0	0	0	0	0	0	0	0	0	0	0	0	0	0	0	0	0	0	0	0	0	0
1273	26 May 26	02:45:00	1	0	1	0	Ct	0	0	0	0	0	0	0	0	0	0	0	0	0	0	0	0	0	0	0	0	0	0	0	0	0	0	0	0	3	0	0	0	0	0
1274	26 May 26	02:50:00	1	0	1	0	Ct	0	0	0	0	0	0	0	0	0	0	0	0	0	0	0	0	0	0	0	0	0	0	0	0	0	0	0	0	0	0	0	0	0	0
1275	26 May 26	02:55:00	1	0	1	0	Ct	0	0	0	0	0	0	0	4	0	0	0	0	0	0	0	0	0	0	0	0	0	0	0	0	0	0	0	0	0	0	0	0	0	0
1276	26 May 26	03:00:00	1	0	1	0	Ct	0	0	0	0	0	0	0	2	0	0	0	0	0	0	0	0	0	0	0	0	0	0	0	0	0	0	0	0	0	0	0	0	0	0
1277	26 May 26	03:05:00	1	0	1	0	Ct	0	0	0	0	0	0	0	4	0	0	0	0	0	0	0	0	0	0	0	0	0	0	0	0	0	0	0	0	0	0	0	0	0	0
1278	26 May 26	03:10:00	1	0	1	0	Ct	0	0	0	0	0	0	0	3	0	0	0	0	0	0	0	0	0	0	0	0	0	0	0	0	0	0	0	0	0	0	0	0	0	0
1279	26 May 26	03:15:00	1	0	1	0	Ct	0	0	0	0	0	0	0	0	0	0	0	0	0	0	0	0	0	0	0	0	0	0	0	0	0	0	0	0	3	0	0	0	0	0
1280	26 May 26	03:20:00	1	0	1	0	Ct	0	0	0	0	0	0	0	0	0	0	0	0	0	0	0	0	0	0	0	0	0	0	0	0	0	0	0	0	0	0	0	0	0	0
1281	26 May 26	03:25:00	1	0	1	0	Ct	0	0	0	0	0	0	0	0	0	0	0	0	0	0	0	0	0	0	0	0	0	0	0	0	0	0	0	0	0	0	0	0	0	0
1282	26 May 26	03:30:00	1	0	1	0	Ct	0	0	0	0	0	0	0	0	0	0	0	0	0	0	0	0	0	0	0	0	0	0	0	0	0	0	0	0	0	0	0	0	0	0
1283	26 May 26	03:35:00	1	0	1	0	Ct	0	0	0	0	0	0	0	6	0	0	0	0	0	0	0	0	0	0	0	0	0	0	0	0	0	0	0	0	0	0	0	0	0	0
1284	26 May 26	03:40:00	1	0	1	0	Ct	0	0	0	0	0	0	0	6	0	0	0	0	0	0	0	0	0	0	0	0	0	0	0	0	0	0	0	0	0	0	0	0	0	0
1285	26 May 26	03:45:00	1	0	1	0	Ct	0	0	0	0	0	0	0	1	0	0	0	0	0	0	0	0	0	0	0	0	0	0	0	0	0	0	0	0	9	0	0	0	0	0
1286	26 May 26	03:50:00	1	0	1	0	Ct	0	0	0	0	0	0	0	1	0	0	0	0	0	0	0	0	0	0	0	0	0	0	0	0	0	0	0	0	1	0	0	0	0	0
1287	26 May 26	03:55:00	1	0	1	0	Ct	0	0	0	0	0	0	0	3	0	0	0	0	0	0	0	0	0	0	0	0	0	0	0	0	0	0	0	0	6	0	0	0	0	0
1288	26 May 26	04:00:00	1	0	1	0	Ct	0	0	0	0	0	0	0	3	0	0	0	0	0	0	0	0	0	0	0	0	0	0	0	0	0	0	0	0	0	0	0	0	0	0
1289	26 May 26	04:05:00	1	0	1	0	Ct	0	0	0	0	0	0	0	3	0	0	0	0	0	0	0	0	0	0	0	0	0	0	0	0	0	0	0	0	0	0	0	0	0	0
1290	26 May 26	04:10:00	1	0	1	0	Ct	0	0	0	0	0	0	0	3	0	0	0	0	0	0	0	0	0	0	0	0	0	0	0	0	0	0	0	0	6	0	0	0	0	0
1291	26 May 26	04:15:00	1	0	1	0	Ct	0	0	0	0	0	0	0	0	0	0	0	0	0	0	0	0	0	0	0	0	0	0	0	0	0	0	0	0	2	0	0	0	0	0
1292	26 May 26	04:20:00	1	0	1	0	Ct	0	0	0	0	0	0	0	0	0	0	0	0	0	0	0	0	0	0	0	0	0	0	0	0	0	0	0	0	0	0	0	0	0	0
1293	26 May 26	04:25:00	1	0	1	0	Ct	0	0	0	0	0	0	0	0	0	0	0	0	0	0	0	0	0	0	0	0	0	0	0	0	0	0	0	0	0	0	0	0	0	0
1294	26 May 26	04:30:00	1	0	1	0	Ct	0	0	0	0	0	0	0	0	0	0	0	0	0	0	0	0	0	0	0	0	0	0	0	0	0	0	0	0	3	0	0	0	0	0
1295	26 May 26	04:35:00	1	0	1	0	Ct	0	0	0	0	0	0	0	3	0	0	0	0	0	0	0	0	0	0	0	0	0	0	0	0	0	0	0	0	3	0	0	0	0	0
1296	26 May 26	04:40:00	1	0	1	0	Ct	0	0	0	0	0	0	0	0	0	0	0	0	0	0	0	0	0	0	0	0	0	0	0	0	0	0	0	0	0	0	0	0	0	0
1297	26 May 26	04:45:00	1	0	1	0	Ct	0	0	0	0	0	0	0	0	0	0	0	0	0	0	0	0	0	0	0	0	0	0	0	0	0	0	0	0	9	0	0	0	0	0
1298	26 May 26	04:50:00	1	0	1	0	Ct	0	0	0	0	0	0	0	0	0	0	0	0	0	0	0	0	0	0	0	0	0	0	0	0	0	0	0	0	6	0	0	0	0	0
1299	26 May 26	04:55:00	1	0	1	0	Ct	0	0	0	0	0	0	0	0	0	0	0	0	0	0	0	0	0	0	0	0	0	0	0	0	0	0	0	0	3	0	0	0	0	0
1300	26 May 26	05:00:00	1	0	1	0	Ct	0	0	0	0	0	0	0	0	0	0	0	0	0	0	0	0	0	0	0	0	0	0	0	0	0	0	0	0	3	0	0	0	0	0
1301	26 May 26	05:05:00	1	0	1	0	Ct	0	0	0	0	0	0	0	0	0	0	0	0	0	0	0	0	0	0	0	0	0	0	0	0	0	0	0	0	6	0	0	0	0	0
1302	26 May 26	05:10:00	1	0	1	0	Ct	0	0	0	0	0	0	0	5	0	0	0	0	0	0	0	0	0	0	0	0	0	0	0	0	0	0	0	0	3	0	0	0	0	0
1303	26 May 26	05:15:00	1	0	1	0	Ct	0	0	0	0	0	0	0	2	0	0	0	0	0	0	0	0	0	0	0	0	0	0	0	0	0	0	0	0	6	0	0	0	0	0
1304	26 May 26	05:20:00	1	0	1	0	Ct	0	0	0	0	0	0	0	0	0	0	0	0	0	0	0	0	0	0	0	0	0	0	0	0	0	0	0	0	1	0	0	0	0	0
1305	26 May 26	05:25:00	1	0	1	0	Ct	0	0	0	0	0	0	0	0	0	0	0	0	0	0	0	0	0	0	0	0	0	0	0	0	0	0	0	0	3	0	0	0	0	0
1306	26 May 26	05:30:00	1	0	1	0	Ct	0	0	0	0	0	0	0	4	0	0	0	0	0	0	0	0	0	0	0	0	0	0	0	0	0	0	0	0	6	0	0	0	0	0
1307	26 May 26	05:35:00	1	0	1	0	Ct	0	0	0	0	0	0	0	0	0	0	0	0	0	0	0	0	0	0	0	0	0	0	0	0	0	0	0	0	7	0	0	0	0	0
1308	26 May 26	05:40:00	1	0	1	0	Ct	0	0	0	0	0	0	0	0	0	0	0	0	0	0	0	0	0	0	0	0	0	0	0	0	0	0	0	0	6	0	0	0	0	0
1309	26 May 26	05:45:00	1	0	1	0	Ct	0	0	0	0	0	0	0	0	0	0	0	0	0	0	0	0	0	0	0	0	0	0	0	0	0	0	0	0	6	0	0	0	0	0
1310	26 May 26	05:50:00	1	0	1	0	Ct	0	0	0	0	0	0	0	0	0	0	0	0	0	0	0	0	0	0	0	0	0	0	0	0	0	0	0	0	4	0	0	0	0	0
1311	26 May 26	05:55:00	1	0	1	0	Ct	0	0	0	0	0	0	0	9	0	0	0	0	0	0	0	0	0	0	0	0	0	0	0	0	0	0	0	0	1	0	0	0	0	0
1312	26 May 26	06:00:00	1	0	1	0	Ct	0	0	0	0	0	0	0	3	0	0	0	0	0	0	0	0	0	0	0	0	0	0	0	0	0	0	0	0	6	0	0	0	0	0
1313	26 May 26	06:05:00	1	0	1	0	Ct	0	0	0	0	0	0	0	2	0	0	0	0	0	0	0	0	0	0	0	0	0	0	0	0	0	0	0	0	5	0	0	0	0	0
1314	26 May 26	06:10:00	1	0	1	0	Ct	0	0	0	0	0	0	0	2	0	0	0	0	0	0	0	0	0	0	0	0	0	0	0	0	0	0	0	0	2	0	0	0	0	0
1315	26 May 26	06:15:00	1	0	1	0	Ct	0	0	0	0	0	0	0	0	0	0	0	0	0	0	0	0	0	0	0	0	0	0	0	0	0	0	0	0	3	0	0	0	0	0
1316	26 May 26	06:20:00	1	0	1	0	Ct	0	0	0	0	0	0	0	4	0	0	0	0	0	0	0	0	0	0	0	0	0	0	0	0	0	0	0	0	3	0	0	0	0	0
1317	26 May 26	06:25:00	1	0	1	0	Ct	0	0	0	0	0	0	0	3	0	0	0	0	0	0	0	0	0	0	0	0	0	0	0	0	0	0	0	0	2	0	0	0	0	0
1318	26 May 26	06:30:00	1	0	1	0	Ct	0	0	0	0	0	0	0	4	0	0	0	0	0	0	0	0	0	0	0	0	0	0	0	0	0	0	0	0	2	0	0	0	0	0
1319	26 May 26	06:35:00	1	0	1	0	Ct	0	0	0	0	0	0	0	3	0	0	0	0	0	0	0	0	0	0	0	0	0	0	0	0	0	0	0	0	0	0	0	0	0	0
1320	26 May 26	06:40:00	1	0	1	0	Ct	0	0	0	0	0	0	0	0	0	0	0	0	0	0	0	0	0	0	0	0	0	0	0	0	0	0	0	0	5	0	0	0	0	0
1321	26 May 26	06:45:00	1	0	1	0	Ct	0	0	0	0	0	0	0	0	0	0	0	0	0	0	0	0	0	0	0	0	0	0	0	0	0	0	0	0	1	0	0	0	0	0
1322	26 May 26	06:50:00	1	0	1	0	Ct	0	0	0	0	0	0	0	0	0	0	0	0	0	0	0	0	0	0	0	0	0	0	0	0	0	0	0	0	7	0	0	0	0	0
1323	26 May 26	06:55:00	1	0	1	0	Ct	0	0	0	0	0	0	0	0	0	0	0	0	0	0	0	0	0	0	0	0	0	0	0	0	0	0	0	0	2	0	0	0	0	0
1324	26 May 26	07:00:00	1	0	1	0	Ct	0	0	0	0	0	0	0	0	0	0	0	0	0	0	0	0	0	0	0	0	0	0	0	0	0	0	0	0	1	0	0	0	0	0
1325	26 May 26	07:05:00	1	0	1	0	Ct	0	0	0	0	0	0	0	0	0	0	0	0	0	0	0	0	0	0	0	0	0	0	0	0	0	0	0	0	5	0	0	0	0	0
1326	26 May 26	07:10:00	1	0	1	0	Ct	0	0	0	0	0	0	0	0	0	0	0	0	0	0	0	0	0	0	0	0	0	0	0	0	0	0	0	0	6	0	0	0	0	0
1327	26 May 26	07:15:00	1	0	1	0	Ct	0	0	0	0	0	0	0	0	0	0	0	0	0	0	0	0	0	0	0	0	0	0	0	0	0	0	0	0	1	0	0	0	0	0
1328	26 May 26	07:20:00	1	0	1	0	Ct	0	0	0	0	0	0	0	0	0	0	0	0	0	0	0	0	0	0	0	0	0	0	0	0	0	0	0	0	3	0	0	0	0	0
1329	26 May 26	07:25:00	1	0	1	0	Ct	0	0	0	0	0	0	0	0	0	0	0	0	0	0	0	0	0	0	0	0	0	0	0	0	0	0	0	0	3	0	0	0	0	0
1330	26 May 26	07:30:00	1	0	1	0	Ct	0	0	0	0	0	0	0	0	0	0	0	0	0	0	0	0	0	0	0	0	0	0	0	0	0	0	0	0	0	0	0	0	0	0
1331	26 May 26	07:35:00	1	0	1	0	Ct	0	0	0	0	0	0	0	0	0	0	0	0	0	0	0	0	0	0	0	0	0	0	0	0	0	0	0	0	2	0	0	0	0	0
1332	26 May 26	07:40:00	1	0	1	0	Ct	0	0	0	0	0	0	0	0	0	0	0	0	0	0	0	0	0	0	0	0	0	0	0	0	0	0	0	0	0	0	0	0	0	0
1333	26 May 26	07:45:00	1	0	1	0	Ct	0	0	0	0	0	0	0	0	0	0	0	0	0	0	0	0	0	0	0	0	0	0	0	0	0	0	0	0	0	0	0	0	0	0
1334	26 May 26	07:50:00	1	0	1	0	Ct	0	0	0	0	0	0	0	0	0	0	0	0	0	0	0	0	0	0	0	0	0	0	0	0	0	0	0	0	0	0	0	0	0	0
1335	26 May 26	07:55:00	1	0	1	0	Ct	0	0	0	0	0	0	0	0	0	0	0	0	0	0	0	0	0	0	0	0	0	0	0	0	0	0	0	0	0	0	0	0	0	0
1336	26 May 26	08:00:00	1	0	1	0	Ct	0	0	0	0	0	0	0	0	0	0	0	0	0	0	0	0	0	0	0	0	0	0	0	0	0	0	0	0	0	0	0	0	0	0
1337	26 May 26	08:05:00	1	0	1	0	Ct	0	0	0	0	0	0	0	0	0	0	0	0	0	0	0	0	0	0	0	0	0	0	0	0	0	0	0	0	0	0	0	0	0	0
1338	26 May 26	08:10:00	1	0	1	0	Ct	0	0	0	0	0	0	0	0	0	0	0	0	0	0	0	0	0	0	0	0	0	0	0	0	0	0	0	0	0	0	0	0	0	0
1339	26 May 26	08:15:00	1	0	1	0	Ct	0	0	0	0	0	0	0	0	0	0	0	0	0	0	0	0	0	0	0	0	0	0	0	0	0	0	0	0	0	0	0	0	0	0
1340	26 May 26	08:20:00	1	0	1	0	Ct	0	0	0	0	0	0	0	0	0	0	0	0	0	0	0	0	0	0	0	0	0	0	0	0	0	0	0	0	0	0	0	0	0	0
1341	26 May 26	08:25:00	1	0	1	0	Ct	0	0	0	0	0	0	0	0	0	0	0	0	0	0	0	0	0	0	0	0	0	0	0	0	0	0	0	0	0	0	0	0	0	0
1342	26 May 26	08:30:00	1	0	1	0	Ct	0	0	0	0	0	0	0	0	0	0	0	0	0	0	0	0	0	0	0	0	0	0	0	0	0	0	0	0	0	0	0	0	0	0
1343	26 May 26	08:35:00	1	0	1	0	Ct	0	0	0	0	0	0	0	0	0	0	0	0	0	0	0	0	0	0	0	0	0	0	0	0	0	0	0	0	0	0	0	0	0	0
1344	26 May 26	08:40:00	1	0	1	0	Ct	0	0	0	0	0	0	0	0	0	0	0	0	0	0	0	0	0	0	0	0	0	0	0	0	0	0	0	0	0	0	0	0	0	0
1345	26 May 26	08:45:00	1	0	1	0	Ct	0	0	0	0	0	0	0	0	0	0	0	0	0	0	0	0	0	0	0	0	0	0	0	0	0	0	0	0	0	0	0	0	0	0
1346	26 May 26	08:50:00	1	0	1	0	Ct	0	0	0	0	0	0	0	0	0	0	0	0	0	0	0	0	0	0	0	0	0	0	0	0	0	0	0	0	0	0	0	0	0	0
1347	26 May 26	08:55:00	1	0	1	0	Ct	0	0	0	0	0	0	0	0	0	0	0	0	0	0	0	0	0	0	0	0	0	0	0	0	0	0	0	0	0	0	0	0	0	0
1348	26 May 26	09:00:00	1	0	1	0	Ct	0	0	0	0	0	0	0	0	0	0	0	0	0	0	0	0	0	0	0	0	0	0	0	0	0	0	0	0	0	0	0	0	0	0
1349	26 May 26	09:05:00	1	0	1	0	Ct	0	0	0	0	0	0	0	0	0	0	0	0	0	0	0	0	0	0	0	0	0	0	0	0	0	0	0	0	0	0	0	0	0	0
1350	26 May 26	09:10:00	1	0	1	0	Ct	0	0	0	0	0	0	0	0	0	0	0	0	0	0	0	0	0	0	0	0	0	0	0	0	0	0	0	0	0	0	0	0	0	0
1351	26 May 26	09:15:00	1	0	1	0	Ct	0	0	0	0	0	0	0	0	0	0	0	0	0	0	0	0	0	0	0	0	0	0	0	0	0	0	0	0	0	0	0	0	0	0
1352	26 May 26	09:20:00	1	0	1	0	Ct	0	0	0	0	0	0	0	0	0	0	0	0	0	0	0	0	0	0	0	0	0	0	0	0	0	0	0	0	0	0	0	0	0	0
1353	26 May 26	09:25:00	1	0	1	0	Ct	0	0	0	0	0	0	0	0	0	0	0	0	0	0	0	0	0	0	0	0	0	0	0	0	0	0	0	0	0	0	0	0	0	0
1354	26 May 26	09:30:00	1	0	1	0	Ct	0	0	0	0	0	0	0	0	0	0	0	0	0	0	0	0	0	0	0	0	0	0	0	0	0	0	0	0	0	0	0	0	0	0
1355	26 May 26	09:35:00	1	0	1	0	Ct	0	0	0	0	0	0	0	0	0	0	0	0	0	0	0	0	0	0	0	0	0	0	0	0	0	0	0	0	0	0	0	0	0	0
1356	26 May 26	09:40:00	1	0	1	0	Ct	0	0	0	0	0	0	0	0	0	0	0	0	0	0	0	0	0	0	0	0	0	0	0	0	0	0	0	0	0	0	0	0	0	0
1357	26 May 26	09:45:00	1	0	1	0	Ct	0	0	0	0	0	0	0	0	0	0	0	0	0	0	0	0	0	0	0	0	0	0	0	0	0	0	0	0	0	0	0	0	0	0
1358	26 May 26	09:50:00	1	0	1	0	Ct	0	0	0	0	0	0	0	0	0	0	0	0	0	0	0	0	0	0	0	0	0	0	0	0	0	0	0	0	0	0	0	0	0	0
1359	26 May 26	09:55:00	1	0	1	0	Ct	0	0	0	0	0	0	0	0	0	0	0	0	0	0	0	0	0	0	0	0	0	0	0	0	0	0	0	0	0	0	0	0	0	0
1360	26 May 26	10:00:00	1	0	1	0	Ct	0	1	0	0	0	0	0	0	0	0	0	0	0	0	0	0	0	0	0	0	0	0	0	0	0	0	0	0	0	0	0	0	0	0
1361	26 May 26	10:05:00	1	0	1	0	Ct	0	1	0	0	0	0	0	0	0	0	0	0	0	0	0	0	0	0	0	0	0	0	0	0	0	0	0	0	0	0	0	0	0	0
1362	26 May 26	10:10:00	1	0	1	0	Ct	0	1	0	0	0	0	0	0	0	0	0	0	0	0	0	0	0	0	0	0	0	0	0	0	0	0	0	0	0	0	0	0	0	0
1363	26 May 26	10:15:00	1	0	1	0	Ct	0	1	0	0	0	0	0	0	0	0	0	0	0	0	0	0	0	0	0	0	0	0	0	0	0	0	0	0	0	0	0	0	0	0
1364	26 May 26	10:20:00	1	0	1	0	Ct	0	1	0	0	0	0	0	0	0	0	0	0	0	0	0	0	0	0	0	0	0	0	0	0	0	0	0	0	0	0	0	0	0	0
1365	26 May 26	10:25:00	1	0	1	0	Ct	0	1	0	0	0	0	0	0	0	0	0	0	0	0	0	0	0	0	0	0	0	0	0	0	0	0	0	0	0	0	0	0	0	0
1366	26 May 26	10:30:00	1	0	1	0	Ct	0	1	0	0	0	0	0	0	0	0	0	0	0	0	0	0	0	0	0	0	0	0	0	0	0	0	0	0	0	0	0	0	0	0
1367	26 May 26	10:35:00	1	0	1	0	Ct	0	1	0	0	0	0	0	0	0	0	0	0	0	0	0	0	0	0	0	0	0	0	0	0	0	0	0	0	0	0	0	0	0	0
1368	26 May 26	10:40:00	1	0	1	0	Ct	0	1	0	0	0	0	0	0	0	0	0	0	0	0	0	0	0	0	0	0	0	0	0	0	0	0	0	0	0	0	0	0	0	0
1369	26 May 26	10:45:00	1	0	1	0	Ct	0	1	0	0	0	0	0	0	0	0	0	0	0	0	0	0	0	0	0	0	0	0	0	0	0	0	0	0	0	0	0	0	0	0
1370	26 May 26	10:50:00	1	0	1	0	Ct	0	1	0	0	0	0	0	0	0	0	0	0	0	0	0	0	0	0	0	0	0	0	0	0	0	0	0	0	0	0	0	0	0	0
1371	26 May 26	10:55:00	1	0	1	0	Ct	0	1	0	0	0	0	0	0	0	0	0	0	0	0	0	0	0	0	0	0	0	0	0	0	0	0	0	0	0	0	0	0	0	0
1372	26 May 26	11:00:00	1	0	1	0	Ct	0	1	0	0	0	0	0	0	0	0	0	0	0	0	0	0	0	0	0	0	0	0	0	0	0	0	0	0	0	0	0	0	0	0
1373	26 May 26	11:05:00	1	0	1	0	Ct	0	1	0	0	0	0	0	0	0	0	0	0	0	0	0	0	0	0	0	0	0	0	0	0	0	0	0	0	0	0	0	0	0	0
1374	26 May 26	11:10:00	1	0	1	0	Ct	0	1	0	0	0	0	0	0	0	0	0	0	0	0	0	0	0	0	0	0	0	0	0	0	0	0	0	0	0	0	0	0	0	0
1375	26 May 26	11:15:00	1	0	1	0	Ct	0	1	0	0	0	0	0	0	0	0	0	0	0	0	0	0	0	0	0	0	0	0	0	0	0	0	0	0	0	0	0	0	0	0
1376	26 May 26	11:20:00	1	0	1	0	Ct	0	1	0	0	0	0	0	0	0	0	0	0	0	0	0	0	0	0	0	0	0	0	0	0	0	0	0	0	0	0	0	0	0	0
1377	26 May 26	11:25:00	1	0	1	0	Ct	0	1	0	0	0	0	0	0	0	0	0	0	0	0	0	0	0	0	0	0	0	0	0	0	0	0	0	0	0	0	0	0	0	0
1378	26 May 26	11:30:00	1	0	1	0	Ct	0	1	0	0	0	0	0	0	0	0	0	0	0	0	0	0	0	0	0	0	0	0	0	0	0	0	0	0	0	0	0	0	0	0
1379	26 May 26	11:35:00	1	0	1	0	Ct	0	1	0	0	0	0	0	0	0	0	0	0	0	0	0	0	0	0	0	0	0	0	0	0	0	0	0	0	0	0	0	0	0	0
1380	26 May 26	11:40:00	1	0	1	0	Ct	0	1	0	0	0	0	0	0	0	0	0	0	0	0	0	0	0	0	0	0	0	0	0	0	0	0	0	0	0	0	0	0	0	0
1381	26 May 26	11:45:00	1	0	1	0	Ct	0	1	0	0	0	0	0	0	0	0	0	0	0	0	0	0	0	0	0	0	0	0	0	0	0	0	0	0	0	0	0	0	0	0
1382	26 May 26	11:50:00	1	0	1	0	Ct	0	1	0	0	0	0	0	0	0	0	0	0	0	0	0	0	0	0	0	0	0	0	0	0	0	0	0	0	0	0	0	0	0	0
1383	26 May 26	11:55:00	1	0	1	0	Ct	0	1	0	0	0	0	0	0	0	0	0	0	0	0	0	0	0	0	0	0	0	0	0	0	0	0	0	0	0	0	0	0	0	0
1384	26 May 26	12:00:00	1	0	1	0	Ct	0	1	0	0	0	0	0	0	0	0	0	0	0	0	0	0	0	0	0	0	0	0	0	0	0	0	0	0	0	0	0	0	0	0
1385	26 May 26	12:05:00	1	0	1	0	Ct	0	1	0	0	0	0	0	0	0	0	0	0	0	0	0	0	0	0	0	0	0	0	0	0	0	0	0	0	0	0	0	0	0	0
1386	26 May 26	12:10:00	1	0	1	0	Ct	0	1	0	0	0	0	0	0	0	0	0	0	0	0	0	0	0	0	0	0	0	0	0	0	0	0	0	0	0	0	0	0	0	0
1387	26 May 26	12:15:00	1	0	1	0	Ct	0	1	0	0	0	0	0	0	0	0	0	0	0	0	0	0	0	0	0	0	0	0	0	0	0	0	0	0	0	0	0	0	0	0
1388	26 May 26	12:20:00	1	0	1	0	Ct	0	1	0	0	0	0	0	0	0	0	0	0	0	0	0	0	0	0	0	0	0	0	0	0	0	0	0	0	0	0	0	0	0	0
1389	26 May 26	12:25:00	1	0	1	0	Ct	0	1	0	0	0	0	0	0	0	0	0	0	0	0	0	0	0	0	0	0	0	0	0	0	0	0	0	0	0	0	0	0	0	0
1390	26 May 26	12:30:00	1	0	1	0	Ct	0	1	0	0	0	0	0	0	0	0	0	0	0	0	0	0	0	0	0	0	0	0	0	0	0	0	0	0	0	0	0	0	0	0
1391	26 May 26	12:35:00	1	0	1	0	Ct	0	1	0	0	0	0	0	0	0	0	0	0	0	0	0	0	0	0	0	0	0	0	0	0	0	0	0	0	0	0	0	0	0	0
1392	26 May 26	12:40:00	1	0	1	0	Ct	0	1	0	0	0	0	0	0	0	0	0	0	0	0	0	0	0	0	0	0	0	0	0	0	0	0	0	0	0	0	0	0	0	0
1393	26 May 26	12:45:00	1	0	1	0	Ct	0	1	0	0	0	0	0	0	0	0	0	0	0	0	0	0	0	0	0	0	0	0	0	0	0	0	0	0	0	0	0	0	0	0
1394	26 May 26	12:50:00	1	0	1	0	Ct	0	1	0	0	0	0	0	0	0	0	0	0	0	0	0	0	0	0	0	0	0	0	0	0	0	0	0	0	0	0	0	0	0	0
1395	26 May 26	12:55:00	1	0	1	0	Ct	0	1	0	0	0	0	0	0	0	0	0	0	0	0	0	0	0	0	0	0	0	0	0	0	0	0	0	0	0	0	0	0	0	0
1396	26 May 26	13:00:00	1	0	1	0	Ct	0	1	0	0	0	0	0	0	0	0	0	0	0	0	0	0	0	0	0	0	0	0	0	0	0	0	0	0	0	0	0	0	0	0
1397	26 May 26	13:05:00	1	0	1	0	Ct	0	1	0	0	0	0	0	0	0	0	0	0	0	0	0	0	0	0	0	0	0	0	0	0	0	0	0	0	0	0	0	0	0	0
1398	26 May 26	13:10:00	1	0	1	0	Ct	0	1	0	0	0	0	0	0	0	0	0	0	0	0	0	0	0	0	0	0	0	0	0	0	0	0	0	0	0	0	0	0	0	0
1399	26 May 26	13:15:00	1	0	1	0	Ct	0	1	0	0	0	0	0	0	0	0	0	0	0	0	0	0	0	0	0	0	0	0	0	0	0	0	0	0	0	0	0	0	0	0
1400	26 May 26	13:20:00	1	0	1	0	Ct	0	1	0	0	0	0	0	0	0	0	0	0	0	0	0	0	0	0	0	0	0	0	0	0	0	0	0	0	0	0	0	0	0	0
1401	26 May 26	13:25:00	1	0	1	0	Ct	0	1	0	0	0	0	0	0	0	0	0	0	0	0	0	0	0	0	0	0	0	0	0	0	0	0	0	0	0	0	0	0	0	0
1402	26 May 26	13:30:00	1	0	1	0	Ct	0	1	0	0	0	0	0	0	0	0	0	0	0	0	0	0	0	0	0	0	0	0	0	0	0	0	0	0	0	0	0	0	0	0
1403	26 May 26	13:35:00	1	0	1	0	Ct	0	1	0	0	0	0	0	0	0	0	0	0	0	0	0	0	0	0	0	0	0	0	0	0	0	0	0	0	0	0	0	0	0	0
1404	26 May 26	13:40:00	1	0	1	0	Ct	0	1	0	0	0	0	0	0	0	0	0	0	0	0	0	0	0	0	0	0	0	0	0	0	0	0	0	0	0	0	0	0	0	0
1405	26 May 26	13:45:00	1	0	1	0	Ct	0	1	0	0	0	0	0	0	0	0	0	0	0	0	0	0	0	0	0	0	0	0	0	0	0	0	0	0	0	0	0	0	0	0
1406	26 May 26	13:50:00	1	0	1	0	Ct	0	1	0	0	0	0	0	0	0	0	0	0	0	0	0	0	0	0	0	0	0	0	0	0	0	0	0	0	0	0	0	0	0	0
1407	26 May 26	13:55:00	1	0	1	0	Ct	0	1	0	0	0	0	0	0	0	0	0	0	0	0	0	0	0	0	0	0	0	0	0	0	0	0	0	0	0	0	0	0	0	0
1408	26 May 26	14:00:00	1	0	1	0	Ct	0	1	0	0	0	0	0	0	0	0	0	0	0	0	0	0	0	0	0	0	0	0	0	0	0	0	0	0	0	0	0	0	0	0
1409	26 May 26	14:05:00	1	0	1	0	Ct	0	1	0	0	0	0	0	0	0	0	0	0	0	0	0	0	0	0	0	0	0	0	0	0	0	0	0	0	0	0	0	0	0	0
1410	26 May 26	14:10:00	1	0	1	0	Ct	0	1	0	0	0	0	0	0	0	0	0	0	0	0	0	0	0	0	0	0	0	0	0	0	0	0	0	0	0	0	0	0	0	0
1411	26 May 26	14:15:00	1	0	1	0	Ct	0	1	0	0	0	0	0	0	0	0	0	0	0	0	0	0	0	0	0	0	0	0	0	0	0	0	0	0	0	0	0	0	0	0
1412	26 May 26	14:20:00	1	0	1	0	Ct	0	1	0	0	0	0	0	0	0	0	0	0	0	0	0	0	0	0	0	0	0	0	0	0	0	0	0	0	0	0	0	0	0	0
1413	26 May 26	14:25:00	1	0	1	0	Ct	0	1	0	0	0	0	0	0	0	0	0	0	0	0	0	0	0	0	0	0	0	0	0	0	0	0	0	0	0	0	0	0	0	0
1414	26 May 26	14:30:00	1	0	1	0	Ct	0	1	0	0	0	0	0	0	0	0	0	0	0	0	0	0	0	0	0	0	0	0	0	0	0	0	0	0	0	0	0	0	0	0
1415	26 May 26	14:35:00	1	0	1	0	Ct	0	1	0	0	0	0	0	0	0	0	0	0	0	0	0	0	0	0	0	0	0	0	0	0	0	0	0	0	0	0	0	0	0	0
1416	26 May 26	14:40:00	1	0	1	0	Ct	0	1	0	0	0	0	0	0	0	0	0	0	0	0	0	0	0	0	0	0	0	0	0	0	0	0	0	0	0	0	0	0	0	0
1417	26 May 26	14:45:00	1	0	1	0	Ct	0	1	0	0	0	0	0	0	0	0	0	0	0	0	0	0	0	0	0	0	0	0	0	0	0	0	0	0	0	0	0	0	0	0
1418	26 May 26	14:50:00	1	0	1	0	Ct	0	1	0	0	0	0	0	0	0	0	0	0	0	0	0	0	0	0	0	0	0	0	0	0	0	0	0	0	0	0	0	0	0	0
1419	26 May 26	14:55:00	1	0	1	0	Ct	0	1	0	0	0	0	0	0	0	0	0	0	0	0	0	0	0	0	0	0	0	0	0	0	0	0	0	0	0	0	0	0	0	0
1420	26 May 26	15:00:00	1	0	1	0	Ct	0	1	0	0	0	0	0	0	0	0	0	0	0	0	0	0	0	0	0	0	0	0	0	0	0	0	0	0	0	0	0	0	0	0
1421	26 May 26	15:05:00	1	0	1	0	Ct	0	1	0	0	0	0	0	0	0	0	0	0	0	0	0	0	0	0	0	0	0	0	0	0	0	0	0	0	0	0	0	0	0	0
1422	26 May 26	15:10:00	1	0	1	0	Ct	0	1	0	0	0	0	0	0	0	0	0	0	0	0	0	0	0	0	0	0	0	0	0	0	0	0	0	0	0	0	0	0	0	0
1423	26 May 26	15:15:00	1	0	1	0	Ct	0	1	0	0	0	0	0	0	0	0	0	0	0	0	0	0	0	0	0	0	0	0	0	0	0	0	0	0	0	0	0	0	0	0
1424	26 May 26	15:20:00	1	0	1	0	Ct	0	1	0	0	0	0	0	0	0	0	0	0	0	0	0	0	0	0	0	0	0	0	0	0	0	0	0	0	0	0	0	0	0	0
1425	26 May 26	15:25:00	1	0	1	0	Ct	0	1	0	0	0	0	0	0	0	0	0	0	0	0	0	0	0	0	0	0	0	0	0	0	0	0	0	0	0	0	0	0	0	0
1426	26 May 26	15:30:00	1	0	1	0	Ct	0	1	0	0	0	0	0	0	0	0	0	0	0	0	0	0	0	0	0	0	0	0	0	0	0	0	0	0	0	0	0	0	0	0
1427	26 May 26	15:35:00	1	0	1	0	Ct	0	1	0	0	0	0	0	0	0	0	0	0	0	0	0	0	0	0	0	0	0	0	0	0	0	0	0	0	0	0	0	0	0	0
1428	26 May 26	15:40:00	1	0	1	0	Ct	0	1	0	0	0	0	0	0	0	0	0	0	0	0	0	0	0	0	0	0	0	0	0	0	0	0	0	0	0	0	0	0	0	0
1429	26 May 26	15:45:00	1	0	1	0	Ct	0	1	0	0	0	0	0	0	0	0	0	0	0	0	0	0	0	0	0	0	0	0	0	0	0	0	0	0	0	0	0	0	0	0
1430	26 May 26	15:50:00	1	0	1	0	Ct	0	1	0	0	0	0	0	0	0	0	0	0	0	0	0	0	0	0	0	0	0	0	0	0	0	0	0	0	0	0	0	0	0	0
1431	26 May 26	15:55:00	1	0	1	0	Ct	0	1	0	0	0	0	0	0	0	0	0	0	0	0	0	0	0	0	0	0	0	0	0	0	0	0	0	0	0	0	0	0	0	0
1432	26 May 26	16:00:00	1	0	1	0	Ct	0	1	0	0	0	0	0	0	0	0	0	0	0	0	0	0	0	0	0	0	0	0	0	0	0	0	0	0	0	0	0	0	0	0
1433	26 May 26	16:05:00	1	0	1	0	Ct	0	1	0	0	0	0	0	0	0	0	0	0	0	0	0	0	0	0	0	0	0	0	0	0	0	0	0	0	0	0	0	0	0	0
1434	26 May 26	16:10:00	1	0	1	0	Ct	0	1	0	0	0	0	0	0	0	0	0	0	0	0	0	0	0	0	0	0	0	0	0	0	0	0	0	0	0	0	0	0	0	0
1435	26 May 26	16:15:00	1	0	1	0	Ct	0	1	0	0	0	0	0	0	0	0	0	0	0	0	0	0	0	0	0	0	0	0	0	0	0	0	0	0	0	0	0	0	0	0
1436	26 May 26	16:20:00	1	0	1	0	Ct	0	1	0	0	0	0	0	0	0	0	0	0	0	0	0	0	0	0	0	0	0	0	0	0	0	0	0	0	0	0	0	0	0	0
1437	26 May 26	16:25:00	1	0	1	0	Ct	0	1	0	0	0	0	0	0	0	0	0	0	0	0	0	0	0	0	0	0	0	0	0	0	0	0	0	0	0	0	0	0	0	0
1438	26 May 26	16:30:00	1	0	1	0	Ct	0	1	0	0	0	0	0	0	0	0	0	0	0	0	0	0	0	0	0	0	0	0	0	0	0	0	0	0	0	0	0	0	0	0
1439	26 May 26	16:35:00	1	0	1	0	Ct	0	1	0	0	0	0	0	0	0	0	0	0	0	0	0	0	0	0	0	0	0	0	0	0	0	0	0	0	0	0	0	0	0	0
