"","CSF1","CSF2","CSF3","CSM1","CSM2","CSM3","WRF1","WRF2","WRF3","WRM1","WRM2","WRM3"
"128up",495,491,418,686,716,667,455,464,600,615,687,570
"14-3-3epsilon",48,32,49,55,48,54,54,46,54,89,72,64
"14-3-3zeta",5,1,0,8,1,1,0,2,6,1,4,3
"140up",0,0,1,0,0,0,0,0,0,0,0,0
"18SrRNA:CR41548",0,0,0,0,0,0,0,0,0,0,0,0
"18SrRNA:CR45838",0,0,0,0,0,0,0,0,0,0,0,0
"18SrRNA:CR45841",0,0,0,0,0,0,0,0,0,0,0,0
"18w",476,521,506,329,435,538,527,427,417,475,511,385
"28SrRNA:CR45837",0,0,0,0,0,0,0,0,0,0,0,0
"28SrRNA:CR45844",0,0,0,0,0,0,0,0,0,0,0,0
"2SrRNA:CR45836",0,0,0,0,0,0,0,0,0,0,0,0
"2SrRNA:CR45840",0,0,0,0,0,0,0,0,0,0,0,0
"2SrRNA:CR45843",0,0,0,0,0,0,0,0,0,0,0,0
"2SrRNA:CR45864",0,0,0,0,0,0,0,0,0,0,0,0
"2mit",0,0,0,0,0,0,0,0,0,0,0,0
"4E-T",1,0,0,0,0,2,1,0,0,0,0,0
"5-HT1A",0,0,0,0,0,0,0,0,0,0,0,0
"5-HT1B",0,0,0,0,0,0,0,0,0,0,0,0
"5-HT2A",15,19,33,12,10,8,25,25,9,26,4,19
"5-HT2B",24,18,34,31,24,41,43,27,15,38,40,31
"5-HT7",20,7,15,25,18,26,31,15,19,41,20,30
"5.8SrRNA:CR40454",0,0,0,0,0,0,0,0,0,0,0,0
"5.8SrRNA:CR45839",0,0,0,0,0,0,0,0,0,0,0,0
"5.8SrRNA:CR45842",0,0,0,0,0,0,0,0,0,0,0,0
"5.8SrRNA:CR45852",0,0,0,0,0,0,0,0,0,0,0,0
"5PtaseI",119,125,79,62,90,115,90,89,88,98,110,92
"5SrRNA:CR33353",0,0,0,0,0,0,0,0,0,0,0,0
"5SrRNA:CR33354",0,0,0,0,0,0,0,0,0,0,0,0
"5SrRNA:CR33355",0,0,0,0,0,0,0,0,0,0,0,0
"5SrRNA:CR33357",0,0,0,0,0,0,0,0,0,0,0,0
"5SrRNA:CR33358",0,0,0,0,0,0,0,0,0,0,0,0
"5SrRNA:CR33359",0,0,0,0,0,0,0,0,0,0,0,0
"5SrRNA:CR33360",0,0,0,0,0,0,0,0,0,0,0,0
"5SrRNA:CR33361",0,0,0,0,0,0,0,0,0,0,0,0
"5SrRNA:CR33362",0,0,0,0,0,0,0,0,0,0,0,0
"5SrRNA:CR33364",0,0,0,0,0,0,0,0,0,0,0,0
"5SrRNA:CR33365",0,0,0,0,0,0,0,0,0,0,0,0
"5SrRNA:CR33366",0,0,0,0,0,0,0,0,0,0,0,0
"5SrRNA:CR33367",0,0,0,0,0,0,0,0,0,0,0,0
"5SrRNA:CR33368",0,0,0,0,0,0,0,0,0,0,0,0
"5SrRNA:CR33369",0,0,0,0,0,0,0,0,0,0,0,0
"5SrRNA:CR33370",0,0,0,0,0,0,0,0,0,0,0,0
"5SrRNA:CR33372",0,0,0,0,0,0,0,0,0,0,0,0
"5SrRNA:CR33373",0,0,0,0,0,0,0,0,0,0,0,0
"5SrRNA:CR33374",0,0,0,0,0,0,0,0,0,0,0,0
"5SrRNA:CR33375",0,0,0,0,0,0,0,0,0,0,0,0
"5SrRNA:CR33376",0,0,0,0,0,0,0,0,0,0,0,0
"5SrRNA:CR33377",0,0,0,0,0,0,0,0,0,0,0,0
"5SrRNA:CR33378",0,0,0,0,0,0,0,0,0,0,0,0
"5SrRNA:CR33379",0,0,0,0,0,0,0,0,0,0,0,0
"5SrRNA:CR33380",0,0,0,0,0,0,0,0,0,0,0,0
"5SrRNA:CR33381",0,0,0,0,0,0,0,0,0,0,0,0
"5SrRNA:CR33382",0,0,0,0,0,0,0,0,0,0,0,0
"5SrRNA:CR33383",0,0,0,0,0,0,0,0,0,0,0,0
"5SrRNA:CR33384",0,0,0,0,0,0,0,0,0,0,0,0
"5SrRNA:CR33385",0,0,0,0,0,0,0,0,0,0,0,0
"5SrRNA:CR33386",0,0,0,0,0,0,0,0,0,0,0,0
"5SrRNA:CR33387",0,0,0,0,0,0,0,0,0,0,0,0
"5SrRNA:CR33388",0,0,0,0,0,0,0,0,0,0,0,0
"5SrRNA:CR33389",0,0,0,0,0,0,0,0,0,0,0,0
"5SrRNA:CR33390",0,0,0,0,0,0,0,0,0,0,0,0
"5SrRNA:CR33391",0,0,0,0,0,0,0,0,0,0,0,0
"5SrRNA:CR33392",0,0,0,0,0,0,0,0,0,0,0,0
"5SrRNA:CR33393",0,0,0,0,0,0,0,0,0,0,0,0
"5SrRNA:CR33394",0,0,0,0,0,0,0,0,0,0,0,0
"5SrRNA:CR33395",0,0,0,0,0,0,0,0,0,0,0,0
"5SrRNA:CR33396",0,0,0,0,0,0,0,0,0,0,0,0
"5SrRNA:CR33397",0,0,0,0,0,0,0,0,0,0,0,0
"5SrRNA:CR33398",0,0,0,0,0,0,0,0,0,0,0,0
"5SrRNA:CR33399",0,0,0,0,0,0,0,0,0,0,0,0
"5SrRNA:CR33400",0,0,0,0,0,0,0,0,0,0,0,0
"5SrRNA:CR33401",0,0,0,0,0,0,0,0,0,0,0,0
"5SrRNA:CR33402",0,0,0,0,0,0,0,0,0,0,0,0
"5SrRNA:CR33403",0,0,0,0,0,0,0,0,0,0,0,0
"5SrRNA:CR33404",0,0,0,0,0,0,0,0,0,0,0,0
"5SrRNA:CR33405",0,0,0,0,0,0,0,0,0,0,0,0
"5SrRNA:CR33406",0,0,0,0,0,0,0,0,0,0,0,0
"5SrRNA:CR33407",0,0,0,0,0,0,0,0,0,0,0,0
"5SrRNA:CR33408",0,0,0,0,0,0,0,0,0,0,0,0
"5SrRNA:CR33409",0,0,0,0,0,0,0,0,0,0,0,0
"5SrRNA:CR33410",0,0,0,0,0,0,0,0,0,0,0,0
"5SrRNA:CR33411",0,0,0,0,0,0,0,0,0,0,0,0
"5SrRNA:CR33412",0,0,0,0,0,0,0,0,0,0,0,0
"5SrRNA:CR33413",0,0,0,0,0,0,0,0,0,0,0,0
"5SrRNA:CR33414",0,0,0,0,0,0,0,0,0,0,0,0
"5SrRNA:CR33415",0,0,0,0,0,0,0,0,0,0,0,0
"5SrRNA:CR33417",0,0,0,0,0,0,0,0,0,0,0,0
"5SrRNA:CR33418",0,0,0,0,0,0,0,0,0,0,0,0
"5SrRNA:CR33419",0,0,0,0,0,0,0,0,0,0,0,0
"5SrRNA:CR33420",0,0,0,0,0,0,0,0,0,0,0,0
"5SrRNA:CR33421",0,0,0,0,0,0,0,0,0,0,0,0
"5SrRNA:CR33422",0,0,0,0,0,0,0,0,0,0,0,0
"5SrRNA:CR33423",0,0,0,0,0,0,0,0,0,0,0,0
"5SrRNA:CR33424",0,0,0,0,0,0,0,0,0,0,0,0
"5SrRNA:CR33425",0,0,0,0,0,0,0,0,0,0,0,0
"5SrRNA:CR33426",0,0,0,0,0,0,0,0,0,0,0,0
"5SrRNA:CR33427",0,0,0,0,0,0,0,0,0,0,0,0
"5SrRNA:CR33428",0,0,0,0,0,0,0,0,0,0,0,0
"5SrRNA:CR33429",0,0,0,0,0,0,0,0,0,0,0,0
"5SrRNA:CR33430",0,0,0,0,0,0,0,0,0,0,0,0
"5SrRNA:CR33431",0,0,0,0,0,0,0,0,0,0,0,0
"5SrRNA:CR33432",0,0,0,0,0,0,0,0,0,0,0,0
"5SrRNA:CR33433",0,0,0,0,0,0,0,0,0,0,0,0
"5SrRNA:CR33434",0,0,0,0,0,0,0,0,0,0,0,0
"5SrRNA:CR33435",0,0,0,0,0,0,0,0,0,0,0,0
"5SrRNA:CR33436",0,0,0,0,0,0,0,0,0,0,0,0
"5SrRNA:CR33437",0,0,0,0,0,0,0,0,0,0,0,0
"5SrRNA:CR33438",0,0,0,0,0,0,0,0,0,0,0,0
"5SrRNA:CR33439",0,0,0,0,0,0,0,0,0,0,0,0
"5SrRNA:CR33440",0,0,0,0,0,0,0,0,0,0,0,0
"5SrRNA:CR33441",0,0,0,0,0,0,0,0,0,0,0,0
"5SrRNA:CR33442",0,0,0,0,0,0,0,0,0,0,0,0
"5SrRNA:CR33443",0,0,0,0,0,0,0,0,0,0,0,0
"5SrRNA:CR33444",0,0,0,0,0,0,0,0,0,0,0,0
"5SrRNA:CR33445",0,0,0,0,0,0,0,0,0,0,0,0
"5SrRNA:CR33446",0,0,0,0,0,0,0,0,0,0,0,0
"5SrRNA:CR33447",0,0,0,0,0,0,0,0,0,0,0,0
"5SrRNA:CR33448",0,0,0,0,0,0,0,0,0,0,0,0
"5SrRNA:CR33449",0,0,0,0,0,0,0,0,0,0,0,0
"5SrRNA:CR33450",0,0,0,0,0,0,0,0,0,0,0,0
"5SrRNA:CR33451",0,0,0,0,0,0,0,0,0,0,0,0
"5SrRNA:CR33452",0,0,0,0,0,0,0,0,0,0,0,0
"7B2",0,0,0,0,0,0,0,0,0,0,0,0
"7SLRNA:CR32864",1,4,5,11,6,4,8,2,13,6,11,5
"7SLRNA:CR42652",2,6,2,12,9,3,4,5,15,6,4,7
"825-Oak",566,813,241,66,107,161,529,62,603,484,145,333
"AANATL2",0,2,0,0,0,3,0,0,0,0,1,0
"AANATL3",40,24,24,3,3,1,115,70,31,16,15,26
"AANATL4",6,5,2,4,1,8,10,9,6,0,1,0
"AANATL5",0,0,0,0,0,0,0,0,0,0,0,0
"AANATL6",0,5,0,0,0,2,0,0,0,0,0,0
"AANATL7",0,0,0,11,9,0,0,1,4,0,1,3
"ABCB7",10,3,2,6,1,9,7,2,15,5,7,13
"ACC",23,31,25,12,15,24,29,38,19,16,31,15
"ACOX1",1179,1401,1110,1229,1323,1276,1164,1162,1362,1187,1714,1139
"ACXA",0,0,0,0,0,0,0,0,0,0,0,0
"ACXB",0,1,1,159,115,219,0,0,0,114,110,135
"ACXC",0,0,0,0,0,0,0,0,0,0,0,0
"ACXD",0,0,0,0,0,0,0,0,0,0,0,0
"ACXE",1,0,4,72,68,91,0,0,0,61,52,54
"ADD1",146,131,128,202,182,250,147,103,102,248,247,230
"AGBE",836,1897,864,507,579,491,1508,1021,739,568,636,546
"AGO1",159,116,138,127,123,186,180,143,91,164,148,124
"AGO2",0,0,0,0,0,0,0,0,0,0,0,0
"AGO3",1,0,4,1,2,2,2,5,2,0,0,0
"AIF",0,0,0,0,0,0,0,0,0,0,0,0
"AIMP1",317,317,337,326,331,294,288,296,363,312,420,292
"AIMP2",9,6,13,11,17,23,6,24,19,12,11,14
"AIMP3",536,448,459,458,468,463,500,455,504,431,528,434
"ALiX",1268,1472,1180,1387,1411,1645,1220,1256,971,1253,1537,1262
"AMPKalpha",0,0,0,0,0,0,0,0,0,0,0,0
"AMPdeam",44,88,64,33,44,54,46,47,38,25,28,51
"AOX1",1075,1487,1061,385,366,423,2349,1801,927,1055,948,1049
"AOX2",7,2,2,32,15,18,9,3,4,12,16,16
"AOX3",1,3,0,1,0,0,0,0,0,3,0,1
"AOX4",36,14,33,17,22,16,18,24,16,11,25,20
"AP-1-2beta",863,912,895,820,732,957,868,886,797,907,1075,833
"AP-1gamma",0,0,0,0,0,2,3,1,0,0,0,0
"AP-1mu",654,691,634,580,665,723,614,618,571,550,735,608
"AP-1sigma",411,440,444,367,388,394,438,421,460,301,423,377
"AP-2alpha",469,543,505,504,442,650,569,535,562,517,518,502
"AP-2mu",0,0,0,0,0,0,0,0,0,0,0,0
"AP-2sigma",643,666,670,702,735,667,744,680,822,701,897,721
"APC10",77,91,67,92,93,93,46,60,108,88,86,84
"APC4",0,0,0,0,0,0,0,0,0,0,0,0
"APC7",0,1,0,0,0,0,1,0,0,0,0,0
"APP-BP1",1,0,8,62,52,73,0,0,0,34,23,38
"AQP",1,4,9,4,5,6,2,11,1,3,2,9
"ARY",0,0,0,0,0,0,0,0,0,0,0,0
"ASPP",2,3,0,5,1,13,6,2,3,4,5,12
"ATP6",195511,218763,276223,134604,100443,117446,163671,153058,220188,180925,173214,94513
"ATP6AP2",4146,4821,4219,3134,3265,3628,5307,5526,5043,4207,4625,3997
"ATP7",166,140,179,159,137,183,233,218,197,157,220,172
"ATP8",17,71,44,10,16,3,12,6,6,37,51,10
"ATP8A",72,84,102,80,66,81,68,69,80,89,82,95
"ATP8B",0,0,0,0,0,0,0,0,0,0,0,0
"ATPCL",9,12,18,16,22,5,5,7,4,15,13,14
"ATPsynB",22254,21661,20075,19132,19329,18875,19948,19076,19237,17730,17710,17027
"ATPsynC",0,0,0,0,0,0,0,0,0,0,0,0
"ATPsynCF6",0,1,1,0,0,1,0,0,0,1,0,1
"ATPsynCF6L",0,1,20,496,476,537,0,0,2,281,290,271
"ATPsynD",0,0,2,0,0,0,0,0,0,0,0,0
"ATPsynE",0,0,1,5,8,8,0,0,0,3,4,3
"ATPsynF",0,0,0,0,0,0,0,0,0,0,0,0
"ATPsynG",10,8,14,9,14,3,0,0,0,0,0,0
"ATPsynGL",0,4,20,687,736,817,0,2,1,430,413,482
"ATPsynO",24967,24445,20774,20707,21582,21123,23573,20267,23853,17578,17215,18289
"ATPsynbeta",370,290,335,317,256,356,394,317,380,312,246,273
"ATPsynbetaL",0,1,7,177,214,247,0,0,0,169,201,199
"ATPsyndelta",64,54,60,10,3,5,40,30,51,13,10,6
"ATPsynepsilonL",0,0,0,0,0,0,0,0,0,0,0,0
"ATPsyngamma",0,7,11,7,4,8,8,0,2,3,4,2
"ATbp",63,68,54,83,70,107,76,77,64,72,68,56
"Aasdh",0,0,0,0,0,0,0,0,0,0,0,0
"Aatf",356,297,256,421,404,426,262,266,251,283,342,353
"Abca3",51,88,83,35,30,42,79,83,58,31,25,34
"Abcd1",24,16,13,19,8,18,34,22,30,13,15,7
"Abcd3",6,7,6,2,4,8,12,6,9,6,17,6
"Abd-B",0,4,2,6,4,10,1,2,1,7,2,5
"Abi",1,0,1,1,0,0,0,0,0,0,1,1
"Abl",0,0,0,0,0,0,0,0,0,0,0,0
"Abp1",585,641,609,472,502,470,612,523,562,412,525,417
"Ac13E",25,47,37,19,30,18,47,20,33,20,31,22
"Ac3",362,328,390,451,274,505,392,283,296,423,492,380
"Ac76E",11,9,22,17,6,13,17,17,10,8,11,3
"Ac78C",0,2,2,0,5,0,3,4,5,3,1,2
"AcCoAS",136,164,175,144,120,230,154,145,137,154,131,204
"Acadvl",25,39,14,24,19,30,29,35,48,28,30,32
"Acam",0,0,0,0,0,0,0,0,0,0,0,0
"Acat1",1,0,0,1,0,0,1,6,0,0,1,0
"Acat2",715,745,622,651,635,716,592,578,751,561,755,563
"Acbp1",0,0,0,0,0,0,0,0,0,0,0,0
"Acbp2",4,1,2,3,1,2,0,6,1,0,0,1
"Acbp3",0,0,0,0,0,0,0,0,0,0,0,0
"Acbp4",0,0,0,2,4,7,0,0,0,2,4,7
"Acbp5",359,370,197,121,106,42,726,657,560,176,319,93
"Acbp6",0,0,0,0,0,4,2,0,1,0,3,0
"Ace",657,537,711,854,765,1122,630,501,453,1058,950,745
"Acer",18,36,19,20,24,25,12,2,16,8,13,9
"Acf",294,324,331,470,403,517,302,309,250,332,389,319
"Achl",209,178,219,17,3,6,300,200,34,8,5,34
"Ack",374,530,372,825,875,1046,432,439,397,896,860,761
"Ack-like",65,66,54,101,60,88,60,49,49,73,98,64
"Acn",7,10,1,14,7,13,10,8,10,1,1,4
"Acox3",17,28,30,17,32,28,41,18,40,20,26,17
"Acox57D-d",95,107,70,44,50,50,94,85,84,67,86,45
"Acox57D-p",26,39,17,21,23,8,31,18,22,13,23,22
"Acp1",3944,4099,3565,3246,4662,4032,2068,2125,4029,2997,5982,2804
"Acp24A4",1,5,5,3,3,0,3,0,0,1,1,12
"Acp26Aa",0,0,2,9,0,6,0,0,0,244,20,295
"Acp26Ab",0,0,0,0,0,0,0,0,0,0,0,0
"Acp29AB",0,0,0,10,4,10,0,0,0,129,62,111
"Acp32CD",0,0,0,0,0,0,0,0,0,0,0,0
"Acp33A",0,0,0,7,0,2,0,0,0,98,12,150
"Acp36DE",0,0,0,0,0,0,0,0,0,0,0,0
"Acp53C14a",0,0,0,8,0,2,9,0,0,18,7,6
"Acp53C14b",0,0,0,0,0,0,0,0,0,0,0,0
"Acp53C14c",0,0,0,0,0,0,0,0,0,0,0,0
"Acp53Ea",0,0,0,97,6,64,0,1,0,777,378,869
"Acp54A1",0,1,0,1,0,0,0,1,0,0,0,3
"Acp62F",0,0,0,54,4,28,2,0,1,578,325,817
"Acp63F",0,1,1,2,0,1,0,0,1,1,4,1
"Acp65Aa",30630,28755,21765,22401,43998,34839,20525,13915,42406,19166,55618,21890
"Acp76A",0,0,0,0,0,0,0,0,0,0,0,0
"Acp95EF",0,0,0,0,0,0,0,0,0,0,0,0
"Acp98AB",0,0,1,0,1,0,0,0,1,8,0,1
"Acph-1",0,2,0,2,2,0,0,2,0,0,0,0
"Acsf2",194,302,185,77,63,64,272,282,164,126,148,136
"Acsf3",22,12,30,680,686,915,10,13,12,581,459,523
"Acsl",33,33,27,22,12,15,43,23,24,26,29,27
"Acsx1L",6,34,14,10,14,8,30,37,32,28,17,23
"Acsx1R",32,51,35,32,26,21,106,90,127,141,41,59
"Acsx2",105,98,86,17,15,23,76,42,39,26,29,61
"Acsx3",248,366,308,67,83,76,403,356,205,111,139,226
"Acsx4",96,123,113,21,36,19,139,126,94,54,50,60
"Act42A",4214,7051,5782,6005,6099,5707,4295,7012,7123,6598,7577,6567
"Act57B",232131,256150,251854,107084,150737,150488,136469,173165,223697,170042,220225,179204
"Act5C",27,55,29,19,29,21,39,46,43,24,16,28
"Act79B",0,0,0,0,0,0,0,0,0,0,1,0
"Act87E",61,47,57,19,41,47,50,52,75,39,65,42
"Act88F",243162,262356,230474,209494,172503,181179,223284,178236,165443,165151,154696,149208
"Actbeta",530,506,528,484,396,611,387,320,385,465,524,423
"Actn",102,100,107,58,65,65,98,111,48,63,92,63
"Actn3",7,0,35,982,966,1219,3,0,0,881,696,734
"Acyp",0,0,0,0,0,0,0,0,0,3,3,2
"Acyp2",1,0,0,0,0,0,0,0,0,0,0,3
"Ada",65,65,43,117,101,103,50,41,73,95,103,111
"Ada1-1",0,0,0,0,0,0,0,0,0,0,0,0
"Ada1-2",37,54,53,71,63,66,26,44,37,34,27,51
"Ada2a",0,0,0,0,0,0,0,0,0,0,0,0
"Ada2b",0,0,0,0,0,0,0,0,0,0,0,0
"Ada3",0,0,0,0,0,0,0,0,0,0,0,0
"AdamTS-A",26,30,28,8,18,19,32,36,29,12,21,18
"AdamTS-B",1,1,2,6,2,2,4,10,1,3,3,2
"Adar",26,28,46,19,32,50,15,12,24,21,12,12
"Adat1",7,20,12,5,7,6,7,13,8,6,1,4
"Adck1",8,12,3,10,22,12,17,13,7,4,10,10
"Adck5",0,0,2,25,32,49,0,0,0,4,7,38
"Adf1",0,0,0,0,0,0,0,0,0,0,0,0
"Adgf-A",0,0,0,0,0,0,0,0,0,0,0,0
"Adgf-A2",0,0,0,0,2,2,0,0,0,0,0,1
"Adgf-B",2,0,18,441,358,568,0,0,0,427,296,317
"Adgf-C",24,48,31,17,14,31,31,43,31,13,11,30
"Adgf-D",805,1003,720,397,366,337,944,740,484,458,338,476
"Adgf-E",1,0,41,772,717,1029,0,1,2,713,608,570
"Adh",192,276,185,55,42,62,182,188,111,66,74,79
"Adhr",0,0,0,0,0,0,0,0,0,0,0,0
"Adi1",546,591,442,435,463,459,601,527,571,422,535,424
"AdipoR",11,14,15,138,136,119,18,16,2,87,101,97
"Adk1",1,0,54,1338,1254,1611,0,1,3,1244,1068,1008
"Adk2",8,3,19,5,12,7,19,11,27,14,18,15
"Adk3",2456,2626,2284,3132,2269,3819,1174,849,1277,1402,2043,1457
"AdoR",0,0,0,0,0,0,0,0,0,0,0,0
"Adsl",819,1034,744,777,818,771,744,701,701,696,856,664
"Adss",3683,3477,3543,2015,1578,1858,3983,3660,2108,1793,1694,2515
"Aduk",44,36,57,34,67,38,41,38,46,29,34,35
"Ae2",4,2,11,2,3,0,1,1,0,0,1,2
"Aef1",157,132,173,150,139,217,147,138,162,156,212,151
"Afg3l2",354,511,445,521,362,555,450,391,268,453,431,458
"Afti",77,55,94,59,74,79,119,61,98,82,53,66
"Ag5r",0,0,0,0,0,1,0,0,0,0,0,0
"Ag5r2",209,158,113,233,227,41,258,64,45,31,264,22
"AgmNAT",76,76,66,36,45,31,75,77,79,69,55,22
"Agpat1",1,2,1,0,1,1,0,0,1,0,0,1
"Agpat2",0,0,3,0,0,0,0,0,0,0,0,0
"Agpat3",11,11,9,10,9,10,10,17,13,15,15,15
"Agpat4",0,0,1,0,0,0,1,2,0,1,0,1
"Agps",0,0,2,3,1,1,0,0,0,1,2,1
"Agxt",1912,2034,1557,1196,1192,1107,1985,2124,2160,1834,1879,1348
"Ahcy",32,9,11,14,15,31,24,27,19,15,22,38
"AhcyL1",887,966,866,895,752,986,1120,938,846,890,980,892
"AhcyL2",2,1,0,0,1,4,1,0,0,0,0,0
"Ak1",26,43,50,66,56,62,30,31,22,45,25,62
"Ak2",1,0,1,0,1,0,2,2,1,1,1,0
"Ak3",0,0,0,0,0,0,0,0,0,0,0,0
"Ak6",76,61,72,58,62,75,80,108,110,54,99,82
"Akap200",11,4,9,7,12,14,17,8,12,7,8,9
"Akh",52,31,34,53,58,48,67,59,46,30,39,56
"AkhR",16,18,20,30,28,21,46,27,30,21,18,23
"Akr1B",0,0,0,0,0,0,0,0,0,0,0,0
"Akt",97,122,96,84,88,118,85,78,87,79,95,86
"AlaRS",3,1,2,6,3,5,1,5,4,2,0,3
"AlaRS-m",340,406,361,266,288,327,407,322,402,326,351,288
"Aladin",0,3,4,0,0,0,0,0,5,0,0,0
"Alas",3912,3826,3672,3308,3038,3381,3466,3290,3438,3368,3421,3434
"Ald1",5177,4805,4929,5829,5100,6294,6518,5283,5677,4900,4399,4789
"Ald2",0,0,0,0,0,0,0,0,0,0,0,0
"Aldh",0,0,4,47,94,73,0,0,0,37,25,46
"Aldh-III",8,18,12,5,1,4,3,22,3,6,6,10
"Aldh7A1",849,1209,852,746,841,688,1094,976,944,952,1014,791
"Alg-2",825,895,790,744,885,857,927,802,1099,763,1045,765
"Alg1",227,324,233,242,227,296,265,255,262,263,277,247
"Alg10",126,154,120,280,219,265,129,130,160,217,261,193
"Alg11",4,3,7,4,4,5,2,3,2,5,6,1
"Alg12",577,699,612,488,511,639,488,512,697,528,654,592
"Alg13",41,51,44,47,44,56,45,37,62,46,46,42
"Alg14",69,61,73,57,93,74,66,70,82,44,61,60
"Alg2",239,245,227,172,231,163,205,204,215,228,273,198
"Alg3",190,184,131,224,230,261,208,160,215,208,263,180
"Alg7",237,297,237,223,220,233,254,229,221,264,222,230
"Alg9",170,174,131,107,113,139,179,210,181,134,180,114
"Alh",0,0,0,0,0,0,0,0,0,0,0,0
"Alk",51,27,48,85,66,117,59,53,48,81,71,69
"AlkB",0,0,0,0,0,0,0,0,0,0,0,0
"Alms1a",0,0,4,0,0,1,0,0,0,0,0,0
"Alms1b",0,0,0,0,0,0,0,0,0,0,0,0
"Alp1",0,0,0,0,0,0,0,0,0,0,0,0
"Alp10",33,9,12,0,3,0,41,17,2,0,1,1
"Alp11",9,14,18,278,290,263,1,6,7,209,179,157
"Alp12",14,14,25,10,6,16,21,15,15,6,24,13
"Alp13",43,52,54,16,19,26,31,36,44,52,33,33
"Alp2",1,3,0,1,0,1,0,2,0,0,2,2
"Alp4",129,197,122,43,49,53,209,159,62,65,25,66
"Alp5",46,37,20,8,0,2,59,82,6,3,0,8
"Alp6",0,0,0,0,0,0,0,0,0,0,0,0
"Alp7",0,1,4,0,1,2,0,3,0,0,1,5
"Alp8",0,0,0,0,0,0,0,0,0,0,0,0
"Alp9",0,0,0,0,0,0,0,0,0,0,0,0
"Alr",0,0,1,37,48,29,0,0,0,18,18,32
"Als2",296,420,347,262,268,327,392,323,268,291,287,274
"Ama",1,0,0,3,0,7,1,0,0,0,0,0
"Amacr",0,0,0,3,0,1,1,0,0,0,1,1
"Amnionless",0,0,0,0,2,1,0,3,2,0,3,0
"Amph",76,83,78,60,25,61,64,90,79,63,64,62
"Amt",42,47,51,20,13,35,42,19,27,35,19,40
"Amun",1,1,0,5,1,1,0,0,0,1,0,1
"Amy-d",35,50,30,6,14,10,70,82,47,36,40,52
"Amy-p",0,2,0,0,0,0,0,0,0,0,0,0
"Amyrel",1,1,2,1,1,4,0,0,1,0,0,0
"Ance",0,0,3,0,0,0,2,0,1,0,0,0
"Ance-2",421,441,449,262,389,430,575,728,1255,1239,1365,961
"Ance-3",2,4,0,2,0,7,0,3,3,2,3,0
"Ance-4",10,14,20,7,7,12,15,12,16,17,16,12
"Ance-5",172,257,94,122,188,86,154,181,149,77,189,98
"Andorra",1,1,9,153,146,196,1,1,0,138,133,109
"Ank",69,108,71,70,80,77,64,60,55,47,60,62
"Ank2",0,0,3,2,2,1,2,0,0,1,0,0
"Ankle2",4,2,2,3,1,0,3,0,1,2,2,1
"Ankrd49",58,81,72,178,167,160,94,78,76,145,152,114
"Anp",0,0,0,0,0,0,0,0,0,0,0,0
"Ant2",0,0,0,0,0,0,0,0,0,0,0,0
"Antdh",239,221,234,81,92,144,146,187,250,90,121,192
"Antp",0,2,0,0,0,2,0,2,0,3,2,1
"AnxB10",5,6,5,1,3,5,4,2,6,0,0,3
"AnxB11",3,0,3,6,5,4,6,7,1,1,1,4
"AnxB9",587,601,597,372,414,429,568,742,705,415,416,539
"Aos1",290,272,201,281,268,311,233,205,293,260,310,218
"Apc",7,1,1,3,7,3,1,0,7,2,4,0
"Apc2",0,0,0,0,0,0,0,0,0,0,0,0
"ApepP",0,0,0,0,0,0,0,0,0,0,0,0
"Apl",0,0,4,56,79,131,0,0,0,32,27,49
"Aplip1",0,0,0,0,0,0,0,0,0,0,0,0
"Apoltp",1012,1444,878,908,958,1067,764,507,613,640,900,583
"Appl",0,0,1,0,2,2,0,2,0,2,0,4
"Aprt",0,0,0,1,3,0,0,0,0,0,0,2
"Aps",55,77,62,52,49,65,38,49,50,50,59,79
"Apt1",25,40,36,22,25,28,53,25,36,19,39,38
"Aptx",0,0,0,0,0,0,0,2,0,0,0,1
"Arc1",3951,3300,3754,4567,5251,4879,7187,9138,6483,11221,10808,11789
"Arc2",74,42,44,71,58,66,138,127,121,66,115,110
"Arc42",875,865,735,726,769,686,702,679,859,688,893,662
"Archease",158,194,155,151,153,194,185,179,216,210,238,190
"Arf1",52,64,42,56,34,43,40,43,30,19,36,42
"Arf4",13,18,17,14,6,9,11,8,7,10,0,4
"Arf6",36,26,21,23,27,27,22,17,12,15,15,14
"ArfGAP1",6,5,2,5,2,2,0,1,3,6,3,1
"ArfGAP3",13,7,10,4,0,12,5,3,11,9,12,8
"Arfip",235,247,247,423,371,433,281,283,258,322,346,300
"Arfrp1",68,88,90,143,165,161,71,85,99,105,117,98
"ArgRS",546,603,478,494,549,542,504,469,575,508,701,521
"ArgRS-m",12,7,13,7,7,14,13,10,16,5,4,11
"Argk1",44,32,23,35,25,31,42,30,28,23,22,27
"Argk2",31,30,66,955,867,1308,23,28,18,913,789,716
"Argl",1,8,1,3,11,13,1,2,1,2,5,7
"Arglu1",198,264,222,204,207,342,258,178,195,279,303,265
"Argp",28,19,20,24,28,20,21,21,22,22,20,23
"Arl1",295,375,256,313,427,430,392,406,379,387,482,343
"Arl2",112,145,122,294,307,288,175,156,178,240,313,219
"Arl4",2,1,0,0,0,0,0,0,0,2,2,0
"Arl5",335,386,275,340,344,340,392,317,348,327,396,334
"Arl6",0,0,0,0,0,0,0,0,0,0,0,0
"Arl6IP1",0,0,1,8,3,0,0,2,0,0,3,2
"Arl8",15,12,10,17,8,14,20,14,10,28,23,8
"Arms",0,0,0,0,0,0,0,0,0,0,0,0
"Arp1",1132,1161,1177,1014,1024,1081,1073,1275,1191,1076,1254,956
"Arp10",0,0,0,0,0,0,0,0,0,0,0,0
"Arp2",171,221,214,140,193,197,240,190,345,178,237,190
"Arp3",128,140,82,105,120,105,167,165,127,80,133,144
"Arp5",0,0,0,3,4,5,0,0,1,0,2,7
"Arp53D",5,0,46,1366,1297,1275,1,1,1,1100,916,870
"Arp6",337,436,346,311,322,347,325,259,382,367,401,358
"Arp8",45,51,34,48,51,63,32,50,48,34,31,37
"Arpc1",0,0,0,0,0,0,0,0,0,0,0,0
"Arpc2",0,0,0,1,2,0,0,0,0,0,0,2
"Arpc3A",36,53,54,23,47,56,42,39,56,56,62,46
"Arpc3B",0,0,0,0,0,0,0,0,0,0,0,0
"Arpc4",431,397,383,353,373,344,366,398,407,353,495,394
"Arpc5",5,1,1,1,5,11,1,2,6,3,6,2
"Arr1",70,45,76,50,58,72,101,86,114,65,76,81
"Arr2",7438,8240,8279,4127,5280,6073,5850,5925,5195,5073,3976,5416
"Ars2",8,16,19,14,20,26,17,9,11,24,29,12
"Art1",320,357,322,313,294,329,345,419,343,376,359,305
"Art2",0,0,0,0,0,3,0,0,0,0,0,1
"Art3",0,0,0,0,0,0,0,0,0,0,0,0
"Art4",11,10,14,13,17,17,11,6,16,8,8,12
"Art6",0,0,0,70,47,27,0,0,0,31,29,30
"Art7",130,117,101,120,116,137,88,104,99,108,97,82
"Art8",0,0,0,1,0,0,0,1,0,0,1,1
"Art9",0,0,0,25,14,24,0,0,0,20,23,14
"Arts",0,0,0,0,0,0,0,0,0,0,0,0
"Arv1",0,0,0,0,0,0,0,0,0,0,0,0
"Asap",4,11,3,3,5,2,9,4,8,1,1,3
"Asator",83,127,85,73,72,63,88,74,90,95,88,85
"Asciz",15,16,21,27,42,30,13,10,4,9,17,23
"Ask1",0,0,0,0,2,0,2,2,2,0,0,0
"AsnRS",18,16,13,11,12,25,13,9,9,8,16,15
"AsnRS-m",124,153,109,155,92,94,102,111,156,97,128,96
"AsnS",3765,3899,3297,2380,2024,2367,1706,1708,1568,1755,1385,1831
"AspRS",2,5,2,0,2,3,2,1,1,1,1,1
"AspRS-m",38,26,19,32,29,21,23,27,53,26,22,25
"Asph",1,0,0,1,0,0,0,0,1,0,2,0
"Ass",0,0,0,0,0,0,0,0,0,0,0,0
"AstA",35,59,52,36,42,54,61,37,35,31,33,29
"AstA-R1",0,0,0,0,0,0,0,0,0,0,0,0
"AstA-R2",4,6,1,9,6,10,7,8,3,1,1,11
"AstC",0,0,0,0,0,0,0,0,0,0,0,0
"AstC-R1",51,69,65,83,100,107,86,73,78,49,89,77
"AstC-R2",0,0,0,0,0,0,0,0,0,0,0,0
"AstCC",0,0,0,0,0,0,0,0,0,0,0,0
"Asx",0,1,3,8,0,6,2,8,8,4,9,3
"Atac1",64,59,65,84,100,97,101,67,97,81,82,83
"Atac2",110,79,121,83,109,139,96,91,90,96,105,103
"Atac3",0,0,0,0,0,0,0,0,0,0,0,0
"Atat",0,0,2,1,3,1,0,0,0,4,7,5
"Ate1",0,0,0,0,0,0,0,0,0,0,0,0
"Atet",3,3,6,32,31,37,0,6,2,11,15,19
"Atf-2",158,158,156,384,324,348,148,135,128,288,308,286
"Atf3",0,0,0,0,0,0,0,0,0,0,0,0
"Atf6",16,17,9,14,11,8,10,8,9,15,15,20
"Atg1",187,254,205,132,96,143,261,234,165,165,181,157
"Atg10",0,0,0,0,0,0,0,0,0,0,0,0
"Atg101",401,553,411,280,221,314,528,576,297,263,235,258
"Atg12",89,82,90,110,113,136,113,78,110,85,98,80
"Atg13",1223,2509,1498,713,638,750,2330,2386,625,601,656,625
"Atg14",405,449,402,446,455,450,411,407,334,410,443,401
"Atg16",0,0,0,1,2,5,0,0,0,0,0,2
"Atg17",2,0,1,4,6,1,2,2,1,0,2,1
"Atg18a",0,0,0,0,2,0,0,0,1,0,1,0
"Atg18b",53,45,46,37,43,29,41,48,56,58,67,30
"Atg2",0,0,0,0,0,0,0,0,0,0,0,0
"Atg3",492,581,519,533,579,565,550,493,711,499,685,517
"Atg4a",0,0,0,0,4,0,0,0,0,0,0,0
"Atg4b",198,259,208,182,165,187,222,247,178,169,160,140
"Atg5",201,244,195,216,233,268,250,222,255,210,226,208
"Atg6",350,406,368,333,343,330,315,339,314,290,375,264
"Atg7",32,35,34,34,34,43,47,53,42,45,41,44
"Atg8a",1012,1162,1027,914,982,1131,1064,1326,980,803,837,906
"Atg8b",0,0,0,0,0,0,0,0,0,0,0,0
"Atg9",0,0,0,0,0,0,0,0,0,0,0,0
"Atox1",0,0,0,0,0,0,0,0,0,0,0,0
"Atpalpha",2486,2015,2541,2913,2520,3554,2860,2018,2200,4107,3554,2775
"AttA",26,16,19,92,38,63,12,18,16,22,28,30
"AttB",1,2,2,0,0,0,4,0,0,2,0,1
"AttC",9,7,9,45,36,27,26,36,45,6,15,27
"AttD",75,41,49,236,245,287,485,319,354,248,227,790
"Atu",0,0,0,0,0,0,0,0,0,0,0,0
"Atx-1",1,2,1,8,10,15,1,1,4,10,9,10
"Atx2",34,39,46,55,49,75,28,35,34,43,49,38
"Atxn7",5,0,0,1,0,3,2,1,2,0,2,4
"Aven",0,0,0,0,0,0,0,0,0,0,0,0
"Awh",0,0,0,0,0,0,0,0,0,0,0,0
"Axn",0,0,0,0,0,0,0,0,0,0,0,0
"Axs",119,173,157,59,93,98,145,170,107,98,81,130
"Axud1",0,0,0,0,0,0,0,0,0,1,1,0
"B-H1",0,0,0,0,0,0,0,0,0,0,0,0
"B-H2",0,0,0,0,0,0,1,0,0,0,0,0
"B4",160,207,204,186,152,212,214,190,189,208,185,223
"B52",4,3,0,0,2,7,3,4,7,4,7,0
"B9d1",0,3,25,225,268,276,0,9,4,197,278,159
"B9d2",0,0,0,0,0,0,0,0,0,0,0,0
"BBIP1",0,0,0,0,0,0,0,0,0,0,0,0
"BBS1",4,1,3,14,6,23,4,1,3,8,17,14
"BBS4",0,0,3,1,1,1,0,4,5,10,2,3
"BBS5",12,13,10,9,7,17,4,14,15,18,12,17
"BBS8",5,13,6,10,6,6,4,12,5,7,16,3
"BBS9",25,15,24,7,14,30,15,18,30,35,22,13
"BCAS2",109,104,87,84,97,78,102,108,94,102,134,115
"BCL7-like",98,105,117,110,95,122,110,102,127,77,114,72
"BEAF-32",5,3,13,8,4,1,1,1,2,0,3,4
"BG642163",0,0,0,0,0,0,0,0,0,0,0,0
"BG642167",0,0,1,56,41,82,0,1,0,292,225,317
"BG642312",0,0,2,0,0,1,0,1,0,0,0,0
"BHD",152,142,148,141,148,205,195,204,232,202,206,171
"BI-1",2,10,9,18,9,1,6,15,13,6,9,14
"BNIP3",117,196,136,192,233,224,137,152,122,137,186,176
"BOD1",3,1,0,0,0,0,8,0,0,0,0,0
"BORCS5",137,116,115,196,220,221,137,141,130,184,233,178
"BORCS6",0,0,3,0,0,0,0,0,0,0,0,0
"BORCS7",0,0,0,0,0,0,0,0,0,0,0,0
"BRWD3",428,538,492,286,318,421,438,433,387,320,419,332
"BTBD9",5,6,5,7,3,4,1,6,5,4,1,4
"Bacc",11,13,8,10,4,8,11,17,11,25,19,8
"Bace",0,0,0,0,0,0,0,0,0,1,0,0
"Balat",0,0,0,0,0,0,0,0,0,0,0,0
"Baldspot",505,442,424,343,317,344,589,456,637,592,653,491
"Bap111",203,203,174,323,347,407,173,190,191,302,401,290
"Bap170",151,149,138,282,228,401,397,422,368,659,589,613
"Bap55",165,154,105,170,198,136,147,138,146,138,200,134
"Bap60",548,514,451,394,365,324,448,441,527,329,515,299
"BaraA1",0,0,0,0,0,0,0,0,0,0,0,0
"BaraA2",0,0,0,0,0,0,0,0,0,0,0,0
"BaraB",0,3,1,3,4,3,5,3,13,6,8,6
"BaraC",176,183,175,166,204,213,181,191,205,143,193,155
"Bbd",4,3,0,6,9,1,1,8,1,7,0,9
"Bcat",1256,1352,1352,1011,828,1065,933,841,779,650,712,592
"BckdhA",376,439,290,354,389,416,429,368,490,436,464,331
"BckdhB",16,8,15,6,4,7,17,10,6,12,13,5
"Bcs1",10,10,6,6,18,10,12,8,7,8,18,10
"Bdbt",161,166,172,208,201,226,194,189,237,196,242,185
"Bdp1",0,0,0,2,3,0,0,0,0,4,2,0
"Bem46",247,254,193,298,318,315,233,222,258,315,385,290
"Best1",3,10,5,9,10,17,7,6,11,13,7,12
"Best2",619,649,697,291,326,379,510,521,401,325,471,460
"Best3",3,1,13,211,194,201,0,3,0,166,138,136
"Best4",4,1,6,88,122,112,0,0,3,80,84,86
"Bet1",4,0,8,2,0,2,1,2,2,2,0,2
"Bet3",138,145,122,146,165,159,170,154,192,149,168,161
"Bet5",241,213,201,215,232,212,246,226,257,233,203,206
"Bfc",3,2,137,3961,3689,4359,0,0,4,3312,2911,2629
"Bgb",0,0,0,0,0,0,0,0,0,0,0,0
"Bhmt",0,0,0,0,0,1,0,0,0,0,0,1
"BicC",0,0,2,46,58,90,0,0,0,32,20,29
"BicD",118,119,121,174,107,210,154,111,120,160,155,185
"Bicra",0,2,0,0,0,2,1,0,0,1,2,2
"BigH1",17,22,9,124,115,131,12,16,13,156,125,113
"Bili",6,4,4,9,1,28,1,3,0,2,1,2
"Bin1",51,49,38,133,139,151,303,174,237,609,1154,665
"Bka",103,95,110,137,115,155,122,118,144,122,121,117
"Blimp-1",106,286,138,11,7,10,478,373,41,11,2,14
"Blm",79,98,121,383,387,426,64,77,74,499,458,380
"Blos1",197,160,154,143,178,191,183,184,199,174,210,164
"Blos2",84,91,93,72,100,93,87,111,87,117,127,92
"Blos3",38,43,40,60,69,48,62,66,80,48,78,59
"Blos4",7,10,10,11,6,9,2,4,10,9,11,13
"Bmcp",22,26,12,13,20,11,6,7,12,8,18,10
"BoYb",17,30,28,20,14,34,22,26,7,26,24,26
"BobA",0,0,0,0,0,0,0,0,0,0,0,0
"Boh1",21,20,17,56,50,37,14,19,14,31,59,31
"Boh2",1,0,1,0,0,1,0,0,2,2,0,4
"BomBc1",6,8,6,156,150,70,95,67,11,138,178,21
"BomBc2",0,0,0,0,0,0,0,0,0,0,0,0
"BomBc3",0,4,0,0,0,0,0,0,0,0,0,0
"BomS1",5,15,9,261,212,103,164,71,16,169,199,26
"BomS2",21,63,29,409,323,302,232,112,23,167,194,48
"BomS3",0,0,0,17,7,12,6,0,1,1,2,1
"BomS4",5,25,7,9,10,2,27,18,4,6,3,3
"BomS5",0,3,0,8,2,10,4,3,1,1,3,2
"BomS6",8,2,5,5,10,0,22,13,3,0,6,0
"BomT1",0,2,0,6,0,6,6,4,0,5,9,3
"BomT2",1,68,1,23,14,23,22,9,1,13,20,0
"BomT3",17,37,32,93,51,31,16,34,24,20,8,10
"Boot",36,42,26,18,17,20,31,55,20,14,10,10
"Br140",8,11,3,5,5,11,11,1,4,14,7,3
"Brca2",151,203,149,159,144,186,136,151,161,122,150,103
"Brd",0,0,0,0,0,0,0,0,0,0,0,0
"Brd7-9",302,346,282,273,276,359,270,261,288,297,322,252
"Brd8",109,88,106,137,146,153,105,104,80,121,109,116
"Bre1",4,11,16,6,8,7,14,5,2,7,9,5
"Brf",30,29,44,32,28,49,41,28,60,33,40,34
"Brms1",286,295,275,312,312,364,286,211,277,291,370,295
"Bro",0,0,2,12,2,4,0,0,0,0,3,1
"Brr2",471,630,439,399,390,637,560,402,340,489,565,406
"Bruce",0,0,0,5,1,2,0,0,2,5,0,1
"Bsg",64,37,50,51,60,62,59,47,45,69,76,42
"BtbVII",286,305,310,239,218,305,329,291,327,259,309,247
"BthD",48,55,56,25,12,16,55,28,35,17,11,10
"Btk",103,375,169,34,38,38,285,346,46,14,31,19
"Btnd",0,8,5,4,7,4,8,3,0,1,4,4
"BuGZ",69,109,79,66,56,88,60,89,41,51,68,65
"Bub1",14,7,8,21,13,14,16,11,4,12,16,13
"Bub3",0,0,0,0,0,0,0,0,0,0,0,0
"BubR1",43,66,62,117,141,136,57,46,28,106,110,111
"Buffy",188,230,191,103,127,67,254,222,155,137,204,134
"Bug22",157,182,182,1099,1008,1237,184,172,201,1017,921,918
"Bulli",129,209,134,166,141,165,166,155,165,120,231,189
"Burs",39,44,40,67,49,61,50,41,74,34,51,52
"Bx",85,108,92,129,119,172,115,92,106,144,158,121
"Bx42",3,6,5,16,10,20,4,7,9,7,8,8
"C15",5,16,16,31,34,31,14,16,7,19,21,27
"C1GalTA",55,58,25,11,12,86,12,6,3,6,4,3
"C3G",2,3,7,1,0,9,3,2,8,2,4,7
"C901",3,1,6,17,15,13,8,3,3,12,8,4
"CAH1",94,184,81,74,83,100,141,198,63,45,64,47
"CAH13",10,5,132,2742,2512,2632,10,1,5,1844,1597,1623
"CAH14",0,0,13,179,208,210,0,0,1,139,172,174
"CAH15",1,0,21,749,682,851,0,0,0,540,530,506
"CAH16",0,0,0,0,0,0,0,0,0,0,0,0
"CAH2",102,175,166,151,124,121,173,168,104,82,73,111
"CAH3",7,8,3,5,4,10,10,4,2,14,7,7
"CAH4",0,0,0,0,0,0,0,0,0,0,0,0
"CAH5",0,0,0,6,5,5,1,0,0,0,3,3
"CAH6",5,6,0,1,7,3,4,0,0,3,2,7
"CAH7",2,4,1,3,1,1,4,2,5,8,2,0
"CAH8",6,1,6,6,5,7,11,3,4,6,5,4
"CAH9",242,228,244,72,44,42,314,259,154,55,36,71
"CAHbeta",0,0,0,0,0,0,0,0,0,0,0,0
"CAP",110,151,163,74,105,121,124,122,154,124,104,118
"CARPA",92,62,100,133,102,117,140,65,91,135,162,101
"CARPB",158,196,160,107,103,152,121,65,110,94,114,106
"CASK",40,32,21,26,45,46,29,21,27,38,52,28
"CBP",2,0,0,5,0,2,0,4,0,3,1,1
"CCAP",0,0,1,23,13,11,0,1,0,9,3,8
"CCAP-R",0,0,0,0,0,0,0,0,0,0,0,0
"CCDC151",7,4,4,7,4,15,3,1,1,4,14,1
"CCDC53",110,119,80,224,219,225,111,144,83,188,177,168
"CCHa1",51,66,59,66,66,60,72,60,42,42,59,43
"CCHa1-R",63,81,43,45,37,45,132,91,60,39,53,41
"CCHa2",0,0,0,1,2,0,0,0,1,1,0,3
"CCHa2-R",0,2,0,0,1,3,0,0,0,1,0,0
"CCKLR-17D1",61,40,43,31,18,40,37,37,35,23,20,15
"CCKLR-17D3",46,39,58,82,49,56,50,33,62,72,61,49
"CCT1",0,0,0,0,0,0,0,0,0,0,0,0
"CCT2",1064,1012,1032,1055,1181,1288,1326,1246,1385,1411,1825,1278
"CCT3",0,0,0,0,0,0,0,0,0,0,0,0
"CCT4",1144,1163,1022,1071,1235,1181,1186,1199,1293,1310,1831,1130
"CCT5",250,281,234,182,220,242,301,298,253,241,263,262
"CCT6",1016,1111,904,939,1082,1173,997,1069,1046,1091,1538,1109
"CCT7",989,1279,966,897,933,1060,1087,1057,936,957,1443,817
"CCT8",1368,1498,1298,1349,1353,1526,1446,1416,1381,1338,1851,1300
"CCY",0,0,9,144,141,213,0,0,0,68,37,54
"CD98hc",4,11,4,11,13,16,9,6,2,12,1,8
"CDK2AP1",0,0,0,0,0,0,0,0,0,0,0,0
"CDase",3,0,2,1,1,6,3,4,8,1,3,1
"CG10000",8,13,25,1,6,11,34,12,4,5,6,19
"CG10005",41,19,28,44,43,52,20,27,35,28,32,40
"CG10011",215,249,308,292,315,450,255,204,249,272,411,284
"CG10013",4,1,9,79,94,89,4,0,0,69,63,58
"CG10019",36,39,43,20,20,31,46,53,30,43,38,45
"CG10026",20,27,13,9,12,6,18,17,17,11,24,19
"CG10029",0,0,1,2,3,3,0,0,0,245,77,229
"CG10031",835,1006,534,551,632,375,1197,1349,1474,787,961,700
"CG10035",0,1,6,1,0,0,0,0,0,0,0,0
"CG10038",0,0,0,0,0,0,0,0,0,0,0,0
"CG10041",2,1,2,2,4,3,0,0,1,16,3,22
"CG10051",12,25,10,8,6,8,30,17,6,4,1,4
"CG10053",0,0,0,1,0,1,0,0,0,0,1,0
"CG10055",204,168,191,699,646,870,230,233,179,888,736,830
"CG10062",1,2,0,1,0,0,0,0,0,0,1,0
"CG10063",2,6,27,631,556,692,1,3,5,566,505,469
"CG10064",1,3,103,1983,1786,2480,0,0,0,1491,1251,1220
"CG10068",388,389,365,259,232,261,397,395,339,266,344,309
"CG10073",0,0,0,0,0,0,0,0,0,0,0,0
"CG10077",567,787,776,508,433,876,626,533,309,500,601,563
"CG10081",0,0,0,0,0,0,0,0,0,0,0,0
"CG10086",181,217,197,148,135,153,326,256,179,199,203,196
"CG10089",43,54,75,68,57,75,46,46,45,48,37,41
"CG10096",0,0,0,0,0,0,0,0,0,0,0,0
"CG10097",0,0,0,0,0,0,0,0,0,0,0,0
"CG10098",438,501,439,470,483,555,462,395,488,431,572,424
"CG10104",0,3,5,156,131,147,0,0,0,86,115,79
"CG10116",264,259,221,70,78,28,382,331,148,87,109,41
"CG10126",9,5,4,6,8,15,5,8,5,3,10,13
"CG10132",0,1,0,0,1,0,0,0,0,0,0,0
"CG10137",88,112,108,94,91,131,82,77,69,88,128,93
"CG10139",4,5,1,1,1,1,0,0,0,0,0,0
"CG10140",15,5,10,40,19,20,14,13,17,6,16,7
"CG10147",40,31,29,39,26,58,24,28,42,33,34,18
"CG10151",0,0,0,0,0,0,0,0,0,0,0,1
"CG10154",0,0,0,0,0,0,0,0,0,0,0,0
"CG10163",0,2,0,6,0,4,2,0,1,3,0,4
"CG10164",0,0,0,50,43,51,0,0,0,34,17,24
"CG10165",8,14,18,8,5,10,12,6,5,8,19,8
"CG10171",0,0,0,1,1,1,0,0,0,2,7,2
"CG10175",19,11,13,19,16,29,23,3,7,4,24,3
"CG10177",0,3,36,1396,1420,1583,3,1,0,1052,887,927
"CG10182",4,3,3,4,0,3,2,0,1,1,3,0
"CG10183",0,0,2,0,0,0,0,0,0,0,0,0
"CG10184",286,368,239,240,267,236,398,311,519,557,556,465
"CG10185",45,29,46,35,62,87,34,39,46,30,73,44
"CG10194",232,216,193,218,246,170,179,196,174,184,249,200
"CG10195",11,5,6,6,2,4,9,18,6,9,17,8
"CG10205",0,0,0,0,0,0,0,0,0,0,0,0
"CG10208",233,268,219,178,203,190,168,165,140,156,180,138
"CG10209",0,0,0,0,0,0,0,0,0,0,0,0
"CG10211",36,30,21,38,47,55,10,16,21,26,50,17
"CG10214",193,210,189,225,156,149,234,190,281,182,266,180
"CG10222",3,2,5,3,0,5,4,0,6,3,1,0
"CG10226",14,42,34,14,10,27,26,35,19,11,15,22
"CG10232",412,503,414,196,209,340,326,401,565,565,319,437
"CG10237",104,159,151,52,62,65,103,147,132,72,70,133
"CG1024",0,0,0,0,0,1,0,0,2,2,0,0
"CG10252",9,1,361,9610,9357,11173,3,0,1,7619,6861,6889
"CG10254",0,0,0,2,1,0,0,0,0,0,0,0
"CG10257",85,81,90,110,85,157,63,84,121,123,128,86
"CG10265",0,0,0,0,0,0,0,0,0,0,1,0
"CG10274",116,126,100,95,64,75,135,107,117,90,109,96
"CG10280",0,0,0,0,0,0,0,0,0,0,0,0
"CG10283",0,0,0,0,0,0,0,0,0,0,0,0
"CG10286",209,225,188,182,175,224,206,200,180,169,222,155
"CG10298",1,1,33,669,576,707,0,0,0,443,354,356
"CG10300",62,58,53,23,36,27,56,42,30,20,32,15
"CG10301",16,14,17,9,5,2,10,6,19,11,6,8
"CG10307",3,0,0,1,0,5,5,5,3,4,0,3
"CG10311",0,2,0,1,0,0,4,1,0,0,2,0
"CG10317",0,0,4,93,99,102,0,0,0,106,72,63
"CG10321",0,0,0,0,0,0,0,0,0,0,0,0
"CG10324",57,46,49,52,74,105,73,74,77,84,102,73
"CG10332",0,0,0,0,0,0,0,0,0,0,0,0
"CG10333",406,452,410,394,370,435,443,426,411,414,424,441
"CG10336",0,0,0,0,0,1,0,0,0,0,0,0
"CG10337",177,194,272,83,68,55,269,255,79,68,63,69
"CG10338",0,0,0,0,0,1,0,0,0,0,0,0
"CG10339",81,109,112,82,95,88,46,93,94,108,149,96
"CG10340",1616,1545,1295,1490,1565,1618,1903,1720,1795,1459,1575,1500
"CG10341",0,0,0,0,0,0,0,0,0,0,0,0
"CG10343",233,165,176,392,378,419,250,231,254,425,439,319
"CG10344",0,0,0,0,0,0,0,0,0,0,0,0
"CG10345",539,1010,684,135,105,106,638,818,96,55,75,121
"CG10347",0,0,0,2,1,1,1,0,0,0,1,0
"CG10348",80,133,88,39,60,78,146,136,51,24,83,32
"CG10352",70,101,78,78,103,78,41,28,31,64,102,50
"CG10353",70,60,79,110,79,105,131,132,100,73,92,78
"CG10357",3,24,14,2,1,1,21,12,12,0,1,12
"CG10359",7,2,9,8,1,6,0,2,0,5,2,3
"CG10365",21,14,14,4,6,11,25,12,3,2,4,8
"CG10366",234,300,270,271,231,301,231,233,210,256,279,266
"CG10375",1,1,1,5,0,0,8,0,1,1,0,4
"CG10376",308,361,364,263,264,305,375,345,305,266,315,316
"CG10383",0,0,1,3,1,6,0,0,0,1,4,2
"CG10384",52,72,55,86,61,88,51,35,44,71,79,65
"CG10395",0,2,2,3,3,6,8,2,4,3,0,2
"CG10405",12,12,7,11,12,9,10,11,1,21,16,4
"CG10413",0,5,1,7,14,16,1,0,0,12,12,15
"CG10417",22,34,16,23,9,6,17,24,29,16,9,12
"CG10418",41,66,36,89,92,121,77,71,89,80,101,71
"CG10428",452,401,395,404,444,497,303,304,333,388,320,333
"CG10431",0,0,1,0,0,0,1,1,2,0,0,0
"CG10433",76,47,81,26,23,48,92,110,49,39,39,76
"CG10435",231,295,198,241,240,297,222,211,210,284,274,234
"CG10444",256,310,298,295,252,349,323,332,323,314,338,283
"CG10445",11,1,2,0,1,14,8,2,5,0,3,11
"CG10459",23,20,27,325,246,282,19,25,32,197,192,200
"CG10462",0,0,0,0,0,0,0,0,0,0,0,0
"CG10465",822,911,739,1066,1120,1220,864,945,923,925,1120,926
"CG10466",0,0,0,4,0,0,0,0,0,0,4,0
"CG10467",577,746,547,273,250,244,839,760,679,429,385,506
"CG10469",71,84,70,73,48,38,168,165,137,77,63,81
"CG10470",488,485,366,594,642,634,550,482,534,662,802,638
"CG10472",1941,1870,1431,721,861,146,1192,1127,750,471,803,187
"CG10474",0,0,0,0,1,3,0,0,0,0,1,0
"CG10477",0,3,1,0,0,0,4,4,0,1,0,0
"CG10479",0,0,0,0,0,0,0,0,0,0,0,0
"CG10481",0,4,2,12,30,25,2,0,0,4,3,11
"CG10486",0,0,0,0,0,0,0,0,0,0,0,0
"CG10492",36,15,27,33,36,43,35,32,26,34,33,34
"CG10494",0,0,0,0,0,0,0,0,0,0,0,0
"CG10505",71,92,58,18,3,24,162,65,44,25,27,25
"CG10508",9,3,9,5,5,0,9,5,2,11,5,3
"CG10510",0,3,23,731,740,867,0,0,0,585,498,486
"CG10512",146,216,141,134,192,181,135,108,173,189,192,208
"CG10513",60,424,46,20,21,26,580,414,118,77,36,81
"CG10514",112,321,73,20,9,9,383,305,212,115,61,127
"CG10516",760,992,548,1055,1076,922,998,923,957,934,1366,987
"CG10527",1183,1171,1231,783,875,815,785,1191,1373,1000,1353,1062
"CG10543",2,0,2,1,1,2,1,0,0,4,1,5
"CG10550",14,24,20,3,8,16,7,26,6,2,5,1
"CG10553",252,414,252,55,112,106,411,430,334,204,121,200
"CG10555",31,27,20,34,21,27,16,17,16,41,35,23
"CG10559",51,99,63,40,29,30,57,82,23,32,41,17
"CG10560",788,1113,950,306,372,399,1021,1029,897,897,540,886
"CG10561",600,569,616,1188,1173,1537,500,496,545,1154,1073,985
"CG10562",579,1177,649,261,362,237,807,1136,857,460,564,398
"CG10565",0,0,0,48,41,41,0,0,0,24,16,34
"CG10570",0,0,0,0,0,0,0,0,0,0,0,0
"CG10576",0,0,0,0,1,1,0,0,0,2,1,0
"CG10581",110,78,101,81,94,146,69,74,101,111,125,97
"CG10584",267,257,235,143,167,175,270,277,233,199,178,204
"CG10587",0,0,0,0,0,0,0,0,0,0,0,0
"CG10588",0,0,0,6,12,5,0,0,0,1,1,3
"CG10589",1,11,59,2030,1958,2539,6,5,8,1609,1431,1364
"CG10591",0,1,0,4,2,0,0,0,0,2,1,0
"CG10597",3,0,1,4,0,4,1,0,1,0,4,0
"CG10598",1,0,1,6,6,1,2,0,3,0,0,2
"CG10600",0,0,0,0,0,0,0,0,0,0,0,0
"CG10602",2,0,0,0,3,4,1,1,4,2,0,5
"CG10616",1,3,3,5,0,2,0,2,1,1,2,2
"CG10621",0,0,0,0,0,0,0,0,0,0,0,0
"CG10628",231,235,184,237,180,224,136,123,159,157,247,150
"CG10631",319,352,382,339,366,540,393,258,278,313,406,321
"CG10638",50,39,28,42,30,40,54,51,44,32,42,35
"CG10646",89,82,88,55,81,66,71,88,61,85,78,53
"CG10650",2,0,1,0,0,0,0,0,0,0,1,0
"CG10651",0,0,0,0,0,0,0,0,0,0,0,0
"CG10654",0,1,1,0,2,0,0,0,0,0,0,0
"CG10657",126,74,58,104,154,141,136,54,116,78,140,152
"CG10660",0,0,0,0,0,0,0,0,0,0,0,0
"CG10663",11,39,19,13,15,13,18,33,35,17,10,17
"CG10669",1,3,1,0,0,0,0,1,3,4,7,0
"CG10674",1,0,0,3,1,4,0,0,0,2,1,3
"CG10680",35,87,57,20,32,13,60,69,46,20,29,13
"CG10681",0,0,0,0,0,0,0,0,0,0,0,0
"CG10694",3,1,17,219,280,279,0,0,1,171,153,171
"CG10700",0,2,0,50,28,48,0,0,0,22,27,42
"CG10702",0,0,0,0,2,0,0,0,0,0,0,0
"CG10710",407,376,383,456,454,473,330,367,350,371,456,339
"CG10713",93,80,96,91,49,100,107,89,93,82,103,95
"CG10725",3,49,3,9,11,4,24,18,3,5,0,7
"CG10730",6,27,24,127,118,142,40,40,27,196,148,185
"CG10731",0,0,0,1,0,0,0,0,0,0,0,0
"CG10734",10,7,127,3053,3091,4268,2,7,3,2930,2413,2433
"CG10737",39,55,61,27,33,37,35,43,30,32,28,46
"CG10738",0,0,0,0,0,0,0,0,0,0,0,0
"CG1074",29,23,15,48,34,40,30,24,28,35,31,21
"CG10747",0,0,0,12,7,7,0,0,0,2,0,4
"CG10748",1,0,17,246,219,225,0,0,0,220,223,198
"CG10749",1,0,52,1009,988,1270,0,0,3,956,793,747
"CG10750",0,0,0,0,0,0,0,0,0,0,0,0
"CG10752",0,1,31,631,565,545,0,2,2,367,333,328
"CG10761",0,0,2,263,254,303,0,0,0,215,209,195
"CG10764",92,76,86,120,87,124,65,80,76,111,153,113
"CG1077",1,3,0,34,25,27,0,1,2,57,35,51
"CG10793",0,0,14,338,298,365,2,0,1,203,184,170
"CG10799",411,448,362,344,473,367,579,729,677,481,628,609
"CG10801",0,0,0,2,4,0,0,0,0,0,1,1
"CG10802",0,0,0,0,0,0,0,0,0,0,0,0
"CG10803",0,0,0,0,0,0,0,0,0,0,0,0
"CG10804",36,23,19,19,20,19,31,12,17,40,25,13
"CG10809",2,0,1,0,0,0,1,0,0,0,0,0
"CG10814",225,288,160,171,250,166,179,172,325,118,228,140
"CG10822",2,0,9,291,376,393,0,0,0,196,205,184
"CG10834",0,0,13,222,298,287,0,0,1,121,88,134
"CG10839",0,0,0,16,29,13,0,0,0,13,7,6
"CG10841",0,0,0,0,0,0,0,0,0,0,0,0
"CG10845",4,3,66,1386,1253,1566,3,2,2,1225,1033,911
"CG10853",0,1,0,4,2,4,2,3,3,5,5,4
"CG10859",0,0,3,127,163,225,0,0,0,94,54,85
"CG10862",1,0,70,1704,1561,1995,0,0,0,1235,1094,1105
"CG10863",1446,1467,1159,873,1003,877,1385,1350,1431,1282,1488,1127
"CG10864",15,9,6,9,15,13,4,5,9,17,25,4
"CG10866",12,23,17,15,13,8,19,7,10,10,8,10
"CG10874",0,0,0,0,0,0,0,0,0,0,0,0
"CG10877",198,208,159,134,126,120,255,237,160,183,188,169
"CG10887",0,0,18,230,231,268,0,0,0,191,167,143
"CG10898",389,378,361,350,467,497,296,295,506,409,716,420
"CG1090",15,40,49,14,17,14,17,20,17,15,11,8
"CG10903",1,1,1,10,2,13,3,2,0,3,2,6
"CG10904",1,0,0,0,0,2,0,0,0,0,0,0
"CG10907",92,90,95,113,102,110,90,97,74,146,124,140
"CG10909",0,0,13,117,131,103,0,0,0,139,117,84
"CG10910",0,12,1,4,3,4,3,7,2,5,1,1
"CG10911",2692,5230,1558,196,165,18,5488,5400,811,286,431,238
"CG10912",555,1379,542,254,232,70,1549,1100,411,179,350,147
"CG10914",188,172,163,187,165,212,165,118,174,179,264,130
"CG10916",39,34,29,33,36,21,34,25,46,19,30,38
"CG10918",0,0,0,0,0,4,0,0,0,1,0,0
"CG10919",0,0,18,678,697,842,1,3,2,587,576,473
"CG1092",1,1,3,9,8,9,0,0,2,2,3,3
"CG10920",1,0,21,575,497,737,0,0,0,431,429,419
"CG10927",17,19,18,28,31,32,37,30,44,32,37,26
"CG10931",7,2,3,167,142,133,1,0,1,138,105,101
"CG10934",7,2,59,1600,1306,1730,0,2,6,1158,1034,982
"CG10936",505,728,536,687,869,1018,378,438,584,446,1016,485
"CG10939",890,987,868,580,755,796,953,1067,880,704,1208,734
"CG10943",0,5,0,0,0,0,30,16,6,0,1,2
"CG10947",41,51,46,25,19,40,39,59,19,15,14,22
"CG10948",0,0,0,0,0,0,1,0,0,0,0,0
"CG10949",0,0,0,1,0,2,0,1,0,0,3,0
"CG10950",1,0,52,1257,1127,1324,0,2,2,851,685,711
"CG10953",5,0,0,0,0,0,0,0,0,2,0,0
"CG10958",62,54,87,752,663,954,52,52,47,537,483,471
"CG10959",0,0,0,0,0,0,0,0,0,0,0,0
"CG10962",2763,3471,2603,1572,1208,1358,1168,1195,1460,852,1102,976
"CG10969",0,0,21,579,504,691,0,0,3,633,415,474
"CG10970",0,1,1,0,0,3,1,5,1,3,0,1
"CG10973",178,185,134,259,328,263,215,208,234,321,305,320
"CG10979",56,84,82,62,70,106,76,94,76,102,85,48
"CG10984",3,8,0,5,4,1,1,2,5,1,5,6
"CG10993",1,1,0,37,41,32,0,0,0,28,29,29
"CG10996",1,3,22,389,322,416,6,4,1,267,217,203
"CG11000",761,677,828,1117,784,1529,803,460,646,1110,1316,919
"CG11007",0,2,4,4,2,3,3,0,2,0,6,2
"CG11018",1,0,63,1547,1392,2009,1,0,1,1290,1059,1116
"CG11029",44,64,60,136,113,128,81,44,47,61,45,33
"CG1103",4,1,3,15,5,6,2,1,1,0,6,1
"CG11030",48,25,29,48,49,73,60,30,42,82,66,66
"CG11034",0,0,0,0,0,0,0,0,1,0,0,0
"CG11035",0,0,0,0,0,0,0,0,0,0,0,0
"CG11037",0,0,0,9,0,6,0,0,0,184,65,184
"CG11041",10,14,9,7,12,20,7,6,7,18,18,9
"CG11044",317,411,291,400,298,355,227,191,284,254,265,201
"CG1105",921,941,1013,703,789,791,532,815,887,814,891,788
"CG11050",48,72,50,36,45,44,52,65,42,27,20,36
"CG11052",0,0,0,0,0,0,0,0,0,0,0,0
"CG11060",1,1,33,513,495,580,5,5,4,346,388,296
"CG11068",2,2,43,998,884,1145,1,3,6,715,576,596
"CG11069",285,353,292,399,410,422,244,266,304,293,455,255
"CG11076",5,6,1,0,2,4,0,0,7,3,2,2
"CG11085",14,12,9,21,14,32,6,7,5,10,11,2
"CG11089",0,0,0,0,0,0,0,0,0,0,2,0
"CG11095",151,174,173,126,137,140,132,99,153,119,102,110
"CG11099",0,0,0,0,0,0,1,0,0,0,0,0
"CG11106",0,0,0,0,0,0,0,0,0,0,0,0
"CG11109",0,0,3,0,0,0,0,0,0,0,0,0
"CG11110",131,125,135,352,295,340,105,118,144,285,313,284
"CG11112",0,0,2,2,3,2,0,0,0,45,9,24
"CG11113",3,0,2,0,0,0,3,1,0,11,2,13
"CG11122",170,183,160,204,182,276,168,147,106,240,179,167
"CG11123",122,166,133,122,128,100,212,165,178,148,205,170
"CG11125",0,1,2,10,14,11,1,2,0,22,9,10
"CG11127",257,307,215,237,259,238,238,283,274,240,327,306
"CG1113",0,1,0,1,1,3,2,2,0,3,0,0
"CG11131",2,0,0,0,0,0,0,0,0,0,0,0
"CG11134",1,4,1,0,0,1,1,1,0,6,4,0
"CG11141",3,5,2,21,33,27,1,2,3,18,10,19
"CG11145",0,0,0,0,0,0,0,0,0,0,0,0
"CG11147",1,0,3,0,1,0,1,0,0,0,1,0
"CG11149",0,0,0,0,0,0,0,0,0,1,0,1
"CG11151",13,8,12,6,7,3,21,22,17,2,1,6
"CG11155",545,611,605,463,377,527,515,480,598,396,398,453
"CG11158",147,129,113,98,97,154,111,114,127,127,163,102
"CG11159",695,607,503,1197,1200,1041,808,490,767,963,1545,952
"CG1116",0,0,0,0,0,0,0,0,0,0,0,0
"CG11162",1,8,2,1,0,0,15,9,25,9,14,9
"CG11164",0,0,0,0,0,0,0,0,0,0,0,0
"CG11168",0,5,1,0,1,2,3,1,1,6,0,1
"CG11170",2,0,2,1,0,1,2,0,0,0,0,0
"CG11178",1,3,2,5,4,3,1,4,2,0,2,3
"CG11180",0,0,0,0,0,0,0,0,0,0,0,0
"CG11191",0,1,0,1,0,0,0,0,0,0,0,1
"CG11192",14,7,4,9,10,6,9,5,1,6,8,5
"CG11200",0,0,1,2,1,2,0,1,4,1,1,0
"CG11211",2,2,0,12,8,5,6,3,7,5,6,2
"CG11226",21,8,23,572,564,647,26,24,24,494,434,421
"CG11227",0,0,0,0,0,0,0,0,0,0,0,0
"CG11241",11,10,11,15,6,17,13,13,18,10,5,12
"CG11247",0,0,0,1,5,4,0,0,0,1,0,0
"CG11248",0,0,0,0,0,0,0,0,0,0,0,0
"CG11249",0,2,24,839,733,955,4,2,1,742,682,654
"CG11251",2,0,20,773,674,841,0,0,2,563,509,462
"CG11257",66,85,98,93,99,128,63,77,93,83,97,98
"CG11262",1,0,39,1060,911,1324,0,0,0,963,816,772
"CG11263",0,0,0,0,0,0,0,0,0,0,0,0
"CG11267",1380,1269,1048,1377,1621,1523,1528,1499,1749,1416,1757,1459
"CG11269",0,0,2,49,31,41,0,0,0,12,7,15
"CG11275",459,418,497,315,350,343,357,408,414,397,408,436
"CG11279",6,11,13,7,6,8,9,6,0,2,1,4
"CG11286",0,0,0,0,0,0,0,0,0,0,0,0
"CG11291",1,0,47,804,668,905,0,0,0,645,564,547
"CG11294",5,0,3,10,10,15,4,1,3,24,12,11
"CG11298",0,0,14,368,351,410,0,0,0,265,245,273
"CG11300",0,0,0,0,0,0,0,0,0,0,0,0
"CG11307",0,3,0,0,0,5,3,0,0,0,1,0
"CG11309",2,1,5,1,4,0,2,0,1,7,1,4
"CG11313",0,0,0,0,0,0,0,0,0,0,0,0
"CG11317",0,0,0,0,0,0,0,2,0,0,0,0
"CG11322",5,11,27,361,273,343,11,8,2,270,192,178
"CG11327",4,5,128,2796,2348,3528,6,5,2,2248,1921,1805
"CG11333",17,15,41,309,291,322,17,16,20,191,165,161
"CG11334",11,22,33,23,15,33,33,26,19,18,14,22
"CG11342",35,30,22,34,34,28,51,61,45,37,51,46
"CG11345",0,2,0,21,39,21,0,1,0,6,6,6
"CG11349",1,0,0,0,0,0,0,2,0,0,1,0
"CG11350",1,3,0,3,1,0,1,4,0,1,0,2
"CG11353",6,5,4,0,0,2,3,3,5,4,2,5
"CG11356",0,2,2,0,1,1,3,4,1,0,0,1
"CG11357",26,19,12,21,33,29,40,50,16,22,24,37
"CG1136",1036,1243,1274,468,662,941,1005,1004,1086,762,1009,765
"CG11360",278,331,221,222,215,274,224,233,397,235,324,218
"CG11362",1,7,16,238,252,295,2,3,3,179,178,154
"CG11367",105,103,91,93,84,132,74,79,72,106,94,92
"CG11368",144,181,141,58,81,80,129,252,153,44,51,105
"CG11369",0,0,25,805,737,1028,0,2,0,730,582,583
"CG1137",31,38,60,1050,908,1285,62,66,49,1020,904,841
"CG11370",0,0,0,0,0,0,0,0,0,0,0,0
"CG11373",1,0,18,530,584,667,0,0,0,383,353,359
"CG11374",8,24,12,46,68,98,7,18,11,36,29,39
"CG11378",9,17,4,4,4,3,23,11,6,0,2,1
"CG11379",0,0,0,8,7,12,0,0,0,8,0,0
"CG1138",4,3,19,362,429,524,0,0,0,670,533,631
"CG11380",0,2,0,0,0,0,4,0,0,0,0,3
"CG11381",0,0,1,0,4,6,3,0,0,0,2,3
"CG11382",0,0,0,0,0,0,0,2,0,0,0,0
"CG11384",25,68,42,16,14,3,72,60,36,18,14,15
"CG11396",0,0,0,0,0,0,0,0,0,0,0,0
"CG11398",3,2,0,0,6,0,0,0,2,2,1,1
"CG11400",45,70,55,33,23,34,60,68,58,34,28,31
"CG11403",47,69,46,43,38,51,35,22,30,25,27,31
"CG11404",0,0,0,0,0,0,0,0,0,0,0,0
"CG11406",0,0,0,0,0,0,0,0,0,0,0,0
"CG11409",11,4,9,17,24,54,18,13,9,10,14,10
"CG11413",0,0,0,0,0,1,0,0,0,0,0,0
"CG11414",860,1020,871,1135,1099,1419,726,758,683,1039,1133,956
"CG11417",165,151,142,92,92,109,145,152,113,99,118,101
"CG1142",108,89,87,135,117,144,79,129,70,135,170,125
"CG11425",124,207,82,111,95,135,179,151,109,130,171,134
"CG11426",418,347,357,237,195,247,369,359,369,259,349,347
"CG1143",6,4,4,0,0,1,4,4,2,5,2,4
"CG11436",67,65,60,70,39,54,52,71,83,62,82,61
"CG11437",4,4,5,9,19,10,0,0,1,7,13,4
"CG11438",4,1,11,72,96,79,3,6,2,53,56,62
"CG11444",0,0,1,16,30,28,0,0,0,11,15,13
"CG11449",0,0,0,0,1,0,0,0,1,1,1,2
"CG11454",163,197,183,210,219,181,150,187,233,225,250,189
"CG11456",0,0,0,0,0,0,0,0,0,0,0,0
"CG11458",74,57,66,31,35,34,52,69,60,27,12,26
"CG1146",127,138,101,133,164,205,143,108,101,149,197,170
"CG11470",0,0,0,0,0,0,0,0,0,0,0,0
"CG11474",6,18,10,4,5,9,16,4,14,9,7,2
"CG11475",25,27,44,449,424,480,29,24,10,326,336,313
"CG11498",0,0,0,0,0,0,0,0,0,0,0,0
"CG11504",0,0,0,0,0,0,0,0,0,0,0,0
"CG11523",163,159,118,225,244,173,175,204,191,173,218,217
"CG11529",6,11,10,1,2,1,4,16,7,4,3,11
"CG11537",54,59,56,126,106,185,56,55,31,125,106,107
"CG11550",91,63,76,76,123,121,40,49,67,53,74,38
"CG11555",0,0,0,0,0,0,0,0,0,0,0,0
"CG11560",0,0,0,0,0,0,0,0,0,0,0,0
"CG11562",222,189,181,891,819,863,211,185,234,661,534,622
"CG11563",128,115,97,98,84,95,131,97,112,110,145,106
"CG11570",19,12,10,56,43,16,21,7,11,13,14,14
"CG11581",0,0,0,0,0,0,0,1,0,0,0,0
"CG11583",177,161,134,155,102,140,185,165,171,139,181,147
"CG11584",6,2,4,62,63,48,15,0,40,17,63,18
"CG11585",0,0,2,2,1,0,6,0,2,4,0,1
"CG11586",1,2,0,0,2,1,0,1,1,0,1,0
"CG11588",0,0,0,2,0,0,0,0,0,0,0,0
"CG11590",415,341,308,390,354,321,349,372,466,248,293,291
"CG11593",2,1,0,1,1,0,0,0,0,5,0,1
"CG11594",12,17,12,11,9,10,9,18,9,8,9,3
"CG11596",0,2,1,0,6,4,2,0,1,0,0,0
"CG11597",0,0,0,0,0,0,0,0,0,0,0,0
"CG11598",0,1,0,40,5,26,0,0,0,12,5,11
"CG11600",0,0,0,0,1,1,0,0,0,32,11,31
"CG11601",0,0,0,0,0,0,0,0,0,2,0,0
"CG11608",0,1,0,1,0,0,0,0,0,41,2,33
"CG1161",35,25,18,16,15,23,22,14,34,23,26,15
"CG11617",0,2,3,4,1,5,1,2,4,0,2,2
"CG11619",134,578,144,78,61,59,369,266,76,58,57,62
"CG11626",48,88,76,31,42,48,26,69,94,45,39,58
"CG11629",3,0,7,117,135,116,0,0,0,69,62,49
"CG11630",0,0,23,299,321,251,0,0,0,184,179,179
"CG11634",0,0,2,27,27,63,0,0,0,13,15,11
"CG11635",0,0,21,580,621,744,0,0,0,606,540,519
"CG11638",261,276,347,266,279,378,337,218,237,279,326,337
"CG11655",218,256,225,226,195,203,213,238,213,231,319,203
"CG11656",31,27,56,758,694,801,26,39,43,462,422,396
"CG11658",315,502,302,302,355,404,479,453,315,335,315,283
"CG11663",0,0,0,0,0,0,0,0,0,0,0,0
"CG11664",0,0,0,4,3,3,0,0,0,5,0,1
"CG11666",0,0,5,115,96,156,0,0,0,62,58,79
"CG11668",38,29,25,21,9,25,51,58,52,36,46,41
"CG11670",0,0,0,0,0,0,0,0,0,0,0,0
"CG11672",0,1,0,0,0,0,0,0,0,0,0,0
"CG11674",26,21,20,3,0,0,21,12,7,2,3,0
"CG11679",198,210,135,156,196,219,166,179,201,176,202,162
"CG11686",3,6,3,5,10,8,15,11,11,4,7,13
"CG11693",0,0,1,0,0,1,1,0,0,0,1,0
"CG11694",1,1,13,232,227,202,0,0,0,190,204,142
"CG11695",0,0,0,0,0,0,0,0,0,0,0,0
"CG11696",119,150,110,142,145,153,144,117,143,142,166,130
"CG11698",0,1,7,128,136,98,0,0,0,107,75,91
"CG11699",0,0,0,0,0,0,0,0,0,0,0,0
"CG11700",64,104,69,171,183,247,32,22,44,155,145,160
"CG11703",0,0,12,689,646,789,0,0,0,524,432,492
"CG11710",3,0,1,0,1,0,0,0,4,2,2,3
"CG11714",0,0,0,0,0,0,0,0,0,0,0,0
"CG1172",0,0,2,1,0,2,1,0,0,0,0,0
"CG11722",293,286,325,697,735,823,341,313,423,579,788,590
"CG11723",0,0,0,0,1,0,0,0,0,0,0,0
"CG11726",1,1,30,536,565,613,0,0,0,342,305,323
"CG11737",66,90,60,66,78,69,79,73,94,60,91,76
"CG11741",0,0,0,0,0,0,0,0,0,0,0,0
"CG11755",3,3,0,0,6,6,9,13,7,1,0,5
"CG11756",0,0,20,376,330,394,0,0,0,269,223,206
"CG11760",247,213,232,339,348,343,296,262,275,357,377,390
"CG11768",0,0,0,0,0,1,1,0,0,0,0,0
"CG11771",1210,1493,1168,1229,999,1374,1344,1190,1295,1125,1470,1041
"CG11777",62,67,81,84,118,110,75,50,62,55,68,82
"CG11779",0,0,6,58,34,52,0,0,0,26,21,25
"CG11786",113,31,56,891,849,641,76,15,95,20,374,27
"CG11788",60,62,54,37,42,58,55,70,58,51,67,64
"CG11790",10,9,9,9,5,9,4,9,12,6,6,7
"CG11791",240,370,325,200,236,232,297,326,193,220,239,236
"CG11807",0,0,0,0,0,0,0,0,0,0,0,0
"CG11808",42,31,34,45,43,62,40,49,29,46,55,33
"CG11811",854,748,742,674,643,727,924,809,836,650,748,762
"CG11815",1,0,0,178,197,210,0,0,0,160,137,143
"CG11816",0,0,0,0,0,0,0,0,0,0,0,0
"CG11825",0,1,0,2,1,0,0,0,0,0,0,0
"CG11828",2,0,4,34,25,56,1,1,0,106,72,97
"CG11836",0,0,0,0,0,0,0,0,0,0,0,0
"CG11837",87,55,74,56,43,56,103,74,101,84,78,52
"CG11839",30,37,38,49,41,64,20,38,32,37,44,20
"CG11841",68,251,68,67,44,40,177,246,63,122,47,94
"CG11842",29,128,35,39,27,24,113,102,33,25,24,33
"CG11843",0,0,0,0,0,0,0,0,0,0,0,0
"CG11854",0,2,0,1,3,1,0,0,1,0,0,0
"CG11857",0,0,0,0,0,0,0,0,0,0,0,0
"CG11858",157,157,145,161,202,171,150,159,196,118,197,157
"CG11865",0,0,0,1,0,0,0,0,0,0,0,2
"CG11878",49,109,70,7,32,26,139,164,175,194,120,162
"CG11882",0,1,0,1,0,0,0,0,0,0,0,0
"CG11883",237,228,228,151,182,189,379,273,282,242,226,286
"CG11885",152,124,114,306,330,380,139,176,158,203,217,253
"CG11889",0,0,0,0,0,0,0,0,0,0,0,0
"CG11891",0,0,0,0,0,0,0,0,0,0,0,0
"CG11892",0,0,1,3,0,1,0,0,0,9,0,0
"CG11893",241,255,184,272,286,247,39,20,51,38,47,35
"CG11898",16,38,7,25,23,37,8,9,4,21,11,11
"CG11899",1084,1380,1016,1344,1402,1165,1023,1006,1061,1012,1520,980
"CG11902",172,197,183,327,282,316,175,162,170,187,197,181
"CG11905",0,0,0,0,0,0,0,0,0,0,0,0
"CG11906",146,141,128,248,194,273,118,120,157,193,200,182
"CG11911",98,167,49,24,15,27,207,329,40,4,10,17
"CG11912",6734,6759,4334,2011,2421,722,4010,4499,2900,1248,2389,1130
"CG11920",117,109,101,104,112,142,115,125,112,118,128,123
"CG11927",163,158,149,506,466,524,159,166,188,402,427,347
"CG11929",0,0,0,0,0,0,0,0,0,0,0,0
"CG11951",181,322,175,235,291,257,129,187,185,103,212,130
"CG11961",16,12,10,12,17,17,20,11,12,10,24,14
"CG11964",248,289,194,226,185,248,245,216,213,221,311,195
"CG11970",1,0,0,0,6,2,1,0,0,2,0,0
"CG11975",40,30,43,48,24,38,33,35,54,33,31,21
"CG11977",1,2,1,1,1,2,0,8,0,24,7,25
"CG11980",0,0,0,0,0,0,0,0,0,0,0,0
"CG11983",1,0,5,14,10,21,0,0,1,10,5,7
"CG11986",86,92,108,189,191,173,90,67,94,206,191,181
"CG11997",51,78,72,32,54,47,11,28,20,15,13,29
"CG11999",201,202,164,343,299,293,199,217,227,281,360,287
"CG12003",22,65,18,23,17,25,32,38,21,12,23,16
"CG12009",11,4,5,52,81,92,14,2,10,8,39,16
"CG12010",73,107,69,75,77,93,61,76,64,71,76,61
"CG12011",4,0,1,5,2,5,2,0,1,1,1,4
"CG12012",8,4,0,2,1,1,1,7,4,3,9,4
"CG12016",3,6,4,0,1,0,0,0,1,1,1,1
"CG12017",4,0,0,19,20,15,1,0,2,0,3,1
"CG12020",0,0,33,739,721,804,0,0,0,506,502,460
"CG12024",0,0,0,0,0,0,0,0,0,0,0,0
"CG12025",155,172,157,221,194,227,163,142,191,158,173,149
"CG12035",0,4,36,828,693,925,3,1,7,648,570,552
"CG12054",466,450,431,476,407,535,536,476,308,493,476,433
"CG12056",130,130,121,131,129,137,113,96,148,133,157,143
"CG12057",0,0,0,0,0,0,0,2,0,0,0,0
"CG12061",0,0,0,49,24,40,0,0,0,16,22,33
"CG12065",5,1,4,0,6,5,0,0,2,3,4,4
"CG12069",0,0,0,13,6,10,0,0,0,31,10,8
"CG12071",0,0,0,0,0,0,0,0,0,0,0,0
"CG12075",0,0,0,0,0,0,2,1,0,0,0,0
"CG12078",0,0,0,0,0,0,0,0,0,0,0,0
"CG1208",31,84,42,50,32,51,93,76,25,20,22,19
"CG12081",0,0,0,0,0,0,1,0,3,0,0,3
"CG12084",63,67,55,58,57,65,64,83,79,68,67,57
"CG12091",0,1,0,0,3,0,0,2,1,0,0,2
"CG12093",402,459,334,351,414,380,364,350,429,368,478,323
"CG12096",2,4,3,0,0,0,0,0,0,0,0,0
"CG12099",0,0,0,0,0,0,0,0,0,0,0,0
"CG12104",28,14,29,43,28,45,20,23,33,29,19,22
"CG12105",68,116,69,44,28,40,133,73,22,22,23,34
"CG12106",51,35,36,30,42,45,40,43,44,50,39,34
"CG12107",662,647,561,914,961,1005,687,598,827,959,1062,917
"CG12111",0,0,0,0,0,0,0,0,0,2,0,0
"CG12112",0,0,0,0,0,0,0,0,0,0,0,0
"CG12115",0,1,1,4,3,3,3,4,4,5,5,5
"CG12116",2225,2454,1628,1559,1379,1447,1761,1606,2275,1391,1620,1088
"CG12118",0,0,0,0,0,0,0,0,0,0,0,0
"CG12121",570,699,612,643,632,802,728,644,651,678,753,663
"CG12123",96,97,98,287,303,291,94,112,137,229,192,185
"CG12126",0,0,17,427,415,457,0,0,0,322,282,291
"CG12128",14,23,13,19,13,20,19,12,11,6,16,12
"CG12129",179,138,113,224,288,261,162,154,234,262,305,212
"CG1213",9,13,0,0,2,0,9,13,3,0,0,0
"CG12133",0,0,0,5,3,1,4,0,0,3,2,3
"CG12134",0,0,0,0,0,0,0,0,0,0,0,0
"CG12147",0,0,28,639,567,748,0,0,1,420,366,418
"CG12155",221,272,232,171,185,249,225,219,155,210,227,191
"CG12158",18,30,27,8,17,15,16,37,25,14,18,10
"CG12159",54,31,30,63,80,59,34,47,49,39,56,32
"CG12164",0,1,0,0,0,0,2,1,0,1,3,0
"CG12170",422,523,412,423,412,432,429,373,469,420,457,412
"CG12171",374,386,326,284,316,285,511,530,374,439,544,418
"CG12177",21,22,25,26,20,26,19,15,53,18,20,21
"CG12182",0,0,0,0,0,0,0,0,3,0,0,0
"CG12194",0,0,0,0,0,1,0,0,0,0,0,2
"CG12204",94,45,70,21,37,21,85,94,75,17,20,27
"CG12206",7,14,13,6,8,18,12,6,17,1,4,10
"CG12209",2,2,22,557,441,564,0,1,1,484,379,386
"CG12213",0,1,0,4,0,0,1,0,3,3,6,3
"CG12219",106,123,100,164,160,146,112,118,144,136,176,146
"CG12224",221,212,187,166,162,153,73,61,76,100,120,61
"CG12229",15,12,107,2459,2263,3192,14,10,5,2206,1921,1785
"CG12231",0,0,4,119,149,130,0,0,0,74,66,63
"CG12236",156,126,154,105,96,137,119,89,112,121,158,116
"CG12237",677,725,674,604,579,642,669,619,681,634,735,620
"CG12239",412,446,429,525,421,642,438,313,347,537,523,459
"CG12241",314,336,278,405,356,494,261,252,241,403,447,375
"CG12253",58,53,78,87,97,105,54,37,51,72,98,81
"CG12256",0,0,1,2,0,0,0,0,0,0,4,1
"CG12259",92,84,82,75,95,96,126,88,110,101,146,103
"CG12268",2,1,1,1,0,8,0,3,5,0,0,0
"CG1227",4,3,2,5,7,4,6,3,6,0,1,0
"CG12278",1,0,0,0,0,0,3,0,0,1,1,0
"CG12279",223,209,166,341,384,417,211,220,291,372,359,307
"CG12288",69,46,47,34,34,43,63,37,52,66,56,36
"CG12289",0,0,13,456,350,488,0,0,0,476,334,357
"CG12290",203,192,167,171,175,176,241,225,167,193,247,152
"CG12299",120,180,147,138,151,192,150,188,96,129,149,146
"CG12301",135,129,102,110,93,153,150,110,105,116,113,125
"CG12307",2,0,56,1455,1460,1965,1,0,0,1426,1257,1280
"CG1231",61,35,50,61,62,47,32,20,40,40,42,55
"CG12310",4,4,0,1,7,7,2,3,2,1,0,2
"CG12316",0,8,5,3,12,8,6,4,0,10,4,6
"CG12320",3,5,5,22,10,16,3,6,5,7,10,13
"CG12321",391,477,379,588,555,656,468,579,486,588,583,577
"CG12325",0,0,0,0,0,1,0,0,0,0,5,0
"CG1233",0,0,0,0,0,0,0,0,0,0,0,0
"CG12341",290,333,267,281,253,314,302,305,254,317,371,278
"CG12343",196,152,114,346,332,419,178,203,182,354,316,291
"CG12347",0,0,0,11,21,17,0,0,0,6,15,9
"CG12355",10,12,7,17,18,16,22,9,1,21,22,24
"CG1236",1808,1824,1709,1664,1604,1491,1288,1318,1649,1486,1922,1367
"CG12362",0,0,0,0,0,0,0,0,0,0,0,0
"CG12374",60,83,13,6,0,6,51,58,10,3,1,12
"CG12375",453,516,320,407,446,368,461,470,504,426,501,339
"CG12376",0,0,6,108,108,169,0,0,0,56,74,71
"CG12379",82,97,45,67,102,93,45,52,36,49,56,60
"CG12384",1141,1091,1002,921,1000,908,883,1081,1095,997,1262,1008
"CG1239",0,0,0,0,0,0,0,0,0,0,0,0
"CG12391",283,334,254,228,229,228,235,206,228,268,322,285
"CG12395",1,0,9,345,343,415,0,1,0,169,148,136
"CG12398",10,10,10,10,3,3,12,8,7,6,12,8
"CG12402",0,0,0,0,0,0,0,0,0,0,0,0
"CG12420",2,0,3,5,2,1,2,1,4,0,0,1
"CG12426",0,0,3,150,156,204,0,0,0,77,94,76
"CG12438",2,0,34,455,547,513,0,0,0,315,324,303
"CG12439",0,0,0,0,0,0,0,0,0,0,0,0
"CG12446",2,0,4,146,99,170,0,0,0,131,97,90
"CG12448",1,0,45,1305,1123,1463,3,0,0,739,698,685
"CG1246",2,0,0,0,0,0,0,1,0,0,3,0
"CG12464",0,0,11,307,372,454,0,0,1,154,190,191
"CG12470",8,10,111,2113,2004,2574,7,17,6,1560,1375,1328
"CG12477",0,1,5,101,84,147,1,0,0,91,94,81
"CG12479",0,0,7,109,127,154,0,0,0,62,80,87
"CG12480",0,0,0,0,0,0,0,0,0,0,0,0
"CG12481",1,3,2,0,2,0,0,6,0,2,1,0
"CG12483",33,44,35,21,10,10,32,47,10,13,22,41
"CG12490",0,1,2,0,0,0,0,1,0,0,1,0
"CG12491",0,0,0,0,0,0,0,0,0,0,0,0
"CG12493",0,0,0,0,0,0,0,0,0,0,0,0
"CG12496",0,0,0,0,0,0,0,0,0,0,0,0
"CG12498",1,0,8,281,216,245,0,0,1,128,106,124
"CG12499",208,233,183,166,131,190,270,204,265,195,185,188
"CG12502",0,0,0,0,0,0,0,0,0,0,0,0
"CG12506",0,0,1,10,7,10,0,0,0,8,4,7
"CG12507",8,8,14,25,27,18,8,3,25,15,64,23
"CG12511",0,0,0,0,3,3,0,0,0,0,1,1
"CG12516",0,0,16,564,548,691,0,0,0,400,368,331
"CG12517",0,0,0,0,0,0,0,0,0,0,0,0
"CG12519",0,0,0,0,0,0,0,0,0,0,0,0
"CG12520",0,0,0,0,0,0,0,0,0,0,0,0
"CG12521",0,0,10,435,465,546,0,0,0,371,333,313
"CG12522",0,0,1,7,7,5,0,0,0,5,0,2
"CG12523",0,0,0,0,0,0,0,0,0,0,0,0
"CG12531",0,0,0,0,0,0,0,0,0,0,0,0
"CG12535",3,0,2,7,2,3,1,1,3,3,2,2
"CG12538",0,0,0,3,1,4,0,0,0,0,2,0
"CG12539",97,74,118,30,13,20,72,351,100,45,18,108
"CG12540",2,0,0,1,0,0,2,0,3,2,0,1
"CG12541",268,317,270,129,174,215,303,276,379,203,220,186
"CG12546",0,0,1,8,8,11,3,0,0,0,0,1
"CG12547",62,62,74,68,66,49,56,66,84,48,44,40
"CG12560",0,0,0,0,0,0,0,0,1,0,0,0
"CG12567",13,6,6,9,5,7,10,4,6,5,9,5
"CG12576",4,2,2,6,0,4,3,10,4,1,1,3
"CG12581",149,125,176,85,133,161,124,144,139,104,113,93
"CG12589",0,0,1,97,104,102,0,1,0,47,42,48
"CG12590",0,0,0,11,7,10,0,0,0,3,4,2
"CG12592",9,3,3,100,24,30,0,0,4,36,25,42
"CG12594",0,0,0,0,0,0,0,0,0,0,0,0
"CG12605",171,116,179,262,213,332,173,102,117,279,227,207
"CG12607",0,2,0,0,0,1,3,0,0,0,0,1
"CG12608",139,188,148,159,133,166,159,157,181,175,185,138
"CG12609",2,0,17,542,539,704,0,0,1,419,370,362
"CG12617",0,0,0,1,10,0,0,0,0,5,2,5
"CG12620",0,0,5,121,134,136,0,0,0,91,75,58
"CG12637",0,2,10,447,427,505,0,0,0,327,280,237
"CG12640",0,0,0,0,1,0,0,0,0,0,0,0
"CG12643",1333,1361,1224,1603,1759,1654,1807,1446,2305,1305,2071,1433
"CG12645",0,0,0,0,0,0,0,0,0,0,0,0
"CG1265",640,782,620,596,625,595,452,554,485,540,474,542
"CG12655",195,161,120,94,111,130,72,112,175,184,204,189
"CG12659",141,102,146,116,78,113,156,152,114,80,120,115
"CG12661",0,0,0,8,6,6,0,0,0,9,1,1
"CG12662",0,0,0,0,0,0,0,1,0,0,0,0
"CG12672",16,6,8,11,11,13,12,13,23,13,11,16
"CG12674",0,0,0,0,0,0,0,0,0,0,0,0
"CG12679",0,0,14,533,413,515,0,0,0,368,365,342
"CG12680",0,0,0,2,6,6,0,0,0,1,0,3
"CG12682",0,0,1,167,153,183,0,0,0,105,110,127
"CG12684",1,1,23,630,615,818,0,0,0,406,441,394
"CG12689",2,0,53,1407,1265,1444,0,0,1,782,736,632
"CG12691",1,1,4,140,147,170,1,0,0,100,93,87
"CG12692",0,0,0,0,1,0,0,0,0,0,0,0
"CG12693",1,3,38,1114,991,1170,0,4,0,788,732,638
"CG12698",1,0,37,664,585,832,0,0,2,503,392,458
"CG12699",7,0,491,15003,11816,14807,0,0,3,12538,11266,10649
"CG12702",0,0,0,0,0,0,0,0,0,0,0,0
"CG12708",0,2,2,0,0,0,0,0,0,0,0,0
"CG1271",0,0,0,0,0,0,0,0,0,0,0,0
"CG12713",36,35,25,140,85,158,30,37,32,103,92,95
"CG12715",0,0,0,0,0,0,0,0,0,0,0,0
"CG12716",11,18,11,9,12,18,25,9,13,16,13,16
"CG12723",65,22,47,1102,1012,1025,88,4,79,51,997,60
"CG12725",23,12,9,95,98,122,10,25,13,60,45,48
"CG12728",17,15,26,57,58,85,47,42,36,64,61,71
"CG12729",0,0,11,220,281,299,0,0,0,153,135,167
"CG1273",5,7,4,19,18,10,8,4,5,13,9,4
"CG12730",11,10,12,3,1,3,15,15,12,12,6,6
"CG12744",2,1,1,2,6,7,0,0,1,0,8,0
"CG12746",22,39,25,32,24,39,58,47,26,22,23,40
"CG1275",89,131,82,88,88,140,138,142,105,118,103,94
"CG12766",36,54,26,24,25,15,56,33,17,10,10,7
"CG12768",2,7,4,10,6,8,4,7,9,6,9,11
"CG12769",8,2,2,7,8,7,9,4,2,7,10,6
"CG12773",10,13,14,31,13,16,13,13,11,31,14,28
"CG12780",147,137,137,405,663,194,503,301,453,451,808,470
"CG12782",3,1,16,283,209,328,2,1,1,239,204,178
"CG12783",0,0,0,0,0,0,0,0,0,0,0,0
"CG12784",1,0,14,466,570,532,0,0,0,241,225,224
"CG12795",234,239,165,294,361,298,219,273,195,263,290,295
"CG12811",1195,1324,870,826,1069,806,1233,1340,1349,1006,1173,893
"CG12814",0,0,0,0,0,0,0,0,0,0,0,0
"CG12817",34,23,30,156,112,139,20,14,25,80,114,72
"CG12818",113,94,66,108,123,129,108,97,78,125,168,129
"CG12822",0,0,0,0,0,0,0,0,0,0,0,0
"CG12824",1,5,0,0,0,0,5,1,2,2,0,0
"CG12825",235,220,208,154,146,153,348,279,225,270,291,219
"CG12826",42,20,37,4,6,8,50,37,29,19,22,22
"CG12828",0,0,0,5,3,12,0,0,0,49,28,51
"CG12831",0,0,1,94,57,104,0,0,0,49,44,35
"CG12836",6,3,7,7,12,14,7,1,15,8,29,10
"CG12848",0,0,0,0,0,0,0,0,0,0,0,0
"CG12849",0,0,0,1,4,0,0,0,0,0,0,0
"CG12851",0,0,0,0,0,0,0,1,0,0,0,0
"CG12853",0,8,24,978,1238,1376,0,3,3,816,713,690
"CG12857",0,0,0,0,0,0,0,0,0,0,0,0
"CG12860",17,2,241,7474,6410,8474,2,1,6,6845,6174,5787
"CG12861",6,0,257,6702,6304,7700,1,0,7,5698,4912,4575
"CG12862",1,0,0,0,0,0,0,0,0,0,0,0
"CG12863",87,84,59,61,84,73,74,72,74,65,75,49
"CG12868",152,170,150,179,204,179,290,275,269,396,457,353
"CG12869",3,1,5,0,1,4,0,1,0,2,7,4
"CG12877",162,200,121,164,175,173,166,185,105,166,192,172
"CG1288",0,0,4,34,31,28,0,0,0,35,29,22
"CG12880",317,358,437,384,411,373,167,380,341,384,313,320
"CG12883",130,177,109,102,97,106,159,131,90,74,94,86
"CG12885",0,2,2,0,3,0,2,2,1,2,2,2
"CG12895",1,0,1,0,0,0,0,0,0,0,1,0
"CG12896",338,576,268,309,320,406,228,276,99,57,99,88
"CG12898",0,0,0,0,0,0,0,0,0,0,0,1
"CG12902",0,0,0,0,0,0,0,0,0,0,0,0
"CG12909",65,48,35,50,52,48,77,53,56,83,72,36
"CG12910",38,17,45,30,33,28,43,21,18,29,31,44
"CG12911",0,0,0,0,0,0,0,0,0,0,0,0
"CG12912",0,0,0,0,0,0,0,0,0,0,0,0
"CG12914",0,0,0,0,0,0,0,0,0,0,0,0
"CG12917",2,1,24,299,268,340,2,1,2,93,132,121
"CG12920",5,4,1,0,0,1,5,3,2,1,2,0
"CG12923",2,1,0,15,10,18,0,0,4,10,18,10
"CG12926",460,515,480,382,361,364,434,420,346,361,429,352
"CG12929",0,0,0,0,0,0,0,0,0,0,0,0
"CG12934",0,0,0,0,2,0,0,0,0,0,0,0
"CG12935",1,1,0,0,0,0,0,0,0,0,0,0
"CG12942",98,93,86,89,111,125,92,75,66,93,118,91
"CG12945",0,0,0,0,0,0,0,0,0,0,0,0
"CG12947",159,138,123,104,151,209,93,97,208,193,277,138
"CG12948",1,0,2,4,1,2,3,0,3,1,1,1
"CG12951",2,0,0,0,0,1,0,1,0,0,4,2
"CG12963",53,91,76,286,250,373,82,65,70,163,106,168
"CG12964",0,0,0,0,0,0,0,0,0,0,0,0
"CG12971",3,9,8,5,15,18,34,34,29,43,60,24
"CG12974",6,6,4,2,4,4,3,5,5,5,3,6
"CG12983",0,0,0,0,0,0,0,0,0,0,0,0
"CG12984",2,6,3,30,25,30,3,0,9,17,22,12
"CG12985",4,8,10,110,81,86,5,1,0,58,45,46
"CG12986",0,0,0,0,0,0,0,0,0,0,0,0
"CG1299",62,88,57,18,23,12,40,57,23,23,6,30
"CG12990",4,10,7,7,6,13,7,7,10,119,25,225
"CG12991",0,0,0,0,0,1,0,0,0,0,0,0
"CG12992",0,2,0,1,0,2,0,0,0,0,1,0
"CG12994",0,0,0,0,0,0,0,0,0,0,0,0
"CG12995",22,38,20,22,13,28,13,18,12,11,21,14
"CG12998",11,15,18,1,7,8,12,8,19,7,9,4
"CG13000",0,1,2,0,3,0,0,3,0,0,0,0
"CG13001",82,76,70,88,87,81,95,61,53,79,107,93
"CG13002",9,4,4,0,0,0,28,18,0,0,0,1
"CG13003",15,28,10,9,16,26,7,20,18,7,12,10
"CG13004",6,2,13,4,8,6,5,1,12,2,5,2
"CG13005",29,34,30,29,32,45,17,42,34,27,37,22
"CG13008",2,0,60,1079,1055,1415,0,0,1,890,850,756
"CG13010",5,7,14,363,365,361,9,3,5,212,204,231
"CG13012",0,0,0,0,1,0,0,1,2,0,0,0
"CG13014",68,84,61,63,77,64,74,96,122,68,84,89
"CG13016",100,105,105,95,137,95,74,122,110,127,117,70
"CG13018",55,52,43,84,102,139,72,85,91,72,130,104
"CG13021",0,0,0,0,0,0,0,0,0,0,0,0
"CG13022",49,34,34,79,98,137,35,25,34,56,50,46
"CG13023",3,10,15,17,15,17,10,18,14,16,11,3
"CG13024",282,387,270,60,88,133,242,229,168,90,94,141
"CG13026",1,0,0,2,0,0,0,1,4,1,0,0
"CG13028",205,162,148,377,372,353,106,68,146,199,254,145
"CG13029",0,0,10,184,145,144,0,4,4,92,76,107
"CG13031",0,0,0,0,0,0,0,0,0,0,0,0
"CG13032",57,39,89,1577,1274,2002,38,30,27,821,688,680
"CG13033",0,0,0,1,4,2,0,0,2,3,5,0
"CG13038",49,70,48,58,90,77,28,25,103,32,102,49
"CG13039",0,0,0,43,54,65,0,0,0,29,24,20
"CG1304",146,214,173,9,4,0,0,2,2,0,1,0
"CG13040",0,0,2,8,3,6,0,0,0,3,9,7
"CG13041",26,20,19,25,68,44,52,30,43,26,39,28
"CG13042",421,157,185,1448,2672,2536,441,53,477,538,3230,650
"CG13043",31,24,25,13,21,10,22,34,40,43,25,37
"CG13044",0,0,0,0,1,0,0,0,0,0,0,0
"CG13045",12,0,5,95,77,124,6,0,4,5,59,16
"CG13046",113,81,94,135,139,141,152,78,105,72,200,91
"CG13047",3664,2739,1632,2483,3239,4081,2745,480,3025,2631,3963,2773
"CG13048",0,0,0,1,2,0,0,0,1,0,1,1
"CG13049",2904,1533,508,1896,2605,3220,2096,103,1772,1696,3399,2232
"CG13050",7,4,5,1,7,1,4,3,3,0,11,8
"CG13051",9370,8136,8405,2288,2404,4672,9016,7827,9134,8768,2941,7734
"CG13053",0,0,0,9,18,9,0,0,0,1,0,5
"CG13054",114,115,112,119,125,189,135,112,112,186,121,216
"CG13055",122,117,129,246,188,292,114,130,139,200,199,136
"CG13056",157,166,122,110,207,188,269,184,154,104,155,149
"CG13058",12,22,9,19,26,21,6,13,23,11,19,17
"CG13059",131,178,132,91,110,112,119,151,226,92,130,84
"CG13060",25,23,7,22,33,34,34,15,26,7,88,10
"CG13062",667,510,282,1005,1812,1573,484,146,851,880,3059,1005
"CG13063",1,7,9,13,12,29,5,5,12,7,30,24
"CG13064",1,6,0,2,4,6,2,1,4,5,3,3
"CG13065",16157,13883,14724,11346,17963,18758,9650,13471,23192,14703,24273,15263
"CG13066",605,703,381,139,191,158,591,240,770,264,301,405
"CG13067",17897,19628,20730,4503,4036,5760,26662,33160,18667,14544,3390,16291
"CG13068",5766,5314,5330,999,1060,1735,8535,8536,6318,3888,816,4764
"CG13069",4808,4317,3894,1344,1820,2781,4084,3053,6030,4755,1834,4752
"CG1307",10,15,16,8,7,13,7,7,12,14,14,9
"CG13070",0,0,0,5,2,6,0,0,0,0,3,1
"CG13071",2174,1385,1339,3337,4998,3992,2166,870,2895,1181,4127,1768
"CG13073",1,3,9,6,1,5,4,2,8,1,6,1
"CG13074",2,3,8,25,8,19,5,4,0,25,20,18
"CG13075",273,528,243,47,79,71,681,540,244,181,106,155
"CG13077",7,15,5,4,6,9,9,8,6,8,4,5
"CG13078",2,0,0,1,1,3,0,4,3,2,0,0
"CG13081",0,0,3,0,0,0,0,0,0,0,0,0
"CG13082",216,240,245,39,41,25,314,319,16,8,13,17
"CG13083",2,0,0,1,1,1,3,0,0,0,0,0
"CG13084",2,0,1,0,0,0,0,0,0,2,1,2
"CG13085",0,0,0,0,0,0,0,0,0,0,0,0
"CG13086",0,0,0,0,0,0,0,0,0,0,0,0
"CG13088",55,66,91,1583,1554,1821,50,36,49,1499,1032,1175
"CG1309",573,678,623,1044,1034,1228,475,559,666,997,1072,889
"CG13096",0,0,0,0,0,0,0,0,0,0,0,0
"CG13097",141,167,155,151,131,161,187,169,139,189,123,152
"CG13101",2,6,1,1,1,3,3,8,4,0,2,4
"CG13102",0,0,0,0,0,0,0,0,0,0,0,0
"CG13108",56,35,74,78,73,104,101,75,69,91,106,101
"CG13110",0,0,30,737,833,915,0,0,3,572,460,547
"CG13113",0,0,0,0,0,0,0,0,0,0,0,1
"CG13114",2,0,0,2,1,5,0,0,0,0,6,0
"CG13116",0,0,0,0,0,0,0,0,0,0,0,0
"CG13117",5,7,4,7,14,14,11,8,12,16,8,3
"CG13123",0,0,0,0,0,0,0,0,0,0,0,0
"CG13124",0,2,0,0,0,4,0,1,0,0,0,0
"CG13126",17,9,8,22,14,5,18,16,17,9,15,5
"CG13127",2,0,12,238,190,222,0,0,0,195,169,176
"CG13131",0,1,8,319,388,394,2,1,0,306,260,244
"CG13133",141,153,161,88,152,145,133,133,168,188,247,156
"CG13135",0,0,0,0,0,0,0,0,0,0,0,0
"CG13137",0,2,0,46,43,48,0,0,0,27,30,27
"CG13138",0,3,0,0,0,0,0,0,0,0,0,0
"CG1314",0,0,22,777,600,796,1,0,1,557,411,429
"CG13144",357,385,424,744,618,579,418,317,479,499,657,439
"CG13148",0,0,0,0,0,0,0,1,0,0,0,0
"CG13151",103,117,79,108,102,125,85,100,73,131,86,106
"CG13154",3,84,2,29,19,14,12,7,3,6,15,7
"CG13155",203,207,203,111,198,147,123,88,261,122,318,136
"CG13157",0,0,0,1,4,4,1,0,0,1,1,0
"CG13159",2,0,0,0,0,0,1,0,0,0,1,0
"CG1316",640,650,609,765,698,934,561,530,494,885,955,810
"CG13160",0,0,0,0,0,0,0,0,0,0,0,0
"CG13168",0,0,0,0,0,0,0,0,0,0,0,0
"CG1317",13,21,13,21,20,41,13,14,23,29,17,26
"CG13170",0,1,1,1,2,7,0,0,0,6,0,1
"CG13171",0,0,2,46,46,60,0,0,0,12,6,16
"CG13175",0,0,0,0,0,0,0,0,0,0,0,0
"CG13177",0,2,0,0,1,0,2,4,2,2,1,1
"CG13185",458,461,434,217,168,228,363,258,248,165,189,242
"CG13186",3,1,21,498,532,604,0,1,1,401,382,389
"CG13192",240,231,173,227,204,197,186,189,220,193,241,186
"CG13193",0,0,0,0,0,0,0,0,0,0,0,4
"CG13196",20,14,26,10,11,10,26,17,8,14,4,9
"CG13197",18,43,21,36,27,24,36,34,29,38,25,25
"CG13198",3,11,5,2,3,1,2,0,4,0,1,0
"CG13202",0,5,7,85,149,148,0,0,1,64,48,37
"CG13203",2,5,1,11,11,14,9,3,9,10,9,7
"CG13204",18,30,26,30,27,23,22,21,7,11,24,24
"CG13215",6,29,14,14,10,7,41,55,4,1,2,7
"CG13216",0,0,1,7,0,1,1,0,0,0,0,3
"CG13217",6,3,16,68,83,40,7,2,5,3,44,9
"CG13218",7,1,5,92,21,24,1,1,1,0,8,4
"CG13220",0,0,2,17,9,13,4,2,0,0,7,2
"CG13223",2,0,0,40,48,61,0,0,0,26,27,18
"CG13226",7,3,0,7,4,3,13,10,1,1,2,0
"CG13227",4,0,9,16,21,9,3,5,3,1,6,2
"CG13228",2,3,0,19,10,10,3,0,1,3,4,0
"CG13229",0,0,0,1,0,0,0,0,0,0,0,2
"CG13230",0,0,1,28,7,35,0,0,0,17,16,9
"CG13231",10088,12019,9115,13130,16304,12804,5895,5938,10916,8964,23802,9034
"CG13239",3922,3940,4328,667,512,853,3503,4926,4734,3433,1122,3391
"CG1324",0,0,0,5,3,4,0,0,0,3,1,0
"CG13243",0,0,0,0,0,0,0,0,0,0,0,0
"CG13244",0,1,28,526,506,618,0,0,1,331,317,313
"CG13245",0,0,0,0,0,0,0,0,0,0,0,0
"CG13247",0,0,0,0,0,0,0,0,0,0,0,0
"CG13248",136,140,116,172,115,174,163,114,110,141,179,162
"CG13250",1,0,0,0,0,0,2,0,0,0,0,0
"CG13251",17,24,20,10,17,17,17,6,22,24,26,23
"CG13252",431,456,490,347,336,362,510,490,466,374,421,417
"CG13255",7,3,9,5,6,5,5,4,2,4,0,2
"CG13258",0,4,0,0,0,0,0,0,0,0,0,0
"CG13272",8,6,2,68,66,59,6,2,6,10,42,13
"CG13280",4,1,1,26,28,28,0,1,4,14,7,3
"CG13282",0,0,0,2,1,0,0,0,1,1,4,0
"CG13284",6,9,5,9,1,4,15,9,1,8,14,3
"CG13285",175,129,127,233,168,194,149,111,274,102,293,137
"CG13287",0,0,0,0,0,0,0,0,0,0,0,0
"CG13288",2,3,2,13,9,26,4,0,1,10,10,12
"CG13293",62,56,44,73,45,81,83,57,67,82,86,55
"CG13295",250,338,251,161,166,136,287,318,201,172,152,175
"CG13297",7,10,0,7,5,5,18,0,15,2,12,1
"CG13299",0,0,0,1,2,3,0,0,0,0,0,3
"CG13300",103,139,140,118,128,156,133,90,72,113,146,92
"CG13305",0,0,0,0,0,2,0,2,0,0,1,2
"CG13306",44,39,44,45,67,59,22,22,23,22,37,34
"CG13308",179,135,123,285,284,307,144,74,158,195,299,174
"CG13309",482,467,460,80,24,17,948,566,104,13,28,132
"CG13310",1,0,1,1,1,0,0,0,2,0,0,3
"CG13311",90,83,39,13,1,8,194,170,68,25,6,32
"CG13312",14,7,5,1,2,0,13,22,0,0,0,2
"CG13313",16,19,3,9,18,18,16,18,18,9,32,11
"CG13314",11,9,13,3,2,1,29,12,10,0,4,14
"CG13315",3,0,0,0,0,5,0,0,3,0,2,0
"CG13318",79,78,92,41,30,64,79,45,44,38,51,37
"CG13319",0,0,0,0,0,0,0,0,0,0,0,0
"CG13321",3,0,0,2,1,1,0,2,0,0,2,0
"CG13323",4,4,4,3,6,2,15,5,5,1,3,0
"CG13324",2,12,0,2,2,0,11,6,1,0,3,1
"CG13325",1,1,5,2,2,9,3,0,2,12,2,3
"CG13326",3,0,27,801,782,971,1805,1791,1901,3254,2840,2946
"CG13330",0,0,0,0,0,0,0,0,0,0,0,0
"CG13331",11,4,20,7,5,5,1,6,4,4,5,3
"CG13332",7,8,3,2,5,7,10,7,2,3,3,2
"CG13334",2,0,3,69,51,101,1,0,0,50,43,48
"CG13337",0,0,1,84,57,90,0,0,0,97,69,37
"CG13339",69,56,47,90,79,50,81,87,68,96,94,98
"CG13344",33,33,23,96,83,125,49,35,60,76,54,62
"CG13358",2,1,3,10,0,7,0,0,3,4,2,5
"CG13359",2,0,22,496,372,567,1,1,0,345,287,279
"CG13360",2061,2259,1827,1296,1262,614,1439,1501,1089,898,1444,726
"CG13361",6,4,1,1,6,4,5,2,1,15,3,1
"CG13362",0,4,4,0,0,0,2,1,2,0,0,0
"CG13364",649,704,588,636,831,702,949,813,887,625,868,690
"CG13365",330,326,336,399,412,384,422,384,503,280,393,352
"CG13367",555,482,455,169,162,174,130,167,150,152,197,140
"CG13369",773,812,757,556,520,538,574,565,782,605,697,559
"CG13373",47,41,37,60,71,76,39,45,35,26,37,23
"CG13375",286,311,354,282,200,351,307,248,316,302,316,251
"CG13376",0,0,0,0,0,0,0,0,0,0,0,0
"CG13377",64,62,50,22,74,74,55,65,97,36,61,49
"CG13380",0,0,0,0,0,0,0,0,0,0,0,0
"CG13384",0,0,0,0,0,0,0,0,0,0,0,0
"CG13385",0,0,11,428,432,639,0,0,0,475,382,389
"CG13386",4,4,2,4,2,4,1,2,1,0,3,5
"CG13390",163,163,164,137,144,168,172,160,204,166,176,167
"CG13392",0,1,0,0,0,0,1,0,0,0,0,0
"CG13398",14,16,15,6,10,16,19,23,7,13,11,7
"CG13403",0,0,0,0,0,0,0,0,0,0,0,0
"CG13404",78,52,58,84,60,98,57,33,67,66,65,56
"CG13405",0,0,5,103,67,81,0,0,0,41,63,41
"CG13407",0,1,1,8,2,5,2,0,0,0,1,1
"CG13408",42,53,33,76,48,57,56,42,51,55,69,41
"CG13409",131,167,159,171,160,208,124,143,110,152,192,151
"CG13423",1,3,5,96,73,100,0,3,2,31,23,34
"CG13426",0,0,3,66,49,50,0,0,0,29,28,39
"CG13427",2,0,4,0,0,5,0,2,0,0,3,0
"CG13428",1,1,5,2,5,0,1,4,0,1,1,1
"CG13430",0,0,0,0,0,0,0,0,0,0,0,0
"CG13436",14,12,81,1111,1084,1429,12,12,16,848,811,803
"CG13437",16,25,17,12,17,15,15,20,23,18,15,20
"CG13438",0,0,0,1,0,0,0,0,0,0,0,0
"CG1344",51,47,69,60,33,81,67,48,67,51,65,51
"CG13442",3,2,37,1210,1058,1282,0,0,0,1106,910,832
"CG13443",0,0,0,0,0,3,0,0,0,1,0,0
"CG13445",2,0,1,0,0,2,5,3,0,2,1,1
"CG13449",3,1,3,0,1,4,4,1,2,1,7,3
"CG13454",0,3,1,0,5,2,2,1,2,1,2,5
"CG13455",7,1,36,675,750,761,3,0,2,527,434,421
"CG13457",0,0,0,0,0,0,0,0,0,0,0,0
"CG13458",673,651,690,871,781,935,764,590,912,749,804,768
"CG13460",0,0,0,0,0,0,0,0,0,0,1,0
"CG13461",0,0,0,3,0,0,0,0,0,0,0,0
"CG13465",0,0,0,0,0,0,0,0,0,0,0,0
"CG13471",3,0,28,738,765,866,0,0,2,543,555,515
"CG13473",0,0,13,404,419,434,0,0,2,241,206,205
"CG13474",0,0,1,33,40,42,0,0,0,23,21,20
"CG13476",0,0,76,1412,1281,1522,2,0,0,855,791,794
"CG13481",0,0,0,0,0,0,0,0,0,0,0,0
"CG13482",54,52,36,77,78,22,116,70,64,45,96,34
"CG13484",53,56,75,85,84,93,84,56,58,86,94,85
"CG13488",0,0,0,0,0,0,0,0,0,0,0,0
"CG13492",635,1050,434,54,37,17,1045,724,251,115,83,69
"CG13494",1,0,11,303,322,354,0,0,0,176,145,154
"CG13501",0,0,0,0,0,4,0,0,0,0,1,0
"CG13502",13,14,16,11,24,27,25,21,19,16,9,21
"CG13506",0,1,0,0,4,0,1,3,0,0,3,1
"CG13510",0,0,0,0,0,0,0,0,0,0,0,0
"CG13511",0,0,0,0,0,0,0,0,0,0,0,0
"CG13516",7,2,7,9,6,14,5,3,1,4,4,10
"CG13526",0,0,9,306,295,369,0,1,0,248,202,215
"CG13527",0,0,0,0,0,0,0,0,0,0,0,0
"CG13531",0,0,2,0,0,4,0,0,0,1,0,0
"CG13532",68,35,73,83,54,74,65,44,58,70,82,66
"CG13538",2,1,25,386,368,387,3,2,0,244,255,220
"CG13539",0,0,1,24,23,21,0,0,0,6,15,18
"CG1354",5,4,6,5,3,14,5,2,9,6,3,0
"CG13540",9,3,3,180,204,208,6,4,0,73,93,117
"CG13544",1,0,46,1219,1187,1466,0,0,0,924,753,739
"CG13545",11,4,5,10,6,10,6,7,6,4,5,0
"CG13551",0,1,0,3,0,1,0,0,0,1,0,2
"CG13557",0,0,0,0,1,1,0,0,0,6,4,15
"CG13558",0,0,1,46,34,40,0,3,0,34,29,23
"CG13559",46,61,43,38,26,28,100,89,112,59,56,88
"CG13560",0,0,0,0,0,0,0,0,0,0,0,4
"CG13561",0,0,0,7,7,19,0,0,0,18,16,6
"CG13562",0,0,0,0,0,0,0,0,0,0,0,0
"CG13563",34,28,25,11,15,22,29,23,29,15,11,13
"CG13564",5,7,13,198,205,254,14,35,10,146,115,116
"CG13566",77,79,56,121,148,131,50,50,105,91,226,99
"CG13575",5,2,3,17,13,2,3,11,11,5,13,15
"CG13577",0,0,2,74,41,68,0,0,0,32,39,59
"CG13578",27,26,25,10,20,31,14,17,22,18,30,12
"CG13579",0,0,0,0,0,0,0,0,0,0,0,0
"CG13581",0,0,9,604,564,688,1,0,0,508,460,406
"CG13585",39,54,46,82,75,85,34,29,44,49,53,60
"CG13587",1,4,3,1,4,0,5,2,2,1,1,3
"CG13589",0,0,0,0,0,0,0,0,0,0,0,0
"CG13590",0,0,0,1,0,1,0,0,0,1,0,0
"CG13594",0,0,0,0,0,3,3,1,4,0,0,0
"CG13599",9,13,13,40,31,68,10,15,14,65,43,48
"CG1360",23,24,22,35,55,58,33,34,32,37,38,28
"CG13601",0,0,0,0,0,0,0,0,0,0,0,0
"CG13603",493,557,468,503,515,530,515,488,523,459,552,478
"CG13605",354,423,327,480,469,581,331,328,327,425,508,398
"CG13606",293,1278,518,38,8,21,641,923,81,14,32,20
"CG13607",0,1,0,1,6,1,2,1,0,0,0,0
"CG13609",14,15,12,42,36,28,13,9,20,33,32,36
"CG13613",0,0,0,1,0,6,0,0,0,0,1,0
"CG13614",0,0,0,1,0,0,0,0,0,0,0,0
"CG13615",0,0,1,20,7,12,0,0,7,7,10,11
"CG13616",0,0,0,0,0,0,0,0,0,0,0,0
"CG13622",4,6,3,1,0,1,4,1,3,3,11,6
"CG13623",0,0,0,2,6,0,0,0,0,1,2,0
"CG13625",124,136,132,99,121,157,97,109,105,143,124,118
"CG13627",0,0,0,2,1,2,0,0,0,0,0,0
"CG13630",982,1017,943,1126,1212,1133,815,724,965,927,1078,862
"CG13631",521,541,523,500,567,702,373,542,747,531,695,589
"CG13634",9,10,4,145,119,139,4,0,10,1,57,12
"CG13639",15,269,22,76,28,56,88,157,27,9,8,11
"CG13640",8,11,10,50,67,46,7,9,14,12,7,3
"CG13643",1,0,1,1,3,3,0,1,2,1,1,0
"CG13653",2,1,0,0,1,0,0,1,0,2,1,0
"CG13654",2,9,3,5,3,8,7,3,4,0,4,0
"CG13658",53,74,30,10,15,7,194,155,29,33,23,24
"CG13659",111,132,128,52,55,66,96,102,69,53,66,68
"CG13667",0,0,0,0,0,0,0,0,0,0,0,0
"CG13670",9,2,3,12,5,18,2,5,9,5,16,5
"CG13671",101,94,94,126,87,112,85,103,103,109,152,111
"CG13674",0,2,0,0,0,1,0,1,3,3,1,0
"CG13675",1,4,0,3,4,2,0,7,0,0,12,2
"CG13676",164,149,111,174,218,312,112,57,114,137,365,132
"CG13678",11842,13222,12699,2479,3253,5701,7774,8737,14905,13722,4747,10267
"CG13679",8302,8893,7838,1676,2334,4127,5718,4056,9510,10034,3650,7674
"CG1368",2791,2826,2137,2060,2279,1986,3061,3456,4177,1427,2172,1373
"CG13685",134,103,121,144,92,162,138,123,87,130,130,133
"CG13689",0,0,0,0,2,0,0,1,3,1,0,0
"CG13690",23,19,23,9,4,6,32,24,29,3,7,12
"CG13692",5,5,12,5,6,9,1,1,11,8,8,12
"CG13693",0,0,40,968,894,1134,0,0,0,605,465,435
"CG13694",7,4,1,6,6,0,1,1,0,1,0,0
"CG13698",193,196,206,152,178,240,135,157,211,198,218,167
"CG13699",124,72,41,299,383,429,110,27,67,102,368,116
"CG13700",0,0,0,0,0,0,0,0,0,0,0,0
"CG13705",41,29,24,24,29,19,17,16,13,15,14,7
"CG13707",8,7,3,16,11,7,9,7,8,4,9,1
"CG13708",0,0,0,0,0,0,0,0,0,0,0,0
"CG1371",934,1004,818,965,950,1183,865,746,884,852,1171,770
"CG13711",7,3,3,4,4,2,0,0,0,1,0,0
"CG13712",0,3,1,1,0,0,0,1,0,3,0,0
"CG13713",0,0,0,0,2,0,0,0,0,0,1,0
"CG13716",1,2,3,3,3,3,2,1,0,0,2,0
"CG13720",0,6,0,1,2,2,0,2,0,0,0,0
"CG13721",377,116,112,1146,1509,1630,558,73,779,426,4397,649
"CG13722",976,1690,1231,678,911,973,593,1013,885,1141,1397,1123
"CG13723",0,0,4,117,140,148,0,0,0,110,120,80
"CG13724",0,0,0,2,0,0,0,0,0,5,0,0
"CG13725",0,0,57,1002,1004,1191,0,0,0,841,714,776
"CG13727",1,9,4,0,2,4,3,2,6,2,5,1
"CG13728",4,1,4,3,3,3,0,1,0,17,4,11
"CG13731",2922,2599,2359,2028,4330,4021,1849,729,2703,2669,6853,2512
"CG13733",16,2,33,981,933,1279,2,10,11,879,759,729
"CG13737",4,12,14,12,12,15,9,8,17,13,9,10
"CG13738",4,5,0,7,7,0,6,10,2,1,3,1
"CG13739",73,56,97,121,69,107,59,42,42,91,96,75
"CG13742",0,0,0,0,0,1,0,0,0,0,0,0
"CG13743",0,2,0,1,3,0,0,0,1,0,1,0
"CG13744",1,4,4,7,14,21,0,0,4,3,5,11
"CG13747",1,0,50,1513,1597,1678,0,0,0,1045,952,968
"CG13748",320,284,206,871,826,780,268,183,305,299,732,299
"CG13751",159,131,90,180,221,158,153,196,230,152,205,185
"CG13760",0,0,0,0,0,0,0,0,0,0,1,0
"CG13766",0,0,0,0,0,0,0,0,0,0,0,0
"CG13771",0,0,0,0,0,0,0,0,0,0,0,0
"CG13775",0,1,2,0,0,0,0,0,0,1,0,4
"CG13784",35,42,54,58,44,67,85,59,49,61,54,40
"CG13786",0,0,1,2,7,1,0,0,0,3,0,0
"CG13793",69,80,62,76,54,77,53,68,61,64,60,41
"CG13794",140,124,100,98,108,82,76,59,43,30,61,44
"CG13795",2,2,4,0,2,0,5,1,9,4,0,2
"CG13796",0,3,0,0,0,0,0,0,0,0,0,0
"CG13801",0,0,0,30,28,33,0,0,0,21,21,18
"CG13806",18,34,35,44,39,47,50,55,35,57,63,40
"CG13807",87,62,74,116,135,125,139,123,116,72,121,129
"CG13810",5,9,6,1,5,1,5,1,7,3,3,3
"CG13813",31,26,24,31,32,30,30,16,41,15,27,16
"CG13829",1,1,5,164,162,132,0,0,0,64,78,89
"CG13833",462,580,702,222,274,167,404,579,474,336,269,565
"CG13837",21,15,10,18,20,16,6,20,15,13,12,9
"CG13838",0,0,4,259,235,315,0,0,1,166,146,178
"CG13840",6,11,9,3,2,0,2,8,11,4,4,6
"CG13841",7,3,8,0,8,2,2,1,4,0,8,7
"CG13842",29,26,29,61,72,54,30,26,23,46,71,45
"CG13843",5,7,29,562,567,647,7,6,6,238,185,228
"CG13847",0,0,0,0,0,0,0,0,0,0,0,0
"CG13850",0,1,0,0,0,0,0,0,0,0,1,1
"CG13855",7,8,35,625,625,779,5,3,6,459,417,422
"CG13856",55,62,74,29,33,52,77,89,70,41,50,46
"CG13857",10,2,0,14,11,16,2,8,7,8,10,5
"CG13862",3,4,1,1,12,1,2,7,4,3,3,2
"CG13868",51,30,45,63,62,94,51,54,31,42,34,48
"CG13869",0,0,1,1,9,0,0,0,0,0,2,1
"CG1387",1,0,28,918,787,1194,0,1,1,701,600,626
"CG13870",0,0,0,2,0,0,0,0,0,0,0,0
"CG13871",7,1,19,308,288,291,2,2,0,201,265,224
"CG13872",0,0,18,639,573,832,0,2,0,705,739,638
"CG13875",24,21,37,26,28,43,24,11,26,20,42,22
"CG13876",70,126,116,176,212,232,81,107,127,139,133,115
"CG13877",0,0,0,0,0,0,0,0,0,0,0,0
"CG13884",3,5,10,287,305,310,0,2,4,278,245,218
"CG13887",24,23,20,26,19,29,24,38,45,36,26,26
"CG13891",0,1,25,610,570,688,0,0,0,567,493,421
"CG13893",154,208,272,85,107,97,211,209,163,140,126,202
"CG13894",62,56,51,79,88,92,48,50,56,44,77,53
"CG13895",0,0,0,3,0,0,0,0,4,1,0,1
"CG13896",0,0,0,0,0,0,0,0,0,0,0,0
"CG13898",4,1,70,2023,2156,2731,3,0,2,1060,931,961
"CG13901",0,0,0,1,1,0,0,1,0,1,1,4
"CG13907",263,278,218,141,106,157,365,388,196,196,222,188
"CG13912",111,64,69,55,40,33,94,87,81,55,60,47
"CG13917",9,18,6,3,4,3,19,21,1,1,5,3
"CG13919",59,55,50,50,69,55,47,53,66,65,56,59
"CG13920",0,0,0,0,0,0,0,0,0,0,0,0
"CG13921",0,2,1,22,20,21,6,2,0,19,9,13
"CG13924",0,0,0,0,0,0,3,0,0,0,0,0
"CG13926",0,1,0,0,0,0,0,0,0,0,0,0
"CG13928",722,783,904,931,833,1114,691,650,666,785,875,748
"CG13930",2,2,1,1,5,6,3,2,0,6,0,1
"CG13931",0,0,0,0,2,0,0,0,0,0,0,0
"CG13933",0,0,0,0,0,0,0,0,0,0,0,0
"CG13937",0,0,2,0,0,1,1,0,0,2,1,1
"CG1394",0,0,2,0,0,0,0,0,0,0,0,0
"CG13946",1,0,0,4,4,2,0,0,0,0,0,3
"CG13947",0,0,0,3,2,2,0,0,0,4,1,9
"CG13949",0,0,2,5,1,5,0,0,0,2,0,1
"CG13950",0,0,1,1,1,0,6,1,0,1,0,0
"CG13954",6,0,3,7,4,10,0,1,4,2,4,0
"CG13955",2,4,5,8,4,5,8,2,1,3,2,0
"CG13962",19,4,22,17,4,6,3,6,0,0,1,4
"CG13965",32,26,19,57,72,92,9,22,7,199,169,164
"CG13970",3,0,0,43,35,46,2,0,1,29,18,21
"CG13972",1,0,0,0,0,0,0,0,2,0,1,0
"CG13978",10,2,139,2595,2446,3482,4,1,5,2054,1942,1800
"CG13982",18,17,11,12,33,23,22,22,41,34,40,16
"CG13983",0,3,3,5,2,4,0,3,2,1,4,4
"CG13984",0,0,14,234,241,195,1,0,1,176,153,144
"CG13989",2,0,27,698,706,906,0,0,0,632,700,601
"CG13991",0,0,40,1020,1151,1689,0,0,0,905,842,736
"CG13992",0,0,0,0,0,0,0,0,0,0,0,0
"CG13994",0,0,0,0,0,0,0,0,0,0,0,2
"CG13995",115,116,167,119,113,148,168,93,82,138,133,167
"CG13996",7,15,12,20,18,25,5,8,17,15,30,12
"CG13998",1,0,0,0,1,0,0,0,0,0,0,2
"CG13999",72,83,88,165,149,189,57,47,69,165,169,117
"CG14000",3,0,4,340,351,378,0,0,6,196,152,172
"CG14005",0,0,0,0,0,0,0,0,0,0,0,0
"CG14006",0,0,0,19,13,10,0,0,0,19,11,22
"CG14007",0,1,0,6,6,5,0,0,4,6,5,10
"CG14011",0,0,0,0,0,0,0,0,0,0,0,0
"CG14013",0,0,10,450,394,536,0,0,0,395,290,371
"CG14014",0,0,2,14,5,18,0,0,0,11,6,4
"CG14015",141,139,132,196,141,252,149,146,150,176,217,151
"CG14017",0,0,23,444,427,529,0,0,0,237,233,225
"CG14020",0,0,0,0,0,0,0,0,0,0,0,0
"CG14022",2,0,0,0,0,0,0,0,0,0,0,0
"CG14024",33,58,48,42,45,81,50,27,52,59,69,43
"CG14034",0,0,0,0,0,0,0,0,0,0,0,0
"CG14036",5,2,14,97,111,116,1,15,9,51,46,71
"CG14042",0,0,0,0,0,0,0,0,0,0,0,0
"CG14043",371,375,383,1207,1162,1346,303,301,288,944,935,775
"CG14050",5,9,8,11,12,13,5,4,6,16,7,7
"CG14052",0,2,2,13,11,9,3,1,7,9,9,5
"CG14053",1,3,8,29,44,54,2,2,0,41,28,27
"CG14054",4,2,1,53,45,85,0,0,1,21,22,12
"CG14062",0,4,2,1,9,3,0,0,0,0,0,0
"CG14069",0,0,0,1,6,11,0,0,0,5,4,5
"CG1407",0,0,0,0,0,0,0,0,0,0,0,0
"CG14070",0,0,0,1,1,3,0,0,0,1,0,1
"CG14071",1,0,2,87,56,61,0,0,0,56,52,57
"CG14072",0,0,0,0,0,0,0,0,0,0,0,0
"CG14073",0,0,0,0,1,0,0,0,0,0,0,2
"CG14074",41,27,32,55,49,51,37,29,38,54,51,52
"CG14075",84,52,51,106,81,81,72,66,52,72,70,62
"CG14079",19,21,13,37,47,26,7,14,6,26,17,28
"CG14082",36,38,46,43,32,39,65,22,40,41,57,47
"CG14085",9,15,10,6,5,13,19,6,13,11,10,11
"CG14086",9,16,2,4,16,14,9,4,7,24,15,11
"CG14088",0,1,0,1,0,0,0,0,2,0,0,0
"CG14089",0,0,0,1,1,0,1,0,0,0,0,2
"CG1409",1,0,4,218,193,205,0,0,0,111,128,88
"CG14095",8348,5145,2487,2810,5205,8646,7386,530,8189,8098,8712,8816
"CG14096",111,194,61,7,16,22,24,12,56,81,46,75
"CG14100",209,249,214,164,168,178,178,182,198,197,229,154
"CG14102",29,35,29,54,41,43,31,19,41,46,61,43
"CG14104",12,13,22,16,26,24,22,14,22,10,23,25
"CG14105",34,57,46,16,40,23,37,60,50,50,37,43
"CG14106",1,0,7,249,306,276,1,0,1,338,284,284
"CG14107",3,8,3,42,56,46,3,2,3,49,25,35
"CG14109",3,3,1,0,5,4,5,2,0,4,1,1
"CG14110",1,0,2,3,6,7,0,1,3,7,8,3
"CG14111",0,0,0,11,17,16,0,0,0,7,3,3
"CG14113",1,0,9,414,394,421,0,0,1,297,266,273
"CG14115",0,1,4,0,0,0,0,0,2,0,0,0
"CG14118",807,573,621,1514,1245,1598,607,365,498,877,1060,740
"CG14120",448,297,233,21,1,8,118,189,37,10,26,28
"CG14125",0,0,0,0,0,0,0,0,0,0,0,0
"CG14130",240,301,241,284,298,263,272,205,312,252,266,219
"CG14131",0,0,0,0,0,0,0,0,0,0,0,0
"CG14132",492,560,325,583,712,776,429,401,547,372,898,492
"CG14135",0,0,0,0,0,0,0,0,0,0,0,0
"CG14137",0,0,0,2,0,2,0,0,0,0,1,1
"CG14142",0,0,0,0,0,0,0,0,0,0,0,0
"CG14143",0,0,0,3,7,1,0,0,0,0,0,0
"CG14147",4131,1488,791,11451,12334,13161,3325,169,2483,1345,9781,2463
"CG14151",0,0,7,256,224,249,0,0,0,196,176,189
"CG14153",443,458,497,162,135,164,450,518,409,349,218,455
"CG14154",0,0,0,0,0,0,0,0,0,0,0,0
"CG1416",0,0,0,0,0,0,0,0,1,3,5,0
"CG14160",32,36,34,33,17,12,37,29,20,13,21,13
"CG14174",29,49,33,209,178,229,37,22,44,184,201,155
"CG1418",204,223,249,1399,1281,1450,166,175,226,1273,1270,1095
"CG14182",0,0,3,0,0,0,0,1,0,0,0,1
"CG14183",17,24,87,1772,1670,2492,19,27,14,2047,1685,1642
"CG14185",4,2,10,4,2,0,0,4,3,2,8,3
"CG14186",197,201,208,256,165,336,232,182,175,229,242,257
"CG14187",0,0,0,0,0,0,0,0,0,0,0,0
"CG14190",1,0,10,154,136,161,0,2,0,139,134,124
"CG14191",906,665,498,1154,1696,1486,1246,644,1174,553,937,862
"CG14194",2,0,2,1,1,4,2,2,2,0,0,0
"CG14195",0,0,2,0,1,1,0,0,0,0,1,1
"CG14196",250,362,208,97,68,52,346,286,124,122,95,100
"CG14200",10,6,12,4,6,8,7,12,8,9,9,2
"CG14204",0,0,0,0,0,0,0,0,0,1,0,0
"CG14205",0,2,3,6,4,0,0,0,0,2,2,1
"CG14207",27,44,31,33,23,22,30,32,29,29,51,40
"CG1421",3,0,5,121,161,166,0,0,0,55,66,50
"CG14210",0,0,0,0,0,0,0,0,0,0,0,0
"CG14212",0,5,5,132,101,159,0,0,3,72,71,64
"CG14218",0,0,0,0,0,0,0,0,0,0,0,0
"CG14219",8,5,2,22,6,5,4,1,4,6,1,9
"CG14220",15,26,20,22,11,21,29,24,13,17,19,15
"CG14221",2,0,0,3,2,0,1,0,0,1,0,0
"CG14223",31,18,15,25,30,37,10,10,28,11,37,21
"CG14227",0,1,6,2,2,2,1,6,6,2,3,0
"CG14229",7,1,1,18,16,18,0,0,1,12,19,10
"CG14230",109,113,62,92,73,105,108,98,69,125,106,81
"CG14232",0,0,0,0,0,0,0,0,0,0,0,0
"CG14234",0,0,0,0,0,0,0,0,0,0,0,0
"CG14237",2,0,0,0,2,0,0,0,0,2,0,0
"CG14238",5,11,5,10,1,3,8,11,2,11,8,13
"CG14244",10,7,3,58,83,37,22,12,15,10,17,15
"CG14245",2,0,0,2,2,0,8,5,5,0,0,0
"CG14246",35,42,24,25,22,25,84,111,41,35,37,56
"CG14247",0,0,0,0,3,4,1,0,0,2,4,5
"CG14252",49,56,70,204,227,241,75,30,43,261,216,217
"CG14253",0,0,0,0,0,0,0,0,0,0,0,0
"CG14257",95,59,71,130,79,108,42,38,83,57,221,40
"CG14258",17,42,26,34,37,58,24,24,44,47,64,54
"CG14259",1963,2482,2235,905,1334,1311,1575,2073,1753,1240,1919,1342
"CG14260",0,0,0,0,0,0,0,0,0,0,0,0
"CG14262",0,0,10,313,281,436,0,0,2,296,239,240
"CG14265",0,0,0,0,2,0,0,0,0,1,0,0
"CG14269",0,0,0,0,0,0,0,0,0,0,0,0
"CG14270",467,479,403,651,616,740,498,420,634,627,692,545
"CG14273",0,6,4,0,0,3,1,3,4,1,3,0
"CG14275",6,0,2,1,0,2,1,4,2,0,0,5
"CG14277",0,1,0,0,0,0,0,0,0,0,0,0
"CG1428",0,0,16,327,258,282,1,0,1,177,198,169
"CG14280",0,1,0,18,13,20,0,0,0,16,9,8
"CG14282",16,11,35,533,489,630,13,15,9,411,358,307
"CG14285",234,212,216,174,181,209,214,190,252,234,279,228
"CG14286",41,52,61,94,94,86,60,54,49,83,73,77
"CG14292",5834,5899,5426,3480,3432,3577,9775,8574,8030,6306,4552,6077
"CG14294",2,0,5,299,248,330,3,1,0,216,192,191
"CG14297",4,1,83,1924,2010,2515,0,0,1,1957,1778,1687
"CG14298",1,22,2,1,0,2,17,40,2,1,2,4
"CG14300",0,1,1,2,0,0,1,4,3,2,3,1
"CG14301",662,562,784,539,696,650,610,562,628,450,1009,601
"CG14302",10,14,2,2,10,14,10,12,8,3,5,12
"CG14304",0,0,0,0,0,0,0,0,0,0,0,0
"CG14309",0,0,0,0,0,2,0,0,0,1,0,1
"CG14312",26,17,12,53,67,69,16,14,13,42,55,28
"CG14313",7,5,8,1,2,5,4,3,2,0,5,3
"CG14314",104,86,107,275,231,342,79,52,115,234,273,228
"CG14315",0,0,0,0,0,0,0,0,0,0,0,0
"CG14316",1,0,52,919,896,1006,6,2,1,591,545,476
"CG14321",36,53,66,76,85,77,41,37,70,83,87,71
"CG14322",13,6,23,12,10,9,12,7,24,17,8,23
"CG14323",0,0,1,3,4,1,2,0,0,1,0,4
"CG14324",2,4,0,0,8,2,1,1,2,2,7,0
"CG14325",0,2,0,2,2,1,0,4,0,1,0,0
"CG14326",3,4,1,3,5,15,1,1,4,1,6,4
"CG14327",0,0,0,0,0,0,0,0,0,0,0,0
"CG14329",16,6,13,49,50,53,30,13,33,33,72,35
"CG14330",0,0,0,32,37,36,0,0,0,10,7,14
"CG14331",2,12,11,29,18,17,12,5,7,17,15,11
"CG14332",1,0,0,1,2,1,0,0,1,3,4,2
"CG14339",0,1,8,279,220,303,5,2,0,176,136,106
"CG14340",22,14,17,15,21,20,3,7,6,12,17,18
"CG14341",121,132,158,140,127,127,161,123,173,95,122,135
"CG14342",13,7,8,4,18,12,6,5,5,6,23,9
"CG14346",0,0,0,0,0,0,0,0,0,0,0,0
"CG14352",20,32,39,41,56,74,23,32,29,47,69,37
"CG14354",0,0,10,251,276,315,0,0,0,188,156,167
"CG14355",0,0,191,3960,4139,5842,0,0,0,3792,3285,3174
"CG14356",33,44,37,31,30,34,34,34,64,31,45,25
"CG14357",0,0,0,4,1,4,0,0,0,1,1,0
"CG14362",0,0,11,281,299,352,0,0,0,207,150,184
"CG14367",50,48,51,31,36,42,35,33,46,31,55,46
"CG14369",4,2,2,0,0,0,0,1,0,0,2,1
"CG14370",0,0,3,159,191,209,0,0,0,157,140,155
"CG14374",0,1,1,0,0,0,0,0,0,0,0,0
"CG14377",0,0,0,0,0,0,0,0,0,0,0,0
"CG14380",0,0,6,278,245,299,0,0,0,169,153,137
"CG14383",8,1,18,479,393,468,2,4,1,362,297,264
"CG14384",0,0,1,2,2,4,0,0,0,4,0,0
"CG14391",1,0,29,719,679,818,1,0,1,507,448,443
"CG14395",0,0,0,0,0,1,0,0,0,0,0,0
"CG14397",241,158,89,246,290,304,208,76,230,175,319,221
"CG1440",71,106,75,98,85,104,123,100,76,70,83,52
"CG14400",7,61,7,5,6,7,37,22,12,6,10,4
"CG14401",9,3,1,3,0,2,1,4,3,0,2,0
"CG14402",0,0,0,10,3,6,0,0,0,8,7,5
"CG14406",32,28,26,77,105,122,40,23,77,51,188,47
"CG14408",25,34,33,31,33,32,33,34,44,47,28,30
"CG1441",0,0,0,0,0,0,0,0,0,0,0,0
"CG14410",20,22,10,6,1,11,16,13,16,5,7,6
"CG14411",0,0,0,0,0,0,0,0,0,0,0,0
"CG14414",0,0,0,0,0,0,0,0,0,0,0,0
"CG14416",1,2,2,1,2,3,1,0,1,0,1,0
"CG14417",3,3,5,9,18,3,4,1,5,7,11,3
"CG14418",0,0,0,0,0,0,0,0,0,0,0,0
"CG14419",53,150,50,29,24,36,85,122,55,23,20,36
"CG14420",0,3,1,8,0,0,0,0,0,0,3,3
"CG14421",6,2,0,0,0,0,0,0,0,0,0,0
"CG14422",0,0,0,0,0,0,0,3,0,0,0,5
"CG14423",0,1,0,0,0,0,0,0,0,0,0,0
"CG14424",3,3,0,0,0,0,0,0,0,0,2,0
"CG14427",0,0,0,0,0,0,0,0,0,0,0,0
"CG14431",2,7,5,15,7,7,2,10,6,9,3,7
"CG14434",9,6,3,1,9,3,3,2,6,0,5,6
"CG14435",170,99,115,134,109,170,209,174,176,145,139,132
"CG14439",0,0,0,0,0,0,0,0,0,0,0,0
"CG14440",90,91,78,91,79,92,121,92,80,83,115,93
"CG14441",171,154,192,171,141,211,165,184,118,185,185,177
"CG14442",6,4,2,6,4,6,7,4,14,3,4,1
"CG14443",11,0,2,23,17,14,2,4,0,11,12,17
"CG14445",1,4,3,0,0,5,6,2,6,6,4,6
"CG14448",5,0,50,850,1054,1208,0,0,1,685,629,604
"CG14450",0,0,0,0,0,0,0,0,0,0,0,0
"CG14451",17,23,14,26,19,34,4,2,14,16,16,20
"CG14452",0,0,6,29,21,23,0,0,0,16,23,19
"CG14453",0,0,0,1,0,0,0,0,0,4,1,0
"CG14454",0,0,0,0,0,1,0,0,0,0,0,0
"CG14455",0,0,0,7,2,4,0,0,0,2,5,5
"CG14456",0,0,0,5,2,4,0,0,0,4,1,6
"CG14459",1,2,0,0,0,0,0,4,2,2,1,1
"CG14464",2,12,2,3,6,1,4,10,0,7,3,1
"CG14478",11,8,20,8,17,13,9,17,13,7,10,13
"CG14480",0,0,0,0,0,0,0,0,0,0,0,0
"CG14483",13,12,11,17,19,13,20,12,12,9,7,9
"CG14488",0,0,24,860,929,1105,0,0,3,635,602,645
"CG14490",3,2,5,6,9,13,7,1,3,5,6,10
"CG14491",0,0,0,0,0,1,0,0,0,0,2,0
"CG14492",0,0,0,0,0,0,0,0,0,0,0,0
"CG14495",0,0,0,0,0,0,0,0,0,0,0,0
"CG14499",0,0,0,0,0,0,115,35,6,0,0,4
"CG14500",0,1,1,4,2,4,19,7,4,2,0,6
"CG14502",14,17,22,19,4,9,10,7,3,10,16,11
"CG14505",0,0,0,0,0,0,0,0,0,0,0,0
"CG14506",2,0,6,50,20,40,0,0,0,14,8,11
"CG14507",16,14,20,32,35,46,19,11,23,43,51,34
"CG14511",38,51,51,29,46,51,42,41,60,55,54,72
"CG14515",601,405,312,1011,1309,1252,478,166,715,614,2062,591
"CG14518",0,1,4,1,3,3,5,1,3,3,1,1
"CG14535",0,0,0,0,0,0,0,0,0,0,0,0
"CG14537",0,0,9,433,439,430,1,0,0,368,337,321
"CG14540",5,2,158,3453,3264,4407,4,1,2,3168,2835,2692
"CG14543",137,102,94,197,196,153,125,130,156,160,148,133
"CG14545",66,44,38,21,26,37,42,49,43,41,31,30
"CG14546",0,0,11,545,418,520,0,0,0,565,451,434
"CG14551",0,0,4,19,18,23,0,1,1,14,9,14
"CG14556",6,6,31,473,510,660,5,5,2,418,367,413
"CG14561",2,2,0,0,2,2,1,4,3,0,2,1
"CG14562",73,38,38,60,70,82,66,44,77,57,54,74
"CG14563",6,0,6,12,12,12,7,3,5,10,5,6
"CG14564",80,90,76,124,71,129,61,50,45,24,3,49
"CG14565",847,2221,806,636,316,707,2510,2095,166,4,2,42
"CG14566",0,0,0,0,0,0,0,0,0,0,0,0
"CG14567",285,321,271,355,417,351,225,222,223,182,304,198
"CG14568",1290,1593,1824,148,26,87,1065,2070,1860,882,94,882
"CG14569",866,1070,910,79,35,32,1343,1126,275,127,24,210
"CG14570",1142,1554,1070,138,138,397,520,247,991,1019,251,719
"CG14572",1912,2417,1799,291,157,95,3457,2481,325,60,35,555
"CG14573",1291,1621,1600,161,30,28,1798,1862,1463,623,50,651
"CG14589",0,0,0,0,0,0,0,0,0,0,0,0
"CG14591",0,0,0,1,0,5,0,2,0,0,1,0
"CG14598",224,104,184,26,43,43,250,217,73,21,27,210
"CG14605",0,0,0,0,0,0,0,0,0,0,0,0
"CG14606",0,0,0,0,0,0,0,0,0,0,0,0
"CG14607",321,262,204,194,376,492,232,130,390,231,664,299
"CG14609",0,0,0,0,0,2,0,0,3,0,0,0
"CG14610",0,0,0,0,0,0,0,0,0,0,0,0
"CG14613",17,10,24,29,17,10,21,14,23,13,12,21
"CG14615",0,0,2,2,0,0,0,0,0,0,4,0
"CG14618",101,87,66,70,72,95,77,75,77,105,122,86
"CG14621",9,5,7,1,1,2,6,5,2,7,0,12
"CG14624",0,0,0,0,0,0,0,0,0,0,0,0
"CG14625",206,143,152,305,338,276,106,64,88,122,365,145
"CG14626",105,49,42,121,138,137,50,8,49,48,201,55
"CG14627",0,0,0,0,2,2,0,0,0,2,0,0
"CG14628",0,0,4,158,151,186,1,0,0,106,79,121
"CG14629",5298,5731,3613,4295,4990,3456,4264,4941,6652,4365,6188,3762
"CG1463",68,72,63,99,97,134,92,65,107,100,79,83
"CG14630",1,1,1,2,1,0,0,0,0,0,0,0
"CG14631",6,3,4,145,124,141,3,2,4,53,60,78
"CG14634",2,2,0,24,23,53,0,1,4,17,26,38
"CG14635",0,0,0,5,2,0,1,0,0,1,2,1
"CG14636",0,1,0,0,0,0,0,0,0,1,0,0
"CG14641",467,517,454,669,564,659,459,477,471,731,765,567
"CG14642",0,0,0,0,0,0,0,0,0,0,0,0
"CG14644",0,0,0,0,0,0,0,0,0,0,0,1
"CG14645",0,0,0,0,0,0,0,0,0,0,0,0
"CG14646",0,0,0,0,0,0,0,0,0,0,0,0
"CG14647",303,333,267,231,207,246,289,285,237,229,270,225
"CG14650",419,520,410,571,521,685,397,405,429,553,687,491
"CG14655",454,535,453,535,463,549,354,334,335,363,385,334
"CG14657",21,22,30,24,43,46,15,15,24,26,24,17
"CG14658",3,0,30,1093,1026,1282,0,0,0,666,635,604
"CG14659",0,0,1,46,74,36,0,0,0,47,31,59
"CG14662",2,1,4,37,29,31,5,4,6,24,24,19
"CG14664",0,1,0,0,0,0,0,0,0,0,0,0
"CG14667",136,136,149,214,204,227,117,145,134,185,208,150
"CG14668",3,0,14,397,384,502,0,2,1,481,361,343
"CG14669",87,72,92,147,108,157,121,56,108,135,136,119
"CG14671",3,1,0,5,0,0,3,0,1,0,2,0
"CG14676",2,0,34,975,1012,1129,4,0,1,480,354,363
"CG1468",623,980,570,642,647,649,815,754,724,678,991,668
"CG14683",0,0,0,0,0,0,0,0,0,0,0,0
"CG14684",8,6,13,167,156,133,1,11,5,73,86,85
"CG14687",1076,1688,1002,715,779,790,1509,1968,807,616,923,754
"CG14689",1,1,32,760,754,1082,0,1,1,806,714,662
"CG14691",0,0,0,0,0,0,0,0,0,0,1,0
"CG14692",59,58,89,50,53,105,46,101,46,111,135,79
"CG14693",0,0,0,1,3,0,0,0,0,4,2,0
"CG14694",126,136,101,50,35,31,120,99,81,83,45,82
"CG14695",37,23,19,29,36,21,51,43,37,35,57,39
"CG14696",68,207,69,115,120,102,172,192,143,75,140,115
"CG14708",0,0,19,238,224,243,2,0,0,202,180,179
"CG14710",88,95,102,83,101,124,69,93,103,105,102,82
"CG14711",0,0,0,0,0,0,0,0,1,1,0,0
"CG14712",150,159,171,1315,1473,1761,163,138,126,968,842,946
"CG14715",311,389,254,317,342,272,385,407,434,242,356,276
"CG14717",0,0,2,60,40,87,0,0,0,46,27,30
"CG14718",3,5,189,4375,4401,5974,6,0,3,3808,3369,3466
"CG14720",8,6,0,16,12,7,6,3,16,0,15,13
"CG14721",0,0,0,7,27,22,0,0,0,3,8,14
"CG14722",380,404,374,455,487,526,366,372,381,447,610,455
"CG14731",1,0,8,94,131,116,0,0,0,92,100,116
"CG14736",0,0,1,7,5,2,0,0,0,9,3,4
"CG14739",0,0,24,1006,1094,1105,0,0,0,863,759,711
"CG14740",2,0,63,1700,1680,2020,3,3,0,1573,1379,1280
"CG14742",0,0,0,0,0,0,0,0,0,0,0,0
"CG14743",0,3,5,83,68,90,0,0,1,36,34,28
"CG14744",0,0,0,0,0,0,0,0,0,0,0,0
"CG14752",3175,1914,1325,4371,4573,5272,1984,253,1866,2376,5007,2483
"CG14756",6,1,1,4,3,0,3,3,1,0,1,1
"CG14757",898,870,789,1653,1624,1635,1526,1111,1696,1888,2164,1571
"CG14759",0,0,0,0,0,0,0,0,0,0,0,0
"CG14760",1,0,5,12,15,11,0,0,6,8,8,7
"CG14762",32,41,29,42,23,28,39,34,31,36,36,32
"CG14763",10,1,7,6,8,5,3,2,6,4,8,4
"CG14764",5,1,7,3,6,7,1,6,9,6,7,6
"CG14767",0,0,0,0,0,1,0,0,0,0,2,0
"CG14770",16,15,14,128,150,122,35,8,70,30,218,20
"CG14777",20,26,21,8,14,5,21,24,10,10,13,7
"CG14778",136,95,131,55,53,46,122,89,30,47,32,78
"CG14780",7,7,0,11,3,0,9,5,0,0,4,2
"CG14785",10,23,30,606,545,724,7,7,5,425,440,386
"CG14787",1331,1254,797,1235,1480,1112,1075,842,1606,1374,1893,962
"CG14795",0,0,0,0,0,0,0,0,0,0,0,0
"CG14797",0,0,0,0,0,2,0,1,0,0,1,3
"CG14803",0,0,0,0,0,0,0,0,0,0,0,0
"CG14805",181,222,174,128,133,164,234,237,211,182,227,166
"CG14810",0,0,0,0,0,0,0,0,0,0,0,0
"CG14811",0,8,2,19,18,22,0,0,5,15,15,9
"CG14817",3,10,0,4,10,4,15,8,10,4,11,5
"CG14818",2,0,0,1,4,1,1,0,1,3,0,1
"CG14820",235,314,183,33,38,12,243,242,92,39,41,42
"CG14823",2,0,0,0,0,0,0,0,0,1,1,0
"CG14826",0,0,0,1,1,1,0,0,0,0,0,0
"CG14829",7,17,10,1,1,3,4,11,3,6,2,12
"CG14830",5,13,5,5,3,3,6,5,6,11,6,4
"CG14834",8,10,14,229,185,188,11,11,7,157,149,141
"CG14835",2,0,25,858,862,1033,1,1,0,587,612,520
"CG14837",24,28,17,8,26,37,26,23,19,29,35,27
"CG14839",0,0,8,221,214,201,0,0,0,192,133,131
"CG14840",0,0,17,352,348,282,0,0,0,176,223,201
"CG14841",2,0,10,190,190,191,1,0,0,117,72,125
"CG14851",0,0,1,1,1,2,0,0,5,2,3,1
"CG14852",0,0,0,0,0,0,3,1,0,0,0,0
"CG14853",50,44,43,47,49,63,64,48,56,40,48,56
"CG14854",12,12,1,7,6,11,11,18,9,7,10,8
"CG14855",93,91,91,132,125,128,137,122,169,147,184,142
"CG14856",142,180,117,84,114,91,165,151,141,127,115,100
"CG14857",151,204,146,82,60,66,159,148,109,79,73,63
"CG1486",0,0,0,0,0,0,1,0,0,0,0,0
"CG14860",1,1,6,9,0,8,3,3,1,0,6,8
"CG14861",4,0,65,1364,1281,1656,0,0,0,1291,1110,965
"CG14864",0,0,0,0,0,0,0,0,0,1,0,0
"CG14866",0,0,0,0,0,0,0,0,0,0,0,0
"CG14868",125,133,142,419,304,458,125,132,111,334,300,247
"CG14877",0,4,3,3,17,9,2,2,1,10,7,3
"CG14879",1,0,5,2,0,5,1,2,1,0,0,1
"CG14881",0,0,0,0,0,0,0,0,0,0,0,0
"CG14882",4,5,5,3,1,9,4,1,4,3,3,0
"CG14883",374,305,360,369,352,397,327,332,388,309,470,370
"CG14891",3,0,61,899,832,1004,0,0,0,863,798,771
"CG14892",72,83,83,39,54,67,75,61,52,48,57,76
"CG14893",198,223,172,202,164,180,49,18,52,99,107,71
"CG14903",56,60,45,107,122,111,109,70,88,51,117,105
"CG14907",282,295,245,205,175,203,238,225,292,213,249,241
"CG14913",1,7,3,6,7,10,0,1,0,15,8,2
"CG14915",0,0,0,0,0,0,0,0,0,0,0,0
"CG1492",0,0,1,0,1,0,0,4,8,0,0,4
"CG14926",0,0,0,0,2,0,0,0,0,0,0,0
"CG14929",0,0,0,0,0,0,0,0,0,1,0,0
"CG14930",0,0,0,0,0,0,0,0,0,0,0,0
"CG14931",0,0,2,6,10,5,0,0,0,14,8,6
"CG14932",0,0,0,0,0,0,0,0,0,0,0,0
"CG14933",0,0,0,0,0,0,0,0,0,0,0,0
"CG14937",36,23,20,57,63,72,21,14,17,32,53,23
"CG1494",2,1,6,11,1,2,1,0,0,0,3,1
"CG14947",3,4,10,4,10,5,8,1,3,2,5,6
"CG14949",230,292,179,47,20,16,125,354,398,367,64,299
"CG14957",10,12,16,11,11,23,9,18,23,8,5,5
"CG14958",2,1,0,25,36,35,0,2,0,12,2,10
"CG14960",1,4,0,22,29,11,0,1,0,4,5,6
"CG14961",25766,50814,52398,25277,21155,12182,14237,46760,36516,40758,39965,39694
"CG14963",38,50,38,37,55,74,29,20,18,30,43,21
"CG14965",27,30,23,71,63,47,16,41,24,42,47,41
"CG14966",33,32,30,74,88,80,40,45,58,65,54,68
"CG14968",0,0,0,0,2,1,0,0,0,0,0,0
"CG14969",432,484,407,371,447,518,443,433,435,364,512,361
"CG14971",274,464,285,403,352,489,339,335,286,415,438,378
"CG14974",0,0,0,0,0,0,0,0,0,0,0,0
"CG14982",16,18,23,25,27,30,44,21,15,21,47,35
"CG14983",0,0,3,110,85,101,0,0,0,66,82,60
"CG14984",0,0,0,0,0,0,0,0,0,0,0,0
"CG14985",2,1,3,8,10,13,3,3,3,4,2,2
"CG14989",1397,1224,1455,1575,1290,1966,1750,1264,1148,1867,1531,1633
"CG14990",190,198,124,147,129,141,77,92,117,133,112,137
"CG14995",9,1,5,4,0,8,0,0,3,17,11,13
"CG15005",39,79,93,201,111,263,13,46,59,65,88,40
"CG15011",104,131,101,149,103,127,131,106,107,135,152,144
"CG15012",835,945,712,885,1076,873,825,878,915,942,1014,839
"CG15014",111,130,86,217,204,248,114,112,116,142,215,175
"CG15019",0,0,0,0,0,0,0,0,1,0,0,2
"CG15020",62,73,54,44,57,68,38,20,44,31,75,54
"CG15021",2369,2521,2156,2150,3179,3065,2070,1819,2123,1578,5185,1676
"CG15022",0,0,0,0,0,0,0,0,0,0,0,0
"CG15023",0,0,0,0,2,0,0,0,0,0,0,2
"CG15024",94,55,83,53,102,81,56,58,96,30,52,38
"CG15025",0,0,46,714,656,939,0,0,0,622,561,506
"CG15027",47,50,55,32,54,53,69,75,86,63,60,70
"CG1503",0,0,0,0,0,2,0,0,4,2,0,0
"CG15034",0,0,0,16,10,20,0,0,0,14,1,5
"CG15035",0,0,38,1105,969,1213,0,0,0,694,647,583
"CG15036",24,16,35,7,8,13,15,18,20,19,12,9
"CG1504",0,1,0,0,0,0,3,1,0,0,0,0
"CG15040",3,2,8,98,113,161,2,0,0,147,118,94
"CG15042",3,0,3,15,20,44,0,0,0,23,14,21
"CG15043",1,1,0,0,0,1,5,7,0,0,0,0
"CG15044",1538,1662,1168,109,52,16,3297,2399,668,141,132,264
"CG15046",71,91,56,55,69,60,80,72,74,68,113,94
"CG15047",8,13,9,13,7,15,3,2,7,1,1,1
"CG15056",4,2,6,53,42,70,0,0,0,44,35,32
"CG15059",0,0,0,0,0,0,0,0,0,0,1,0
"CG15071",0,3,1,48,47,37,0,0,0,20,17,16
"CG15073",0,0,0,0,0,0,0,0,0,0,0,2
"CG15080",760,675,604,1654,1887,2175,525,319,450,664,1103,603
"CG15082",1,0,0,0,0,0,0,2,0,0,1,0
"CG15083",1341,1463,1181,1066,1207,1076,942,1189,1469,1276,1841,1238
"CG15084",46,53,42,58,63,56,47,56,81,52,60,54
"CG15093",0,0,0,0,0,0,0,0,0,0,0,0
"CG15096",98,74,62,7,4,10,193,84,28,5,8,35
"CG15097",0,0,0,0,0,0,0,0,0,0,0,0
"CG15098",4324,5420,4633,4544,4509,3946,3305,3672,3593,3041,3773,3222
"CG15099",0,0,0,0,2,0,0,0,0,4,0,0
"CG15107",0,0,0,0,0,0,0,0,0,0,0,0
"CG15109",0,0,0,0,0,0,0,0,0,0,0,0
"CG15111",24,28,26,43,45,54,12,13,18,20,36,29
"CG15115",0,0,0,0,0,9,0,0,0,0,1,0
"CG15117",25,42,24,31,24,30,36,30,21,29,25,35
"CG15118",36,30,36,39,28,50,45,21,31,43,33,31
"CG15120",12,24,16,9,24,26,14,22,20,21,21,23
"CG15124",0,0,27,679,722,856,0,0,0,413,453,381
"CG15125",0,0,0,0,1,0,0,0,0,1,0,4
"CG15126",24,18,29,3,0,1,91,80,11,1,0,13
"CG15127",32,37,65,4,4,1,105,65,18,7,12,30
"CG15128",1,1,147,3603,3468,4260,0,0,0,2904,2628,2322
"CG1513",101,144,122,73,67,73,131,149,111,101,102,89
"CG15130",0,0,0,0,1,0,0,0,0,0,0,0
"CG15136",0,0,1,67,75,86,0,0,0,39,35,40
"CG15140",0,0,0,0,0,1,0,0,0,0,0,0
"CG15141",166,160,184,333,263,292,158,159,142,246,258,237
"CG15142",5,2,3,48,42,47,7,6,3,39,36,30
"CG15143",4,3,38,460,403,624,12,6,0,273,290,289
"CG15144",8,2,59,678,637,864,4,1,0,477,434,376
"CG15145",1,4,24,536,546,652,1,0,2,537,389,427
"CG15147",0,0,10,353,303,390,0,0,1,295,242,219
"CG15152",0,0,0,0,0,0,0,0,0,0,0,0
"CG15153",2,0,3,3,1,0,0,1,2,0,2,1
"CG15155",0,0,0,0,0,0,0,0,0,0,0,0
"CG15160",0,0,0,0,0,0,0,0,0,0,0,0
"CG15167",0,0,5,112,112,184,0,0,0,79,91,69
"CG15169",28,28,28,142,136,27,77,40,30,29,90,33
"CG15170",0,0,0,0,0,0,0,0,0,0,0,0
"CG15172",0,0,0,0,0,0,0,0,0,0,0,0
"CG15177",0,0,0,0,0,0,0,0,0,0,0,0
"CG15185",0,0,3,50,37,57,0,0,0,14,12,22
"CG15186",11,14,3,12,24,33,13,9,17,4,11,10
"CG15196",0,0,0,0,0,0,0,0,0,0,0,0
"CG15198",7,0,33,793,832,970,0,0,0,572,576,472
"CG15199",0,0,1,2,0,2,1,1,0,5,0,0
"CG15200",0,1,29,1183,993,1175,0,0,1,588,494,432
"CG15201",626,522,543,585,573,526,683,698,779,656,638,758
"CG15202",1,2,3,2,1,6,3,5,4,4,0,2
"CG15203",13,16,16,6,5,3,9,9,8,0,7,2
"CG15208",0,0,0,4,6,3,0,0,0,6,2,5
"CG15209",916,964,755,1022,797,801,1121,1026,1184,950,1292,909
"CG15210",372,379,327,293,287,292,441,540,457,286,355,358
"CG15211",0,0,0,0,0,0,0,0,0,0,0,1
"CG15212",467,423,244,736,957,727,654,363,750,628,1081,707
"CG15213",549,541,454,387,431,398,800,889,999,607,723,760
"CG15219",0,0,0,0,0,0,0,0,0,0,0,0
"CG15221",95,102,123,35,15,43,110,92,115,67,34,79
"CG15225",0,0,0,0,2,0,0,0,0,0,0,1
"CG1523",213,227,202,263,236,284,197,189,229,271,294,190
"CG15233",0,3,6,93,140,124,0,1,0,28,34,36
"CG15236",7,1,0,1,0,0,2,0,0,0,0,1
"CG15237",80,79,101,111,117,117,79,125,130,116,116,126
"CG15239",126,59,97,1132,936,1148,82,53,135,130,463,123
"CG15247",163,110,107,86,88,98,147,110,86,113,108,152
"CG15249",28,24,17,19,20,27,6,25,24,19,48,36
"CG15252",0,0,0,0,0,0,0,0,0,0,0,0
"CG15253",1,5,3,0,0,0,3,2,0,0,0,0
"CG15254",0,0,0,0,0,0,0,0,0,0,0,0
"CG15255",0,0,0,0,0,0,1,0,0,0,0,0
"CG15256",1,0,1,138,131,138,2,0,1,159,158,103
"CG15258",0,0,21,608,659,808,0,0,0,496,434,512
"CG15260",0,1,27,760,777,983,0,0,1,675,542,567
"CG15262",1,0,6,256,267,369,0,0,0,200,216,205
"CG15263",2,0,0,0,3,0,0,1,0,0,0,0
"CG15269",5,2,0,0,0,0,1,0,5,0,4,2
"CG15278",0,0,2,60,55,80,0,0,0,38,26,22
"CG15279",8,17,18,5,3,0,16,17,13,14,8,11
"CG15282",0,0,0,10,1,5,0,0,0,6,0,1
"CG15283",0,0,13,365,356,457,0,0,0,200,151,182
"CG15286",0,0,0,0,0,0,0,0,0,0,0,0
"CG1529",0,0,0,0,0,0,0,0,0,0,0,0
"CG15293",1,0,0,1,0,0,0,0,0,1,0,1
"CG15296",0,0,0,0,0,0,0,0,0,0,0,0
"CG15306",0,0,0,0,0,0,0,0,0,0,0,0
"CG15308",0,0,0,0,0,0,0,0,0,0,0,0
"CG15312",9,8,5,7,7,9,5,8,7,3,12,7
"CG15317",83,84,89,95,98,91,98,79,105,72,92,111
"CG1532",0,0,0,1,0,0,0,0,0,0,0,1
"CG15322",0,0,0,0,2,1,0,0,0,0,0,0
"CG15330",1,0,4,106,72,75,0,0,0,63,59,66
"CG15332",2,3,5,77,54,83,1,1,1,45,52,63
"CG15333",0,0,7,275,262,281,0,0,1,208,211,230
"CG15336",49,35,17,41,48,32,45,36,45,13,33,25
"CG15337",0,2,8,248,247,289,1,4,3,240,213,176
"CG15343",65,58,45,72,56,49,97,70,76,63,86,69
"CG15347",0,0,0,0,0,0,0,0,0,0,0,0
"CG15353",0,0,0,4,0,0,0,0,0,0,0,0
"CG15356",123,160,133,137,98,151,124,118,106,138,154,96
"CG15357",0,0,0,0,0,0,0,0,0,0,0,0
"CG15358",3,2,4,1,3,1,5,9,15,4,8,4
"CG15362",59,42,52,391,432,442,30,32,40,292,276,242
"CG15365",3,1,3,0,1,0,4,4,2,2,1,5
"CG15368",8,8,8,135,142,184,3,2,4,125,89,97
"CG15369",3,1,0,0,0,0,0,0,2,2,2,0
"CG1537",210,237,168,361,312,356,249,163,254,248,408,252
"CG15370",0,3,0,0,0,0,0,0,0,2,0,3
"CG15373",0,0,0,0,0,0,0,0,0,0,0,0
"CG15375",0,0,1,72,53,77,1,0,0,24,27,33
"CG15382",7,16,15,44,66,48,20,8,16,59,38,63
"CG15385",44,59,53,42,27,47,61,44,65,35,51,25
"CG15386",0,0,0,0,0,0,0,0,0,0,0,0
"CG15387",74,84,61,178,162,169,1061,1008,1215,1379,1333,1306
"CG15390",5,5,7,16,21,32,14,5,10,12,11,12
"CG15394",0,5,0,8,12,8,0,0,0,8,6,1
"CG15395",1,0,21,410,412,348,0,0,0,258,258,295
"CG15399",3,2,10,128,149,178,2,4,2,114,87,82
"CG15403",0,0,26,739,713,890,0,0,0,615,605,601
"CG15404",0,0,0,0,0,0,0,0,0,0,0,0
"CG15406",144,223,123,94,88,79,299,263,170,240,122,250
"CG15408",35,100,12,8,6,11,104,55,45,45,13,29
"CG15412",0,0,0,0,0,0,0,0,0,0,0,0
"CG15414",1322,1216,1302,829,1290,1286,814,1176,1539,1031,1620,972
"CG15418",7,6,3,2,1,3,2,4,0,1,5,0
"CG1542",206,216,159,259,287,306,239,199,172,248,288,240
"CG15422",314,249,319,157,151,72,448,310,195,171,221,119
"CG15423",24,38,48,20,12,9,99,82,48,34,22,12
"CG15425",1,0,42,1229,1298,1484,4,0,0,1081,979,843
"CG15429",0,0,0,0,0,0,0,0,0,0,0,0
"CG15431",0,3,10,4,2,1,9,4,2,6,9,4
"CG15432",0,0,0,0,0,0,0,0,0,0,0,0
"CG15435",0,0,0,0,0,0,0,0,0,0,0,0
"CG15439",113,170,131,138,127,152,131,142,96,127,138,115
"CG1544",396,422,300,215,236,283,543,377,397,287,301,264
"CG15443",2,0,1,3,0,1,2,0,1,0,2,0
"CG15445",0,0,0,0,0,0,0,0,0,0,0,0
"CG15446",0,0,0,0,0,0,0,0,0,0,0,0
"CG15449",0,0,0,0,0,0,0,0,0,0,0,0
"CG1545",154,154,159,259,215,233,155,106,151,217,249,156
"CG15450",3,0,17,288,262,331,0,0,0,210,196,181
"CG15452",0,0,11,388,392,460,0,0,0,289,277,235
"CG15456",0,0,0,0,0,0,0,0,0,0,0,0
"CG15458",0,0,8,237,230,263,0,0,0,134,176,173
"CG15459",1,1,17,466,433,599,0,0,2,468,517,362
"CG15461",3,2,9,215,182,252,4,0,5,139,89,91
"CG15465",0,0,0,0,0,0,0,0,0,0,0,0
"CG15468",2,0,13,348,284,366,0,2,1,208,229,234
"CG15471",0,0,0,0,0,0,0,0,0,0,0,0
"CG15472",4,0,18,405,401,485,0,0,0,249,231,216
"CG15473",26,21,14,26,46,45,22,28,27,16,47,15
"CG15475",0,3,43,1204,1109,1453,3,1,0,1071,909,943
"CG15478",0,2,3,1,0,11,1,0,2,1,3,1
"CG15480",0,0,0,4,7,2,0,0,0,1,1,0
"CG15482",0,0,18,545,535,584,4,0,2,439,343,356
"CG15483",0,0,18,449,482,554,0,0,0,503,492,407
"CG15484",8,2,1,13,13,25,3,2,4,12,22,9
"CG15498",2,0,38,782,840,887,0,0,0,651,559,584
"CG15506",216,294,210,210,251,351,319,248,188,207,393,177
"CG15514",0,0,0,0,0,0,0,0,0,0,0,0
"CG15515",405,348,311,412,865,576,270,174,633,298,1004,414
"CG15517",0,0,6,1,9,7,1,1,0,0,3,1
"CG1552",18,9,12,13,7,2,9,7,4,10,7,10
"CG15522",25,13,10,9,7,18,11,7,7,8,17,16
"CG15525",75,59,44,100,120,111,75,65,67,70,146,103
"CG15528",217,200,283,104,97,90,112,167,203,195,176,259
"CG15529",0,0,0,0,0,0,0,0,0,0,0,0
"CG15530",0,0,0,0,0,0,0,0,0,0,0,0
"CG15531",1391,1755,1565,715,676,753,1787,2172,2441,2058,2479,1681
"CG15533",1,0,0,2,0,0,7,3,0,0,0,1
"CG15534",2,5,2,2,0,1,9,9,3,1,0,3
"CG15535",0,1,1,0,0,0,2,0,0,0,1,2
"CG15536",33,42,41,111,122,162,65,58,66,107,122,116
"CG15537",2,1,2,2,0,6,1,0,1,1,1,2
"CG15539",0,0,0,0,0,0,0,0,0,0,0,0
"CG15543",0,1,2,55,45,78,0,0,0,66,47,48
"CG15544",0,0,0,0,0,0,0,0,0,0,0,0
"CG15545",84,84,115,104,115,147,67,84,76,82,150,87
"CG15546",1268,1605,1289,863,981,1137,1177,1512,1118,846,1666,1153
"CG15547",154,175,221,1124,1036,1291,109,202,183,895,819,736
"CG15548",1,0,15,383,312,443,0,0,0,275,316,271
"CG15549",0,0,1,153,101,138,0,0,0,72,61,94
"CG15550",5,6,2,6,10,10,8,4,10,1,3,5
"CG15553",2,5,4,5,5,3,4,2,3,5,3,7
"CG15554",7,13,16,11,15,16,9,15,18,13,17,15
"CG15561",22,30,15,37,37,32,39,16,13,40,53,30
"CG15563",9,11,9,14,13,12,8,4,4,13,16,5
"CG15564",12,13,7,5,8,13,15,2,11,10,9,11
"CG15570",0,6,3,49,31,45,3,0,1,14,28,26
"CG15571",0,0,0,0,0,0,0,0,0,0,0,0
"CG15572",1,0,48,1002,811,1220,0,0,1,682,682,693
"CG15576",0,0,41,726,667,742,0,0,0,550,515,421
"CG15577",0,2,14,294,297,398,0,0,1,183,170,173
"CG15578",0,0,7,201,182,229,0,0,0,107,92,88
"CG15579",0,0,0,0,0,0,0,0,0,0,0,0
"CG15580",1,0,22,730,720,863,1,0,0,545,443,499
"CG15594",1,0,3,1,1,1,0,1,0,0,0,3
"CG15597",16,22,13,25,45,15,53,23,5,2,11,21
"CG15599",2,3,9,114,111,135,0,2,0,54,54,68
"CG15601",0,1,0,0,3,1,0,0,0,1,1,0
"CG15602",2,2,3,0,0,0,1,2,0,0,0,0
"CG15605",2,0,16,411,409,585,0,0,0,371,320,340
"CG15611",6,9,4,0,3,5,1,2,6,6,6,11
"CG15614",1,2,1,0,1,2,0,0,2,1,2,0
"CG15615",4716,2685,1595,6025,5616,7215,2727,240,2670,2594,6465,3031
"CG15617",6902,11581,6852,1465,102,2,17611,11063,951,0,14,215
"CG15625",3,10,44,555,523,563,4,1,1,408,321,317
"CG15628",55,62,59,56,41,28,45,79,44,69,34,70
"CG15629",142,204,110,284,200,216,234,162,120,53,231,99
"CG15631",0,0,0,0,0,0,0,0,0,0,0,0
"CG15635",0,0,0,11,1,11,0,0,0,65,36,87
"CG15638",2,0,10,353,346,410,0,0,0,254,245,232
"CG15641",0,0,0,0,0,0,0,0,0,6,1,13
"CG15642",4,0,0,8,6,2,0,0,0,3,2,5
"CG15643",8,5,12,14,6,8,16,17,37,12,18,6
"CG15646",0,0,0,0,3,2,0,0,0,0,0,3
"CG15649",0,3,10,25,9,11,5,0,2,7,17,18
"CG15650",4,1,3,1,8,17,1,4,4,0,5,2
"CG15651",102,86,118,163,106,183,98,80,76,87,143,108
"CG15653",81,55,62,99,105,62,89,88,118,108,121,85
"CG15657",1,0,0,0,0,0,0,0,0,0,0,0
"CG15673",136,188,152,169,159,167,183,168,130,126,163,113
"CG15674",0,0,0,0,0,0,0,0,0,0,0,0
"CG15676",0,0,0,11,8,3,0,0,0,15,3,10
"CG15695",199,290,188,224,251,251,229,329,261,172,228,176
"CG15696",0,0,0,0,0,0,0,0,0,0,0,0
"CG15701",31,38,16,18,22,24,31,20,29,20,22,21
"CG15705",2,2,7,292,368,366,3,1,7,223,151,166
"CG15706",5,2,1,0,8,11,1,6,4,4,2,3
"CG15708",0,0,30,712,758,915,0,0,0,564,539,481
"CG1571",0,1,21,541,517,656,4,5,3,408,385,333
"CG15710",0,0,3,63,52,62,0,0,0,53,16,26
"CG15711",5,1,4,0,5,4,1,0,1,6,3,5
"CG15712",0,0,0,0,1,3,0,0,0,0,0,0
"CG15715",31,46,63,39,64,47,52,36,73,58,50,38
"CG15717",0,1,0,1,0,0,1,0,0,0,1,1
"CG15719",0,0,0,0,0,0,0,0,0,0,0,0
"CG1572",14,21,17,6,3,3,16,11,13,6,6,12
"CG15721",0,0,0,10,0,0,0,0,1,0,0,0
"CG15725",13,9,18,25,16,36,21,22,38,11,17,33
"CG15728",0,0,0,0,0,0,0,0,0,0,1,0
"CG15731",4,2,0,2,0,4,2,2,1,0,2,0
"CG15734",0,0,0,0,0,0,0,0,0,0,0,0
"CG15739",0,3,1,1,0,0,0,1,0,0,0,0
"CG15740",0,3,0,3,1,5,4,6,6,3,2,8
"CG15741",0,0,0,0,0,0,0,0,0,0,0,0
"CG15742",0,0,0,0,0,0,0,0,0,0,0,0
"CG15743",0,0,0,0,0,0,0,0,0,0,0,0
"CG15747",0,0,0,0,0,0,0,0,0,0,0,0
"CG1575",0,0,0,0,0,0,0,0,0,0,0,0
"CG15754",0,0,0,2,0,0,1,3,2,1,0,0
"CG15756",4,3,1,11,15,1,0,1,5,8,1,1
"CG15760",92,77,70,80,67,72,132,69,61,108,81,91
"CG15764",0,0,0,0,0,0,0,0,0,0,0,0
"CG15765",394,338,398,538,361,641,476,360,313,576,544,502
"CG15767",0,0,3,148,110,135,0,0,0,87,76,65
"CG15771",0,0,1,2,4,0,5,0,2,0,3,0
"CG15772",6,0,5,0,3,8,0,0,0,0,1,1
"CG15773",6,12,8,9,4,6,8,5,5,5,4,4
"CG1578",217,241,255,201,198,207,268,228,253,203,220,190
"CG15784",36,62,46,11,15,24,17,20,17,14,25,27
"CG15800",0,0,18,456,428,533,0,1,2,441,389,415
"CG15803",33,30,22,49,24,63,36,15,24,67,51,35
"CG15812",0,0,0,3,1,8,0,0,0,1,1,0
"CG15814",0,0,0,0,0,0,0,0,0,0,0,0
"CG15818",188,129,130,134,139,108,297,212,227,139,179,121
"CG1582",15,10,9,9,6,6,13,16,6,19,14,10
"CG15820",39,47,38,14,17,17,41,37,32,13,15,22
"CG15822",4,14,7,7,8,15,10,11,7,22,20,18
"CG15824",0,0,0,0,0,4,0,0,0,4,4,1
"CG15861",1,2,3,6,3,0,3,2,9,6,2,2
"CG15864",9,9,13,51,59,83,21,7,17,168,143,193
"CG15865",79,89,53,29,13,18,167,120,21,5,19,14
"CG15870",4,13,4,4,11,10,7,8,7,3,3,5
"CG15873",0,0,20,452,373,441,0,0,0,305,255,253
"CG15876",1,0,2,186,151,124,0,0,0,106,136,115
"CG15877",62,90,72,64,81,87,101,74,94,107,100,75
"CG15878",3,0,39,832,836,1014,0,0,3,638,600,496
"CG15879",52,83,55,66,36,39,89,84,51,65,72,55
"CG15880",0,0,0,0,0,0,0,0,0,0,0,0
"CG15882",0,0,1,18,11,17,0,0,1,15,4,10
"CG15888",13,3,4,7,3,14,8,0,3,2,15,9
"CG15890",0,0,0,0,0,0,0,0,0,0,0,0
"CG15891",0,0,1,7,4,3,0,0,0,0,4,1
"CG15892",0,1,4,166,198,226,1,2,0,103,86,87
"CG15894",0,2,3,0,0,3,1,0,1,3,0,0
"CG15905",0,0,0,0,0,0,0,0,0,0,0,0
"CG15908",157,193,160,177,182,173,246,197,274,195,268,190
"CG15909",0,4,11,140,126,148,3,9,0,87,69,80
"CG15912",48,42,29,56,51,47,38,43,58,73,64,46
"CG15914",28,39,47,37,43,46,33,50,35,34,57,46
"CG15916",182,219,185,156,233,233,188,173,287,141,190,188
"CG15919",2,0,0,20,30,18,1,5,1,1,12,4
"CG15922",0,0,2,0,2,0,1,0,0,3,1,0
"CG15923",0,0,0,0,0,0,0,0,0,0,0,0
"CG15927",0,0,0,1,0,0,0,2,2,5,0,1
"CG15930",2,8,3,25,38,19,1,1,0,12,16,17
"CG1598",606,651,535,792,760,925,550,499,567,706,794,679
"CG1602",52,53,37,103,92,70,44,28,78,59,93,61
"CG1603",16,14,9,15,37,17,8,10,24,9,4,21
"CG1607",0,0,0,0,0,0,0,0,0,0,0,0
"CG1620",3,8,3,3,2,1,10,2,0,5,6,9
"CG1622",5,8,0,5,1,4,2,2,1,7,4,4
"CG1628",0,0,5,79,92,93,2,0,0,74,56,50
"CG1631",0,0,10,307,304,359,0,0,0,152,163,185
"CG1632",0,1,0,0,0,0,1,0,0,2,0,1
"CG1635",53,62,33,38,60,71,54,64,43,45,70,54
"CG1636",9,12,12,9,16,11,12,10,8,5,2,10
"CG1637",981,1204,871,698,866,783,1239,1469,1555,1010,1097,920
"CG1638",16,12,24,285,274,302,15,16,15,249,171,216
"CG1640",12,21,14,64,76,100,13,8,3,58,41,83
"CG1647",0,0,0,0,0,0,0,0,0,0,0,0
"CG1648",253,292,362,210,248,307,260,346,382,301,278,283
"CG1662",128,158,139,104,95,107,149,124,141,93,117,94
"CG1663",42,42,40,201,211,176,46,58,72,183,169,160
"CG16700",733,763,821,591,593,734,587,627,763,541,632,514
"CG16704",0,0,0,0,0,0,0,0,0,0,0,0
"CG1671",120,153,121,103,100,116,139,160,127,91,136,106
"CG16710",7,13,4,23,20,21,0,4,2,2,3,4
"CG16711",38,35,36,54,43,85,53,52,59,79,67,55
"CG16713",1217,1663,870,459,448,353,2279,2585,1781,568,426,730
"CG16717",220,245,286,309,351,362,276,260,313,315,477,358
"CG16719",13,7,98,2071,1955,2582,15,18,4,1666,1575,1410
"CG16721",88,133,86,91,127,169,142,126,80,96,70,92
"CG16723",7,3,6,1,0,0,4,2,5,2,1,4
"CG16727",83,120,48,10,7,2,224,214,64,36,8,40
"CG16734",53,77,65,92,79,98,40,42,86,79,81,56
"CG16736",0,0,10,222,207,274,0,1,2,90,106,127
"CG16739",2,0,52,1190,1191,1501,3,4,0,1026,902,925
"CG1674",209,204,149,150,146,244,209,176,182,107,130,161
"CG16741",1,0,13,567,610,623,0,0,0,464,422,365
"CG16743",1,1,0,1,0,0,3,1,0,1,1,0
"CG16749",1372,1471,1018,198,194,46,1416,1374,954,433,400,206
"CG16753",66,61,44,74,71,72,70,60,52,70,100,73
"CG16756",102,185,48,35,27,35,116,119,90,44,37,50
"CG16758",3,4,1,32,22,17,5,5,1,8,8,10
"CG16762",1132,1114,1410,1562,1082,1237,1367,1891,946,679,339,1259
"CG1677",47,57,35,35,30,62,65,38,36,47,40,33
"CG16772",0,0,0,0,0,0,0,0,0,0,0,0
"CG16775",31,33,30,15,16,6,46,45,32,18,12,10
"CG16779",4,2,3,5,0,3,1,0,3,3,0,1
"CG16781",0,0,0,0,0,0,0,0,0,0,0,0
"CG16782",4,3,64,1962,1981,2353,0,1,4,1511,1454,1288
"CG16786",4,9,6,2,1,1,4,5,11,3,3,3
"CG16787",514,481,495,577,559,509,672,542,725,637,659,545
"CG16789",0,0,0,0,0,0,0,0,0,0,0,0
"CG16790",0,0,0,1,0,0,0,0,0,0,0,0
"CG16798",24,36,35,27,46,91,25,25,50,45,28,28
"CG16799",4,4,1,0,0,8,1,0,2,2,0,2
"CG16800",5,1,3,3,3,2,0,2,0,4,3,0
"CG16812",248,274,238,462,478,505,211,239,271,332,366,355
"CG16813",0,0,0,0,0,0,0,0,0,0,0,0
"CG16815",0,0,4,0,0,0,0,0,0,0,0,0
"CG16820",1068,1098,948,1099,1252,1526,1127,1001,1535,1429,2383,1253
"CG16824",1,2,9,162,158,202,3,1,5,84,73,81
"CG16825",0,0,0,0,0,0,0,0,0,3,0,1
"CG16826",0,0,0,0,0,0,0,0,0,0,0,0
"CG16837",0,0,12,429,336,433,0,0,0,294,203,255
"CG16852",0,0,10,318,342,338,1,0,0,219,201,183
"CG16853",0,0,0,1,0,3,0,0,0,0,0,0
"CG16854",10,7,4,13,9,10,13,4,7,4,6,18
"CG16863",0,0,0,0,0,0,0,0,0,0,0,0
"CG16865",2,0,0,0,0,0,0,0,1,0,0,0
"CG16868",183,269,232,173,191,252,203,219,174,163,220,198
"CG1688",43,37,45,57,49,89,31,37,22,45,65,52
"CG16888",0,0,0,0,0,0,0,0,0,0,0,0
"CG16890",0,0,0,0,0,0,0,1,0,0,0,0
"CG16894",0,0,53,1197,1060,1238,0,0,0,975,918,824
"CG16896",89,112,68,171,171,227,84,56,92,134,197,164
"CG16898",360,397,246,69,100,71,175,307,133,182,180,283
"CG1690",1,1,2,14,11,8,0,0,1,47,27,28
"CG16903",336,339,263,318,268,362,356,325,350,316,364,304
"CG16904",37,52,13,66,79,92,82,72,15,72,89,72
"CG16926",4,3,2,4,3,7,1,4,0,2,0,1
"CG16935",0,0,0,0,0,0,0,0,0,0,1,0
"CG1695",75,84,101,100,78,166,133,97,103,105,99,115
"CG16952",0,0,0,0,0,0,0,0,0,0,0,0
"CG16953",1047,1304,1214,1077,1027,1222,1237,1289,1442,1185,1471,1179
"CG16956",2,0,0,6,4,0,0,0,0,0,0,0
"CG16957",0,0,0,0,0,0,0,0,0,1,0,0
"CG16959",0,0,0,0,0,0,0,0,0,0,0,0
"CG16964",0,0,0,1,0,1,0,0,0,0,0,0
"CG16965",22,56,9,55,57,33,26,29,36,34,43,30
"CG16972",133,183,255,2889,2708,4190,113,123,87,2913,2998,2639
"CG16974",2,5,3,0,0,7,0,0,2,0,2,0
"CG16978",2,3,2,6,19,5,0,5,0,2,3,2
"CG1698",34,35,59,17,17,35,43,28,17,28,25,29
"CG16984",2,2,2,4,2,9,0,2,3,1,3,3
"CG16985",403,471,393,381,378,373,342,367,478,293,291,290
"CG16986",0,0,0,0,0,0,0,0,0,0,0,0
"CG16989",58,36,47,85,81,93,65,26,55,54,79,70
"CG16995",12,14,13,12,15,8,77,27,30,18,13,18
"CG16998",0,0,0,0,0,0,0,0,0,0,0,0
"CG17002",0,0,0,0,0,0,0,0,0,0,0,0
"CG17005",0,0,0,1,0,2,4,0,0,1,0,3
"CG1701",0,0,0,0,0,0,0,0,0,4,1,3
"CG17010",0,0,30,773,782,938,0,0,7,445,383,426
"CG17019",2,2,0,0,0,0,6,4,1,1,0,3
"CG17026",257,248,223,162,183,176,290,279,323,253,229,244
"CG17027",8,12,15,14,13,11,9,16,19,6,23,12
"CG17028",12,21,13,13,23,19,20,23,26,22,24,20
"CG17029",0,1,2,0,0,0,0,0,0,0,0,0
"CG1703",0,0,0,1,2,6,0,0,0,2,2,3
"CG17030",0,0,19,537,518,650,0,0,0,493,471,480
"CG17032",13,19,7,8,15,28,8,16,7,5,12,6
"CG17036",0,0,0,4,0,6,0,0,0,2,1,2
"CG17047",1,0,1,1,0,0,0,0,0,0,0,0
"CG17048",0,0,0,1,0,0,0,0,0,0,0,0
"CG17059",431,429,338,379,476,470,464,467,466,325,346,404
"CG17065",2,0,0,1,0,0,0,0,0,0,0,0
"CG17068",128,156,135,178,130,141,130,136,172,132,207,118
"CG17075",76,48,81,80,119,126,56,30,63,100,82,65
"CG17078",0,0,0,22,13,16,0,0,0,3,12,9
"CG17097",5,10,5,28,67,48,0,0,0,465,37,597
"CG17104",22,11,13,9,10,7,15,8,6,10,14,6
"CG17105",1,0,0,0,7,2,0,0,0,0,0,0
"CG17107",0,0,0,0,0,0,0,0,0,0,0,0
"CG17108",1008,921,344,68,45,58,3167,1453,171,33,11,601
"CG17109",0,0,0,0,0,0,0,0,0,0,0,0
"CG17110",6,7,17,7,2,6,6,2,12,4,7,2
"CG17111",608,681,662,269,274,448,676,682,671,481,626,531
"CG17118",11,3,29,1038,972,1140,0,3,1,690,595,487
"CG17121",725,733,796,671,799,905,509,748,824,777,1101,761
"CG17122",15,5,43,900,891,1138,5,12,12,722,655,602
"CG17124",18,22,15,16,20,9,10,12,11,3,15,7
"CG17127",1,1,0,4,3,0,3,0,0,2,1,0
"CG17129",0,0,0,0,0,0,0,0,0,0,0,0
"CG17134",0,0,0,5,0,3,0,0,0,1,0,0
"CG17139",0,0,0,0,0,0,0,0,0,0,0,0
"CG17140",0,0,0,0,0,0,0,0,0,0,0,0
"CG17141",63,64,78,114,79,134,61,73,71,92,67,73
"CG17145",1,0,0,0,0,0,0,0,0,0,0,0
"CG17147",7,1,5,19,12,20,0,2,2,11,13,8
"CG17154",0,6,19,442,487,548,0,2,2,354,285,309
"CG17159",0,0,0,0,0,0,0,0,0,0,0,0
"CG17162",0,0,0,0,0,0,0,0,0,0,0,0
"CG17163",8,5,2,8,8,13,5,6,6,4,4,5
"CG17167",3,2,0,4,0,3,3,1,1,4,0,2
"CG17168",412,428,380,381,456,386,460,403,432,423,540,379
"CG17169",5,2,1,0,0,2,1,0,0,2,0,1
"CG17177",1,0,2,2,4,1,2,0,0,3,0,3
"CG17186",52,46,55,55,56,75,56,29,56,46,73,35
"CG17187",105,84,78,82,78,93,87,105,73,78,124,101
"CG17190",228,281,248,43,31,95,280,280,379,280,74,238
"CG17191",0,0,0,3,0,0,3,0,0,1,0,0
"CG17192",0,0,0,0,0,2,0,0,0,0,2,0
"CG17193",0,0,0,0,2,0,1,1,0,0,1,0
"CG17195",1,0,24,442,390,472,0,0,2,323,261,268
"CG17196",0,0,0,0,0,0,0,0,0,0,0,0
"CG17197",0,0,0,0,0,0,0,0,0,0,0,0
"CG17198",0,0,0,0,0,0,0,0,0,0,0,0
"CG17199",6,1,23,429,463,500,0,0,0,399,320,289
"CG17202",221,158,161,350,364,376,186,160,180,318,331,323
"CG17207",0,0,0,0,0,0,0,0,0,0,0,0
"CG17211",78,99,121,91,72,115,91,64,60,52,92,49
"CG17217",2,0,12,358,378,425,0,0,3,293,287,246
"CG17219",36,41,55,56,62,51,54,46,51,66,47,61
"CG1722",6,1,32,487,419,556,3,0,1,427,350,332
"CG17221",2,3,0,0,0,2,0,2,0,0,0,0
"CG17224",0,0,0,0,0,0,0,0,0,0,0,0
"CG17230",6,7,11,45,46,41,12,6,5,47,40,21
"CG17233",2,1,0,0,0,1,2,0,0,0,0,2
"CG17234",0,0,0,0,0,0,0,0,0,1,0,0
"CG17237",2,0,38,843,839,1074,0,0,0,704,625,680
"CG17239",0,0,0,0,0,0,0,0,0,0,0,0
"CG1724",0,0,8,247,270,284,0,0,0,231,168,155
"CG17242",0,0,0,0,0,0,0,0,0,0,0,0
"CG17249",119,137,141,101,134,110,130,134,149,138,127,123
"CG17258",0,0,0,0,0,0,0,0,0,0,0,0
"CG17260",0,0,0,1,0,1,0,0,0,0,0,1
"CG17261",11,5,6,0,1,0,1,1,0,3,2,2
"CG17264",7,4,8,2,6,6,4,15,11,1,6,5
"CG17266",2,5,3,4,0,5,5,1,0,4,6,0
"CG17267",0,0,2,10,12,23,0,0,0,5,7,6
"CG17270",27,24,31,31,42,37,31,14,27,36,34,26
"CG17271",287,341,279,322,318,343,254,241,311,347,379,259
"CG17272",263,287,267,280,347,302,310,313,371,229,317,243
"CG17283",0,0,1,9,12,12,0,0,0,4,4,0
"CG17287",0,0,3,134,131,165,0,0,0,78,81,71
"CG17290",0,0,0,6,5,1,0,0,0,1,1,4
"CG17292",14,7,12,8,11,10,12,10,15,5,9,14
"CG17294",194,249,179,186,213,228,240,243,211,240,259,251
"CG17298",14740,15951,18950,1461,486,463,15983,21153,5908,3734,1052,10718
"CG17300",1,0,15,609,644,717,0,0,0,465,429,437
"CG17321",67,69,78,70,70,102,68,49,53,102,72,92
"CG17325",0,0,0,0,0,0,0,0,0,0,0,0
"CG17327",0,0,0,0,0,0,0,0,0,0,0,0
"CG17328",7,3,4,8,4,5,5,6,4,5,5,4
"CG17329",2,0,11,493,547,483,0,0,0,361,289,299
"CG17343",0,0,0,1,3,0,0,0,0,1,0,2
"CG17344",0,0,0,0,0,0,0,0,0,0,0,0
"CG17349",3,1,73,1802,1777,2125,0,0,0,1453,1271,1148
"CG17350",158,161,128,99,137,153,122,189,135,117,196,163
"CG17359",50,58,45,53,51,44,54,60,49,32,58,57
"CG17361",32,23,19,22,43,23,45,22,42,29,33,38
"CG17362",0,0,0,0,0,0,0,0,0,0,0,0
"CG17364",14,21,4,7,7,18,13,7,8,5,10,7
"CG1737",4,0,0,1,0,0,0,0,0,3,0,1
"CG17375",0,0,0,20,11,5,0,0,0,7,10,19
"CG17376",0,0,0,6,14,3,0,0,0,3,0,3
"CG17377",0,0,0,2,0,5,0,0,0,2,0,0
"CG17378",54,76,74,22,23,43,71,47,49,26,26,45
"CG1738",48,45,32,51,53,46,45,49,26,53,57,52
"CG17380",1,0,21,506,481,576,0,0,0,335,253,350
"CG17385",2,1,1,2,1,7,2,1,0,2,1,0
"CG17404",1094,970,1094,455,446,538,846,931,1189,577,657,916
"CG17440",7,0,6,120,88,97,2,0,0,57,45,55
"CG17450",1,0,0,0,0,4,0,0,2,0,0,0
"CG17470",3,1,158,3310,3183,3714,0,0,5,2731,2356,2456
"CG17472",0,0,0,1,0,0,0,0,0,84,18,107
"CG17475",5,6,4,4,0,0,8,3,2,0,0,0
"CG17477",0,0,0,0,0,0,0,0,0,1,0,0
"CG17486",891,1014,882,775,828,826,1065,1014,1095,861,981,877
"CG17490",0,0,0,1,0,0,0,2,4,5,0,0
"CG17493",81,63,89,82,60,80,72,56,40,48,59,51
"CG1750",195,151,129,189,182,191,239,161,232,175,228,173
"CG17508",595,729,621,535,677,598,743,796,867,551,733,573
"CG17528",86,116,119,92,89,125,94,93,114,85,68,76
"CG17544",0,0,0,0,0,6,0,0,1,0,0,2
"CG17549",0,0,0,0,0,0,0,0,0,0,0,0
"CG17560",17,31,42,18,14,50,151,249,328,212,246,120
"CG17562",8,8,11,71,49,62,16,19,18,67,72,67
"CG17564",3,0,39,1282,1225,1514,1,0,2,1200,966,928
"CG17568",113,120,106,123,123,166,109,125,124,154,122,169
"CG17570",25,45,10,6,0,0,60,46,5,2,1,5
"CG17571",0,0,0,1,4,6,0,0,0,0,2,10
"CG17572",18,19,22,18,5,18,15,14,12,8,11,10
"CG17574",105,136,99,75,79,70,188,164,85,145,190,167
"CG17575",0,0,0,0,0,0,0,0,0,0,0,0
"CG17580",0,0,5,148,159,151,0,0,0,130,151,135
"CG17593",0,0,2,1,8,8,1,8,0,6,0,1
"CG17597",0,0,0,1,0,0,0,0,1,0,1,4
"CG17598",9,4,0,2,7,0,9,5,6,1,3,7
"CG17600",9,3,0,0,1,0,1,1,0,4,3,2
"CG17601",0,0,0,19,13,14,0,0,0,17,14,15
"CG17612",0,0,0,0,0,0,0,0,0,0,0,0
"CG17625",0,1,4,179,199,150,1,0,0,80,95,62
"CG17633",2127,2460,1652,219,125,57,1350,1637,1103,227,318,209
"CG17636",0,0,0,0,0,0,0,0,0,0,0,0
"CG17637",0,0,0,9,8,9,0,0,0,11,18,19
"CG1764",1,8,8,4,2,6,8,11,7,2,0,4
"CG17646",119,170,107,41,64,66,129,143,65,62,78,69
"CG17648",1,0,8,137,145,152,0,0,0,81,91,66
"CG17650",4,3,0,113,140,181,6,5,2,108,75,73
"CG17652",2,0,11,2,0,1,2,4,3,1,4,1
"CG17658",4,3,2,22,15,21,0,0,2,16,17,24
"CG17660",318,461,429,415,437,455,427,422,435,458,450,419
"CG17666",1,0,38,616,704,973,2,0,2,649,536,498
"CG17672",92,83,78,309,359,327,57,29,58,119,232,96
"CG17681",61,66,101,72,41,54,83,95,80,52,84,64
"CG17683",43,27,22,37,40,36,19,38,41,33,18,22
"CG17684",233,200,227,192,193,260,131,120,118,154,192,183
"CG17687",3,4,14,210,251,280,0,3,1,273,198,201
"CG17698",0,0,0,0,0,0,0,0,0,0,0,0
"CG17707",0,0,0,0,0,0,0,0,0,0,0,0
"CG17712",187,172,125,187,196,201,137,149,161,211,235,210
"CG17715",0,0,0,0,1,1,0,0,1,0,0,0
"CG17717",0,0,0,0,0,0,0,0,0,0,0,0
"CG17721",0,0,0,1,5,4,1,5,0,5,3,3
"CG17724",0,0,0,0,0,0,0,0,0,0,0,0
"CG17726",501,510,444,403,479,417,477,439,450,446,479,395
"CG1773",392,426,340,489,531,496,454,598,683,584,715,552
"CG17732",1,11,10,17,27,18,17,14,9,29,17,14
"CG17734",10,9,8,0,3,13,10,9,9,7,15,10
"CG17738",8,5,4,13,10,11,2,3,7,1,4,3
"CG17739",674,997,674,401,496,592,883,786,288,369,400,423
"CG1774",1,0,3,16,12,13,0,0,1,17,9,14
"CG17744",1,0,50,1190,1179,1396,0,0,1,754,680,715
"CG17746",1,4,3,9,6,10,4,4,2,5,4,10
"CG17751",254,752,192,41,79,59,374,618,140,151,77,129
"CG17752",713,1942,468,64,100,68,1172,1502,207,206,97,255
"CG17754",58,75,43,77,63,65,60,46,66,40,71,48
"CG17760",23,13,14,31,34,35,41,79,78,11,20,43
"CG17764",0,2,4,260,223,264,1,0,0,166,146,148
"CG17768",0,0,0,0,0,0,0,0,0,0,0,0
"CG17770",0,0,0,0,0,0,0,0,0,0,0,0
"CG17776",3,0,0,0,0,0,0,0,0,1,0,0
"CG17777",0,0,0,0,0,0,0,0,0,0,0,0
"CG17778",2,0,2,1,0,2,2,3,2,2,3,1
"CG17780",0,0,0,0,0,0,0,0,0,0,0,0
"CG17781",62,46,43,74,94,93,56,42,73,42,147,56
"CG17782",0,0,0,5,0,3,0,0,0,2,0,1
"CG17784",0,0,0,4,2,2,0,0,0,0,3,3
"CG17786",224,258,214,343,374,521,181,137,296,131,459,157
"CG17801",29,20,9,7,4,9,22,15,19,8,5,2
"CG17803",0,0,0,1,0,0,0,1,0,0,1,0
"CG17806",76,74,63,56,62,69,52,51,44,67,61,61
"CG17807",144,150,120,98,127,126,89,88,69,71,107,71
"CG17816",32,27,33,50,24,44,54,28,42,31,45,27
"CG17819",1,0,27,552,638,643,0,0,2,309,299,300
"CG17821",156,229,341,793,844,836,348,325,663,375,797,324
"CG17826",0,0,0,0,0,0,0,0,0,0,0,0
"CG17834",25,18,38,11,9,7,13,14,7,8,12,7
"CG17839",1323,1418,1342,1292,1352,1403,1075,1128,1169,1679,2675,1441
"CG17841",610,730,532,314,331,344,624,641,638,460,436,421
"CG1785",304,269,194,208,220,175,279,245,269,258,236,207
"CG17855",130,188,115,60,71,68,155,154,90,64,78,84
"CG17883",0,0,0,0,0,0,0,0,0,0,0,0
"CG1789",118,99,98,89,106,125,139,117,87,123,145,150
"CG17896",28,38,24,14,16,43,45,28,12,36,42,25
"CG17906",0,0,0,0,0,0,0,0,0,0,0,0
"CG1791",0,0,0,0,0,0,0,0,0,0,0,0
"CG17917",7,0,2,20,24,23,1,1,3,7,12,8
"CG17919",847,793,761,864,1255,1081,755,730,1043,708,1544,763
"CG1792",84,95,80,97,103,116,93,86,100,103,101,82
"CG17928",0,0,0,0,0,0,0,0,0,0,0,0
"CG17929",9,13,3,0,2,0,4,7,6,4,0,2
"CG17930",35,71,52,17,11,9,118,63,45,29,13,31
"CG17931",0,0,1,9,13,31,4,3,3,8,17,13
"CG17944",0,0,17,630,600,726,0,0,0,567,518,486
"CG17959",0,0,0,3,3,2,0,0,0,1,0,1
"CG17974",4,6,4,3,2,1,10,7,4,12,7,10
"CG17977",120,54,113,241,245,329,101,63,105,235,243,223
"CG17982",0,0,2,3,0,2,2,0,0,1,0,1
"CG17985",144,177,130,99,162,111,136,138,149,122,187,145
"CG17991",3,0,43,1510,1486,2006,1,0,0,1185,1029,982
"CG17994",7,4,13,7,29,13,9,4,5,14,11,11
"CG17996",0,0,0,0,0,0,0,0,0,0,0,0
"CG17999",205,211,79,160,271,197,113,140,86,59,47,59
"CG18004",0,0,0,1,4,2,0,0,0,0,0,0
"CG1801",14,5,22,562,534,837,10,1,2,292,312,330
"CG18011",62,69,64,101,82,122,72,52,59,58,56,71
"CG18048",104,111,74,104,89,101,70,59,114,75,109,112
"CG1806",0,0,0,0,0,0,0,0,0,0,0,0
"CG18063",0,0,0,0,0,0,0,0,0,0,0,0
"CG18081",37,30,38,31,34,23,26,18,41,34,49,25
"CG18088",0,0,1,0,0,0,0,0,1,0,0,0
"CG18094",3,0,0,2,0,6,0,0,2,0,3,4
"CG18095",6,16,9,2,0,5,11,6,9,7,6,4
"CG1812",247,298,250,330,304,356,253,205,231,261,262,246
"CG18128",4,2,17,249,237,303,6,3,3,211,237,213
"CG18130",11,9,48,636,538,721,17,11,11,589,476,551
"CG18131",0,0,0,0,0,0,0,0,0,0,0,0
"CG18132",0,0,18,406,421,538,0,0,0,307,238,251
"CG18135",131,277,159,84,69,83,294,305,43,52,67,52
"CG18170",0,0,0,0,0,0,0,0,0,0,0,0
"CG18171",25,23,61,819,785,1152,43,32,17,836,674,675
"CG18178",0,0,0,0,0,0,0,0,0,0,0,1
"CG18179",5,2,2,62,159,2,204,5,2,17,251,5
"CG18180",284,98,99,400,905,66,1029,103,70,197,1006,118
"CG18190",21,23,17,126,106,128,17,30,24,49,97,55
"CG18213",0,0,0,0,0,0,0,0,0,0,0,0
"CG18223",0,0,0,0,0,0,0,0,0,0,0,0
"CG18231",1,0,0,37,3,38,0,0,0,157,117,165
"CG18233",0,0,0,11,9,13,0,0,1,97,60,95
"CG18234",0,0,5,80,61,100,2,1,0,160,187,212
"CG1824",496,634,490,492,508,549,568,506,430,644,592,532
"CG18249",0,0,0,0,0,0,0,0,0,0,0,0
"CG18258",0,3,0,1,0,3,0,1,2,1,0,2
"CG18259",156,165,125,310,316,381,156,151,172,264,303,227
"CG18262",48,70,40,67,46,96,70,49,40,49,82,51
"CG18265",30,10,29,33,27,53,19,19,17,29,18,22
"CG18266",2,0,68,2192,1947,2658,0,1,1,1348,1277,1278
"CG18268",70,108,100,22,24,28,94,60,68,30,33,40
"CG18269",0,0,0,3,3,3,0,0,0,1,3,4
"CG1827",298,298,239,328,314,296,266,266,340,405,461,336
"CG18273",210,204,127,168,176,231,268,143,157,188,175,189
"CG18278",27,52,31,32,27,34,27,35,24,35,34,30
"CG18281",0,2,1,5,3,0,0,0,2,19,10,25
"CG18284",0,0,0,0,0,0,0,0,0,0,0,0
"CG18294",0,0,0,0,0,0,0,0,0,0,0,0
"CG18301",0,0,1,3,0,3,0,2,1,1,2,0
"CG18302",294,145,250,15,2,3,556,345,51,7,15,357
"CG18304",0,0,0,0,0,0,0,0,0,0,0,0
"CG18324",0,0,0,0,0,0,0,0,0,0,0,0
"CG18327",0,1,0,0,0,0,0,0,0,0,0,0
"CG18335",0,3,80,1651,1453,1861,3,3,3,1390,1266,1131
"CG18336",9,9,3,3,4,2,4,4,5,5,3,4
"CG18343",5,0,0,7,1,2,2,1,2,2,0,5
"CG1835",4,2,5,45,68,74,4,3,1,37,25,45
"CG18367",766,672,719,796,1208,1057,661,719,1212,889,1475,1014
"CG18368",8,0,25,445,346,496,0,0,0,415,266,319
"CG18371",0,2,14,360,413,477,0,3,3,237,223,250
"CG1840",0,0,0,0,0,0,0,0,0,0,0,0
"CG18404",50,79,44,8,15,11,99,30,26,11,16,22
"CG18417",312,494,270,38,43,14,451,475,275,88,58,119
"CG18418",3,1,53,1585,1532,1895,0,0,3,1113,977,915
"CG18420",2,1,1,7,2,1,8,7,2,1,5,1
"CG18428",0,0,0,0,0,0,0,0,0,0,0,0
"CG18449",2,0,157,4242,4206,5056,1,0,1,3652,3077,3079
"CG18467",74,86,65,133,97,138,94,84,119,150,137,184
"CG18469",5,0,4,128,149,131,0,0,0,78,37,69
"CG1847",0,0,0,0,0,0,0,0,0,0,0,0
"CG18473",683,589,683,731,840,689,732,496,739,699,813,638
"CG18476",139,190,164,191,181,200,152,184,131,176,193,174
"CG18477",0,0,3,0,1,2,0,0,0,3,4,0
"CG18478",0,0,0,0,0,0,0,0,0,0,0,0
"CG18480",0,0,3,1,4,1,1,0,1,1,0,0
"CG18493",191,301,187,42,45,17,390,216,207,58,68,62
"CG1850",1279,845,900,2280,2768,2454,1567,1245,2104,2694,3558,2569
"CG18507",180,195,171,106,98,115,104,164,175,125,141,173
"CG18508",0,3,3,0,0,0,1,0,0,0,0,0
"CG18518",0,0,3,100,87,108,0,0,0,77,75,65
"CG18528",421,408,322,438,426,448,410,300,484,384,566,338
"CG18530",0,5,0,0,3,0,1,1,4,1,4,5
"CG18536",6,28,21,15,11,15,7,21,16,7,8,17
"CG18537",1,2,3,0,0,0,1,11,0,0,0,4
"CG18538",1,0,3,0,0,1,1,3,0,0,1,0
"CG18539",0,0,0,1,1,2,0,0,0,3,1,1
"CG18540",9,11,16,0,1,2,9,24,7,1,3,13
"CG18542",44,4,3,34,0,6,1,3,5,5,4,1
"CG18545",4,0,2,89,98,63,0,0,0,52,59,39
"CG18547",437,519,358,362,333,300,432,390,364,364,375,245
"CG18549",1265,1895,1219,822,1069,986,1994,1954,1695,1030,1409,1194
"CG18557",69,54,58,97,146,88,72,76,70,86,133,118
"CG18558",0,7,6,56,42,65,1,2,2,49,37,52
"CG18563",262,281,350,310,278,275,296,335,353,250,331,274
"CG18568",0,0,0,18,13,14,0,1,2,25,25,12
"CG18577",45,43,34,7,9,11,29,23,15,1,11,10
"CG18581",3,0,3,6,7,0,10,3,2,3,1,3
"CG18585",0,0,0,0,0,0,0,0,0,0,0,0
"CG18586",0,0,0,0,0,0,0,0,0,0,0,0
"CG18596",348,351,286,429,423,574,323,323,294,495,426,409
"CG18598",0,0,0,0,0,0,0,0,0,0,0,0
"CG18599",8,4,4,11,13,23,1,5,8,3,16,5
"CG18605",1,7,6,146,109,148,3,1,0,113,114,108
"CG18609",724,1114,751,217,201,254,1188,1375,1001,672,581,752
"CG18622",141,181,166,43,73,68,231,281,57,28,56,70
"CG18628",4,8,2,27,37,50,14,2,3,338,212,453
"CG18635",42,59,49,36,35,25,78,84,63,92,69,63
"CG18636",81,46,38,58,49,65,94,120,194,65,101,126
"CG18641",122,99,91,422,449,551,106,45,115,158,451,191
"CG18649",0,0,0,0,0,0,0,0,0,0,0,0
"CG18659",13,8,10,5,5,10,7,10,8,14,16,11
"CG18661",0,0,0,0,0,0,0,0,0,0,0,0
"CG18662",6,2,111,2828,3087,3510,5,5,1,2298,2128,2071
"CG18666",1,1,4,47,82,78,0,0,1,35,42,43
"CG18675",1,0,11,368,311,518,0,0,1,295,256,296
"CG18731",0,0,0,0,0,0,0,0,0,0,0,0
"CG18735",18,16,31,97,88,125,26,20,86,35,51,22
"CG18744",6,16,13,6,1,4,6,12,8,9,4,14
"CG18745",30,34,27,10,4,7,47,33,20,11,14,16
"CG18746",2,8,11,4,3,1,20,6,7,1,4,2
"CG18747",46,76,27,6,4,5,96,92,19,21,11,21
"CG18748",6,3,0,0,0,0,0,0,0,0,0,0
"CG18749",0,0,0,0,0,0,0,0,0,0,0,0
"CG18754",7,3,5,1,6,7,8,13,5,6,2,3
"CG18764",30,31,41,35,29,44,27,37,28,19,43,44
"CG18765",125,187,127,75,69,29,143,147,105,87,113,41
"CG18766",28,14,18,13,16,36,40,26,20,16,27,22
"CG18787",38,58,42,284,223,261,44,35,37,192,169,164
"CG18788",5,12,6,61,70,87,8,11,10,60,61,48
"CG18789",3,2,2,31,38,18,4,7,8,40,47,30
"CG18808",0,5,19,459,483,535,0,2,0,404,370,379
"CG18809",16,33,28,16,13,13,26,15,11,15,15,14
"CG18810",9,0,57,1341,1282,1654,0,11,5,1178,1052,1024
"CG18814",88,73,98,27,21,28,116,93,88,60,25,67
"CG18823",0,0,0,4,16,16,0,0,2,9,8,15
"CG18853",34,38,21,31,12,17,2,5,43,11,6,4
"CG18858",0,0,0,0,0,0,0,0,0,0,0,0
"CG18870",8,5,6,3,3,8,1,4,5,2,10,2
"CG1888",50,29,42,39,29,61,36,52,32,34,23,46
"CG1889",2,0,0,0,0,0,0,0,0,0,0,0
"CG1894",3,0,0,13,13,18,2,5,3,7,13,13
"CG1896",86,101,84,90,84,78,109,101,122,80,93,90
"CG1902",11,8,12,5,3,24,2,13,7,3,5,1
"CG1907",661,807,515,409,444,479,740,690,571,510,782,495
"CG1909",0,0,4,0,1,3,1,2,0,0,1,1
"CG1910",88,143,107,59,99,93,140,124,110,94,111,75
"CG1924",0,0,5,106,103,120,0,0,0,89,82,97
"CG1927",803,839,787,618,731,780,694,740,686,511,786,616
"CG1941",38,48,46,14,17,23,19,24,14,6,9,31
"CG1943",3,4,5,1,13,3,5,2,4,6,4,3
"CG1946",33,12,28,19,20,16,9,21,15,8,16,9
"CG1951",226,263,256,302,312,373,272,231,268,252,308,284
"CG1958",0,0,41,988,915,1284,0,0,0,690,628,634
"CG1965",0,0,0,0,0,0,0,0,0,0,0,2
"CG1971",0,0,0,8,15,15,0,0,0,1,11,8
"CG1979",2,15,145,3121,2768,4380,5,1,4,3894,3099,3074
"CG1983",26,19,16,26,22,19,22,23,40,22,27,29
"CG1986",0,0,0,0,4,0,0,0,0,0,0,0
"CG1998",16,17,9,19,24,27,24,9,5,7,18,16
"CG1999",1,1,58,1742,1581,2082,0,0,0,1262,1129,1095
"CG2003",0,0,0,0,1,0,0,0,0,0,0,0
"CG2004",1,3,2,0,0,2,1,2,2,10,6,6
"CG2006",0,0,0,0,0,0,0,4,0,1,0,0
"CG2017",112,132,63,103,65,104,131,102,33,42,55,59
"CG2021",84,81,63,126,147,129,102,103,97,93,99,104
"CG2059",0,0,0,4,2,0,0,0,3,4,4,4
"CG2061",0,0,0,0,0,0,0,0,0,0,0,0
"CG2063",275,307,288,275,285,231,324,307,325,276,368,243
"CG2065",0,0,0,0,0,0,0,0,0,0,0,0
"CG2070",1,1,0,0,0,1,0,1,0,0,0,0
"CG2076",0,0,0,0,0,0,0,0,0,0,0,0
"CG2082",3,9,6,6,6,4,9,12,6,8,11,6
"CG2100",0,0,0,0,0,0,0,0,0,0,0,0
"CG2104",0,1,0,57,44,58,0,0,0,52,40,44
"CG2111",0,0,0,3,0,2,0,0,1,12,12,19
"CG2113",0,0,0,0,0,0,0,0,0,0,0,0
"CG2116",336,424,288,241,245,268,352,328,275,279,284,270
"CG2120",15,21,16,4,3,8,24,26,5,2,5,4
"CG2121",1,0,0,0,0,0,0,0,1,0,0,0
"CG2124",53,45,49,51,29,56,62,41,35,45,49,56
"CG2126",0,0,0,0,0,0,0,0,0,0,0,0
"CG2127",0,0,0,0,0,0,0,0,0,0,0,0
"CG2129",54,47,40,36,44,67,52,41,58,63,62,40
"CG2145",0,0,0,2,0,0,2,2,2,0,0,1
"CG2147",141,201,144,319,334,333,206,225,205,395,363,329
"CG2150",1386,927,692,1729,2767,2998,1431,211,1400,401,3302,605
"CG2157",0,0,0,0,0,0,0,0,0,0,0,0
"CG2162",0,0,0,0,0,0,0,0,0,0,0,0
"CG2182",712,810,696,631,622,757,728,689,719,751,765,579
"CG2186",210,235,194,152,202,272,202,165,183,220,266,189
"CG2187",0,3,0,0,0,0,0,0,0,0,0,0
"CG2200",2,1,0,0,2,1,2,2,3,2,2,2
"CG2201",373,393,341,376,440,463,300,304,380,349,415,396
"CG2202",148,126,153,190,183,239,147,103,155,155,207,161
"CG2209",0,0,5,227,215,288,0,0,0,121,126,133
"CG2211",4,2,4,29,19,33,8,9,1,15,18,18
"CG2217",0,0,0,0,0,0,0,0,0,0,0,0
"CG2218",25,16,19,21,22,12,16,9,20,15,12,17
"CG2224",89,79,121,132,115,135,91,87,59,143,164,143
"CG2225",6,13,5,8,8,11,11,5,2,5,10,9
"CG2233",13522,14675,12078,12753,13302,11263,7704,8930,10707,9126,13867,9259
"CG2246",9,17,11,8,3,5,12,10,4,8,4,5
"CG2247",11,3,3,0,1,0,0,2,3,0,0,1
"CG2256",0,2,4,0,1,0,0,1,1,0,12,1
"CG2258",3,14,0,3,2,8,3,2,1,1,5,6
"CG2260",100,103,84,80,80,121,132,106,145,115,114,74
"CG2267",0,0,0,0,0,0,0,0,0,0,0,0
"CG2269",1,0,0,2,2,4,0,0,0,6,2,2
"CG2278",42,36,34,13,24,33,24,17,30,32,27,24
"CG2291",0,0,0,0,0,3,0,0,0,0,1,1
"CG2310",6,5,7,5,2,3,2,3,1,5,1,7
"CG2321",0,2,0,0,0,0,0,0,0,0,0,0
"CG2336",3,0,31,869,887,1015,0,0,0,616,522,488
"CG2444",0,0,0,0,2,0,0,1,0,0,2,0
"CG2493",0,2,6,0,0,0,0,2,0,1,0,0
"CG2519",7,11,24,10,5,4,7,9,5,5,3,6
"CG2528",0,0,7,96,97,102,0,0,0,85,41,62
"CG2533",7,11,19,494,483,576,6,9,15,306,316,302
"CG2540",118,118,86,109,92,106,73,74,116,100,112,92
"CG2574",0,0,7,301,299,351,0,0,2,290,215,230
"CG2577",0,0,16,286,209,333,0,0,1,232,179,141
"CG2604",0,0,0,0,0,0,0,0,0,0,0,0
"CG2608",211,254,265,235,234,278,251,241,302,212,197,186
"CG2611",159,167,189,190,194,212,147,184,202,160,201,192
"CG2614",0,0,0,0,0,0,0,0,0,0,0,0
"CG2616",1,0,0,6,0,12,0,1,0,3,2,0
"CG2617",0,0,0,0,0,0,0,0,0,0,0,0
"CG2641",129,191,195,135,132,103,188,179,145,150,181,137
"CG2652",1,1,15,260,189,204,0,1,3,212,174,189
"CG2656",95,102,124,144,137,141,115,97,145,126,140,152
"CG2663",1,2,4,0,2,4,5,0,3,3,2,1
"CG2680",32,116,33,96,56,79,109,94,30,65,75,63
"CG2681",126,221,157,15,14,28,189,180,54,24,16,26
"CG2685",130,177,164,149,172,214,158,167,135,153,169,142
"CG2691",0,0,0,0,0,1,0,0,0,0,0,0
"CG2694",0,0,0,0,0,0,0,0,0,0,0,0
"CG2698",11,17,4,7,9,5,7,6,18,1,13,4
"CG2701",328,355,356,339,302,362,356,302,336,423,481,379
"CG2712",47,43,30,64,43,53,36,39,28,50,66,56
"CG2736",1057,1147,706,611,707,614,465,594,538,606,682,568
"CG2747",0,0,0,0,0,0,0,0,0,0,0,0
"CG2750",0,0,0,0,0,0,0,0,0,0,0,0
"CG2765",225,306,259,326,308,356,319,376,217,330,363,312
"CG2767",1051,1217,1020,797,860,911,938,959,851,892,1065,852
"CG2772",14,14,20,86,90,120,41,30,8,70,76,59
"CG2790",241,169,151,292,278,353,207,173,156,289,299,292
"CG2794",156,130,110,603,509,580,156,148,93,519,459,419
"CG2811",0,0,0,0,0,0,0,0,0,0,0,0
"CG2812",0,0,0,0,0,0,0,0,0,0,0,0
"CG2816",155,185,145,77,134,125,197,199,182,101,165,134
"CG2818",59,101,91,63,72,79,80,71,65,50,38,71
"CG2839",0,1,0,0,0,0,0,0,0,2,0,1
"CG2841",7,2,2,2,2,3,12,0,0,4,0,0
"CG2852",4,0,0,0,0,0,1,0,0,1,1,0
"CG2854",7,13,23,500,456,591,9,8,4,422,355,373
"CG2861",0,2,0,0,0,0,0,0,0,0,0,0
"CG2865",315,273,340,281,317,286,465,354,216,287,258,214
"CG2871",2,0,23,675,626,914,0,1,0,450,417,332
"CG2875",0,0,0,0,0,0,0,0,0,0,0,0
"CG2887",1,0,12,192,215,176,0,0,2,134,120,101
"CG2889",0,0,0,0,0,0,0,0,0,1,0,0
"CG2898",10,7,13,263,252,283,5,1,0,186,136,147
"CG2901",0,0,13,213,171,210,0,0,2,144,120,112
"CG2906",0,0,0,0,0,0,0,0,0,0,0,0
"CG2909",87,165,78,101,145,165,99,102,104,99,107,117
"CG2915",0,0,0,0,0,0,0,0,0,0,0,0
"CG2921",374,402,456,1998,1895,2398,359,356,427,1834,1728,1535
"CG2924",39,52,27,27,28,24,40,36,45,46,51,44
"CG2926",3,0,0,1,1,2,2,0,0,0,1,0
"CG2930",1,4,9,2,3,0,1,9,3,8,5,0
"CG2931",147,160,162,295,255,278,141,148,193,302,344,276
"CG2938",0,0,0,2,2,0,5,0,3,0,1,3
"CG2955",11,0,212,4393,4296,5359,0,0,3,2960,2546,2640
"CG2961",3,1,0,3,5,0,5,1,2,0,3,0
"CG2962",0,0,0,0,0,0,0,0,0,0,0,0
"CG2964",0,1,30,769,895,1035,0,0,1,871,653,692
"CG2972",0,0,0,0,0,0,0,0,0,0,0,0
"CG2975",53,69,68,80,79,124,28,35,50,66,73,59
"CG2983",1,0,1,6,2,2,1,0,1,52,7,42
"CG2991",15,19,10,12,6,17,47,16,19,2,10,9
"CG2993",72,65,81,78,41,113,63,40,88,84,53,38
"CG30001",17,25,3,17,25,27,13,9,10,22,17,24
"CG30002",61,126,60,138,109,96,58,70,82,81,92,71
"CG30008",307,328,264,221,191,213,524,662,783,844,1093,732
"CG30010",2,5,2,1,3,9,9,3,3,1,1,7
"CG30015",14,23,18,8,8,18,16,11,13,14,16,12
"CG30016",119,101,104,68,59,62,198,182,149,93,62,115
"CG30020",11,21,18,19,11,15,12,21,21,19,11,14
"CG30022",639,673,576,547,523,559,568,600,471,451,554,467
"CG30025",0,0,0,0,0,0,0,0,0,0,0,0
"CG30026",964,989,897,1109,1042,873,1126,1202,1140,1060,1305,830
"CG30031",0,0,0,1,0,0,1,0,0,0,0,0
"CG30033",13,14,6,5,6,9,6,11,14,5,5,7
"CG30036",2,5,0,43,27,24,1,0,0,36,23,25
"CG30037",0,1,6,187,151,222,1,0,0,139,129,140
"CG30039",4,1,112,3185,3173,3773,1,0,2,2517,2305,2111
"CG30043",23,26,18,67,74,42,41,30,20,28,26,18
"CG30046",18,20,29,25,17,29,32,40,20,14,18,19
"CG30047",27,59,6,7,19,10,30,23,21,11,17,14
"CG30048",0,0,0,0,0,0,0,0,0,0,0,0
"CG30049",54,51,42,35,32,21,60,34,57,57,94,44
"CG30050",6,4,5,9,12,13,7,9,11,10,10,7
"CG30053",15,9,9,7,20,16,6,12,13,14,9,6
"CG30054",0,0,0,0,0,0,0,0,0,0,0,0
"CG30056",3,5,26,582,561,640,10,2,4,481,423,391
"CG30058",0,0,0,0,0,0,0,0,0,0,0,0
"CG30059",14,16,14,24,9,7,14,18,24,13,24,11
"CG30060",0,1,3,198,205,221,3,3,4,146,160,148
"CG30062",172,194,250,94,93,107,154,189,200,127,153,159
"CG30065",6,0,33,787,783,803,3,2,4,501,456,463
"CG30075",0,0,2,32,38,54,0,0,0,41,34,23
"CG30076",111,92,96,84,68,75,31,40,54,19,24,14
"CG3008",1116,1042,913,1159,1193,1294,1099,972,989,1085,1142,1013
"CG30080",0,0,0,0,0,0,0,0,0,0,0,0
"CG30082",6,4,8,9,8,8,16,17,9,11,4,8
"CG30083",141,192,112,104,159,109,132,181,157,116,97,92
"CG30087",0,0,0,0,0,0,0,0,0,0,0,0
"CG30088",0,0,0,0,0,0,0,0,0,0,0,0
"CG30089",142,124,174,195,170,233,209,127,201,224,265,241
"CG3009",0,0,1,5,1,0,0,0,0,2,0,1
"CG30091",38,71,47,33,31,20,10,20,42,20,34,89
"CG30094",82,81,74,209,246,293,109,67,109,173,178,165
"CG30095",1,0,0,0,3,0,0,0,1,0,0,0
"CG30096",25,33,17,23,19,30,36,17,40,30,23,34
"CG30098",24,37,18,15,21,12,38,49,49,16,20,28
"CG30099",7,4,18,174,200,181,10,3,3,179,125,116
"CG30100",0,0,0,0,0,0,0,0,0,0,0,0
"CG30103",0,0,18,403,487,537,0,0,0,346,319,299
"CG30105",39,23,29,81,83,90,40,33,40,53,57,64
"CG30108",44,55,60,97,99,159,65,83,64,57,73,81
"CG30109",102,113,146,362,381,396,120,87,146,294,344,318
"CG30110",1,0,18,556,434,583,0,0,0,271,223,235
"CG30114",1,0,0,7,3,12,0,0,0,2,1,0
"CG30116",73,48,109,59,35,102,61,56,50,68,61,42
"CG30120",0,0,0,0,0,0,0,0,0,0,0,0
"CG30122",0,0,0,0,0,0,0,0,0,0,0,0
"CG3014",2,12,13,2,1,0,12,5,6,9,0,4
"CG30148",47,69,32,38,26,29,46,45,65,39,45,42
"CG30151",65,79,48,33,40,32,65,92,77,59,57,61
"CG30154",528,469,619,473,608,488,468,714,802,494,469,463
"CG30156",1,3,2,143,216,228,0,0,3,117,82,122
"CG30158",242,237,240,300,229,422,236,151,241,270,355,302
"CG30159",0,0,0,0,0,0,0,0,0,0,0,0
"CG30160",28,20,10,25,31,23,39,39,34,33,54,37
"CG30161",4,4,6,269,266,213,1,3,1,148,166,145
"CG30172",0,4,1,4,2,4,4,0,3,3,2,3
"CG30177",3,0,33,974,839,1104,0,0,0,673,615,569
"CG30178",7,9,21,257,210,260,10,4,5,180,113,143
"CG30183",0,0,0,0,0,0,0,0,0,0,0,1
"CG30184",1,1,13,94,121,149,1,6,0,68,68,44
"CG30187",0,0,0,0,0,0,0,0,0,0,0,0
"CG30192",3,0,14,361,422,428,0,0,0,268,237,278
"CG30195",120,131,107,92,129,111,107,107,198,109,168,119
"CG30196",154,146,136,183,229,198,116,167,243,202,268,206
"CG30197",2618,2778,2288,1254,1445,1330,2853,2873,1628,1076,1041,1345
"CG30203",70,119,97,36,53,78,62,45,42,31,54,53
"CG3021",240,273,267,323,297,275,199,199,216,312,288,250
"CG30222",0,0,0,0,0,0,0,0,0,0,0,0
"CG30259",0,0,0,6,3,0,0,0,2,3,2,7
"CG30265",0,0,0,0,0,0,0,0,0,0,0,0
"CG30268",0,0,18,462,403,571,0,0,0,276,187,223
"CG30269",0,0,0,0,0,0,0,0,0,0,0,0
"CG30270",0,0,0,0,0,0,0,0,0,0,0,0
"CG30271",9,3,8,98,104,96,1,0,0,56,47,31
"CG30273",0,0,0,0,0,0,0,0,0,0,0,0
"CG30274",9,9,5,5,13,13,14,16,3,21,12,9
"CG30275",0,0,0,0,0,0,0,0,0,0,0,0
"CG30278",0,0,0,1,2,1,0,0,0,0,0,3
"CG30280",105,339,90,7,6,1,440,352,25,4,2,3
"CG30281",295,1220,213,14,4,4,1013,803,98,0,3,5
"CG30283",20,24,17,22,16,19,19,27,24,20,24,26
"CG30284",0,0,0,0,0,0,0,0,0,0,0,0
"CG30286",0,0,0,0,0,0,0,0,0,0,0,0
"CG30287",41,30,34,42,51,47,39,39,81,27,37,67
"CG30288",22,14,16,10,16,14,9,9,12,4,11,15
"CG30289",59,85,56,42,77,67,82,105,109,62,73,63
"CG30291",332,356,289,349,358,334,298,346,320,368,384,291
"CG3032",0,0,0,0,0,0,0,0,0,0,0,0
"CG30323",0,0,0,0,0,0,0,0,0,0,0,0
"CG30324",5,1,24,946,918,1068,2,0,1,764,653,643
"CG30325",0,0,3,130,128,160,0,0,0,68,88,61
"CG30334",0,0,0,0,0,0,0,0,0,0,0,0
"CG30338",53,46,35,58,59,97,43,35,44,67,47,51
"CG30339",188,157,124,72,88,76,135,97,138,93,90,65
"CG30340",15,19,9,15,22,26,11,4,5,10,8,1
"CG30344",2391,3241,1608,1871,2129,1595,2213,3071,3390,2321,2991,2061
"CG30345",300,467,291,256,299,203,363,398,355,325,407,275
"CG30349",306,350,269,195,233,276,364,360,294,264,308,251
"CG30350",0,0,37,860,875,992,0,0,0,790,712,645
"CG30355",13,22,39,901,869,1100,13,12,8,641,568,580
"CG30356",7,4,29,421,447,512,4,8,1,341,261,346
"CG30357",15,34,49,218,297,385,35,26,16,173,160,183
"CG3036",494,536,479,336,350,430,370,420,350,276,305,309
"CG30369",0,0,12,370,384,489,0,0,0,301,239,302
"CG30371",108,159,110,15,17,5,240,175,42,28,6,31
"CG30373",0,0,0,2,4,1,0,0,0,0,0,1
"CG30375",3,1,5,116,101,66,1,1,1,28,21,8
"CG30376",5,1,134,3584,3294,4035,0,0,0,3596,3170,2582
"CG30377",46,65,53,17,36,53,44,20,55,39,60,49
"CG30378",4,0,75,1830,1717,2388,2,0,0,1565,1311,1269
"CG30379",0,0,1,4,1,2,1,0,0,0,1,0
"CG3038",0,0,0,0,0,1,0,0,0,1,0,1
"CG30380",72,89,72,68,84,83,38,64,76,43,79,50
"CG30383",8,6,4,24,30,34,2,4,5,20,20,14
"CG30384",0,1,27,577,438,731,2,0,0,402,377,307
"CG30385",0,0,2,104,102,142,2,0,0,79,88,81
"CG30389",102,103,106,91,86,104,77,78,91,72,65,79
"CG30391",0,0,21,421,370,414,0,0,0,276,223,212
"CG30392",0,0,0,0,0,0,0,0,0,0,0,0
"CG30393",5,0,26,1090,930,941,0,0,1,771,627,611
"CG30394",0,0,0,0,0,0,0,0,0,0,0,0
"CG30395",6,8,11,135,106,183,8,9,0,161,86,139
"CG30398",14,6,21,215,202,239,7,0,7,228,183,179
"CG3040",288,299,282,358,299,382,272,296,345,413,385,380
"CG30403",62,51,56,34,11,14,60,32,31,12,8,8
"CG30411",201,180,148,100,79,91,204,175,145,109,105,102
"CG30412",0,0,0,0,0,0,0,0,0,0,1,0
"CG30413",0,0,0,0,2,0,0,0,0,0,0,0
"CG30414",0,0,2,1,2,6,0,3,0,2,0,1
"CG30416",0,0,0,0,0,0,0,0,0,0,0,0
"CG30419",107,89,154,185,139,148,144,120,119,167,195,201
"CG30423",696,693,605,833,925,955,868,860,1015,938,1057,858
"CG30427",9,1,0,7,5,12,13,0,2,5,8,9
"CG30428",1,6,6,2,4,2,9,9,0,2,3,0
"CG30429",2,0,30,448,687,851,0,0,0,704,522,587
"CG30430",0,0,0,0,0,0,0,0,0,0,0,0
"CG30431",75,79,58,288,275,282,31,53,46,215,213,205
"CG30432",0,0,19,448,414,391,0,0,0,260,228,247
"CG30440",214,292,209,152,177,204,181,226,128,102,178,95
"CG30447",0,0,0,0,0,0,0,0,0,0,0,0
"CG3045",64,63,41,85,48,92,54,36,68,57,84,56
"CG30457",501,370,314,878,967,711,176,105,306,391,666,296
"CG30458",9,14,12,7,17,10,43,22,9,2,15,4
"CG30460",46,71,69,43,25,32,60,73,22,35,62,29
"CG30461",0,0,0,0,0,0,0,0,0,0,0,0
"CG30466",1,2,5,7,2,4,4,4,0,5,4,4
"CG30467",93,92,99,119,81,121,93,67,70,93,124,113
"CG30471",3,10,2,4,7,15,12,9,1,2,3,1
"CG30472",0,0,3,144,185,155,3,0,0,135,98,110
"CG30479",1,1,0,0,0,0,0,0,0,0,0,0
"CG30480",0,0,0,0,0,0,0,0,0,0,0,0
"CG30484",2,0,0,36,26,52,1,1,1,24,29,31
"CG30485",1,0,29,443,439,555,1,1,4,311,234,246
"CG30486",0,0,2,0,4,2,0,2,0,1,0,0
"CG30487",3,2,60,1316,1270,1661,0,1,1,1006,910,700
"CG30491",0,0,0,19,27,31,0,0,1,7,6,16
"CG30495",11,2,6,12,5,10,9,6,8,2,2,2
"CG30496",122,135,110,364,364,444,115,128,143,373,341,302
"CG30503",0,0,0,0,0,0,0,0,0,0,0,0
"CG3061",1730,2029,1808,1948,2049,2375,1700,1606,1855,2052,2075,1979
"CG3062",0,0,9,93,93,132,0,0,0,82,67,75
"CG3065",0,0,0,0,0,0,0,0,0,0,0,0
"CG3071",149,165,119,119,105,129,168,141,132,139,171,151
"CG3078",0,0,0,0,0,0,0,0,0,0,0,0
"CG3081",0,0,0,0,0,1,0,0,1,1,0,0
"CG3085",0,0,0,0,0,0,0,0,0,0,0,0
"CG3088",1,24,8,2,1,0,1,5,0,1,2,0
"CG3091",0,0,2,0,0,0,0,1,0,0,0,0
"CG3092",0,0,55,869,869,990,0,0,0,875,742,746
"CG3097",607,708,657,300,260,291,610,676,432,299,310,338
"CG31007",2,0,20,841,762,936,0,0,0,669,616,604
"CG31008",0,0,24,584,549,668,0,0,0,443,375,390
"CG31010",0,0,0,0,0,0,0,0,0,0,0,0
"CG31013",5,1,13,557,479,585,1,0,0,383,295,289
"CG31016",0,0,1,0,2,1,0,0,0,14,8,4
"CG31019",0,0,0,0,0,0,0,0,0,0,0,0
"CG31021",0,0,1,72,69,96,0,0,0,218,109,175
"CG31029",4,0,234,5350,5000,7147,0,0,0,4708,4142,3953
"CG31036",0,0,0,0,0,0,0,0,0,0,0,0
"CG31038",19,27,14,26,30,31,27,21,23,12,35,22
"CG3104",23,21,22,56,38,52,20,19,18,10,27,33
"CG31041",3,8,12,1,0,1,11,5,8,3,0,1
"CG31050",0,0,0,0,0,0,0,0,0,3,1,1
"CG31051",0,0,0,0,0,0,0,0,0,0,0,0
"CG31055",0,0,0,0,0,0,0,0,0,0,0,0
"CG3106",0,0,0,0,0,0,0,0,0,0,0,0
"CG31064",0,0,0,0,0,0,1,0,0,0,0,0
"CG31068",0,0,0,0,0,0,0,0,0,0,0,0
"CG3107",22,39,51,34,15,16,12,28,28,6,16,13
"CG31075",0,6,1,5,10,2,1,1,1,0,2,2
"CG31076",219,183,205,187,165,206,136,174,197,127,124,140
"CG31077",67,209,75,9,4,3,396,291,28,2,0,10
"CG3108",3,3,13,159,164,145,3,0,8,3,163,11
"CG31086",0,0,0,0,0,0,0,0,0,0,0,0
"CG31087",0,0,0,0,0,0,0,0,0,0,0,0
"CG31088",0,0,0,0,0,0,0,0,0,0,0,0
"CG31089",3,3,6,4,10,8,1,5,6,7,6,0
"CG31091",0,0,0,0,0,1,0,0,0,0,0,0
"CG31093",0,0,17,313,268,284,0,0,0,244,172,138
"CG31097",75,94,97,25,26,12,182,171,120,82,43,71
"CG31098",581,572,517,318,290,284,958,746,675,479,610,485
"CG31099",3,0,30,837,835,998,2,0,0,722,629,611
"CG31100",12,41,19,14,12,9,20,19,8,21,6,17
"CG31102",0,0,0,0,0,0,0,0,0,0,0,0
"CG31103",1410,1708,1411,711,1104,1096,866,1295,1670,1061,1237,1101
"CG31104",67,203,49,8,3,4,172,146,16,0,4,4
"CG31106",629,553,646,158,150,163,1317,937,799,643,390,612
"CG31109",0,0,0,0,2,2,0,1,0,0,0,2
"CG31111",54,62,43,47,63,59,36,49,72,33,70,62
"CG31115",17,7,22,443,425,504,18,13,5,435,331,296
"CG31121",8,11,12,28,58,48,29,27,15,10,29,19
"CG31122",42,35,43,70,58,76,49,42,66,33,57,41
"CG31125",19,14,20,87,51,64,14,20,21,58,60,21
"CG31126",205,174,163,305,303,270,224,212,212,221,275,205
"CG31128",0,0,22,501,425,529,0,0,0,390,356,343
"CG31131",0,0,0,0,1,0,0,0,0,0,1,0
"CG31139",0,0,0,0,0,0,0,0,0,0,0,0
"CG31140",0,0,0,1,0,0,0,0,0,0,0,0
"CG31141",0,0,50,1165,1080,1277,0,0,0,1031,866,868
"CG31142",147,111,122,140,150,137,141,140,123,134,152,140
"CG31145",1,3,2,3,1,5,4,5,1,0,5,2
"CG31156",174,247,162,207,172,225,192,168,160,211,196,178
"CG31157",0,0,0,0,0,0,0,0,0,0,0,0
"CG31161",32,26,77,1424,1176,1820,37,49,32,1195,1007,1087
"CG3117",29,34,21,61,74,82,25,8,12,32,45,48
"CG31174",0,0,0,0,0,0,0,0,0,0,0,0
"CG31176",93,160,79,108,147,143,119,105,66,49,141,40
"CG31178",4,5,107,2986,2730,3669,1,2,6,2351,2010,2015
"CG31183",15,2,7,1,0,1,7,7,0,5,1,2
"CG31189",124,179,126,17,29,34,118,158,75,50,31,68
"CG3119",29,38,36,36,33,47,25,27,42,31,55,26
"CG31191",0,0,0,0,0,0,0,0,0,0,0,0
"CG31195",1009,1092,1123,854,1094,1391,849,938,1128,944,1445,983
"CG31198",3421,4752,3264,347,236,182,4134,4716,2065,1083,547,1151
"CG31199",36,233,48,45,38,44,108,197,17,23,26,22
"CG31200",66,296,81,7,4,6,161,224,30,2,1,3
"CG31204",1,0,61,1600,1442,2012,0,0,0,1496,1245,1187
"CG31205",4,2,3,3,0,2,0,0,2,0,0,0
"CG31206",0,0,0,0,0,0,0,0,0,0,0,0
"CG31207",492,548,540,127,188,167,440,582,413,279,162,348
"CG31211",0,0,0,0,0,0,0,0,0,0,0,0
"CG31213",0,0,0,0,0,0,0,0,0,0,0,0
"CG31219",0,0,0,0,0,0,0,0,0,2,0,0
"CG31220",1,4,2,3,4,3,1,1,1,4,5,6
"CG31221",0,0,0,0,0,0,0,0,0,0,0,0
"CG31223",104,108,89,92,109,99,87,101,131,81,98,83
"CG31224",2,8,3,1,2,2,2,0,0,4,4,2
"CG31226",0,0,0,0,0,0,0,0,0,0,0,0
"CG31229",200,209,187,332,366,366,209,181,268,255,268,263
"CG3123",4,0,7,99,58,96,0,2,4,61,63,55
"CG31230",2,4,4,253,201,219,5,1,2,116,132,129
"CG31231",3,1,86,1661,1630,2223,0,1,0,1259,1053,1031
"CG31233",0,0,0,0,0,0,1,0,3,0,0,0
"CG3124",0,0,0,0,0,0,0,0,0,0,0,0
"CG31244",4,1,37,1050,946,1407,2,0,1,827,675,694
"CG31245",1,3,38,596,482,658,3,1,3,582,528,483
"CG31248",3,0,2,4,13,0,0,3,2,3,2,5
"CG31249",109,127,95,220,182,185,110,138,116,185,208,186
"CG31251",46,28,32,49,46,65,45,36,46,43,53,39
"CG31253",0,0,0,0,0,0,0,0,0,0,1,0
"CG31259",0,0,0,1,1,0,5,0,1,0,2,0
"CG31262",0,0,0,0,0,0,0,0,0,0,0,0
"CG31265",9,7,12,4,0,0,23,19,4,1,0,1
"CG31266",9,7,8,0,0,5,13,17,7,1,0,0
"CG31267",27,39,25,0,2,0,79,42,19,4,1,1
"CG31268",0,0,0,0,0,0,0,0,0,0,0,0
"CG31269",0,0,0,0,0,0,0,0,0,0,0,0
"CG31272",179,215,163,105,115,142,240,162,193,155,121,145
"CG31274",31,31,28,41,32,43,29,44,41,31,42,40
"CG31275",1,0,22,461,443,532,0,0,0,281,217,262
"CG31278",0,0,0,0,0,0,0,0,0,0,0,0
"CG31279",0,0,0,0,0,0,0,0,0,0,0,0
"CG31286",2,0,31,535,497,633,0,0,0,397,347,381
"CG31287",3,2,5,69,63,84,5,2,0,74,35,49
"CG31288",160,259,136,38,55,49,366,317,119,191,122,200
"CG31294",2,0,33,733,917,984,0,0,0,767,671,577
"CG31296",0,1,0,0,0,10,0,0,0,11,5,2
"CG31300",30,91,32,31,39,28,89,52,20,27,26,23
"CG31301",461,461,434,399,425,525,457,477,458,459,493,452
"CG31313",1,0,0,0,0,0,6,3,2,0,1,4
"CG31321",276,306,217,72,85,113,191,322,189,104,104,140
"CG31323",185,170,182,171,175,233,143,111,172,143,161,153
"CG31326",598,845,394,102,85,74,1085,669,152,130,82,175
"CG31327",5,0,74,1782,1688,2131,0,0,0,1056,924,1016
"CG31337",16,14,18,182,236,127,32,24,44,105,227,70
"CG31342",0,0,0,0,0,0,0,0,0,0,0,0
"CG31343",2733,3343,2143,479,708,201,2628,2928,1469,861,1414,415
"CG31344",305,281,328,367,431,400,247,284,357,250,475,291
"CG31345",142,144,120,83,98,95,58,58,87,65,83,42
"CG31347",17,8,34,717,647,711,10,9,13,674,528,517
"CG31358",0,0,0,3,0,0,0,0,0,0,1,0
"CG31360",128,178,113,456,548,459,138,174,187,344,355,319
"CG31365",122,115,111,108,70,100,74,73,60,53,71,59
"CG31368",0,0,0,0,0,0,0,0,0,0,0,0
"CG31370",125,162,150,153,142,163,136,130,93,116,79,101
"CG31371",0,0,0,0,0,0,0,0,0,0,0,1
"CG31373",809,949,840,299,297,329,1311,1115,749,639,430,680
"CG31380",99,89,87,56,54,55,153,118,102,160,123,125
"CG31381",0,0,0,0,0,0,0,0,0,0,0,0
"CG31388",0,0,0,0,0,0,0,0,0,0,0,0
"CG31391",0,1,66,1295,1251,1455,0,1,1,1009,915,829
"CG31404",1,0,12,166,151,205,0,1,0,144,129,125
"CG31406",0,0,0,46,25,55,0,0,0,25,25,31
"CG31407",0,0,0,8,5,7,0,1,0,5,1,13
"CG31415",0,0,18,634,606,801,0,0,0,501,346,445
"CG31418",0,0,0,0,0,0,0,0,0,48,9,47
"CG31419",0,0,0,4,0,6,0,0,0,108,85,99
"CG31431",19,18,10,11,6,12,29,26,14,19,9,4
"CG31436",354,432,370,220,272,274,98,114,122,100,115,70
"CG31437",1,1,0,27,6,5,0,2,2,4,11,1
"CG31441",0,0,0,0,0,0,0,0,0,0,0,0
"CG31445",0,0,0,0,0,2,0,0,1,0,1,0
"CG31446",0,0,0,0,0,0,0,0,0,0,0,0
"CG31454",25,44,13,16,11,17,19,26,21,8,8,10
"CG31457",95,59,85,99,86,77,77,62,81,64,103,65
"CG31459",2,1,46,949,890,1153,0,2,0,780,627,647
"CG31460",0,0,0,6,1,2,1,0,0,1,0,0
"CG31463",3,6,0,0,0,0,5,3,2,0,1,0
"CG31464",0,0,0,0,0,0,0,1,0,0,0,0
"CG31465",0,0,0,0,0,0,0,0,0,0,0,0
"CG31467",16,25,26,394,405,468,11,15,20,285,264,236
"CG31468",0,0,4,97,86,115,1,0,0,333,223,208
"CG31473",14,12,52,867,838,973,18,14,15,735,710,625
"CG31482",1,0,45,999,982,1233,0,0,0,813,810,703
"CG3149",278,335,290,294,289,302,242,219,306,295,382,272
"CG31493",0,0,0,0,0,0,0,0,0,0,0,0
"CG31495",0,0,0,1,0,0,0,0,0,0,0,0
"CG31496",0,0,0,1,0,0,0,0,0,69,11,74
"CG31510",245,307,239,344,291,366,242,208,155,326,363,358
"CG31515",0,0,0,2,1,4,0,0,0,97,31,92
"CG31516",50,43,43,31,27,26,30,26,19,45,32,37
"CG31517",0,0,0,0,5,0,0,0,0,0,0,0
"CG31522",37,18,13,27,40,42,30,12,22,10,75,36
"CG31523",118,155,93,102,103,145,155,160,87,84,141,116
"CG31524",0,0,0,0,0,0,0,0,0,0,0,0
"CG31525",3,5,15,348,361,452,9,1,0,471,387,409
"CG31528",8,15,29,773,706,758,9,4,7,566,446,444
"CG31533",1,1,55,1628,1540,2044,0,0,1,1257,1074,994
"CG31538",24,18,337,5676,5462,7366,27,11,14,6019,5036,4758
"CG31542",0,0,0,0,0,0,0,0,0,0,0,0
"CG31546",4,2,36,637,654,754,6,5,4,600,574,499
"CG31548",792,810,671,475,566,503,669,746,754,612,715,538
"CG31549",1,1,0,1,2,7,0,0,0,1,0,0
"CG31550",66,43,45,23,52,89,54,40,49,40,41,39
"CG31551",2,0,0,34,24,37,0,0,5,54,31,20
"CG31559",12,16,10,38,33,51,2,5,10,15,32,14
"CG3156",408,518,435,534,407,554,374,353,517,489,604,465
"CG31560",0,0,0,0,0,0,0,0,0,0,0,0
"CG31600",0,0,0,0,0,0,0,0,0,0,0,0
"CG31601",0,0,0,0,0,0,0,0,0,0,0,0
"CG31606",658,484,545,687,1044,719,332,271,558,312,471,356
"CG31609",0,0,1,116,160,138,0,0,0,47,48,55
"CG31612",0,1,0,0,0,0,0,0,0,0,0,0
"CG31624",0,0,0,2,3,11,0,0,0,5,2,1
"CG31626",0,0,0,0,0,0,0,3,0,0,1,0
"CG31627",9,15,19,386,293,473,8,7,10,278,265,296
"CG3163",169,186,158,209,202,216,167,177,183,204,217,208
"CG31633",166,221,139,214,231,266,146,167,217,277,292,218
"CG31635",3,10,6,9,5,7,5,4,3,2,0,4
"CG31636",0,1,7,3,2,3,7,2,1,2,5,0
"CG31637",0,0,0,0,0,0,0,0,0,0,0,0
"CG31638",19,19,35,53,26,40,28,17,31,36,36,30
"CG31639",0,0,0,0,3,3,0,0,0,0,2,0
"CG3164",0,0,0,0,0,0,0,0,0,0,0,0
"CG31642",6,8,19,271,332,308,7,1,3,304,255,236
"CG31643",0,0,0,0,0,0,0,0,0,0,0,0
"CG3165",0,0,0,0,0,0,0,0,0,0,0,0
"CG31650",1,2,2,8,0,8,4,2,2,0,4,4
"CG31659",0,0,0,0,0,0,0,0,0,0,0,0
"CG31661",0,0,0,0,0,3,0,0,1,0,0,1
"CG31663",0,0,0,0,0,0,0,0,0,0,0,0
"CG31664",0,0,0,0,0,0,0,0,0,0,0,0
"CG31668",3,0,1,3,2,3,0,2,0,1,3,0
"CG31673",0,3,0,0,0,0,0,0,0,0,0,0
"CG31674",0,0,0,0,0,0,0,0,0,0,0,0
"CG31675",184,214,211,111,147,142,143,221,245,165,184,207
"CG31676",0,0,0,0,0,0,0,0,0,0,0,0
"CG31677",0,0,0,75,48,65,0,0,0,10,7,6
"CG31678",22,40,28,43,47,98,40,25,12,49,48,42
"CG3168",17,41,23,10,4,7,36,57,7,6,15,12
"CG31680",1,1,0,16,5,35,0,0,0,138,79,135
"CG31681",3,8,1,0,0,3,12,13,0,0,1,1
"CG31683",0,0,0,0,0,0,0,0,0,0,0,0
"CG31687",9,10,14,28,20,33,20,22,13,26,11,19
"CG31688",69,55,94,114,84,210,86,50,53,114,109,97
"CG31689",5,3,9,1,2,5,10,3,5,3,3,3
"CG31693",0,0,0,0,0,0,0,0,0,0,0,1
"CG31697",15,16,30,543,524,634,8,7,12,399,475,379
"CG31698",0,0,0,2,0,0,0,0,0,1,0,0
"CG31704",17,21,21,1,0,2,9,7,4,6,1,5
"CG31705",28,25,39,24,23,24,30,24,29,25,12,27
"CG31706",9,11,7,13,9,26,13,9,10,4,4,5
"CG31709",0,0,0,17,9,20,0,0,0,6,9,7
"CG31710",30,17,30,30,16,25,37,18,25,29,36,18
"CG31715",0,0,2,1,0,1,0,0,0,0,1,0
"CG31717",0,0,0,0,0,0,0,0,0,0,1,0
"CG31729",58,72,42,39,47,44,51,76,53,34,33,51
"CG31730",0,0,5,339,348,382,0,3,0,198,198,180
"CG31735",0,0,0,0,0,0,0,0,0,0,0,0
"CG31740",23,3,318,7108,7252,8898,38,13,3,5861,4931,5355
"CG31741",2,0,0,1,0,0,22,10,2,1,0,0
"CG31743",0,0,0,0,0,0,0,0,0,0,0,0
"CG31751",0,9,1,1,0,8,1,5,0,3,2,2
"CG31752",2,0,10,220,196,301,3,1,0,165,160,139
"CG31759",1,0,0,9,6,20,0,0,0,1,0,6
"CG3176",0,0,0,0,0,0,0,0,0,0,0,0
"CG31760",23,25,30,21,32,32,32,22,26,36,23,36
"CG31769",695,964,508,604,713,561,628,710,603,474,608,357
"CG31775",0,0,1,2,2,4,2,0,0,0,1,1
"CG31776",1,2,4,106,79,102,0,0,1,55,65,49
"CG31777",168,210,106,303,306,217,212,254,335,205,305,230
"CG31778",40,62,50,48,54,51,45,50,106,92,73,65
"CG31780",4,3,4,8,2,9,3,0,2,3,1,2
"CG31784",0,2,30,1061,1004,1326,0,0,2,831,719,745
"CG31787",0,0,32,807,844,1093,0,0,0,436,478,489
"CG31788",0,0,0,1,2,0,0,0,0,0,0,0
"CG31789",0,0,0,0,0,0,0,0,0,0,0,0
"CG31792",0,0,4,0,0,0,0,2,1,0,0,0
"CG31793",0,0,0,0,0,0,0,0,0,0,0,1
"CG31797",0,0,1,82,74,113,0,0,0,152,83,74
"CG31798",0,0,0,2,3,2,1,0,0,6,4,2
"CG31800",251,283,268,377,342,359,275,272,325,348,357,287
"CG31802",1,0,68,1378,1366,1503,0,0,2,996,896,957
"CG31804",0,0,17,471,488,694,0,0,0,306,257,242
"CG31805",0,0,0,0,0,0,0,0,0,0,0,0
"CG31806",0,0,0,0,0,0,0,0,0,0,0,0
"CG31807",0,0,0,0,0,1,0,0,0,0,0,1
"CG31808",9140,9341,9613,8167,8705,9378,9709,10309,12200,12010,12184,11171
"CG31809",3,0,2,0,0,2,1,3,1,0,0,1
"CG31810",4,3,3,1,3,4,0,1,0,5,6,0
"CG31815",11,0,3,112,123,127,0,0,2,88,65,71
"CG31816",2,0,23,453,462,547,0,1,0,352,315,306
"CG31817",37,31,61,537,527,748,31,25,15,765,516,470
"CG31819",4,1,43,1535,1538,1814,3,0,1,1294,1061,1083
"CG31820",0,0,0,0,0,0,0,0,0,0,0,0
"CG31821",0,0,0,0,0,0,0,0,0,0,0,0
"CG31823",36,46,17,24,18,35,49,28,48,53,37,31
"CG31826",0,0,0,0,6,0,0,0,0,2,1,0
"CG31827",0,0,0,0,0,0,0,0,0,0,0,0
"CG31832",5,5,2,21,17,10,3,0,1,2,8,0
"CG31835",0,0,0,102,87,99,0,0,0,88,58,51
"CG3184",74,69,92,80,97,94,79,83,118,92,121,90
"CG31848",1,1,9,140,138,130,0,0,0,133,141,105
"CG31855",0,0,0,0,0,0,0,0,0,0,0,0
"CG31861",1,0,22,872,744,929,0,0,0,459,446,432
"CG31862",2626,2705,2882,223,6,2,2515,3987,4290,0,4,0
"CG31867",0,0,0,0,0,2,0,0,0,2,0,0
"CG31869",0,0,2,0,0,0,1,0,0,0,0,0
"CG31870",0,0,0,5,0,2,0,0,0,634,539,521
"CG31871",239,161,189,529,484,575,235,145,247,206,582,252
"CG31872",0,0,0,0,0,0,0,0,0,0,0,0
"CG31875",0,0,0,0,0,0,1,0,0,0,0,0
"CG31882",1,5,43,932,899,1017,3,2,2,813,656,668
"CG31883",2,8,1,5,5,5,10,2,11,239,41,194
"CG31886",31,35,10,24,21,8,43,33,22,10,16,20
"CG31897",10,9,8,70,61,80,22,14,22,64,60,42
"CG31898",9,14,16,21,15,17,12,13,14,27,5,14
"CG31904",6,5,1,2,2,1,11,9,3,9,1,5
"CG31908",0,0,0,0,0,0,0,0,0,0,1,0
"CG31909",0,0,0,0,0,0,0,0,0,0,0,0
"CG3191",0,2,4,0,0,1,7,0,3,0,0,0
"CG31910",4,2,41,845,886,1038,1,6,4,788,643,712
"CG31913",1,0,33,590,612,678,0,0,0,557,481,478
"CG31915",297,317,238,253,220,248,308,271,263,198,298,190
"CG31917",0,0,0,0,0,0,0,0,0,0,0,0
"CG31921",1,3,46,1594,1653,2654,2,0,1,1641,1204,1456
"CG31922",17,18,24,15,30,23,23,10,28,17,25,22
"CG31924",0,0,9,399,361,460,0,0,0,373,279,298
"CG31926",0,0,0,0,0,0,0,0,0,0,0,0
"CG31928",0,0,0,0,0,0,0,0,0,0,0,0
"CG31933",3,0,11,297,319,315,0,0,0,309,236,229
"CG31937",1056,1304,1051,743,751,734,1091,1180,1128,1025,1144,823
"CG31948",0,0,0,5,0,0,2,0,0,4,0,1
"CG31949",0,0,0,3,1,0,0,0,0,1,0,0
"CG31952",0,0,1,8,2,8,0,0,0,4,18,19
"CG31954",39,47,25,11,20,5,51,35,50,35,19,18
"CG31955",19,7,3,11,13,14,17,9,7,5,5,10
"CG31957",0,0,1,0,0,0,0,0,0,0,0,0
"CG31960",12,4,26,274,262,291,3,0,0,178,159,160
"CG31974",0,0,0,0,0,0,0,0,0,0,0,0
"CG31975",0,0,0,0,0,0,0,0,0,0,0,0
"CG3198",812,726,739,663,525,721,666,672,605,694,643,634
"CG31988",5,0,0,0,0,0,0,0,0,0,0,1
"CG3199",0,0,30,604,645,849,0,0,2,474,426,399
"CG31997",0,2,0,0,2,0,2,0,2,2,1,0
"CG31998",300,408,359,214,32,50,114,132,355,264,326,71
"CG31999",20,19,34,29,27,52,23,23,45,23,38,30
"CG32006",56,43,33,94,111,108,20,40,22,52,75,47
"CG32017",11,23,26,24,18,23,17,13,28,18,17,24
"CG32022",0,0,1,26,6,22,0,0,0,10,5,20
"CG32023",287,428,288,183,157,151,564,447,367,179,177,249
"CG32024",592,513,557,78,33,53,978,708,491,191,90,261
"CG32026",3,2,67,1998,1815,2629,0,0,0,1786,1784,1534
"CG32032",600,630,427,637,693,589,641,645,853,710,977,571
"CG32036",551,418,429,664,1084,1024,305,161,809,450,1467,488
"CG32037",1,0,1,0,2,3,3,2,10,4,10,4
"CG32040",12,7,7,9,12,6,8,5,10,2,7,3
"CG32052",0,0,0,0,0,0,0,0,0,0,0,0
"CG32053",0,3,0,11,10,16,8,2,1,7,12,11
"CG32054",0,10,0,1,2,4,12,5,2,0,6,2
"CG32055",59,39,47,53,57,71,30,54,80,48,105,45
"CG32061",3,0,39,944,932,1073,0,0,0,804,740,645
"CG32066",56,57,55,27,51,67,107,63,55,67,49,83
"CG32069",92,71,56,90,113,118,86,95,100,73,102,83
"CG32071",2,2,0,0,0,0,2,2,0,8,0,5
"CG32073",0,0,0,6,20,14,0,0,0,2,7,13
"CG32074",1,0,0,3,1,1,2,0,2,1,0,1
"CG32075",0,3,0,0,0,0,1,1,0,0,0,0
"CG32079",1,0,1,15,23,23,0,0,1,17,11,15
"CG32081",5,3,124,2660,2479,3114,0,0,0,2391,2157,1954
"CG32085",146,256,206,366,251,382,238,224,120,317,275,289
"CG32086",0,0,0,0,0,0,0,0,0,0,0,0
"CG32087",0,0,12,400,371,424,0,0,0,258,237,248
"CG32091",310,858,325,257,225,299,827,812,329,166,301,304
"CG32095",86,87,65,128,108,118,63,68,115,104,149,102
"CG32099",109,102,98,85,126,112,125,115,134,113,119,105
"CG32100",110,106,98,272,247,333,113,124,96,224,222,203
"CG32102",0,0,0,1,0,0,0,0,0,0,0,0
"CG32104",111,147,105,87,120,95,102,94,102,124,119,108
"CG32106",0,0,0,0,0,0,0,0,0,0,0,0
"CG32107",0,0,0,0,0,0,0,0,0,0,0,0
"CG32109",188,201,166,198,221,242,200,202,225,222,242,197
"CG32110",4,3,7,175,204,163,6,7,4,163,167,124
"CG32112",15,17,20,20,18,20,15,4,14,15,18,14
"CG32115",187,194,109,161,160,154,136,133,124,114,153,107
"CG32117",13,7,22,514,476,532,2,3,6,284,229,248
"CG32119",4,0,100,2278,2130,2719,3,0,1,2158,1926,1752
"CG32121",479,422,458,574,487,617,501,427,303,366,460,452
"CG3213",11,0,315,7537,7290,10232,0,2,4,7414,6387,6210
"CG32137",38,64,47,37,39,50,42,30,34,35,54,39
"CG32147",119,155,148,86,101,109,107,110,150,139,140,138
"CG32148",2,0,23,753,806,900,0,0,0,556,504,589
"CG32152",0,0,0,0,0,0,0,0,0,0,0,0
"CG3216",0,0,0,0,0,0,0,1,0,0,0,0
"CG32161",0,3,15,549,541,602,0,0,0,496,447,355
"CG32163",0,0,0,0,0,0,0,0,0,0,0,0
"CG32170",587,1055,975,373,528,503,584,1013,704,604,665,697
"CG32176",152,181,173,265,185,259,162,172,188,214,240,196
"CG32181",4,0,71,2207,2037,2862,0,1,3,1789,1548,1561
"CG32182",6,10,4,23,16,29,11,12,19,11,11,13
"CG32187",23,31,43,71,54,36,18,19,24,22,31,36
"CG32188",0,2,1,1,1,1,0,0,0,3,0,0
"CG32189",0,1,3,0,0,0,8,4,1,4,1,0
"CG32191",0,0,0,0,0,0,1,0,0,0,0,0
"CG32192",0,0,0,0,0,0,0,0,0,0,0,0
"CG32195",23,9,14,19,18,10,32,19,44,14,11,16
"CG32196",2,1,0,0,3,1,2,1,2,3,1,2
"CG32198",0,0,0,4,0,0,0,0,1,0,0,0
"CG32199",0,0,3,51,25,45,1,0,0,174,152,169
"CG32201",1,1,0,2,0,3,0,0,0,60,27,57
"CG32202",50,38,36,65,38,48,27,54,39,42,58,33
"CG32204",0,0,0,0,0,0,0,0,0,0,0,0
"CG32206",0,0,0,0,0,0,0,0,0,0,0,0
"CG32212",13,17,1,11,11,8,6,11,2,10,8,9
"CG32213",87,66,61,2,16,28,35,11,80,47,37,55
"CG32214",44,42,36,6,4,14,32,49,65,35,11,33
"CG32219",0,8,13,323,384,418,0,0,1,322,282,282
"CG3222",2,2,66,1697,1626,2084,4,0,2,1525,1388,1224
"CG32221",240,277,211,333,322,329,260,276,270,337,353,281
"CG32225",574,512,624,614,478,785,560,437,561,569,728,658
"CG32228",0,0,6,87,67,120,0,0,0,174,88,64
"CG3223",459,426,386,636,577,673,461,557,392,588,667,617
"CG32235",0,0,0,4,2,2,0,0,0,0,0,0
"CG32236",0,0,40,1347,1249,1613,0,0,0,900,757,765
"CG32237",8,14,9,11,17,16,5,5,10,3,7,0
"CG3224",131,175,143,172,212,170,218,196,241,179,268,188
"CG32240",5,1,31,1086,1055,1304,4,4,1,904,809,756
"CG32241",3,0,0,0,4,8,0,2,2,0,14,6
"CG32243",707,720,672,665,680,804,640,633,695,567,692,589
"CG32246",1,4,0,36,34,38,1,0,0,21,23,24
"CG32248",0,0,0,0,0,0,0,0,0,0,1,0
"CG32249",3,0,0,4,1,7,3,0,0,0,5,3
"CG3225",36,38,37,106,114,103,22,31,21,70,67,56
"CG32259",0,6,0,1,1,5,2,1,3,2,1,0
"CG3226",396,402,330,505,532,574,465,451,454,538,536,486
"CG32260",11,14,11,11,17,10,0,8,8,7,17,25
"CG32262",113,123,155,793,775,891,133,117,133,750,665,711
"CG32263",0,0,3,224,228,323,0,0,0,176,134,153
"CG32264",553,380,548,419,275,371,714,447,331,512,459,390
"CG32266",604,606,536,98,19,8,725,450,98,18,6,85
"CG32267",273,245,202,563,653,642,329,299,383,489,498,485
"CG32269",0,0,0,0,0,0,0,0,0,0,0,0
"CG32270",0,0,0,0,0,0,0,0,0,0,0,0
"CG32271",10,13,12,2,3,2,18,5,7,0,0,5
"CG32276",0,0,0,0,0,0,0,0,0,0,0,0
"CG32277",30,33,13,0,5,2,89,51,5,0,0,0
"CG32278",807,726,752,700,691,745,717,584,796,651,797,644
"CG32280",6,14,4,5,8,9,4,9,1,8,4,6
"CG32281",97,97,87,162,128,161,139,112,128,137,143,114
"CG32284",14,35,5,10,20,16,22,15,7,13,10,8
"CG32295",0,5,37,896,833,1033,1,0,0,734,621,637
"CG32298",0,0,0,0,0,0,0,0,0,0,0,0
"CG32299",0,0,0,0,0,0,0,0,0,0,0,0
"CG32301",0,0,0,0,0,0,0,0,0,0,0,0
"CG32302",10,30,19,15,10,15,10,17,15,3,10,6
"CG32305",0,1,9,102,102,160,2,0,0,45,44,39
"CG32313",0,0,0,0,0,0,0,0,0,0,0,0
"CG32318",0,0,0,0,0,0,0,1,1,0,1,0
"CG32320",1,0,8,119,91,106,1,0,0,58,47,71
"CG32333",95,105,89,117,77,164,86,74,94,126,133,91
"CG32344",170,216,234,207,206,192,235,206,228,207,251,171
"CG32354",156,171,165,301,332,303,176,124,140,222,318,164
"CG32365",15,19,6,8,10,13,9,22,6,7,10,18
"CG32369",232,293,319,224,154,196,252,217,179,145,205,153
"CG32371",3,2,121,2724,2599,3476,1,0,0,2311,1864,1842
"CG32373",7,7,13,12,4,10,2,6,9,7,13,3
"CG32374",0,0,0,0,0,0,0,0,2,0,0,0
"CG32376",0,0,0,0,0,0,0,0,0,1,0,0
"CG32379",3,23,4,1,1,0,12,13,10,6,1,0
"CG32388",0,0,0,0,0,0,0,0,0,0,0,0
"CG32391",0,0,0,0,0,0,0,0,0,0,0,0
"CG32407",0,0,0,6,14,11,0,1,0,5,8,3
"CG32409",140,172,124,109,112,130,155,148,128,173,177,143
"CG32413",0,0,0,7,8,12,0,0,0,24,10,27
"CG32425",83,102,105,102,103,145,95,97,41,99,97,109
"CG32428",564,531,521,393,353,436,502,647,676,403,489,376
"CG32432",2,2,0,6,0,0,7,2,0,2,1,1
"CG32436",23,17,285,5893,5438,8408,12,17,26,5447,4970,4624
"CG32437",137,121,258,1509,1441,1826,658,478,505,1277,1315,1258
"CG32440",16,20,39,946,901,982,58,59,56,811,719,718
"CG32444",299,495,308,602,620,680,616,431,322,709,519,622
"CG32445",2,0,71,1481,1351,1777,0,0,0,1558,1387,1166
"CG32447",0,1,6,3,3,3,0,3,3,1,5,3
"CG32448",0,1,0,17,13,35,0,0,2,1,7,6
"CG32450",0,0,71,1739,1623,2032,0,0,1,1278,1186,1099
"CG32452",2,4,5,0,5,1,3,3,1,3,1,0
"CG32453",0,0,0,0,0,0,0,0,0,0,0,0
"CG32454",22,14,39,453,385,553,15,7,24,397,323,339
"CG32457",0,0,0,0,0,0,0,0,0,0,0,0
"CG32459",5,2,75,1504,1369,1743,3,2,4,1333,1197,1135
"CG3246",551,724,349,525,640,403,444,491,507,465,617,396
"CG32461",0,1,15,324,249,306,0,0,0,173,203,156
"CG32462",0,0,0,1,0,2,0,0,0,1,0,1
"CG32473",58,75,42,33,59,97,75,67,51,43,104,34
"CG32483",187,286,145,49,71,9,255,231,83,30,33,34
"CG32485",299,326,324,382,410,376,274,226,272,356,369,328
"CG32486",1659,1871,1781,1513,1505,1794,1732,1604,1381,1481,1499,1674
"CG32487",0,0,13,395,341,377,0,0,0,213,195,191
"CG32488",0,0,1,6,3,18,0,0,0,14,9,7
"CG32500",0,0,0,0,0,0,0,1,0,0,0,0
"CG32507",0,2,6,10,20,6,0,0,0,10,5,8
"CG3251",0,2,0,49,18,38,0,0,0,33,28,27
"CG32512",20,11,10,9,10,18,13,6,2,7,7,10
"CG32523",0,1,0,0,7,1,2,2,2,0,0,0
"CG3253",0,0,0,0,0,0,0,0,0,0,0,0
"CG32532",0,0,0,0,0,0,0,0,0,0,0,0
"CG32533",0,0,0,0,0,0,0,0,0,0,0,0
"CG32536",44,60,34,40,45,52,33,34,37,25,39,19
"CG32537",0,4,3,3,2,0,2,8,2,0,0,2
"CG32544",0,0,0,0,0,0,0,0,0,0,1,0
"CG32547",17,8,4,11,7,9,8,10,19,12,24,10
"CG32548",215,30,90,2025,1879,2258,324,14,227,444,1740,693
"CG32551",3,1,3,18,7,8,11,2,2,0,16,1
"CG32554",9,7,14,16,14,31,18,10,14,31,21,26
"CG32563",0,0,0,0,0,0,0,0,0,0,0,0
"CG32564",20,27,27,40,49,19,23,42,33,39,73,25
"CG32568",0,2,3,91,68,95,0,0,0,59,39,60
"CG3257",437,396,459,420,398,607,412,287,304,415,413,400
"CG32572",117,131,142,628,534,750,140,113,185,554,521,510
"CG32573",0,0,0,0,0,0,0,0,0,0,0,0
"CG32576",8,8,4,5,6,11,9,6,13,4,5,6
"CG32579",2,6,3,0,0,3,0,1,5,0,6,2
"CG32588",0,0,20,346,316,341,0,0,0,192,148,181
"CG32590",54,53,51,52,35,30,64,73,55,37,52,41
"CG32591",0,1,9,128,82,121,1,0,2,69,43,43
"CG32599",0,0,0,0,0,0,0,0,0,0,0,0
"CG32603",18,16,7,20,5,10,5,2,18,8,16,8
"CG32625",53,39,29,3,8,16,41,28,37,10,6,5
"CG32631",0,0,0,0,0,0,1,0,0,2,2,0
"CG32633",13,11,12,2,2,2,31,23,8,4,5,4
"CG32638",1031,941,1065,1044,1238,1337,1145,1276,1492,1162,1434,1183
"CG32639",2,1,0,41,61,38,0,0,0,16,20,14
"CG32640",258,219,208,145,206,164,335,314,271,148,187,205
"CG32641",83,89,97,67,64,52,112,107,64,44,35,72
"CG32642",0,0,0,0,0,0,0,0,0,0,0,0
"CG32643",0,0,8,235,233,240,0,0,0,165,108,136
"CG32645",468,460,343,554,551,716,447,316,431,304,778,292
"CG32647",9,7,7,9,6,2,7,9,6,4,2,4
"CG32650",2,1,30,352,321,344,4,3,13,235,207,196
"CG32651",1,2,35,712,692,959,0,0,1,416,419,407
"CG32655",0,0,96,1652,1612,2089,0,1,0,1033,896,919
"CG32668",16,14,19,12,20,12,10,14,23,28,27,11
"CG32669",395,372,471,87,116,76,392,336,324,175,105,186
"CG32679",1,0,0,0,0,1,3,0,0,0,0,0
"CG32681",17,10,19,103,95,157,10,3,2,98,66,60
"CG32683",0,3,4,2,2,6,2,0,3,2,2,4
"CG32686",0,0,0,0,0,0,0,0,0,0,0,0
"CG32687",0,5,0,0,0,5,10,1,0,0,1,1
"CG32694",147,176,237,94,99,177,139,183,156,190,244,182
"CG32695",16,48,25,55,42,33,57,50,27,43,44,24
"CG3270",266,494,192,99,125,132,404,338,193,148,141,152
"CG32700",212,152,194,171,205,267,221,171,117,296,213,246
"CG32706",13,16,21,114,91,109,27,18,12,108,82,78
"CG32708",81,36,40,83,70,84,58,66,78,65,98,75
"CG32712",1,3,1,4,4,4,2,0,3,2,4,2
"CG32713",0,0,0,0,0,0,0,0,0,0,0,0
"CG32718",0,0,0,0,0,0,0,0,0,0,0,0
"CG32719",15,10,55,876,776,968,4,6,3,566,492,536
"CG32720",0,0,23,365,398,488,0,0,0,252,251,220
"CG32726",0,0,0,0,0,0,0,0,0,0,0,0
"CG32727",0,0,14,259,260,353,0,0,0,156,159,162
"CG32750",54,59,65,12,9,14,52,81,101,16,16,20
"CG32751",0,0,0,0,0,0,0,0,0,0,0,0
"CG32755",5,9,5,52,65,50,8,7,8,56,47,40
"CG32756",11,12,2,8,9,22,7,7,3,0,6,5
"CG32762",0,0,0,0,0,0,0,0,0,0,0,0
"CG32767",185,200,174,184,172,190,204,177,166,197,237,170
"CG3277",117,140,91,51,47,36,144,96,71,46,73,61
"CG32772",0,0,0,0,0,0,0,0,0,0,0,0
"CG32793",2,5,0,3,0,1,0,0,6,2,1,1
"CG32795",3,13,11,116,124,117,6,4,9,61,74,61
"CG32797",0,0,0,11,3,16,0,0,0,9,3,5
"CG32801",0,0,0,0,0,0,0,0,0,0,0,0
"CG32806",3,0,19,548,470,630,0,0,0,326,262,259
"CG32808",234,204,211,111,101,108,228,263,260,127,166,141
"CG32809",0,3,0,0,1,0,0,1,0,0,0,3
"CG3281",112,113,85,113,91,187,117,89,82,107,120,90
"CG32811",0,1,8,62,83,99,1,0,0,28,52,31
"CG32812",1,5,0,12,2,6,1,2,3,6,4,3
"CG32813",6,2,4,0,0,7,3,0,2,2,1,4
"CG32814",22,20,23,11,12,18,29,41,37,10,12,19
"CG32815",0,1,0,1,0,2,0,0,0,2,0,2
"CG32816",1,3,4,6,1,7,1,2,1,5,5,1
"CG32817",14,9,16,10,12,5,3,8,13,11,9,4
"CG32819",0,0,0,2,0,1,0,0,0,1,0,0
"CG32820",0,0,0,1,1,0,0,0,0,1,0,0
"CG32829",5,3,1,3,1,4,1,2,0,3,2,2
"CG32832",0,0,0,0,0,0,0,0,0,0,0,0
"CG32833",0,0,0,0,0,0,0,0,0,4,1,12
"CG32834",39,102,4,0,0,0,164,162,13,0,0,0
"CG32845",8,32,21,217,167,209,9,8,15,76,55,58
"CG32846",0,0,0,0,0,0,0,0,0,0,0,0
"CG32847",1,5,25,464,425,574,3,2,1,393,337,347
"CG3285",0,0,0,0,0,0,0,0,0,0,0,0
"CG32855",73,64,59,410,453,320,56,37,73,90,255,75
"CG32856",0,0,0,0,0,0,0,0,0,0,0,0
"CG32857",1,0,0,6,1,0,1,4,0,0,0,1
"CG3288",0,0,1,3,4,4,0,0,1,0,1,3
"CG32939",4,4,1,2,1,7,1,0,8,4,3,0
"CG3294",0,0,0,0,0,2,0,0,0,0,0,0
"CG32944",15,16,15,165,148,184,5,6,3,144,152,157
"CG32945",0,0,15,250,191,293,0,0,2,248,219,218
"CG32971",0,0,0,0,0,0,0,0,0,0,0,0
"CG32982",12,17,12,6,15,13,11,3,5,8,10,7
"CG32983",0,0,0,0,0,0,0,0,0,0,0,0
"CG32984",141,135,170,69,53,70,147,120,93,41,9,69
"CG32985",2,6,10,48,24,60,2,5,1,201,245,238
"CG32986",0,0,0,0,0,0,0,0,0,0,0,0
"CG32987",0,0,0,0,0,0,0,0,0,0,0,0
"CG32988",0,0,0,0,0,0,0,0,0,0,0,0
"CG33003",0,0,0,0,0,0,0,0,0,0,0,0
"CG3301",100,109,130,48,40,68,82,123,71,68,46,78
"CG33012",35,64,31,29,31,35,53,50,68,50,61,38
"CG33017",0,0,0,4,0,10,0,0,0,6,5,5
"CG3306",1,3,54,1163,1053,1468,0,1,0,788,793,583
"CG33060",1,0,14,336,332,442,0,0,1,213,225,215
"CG33061",0,0,0,0,0,0,0,0,0,0,0,0
"CG33062",0,0,0,0,0,0,0,0,0,0,0,0
"CG3308",1852,2141,1923,1247,1271,1533,1483,1555,1438,1546,1453,1635
"CG33080",50,74,66,34,32,20,67,38,27,32,23,30
"CG3309",0,0,0,0,0,0,0,0,0,0,0,0
"CG33090",11,13,7,6,4,8,17,15,10,10,9,10
"CG33093",351,361,222,303,349,275,328,341,487,445,510,301
"CG33095",0,0,0,0,0,0,0,0,0,0,0,0
"CG33096",0,0,0,0,0,0,0,0,0,0,0,0
"CG33098",0,0,0,0,0,0,0,0,1,0,0,1
"CG33099",341,313,278,272,315,248,319,276,347,332,465,252
"CG33107",50,58,59,101,117,70,67,47,57,77,112,67
"CG33108",17,42,29,26,30,31,20,21,30,39,24,30
"CG33109",0,1,4,0,2,2,0,1,1,0,1,1
"CG33110",766,2669,1066,358,431,403,2112,3191,608,320,507,435
"CG33111",22,19,10,19,23,13,13,23,12,15,20,20
"CG33116",190,150,231,199,154,226,240,185,144,115,195,169
"CG33120",253,301,130,159,154,118,254,237,307,154,245,109
"CG33124",1,3,2,1,1,0,3,0,1,1,1,1
"CG33125",0,0,0,0,0,0,0,0,0,0,0,0
"CG33127",232,354,146,31,34,15,403,391,109,51,88,45
"CG33128",0,0,2,3,2,6,0,0,0,0,0,0
"CG33136",0,0,0,12,10,12,0,0,0,18,4,6
"CG33137",10,3,10,7,7,8,3,3,4,2,2,4
"CG33140",0,3,19,669,625,904,1,6,0,551,401,471
"CG33143",9,2,5,14,11,11,2,1,13,13,7,15
"CG33144",223,287,236,142,151,124,222,231,158,130,139,149
"CG33155",0,3,1,0,3,7,6,2,2,5,1,3
"CG33158",190,179,149,260,256,387,196,150,182,315,357,238
"CG33159",2,5,1,0,0,0,8,0,2,0,1,0
"CG33160",3,1,0,2,1,0,2,0,2,0,0,0
"CG33169",0,3,0,3,1,1,5,0,0,2,2,0
"CG33170",305,272,269,795,823,955,259,235,263,602,552,561
"CG33172",43,60,45,31,41,29,48,48,73,35,49,30
"CG33177",99,74,66,43,52,85,61,52,88,28,70,39
"CG33178",5,1,2,0,3,0,5,0,4,1,1,3
"CG33181",14,5,11,14,33,24,46,13,22,12,19,19
"CG33189",14,12,63,1062,998,1266,2,8,4,856,724,827
"CG33191",2,0,15,504,474,610,3,3,1,650,548,418
"CG33199",73,55,67,80,78,84,85,45,85,66,62,65
"CG33203",0,0,0,0,0,0,0,0,0,0,0,0
"CG33217",160,180,141,232,203,250,210,175,203,136,185,141
"CG33223",0,2,0,4,2,1,0,0,0,1,0,1
"CG33225",0,0,0,2,2,3,0,0,0,5,1,1
"CG33226",3,5,17,18,17,10,5,11,10,6,7,12
"CG33228",0,0,0,1,0,0,0,0,0,1,0,0
"CG33229",0,5,1,10,2,0,3,7,2,3,3,3
"CG3323",29,23,100,1626,1472,2046,14,17,24,1047,978,887
"CG33230",191,254,224,260,194,257,205,214,186,169,221,239
"CG33233",2,6,15,258,223,210,0,0,0,187,140,149
"CG33234",0,0,0,0,0,0,0,0,0,0,0,0
"CG33235",5,6,7,255,247,283,3,4,4,269,198,185
"CG33252",7,5,20,362,338,315,11,0,2,209,218,197
"CG33253",2,4,2,0,3,7,2,3,3,3,2,7
"CG33257",0,0,0,2,2,0,0,0,0,0,0,0
"CG33258",0,0,0,0,1,0,0,0,0,0,0,0
"CG33259",0,0,0,1,0,0,0,0,0,0,0,3
"CG33262",2,1,2,6,1,1,0,0,0,1,0,0
"CG33263",9,21,27,9,11,16,13,31,35,20,10,15
"CG33267",20,25,10,24,5,38,11,15,20,20,26,19
"CG33268",0,0,0,0,0,0,0,0,0,0,0,0
"CG33269",4,0,0,0,0,0,0,0,0,0,0,0
"CG33270",2,0,0,1,1,0,0,0,0,0,0,1
"CG33271",2,0,0,1,0,4,0,0,0,3,0,7
"CG33272",1,0,0,1,2,2,0,0,0,0,6,0
"CG33278",1,0,12,432,478,549,0,0,0,331,286,321
"CG3328",2,1,2,2,6,3,1,1,2,0,2,0
"CG33281",98,205,90,72,94,93,306,202,169,220,224,164
"CG33282",18,27,24,4,1,5,60,31,19,25,6,25
"CG33284",1,0,55,1454,1449,1929,0,0,0,1297,1247,1183
"CG33285",2,1,8,301,299,437,0,0,0,130,148,150
"CG33286",6,34,50,905,843,1091,4,11,18,618,608,577
"CG33287",0,0,33,674,683,1010,0,0,0,441,385,448
"CG33288",37,34,32,27,33,27,17,14,26,59,74,58
"CG33290",0,0,0,5,3,7,0,0,0,2,2,3
"CG33293",10,21,69,1840,1651,1941,8,13,6,1264,1118,985
"CG33296",0,0,0,0,0,0,0,1,0,0,0,0
"CG33298",1,0,0,0,0,2,0,1,1,0,1,2
"CG33299",0,0,0,0,0,0,0,0,0,0,0,0
"CG3330",7,0,179,3813,3511,4623,0,0,0,3971,3300,3031
"CG33301",1,12,5,5,2,4,14,6,3,4,2,2
"CG33303",1,5,0,0,2,3,0,7,1,7,1,3
"CG33306",7,5,1,2,4,11,5,1,3,7,3,6
"CG33307",30,34,28,75,55,52,15,16,11,13,9,9
"CG33308",1,0,49,1060,1162,1343,1,0,0,813,673,624
"CG33309",0,0,23,570,597,712,0,0,1,539,501,511
"CG33310",4,6,9,80,82,99,4,7,0,82,77,69
"CG33322",0,0,58,1052,1108,1341,0,0,0,688,635,533
"CG33325",0,0,0,0,2,2,0,0,0,0,0,3
"CG33331",57,63,63,40,61,63,76,55,57,69,76,68
"CG33332",58,36,39,26,25,28,44,39,38,40,35,28
"CG33333",0,0,0,1,1,0,0,0,0,0,0,0
"CG33337",0,0,0,0,0,0,0,0,0,0,0,0
"CG33339",15,3,2,9,10,10,3,9,0,13,11,8
"CG33340",10,2,347,9440,8604,10871,5,2,4,8662,7265,6984
"CG33341",0,0,0,0,0,0,0,0,0,0,0,0
"CG33342",33,6,9,38,42,64,15,9,31,14,70,16
"CG33346",21,31,20,55,48,49,28,27,27,32,30,31
"CG3335",161,153,126,140,149,124,138,125,123,161,178,136
"CG3337",0,0,0,0,0,0,0,0,0,0,0,0
"CG3339",21,22,28,24,39,63,22,17,16,31,30,24
"CG3342",97,99,108,85,92,65,123,82,86,104,120,89
"CG3345",4,6,115,2593,2466,3287,0,2,4,2436,1986,2130
"CG33453",0,0,0,0,0,0,0,0,0,0,0,0
"CG33454",1,1,0,0,0,0,0,0,0,0,0,0
"CG33458",80,68,38,23,46,61,106,94,100,38,30,69
"CG33459",51,69,63,32,38,50,72,103,80,54,44,58
"CG33460",94,108,36,135,123,113,66,97,112,60,96,63
"CG33461",6,3,3,5,1,3,0,0,1,2,1,2
"CG33462",89,75,124,83,74,76,151,146,128,165,178,72
"CG33463",0,0,0,0,0,0,0,0,0,0,0,0
"CG33465",134,181,48,108,97,73,176,199,170,100,136,129
"CG33467",0,0,0,0,0,0,0,0,0,0,0,0
"CG33468",2,1,1,3,2,4,7,4,4,2,3,10
"CG33469",0,0,0,0,0,0,0,0,0,0,0,0
"CG3347",0,0,0,0,0,1,0,0,0,0,0,0
"CG33474",4,5,6,1,3,2,3,1,5,0,1,3
"CG33475",0,2,2,0,0,0,1,0,0,1,0,0
"CG33476",0,0,0,0,4,7,0,0,0,0,0,0
"CG33477",0,0,0,0,0,0,0,0,2,0,0,0
"CG3348",0,0,0,0,0,0,0,0,0,0,0,0
"CG33483",6,3,4,0,8,5,1,2,11,7,5,4
"CG33489",0,0,1,3,7,2,0,0,0,0,1,1
"CG3349",0,1,0,14,8,8,4,0,0,7,6,10
"CG33490",0,3,32,743,739,810,2,0,0,605,519,484
"CG33493",2,0,0,0,2,0,0,2,2,5,0,2
"CG33494",109,126,89,106,102,73,147,152,133,80,85,87
"CG33500",0,0,0,10,6,11,0,0,0,4,0,2
"CG33502",10,24,26,19,10,10,6,22,10,20,8,21
"CG33506",685,499,496,791,642,742,507,395,548,441,562,432
"CG33509",43,34,24,12,23,21,25,17,21,16,11,8
"CG33510",19,64,22,20,24,24,36,39,9,16,12,15
"CG33511",27,54,27,16,3,7,39,26,3,9,5,6
"CG33514",27,67,30,25,21,21,99,59,22,11,23,13
"CG33521",157,203,155,141,160,149,147,174,159,148,162,138
"CG33523",101,84,46,50,84,78,111,63,83,87,104,82
"CG33543",247,261,683,451,267,454,314,199,303,352,498,342
"CG3355",0,0,0,0,0,0,0,0,0,0,0,0
"CG33552",0,1,1,27,53,50,0,0,1,36,28,17
"CG33557",7,8,9,5,1,6,2,7,8,24,27,20
"CG3356",455,635,465,703,667,892,437,507,410,627,798,700
"CG3358",0,0,0,0,2,1,0,0,4,0,1,0
"CG33626",0,0,1,2,2,2,1,0,1,1,1,6
"CG33627",0,0,3,0,0,0,0,0,0,0,0,0
"CG33630",0,0,0,0,0,0,0,0,0,0,0,0
"CG33631",0,0,0,0,0,0,0,0,0,0,0,0
"CG33632",5,1,3,10,7,15,9,3,2,14,13,6
"CG33635",85,82,63,97,94,109,110,78,79,78,132,89
"CG33639",0,0,0,0,0,0,0,0,0,0,0,0
"CG33640",3,1,1,1,3,1,4,1,1,0,2,5
"CG33641",5,0,0,1,1,2,0,4,0,0,0,0
"CG33642",0,0,0,0,0,0,0,1,0,0,0,0
"CG33643",2,0,0,0,0,0,0,3,0,0,0,0
"CG33644",2,0,0,0,1,0,0,0,0,0,0,0
"CG33645",0,0,0,0,1,4,0,0,0,0,0,0
"CG33647",0,1,0,1,0,0,0,2,0,1,1,0
"CG33648",4,0,0,3,0,0,0,0,0,0,0,0
"CG33654",0,2,6,3,1,1,0,1,1,2,1,1
"CG33655",0,0,0,0,0,0,0,0,0,0,0,0
"CG33658",1,0,0,0,1,8,3,0,0,1,0,0
"CG33664",0,0,20,528,524,594,0,0,0,319,284,313
"CG33665",0,0,2,140,153,257,0,0,0,69,114,96
"CG33666",0,0,1,106,111,148,0,0,0,81,60,61
"CG33667",0,0,9,85,64,92,0,0,0,75,66,64
"CG33668",0,0,5,92,70,138,0,0,0,62,56,46
"CG33669",1,0,1,23,31,20,0,0,0,13,15,10
"CG33672",0,0,0,0,0,0,0,0,0,0,0,0
"CG33673",0,0,5,80,49,75,0,0,0,62,25,31
"CG33679",9,6,2,4,0,3,0,3,3,4,0,3
"CG3368",341,356,294,281,247,283,283,272,217,216,271,165
"CG33687",0,0,1,0,0,1,0,0,0,0,1,0
"CG33688",0,0,0,0,0,1,0,0,1,0,0,0
"CG33689",0,1,0,1,0,0,0,0,0,0,0,0
"CG33695",0,0,0,0,0,0,2,0,2,0,0,1
"CG33700",0,2,0,0,0,0,0,0,0,0,2,0
"CG33702",0,0,1,0,1,0,0,0,0,4,2,1
"CG33703",0,0,1,1,0,4,0,0,0,4,0,1
"CG33704",2,2,26,598,532,709,0,0,1,446,390,379
"CG33710",0,0,3,71,74,86,0,0,0,36,39,28
"CG33721",3,0,0,0,0,0,0,0,0,1,0,0
"CG33722",0,0,0,0,0,0,0,0,0,0,0,0
"CG33723",0,1,3,78,90,57,1,0,2,28,34,52
"CG33725",4,3,4,0,0,1,0,3,0,0,0,0
"CG33752",0,0,0,3,1,0,0,0,0,0,0,0
"CG33757",3,0,0,0,0,0,0,0,0,1,0,0
"CG33758",1,3,4,2,5,1,6,3,3,5,1,1
"CG3376",75,87,51,84,65,57,95,69,85,56,85,77
"CG33764",0,0,0,0,0,0,0,0,1,0,0,5
"CG33766",0,0,0,0,0,0,0,0,0,0,0,0
"CG33767",0,0,0,1,0,0,0,1,0,0,0,0
"CG33768",0,0,0,0,0,0,0,0,0,0,0,0
"CG33769",0,0,0,1,0,0,0,0,0,0,0,0
"CG33770",0,0,0,0,0,0,0,0,0,0,0,0
"CG33771",0,0,0,0,0,0,0,0,0,0,0,0
"CG33772",0,0,0,0,0,0,0,0,0,0,0,0
"CG33773",0,1,2,146,109,111,0,0,0,74,59,56
"CG33774",42,21,27,64,51,59,41,41,55,28,44,66
"CG33775",7,7,11,7,10,5,1,5,3,7,6,7
"CG33777",1,3,2,12,10,5,2,0,3,1,3,1
"CG33783",0,0,0,0,0,0,0,0,0,0,0,0
"CG33784",1,0,0,1,0,0,0,1,0,0,0,0
"CG33791",0,0,0,0,0,0,0,0,0,0,0,0
"CG33792",9,3,9,9,15,20,3,2,3,4,18,20
"CG33795",2,11,1,4,4,9,4,6,6,0,2,0
"CG33796",0,0,0,1,0,0,0,0,0,0,0,0
"CG33798",0,0,0,0,2,2,0,0,0,0,0,0
"CG3386",1,0,1,3,5,5,3,2,0,6,9,3
"CG33912",0,0,1,0,1,0,0,0,0,0,0,0
"CG33914",8,31,2,8,1,9,1,2,0,4,5,1
"CG33919",1,1,1,1,0,1,118,112,93,118,147,117
"CG33920",14,21,20,2,7,12,16,14,8,7,3,14
"CG33922",0,0,0,0,1,2,0,0,0,0,0,0
"CG33923",0,0,0,1,1,0,0,0,0,0,0,0
"CG33927",0,0,0,0,0,0,1,0,0,2,0,0
"CG33928",0,1,1,2,0,0,0,2,0,0,2,0
"CG33932",0,0,0,0,0,0,0,0,0,0,0,0
"CG33934",0,0,0,0,0,0,0,0,0,0,0,0
"CG33939",1034,1123,1270,898,1122,900,1056,1348,1709,931,1187,1039
"CG33941",264,260,190,190,247,257,234,252,224,185,258,208
"CG33946",91,82,50,150,284,209,55,73,180,102,270,112
"CG33947",91,112,115,548,568,613,123,96,41,378,386,381
"CG33958",13,8,10,13,10,12,10,11,1,8,9,12
"CG33964",0,0,0,0,0,0,0,0,0,0,0,0
"CG33965",3,0,1,0,7,1,1,3,3,3,4,1
"CG33966",42,50,55,11,12,4,69,77,34,29,25,12
"CG33969",0,0,0,0,0,0,0,0,0,0,0,0
"CG3397",414,332,320,323,284,271,349,381,384,348,417,418
"CG33978",0,3,1,0,1,1,3,1,1,0,0,2
"CG33981",0,0,0,0,0,0,0,0,0,0,0,0
"CG33985",0,0,2,1,5,2,2,1,5,8,3,0
"CG33986",0,0,0,0,0,0,0,1,0,0,0,0
"CG33995",0,0,0,0,0,0,0,0,0,0,0,0
"CG33998",6,1,0,3,2,10,0,1,3,1,2,1
"CG34001",0,0,0,0,0,0,0,0,0,0,0,0
"CG34002",0,1,2,19,7,25,2,0,1,138,116,131
"CG34005",0,0,0,0,0,0,0,0,0,0,0,0
"CG34007",0,0,0,0,0,0,0,0,0,0,0,0
"CG34008",23,19,7,24,31,20,21,12,24,25,28,19
"CG34011",0,0,2,25,20,23,0,0,0,13,15,26
"CG34012",3,6,10,394,403,454,12,8,5,321,229,295
"CG34015",179,176,154,162,192,164,236,182,241,179,164,149
"CG3402",153,181,127,183,206,198,161,143,170,185,243,139
"CG34021",0,0,18,344,264,440,0,0,0,302,243,271
"CG34025",1,2,6,88,82,89,1,2,8,51,55,33
"CG34026",0,1,0,3,0,1,1,4,1,0,0,3
"CG34027",3,1,7,75,69,49,0,1,6,27,32,13
"CG34028",0,0,0,1,0,0,0,0,0,0,0,1
"CG34029",0,0,20,197,231,242,0,0,1,158,146,140
"CG34030",0,0,2,38,56,39,0,0,0,22,21,18
"CG34031",3,0,0,2,6,1,6,4,2,5,1,9
"CG34033",0,0,2,61,21,26,0,0,0,92,66,102
"CG34034",883,827,876,469,391,370,1505,1226,943,700,442,878
"CG34038",0,0,1,0,2,2,3,3,0,0,1,2
"CG34039",68,46,56,116,115,107,60,61,78,92,91,97
"CG34040",0,0,0,1,0,0,1,0,0,0,0,0
"CG34041",0,0,0,0,0,0,0,0,0,0,0,0
"CG34043",52,91,67,41,38,26,97,77,59,47,50,54
"CG34045",9,20,14,12,10,10,21,6,12,10,7,12
"CG34049",0,0,11,149,138,159,0,0,0,118,107,93
"CG34051",0,0,0,0,0,0,0,0,0,0,0,0
"CG34054",48,56,42,38,35,24,100,95,103,71,49,55
"CG34056",258,318,270,184,234,287,223,263,233,242,265,218
"CG34057",0,0,0,0,0,0,0,0,0,0,0,0
"CG3407",69,82,80,88,86,70,64,74,54,93,68,64
"CG3408",0,0,0,0,0,0,0,0,0,0,0,0
"CG34105",0,0,0,0,0,0,0,0,0,0,0,0
"CG34106",0,0,0,0,0,0,0,0,0,0,0,0
"CG34107",4,3,65,1528,1525,1752,6,0,1,1259,1207,1145
"CG34109",214,239,170,112,54,141,96,190,309,443,460,314
"CG34112",0,0,0,0,0,0,0,0,0,0,0,0
"CG34115",48,20,16,127,121,104,37,7,30,39,87,21
"CG34116",0,0,0,0,0,0,0,0,0,0,0,0
"CG34117",259,250,188,318,401,357,322,324,341,202,279,310
"CG34124",3,5,12,239,254,397,0,2,0,192,196,172
"CG34125",283,251,245,267,350,301,224,342,395,284,321,313
"CG34126",1,3,0,7,2,1,1,0,2,2,1,0
"CG34129",3,0,1,11,0,5,0,1,1,68,36,71
"CG34130",0,0,0,13,0,5,0,0,0,173,60,143
"CG34132",1129,1126,897,1169,1395,1199,1437,1022,1566,1044,1332,1057
"CG34133",0,0,0,0,0,0,0,0,0,0,0,0
"CG34134",263,278,227,308,439,467,232,204,316,295,401,291
"CG34135",0,0,0,0,0,0,0,0,0,0,0,0
"CG34136",1160,1500,1100,1284,1427,1327,1486,1336,1068,1160,1428,952
"CG34138",400,104,220,842,1007,1098,584,143,584,324,1592,451
"CG34140",0,0,0,0,0,0,0,0,0,0,0,0
"CG34141",10,12,3,11,11,15,2,4,14,0,14,9
"CG34148",0,0,0,0,0,0,0,0,0,0,0,0
"CG34149",0,0,0,0,0,0,0,0,0,0,0,0
"CG34150",140,113,153,209,266,213,269,203,235,182,245,219
"CG34155",136,126,125,236,167,304,197,116,207,193,250,216
"CG34159",692,665,588,690,674,654,648,640,699,524,733,589
"CG34160",0,0,19,829,805,955,0,0,1,437,466,481
"CG34161",0,0,0,0,0,0,0,0,0,2,0,1
"CG34162",0,0,0,4,0,3,0,0,0,0,0,0
"CG34163",0,0,0,0,0,0,0,0,0,0,0,0
"CG34164",0,0,0,0,0,0,0,0,0,0,0,0
"CG34165",0,0,0,0,0,0,0,0,0,0,0,0
"CG34166",0,0,5,0,1,3,0,0,0,0,0,1
"CG34167",1,0,9,253,214,291,0,1,0,162,148,172
"CG34168",4,0,196,5541,5234,6444,0,0,4,3640,3139,3308
"CG34169",3,0,4,136,157,168,0,0,0,78,55,76
"CG34170",0,0,0,0,0,0,0,0,0,0,0,0
"CG34171",0,0,0,0,0,0,0,0,0,0,0,0
"CG34173",1,0,4,167,232,254,0,0,0,82,92,103
"CG34174",40,31,21,30,40,39,57,46,73,63,72,64
"CG34175",0,0,0,6,12,7,0,0,0,6,10,3
"CG34176",114,161,101,19,17,5,208,222,80,28,40,50
"CG34177",0,0,0,0,0,0,0,0,0,0,0,0
"CG34178",0,0,0,0,0,0,0,0,0,0,0,0
"CG34179",0,0,0,0,0,0,0,0,0,0,0,0
"CG34180",8,12,10,10,14,16,8,17,8,7,9,28
"CG34181",0,0,6,382,325,397,0,0,1,216,178,197
"CG34183",50,54,31,44,64,61,40,70,49,47,85,52
"CG34184",1,6,0,3,5,9,2,0,1,2,2,0
"CG34185",0,0,0,1,5,1,0,0,0,3,8,1
"CG34188",3,0,22,471,443,527,0,0,2,381,310,282
"CG34189",0,9,5,35,29,61,10,4,8,32,27,40
"CG34190",0,0,0,0,0,0,2,0,0,1,0,2
"CG34193",0,0,1,1,0,4,0,0,1,0,0,0
"CG34194",12,3,6,12,7,4,18,7,7,4,8,2
"CG34195",43,40,41,57,73,57,49,53,24,44,74,48
"CG34196",3548,3290,3716,2861,2677,2959,4094,4105,3843,2909,2580,3286
"CG34198",101,102,109,52,69,63,216,169,162,95,84,82
"CG34199",7521,7620,8377,926,682,1171,6166,8138,8709,6064,1407,5492
"CG3420",5,0,6,1,4,7,5,11,0,1,0,0
"CG34200",126,105,97,260,281,306,227,159,140,198,288,231
"CG34201",0,0,0,1,0,0,2,0,0,1,1,0
"CG34202",0,0,0,0,0,1,0,0,0,0,0,0
"CG34203",25,46,29,3,7,6,54,70,71,42,75,57
"CG34204",0,0,0,0,0,0,0,0,0,0,0,0
"CG34205",11048,13262,10934,12499,13222,9804,4354,6823,12946,8127,21014,9465
"CG34206",353,361,453,290,264,283,171,249,183,124,104,210
"CG34207",4,0,3,1,1,2,3,2,7,0,1,0
"CG34208",249,292,277,159,306,318,295,390,471,237,258,327
"CG34210",1,0,0,297,310,329,0,0,0,162,159,194
"CG34211",0,0,0,0,0,0,0,0,0,0,0,0
"CG34212",0,0,1,0,0,0,0,0,0,0,3,0
"CG34213",39,51,58,36,50,40,45,32,45,57,59,47
"CG34214",2,1,1,4,5,2,2,1,2,0,0,5
"CG34215",375,376,215,261,310,168,459,603,547,268,350,292
"CG34216",4,13,10,120,123,117,1,3,3,83,89,93
"CG34217",500,3485,953,81,1,2,3648,2010,223,0,0,0
"CG34219",0,0,0,0,0,0,0,0,0,0,0,0
"CG34220",156,1402,201,41,28,20,938,527,56,39,28,37
"CG34221",0,0,0,1,1,1,2,0,0,0,0,0
"CG34222",3,2,28,470,384,571,3,0,0,363,298,363
"CG34223",0,0,1,0,0,0,0,0,0,0,0,0
"CG34224",0,0,0,0,2,0,0,0,0,0,0,0
"CG34225",30,16,5,3,4,0,7,7,31,10,93,33
"CG34227",215,235,192,26,4,5,283,397,90,44,11,220
"CG34228",361,248,287,288,330,288,311,325,315,205,260,241
"CG34229",78,99,75,86,89,147,144,134,128,98,170,155
"CG34230",8,2,7,187,142,149,3,0,2,83,88,70
"CG34231",29,16,30,19,29,30,16,24,25,11,17,15
"CG34232",2,0,0,0,0,0,0,0,0,0,0,0
"CG34234",0,0,0,0,1,1,3,2,0,0,0,0
"CG34235",0,0,0,0,0,0,0,0,0,0,0,0
"CG34236",0,0,0,0,0,0,0,0,0,0,0,0
"CG34238",0,0,2,129,145,131,0,0,0,90,63,85
"CG34241",2,3,32,935,1006,1043,5,2,1,543,505,560
"CG34242",0,0,0,0,0,0,0,1,0,1,0,0
"CG34244",4,2,4,1,3,2,4,6,1,4,2,6
"CG34245",3,1,15,208,200,219,0,0,0,78,70,79
"CG34247",62,51,32,71,109,113,22,32,67,18,61,37
"CG34248",0,0,0,0,0,0,0,0,0,0,0,0
"CG34250",6,17,18,18,20,9,6,6,18,12,12,15
"CG34251",0,0,0,1,4,1,0,0,2,2,1,0
"CG34253",201,221,196,262,261,305,210,184,209,212,277,229
"CG34256",22,118,28,26,13,37,55,44,13,26,25,37
"CG34258",0,0,16,361,389,411,0,0,0,197,182,212
"CG34260",6,7,8,9,5,3,1,2,5,7,13,2
"CG34263",0,0,0,0,0,0,0,0,0,0,0,0
"CG34265",8,4,10,3,4,0,5,9,8,3,4,7
"CG34266",1,0,0,2,0,2,2,0,0,0,0,4
"CG34267",0,0,2,3,0,0,0,0,0,1,0,0
"CG34268",0,0,0,0,1,0,1,0,0,0,1,0
"CG34269",6,6,2,102,106,87,8,1,5,65,45,55
"CG34273",3,4,1,12,2,11,13,1,8,9,7,12
"CG34274",0,0,7,198,213,225,0,0,0,110,106,90
"CG34276",5,3,6,0,5,3,3,3,1,0,0,1
"CG34277",0,0,0,0,0,0,0,0,0,0,0,0
"CG34278",0,1,5,6,1,1,1,2,1,0,0,0
"CG34279",0,0,0,0,0,0,0,0,0,0,0,0
"CG34280",0,0,0,0,3,0,2,1,0,1,0,0
"CG34281",6,6,1,9,5,5,8,7,9,0,7,5
"CG34282",0,0,0,0,0,0,0,0,0,0,0,0
"CG34283",0,0,0,40,30,39,0,0,0,33,25,22
"CG34284",1204,1065,1114,803,819,744,1605,1311,1510,1312,1009,1264
"CG34286",0,0,0,0,0,0,0,0,0,2,2,1
"CG34287",1,0,10,212,187,218,0,0,0,249,182,187
"CG34288",86,62,59,42,31,22,138,96,71,34,41,16
"CG34289",0,0,0,0,0,0,0,0,0,0,0,0
"CG34290",1,0,0,2,1,7,0,1,0,5,0,0
"CG34291",7,14,5,9,14,11,19,35,16,18,12,23
"CG34292",0,0,21,608,592,841,0,0,0,420,391,414
"CG34293",0,0,0,0,1,0,0,0,2,1,0,1
"CG34295",0,0,0,0,0,0,0,0,0,3,1,6
"CG34296",26,45,23,182,186,117,51,44,20,22,17,9
"CG34297",0,9,3,2,1,0,2,0,0,2,0,2
"CG34298",1,0,7,263,291,329,0,0,1,170,167,161
"CG34299",0,0,0,0,0,5,0,0,2,24,8,18
"CG3430",58,69,44,65,53,38,55,53,43,41,56,46
"CG34300",0,0,0,0,0,0,0,0,0,0,0,0
"CG34301",63,30,36,25,23,27,59,69,72,31,35,24
"CG34302",0,0,0,34,26,30,0,0,0,12,24,22
"CG34303",0,0,0,0,0,0,1,0,0,0,0,0
"CG34305",0,0,2,0,0,1,3,1,5,2,1,1
"CG34307",0,0,1,36,59,58,0,0,0,39,21,31
"CG34308",0,0,14,499,513,590,0,0,1,400,344,380
"CG34309",17,9,11,2,13,32,20,14,15,7,19,17
"CG34310",0,0,0,0,0,0,0,0,0,0,0,0
"CG34312",0,0,0,0,0,0,0,0,0,0,0,0
"CG34313",0,0,0,0,0,0,0,0,0,0,0,0
"CG34315",0,0,0,0,0,0,0,0,0,0,0,0
"CG34316",3,3,2,50,47,104,0,0,0,23,13,17
"CG34323",9,4,4,3,23,15,3,1,5,15,22,16
"CG34324",1146,1337,1185,58,35,54,2308,1513,273,170,34,378
"CG34325",0,0,0,0,0,0,0,0,0,0,0,0
"CG34327",5879,5665,5235,3069,4429,4909,4030,4256,7632,4382,6653,5016
"CG34328",0,0,4,29,33,34,0,0,0,17,8,17
"CG34330",1,0,0,0,1,0,1,0,2,1,0,0
"CG34331",191,345,206,157,170,139,299,358,329,166,160,184
"CG34332",3,0,2,27,19,13,0,0,0,10,19,14
"CG34334",0,0,8,60,49,61,1,0,1,51,45,34
"CG34337",0,0,0,0,0,0,0,0,0,0,0,0
"CG34338",20,13,8,19,43,50,31,11,32,9,49,17
"CG3434",129,162,130,161,153,193,175,154,133,130,174,153
"CG34342",3,2,0,0,0,0,0,2,1,2,0,0
"CG34345",0,0,2,0,2,0,0,0,0,3,3,12
"CG34347",0,0,0,0,0,0,0,0,0,0,0,0
"CG34348",73,107,100,108,94,109,104,75,106,106,121,68
"CG34353",0,0,0,0,0,0,0,0,0,0,0,0
"CG34354",87,75,92,156,114,133,155,81,71,185,176,110
"CG34355",11,8,4,3,8,9,4,2,4,3,7,3
"CG34357",27,16,20,24,23,50,28,8,25,14,12,17
"CG3436",0,1,1,3,0,0,1,0,0,0,0,0
"CG34367",4,0,5,8,2,6,2,2,3,2,2,8
"CG3437",16,15,22,14,26,30,38,24,18,29,19,20
"CG34370",0,0,0,1,1,4,2,1,0,1,0,4
"CG34375",0,1,0,1,0,1,0,1,0,0,0,0
"CG34376",335,365,281,323,360,309,317,326,307,317,349,313
"CG34377",0,0,0,0,0,0,0,0,0,0,0,0
"CG34382",0,0,0,0,0,0,0,0,0,0,0,0
"CG34384",76,96,123,143,105,143,118,74,75,129,131,137
"CG34386",0,0,0,19,12,41,0,0,0,6,1,2
"CG34393",2,7,15,4,11,14,3,12,8,8,8,10
"CG34396",291,298,267,277,390,434,278,242,319,353,616,395
"CG34398",8,13,8,4,14,17,8,10,9,11,6,8
"CG34404",27,26,37,31,32,34,17,19,39,30,40,34
"CG34408",15,13,6,8,3,9,7,9,12,6,8,7
"CG34409",7,8,10,20,13,32,8,3,4,27,20,6
"CG34417",58,88,88,70,114,84,130,112,72,61,77,103
"CG34423",0,0,0,0,0,0,0,0,0,0,0,0
"CG34425",0,0,52,1169,1008,1408,0,0,1,831,741,732
"CG34426",99,218,136,50,26,18,373,346,253,80,41,115
"CG34427",4,4,5,4,9,2,0,1,0,3,5,0
"CG34428",0,0,0,1,0,1,0,1,0,6,0,0
"CG34429",0,0,0,0,0,0,0,0,0,0,0,0
"CG34430",9,6,13,5,14,19,10,7,17,11,23,11
"CG34431",29,12,34,104,59,103,28,25,25,74,77,84
"CG34432",0,0,13,336,290,368,0,0,0,241,188,195
"CG34433",0,0,0,0,0,0,0,0,0,0,0,0
"CG34434",8,4,27,774,650,882,1,2,5,467,425,484
"CG34435",0,0,5,87,107,152,0,0,0,91,84,79
"CG34436",6,10,9,9,9,13,10,4,8,5,2,3
"CG34437",111,77,78,74,78,60,120,115,152,38,55,55
"CG34442",0,0,0,3,0,1,0,0,0,0,0,0
"CG34443",1,4,0,16,6,5,2,0,0,1,2,6
"CG34444",0,0,0,0,0,1,0,0,1,0,0,0
"CG34445",313,312,307,237,378,312,318,329,507,408,530,417
"CG34446",193,142,164,119,154,136,189,216,213,142,130,187
"CG34447",0,0,0,0,0,0,0,0,0,0,0,1
"CG34448",39,48,25,8,4,2,56,114,68,13,2,64
"CG34450",2,2,50,737,745,913,6,5,3,636,542,483
"CG34451",1,0,0,0,0,2,0,0,2,0,0,0
"CG34452",0,0,0,0,0,0,0,4,0,0,0,0
"CG34453",19,7,13,15,4,15,2,4,8,4,13,11
"CG34454",19,22,20,73,95,76,15,14,27,18,8,17
"CG34456",18,10,11,14,6,6,23,25,19,13,11,15
"CG34457",0,0,0,1,0,0,0,0,0,0,0,0
"CG34458",101,76,68,52,38,25,89,125,104,83,58,65
"CG34459",0,3,2,0,4,1,1,2,2,4,1,3
"CG34460",7,3,16,279,377,490,2,4,11,438,383,433
"CG34461",10674,5425,5737,13368,22181,21691,11623,3321,11495,12603,40568,11689
"CG34462",48,51,55,3,3,16,21,54,115,178,307,109
"CG3448",45,53,28,62,66,76,57,59,53,69,103,64
"CG3457",0,0,0,0,0,0,0,0,0,0,0,0
"CG3473",0,0,0,0,0,0,0,0,0,0,0,0
"CG3483",0,0,30,748,750,888,0,0,0,749,706,647
"CG3491",0,0,15,188,176,231,0,0,2,137,164,126
"CG3492",1,0,48,1308,1125,1391,2,2,5,1245,1138,1106
"CG3494",0,0,0,1,2,7,0,0,0,0,0,0
"CG3500",0,0,0,4,3,8,0,0,0,1,2,2
"CG3502",105,146,96,30,28,31,137,146,37,35,12,45
"CG3505",540,752,504,398,382,348,718,744,570,380,471,506
"CG3511",0,0,0,0,0,0,0,0,4,0,0,0
"CG3513",3193,3330,1817,5087,5805,3266,2940,1842,3096,2771,4982,2534
"CG3515",0,4,13,118,118,125,0,0,1,110,92,102
"CG3517",1,1,145,2872,2702,3281,1,0,1,2836,2353,2134
"CG3520",112,115,96,68,61,90,105,91,106,68,76,64
"CG3526",0,0,0,7,0,7,0,0,0,6,18,11
"CG3527",131,187,138,159,151,154,162,159,206,160,138,148
"CG3528",0,0,0,0,0,0,0,0,0,0,0,0
"CG3529",0,0,0,0,0,0,0,0,0,0,0,0
"CG3534",308,445,293,318,333,358,345,291,322,345,415,267
"CG3544",0,0,0,5,3,5,0,0,0,0,1,5
"CG3546",0,2,0,0,1,0,0,0,0,1,0,0
"CG3548",125,132,143,155,140,220,145,153,141,154,186,135
"CG3552",0,1,0,3,2,2,1,0,0,0,2,3
"CG3556",348,273,333,374,312,464,382,261,300,440,417,415
"CG3557",0,0,0,0,0,0,0,0,0,0,0,0
"CG3558",1,5,4,1,1,0,3,0,0,0,1,2
"CG3565",2,0,41,1045,1039,1207,0,3,1,879,766,679
"CG3566",19,30,31,16,24,27,36,27,35,28,39,36
"CG3568",54,32,46,126,126,158,29,25,29,98,122,96
"CG3581",0,2,71,1616,1336,1853,1,0,0,1445,1218,1059
"CG3587",138,140,87,197,177,201,108,100,107,172,131,156
"CG3588",3,5,1,0,0,2,2,4,0,0,0,0
"CG3589",237,255,208,217,249,255,288,260,304,266,315,283
"CG3592",0,0,0,23,25,61,0,0,0,11,13,15
"CG3594",67,43,42,56,38,55,81,67,59,78,74,56
"CG3597",0,0,0,0,0,0,0,0,0,0,0,0
"CG3598",0,0,3,20,19,20,0,0,0,5,4,5
"CG3603",4,3,3,1,0,0,0,0,0,0,0,0
"CG3604",3,5,3,2,0,0,0,0,1,0,1,0
"CG3609",9,2,0,7,4,10,2,5,9,14,7,6
"CG3610",0,0,21,666,677,840,0,0,0,846,655,674
"CG3611",0,0,2,16,7,22,0,0,0,11,14,7
"CG3618",0,0,0,0,0,0,0,0,0,0,0,0
"CG3625",253,253,195,179,231,221,297,274,198,195,231,213
"CG3626",498,668,586,383,428,480,530,420,465,382,459,489
"CG3630",0,0,0,0,0,0,0,0,0,0,0,0
"CG3631",0,0,0,0,0,0,0,0,0,0,0,0
"CG3632",0,6,1,3,0,0,0,0,0,3,0,0
"CG3634",9,7,15,10,10,11,5,7,12,12,1,5
"CG3635",0,0,0,0,0,0,0,0,0,0,0,0
"CG3638",15,11,18,31,18,39,10,13,6,20,18,15
"CG3640",4,4,2,2,3,0,0,0,6,38,4,25
"CG3649",128,94,102,145,180,203,69,70,181,111,283,119
"CG3650",0,0,0,0,0,0,0,3,0,0,0,4
"CG3651",0,0,0,0,0,0,0,0,0,0,0,0
"CG3652",186,201,185,249,264,257,243,189,169,207,276,245
"CG3655",20,22,16,18,18,17,9,11,12,11,9,11
"CG3662",24,24,24,19,24,42,57,31,32,29,27,22
"CG3663",225,231,167,120,140,134,288,246,247,152,185,151
"CG3679",0,0,0,0,0,0,0,0,0,0,0,0
"CG3687",5,0,25,813,889,1103,1,0,3,692,618,586
"CG3690",15,7,14,2,3,2,11,3,3,2,1,2
"CG3698",1,0,9,290,220,202,0,0,0,159,162,138
"CG3699",930,1084,715,755,798,630,885,672,734,754,860,592
"CG3700",483,448,432,415,424,392,331,513,540,453,522,355
"CG3702",0,0,0,0,0,0,0,0,0,0,0,0
"CG3703",114,169,170,199,132,253,130,140,108,212,168,172
"CG3704",220,257,164,144,96,146,184,145,175,126,144,145
"CG3706",78,96,49,15,33,4,18,44,25,28,27,11
"CG3708",1,3,3,214,211,287,0,1,0,179,123,116
"CG3713",1,4,5,10,18,6,18,13,5,15,2,9
"CG3719",447,478,458,368,354,419,501,630,441,460,431,401
"CG3726",4,6,3,3,5,7,8,12,11,11,5,2
"CG3732",282,266,217,308,260,318,243,221,296,280,342,222
"CG3734",0,0,0,0,3,4,0,0,0,0,0,0
"CG3735",2,5,8,5,3,8,1,1,0,3,7,5
"CG3739",103,5,62,4,2,0,280,32,12,0,3,66
"CG3740",477,516,461,311,363,365,372,409,304,341,262,301
"CG3744",0,0,0,0,0,0,0,0,0,0,0,0
"CG3746",0,3,1,0,0,0,0,1,1,0,0,0
"CG3748",0,0,0,8,9,30,0,0,0,14,18,13
"CG3760",0,0,0,0,0,0,0,0,0,0,0,0
"CG3764",17,33,46,27,11,11,17,13,13,5,11,17
"CG3769",8,9,8,5,11,10,7,8,14,10,6,13
"CG3770",53,60,54,31,40,45,40,52,56,38,44,51
"CG3776",3,0,0,0,2,6,0,0,1,1,2,0
"CG3777",27,18,18,10,17,25,26,30,28,23,25,27
"CG3788",6,6,4,1,3,0,1,1,2,1,4,1
"CG3792",257,253,222,375,319,287,233,229,306,314,376,304
"CG3793",0,0,0,0,0,0,0,0,0,0,0,0
"CG3795",0,0,0,1,2,9,0,0,0,5,3,7
"CG3803",425,398,346,457,406,502,425,339,402,471,542,384
"CG3808",87,115,77,60,66,79,117,96,96,70,80,62
"CG3815",85,151,101,165,151,240,81,72,66,126,156,119
"CG3817",76,69,69,40,99,85,89,85,90,94,81,49
"CG3819",0,0,0,0,0,0,0,0,0,0,0,0
"CG3823",293,273,237,88,166,145,171,172,409,146,266,156
"CG3829",508,1258,352,392,341,379,1082,1038,488,415,507,375
"CG3841",0,0,0,0,0,1,0,0,0,1,0,0
"CG3842",4,0,0,1,3,0,1,0,1,1,2,0
"CG3847",357,429,388,255,285,303,541,487,368,339,369,370
"CG3857",62,47,50,79,53,59,58,84,54,51,80,57
"CG3860",0,0,0,0,0,0,0,0,0,0,0,0
"CG3862",216,186,187,134,157,244,166,142,167,184,181,149
"CG3868",709,852,657,401,424,125,451,429,350,235,474,93
"CG3880",78,49,64,117,142,133,36,38,84,71,134,78
"CG3894",207,232,232,520,468,544,166,195,214,433,459,411
"CG3902",1566,1722,1227,955,1261,1130,1425,1279,1375,1309,1664,1179
"CG3906",43,89,33,2,1,2,110,72,19,3,1,2
"CG3907",0,3,0,0,0,0,0,0,0,0,1,0
"CG3909",215,223,232,344,333,381,226,193,250,351,353,292
"CG3916",30,30,29,6,0,4,34,23,22,9,2,17
"CG3918",196,257,217,187,185,223,221,252,246,201,220,215
"CG3919",0,0,0,0,0,0,0,0,0,0,0,0
"CG3927",14,10,38,394,378,400,22,20,4,462,403,393
"CG3939",1,0,2,12,8,9,0,0,1,3,8,5
"CG3942",1,1,35,1142,1095,1500,0,0,0,846,788,814
"CG3955",196,196,224,374,363,401,250,260,303,476,486,400
"CG3961",6,3,2,7,8,14,11,3,2,12,7,2
"CG3982",20,13,252,6908,5922,7671,10,14,13,4663,4131,3940
"CG3984",0,0,0,0,0,0,0,0,0,0,0,0
"CG3987",229,299,206,41,57,19,486,370,247,90,129,87
"CG3999",0,0,0,0,1,0,0,0,1,0,0,0
"CG4000",597,759,683,256,318,346,550,879,495,368,280,501
"CG40006",1409,2790,2076,196,145,134,2381,2600,410,134,166,314
"CG4004",19,37,42,22,12,25,25,16,20,26,30,18
"CG40045",37,39,46,67,35,38,50,35,29,26,36,38
"CG4009",0,0,0,0,0,0,0,0,0,0,0,0
"CG40160",312,416,388,249,257,305,318,349,449,215,268,239
"CG4017",339,378,319,198,202,271,245,314,628,440,430,415
"CG40191",68,77,71,56,85,89,113,96,118,77,115,80
"CG40198",61,76,50,25,23,51,86,63,104,28,25,26
"CG4020",0,3,2,1,3,1,2,5,0,1,0,1
"CG4021",0,0,37,549,618,683,0,0,0,496,546,475
"CG4022",104,82,91,116,119,172,86,99,101,84,141,75
"CG40228",39,53,50,77,38,81,60,51,88,56,64,46
"CG4025",170,201,175,172,188,205,171,173,206,170,278,211
"CG40298",175,177,180,110,145,121,265,312,340,293,263,269
"CG4036",0,0,0,0,0,0,0,0,0,0,0,0
"CG4041",267,278,289,212,232,244,244,246,245,237,255,199
"CG4042",0,0,0,0,1,3,0,0,1,0,2,1
"CG40439",0,0,0,0,0,0,0,0,0,0,0,0
"CG4045",125,148,98,115,106,97,114,104,94,118,155,99
"CG40470",214,265,205,384,326,436,237,219,286,265,327,321
"CG40472",81,96,69,81,96,99,143,159,144,91,109,90
"CG40485",77,63,100,15,12,28,11,28,29,41,40,14
"CG40486",0,0,0,0,0,0,0,0,0,0,0,0
"CG4049",214,266,250,266,249,401,187,186,204,229,257,228
"CG40498",56,42,56,34,21,73,33,19,26,23,32,47
"CG4053",4,7,1,2,1,1,4,3,0,0,0,0
"CG40635",0,0,0,0,0,4,0,0,0,0,1,2
"CG4066",0,3,0,0,3,7,1,2,4,2,3,1
"CG4069",124,136,100,147,150,155,125,91,95,149,146,145
"CG4073",0,0,19,367,275,377,1,0,0,333,270,285
"CG4074",0,0,0,0,0,1,1,0,0,2,2,2
"CG4080",36,44,56,51,65,55,56,72,47,40,48,57
"CG40813",0,0,0,0,2,7,0,0,0,1,3,1
"CG4098",28,17,18,32,21,40,27,43,20,48,30,21
"CG4101",0,0,0,0,0,1,0,0,0,0,0,0
"CG41099",7,11,3,13,2,5,9,12,23,7,14,14
"CG41128",1232,1158,903,1018,1435,1114,1665,1564,1921,846,1550,1237
"CG4115",7783,6603,4451,5193,5521,6562,7119,3287,5522,4230,7579,4609
"CG4116",0,0,0,0,0,0,0,0,0,0,0,0
"CG4119",0,4,0,1,0,7,1,2,1,1,1,3
"CG41242",0,1,0,0,0,1,0,0,0,0,0,0
"CG41284",3,0,4,4,6,1,3,0,2,5,1,8
"CG4133",0,0,0,0,0,0,0,0,0,0,0,0
"CG41378",0,0,0,0,4,3,0,0,1,0,2,0
"CG4151",0,0,0,0,0,0,0,0,2,0,0,0
"CG41520",14,0,11,178,149,210,7,5,6,60,78,62
"CG41561",0,0,8,204,284,333,0,0,0,278,204,217
"CG41562",0,0,0,49,14,8,0,0,0,14,14,7
"CG4161",0,0,0,5,0,5,0,0,0,0,2,1
"CG4168",6,6,0,6,12,0,2,5,6,6,6,5
"CG4174",0,0,0,0,0,0,0,0,0,0,0,0
"CG4186",0,0,0,0,0,0,0,0,0,0,0,0
"CG4194",12,16,22,16,11,23,13,20,15,10,11,12
"CG4198",0,0,0,0,0,0,0,0,0,0,0,0
"CG4199",7,10,8,11,9,10,9,11,12,4,8,5
"CG4210",127,205,153,122,179,129,164,167,194,120,145,143
"CG4213",0,0,0,3,0,0,0,0,0,0,0,0
"CG4218",0,0,0,19,11,10,0,0,0,13,6,10
"CG42232",227,290,268,954,927,1192,232,235,189,898,871,696
"CG42233",100,99,94,117,116,129,86,82,90,99,113,98
"CG42237",0,0,3,0,0,0,0,1,0,0,0,0
"CG42238",1,1,8,7,2,0,1,3,1,0,0,1
"CG42239",138,126,119,202,202,240,223,180,180,116,165,148
"CG42240",50,33,49,44,70,46,76,59,70,56,46,42
"CG42245",0,0,0,0,0,0,0,0,0,0,0,0
"CG42246",13,11,31,3,1,2,14,22,15,8,6,8
"CG42249",111,129,112,54,55,66,119,147,85,67,65,67
"CG42258",110,69,89,51,57,66,73,97,57,93,102,57
"CG42259",116,121,103,56,60,62,72,57,72,91,97,95
"CG42260",59,76,66,93,88,109,75,45,34,88,94,40
"CG42263",0,0,33,537,575,626,0,0,0,349,337,344
"CG42264",0,0,0,0,0,0,0,0,2,0,0,0
"CG42266",3,3,26,528,448,610,2,3,1,476,415,439
"CG42268",46,52,55,71,55,71,49,31,49,51,60,64
"CG42269",489,753,582,230,330,342,429,641,552,362,679,413
"CG42271",197,168,205,212,176,192,184,176,144,208,199,176
"CG42272",14,9,21,51,49,65,9,20,11,8,33,16
"CG42284",15,2,8,2,6,8,7,12,1,4,6,8
"CG42287",0,0,12,167,176,195,0,2,3,99,75,113
"CG42288",0,0,0,0,0,0,0,0,0,0,0,0
"CG4229",0,0,0,1,1,6,1,0,0,1,0,0
"CG42296",5,5,4,12,4,15,3,6,1,3,13,0
"CG42299",3,0,3,60,73,50,0,0,0,37,49,45
"CG4230",0,0,0,2,10,22,1,0,1,1,3,11
"CG42300",0,0,3,59,54,64,1,0,1,59,48,65
"CG42302",0,0,7,120,116,154,0,0,1,87,59,73
"CG42304",0,0,0,0,0,0,0,0,0,0,0,0
"CG42305",0,0,0,0,0,0,0,0,0,0,0,0
"CG42306",0,0,0,0,0,0,0,0,0,0,0,0
"CG42307",0,0,0,0,0,0,0,0,0,0,0,0
"CG42319",0,0,0,0,1,0,2,2,0,0,0,1
"CG42322",15,14,21,15,10,19,16,9,17,17,13,19
"CG42323",1007,1098,1293,365,418,479,363,692,864,685,796,599
"CG42324",0,0,0,0,0,0,0,0,0,0,0,0
"CG42326",204,163,101,122,114,275,168,30,131,155,151,110
"CG42327",725,896,733,549,607,724,898,806,545,569,748,585
"CG42329",19,14,19,29,17,35,4,8,2,11,7,12
"CG42331",6,1,5,0,2,4,4,0,7,11,12,12
"CG42335",23,39,33,10,8,3,151,65,27,11,14,18
"CG42336",11,11,3,1,5,9,13,14,9,9,2,8
"CG42337",118,104,135,119,89,139,132,122,118,149,74,128
"CG42340",28,22,29,39,24,61,29,11,28,20,44,26
"CG42342",0,0,0,0,0,0,0,0,0,0,0,0
"CG42346",53,61,56,104,74,103,69,41,38,77,75,37
"CG42353",0,0,0,0,0,0,0,0,0,0,0,0
"CG42354",0,0,0,0,0,0,0,0,0,1,0,0
"CG42355",0,0,0,0,0,0,0,0,0,0,0,0
"CG42359",67,68,62,73,77,67,97,90,91,79,114,91
"CG42360",187,140,167,675,695,760,151,164,168,476,430,401
"CG42361",224,231,227,327,258,276,193,128,252,266,269,207
"CG42362",0,0,0,0,0,0,0,0,0,0,0,0
"CG42363",0,0,0,0,0,0,0,0,0,0,0,0
"CG42364",0,2,6,45,27,37,2,1,2,35,35,35
"CG42365",128,149,99,172,150,194,122,152,184,181,249,137
"CG42366",0,0,0,0,2,0,1,1,1,1,1,0
"CG42367",3,11,5,5,22,8,4,4,2,2,0,3
"CG42369",2332,2752,1521,2125,2413,1484,1857,2369,2889,2602,3570,1801
"CG42371",0,0,0,0,0,0,0,0,0,0,0,0
"CG42372",0,0,0,0,0,0,0,0,0,0,0,0
"CG42374",0,0,0,0,0,0,0,0,0,0,0,0
"CG42375",0,0,0,0,0,0,0,0,0,0,0,0
"CG42376",0,0,0,0,0,0,0,0,0,0,0,0
"CG42379",0,0,0,0,0,0,0,0,0,0,0,0
"CG4238",2,0,0,0,0,0,0,0,0,0,0,0
"CG42380",0,0,0,0,0,0,0,0,0,0,0,0
"CG42381",0,0,0,0,0,0,0,0,0,0,0,0
"CG42382",0,0,0,0,0,0,0,0,0,0,0,0
"CG42383",4,3,25,597,569,692,6,1,1,564,506,499
"CG4239",9,6,5,2,6,3,7,2,2,0,0,6
"CG42390",5,4,0,9,0,5,9,11,5,2,9,10
"CG42391",0,1,0,85,120,108,2,1,0,58,44,47
"CG42392",13,19,8,6,6,12,17,16,2,13,5,15
"CG42393",73,23,342,5695,5071,6284,87,23,12,4392,3765,3902
"CG42394",0,0,0,0,0,0,0,0,0,0,0,0
"CG42395",4,4,13,125,127,147,11,13,9,65,81,49
"CG42397",611,577,328,555,634,135,901,170,155,190,1103,111
"CG42399",0,0,0,0,0,0,0,0,0,0,2,0
"CG42402",7,4,4,5,3,6,3,2,7,3,4,3
"CG42404",0,0,0,0,0,0,0,0,0,0,0,0
"CG42445",0,1,3,3,1,0,3,0,0,5,3,1
"CG42446",0,0,18,478,413,602,0,0,1,314,255,375
"CG42449",0,0,0,0,0,0,0,0,0,0,0,0
"CG42450",335,358,429,492,316,594,603,375,338,603,474,480
"CG42455",0,0,0,0,0,0,0,0,0,0,0,0
"CG42458",127,163,113,147,172,186,179,117,125,135,135,127
"CG42460",0,0,0,0,0,0,0,0,0,0,0,0
"CG42464",13,6,6,10,7,3,4,3,21,5,7,5
"CG42465",0,0,1,0,2,0,0,0,2,8,1,11
"CG42467",0,0,1,0,3,2,0,1,1,19,7,16
"CG42470",0,0,0,7,0,0,0,0,0,8,1,14
"CG42471",0,0,0,0,1,0,0,0,0,10,0,14
"CG42481",0,0,0,0,0,0,0,0,0,0,0,0
"CG42486",0,1,1,1,1,1,1,1,0,0,0,0
"CG42487",0,0,0,0,0,0,0,0,0,0,0,0
"CG42488",0,0,0,0,0,0,0,0,0,0,0,0
"CG42489",6,7,11,7,13,8,4,4,2,3,1,5
"CG42493",1,0,12,318,343,396,1,0,0,135,170,149
"CG42494",0,0,0,0,0,0,0,0,1,0,0,0
"CG42495",96,80,81,73,97,121,86,70,83,93,84,92
"CG42496",0,0,0,0,0,0,0,0,0,0,0,0
"CG42497",0,0,0,0,0,0,0,0,0,0,0,0
"CG4250",0,0,0,0,0,0,0,0,0,0,0,0
"CG42500",0,0,3,1,2,0,0,0,0,1,0,0
"CG42502",0,0,0,0,0,0,0,0,0,0,0,0
"CG42504",0,0,0,0,0,0,0,0,0,0,0,0
"CG42505",0,0,0,0,0,0,0,0,0,0,0,0
"CG42507",0,0,0,0,0,0,0,0,0,0,0,0
"CG42512",0,0,0,0,0,0,0,0,0,0,0,0
"CG42514",45,31,29,23,31,33,39,44,34,25,22,35
"CG42516",0,0,0,0,0,0,0,0,0,0,0,0
"CG42518",0,0,0,0,0,2,0,0,0,0,0,0
"CG42521",0,0,0,0,4,7,0,0,1,0,3,0
"CG42523",0,0,0,3,5,4,0,0,0,0,1,0
"CG42524",4,0,0,0,0,0,0,2,1,0,1,0
"CG42525",0,0,0,0,0,0,0,0,0,0,1,0
"CG42526",45,44,35,31,38,25,43,44,46,52,49,28
"CG42529",0,0,0,2,1,1,0,0,0,4,0,2
"CG42531",0,0,0,0,0,0,0,0,0,0,0,0
"CG42534",25,33,24,37,31,38,26,29,43,32,48,33
"CG42535",3,0,15,190,213,198,0,0,0,117,120,143
"CG42536",0,0,15,375,389,312,0,0,0,251,233,254
"CG42537",0,0,0,0,0,0,0,0,0,0,0,0
"CG42538",0,0,0,0,2,1,0,0,0,0,0,0
"CG42540",0,0,0,0,0,0,0,0,0,0,0,0
"CG42541",18,10,20,29,24,22,8,8,13,19,24,15
"CG42542",12,19,15,6,5,25,4,8,6,9,11,4
"CG42544",0,0,0,0,0,0,0,0,0,1,0,1
"CG42553",968,1032,1010,1384,1333,1523,838,814,591,1047,1098,1092
"CG42554",33,56,68,296,292,291,61,68,53,245,195,205
"CG42556",5,3,76,1565,1490,1808,5,1,5,1461,1267,1142
"CG42557",0,0,0,0,0,0,0,0,0,0,0,0
"CG42558",0,0,0,0,0,0,0,0,0,0,0,0
"CG42559",0,0,0,0,0,0,0,0,0,0,0,0
"CG42560",0,0,0,0,0,0,0,0,0,0,0,0
"CG42561",15,14,21,32,49,24,20,22,18,7,33,22
"CG42562",16,19,30,13,7,17,37,37,28,25,40,29
"CG42564",9,11,12,34,20,46,4,9,9,185,172,161
"CG42565",0,0,0,0,0,0,0,0,0,0,0,0
"CG42566",13,10,12,1,4,3,7,11,7,1,2,2
"CG42568",0,0,0,0,0,0,0,0,0,0,0,0
"CG42570",0,0,0,0,0,0,0,0,0,0,0,0
"CG42571",0,6,6,92,119,112,3,1,2,56,43,56
"CG42577",0,0,3,9,10,7,1,0,0,4,5,7
"CG42578",0,1,1,2,4,11,0,0,1,0,9,4
"CG42579",0,0,0,2,15,5,0,0,0,3,2,2
"CG42580",0,0,2,22,35,36,0,0,0,11,19,17
"CG42581",11,3,18,44,21,21,22,7,3,22,19,23
"CG42583",0,0,0,0,2,1,0,0,0,0,0,0
"CG42585",0,0,1,80,78,115,0,0,0,58,58,60
"CG42586",0,1,0,0,0,0,0,0,0,0,0,0
"CG42587",41,35,29,23,27,38,31,42,36,28,27,34
"CG42588",0,0,0,0,0,0,0,0,0,0,0,0
"CG4259",41,36,23,54,63,40,81,67,79,53,56,54
"CG42590",1,0,8,144,169,198,0,0,0,83,88,72
"CG42591",2,0,0,21,14,12,1,0,0,12,14,12
"CG42592",0,0,4,61,56,65,0,0,0,43,44,38
"CG42594",8,2,0,1,0,10,0,0,1,6,1,2
"CG42597",1,0,10,407,455,528,0,0,0,283,253,293
"CG42598",42,48,49,74,88,85,30,23,39,23,50,41
"CG42613",680,564,652,974,727,1080,814,540,602,1120,989,761
"CG42615",0,0,8,181,196,225,0,0,0,115,113,106
"CG42633",9,8,4,8,14,19,9,8,19,9,16,15
"CG42634",0,0,0,0,0,0,0,0,0,0,0,0
"CG42635",0,0,0,0,0,0,0,0,0,0,0,0
"CG42637",0,0,0,0,0,0,0,0,0,0,0,0
"CG42638",13,14,8,8,2,4,8,13,10,11,9,6
"CG42649",0,0,0,0,0,0,0,2,0,0,0,0
"CG42650",0,0,20,532,588,681,0,0,0,175,142,154
"CG42654",0,0,0,0,0,0,0,0,0,0,0,0
"CG42655",0,0,0,82,74,90,0,0,0,65,49,48
"CG42656",15,7,6,9,10,9,12,17,3,7,10,6
"CG42659",0,0,32,788,894,1061,2,0,2,479,514,511
"CG42660",0,0,0,0,0,0,0,0,0,0,0,0
"CG42661",0,0,0,0,0,0,0,0,0,0,0,0
"CG42662",0,0,0,0,0,0,0,0,0,0,0,0
"CG42663",0,0,0,0,0,0,0,0,0,0,0,0
"CG4267",18,30,5,4,9,1,18,28,3,3,3,6
"CG42671",60,57,47,24,24,30,38,32,46,39,43,25
"CG42673",175,208,240,175,181,216,190,218,196,160,195,231
"CG42674",1,0,0,4,3,6,0,0,0,7,0,0
"CG42675",30,62,33,33,32,37,42,57,58,32,27,38
"CG42676",0,0,0,4,1,1,0,0,2,0,0,0
"CG42680",2,1,0,3,5,0,24,25,38,1,3,38
"CG42681",5,4,1,8,13,15,17,13,11,8,26,22
"CG42682",0,0,0,2,0,0,0,0,0,24,3,11
"CG42685",1,3,6,137,101,151,2,0,0,94,100,95
"CG42688",0,0,1,15,17,22,0,0,0,10,3,10
"CG4269",24,9,15,25,22,21,14,16,12,20,11,7
"CG42690",0,0,0,0,0,0,0,0,0,0,0,0
"CG42691",0,0,0,3,1,2,0,0,0,5,6,11
"CG42692",0,0,0,0,0,0,0,0,0,0,0,0
"CG42693",0,0,2,69,63,74,3,0,1,31,24,32
"CG42694",11,3,1,12,2,5,6,6,8,3,7,8
"CG42697",1,0,6,230,220,278,0,0,0,222,199,166
"CG42699",131,139,152,311,308,403,182,109,107,267,258,282
"CG4270",0,0,2,1,0,1,0,0,0,1,0,0
"CG42700",6,10,7,3,5,3,6,6,2,4,4,5
"CG42703",0,0,2,231,251,306,0,0,0,189,158,154
"CG42704",16,3,2,2,0,0,2,2,0,1,1,0
"CG42705",0,1,0,0,0,0,0,0,0,0,0,0
"CG42709",13,23,22,22,25,23,25,18,23,14,17,17
"CG4271",0,0,0,0,0,0,0,0,0,34,3,34
"CG42710",0,1,20,510,553,603,0,0,0,319,320,247
"CG42711",168,241,88,152,190,105,247,217,293,140,180,120
"CG42713",0,0,1,0,0,0,0,0,0,1,0,0
"CG42714",6,19,19,57,79,69,20,9,13,22,16,15
"CG42716",0,0,0,0,0,2,2,0,0,1,0,4
"CG42717",0,0,0,0,0,0,0,0,1,0,0,2
"CG42718",0,0,0,0,0,0,0,0,0,0,0,1
"CG42724",59,88,88,63,72,84,71,61,81,97,78,96
"CG42726",0,0,0,0,0,0,0,0,0,0,0,0
"CG42727",0,0,0,0,0,0,0,0,0,0,0,0
"CG42728",0,3,0,8,4,2,5,1,3,7,5,1
"CG42729",19,15,25,5,17,9,23,25,15,5,9,3
"CG42733",0,0,0,0,0,0,0,0,0,0,0,0
"CG42740",0,0,0,0,0,0,0,0,0,0,0,0
"CG42741",53,34,19,35,27,57,38,24,40,22,57,52
"CG42747",169,152,198,104,146,175,156,104,138,92,163,138
"CG42748",19,38,43,32,43,32,8,20,24,30,11,17
"CG42749",16,9,21,2,1,8,19,17,16,11,5,8
"CG42750",21,26,34,36,15,52,12,13,28,43,26,30
"CG42751",32,36,39,27,29,40,21,15,31,15,26,24
"CG42752",1,1,12,305,317,321,0,0,0,158,141,132
"CG42753",1,7,14,190,183,255,3,4,2,140,123,145
"CG42758",0,0,33,572,517,641,0,0,3,479,406,357
"CG42759",424,438,447,284,330,332,683,690,492,268,275,405
"CG42762",2,0,1,1,0,7,5,1,0,0,1,7
"CG42763",259,203,211,220,350,278,410,383,536,393,394,290
"CG42764",0,0,2,0,0,0,0,0,0,1,0,0
"CG42766",0,0,0,0,0,0,0,0,0,0,0,0
"CG42779",0,0,0,0,0,0,0,0,0,0,0,0
"CG4278",159,203,145,130,150,151,160,156,183,154,179,139
"CG42780",0,0,0,0,0,0,0,0,0,0,0,0
"CG42781",0,0,0,14,13,26,0,0,0,1,2,1
"CG42782",0,0,0,0,0,0,0,0,0,0,0,0
"CG42784",59,63,80,73,49,90,61,43,50,101,80,76
"CG42788",0,0,0,0,0,0,0,0,0,0,0,0
"CG42789",0,0,0,0,0,0,0,0,0,0,0,0
"CG42792",0,0,0,0,0,0,4,0,3,2,0,3
"CG42795",17,19,9,7,5,19,16,8,6,15,20,12
"CG42798",0,0,0,2,4,0,0,0,0,0,0,1
"CG42806",176,182,139,232,284,319,185,135,178,206,324,190
"CG42807",0,4,6,0,2,1,4,3,1,1,0,0
"CG42808",705,999,773,99,83,78,1131,1078,170,73,74,178
"CG42809",1,1,0,2,0,0,0,1,0,0,0,0
"CG4281",259,406,340,301,250,330,284,282,291,308,312,297
"CG42810",0,0,8,275,334,352,1,0,1,216,203,219
"CG42811",6,4,4,2,0,1,6,10,2,2,14,5
"CG42812",0,2,0,0,1,2,0,0,0,0,0,0
"CG42813",5,11,3,2,8,26,2,18,7,6,20,11
"CG42814",0,1,1,146,166,172,0,0,0,99,99,98
"CG42815",0,0,0,0,0,1,0,0,0,0,1,0
"CG42816",4,0,23,400,380,552,0,1,0,282,259,257
"CG42818",0,1,1,0,1,0,0,0,0,2,6,3
"CG42819",42,114,75,10,1,4,98,176,292,69,5,64
"CG4282",145,113,107,127,110,136,137,106,108,79,112,98
"CG42820",3,0,128,2792,2659,3402,0,0,0,2329,1762,1955
"CG42821",0,0,2,1,0,3,1,0,2,0,2,1
"CG42822",2,5,2,4,2,2,6,3,6,0,6,4
"CG42823",0,0,2,0,0,3,0,2,0,0,2,1
"CG42824",0,0,0,2,0,5,0,3,2,6,5,11
"CG42826",1,0,0,1,0,0,0,0,0,2,1,2
"CG42827",2,5,4,1,3,6,8,3,13,12,6,3
"CG42828",0,1,0,3,5,11,1,1,2,24,9,16
"CG42830",0,0,11,413,456,338,0,0,0,373,285,296
"CG42831",0,0,4,77,65,99,0,2,0,30,31,33
"CG42832",0,0,0,0,0,0,0,0,0,0,0,0
"CG42833",91,69,63,53,55,55,119,65,79,48,58,51
"CG42834",0,0,0,0,3,1,0,0,0,3,0,6
"CG42835",0,0,0,0,0,0,0,0,0,0,0,0
"CG42837",0,0,0,0,0,0,0,0,0,0,0,0
"CG42841",0,0,1,9,7,18,0,0,0,9,5,7
"CG42846",179,214,214,276,272,249,242,234,157,203,179,219
"CG42847",67,75,139,1404,1447,1878,49,44,62,1067,957,1070
"CG42851",0,0,7,237,240,271,0,0,0,195,170,146
"CG42852",2,0,8,0,0,0,0,0,0,31,5,56
"CG42853",6,0,54,1594,1506,1820,0,0,4,1191,1030,1079
"CG42854",2,0,0,45,62,66,1,0,1,28,44,41
"CG42855",0,0,28,809,912,1220,0,0,0,920,705,762
"CG42857",0,1,1,32,35,41,0,1,0,26,42,37
"CG4286",9,8,48,1070,971,1082,7,3,10,873,829,701
"CG42866",3,1,0,0,0,1,0,1,1,11,4,6
"CG42867",16,9,11,33,26,10,45,18,28,17,24,27
"CG42869",1,1,0,0,0,0,2,0,4,8,0,3
"CG4287",0,0,0,0,0,0,0,0,0,0,0,0
"CG42870",33,17,21,12,29,22,30,22,29,29,12,33
"CG42876",13,12,4,10,13,9,17,22,44,48,39,21
"CG42878",0,0,0,1,0,0,0,0,0,1,0,2
"CG4291",0,0,0,0,0,0,0,0,0,0,0,0
"CG4293",2,0,2,3,2,0,0,0,0,0,0,4
"CG4294",8,12,18,10,12,5,4,12,14,12,16,13
"CG4297",3,14,13,3,9,9,14,16,8,13,16,13
"CG4301",7,12,4,3,12,4,21,22,14,10,10,6
"CG43049",0,0,0,0,0,0,0,0,0,0,0,0
"CG43050",5,1,2,133,144,148,0,3,2,106,61,141
"CG43051",113,110,110,84,103,79,83,93,136,127,134,93
"CG43052",1,0,14,172,140,190,0,0,0,72,63,76
"CG43054",0,0,9,107,127,103,0,0,0,55,61,35
"CG43055",0,0,0,0,0,1,0,0,0,0,0,6
"CG43056",0,0,0,1,0,0,0,0,0,7,0,10
"CG43057",0,0,0,0,0,0,0,0,0,0,0,0
"CG43058",1,0,1,133,151,143,0,0,0,72,60,72
"CG43059",5,0,8,272,283,317,3,0,5,120,128,121
"CG4306",692,882,479,859,1011,801,532,536,853,782,963,623
"CG43060",108,103,81,124,80,118,40,36,43,45,92,62
"CG43061",11,9,11,17,14,8,9,0,10,6,6,15
"CG43062",1,12,17,152,133,147,0,4,5,75,60,94
"CG43063",0,0,2,0,0,0,0,0,0,2,0,5
"CG43064",2,6,3,11,13,6,27,16,33,1,8,19
"CG43066",298,341,394,273,232,400,410,261,287,376,378,399
"CG43068",4,1,11,352,358,420,5,1,0,206,159,152
"CG43069",0,0,11,232,299,283,1,0,0,158,128,159
"CG43070",0,0,0,0,0,0,0,0,0,0,0,0
"CG43071",11,13,16,15,7,4,4,5,17,7,7,6
"CG43072",0,0,5,156,137,176,0,0,3,93,62,80
"CG43074",189,216,39,12,8,19,247,319,42,2,5,8
"CG43075",6,0,19,523,508,489,0,0,0,277,269,304
"CG43076",0,0,10,350,362,383,0,0,0,177,199,181
"CG43077",0,0,22,783,690,728,1,0,2,375,358,394
"CG43078",333,575,444,405,366,577,469,399,194,414,489,305
"CG43082",0,0,0,0,1,0,0,0,0,0,1,0
"CG43083",7,2,23,5,10,13,2,5,12,5,20,6
"CG43084",0,0,0,0,0,0,0,0,0,0,0,0
"CG43085",0,0,2,6,3,6,0,0,0,0,0,1
"CG43088",0,0,1,20,35,19,0,0,0,19,13,13
"CG43089",0,0,0,0,0,0,0,0,0,0,0,0
"CG43090",0,0,0,0,0,0,0,0,0,0,0,0
"CG43091",37,39,29,15,16,15,77,115,83,44,27,63
"CG43092",164,181,198,37,38,38,217,254,120,52,41,189
"CG43093",24,37,34,3,7,4,37,56,43,37,14,55
"CG43094",3,5,0,3,0,1,3,4,2,0,0,3
"CG43095",4,3,1,2,2,10,9,1,12,3,3,5
"CG43098",0,0,3,131,119,147,0,0,2,115,130,72
"CG43101",0,0,0,0,0,0,0,0,0,0,0,0
"CG43102",19,19,27,22,11,33,32,14,14,21,21,34
"CG43103",68,88,77,95,67,49,88,77,84,72,67,113
"CG43106",0,0,11,364,287,315,0,0,0,116,130,107
"CG43107",0,5,0,1,3,4,1,2,6,4,1,4
"CG43108",1,1,26,417,547,563,0,0,0,432,370,385
"CG43109",0,1,3,0,0,0,4,1,1,1,0,0
"CG43110",20,26,20,13,16,37,5,21,9,14,18,27
"CG43111",0,0,2,1,1,0,0,0,0,29,11,29
"CG43112",7,1,2,0,0,0,0,1,0,0,0,1
"CG43114",0,0,0,0,0,0,0,0,0,0,0,0
"CG43115",0,1,7,165,169,199,1,0,0,80,71,76
"CG43116",0,0,0,1,1,0,0,0,1,1,0,0
"CG43117",17,2,2,3,9,3,0,0,0,0,2,0
"CG43120",29,65,28,83,70,37,89,47,33,139,179,104
"CG43121",0,0,19,497,630,707,0,0,0,393,379,364
"CG43123",0,1,0,10,2,4,0,0,0,54,9,48
"CG43124",69,85,72,55,26,17,34,24,24,18,15,13
"CG43125",32,40,36,16,10,14,19,12,10,4,3,3
"CG43127",0,0,0,0,0,0,0,0,0,0,0,0
"CG4313",5,12,2,6,9,5,10,15,2,3,10,3
"CG43131",14,8,19,14,21,24,19,14,22,5,19,16
"CG43133",651,530,568,454,469,375,604,629,992,221,287,366
"CG43134",0,0,0,0,0,0,0,0,0,0,0,0
"CG43135",0,0,0,0,3,1,0,0,0,0,0,0
"CG43136",1,0,8,163,130,183,0,0,0,72,68,84
"CG43137",0,0,1,65,74,114,0,0,0,35,35,28
"CG43138",0,0,4,133,150,183,0,0,0,73,80,84
"CG43139",0,0,0,0,0,0,0,0,0,0,0,0
"CG43145",0,1,0,3,0,1,4,3,0,3,3,10
"CG43147",0,0,0,0,0,0,0,0,0,0,0,0
"CG43149",73,84,103,45,64,74,138,154,170,146,173,141
"CG43153",4,0,0,3,0,0,0,1,3,1,0,0
"CG43155",37,24,19,22,32,27,27,19,31,20,41,24
"CG43156",3,5,18,6,3,14,15,12,8,7,7,6
"CG43163",0,0,0,0,0,0,0,0,0,0,0,0
"CG43165",30,40,43,12,7,9,40,45,28,4,8,15
"CG43167",0,0,4,65,69,82,0,0,0,32,66,47
"CG43168",2,1,15,396,362,460,0,3,0,499,421,392
"CG43169",2,3,9,346,400,459,4,1,1,206,200,218
"CG43171",0,0,0,0,0,0,0,0,0,0,0,0
"CG43172",0,0,0,0,0,0,0,0,0,0,0,0
"CG43175",0,0,1,4,13,4,0,0,0,1,3,0
"CG43178",0,0,0,0,0,0,0,0,0,0,0,0
"CG43179",94,93,91,128,169,163,50,63,73,83,125,75
"CG4318",2,0,3,93,52,125,1,1,3,56,74,71
"CG43181",1,8,7,15,10,3,7,8,7,8,10,10
"CG43182",0,0,0,0,0,0,0,1,0,0,2,0
"CG43183",1,4,15,414,389,471,4,1,1,297,210,215
"CG43184",0,5,1,4,7,10,3,0,5,2,2,1
"CG43185",0,0,0,0,0,0,0,0,0,0,0,0
"CG43187",0,0,4,6,4,8,2,1,0,8,3,9
"CG43188",0,1,1,43,22,49,0,2,0,22,21,16
"CG43190",0,0,0,0,0,0,0,0,0,0,0,0
"CG43191",3,7,2,6,4,1,6,1,1,1,5,0
"CG43192",0,0,2,54,54,70,2,0,0,28,20,29
"CG43195",0,0,0,0,0,0,0,0,0,0,0,0
"CG43198",0,0,0,31,15,29,0,0,0,6,13,9
"CG43200",0,0,0,0,0,0,0,0,0,0,0,0
"CG43201",0,0,0,0,0,0,0,0,0,0,0,0
"CG43203",0,0,4,112,129,150,0,0,0,52,54,46
"CG43204",0,2,1,6,7,19,4,0,2,4,3,7
"CG43207",0,3,5,2,4,8,2,3,0,14,4,23
"CG43208",0,0,0,0,0,0,0,4,0,0,0,0
"CG43209",1,2,2,201,253,267,0,0,0,117,132,201
"CG43210",0,0,0,0,0,0,0,0,0,0,0,0
"CG43218",9713,11197,7178,2471,3281,736,3633,1942,3138,881,1854,455
"CG43219",10,10,9,11,8,36,13,16,12,11,16,13
"CG43220",0,0,0,2,0,4,1,0,0,0,0,0
"CG43221",0,0,0,0,0,0,0,0,0,0,0,0
"CG43229",0,0,0,0,0,0,0,0,0,0,0,0
"CG43230",0,0,1,16,18,13,0,0,0,22,17,15
"CG43231",0,0,1,45,31,38,0,0,0,8,15,7
"CG43232",0,0,0,0,0,0,0,0,0,0,0,0
"CG43233",0,0,0,0,0,0,0,0,0,0,0,0
"CG43235",8,13,11,14,10,22,33,41,27,23,29,45
"CG43237",0,0,15,465,431,517,0,0,0,275,218,267
"CG4324",0,0,0,0,0,0,0,0,0,0,0,0
"CG43244",6,1,2,1,0,3,0,3,1,0,0,0
"CG43245",0,0,0,0,0,0,0,0,0,0,0,0
"CG43246",2,0,13,209,266,284,0,2,0,132,141,104
"CG43248",3,0,1,0,0,5,3,0,2,2,4,1
"CG43249",2,0,4,55,38,92,0,0,0,65,71,53
"CG4325",13,3,10,3,12,5,8,12,8,6,5,8
"CG43251",1,0,0,0,0,0,0,0,0,0,0,0
"CG43254",0,0,0,0,0,0,0,0,0,0,0,0
"CG43255",9,13,0,0,3,0,13,1,0,0,1,0
"CG43267",3,2,0,5,2,3,1,1,3,10,7,16
"CG43271",0,0,0,0,0,1,0,0,0,0,1,0
"CG43272",0,0,0,0,0,0,0,0,0,0,0,1
"CG43273",0,0,0,0,0,0,0,0,0,0,0,0
"CG43277",143,85,103,565,571,725,64,94,135,454,419,502
"CG4328",33,31,26,40,36,46,16,28,33,34,60,36
"CG43288",0,0,2,45,39,36,0,0,0,24,14,21
"CG43290",0,0,19,285,276,379,0,1,0,187,161,219
"CG43291",95,138,92,89,108,61,145,153,213,142,153,124
"CG43292",0,0,9,288,312,251,1,0,0,117,111,114
"CG43293",1,0,0,2,1,0,0,2,0,1,4,1
"CG43294",0,0,0,0,0,0,0,0,0,0,0,0
"CG43295",6,5,10,2,7,10,20,12,6,8,12,5
"CG43296",0,0,1,72,56,63,0,0,0,26,29,38
"CG43307",0,0,0,1,0,0,0,0,1,3,0,4
"CG43308",0,0,0,0,0,0,0,0,0,0,0,0
"CG43312",0,0,2,89,100,104,0,0,0,82,57,67
"CG43315",0,0,0,1,0,0,0,0,0,0,0,0
"CG43316",0,0,0,0,2,2,0,0,0,1,0,0
"CG43317",1,0,10,227,204,273,0,0,3,256,264,187
"CG43318",2,0,2,115,96,101,0,0,0,78,83,65
"CG43319",0,0,0,0,0,0,0,0,1,0,0,1
"CG4332",146,134,142,138,168,210,151,197,161,176,220,151
"CG43321",0,1,19,238,214,261,0,1,0,134,130,119
"CG43322",70,67,48,197,156,240,62,39,81,161,135,144
"CG43324",246,229,256,338,287,352,302,220,276,337,314,271
"CG43325",0,0,0,1,0,1,0,0,0,1,0,2
"CG43326",0,0,0,0,0,0,0,0,0,0,0,0
"CG43327",0,0,0,0,0,0,0,0,0,0,0,0
"CG43328",0,0,0,0,0,0,0,0,0,0,0,0
"CG43329",1,0,12,243,246,335,0,0,0,184,164,191
"CG43330",2,0,1,5,0,4,0,0,0,5,7,6
"CG43331",0,0,20,323,386,360,0,0,0,246,213,270
"CG43332",0,0,0,0,0,0,0,0,1,0,1,0
"CG43333",50,15,22,117,139,175,34,0,16,6,86,14
"CG43335",22,25,5,24,26,21,38,86,63,31,37,40
"CG43336",57,53,44,60,59,60,134,182,186,68,84,126
"CG43338",0,0,0,0,4,1,0,0,0,1,3,2
"CG43339",0,0,0,0,0,1,0,0,0,0,0,0
"CG43341",0,0,0,0,0,0,0,0,0,0,0,0
"CG43342",4,5,6,28,14,27,13,9,9,31,23,20
"CG43345",0,0,0,0,0,0,0,0,0,0,0,0
"CG43346",0,0,0,0,0,0,0,0,0,0,0,0
"CG43347",29,18,29,24,10,45,43,16,18,59,27,26
"CG43348",2,3,1,0,0,0,0,0,0,0,0,0
"CG43349",0,0,0,0,0,0,0,1,0,0,0,0
"CG43350",0,0,0,0,0,0,0,0,0,0,0,0
"CG43351",5,6,0,12,1,5,8,12,7,2,9,1
"CG43354",0,0,0,0,0,0,0,0,0,0,0,0
"CG43355",0,0,0,0,0,0,0,0,0,0,0,0
"CG43362",0,0,0,0,0,0,0,0,0,0,0,0
"CG43366",53,30,42,188,230,226,48,18,55,38,175,49
"CG43367",0,0,0,0,0,0,0,0,0,0,0,0
"CG43371",2,0,1,87,86,132,0,0,0,58,34,62
"CG43373",31,24,22,36,21,62,38,28,25,34,49,42
"CG43376",0,0,0,3,12,17,2,0,0,11,5,12
"CG4338",16,25,42,46,35,42,23,20,32,30,23,18
"CG43386",58,40,59,120,125,135,45,17,72,77,96,68
"CG43389",7,9,6,7,20,1,9,12,7,3,8,1
"CG43390",0,0,0,0,0,0,0,0,0,0,0,0
"CG43391",0,0,1,0,0,0,0,0,0,0,0,0
"CG43392",0,0,0,0,0,0,0,0,0,22,4,30
"CG43393",0,0,3,108,58,114,0,0,0,71,61,66
"CG43394",5,2,10,0,2,1,4,5,4,2,8,9
"CG43396",0,1,0,3,6,4,0,0,0,12,2,15
"CG43397",0,0,0,0,0,0,0,0,0,0,0,0
"CG43400",13,9,0,21,6,17,14,5,10,34,14,15
"CG43401",0,0,0,0,0,0,0,0,0,0,0,0
"CG43402",39,43,44,88,110,113,38,39,60,88,84,83
"CG43403",0,0,0,0,0,0,0,0,0,0,0,0
"CG43405",1,0,8,207,224,293,0,0,0,149,126,141
"CG43407",0,0,0,0,0,0,0,0,0,3,0,0
"CG43428",25,27,26,33,8,53,1,5,3,16,21,12
"CG43438",0,0,1,3,4,6,0,0,0,2,2,2
"CG43439",0,0,0,0,0,0,0,0,0,0,0,0
"CG43445",1,0,0,6,6,16,0,0,0,4,12,5
"CG43446",0,0,0,0,0,0,0,0,0,0,0,0
"CG43447",0,0,0,22,19,26,0,0,0,8,10,12
"CG43448",28,38,22,73,101,43,32,35,55,49,50,37
"CG43449",0,0,2,77,66,54,0,0,0,28,50,46
"CG43450",0,0,2,100,82,124,0,0,0,39,29,52
"CG4360",0,0,0,0,0,0,0,0,0,0,0,0
"CG43610",1,0,4,107,117,158,0,0,0,47,78,69
"CG43618",3,7,3,6,3,2,8,4,8,3,1,0
"CG4362",2,13,8,14,5,2,15,9,5,4,2,1
"CG4363",4,9,22,2,0,0,130,30,2,4,2,20
"CG43630",13,16,7,14,11,11,23,25,37,20,21,15
"CG43638",4,1,66,1687,1784,2044,0,0,1,953,924,958
"CG4364",2198,2321,2189,1987,2131,2083,1620,1971,1782,1828,2070,1693
"CG43645",0,0,0,0,0,0,0,0,0,0,0,0
"CG43647",8,7,12,31,29,40,13,12,14,17,13,16
"CG43658",35,50,37,55,45,60,37,61,45,43,47,43
"CG43659",0,0,0,0,0,0,0,1,0,0,0,0
"CG43666",0,0,0,0,0,0,0,0,0,0,0,0
"CG43667",0,0,0,1,0,0,0,0,0,1,0,0
"CG43668",0,0,0,34,14,25,0,0,0,14,7,11
"CG4367",0,0,0,0,0,0,0,0,0,0,0,0
"CG43672",11,34,17,77,55,65,10,7,8,51,52,48
"CG43673",8,65,4,2,0,4,33,27,3,0,0,0
"CG43675",0,0,0,10,10,8,0,0,0,15,2,17
"CG43677",0,0,0,3,2,3,0,0,0,0,0,2
"CG43678",1,3,2,6,0,2,5,7,5,1,3,6
"CG43679",0,0,0,0,0,0,0,0,0,0,0,0
"CG43680",3,0,0,1,3,1,6,1,0,0,2,0
"CG43689",0,0,0,0,0,1,6,2,0,3,5,0
"CG43691",0,0,0,0,2,0,0,0,0,2,0,0
"CG43693",7,17,24,8,3,1,23,18,5,8,8,15
"CG43694",0,0,1,52,38,61,0,0,0,7,13,19
"CG43702",0,1,0,0,0,0,0,0,0,0,1,0
"CG43703",0,0,0,0,0,0,0,1,0,0,0,0
"CG43707",46,26,20,36,22,36,38,32,34,40,23,44
"CG43709",0,0,0,0,0,0,1,0,1,0,0,0
"CG43710",0,0,0,0,0,0,0,0,0,0,0,0
"CG43711",1,0,0,6,0,0,0,0,0,0,0,0
"CG4372",1,0,2,0,0,5,0,0,0,1,0,0
"CG43725",0,0,0,4,4,5,0,0,0,2,0,2
"CG43731",0,0,0,0,0,0,0,0,0,0,0,0
"CG43732",0,0,0,0,0,0,0,0,0,0,0,0
"CG43736",25,8,21,10,13,24,36,17,25,21,27,18
"CG43737",0,0,0,0,0,0,0,3,0,1,1,0
"CG43739",0,0,0,0,0,0,0,0,0,0,0,0
"CG4374",7,25,19,9,6,6,17,12,4,7,1,14
"CG43740",0,0,0,0,0,0,0,0,0,0,0,0
"CG43742",5,8,1,27,21,24,6,0,2,15,30,20
"CG4375",0,0,0,0,0,0,0,0,0,0,0,0
"CG43750",0,0,0,20,6,14,0,0,0,13,4,2
"CG43755",7,0,52,1003,962,1343,0,0,2,1030,829,849
"CG43759",28,25,37,39,16,61,38,20,30,38,39,36
"CG43760",0,0,4,204,190,229,0,0,0,48,45,57
"CG4377",29,124,54,0,4,1,317,174,34,6,4,22
"CG43773",0,0,0,0,0,0,0,0,0,0,0,0
"CG43774",23,18,32,3,3,2,71,45,36,3,12,10
"CG43775",0,0,0,0,0,0,0,0,0,0,0,0
"CG43776",0,0,0,0,0,0,0,0,0,0,0,0
"CG43777",0,0,0,0,0,0,0,0,0,0,0,0
"CG43779",0,0,0,0,0,0,0,0,0,0,0,0
"CG43783",0,0,0,0,0,0,0,0,0,0,0,0
"CG43784",0,0,0,0,0,0,0,0,0,0,0,0
"CG43788",3,6,6,1,2,6,1,3,1,7,2,3
"CG43789",4,1,5,5,1,4,7,5,4,10,3,3
"CG43795",139,192,130,149,131,196,175,137,155,152,173,134
"CG43796",0,0,0,144,139,184,0,0,0,119,111,107
"CG43797",4,6,1,0,3,0,4,2,1,5,3,2
"CG43798",0,0,0,8,0,1,0,0,0,28,16,50
"CG43799",56,80,32,48,84,53,127,125,133,67,114,63
"CG43800",0,0,0,0,0,0,0,0,0,0,0,0
"CG43813",5,4,2,3,0,1,1,1,1,1,1,2
"CG43814",1,2,0,1,3,3,0,0,0,1,2,0
"CG43815",0,0,0,14,15,28,0,0,0,2,1,4
"CG43816",0,0,0,0,0,0,0,0,0,0,0,0
"CG4382",67,35,34,85,129,122,53,20,40,46,85,46
"CG43829",0,0,0,1,0,2,0,0,0,0,1,0
"CG43841",10,7,7,5,3,4,7,11,2,5,4,5
"CG43843",0,0,1,17,14,29,0,0,0,12,17,31
"CG43844",0,0,0,0,0,0,0,0,0,0,0,0
"CG43845",0,0,0,0,0,0,0,0,0,0,0,0
"CG43850",1,3,0,3,0,1,0,1,3,0,0,0
"CG43851",0,0,4,121,118,91,0,0,0,44,35,42
"CG43861",23,26,31,18,20,32,25,25,10,14,27,17
"CG43867",0,1,2,0,0,3,1,0,2,0,0,0
"CG43880",0,0,10,148,191,160,1,0,0,98,103,96
"CG43886",10,3,5,0,2,7,15,9,5,2,3,3
"CG43894",20,6,14,13,7,23,6,6,9,10,15,6
"CG43895",0,0,1,6,1,7,0,0,0,6,1,0
"CG43896",0,0,0,0,2,0,0,0,0,0,0,0
"CG43897",5,0,7,2,2,0,7,5,0,2,1,0
"CG4390",0,0,0,50,59,105,1,0,0,28,44,39
"CG43901",82,85,114,117,99,123,129,86,111,161,124,103
"CG43902",245,208,241,324,312,440,318,171,191,392,496,284
"CG43915",0,1,0,53,57,102,0,0,0,38,41,60
"CG43919",0,0,1,21,25,49,0,0,0,28,14,7
"CG43920",0,0,0,0,0,0,0,0,0,1,0,0
"CG43922",0,0,3,195,201,260,0,0,0,84,92,119
"CG43923",0,0,0,0,1,0,0,0,0,0,0,0
"CG43924",0,0,0,35,29,47,0,0,0,24,24,29
"CG43925",1,1,0,1,0,0,4,0,0,0,0,2
"CG4393",69,78,64,82,92,137,101,38,61,101,109,102
"CG43931",0,0,0,1,0,3,0,0,0,4,12,7
"CG43935",4,5,32,802,927,988,2,0,2,390,361,435
"CG43938",1,0,4,1,4,2,1,0,3,0,6,1
"CG43954",0,0,0,0,0,0,0,0,0,0,0,0
"CG43965",0,0,0,0,0,0,0,0,0,0,0,0
"CG43968",80,99,113,78,100,71,105,60,103,51,99,81
"CG43980",5,17,5,12,8,27,14,1,4,4,29,5
"CG43982",0,0,0,0,0,0,0,0,0,0,2,0
"CG43993",0,0,0,0,0,0,0,0,0,1,2,1
"CG43996",0,0,1,69,57,78,0,0,0,38,41,32
"CG43997",0,0,6,157,110,130,0,0,0,70,65,90
"CG43998",0,0,0,0,0,0,0,0,0,0,0,0
"CG43999",0,0,0,0,0,0,0,0,0,0,0,0
"CG44000",0,0,0,0,0,0,0,0,0,0,0,0
"CG44001",0,0,0,0,0,0,0,0,0,0,0,0
"CG44002",21,42,32,20,25,33,35,33,35,20,40,39
"CG44004",0,0,0,0,0,0,0,0,0,0,0,1
"CG44005",0,0,0,0,0,4,0,0,0,0,0,0
"CG44006",289,243,243,239,242,270,322,236,191,191,340,189
"CG44008",10,18,18,2,2,6,11,15,1,3,2,8
"CG44013",7,8,4,28,28,24,41,1,6,5,14,8
"CG44014",474,802,313,433,564,315,1047,825,1079,640,928,440
"CG44037",0,1,1,57,64,72,0,1,0,20,10,12
"CG44038",0,1,0,0,0,0,1,0,0,0,0,3
"CG4404",737,798,786,709,673,811,711,702,733,620,821,616
"CG44040",0,0,0,1,0,0,0,0,0,0,1,0
"CG44044",0,0,0,0,0,0,0,0,0,0,0,1
"CG4408",0,0,0,0,0,0,0,0,0,0,0,0
"CG44085",16,35,14,12,7,9,22,48,3,13,18,6
"CG44088",0,2,0,76,56,52,1,0,0,127,68,163
"CG4409",521,467,357,518,479,421,481,395,415,571,562,419
"CG44090",1,0,1,12,8,4,0,0,1,5,2,5
"CG44094",0,0,1,1,0,2,0,0,0,0,4,0
"CG44098",1,20,5,26,19,19,20,13,2,5,4,4
"CG44102",0,0,0,0,0,0,0,0,0,0,0,0
"CG44139",0,0,2,1,1,0,2,0,5,1,0,0
"CG44140",0,1,0,3,2,0,1,2,1,0,0,0
"CG44141",0,0,0,0,0,0,0,0,0,0,0,0
"CG44142",0,0,0,0,0,0,0,0,0,5,5,2
"CG44153",4,17,20,5,4,5,5,5,3,13,4,4
"CG44158",0,0,6,133,132,143,0,1,0,101,85,102
"CG44163",11,8,10,255,277,277,4,3,4,133,147,110
"CG44174",0,0,0,16,21,14,0,0,0,3,5,11
"CG44194",0,0,0,0,0,0,0,0,0,0,0,0
"CG44195",23,19,10,9,3,12,34,22,14,12,13,8
"CG44198",0,0,0,0,0,1,0,2,0,7,0,9
"CG44215",0,0,0,0,0,0,0,0,0,0,0,0
"CG44227",0,0,0,22,37,37,0,0,0,10,6,8
"CG4424",43,46,53,61,48,64,51,47,48,54,75,48
"CG44242",0,0,0,0,0,0,0,0,0,0,0,0
"CG44245",224,205,190,231,221,295,252,169,183,157,140,204
"CG44247",106,134,92,161,111,214,129,81,111,155,219,133
"CG44249",22,17,17,15,18,14,9,20,20,20,14,18
"CG44250",1,3,0,2,4,4,4,3,2,2,0,0
"CG44251",1,0,0,1,0,1,1,4,0,0,0,0
"CG44253",1,1,1,37,51,45,0,2,0,24,23,25
"CG44257",1,0,0,2,6,0,0,0,0,0,0,3
"CG44259",1,0,0,32,28,40,0,0,0,33,14,13
"CG44261",0,0,1,21,20,26,0,0,0,14,20,15
"CG44270",0,0,0,1,1,1,0,0,0,3,0,0
"CG44271",0,3,11,202,239,194,0,0,1,95,74,89
"CG44286",77,98,78,30,64,66,78,84,69,38,40,62
"CG44290",0,0,0,10,6,6,0,0,0,2,4,0
"CG44303",0,0,2,7,2,6,0,1,8,8,6,1
"CG44314",0,0,0,30,23,28,0,0,0,4,6,5
"CG44325",7,12,17,3,4,12,5,10,13,4,5,10
"CG44329",0,0,1,9,9,25,0,0,1,10,5,6
"CG44341",0,0,3,44,38,43,0,0,0,30,30,19
"CG44355",0,0,0,0,0,0,0,0,0,1,0,0
"CG44362",2,0,0,1,0,3,0,0,0,2,0,0
"CG4438",0,0,0,0,0,0,0,0,0,0,1,0
"CG44385",3,4,21,193,185,210,1,0,4,83,72,87
"CG44388",0,0,0,0,0,0,0,0,0,0,0,2
"CG4440",0,0,0,0,1,0,0,0,0,1,0,0
"CG44403",1,0,17,525,494,660,0,0,1,300,265,276
"CG44405",0,0,9,73,68,88,0,0,0,52,38,46
"CG44406",0,0,0,0,1,0,0,0,0,3,0,1
"CG44422",40,51,35,37,32,46,20,28,17,54,57,50
"CG44426",0,0,0,0,0,0,0,0,0,0,0,0
"CG44428",0,0,0,5,1,19,0,0,0,6,1,2
"CG44433",1,0,22,688,517,724,0,0,0,503,400,452
"CG44434",0,0,0,0,0,0,0,0,0,0,0,0
"CG44435",0,0,0,0,0,0,0,0,0,0,0,0
"CG44437",7,11,10,153,145,203,4,7,0,50,92,61
"CG44438",3,0,13,2,1,4,3,0,0,4,0,0
"CG44439",1,0,0,8,4,12,0,0,0,1,2,2
"CG44475",0,0,2,34,33,15,37,42,45,6,11,61
"CG44476",16,12,16,0,0,0,29,14,11,1,0,0
"CG44477",0,0,0,0,0,2,0,0,0,5,0,1
"CG4452",4,4,1,3,3,2,4,7,1,2,6,0
"CG44521",0,0,6,25,33,21,0,0,0,9,4,11
"CG44532",1,5,2,1,1,3,1,3,2,3,0,1
"CG4455",408,420,440,356,428,507,314,309,420,347,623,392
"CG4456",0,0,0,0,0,0,0,0,0,0,0,0
"CG44569",0,0,0,0,0,1,0,0,0,2,0,0
"CG44574",1,0,0,0,0,0,0,0,0,0,2,1
"CG4459",25,25,17,21,13,28,15,23,14,12,26,24
"CG4461",473,623,454,174,167,160,433,499,182,114,155,160
"CG4462",527,740,526,351,360,358,564,595,380,419,385,342
"CG44622",1,0,0,30,27,41,0,0,0,10,5,12
"CG44623",0,0,5,57,61,68,0,0,2,39,20,26
"CG44624",0,0,1,0,0,0,0,0,0,0,0,0
"CG44625",0,0,0,1,0,2,0,0,0,0,0,1
"CG4465",7,15,16,2,1,7,9,6,6,4,3,0
"CG44666",0,4,0,0,1,0,0,0,0,2,3,0
"CG4467",8,15,17,4,11,11,27,17,7,20,16,10
"CG4476",89,108,86,152,164,171,100,104,121,133,195,153
"CG4477",2,0,29,544,550,633,0,0,0,197,225,219
"CG44774",5,1,2,8,1,4,4,0,0,1,0,0
"CG4480",0,0,8,188,188,172,0,0,0,179,148,139
"CG44812",1,1,0,1,3,3,0,0,0,0,1,1
"CG44815",0,1,0,1,5,0,0,0,0,0,0,0
"CG4483",0,0,2,91,43,67,0,0,0,59,55,56
"CG44836",20,17,23,57,50,22,13,12,23,29,43,44
"CG44837",26,33,27,30,15,49,29,16,15,35,29,19
"CG44838",0,0,0,0,0,0,0,0,0,0,0,0
"CG44869",0,0,0,5,0,3,0,1,0,0,0,0
"CG44954",0,0,0,10,12,12,0,0,0,4,4,6
"CG4496",2,4,0,5,4,2,1,0,1,1,4,5
"CG4497",0,0,3,0,6,2,2,0,4,0,1,2
"CG45002",1,3,1,13,9,20,0,2,2,6,6,2
"CG45011",0,0,0,0,0,0,0,0,0,0,0,0
"CG45012",0,0,0,2,0,0,0,0,2,0,0,0
"CG4502",0,0,0,0,0,0,0,0,0,0,0,0
"CG45045",0,0,1,0,1,10,5,1,1,2,1,4
"CG45049",0,0,1,0,0,2,0,0,0,0,0,0
"CG45060",14,25,10,3,16,9,17,22,23,7,8,5
"CG45061",14,27,8,42,14,33,20,18,19,14,42,32
"CG45062",0,1,0,0,0,0,0,0,0,4,0,0
"CG45063",0,1,0,30,25,19,2,0,0,16,15,15
"CG45064",0,0,0,0,0,0,0,0,0,0,0,0
"CG45065",0,0,0,0,0,0,0,0,0,0,0,0
"CG45066",0,2,37,778,815,885,0,0,0,562,574,505
"CG45067",4,8,1,48,30,50,0,0,0,22,26,19
"CG45069",0,0,0,0,0,0,0,0,0,0,0,0
"CG45071",0,0,0,1,3,6,1,1,0,0,1,0
"CG45072",0,0,0,3,0,4,1,0,0,0,1,0
"CG45073",0,0,0,4,1,0,4,0,0,0,0,0
"CG45075",0,0,0,0,0,0,0,0,0,0,0,0
"CG45076",1536,1695,1954,528,575,635,1135,1925,1450,968,637,1343
"CG45078",2486,2688,3288,968,1122,1221,1549,2674,2051,1360,1289,1958
"CG45079",0,0,0,0,0,0,0,2,0,0,0,2
"CG45080",0,0,0,0,0,0,0,0,0,0,3,0
"CG45081",0,0,0,0,0,0,0,0,0,0,1,0
"CG45084",0,0,0,0,0,0,0,0,0,0,0,0
"CG45085",0,0,0,0,0,0,0,0,0,0,0,0
"CG45086",0,0,0,0,0,0,0,0,0,0,0,0
"CG45087",0,0,0,0,0,0,0,0,0,0,0,0
"CG45088",0,0,0,0,0,0,0,0,0,0,0,0
"CG45089",0,0,0,0,0,0,0,0,0,0,0,0
"CG45092",0,0,0,0,0,0,0,0,0,0,0,0
"CG45095",3,1,2,5,1,2,3,0,7,5,2,2
"CG45099",0,0,0,0,0,0,0,0,0,0,0,0
"CG45100",0,0,0,0,0,0,0,0,0,0,0,0
"CG45101",0,0,0,0,0,0,0,0,0,0,0,0
"CG45105",0,0,0,2,0,0,0,0,0,0,1,0
"CG4511",4,0,2,2,1,0,0,3,0,0,2,1
"CG45116",0,0,5,8,1,6,1,2,2,12,6,7
"CG45122",0,0,1,5,6,2,3,1,0,3,0,0
"CG45154",0,0,6,199,218,247,0,0,0,118,118,135
"CG4520",0,0,3,105,95,110,0,0,0,117,81,82
"CG45207",2,4,0,0,0,1,0,0,0,0,1,1
"CG45218",38,44,31,45,28,49,54,24,37,22,28,20
"CG45263",94,108,119,155,118,228,110,83,121,190,207,129
"CG45273",0,3,6,9,0,0,0,6,0,1,3,1
"CG45307",0,0,0,8,2,9,0,0,0,3,2,2
"CG4537",17,22,15,26,22,23,24,21,41,34,23,25
"CG45413",0,0,0,10,5,8,0,0,0,9,11,4
"CG45428",4,4,15,149,185,190,9,7,4,150,135,113
"CG4546",20,26,259,5517,5432,6989,12,14,37,5322,4759,4564
"CG45486",0,2,1,74,75,95,0,0,0,34,13,30
"CG45487",0,0,0,0,1,1,0,0,0,0,2,0
"CG45488",5,7,6,19,34,22,0,0,0,15,16,5
"CG45489",0,0,0,10,6,6,0,0,0,3,1,4
"CG45490",2,0,1,1,1,4,0,0,0,0,3,2
"CG45491",0,0,3,8,9,17,0,0,0,35,150,122
"CG45492",0,0,0,0,1,1,0,0,0,0,2,0
"CG45493",3,0,1,0,0,1,0,0,0,1,4,1
"CG45494",0,1,1,0,0,1,0,0,0,0,0,0
"CG4553",153,108,121,116,106,97,111,94,106,98,113,93
"CG4554",122,161,146,79,106,155,171,137,98,141,124,127
"CG45544",0,0,0,0,0,0,0,0,0,0,0,0
"CG45545",0,0,0,0,4,0,0,0,0,1,2,2
"CG45546",0,0,0,0,1,0,0,0,0,18,4,32
"CG4558",0,0,0,0,0,0,0,0,0,0,0,0
"CG45603",1,1,16,459,526,568,0,2,0,316,308,290
"CG4563",2,0,7,47,64,68,2,1,2,28,32,26
"CG4565",21,21,28,8,10,8,21,20,24,13,26,19
"CG45676",0,7,1,4,0,2,2,1,0,0,0,0
"CG45690",0,1,0,8,11,3,0,0,0,3,1,0
"CG45691",0,0,0,3,16,4,0,0,0,4,3,3
"CG4570",33,44,33,11,14,15,24,20,25,9,13,9
"CG4572",0,0,0,0,0,0,0,0,0,0,0,0
"CG4576",39,53,22,79,81,101,56,32,31,20,51,38
"CG45764",0,0,0,140,99,71,0,0,0,32,39,49
"CG45765",0,0,0,46,46,42,0,0,0,22,16,17
"CG45766",0,0,0,18,19,25,0,0,0,32,13,19
"CG4577",1,2,0,4,0,0,1,0,0,1,0,0
"CG45770",0,0,0,4,3,0,0,0,0,0,0,0
"CG4582",1,0,0,1,0,3,0,0,0,0,0,1
"CG4586",1267,1441,873,535,682,615,990,920,1221,805,980,643
"CG4592",0,0,0,0,0,0,0,0,0,0,0,0
"CG4593",2,2,2,2,4,1,5,2,2,1,3,1
"CG4594",0,0,0,0,0,0,0,0,0,0,0,0
"CG4596",113,97,110,237,158,281,142,86,133,156,241,155
"CG4597",22,9,7,5,11,7,7,14,8,5,1,18
"CG4598",0,3,4,2,5,5,3,2,5,5,10,9
"CG46025",3,0,4,5,10,6,0,0,2,2,6,8
"CG46026",0,2,2,6,2,3,0,0,0,0,7,0
"CG46042",0,0,0,6,0,0,0,0,0,25,13,55
"CG46059",0,0,0,3,6,4,0,0,0,1,2,0
"CG4607",23,68,26,10,4,2,86,62,2,6,9,4
"CG4610",244,260,216,262,236,253,195,238,215,250,291,245
"CG4611",323,344,333,395,335,393,341,301,348,442,459,362
"CG4612",653,528,582,719,623,848,721,587,606,873,836,724
"CG4613",0,0,0,0,0,0,0,0,0,1,0,0
"CG4615",710,812,774,387,394,411,704,738,855,503,633,484
"CG4617",0,0,0,0,0,0,0,0,0,0,0,0
"CG4619",0,0,0,0,0,0,0,0,0,0,0,0
"CG46191",0,0,0,0,0,0,0,0,0,0,0,0
"CG46192",0,0,0,0,1,3,0,0,0,0,0,0
"CG46193",0,0,0,0,0,0,0,0,0,0,0,0
"CG4622",2,0,0,8,0,2,1,4,0,9,14,11
"CG46244",0,0,0,0,0,0,0,0,0,0,0,0
"CG4627",383,290,284,387,434,398,361,310,497,450,556,379
"CG46270",2,0,0,0,0,0,0,0,0,0,0,0
"CG46280",264,261,272,290,283,353,324,290,275,287,364,324
"CG46281",2,0,8,162,147,161,5,2,5,96,85,61
"CG4629",4,8,9,2,3,1,3,4,0,5,5,3
"CG46298",0,0,0,0,0,0,0,0,0,0,0,0
"CG4630",5,7,4,5,4,8,10,1,3,2,0,6
"CG46301",7,7,7,14,4,15,12,6,13,7,5,6
"CG46302",24,5,7,5,12,13,9,8,5,9,12,5
"CG46303",0,0,0,0,1,1,3,3,0,6,4,3
"CG46304",1,0,34,567,581,759,0,0,3,396,331,402
"CG46305",0,0,0,0,0,0,0,0,0,0,0,0
"CG46306",0,0,0,0,0,0,0,0,0,0,0,0
"CG46307",0,0,0,0,0,0,0,0,0,0,0,0
"CG46308",0,0,0,0,0,0,0,0,0,0,0,0
"CG46309",0,0,0,0,0,0,0,0,0,0,0,0
"CG4631",8,3,125,2585,2494,3486,1,0,6,2864,2330,2247
"CG46310",0,0,0,0,0,0,0,0,0,0,0,0
"CG46311",0,0,0,0,0,0,0,0,0,0,0,0
"CG46312",0,0,0,0,0,0,0,0,0,0,0,0
"CG46313",0,0,0,0,0,0,0,0,0,0,0,0
"CG46314",0,0,0,0,0,0,0,0,0,0,0,0
"CG46315",0,0,0,0,0,0,0,0,0,0,0,0
"CG46316",0,0,0,0,0,0,0,0,0,0,0,0
"CG46317",0,0,0,0,0,0,0,0,0,0,0,0
"CG46318",0,0,0,0,0,0,0,0,0,0,0,0
"CG46319",0,0,0,0,0,0,0,0,0,0,0,0
"CG46320",0,0,0,0,0,0,0,0,0,0,0,0
"CG46321",0,0,0,0,0,0,0,0,0,0,0,0
"CG46335",0,0,1,21,18,32,3,0,0,18,10,13
"CG46339",0,0,0,0,0,0,0,0,0,0,0,0
"CG46383",0,0,0,0,0,0,0,0,0,0,0,0
"CG46385",462,443,383,426,525,646,436,337,461,586,809,389
"CG46387",4,4,4,0,0,6,0,2,0,0,4,3
"CG46388",0,0,1,0,2,0,0,0,0,0,0,1
"CG46394",0,0,1,0,0,3,0,0,2,10,3,12
"CG46395",1,3,4,6,6,3,4,6,6,3,13,5
"CG46396",0,0,2,9,12,3,0,0,2,0,3,0
"CG46397",119,116,71,14,19,130,9,13,11,9,9,15
"CG46398",0,0,0,0,0,0,0,0,0,1,3,1
"CG46399",0,0,4,138,138,152,0,0,0,105,68,83
"CG46412",0,0,0,0,0,0,0,0,0,0,0,0
"CG46426",0,0,0,0,0,0,0,0,0,0,0,0
"CG46427",0,0,0,0,0,0,0,0,0,0,0,0
"CG46428",0,0,0,0,0,0,0,0,0,0,0,0
"CG46429",0,0,0,0,0,0,0,0,0,0,0,0
"CG46430",0,0,0,1,1,7,0,0,0,11,6,6
"CG46433",0,0,0,0,0,0,0,0,0,0,0,0
"CG46434",0,0,0,0,0,0,0,0,0,0,0,0
"CG46435",0,0,0,0,0,0,0,0,0,0,0,0
"CG46439",0,0,0,0,0,0,0,0,0,0,0,0
"CG46440",0,0,0,0,0,0,0,0,0,0,0,0
"CG46441",0,0,18,429,443,594,0,1,0,326,329,431
"CG46442",0,0,0,2,0,0,0,0,0,0,2,0
"CG46443",0,0,0,63,66,65,0,0,0,39,25,34
"CG46448",202,151,162,218,229,182,195,130,184,168,172,173
"CG4645",1,5,5,15,2,5,1,6,4,10,10,14
"CG46456",0,0,0,0,0,0,0,0,0,0,0,0
"CG46457",4,0,2,66,116,69,0,0,0,38,37,32
"CG46458",0,0,0,0,0,0,0,0,0,0,0,0
"CG46459",0,0,0,0,0,0,0,0,0,0,0,0
"CG4646",0,0,0,0,1,3,1,2,1,0,0,0
"CG46460",0,0,0,0,0,0,0,0,0,0,0,0
"CG46462",626,554,432,683,924,1089,626,274,532,421,675,714
"CG46463",0,0,0,0,0,0,0,0,0,0,0,0
"CG46464",0,0,0,0,0,0,0,0,0,0,0,0
"CG46465",3,0,4,0,3,0,2,0,1,0,0,1
"CG46466",33,17,11,18,19,18,14,20,8,14,13,21
"CG46467",0,0,0,0,0,0,0,0,0,0,0,0
"CG46468",0,0,0,0,0,0,0,0,0,0,0,0
"CG46491",53,64,30,13,23,26,81,76,34,22,42,25
"CG4650",0,0,0,0,0,0,0,0,0,0,0,0
"CG4653",461,495,344,83,92,23,594,617,316,149,155,104
"CG4658",2,3,6,0,0,0,0,1,2,1,2,0
"CG4660",81,91,70,50,27,32,74,98,56,39,56,47
"CG4661",0,1,43,751,704,981,0,0,0,466,405,425
"CG4666",0,0,0,0,0,0,1,0,2,0,1,3
"CG4669",6,0,192,4600,4276,5827,0,3,2,4010,3548,3470
"CG4676",63,52,43,118,120,148,34,29,50,112,110,90
"CG4678",0,0,0,0,0,0,0,0,0,0,0,0
"CG4679",627,743,612,874,700,835,739,581,846,752,985,586
"CG4681",5,9,51,1063,1128,1387,1,1,3,1100,967,849
"CG4686",0,1,8,8,10,5,1,0,1,10,9,11
"CG4691",5,0,126,3685,3078,3803,0,0,1,3046,2515,2514
"CG4701",1,0,57,1193,1211,1457,0,0,0,1094,958,982
"CG4702",0,0,0,0,0,0,0,0,0,0,0,0
"CG4704",0,0,0,21,19,22,0,0,0,8,9,10
"CG4707",71,110,69,390,402,537,64,77,58,404,357,360
"CG4709",0,0,2,0,0,3,1,0,0,0,0,0
"CG4712",0,0,0,0,0,0,0,0,0,0,0,0
"CG4714",1,4,42,939,878,1146,2,0,0,1042,830,837
"CG4716",0,0,0,0,0,0,0,0,0,0,0,0
"CG4730",0,0,0,0,0,0,0,0,0,0,0,0
"CG4733",0,0,0,0,1,0,1,3,0,0,0,0
"CG4734",51,55,53,8,9,2,72,72,76,9,23,12
"CG4741",60,53,65,40,42,46,71,58,44,66,45,48
"CG4743",201,209,214,244,229,265,234,175,317,230,334,251
"CG4744",5,0,56,1165,972,1286,1,0,0,971,798,803
"CG4751",235,258,228,266,242,257,250,222,192,214,238,225
"CG4752",1487,1468,1517,679,710,714,1862,1578,1662,1297,1122,1306
"CG4757",1,2,2,20,38,28,0,0,0,0,0,0
"CG4763",0,0,0,2,0,2,0,0,0,3,2,5
"CG4766",196,247,271,176,190,223,192,228,272,189,265,214
"CG4768",0,0,0,0,0,0,0,0,0,0,1,0
"CG4770",0,2,0,6,7,13,0,1,0,1,1,5
"CG4781",170,199,168,105,146,75,217,217,145,120,160,91
"CG4783",0,0,0,0,0,0,0,0,0,0,0,0
"CG4789",450,462,391,405,502,445,409,443,400,403,420,429
"CG4793",6,2,11,33,22,26,12,17,22,13,4,17
"CG4806",210,200,182,172,154,197,237,190,126,229,222,190
"CG4815",20,24,22,137,126,135,15,37,36,74,82,64
"CG4820",39,17,25,75,70,56,21,23,24,46,60,67
"CG4822",2,0,0,3,3,5,1,2,2,2,4,0
"CG4829",3,1,6,1,9,3,4,7,6,1,5,6
"CG4830",1,3,3,6,1,1,1,1,0,0,0,0
"CG4835",0,5,4,26,18,16,3,0,0,84,66,51
"CG4836",0,0,0,0,0,0,0,0,0,0,0,0
"CG4839",14,25,24,10,6,21,34,28,9,6,8,7
"CG4842",196,158,112,228,322,355,131,89,231,158,422,160
"CG4849",143,194,153,118,97,135,123,164,122,156,139,118
"CG4853",1,1,1,0,1,0,1,0,1,9,3,3
"CG4854",40,23,12,62,40,42,23,16,43,35,39,33
"CG4860",111,113,89,262,178,167,91,92,163,93,186,109
"CG4866",82,74,75,112,83,114,110,85,114,75,96,90
"CG4872",147,203,108,89,114,91,157,142,168,95,165,120
"CG4880",0,0,0,1,2,0,0,1,0,0,0,0
"CG4882",0,0,0,0,0,0,0,0,0,0,1,0
"CG4884",0,0,0,0,0,0,0,0,0,0,0,0
"CG4887",0,0,0,0,0,0,0,0,0,1,0,0
"CG4891",0,0,12,358,295,302,0,0,0,236,225,222
"CG4892",0,0,10,230,233,286,0,0,0,212,196,168
"CG4896",0,0,0,0,0,0,0,0,0,0,0,0
"CG4907",8,2,84,1826,1765,2110,3,0,2,1357,1097,1074
"CG4911",660,720,656,499,569,678,706,744,590,725,756,621
"CG4914",6,5,6,41,21,35,11,15,11,9,15,8
"CG4927",45,38,25,26,32,31,45,29,31,12,39,14
"CG4928",843,741,789,274,272,251,1240,929,519,410,495,395
"CG4935",33,36,49,278,239,301,19,35,25,226,204,203
"CG4942",71,103,70,125,89,135,117,117,98,85,125,66
"CG4945",26,27,42,22,12,18,24,28,21,9,11,19
"CG4949",0,0,0,0,0,0,0,0,0,0,0,0
"CG4950",33,65,32,51,57,38,36,64,28,8,40,18
"CG4951",34,24,34,31,29,28,17,34,28,27,36,20
"CG4953",222,258,221,216,210,257,199,212,251,210,259,243
"CG4955",1,1,24,798,735,1066,0,0,0,659,609,523
"CG4956",0,0,12,395,348,372,0,0,0,274,238,264
"CG4957",272,281,255,323,327,376,307,265,351,282,342,311
"CG4960",0,0,0,3,7,7,0,0,0,8,5,3
"CG4962",18394,17146,16916,12967,21335,21870,11084,13469,26226,17263,31951,16628
"CG4968",500,491,463,1774,1764,2014,531,567,594,1332,1443,1364
"CG4970",0,0,22,552,505,748,0,0,0,636,571,539
"CG4972",1466,1568,1372,1422,1494,1598,1684,1509,1659,1366,1728,1313
"CG4975",4,5,0,0,5,5,1,0,2,5,4,2
"CG4982",1,0,0,0,0,0,0,0,0,0,0,0
"CG4983",0,0,0,24,32,36,0,0,1,21,17,12
"CG4984",0,0,0,0,0,0,0,0,0,0,0,0
"CG4988",0,0,36,1008,870,1167,0,0,1,959,843,726
"CG4991",7,1,4,1,4,0,2,0,5,0,0,0
"CG4995",0,0,0,0,0,1,0,1,0,0,0,0
"CG4998",159,143,63,48,82,111,119,30,88,115,111,115
"CG5001",0,0,1,4,0,0,0,4,5,1,1,0
"CG5002",353,589,349,205,192,253,592,497,375,331,346,292
"CG5003",226,265,182,249,225,293,223,258,166,242,228,210
"CG5004",20,22,30,15,25,27,18,18,9,13,16,18
"CG5011",0,0,0,0,0,0,0,0,1,0,0,0
"CG5013",90,63,69,58,65,96,45,68,76,72,95,76
"CG5021",0,0,0,1,0,1,0,0,0,2,0,0
"CG5023",4137,3773,4474,695,424,433,4546,6006,2362,1045,593,2863
"CG5024",0,0,0,0,0,0,0,0,0,0,0,0
"CG5026",69,66,47,74,54,80,95,82,102,60,84,45
"CG5033",227,277,180,184,212,166,300,254,169,176,219,153
"CG5039",49,39,35,45,58,64,51,50,54,78,46,48
"CG5043",10,1,57,1540,1364,1518,0,2,0,1269,1176,1045
"CG5050",0,0,0,4,11,0,0,0,4,0,1,4
"CG5056",180,259,223,490,537,548,256,288,237,458,436,411
"CG5062",5,0,20,417,341,588,1,0,0,328,269,311
"CG5065",17,21,18,66,56,82,34,19,10,43,41,47
"CG5068",20,22,20,16,20,31,30,32,47,22,32,40
"CG5070",1,3,1,17,12,15,2,2,6,15,20,16
"CG5071",32,14,15,40,17,33,80,33,24,70,38,64
"CG5078",1,1,1,0,0,2,0,1,3,2,1,5
"CG5079",5,24,15,15,9,23,20,18,3,14,9,21
"CG5080",7,13,1,11,11,6,12,8,10,11,6,7
"CG5084",0,0,0,0,0,0,0,0,0,0,0,0
"CG5087",0,0,0,0,0,0,0,0,0,0,0,0
"CG5089",14,0,298,8054,7429,10244,5,2,3,7539,6152,6022
"CG5096",419,644,418,193,260,129,643,500,445,227,274,148
"CG5098",2,4,3,12,8,7,4,4,4,2,2,4
"CG5103",2,0,45,1072,968,1347,0,0,1,1078,915,900
"CG5104",385,427,317,335,360,385,375,410,409,353,504,350
"CG5107",1,4,2,5,0,8,7,6,2,5,4,7
"CG5111",1,2,13,536,532,604,1,5,4,551,458,436
"CG5112",0,0,0,0,0,0,0,0,0,0,0,0
"CG5114",0,0,0,0,0,0,0,0,0,0,0,0
"CG5116",17,8,15,9,12,15,6,24,17,14,10,12
"CG5122",2,2,64,973,804,1170,0,0,0,873,716,730
"CG5126",147,184,169,118,145,122,128,129,165,135,193,153
"CG5131",350,343,339,371,370,393,395,349,565,404,496,339
"CG5139",3,0,48,1479,1594,2005,1,0,2,1186,903,1132
"CG5149",413,438,407,319,311,401,409,384,403,372,459,376
"CG5151",191,144,138,147,125,103,174,140,100,109,108,94
"CG5157",0,3,3,0,2,2,8,1,1,1,2,0
"CG5160",16,10,13,1,4,2,25,7,1,3,3,6
"CG5162",11,16,13,1,0,0,15,18,5,0,4,4
"CG5167",786,1149,723,478,595,547,752,1033,914,648,747,539
"CG5171",2,5,0,16,9,8,19,1,3,9,5,4
"CG5172",315,325,207,130,297,344,539,670,384,112,75,309
"CG5174",10,9,6,6,3,10,4,7,2,8,4,8
"CG5177",21,20,23,25,37,34,20,15,32,29,38,37
"CG5180",0,1,0,18,10,31,1,0,0,6,8,13
"CG5181",159,136,131,197,180,243,152,174,182,226,252,208
"CG5188",296,361,269,351,347,366,399,279,419,245,387,258
"CG5191",38,48,27,55,54,90,34,21,35,35,66,34
"CG5194",0,0,0,0,0,0,0,0,0,0,0,0
"CG5196",16,17,9,7,7,7,8,12,13,8,10,9
"CG5199",0,0,0,0,0,0,0,0,0,0,0,0
"CG5214",11549,12569,11543,10646,9786,11227,10857,9650,11220,10405,10539,9374
"CG5217",0,0,110,2513,2427,3078,0,0,8,2071,1925,1914
"CG5225",25,8,13,36,40,37,21,9,31,29,29,18
"CG5235",0,0,0,0,0,0,0,0,0,0,0,0
"CG5245",1,1,1,17,12,9,4,12,7,15,18,15
"CG5246",1,1,1,2,5,1,1,0,0,0,1,0
"CG5250",0,0,1,132,150,108,0,0,0,125,81,46
"CG5254",366,360,283,221,232,262,337,289,280,272,309,295
"CG5255",27,28,24,25,23,45,48,30,51,25,33,35
"CG5262",4,5,1,1,0,0,0,2,2,5,8,3
"CG5265",1,2,56,1197,1148,1580,0,0,0,1009,879,900
"CG5267",3,6,8,4,2,7,3,1,2,25,11,20
"CG5273",0,0,0,0,0,0,0,0,0,0,0,0
"CG5274",0,0,0,0,0,0,0,0,0,0,0,0
"CG5276",0,0,0,10,17,24,0,0,0,2,3,15
"CG5280",5,6,42,1122,993,1248,6,4,2,560,519,508
"CG5281",91,103,109,229,179,280,121,73,80,210,232,163
"CG5282",244,202,174,276,262,322,206,128,210,220,278,238
"CG5290",119,124,113,132,147,124,204,154,137,145,160,148
"CG5292",0,0,0,0,0,0,0,0,0,0,0,0
"CG5321",3,2,2,1,6,0,2,0,5,5,4,4
"CG5323",323,290,299,484,436,417,442,437,461,524,545,471
"CG5326",249,298,190,146,216,199,379,409,212,144,278,288
"CG5327",0,0,11,360,344,484,0,0,1,343,305,301
"CG5334",0,1,7,66,71,70,0,0,0,52,65,65
"CG5335",254,299,175,162,152,121,314,239,242,199,206,162
"CG5339",165,157,94,186,181,231,154,173,172,203,258,164
"CG5342",1,0,6,88,103,143,0,0,0,114,104,90
"CG5346",552,652,543,427,460,526,752,660,408,386,446,414
"CG5347",2,0,27,405,360,445,0,0,0,232,172,213
"CG5348",0,0,0,0,0,0,0,0,0,0,0,0
"CG5355",1920,2254,1741,1937,2033,2179,1876,2051,1742,2131,2427,1863
"CG5359",0,1,0,1,0,2,0,0,0,0,0,0
"CG5376",325,318,315,365,416,366,349,363,459,369,414,378
"CG5377",267,292,253,250,237,219,249,173,207,214,271,196
"CG5381",28,42,47,26,35,55,45,13,32,16,14,35
"CG5382",246,239,246,241,257,329,253,244,273,286,327,279
"CG5386",0,0,2,3,0,0,0,0,0,0,2,2
"CG5388",0,1,2,5,9,11,0,0,0,3,3,4
"CG5390",0,0,0,5,0,0,0,0,0,0,0,0
"CG5391",26,22,36,42,45,29,42,49,44,28,20,81
"CG5397",1,14,14,4,1,5,11,10,6,0,3,14
"CG5399",20,12,13,26,16,14,48,43,30,33,21,19
"CG5402",151,123,193,50,35,25,202,212,118,309,99,387
"CG5404",92,64,92,20,21,42,99,95,35,51,31,48
"CG5412",204,231,172,233,234,260,204,176,242,251,253,189
"CG5418",4,0,7,1,0,1,2,5,2,2,3,2
"CG5421",0,0,0,0,0,0,0,0,0,4,0,0
"CG5435",0,0,0,0,0,0,0,0,0,0,0,0
"CG5439",229,272,212,225,274,307,208,231,250,264,302,271
"CG5440",0,0,0,1,3,14,0,0,0,2,1,0
"CG5445",0,0,6,63,55,74,0,0,0,40,34,45
"CG5446",4,0,3,3,7,1,5,3,12,2,3,4
"CG5447",0,0,0,0,0,0,0,0,0,0,0,0
"CG5455",3,6,2,16,26,27,6,8,4,2,8,4
"CG5466",115,121,115,205,155,228,115,66,100,150,174,136
"CG5478",0,0,5,140,134,177,0,0,0,161,97,111
"CG5493",0,0,4,0,1,3,0,0,0,0,1,4
"CG5498",282,298,238,336,344,389,245,219,274,306,384,326
"CG5500",271,219,236,315,291,329,193,226,233,340,353,292
"CG5504",0,0,0,25,24,23,0,0,2,19,19,9
"CG5506",817,1087,720,574,727,208,1310,931,1100,468,674,231
"CG5509",8,8,35,318,387,324,10,11,6,235,233,219
"CG5510",262,280,203,423,442,487,246,274,273,365,434,340
"CG5515",0,0,0,0,0,0,0,0,0,0,0,0
"CG5516",0,0,0,0,0,0,0,0,0,0,0,0
"CG5521",0,0,3,0,0,0,1,0,0,3,1,0
"CG5532",0,0,0,0,0,0,0,0,0,0,0,0
"CG5535",25,26,22,22,12,24,29,13,20,7,5,20
"CG5539",0,0,2,0,2,3,0,0,0,11,0,4
"CG5541",12,18,17,13,16,7,28,25,15,9,17,13
"CG5543",133,100,93,143,194,203,110,101,71,169,132,144
"CG5550",0,0,0,0,0,0,0,0,0,0,0,0
"CG5554",0,1,0,0,0,0,0,1,0,0,0,0
"CG5555",0,0,0,4,10,14,1,2,0,4,1,11
"CG5556",0,0,0,2,1,8,0,0,0,4,4,8
"CG5561",4,0,47,948,921,1103,0,0,0,804,644,638
"CG5565",2,0,47,1085,1057,1400,0,0,1,885,782,801
"CG5567",172,193,153,150,130,152,176,151,133,149,113,143
"CG5568",5,15,9,4,8,8,26,19,14,14,28,19
"CG5569",437,438,368,708,644,658,497,491,591,555,634,609
"CG5577",10,2,4,3,1,1,8,5,9,5,2,1
"CG5592",0,0,1,54,47,29,0,0,0,35,27,52
"CG5597",1895,1794,1795,1004,1194,1298,1529,1889,1913,1365,1310,1595
"CG5608",188,227,144,170,222,214,209,222,215,167,181,178
"CG5611",0,0,0,0,0,0,0,0,0,0,0,0
"CG5612",420,432,430,334,347,431,297,333,370,392,402,341
"CG5614",2,0,143,3286,2981,4086,0,0,0,2922,2694,2552
"CG5618",4,6,1,4,3,1,5,5,0,0,0,3
"CG5623",0,0,26,521,541,622,0,1,0,587,438,401
"CG5639",1078,1374,1086,1493,1627,1839,824,743,994,1231,1875,1133
"CG5641",334,292,280,411,429,473,260,271,318,371,425,307
"CG5644",1025,841,1258,175,108,104,1267,995,339,199,136,642
"CG5645",78,67,42,177,178,183,104,74,58,280,242,225
"CG5646",913,978,994,370,226,203,1276,1003,346,263,244,425
"CG5653",1845,1700,1547,1683,2520,2748,1670,1308,2365,1924,2966,1918
"CG5662",0,0,0,0,0,0,0,0,0,0,0,0
"CG5664",0,0,0,0,0,0,0,0,0,0,0,0
"CG5665",0,0,0,0,0,0,0,0,0,0,0,0
"CG5674",4,5,3,3,2,5,3,5,3,0,7,3
"CG5676",1171,1102,1160,1133,1243,1265,1174,1216,1521,1078,1338,1169
"CG5681",0,0,5,221,189,189,0,0,0,214,217,161
"CG5687",0,0,0,4,12,11,0,0,0,1,2,6
"CG5693",0,1,13,267,222,255,0,0,0,257,235,251
"CG5697",0,0,0,0,0,0,0,1,0,0,0,0
"CG5704",2,0,1,0,0,8,0,4,0,1,0,3
"CG5707",0,1,2,0,2,0,0,6,1,1,1,3
"CG5708",7,1,5,4,10,2,5,3,2,12,1,7
"CG5715",159,171,131,40,27,23,136,120,172,35,25,48
"CG5721",808,896,759,959,1084,1229,776,842,748,1018,1125,930
"CG5726",227,272,211,189,201,288,231,215,193,183,232,209
"CG5727",99,88,95,183,213,204,79,91,107,137,186,164
"CG5731",367,312,371,343,520,506,211,199,422,331,620,351
"CG5742",16,9,18,13,6,39,10,10,20,24,16,8
"CG5746",56,55,54,60,59,84,68,58,58,80,74,43
"CG5756",0,0,1,0,0,0,0,2,0,0,0,5
"CG5757",0,0,0,0,2,0,0,1,0,0,0,0
"CG5758",0,1,0,2,0,1,2,1,1,0,0,2
"CG5762",5,0,120,3400,3081,3551,0,0,2,2864,2417,2328
"CG5767",6,8,0,0,0,0,19,22,4,0,2,0
"CG5768",0,0,0,0,2,0,0,0,0,1,0,0
"CG5770",3,1,3,6,2,1,4,3,4,0,1,4
"CG5773",32,33,42,34,52,29,13,26,11,18,21,9
"CG5776",9,20,9,12,3,11,14,13,16,14,8,8
"CG5781",3,6,16,506,426,534,1,1,3,425,377,324
"CG5783",380,457,405,144,198,194,313,417,436,263,266,270
"CG5787",0,0,0,12,7,18,0,0,0,3,6,11
"CG5790",0,0,0,5,1,1,0,0,0,1,2,2
"CG5793",0,15,0,1,3,1,0,3,1,3,0,3
"CG5800",123,159,113,138,84,115,174,126,140,147,135,132
"CG5805",12,9,6,7,6,2,8,15,15,9,6,9
"CG5808",17,30,9,26,16,28,23,17,18,45,31,25
"CG5810",17,8,8,19,19,22,15,8,8,21,17,12
"CG5815",0,0,0,0,0,0,0,0,0,0,0,0
"CG5819",0,2,0,1,0,0,2,1,2,0,2,1
"CG5823",0,0,0,0,0,0,0,0,0,0,0,0
"CG5828",2,1,3,4,7,9,7,4,4,5,2,0
"CG5835",164,153,136,125,87,112,166,141,194,148,140,154
"CG5846",0,0,1,0,1,4,0,0,0,1,0,0
"CG5849",0,0,0,0,0,0,0,0,0,0,0,0
"CG5850",13,12,10,16,10,19,15,13,6,12,19,13
"CG5853",0,0,6,0,0,0,0,0,0,0,0,2
"CG5854",633,853,674,900,907,970,864,864,807,725,1028,797
"CG5860",0,0,0,0,1,0,0,0,0,0,0,0
"CG5861",384,324,369,501,586,486,356,360,475,470,534,432
"CG5863",0,2,3,1,2,1,0,0,1,2,1,1
"CG5866",0,0,0,3,0,2,0,0,0,0,1,0
"CG5877",0,0,1,17,31,31,2,0,0,5,5,11
"CG5880",56,56,56,44,60,60,72,46,62,40,70,53
"CG5882",0,1,0,4,2,0,0,0,0,2,0,3
"CG5883",26,17,34,15,13,16,27,35,19,28,22,31
"CG5885",0,0,0,0,3,3,0,0,1,1,0,0
"CG5886",838,917,741,2306,2229,2736,619,685,991,1969,2088,1590
"CG5888",14,23,12,4,19,14,16,18,21,12,12,18
"CG5890",186,228,226,237,118,290,230,150,183,271,309,258
"CG5892",5,3,1,1,1,5,3,0,0,2,0,3
"CG5895",0,0,0,1,3,1,2,0,0,2,0,0
"CG5897",0,14,1,2,0,1,15,1,0,0,0,0
"CG5902",0,0,0,0,0,0,0,0,0,0,0,0
"CG5906",0,0,10,440,400,533,1,0,0,391,351,384
"CG5909",17,59,17,36,34,39,51,40,9,2,2,3
"CG5910",11,24,9,14,10,15,15,13,21,11,16,10
"CG5913",177,210,146,212,265,264,162,175,185,237,241,239
"CG5916",0,3,0,1,0,5,0,0,1,0,0,3
"CG5921",19,10,9,9,16,12,18,12,20,14,18,10
"CG5928",6,3,0,6,3,1,2,1,4,5,5,2
"CG5934",298,247,304,342,361,438,280,247,330,350,441,360
"CG5937",0,1,1,0,0,2,2,4,0,0,3,0
"CG5938",9,20,15,15,15,21,19,7,15,15,15,17
"CG5946",18,22,12,19,29,18,19,9,33,21,11,22
"CG5953",264,727,294,127,89,67,609,699,74,56,73,78
"CG5958",2410,2626,1841,2337,2636,2329,2325,2650,2853,2522,3192,1960
"CG5961",0,0,0,0,0,0,0,0,0,0,0,0
"CG5966",46,57,47,12,4,9,85,81,19,7,1,8
"CG5968",0,0,0,6,13,8,0,0,0,5,6,8
"CG5969",156,176,178,260,261,277,210,219,255,230,297,196
"CG5973",17,15,12,8,7,10,12,12,3,5,7,5
"CG5984",34,39,52,19,24,26,32,20,21,15,12,18
"CG5986",4,0,1,0,2,3,0,2,3,0,2,0
"CG5989",0,0,0,0,0,0,0,0,0,0,0,0
"CG6000",0,0,0,0,0,0,0,0,0,0,0,0
"CG6005",0,0,0,0,2,0,0,1,0,0,0,0
"CG6006",12,9,6,4,2,10,6,11,8,4,1,5
"CG6012",124,86,56,71,71,86,130,32,124,76,205,77
"CG6013",271,231,261,360,352,385,227,200,291,379,375,290
"CG6015",0,0,0,0,0,0,0,0,0,0,0,0
"CG6023",15,14,8,20,13,15,13,6,6,1,8,10
"CG6026",21,7,15,302,335,343,20,8,27,18,178,16
"CG6028",1097,1234,1005,898,1089,965,1127,1088,1320,1256,1686,1152
"CG6034",0,0,2,1,0,1,0,6,4,3,6,2
"CG6040",716,1289,792,653,761,1011,827,823,617,772,1123,673
"CG6041",102,173,150,55,36,46,224,183,93,93,77,80
"CG6044",8,0,7,12,5,10,1,4,3,8,2,5
"CG6048",29,33,45,2,2,6,78,42,21,11,16,23
"CG6051",0,0,0,0,0,0,0,0,0,0,0,0
"CG6052",2,0,2,35,43,84,0,0,0,45,39,51
"CG6055",2,18,2,8,4,22,1,4,8,11,12,1
"CG6059",0,0,38,949,840,1104,0,1,3,758,701,630
"CG6066",54,36,43,47,37,72,51,59,48,70,70,61
"CG6067",59,153,83,32,26,29,144,65,70,49,39,61
"CG6071",11,12,10,54,24,74,7,17,3,252,207,245
"CG6073",0,0,0,0,0,0,0,0,0,0,1,2
"CG6083",260,226,275,928,824,907,296,249,158,749,561,628
"CG6094",0,0,0,0,0,2,0,0,0,0,0,0
"CG6106",0,2,6,4,2,3,4,4,7,0,11,2
"CG6118",0,0,0,0,0,0,0,0,0,0,0,0
"CG6125",3,5,5,0,1,1,2,16,0,1,2,6
"CG6126",3645,4089,3418,2159,2481,2294,3166,3082,3545,3127,3880,2866
"CG6136",0,0,0,0,0,0,0,0,0,0,0,0
"CG6138",5,0,28,701,668,770,0,0,2,537,551,500
"CG6142",922,1090,877,522,542,706,912,1062,1252,898,1281,960
"CG6144",0,0,0,0,0,0,0,0,0,0,0,0
"CG6149",0,1,0,6,2,10,0,3,0,154,62,144
"CG6153",0,0,0,0,0,0,0,0,0,0,0,0
"CG6154",85,96,107,150,121,177,130,76,97,177,125,140
"CG6163",1,0,4,1,0,0,1,0,0,0,1,0
"CG6168",4,0,0,0,2,4,1,1,0,8,3,5
"CG6171",0,0,0,0,0,0,0,0,0,0,0,0
"CG6178",932,1399,902,844,834,787,1107,1222,1385,1057,1244,896
"CG6179",52,95,91,142,105,142,89,97,93,113,132,108
"CG6180",1444,1475,1216,1538,1658,1568,1295,1328,1597,1406,1870,1358
"CG6184",0,0,0,2,7,0,0,0,0,0,1,0
"CG6191",57,37,67,40,32,43,50,63,68,47,62,53
"CG6195",325,336,265,355,362,404,336,330,367,326,394,334
"CG6204",294,323,308,283,326,313,205,254,223,264,306,246
"CG6209",0,0,31,780,746,1011,0,1,2,919,644,611
"CG6216",4,10,11,5,12,7,8,13,13,4,9,6
"CG6220",1,9,5,68,127,114,0,0,0,117,104,90
"CG6225",2,3,5,1,0,0,4,4,3,3,0,0
"CG6230",418,472,587,2123,2231,3065,464,434,406,2140,1992,1972
"CG6231",79,97,57,31,42,61,105,112,55,29,40,59
"CG6236",0,0,0,0,0,0,0,0,0,0,0,0
"CG6244",0,2,0,12,21,11,3,1,1,9,3,11
"CG6254",208,200,195,173,191,227,171,173,175,182,261,199
"CG6262",0,0,0,0,0,0,0,0,0,0,0,0
"CG6271",0,0,0,0,2,1,0,0,0,0,0,0
"CG6276",332,301,264,296,299,376,285,312,347,301,342,282
"CG6277",0,2,0,0,0,0,17,1,1,0,0,0
"CG6280",65,41,61,146,186,186,32,17,43,54,144,38
"CG6282",9,20,3,1,6,9,2,4,1,2,5,4
"CG6283",0,2,0,1,0,0,29,8,1,0,0,0
"CG6287",1558,1777,1325,1118,1309,1049,1218,1372,1383,1303,1882,1242
"CG6290",9,12,7,9,18,15,18,19,8,0,21,3
"CG6293",0,0,0,0,0,0,0,0,0,0,0,0
"CG6294",4,0,0,1,4,0,2,3,0,0,0,1
"CG6295",0,0,0,0,0,0,0,0,0,0,2,0
"CG6296",0,0,2,0,0,1,0,0,0,0,1,0
"CG6299",5,2,8,3,3,7,4,15,8,1,8,2
"CG6304",0,0,0,3,1,0,0,0,0,0,0,2
"CG6310",120,140,84,169,186,89,183,150,178,130,229,113
"CG6321",466,531,430,453,460,540,633,498,706,624,516,529
"CG6324",0,0,0,0,0,0,0,0,0,0,0,0
"CG6325",186,218,178,305,306,352,185,223,217,220,260,285
"CG6329",522,350,490,649,543,764,619,460,456,863,729,557
"CG6330",238,271,268,320,339,451,303,235,261,298,297,284
"CG6333",5,6,12,113,136,160,4,5,1,32,18,30
"CG6337",21,0,0,4,0,3,1,0,3,0,2,0
"CG6340",70,62,69,53,68,86,96,50,41,75,78,65
"CG6345",154,169,142,134,156,125,180,121,179,127,165,103
"CG6356",668,992,689,360,295,376,992,848,575,511,463,489
"CG6357",1832,2140,1700,1319,1479,1500,2372,2286,2287,1708,2100,1765
"CG6362",37,35,19,21,30,22,19,20,54,18,66,41
"CG6380",0,0,0,1,0,1,0,0,0,0,1,0
"CG6398",0,0,0,0,1,0,0,0,0,0,0,0
"CG6403",0,0,0,0,0,0,0,0,0,0,0,0
"CG6409",0,0,3,1,1,5,2,4,6,4,5,6
"CG6414",0,0,0,3,0,0,0,0,0,1,0,0
"CG6415",386,505,314,232,299,269,333,310,410,307,395,301
"CG6418",322,407,292,380,338,369,346,326,346,420,458,390
"CG6420",21,16,13,18,6,16,32,17,31,17,11,19
"CG6421",5,21,8,11,3,13,19,20,1,2,2,0
"CG6424",12,14,8,9,8,12,17,14,8,5,6,3
"CG6425",12,16,10,258,205,253,10,8,18,150,131,155
"CG6426",2271,2871,1803,1428,1889,1266,1974,2729,2795,1989,2233,1713
"CG6428",529,483,430,574,469,650,689,585,368,415,346,470
"CG6429",114,869,113,12,16,23,278,557,81,25,7,33
"CG6431",4,3,3,3,6,19,1,2,4,11,14,16
"CG6432",49,43,61,17,10,26,69,75,63,52,48,59
"CG6435",10,71,15,4,3,3,23,39,5,1,0,3
"CG6441",0,0,11,186,188,263,1,3,1,139,129,142
"CG6443",233,202,192,306,292,310,186,182,179,255,303,265
"CG6454",39,73,54,16,30,56,45,35,31,31,24,25
"CG6462",6,3,5,1,7,0,0,5,0,4,0,0
"CG6465",1032,1130,950,964,1099,994,883,925,1351,1240,1378,941
"CG6470",0,0,0,2,0,0,2,0,0,0,0,2
"CG6472",398,488,373,246,373,412,371,300,633,650,536,511
"CG6479",0,0,0,0,0,0,0,0,0,0,0,0
"CG6481",11,5,81,1391,1292,1621,10,2,5,1181,984,965
"CG6484",152,154,124,33,37,29,286,174,68,65,44,103
"CG6495",209,185,199,250,210,216,163,144,154,206,284,186
"CG6497",0,0,1,70,52,72,0,0,0,64,68,66
"CG6503",0,0,0,0,0,0,0,0,0,3,0,0
"CG6508",0,0,0,0,0,0,0,0,0,0,0,0
"CG6511",0,0,0,6,0,5,0,0,0,4,0,3
"CG6527",0,1,6,53,74,72,0,2,0,68,59,37
"CG6550",147,160,125,129,121,164,171,122,142,141,164,108
"CG6553",0,0,1,0,0,0,0,0,0,0,0,0
"CG6565",1,4,3,1,3,2,4,1,9,8,8,4
"CG6567",275,263,231,221,282,280,234,265,257,251,294,234
"CG6569",0,0,0,0,0,0,0,0,0,0,0,0
"CG6574",404,372,359,195,190,224,381,312,319,208,241,257
"CG6576",0,2,22,649,574,725,4,5,1,491,433,463
"CG6583",432,339,411,433,478,504,341,318,415,349,621,441
"CG6592",0,25,6,0,2,0,2,12,6,4,0,1
"CG6602",791,876,748,236,262,251,1205,920,1115,691,487,667
"CG6607",292,265,291,292,288,273,252,299,332,252,314,280
"CG6610",0,0,0,0,0,0,0,0,0,0,0,0
"CG6614",0,0,0,0,0,0,0,0,0,0,0,0
"CG6621",3,2,2,4,3,0,0,2,0,2,1,0
"CG6628",0,0,5,55,23,60,1,1,0,43,42,44
"CG6638",329,407,346,303,306,326,365,330,475,372,407,337
"CG6650",0,0,0,1,1,0,2,1,0,1,0,0
"CG6652",7,11,117,2796,2285,3175,8,7,5,2289,2009,1787
"CG6654",112,128,124,132,122,194,109,93,112,103,148,120
"CG6656",826,773,724,628,674,766,756,710,851,730,786,790
"CG6659",0,0,0,0,0,0,0,0,0,0,0,0
"CG6660",178,196,179,230,210,182,75,151,174,183,381,176
"CG6661",0,0,0,0,0,0,0,0,0,0,0,0
"CG6664",1,0,1,14,13,16,4,0,0,8,13,7
"CG6665",268,257,237,237,295,253,198,220,258,279,302,242
"CG6674",0,0,0,0,0,0,0,0,0,0,0,0
"CG6675",0,0,0,0,0,0,0,0,0,0,0,0
"CG6678",48,36,28,40,21,54,28,25,16,22,27,37
"CG6683",38,51,30,52,39,61,48,33,50,31,45,39
"CG6685",0,0,0,0,0,0,0,0,0,1,0,0
"CG6686",0,0,0,0,0,0,0,0,0,0,1,0
"CG6688",56,39,83,31,21,54,48,32,19,43,64,37
"CG6689",416,400,417,374,349,465,382,361,388,376,408,438
"CG6693",0,0,0,0,0,1,0,0,0,1,0,0
"CG6695",0,1,0,2,0,4,1,1,4,2,5,1
"CG6696",11,9,9,27,15,26,13,10,18,19,28,15
"CG6700",0,0,0,0,0,0,0,1,0,0,0,0
"CG6701",0,6,5,6,5,12,2,1,0,0,0,3
"CG6707",13,19,9,22,16,20,22,20,11,13,31,29
"CG6709",0,0,0,0,0,0,0,0,0,0,0,0
"CG6712",103,106,112,98,101,97,132,115,141,91,134,88
"CG6724",0,0,0,0,0,0,0,0,0,0,0,0
"CG6726",0,0,0,0,0,0,0,0,0,0,0,0
"CG6729",151,156,143,164,189,215,158,174,129,148,190,159
"CG6733",121,342,97,48,54,33,168,110,82,43,41,63
"CG6738",0,2,0,0,0,1,1,0,2,1,0,0
"CG6739",0,0,0,0,0,0,0,0,0,0,0,0
"CG6749",8,14,9,68,67,45,12,14,11,22,17,17
"CG6753",172,122,93,241,259,297,130,60,134,106,347,162
"CG6761",0,0,0,0,1,1,0,3,3,0,0,0
"CG6763",12,9,15,22,20,20,13,0,13,12,27,10
"CG6765",0,4,1,0,0,0,4,2,0,1,0,0
"CG6766",1022,1104,928,1121,1222,1119,814,837,978,1148,1170,958
"CG6769",0,0,0,0,0,0,0,0,0,0,0,0
"CG6770",8012,6841,6930,6493,7173,6724,9119,10695,6526,7093,7160,7487
"CG6785",2,12,7,9,11,12,4,7,2,4,5,2
"CG6788",0,0,0,0,1,0,0,0,0,2,1,0
"CG6790",4,7,104,2351,2113,3134,2,1,1,1835,1848,1627
"CG6791",111,99,86,123,118,143,98,86,123,114,133,84
"CG6793",8,5,9,11,23,3,5,2,5,4,8,6
"CG6800",8,6,12,6,6,18,11,6,9,4,6,8
"CG6805",0,0,0,0,0,0,0,0,0,0,0,0
"CG6813",11,6,4,11,13,10,13,6,7,14,15,17
"CG6830",370,580,321,115,184,241,484,413,194,127,225,135
"CG6833",0,0,0,0,0,0,0,0,0,0,0,0
"CG6834",203,261,137,164,250,233,136,96,175,135,353,164
"CG6836",198,227,232,135,163,187,162,157,141,111,126,151
"CG6839",1,0,0,2,0,0,1,0,0,4,1,0
"CG6843",138,110,109,118,143,174,121,114,115,126,161,120
"CG6845",0,0,0,0,0,0,0,0,0,0,0,0
"CG6847",0,0,0,0,1,0,0,0,0,0,0,0
"CG6865",0,0,0,0,0,0,0,0,0,0,0,0
"CG6867",110,121,116,151,102,127,89,96,79,118,189,113
"CG6870",5,0,1,1,5,2,3,5,0,0,5,2
"CG6873",0,0,13,343,297,337,0,0,2,188,201,211
"CG6878",512,469,431,938,868,839,519,530,698,645,757,755
"CG6885",0,0,0,0,0,0,0,0,0,0,0,2
"CG6891",1584,2121,1384,994,1281,1254,2152,2278,1687,955,1222,1256
"CG6893",0,0,0,0,0,0,0,0,0,0,0,0
"CG6901",18,31,33,5,0,1,46,21,23,0,6,5
"CG6908",2,0,1,0,3,0,0,5,2,0,0,0
"CG6912",326,643,263,121,130,135,752,677,504,260,258,296
"CG6923",19,36,38,29,11,15,24,25,31,30,27,22
"CG6927",26,21,13,5,0,8,10,7,14,5,1,4
"CG6928",0,0,0,0,0,0,0,0,0,0,0,0
"CG6931",5,6,5,258,221,286,0,2,7,192,221,175
"CG6933",0,0,0,0,0,0,0,0,0,0,0,0
"CG6937",157,161,143,144,131,133,155,149,174,123,171,118
"CG6938",0,0,0,0,0,0,0,0,0,0,0,0
"CG6951",0,2,0,0,0,0,1,0,0,0,0,0
"CG6959",0,2,0,0,0,0,1,0,0,0,0,0
"CG6961",135,156,181,404,410,441,152,179,160,323,362,285
"CG6962",61,74,66,95,104,117,61,80,84,72,107,73
"CG6966",723,1341,969,253,215,210,1154,1324,317,173,185,163
"CG6972",0,0,0,0,0,0,0,0,0,0,0,0
"CG6974",496,621,538,326,455,392,371,557,534,452,474,556
"CG6978",1,0,1,36,27,56,1,0,4,25,44,22
"CG6980",3,10,31,470,574,573,3,3,5,445,390,430
"CG6983",168,191,214,97,111,127,248,256,231,148,134,175
"CG6984",139,119,109,92,109,115,124,139,154,114,115,104
"CG6985",31,32,47,172,193,164,32,40,53,166,160,92
"CG6996",0,0,0,0,0,0,0,0,0,0,0,0
"CG6999",11,13,22,58,63,76,18,10,17,69,60,77
"CG7006",67,83,36,95,77,104,84,100,113,80,89,81
"CG7011",148,156,130,191,174,156,132,162,155,194,171,164
"CG7016",277,347,208,164,144,149,248,309,303,207,236,193
"CG7017",0,0,0,0,0,0,0,0,0,0,0,0
"CG7024",6,3,39,778,733,968,5,2,5,745,593,519
"CG7025",71,89,51,3,2,0,27,71,20,19,5,4
"CG7029",41,54,36,45,45,42,70,44,33,22,40,45
"CG7031",0,0,0,0,0,0,0,0,0,0,0,0
"CG7044",394,425,337,310,388,317,401,386,317,365,360,342
"CG7049",2,0,0,3,11,6,0,0,0,4,0,0
"CG7054",300,340,278,181,207,171,402,460,354,310,272,312
"CG7058",73,73,72,63,66,92,64,53,63,73,46,68
"CG7059",1,5,8,114,124,171,9,4,4,72,34,61
"CG7065",195,238,200,198,199,270,182,212,138,192,233,156
"CG7069",61,46,72,911,896,1289,35,35,15,1161,988,1007
"CG7071",0,0,0,0,0,0,0,0,0,0,0,0
"CG7079",16,36,22,4,6,1,32,33,10,6,1,8
"CG7080",0,0,2,1,3,5,0,0,0,0,0,1
"CG7083",293,325,316,265,260,270,327,382,349,314,398,301
"CG7084",0,0,0,0,0,0,0,0,0,0,0,0
"CG7091",13,24,7,17,14,18,14,17,15,24,25,16
"CG7094",0,0,36,857,792,915,0,0,0,524,532,540
"CG7099",71,110,112,144,156,189,73,83,66,114,107,81
"CG7101",49,17,38,26,26,32,37,25,27,24,30,15
"CG7102",1,0,0,0,2,0,0,2,6,0,1,0
"CG7110",1,0,6,1,0,0,0,0,0,1,0,0
"CG7115",0,0,0,0,0,0,2,0,0,0,0,0
"CG7120",0,0,0,0,0,0,0,0,0,0,0,0
"CG7126",3,0,0,0,4,1,1,1,3,1,3,0
"CG7130",159,168,97,168,176,148,157,138,165,114,153,123
"CG7131",23,16,134,2924,2498,3146,16,15,17,2409,2058,2024
"CG7133",276,232,225,249,221,215,277,300,232,239,315,236
"CG7135",258,291,265,324,339,413,229,201,296,256,407,312
"CG7137",76,76,83,138,139,143,72,77,72,143,159,133
"CG7139",358,442,397,340,290,383,387,354,225,285,396,289
"CG7140",2,0,42,932,842,1256,0,0,1,933,814,803
"CG7142",44,28,26,35,31,38,25,18,18,24,19,36
"CG7148",469,459,439,528,507,580,382,418,408,430,476,402
"CG7149",58,45,41,43,33,58,59,53,52,67,37,47
"CG7156",128,85,99,203,221,295,82,84,115,197,183,146
"CG7164",0,0,0,28,14,31,0,0,0,10,29,26
"CG7166",183,190,196,248,75,169,179,116,191,138,198,114
"CG7168",154,202,160,118,170,172,160,170,169,182,242,165
"CG7173",56,56,36,32,49,52,8,10,8,9,23,15
"CG7179",4,10,6,8,5,3,9,14,10,12,4,5
"CG7182",4,6,2,8,10,29,1,0,3,4,4,10
"CG7183",0,0,0,10,6,14,0,0,0,8,4,4
"CG7191",1,0,0,0,0,0,0,0,0,0,0,0
"CG7194",74,68,51,165,177,179,65,58,63,145,134,118
"CG7201",0,0,0,0,0,0,0,0,0,0,0,0
"CG7202",7,12,71,1467,1331,1663,0,5,9,1023,924,873
"CG7203",0,0,0,0,0,0,2,0,0,0,0,0
"CG7208",0,0,4,28,19,27,6,0,3,18,6,11
"CG7213",4,0,0,21,17,23,2,4,1,30,34,29
"CG7214",144422,137037,126538,119974,184780,187056,78988,74091,144170,138463,295695,126560
"CG7215",0,0,0,0,0,0,0,0,0,0,0,0
"CG7218",33,39,37,44,23,47,37,28,64,38,52,24
"CG7220",9,7,8,13,4,8,12,17,5,6,11,10
"CG7222",9,15,18,50,53,63,19,14,20,31,21,22
"CG7227",4,3,2,5,5,9,4,8,5,4,4,3
"CG7231",0,1,1,0,2,0,0,0,0,0,0,0
"CG7236",8,7,11,3,8,7,2,1,8,9,2,13
"CG7239",80,105,113,131,125,145,85,105,83,89,126,120
"CG7246",98,86,87,112,86,116,99,66,86,81,92,66
"CG7248",0,0,0,1,1,5,1,0,0,0,3,0
"CG7251",0,0,0,0,0,0,0,0,0,0,0,0
"CG7252",5,0,3,2,1,0,1,0,2,8,7,1
"CG7255",0,0,0,0,0,0,0,0,0,0,0,0
"CG7264",0,0,1,0,0,0,0,0,0,0,0,0
"CG7271",0,0,0,3,0,1,0,0,0,0,0,0
"CG7272",766,870,748,509,546,614,876,930,747,591,647,720
"CG7275",198,164,139,158,171,207,177,146,203,197,221,176
"CG7276",3,0,10,183,174,179,0,0,0,117,96,122
"CG7289",384,462,379,700,658,764,442,404,402,662,698,626
"CG7290",0,0,0,0,0,0,0,0,0,0,0,0
"CG7294",4,3,1,51,29,30,3,1,4,0,10,1
"CG7295",0,0,1,0,1,0,0,0,0,0,3,2
"CG7296",0,0,0,0,0,0,1,1,0,0,0,0
"CG7298",2,6,1,35,15,17,2,0,1,8,10,8
"CG7299",0,0,0,0,0,0,0,0,0,0,0,0
"CG7300",0,0,0,0,0,0,0,0,0,0,0,0
"CG7304",0,0,0,10,9,12,0,0,0,36,52,61
"CG7309",2,1,77,1961,1835,2516,0,0,0,1777,1463,1491
"CG7320",44,66,59,20,27,21,19,18,17,22,8,11
"CG7322",5,3,1,1,4,15,0,0,3,1,0,5
"CG7326",0,0,0,0,0,0,0,0,0,0,0,0
"CG7328",107,89,68,90,77,95,79,90,103,80,103,72
"CG7329",0,0,0,0,1,0,0,0,0,3,2,3
"CG7330",0,0,0,2,2,0,0,0,0,0,0,0
"CG7332",203,177,180,137,165,186,185,207,192,233,202,190
"CG7333",0,0,0,5,5,16,0,0,1,15,12,22
"CG7335",0,7,26,657,546,655,0,0,0,500,440,406
"CG7341",0,0,0,0,0,0,0,0,0,0,0,0
"CG7342",0,0,0,0,0,0,0,0,0,0,0,0
"CG7352",0,0,0,0,0,0,1,0,0,4,0,0
"CG7362",3,1,27,452,470,676,1,0,2,671,511,400
"CG7365",54,37,73,2,2,21,92,37,14,0,3,53
"CG7366",14,2,31,833,788,895,3,1,1,672,591,641
"CG7367",0,0,0,3,1,0,0,0,0,0,2,1
"CG7368",0,0,0,0,0,0,1,0,0,0,0,0
"CG7369",257,286,273,241,226,344,249,213,183,228,272,221
"CG7370",0,0,0,0,0,2,0,0,0,0,0,0
"CG7376",0,0,0,0,0,0,0,0,0,0,0,0
"CG7377",0,0,0,0,0,0,0,0,0,0,0,0
"CG7378",7,15,15,4,7,5,8,14,4,10,12,4
"CG7379",365,392,336,341,333,376,350,332,270,363,383,308
"CG7381",2,1,1,0,1,3,0,0,0,0,0,0
"CG7382",711,753,644,973,907,951,652,630,885,945,1093,740
"CG7384",216,349,148,69,52,57,229,242,87,50,35,73
"CG7386",48,62,48,179,190,155,56,62,41,136,151,107
"CG7387",2,2,50,1415,1354,1669,0,2,3,1018,842,806
"CG7394",0,0,1,0,1,1,2,2,0,5,0,0
"CG7402",1719,1888,2184,359,507,630,1248,2168,2406,2175,917,1883
"CG7406",20,12,18,62,36,32,14,11,37,19,51,23
"CG7407",257,343,304,284,258,289,323,289,290,224,260,221
"CG7408",2,1,0,0,1,0,4,1,3,0,2,0
"CG7409",1465,2490,1634,329,293,287,2461,2300,642,286,500,462
"CG7420",0,0,0,0,1,0,0,0,0,0,0,0
"CG7423",0,0,8,134,123,146,2,0,2,70,32,55
"CG7430",31,14,36,18,8,7,48,41,29,23,34,32
"CG7432",683,623,370,755,959,993,375,119,415,414,824,454
"CG7443",0,0,0,0,0,0,0,0,0,0,0,0
"CG7453",620,671,580,920,947,1088,578,621,526,811,867,801
"CG7457",29,15,15,11,9,5,18,24,28,17,13,14
"CG7458",150,135,109,64,63,87,132,94,62,58,78,49
"CG7460",0,0,0,1,0,1,0,1,0,2,1,0
"CG7465",14,18,17,7,16,19,1,1,1,8,13,9
"CG7483",401,416,350,460,388,401,447,454,441,462,581,445
"CG7484",164,198,132,238,223,270,148,155,195,235,267,222
"CG7488",249,241,229,232,264,220,216,202,236,205,267,190
"CG7492",669,808,665,875,881,1187,676,657,578,740,849,776
"CG7497",0,0,0,0,0,0,0,0,3,0,0,0
"CG7506",596,639,568,636,593,564,567,616,585,466,508,454
"CG7509",130,183,81,165,121,97,99,77,50,127,95,80
"CG7512",24,33,38,15,34,24,53,19,25,19,23,23
"CG7514",0,0,11,460,438,554,0,0,0,457,337,336
"CG7518",0,0,0,0,0,0,0,0,0,0,0,0
"CG7519",0,0,0,0,0,0,0,0,0,0,0,0
"CG7523",313,298,268,261,273,248,439,491,410,322,334,299
"CG7530",130,119,96,104,68,74,134,131,107,103,70,81
"CG7536",72,76,75,64,50,61,98,90,84,55,79,85
"CG7542",0,0,0,0,0,0,1,0,1,0,0,0
"CG7544",0,0,0,0,0,0,0,0,0,0,0,0
"CG7546",0,0,0,0,0,0,0,0,0,0,0,0
"CG7548",4,1,0,13,10,13,0,2,2,3,15,2
"CG7550",126,76,73,138,130,149,70,90,82,107,134,114
"CG7551",0,0,17,339,333,440,0,0,0,438,368,307
"CG7556",38,42,39,27,23,60,30,43,60,28,49,34
"CG7557",0,0,0,0,0,0,0,0,0,0,0,0
"CG7560",69,111,59,83,73,47,77,76,100,89,107,63
"CG7564",34,18,17,16,13,27,21,12,35,20,16,13
"CG7565",216,340,244,236,224,362,322,238,260,243,275,239
"CG7567",30,28,17,4,0,9,14,59,50,26,16,24
"CG7568",0,0,0,0,0,0,0,0,0,0,0,0
"CG7573",7,9,13,143,141,199,1,3,3,148,123,131
"CG7579",0,1,0,21,7,16,0,0,0,75,84,76
"CG7582",31,18,14,32,20,37,31,20,24,19,18,26
"CG7600",470,645,502,520,476,578,517,530,473,594,608,447
"CG7601",214,280,239,227,268,266,209,236,223,325,280,222
"CG7606",0,0,0,2,1,0,0,0,0,0,0,0
"CG7607",274,370,203,281,268,233,334,281,208,217,297,225
"CG7611",24,52,34,16,12,28,26,22,16,11,12,16
"CG7627",4,0,4,0,1,0,2,1,0,1,0,1
"CG7631",0,4,0,6,2,0,2,7,0,0,1,1
"CG7632",0,0,0,0,0,0,0,0,0,0,0,0
"CG7634",2,4,87,2248,1955,2940,0,2,1,1658,1358,1357
"CG7639",549,597,633,749,641,837,482,510,581,668,801,728
"CG7646",51,52,76,43,26,75,44,45,49,42,49,51
"CG7650",127,144,114,331,234,303,97,129,127,209,249,255
"CG7653",2,0,19,583,503,693,3,0,1,458,409,380
"CG7655",269,242,224,225,211,243,257,230,372,260,363,247
"CG7656",66,60,73,46,38,56,58,64,73,50,74,62
"CG7668",1,2,1,0,2,0,4,3,3,3,0,0
"CG7675",0,0,0,1,5,4,6,0,0,0,1,1
"CG7685",0,0,0,0,0,0,0,0,0,0,0,0
"CG7691",0,0,3,120,134,151,0,0,0,81,112,100
"CG7692",0,0,1,6,1,9,0,0,3,2,3,4
"CG7694",8,4,8,7,2,7,2,5,6,7,1,9
"CG7695",17,21,13,4,3,6,9,32,9,6,8,11
"CG7702",1,4,9,8,8,7,4,5,5,0,4,6
"CG7706",89,107,96,115,141,187,102,102,125,129,166,108
"CG7707",0,1,17,814,847,899,0,0,0,702,593,585
"CG7714",13,7,15,12,8,13,4,14,6,5,12,6
"CG7715",3,2,1,1,0,1,0,0,0,0,0,0
"CG7720",1,3,1,4,3,1,5,12,3,3,2,3
"CG7724",164,172,202,166,257,240,149,170,136,102,251,141
"CG7728",302,332,204,205,193,236,260,249,248,235,301,186
"CG7730",29,60,30,323,316,343,26,33,27,255,259,252
"CG7737",2,0,2,4,0,2,0,0,0,0,1,2
"CG7739",729,836,637,731,672,824,760,646,736,711,800,662
"CG7741",17,4,11,6,13,23,5,12,25,11,33,12
"CG7742",0,1,0,1,3,0,0,2,0,3,2,0
"CG7744",87,127,76,82,110,113,87,117,84,85,94,104
"CG7745",74,79,110,204,219,247,97,78,63,142,157,127
"CG7747",152,172,124,105,113,147,149,167,165,110,136,139
"CG7755",2,0,25,945,895,986,0,0,0,925,865,781
"CG7763",1,3,5,0,0,0,0,1,2,0,0,1
"CG7766",0,0,0,0,0,0,0,0,0,0,0,0
"CG7768",0,0,0,0,0,0,0,0,0,0,0,0
"CG7772",366,288,314,403,474,444,232,306,363,451,495,452
"CG7778",7,5,2,2,0,2,6,3,3,0,2,1
"CG7781",0,0,0,0,0,0,0,0,1,0,0,0
"CG7785",107,107,113,141,119,178,114,106,119,104,153,89
"CG7786",0,0,0,0,0,1,3,2,1,0,0,0
"CG7789",158,152,155,107,142,114,155,135,135,154,164,125
"CG7791",487,520,443,467,322,404,414,391,390,396,357,349
"CG7794",3,3,45,1259,1117,1424,3,1,6,1015,843,815
"CG7798",0,0,0,0,0,0,0,0,0,0,0,0
"CG7800",239,253,217,218,279,235,218,241,246,220,240,266
"CG7806",647,829,645,661,617,739,676,594,727,529,744,649
"CG7810",146,127,125,219,222,244,148,114,153,198,192,190
"CG7824",0,0,0,0,0,0,0,0,0,0,0,0
"CG7829",0,2,0,1,2,6,0,0,0,0,1,0
"CG7840",80,114,126,170,185,168,77,120,117,125,160,125
"CG7841",36,22,13,49,49,57,45,38,47,44,47,44
"CG7848",7,3,82,1456,1268,1876,0,3,5,992,849,793
"CG7849",67,43,65,112,88,90,75,84,63,89,118,83
"CG7856",1,0,30,857,793,989,0,0,0,673,657,674
"CG7857",213,185,173,371,339,413,201,172,229,353,425,333
"CG7860",0,0,0,1,7,1,0,0,0,2,1,2
"CG7872",384,359,365,405,445,444,265,265,304,455,554,436
"CG7878",428,462,412,548,541,696,485,522,413,553,633,488
"CG7879",19,24,12,23,18,23,26,9,24,15,30,15
"CG7881",0,2,0,0,0,0,3,0,0,0,0,0
"CG7882",9,8,3,10,1,4,2,3,7,10,6,5
"CG7884",0,0,0,0,0,0,0,0,0,2,0,0
"CG7886",15,0,185,4466,4334,6310,1,3,6,3507,3087,3089
"CG7888",141,141,100,67,54,63,104,104,81,65,83,97
"CG7889",111,122,96,119,131,137,147,135,118,123,168,143
"CG7896",165,165,157,190,289,341,136,67,140,120,347,107
"CG7900",67,87,64,45,46,49,134,159,140,66,57,112
"CG7903",0,0,0,0,0,0,0,0,0,0,0,0
"CG7906",0,0,0,0,0,1,0,0,0,0,0,0
"CG7907",0,0,0,0,0,0,0,0,0,0,0,0
"CG7910",0,0,3,2,0,0,0,0,0,0,0,0
"CG7912",16,26,19,15,16,6,13,13,29,11,13,13
"CG7914",60,59,56,68,45,52,55,47,67,48,67,59
"CG7916",7,6,8,12,14,14,7,0,1,6,8,10
"CG7920",0,0,1,28,56,90,0,0,0,25,22,37
"CG7924",30,16,31,5,3,14,35,44,47,10,10,29
"CG7943",6,1,5,12,8,2,9,4,5,8,2,7
"CG7945",194,177,219,499,470,615,228,175,202,429,430,469
"CG7950",0,0,0,0,0,0,0,0,0,0,0,0
"CG7953",0,0,0,0,0,0,0,0,0,0,0,0
"CG7963",0,0,0,0,2,2,1,0,2,2,1,0
"CG7966",845,1063,794,566,595,489,1054,1141,1323,987,1109,753
"CG7968",14,19,3,2,0,0,5,3,3,0,0,0
"CG7970",3,2,0,2,5,4,0,2,1,1,1,4
"CG7974",0,0,0,0,0,0,0,0,0,0,0,0
"CG7985",3,0,2,2,3,0,2,4,0,6,4,3
"CG7987",3,1,6,3,7,5,8,8,1,0,7,1
"CG7988",88,126,113,109,119,118,125,102,122,89,133,127
"CG7990",0,1,0,4,5,4,0,0,0,2,0,8
"CG7991",2,11,7,6,5,10,13,4,2,5,9,5
"CG7992",159,225,164,69,90,40,253,261,98,68,119,82
"CG7997",1,3,2,7,3,6,7,4,13,6,3,10
"CG8001",0,0,0,0,0,0,0,0,0,0,0,0
"CG8003",0,0,1,5,3,3,3,2,5,2,5,0
"CG8004",586,527,477,582,557,533,500,529,592,545,662,442
"CG8006",1,1,29,866,761,932,1,1,4,793,690,760
"CG8008",0,0,0,0,0,0,0,0,0,0,0,0
"CG8010",220,216,172,207,230,252,170,231,138,148,195,170
"CG8012",110,166,180,34,10,17,164,244,159,74,27,113
"CG8026",0,0,3,0,4,1,6,1,0,0,0,1
"CG8028",0,2,0,0,0,0,0,0,0,0,0,2
"CG8031",469,467,401,448,506,488,406,477,484,380,549,376
"CG8032",28,32,45,40,20,59,39,42,41,29,43,32
"CG8034",171,240,188,141,128,161,317,322,218,156,128,177
"CG8036",0,1,5,57,90,138,2,1,3,44,32,54
"CG8042",451,563,524,2211,2159,2747,463,542,379,2281,2008,1858
"CG8043",164,195,212,1801,1604,1953,211,157,179,1574,1494,1229
"CG8046",1,5,2,5,0,4,2,1,1,4,5,1
"CG8051",5,15,4,5,2,2,22,15,2,2,7,0
"CG8060",148,187,139,200,199,237,207,154,162,164,217,174
"CG8064",211,187,168,140,155,181,187,141,175,163,181,183
"CG8065",0,0,2,24,9,15,1,0,0,29,16,16
"CG8066",27,45,41,25,23,28,70,84,84,57,61,60
"CG8067",0,0,0,1,1,0,0,0,0,0,0,0
"CG8072",0,1,16,146,156,192,1,5,0,236,214,206
"CG8079",6,6,4,10,7,17,3,3,10,4,6,6
"CG8086",0,0,0,0,0,0,0,0,0,0,0,0
"CG8087",0,0,0,0,0,0,0,0,0,0,0,0
"CG8089",35,30,22,20,14,34,45,44,28,27,28,28
"CG8093",0,0,0,0,0,2,0,0,0,0,0,0
"CG8097",1,1,2,28,38,31,0,3,4,17,25,20
"CG8100",0,0,0,0,0,0,0,0,0,0,0,0
"CG8112",0,0,0,0,0,0,0,0,0,0,0,0
"CG8117",0,0,0,13,12,14,0,0,0,11,17,11
"CG8119",0,0,0,0,0,0,0,0,0,0,0,0
"CG8128",33,82,46,16,27,33,95,84,12,25,15,12
"CG8132",272,320,241,268,246,200,311,293,282,238,265,260
"CG8135",0,0,0,0,0,0,0,0,0,0,0,0
"CG8136",0,0,0,0,0,0,0,0,0,0,0,0
"CG8138",1,0,28,815,802,928,0,0,1,572,545,566
"CG8141",2,0,20,352,376,368,0,0,0,299,229,236
"CG8142",37,76,52,79,87,79,54,50,67,57,80,65
"CG8149",302,292,270,307,362,331,312,285,302,334,407,363
"CG8152",67,66,73,67,73,93,72,54,61,65,67,81
"CG8155",307,368,390,357,395,473,370,317,291,408,423,370
"CG8157",7,4,5,0,0,4,5,2,1,0,1,0
"CG8159",44,43,59,50,53,52,52,32,51,29,41,40
"CG8160",14,8,10,89,46,58,3,3,0,12,9,11
"CG8170",6,3,2,12,2,19,11,0,0,3,21,4
"CG8172",9,0,3,13,33,19,9,0,6,1,9,5
"CG8173",54,77,69,127,132,192,78,75,70,113,110,85
"CG8176",0,0,0,0,0,0,0,0,0,0,0,0
"CG8180",27,35,34,32,58,32,25,22,45,20,43,27
"CG8187",211,242,219,234,191,215,210,216,280,230,275,210
"CG8188",14,12,13,12,11,9,6,10,5,7,6,10
"CG8191",78,93,72,62,70,77,70,60,113,59,105,76
"CG8192",993,566,570,3201,3224,3629,649,352,953,603,3605,801
"CG8195",287,360,308,298,323,356,251,243,273,315,406,325
"CG8197",0,0,0,0,0,0,0,0,0,0,0,0
"CG8202",160,167,150,184,174,173,142,161,162,147,150,152
"CG8204",0,0,5,102,83,92,0,0,0,54,38,32
"CG8206",8,7,5,6,4,3,2,4,6,4,5,2
"CG8209",526,622,455,638,593,578,449,595,576,575,783,681
"CG8219",12,4,44,728,644,783,4,10,9,355,459,357
"CG8229",75,83,63,81,73,60,88,84,84,79,67,77
"CG8230",405,518,424,631,553,716,503,491,468,607,614,565
"CG8236",1,11,40,555,635,717,0,7,1,469,423,408
"CG8237",178,231,154,532,520,615,160,178,175,487,486,451
"CG8243",603,686,528,691,689,787,451,483,536,637,703,520
"CG8245",414,273,424,1250,1012,1497,227,164,200,830,882,814
"CG8248",0,0,0,0,0,0,0,0,0,0,0,0
"CG8249",57,98,54,44,42,48,104,73,103,80,72,80
"CG8252",3,2,30,565,497,553,8,2,2,479,455,421
"CG8260",0,0,0,0,0,0,0,0,0,0,0,0
"CG8272",0,0,0,0,0,0,0,0,0,0,0,0
"CG8281",111,83,103,110,138,117,90,112,68,110,114,96
"CG8289",0,0,0,0,0,0,0,0,0,0,0,0
"CG8292",8,24,72,1235,1115,1359,21,41,12,942,848,825
"CG8298",54,67,42,58,55,83,65,46,74,77,86,67
"CG8299",17,13,6,20,35,22,7,19,9,16,8,15
"CG8300",675,590,789,415,331,340,887,964,795,454,469,643
"CG8301",185,147,201,343,224,379,164,109,151,145,337,204
"CG8303",0,1,0,0,0,0,0,0,0,0,0,2
"CG8306",747,923,665,459,641,667,746,861,783,737,977,568
"CG8312",62,76,74,43,52,77,66,51,54,48,96,63
"CG8314",359,438,366,378,324,362,420,510,521,407,560,466
"CG8319",121,134,78,136,158,151,111,125,119,104,129,131
"CG8320",217,220,184,191,276,214,211,214,311,216,331,225
"CG8321",67,63,33,74,69,77,81,48,54,57,49,53
"CG8323",736,875,677,458,514,590,621,578,589,432,544,478
"CG8326",120,117,98,109,128,103,133,106,129,151,147,94
"CG8329",0,0,0,0,2,0,5,3,4,0,1,0
"CG8343",2,1,1,4,2,3,2,2,0,0,2,2
"CG8349",2,0,33,704,653,927,4,0,0,670,579,539
"CG8353",27,22,30,26,21,35,17,21,32,33,26,27
"CG8360",0,0,0,0,0,0,0,0,0,0,1,3
"CG8366",86,82,115,175,185,216,85,122,110,137,210,164
"CG8369",62,74,68,45,78,70,48,64,75,64,74,60
"CG8372",0,0,0,0,0,0,0,0,0,0,0,0
"CG8379",0,0,0,0,0,0,0,0,0,0,0,0
"CG8388",84,114,118,485,469,483,105,98,87,419,393,320
"CG8389",2,4,1,4,6,6,5,7,4,3,1,0
"CG8399",3,0,0,0,1,0,0,0,2,0,0,0
"CG8401",7,16,19,21,8,28,10,5,15,17,21,13
"CG8405",385,463,306,329,416,522,498,418,376,374,325,421
"CG8407",0,0,1,1,2,0,0,1,4,0,4,2
"CG8414",179,219,157,155,173,159,226,168,169,162,169,157
"CG8419",57,71,60,43,45,81,80,96,47,70,68,71
"CG8420",1,0,18,219,239,314,2,0,4,232,142,230
"CG8435",99,81,116,110,117,112,107,81,95,145,157,130
"CG8441",0,0,1,0,0,0,0,0,0,0,0,0
"CG8460",134,167,108,136,134,185,134,182,160,184,162,160
"CG8461",33,20,16,51,59,38,38,39,38,44,61,34
"CG8468",13,10,13,33,11,31,24,16,17,11,30,11
"CG8475",96,113,84,127,81,116,56,98,75,64,90,95
"CG8476",3,0,31,1040,902,1257,3,0,0,799,694,595
"CG8478",0,0,0,0,1,0,0,0,0,0,1,7
"CG8483",6823,13808,6020,470,227,273,11227,10867,979,202,338,709
"CG8490",0,0,0,0,0,0,0,0,0,0,0,0
"CG8492",192,187,179,109,92,179,137,146,194,231,255,210
"CG8500",11,5,7,7,3,5,2,6,4,7,8,3
"CG8501",25,19,19,18,12,5,18,37,34,8,15,14
"CG8507",771,877,618,687,703,703,613,640,634,649,789,636
"CG8508",1,0,33,829,917,1090,0,0,0,690,623,601
"CG8509",2,2,22,254,244,359,0,0,0,145,144,151
"CG8516",185,218,199,190,177,221,181,188,194,165,234,191
"CG8517",2,0,99,2512,2328,3197,0,0,1,2034,1701,1645
"CG8519",109,98,99,97,136,119,103,121,99,122,120,169
"CG8520",0,0,0,2,10,5,1,0,0,4,2,2
"CG8526",0,0,0,0,0,0,0,0,0,0,0,0
"CG8531",1263,1541,1252,2448,2201,2767,1082,1128,1249,2036,2109,1805
"CG8534",565,685,423,126,84,131,763,999,505,327,320,389
"CG8539",0,0,0,0,0,0,0,0,0,0,0,0
"CG8541",10,2,2,25,30,28,47,8,48,24,139,28
"CG8543",8,2,3,22,9,11,12,2,11,15,63,13
"CG8545",422,399,342,194,197,251,504,385,342,314,379,294
"CG8547",3,5,6,2,5,7,5,11,13,3,5,5
"CG8560",0,0,1,84,90,80,0,0,0,33,24,36
"CG8562",873,1275,843,285,394,58,1144,1482,1081,685,806,362
"CG8563",2,4,0,0,1,0,1,2,7,5,1,3
"CG8564",0,0,0,7,9,9,0,1,1,9,5,10
"CG8565",4,0,147,3697,3072,4506,0,1,4,2303,2319,2151
"CG8568",200,111,118,1803,1511,1515,98,36,148,152,998,135
"CG8569",145,175,156,213,228,258,158,124,128,207,171,179
"CG8578",1,11,4,10,12,25,7,4,4,8,18,18
"CG8584",0,0,16,405,419,449,0,0,0,455,322,316
"CG8586",35,39,34,43,60,50,36,37,51,33,54,24
"CG8607",48,49,39,40,39,49,61,30,50,31,32,59
"CG8611",6,8,10,3,3,1,0,4,1,2,5,2
"CG8613",802,843,801,802,803,870,758,808,724,776,793,780
"CG8617",153,136,176,501,527,499,134,161,164,455,420,306
"CG8620",0,0,0,0,0,0,0,0,0,0,0,0
"CG8630",4871,5753,5173,2461,2795,3255,5481,6244,6331,5191,6629,5511
"CG8635",0,0,0,1,0,0,0,0,0,0,0,1
"CG8641",52,48,41,77,60,97,77,60,52,84,70,79
"CG8642",23,147,7,3,0,1,131,121,14,0,0,0
"CG8646",174,182,200,94,143,150,136,147,241,154,192,161
"CG8654",11,12,24,49,43,71,8,16,9,21,26,31
"CG8661",5,14,13,0,0,0,37,21,1,1,0,3
"CG8664",0,0,0,0,0,0,0,0,0,0,0,0
"CG8665",89,151,90,204,171,300,206,164,149,257,230,190
"CG8668",0,0,0,0,0,0,0,1,0,1,3,0
"CG8671",38,46,38,14,14,32,4,7,3,10,6,8
"CG8673",3,4,17,307,275,408,4,4,7,404,310,265
"CG8675",153,150,102,145,128,99,124,155,166,132,159,102
"CG8677",3,0,1,3,0,0,0,0,2,0,3,1
"CG8679",193,239,169,109,95,144,221,214,202,149,137,134
"CG8701",13,0,358,9438,8405,10297,0,0,2,7820,6814,6694
"CG8708",0,0,2,0,0,0,0,0,0,1,0,0
"CG8726",0,0,0,0,0,0,0,0,0,0,0,0
"CG8728",1539,1778,1621,2540,2601,2839,1356,1297,1604,2436,2362,1986
"CG8736",11414,13560,8713,11027,14500,14644,8192,7652,13211,9401,24340,8788
"CG8738",163,146,155,79,92,75,187,268,222,178,176,174
"CG8745",681,825,711,359,311,330,721,625,740,466,564,426
"CG8746",0,0,34,1276,1225,1475,0,0,3,1106,1008,875
"CG8750",0,0,0,7,5,11,0,0,0,16,6,4
"CG8757",5,0,0,10,15,22,5,1,6,5,15,10
"CG8765",0,0,0,0,0,0,0,0,0,0,0,0
"CG8768",939,1026,811,826,781,790,1027,855,982,762,828,784
"CG8773",651,826,374,44,34,2,966,748,211,102,55,129
"CG8774",0,0,0,0,0,0,0,0,0,0,1,0
"CG8777",283,303,275,277,235,287,237,281,265,250,291,249
"CG8778",452,553,355,374,318,347,452,396,415,398,457,343
"CG8785",59,158,88,29,18,15,134,157,49,16,30,24
"CG8788",0,0,0,0,0,0,0,0,0,0,0,0
"CG8813",7,7,86,1847,1879,2244,3,8,5,1697,1420,1422
"CG8814",1294,1497,1155,833,850,880,1151,1400,1300,1006,1336,1033
"CG8818",1039,1077,1019,1076,946,1125,941,890,972,1150,1178,956
"CG8833",94,115,65,122,107,129,88,75,89,99,102,91
"CG8834",155,603,101,29,19,5,655,516,58,7,2,9
"CG8837",0,0,0,0,0,0,0,0,0,0,0,0
"CG8838",3,2,62,2013,1906,2281,1,0,0,1548,1394,1229
"CG8839",1,1,1,1,1,9,4,3,4,2,1,1
"CG8840",1,0,26,889,1083,1068,0,1,4,500,539,478
"CG8841",0,0,0,0,2,7,0,0,0,0,1,0
"CG8850",1,1,2,3,0,4,0,0,0,1,1,2
"CG8851",0,0,0,13,11,14,0,0,0,15,6,4
"CG8852",101,124,124,64,68,57,114,97,52,34,90,52
"CG8854",100,110,92,34,81,116,77,59,93,96,80,108
"CG8858",367,673,387,321,353,502,524,586,438,463,487,429
"CG8860",4,0,4,2,3,4,4,2,3,5,5,3
"CG8861",461,464,417,595,501,653,587,404,566,550,637,524
"CG8870",16,10,15,43,60,50,27,23,12,44,40,28
"CG8888",2859,2828,3022,2204,2968,2883,1822,2389,3524,2951,4134,3024
"CG8891",181,184,137,183,174,154,216,183,203,128,210,146
"CG8892",0,0,0,0,0,0,0,0,0,0,0,0
"CG8907",1,2,5,1,5,0,6,9,1,2,2,5
"CG8908",26,35,30,86,82,68,30,21,31,53,64,64
"CG8910",162,236,198,237,175,326,224,128,175,218,207,246
"CG8915",10,10,17,12,10,20,8,12,8,8,16,22
"CG8916",0,4,0,7,5,1,10,0,0,0,1,0
"CG8924",120,115,110,103,122,170,143,86,97,120,119,112
"CG8925",9,5,16,9,4,19,5,3,0,0,1,5
"CG8927",0,0,0,0,0,0,0,0,0,0,0,0
"CG8929",58,40,34,30,31,49,55,48,26,29,30,56
"CG8939",229,260,224,198,162,238,265,255,188,285,279,203
"CG8944",137,156,140,104,112,167,175,159,129,111,164,143
"CG8945",0,2,6,0,0,0,0,0,1,0,0,1
"CG8950",4,13,1,5,20,9,4,6,8,9,8,10
"CG8952",413,423,313,30,29,11,429,420,181,43,33,77
"CG8958",21,19,34,393,320,480,11,4,7,245,192,198
"CG8960",1,1,0,6,6,10,0,0,0,6,9,10
"CG8993",1102,1000,875,1231,1386,1189,1281,1171,1737,1291,1682,1255
"CG8997",0,7,4,2,4,1,0,2,1,2,0,0
"CG9003",28,27,18,26,15,27,26,21,13,21,28,21
"CG9004",142,154,122,168,108,170,164,121,123,176,183,127
"CG9008",0,0,0,0,0,0,0,0,0,0,0,0
"CG9010",5,0,43,1661,1443,1572,1,1,2,1323,1231,1104
"CG9014",0,0,0,0,0,0,0,0,0,0,0,0
"CG9016",0,0,0,0,0,0,0,0,0,0,0,0
"CG9018",39,51,45,57,50,46,51,55,67,41,47,36
"CG9021",0,0,0,0,0,0,0,0,0,0,0,0
"CG9029",0,0,0,0,0,0,0,0,0,0,0,0
"CG9030",2,1,22,415,411,495,0,0,0,337,307,322
"CG9040",0,1,0,1,0,1,0,0,0,0,2,0
"CG9044",27,14,7,4,15,11,11,7,10,7,10,12
"CG9062",0,0,0,0,0,0,0,0,0,0,0,0
"CG9067",86,83,89,139,131,144,73,74,72,68,88,66
"CG9068",5,0,0,3,4,1,0,0,1,2,3,2
"CG9072",3,0,14,344,250,273,1,0,3,188,185,177
"CG9083",0,0,0,0,0,0,0,0,0,0,0,0
"CG9084",1,6,2,0,0,1,4,2,0,2,2,0
"CG9095",1,1,4,5,5,11,2,3,4,2,15,3
"CG9098",0,4,1,0,1,0,0,0,0,0,0,0
"CG9101",0,0,8,353,268,434,0,0,0,261,252,224
"CG9106",0,0,0,0,0,0,0,0,0,0,0,0
"CG9107",3,10,16,26,22,20,9,8,15,18,18,11
"CG9109",0,0,0,0,0,1,0,0,1,1,0,0
"CG9114",123,151,134,123,127,125,91,111,131,152,139,127
"CG9117",21,47,14,38,57,36,46,35,37,25,42,41
"CG9119",656,758,586,309,341,343,874,840,664,544,566,576
"CG9121",10,1,1,0,2,2,1,1,3,1,4,2
"CG9123",32,37,28,160,129,133,20,24,23,96,96,71
"CG9130",0,0,0,0,0,0,0,0,0,0,0,0
"CG9132",12,11,23,12,14,20,24,18,13,8,22,25
"CG9133",0,1,0,11,9,21,0,0,0,22,12,13
"CG9135",31,28,35,43,46,29,39,39,54,14,28,38
"CG9143",165,157,114,97,82,108,190,143,147,145,163,110
"CG9147",0,0,0,0,0,0,0,0,0,0,0,0
"CG9150",149,120,144,287,358,377,142,105,199,136,432,169
"CG9154",0,0,1,0,0,1,0,0,0,1,0,0
"CG9164",5,10,16,20,13,17,12,14,12,15,14,11
"CG9166",6,4,6,1,1,5,9,1,3,5,9,3
"CG9168",1,0,0,1,0,6,0,5,11,40,16,58
"CG9171",120,100,106,83,60,99,127,136,116,136,122,91
"CG9173",1,1,55,1075,1142,1328,0,0,0,1048,804,895
"CG9175",0,0,0,0,0,0,0,0,0,0,0,0
"CG9184",0,0,0,0,0,0,0,0,0,0,0,0
"CG9192",162,156,180,458,309,426,188,186,241,170,226,209
"CG9205",0,0,0,0,0,0,0,0,0,0,0,0
"CG9213",0,1,0,0,0,0,0,0,0,4,0,0
"CG9215",100,101,102,115,105,151,93,94,101,107,152,86
"CG9222",0,0,65,1202,1169,1378,0,0,0,1141,1079,943
"CG9231",2,1,0,0,0,3,0,0,0,1,0,6
"CG9240",0,1,0,0,0,0,0,0,0,1,0,0
"CG9254",8,0,176,3945,3363,4510,0,0,0,3290,2935,2899
"CG9257",0,0,0,0,2,0,0,0,0,0,0,0
"CG9259",0,0,0,4,4,5,0,0,0,0,0,1
"CG9263",3,0,15,278,270,307,0,0,0,261,236,207
"CG9265",6,12,16,64,56,90,9,5,15,20,31,22
"CG9269",8,6,3,0,0,12,7,1,10,12,25,10
"CG9270",32,78,38,48,59,75,89,37,15,48,29,33
"CG9281",0,1,0,0,0,2,0,0,0,1,0,0
"CG9286",169,170,148,187,148,200,221,202,198,165,206,149
"CG9287",2,0,2,0,2,0,1,0,0,1,1,1
"CG9288",0,0,0,0,0,0,0,0,0,0,0,0
"CG9289",4,13,15,10,6,2,1,13,25,8,4,2
"CG9294",0,3,1,13,5,7,2,1,0,0,7,1
"CG9297",86,79,97,97,110,125,99,129,109,84,66,146
"CG9300",183,195,131,191,198,222,178,165,184,204,219,165
"CG9302",201,177,183,238,247,273,146,201,209,191,251,172
"CG9304",2,1,1,0,0,2,7,0,6,0,2,6
"CG9308",0,0,10,291,265,347,0,0,0,208,183,203
"CG9312",61,89,61,101,113,129,108,94,87,58,72,84
"CG9313",4,7,15,2,7,7,4,6,4,0,5,3
"CG9316",0,3,40,799,683,1025,1,4,4,853,704,575
"CG9328",210,260,231,240,263,381,303,259,245,287,305,325
"CG9330",1077,1255,1044,1060,913,1169,953,915,993,940,978,901
"CG9331",23,19,16,19,10,39,15,13,11,7,25,16
"CG9338",9,5,8,10,17,24,20,28,30,23,25,20
"CG9344",88,117,94,164,188,160,134,123,153,144,158,121
"CG9346",442,483,422,406,287,307,271,260,244,263,282,271
"CG9356",0,0,0,2,0,0,0,0,0,0,0,1
"CG9360",671,648,680,191,165,155,256,260,265,138,186,182
"CG9368",13,10,7,10,9,3,8,3,3,3,5,2
"CG9372",682,1047,661,399,414,292,894,1041,422,402,460,469
"CG9377",2,0,2,11,0,1,0,0,1,2,1,2
"CG9380",102,100,102,82,111,95,156,119,135,93,138,60
"CG9386",166,175,129,130,121,153,187,146,161,135,126,137
"CG9389",3,0,160,2834,2890,4099,0,0,0,2756,2337,2381
"CG9391",0,0,0,0,0,0,0,0,0,2,5,1
"CG9393",0,0,0,0,0,0,0,0,0,3,0,0
"CG9394",14,24,9,7,4,3,34,21,3,8,1,6
"CG9395",4,2,1,3,2,9,7,2,0,12,8,4
"CG9396",145,268,152,112,94,55,319,277,155,101,93,118
"CG9399",0,1,3,4,0,4,0,0,0,4,0,0
"CG9400",41,102,63,14,16,16,79,91,26,14,16,19
"CG9406",0,0,15,455,501,674,0,0,0,461,406,398
"CG9410",4,5,2,4,13,11,7,6,5,3,6,6
"CG9411",40,28,35,465,413,480,44,11,39,19,225,19
"CG9416",53,61,41,58,62,81,38,54,28,36,45,47
"CG9426",549,640,529,713,753,931,576,495,602,636,820,688
"CG9427",203,174,124,213,305,342,157,85,220,139,313,184
"CG9436",449,726,471,273,218,202,548,540,490,314,402,251
"CG9444",10,9,3,10,8,10,11,5,4,7,3,7
"CG9445",0,0,0,0,0,4,0,0,0,1,4,3
"CG9447",35,50,49,10,11,5,29,30,43,30,5,30
"CG9449",15,3,19,38,61,100,12,12,2,61,44,41
"CG9451",1,0,0,3,0,0,1,1,3,1,0,1
"CG9452",241,317,317,264,243,291,324,364,288,219,604,247
"CG9458",406,472,518,91,97,136,413,872,707,568,419,712
"CG9459",11,8,7,3,1,4,22,16,22,14,6,12
"CG9467",0,0,0,0,0,0,0,0,0,0,0,0
"CG9471",0,0,0,0,2,0,0,0,0,0,0,0
"CG9483",0,0,0,9,4,8,0,0,0,5,8,12
"CG9485",48,80,44,49,45,63,63,54,25,37,24,43
"CG9497",8,7,13,2,0,0,21,12,0,2,1,4
"CG9498",268,337,238,100,55,116,374,329,315,224,116,166
"CG9500",2,1,4,94,67,54,1,0,0,53,51,52
"CG9503",17,28,28,128,95,131,27,5,39,4,107,5
"CG9512",9,8,4,7,3,2,16,11,5,3,9,4
"CG9514",65,50,30,200,177,285,75,17,53,52,205,68
"CG9515",0,0,0,0,0,0,0,0,0,0,0,0
"CG9518",0,0,0,0,0,0,0,0,0,0,0,0
"CG9519",34,41,38,21,38,23,46,27,30,46,92,62
"CG9521",309,282,269,372,399,418,134,116,202,221,494,159
"CG9522",18,28,10,38,46,37,34,23,39,80,73,59
"CG9525",0,1,0,2,4,3,0,0,0,18,17,13
"CG9536",0,0,0,0,0,0,0,0,0,0,0,0
"CG9541",8,7,7,3,1,2,15,5,5,2,4,5
"CG9547",388,470,310,285,370,326,488,416,545,402,449,337
"CG9550",3,3,44,929,937,1182,0,2,1,851,734,680
"CG9555",0,0,0,0,0,0,0,0,0,0,0,1
"CG9568",503,533,378,730,833,551,940,644,662,547,880,464
"CG9570",5,0,93,2574,2161,2965,0,2,1,1573,1774,1496
"CG9577",1007,1112,849,695,706,658,519,481,574,556,806,590
"CG9578",257,279,195,370,359,324,267,223,262,299,353,282
"CG9581",416,451,354,663,661,802,417,359,382,604,568,589
"CG9582",0,0,0,3,3,1,0,0,0,3,0,3
"CG9586",0,0,0,0,0,0,0,0,0,0,0,0
"CG9588",226,241,222,250,236,263,235,255,277,262,280,224
"CG9590",345,365,367,533,496,580,339,369,466,495,522,437
"CG9592",0,0,9,210,198,199,0,0,0,207,164,161
"CG9593",9,15,3,9,7,7,3,8,9,3,5,5
"CG9609",98,75,76,111,87,129,96,74,77,102,105,89
"CG9616",370,332,170,336,407,279,176,184,187,167,225,158
"CG9624",34,73,86,821,831,1046,18,11,18,774,683,675
"CG9626",0,0,0,0,2,0,0,0,0,0,0,0
"CG9628",0,4,0,1,2,4,0,2,3,0,4,1
"CG9630",152,124,114,86,87,83,113,101,122,120,126,114
"CG9631",137,190,127,115,153,56,108,121,133,84,103,77
"CG9632",0,0,6,59,54,84,0,0,0,40,61,59
"CG9636",4,1,6,5,0,0,3,6,3,8,8,5
"CG9641",13,26,19,50,60,83,29,22,18,41,37,59
"CG9643",0,0,0,0,0,0,0,0,0,0,0,0
"CG9646",193,216,162,202,162,144,230,185,145,209,236,217
"CG9649",117,238,72,126,137,72,123,98,71,40,83,55
"CG9662",0,0,0,0,0,0,0,0,0,0,0,0
"CG9663",288,378,252,265,242,283,338,336,338,310,408,243
"CG9664",0,2,3,0,0,0,2,0,1,4,0,0
"CG9667",0,0,0,0,1,0,0,0,0,0,0,0
"CG9672",209,184,150,93,91,42,216,93,90,55,138,16
"CG9673",2,5,5,0,0,0,1,3,2,0,0,0
"CG9674",1,1,3,12,2,6,6,2,0,2,4,1
"CG9676",3,3,2,5,1,1,2,2,0,0,0,0
"CG9682",0,0,0,4,10,17,0,0,2,2,7,6
"CG9686",2344,3779,2941,1735,1526,1675,3236,3551,1908,1575,2086,1682
"CG9689",51,30,45,54,110,87,26,48,47,60,74,45
"CG9691",0,0,0,0,0,0,0,0,0,0,0,0
"CG9692",0,0,0,0,0,0,0,0,0,0,0,0
"CG9698",0,0,0,2,0,2,4,0,1,1,2,8
"CG9701",1989,4886,2213,802,801,714,2220,2965,1058,750,1560,739
"CG9702",0,0,0,1,0,0,0,0,0,14,4,20
"CG9705",0,0,0,0,0,0,0,0,0,0,0,0
"CG9706",0,0,0,0,0,0,0,0,0,0,0,0
"CG9717",227,308,334,133,129,89,313,288,70,36,90,104
"CG9727",160,152,148,102,104,168,175,140,153,165,139,139
"CG9733",0,0,0,0,0,0,0,0,0,0,0,0
"CG9737",144,163,152,137,193,218,100,101,171,126,277,161
"CG9743",507,603,478,293,263,285,517,534,376,331,386,257
"CG9747",0,1,2,3,4,7,1,0,0,0,0,1
"CG9752",88,94,48,45,63,36,82,72,69,52,68,72
"CG9757",0,0,0,0,0,0,0,0,0,0,0,0
"CG9759",0,0,0,0,2,0,0,0,0,0,0,0
"CG9760",0,0,0,0,0,0,0,0,0,0,0,0
"CG9775",30,26,18,10,9,14,20,11,16,24,30,10
"CG9776",178,217,183,198,189,239,202,209,196,216,244,232
"CG9777",12,10,36,532,428,491,3,3,2,175,197,179
"CG9782",1417,1398,1137,1275,1853,2252,1108,750,1004,1368,2848,1202
"CG9784",31,39,23,37,34,36,36,31,44,38,34,29
"CG9795",46,50,51,27,46,41,41,41,51,43,47,33
"CG9799",204,249,156,165,168,220,240,177,184,209,197,184
"CG9801",13,15,5,20,16,37,16,10,7,9,8,26
"CG9806",0,0,1,3,2,4,0,0,0,1,0,0
"CG9812",92,138,149,46,61,70,79,102,90,75,107,70
"CG9813",12,3,5,1,0,8,3,4,1,4,5,3
"CG9815",15,9,11,15,20,27,16,12,17,15,24,15
"CG9822",3,12,10,6,6,7,17,16,31,23,26,16
"CG9825",12,42,3,12,16,1,32,39,1,0,0,0
"CG9826",0,0,0,1,2,0,0,0,0,3,0,0
"CG9837",15,10,29,27,16,18,11,13,23,25,17,9
"CG9839",0,0,0,0,3,0,0,0,0,0,0,1
"CG9849",0,2,1,1,0,2,4,1,5,6,3,3
"CG9853",0,0,2,39,11,27,2,7,0,7,9,16
"CG9855",0,0,0,0,0,0,0,0,0,0,0,0
"CG9861",3,0,97,2648,2457,3453,2,0,0,2443,2180,2050
"CG9863",0,0,10,218,224,229,3,0,0,169,172,177
"CG9864",0,3,2,0,0,0,1,0,0,0,1,1
"CG9875",0,0,0,0,0,0,0,0,0,0,0,0
"CG9876",65,35,54,42,64,82,40,50,41,37,67,54
"CG9877",6,0,2,2,2,1,1,0,1,1,2,0
"CG9886",13,8,9,6,11,9,1,10,11,5,7,6
"CG9890",116,123,115,120,118,158,112,95,108,115,151,122
"CG9896",721,799,764,359,404,447,772,710,435,494,492,444
"CG9897",0,0,0,0,0,0,0,0,0,0,0,0
"CG9899",2,2,12,152,168,150,0,2,1,153,135,109
"CG9902",14,11,6,11,22,18,7,6,11,10,12,9
"CG9903",25,31,17,14,18,2,27,22,16,22,23,6
"CG9915",0,0,3,0,0,1,3,1,3,3,5,1
"CG9917",0,0,0,0,0,0,0,0,0,0,0,0
"CG9919",0,0,0,0,0,0,0,0,0,0,0,0
"CG9920",16,49,321,7770,7597,9498,26,27,20,6071,5683,5313
"CG9921",1,0,4,3,4,9,3,4,3,1,6,5
"CG9922",0,1,3,117,131,216,0,0,0,112,92,123
"CG9926",0,0,0,0,1,5,0,0,0,0,0,0
"CG9928",0,0,0,0,0,0,0,0,0,0,0,0
"CG9932",0,0,0,0,0,0,0,0,0,0,0,0
"CG9933",241,246,219,511,481,546,244,260,275,444,510,389
"CG9945",0,0,0,0,1,1,0,0,0,2,1,1
"CG9948",0,0,0,1,3,1,0,0,0,2,7,1
"CG9951",239,255,210,216,290,260,202,186,171,229,272,204
"CG9953",3009,3598,2334,2264,2319,1931,3359,3428,2660,2296,2913,2106
"CG9961",0,0,0,0,0,0,0,0,0,0,0,0
"CG9962",0,0,9,102,81,85,0,0,0,61,39,63
"CG9967",0,0,0,0,0,0,0,0,0,0,0,0
"CG9970",1,0,55,1317,1322,1563,0,0,0,889,811,750
"CG9981",0,0,1,0,2,0,1,0,0,0,0,0
"CG9986",96,86,109,155,157,200,95,109,99,113,148,128
"CG9988",69,156,89,50,66,41,88,91,96,47,50,21
"CG9992",3,6,3,6,0,10,8,13,9,13,3,6
"CG9993",29,67,16,8,1,0,43,90,46,21,7,44
"CG9997",0,0,0,0,1,0,0,0,0,16,8,36
"CHES-1-like",49,42,50,54,34,44,54,37,15,57,34,44
"CHKov1",592,633,631,501,520,579,677,566,570,530,636,588
"CHKov2",282,404,309,190,250,273,270,312,298,266,295,329
"CHMP2B",217,203,192,344,304,291,231,242,250,302,272,279
"CHOp24",0,0,0,0,0,0,0,0,0,0,0,0
"CIA30",639,681,587,646,693,611,654,600,707,656,678,587
"CIAPIN1",267,303,248,381,379,459,341,318,346,375,478,397
"CLIP-190",529,500,622,375,435,485,449,544,579,503,677,556
"CLS",0,0,0,0,0,0,0,0,0,0,0,0
"CNBP",5,2,6,31,41,60,7,4,4,43,35,36
"CNMa",0,0,1,1,0,0,0,0,0,0,0,0
"CNMaR",33,30,55,70,61,71,67,72,56,69,55,56
"CNPYb",166,197,161,219,212,213,155,196,204,185,229,208
"CNT1",3,0,40,851,723,1082,2,3,0,547,604,544
"CNT2",0,0,0,0,0,0,0,0,0,0,0,0
"COX1",850736,977184,752379,654693,635228,643887,849045,742765,859127,521390,567698,537356
"COX2",232560,302802,278112,163354,155080,150369,203439,180664,260434,209531,221571,142206
"COX3",468039,507634,403628,381249,394199,388871,510675,461071,505667,331269,341673,331996
"COX4",43,27,37,24,30,34,19,27,52,20,17,42
"COX4L",0,0,0,0,0,0,0,0,0,0,0,0
"COX5A",0,4,0,2,1,0,4,0,0,0,1,0
"COX5B",23,24,19,9,17,19,34,24,23,28,20,17
"COX5BL",0,0,0,0,0,0,0,0,0,0,0,0
"COX6AL",5,0,28,596,550,661,2,0,2,380,386,398
"COX6AL2",0,0,3,12,17,31,0,0,0,16,4,14
"COX6B",19,28,19,14,9,26,23,10,9,17,25,22
"COX6CL",0,0,0,0,0,0,0,0,0,0,0,0
"COX7A",3,1,2,9,10,5,5,1,2,7,6,12
"COX7AL",7,2,30,914,963,1090,6,1,4,859,808,766
"COX7AL2",0,0,2,0,0,0,0,0,1,0,2,0
"COX7B",6854,6131,5777,6907,7587,6997,8691,8396,8186,5134,5048,5992
"COX7C",0,0,2,0,2,0,0,0,0,1,0,0
"COX7CL",1,2,18,514,668,666,0,2,10,247,280,318
"COX8",0,0,0,0,0,0,0,0,0,0,1,0
"CPT2",453,536,409,355,360,375,419,450,448,381,446,375
"CRAT",3,7,1,7,5,6,5,4,2,12,10,21
"CREG",0,0,1,0,0,0,2,0,0,0,0,0
"CRIF",392,346,308,329,421,371,547,493,569,508,585,451
"CRMP",1,0,0,0,0,0,1,0,0,0,0,0
"CROT",11,8,4,3,4,5,2,3,0,1,0,4
"CSN1a",1,0,24,602,550,747,0,0,0,531,458,459
"CSN1b",408,427,378,485,485,595,404,485,399,527,526,435
"CSN3",347,494,384,421,493,553,402,426,405,408,465,354
"CSN4",3,0,1,11,2,10,0,0,0,1,3,5
"CSN5",0,0,0,0,0,0,0,0,0,0,0,0
"CSN6",383,342,332,401,359,448,344,324,380,394,472,352
"CSN7",474,500,406,644,606,696,475,478,496,513,689,625
"CSN8",228,228,199,218,272,221,245,212,272,210,281,213
"CTCF",154,206,186,115,148,200,158,150,154,147,180,174
"CYLD",0,3,0,0,0,0,2,1,0,0,0,0
"CYTB",436414,491145,396064,321434,211311,224905,359246,347393,442162,222954,274044,208585
"Ca-Ma2d",567,538,528,575,526,672,595,554,679,647,613,591
"Ca-alpha1D",12,21,13,20,19,27,13,9,21,14,15,18
"Ca-alpha1T",264,256,270,330,245,449,376,206,207,422,367,329
"Ca-beta",373,343,425,439,401,528,451,371,465,514,428,456
"CaBP1",0,0,0,0,0,0,0,0,0,0,0,0
"CaMKI",25,21,7,9,6,27,16,22,10,11,15,8
"CaMKII",69,77,52,54,49,54,61,69,50,35,51,51
"Cad74A",1,3,0,0,0,0,0,0,0,0,2,0
"Cad86C",0,0,0,0,0,0,0,0,0,0,0,0
"Cad87A",524,610,586,425,499,718,566,480,377,461,673,507
"Cad88C",18,2,14,50,39,54,10,6,5,3,11,7
"Cad89D",16,11,14,20,14,38,5,5,13,12,17,10
"Cad96Ca",553,651,537,556,574,731,475,424,407,379,554,366
"Cad96Cb",0,0,0,0,0,0,0,0,0,0,0,0
"Cad99C",0,4,4,0,3,0,0,4,2,6,5,2
"CadN",0,0,0,1,0,0,0,1,0,0,0,0
"CadN2",1,5,2,5,4,3,4,0,4,0,6,4
"Cadps",3,0,0,0,0,1,0,0,0,0,0,2
"Caf1-105",24,54,60,192,200,242,39,39,36,200,162,196
"Caf1-180",120,122,68,51,57,62,115,104,71,81,98,54
"Caf1-55",0,0,0,0,0,0,0,0,0,0,0,0
"CalpA",77,89,117,47,76,63,83,90,86,79,84,84
"CalpB",107,109,121,54,52,84,67,97,61,68,50,80
"CalpC",290,353,348,222,329,347,292,342,343,302,375,279
"Calr",0,2,5,2,4,0,2,1,8,1,0,1
"Cals",15,24,21,22,16,25,32,19,29,17,19,17
"Calx",60,90,109,85,46,102,93,69,48,46,46,69
"Cam",1819,1448,1626,2129,1613,2378,2141,1546,1486,2756,2354,1737
"Camp",8,7,14,4,14,6,5,11,6,1,8,8
"Camta",322,293,310,218,223,325,295,224,207,248,286,274
"CanA-14F",131,102,125,185,195,215,191,157,142,226,200,154
"CanA1",29,40,49,21,4,11,59,40,12,34,8,34
"CanB",2,9,2,11,8,8,5,6,5,4,8,8
"CanB2",489,529,455,453,352,465,492,482,472,361,514,386
"Cand1",0,0,0,0,0,0,0,0,0,0,0,0
"Cap-D2",57,74,59,30,49,32,63,61,49,29,52,34
"Cap-D3",0,0,0,0,0,0,0,0,0,0,0,0
"Cap-G",9,6,3,3,7,8,47,28,30,27,24,29
"Cap-H2",2,0,0,0,0,3,0,0,0,0,0,0
"Capa",92,68,71,102,102,122,117,84,100,76,93,108
"CapaR",0,0,0,0,0,0,0,0,0,0,0,0
"Caper",22,8,9,12,6,13,8,7,8,10,13,8
"Capr",0,0,0,7,3,9,0,0,0,0,4,5
"CarT",8,11,9,20,4,4,12,4,15,14,11,7
"Cat",9084,10865,9034,7080,7240,7195,9058,10681,10811,10839,13794,10185
"CatB",0,0,0,0,0,0,2,0,0,0,0,0
"Catsup",607,711,598,774,699,845,608,629,658,747,918,717
"Cbl",225,230,283,304,254,315,233,200,232,227,253,220
"Cbp20",128,154,136,290,319,312,166,138,156,192,304,238
"Cbp53E",1424,1543,1619,1645,1288,1937,1724,1227,1252,1526,1346,1554
"Cbp80",0,0,0,3,10,6,19,6,6,11,4,5
"Cbs",10,17,5,12,5,16,10,3,13,4,18,15
"Cby",4,2,0,16,11,26,1,1,2,7,4,18
"Cc2d2a",6,9,13,142,130,138,5,8,8,79,70,65
"Ccdc114",12,1,9,12,6,16,7,7,6,35,20,27
"Ccdc39",3,9,36,1057,988,1408,5,5,6,791,805,684
"Ccdc56",0,0,0,0,0,0,0,0,0,0,0,0
"Ccdc58",1,1,0,0,1,3,0,0,1,0,2,0
"Ccdc85",126,145,138,110,136,183,104,119,110,175,181,144
"Cchl",5,4,2,8,7,4,5,1,2,6,0,9
"Ccm3",517,526,456,532,500,555,580,511,555,568,734,589
"Ccn",252,172,274,266,193,322,239,208,170,251,237,305
"Ccp84Aa",9,15,4,11,19,22,11,5,32,11,29,13
"Ccp84Ab",49,115,33,44,64,81,68,55,54,45,89,40
"Ccp84Ac",10,8,10,15,13,10,8,4,4,4,15,6
"Ccp84Ad",121,122,79,47,87,86,15,22,49,49,49,33
"Ccp84Ae",9359,11102,8676,1436,1516,2681,5014,4944,8886,8910,1946,6426
"Ccp84Af",44,22,11,6,15,16,22,7,26,28,14,30
"Ccp84Ag",5678,5435,4243,1675,2290,3031,4170,3320,6321,4912,2651,4592
"Ccs",2,1,1,0,0,2,5,0,4,0,1,1
"Ccz1",233,206,164,227,270,236,166,180,183,223,268,223
"CdGAPr",7,1,3,2,8,2,3,5,2,3,8,7
"Cda4",315,422,222,619,550,686,346,265,340,205,592,268
"Cda5",91,117,86,99,68,249,58,36,84,68,96,50
"Cda9",1,0,0,0,1,2,1,0,0,0,4,2
"Cdc14",116,185,154,97,81,121,109,161,109,109,93,129
"Cdc16",112,130,140,170,184,224,130,118,162,133,127,131
"Cdc23",0,0,0,1,1,2,0,0,0,0,1,0
"Cdc27",12,12,5,15,25,8,21,10,13,13,22,9
"Cdc2rk",158,154,112,151,153,170,111,129,155,149,172,139
"Cdc37",501,619,451,892,832,1080,524,544,557,954,1053,861
"Cdc42",0,0,0,0,0,0,0,0,0,0,0,0
"Cdc45",207,311,239,167,144,135,213,197,209,195,185,167
"Cdc5",0,0,0,2,0,0,0,0,0,2,0,0
"Cdc50",158,169,145,158,171,167,124,162,184,158,194,181
"Cdc6",40,43,47,39,27,31,42,32,39,18,31,27
"Cdc7",0,0,0,2,0,1,0,0,0,0,3,1
"Cdep",634,695,602,801,734,1000,590,398,500,654,693,550
"Cdk1",101,69,66,176,124,183,81,73,77,90,138,106
"Cdk12",88,102,77,57,75,91,96,108,106,103,51,69
"Cdk2",0,0,0,0,0,0,0,0,0,0,0,0
"Cdk4",34,41,30,22,20,19,22,41,19,23,25,35
"Cdk5",339,375,332,345,359,372,380,336,343,333,396,353
"Cdk5alpha",13,8,8,7,8,22,4,5,8,1,6,10
"Cdk7",115,163,111,112,123,121,125,147,124,134,140,129
"Cdk8",46,46,39,69,49,49,53,35,39,46,53,57
"Cdk9",222,301,218,227,224,298,179,177,204,237,252,206
"Cdlc2",0,0,0,0,0,0,0,0,0,0,0,0
"Cds",0,0,0,8,0,3,0,0,0,0,1,1
"CecA1",0,5,0,32,3,6,4,1,4,3,4,9
"CecA2",0,0,1,10,6,0,0,1,0,0,2,1
"CecB",0,0,0,15,6,1,7,3,12,0,5,12
"CecC",5,8,9,43,18,27,11,15,23,9,17,27
"Ced-12",240,252,219,272,236,261,228,238,272,218,238,221
"Cen",3,17,3,6,5,8,7,7,5,1,13,1
"CenB1A",88,159,77,82,91,106,74,81,81,70,74,78
"CenG1A",99,128,133,105,118,132,98,74,58,99,83,97
"Cenp-C",0,0,0,0,0,0,0,0,0,0,0,0
"Cep135",0,2,0,0,0,0,2,0,2,0,0,0
"Cep164",0,0,0,0,3,0,0,0,0,0,0,1
"Cep290",0,0,0,4,9,15,0,0,0,9,2,3
"Cep89",0,7,2,74,80,74,7,0,1,64,56,65
"Cep97",81,70,75,190,148,250,74,52,47,192,193,200
"Cerk",199,430,287,79,53,85,340,314,63,48,67,87
"Cf2",10,39,11,18,25,15,19,17,36,19,27,17
"Cfp1",0,0,0,0,0,0,0,0,0,0,0,0
"Cftr",23,27,22,13,9,19,26,32,8,9,2,14
"ChAT",219,195,198,178,148,266,217,202,225,192,199,206
"ChLD3",227,129,91,1043,815,1053,103,22,116,129,678,135
"ChT",330,250,324,334,268,490,447,292,348,517,405,422
"Charon",216,190,187,176,154,188,305,330,261,170,212,246
"Chc",3,4,1,3,3,8,1,0,2,3,0,0
"Chchd2",12,5,8,21,13,19,23,23,10,4,10,22
"Chchd3",4256,4162,3621,3546,3374,3398,3814,3367,4296,3431,3717,3316
"Chd1",7,9,13,21,24,13,9,2,18,17,15,5
"Chd3",18,25,18,117,86,121,16,28,15,44,66,74
"Chd64",714,852,635,596,836,808,731,1109,733,512,737,863
"CheA29a",3,0,4,0,1,2,0,1,0,8,6,3
"CheA46a",0,0,0,0,0,2,0,0,0,0,0,2
"CheA56a",0,0,0,0,2,0,1,0,0,2,2,0
"CheA75a",100,228,210,22,38,40,119,282,160,97,43,190
"CheA7a",234,424,393,75,131,77,224,501,360,153,103,234
"CheA84a",0,2,3,0,2,1,2,4,0,0,2,1
"CheA86a",0,0,3,2,1,0,0,0,0,2,0,0
"CheA87a",2,6,8,5,4,0,4,16,5,0,0,0
"CheB38a",0,2,0,0,2,0,0,0,3,0,0,0
"CheB38b",0,3,0,0,3,0,1,1,2,1,1,0
"CheB38c",7,19,6,4,4,8,6,10,4,1,12,0
"CheB42a",0,7,5,0,0,0,0,4,4,0,1,0
"CheB42b",7,6,3,0,0,1,9,23,7,1,0,3
"CheB42c",18,38,42,13,10,11,18,28,19,13,7,21
"CheB53a",5,4,10,2,4,0,6,11,7,5,10,6
"CheB53b",0,0,0,1,0,0,0,0,2,1,1,2
"CheB74a",0,0,0,0,0,0,0,0,0,0,0,4
"CheB93a",0,0,0,0,1,4,0,0,0,9,0,6
"CheB93b",1,0,0,0,0,0,2,0,0,0,2,2
"CheB98a",0,0,0,5,0,2,0,1,3,2,0,1
"Chi",1,2,2,0,5,4,0,1,0,0,2,1
"Chmp1",26,38,26,33,32,21,23,30,34,18,29,26
"Chpf",31,25,15,16,17,22,25,14,17,10,12,13
"Chrac-14",24,33,15,12,6,18,33,31,26,11,31,12
"Chrac-16",0,0,0,0,0,0,0,0,0,0,0,0
"Chro",0,2,1,0,2,0,0,0,0,1,0,1
"Chs2",0,0,0,0,0,0,0,0,0,0,0,0
"Chsy",15,34,27,14,11,27,18,15,13,7,20,16
"Cht10",0,0,0,0,3,4,1,1,0,0,0,0
"Cht11",129,135,120,122,128,164,126,144,131,116,135,98
"Cht12",3,3,76,1957,1805,2282,0,4,0,1621,1398,1219
"Cht2",11,19,17,20,18,17,15,25,8,14,16,14
"Cht4",3,5,3,30,137,26,38,5,17,32,54,35
"Cht5",1460,3451,1218,941,801,1042,3914,2702,1021,1023,835,798
"Cht6",0,0,0,0,0,0,3,0,0,2,1,2
"Cht7",3058,3303,2891,2560,3517,4097,2238,2046,3586,2858,5007,2928
"Cht8",77,147,114,441,390,84,94,90,42,48,34,40
"Cht9",3,1,1,0,2,0,3,1,1,0,1,4
"Ciao1",365,344,279,352,355,297,363,365,385,364,397,368
"Cib2",17,13,19,16,14,11,9,23,14,7,22,23
"Cip4",0,0,0,0,0,1,0,0,4,0,0,0
"Cipc",220,107,250,63,54,59,226,134,69,42,50,57
"Cirl",0,1,1,0,0,5,0,0,0,0,0,0
"Cisd2",1895,1737,1585,1782,2099,1838,2005,1871,2515,1789,2392,1923
"Ciz1",0,0,0,0,0,0,0,0,0,0,0,0
"CkIIalpha",12,8,12,12,10,7,13,16,23,9,11,15
"CkIIalpha-i1",76,74,69,83,97,86,75,49,56,83,94,63
"CkIIalpha-i3",7,2,12,2,5,8,7,3,11,9,11,5
"CkIIbeta",611,463,539,532,469,635,639,520,534,617,592,492
"CkIIbeta2",8,3,37,668,699,750,5,0,9,482,469,416
"CkIalpha",541,399,380,425,416,478,649,559,485,507,523,445
"Cka",2,8,7,26,31,35,3,1,2,23,14,26
"Cks30A",27,46,28,134,119,140,28,18,27,128,136,101
"Cks85A",3,0,10,11,6,7,2,1,6,4,7,3
"ClC-a",0,0,0,0,0,0,0,0,0,0,0,0
"ClC-b",506,653,480,445,475,551,438,510,534,424,515,451
"ClC-c",0,0,2,0,0,0,0,0,0,0,0,0
"Clamp",0,0,0,0,0,0,0,0,0,0,0,0
"Claspin",0,1,0,0,0,0,0,1,0,1,0,0
"Clbn",3,0,0,1,0,39,1,0,0,0,0,0
"Clc",0,0,0,0,0,0,0,0,0,0,0,0
"Clic",250,256,257,141,209,195,257,284,350,237,271,218
"Clk",0,0,0,0,0,0,0,0,0,0,0,0
"Cln3",0,0,0,0,0,2,4,3,0,0,0,1
"Cln7",1,3,3,2,3,4,6,3,3,2,4,7
"Clp",49,48,33,54,66,61,78,45,36,55,88,78
"ClpP",51,22,25,33,52,49,33,33,60,45,54,36
"ClpX",31,24,38,26,28,39,30,27,37,36,15,11
"Cluap1",29,26,21,7,20,16,13,22,19,17,12,16
"Cmpk",1049,1023,928,833,787,909,1155,1058,1014,938,1199,887
"Cmtr1",2,4,3,3,0,1,0,1,0,0,6,0
"Cnb",0,0,0,0,0,0,0,0,0,0,0,0
"Cndp2",12,4,3,11,5,12,4,13,1,5,3,9
"Cnep1r1",0,3,13,203,241,253,0,0,0,171,169,150
"Cnep1r2",0,0,0,1,2,0,0,0,0,0,0,0
"CngA",2,8,2,0,4,13,16,7,4,3,3,4
"CngB",3,0,0,0,2,0,1,4,0,0,0,0
"Cngl",6,3,2,7,2,5,1,4,1,6,1,2
"Cnot4",8,5,9,5,2,2,5,9,5,1,2,2
"Cnx14D",0,3,2,99,115,154,0,0,0,97,71,75
"Cnx99A",5,7,3,7,0,1,1,1,5,8,5,2
"CoRest",16,15,6,9,10,18,12,12,9,3,6,5
"Coa7",71,75,79,91,111,134,82,71,72,70,93,59
"Coa8",2,1,1,9,5,7,5,2,1,7,6,5
"Cog1",49,42,26,16,9,26,45,32,10,11,14,12
"Cog2",266,320,259,415,398,444,334,311,338,344,461,342
"Cog3",152,222,200,223,172,214,189,190,177,157,194,191
"Cog4",359,346,285,263,352,339,338,300,316,331,414,310
"Cog6",0,0,0,0,0,0,0,0,0,0,0,0
"Cog7",193,267,190,258,227,278,201,210,199,248,287,272
"Cog8",129,157,175,210,184,202,122,126,133,123,137,132
"Col4a1",12,8,14,13,5,4,22,16,10,13,15,5
"Con",199,164,191,315,274,394,250,172,172,340,368,278
"Cont",1876,2044,1913,1752,2145,2569,1541,1497,1765,1690,2896,1896
"Coop",0,2,0,2,0,3,2,0,0,0,2,1
"Coprox",0,0,0,0,0,0,0,0,0,0,0,0
"Coq2",146,124,118,180,179,207,154,112,144,142,171,148
"Coq3",0,0,0,0,0,0,0,0,0,0,0,0
"Coq4",0,0,2,0,0,0,1,0,0,0,0,0
"Coq5",0,0,0,14,15,11,0,0,0,3,4,1
"Coq6",924,1002,903,944,919,977,913,863,1007,965,1109,922
"Coq7",302,339,319,353,352,303,373,361,417,350,386,246
"Coq8",799,788,771,652,632,682,666,705,614,732,788,678
"Coq9",461,517,447,484,456,494,446,405,579,457,458,365
"Corin",6,13,8,9,10,14,12,7,10,11,18,15
"Corp",0,0,0,0,3,1,0,0,0,1,0,0
"Cortactin",0,0,0,0,0,0,0,0,0,0,0,0
"Cow",1497,1539,1561,1647,1457,2400,1608,1090,1303,1743,1804,1716
"Cox10",2113,2279,2117,2060,1865,2190,2375,2107,2842,2137,2363,2015
"Cox11",233,226,200,246,230,234,245,209,268,267,283,192
"Cox17",1499,1388,1385,1393,1291,1265,1403,1341,1406,1188,1142,1288
"Cp110",0,0,0,0,0,0,0,0,0,0,0,0
"Cp15",0,0,3,52,43,43,0,0,0,11,15,22
"Cp16",2,4,2,0,2,1,4,0,1,0,0,2
"Cp18",7,3,2,11,19,19,1,3,4,21,17,12
"Cp19",5,1,0,4,5,3,2,1,1,1,0,0
"Cp190",2,7,3,7,11,16,5,12,4,12,9,10
"Cp36",9,2,6,5,12,4,0,1,3,5,2,2
"Cp38",0,0,0,0,0,0,0,0,0,0,0,0
"Cp7Fa",0,0,0,0,0,0,0,0,0,0,0,2
"Cp7Fb",0,0,0,18,9,21,0,0,0,17,6,14
"Cp7Fc",7,6,13,18,11,29,7,7,4,7,7,16
"Cpes",70,94,68,46,46,68,88,78,69,45,54,88
"Cph",2,0,8,3,4,3,4,7,3,4,5,9
"Cpn",0,0,0,0,0,0,0,0,0,0,0,0
"Cpr",210,249,172,124,130,149,239,273,158,97,124,134
"Cpr100A",3226,8104,3039,2750,4194,4096,4581,5028,3027,2097,5736,2276
"Cpr11A",20,12,10,14,9,6,28,10,39,8,24,4
"Cpr11B",0,0,0,0,0,0,0,0,0,0,0,0
"Cpr12A",3,5,1,0,2,6,2,4,3,2,1,1
"Cpr23B",0,0,1,6,1,0,0,0,2,7,8,4
"Cpr30B",19802,10545,7561,17939,28972,30192,13687,1620,22265,11381,51898,13534
"Cpr30F",30398,22340,18604,28547,36499,40896,18561,6129,31116,17314,49230,15609
"Cpr31A",27,31,5,54,61,88,23,4,16,64,54,40
"Cpr35B",0,0,0,0,0,1,0,0,0,0,0,0
"Cpr47Ea",3320,2366,1923,2454,3816,3639,2232,966,3857,1782,5497,1913
"Cpr47Eb",18,2,24,39,66,17,0,2,0,0,2,1
"Cpr47Ec",9,14,4,113,173,74,10,2,7,3,17,6
"Cpr47Ed",0,0,0,4,3,10,2,5,0,2,3,1
"Cpr47Ee",132,234,154,206,169,203,153,163,189,204,254,202
"Cpr47Ef",0,0,0,0,0,0,0,0,0,0,0,0
"Cpr47Eg",23,39,26,21,19,24,32,23,53,23,36,23
"Cpr49Aa",1490,1234,977,1695,3421,2739,1560,708,1642,831,3942,961
"Cpr49Ab",5235,4995,4292,3195,7804,6467,1989,2337,6023,3349,8801,4207
"Cpr49Ac",20,97,24,2,4,8,35,97,4,5,6,10
"Cpr49Ad",0,0,0,2,0,0,0,0,0,0,0,0
"Cpr49Ae",58215,52361,44214,38840,66895,61777,39264,25336,59307,40028,114817,42553
"Cpr49Af",0,0,0,0,0,0,0,0,0,0,0,0
"Cpr49Ag",1585,1390,1479,1964,2168,2184,1357,1062,1624,1740,2404,1584
"Cpr49Ah",516,269,246,2463,3075,3022,302,58,370,270,1293,272
"Cpr50Ca",13,17,19,22,17,17,22,20,6,10,11,23
"Cpr50Cb",1088,853,1034,762,1228,1252,971,849,896,939,2396,946
"Cpr51A",711,776,526,728,845,709,474,213,628,601,691,442
"Cpr56F",696,455,456,1181,1981,2140,619,180,789,1012,3283,1173
"Cpr57A",0,0,0,0,0,0,0,0,0,0,0,0
"Cpr5C",1,0,0,0,2,0,4,0,0,0,0,3
"Cpr60D",4,1,4,3,0,1,0,0,0,0,5,3
"Cpr62Ba",0,4,0,8,2,6,4,2,1,2,0,1
"Cpr62Bb",0,0,0,0,0,0,0,0,0,0,0,0
"Cpr62Bc",0,0,0,0,0,0,0,0,0,0,0,0
"Cpr64Aa",117875,104634,106863,79385,120506,131740,59904,69847,139354,110863,158442,94357
"Cpr64Ab",3599,1636,704,8917,8419,8670,2451,187,2135,1564,8041,2627
"Cpr64Ac",23392,24502,21694,24805,36135,34121,10469,13686,31940,26669,63071,26621
"Cpr64Ad",14962,14532,11229,12493,14088,17782,9672,6060,16172,14350,15382,13313
"Cpr65Au",0,0,0,0,0,0,0,0,0,0,0,0
"Cpr65Av",26,5,12,29,67,40,23,13,21,11,72,21
"Cpr65Aw",0,0,0,0,0,0,0,0,0,0,0,0
"Cpr65Ax1",2,0,0,3,4,6,0,0,0,2,1,2
"Cpr65Ax2",2,3,0,1,3,2,0,0,3,1,0,0
"Cpr65Ay",4,1,1,7,5,2,0,0,3,2,3,5
"Cpr65Az",0,0,0,4,1,4,0,1,2,5,1,2
"Cpr65Ea",82,114,69,207,195,211,185,67,350,201,402,197
"Cpr65Eb",3,1,0,0,0,0,0,0,0,1,0,0
"Cpr65Ec",37,18,23,52,56,28,23,1,33,5,41,13
"Cpr66Cb",351,128,54,1063,1067,818,422,53,521,76,1825,156
"Cpr66D",656,450,426,1196,1570,1613,593,261,729,439,1582,448
"Cpr67B",403,1025,353,128,141,130,531,743,368,185,238,185
"Cpr67Fa1",1,1,2,5,2,1,1,0,1,2,5,0
"Cpr67Fa2",14,2,8,40,30,36,6,0,16,10,20,16
"Cpr67Fb",0,0,0,0,0,0,0,0,0,0,0,0
"Cpr72Ea",522,318,422,1135,1231,1225,471,336,759,594,872,637
"Cpr72Eb",8,2,3,2,5,4,0,0,8,7,2,10
"Cpr72Ec",2129,1526,1508,2188,2719,3232,1299,595,1492,1315,3056,1372
"Cpr73D",715,804,772,417,671,830,546,453,638,638,719,607
"Cpr76Ba",22,17,6,19,60,66,11,8,19,28,31,29
"Cpr76Bb",4213,2452,1881,5600,8101,8268,2676,645,4509,3829,12160,4061
"Cpr76Bc",5,14,12,3,8,8,5,5,17,5,5,11
"Cpr76Bd",0,0,0,0,0,0,0,0,0,0,0,0
"Cpr78Ca",7,2,7,7,4,8,10,8,8,3,7,6
"Cpr78Cb",0,1,0,0,0,0,0,0,0,0,0,0
"Cpr78Cc",351,177,135,317,610,514,203,65,434,120,1174,164
"Cpr78E",38,21,14,74,152,81,53,37,82,37,63,56
"Cpr92A",1363,976,772,1692,2398,2673,971,337,1763,1049,4020,1216
"Cpr92F",5179,4429,4487,4917,7143,7623,4137,3759,7439,4678,13696,5404
"Cpr97Ea",289,360,187,281,492,462,307,174,266,171,550,241
"Cpr97Eb",7616,9257,8027,4796,7281,7673,5881,6963,8088,5766,9196,6076
"Cpsf100",238,245,205,204,229,212,163,204,229,204,198,186
"Cpsf160",1,0,3,1,0,6,0,0,0,0,1,1
"Cpsf5",211,253,222,153,163,207,197,184,188,192,210,142
"Cpsf6",3,7,3,5,1,6,5,0,2,0,2,2
"Cpsf73",150,170,85,187,161,192,125,158,149,167,189,157
"Crag",178,211,217,142,148,193,243,172,154,178,188,181
"Cralbp",78,52,50,38,89,126,65,29,45,46,138,60
"CrebA",125,87,94,135,115,130,120,78,120,217,161,83
"CrebB",7,18,7,1,3,8,13,8,1,6,13,10
"Creld",54,67,51,43,58,65,64,45,67,49,57,56
"Crg-1",15,11,11,15,7,22,14,14,8,19,5,11
"Crk",5,17,5,6,2,13,4,4,12,5,6,15
"Crtc",0,0,0,0,0,0,0,0,0,0,0,0
"Crtp",0,1,65,1698,1630,2313,0,0,0,1404,1207,1188
"Crys",3,3,1,0,2,2,2,0,0,1,5,0
"Crz",22,12,10,20,16,29,18,24,26,27,18,20
"CrzR",0,0,0,0,0,0,0,0,0,0,0,0
"Csas",147,184,128,224,214,203,164,111,167,162,173,158
"Cse1",252,378,252,298,271,301,236,281,323,296,323,242
"Csgalnact",20,36,35,53,36,62,48,35,33,48,37,46
"Csk",68,71,60,41,67,67,74,83,38,56,62,72
"Csl4",77,92,73,108,89,121,92,87,107,118,100,100
"Csp",3,1,0,0,1,4,3,0,0,1,0,1
"CstF50",84,80,86,97,81,107,102,91,100,94,102,72
"CstF64",83,104,83,113,119,108,85,73,65,92,97,76
"CtBP",27,36,37,37,23,35,33,25,20,19,44,13
"CtIP",0,0,0,0,0,0,0,0,0,0,0,0
"Ctf4",47,67,42,140,77,137,65,53,55,69,74,62
"Cth",1,0,1,0,4,1,0,0,4,2,8,0
"Ctl1",1,1,0,0,0,0,0,0,0,0,3,2
"Ctl2",0,1,3,4,3,5,5,3,4,3,3,2
"Ctns",0,0,0,0,0,0,0,0,0,0,0,0
"Ctps",4,2,0,4,0,6,1,8,2,1,2,0
"Ctr1A",185,204,198,191,243,269,210,169,288,175,234,224
"Ctr1B",112,122,92,97,87,71,150,158,121,104,127,114
"Ctr1C",0,0,12,199,150,185,0,0,0,128,108,99
"Ctr9",0,3,0,2,0,6,3,0,2,0,0,2
"CtsB",0,3,9,2,1,2,1,0,3,1,3,0
"CtsF",112,168,125,116,138,141,107,115,100,97,179,113
"CtsK1",8731,9886,7301,7317,7483,7997,9842,9905,10062,11979,13239,10068
"CtsK2",0,0,0,4,0,1,0,0,0,1,0,1
"CtsL1",170,177,108,140,219,219,186,150,147,119,202,165
"CtsL2",235,12,7,8,9,9,14,6,13,17,16,13
"CtsL3",8,14,6,4,8,4,7,8,9,6,5,5
"CtsL4",19,7,11,7,3,3,20,24,9,4,4,7
"Ctu1",170,158,140,133,116,184,154,119,152,152,176,148
"Ctu2",0,0,0,3,2,3,2,0,0,2,0,0
"Cubn",473,627,513,417,359,380,469,394,409,359,337,262
"Cubn2",250,369,250,252,198,198,229,199,221,165,159,113
"Cul1",2,11,6,5,7,10,8,3,2,5,7,7
"Cul2",252,227,243,169,117,212,197,232,191,120,182,162
"Cul3",185,190,235,575,502,738,191,186,222,541,495,505
"Cul4",0,0,0,0,0,0,0,0,0,0,0,0
"Cul5",306,337,301,466,436,535,260,298,330,384,480,408
"Cul6",60,60,64,96,112,156,55,75,86,104,133,109
"Culd",0,0,0,0,0,0,0,0,0,0,0,0
"Cwc25",88,80,73,101,100,122,92,67,77,136,111,99
"CycA",11,12,15,15,7,7,11,9,10,6,2,3
"CycB",1,2,0,0,0,0,0,1,0,0,0,0
"CycB3",9,2,1,3,2,4,10,2,6,1,0,0
"CycC",144,155,126,128,159,170,162,154,157,146,180,185
"CycD",3,0,3,1,1,4,2,4,4,1,3,0
"CycE",1,0,0,1,2,0,1,0,0,0,0,1
"CycG",9042,9655,8934,7008,7212,8311,9729,9228,8482,7718,7728,7792
"CycH",128,99,94,133,188,123,115,107,104,98,119,116
"CycJ",0,0,0,0,0,0,0,0,0,0,0,0
"CycK",35,33,25,17,29,21,38,7,41,27,27,24
"CycT",2,5,4,8,4,16,5,19,6,8,15,10
"CycY",141,123,119,112,110,132,111,95,118,127,119,111
"Cyfip",665,757,706,526,588,700,665,738,681,583,825,667
"Cyp1",7428,7853,6794,6151,7391,7410,7243,7870,8527,6570,9303,7043
"Cyp12a4",835,1161,727,280,302,258,1112,1064,701,567,392,501
"Cyp12a5",218,288,239,90,82,101,185,296,161,124,74,158
"Cyp12b2",305,323,321,192,175,254,234,282,238,212,198,176
"Cyp12c1",11,11,6,4,1,4,7,7,7,6,7,17
"Cyp12d1-d",10,21,8,6,4,10,10,9,5,5,5,10
"Cyp12d1-p",5,11,0,2,3,4,2,6,5,6,8,1
"Cyp12e1",366,520,321,259,242,356,301,357,486,379,381,286
"Cyp18a1",89,98,75,32,32,51,64,59,89,50,37,22
"Cyp28a5",619,741,486,342,452,354,291,277,243,204,256,199
"Cyp28c1",4,5,3,5,6,6,2,3,5,4,2,1
"Cyp28d1",759,929,630,249,290,258,1550,1168,517,342,343,378
"Cyp28d2",56,95,107,76,109,134,54,90,81,100,116,136
"Cyp301a1",518,619,500,438,491,528,431,443,745,662,770,600
"Cyp303a1",0,0,1,0,0,0,0,0,0,0,2,0
"Cyp304a1",566,763,541,361,293,274,1461,1450,1763,789,697,732
"Cyp305a1",213,312,260,227,161,224,135,217,293,284,161,183
"Cyp308a1",36,13,23,8,6,19,23,22,24,8,2,6
"Cyp309a1",6,7,5,2,7,5,13,6,10,22,27,6
"Cyp309a2",387,963,361,691,806,829,962,989,546,987,1251,941
"Cyp310a1",88,121,123,221,239,249,69,62,68,157,172,158
"Cyp311a1",238,218,172,166,185,160,115,167,256,208,303,155
"Cyp312a1",0,6,1,92,98,113,5,2,0,57,38,63
"Cyp313a1",43,128,37,2,1,1,87,157,13,4,4,5
"Cyp313a2",0,1,2,7,7,3,0,0,2,3,2,1
"Cyp313a3",9,3,2,16,9,25,4,2,14,6,4,2
"Cyp313a4",132,90,55,51,62,92,161,60,164,75,204,79
"Cyp313a5",2,1,2,1,5,1,0,0,0,2,0,0
"Cyp313b1",0,0,0,0,0,0,0,0,0,0,0,2
"Cyp316a1",22,76,23,33,44,43,85,29,24,28,27,24
"Cyp317a1",56,81,51,12,25,21,62,56,23,13,35,13
"Cyp318a1",105,140,115,54,71,66,137,125,159,120,156,82
"Cyp40",0,0,0,0,2,0,10,1,0,3,2,0
"Cyp49a1",28,49,22,18,23,35,17,17,17,22,27,13
"Cyp4aa1",138,140,122,124,136,155,133,96,119,120,136,110
"Cyp4ac1",59,49,47,29,13,32,24,31,17,44,21,56
"Cyp4ac2",1,0,5,1,0,3,4,6,2,1,0,2
"Cyp4ac3",42,71,57,44,65,73,30,58,35,34,36,66
"Cyp4ad1",7,5,2,9,18,11,0,1,0,11,5,10
"Cyp4ae1",15,0,3,5,11,11,9,4,3,23,3,12
"Cyp4c3",1370,1407,1167,1014,1557,1531,898,547,2050,1506,2926,1349
"Cyp4d1",43,35,35,27,18,21,15,31,23,23,27,20
"Cyp4d14",0,0,0,0,0,0,0,0,0,0,0,0
"Cyp4d2",0,0,0,0,0,0,0,0,0,0,0,0
"Cyp4d20",1284,1432,1413,485,617,648,986,1687,1437,1205,1058,1323
"Cyp4d21",12,20,5,7,4,2,9,17,0,7,2,5
"Cyp4d8",79,312,77,60,92,85,178,168,81,48,75,30
"Cyp4e1",481,439,490,302,347,355,421,454,610,452,433,417
"Cyp4e2",0,1,0,0,0,0,0,0,0,0,0,0
"Cyp4e3",1088,3370,924,1046,1169,710,607,1158,566,460,809,543
"Cyp4g1",36624,47513,38379,15094,13432,16891,39724,48991,45347,35327,40579,34075
"Cyp4g15",4,11,9,2,0,0,4,3,8,12,1,4
"Cyp4p1",526,630,463,341,328,390,497,501,446,395,393,429
"Cyp4p2",1845,1859,1658,1443,1275,1558,1689,1516,1732,1501,1720,1514
"Cyp4p3",304,333,330,152,137,197,434,401,358,358,262,364
"Cyp4s3",809,894,822,515,639,764,610,786,867,902,1121,1000
"Cyp6a13",285,299,283,244,335,238,333,397,339,324,352,280
"Cyp6a14",6,4,1,1,1,3,25,23,7,0,8,0
"Cyp6a16",10,3,7,10,9,7,6,1,4,3,10,3
"Cyp6a17",6,18,18,10,9,6,16,14,8,20,4,8
"Cyp6a18",18,44,14,8,9,6,45,39,21,9,9,14
"Cyp6a19",0,0,0,0,0,0,0,0,0,0,0,0
"Cyp6a2",64,77,47,19,32,25,52,105,60,56,58,100
"Cyp6a20",1814,2398,2329,267,180,173,3097,4178,2446,1453,908,2589
"Cyp6a21",314,375,341,158,161,143,318,423,335,232,245,355
"Cyp6a22",19,28,28,29,30,15,27,33,8,9,22,24
"Cyp6a23",335,363,302,163,167,153,304,370,288,208,179,194
"Cyp6a8",446,471,530,460,554,464,289,308,288,370,457,368
"Cyp6a9",706,868,751,291,352,362,674,994,808,598,509,665
"Cyp6d2",111,92,62,73,71,70,87,84,76,105,155,96
"Cyp6d4",268,266,186,177,229,190,297,318,326,199,300,192
"Cyp6d5",572,952,438,225,261,184,754,768,374,321,391,272
"Cyp6g1",0,0,0,0,0,0,0,0,0,0,0,0
"Cyp6g2",29,30,18,5,5,10,29,23,5,4,4,9
"Cyp6t1",131,190,103,138,131,84,91,113,112,77,118,58
"Cyp6t3",16,13,29,5,20,14,7,20,11,13,5,1
"Cyp6u1",0,0,0,0,0,0,0,0,0,0,0,0
"Cyp6v1",1,0,0,0,0,0,0,0,0,0,0,0
"Cyp6w1",3,8,7,2,0,3,3,2,3,1,0,0
"Cyp9b1",138,179,139,40,25,17,195,189,61,29,22,59
"Cyp9b2",783,1064,731,371,372,296,1578,1496,763,413,463,485
"Cyp9c1",0,0,0,0,0,0,0,0,0,0,0,0
"Cyp9f2",1707,2363,1773,534,597,464,1756,2072,1213,686,753,798
"Cyp9f3",192,411,176,78,82,75,205,195,96,57,62,56
"Cyp9h1",127,165,128,65,70,74,155,153,149,114,120,99
"Cypl",74,71,47,69,63,61,30,50,67,35,83,45
"Cys",0,0,0,0,0,0,0,0,0,0,0,0
"CysRS",315,336,288,312,305,379,316,350,339,318,348,227
"CysRS-m",0,0,0,3,0,2,0,0,0,7,0,1
"Cyt-b5",280,226,192,269,323,325,280,316,261,249,311,275
"Cyt-b5-r",1,2,0,0,0,0,0,0,0,0,0,1
"Cyt-c-d",0,0,0,0,0,0,0,0,0,0,0,0
"Cyt-c-p",1,6,7,2,3,5,21,14,14,6,7,7
"Cyt-c1",1315,1279,1431,1247,1148,1207,1002,929,962,777,871,783
"Cyt-c1L",7,11,17,755,662,796,1,6,1,478,548,444
"D",0,0,0,0,0,0,0,0,0,0,0,0
"D1",0,0,3,10,4,3,0,0,0,8,5,3
"D12",58,45,53,55,58,94,47,50,57,56,69,60
"D19A",202,186,211,191,219,263,176,171,164,177,233,222
"D19B",196,223,180,230,278,279,172,158,154,201,212,197
"D2hgdh",34,68,37,24,31,37,71,41,30,30,25,28
"DAAM",13,27,16,6,5,23,18,21,2,7,16,8
"DAT",0,0,0,0,0,0,0,0,0,0,0,0
"DCAF12",0,0,0,0,0,0,0,0,0,0,0,1
"DCP1",12,10,13,18,13,22,21,11,14,12,17,22
"DCP2",1418,1361,1278,1274,1365,1458,1294,1279,1286,1479,1650,1232
"DCTN1-p150",741,865,722,753,758,957,760,706,773,770,814,804
"DCTN2-p50",641,724,611,540,607,601,623,656,778,638,734,640
"DCTN3-p24",0,0,0,0,0,0,0,0,0,0,0,0
"DCTN4-p62",281,305,317,287,267,284,282,309,330,339,332,296
"DCTN5-p25",194,217,215,255,261,242,171,208,238,180,223,190
"DCTN6-p27",250,221,249,293,318,250,223,211,224,257,342,222
"DCX-EMAP",1,1,3,0,0,0,2,0,2,0,0,1
"DEF8",72,105,92,106,134,79,88,107,108,97,85,103
"DENR",0,0,0,0,0,0,0,0,0,0,0,0
"DIP-alpha",38,44,44,74,48,60,68,38,59,77,60,77
"DIP-beta",0,0,0,0,0,0,0,0,0,0,0,0
"DIP-delta",66,91,100,144,92,140,133,90,87,114,127,114
"DIP-epsilon",382,386,443,349,320,405,395,356,285,339,304,286
"DIP-eta",20,22,31,16,16,35,24,19,20,21,24,20
"DIP-gamma",83,71,104,138,106,172,86,82,81,150,144,129
"DIP-iota",5,3,7,11,10,15,0,7,3,5,6,10
"DIP-kappa",48,40,40,51,36,80,57,34,50,77,63,51
"DIP-lambda",103,85,72,121,85,125,95,51,77,83,106,89
"DIP-theta",143,151,147,180,154,284,158,111,151,204,278,236
"DIP-zeta",0,0,0,0,0,0,1,0,3,0,0,0
"DIP1",3,9,1,6,3,2,0,0,2,3,1,1
"DIP2",0,0,0,0,0,0,0,0,0,0,0,0
"DJ-1alpha",5,5,13,188,150,169,4,7,7,127,97,77
"DMAP1",216,194,189,216,188,191,185,195,232,226,239,209
"DNAlig1",84,113,83,78,77,83,78,65,60,65,54,49
"DNAlig3",648,739,577,675,574,690,323,306,343,338,362,326
"DNAlig4",94,105,104,195,178,221,100,90,88,205,207,128
"DNaseII",1676,1854,1138,2577,2765,1564,1555,1320,1812,2018,3724,1409
"DPCoAC",13,9,9,5,3,8,14,5,7,5,9,5
"DUBAI",78,91,98,108,118,123,95,136,89,87,96,124
"DZIP1",0,0,0,0,0,0,0,0,0,0,1,0
"Daao1",18,8,17,9,5,6,11,9,4,9,8,3
"Daao2",0,0,0,0,0,0,0,0,0,0,0,0
"Dab",3,0,3,5,6,1,2,1,4,2,5,1
"Dad",3,3,1,0,4,4,5,4,2,2,1,2
"Dad1",325,355,264,413,495,477,402,336,394,357,441,398
"Damm",1,1,0,0,0,0,0,0,0,0,0,0
"Dap160",33,28,27,39,26,61,29,30,27,39,47,42
"Dark",0,0,0,0,0,0,0,0,0,0,0,0
"Datp",0,0,0,0,0,0,0,0,0,0,0,0
"Daxx",6,1,9,7,7,6,3,8,10,6,12,5
"Dbct",223,241,209,188,217,222,276,205,253,165,297,224
"Dbp21E2",141,128,111,114,108,114,132,127,128,111,131,100
"Dbp45A",117,120,101,139,135,149,147,162,141,153,143,137
"Dbp73D",98,93,64,91,86,101,112,100,71,126,141,81
"Dbp80",14,10,11,10,6,7,12,5,4,8,4,5
"Dbx",9,18,7,7,6,14,5,6,8,18,10,8
"Dci",276,295,282,353,296,336,295,307,361,305,331,316
"Dcp-1",126,128,131,118,151,131,187,105,117,122,186,148
"Dcps",175,191,110,157,128,131,164,120,140,119,127,117
"Dcr-1",187,244,155,203,225,317,161,159,158,215,209,196
"Dcr-2",0,0,0,0,0,0,0,0,0,0,0,0
"Dd",0,0,0,0,0,0,0,0,0,0,0,0
"Ddc",92,70,109,62,45,91,70,81,63,67,69,73
"Ddr",9,7,3,6,2,4,9,2,7,12,24,12
"Ddrgk1",308,298,305,518,446,487,308,279,305,436,464,440
"Ddx1",209,223,171,276,273,294,227,213,197,274,303,228
"Ddx56",0,7,3,0,1,2,2,3,1,1,3,3
"Deaf1",67,86,91,82,116,156,118,119,92,113,126,107
"Debcl",441,562,574,374,378,377,501,580,544,493,553,463
"Decay",379,562,291,160,155,107,538,569,297,217,234,175
"Def",25,8,18,80,52,66,49,54,45,76,145,103
"Dek",86,88,76,99,90,121,81,98,94,100,117,72
"Delta",29,23,28,15,41,46,32,30,27,29,38,27
"Den1",157,142,115,116,145,154,165,119,141,97,144,147
"Der-1",0,0,0,0,0,0,0,0,0,0,0,0
"Der-2",516,522,514,829,739,753,474,446,522,685,867,705
"Dera",0,0,0,2,4,6,0,0,0,3,3,4
"Desat1",49,36,16,42,45,54,74,65,29,49,34,65
"Desat2",3,3,3,6,0,2,0,2,7,4,5,1
"Desi",42,51,77,11,24,24,45,88,45,17,24,93
"Det",16,23,26,76,61,75,27,26,23,43,39,48
"Df31",18,3,4,3,4,10,2,4,11,8,6,1
"Dfd",29,30,35,13,8,13,17,31,30,19,13,28
"Dg",22,33,19,25,33,57,40,22,22,35,27,29
"Dgat2",27,35,25,21,14,11,11,33,25,19,15,19
"Dgk",80,65,56,78,55,99,74,46,69,72,70,57
"Dgkepsilon",0,0,0,0,0,0,0,0,0,0,0,0
"Dgp-1",54,58,40,42,48,76,27,34,45,54,34,54
"Dh31",0,0,0,0,0,0,0,0,0,0,0,0
"Dh31-R",0,0,1,0,0,2,0,0,0,0,0,0
"Dh44",45,30,53,54,50,57,37,42,38,66,75,67
"Dh44-R1",61,37,75,84,56,120,55,34,56,58,95,92
"Dh44-R2",13,16,17,10,11,8,17,10,17,19,18,19
"Dhc1",0,0,0,0,0,0,0,0,0,0,0,0
"Dhc16F",5,5,10,323,235,397,2,1,4,188,208,184
"Dhc36C",0,2,0,0,0,0,0,0,0,1,0,1
"Dhc62B",6,6,17,164,191,325,9,13,2,157,176,101
"Dhc64C",0,0,0,0,0,0,0,0,0,0,0,0
"Dhc93AB",0,0,0,0,0,0,0,0,0,0,0,0
"Dhc98D",0,0,0,0,0,0,0,0,0,0,0,0
"Dhdds",1,4,3,0,0,0,0,0,0,0,0,0
"Dhfr",0,0,0,0,0,0,0,0,0,0,0,0
"Dhit",2,0,5,4,1,9,0,0,0,0,0,1
"Dhod",0,4,0,0,0,0,0,0,0,0,0,3
"DhpD",440,816,467,330,326,334,639,660,411,406,488,398
"Dhpr",5,2,0,2,1,0,1,3,2,1,0,0
"Dhps",0,0,0,0,0,0,0,0,0,0,0,0
"Dhrs4",689,619,609,441,534,446,677,683,804,638,720,545
"Dhx15",0,0,0,0,0,0,0,0,0,0,0,0
"Diap1",6,21,12,19,8,13,12,18,16,14,15,15
"Diap2",0,0,0,2,0,1,0,0,0,0,0,2
"Dic1",258,278,241,115,112,146,372,440,279,191,251,280
"Dic2",3,0,101,2277,2257,2850,0,1,1,1836,1553,1578
"Dic3",0,0,0,0,0,0,0,0,0,0,0,0
"Dic4",0,0,1,17,11,27,0,0,0,13,18,20
"Dic61B",0,0,0,0,0,0,0,0,0,0,0,0
"Diedel",1,0,0,7,8,6,0,0,0,3,2,1
"Diedel2",2,1,0,0,0,8,1,0,0,0,0,1
"Diedel3",0,0,0,0,0,0,0,0,0,0,0,0
"Dif",195,305,185,164,102,166,231,233,183,134,189,186
"Dim1",112,133,106,161,179,205,136,149,187,159,154,215
"Dip-B",0,4,0,3,9,3,0,0,0,3,5,0
"Dip-C",0,6,1,2,5,0,4,8,2,3,0,2
"Dis3",0,1,2,1,1,7,1,3,1,1,4,1
"Dis3l2",0,0,0,0,0,0,0,0,0,0,0,0
"Dlc90F",1006,1075,974,1540,1585,1731,1016,1018,1170,1499,1687,1415
"Dlg5",0,2,0,1,3,4,0,6,0,2,1,0
"Dlic",1,0,1,0,4,6,1,0,0,0,0,0
"Dlip1",0,0,0,0,0,0,0,0,0,0,0,0
"Dlip2",241,212,203,181,197,205,188,238,205,215,181,209
"Dlip3",31,37,48,83,55,85,33,33,35,36,60,47
"Dlish",142,165,118,186,181,205,100,106,179,109,179,139
"Dll",30,46,41,54,49,67,45,43,60,37,63,30
"Dmtn",0,0,0,0,0,0,0,0,0,0,0,0
"Dna2",0,0,0,0,0,0,0,0,0,0,0,0
"DnaJ-1",1,5,2,0,1,6,0,2,1,1,4,0
"DnaJ-60",0,0,0,0,0,0,0,0,0,0,0,0
"DnaJ-H",0,1,1,5,8,12,1,0,0,7,1,3
"Dnaaf3",0,1,15,461,429,554,3,1,1,339,286,259
"Dnaaf4",4,4,14,356,315,413,2,9,5,267,293,234
"Dnaaf5",30,41,80,839,719,892,30,29,36,754,661,629
"Dnaaf6",21,9,113,2417,2393,2862,5,9,11,1723,1596,1473
"Dnah3",4,0,25,464,435,808,2,2,5,413,356,300
"Dnai2",0,0,0,0,0,0,0,0,0,0,0,0
"Dnali1",3,4,37,761,810,995,1,4,0,617,564,577
"Dnz1",251,257,292,459,466,560,298,208,247,408,536,382
"Doa",317,688,370,209,219,247,382,434,154,126,186,160
"Doc1",6,6,5,1,1,2,6,0,2,3,7,5
"Doc2",7,9,5,7,6,15,2,5,8,12,14,19
"Doc3",19,24,21,41,34,42,20,21,14,19,39,25
"Dok",216,272,250,190,222,220,237,243,231,175,201,177
"Dolk",296,333,348,299,317,328,287,330,381,344,397,343
"Dop1R1",118,111,116,150,124,201,155,85,94,192,167,152
"Dop1R2",0,0,0,0,0,0,1,0,0,0,0,1
"Dop2R",0,0,0,0,0,0,0,0,0,0,0,0
"DopEcR",28,24,25,23,12,27,23,16,13,19,21,12
"Dora",97,66,84,117,109,99,75,48,64,87,101,57
"Dp",146,188,149,128,130,138,163,134,191,109,136,143
"Dp1",10,17,9,10,9,23,16,5,13,18,18,9
"Dpck",261,253,228,289,323,346,284,254,286,339,393,276
"Dph1",3,0,3,3,11,3,3,2,2,1,1,3
"Dph2",264,352,227,236,247,228,353,276,289,301,341,269
"Dph3",104,80,78,82,72,86,105,94,114,66,71,68
"Dph4",32,35,29,48,29,69,24,26,54,25,31,43
"Dph5",373,415,349,290,253,292,445,293,293,276,349,295
"Dpit47",0,0,0,0,2,0,0,0,0,0,1,0
"Dpm1",327,236,250,404,472,399,340,321,356,409,451,399
"Dpm2",0,0,0,0,0,0,0,0,0,0,0,0
"Dpm3",37,62,25,77,127,100,70,90,84,79,104,111
"Dpp10",220,200,224,223,187,239,232,144,178,171,269,253
"DppIII",57,73,45,105,108,125,45,46,37,82,90,67
"DptA",16,21,10,170,89,146,66,124,229,23,45,642
"DptB",5,3,1,24,19,21,7,16,15,5,5,85
"Dpy-30L1",107,106,88,144,178,192,115,124,146,127,150,153
"Dpy-30L2",0,0,1,0,0,2,0,1,0,0,0,0
"Dr",52,51,56,45,59,70,40,41,42,52,86,48
"Drak",3,2,7,3,2,5,5,0,4,0,1,3
"Drat",199,344,242,158,95,126,295,352,108,63,119,113
"Dred",0,0,0,0,0,0,0,0,0,0,0,0
"Dredd",0,0,0,0,0,0,0,0,0,0,0,0
"Dref",0,0,0,0,0,0,0,0,0,0,0,0
"Drep1",0,0,0,0,0,0,0,0,0,0,0,0
"Drep2",84,70,84,140,137,191,116,95,82,177,236,151
"Drep3",3,0,0,1,1,0,0,0,3,0,0,1
"Drep4",247,404,391,99,65,100,556,474,127,84,97,88
"Drgx",15,17,16,12,13,19,13,11,6,17,12,20
"Drice",765,1128,1180,470,442,469,939,1244,1113,716,678,870
"Drip",3,2,6,7,12,23,0,5,0,7,5,12
"Drl-2",34,35,20,48,39,78,44,21,37,50,65,48
"Dro",1,0,1,0,3,2,0,0,0,0,0,0
"Droj2",7,10,4,8,8,5,13,12,7,12,2,11
"Dronc",2400,3842,3124,1124,1076,1162,3207,3412,1188,862,899,1107
"Drp1",0,2,5,6,1,8,3,0,5,4,1,2
"Drs",1181,1267,850,756,591,641,3388,2842,1773,1390,1308,789
"Drsl1",0,0,1,2,0,0,0,0,0,0,0,0
"Drsl2",23,28,14,257,303,49,17,4,6,19,23,19
"Drsl3",134,49,40,584,728,118,1300,67,40,112,1195,63
"Drsl4",6,13,0,5,0,1,2,2,0,0,6,0
"Drsl5",1306,945,916,1071,1162,836,365,265,376,270,330,343
"Drsl6",0,0,0,2,0,0,2,0,0,0,0,2
"Dscam1",71,77,57,152,134,238,94,36,77,134,138,122
"Dscam2",5,1,3,6,1,7,6,0,6,6,5,4
"Dscam3",0,1,2,0,1,1,0,0,0,0,0,0
"Dscam4",0,0,0,0,0,0,0,0,0,0,0,0
"Dsk",18,29,29,43,22,40,26,27,31,29,38,28
"Dso1",0,0,0,6,1,1,2,0,0,0,0,0
"Dso2",9,8,5,73,28,33,17,14,12,23,21,10
"Dsor1",16,15,18,22,23,22,9,40,16,16,15,17
"Dsp1",5,3,6,1,3,11,6,4,1,0,5,5
"Dtd",0,0,0,0,0,0,0,0,0,0,0,0
"Dtg",295,264,262,394,379,442,319,347,340,332,480,354
"Dtwd2",40,29,42,25,12,41,42,25,58,31,51,38
"Duba",0,0,0,0,1,0,0,2,0,0,0,0
"Duox",0,0,0,0,0,3,0,0,0,0,0,0
"Dup99B",0,0,0,0,0,0,0,0,0,0,0,0
"Dus1",1,0,0,6,4,4,3,0,0,1,3,3
"Dus2",1,3,2,4,3,2,0,0,0,2,3,3
"Dus3",89,59,75,83,64,75,69,80,74,59,62,62
"Dus4",60,63,65,76,56,87,88,44,61,65,76,78
"Dyb",2,1,9,4,1,6,11,8,8,4,9,5
"Dyrk2",3,3,2,1,3,2,0,3,0,0,1,2
"Dyrk3",195,215,194,166,142,229,174,149,210,159,222,143
"Dyro",2,0,1,0,2,0,2,1,0,0,1,0
"Dys",32,26,27,25,15,29,29,22,25,35,28,22
"Dysb",5,5,8,7,7,5,11,6,11,4,6,7
"E(Pc)",0,0,0,0,0,0,0,0,0,0,0,0
"E(bx)",20,13,8,39,38,66,20,16,14,31,27,36
"E(spl)m2-BFM",31,29,42,40,57,40,10,21,27,38,69,28
"E(spl)m3-HLH",66,53,93,61,75,74,51,55,89,49,113,55
"E(spl)m4-BFM",0,0,0,0,1,0,0,0,0,1,0,0
"E(spl)m5-HLH",0,0,0,0,0,0,0,0,0,0,0,0
"E(spl)m6-BFM",0,3,0,0,0,2,0,0,3,0,4,1
"E(spl)m7-HLH",3,3,1,5,8,15,4,6,5,2,10,2
"E(spl)m8-HLH",0,1,5,1,0,5,0,0,0,2,0,0
"E(spl)malpha-BFM",8,6,5,26,15,27,5,6,7,19,21,9
"E(spl)mbeta-HLH",95,88,102,178,233,247,93,133,138,154,230,154
"E(spl)mdelta-HLH",0,0,2,0,1,0,0,0,1,0,0,0
"E(spl)mgamma-HLH",0,0,0,0,4,0,0,0,1,2,0,2
"E(var)3-9",254,218,196,187,210,227,210,252,171,169,194,187
"E(z)",4,8,6,2,6,2,4,2,3,5,2,4
"E23",1,0,0,1,3,0,0,0,0,0,0,0
"E2f1",2,3,3,2,2,2,4,8,1,12,5,4
"E2f2",0,0,0,1,0,0,0,0,0,0,0,0
"E5",20,25,32,24,21,23,33,22,16,19,39,29
"EAChm",0,0,4,34,24,47,0,0,0,39,43,20
"ECSIT",353,361,285,375,350,303,437,372,523,376,476,351
"EDTP",0,0,0,0,0,0,0,0,0,0,0,0
"EMC1",0,0,0,0,0,0,0,0,0,0,0,0
"EMC10",20,19,6,17,14,44,12,5,8,10,16,10
"EMC2A",3,9,2,5,2,0,0,1,3,4,2,7
"EMC2B",0,0,0,0,3,0,0,0,0,0,0,0
"EMC3",518,470,409,653,660,757,469,405,448,673,832,684
"EMC4",0,0,0,0,0,0,0,0,0,0,0,0
"EMC5",188,184,168,278,338,297,196,203,282,275,334,288
"EMC6",183,143,192,290,302,316,185,191,265,204,323,220
"EMC7",706,712,549,1039,1048,1155,681,669,722,1026,1214,902
"EMC8-9",323,364,343,691,674,758,340,304,428,595,731,592
"EMRE",610,602,591,657,649,610,504,553,714,535,639,522
"ENGase",3,2,0,7,1,7,5,3,3,4,9,5
"ERR",47,69,69,30,37,53,65,76,47,43,41,34
"ERp44",0,0,2,0,1,4,0,3,0,0,4,1
"ERp60",4041,4313,3603,4962,5011,5611,3780,3901,4269,5687,6477,5111
"ETH",0,0,0,0,0,0,0,0,0,0,0,0
"ETHR",24,18,32,28,21,32,19,11,11,27,35,24
"Eaat1",2,2,2,1,0,2,1,0,0,0,2,2
"Eaat2",45,48,34,33,39,50,40,19,39,32,59,46
"Eaf",243,224,206,200,124,200,191,168,288,211,290,196
"Eaf6",80,91,66,118,135,138,76,85,51,161,122,118
"Eato",693,772,682,788,716,959,737,665,824,734,883,753
"Eb1",94,108,67,137,115,140,86,96,122,101,106,116
"Ebp",0,0,0,0,0,0,0,0,0,0,0,9
"EbpII",0,0,0,0,0,0,0,0,0,0,0,0
"EbpIII",252,282,259,125,212,198,330,288,318,251,286,269
"EcR",166,108,166,201,216,244,145,107,142,230,221,204
"Echs1",0,0,0,0,0,0,0,0,0,0,0,0
"Ect3",236,477,283,189,202,203,199,165,78,92,89,79
"Edc3",135,148,147,205,223,264,178,161,128,208,257,160
"Edem1",3,0,0,0,0,4,0,0,0,0,0,0
"Edem2",0,0,0,2,0,0,0,0,0,0,0,0
"Edg78E",0,1,0,3,3,2,0,0,2,0,1,0
"Edg84A",0,0,1,0,0,4,5,0,1,0,0,0
"Edg91",0,0,0,0,0,0,0,0,0,0,0,0
"Efa6",58,72,65,66,38,85,66,65,41,61,67,81
"Efhc1.1",7,6,50,818,690,1002,7,4,3,508,506,438
"Efhc1.2",4,7,9,146,116,150,2,2,12,100,54,74
"Efr",87,98,67,46,49,73,81,109,98,42,45,70
"Egfr",21,42,30,24,24,37,27,33,33,15,48,27
"Egfrap",66,51,65,42,76,91,43,43,55,29,86,35
"Eglp1",2,0,55,1133,1105,1222,0,2,0,1011,837,794
"Eglp2",11,22,17,18,13,16,17,17,11,21,22,17
"Eglp3",0,1,3,0,1,3,0,0,0,0,1,3
"Eglp4",60,83,50,30,39,62,71,57,56,64,45,78
"Egm",807,901,817,845,746,756,714,713,892,763,914,735
"Eh",0,0,0,0,0,0,0,0,0,0,0,0
"Ehbp1",160,175,152,115,135,154,146,161,127,184,174,156
"Eig71Ea",2,1,2,2,3,1,2,6,2,3,4,1
"Eig71Eb",0,0,0,0,0,0,0,0,0,0,0,0
"Eig71Ec",1,0,1,3,0,7,3,0,1,1,0,2
"Eig71Ed",4,0,2,1,3,2,2,2,4,1,1,2
"Eig71Ee",0,0,0,0,0,0,0,0,0,0,0,0
"Eig71Ef",0,0,2,6,6,0,0,0,0,2,2,4
"Eig71Eg",1,0,0,0,5,3,0,0,0,0,0,0
"Eig71Eh",0,0,0,0,0,0,0,0,0,0,0,0
"Eig71Ei",0,0,0,1,0,0,0,0,0,0,0,0
"Eig71Ej",1,0,0,3,3,2,1,1,0,4,6,14
"Eig71Ek",1,1,0,0,0,4,0,3,1,0,2,8
"Eip63E",0,0,0,0,0,0,0,0,0,0,0,0
"Eip63F-1",135,157,174,155,171,210,141,138,202,119,181,177
"Eip74EF",53,51,63,70,69,82,85,52,79,56,59,84
"Eip75B",434,548,508,404,369,411,654,640,230,418,417,241
"Eip78C",49,68,52,70,54,83,89,46,70,64,88,49
"Eip93F",7,16,7,9,12,18,11,18,5,12,13,8
"Ekar",0,0,0,0,0,0,0,0,0,0,0,0
"Elal",1,3,4,2,3,0,0,0,0,0,3,4
"Elba1",0,0,0,0,0,0,0,0,0,0,0,0
"Elba2",17,19,10,17,15,31,10,13,9,16,16,11
"Elba3",0,1,0,53,42,51,0,0,1,29,21,29
"Elk",0,0,0,0,0,0,1,0,0,0,0,0
"Elo68alpha",3,1,5,1,1,0,3,0,0,4,2,1
"Elo68beta",0,0,0,0,0,9,2,1,0,7,4,8
"EloA",11,12,9,10,11,29,25,15,11,18,20,11
"EloB",1113,1136,993,1240,1333,1443,1138,1171,1110,1281,1561,1271
"EloC",0,0,0,0,0,0,0,0,0,0,0,0
"Elovl7",323,520,338,256,283,308,310,506,362,260,539,255
"Elp1",4,5,4,5,6,10,1,4,8,4,5,2
"Elp2",212,253,227,203,176,200,224,239,220,187,223,151
"Elp3",145,179,113,110,138,157,162,158,163,126,199,153
"Elp4",0,0,0,8,13,28,0,0,0,5,4,9
"Elp5",4,1,4,2,5,1,2,11,5,1,11,4
"Elp6",22,30,9,15,17,32,19,16,32,26,20,22
"Elys",0,0,0,0,0,0,0,0,0,0,0,0
"EndoA",1,4,3,2,2,0,3,1,6,2,3,2
"EndoB",0,0,0,0,0,0,0,0,0,0,0,0
"EndoG",387,413,341,431,434,415,442,403,546,384,504,367
"EndoGI",0,0,0,0,0,0,0,2,2,0,0,0
"EndoU",248,206,245,169,186,181,190,206,246,205,294,205
"Eno",152,160,152,131,114,153,175,151,169,139,142,129
"Enoph",300,428,240,413,347,350,311,313,317,370,370,303
"Ent1",0,0,0,0,0,0,0,0,0,0,0,0
"Ent2",0,0,0,0,0,0,0,0,0,0,0,0
"Ent3",0,0,0,0,0,0,0,0,0,0,0,0
"Eo",22,34,29,2,1,2,20,35,24,6,2,1
"Eogt",0,0,0,0,0,0,0,0,0,0,0,0
"Epac",346,390,397,381,315,525,373,260,285,332,280,381
"Epg5",0,0,0,0,0,0,0,0,0,0,0,0
"Eph",27,30,52,43,23,49,31,47,51,35,43,33
"Ephrin",396,467,411,403,354,418,371,339,521,389,480,328
"Epp",0,3,2,0,0,1,4,0,4,6,1,0
"Eps-15",180,196,189,243,192,311,206,145,187,190,313,242
"Erasp",121,153,105,96,97,104,188,260,317,261,252,264
"Ercc1",10,18,25,30,23,26,17,22,27,13,22,18
"Erk7",0,0,0,0,2,2,0,0,0,1,0,0
"Ero1L",429,574,445,664,613,577,460,471,337,572,545,504
"Es2",121,114,103,286,249,297,99,101,100,186,210,228
"Esp",30,17,12,7,1,10,12,27,2,0,0,3
"Est-6",0,0,0,0,0,0,0,0,0,0,0,0
"Est-P",0,0,0,0,0,0,0,0,0,0,0,0
"Est-Q",91,115,75,20,26,20,96,60,15,5,4,8
"Esyt2",49,56,65,33,33,64,79,49,52,32,48,52
"Etf-QO",0,0,0,0,0,0,0,0,0,0,0,0
"Etfb",3,10,10,12,10,9,6,17,11,17,10,8
"Etl1",303,430,280,354,301,412,299,317,292,346,368,302
"Ets21C",8,3,3,8,14,21,3,2,2,15,11,5
"Ets65A",7,16,14,6,4,11,12,5,5,7,9,10
"Ets96B",0,3,0,0,0,0,0,0,0,0,0,0
"Ets97D",0,0,0,0,0,0,0,0,0,0,0,0
"Ets98B",296,310,264,231,371,398,209,235,339,282,419,258
"Evi5",150,109,106,178,153,167,173,111,155,207,194,167
"Exd2",0,0,0,0,1,1,0,0,0,0,0,0
"Exn",17,26,25,10,8,6,36,20,14,17,18,15
"Exo70",182,224,200,158,168,224,175,179,164,192,239,206
"Exo84",0,0,0,0,0,0,0,0,0,0,0,0
"FAM21",179,210,193,201,201,310,146,147,159,176,206,186
"FANCI",54,76,89,84,90,126,100,60,89,96,87,94
"FASN1",1,16,4,6,2,1,10,9,3,2,2,2
"FASN2",29,15,29,4,10,10,31,25,35,35,21,41
"FASN3",293,465,289,626,424,593,346,253,369,226,376,208
"FBXO11",167,184,208,174,190,267,199,190,224,196,216,208
"FDY",0,0,0,0,0,1,0,0,0,0,0,0
"FER",68,82,109,84,60,97,88,40,56,62,40,62
"FIG4",162,223,171,139,146,196,204,199,165,130,196,161
"FLASH",0,0,0,0,0,0,0,0,0,0,0,0
"FMRFa",108,53,76,68,56,63,58,46,51,65,60,44
"FMRFaR",2,2,1,1,3,0,11,4,2,10,2,1
"FRG1",226,195,218,196,227,205,255,281,227,214,244,222
"Fa2h",88,87,61,74,64,65,74,51,87,79,109,61
"Faa",1371,1611,1384,1256,1663,1344,685,869,992,947,1087,1043
"Fad2",9,2,6,1,0,0,2,0,0,1,1,0
"Fadd",83,121,104,124,144,126,90,127,149,109,142,130
"Faf2",63,63,82,56,91,82,50,60,91,69,75,61
"Fak",28,52,45,38,35,54,32,22,40,28,39,32
"Fam92",15,15,25,139,130,132,18,24,18,92,96,125
"Fancd2",40,33,39,48,54,24,36,30,32,47,38,36
"Fancl",0,0,0,0,0,0,0,0,0,0,0,0
"Fancm",4,1,1,9,8,6,8,3,4,8,5,3
"FarO",949,1334,1077,488,424,430,1035,1541,1756,1244,1389,1049
"Fas1",467,439,521,374,345,615,516,342,388,437,381,507
"Fas2",475,532,504,405,520,629,552,542,573,443,718,429
"Fas3",514,446,466,554,708,850,557,392,720,615,1204,629
"Fatp1",22,19,23,19,27,41,47,58,60,55,79,62
"Fatp2",1,1,1,6,3,10,0,0,4,2,3,5
"Fatp3",8,7,10,3,4,3,7,8,3,8,3,6
"Fbl6",0,1,1,8,7,13,3,1,4,5,3,5
"Fbp1",0,0,0,0,0,0,0,0,0,0,0,0
"Fbp2",19,14,15,16,14,14,7,6,9,4,5,6
"Fbw5",306,405,357,302,289,307,355,280,265,258,297,225
"Fbxl4",298,328,269,204,210,258,261,278,252,203,289,244
"Fbxl7",258,364,231,216,234,251,145,214,242,178,304,205
"Fbxo42",35,40,39,82,68,67,59,42,53,63,73,80
"Fcp1",0,0,0,0,0,0,0,0,0,0,0,0
"Fcp3C",65,38,47,18,48,24,38,41,43,38,55,41
"Fdh",1765,2014,1506,1180,1286,1110,1809,1998,1845,1461,1762,1310
"Fdx1",0,0,1,3,0,0,0,0,0,0,0,0
"Fdx2",550,703,576,613,613,643,642,602,659,559,652,645
"FeCH",0,0,0,0,0,0,0,0,0,0,0,0
"Fem-1",59,77,41,48,25,34,62,90,43,21,35,20
"Femcoat",1,1,1,2,0,6,0,0,0,1,5,1
"Fen1",90,76,54,85,78,85,71,64,74,84,110,85
"Fer1",0,0,0,0,0,0,0,0,0,0,0,0
"Fer1HCH",45,46,43,52,56,52,44,33,23,29,34,43
"Fer2",0,0,0,0,0,0,0,0,0,0,0,0
"Fer2LCH",42,37,33,24,50,28,47,19,18,24,18,37
"Fer3",30,22,23,15,23,9,18,20,28,33,11,15
"Fer3HCH",1,0,16,237,210,348,2,0,1,163,150,178
"Fgop2",15,25,11,15,11,21,19,14,13,19,24,8
"Fhos",74,85,118,88,91,94,73,48,57,60,73,52
"Fib",326,281,295,300,249,284,434,332,317,302,393,283
"Fibp",0,0,0,5,3,3,0,0,1,2,0,0
"Fic",127,122,111,229,190,190,142,118,100,162,169,164
"Fie",0,0,1,32,33,40,2,0,1,32,18,34
"Fife",4,10,8,1,4,18,14,9,7,11,7,6
"Fign",0,0,0,0,0,0,0,0,0,0,0,0
"Fili",0,0,0,12,8,16,0,0,0,8,0,3
"Fim",118,122,116,75,110,146,195,135,94,112,83,96
"Fip1",148,139,156,124,122,146,134,142,133,176,176,124
"FipoQ",112,191,106,140,164,225,123,126,148,128,119,162
"Fis1",0,0,0,0,0,0,0,0,0,0,0,0
"Fit1",381,377,352,327,357,368,334,418,373,366,412,338
"Fit2",1957,1915,2093,1530,1999,2209,1590,1646,2416,2014,2823,2185
"Fitm",0,0,0,0,0,0,0,0,0,0,0,0
"Fkbp12",1304,1361,1087,1226,1294,1314,1465,1616,1352,1179,1494,1182
"Fkbp14",2,4,7,4,0,6,1,2,2,1,2,0
"Fkbp39",613,647,502,346,327,355,718,683,575,379,478,363
"Fkbp59",0,0,0,0,0,0,0,0,0,0,0,0
"Flacc",6,2,1,5,3,5,5,0,2,0,5,5
"Flad1",13,11,18,13,26,19,29,40,12,13,16,17
"Flad2",0,0,18,493,448,410,0,1,0,398,327,293
"Flo1",1,0,1,1,3,1,0,0,0,3,0,2
"Flo2",38,44,43,30,14,25,32,26,45,29,23,15
"Fmo-1",1365,1766,1053,1398,1735,1255,1286,1078,1402,1515,1905,1026
"Fmo-2",649,1265,568,576,526,445,1162,1089,495,293,462,353
"Fmr1",0,0,1,0,0,0,1,0,2,0,0,2
"Fnta",5,10,10,8,16,5,2,4,15,5,6,9
"Fntb",314,303,241,451,404,475,237,271,351,383,455,381
"FoxK",4,9,3,4,6,3,1,3,5,5,2,4
"FoxL1",0,0,0,0,0,0,0,0,0,0,0,0
"FoxP",169,164,193,165,81,157,121,79,112,133,134,155
"Fpgs1",4,2,6,0,1,0,0,0,2,2,1,2
"Fpgs2",7,2,99,1821,1708,2285,1,0,4,1527,1343,1346
"Fpps",467,560,556,732,764,809,358,442,421,521,629,487
"Frl",265,239,278,209,204,250,314,289,297,189,237,221
"Frmd5",45,27,35,89,64,93,50,27,52,69,99,83
"Frq1",0,0,0,0,0,0,0,0,0,0,0,0
"Frq2",36,83,67,57,36,58,87,38,29,28,33,35
"Fs",0,0,0,0,1,0,0,0,0,0,0,0
"Fs(2)Ket",377,399,325,339,304,415,497,349,348,342,322,321
"Fsn",0,0,0,2,3,0,0,0,0,0,0,0
"Fst",8,5,0,6,5,5,17,9,3,28,19,9
"FucT6",193,232,186,231,226,246,271,238,174,297,291,266
"FucTA",3,7,6,8,15,17,6,4,7,10,6,6
"FucTB",15,9,38,729,687,906,3,7,12,440,408,471
"FucTC",72,77,81,29,18,10,178,141,39,24,35,33
"FucTD",0,0,43,1126,989,1343,0,0,4,775,763,681
"Fuca",0,0,0,0,0,0,0,0,0,0,0,0
"Fum1",476,423,459,290,201,285,359,265,341,273,151,288
"Fum2",7,10,31,604,520,740,7,5,23,466,415,393
"Fum3",0,0,0,0,0,0,0,0,0,0,0,0
"Fum4",7,6,55,989,890,1226,3,1,3,1075,923,838
"Fur1",456,489,477,350,378,365,592,466,409,493,419,393
"Fur2",36,33,41,14,16,26,45,27,28,18,33,22
"G6P",32,46,37,206,183,187,33,22,29,190,185,156
"G9a",44,66,51,47,53,60,62,57,46,21,41,44
"GAA1",296,333,323,414,317,443,224,301,364,320,430,351
"GABA-B-R1",83,58,86,75,77,80,79,53,49,59,97,74
"GABA-B-R2",2,0,2,0,0,1,1,2,1,1,0,0
"GABA-B-R3",1,0,6,11,10,43,0,1,0,8,7,5
"GABPI",0,0,0,0,0,0,0,0,0,0,0,0
"GAPcenA",107,155,125,134,119,184,115,128,144,121,138,156
"GAPsec",260,232,197,220,193,226,196,232,288,202,262,171
"GATAd",106,129,121,111,34,43,89,105,137,103,124,50
"GATAe",18,26,5,12,6,9,23,11,12,19,8,7
"GC",0,0,1,3,5,15,2,2,1,4,1,4
"GC1",0,0,0,0,0,0,0,0,1,0,0,0
"GC2",0,0,0,0,0,0,0,0,0,0,0,0
"GCC185",299,351,318,437,370,450,299,308,258,345,353,327
"GCC88",308,295,250,280,270,286,327,223,246,298,359,254
"GCS1",1,1,8,7,4,3,3,1,4,0,8,1
"GCS2alpha",4,0,0,2,2,5,2,1,1,1,0,5
"GCS2beta",31,19,18,11,27,24,12,11,20,10,17,21
"GEFmeso",8,25,33,12,12,27,19,6,12,8,30,15
"GIIIspla2",0,2,1,2,1,1,10,11,1,4,4,2
"GILT1",2927,2776,2460,2447,3142,3222,2166,1878,3024,2808,4355,2448
"GILT2",161,129,144,85,74,92,92,95,105,92,83,129
"GILT3",63,95,77,99,109,79,104,119,98,121,161,135
"GLS",7,25,5,3,0,2,18,26,9,2,2,2
"GLaz",13,17,8,5,9,16,12,3,4,9,4,6
"GM130",475,507,465,537,491,572,457,509,466,482,570,489
"GMF",156,170,132,224,194,268,169,184,195,210,245,196
"GNBP-like3",55,191,50,156,61,88,198,231,72,117,153,66
"GNBP1",295,500,341,205,225,252,318,368,339,204,264,248
"GNBP2",0,0,0,0,0,0,0,0,0,0,0,0
"GNBP3",799,908,642,600,648,548,775,837,871,719,910,561
"GPHR",198,217,185,292,275,402,181,185,227,274,288,227
"GV1",1026,910,974,475,530,707,612,819,760,746,707,695
"GXIVsPLA2",2,2,0,4,0,3,3,0,1,4,0,1
"Gabat",15,8,6,22,30,26,18,10,23,23,26,20
"Gad1",2,1,5,3,0,3,2,5,0,2,2,1
"Gadd45",815,947,616,631,494,757,1033,782,187,240,345,216
"Gagr",65,108,80,39,67,41,62,74,106,100,71,64
"Gal",0,0,0,0,0,0,0,0,0,0,0,0
"GalT1",0,0,0,0,0,0,0,0,0,0,0,0
"Gale",8,0,0,8,1,1,0,4,3,4,7,5
"Galk",25,16,35,1,3,0,7,4,2,0,0,4
"Galphaf",69,67,53,62,32,45,125,60,50,49,76,49
"Galphai",720,680,562,554,582,606,820,806,739,604,746,604
"Galphao",633,561,645,806,725,997,880,604,690,1051,1045,830
"Galphaq",226,237,244,257,233,285,207,181,236,312,336,234
"Galphas",2,4,1,3,1,3,5,11,10,5,6,3
"Galt",0,0,0,0,0,0,0,0,0,0,0,2
"Gapdh1",0,1,0,0,0,2,0,0,0,0,0,1
"Gapdh2",0,0,0,0,0,0,0,0,0,0,2,0
"Gapvd1",852,935,904,721,642,843,747,701,740,705,835,741
"Gar1",211,222,132,133,155,124,224,209,192,137,151,119
"Gart",0,7,1,0,2,0,2,2,0,0,0,0
"Gas41",56,52,49,74,76,79,90,71,88,89,92,87
"Gas8",0,1,1,2,1,0,0,3,1,1,0,1
"Gasp",8219,5310,7469,4831,5777,7065,7623,5099,5151,4864,8538,5674
"Gasz",184,219,207,213,202,257,196,170,238,200,280,247
"Gat",0,0,0,0,0,0,0,0,0,0,0,0
"GatA",274,335,293,412,330,430,219,299,358,388,409,277
"GatB",285,312,313,306,267,281,266,274,324,277,267,219
"GatC",0,0,0,0,0,0,0,0,0,0,0,0
"Gba1a",1,1,0,9,5,5,1,4,1,8,2,0
"Gba1b",10,8,7,11,13,5,1,0,4,7,4,5
"Gbeta13F",1,4,6,10,2,1,4,3,5,5,1,4
"Gbeta5",251,267,306,378,315,459,260,208,290,415,414,370
"Gbeta76C",2710,2731,2599,1901,2177,2623,2286,1975,2441,2285,2323,2226
"Gbp1",312,358,272,409,466,378,351,441,441,263,322,299
"Gbp2",30,59,45,27,49,52,48,62,51,49,41,31
"Gbp3",76,78,52,58,108,97,38,64,67,42,73,42
"Gbs-70E",0,0,0,0,0,0,0,0,0,0,0,0
"Gbs-76A",39,37,33,48,46,41,39,46,55,33,37,33
"Gcat",90,74,51,29,72,41,88,67,75,59,95,52
"GckIII",379,333,350,356,429,521,347,398,322,485,494,433
"Gclc",17,34,30,13,22,15,20,41,27,14,19,14
"Gclm",20,22,21,6,14,14,19,14,17,9,3,9
"Gcn2",0,8,2,0,2,1,2,0,0,0,0,3
"Gcn5",252,359,283,285,253,303,271,262,207,266,306,278
"Gcna",0,0,0,0,0,0,0,2,0,0,1,0
"Gdap1",0,0,0,0,0,0,0,0,0,0,0,0
"Gdap2",725,741,780,714,628,864,719,613,654,794,782,637
"Gdh",0,0,0,0,0,0,0,0,0,0,0,0
"Gdi",0,0,0,0,1,2,0,0,0,0,0,0
"Ge-1",16,14,13,9,19,5,12,19,12,9,17,10
"Gel",10,31,21,18,15,15,26,17,16,10,18,13
"Gem2",0,0,0,0,0,0,0,0,0,0,0,0
"Gem3",5,7,3,15,14,15,2,9,4,7,20,4
"Gem4b",4,4,13,121,111,161,5,7,1,92,93,105
"Gem4c",8,3,9,136,135,198,2,7,6,114,122,103
"Gen",44,36,47,49,27,45,65,67,81,70,77,52
"Gfat1",60,110,43,72,59,75,67,76,53,34,59,43
"Gfat2",286,389,328,313,329,382,352,311,281,341,409,331
"Gfrl",45,29,52,57,36,66,49,25,45,73,73,70
"Gga",302,387,301,329,334,415,336,349,368,318,450,319
"Ggamma1",4442,4869,4874,4618,3885,5311,3930,3528,3757,3872,4368,4033
"Ggamma30A",12,4,17,16,8,22,18,7,0,4,3,11
"Ggt-1",0,0,0,1,0,0,0,0,0,0,0,0
"Gint3",0,0,0,0,0,0,0,0,0,0,0,0
"Gip",1024,1443,886,409,507,456,1601,1454,1484,660,669,614
"Girdin",0,0,0,0,0,0,0,0,0,0,0,0
"Git",410,472,426,296,342,395,401,462,366,420,449,312
"Gk1",19,18,19,16,23,23,18,27,27,8,25,18
"Gk2",1,4,6,12,11,7,3,6,5,2,6,3
"GlcAT-I",249,275,259,288,257,243,278,259,284,232,255,191
"GlcAT-P",8,2,2,3,3,7,3,6,1,6,1,2
"GlcAT-S",0,1,2,38,18,45,0,0,0,21,23,22
"GlcT",328,398,324,250,322,292,339,373,310,189,237,242
"Gld",0,0,0,0,0,0,0,0,0,0,0,0
"Gld2",0,0,5,91,65,106,0,0,0,33,33,39
"Gle1",211,193,223,331,267,307,223,166,203,273,245,279
"Glg1",0,0,1,0,6,0,9,1,1,2,0,0
"Gli",3,0,1,1,0,0,0,0,0,0,0,0
"GlnRS",652,801,645,539,556,553,696,639,605,582,642,541
"Glo1",361,346,338,317,296,281,361,336,436,309,345,306
"Glos",11,11,15,20,19,17,21,12,18,18,9,15
"Glt",0,0,0,0,0,0,0,0,0,0,0,0
"GluClalpha",11,29,21,15,13,18,18,8,7,17,10,19
"GluProRS",487,790,649,425,423,639,514,438,351,285,259,329
"GluRIA",155,141,159,188,131,230,175,107,131,220,201,203
"GluRIB",59,20,66,103,70,104,61,38,55,104,111,71
"GluRIIA",223,300,262,178,183,254,258,252,169,197,229,168
"GluRIIB",10,9,10,17,12,16,6,10,5,9,17,7
"GluRIIC",207,205,218,122,143,172,150,200,211,187,172,185
"GluRIID",232,244,225,127,171,229,187,200,260,195,305,247
"GluRIIE",488,450,511,291,397,464,254,290,524,325,505,378
"GluRS-m",65,71,70,44,83,61,62,74,89,68,88,59
"Glut1",1,0,4,0,7,17,3,7,6,2,2,4
"Glut3",0,0,16,288,264,345,0,0,0,222,163,193
"Glut4EF",0,2,6,9,12,2,4,4,1,4,0,0
"GlyRS",0,0,0,0,0,0,0,0,0,0,0,0
"GlyT",175,120,149,119,107,151,240,132,91,161,143,182
"Glyat",41,25,30,21,21,25,27,27,20,16,20,8
"Glyp",859,799,895,551,560,657,1090,903,876,640,431,711
"Glys",12,22,22,11,11,10,26,27,25,15,5,10
"Gmap",18,26,21,12,12,22,26,29,15,21,21,12
"Gmd",235,222,161,174,146,211,254,308,237,223,233,240
"Gmer",93,91,65,94,88,97,96,79,77,114,97,92
"Gmppa",368,336,270,291,303,339,285,319,345,278,385,300
"Gmppb",0,0,0,2,0,1,0,1,1,0,0,0
"Gnf1",0,0,0,0,0,0,0,0,0,0,0,0
"Gnmt",57,80,75,90,77,79,68,70,86,93,137,107
"Gnpat",2,1,2,3,0,1,0,2,7,0,2,0
"Gnpnat",2,0,0,0,0,3,0,0,0,3,0,0
"Gnptab",85,108,123,139,99,114,86,80,98,94,138,78
"Golgin104",114,147,132,193,190,258,117,97,96,267,250,204
"Golgin245",804,987,777,714,658,916,769,701,778,804,955,708
"Golgin84",182,174,212,666,627,818,147,146,182,563,638,558
"Golgin97",0,0,0,0,0,0,0,0,0,0,0,0
"Gorab",128,149,124,135,137,157,134,146,123,140,176,138
"Gos28",210,196,135,215,206,226,321,201,236,232,269,220
"Got1",0,0,0,4,0,6,0,0,0,1,1,0
"Got2",81,109,82,96,75,113,105,49,58,74,57,86
"Gp150",4,16,11,4,6,9,6,5,1,8,7,2
"Gp210",7,11,9,17,10,5,14,11,8,10,11,8
"Gp93",1588,1755,1310,2128,1966,2406,1852,1739,1699,2588,3026,2477
"Gpa2",7,9,4,2,8,8,11,6,5,15,6,14
"Gpat4",4,1,2,6,5,2,1,1,0,2,3,5
"Gpb5",2,2,0,8,3,3,4,0,1,1,5,2
"Gpdh1",17,13,28,5,2,9,8,7,5,6,4,12
"Gpdh2",2,0,23,588,626,764,0,0,0,410,305,300
"Gpdh3",0,0,0,0,2,0,0,0,0,0,0,0
"Gpo1",77,113,60,71,81,83,90,91,71,56,50,50
"Gpo2",8,2,37,720,632,821,3,2,2,612,544,559
"Gpo3",0,0,0,0,0,0,0,0,0,0,0,0
"Gprk1",0,0,0,0,0,0,0,0,0,0,0,0
"Gprk2",262,221,272,250,270,318,236,248,226,234,298,272
"Gpxl",0,0,0,8,2,0,0,0,0,39,9,30
"Gr10a",0,0,0,0,0,0,0,0,0,0,0,0
"Gr10b",0,1,0,4,1,3,2,0,0,0,0,2
"Gr21a",0,0,0,0,0,0,0,0,0,0,0,0
"Gr22a",0,0,0,0,0,0,0,0,0,0,0,0
"Gr22b",0,0,0,0,2,0,0,0,0,0,1,0
"Gr22c",0,0,0,12,11,20,0,0,0,6,2,1
"Gr22d",0,0,0,3,0,0,0,0,0,0,0,0
"Gr22e",0,2,0,0,1,0,0,0,0,0,0,2
"Gr22f",0,0,1,97,77,64,0,0,0,50,34,53
"Gr23a",3,0,3,0,2,0,0,0,0,1,3,0
"Gr28a",0,0,0,7,1,5,1,0,0,1,2,10
"Gr28b",5,4,7,5,5,11,9,15,4,10,4,1
"Gr2a",0,0,0,0,0,0,0,0,0,0,0,0
"Gr32a",8,5,14,37,33,41,13,2,9,25,34,23
"Gr33a",1,0,7,1,3,3,4,0,1,2,2,2
"Gr36a",1,0,1,5,1,1,0,1,0,1,1,2
"Gr36b",0,0,2,0,0,0,0,0,0,0,0,1
"Gr36c",0,2,0,0,0,3,0,0,0,0,2,1
"Gr39a",8,10,6,7,4,5,7,7,3,16,9,3
"Gr39b",0,0,0,6,14,5,0,0,0,5,5,0
"Gr43a",0,0,0,0,0,0,0,0,0,0,0,0
"Gr47a",1,0,1,3,3,2,1,0,0,1,1,4
"Gr47b",3,22,13,36,17,6,0,0,4,3,3,2
"Gr57a",0,0,4,0,0,0,0,0,0,0,0,1
"Gr58a",0,0,0,1,1,0,0,0,0,0,0,0
"Gr58b",0,0,0,3,2,4,0,0,0,0,1,5
"Gr58c",0,0,0,2,0,1,0,0,0,0,3,0
"Gr59a",0,0,0,0,0,0,0,0,0,0,1,0
"Gr59b",0,0,0,0,5,0,0,0,0,0,0,0
"Gr59c",0,0,0,0,0,0,0,0,0,0,1,0
"Gr59d",0,0,0,1,0,3,0,0,0,2,0,1
"Gr59e",0,2,1,6,1,6,1,0,0,9,5,2
"Gr59f",0,1,3,1,4,1,0,1,1,0,3,0
"Gr5a",2,0,1,1,1,0,0,0,0,0,1,0
"Gr61a",0,0,0,1,3,0,0,0,0,0,0,0
"Gr63a",6,6,1,6,2,23,9,0,2,11,10,6
"Gr64a",13,9,9,15,21,24,21,9,18,17,52,29
"Gr64b",0,0,0,0,0,0,0,0,0,0,0,0
"Gr64c",0,0,0,0,0,0,0,0,0,0,0,0
"Gr64d",0,0,0,0,0,0,0,0,0,0,0,0
"Gr64e",0,0,0,0,0,0,0,0,0,0,0,0
"Gr64f",9,5,7,13,30,25,5,12,8,10,13,17
"Gr66a",4,10,9,4,12,20,14,11,10,13,15,6
"Gr68a",0,0,0,0,0,0,0,0,0,0,0,0
"Gr77a",14,9,4,3,5,4,6,1,4,11,5,1
"Gr85a",0,0,0,0,0,1,0,2,1,0,0,0
"Gr89a",2,6,1,0,0,0,4,3,0,0,1,0
"Gr8a",11,18,15,14,6,21,16,7,13,21,12,7
"Gr92a",0,1,0,3,3,0,0,0,0,8,0,1
"Gr93a",12,9,5,5,6,7,2,0,4,4,6,11
"Gr93b",2,0,1,0,2,0,0,4,0,0,0,0
"Gr93c",0,0,0,1,3,6,0,0,0,1,1,0
"Gr93d",0,0,0,0,0,0,0,0,0,0,0,0
"Gr94a",11,9,4,17,10,11,6,2,13,6,8,6
"Gr97a",0,0,0,0,0,0,0,0,0,0,0,0
"Gr98a",7,17,8,7,2,0,13,14,11,7,5,7
"Gr98b",0,0,2,0,0,0,0,1,0,3,2,0
"Gr98c",0,0,3,0,0,0,0,1,0,0,0,0
"Gr98d",4,0,2,3,0,2,0,0,2,6,3,4
"Gr9a",0,0,1,2,0,0,1,0,0,1,0,0
"Graf",1,1,0,0,0,0,0,0,0,0,0,0
"GramD1B",23,15,5,21,22,18,4,10,7,7,12,6
"Grasp65",366,400,376,351,440,386,344,362,348,476,549,422
"Grd",70,55,89,56,61,91,57,57,25,29,54,68
"Grik",3,3,7,11,13,17,6,3,0,18,12,9
"Grip",0,0,0,0,0,0,0,0,0,0,0,0
"Grip128",133,145,138,227,197,236,119,97,173,159,186,127
"Grip163",249,214,218,254,194,338,240,168,197,231,307,243
"Grip71",55,74,74,212,142,199,62,54,90,179,183,149
"Grip75",184,208,184,309,302,335,183,208,232,278,302,258
"Grip84",5,5,2,2,4,3,0,2,6,4,2,0
"Grip91",305,316,247,331,269,337,294,311,345,237,285,263
"Grl36a",0,0,0,0,1,0,1,0,0,2,2,0
"Grl36b",8,7,11,12,10,24,14,20,10,18,4,10
"Grl40a",0,0,0,4,4,8,0,0,2,4,2,1
"Grl43a",0,0,0,0,1,0,0,0,0,0,0,0
"Grl58a",3,3,2,1,1,3,0,0,0,0,0,0
"Grl62a",0,1,0,0,0,0,0,0,0,0,0,0
"Grl62b",0,0,0,0,0,0,0,0,0,0,0,0
"Grl62c",0,1,0,1,0,0,0,0,0,2,0,3
"Grl65a",0,0,4,0,0,0,0,0,0,1,3,1
"GrlHz",13,15,14,17,21,25,18,15,9,11,16,5
"Grp170",54,31,25,44,53,54,41,34,42,31,66,50
"Grx1",0,0,0,2,0,1,0,0,0,0,0,0
"Grx1t",2,0,27,680,739,805,0,0,0,427,425,375
"Grx3",1226,1375,1149,1274,1271,1198,1117,1114,1277,1180,1366,1193
"Grx5",576,488,520,654,681,541,616,599,738,522,588,556
"Gs1",13,8,6,3,13,3,9,3,0,8,4,8
"Gs1l",223,251,263,163,126,161,253,226,234,193,168,166
"Gs2",0,4,1,1,0,0,3,3,0,0,0,0
"Gsc",0,0,0,2,0,2,0,0,1,1,3,4
"Gss1",0,0,0,0,0,0,0,0,0,0,0,0
"Gss2",0,0,0,0,0,0,0,0,0,0,0,0
"GstD1",0,2,4,4,0,5,2,1,1,2,7,3
"GstD10",0,0,0,0,0,0,0,0,0,0,0,0
"GstD11",9,1,4,5,10,8,1,4,6,4,6,2
"GstD2",35,54,38,171,169,125,20,31,39,24,85,33
"GstD3",272,172,209,553,510,553,82,59,124,181,250,140
"GstD4",6,7,5,7,10,12,2,6,6,14,15,16
"GstD5",53,55,48,133,136,135,64,38,48,204,206,178
"GstD6",9,21,8,15,6,8,2,3,4,9,4,4
"GstD7",22,23,15,24,34,31,3,11,6,19,43,15
"GstD8",51,64,40,39,48,46,27,46,58,24,26,33
"GstD9",0,0,0,0,0,0,0,0,0,0,2,0
"GstE1",1428,1165,1320,1759,1386,1867,1072,1100,1210,1642,2011,1559
"GstE10",1,0,3,2,3,5,0,0,1,1,2,0
"GstE11",2,2,0,0,2,0,0,1,1,1,0,1
"GstE12",9,22,14,9,10,16,25,9,16,4,9,18
"GstE13",0,0,1,5,1,4,1,1,0,0,1,0
"GstE14",31,53,26,13,8,10,54,57,14,2,5,18
"GstE2",110,84,90,159,172,122,101,70,88,132,155,121
"GstE3",668,728,605,513,603,498,712,747,866,711,765,816
"GstE4",218,218,268,48,78,76,182,173,174,89,62,118
"GstE5",227,277,291,135,149,119,238,234,198,160,134,185
"GstE6",782,732,666,686,807,757,907,1082,956,738,864,869
"GstE7",401,454,335,250,346,261,569,558,455,465,419,459
"GstE8",11,11,8,7,9,5,7,2,14,14,7,6
"GstE9",1144,1668,1053,514,653,426,1334,1897,1675,1191,1186,1157
"GstO1",219,224,218,501,462,513,124,115,152,382,391,343
"GstO2",658,739,689,632,644,652,708,769,754,756,772,718
"GstO3",374,348,347,322,458,373,318,367,439,432,517,363
"GstS1",485,483,487,487,373,510,861,640,351,278,283,419
"GstT1",642,641,469,674,719,709,607,689,715,665,901,677
"GstT2",340,391,271,282,291,325,356,297,405,335,427,335
"GstT3",14,6,13,11,10,11,23,9,9,4,3,5
"GstT4",2776,3217,3040,2187,2843,2403,2061,2890,3719,2391,3519,2109
"GstZ1",236,217,212,218,223,188,236,221,276,195,258,188
"GstZ2",81,55,108,80,74,76,59,60,92,71,70,62
"Gtpx",564,740,587,530,509,521,552,542,486,460,508,525
"Gug",0,0,0,0,0,0,0,0,0,0,0,0
"Gyc32E",0,0,0,0,0,0,0,0,0,0,0,0
"Gyc76C",0,0,0,0,1,0,0,0,0,0,0,0
"Gyc88E",18,11,24,13,3,7,25,22,25,23,12,25
"Gyc89Da",2,0,1,1,1,5,0,1,1,3,1,0
"Gyc89Db",0,0,0,3,3,3,0,0,2,1,0,3
"Gycalpha99B",831,807,860,1015,755,1123,915,655,714,1086,1219,1014
"Gycbeta100B",256,181,244,261,174,316,276,196,184,235,301,261
"Gyf",5,4,1,9,1,4,0,0,0,2,3,0
"Gyg",24,31,35,48,23,56,30,21,15,21,18,37
"H",0,0,0,0,0,0,0,0,0,0,0,0
"H15",1,4,4,16,11,13,8,8,10,2,2,12
"H2.0",4,9,3,10,1,12,4,11,8,18,5,8
"HBS1",2,0,0,5,1,4,2,1,2,2,1,2
"HDAC1",381,456,401,323,298,365,420,410,398,352,432,270
"HDAC11",9,6,5,1,2,4,4,0,1,0,0,0
"HDAC3",0,0,0,0,0,0,0,0,0,0,0,0
"HDAC4",4,9,14,4,8,6,10,6,3,5,2,4
"HDAC6",15,25,11,24,28,22,33,19,29,20,25,5
"HERC2",251,226,284,327,266,410,283,214,208,332,257,192
"HGTX",0,0,0,0,0,0,0,0,0,0,0,0
"HHEX",2,0,3,0,1,0,0,0,0,0,3,1
"HINT1",0,0,0,0,0,0,2,0,0,0,0,0
"HIP",287,270,215,284,334,382,283,234,172,364,372,365
"HIP-R",0,0,0,0,0,0,0,0,0,1,0,0
"HIPP1",0,0,0,0,0,0,0,0,0,0,0,0
"HLH3B",2,1,3,7,1,0,5,8,3,3,5,5
"HLH4C",0,0,0,0,0,0,0,0,0,0,0,0
"HLH54F",5,8,13,15,22,40,2,7,20,14,14,20
"HP1D3csd",7,8,17,16,13,2,12,7,3,7,15,7
"HP1Lcsd",0,0,1,10,9,8,1,0,1,4,7,4
"HP1b",7,9,8,9,9,11,9,8,15,12,11,6
"HP1c",226,191,198,283,277,276,202,186,263,269,324,227
"HP1e",0,1,6,66,56,49,0,0,1,35,29,20
"HP4",0,0,0,0,0,0,0,0,0,0,0,0
"HP5",104,93,73,111,105,141,110,94,101,98,156,85
"HP6",1,0,1,163,183,194,7,1,0,65,84,80
"HPS1",192,229,187,266,208,226,161,175,216,169,243,198
"HPS4",9,17,5,4,9,14,26,34,13,8,21,14
"HSPBAP1",46,49,43,69,44,38,47,21,34,43,34,39
"HSPC300",1,5,4,3,1,0,4,3,9,3,7,4
"HUWE1",0,0,0,3,0,2,0,0,0,0,0,0
"Hacd1",813,906,845,688,662,707,747,894,1040,948,1226,821
"Hacd2",457,508,438,393,389,432,373,377,483,393,540,343
"Hacl",738,808,636,612,580,562,771,718,850,653,813,547
"Had1",0,0,0,0,0,0,0,0,0,0,0,0
"Had2",195,364,177,106,135,107,514,468,222,186,248,196
"Hakai",0,0,0,0,0,0,0,0,0,0,0,0
"Hand",66,71,46,74,69,55,70,90,81,59,61,63
"Hao",307,370,291,263,312,250,313,313,441,348,366,312
"Hap40",2,4,7,1,4,4,0,2,17,5,5,4
"Hasp",178,170,161,199,174,221,203,166,145,198,184,206
"Haspin",277,213,188,294,322,423,242,225,284,341,384,296
"Hat1",0,2,1,14,10,25,0,0,1,9,7,14
"Hayan",0,1,0,1,1,1,1,1,0,0,0,0
"Hcf",4,6,5,7,5,2,8,13,4,12,3,0
"Hcs",0,0,0,0,0,0,0,0,0,0,0,0
"Hdc",8,3,13,1,1,0,0,0,0,0,0,0
"He",0,3,8,5,1,0,0,1,2,0,0,0
"Hecw",145,146,152,130,179,185,159,93,189,178,160,141
"Hel25E",40,66,43,50,41,40,52,45,67,42,33,43
"Hel89B",32,58,34,47,21,62,44,44,21,14,39,32
"Helz",88,94,94,135,76,97,115,93,88,120,140,95
"Hem",359,525,422,391,412,500,418,445,413,358,559,361
"HemK1",6,0,2,7,6,8,4,2,4,7,2,6
"HemK2",0,0,0,0,0,0,0,0,0,0,0,0
"Hen1",54,74,109,265,193,241,98,110,111,218,219,174
"Herc4",0,0,0,0,0,0,0,0,0,0,0,0
"Herp",1,3,0,5,5,0,3,9,2,5,2,2
"Hers",2,0,0,6,0,9,2,0,2,0,1,1
"Hesr",0,0,4,0,2,1,0,1,0,0,0,1
"Hex-A",731,774,772,665,562,652,904,806,695,690,723,635
"Hex-C",369,1180,315,84,100,109,898,698,427,305,125,199
"Hex-t1",0,1,20,414,410,510,6,0,0,270,257,222
"Hex-t2",3,1,81,1316,1249,1578,1,0,1,1378,1149,1152
"Hexim",0,2,0,0,0,0,0,0,6,0,0,0
"Hexo1",9,5,3,2,4,0,8,10,10,0,0,1
"Hexo2",730,1124,528,658,644,494,1136,1139,761,707,1000,695
"Hey",2,0,5,8,7,5,3,2,2,7,1,5
"Hez",0,0,0,0,0,0,0,0,0,0,0,0
"Hf",279,461,282,312,328,240,424,396,368,257,339,299
"Hgsnat",0,0,0,0,0,4,2,2,1,0,0,0
"Hibch",0,0,0,0,0,0,0,0,0,0,0,0
"Hil",2,0,0,0,1,2,0,1,1,6,0,0
"Him",0,0,2,11,23,27,4,0,2,7,14,11
"Hinfp",0,0,0,0,0,0,0,0,0,0,0,0
"Hip1",13,4,10,33,9,18,16,12,14,21,17,21
"Hip14",104,115,111,94,104,152,167,123,130,119,127,104
"HipHop",0,0,0,1,0,0,0,0,0,0,0,0
"Hipk",1129,1220,1275,1122,1084,1373,1000,1009,1054,1252,1359,1008
"Hira",110,116,103,121,137,153,107,98,91,144,141,136
"His1:CG31617",0,0,0,0,0,0,0,0,0,0,0,0
"His1:CG33801",1,0,0,1,0,0,0,0,0,0,0,0
"His1:CG33804",0,0,0,0,0,0,0,0,0,0,0,0
"His1:CG33807",0,0,0,0,0,0,0,0,0,0,0,0
"His1:CG33810",0,0,0,0,0,0,0,0,0,0,0,0
"His1:CG33813",0,0,0,0,0,0,0,0,0,0,0,0
"His1:CG33816",0,0,0,0,0,0,0,0,0,0,0,0
"His1:CG33819",0,0,0,0,0,0,0,0,0,0,0,0
"His1:CG33822",0,0,0,0,0,0,0,0,0,0,0,0
"His1:CG33825",0,0,0,0,0,0,0,0,0,0,0,0
"His1:CG33828",0,0,0,0,0,0,0,0,0,0,0,0
"His1:CG33831",0,0,0,0,0,0,0,0,0,0,0,0
"His1:CG33834",0,0,0,0,0,0,0,0,0,0,0,0
"His1:CG33837",0,0,0,0,0,0,0,0,0,0,0,0
"His1:CG33840",0,0,0,0,0,0,0,0,0,0,0,0
"His1:CG33843",0,0,0,0,0,0,0,0,0,0,0,0
"His1:CG33846",0,0,0,0,0,0,0,0,0,0,0,0
"His1:CG33849",0,0,0,0,0,0,0,0,0,0,0,0
"His1:CG33852",1,0,0,0,0,0,0,0,0,0,0,0
"His1:CG33855",0,0,0,0,0,0,0,0,0,0,0,0
"His1:CG33858",0,0,0,0,0,0,0,0,0,0,0,0
"His1:CG33861",0,0,0,0,0,0,0,0,0,0,0,0
"His1:CG33864",0,0,0,0,1,0,0,0,0,1,0,1
"His2A:CG31618",0,0,0,0,0,0,0,0,0,0,0,0
"His2A:CG33808",0,0,0,0,0,0,0,0,0,0,0,0
"His2A:CG33814",0,0,0,0,0,0,0,0,0,0,0,0
"His2A:CG33817",0,0,0,0,4,0,0,0,0,0,0,0
"His2A:CG33820",0,0,0,0,0,0,0,0,0,0,0,0
"His2A:CG33823",0,0,0,0,0,0,0,0,0,0,0,0
"His2A:CG33826",0,0,0,0,0,0,0,0,0,0,0,0
"His2A:CG33829",0,0,0,0,0,0,0,0,0,0,0,0
"His2A:CG33832",0,0,0,0,0,0,0,0,0,0,0,0
"His2A:CG33835",0,0,0,0,0,0,0,0,0,0,0,0
"His2A:CG33838",0,0,0,0,0,0,0,0,0,0,0,0
"His2A:CG33841",0,0,0,0,0,0,0,0,0,0,0,0
"His2A:CG33844",0,0,0,0,0,0,0,0,0,0,0,0
"His2A:CG33847",0,0,0,0,0,0,0,0,0,0,0,0
"His2A:CG33850",0,0,0,0,0,0,0,0,0,0,0,0
"His2A:CG33853",0,0,0,2,0,1,0,1,0,0,2,2
"His2A:CG33856",0,0,0,0,0,1,0,0,0,0,0,0
"His2A:CG33859",0,0,0,1,0,1,0,0,0,2,1,1
"His2A:CG33862",0,0,1,0,0,0,0,0,0,1,2,1
"His2A:CG33865",1,2,1,3,4,0,0,0,1,5,1,0
"His2Av",10,7,7,4,20,16,24,12,30,13,18,12
"His2B:CG17949",0,0,0,1,1,1,0,0,0,0,0,0
"His2B:CG33868",0,1,0,25,14,14,1,1,0,4,7,11
"His2B:CG33870",0,0,0,2,0,0,0,0,0,3,0,2
"His2B:CG33872",0,0,0,1,0,0,0,0,0,0,0,0
"His2B:CG33874",0,0,0,0,0,0,0,0,0,0,1,0
"His2B:CG33876",0,0,0,0,0,0,0,0,0,0,0,0
"His2B:CG33878",0,0,0,0,0,0,0,0,0,0,0,0
"His2B:CG33880",0,0,0,0,0,0,0,0,0,0,0,0
"His2B:CG33882",0,0,0,0,0,0,0,0,0,0,0,0
"His2B:CG33884",0,0,0,0,0,0,0,0,0,0,0,0
"His2B:CG33886",0,0,0,0,0,0,0,0,0,0,0,0
"His2B:CG33888",0,0,0,0,0,0,0,0,0,0,0,0
"His2B:CG33890",0,0,0,0,0,0,0,0,0,0,0,0
"His2B:CG33892",0,0,0,0,0,0,0,0,0,0,0,0
"His2B:CG33894",0,0,0,0,0,0,0,0,0,0,0,0
"His2B:CG33896",0,0,0,0,0,1,0,0,0,0,0,0
"His2B:CG33898",0,0,0,0,0,0,0,0,0,0,0,0
"His2B:CG33900",0,0,0,0,0,0,0,0,0,0,0,0
"His2B:CG33902",0,0,0,0,0,0,0,0,0,0,0,0
"His2B:CG33904",0,0,0,0,0,0,0,0,0,0,0,0
"His2B:CG33906",0,0,0,0,0,0,0,0,0,0,0,0
"His2B:CG33908",0,0,1,0,0,0,0,0,0,1,0,1
"His2B:CG33910",0,0,0,0,0,0,0,0,0,0,0,0
"His3.3A",0,6,0,1,0,0,1,0,0,1,0,0
"His3.3B",1149,884,885,1159,1320,1247,1451,1142,1178,1464,1650,1149
"His3:CG31613",0,0,0,0,0,0,0,0,0,0,0,0
"His3:CG33803",0,0,0,0,0,0,0,0,0,0,0,0
"His3:CG33806",0,0,0,0,0,0,0,0,0,0,0,0
"His3:CG33809",0,0,0,0,0,0,0,0,0,0,0,0
"His3:CG33812",0,0,0,0,0,0,0,0,0,0,0,0
"His3:CG33815",0,0,0,0,0,0,0,0,0,0,0,0
"His3:CG33818",0,0,0,0,0,0,0,0,0,0,0,0
"His3:CG33821",0,0,0,0,0,0,0,0,0,0,0,0
"His3:CG33824",0,0,0,0,0,0,0,0,0,0,0,0
"His3:CG33827",0,0,0,0,0,0,0,0,0,0,0,0
"His3:CG33830",0,0,0,0,0,0,0,0,0,0,0,0
"His3:CG33833",0,0,0,0,0,0,0,0,0,0,0,0
"His3:CG33836",0,0,0,0,0,0,0,0,0,0,0,0
"His3:CG33839",0,0,0,0,0,0,0,0,0,0,0,0
"His3:CG33842",0,0,0,0,0,0,0,0,0,0,0,0
"His3:CG33845",0,0,0,0,0,0,0,0,0,0,0,0
"His3:CG33848",0,0,0,0,0,0,0,0,0,0,0,0
"His3:CG33851",0,0,0,0,0,0,0,0,0,0,0,0
"His3:CG33854",0,0,0,0,0,0,0,0,0,0,0,0
"His3:CG33857",0,0,0,0,0,0,0,0,0,0,0,0
"His3:CG33860",0,0,0,0,0,0,0,0,0,0,0,0
"His3:CG33863",0,0,0,0,0,0,0,0,0,0,0,0
"His3:CG33866",0,0,0,0,0,0,0,0,0,0,0,0
"His4:CG31611",0,0,0,0,0,0,0,0,0,0,0,0
"His4:CG33869",0,0,0,0,0,0,0,0,0,0,0,0
"His4:CG33871",0,0,0,0,0,0,0,0,0,0,0,0
"His4:CG33873",0,0,0,0,0,0,0,0,0,0,0,0
"His4:CG33875",0,0,0,0,0,0,0,0,0,0,0,0
"His4:CG33877",0,0,0,0,0,0,0,0,0,0,0,0
"His4:CG33879",0,0,0,0,0,0,0,0,0,0,0,0
"His4:CG33881",0,0,0,0,0,0,0,0,0,0,0,0
"His4:CG33883",0,0,0,0,0,0,0,0,0,0,0,0
"His4:CG33885",0,0,0,0,0,0,0,0,0,0,0,0
"His4:CG33887",0,0,0,0,0,0,0,0,0,0,0,0
"His4:CG33889",0,0,0,0,0,0,0,0,0,0,0,0
"His4:CG33891",0,0,0,0,0,0,0,0,0,0,0,0
"His4:CG33893",0,0,0,0,0,0,0,0,0,0,0,0
"His4:CG33895",0,0,0,0,0,0,0,0,0,0,0,0
"His4:CG33897",0,0,0,0,0,0,0,0,0,0,0,0
"His4:CG33899",0,0,0,0,0,0,0,0,0,0,0,0
"His4:CG33901",0,0,0,0,0,0,0,0,0,0,0,0
"His4:CG33903",0,0,0,0,0,0,0,0,0,0,0,0
"His4:CG33905",0,0,0,0,0,0,0,0,0,0,0,0
"His4:CG33907",0,0,0,0,0,0,0,0,0,0,0,0
"His4:CG33909",0,0,0,0,0,0,0,0,0,0,0,0
"His4r",0,0,0,0,0,0,0,0,0,0,0,0
"HisCl1",0,0,0,0,0,0,0,0,0,0,0,0
"HisRS",7,14,11,7,7,4,4,12,0,3,8,3
"HisT",70,94,70,45,57,65,98,83,74,89,70,82
"Hk",41,61,56,32,49,60,52,55,54,38,52,55
"Hmbs",1747,1740,1753,1495,1362,1872,1926,1613,1912,1790,2152,1882
"Hmg-2",75,42,67,66,74,76,79,95,49,104,103,92
"HmgD",6,8,17,9,4,15,17,13,9,19,15,7
"HmgZ",66,43,40,64,86,104,114,94,72,52,67,63
"Hmgcl",0,0,0,0,0,0,0,0,0,0,0,0
"Hmgcr",674,848,825,1024,912,1328,752,665,686,866,951,855
"Hmgs",4,11,16,8,14,16,9,3,2,7,11,5
"Hml",0,0,0,0,0,0,0,0,0,0,0,0
"Hmr",60,69,65,116,89,134,49,53,37,89,95,90
"Hmt-1",999,1051,917,1043,859,1151,1003,998,1035,1003,1100,983
"Hmt4-20",79,85,115,59,88,92,92,62,92,67,97,65
"Hmu",1207,1457,1226,1009,1031,1100,1146,1201,1143,1029,1490,1092
"Hmx",2,0,3,0,10,7,2,0,1,4,4,5
"Hn",31,41,41,47,43,61,40,27,29,42,53,42
"HnRNP-K",6,5,4,1,1,4,3,3,7,7,6,6
"Hnf4",58,79,37,40,44,49,46,55,44,47,56,56
"Ho",995,1146,884,1873,1729,1930,1396,1166,1585,1491,1882,1435
"Hou",361,324,281,230,271,302,301,325,342,292,279,266
"Hpd",4,0,0,0,0,1,4,3,2,1,2,2
"Hpf1",153,148,123,167,135,159,166,159,113,145,205,141
"Hph",80,151,139,153,118,161,110,66,51,59,72,68
"Hpr1",256,250,205,332,322,367,241,255,248,268,361,228
"Hr3",55,6,59,8,4,5,1,0,5,2,2,2
"Hr38",0,0,0,0,2,1,4,0,0,0,4,0
"Hr39",3,6,2,2,0,4,2,1,2,6,3,6
"Hr4",151,125,199,244,207,331,136,103,121,257,234,167
"Hr51",1,3,11,41,33,48,9,2,5,21,36,25
"Hr78",1,2,2,3,0,0,5,3,1,0,0,2
"Hr83",0,1,4,0,0,1,0,0,2,0,2,0
"Hr96",289,268,266,231,253,315,284,282,268,247,259,222
"Hrb27C",2,3,1,5,2,8,4,2,0,5,5,2
"Hrb87F",13,7,3,4,10,4,12,6,6,2,5,3
"Hrb98DE",0,0,0,0,0,0,0,0,0,0,0,0
"Hrd3",0,2,0,4,4,9,0,0,0,0,5,5
"Hrs",4,3,1,0,0,0,1,0,0,0,1,2
"Hs2st",262,325,242,266,281,374,288,305,287,222,336,250
"Hs3st-A",0,1,3,0,0,0,0,3,0,2,1,1
"Hs3st-B",0,1,2,6,0,5,2,0,0,0,1,1
"Hs6st",27,24,33,49,52,57,32,28,38,45,34,39
"Hsc20",126,155,123,168,196,167,140,119,130,150,158,149
"Hsc70-1",0,0,0,0,0,0,0,0,0,0,0,0
"Hsc70-2",269,333,348,2625,2481,3377,225,242,345,2783,2717,2499
"Hsc70-3",105,119,85,108,135,220,127,97,66,164,143,226
"Hsc70-4",30,15,30,9,18,13,26,27,12,17,31,15
"Hsc70-5",0,0,0,1,3,5,0,0,0,3,2,0
"Hsdl2",1013,1247,906,814,839,841,799,893,1068,938,1268,828
"Hsepi",0,0,0,0,0,0,0,0,0,0,0,0
"Hsf",0,0,0,2,1,3,0,1,0,0,0,0
"Hsl",0,5,4,1,3,9,4,2,3,1,4,3
"Hsp110",6,6,6,0,0,9,6,0,1,5,10,5
"Hsp22",0,0,0,0,0,0,0,0,0,0,0,0
"Hsp23",0,0,0,0,0,0,0,0,0,0,0,0
"Hsp26",0,0,0,4,0,0,0,0,0,0,0,0
"Hsp27",0,0,0,0,0,0,0,0,0,0,0,0
"Hsp60A",3,15,7,16,6,18,20,9,5,9,14,12
"Hsp60B",3,0,158,3930,3784,5421,0,0,0,3944,3436,3146
"Hsp60C",0,0,0,0,2,0,0,0,0,2,2,2
"Hsp60D",0,0,0,0,0,0,0,0,0,0,0,0
"Hsp67Ba",5,6,5,15,20,12,7,3,10,4,8,6
"Hsp67Bc",525,406,445,1484,1175,1460,356,256,500,524,931,523
"Hsp68",961,934,811,2083,1912,2033,868,1025,1220,1748,2519,1879
"Hsp70Aa",32,31,28,64,58,69,67,90,42,91,86,97
"Hsp70Ab",111,104,88,180,240,313,223,259,200,244,263,299
"Hsp70Ba",12,10,9,22,36,25,20,29,13,23,26,17
"Hsp70Bb",348,567,334,710,765,809,494,626,242,210,332,327
"Hsp70Bbb",46,32,29,96,116,82,3,22,22,19,37,36
"Hsp70Bc",34,58,42,153,97,149,36,29,49,33,70,42
"Hsp83",0,0,2,71,55,130,0,0,0,43,62,64
"HtrA2",111,116,115,211,173,243,145,132,155,171,220,198
"Hug",48,30,58,48,31,37,55,45,47,27,54,45
"Hus1-like",0,0,0,0,0,0,0,0,0,0,0,0
"Hyccin",0,0,0,0,0,0,0,0,0,0,0,0
"Hydr1",3,10,5,5,4,12,8,8,9,7,8,11
"Hydr2",20,18,14,13,28,36,27,25,22,8,19,13
"Hyls1",0,0,0,0,0,0,0,0,0,0,0,0
"I-2",94,122,92,182,174,311,106,90,103,166,170,175
"I-3",0,0,17,275,247,316,0,0,0,200,186,202
"I-t",0,0,42,789,916,1005,0,2,3,602,464,477
"IA-2",1802,1271,1522,2003,1545,2347,2190,1437,1298,2829,2082,1906
"IBIN",23,25,15,39,59,62,63,53,82,21,39,64
"ICA69",1,0,0,0,2,3,0,0,0,0,0,0
"IFT20",1,3,2,0,1,2,2,3,2,0,2,5
"IFT43",35,41,47,46,71,68,47,40,57,57,70,48
"IFT46",10,7,6,8,2,7,9,13,12,13,10,12
"IFT52",17,18,28,56,85,64,16,12,23,42,67,58
"IFT54",14,20,9,18,19,33,16,11,20,14,26,10
"IFT57",5,19,12,47,29,26,6,5,10,34,27,20
"IKKbeta",315,404,297,287,275,321,349,346,249,260,330,302
"IKKepsilon",0,0,0,3,0,0,0,0,0,0,0,0
"IM18",0,0,0,0,0,0,0,0,0,0,0,0
"IM33",0,0,0,0,0,0,0,0,0,0,0,0
"INPP5E",0,0,0,0,0,0,0,0,1,3,0,0
"IP3K1",84,97,85,40,84,94,100,115,72,71,84,74
"IP3K2",5,17,5,5,3,4,4,4,14,5,1,5
"IPIP",0,0,0,0,0,0,0,0,0,0,0,0
"IRSp53",1129,1353,1338,656,951,1319,771,903,1066,1054,1484,1001
"ITP",168,212,213,158,170,231,186,234,164,149,221,127
"Ibf1",0,0,0,0,0,0,0,0,0,0,0,0
"Ibf2",94,87,65,168,231,168,64,108,128,157,155,176
"Ice1",67,97,91,107,134,167,91,74,74,114,114,135
"Ice2",0,0,0,0,0,0,0,0,0,0,0,0
"Icmt",0,0,4,2,1,5,2,4,2,1,0,2
"Ide",1194,1654,1186,1361,1200,1619,1340,1187,1187,1405,1292,1192
"Idgf1",766,891,428,193,161,124,1046,984,398,148,167,343
"Idgf2",1,3,4,1,0,7,19,11,14,10,9,11
"Idgf3",3,8,3,8,5,2,1,4,1,3,1,4
"Idgf4",189,229,232,65,118,94,140,170,180,86,98,83
"Idgf5",1044,1445,659,957,1181,685,793,940,1356,1043,1425,782
"Idgf6",0,0,0,0,0,0,0,0,0,0,0,1
"Idh",10,5,7,18,10,17,10,8,10,9,1,22
"Idh3a",7418,7197,7311,7104,6439,7410,8211,7120,7116,6578,5843,5986
"Idh3b",2781,2567,2520,2519,2231,2573,2643,2168,2665,2335,2546,2333
"Idh3g",381,557,442,341,313,376,565,477,498,338,399,372
"Idi",0,0,0,1,0,0,1,0,1,0,0,0
"Ids",12,40,18,30,21,26,30,28,15,17,5,22
"Idua",50,51,38,59,49,80,52,25,32,38,40,33
"Ifrd1",1504,1861,1486,2060,2041,2363,1869,1699,1648,1933,2139,2006
"Ih",35,39,46,16,13,19,28,38,6,22,11,15
"IleRS",0,0,0,0,0,0,0,0,0,0,0,0
"IleRS-m",179,196,157,178,165,188,143,153,222,137,183,148
"Ilk",1793,1830,1850,1283,1517,1616,1475,1592,2163,1708,2216,1736
"Ilp1",5,3,0,1,2,0,3,1,3,0,2,1
"Ilp2",44,57,39,33,34,32,44,32,57,31,23,37
"Ilp3",78,59,67,88,44,72,55,38,62,67,55,62
"Ilp4",7,16,6,6,4,11,3,4,12,4,2,3
"Ilp5",22,18,14,13,8,14,34,17,15,6,6,15
"Ilp6",1075,1319,950,999,1044,866,1035,977,866,740,1040,637
"Ilp7",31,25,46,25,38,36,24,24,29,20,41,31
"Ilp8",110,245,149,57,52,49,211,181,59,39,60,37
"Iml1",0,0,0,0,0,0,2,0,0,0,0,0
"Imp",159,138,128,130,153,140,167,196,105,167,164,97
"ImpE1",0,0,0,0,0,0,0,1,0,0,0,0
"ImpE2",26,20,38,265,344,562,82,38,77,64,121,59
"ImpE3",60,97,62,93,69,88,173,113,175,184,148,148
"ImpL1",0,0,0,0,0,0,0,0,0,0,0,0
"ImpL2",1068,1348,1201,1371,1582,2080,670,647,532,664,826,633
"Impbeta11",183,210,177,239,244,290,152,151,161,201,203,192
"InR",4,1,5,6,2,1,8,4,0,2,5,3
"Incenp",2,2,0,3,3,0,0,0,0,2,0,1
"Indy",32,32,35,22,24,32,42,45,39,18,23,28
"Indy-2",0,0,0,0,0,0,0,0,0,0,0,0
"Ing3",67,60,62,153,119,239,70,73,53,133,157,121
"Ing5",1,0,1,3,4,0,2,2,4,1,8,4
"Ino80",133,159,122,158,192,214,122,124,109,157,179,159
"Inos",256,289,227,289,301,305,329,286,180,432,437,386
"IntS1",274,291,255,285,315,404,317,259,237,327,313,305
"IntS10",52,84,57,97,82,80,64,65,54,79,82,76
"IntS11",310,327,299,162,207,192,330,306,230,251,264,240
"IntS12",73,92,91,64,75,65,30,30,19,26,26,26
"IntS14",101,99,104,120,107,117,136,90,134,107,117,87
"IntS2",165,230,177,214,203,249,134,196,149,211,260,206
"IntS3",821,1156,960,712,729,996,964,970,938,739,824,741
"IntS4",140,191,167,149,136,139,146,139,130,122,175,146
"IntS6",3,0,0,1,1,0,3,0,1,2,0,0
"IntS8",129,161,115,151,122,156,140,118,141,150,144,117
"IntS9",141,171,117,138,114,90,136,110,119,131,154,117
"Invadolysin",1077,1333,1099,973,926,1355,1276,1152,1111,792,1386,837
"Inx2",61,88,66,28,46,53,63,50,68,32,80,40
"Inx3",685,744,723,478,618,644,625,718,787,648,700,494
"Inx5",6,6,30,351,275,353,7,6,6,269,237,239
"Inx6",0,0,0,33,34,27,0,0,0,18,9,21
"Inx7",501,584,516,243,303,158,555,395,397,287,391,218
"Ip259",9,12,19,21,16,16,22,24,21,10,11,21
"Ip6k",409,492,423,455,378,498,493,482,295,391,442,376
"Ipk1",0,4,4,0,0,0,0,2,1,1,3,1
"Ipk2",173,156,142,162,138,123,201,191,153,142,131,112
"Ipo9",0,0,0,0,0,0,0,0,0,0,0,0
"Ipp",970,916,916,745,836,958,753,773,941,888,868,899
"Ir100a",3,1,4,62,50,65,1,2,0,55,52,61
"Ir10a",4,5,7,2,4,3,3,2,2,2,0,1
"Ir11a",0,2,0,0,7,1,0,3,0,4,4,1
"Ir20a",3,1,1,0,0,3,0,1,1,0,1,0
"Ir21a",6,4,3,1,1,4,0,0,0,3,2,5
"Ir25a",2,2,8,10,6,9,3,0,2,0,7,1
"Ir31a",0,0,0,0,0,0,0,0,0,0,0,0
"Ir40a",0,3,1,8,15,30,0,2,4,1,4,3
"Ir41a",10,8,7,47,50,73,1,8,19,11,28,19
"Ir47a",0,0,0,2,0,0,0,0,0,0,0,0
"Ir48b",0,1,1,3,0,0,0,2,0,4,0,0
"Ir48c",0,0,5,1,1,0,0,1,1,4,4,0
"Ir51b",19,18,14,10,32,19,17,17,12,15,16,19
"Ir52a",0,2,0,0,3,1,3,3,0,0,9,2
"Ir52b",0,2,1,4,10,3,0,2,8,2,5,1
"Ir52c",1,3,1,2,10,9,0,0,1,2,6,3
"Ir52d",0,0,0,5,0,2,0,0,0,4,2,5
"Ir54a",14,1,7,43,25,29,10,6,15,16,39,18
"Ir56a",0,0,3,0,0,1,0,1,0,0,1,1
"Ir56c",0,0,0,2,0,0,0,0,0,0,1,0
"Ir56d",2,0,0,0,1,3,2,1,0,2,1,2
"Ir60a",1,1,0,0,2,0,0,0,2,2,0,0
"Ir60b",0,3,1,2,2,3,2,0,0,1,3,5
"Ir60d",0,0,0,2,0,0,0,0,0,0,0,2
"Ir60e",0,5,0,1,1,1,0,1,0,1,0,0
"Ir62a",20,25,20,12,22,25,25,9,18,10,25,17
"Ir64a",11,5,4,2,3,16,13,10,16,4,11,10
"Ir67a",0,0,0,0,0,0,0,0,0,2,0,0
"Ir67b",1,4,1,0,0,3,0,0,0,0,2,0
"Ir67c",0,1,2,3,3,6,3,0,5,0,11,5
"Ir68a",0,0,0,0,0,0,0,0,0,0,0,0
"Ir68b",1,0,0,10,4,22,2,0,0,6,4,2
"Ir75a",3,5,9,6,15,17,4,10,8,8,7,9
"Ir75b",4,8,5,10,2,8,1,3,3,2,4,0
"Ir75c",3,0,1,5,1,3,2,1,0,3,2,0
"Ir75d",1,3,0,0,0,1,0,0,2,0,0,0
"Ir76a",0,1,0,0,0,0,0,0,0,0,0,0
"Ir76b",23,13,32,9,25,15,37,13,20,18,18,28
"Ir7a",1,0,0,1,3,7,0,0,0,2,3,2
"Ir7b",0,1,0,1,3,2,1,0,2,0,0,0
"Ir7c",0,0,0,1,0,0,0,0,0,0,2,3
"Ir7d",1,0,2,0,1,0,0,0,1,0,1,0
"Ir7e",0,0,0,0,0,0,0,0,0,1,0,0
"Ir7f",2,1,1,0,0,0,0,0,0,0,0,0
"Ir7g",19,9,6,8,7,0,7,3,2,3,3,1
"Ir84a",3,1,7,2,5,8,2,1,1,1,4,2
"Ir85a",9,9,4,31,12,19,1,0,0,3,1,7
"Ir87a",13,14,9,3,20,18,2,4,18,6,32,5
"Ir8a",11,8,3,0,3,2,5,5,5,5,10,6
"Ir92a",6,10,9,1,2,7,5,7,3,3,4,5
"Ir93a",6,4,3,8,6,7,9,1,4,10,10,5
"Ir94a",0,0,0,0,2,0,0,0,0,1,0,0
"Ir94b",0,0,1,1,1,1,0,0,0,0,0,1
"Ir94c",0,3,0,0,0,0,0,2,0,2,2,0
"Ir94d",0,6,2,3,7,6,0,0,4,3,6,1
"Ir94e",1,0,0,4,4,9,2,0,0,4,3,2
"Ir94f",0,0,0,0,0,0,0,0,0,0,0,0
"Ir94g",0,0,0,0,0,0,0,0,0,0,0,0
"Ir94h",0,0,0,0,0,0,1,0,0,0,0,0
"Irbp",0,0,0,0,0,0,0,0,0,0,0,0
"Irbp18",58,46,56,66,78,65,76,74,80,53,97,49
"Irc",2,1,0,1,0,0,2,0,0,0,1,0
"Ire1",559,696,608,628,539,604,560,558,451,443,577,485
"Iris",4,14,3,0,3,9,8,14,2,1,2,0
"Irk1",12,28,29,21,35,14,26,21,16,10,14,15
"Irk2",2,1,0,1,0,0,3,6,2,1,2,0
"Irk3",12,11,1,14,12,7,10,8,2,7,18,6
"Irp-1A",538,618,554,537,450,628,409,495,514,567,599,485
"Irp-1B",3242,4228,2980,1988,2185,2267,2717,3101,3110,2957,3622,2704
"Iru",759,717,705,1498,1404,1741,636,551,647,1363,1255,1176
"IscU",2454,2425,2387,2557,2445,2420,2904,2792,3150,2613,2584,2437
"Isha",0,0,0,0,0,0,0,0,0,0,0,0
"Ist1",10,10,4,3,20,5,9,7,13,11,14,7
"Iswi",0,0,0,0,0,0,0,0,0,0,0,0
"ItgaPS4",11,9,15,23,13,29,6,7,16,14,5,11
"ItgaPS5",8,3,0,3,7,6,1,3,3,3,1,6
"Itgbn",0,0,0,0,0,0,0,0,0,0,0,0
"Itpr",0,3,3,1,1,0,7,6,9,5,3,4
"Iyd",0,0,0,0,0,0,0,0,0,0,0,0
"JIL-1",0,5,5,0,0,0,0,0,0,1,0,0
"JMJD4",0,0,0,3,7,10,0,0,0,0,0,2
"JMJD5",0,0,0,0,0,0,0,0,0,0,0,0
"JMJD6",0,0,0,0,0,0,0,0,0,0,0,0
"JMJD7",104,91,69,122,101,134,93,63,84,86,119,129
"JTBR",0,0,0,0,0,0,0,0,0,0,0,0
"JYalpha",0,1,41,690,679,1003,2,0,0,480,441,463
"Jabba",1,13,7,4,4,7,4,5,1,0,4,2
"Jarid2",550,595,572,378,401,548,555,430,393,472,500,419
"Jasper",0,3,2,13,23,21,1,0,1,13,4,8
"JhI-21",5,5,1,1,1,3,0,4,0,0,1,1
"JhI-26",58,105,86,60,78,66,108,104,86,73,58,72
"Jhbp1",694,948,657,165,185,156,697,841,318,214,97,469
"Jhbp10",0,0,0,0,0,0,0,0,0,0,0,0
"Jhbp11",0,0,0,0,0,0,0,0,0,0,0,0
"Jhbp12",249,177,108,269,226,278,147,70,193,127,260,132
"Jhbp13",0,0,0,0,0,0,2,1,0,0,0,0
"Jhbp14",440,921,430,145,138,174,450,726,333,133,89,230
"Jhbp15",20,22,23,3,12,9,17,17,11,9,6,17
"Jhbp16",81,89,77,19,9,15,200,92,21,16,23,26
"Jhbp2",100,70,73,174,137,212,75,25,78,90,80,56
"Jhbp3",3,15,5,3,9,1,8,0,13,7,7,6
"Jhbp4",611,418,258,282,489,515,545,60,619,731,976,660
"Jhbp5",8,6,3,3,7,3,3,6,0,2,1,0
"Jhbp6",9,20,17,12,12,22,17,7,11,12,10,17
"Jhbp7",276,380,287,669,714,664,434,466,576,465,590,517
"Jhe",2,16,1,1,3,1,8,4,6,0,3,4
"Jhedup",234,267,294,6,9,7,360,60,19,11,4,50
"Jheh1",0,0,0,0,0,0,0,0,0,0,0,0
"Jheh2",0,0,1,1,1,0,0,0,0,0,0,0
"Jheh3",223,350,223,85,67,75,235,251,198,113,78,72
"Jig",0,0,0,0,0,0,0,0,0,0,0,0
"Jon25Bi",0,0,0,0,1,0,0,0,0,2,0,2
"Jon25Bii",0,0,0,0,0,0,0,0,0,0,0,0
"Jon25Biii",2,6,0,5,4,5,7,14,2,2,2,1
"Jon44E",5,3,4,5,3,1,5,0,7,3,5,3
"Jon65Ai",0,0,0,0,0,0,0,0,0,0,0,0
"Jon65Aii",0,0,0,0,0,0,0,1,0,0,0,0
"Jon65Aiii",57,237,26,3,0,0,167,104,10,1,0,2
"Jon65Aiv",139,310,105,9,2,0,301,221,24,2,3,8
"Jon66Ci",1,6,6,6,34,3,13,0,0,6,25,0
"Jon66Cii",0,0,0,13,24,2,23,2,0,3,9,0
"Jon74E",7,2,8,18,9,7,7,7,6,3,14,2
"Jon99Ci",0,0,0,0,0,0,0,0,0,0,0,0
"Jon99Cii",1,2,0,0,1,0,11,5,6,1,2,1
"Jon99Ciii",0,0,0,0,0,0,0,0,1,0,0,0
"Jon99Fi",0,0,0,0,0,0,0,0,0,1,0,0
"Jon99Fii",0,5,0,0,0,0,0,0,0,0,0,0
"Josd",118,107,101,199,159,162,159,142,103,147,141,169
"Jra",0,0,1,87,131,115,0,0,4,53,30,69
"Jupiter",33,36,106,1464,1312,1772,27,29,23,795,699,758
"Jwa",1650,1798,1589,1425,1624,1519,1684,1658,1846,1503,1738,1470
"KCNQ",47,64,45,25,43,39,43,29,21,33,50,32
"KFase",14,21,5,11,23,11,4,6,17,7,15,29
"KLHL18",3,0,0,0,3,1,10,4,4,0,4,5
"KP78a",0,0,0,0,0,0,0,0,0,0,0,0
"KP78b",0,0,0,0,0,0,0,0,0,0,0,0
"Kah",218,274,164,120,101,188,223,277,111,125,126,148
"KaiR1D",237,268,207,329,267,468,200,102,217,211,323,211
"Kal1",262,379,386,209,241,228,268,313,310,228,219,246
"Kank",75,114,90,37,55,112,135,104,47,85,85,86
"Kap-alpha1",776,989,831,1541,1379,1738,847,880,683,1297,1459,1251
"Kap-alpha3",0,0,0,0,0,0,1,0,0,0,0,0
"Kap3",0,0,5,1,1,5,3,0,0,4,1,0
"Karl",2,1,10,3,5,4,7,12,3,7,3,5
"Karybeta3",0,2,3,5,15,25,0,0,0,7,4,11
"Kat60",11,18,22,8,8,9,18,16,7,6,8,8
"Kaz",276,387,269,228,220,269,250,316,245,205,306,259
"Kaz-m1",0,0,0,0,0,0,4,0,0,0,0,0
"Kaz1-ORFB",0,2,1,1,0,0,1,0,5,0,0,0
"Kcmf1",26,37,26,23,23,33,39,27,29,28,13,24
"KdelR",128,138,138,171,157,181,151,162,197,143,188,159
"Kdm2",0,0,0,0,0,0,0,0,0,1,0,0
"Kdm3",0,0,0,0,0,0,0,0,0,0,0,0
"Kdm4A",0,0,0,0,0,0,0,0,0,0,0,0
"Kdm4B",6,23,13,62,54,71,8,12,12,27,29,53
"Kdm5",0,3,2,2,0,0,3,1,0,0,1,1
"Kdsr",357,384,332,267,285,210,273,267,278,221,307,205
"Keap1",1,8,7,2,9,3,2,4,4,0,0,1
"Kebab",0,0,0,0,0,0,0,0,0,0,0,0
"Khc",1477,1792,1507,1086,1147,1380,1627,1701,1267,1371,1520,1343
"Khc-73",214,206,218,232,173,334,208,170,193,319,329,300
"Kif19A",25,23,28,23,37,46,27,14,25,34,35,34
"Kif3C",70,80,61,79,58,67,64,74,79,54,57,67
"Klc",5,8,5,3,4,1,3,2,5,6,2,6
"Klf15",4,5,2,8,2,3,5,8,4,2,2,6
"Klp10A",0,0,0,5,0,0,0,0,0,0,0,6
"Klp31E",0,0,0,0,0,0,0,0,0,0,0,0
"Klp3A",4,3,1,7,11,12,7,3,3,9,6,10
"Klp54D",0,0,0,0,0,0,0,0,0,0,0,0
"Klp59C",0,0,91,2100,2006,2597,0,0,0,2204,1841,1759
"Klp59D",1,0,78,1850,1937,2277,0,0,0,1405,1189,1173
"Klp61F",55,60,41,105,85,95,53,40,26,63,93,70
"Klp64D",682,726,664,562,553,736,538,549,719,629,692,600
"Klp67A",0,0,0,0,0,0,0,0,0,0,0,0
"Klp68D",1,2,0,0,0,0,1,1,0,1,0,0
"Klp98A",0,0,1,1,1,0,0,0,3,0,0,1
"Kmn1",0,0,0,1,0,1,0,2,0,2,2,2
"Kmn2",0,0,0,0,0,0,0,0,0,0,0,0
"Kots",114,114,85,35,30,31,95,83,85,21,26,13
"Kpc1",0,0,2,17,9,16,0,0,0,19,9,9
"Kpc2",0,0,0,0,0,0,0,0,0,0,0,2
"Kr",2,11,18,5,2,9,6,5,5,3,9,5
"Kr-h1",56,39,37,1,0,0,66,48,2,3,0,0
"Kr-h2",0,0,1,5,4,2,0,2,2,7,1,2
"KrT95D",18,30,14,20,17,28,17,29,12,15,15,10
"Krn",196,193,216,176,178,180,184,192,131,205,225,199
"Ktch",0,0,0,5,2,2,1,0,0,1,2,3
"Ktl",0,0,0,0,0,0,0,0,0,0,0,0
"Ku80",135,95,93,250,260,222,133,149,166,209,221,210
"Kua",1,5,7,1,5,2,7,0,4,2,6,0
"Kul",0,0,0,0,2,0,0,1,1,4,0,0
"Kyat",3,5,2,1,3,5,0,2,1,5,2,0
"L",0,0,2,1,1,2,0,1,0,0,0,0
"L2HGDH",0,0,0,1,1,2,0,0,0,0,0,0
"LBR",0,1,0,0,1,0,0,0,0,0,0,0
"LIMK1",1,1,1,2,0,1,0,5,1,3,0,0
"LKRSDH",0,1,1,1,0,1,10,0,4,5,2,1
"LManI",0,5,2,7,1,8,1,3,0,0,0,4
"LManII",15,10,5,4,6,2,13,6,5,6,5,5
"LManIII",0,0,0,0,0,0,0,0,0,0,0,0
"LManIV",0,0,0,0,0,0,5,1,1,6,1,1
"LManV",0,0,0,0,0,0,0,0,0,0,0,0
"LManVI",3,3,5,24,22,33,18,2,1,16,17,17
"LPCAT",406,503,402,327,280,444,423,370,371,290,419,317
"LRP1",0,0,0,4,1,15,0,0,0,7,6,5
"LRR",3,4,7,7,4,2,9,10,4,5,5,8
"LS2",0,0,13,136,119,170,0,0,1,123,106,110
"LSm-4",0,0,0,0,0,0,0,0,0,0,0,0
"LSm1",82,94,93,83,113,107,113,130,133,97,110,116
"LSm3",0,0,0,0,0,0,0,0,0,0,0,0
"LSm7",0,0,0,0,0,0,0,0,0,0,0,0
"LTV1",1,1,3,1,0,1,2,2,4,3,0,0
"LUBEL",2,0,0,2,3,3,1,2,0,0,2,0
"La",623,597,521,631,531,703,666,619,619,606,697,591
"Lac",1080,1065,1035,1002,1228,1316,902,923,1181,1155,1890,1121
"Lam",0,3,1,10,7,8,0,1,0,9,11,3
"LamC",0,0,0,0,0,0,0,0,0,0,0,0
"Lamp1",6532,7325,6138,6120,6697,6627,6947,7106,7708,5753,7391,6281
"Lamtor1",0,0,0,0,0,0,0,0,0,1,0,0
"Lamtor2",0,0,0,0,0,0,0,0,0,0,0,0
"Lamtor3",14,8,7,22,20,26,16,23,9,10,7,19
"Lamtor4",0,0,0,0,0,0,0,0,0,0,0,0
"Lamtor5",0,0,0,0,0,0,0,0,0,0,0,0
"LanA",4355,5575,3615,3971,4704,4160,4592,3789,4484,3989,6100,3417
"LanB1",46,57,36,20,21,34,59,38,22,16,24,21
"LanB2",1,0,7,1,1,2,1,2,0,0,1,3
"Lap1",26,16,22,20,18,27,14,9,20,18,17,8
"Lapsyn",258,319,220,203,195,201,311,299,217,181,267,201
"Lar",8,7,6,7,24,17,9,7,14,12,7,4
"Larp4B",22,22,13,38,22,31,20,22,3,15,19,12
"Larp7",73,112,92,83,101,140,112,74,85,105,103,82
"Las",863,811,732,1003,947,1055,787,789,907,986,989,865
"Lasp",0,0,0,0,0,0,0,0,0,0,0,0
"Lcch3",284,274,247,325,265,349,231,171,233,250,262,243
"Lcp1",0,0,0,0,0,0,0,0,0,0,0,0
"Lcp2",3,0,4,1,4,6,4,2,0,1,0,3
"Lcp3",0,0,0,0,0,0,0,0,0,0,1,0
"Lcp4",0,0,0,0,0,0,1,0,0,0,0,0
"Lcp65Aa",3,0,0,6,12,10,2,2,2,3,13,1
"Lcp65Ab1",0,4,2,0,2,3,1,0,2,0,2,0
"Lcp65Ab2",4,1,4,5,3,2,2,0,2,0,0,0
"Lcp65Ac",40,18,17,78,121,71,75,24,101,19,332,69
"Lcp65Ad",0,0,0,0,0,0,0,0,0,0,0,0
"Lcp65Ae",0,0,0,2,0,0,0,0,1,0,0,0
"Lcp65Af",2,0,1,0,2,2,0,2,0,1,0,0
"Lcp65Ag1",25,35,9,41,73,67,10,25,26,8,81,16
"Lcp65Ag2",70,68,72,66,78,57,78,6,81,5,52,13
"Lcp65Ag3",0,0,0,0,0,0,0,0,0,0,0,0
"Lcp9",0,10,11,1,16,5,2,1,8,0,16,4
"Ldaf1",1,1,1,1,2,1,2,0,0,7,0,0
"Ldh",11,7,6,9,11,19,1,4,1,22,2,5
"Ldsdh1",578,619,630,310,319,244,661,617,402,495,489,525
"Leash",201,206,183,219,192,262,196,208,177,127,243,170
"Lectin-galC1",0,0,0,0,0,0,0,0,0,0,0,0
"Lerp",4,2,2,2,1,0,2,2,0,0,0,0
"Letm1",110,94,138,76,90,126,151,108,138,93,94,111
"LeuRS",0,3,0,3,0,5,2,1,0,2,1,0
"LeuRS-m",301,302,241,299,226,315,328,291,397,326,378,305
"Lfg",0,0,0,0,0,0,0,0,0,0,0,0
"Lgr1",0,0,0,0,0,0,0,0,0,0,0,0
"Lgr3",6,1,10,11,7,15,13,4,7,14,16,23
"Lgr4",0,0,0,0,0,1,0,0,0,0,0,0
"Lhr",26,33,20,105,93,140,21,26,35,89,95,60
"Lim1",27,19,8,25,17,42,32,39,35,58,40,32
"Lim3",0,6,2,4,7,9,5,1,1,2,6,7
"Lime",78,94,91,41,37,73,56,52,56,63,58,45
"Lint-1",2,0,1,0,2,4,3,0,0,1,5,1
"Lint-O",0,0,0,2,0,0,0,0,0,0,0,0
"Lip1",0,0,0,0,0,0,0,0,0,1,0,0
"Lip2",4,0,1,2,2,3,0,1,0,1,1,0
"Lip3",1,1,3,0,2,5,5,4,5,2,7,3
"Lip4",69,73,53,55,65,43,40,43,70,31,58,54
"Liprin-alpha",196,127,176,149,173,207,214,199,181,192,166,165
"Liprin-beta",0,0,0,2,0,1,0,0,0,0,0,0
"Liprin-gamma",8,31,16,22,21,54,35,4,14,22,23,18
"Lipt1",3,5,6,1,4,1,4,0,5,7,3,8
"Lipt2",0,0,0,0,1,0,0,0,0,0,0,1
"Lis-1",32,38,47,31,11,19,20,21,21,14,17,22
"List",0,0,0,0,0,0,0,0,0,0,0,0
"Listericin",0,3,4,1,1,1,6,8,0,1,0,4
"Lk",0,0,0,0,0,0,0,0,0,0,0,0
"Lk6",2913,2946,2802,2560,2602,2891,3029,3182,2085,2797,2548,2303
"Lkb1",0,0,0,0,0,0,0,0,0,0,0,3
"Lkr",42,32,38,45,29,40,55,39,52,60,71,63
"Lmpt",4244,4628,3906,3542,2898,3253,5550,4085,3203,3693,2820,3257
"Lmx1a",0,0,0,0,0,0,0,0,0,0,0,0
"Lnk",1,1,1,8,5,1,0,5,1,0,2,4
"Lnpk",11,11,10,2,15,11,14,17,5,6,8,6
"Lon",0,0,0,0,0,0,0,0,0,0,0,0
"Loxl1",5,1,5,3,2,14,0,2,8,10,18,6
"Loxl2",343,543,319,72,48,68,557,394,156,99,61,204
"LpR1",9,8,8,2,2,2,5,12,9,7,4,3
"LpR2",21,22,16,23,20,29,22,9,14,25,12,21
"Lpin",0,0,0,0,2,1,1,0,0,0,0,0
"Lpt",0,0,0,0,0,0,0,0,0,0,0,0
"Lrch",112,119,89,92,93,127,106,109,130,142,143,91
"Lrp4",30,47,37,72,43,66,54,35,35,46,70,52
"Lrpprc2",340,346,349,336,330,361,373,346,352,348,344,255
"Lrr47",2,1,1,5,1,4,6,2,3,5,2,0
"Lrrk",0,2,2,0,1,4,0,0,0,1,1,0
"Lrt",0,0,0,0,0,0,0,0,0,0,0,0
"Lsd-1",110,121,131,79,72,118,111,87,116,103,83,92
"Lsd-2",11,12,13,5,3,10,6,2,10,6,4,3
"Lsm10",11,14,11,14,11,13,10,16,7,21,11,17
"Lsm11",46,35,35,58,41,37,30,46,47,41,47,41
"Lsm12a",476,507,516,474,601,523,583,571,559,507,577,576
"Lsp1alpha",5284,4555,5548,1701,1181,1251,4229,5070,3960,2052,1424,3211
"Lsp1beta",0,0,0,0,0,0,0,0,0,0,0,0
"Lsp1gamma",7084,5790,7063,3925,3437,3604,4740,4671,4196,2986,3892,4733
"Lsp2",4,2,0,7,6,1,0,4,5,5,5,2
"Lst",13,20,17,2,6,20,22,19,8,14,12,11
"Lst8",335,364,293,252,264,252,400,375,422,303,344,264
"Ltn1",428,590,483,498,495,641,485,482,405,531,559,507
"LysB",0,0,0,0,0,0,0,0,0,0,0,0
"LysD",403,364,184,85,65,46,1740,2023,994,401,436,588
"LysE",90,55,34,18,19,20,566,463,199,60,53,108
"LysP",430,444,501,265,215,285,1623,1681,1369,1002,571,975
"LysRS",0,0,0,0,0,0,0,0,0,0,0,0
"LysS",213,117,142,124,224,194,124,72,228,53,215,138
"LysX",2,2,2,82,104,23,910,198,184,8,104,216
"Lztr1",19,18,23,21,20,23,9,24,28,22,25,17
"M1BP",207,235,207,220,220,259,192,182,205,203,282,204
"M6",16,29,29,10,17,17,25,24,17,11,5,6
"M7BP",12,28,3,18,15,20,14,9,13,9,8,12
"MAGE",47,33,53,62,72,65,43,43,59,58,59,48
"MAN1",1,0,3,0,0,0,0,2,0,0,0,0
"MAPk-Ak2",6,10,3,1,0,6,8,0,1,4,0,3
"MBD-R2",401,460,412,732,700,887,351,372,367,571,556,531
"MBD-like",0,0,0,0,0,0,0,0,0,0,1,0
"MCPH1",0,0,0,0,0,0,0,0,0,0,0,0
"MCTS1",60,43,34,58,67,51,55,59,46,78,56,66
"MCU",111,83,101,191,179,255,109,94,105,131,144,178
"MED1",8,17,21,8,13,14,11,16,1,15,18,20
"MED10",0,3,1,3,2,3,0,0,0,0,1,0
"MED11",106,120,82,114,151,132,121,128,113,143,156,132
"MED14",0,0,0,0,0,0,0,0,0,0,0,0
"MED15",273,312,220,528,525,586,233,250,266,389,428,360
"MED16",63,88,71,63,67,78,62,72,88,72,94,51
"MED17",85,140,110,192,175,210,113,104,134,173,206,160
"MED18",0,0,0,0,0,0,0,0,0,0,0,0
"MED19",0,0,0,0,0,0,0,0,0,0,0,0
"MED20",0,0,0,0,0,0,0,0,0,0,0,0
"MED21",2,0,0,10,12,8,1,0,0,2,0,0
"MED22",121,155,122,151,173,156,129,143,192,178,190,161
"MED23",76,99,47,45,46,55,69,95,75,56,51,53
"MED24",241,294,257,159,200,209,196,187,196,187,194,175
"MED25",113,83,100,96,83,122,100,88,89,101,131,71
"MED26",2,0,2,12,8,8,4,10,10,2,9,8
"MED27",63,55,68,438,453,549,62,50,80,388,303,338
"MED28",79,79,92,108,133,127,63,94,101,101,130,114
"MED30",69,61,67,172,202,248,75,76,64,170,170,154
"MED31",0,0,0,0,0,0,0,0,0,0,0,0
"MED4",82,67,54,85,87,94,44,68,49,62,106,80
"MED6",28,35,26,8,21,15,19,17,22,17,19,14
"MED7",101,125,98,170,158,158,100,148,151,150,156,142
"MED8",159,109,143,143,186,179,128,151,160,145,214,134
"MED9",0,0,0,0,0,0,0,0,0,0,0,0
"MEP-1",4,7,7,2,17,4,2,7,12,19,6,3
"MESK2",50,38,46,57,44,56,60,35,51,43,81,64
"MESK4",0,0,0,0,0,0,0,0,0,0,0,0
"MESR3",0,0,0,0,0,0,0,0,0,0,0,0
"MESR4",0,0,0,0,0,0,0,0,0,0,0,0
"MESR6",4,5,11,0,3,0,5,2,0,3,0,5
"MFS1",247,56,103,11,0,0,65,25,3,0,0,0
"MFS10",15,11,22,5,7,15,15,15,19,15,9,16
"MFS12",18,13,12,20,26,22,7,11,7,3,23,14
"MFS14",26,22,24,37,26,51,26,24,39,25,21,36
"MFS15",0,0,0,0,0,0,0,0,0,0,0,0
"MFS16",0,0,0,8,0,0,0,0,1,6,2,3
"MFS17",131,97,96,123,124,144,70,57,67,49,50,55
"MFS18",176,237,180,204,190,229,200,195,207,223,260,194
"MFS3",707,677,495,923,994,1077,457,565,528,505,749,474
"MFS9",0,0,0,1,0,1,1,1,0,1,0,0
"MICAL-like",474,590,469,636,666,880,547,453,532,778,849,812
"MICU1",29,25,30,16,19,20,20,21,25,23,29,29
"MICU3",2,5,2,1,1,2,0,1,0,2,0,0
"MKP-4",31,68,45,44,37,85,67,61,49,48,72,50
"MME1",697,602,621,548,495,586,520,511,430,498,434,485
"MP1",0,0,0,0,0,0,0,0,0,0,0,0
"MRG15",0,0,0,0,0,0,0,0,0,0,0,0
"MRP",0,0,0,0,0,0,0,0,0,1,0,0
"MSBP",0,0,0,0,0,0,0,0,1,0,0,0
"MTA1-like",44,47,38,33,43,95,39,41,32,50,40,40
"MTF-1",0,0,0,0,2,1,0,0,1,0,0,2
"MTPAP",1,0,0,0,1,0,0,0,1,3,0,1
"MYPT-75D",41,53,33,23,20,21,55,61,14,25,22,25
"Mabi",1,7,1,1,2,1,0,3,0,1,2,4
"Mad",56,31,35,32,56,51,37,32,25,25,48,42
"Mad1",226,287,217,251,243,316,199,214,245,252,368,226
"Madm",0,0,0,0,0,0,0,0,0,0,0,0
"Maf1",111,109,120,347,316,379,98,118,131,100,106,175
"MagR",0,0,0,0,0,0,0,0,0,0,0,0
"Magi",4,1,7,6,3,1,1,2,1,3,5,2
"Mal-A1",42,262,71,15,15,6,373,117,35,9,10,24
"Mal-A2",129,107,102,24,30,10,218,214,119,41,62,37
"Mal-A3",35,54,35,6,16,7,164,138,49,23,20,12
"Mal-A4",6,6,2,2,6,6,15,14,3,2,2,7
"Mal-A5",0,0,0,0,0,0,0,0,0,0,0,0
"Mal-A6",0,1,0,0,4,1,2,0,1,2,2,6
"Mal-A7",0,6,0,0,0,0,0,0,0,0,0,0
"Mal-A8",9,52,12,1,5,3,8,5,7,8,5,4
"Mal-B1",188,724,203,11,1,6,1496,1079,120,2,2,6
"Mal-B2",18,22,10,6,7,16,17,2,8,15,12,9
"Manf",398,318,257,574,550,507,478,356,479,643,846,604
"Map205",274,363,310,320,292,339,497,460,514,434,483,385
"Map60",159,172,161,168,181,185,134,160,151,128,180,143
"Mapmodulin",0,0,0,0,0,0,0,0,2,1,0,0
"Marc",124,123,87,117,146,143,102,75,124,120,177,86
"Marcal1",72,60,54,111,111,146,60,54,58,66,77,79
"Marf",1,6,1,1,1,2,1,3,0,5,6,0
"Marf1",1,0,2,2,0,6,0,0,0,2,1,0
"Mat1",178,174,150,187,153,172,130,139,167,150,197,133
"Mat89Ba",165,183,130,159,150,139,173,161,173,136,178,145
"Mau2",111,133,97,80,83,82,111,76,100,94,123,106
"Max",7,0,0,0,0,0,3,2,1,1,0,0
"Mayo",11,39,27,8,4,10,57,18,17,10,12,7
"Mbs",12,19,7,12,10,12,24,10,10,11,10,7
"Mcad",1,6,3,3,6,5,5,2,4,2,7,2
"Mccc1",31,49,26,25,31,41,38,22,35,29,28,31
"Mccc2",389,413,367,335,360,372,381,309,366,310,425,326
"Mcm10",26,31,24,77,72,97,49,38,16,56,62,46
"Mcm2",104,141,114,92,78,79,145,92,81,63,93,79
"Mcm3",0,0,0,0,0,0,0,0,0,0,0,0
"Mcm5",106,160,83,39,39,44,110,138,90,57,60,37
"Mcm6",129,160,115,100,73,102,123,98,122,64,113,82
"Mcm7",17,34,15,17,7,14,33,23,14,13,14,17
"Mco1",0,0,0,2,1,0,1,0,0,1,0,0
"Mco3",9,9,30,573,595,507,5,0,15,14,268,32
"Mco4",7,3,0,4,0,0,20,2,3,0,4,0
"Mcr",1286,1476,1412,1261,1605,2047,1068,1049,1475,1117,1941,1287
"Mct1",47,104,28,39,69,38,106,107,61,37,49,35
"Mctp",22,26,13,17,6,18,25,10,14,6,13,9
"Mdh1",3,3,1,4,5,9,0,7,10,7,5,4
"Mdh2",31571,31984,29487,26104,22510,23032,26199,23671,25624,25126,25593,22105
"Mdr49",14,12,18,11,13,21,14,19,13,20,5,17
"Mdr50",27,61,19,47,45,51,16,20,18,24,30,18
"Mdr65",875,1033,896,656,725,853,525,475,602,489,656,512
"Mec2",311,357,239,393,387,328,466,435,457,507,679,438
"Med",9,4,6,4,4,1,1,4,4,2,1,3
"Mef2",43,33,22,53,57,77,48,28,35,37,51,27
"Megf8",1,1,1,3,1,0,2,1,0,1,5,2
"Meics",0,0,0,0,0,0,0,0,0,0,0,0
"Mekk1",37,52,28,28,10,22,35,37,31,35,34,33
"Meltrin",581,672,545,616,679,753,654,600,678,540,727,595
"Membrin",107,115,84,192,186,170,87,77,128,173,207,153
"Men",55,68,65,1,26,53,53,55,41,37,17,63
"Men-b",1218,1188,1355,732,546,915,1095,1058,763,758,701,858
"Menl-1",0,0,0,0,0,0,0,0,0,0,0,0
"Menl-2",0,0,0,0,0,0,0,0,0,0,0,0
"Mer",5,14,20,13,13,15,11,15,6,15,7,17
"Mes2",33,27,14,29,33,34,20,27,18,12,19,23
"Mesh1",37,63,57,62,69,54,94,72,79,63,87,73
"Met",43,80,59,31,48,90,76,109,55,53,55,44
"Met75Ca",0,0,0,0,0,0,0,0,0,0,0,0
"Met75Cb",3,1,0,1,0,0,0,0,0,0,0,0
"MetRS",277,303,299,793,772,900,280,273,263,662,698,594
"MetRS-m",5,4,2,1,4,1,2,3,0,8,4,3
"Mettl14",113,105,121,102,100,125,93,138,163,126,151,102
"Mettl2",0,0,1,0,3,6,1,0,2,0,2,2
"Mettl3",80,77,79,191,213,227,115,59,67,158,155,124
"Mettl4",78,74,80,103,67,72,69,68,75,67,68,71
"Mettl5",0,0,0,0,0,0,0,0,0,0,0,0
"Mf",1244,1246,1341,737,791,984,1146,1439,1049,896,799,1136
"Mfap1",226,171,188,225,192,223,198,148,143,169,201,210
"Mfe2",5,1,1,10,4,10,2,0,6,1,1,2
"Mgat1",144,151,143,122,110,168,157,118,130,236,221,217
"Mgat2",31,30,42,46,48,52,34,12,17,50,56,40
"Mgat3",92,81,80,76,54,88,43,56,81,68,74,59
"Mgat4a",0,8,2,2,1,4,8,9,0,2,0,2
"Mgat4b",1,7,10,36,38,47,3,9,2,58,47,33
"Mgstl",638,844,510,432,523,429,548,573,438,554,547,499
"Mgtor",1,4,6,6,6,1,9,1,11,3,7,2
"Mhc",66,71,54,46,43,68,58,52,39,54,58,61
"Mhcl",804,780,787,795,815,1005,719,637,697,773,705,644
"Mi-2",3,2,0,8,11,7,2,5,2,2,5,3
"Mic26-27",2,0,0,0,1,2,0,0,1,0,0,2
"Mical",65,42,69,63,50,85,79,81,29,60,58,52
"Mics1",6,3,38,1204,1033,1532,1,0,2,1070,965,844
"Mid1",350,275,353,455,395,577,420,286,287,659,619,388
"Miga",27,28,24,19,12,29,9,21,19,28,20,13
"Mink",34,58,30,159,96,163,57,47,44,114,133,93
"Miox",0,0,0,2,2,0,0,0,0,0,1,1
"Mip",68,69,87,82,68,112,101,72,81,133,135,109
"Mipp1",7,0,7,2,2,0,9,3,7,4,1,3
"Mipp2",18,36,19,10,14,10,15,13,28,24,10,15
"Miro",7,4,7,16,16,26,4,5,6,16,2,7
"Mis12",48,65,57,132,130,138,24,15,16,56,78,62
"Mitf",13,45,30,19,16,14,23,23,21,10,11,8
"Mitofilin",16,7,5,18,14,21,6,8,14,13,17,7
"Mkk4",113,101,114,113,115,154,155,107,125,133,151,128
"Mkp",3,2,1,0,3,0,0,4,3,1,2,0
"Mkp3",81,61,98,53,63,87,79,86,77,66,64,87
"Mkrn1",175,147,200,158,177,171,169,185,241,128,149,139
"Mks1",1,2,1,11,24,27,3,0,1,16,14,12
"Mlc-c",59,54,50,53,43,44,42,56,69,42,45,50
"Mlc1",815,771,823,506,583,618,1001,874,1067,765,767,697
"Mlc2",363692,353720,356531,284445,282022,320100,373517,351812,346215,307873,305685,317313
"Mlf",33,40,17,38,32,31,28,35,35,43,48,26
"Mlh1",0,0,0,0,0,0,0,0,0,0,0,0
"Mlp60A",326,309,381,244,315,284,242,372,485,356,464,309
"Mlp84B",131,127,152,49,97,104,58,105,106,88,60,60
"Mmp1",152,363,208,27,6,1,670,534,26,0,0,6
"Mmp2",28,61,28,47,32,42,93,63,47,32,60,42
"Mms19",383,446,430,688,675,758,473,379,475,641,669,609
"MnM",710,815,767,644,705,975,727,635,623,627,814,613
"Mnat9",0,0,0,1,0,3,0,0,0,0,0,3
"Mnn1",129,143,142,153,162,214,221,167,180,231,152,203
"Mnr",85,95,152,59,53,72,116,78,61,83,76,84
"Mnt",10,1,7,2,5,6,3,1,2,1,0,3
"Mo25",70,52,53,58,68,92,77,77,36,80,71,55
"Mob2",250,311,191,145,137,153,338,274,99,161,156,140
"Mob3",179,149,132,176,200,188,146,120,197,174,185,166
"Mob4",0,0,0,0,0,0,0,0,0,0,0,0
"Moca-cyp",0,0,0,0,3,1,3,0,3,0,0,1
"Mocs1",0,0,0,0,0,0,0,0,0,0,0,0
"Mocs2A",0,0,0,0,0,0,0,0,0,0,0,0
"Mocs2B",0,0,0,0,0,0,0,0,0,0,0,0
"Moe",1,2,1,2,2,0,3,5,3,2,4,7
"Mon1",319,404,303,298,307,334,328,351,320,392,419,356
"Mondo",3,0,0,1,0,1,2,1,0,1,0,1
"Mos",8,14,9,5,9,10,19,8,9,12,8,5
"Mov10",0,0,0,0,0,0,0,0,0,0,0,0
"Mp",7,0,4,9,8,3,7,5,4,11,8,5
"Mp20",1768,1518,1706,784,855,883,1632,2336,2025,1538,1543,1797
"Mpc1",28,10,21,9,4,12,21,6,27,11,14,24
"Mpcp1",69,83,70,57,24,46,61,67,37,59,56,42
"Mpcp2",0,1,0,1,1,1,0,0,1,0,5,4
"Mpi",938,1200,864,1186,1081,1284,1061,866,884,1179,1243,1054
"Mpp6",0,0,0,1,5,0,0,0,0,0,0,2
"Mppe",0,0,0,0,0,0,0,0,0,0,0,0
"Mps1",0,0,0,0,0,0,0,0,0,0,0,0
"Mpv17",0,0,0,0,0,0,0,0,0,2,0,0
"MrgBP",180,189,129,196,199,210,208,193,209,178,237,200
"Mrgn1",406,431,393,433,342,503,443,410,365,422,449,385
"Mrm2",264,271,274,365,335,331,329,245,418,339,396,311
"Mrp4",1075,1127,1033,725,670,875,1140,951,985,924,881,850
"Mrp5",9,19,12,22,24,18,24,13,17,17,21,13
"Mrtf",220,265,254,250,195,330,252,211,243,253,225,239
"Ms",0,3,0,0,2,1,0,0,2,2,0,1
"MsR1",0,0,0,0,0,0,0,0,0,0,0,0
"MsR2",0,0,0,0,0,0,0,0,0,0,0,0
"Msh6",38,53,55,167,127,162,48,50,22,95,133,112
"Msp300",51,44,54,36,19,22,22,29,37,34,26,32
"Msr-110",2,6,5,10,5,2,4,4,4,5,14,4
"MsrA",5,8,10,4,2,2,6,14,10,13,12,7
"Mst27D",0,0,0,0,0,0,0,0,0,0,0,0
"Mst33A",0,0,0,0,0,0,0,0,0,0,0,0
"Mst36Fa",48,56,48,657,561,861,29,35,30,587,475,472
"Mst36Fb",40,25,52,694,698,918,16,40,39,543,475,451
"Mst57Da",0,0,0,28,5,43,0,0,0,359,171,533
"Mst57Db",0,0,0,0,0,0,0,0,2,36,12,47
"Mst57Dc",0,0,0,15,4,13,0,0,0,204,79,253
"Mst77F",17,16,444,12060,11273,13312,4,14,9,11055,9513,9242
"Mst77Y-13",0,0,0,33,23,20,0,0,0,3,14,3
"Mst77Y-4",0,0,0,38,25,46,0,0,0,19,29,26
"Mst77Y-7",0,0,12,191,177,232,0,0,0,133,185,130
"Mst77Y-9",0,0,0,1,1,1,0,0,0,1,0,0
"Mst84B",0,0,0,0,0,0,0,0,0,0,0,0
"Mst84Da",0,0,0,0,3,0,0,0,0,0,4,1
"Mst84Db",3,0,126,3046,2990,3288,0,0,1,4645,4136,3925
"Mst84Dc",0,0,0,0,0,0,0,0,0,0,0,0
"Mst84Dd",1,0,90,3226,3030,3698,5,0,3,1798,1659,1979
"Mst85C",7,12,7,2,5,5,3,4,0,7,10,6
"Mst87F",6,0,1,5,7,3,1,0,0,2,8,3
"Mst89B",14,8,73,1233,1183,1367,22,9,20,1100,966,932
"Mst98Ca",3,0,240,6224,6016,7336,0,0,1,6263,5511,4694
"Mst98Cb",2,0,154,3285,3125,3868,0,0,1,2943,2476,2343
"MstProx",0,0,0,17,8,23,0,0,0,13,11,13
"Mt2",0,0,0,4,0,3,0,0,0,0,0,0
"Mtap",0,0,0,1,3,5,0,0,0,3,2,2
"Mtch",0,0,0,0,0,0,0,0,0,0,0,0
"Mthfs",5,1,7,3,8,2,9,5,3,3,6,2
"Mtk",7,8,5,14,10,3,33,54,29,6,11,58
"Mtkl",0,1,0,0,0,0,0,0,0,0,0,0
"Mtl",30,24,25,130,115,169,25,25,28,147,97,127
"Mtmr6",18,13,23,19,22,41,30,26,14,27,27,30
"MtnA",29,32,39,49,56,36,30,37,44,51,62,40
"MtnB",0,0,0,0,0,0,1,0,1,0,0,0
"MtnC",365,418,265,338,440,199,445,459,337,243,389,204
"MtnD",79,108,37,125,215,150,202,158,113,68,172,83
"MtnE",0,2,0,1,2,0,2,1,0,0,0,3
"MtnF",0,0,0,0,0,0,0,0,0,0,0,0
"Mtp",653,863,631,495,512,617,1035,830,494,441,643,456
"Mtpalpha",1,1,0,1,4,3,1,3,0,2,1,1
"Mtpbeta",1685,1922,1529,1433,1600,1589,1545,1730,1749,1696,2036,1417
"Mtr3",94,100,71,160,139,167,110,119,119,146,184,164
"Mtr4",155,207,156,293,249,306,226,194,135,251,262,266
"Muc11A",117,216,113,56,13,30,371,201,69,32,18,41
"Muc12Ea",7,1,8,3,10,0,1,1,1,14,7,5
"Muc14A",1,7,10,35,33,35,3,1,3,25,20,16
"Muc18B",0,0,0,0,0,1,0,0,0,0,0,0
"Muc26B",0,0,0,0,0,0,0,0,0,0,0,0
"Muc30E",1,4,2,0,0,0,3,0,4,95,64,47
"Muc4B",0,0,1,24,27,30,0,0,0,16,7,26
"Muc55B",2,7,2,0,2,2,5,5,0,0,1,1
"Muc68Ca",18,16,6,18,15,10,7,13,11,3,13,11
"Muc68D",4,288,8,3,2,6,171,213,24,0,2,1
"Muc68E",222,291,233,163,200,61,200,70,60,114,269,51
"Muc91C",0,0,0,0,0,0,0,0,0,0,0,0
"Muc96D",2,3,5,3,1,3,3,0,0,1,0,4
"Mul1",0,0,0,0,0,0,0,0,0,0,0,0
"Mulk",711,735,591,710,692,695,629,472,676,649,784,551
"Mur11Da",0,0,0,0,1,0,1,1,0,0,2,1
"Mur18B",4949,5441,3976,1190,921,969,9650,7906,3517,2262,1112,3221
"Mur29B",1056,1518,1059,741,969,223,2093,1674,1502,636,1637,531
"Mur2B",115,106,110,89,77,53,70,65,39,75,98,85
"Mur82C",0,0,0,1,0,0,0,2,0,18,1,9
"Mur89F",0,0,0,0,0,0,0,0,0,0,0,0
"Muted",0,0,0,0,0,0,0,0,0,0,0,0
"Mvb12",20,24,19,38,38,36,32,29,24,25,31,26
"Mvd",11,22,10,12,17,15,10,16,26,19,21,22
"Mvk",0,0,0,0,0,0,0,0,0,0,0,0
"Mvl",68,78,85,61,53,63,74,64,69,58,52,69
"Myb",0,0,0,0,0,0,0,0,0,0,0,0
"Mybbp1A",120,160,133,128,113,168,181,154,158,179,170,162
"Myc",160,175,137,115,113,87,247,174,130,134,112,73
"Myd88",103,112,120,102,142,79,116,131,142,121,77,100
"Myo10A",3,1,4,9,5,8,0,4,2,2,8,4
"Myo28B1",0,0,0,0,0,0,0,0,0,0,0,0
"Myo31DF",1,2,1,0,1,0,1,0,3,2,0,0
"Myo61F",15,20,7,5,7,7,31,27,20,17,14,9
"Myo81F",29,27,34,69,29,50,25,6,32,50,69,40
"Myo95E",0,0,0,0,0,0,0,0,0,0,0,0
"Mys45A",247,259,227,219,245,266,349,238,280,263,297,234
"Myt1",89,83,73,91,79,80,30,52,54,56,53,52
"Mzt1",0,4,6,117,179,164,3,0,1,79,52,97
"N",37,37,35,27,38,42,66,54,49,45,49,48
"NAAT1",112,113,101,63,76,133,87,105,92,81,170,94
"NANS",15,22,12,32,29,21,17,21,24,32,25,13
"NAT1",0,0,3,0,0,0,3,4,1,1,1,1
"NC2alpha",139,176,164,269,241,230,135,148,144,206,240,236
"NC2beta",129,118,94,187,171,156,104,140,158,135,177,126
"ND-13A",66,69,41,38,34,56,56,65,80,50,71,65
"ND-13B",3589,3415,3237,3261,3457,3240,3504,3274,3561,2868,3194,2922
"ND-15",0,0,0,0,0,0,0,0,0,0,0,0
"ND-18",4119,3776,3773,4108,3645,3653,3455,3479,4095,3129,3146,2938
"ND-19",0,0,0,0,0,0,0,0,0,0,0,0
"ND-20",360,320,312,168,238,288,349,365,332,244,209,227
"ND-20L",0,0,0,0,0,0,0,0,0,0,0,0
"ND-23",5967,6019,5497,6649,6042,5948,6137,5812,6627,5552,5386,4994
"ND-24",0,0,0,0,1,0,0,0,0,1,1,1
"ND-24L",0,0,27,553,555,623,0,0,0,273,248,229
"ND-30",6865,7022,6648,5916,5673,5527,5797,5355,6740,5930,6031,5160
"ND-39",0,2,1,7,7,7,7,0,0,1,1,1
"ND-42",9,3,9,16,4,10,5,9,18,11,14,7
"ND-49",8,4,0,0,0,0,2,2,7,1,0,0
"ND-49L",0,1,47,756,811,997,3,0,0,866,693,710
"ND-51",1,0,0,0,0,0,1,0,0,1,1,1
"ND-51L1",2,2,33,720,729,910,1,0,0,614,549,532
"ND-51L2",0,0,0,0,0,0,0,0,0,0,0,0
"ND-75",1,2,2,5,3,7,1,3,2,6,3,5
"ND-ACP",2,1,6,1,2,5,4,6,4,3,3,6
"ND-AGGG",65,81,68,54,46,51,68,36,60,32,33,19
"ND-ASHI",27,58,31,31,37,34,25,44,24,30,26,37
"ND-B12",0,0,0,0,0,0,0,0,0,0,0,0
"ND-B14",0,0,0,0,0,0,0,0,0,0,0,0
"ND-B14.5A",0,12,6,7,4,4,6,2,1,1,3,4
"ND-B14.5AL",0,0,12,409,376,463,0,0,0,353,315,263
"ND-B14.5B",0,2,0,1,1,2,0,1,1,5,3,3
"ND-B14.7",3485,3532,3171,3752,3629,3679,3947,3732,4029,2910,3206,3063
"ND-B15",2205,2032,1829,2217,2570,2096,2578,2463,2738,1835,1951,1861
"ND-B16.6",0,0,0,0,1,1,4,1,2,0,0,2
"ND-B17",9,22,20,9,10,3,20,10,19,20,11,15
"ND-B17.2",0,0,0,0,0,4,0,1,0,0,2,0
"ND-B18",27,30,26,20,10,31,21,28,23,30,38,29
"ND-B22",0,0,0,1,1,0,0,0,2,0,0,0
"ND-B8",1,2,0,34,31,40,1,0,1,27,32,27
"ND-MLRQ",28,21,16,21,30,28,23,32,28,18,16,25
"ND-MNLL",0,0,0,0,0,0,0,0,0,0,0,0
"ND-MWFE",9,7,20,149,136,152,13,8,18,123,123,101
"ND-PDSW",0,0,1,0,0,0,0,0,0,1,1,0
"ND-SGDH",0,0,0,4,6,11,0,0,0,11,7,5
"ND1",181819,177459,142874,119652,96202,91693,111232,106168,165039,80527,85998,69992
"ND2",45931,83111,75331,12866,11251,11784,14721,10888,26615,42668,88681,12296
"ND3",32079,30624,24388,23995,3097,3647,26579,28952,41609,18882,23749,9893
"ND4",250807,323105,256879,164969,84752,90272,153505,147565,254270,153438,164454,93048
"ND4L",1538,8822,9871,305,154,230,262,195,513,3187,4086,305
"ND5",300931,364097,290514,168687,86969,91144,120011,123453,274051,144458,162241,77779
"ND6",2586,3314,2940,960,615,648,898,724,1778,1938,2875,779
"NELF-B",159,183,190,131,137,180,175,186,169,162,172,155
"NFAT",754,699,878,670,735,962,734,637,727,827,911,644
"NHP2",1,0,4,0,0,0,0,0,0,0,3,0
"NK7.1",81,67,48,91,80,84,73,87,77,95,64,80
"NKAIN",31,43,36,56,45,46,51,41,43,36,46,37
"NKCC",30,27,11,17,9,11,50,38,22,14,15,31
"NLaz",2,0,0,1,0,0,2,0,0,0,0,0
"NO66",0,0,0,0,0,0,0,0,0,0,0,0
"NP15.6",6307,6094,5255,6026,5837,5607,5712,5633,5887,4654,4915,5081
"NPF",0,0,0,0,0,0,0,0,0,0,0,0
"NPFR",5,10,6,7,12,24,17,10,15,13,8,8
"NSD",0,0,0,0,0,0,0,0,0,0,0,0
"NT1",0,0,0,0,0,0,0,0,0,0,0,0
"NT5E-2",0,0,0,0,0,0,0,0,0,0,0,0
"NTPase",50,71,52,29,32,39,40,43,13,18,12,28
"NUCB1",1261,1337,1139,1265,1391,1573,1626,1429,1425,1325,1817,1514
"NaCP60E",326,316,334,313,247,528,341,227,312,409,399,360
"NaPi-III",171,163,203,149,169,261,191,158,135,158,178,213
"NaPi-T",5,7,6,4,9,3,3,6,5,4,14,3
"Naa15-16",0,0,0,2,9,7,0,0,0,3,0,0
"Naa20A",0,0,0,0,0,0,0,0,0,0,0,0
"Naa20B",0,0,1,23,31,30,1,0,0,41,36,21
"Naa30A",79,130,96,59,67,71,166,115,80,58,64,81
"Naa30B",0,0,8,356,390,386,0,0,0,348,256,282
"Naa35",0,0,0,0,0,0,0,0,0,0,0,0
"Naa40",35,53,32,61,63,54,26,48,43,92,92,74
"Naa60",0,0,0,0,0,0,0,0,0,0,0,0
"Naa80",41,44,46,20,15,46,36,28,22,32,13,23
"Naam",2,6,11,4,12,6,15,9,14,7,9,7
"Nab2",383,462,447,495,450,624,415,375,356,428,480,389
"Nacalpha",11,3,6,8,7,16,10,0,4,2,5,7
"Nach",0,0,0,0,0,0,0,0,0,0,0,0
"Nadk1a",139,137,128,90,132,147,124,110,113,89,129,121
"Nadk1b",71,64,71,65,50,83,38,70,69,50,88,82
"Nadk2",0,0,0,0,1,0,3,0,0,0,0,0
"Nadsyn",1,1,0,1,0,0,2,4,1,0,0,0
"Nagk",44,15,13,10,1,11,58,51,23,8,7,16
"Naglu",1,0,2,4,0,4,1,0,3,0,8,1
"Nak",21,31,30,24,15,12,27,18,21,14,11,21
"Nap1",8,2,4,1,5,4,8,9,2,1,11,9
"Naprt",0,2,1,0,0,1,1,0,0,0,0,1
"Nasp",0,0,0,2,0,0,0,0,0,0,0,0
"Naus",56,53,72,43,64,67,60,60,57,66,71,79
"Naxd",287,333,242,341,339,333,271,320,336,367,462,323
"Naxe",140,161,131,143,130,185,138,149,149,153,150,100
"Nazo",12,7,4,16,30,6,164,69,57,1,37,31
"Nbr",251,308,274,231,235,280,257,272,285,251,337,248
"Nca",999,1038,984,1057,1042,1182,1061,984,1188,1065,1298,1063
"Ncc69",9,8,8,2,14,9,6,11,7,14,6,22
"Nckx30C",462,393,378,648,488,726,542,338,347,669,635,573
"Ncoa6",1,11,3,4,2,6,2,0,2,0,3,0
"Nct",0,0,0,0,0,0,0,0,0,0,0,0
"Ndae1",193,189,190,170,127,164,205,200,159,198,154,193
"Ndc1",114,124,103,283,222,286,92,107,137,227,262,182
"Ndc80",17,27,23,60,46,48,27,30,20,46,58,35
"Ndf",0,0,0,0,0,0,0,0,0,0,0,0
"Ndfip",1025,1300,1105,810,787,1014,1117,1198,731,794,862,1067
"Ndg",20,11,19,25,47,49,17,12,21,28,41,22
"NdufA3",0,0,0,4,2,7,0,0,0,1,4,7
"NdufV3",1692,1419,1449,1455,1579,1264,1825,1780,1961,1150,1200,1166
"Neb-cGP",16,9,9,3,7,5,7,9,2,7,0,7
"Nedd4",63,99,67,63,44,76,93,71,57,61,50,47
"Nedd8",0,6,0,0,0,1,0,0,2,1,0,0
"Nek2",4,3,9,1,8,7,3,5,7,5,5,2
"Nelf-A",0,0,0,0,0,0,0,0,0,0,0,0
"Nelf-E",183,201,169,418,410,496,183,189,201,418,436,373
"Nemp",129,135,112,384,326,381,119,129,114,260,306,227
"Neos",4,0,0,1,6,3,0,0,2,1,0,5
"Nep1",15,32,33,8,12,5,31,40,14,9,8,22
"Nep2",26,22,28,7,11,16,42,21,28,14,7,22
"Nep3",113,149,165,162,134,205,202,185,184,193,156,152
"Nep4",29,27,33,31,48,79,19,26,25,16,30,29
"Nep5",0,0,2,12,6,13,0,0,0,4,3,2
"Nep6",55,88,38,5,0,1,91,73,10,2,1,0
"Nep7",132,157,94,190,189,145,90,77,158,147,240,87
"Nepl10",537,784,429,522,593,395,448,602,481,512,588,402
"Nepl11",2614,3297,2522,2270,2491,1990,2122,1884,1440,1988,2513,1846
"Nepl12",60,53,47,104,87,96,54,58,44,60,95,44
"Nepl13",2450,852,1184,155,67,75,2048,988,137,51,57,188
"Nepl14",884,1554,737,212,180,129,1550,1310,310,110,208,136
"Nepl15",1661,1551,961,238,370,302,1404,1093,629,422,480,684
"Nepl16",317,354,356,349,278,384,353,311,361,300,316,325
"Nepl17",89,319,91,50,28,37,268,199,45,31,24,39
"Nepl18",841,1939,462,500,620,461,1238,1030,629,520,867,464
"Nepl19",212,336,194,316,272,208,262,214,234,216,339,182
"Nepl20",44,47,31,43,50,27,37,26,38,32,52,37
"Nepl21",1382,1805,1106,1325,1377,1241,1359,1291,1434,1404,1969,1236
"Nepl3",67,82,72,92,109,111,55,48,57,60,84,81
"Nepl4",127,142,95,64,84,102,74,71,74,108,130,77
"Nepl5",404,334,355,118,112,116,555,336,157,145,107,221
"Nepl6",1172,1071,907,872,943,733,989,887,1015,887,1244,797
"Nepl7",0,0,0,0,2,1,0,0,0,0,0,0
"Nepl8",249,258,158,580,638,387,225,233,209,269,440,240
"Nepl9",15,70,14,22,24,3,57,65,24,25,44,37
"NetA",0,0,0,0,0,0,0,0,0,0,0,0
"NetB",164,146,218,236,227,295,215,174,178,271,295,213
"Neto",366,348,362,244,154,261,400,352,348,292,224,330
"Neu2",3,0,4,0,2,6,0,3,2,3,2,1
"Neurl4",181,246,203,433,372,616,213,174,194,451,425,355
"Neurochondrin",1124,1472,969,942,1240,1310,1272,1367,937,875,1833,1025
"Nf-YA",91,109,121,201,230,295,114,95,135,213,232,212
"Nf-YB",7,3,5,1,6,2,2,1,2,3,2,0
"Nf-YC",93,104,109,113,101,132,105,69,96,69,110,91
"Nf1",18,19,22,19,10,21,26,11,13,14,14,20
"NfI",3,5,0,3,3,4,2,3,3,7,3,0
"Nfs1",1049,1085,1011,1206,1040,1120,1050,1076,1194,1201,1306,1045
"Nha1",0,2,3,0,2,0,2,0,0,1,2,5
"Nha2",7,4,7,2,4,6,24,22,6,5,13,1
"Nhe1",429,473,446,540,578,639,496,475,414,464,425,472
"Nhe2",36,61,32,23,23,28,45,25,30,31,25,26
"Nhe3",123,169,161,98,102,126,134,109,117,114,89,143
"NiPp1",127,120,135,216,250,254,97,110,137,234,248,201
"NijA",0,0,0,0,0,0,0,0,0,0,0,0
"NijB",0,4,0,2,6,8,6,0,6,3,2,0
"NijC",0,0,0,0,0,2,1,0,0,0,0,0
"Nil",2,1,58,1168,1120,1398,2,0,1,767,742,798
"NimA",0,0,0,0,0,0,0,0,0,0,0,0
"NimB1",0,0,0,0,0,0,0,0,0,0,0,0
"NimB2",1750,2018,1478,951,1164,785,1449,1794,1729,1169,1274,1105
"NimB3",153,136,139,127,105,139,138,161,149,63,99,86
"NimB4",318,327,210,343,357,236,231,271,218,235,343,193
"NimB5",0,0,0,0,0,0,0,0,0,0,0,0
"NimC1",44,51,33,30,32,32,99,91,72,43,69,40
"NimC2",0,0,0,0,0,0,0,0,0,0,0,0
"NimC3",0,0,0,0,1,0,0,0,0,0,0,0
"NimC4",705,1011,397,579,683,316,1702,1915,1765,443,786,955
"Nin",0,0,1,9,0,0,0,0,0,0,0,0
"Nipped-A",1,0,3,1,0,5,1,0,1,0,2,1
"Nipped-B",0,0,0,0,0,0,0,0,0,0,0,0
"Nipsnap",12,7,1,6,6,4,15,6,10,10,9,3
"NitFhit",357,404,308,370,390,387,268,350,296,271,303,267
"Nle",91,147,94,110,103,81,183,152,169,127,164,118
"Nlg1",3,0,1,1,2,5,7,2,1,6,9,1
"Nlg2",7,19,7,14,7,21,14,18,6,20,16,10
"Nlg3",34,31,52,61,45,92,56,22,48,80,58,38
"Nlg4",25,23,29,25,21,33,39,18,28,33,20,22
"Nlp",0,1,0,0,0,0,1,4,0,1,0,1
"Nmd3",281,252,285,255,213,212,294,243,246,250,326,254
"Nmda1",6,11,18,6,7,7,10,13,11,15,12,3
"Nmdar1",1055,1110,1214,568,721,1856,263,169,166,255,276,302
"Nmdar2",117,103,127,211,124,227,186,104,119,229,184,181
"Nmdmc",91,123,51,51,58,66,120,151,61,51,50,71
"Nmnat",0,0,0,0,0,0,0,0,0,0,0,0
"Nmt",637,792,774,467,497,466,571,861,795,710,576,708
"Nna1",44,30,58,21,11,17,26,38,22,7,21,14
"Nnf1a",21,24,28,121,97,103,31,24,21,56,99,63
"Nnf1b",10,5,9,12,12,21,17,9,4,8,12,16
"Nnk",40,22,19,35,39,60,25,33,31,29,20,22
"Nnp-1",334,316,325,382,363,476,368,288,361,320,412,370
"Noa36",306,304,284,494,492,466,284,272,324,407,469,366
"Noc1",259,289,213,221,199,264,325,287,266,246,239,225
"Noc2",186,213,138,152,180,164,236,195,237,191,195,177
"Noc3",194,200,179,258,244,317,209,204,149,267,282,216
"Non1",0,0,0,0,0,3,1,0,0,0,0,0
"Non2",448,433,458,543,538,590,536,486,479,550,729,507
"Non3",170,145,145,274,283,302,175,150,170,256,279,221
"Nop10",49,38,45,46,62,65,73,86,54,39,54,50
"Nop17l",2,1,2,8,7,9,0,4,1,1,4,6
"Nop56",566,581,501,392,406,413,780,610,614,447,553,475
"Nop60B",5,7,4,11,8,0,3,9,7,0,4,7
"Nopp140",0,0,0,1,0,0,0,0,0,0,0,0
"Nos",0,0,0,2,2,5,0,0,0,0,0,0
"Nost",1,3,2,2,1,2,1,4,6,2,1,1
"Not1",833,881,742,776,845,907,1118,842,785,906,811,796
"Not10",0,2,1,0,0,0,0,0,0,2,0,0
"Not11",2,8,2,2,7,6,2,0,0,1,1,0
"Not3",44,62,69,43,43,49,46,33,85,44,43,25
"Notum",23,26,24,24,25,30,30,30,26,22,29,30
"Nox",1,2,1,1,2,1,4,0,2,3,3,0
"Np",0,0,2,3,0,2,0,0,0,2,0,1
"Npc1a",10,15,16,16,18,7,20,19,5,18,10,13
"Npc1b",21,41,8,9,3,6,25,19,10,8,6,0
"Npc2a",1256,1354,1062,1247,1240,1184,1572,1607,1668,1279,1380,1347
"Npc2b",5,34,16,4,16,1,17,22,14,16,13,8
"Npc2c",0,0,0,0,0,0,0,0,0,0,0,1
"Npc2d",58,88,35,4,5,9,117,144,25,1,2,3
"Npc2e",0,0,0,0,0,0,0,0,0,0,0,0
"Npc2f",36,26,33,23,27,27,33,37,16,21,35,16
"Npc2g",3,0,0,1,0,0,2,2,1,0,4,0
"Npc2h",0,0,0,0,0,0,0,0,0,0,0,0
"Nph",0,4,2,0,1,1,0,1,0,2,6,1
"Npl4",32,24,16,15,10,9,19,27,1,1,0,4
"Nplp1",84,90,80,124,59,104,88,58,120,101,140,78
"Nplp2",1,1,0,0,0,0,0,0,0,0,0,0
"Nplp3",291,687,204,54,68,66,447,762,88,54,44,94
"Nplp4",0,0,0,3,1,0,1,1,1,0,0,1
"Nprl2",219,241,167,180,187,199,179,149,186,187,195,181
"Nprl3",0,0,0,0,0,0,0,0,0,0,0,0
"Nrd1",275,322,271,389,440,510,344,283,315,438,462,454
"Nrg",207,143,177,200,212,270,216,174,163,293,297,292
"Nrk",80,77,65,73,67,81,72,63,60,38,76,54
"Nrt",0,0,0,0,0,0,0,0,0,0,0,0
"Nrx-1",86,97,95,90,80,115,136,65,72,115,101,92
"Nrx-IV",9,12,15,13,6,21,16,18,8,10,13,14
"Ns1",312,338,194,245,227,279,398,331,343,294,365,262
"Ns2",562,648,547,719,639,739,697,636,576,741,730,642
"Ns3",0,1,0,0,0,0,0,0,0,0,0,2
"Ns4",293,320,273,467,459,536,239,266,343,423,437,366
"Nse1",0,0,0,0,0,0,0,0,0,0,0,0
"Nse4",7,10,1,6,9,7,15,11,19,26,21,14
"Nsf2",26,27,15,24,25,54,14,14,16,15,29,25
"Nsun2",186,200,165,182,182,219,250,195,186,215,228,171
"Nsun5",111,136,119,114,145,144,96,123,99,123,170,147
"Nt5a",25,28,28,25,21,29,53,49,51,53,55,38
"Nt5b",125,238,108,93,121,142,150,209,118,83,113,84
"Nt5c",0,0,0,0,2,1,0,4,2,0,0,1
"NtR",0,0,0,0,0,0,0,0,0,0,0,0
"Ntan1",0,0,0,0,0,0,0,0,0,0,0,0
"Ntf-2",127,107,130,118,100,108,143,137,120,129,143,132
"Ntf-2r",1,1,5,151,127,141,0,0,1,89,100,91
"Nthl1",72,97,94,132,156,121,72,78,60,115,125,105
"Ntl",1,2,9,124,132,210,0,3,3,115,62,108
"Ntmt",6,2,3,2,0,1,13,4,14,8,2,5
"Nuak",4,0,1,0,0,1,3,1,0,0,0,3
"Nubp1",601,577,506,561,522,517,518,540,537,569,584,462
"Nubp2",565,572,519,472,471,519,459,487,549,471,568,476
"Nubpl",135,145,122,106,58,123,100,83,95,80,83,101
"Nuf2",17,24,34,124,128,100,21,18,26,60,69,76
"Nufip",41,23,24,37,29,28,38,24,24,32,25,40
"Nulp1",12,1,5,68,49,88,0,1,1,67,54,64
"Nup107",207,230,188,186,170,173,224,246,194,213,256,155
"Nup133",156,228,168,276,252,320,162,210,187,234,313,225
"Nup153",2,6,1,1,0,0,0,4,3,2,0,0
"Nup154",0,0,0,0,0,0,0,0,0,0,0,0
"Nup160",0,0,0,0,0,0,0,0,0,0,1,0
"Nup188",0,0,0,0,0,0,0,0,0,0,0,0
"Nup205",0,0,0,0,0,0,0,0,0,0,0,0
"Nup214",235,316,228,339,336,455,232,233,188,293,304,292
"Nup35",121,119,87,107,117,117,127,95,136,117,186,137
"Nup358",0,0,0,0,0,0,0,0,0,0,0,0
"Nup37",0,0,0,0,2,0,0,1,0,0,4,2
"Nup43",70,67,72,157,105,119,52,82,99,138,163,123
"Nup44A",2,1,0,0,1,0,3,2,1,0,0,1
"Nup50",154,195,167,225,224,265,182,248,186,213,249,178
"Nup54",118,123,126,639,597,663,150,108,172,586,507,460
"Nup58",85,96,86,541,472,618,74,81,86,486,488,437
"Nup62",5,0,0,2,1,0,0,1,1,1,0,2
"Nup75",98,173,128,227,229,284,148,152,157,217,216,152
"Nup93-1",223,195,171,204,204,252,185,191,158,203,281,184
"Nup93-2",72,89,58,143,133,149,79,92,92,100,116,85
"Nup98-96",1,1,0,13,7,21,1,6,0,0,3,3
"Nurf-38",5,6,1,2,4,2,7,3,5,1,4,4
"Nxf3",0,0,0,0,0,0,0,0,0,0,0,0
"Nxt1",0,0,0,0,0,0,0,0,0,0,0,0
"O-fut1",19,8,33,5,4,2,11,22,21,15,13,12
"O-fut2",87,98,83,86,100,87,70,73,73,110,115,74
"ODA-Dnal1",2,8,3,75,93,75,10,4,3,65,58,60
"ORMDL",194,185,190,177,178,162,223,218,190,182,213,184
"ORY",0,0,0,68,53,73,0,0,0,39,37,46
"OS9",66,66,74,12,22,14,102,36,22,5,14,27
"OSCP1",6,5,16,14,23,24,11,4,8,10,20,13
"OXA1L",0,0,6,81,97,159,0,0,0,64,68,64
"Oamb",0,0,0,0,0,0,0,0,0,0,0,0
"Oat",730,1036,689,685,722,625,843,816,651,560,691,544
"Oatp26F",3,2,1,3,18,7,3,2,1,2,3,2
"Oatp30B",0,0,0,6,16,15,0,0,0,6,3,9
"Oatp33Ea",0,0,0,0,0,0,1,0,0,0,0,0
"Oatp33Eb",363,481,312,192,163,147,450,383,227,202,232,133
"Oatp58Da",147,216,138,66,61,59,147,154,118,79,69,103
"Oatp58Db",975,770,1092,395,336,441,1252,969,1004,913,687,781
"Oatp58Dc",0,2,0,0,0,1,0,1,2,4,0,1
"Oatp74D",97,88,71,98,64,108,73,90,88,67,80,62
"Obp18a",238,255,169,82,89,75,274,289,184,95,87,101
"Obp19a",17,20,17,4,0,0,12,6,0,0,0,4
"Obp19b",28,69,49,10,2,2,41,101,44,3,4,24
"Obp19c",5,2,0,0,4,1,2,0,1,6,3,0
"Obp19d",0,11,3,6,8,18,2,2,7,4,4,4
"Obp22a",5,0,0,0,0,0,0,0,0,5,0,0
"Obp28a",414,257,322,129,202,178,243,338,365,173,211,261
"Obp44a",4,0,3,0,1,0,1,0,3,5,3,1
"Obp46a",0,0,3,15,8,7,0,0,0,2,0,3
"Obp47a",0,0,0,0,0,0,0,0,0,0,0,0
"Obp47b",0,0,0,0,0,0,0,0,0,0,0,0
"Obp49a",158,229,149,86,116,87,69,126,195,161,173,191
"Obp50a",0,0,0,0,0,0,0,0,0,0,0,0
"Obp50b",0,0,0,0,0,0,0,0,0,0,0,0
"Obp50c",0,0,0,0,0,0,0,0,0,0,0,0
"Obp50d",0,2,0,10,12,5,1,3,0,6,14,9
"Obp50e",0,1,0,5,24,14,0,0,0,4,2,4
"Obp51a",0,0,0,2,1,0,0,0,0,0,0,0
"Obp56a",270,128,228,243,230,310,363,348,388,226,236,206
"Obp56b",1,0,1,0,3,0,1,0,0,0,4,0
"Obp56c",0,0,0,0,0,0,0,0,0,0,0,0
"Obp56d",1,9,2,5,5,0,1,0,3,5,2,1
"Obp56e",0,0,0,0,0,0,0,0,0,0,0,0
"Obp56f",0,0,0,8,0,0,0,0,0,169,31,163
"Obp56g",0,0,0,0,0,0,0,0,0,0,0,0
"Obp56h",0,0,0,0,0,0,0,0,0,0,3,0
"Obp56i",0,0,5,56,51,60,0,0,0,36,27,31
"Obp57a",18,21,15,11,1,6,20,26,7,2,1,7
"Obp57b",58,95,58,7,2,2,70,72,12,2,1,16
"Obp57c",126,438,161,17,11,1,280,349,28,2,7,27
"Obp57d",0,0,0,0,0,0,0,0,0,0,0,0
"Obp57e",3,0,7,2,3,6,2,1,1,3,1,3
"Obp58b",0,0,0,1,0,7,3,1,1,1,1,1
"Obp58c",0,0,0,6,1,2,0,0,0,1,1,1
"Obp58d",1,0,0,1,1,1,0,0,0,0,0,1
"Obp59a",60,46,65,17,41,49,47,57,61,23,21,47
"Obp69a",39,43,40,14,12,27,26,24,23,23,7,47
"Obp73a",1,5,0,1,0,1,0,0,1,1,1,1
"Obp83a",10,5,5,1,6,9,7,4,4,2,2,7
"Obp83b",102,88,117,62,49,74,84,78,90,23,21,71
"Obp83cd",243,244,149,236,351,232,177,157,249,181,262,145
"Obp83ef",314,298,263,490,521,466,338,347,452,408,617,373
"Obp83g",498,421,472,339,452,444,256,471,390,288,414,303
"Obp84a",0,3,2,0,1,0,1,0,4,3,0,0
"Obp85a",0,3,0,0,0,0,0,0,2,0,0,0
"Obp8a",10,13,3,14,10,4,8,16,10,26,20,29
"Obp93a",2,3,2,22,10,10,5,0,0,0,3,12
"Obp99a",0,0,0,0,0,0,0,0,0,0,0,0
"Obp99b",0,0,0,2,0,0,0,0,0,0,1,0
"Obp99c",26,43,34,62,70,50,24,38,42,24,53,24
"Obp99d",75,52,92,15,6,5,109,101,20,23,17,82
"Obsc",0,0,0,0,0,0,0,0,0,0,0,0
"Ocho",0,0,0,0,0,0,0,0,0,0,0,0
"Ocrl",0,0,0,0,0,0,0,0,0,0,0,0
"Oct-TyrR",0,0,0,0,0,0,0,0,0,0,0,0
"Octalpha2R",0,0,0,0,0,0,0,0,0,0,0,0
"Octbeta1R",197,150,157,160,122,212,195,140,170,152,181,173
"Octbeta2R",24,30,28,12,4,3,20,24,1,3,3,3
"Octbeta3R",3,7,10,2,3,4,5,4,4,2,5,8
"Oda",355,371,284,322,436,473,460,530,340,243,319,349
"Odc1",323,264,231,230,307,182,240,265,322,234,263,222
"Odc2",24,23,26,40,28,32,17,26,10,14,9,8
"Odj",161,181,152,195,236,254,153,146,190,194,239,193
"OdsH",4,1,1,21,14,25,3,2,6,13,12,17
"Oga",91,105,59,59,76,76,77,78,80,92,101,95
"Ogdh",0,0,0,2,0,0,5,0,0,0,0,2
"Ogg1",102,122,84,80,87,53,158,133,81,75,127,84
"Oli",0,0,0,8,1,2,2,0,1,1,2,0
"Opa1",33,40,28,19,17,63,33,30,45,31,34,29
"Opbp",197,236,237,192,195,228,264,212,199,186,209,198
"Optix",0,2,2,0,2,1,1,2,2,4,2,2
"Or10a",0,0,0,0,0,0,0,0,0,0,0,0
"Or13a",11,5,0,10,9,12,5,3,4,0,5,8
"Or19a",1,0,0,0,2,1,0,3,3,2,2,2
"Or19b",19,3,9,3,5,12,10,4,9,5,6,6
"Or1a",23,15,16,18,10,13,22,18,16,15,13,13
"Or22a",1,2,3,5,1,11,1,3,5,5,6,2
"Or22b",3,1,9,32,49,49,6,2,7,8,6,11
"Or22c",3,2,1,1,7,0,1,0,0,0,2,0
"Or23a",1,2,1,19,15,19,1,1,2,11,14,12
"Or24a",0,0,0,0,2,0,0,0,0,2,0,2
"Or2a",0,3,4,2,1,1,0,0,1,6,1,0
"Or30a",0,0,0,1,0,0,0,0,4,0,0,2
"Or33a",0,2,0,1,7,0,0,0,0,2,4,2
"Or33b",0,1,0,4,0,0,0,0,0,1,0,0
"Or33c",6,0,0,0,0,0,2,0,1,0,2,0
"Or35a",12,4,9,4,1,5,4,2,2,5,3,2
"Or42a",2,4,0,0,0,1,0,1,3,1,0,1
"Or42b",17,19,13,6,5,2,3,5,6,4,2,6
"Or43a",5,5,4,4,1,1,2,0,0,1,1,2
"Or43b",34,21,42,44,47,37,26,24,30,42,56,24
"Or45a",1,2,1,2,2,0,0,0,0,1,1,1
"Or45b",0,0,0,0,0,0,0,0,0,0,0,0
"Or46a",0,0,0,0,0,0,0,0,0,0,0,0
"Or47a",7,1,1,3,8,1,3,3,7,2,0,4
"Or47b",2,5,2,1,3,9,1,4,5,5,5,6
"Or49a",0,1,3,0,0,4,0,1,0,2,0,0
"Or49b",8,3,4,2,0,1,6,4,2,0,2,1
"Or56a",1,6,4,16,9,30,0,1,0,11,11,5
"Or59a",2,0,0,0,0,0,1,0,1,2,0,0
"Or59b",14,4,10,0,6,8,10,2,8,18,16,21
"Or59c",0,2,2,1,0,0,0,3,1,16,3,11
"Or63a",0,0,0,0,0,0,0,0,0,0,0,0
"Or65a",1,3,1,0,1,4,0,3,1,3,6,2
"Or65b",3,0,0,4,2,6,0,2,3,2,0,1
"Or65c",0,0,0,0,0,4,0,0,0,6,0,0
"Or67a",8,0,2,3,9,4,2,4,2,4,1,3
"Or67b",27,26,24,20,8,7,8,34,18,15,2,14
"Or67c",0,0,0,6,1,0,0,0,2,1,1,2
"Or67d",5,6,8,6,2,2,0,6,8,3,1,7
"Or69a",0,1,0,0,0,1,0,0,0,1,0,0
"Or71a",0,0,0,0,0,0,0,0,0,0,0,0
"Or74a",0,1,0,12,0,6,0,0,1,4,1,1
"Or7a",6,9,6,0,1,3,4,0,1,1,1,3
"Or82a",10,8,5,11,3,10,9,6,10,7,6,12
"Or83a",0,0,0,0,0,0,0,0,0,0,0,0
"Or83c",2,0,0,5,0,1,0,0,1,0,0,0
"Or85a",3,10,1,3,0,0,0,7,2,4,1,5
"Or85b",4,4,2,8,13,17,2,3,2,3,5,3
"Or85c",1,4,0,2,5,4,2,5,1,0,2,5
"Or85d",1,6,0,0,1,3,3,10,2,8,15,8
"Or85e",1,3,1,0,0,0,1,0,3,0,0,2
"Or85f",7,11,6,4,6,16,3,1,7,3,9,10
"Or88a",0,0,1,0,0,1,0,0,0,0,0,0
"Or92a",20,20,11,6,3,7,5,5,14,4,3,9
"Or94a",1,0,1,4,4,3,0,0,0,0,0,3
"Or94b",0,0,2,2,1,5,0,0,0,2,3,1
"Or98a",3,5,3,3,7,9,6,1,0,3,2,5
"Or98b",0,0,0,0,0,0,0,0,0,0,0,0
"Or9a",3,1,5,1,0,2,2,6,3,3,3,4
"Orai",1,8,9,6,5,19,9,10,12,7,6,3
"Orc1",25,47,18,11,7,12,40,29,23,28,24,17
"Orc2",21,28,17,25,13,40,33,38,14,23,15,23
"Orc3",0,0,0,0,0,0,0,0,0,0,0,0
"Orc4",64,54,52,160,144,146,53,48,70,125,139,90
"Orc5",27,36,33,91,80,89,36,35,33,52,54,52
"Orc6",16,18,6,9,6,3,17,16,12,18,9,6
"Orco",7,3,0,1,1,0,5,7,1,1,0,5
"Orcokinin",105,106,115,162,130,167,117,91,63,117,71,105
"Orct",4,10,7,11,7,14,5,8,8,5,7,10
"Orct2",7,12,8,8,13,13,8,9,12,14,18,17
"Ork1",0,2,0,1,4,0,1,2,0,0,2,1
"Orp8",15,46,39,55,85,89,42,27,23,45,48,65
"Os-C",0,0,0,0,0,0,0,0,0,0,0,0
"Osbp",966,1366,893,783,827,983,1107,1103,878,939,1132,960
"Oscillin",199,212,207,179,213,188,264,189,337,194,292,164
"Oseg1",1,1,0,2,7,3,0,0,0,3,0,0
"Oseg2",11,28,19,15,18,13,27,17,13,11,24,18
"Oseg4",0,0,0,0,0,0,0,0,0,0,0,0
"Oseg5",67,42,79,29,63,66,29,24,28,29,34,24
"Oseg6",47,44,68,54,53,71,44,31,28,41,57,46
"Osi1",13,15,19,0,6,0,6,13,6,7,1,8
"Osi10a",0,0,1,8,22,4,0,1,0,0,0,0
"Osi10b",0,0,0,7,0,0,0,0,0,0,0,0
"Osi11",0,0,0,6,6,2,0,0,0,0,5,1
"Osi12",7,5,5,70,51,118,4,1,4,21,8,13
"Osi13",4,4,13,92,82,90,4,0,2,7,60,15
"Osi14",48,5,25,987,774,741,11,2,38,3,269,11
"Osi15",2853,508,871,24840,18852,19537,2234,108,2834,572,19072,1192
"Osi16",1,0,0,2,2,5,0,0,0,0,0,0
"Osi17",0,0,0,0,0,0,0,0,0,0,0,0
"Osi18",309,54,228,7594,6032,5357,215,15,448,88,4076,161
"Osi19",0,0,0,0,0,0,0,0,0,0,0,0
"Osi2",9,5,3,15,7,31,7,0,4,6,18,5
"Osi20",1452,247,806,24114,18442,17148,877,59,1796,292,13795,652
"Osi21",0,2,0,7,11,10,7,0,1,1,3,0
"Osi22",5,1,2,2,2,0,0,1,1,2,3,1
"Osi23",1,0,0,0,0,2,0,0,0,0,0,0
"Osi24",76,68,69,206,173,182,63,69,60,44,174,44
"Osi3",0,2,0,3,2,6,1,0,1,0,0,0
"Osi4",0,0,0,0,0,0,0,0,0,0,0,0
"Osi5",0,0,0,0,0,0,0,0,0,0,0,0
"Osi6",0,0,0,1,1,5,0,0,0,1,0,2
"Osi7",4,14,24,400,451,513,11,0,14,6,189,14
"Osi8",16,9,10,16,29,38,14,10,36,14,28,21
"Osi9",263,302,437,3078,2852,2490,176,81,470,344,1512,255
"Ost48",803,803,560,806,752,794,826,759,723,863,974,835
"OstDelta",0,0,0,0,0,0,0,0,0,0,0,0
"Ostgamma",895,1018,774,1068,1019,997,883,781,1024,1089,1341,1087
"Ote",67,95,53,85,82,107,42,56,46,94,105,74
"OtopLa",204,138,179,446,341,560,267,155,218,433,477,277
"OtopLb",15,6,13,0,3,0,14,9,0,1,3,1
"OtopLc",0,0,0,0,0,0,0,0,0,0,0,0
"Oxp",5,2,7,1,2,3,8,9,8,2,4,5
"P32",2070,1932,1705,1936,1691,1654,2049,1793,1936,1566,1627,1463
"P58IPK",491,490,411,553,574,647,490,466,437,662,677,599
"P5CDh1",21,18,27,16,19,18,27,17,22,10,21,26
"P5CDh2",0,0,0,0,0,0,0,0,0,0,0,0
"P5CS",85,76,76,39,21,27,62,67,47,49,52,46
"P5cr",374,415,294,347,378,334,391,351,392,371,456,392
"P5cr-2",0,0,0,0,0,2,0,0,0,0,0,0
"PAN2",0,0,0,0,0,0,0,0,0,0,0,0
"PAN3",40,48,38,14,44,21,32,38,33,28,23,33
"PAPLA1",2,6,8,6,7,8,2,3,8,3,2,3
"PCB",0,0,0,0,0,0,0,0,0,0,0,0
"PCID2",103,108,65,85,84,103,71,96,112,109,116,97
"PCNA",0,0,0,0,0,0,0,0,0,0,0,0
"PCNA2",87,61,79,109,92,100,65,51,71,96,138,111
"PDCD-5",359,369,385,419,461,471,407,445,472,410,487,389
"PDZ-GEF",111,121,88,121,115,135,97,92,129,108,123,92
"PEK",35,52,42,33,16,29,71,47,17,17,50,22
"PGAP1",231,266,223,197,176,247,172,210,248,216,236,196
"PGAP2",167,157,131,181,169,204,160,118,194,123,193,165
"PGAP3",0,0,0,0,0,0,0,0,0,0,0,0
"PGAP5",0,0,0,0,0,0,0,0,0,0,0,0
"PGRP-LA",0,0,0,0,1,1,1,0,0,0,0,2
"PGRP-LB",16,14,13,5,6,6,36,24,13,11,19,13
"PGRP-LC",5,1,0,3,5,2,3,4,0,1,0,1
"PGRP-LD",22,10,13,26,22,4,16,16,8,14,25,26
"PGRP-LE",3,9,3,9,10,15,6,6,9,1,9,17
"PGRP-LF",11,16,18,23,20,22,26,28,40,21,11,12
"PGRP-SA",8,2,4,0,1,3,7,4,6,3,2,2
"PGRP-SB1",45,29,41,34,39,41,28,53,41,22,34,67
"PGRP-SB2",0,0,0,0,0,0,0,0,0,0,0,0
"PGRP-SC1a",0,0,0,0,0,0,0,0,0,1,0,0
"PGRP-SC1b",1,1,1,1,0,0,5,0,1,5,3,2
"PGRP-SC2",49,32,28,48,41,31,87,138,110,151,166,182
"PGRP-SD",84,73,74,158,106,149,118,103,141,149,221,163
"PGS1",265,238,212,525,431,474,295,286,328,441,527,365
"PH4alphaEFB",791,1119,727,853,932,799,725,814,593,599,892,575
"PH4alphaMP",358,400,380,214,332,375,246,271,297,219,238,259
"PH4alphaNE1",9,25,15,16,13,15,11,6,7,9,8,5
"PH4alphaNE2",0,0,0,27,12,34,0,0,0,210,136,184
"PH4alphaNE3",0,0,2,51,4,41,0,0,0,201,200,266
"PH4alphaPV",6,4,2,14,9,1,0,1,1,0,5,1
"PH4alphaSG1",1,1,1,18,7,16,0,0,2,88,110,104
"PH4alphaSG2",3,8,2,8,13,12,4,11,1,4,3,6
"PHDP",4,1,4,8,10,11,2,4,3,4,11,4
"PI31",0,0,0,0,0,3,1,1,1,0,0,0
"PICK1",5,0,0,3,2,13,5,0,2,0,3,0
"PIG-A",2,8,1,8,4,3,9,4,7,3,6,6
"PIG-B",0,0,0,0,0,0,0,0,0,0,0,0
"PIG-C",0,0,0,0,0,0,0,0,0,0,0,0
"PIG-F",154,166,113,214,205,241,138,114,131,198,261,180
"PIG-G",126,159,132,267,212,290,168,166,166,211,309,211
"PIG-H",7,0,3,15,14,11,19,16,18,10,16,4
"PIG-K",211,272,168,251,271,315,207,209,215,245,304,288
"PIG-L",93,80,72,69,44,81,67,88,101,54,91,91
"PIG-M",0,0,0,0,0,0,0,0,0,0,0,0
"PIG-N",34,54,53,307,197,264,42,54,55,223,284,249
"PIG-O",373,381,345,507,535,522,369,407,365,453,601,411
"PIG-P",0,0,0,0,0,0,0,0,0,0,0,0
"PIG-Q",0,0,0,0,3,3,0,0,0,0,5,1
"PIG-S",128,178,116,204,181,216,141,106,137,178,213,110
"PIG-T",374,422,349,429,434,424,357,406,408,389,574,380
"PIG-U",156,212,186,426,365,371,199,244,265,325,390,320
"PIG-V",0,0,0,0,0,0,0,0,0,0,0,0
"PIG-Wa",30,41,33,38,46,31,42,53,40,41,41,47
"PIG-Wb",0,1,0,11,17,7,0,0,0,10,10,11
"PIG-X",0,0,0,0,0,0,0,0,0,0,0,0
"PIG-Z",0,0,0,0,0,0,0,0,0,0,0,0
"PIP4K",2,2,0,0,0,0,2,0,0,0,0,0
"PIP5K59B",19,12,11,7,10,30,5,10,5,8,8,10
"PIP82",890,794,850,676,799,1125,678,469,587,747,966,711
"PK1-R",30,62,8,6,3,3,29,49,8,4,2,5
"PK2-R1",16,20,16,16,14,31,10,10,14,16,23,10
"PK2-R2",0,0,1,0,0,0,0,0,0,0,1,0
"PKD",6,5,0,0,1,3,0,0,2,0,0,4
"PLCXD",31,70,31,24,25,21,49,43,22,24,21,30
"PMCA",191,216,220,130,174,208,163,170,197,173,112,178
"PMP34",0,0,0,0,0,0,0,0,0,0,0,0
"PNKP",120,114,112,138,168,143,115,87,126,175,192,153
"PNPase",0,0,0,2,0,0,0,0,0,0,0,0
"PNUTS",51,50,40,22,36,44,51,38,45,39,38,26
"POLDIP2",1,0,0,0,0,0,1,1,0,1,0,0
"POSH",226,228,232,259,246,347,221,215,193,230,281,225
"PPO1",19,15,4,8,5,5,59,63,78,15,48,22
"PPO2",46,30,42,38,27,56,44,25,47,55,46,42
"PPO3",9,8,7,17,17,22,5,7,10,6,8,7
"PPP1R15",2114,2307,2149,2157,2144,2376,2329,1994,2294,2107,2034,2014
"PPP4R2r",4,0,1,5,0,6,3,0,3,4,6,1
"PPYR1",0,0,10,383,334,432,0,0,2,188,157,190
"PQBP1",115,137,125,137,165,126,149,134,131,149,171,143
"PRAS40",658,736,672,455,463,462,596,621,450,401,574,418
"PRL-1",261,280,238,237,212,289,304,265,200,294,297,256
"PRY",0,0,4,68,70,81,3,0,0,37,28,42
"PSMG1",418,475,396,784,796,870,485,486,554,703,832,723
"PTP-ER",409,510,483,397,350,475,517,444,434,466,474,432
"PTPMT1",9,5,6,15,16,10,11,17,1,9,3,20
"PVRAP",152,132,183,184,127,217,153,113,122,193,166,167
"PXo",4,0,8,2,4,4,0,3,3,4,1,3
"Pa1",355,327,342,297,360,418,431,360,415,252,394,307
"Pabp2",60,46,44,112,69,90,84,55,58,102,89,64
"Paf-AHalpha",0,0,0,0,0,0,0,0,0,0,0,0
"Paics",4,9,11,21,17,17,12,15,13,13,11,21
"Paip1",0,1,1,0,0,0,0,0,0,0,0,0
"Paip2",390,525,398,405,447,437,1790,1661,1138,1498,1167,1248
"Pak",2,5,1,1,0,5,3,0,1,1,0,1
"Pak3",0,0,0,0,0,0,0,0,0,0,0,0
"Pal1",104,102,95,109,124,86,139,94,103,131,133,121
"Pal2",0,0,0,0,0,0,0,0,0,3,0,0
"Panx",176,165,156,201,211,242,143,157,170,200,232,208
"Papss",0,0,0,0,0,0,0,3,0,0,0,0
"Papst2",198,218,153,174,161,139,171,178,196,207,268,181
"Parg",0,0,0,0,0,0,1,0,0,0,0,0
"Paris",28,47,34,88,119,109,32,32,48,73,108,77
"Parp1",581,625,536,549,647,756,647,524,662,623,672,567
"Parp16",0,0,14,260,250,342,1,1,0,231,187,172
"Pask",73,63,97,85,64,118,86,58,60,86,100,82
"Past1",955,1056,1045,1116,1119,1215,1233,1228,1297,1291,1248,1152
"Pat1",0,0,0,0,0,0,0,0,0,0,0,0
"Patj",0,0,0,0,0,0,0,0,0,0,0,0
"Patr-1",142,102,132,106,168,172,131,164,177,83,116,131
"Patronin",3,4,1,0,1,2,0,2,3,5,2,8
"Patsas",0,0,0,0,0,0,0,0,0,0,0,0
"Pax",2971,2777,3496,938,1176,1324,2221,3233,2685,1743,1483,2412
"Pbgs",11,6,8,5,6,12,16,9,22,8,3,12
"Pbp45",22,29,16,36,19,13,17,14,30,17,25,22
"Pbp49",0,0,0,0,0,0,0,0,0,0,0,0
"Pbp95",35,44,22,27,28,58,30,43,29,34,40,51
"Pburs",66,83,64,97,74,94,90,88,92,89,93,115
"Pc",227,192,225,209,208,269,271,187,187,181,193,215
"Pcd",1230,1071,1159,1264,1612,1239,1020,1127,1482,1255,1880,1150
"Pcf11",163,172,169,146,132,192,177,146,152,147,183,170
"Pcif1",225,230,208,185,231,291,224,190,208,176,200,173
"Pcl",39,38,52,41,34,42,34,38,40,34,29,30
"Pcmt",0,2,0,0,0,0,1,0,0,0,0,1
"Pcp",83,54,86,202,153,190,50,61,89,50,86,60
"Pcyt1",4,8,1,1,5,6,4,4,3,3,6,1
"Pcyt2",44,76,116,1374,1409,1571,78,47,32,933,810,840
"Pdcd4",0,0,0,0,0,0,0,0,0,0,0,0
"Pde11",0,0,1,6,0,2,1,0,0,0,2,0
"Pde1c",8,10,21,12,11,9,10,6,7,7,2,16
"Pde6",2,5,4,1,0,0,0,4,3,1,7,3
"Pde8",80,90,105,56,52,80,93,70,58,67,75,64
"Pde9",146,99,171,264,190,311,201,134,110,291,274,204
"Pdf",76,67,81,87,65,82,50,34,60,64,69,86
"Pdfr",0,2,0,0,1,6,3,0,0,0,1,0
"Pdh",0,0,0,0,0,0,0,0,0,0,0,0
"Pdha",0,0,0,0,0,0,0,0,0,0,0,0
"Pdhb",0,0,0,0,0,0,0,0,0,0,0,0
"Pdi",0,0,0,0,0,0,0,0,0,0,2,0
"Pdk",1194,1494,1295,604,696,669,1417,1355,945,614,595,713
"Pdk1",88,116,79,93,87,130,155,112,53,73,90,106
"Pdp",0,0,0,4,5,8,2,2,1,6,3,1
"Pdp1",5,5,4,9,7,8,1,0,2,3,6,4
"Pdrg1",29,13,10,11,22,30,22,22,9,14,10,19
"Pdss2",22,19,30,20,30,21,25,19,7,27,22,20
"Pdxk",2057,2489,1948,1562,1557,1409,2199,2246,1561,1352,1559,1473
"Pdzd8",153,152,184,199,140,220,131,91,112,159,191,136
"Pebp1",22,34,8,3,5,1,22,36,8,3,8,3
"Pect",11,24,12,8,2,7,12,14,17,15,17,20
"Pef",605,624,588,787,801,898,582,680,647,702,885,741
"Pen",128,103,502,8926,7482,10960,128,127,96,8677,8097,7580
"Pep",10,8,10,4,7,15,12,13,10,18,11,9
"Pepck1",0,0,0,0,0,0,0,0,0,0,0,0
"Pepck2",80,89,75,107,153,119,54,62,48,53,77,55
"Peritrophin-15a",0,0,2,4,1,0,6,6,5,1,0,0
"Peritrophin-15b",0,0,0,0,0,0,0,0,0,0,0,0
"Peritrophin-A",2,3,1,0,0,0,1,0,1,0,0,0
"Pex1",603,913,661,471,363,532,809,622,621,576,511,578
"Pex10",0,0,0,0,1,6,2,0,0,0,2,0
"Pex11ab",264,331,212,179,199,158,238,252,284,211,255,204
"Pex11c",8,10,6,12,3,4,8,12,9,9,5,5
"Pex12",0,0,0,0,0,0,0,0,0,0,0,0
"Pex13",579,613,552,556,578,688,614,595,627,593,688,521
"Pex14",426,431,397,329,357,365,603,623,503,426,503,434
"Pex16",233,303,269,152,186,166,305,288,313,212,230,205
"Pex19",0,0,0,20,15,19,0,0,0,10,7,17
"Pex2",189,174,137,116,126,91,140,159,150,125,164,126
"Pex23",133,126,141,210,155,191,141,102,123,160,161,146
"Pex3",2,1,1,2,3,0,2,3,0,5,3,4
"Pex5",0,0,0,0,0,1,0,0,0,0,0,0
"Pex6",0,3,2,0,0,4,2,3,0,0,0,0
"Pex7",0,0,0,0,0,0,0,0,0,0,0,1
"Pez",0,0,0,0,0,0,0,0,0,0,0,0
"Pfas",0,0,0,2,1,0,1,0,0,0,0,0
"Pfdn1",0,0,0,0,0,0,0,0,0,0,0,0
"Pfdn2",4,0,0,4,6,6,0,2,1,0,3,3
"Pfdn4",442,507,402,540,721,607,644,596,824,676,908,634
"Pfdn5",0,0,0,37,50,40,0,0,0,21,17,35
"Pfdn6",18,18,3,21,21,19,11,17,27,9,30,20
"Pfk",979,873,955,706,623,787,940,966,895,715,471,655
"Pfrx",6,11,9,15,11,16,6,6,9,5,2,7
"Pgam5",0,0,0,0,0,0,0,0,0,0,0,0
"Pgam5-2",0,0,6,132,70,90,0,0,0,75,68,58
"Pgant1",0,6,0,0,1,0,0,1,2,0,0,2
"Pgant2",11,4,4,11,5,17,7,9,7,6,12,10
"Pgant3",342,350,265,364,424,480,283,279,321,315,484,281
"Pgant35A",0,0,0,0,0,0,0,0,0,0,1,2
"Pgant4",0,0,1,4,2,5,0,0,0,1,1,4
"Pgant5",8,17,14,8,4,9,14,12,9,13,23,12
"Pgant6",0,0,0,0,0,0,0,0,0,0,0,0
"Pgant7",0,0,0,0,0,5,0,0,0,0,0,0
"Pgant8",137,132,127,133,112,93,152,142,154,112,141,133
"Pgant9",31,19,36,51,59,57,35,21,26,55,58,53
"Pgcl",27,35,35,3,0,1,105,60,56,2,2,2
"Pgd",0,0,2,20,22,17,0,0,0,8,8,15
"Pgi",0,0,0,0,0,0,0,0,0,0,0,0
"Pgk",19,13,11,17,12,21,8,7,11,8,23,18
"Pgls",318,349,226,464,437,467,348,315,392,432,450,468
"Pglym78",0,0,0,0,2,0,0,0,1,1,1,0
"Pglym87",1,1,69,1630,1546,2054,0,0,1,1661,1310,1247
"Pgm1",3467,3971,3030,3016,2658,2642,2665,2689,3405,2627,2769,2319
"Pgm2a",654,863,732,2701,2568,3361,683,614,684,2681,2601,2483
"Pgm2b",1,1,42,814,872,1106,0,0,0,795,696,702
"PhKgamma",1,5,4,2,6,6,6,2,5,14,12,5
"Phae1",4,7,7,7,3,3,10,9,1,1,1,1
"Phae2",0,1,0,0,0,0,0,0,0,0,0,0
"Phax",0,0,0,0,0,0,0,0,0,0,0,0
"Phb1",9,5,12,9,6,0,13,4,1,0,1,1
"Phb2",36,25,26,148,122,147,24,18,23,140,92,116
"PheRS-m",887,811,839,897,855,882,880,858,809,877,1064,748
"Phf5a",114,101,104,197,245,193,105,119,129,139,149,122
"Phf7",0,0,0,0,0,0,0,0,0,0,0,0
"Phk-3",12,5,7,11,7,6,3,3,5,10,3,6
"Phlpp",0,0,1,0,3,1,0,0,0,2,0,0
"Phm",16,15,11,7,15,6,21,8,32,13,17,16
"Phs",79,106,63,201,174,246,61,62,74,127,161,102
"Phyhd1",1097,1330,672,789,950,770,922,952,918,841,1168,783
"Pi3K21B",0,0,0,0,0,0,0,0,0,0,0,0
"Pi3K59F",181,245,210,151,157,177,171,215,170,187,194,166
"Pi3K68D",0,0,0,0,0,0,0,0,0,0,0,0
"Pi3K92E",4,0,1,4,7,7,0,5,4,4,6,1
"Pi4KIIIalpha",36,41,33,46,44,47,53,43,52,59,50,41
"Pi4KIIalpha",6,2,1,0,2,4,6,7,0,1,1,2
"Picot",13,32,11,18,14,17,26,31,8,13,16,19
"Piezo",0,0,0,0,1,0,0,0,0,0,0,0
"Pif1",0,0,2,0,0,0,0,0,0,0,0,0
"Pif1A",32,12,38,492,573,589,5,14,4,433,332,399
"Pif1B",0,0,1,1,3,6,0,0,0,0,1,4
"Pif2",0,0,15,384,355,481,1,1,0,393,317,328
"Pig1",0,0,0,2,2,2,0,0,0,1,0,0
"Pih1D1",488,509,475,569,647,645,448,410,496,524,650,586
"Pink1",0,0,0,0,0,0,0,0,0,0,0,0
"Pino",36,71,57,94,108,140,63,73,60,74,78,99
"Pis",7,8,15,12,14,5,3,9,12,16,7,19
"Pisd",6,16,10,13,15,20,11,14,12,11,8,10
"Pits",26,11,15,23,21,28,8,24,15,20,10,29
"Pitslre",15,5,16,6,8,13,18,20,4,17,20,12
"Pk34A",0,1,6,99,119,111,0,0,0,105,114,85
"Pka-C1",3,8,2,8,7,8,7,1,4,4,17,15
"Pka-C2",0,0,0,0,0,0,0,0,0,0,0,0
"Pka-C3",133,217,186,216,265,326,195,198,164,236,258,246
"Pka-R1",0,5,0,2,0,0,0,5,2,1,0,0
"Pka-R2",2488,2031,2208,2234,2254,2591,2860,2462,2171,3643,3616,2605
"Pkc53E",431,435,520,459,349,495,499,365,384,470,483,457
"Pkc98E",670,607,672,674,675,848,825,693,665,1096,876,795
"Pkcdelta",285,621,338,144,163,200,441,674,112,117,184,121
"Pkd2",0,1,14,486,412,595,4,0,6,383,390,360
"Pkg21D",24,28,28,3,4,6,42,24,26,15,10,17
"Pkn",0,5,1,3,3,3,7,4,8,1,3,6
"Plap",0,0,0,0,0,4,0,0,0,1,3,2
"Plc21C",9,9,3,17,8,18,3,7,12,22,10,9
"Pld",17,13,9,6,6,15,7,12,2,5,7,4
"Pld3",0,0,0,0,0,1,0,0,0,0,0,1
"Pldn",56,61,56,69,51,49,61,63,43,61,55,48
"Plekhm1",364,496,367,285,281,288,394,367,331,325,383,326
"PlexA",1004,938,866,769,767,1042,786,731,971,761,827,794
"PlexB",0,0,0,0,0,0,0,0,0,0,0,0
"Pli",375,387,390,434,419,474,432,438,453,381,452,400
"Plod",0,0,0,0,0,0,0,0,0,0,0,0
"Plp",39,33,29,37,37,46,43,34,53,33,36,31
"Plzf",0,0,0,0,3,0,2,0,2,1,0,1
"Pmi",0,0,2,1,0,1,1,0,0,0,0,3
"Pmm2",268,278,217,255,274,215,297,316,322,258,334,260
"Pms2",70,59,45,232,192,243,50,47,43,126,142,156
"Pmvk",243,224,195,332,323,329,127,137,179,185,194,171
"Pngl",12,4,9,4,1,1,6,1,3,7,1,2
"Pnn",37,50,46,54,36,38,55,44,70,51,79,41
"Poc1",0,0,0,0,2,0,0,0,0,0,0,0
"Pof",0,0,0,3,0,0,0,0,0,0,0,0
"PolA1",81,144,88,41,41,56,152,108,87,46,74,44
"PolA2",29,30,24,24,24,22,47,41,32,20,38,28
"PolD1",121,123,92,110,128,147,109,108,125,113,104,95
"PolD2",44,54,58,84,69,93,35,38,35,98,100,81
"PolD3",0,0,0,0,0,0,0,0,0,0,0,0
"PolE1",64,107,77,80,106,97,96,59,71,112,104,101
"PolE2",20,24,33,63,58,49,17,26,18,41,49,36
"PolE4",0,0,0,0,0,0,0,4,0,0,0,0
"PolG1",74,90,94,111,92,138,92,67,70,110,104,109
"PolG2",0,0,0,0,0,0,0,0,0,0,0,0
"PolH",71,90,63,63,48,68,101,90,90,72,75,44
"PolI",0,0,0,0,0,0,0,0,0,0,0,0
"PolQ",38,57,32,84,85,82,30,35,34,55,56,67
"PolZ1",55,75,77,102,83,106,84,67,62,74,89,90
"PolZ2",77,62,70,79,112,105,52,51,62,92,87,81
"Polr1A",493,556,459,297,294,398,528,419,445,298,315,309
"Polr1B",193,236,163,146,130,171,234,209,225,152,157,130
"Polr1C",99,114,101,270,269,335,125,113,107,228,195,204
"Polr1D",0,0,0,1,1,0,0,1,1,0,0,0
"Polr1E",117,119,108,210,198,218,110,123,119,199,213,219
"Polr1F",28,21,34,35,23,53,64,43,45,60,52,52
"Polr1H",50,51,38,50,50,73,53,55,79,53,86,67
"Polr2A",412,515,463,367,383,447,453,466,396,412,488,384
"Polr2B",2,1,2,3,1,0,3,0,0,0,3,2
"Polr2C",128,114,106,128,144,141,145,144,127,133,155,111
"Polr2D",0,0,0,0,0,0,0,0,0,0,0,0
"Polr2E",2,3,0,0,0,2,2,0,2,0,2,0
"Polr2F",161,136,138,331,338,388,160,171,195,341,345,306
"Polr2G",110,81,80,98,122,124,107,96,104,123,169,106
"Polr2H",153,179,115,178,241,236,194,185,215,211,286,240
"Polr2I",12,16,7,14,5,9,23,12,14,14,7,5
"Polr2J",107,104,78,107,134,174,115,82,100,117,137,99
"Polr2K",115,113,100,169,279,192,191,154,129,139,207,166
"Polr2L",158,107,113,173,254,222,215,197,186,104,163,169
"Polr2M",94,105,117,98,120,135,95,100,131,75,139,117
"Polr3A",124,204,184,125,108,130,163,138,143,113,145,141
"Polr3B",133,228,191,139,164,177,201,167,196,163,196,121
"Polr3C",0,0,0,0,0,1,0,0,0,0,0,0
"Polr3D",157,117,120,247,208,247,176,132,145,209,261,208
"Polr3E",0,0,0,0,0,0,0,0,0,0,0,0
"Polr3F",0,0,0,0,0,0,0,0,0,0,0,0
"Polr3G",73,63,67,53,64,40,105,66,88,41,57,37
"Polr3H",58,80,75,63,62,61,71,94,58,85,81,66
"Polr3I",1,0,0,0,1,4,0,0,0,0,0,0
"Polr3K",0,0,0,0,0,0,0,0,0,0,0,0
"PolrMT",1,1,1,8,9,14,1,1,0,2,2,0
"Pomp",1040,1204,1080,1257,1471,1478,1134,1433,1262,1241,1268,1383
"Pop1",80,132,87,73,54,69,74,58,60,80,94,67
"Pop2",18,4,14,8,12,17,17,6,16,9,19,7
"Pop4",47,72,51,91,89,111,81,94,82,82,90,51
"Pop5",0,0,0,0,4,0,1,1,0,0,1,0
"Porin2",0,0,0,0,0,0,0,0,0,0,0,0
"Pos",0,0,0,0,0,0,1,0,0,0,2,2
"Poxm",61,58,59,62,61,96,79,47,59,95,80,59
"Poxn",0,0,0,0,0,0,0,0,0,0,0,0
"Pp1-13C",0,0,45,848,776,954,0,0,0,731,681,628
"Pp1-87B",3607,3946,3561,2935,3082,3505,3705,3737,3688,3282,4006,3286
"Pp1-Y1",0,0,6,119,103,137,0,0,0,25,30,34
"Pp1-Y2",0,0,8,174,183,269,0,0,0,123,113,97
"Pp1alpha-96A",120,103,101,207,143,190,164,108,99,242,221,207
"Pp2A-29B",24,20,17,40,11,42,34,21,38,30,34,16
"Pp2B-14D",66,45,66,80,43,77,68,45,30,86,90,80
"Pp2C1",27,18,24,16,26,21,35,25,27,27,27,16
"Pp4-19C",4,6,10,0,4,4,2,2,1,6,5,0
"PpD3",0,0,0,7,4,16,0,0,0,3,3,15
"PpD5",0,0,10,463,415,394,1,0,0,363,271,252
"PpD6",0,0,17,203,187,241,0,0,0,255,173,209
"PpN58A",1,0,17,458,460,511,0,0,0,303,271,279
"PpV",0,0,0,0,0,0,0,0,0,0,0,0
"PpY-55A",0,0,0,0,0,0,0,0,0,0,0,0
"Ppa",28,54,61,31,45,54,42,49,34,44,44,42
"Ppat-Dpck",61,67,63,51,40,40,39,55,86,73,85,50
"Ppcdc",0,0,0,0,0,0,0,0,0,0,0,0
"Ppcs",0,0,0,0,0,0,0,0,0,0,0,0
"Pph13",46,61,72,64,84,98,68,46,52,59,80,64
"Ppi1",0,0,0,0,0,0,0,0,0,0,0,0
"Ppm1",2,7,53,1454,1317,1547,0,0,1,1355,1310,1174
"Ppn",0,0,0,0,0,0,0,0,0,0,0,0
"Ppox",268,252,273,888,786,1024,230,193,249,826,768,676
"Ppr-Y",0,0,4,116,123,178,0,0,0,58,51,80
"Ppt1",0,0,0,0,0,3,0,0,0,0,0,2
"Ppt2",266,415,309,192,214,222,287,362,293,202,320,247
"PrBP",755,901,845,809,863,921,760,806,1248,917,1321,941
"Prat",0,0,0,0,0,0,0,0,0,0,0,0
"Prat2",203,379,137,89,142,86,216,268,166,89,72,103
"Prdm13",0,0,0,23,19,33,3,0,0,29,28,39
"Prestin",736,672,762,318,213,278,999,675,373,304,327,446
"Prim1",49,40,40,21,20,24,56,71,57,40,30,34
"Prim2",27,55,29,25,42,53,38,25,39,37,27,34
"Prip",3,2,3,3,1,0,4,4,7,1,0,5
"Prm",498,611,435,151,35,60,882,612,114,48,52,91
"ProRS-m",0,0,0,0,0,0,0,0,0,0,0,0
"Proc",0,0,0,0,0,0,0,0,0,0,0,0
"Proc-R",2,0,0,1,0,4,1,0,3,2,0,0
"Prosalpha1",0,0,0,0,0,0,0,0,0,0,0,0
"Prosalpha1R",0,0,0,0,0,0,0,0,0,0,0,0
"Prosalpha2",2167,2367,1934,2047,2113,2233,1932,2301,2212,2168,2359,2266
"Prosalpha3",1662,1587,1383,1432,1517,1475,1425,1820,1694,1525,1684,1570
"Prosalpha3T",0,0,7,170,196,201,0,2,0,133,103,104
"Prosalpha4",1820,2116,1847,1179,1292,1250,2060,2849,2596,1632,1800,1783
"Prosalpha4T1",0,0,10,229,243,236,4,2,0,135,137,144
"Prosalpha4T2",0,0,0,0,0,0,0,0,0,0,0,0
"Prosalpha5",0,0,0,0,0,2,0,0,0,0,0,0
"Prosalpha6",0,0,0,0,0,0,0,0,0,0,0,0
"Prosalpha6T",2,0,44,788,727,940,0,0,0,701,622,544
"Prosalpha7",1563,1723,1490,1665,1817,1933,1560,1964,1773,1819,2044,1920
"Prosap",171,156,161,160,150,178,161,123,122,169,219,157
"Prosbeta1",1935,2114,1839,2106,2215,2187,1877,2185,2208,2075,2449,2143
"Prosbeta2",2160,2466,2136,1621,1769,1868,2079,2424,2528,1800,2052,1922
"Prosbeta2R1",0,0,21,347,317,427,0,0,3,213,194,203
"Prosbeta2R2",1,4,8,319,288,274,0,0,0,269,232,203
"Prosbeta3",1194,1304,1207,1611,1653,1638,1168,1447,1398,1523,1680,1496
"Prosbeta4",0,0,0,0,0,0,0,0,0,0,0,0
"Prosbeta4R1",1,1,6,276,287,315,1,0,0,210,217,209
"Prosbeta4R2",0,0,3,63,64,87,0,0,0,61,41,57
"Prosbeta5",0,0,0,0,0,0,0,0,0,0,0,0
"Prosbeta5R1",2,0,18,896,802,1080,0,0,0,634,583,492
"Prosbeta5R2",0,0,0,2,3,6,0,0,0,1,3,0
"Prosbeta6",1561,1567,1339,1657,1729,1607,1499,1788,1827,1675,1910,1756
"Prosbeta7",0,0,0,40,30,47,0,0,0,32,11,44
"ProtA",0,0,0,0,0,0,0,0,0,0,0,0
"ProtB",5,0,114,2584,2804,3122,0,3,0,1970,1755,1711
"Prp16",155,192,180,100,97,114,123,184,155,113,122,115
"Prp18",92,92,85,92,87,140,82,75,82,91,107,65
"Prp19",244,254,181,195,234,221,211,237,239,207,271,182
"Prp3",0,0,0,0,0,0,0,0,0,0,0,0
"Prp31",312,356,318,439,381,392,315,343,315,408,454,318
"Prp38",134,164,178,135,170,144,118,156,158,163,117,130
"Prp39",32,59,47,27,51,80,56,25,49,38,58,65
"Prp40",226,244,202,210,282,305,215,213,203,234,279,200
"Prp4k",0,0,0,0,0,0,0,0,0,0,0,0
"Prp5",117,186,134,93,104,130,116,143,105,102,144,92
"Prp6",0,0,0,0,0,0,0,0,0,0,0,0
"Prp8",667,817,668,436,541,664,709,617,707,557,596,565
"Prps",9,7,26,13,7,17,32,19,11,16,4,10
"Prtl99C",0,0,0,0,0,6,0,0,0,1,2,0
"Prx1",1,0,33,664,722,770,0,0,0,444,425,387
"Prx2",26,46,28,29,15,20,62,37,17,19,17,14
"Prx3",1693,1772,1401,1548,1653,1363,1781,1597,2029,1622,2066,1522
"Prx4",2,1,2,15,9,15,0,0,0,7,6,2
"Prx5",0,0,0,0,0,0,0,0,0,0,0,0
"Prx6a",129,150,123,83,117,124,137,141,123,118,168,110
"Prx6b",58,137,94,82,81,82,145,206,78,59,95,75
"Prx6c",243,478,264,470,464,580,344,543,310,651,631,585
"PsGEF",53,69,48,51,33,70,60,40,36,47,24,46
"Psa",5,3,8,17,19,26,5,9,4,3,3,4
"Psc",7,10,6,5,4,6,12,6,2,9,4,4
"Psf1",6,15,11,20,14,17,12,6,9,15,23,17
"Psf2",12,26,22,7,3,10,28,17,6,7,4,11
"Psf3",0,2,0,0,2,2,0,0,1,3,1,0
"Psi",179,174,161,155,159,235,197,154,162,147,161,120
"Psn",0,0,0,0,0,0,0,0,0,0,0,0
"Pss",17,10,15,7,6,8,9,13,17,8,9,7
"Pstk",0,0,0,0,0,0,0,0,0,0,0,0
"Pten",1,2,0,0,0,1,3,5,3,2,4,2
"Ptip",125,177,138,116,124,126,145,129,121,120,139,137
"Ptp10D",0,0,0,0,0,0,1,3,0,0,0,0
"Ptp36E",5,16,13,16,19,20,10,15,2,13,15,12
"Ptp4E",30,23,18,15,21,28,46,29,25,18,24,31
"Ptp52F",151,273,217,51,62,23,282,233,139,75,86,62
"Ptp61F",2,2,2,3,1,4,1,3,0,0,1,0
"Ptp69D",0,0,0,0,0,0,0,0,0,0,0,0
"Ptp99A",65,69,68,82,53,86,88,88,58,86,79,47
"Ptpa",241,270,257,309,328,409,259,258,291,308,359,294
"Ptpmeg",8,3,9,5,3,6,11,5,6,7,7,7
"Ptpmeg2",11,15,7,14,1,10,15,9,9,5,8,2
"Ptr",0,0,0,0,0,0,0,0,0,0,0,0
"Ptth",5,0,2,15,16,11,0,5,1,9,12,11
"Ptx1",48,36,45,31,26,17,50,28,43,28,34,14
"Pu",2314,2437,2020,1761,1979,2457,2152,1720,2417,1725,2869,2060
"Pur-alpha",22,20,26,11,8,18,34,20,24,12,15,27
"Pura",44,51,31,16,14,21,44,60,30,13,28,26
"Pus1",0,0,0,0,0,0,0,0,0,0,0,0
"Pus10",64,58,37,65,66,101,72,42,45,82,64,66
"Pus7",82,88,86,97,86,88,92,66,85,90,100,64
"Pvf1",76,89,85,70,87,86,54,63,72,64,95,61
"Pvf2",291,301,229,237,246,292,230,333,423,333,284,304
"Pvf3",12,4,12,3,18,13,6,8,9,2,10,14
"Pvr",0,0,0,2,2,1,0,0,1,0,0,0
"Pxd",0,0,0,0,0,0,1,1,0,0,0,0
"Pxn",0,0,0,0,0,0,4,0,0,0,0,0
"Pxt",40,48,47,13,1,13,34,15,18,3,12,14
"PyK",1268,1347,1216,975,779,1181,1500,1181,778,766,519,833
"Pym",88,93,89,86,102,85,85,93,110,96,125,97
"Pyroxd1",0,0,0,0,2,0,0,0,1,0,1,1
"Pzl",5,4,12,175,144,183,0,2,0,66,56,63
"QC",470,488,385,439,623,553,283,342,422,363,663,303
"QIL1",3170,3233,2923,3134,3144,3137,3710,3293,4121,2799,3132,2891
"Qsox1",0,0,2,0,0,0,4,2,1,0,2,0
"Qsox2",21,23,24,100,80,142,29,6,15,261,199,326
"Qsox3",2,0,0,6,0,7,0,0,0,79,28,82
"Qsox4",0,2,2,34,18,24,0,1,0,108,67,127
"Qtzl",9,9,13,20,6,16,2,9,12,4,11,6
"RAF2",0,0,0,0,0,0,0,0,0,0,0,0
"RASSF8",398,464,407,424,454,503,387,394,495,431,480,436
"REG",1,2,0,4,2,3,5,1,4,2,3,6
"REPTOR",266,372,280,148,173,181,413,428,207,233,215,197
"REPTOR-BP",0,0,0,0,0,0,0,0,0,0,0,0
"RFeSP",0,0,0,0,0,0,0,0,0,0,0,0
"RIC-3",30,49,35,39,23,42,32,42,33,21,39,34
"RIOK1",0,0,0,0,0,0,0,0,0,0,0,0
"RIOK2",55,95,71,73,112,111,83,103,56,94,104,71
"RN-tre",160,180,145,158,133,157,166,181,174,107,176,129
"RNASEK",13,11,22,9,24,16,13,10,19,11,5,10
"RNF220",48,46,49,59,63,64,34,40,48,60,58,32
"RNaseMRP:RNA",32,13,12,23,21,19,17,17,33,26,25,13
"RNaseP:RNA",0,0,0,0,0,0,0,0,0,0,1,0
"RNaseX25",840,813,871,803,822,851,719,773,944,701,868,699
"RNaseZ",252,249,287,191,158,239,264,226,153,162,160,129
"RPA1",553,554,513,750,664,798,622,529,561,620,748,601
"RPA2",0,2,0,0,0,0,3,0,0,0,0,0
"RPA3",0,0,0,0,0,0,0,0,0,0,0,0
"RSG7",193,151,143,256,193,301,243,107,138,275,258,205
"RYBP",0,0,0,0,0,0,0,0,0,0,1,0
"RYa",0,3,0,4,0,0,1,0,0,0,0,5
"RYa-R",0,0,0,0,0,0,0,0,0,0,0,3
"Rab1",1580,1769,1544,1466,1393,1566,1807,1897,1768,1408,1636,1456
"Rab10",1715,1939,1729,1373,1506,1746,2021,1997,1962,1709,1899,1761
"Rab11",11,33,14,17,28,16,14,13,17,16,18,14
"Rab14",325,360,300,514,610,769,358,407,385,468,462,515
"Rab18",590,615,474,494,591,582,592,594,640,556,621,566
"Rab19",0,0,0,0,0,3,0,0,0,0,0,0
"Rab2",293,280,293,242,255,262,305,316,364,248,340,288
"Rab21",3,0,0,0,0,0,0,0,0,0,1,0
"Rab23",193,182,199,226,291,344,172,116,226,161,363,197
"Rab26",51,36,46,60,38,79,67,38,38,61,54,85
"Rab27",1,1,0,0,0,5,4,0,1,3,0,0
"Rab3",831,859,907,1007,883,1382,1127,811,934,1059,1108,1142
"Rab3-GAP",0,0,0,0,0,0,0,0,0,0,0,0
"Rab3-GEF",0,0,0,0,0,0,0,0,0,0,0,0
"Rab30",0,0,0,0,0,0,0,0,0,0,0,0
"Rab32",296,416,299,111,105,163,320,329,127,118,158,250
"Rab35",69,80,68,64,69,95,72,61,61,58,72,68
"Rab39",86,63,63,74,76,60,81,66,108,78,88,63
"Rab3GAP1",199,249,224,295,310,312,227,215,233,293,324,336
"Rab4",72,50,67,70,94,63,99,88,95,81,58,58
"Rab40",5,5,4,0,5,2,7,2,1,3,4,1
"Rab5",37,24,42,23,20,32,42,28,28,19,33,28
"Rab6",0,0,0,0,0,0,0,0,0,0,0,0
"Rab7",225,244,143,226,155,218,232,172,250,197,213,177
"Rab8",22,25,25,26,22,16,18,32,28,32,23,42
"Rab9",135,169,137,99,126,93,215,155,200,160,200,157
"Rab9D",0,0,0,8,6,12,2,0,2,9,6,12
"Rab9Db",1,0,1,24,7,17,0,0,0,11,12,21
"Rab9E",2,4,4,56,41,38,0,0,0,32,46,31
"Rab9Fa",0,0,1,12,9,12,0,4,0,10,5,6
"Rab9Fb",0,0,9,104,70,115,0,0,0,31,52,44
"RabGGTa",342,378,335,331,409,340,391,400,364,355,418,346
"RabGGTb",236,299,239,233,290,264,255,266,293,221,283,282
"RabX1",230,183,182,341,333,368,327,273,245,378,479,390
"RabX2",0,0,5,93,83,109,0,0,0,43,35,20
"RabX4",194,228,203,292,209,304,205,155,201,249,338,268
"RabX5",41,25,49,18,31,45,24,23,21,18,21,35
"RabX6",0,0,0,0,0,0,0,0,0,0,0,0
"Rabex-5",225,264,190,370,343,393,277,267,282,261,325,305
"Rac1",1,0,1,4,1,2,1,3,6,1,1,1
"Rac2",750,763,684,676,664,593,661,708,735,660,701,578
"RacGAP84C",0,0,0,0,0,0,0,0,0,1,1,1
"Rack1",49,55,26,42,40,39,48,58,53,37,38,33
"Rad1",0,0,0,0,0,0,0,0,0,0,0,0
"Rad17",94,88,72,124,102,130,98,76,81,111,104,90
"Rad23",153,111,138,87,98,128,128,125,208,90,89,129
"Rad51D",1,5,30,12,14,6,13,4,4,13,9,11
"Rad60",0,0,0,0,0,0,0,0,0,0,0,0
"Rad9",0,0,0,0,0,0,2,0,0,0,0,0
"Rae1",180,173,141,192,190,240,262,264,261,298,416,279
"Raf",2,0,3,3,1,2,3,1,1,6,4,0
"RagA-B",417,556,397,389,419,439,441,480,537,479,546,443
"RagC-D",655,694,621,645,575,658,557,583,555,530,651,534
"Rai1",151,123,114,146,149,143,100,91,134,155,171,149
"RalGPS",0,0,0,0,0,0,0,0,0,0,0,0
"Rala",16,11,7,12,12,10,12,4,16,23,7,4
"Ran",2,0,0,3,2,4,3,2,1,3,1,6
"Ran-like",1,0,105,2011,1829,2418,0,0,1,1503,1474,1308
"RanBP3",0,0,0,0,0,0,0,0,0,0,0,0
"RanBPM",0,0,3,0,0,0,0,0,0,0,0,2
"RanGAP",2,7,1,6,4,0,2,2,3,1,1,3
"Ranbp16",28,25,22,49,48,57,10,14,17,14,27,33
"Ranbp21",0,0,0,1,0,3,1,0,0,0,0,0
"Rap1",3,2,2,4,2,1,1,6,2,3,4,7
"Rap2l",305,411,282,431,475,519,407,381,424,318,394,463
"RapGAP1",155,142,136,188,196,223,179,157,105,178,170,172
"Ras64B",1765,1987,1865,1245,1417,1391,1620,2183,2533,1619,1960,1864
"Ras85D",1024,1173,1047,1065,1014,1256,1067,1133,1414,1099,1348,1028
"RasGAP1",70,82,71,60,58,59,84,66,97,44,79,50
"Rassf",290,390,289,419,380,433,305,262,321,278,400,299
"Rat1",0,1,1,2,3,4,5,3,3,3,0,2
"Ravus",69,75,90,125,124,137,97,66,79,108,98,124
"Rb97D",8,12,8,12,14,11,15,11,16,17,14,13
"Rbbp5",148,139,118,340,332,368,135,120,154,272,265,248
"Rbcn-3A",839,981,1089,679,611,929,1173,870,721,786,802,780
"Rbcn-3B",81,90,80,88,92,114,139,132,94,117,125,113
"Rbf",245,310,198,348,343,434,305,254,222,327,403,376
"Rbf2",25,53,31,25,23,26,30,34,25,46,16,16
"Rbfox1",0,0,0,1,0,0,0,0,0,0,0,0
"Rbm13",3,12,10,10,0,3,4,1,1,4,6,1
"Rbp",0,0,0,0,0,0,0,0,0,0,0,0
"Rbp1",124,127,123,126,114,149,96,74,105,85,95,84
"Rbp1-like",520,424,526,469,471,649,514,437,428,561,576,535
"Rbp4",8,0,11,279,248,307,2,2,1,189,191,183
"Rbp6",115,124,95,129,103,175,82,73,47,104,98,89
"Rbp9",203,227,190,401,334,475,227,202,254,338,444,302
"Rbpn-5",204,242,190,193,208,326,211,220,210,321,275,257
"Rbsn-5",212,258,237,329,310,369,225,253,247,342,372,324
"Rca1",65,66,80,225,213,211,62,66,68,158,168,151
"Rcc1",0,0,0,2,1,0,0,0,0,0,0,0
"Rcd-1",1,0,2,1,0,0,0,0,0,0,1,0
"Rcd-1r",0,0,0,0,0,0,0,0,0,0,0,0
"Rcd1",0,0,0,0,0,0,0,0,0,0,0,0
"Rcd2",114,95,112,93,88,105,118,150,106,86,134,113
"Rcd4",0,0,0,0,0,0,0,0,0,0,0,0
"Rcd5",393,452,509,568,539,553,453,464,408,486,567,486
"Rcd6",7,13,4,6,7,12,4,10,7,2,10,3
"Rcd7",0,0,0,0,0,0,0,0,0,0,1,0
"Rchy1",58,80,66,47,56,48,74,64,76,43,42,31
"Rdh",16,11,12,26,8,25,15,12,8,14,8,9
"Rdh1",216,249,221,160,224,169,524,524,353,254,265,305
"Rdl",0,0,1,6,6,1,5,0,0,1,0,1
"RecQ4",36,66,44,27,17,10,65,35,27,20,28,26
"RecQ5",0,0,0,0,0,0,0,0,0,0,0,0
"Reck",0,0,0,0,0,0,0,3,0,0,0,2
"Recs1",1,0,16,397,432,484,0,0,0,399,343,330
"ReepA",122,151,139,257,234,226,193,126,176,204,362,226
"ReepB",126,136,104,97,111,101,99,110,106,100,85,130
"Reepl1",0,0,0,0,0,0,0,0,0,0,0,0
"Ref1",949,901,862,984,1032,1148,824,789,839,976,1253,872
"Ref2",0,0,0,10,14,24,0,0,0,11,4,7
"Reg-2",669,747,679,623,675,524,632,661,528,399,442,470
"Reg-5",0,0,0,0,0,0,0,0,0,0,0,0
"Regnase-1",41,69,61,26,42,50,56,33,48,38,47,37
"Rel",6,7,4,0,5,9,7,10,1,2,2,4
"Remo",93,121,130,113,163,163,100,96,69,99,151,107
"Rep",207,313,250,207,194,250,255,241,260,210,267,225
"Reph",361,314,356,322,307,475,433,332,289,443,424,391
"Reps",4,3,3,2,2,1,7,1,0,0,5,3
"Ret",0,1,1,0,1,0,0,0,0,0,1,0
"Rev1",97,150,154,212,208,270,148,135,184,193,227,173
"Rexo5",0,1,10,360,315,528,0,0,0,268,232,223
"RfC3",52,31,30,61,59,67,45,34,51,32,56,43
"RfC38",0,0,0,0,0,1,0,0,0,0,0,0
"RfC4",140,147,136,114,102,124,149,128,144,114,111,107
"Rfk",4,8,4,3,1,3,3,7,9,11,1,3
"Rfx",0,0,0,0,0,0,0,0,0,0,0,0
"Rga",0,0,0,0,0,0,0,0,2,2,0,0
"Rgk1",162,143,179,199,151,218,147,115,142,144,145,158
"Rgk2",0,0,0,0,0,0,1,0,0,0,0,0
"Rgk3",155,110,110,143,169,157,97,89,122,119,166,94
"Rgl",3,0,3,1,1,8,3,8,0,1,0,0
"Rh2",346,314,336,222,296,404,336,328,245,351,302,337
"Rh3",1626,1601,1803,902,1042,1376,1315,1314,1261,1141,1035,1130
"Rh4",1608,1622,1716,1104,1368,1652,1423,1264,1300,1375,1355,1586
"Rh5",0,3,0,4,2,2,4,1,5,1,1,1
"Rh50",26,62,58,36,28,46,26,19,20,19,22,30
"Rh6",163,183,240,78,130,112,137,168,55,84,52,114
"Rh7",37,39,59,66,57,61,24,27,20,28,50,24
"Rhau",0,0,0,1,0,1,0,0,0,0,1,2
"Rheb",17,21,31,13,22,36,20,25,15,18,20,27
"Rho1",9,15,12,4,12,11,16,5,13,12,7,11
"RhoBTB",2,0,0,0,1,2,1,1,1,0,1,0
"RhoGAP100F",0,0,2,8,1,0,0,1,0,1,0,0
"RhoGAP102A",137,149,151,113,107,143,88,136,158,148,138,139
"RhoGAP15B",9,7,1,7,6,9,13,4,13,5,17,4
"RhoGAP16F",4,9,6,7,8,7,7,2,3,4,5,7
"RhoGAP18B",129,154,143,105,109,129,184,195,147,105,120,138
"RhoGAP19D",0,0,0,0,0,0,0,0,0,0,0,0
"RhoGAP1A",1,1,0,0,0,0,0,0,0,1,0,0
"RhoGAP54D",0,0,0,0,1,2,0,0,0,0,0,1
"RhoGAP5A",0,0,0,0,0,0,0,0,0,0,0,0
"RhoGAP68F",4,3,0,3,2,7,1,1,3,0,4,0
"RhoGAP71E",2,2,10,11,10,7,8,8,12,7,4,6
"RhoGAP92B",18,26,38,52,33,75,20,18,38,31,31,26
"RhoGAP93B",511,540,519,532,568,688,553,418,440,537,621,509
"RhoGAPp190",3,10,9,5,4,15,3,4,3,2,4,7
"RhoGDI",0,0,0,3,0,6,0,0,0,0,1,0
"RhoGEF2",0,0,0,0,0,0,0,0,0,0,0,0
"RhoGEF3",14,26,19,30,21,49,20,13,9,20,28,36
"RhoGEF4",5,1,0,8,1,2,1,4,5,1,0,0
"RhoGEF64C",0,0,0,0,0,0,0,0,0,0,0,0
"RhoL",73,83,110,74,72,74,156,119,76,89,94,96
"RhoU",0,4,8,2,4,5,5,2,4,0,1,5
"Rhp",0,0,0,3,1,0,9,0,4,1,1,2
"Ric",90,90,73,112,97,127,67,87,90,92,101,105
"Rich",0,0,0,0,0,0,0,0,0,0,0,0
"Rif1",122,156,112,68,51,69,134,126,82,95,94,74
"Rift",278,367,283,307,303,343,337,272,252,322,339,267
"Rilpl",0,0,0,0,0,0,0,0,0,0,0,0
"Rim",3,0,3,1,1,3,1,2,1,3,5,5
"Rim2",0,0,0,0,1,4,3,0,0,0,0,2
"Rint1",275,263,259,327,298,451,262,214,270,390,354,303
"Rip11",0,1,1,1,0,3,3,1,2,1,1,1
"Ripalpha",122,131,143,246,238,232,135,119,136,190,243,187
"Rlb1",96,106,64,90,92,94,129,81,90,114,99,60
"Rlip",0,0,0,0,0,0,0,0,0,0,0,0
"RluA-1",0,9,3,0,3,1,3,2,5,1,3,2
"RluA-2",0,0,0,0,0,0,0,0,0,0,0,0
"Rm62",102,135,116,79,73,127,104,104,77,106,125,140
"Rme-8",0,0,0,0,0,0,0,0,0,0,0,0
"Rnb",196,237,231,200,190,280,220,148,192,179,260,173
"Rnf11",66,115,99,81,76,83,82,75,87,74,106,69
"Rnf146",75,116,106,160,158,207,77,66,90,172,144,147
"Rnmt",146,122,104,248,221,252,140,127,146,180,221,170
"Rnp4F",0,0,0,0,0,0,0,0,0,0,0,0
"RnpS1",247,234,226,351,395,420,219,185,253,402,384,332
"RnrL",201,276,237,114,99,140,297,233,208,138,208,140
"RnrS",289,324,234,205,198,185,371,317,271,231,357,226
"Roc1a",0,0,0,0,0,0,0,0,0,0,0,0
"Roc1b",0,0,0,0,0,0,0,0,0,0,0,0
"Roc2",0,1,0,0,0,0,2,0,0,0,0,0
"Roe1",948,941,810,1807,1642,1960,1060,919,1179,1665,1630,1476
"Rok",2,6,0,1,0,0,0,1,0,0,0,0
"Root",1,3,4,25,32,20,0,7,1,17,6,11
"Rop",242,241,246,301,277,336,319,262,313,316,360,307
"Ror",74,56,56,92,79,121,55,37,64,75,83,74
"Rox8",11,12,9,4,3,8,3,8,6,5,9,5
"RpL10",38,47,33,43,39,29,23,27,20,29,15,15
"RpL10Aa",0,0,51,1175,1231,1531,0,0,0,1018,863,908
"RpL10Ab",92,79,84,89,64,81,88,73,52,51,54,54
"RpL11",13,31,19,14,21,25,33,30,23,21,5,21
"RpL12",122,103,114,114,121,102,53,122,94,99,117,82
"RpL13",3,1,9,5,7,10,5,11,6,3,3,8
"RpL13A",4,5,2,0,3,2,3,1,0,2,1,3
"RpL14",11755,11228,9867,11623,12224,11464,10243,11512,12257,8922,11471,9104
"RpL15",0,0,0,0,0,0,0,0,0,0,0,0
"RpL17",3,10,6,3,2,1,7,6,7,1,3,0
"RpL18",0,0,0,0,0,0,0,0,0,0,0,0
"RpL18A",20264,21240,18399,18057,20344,18522,13888,13441,15750,13273,16194,13251
"RpL19",16,13,9,24,9,12,8,11,18,10,3,10
"RpL21",0,0,2,1,1,0,0,0,3,1,1,1
"RpL22",7798,7976,7302,6585,6961,6765,5441,5424,6367,5318,6012,4559
"RpL22-like",2,3,16,407,359,437,0,7,1,329,268,256
"RpL23",14570,14234,13094,14898,16570,13964,12481,13635,15358,10474,12363,11279
"RpL23A",0,0,0,0,0,0,0,0,0,0,0,0
"RpL24",15,4,23,13,10,8,23,19,15,7,14,10
"RpL24-like",1175,1120,1164,1327,1302,1202,986,1024,1229,1106,1247,934
"RpL26",1,6,3,3,1,4,2,0,3,0,0,1
"RpL27",68,75,49,48,74,68,46,53,65,34,53,34
"RpL27A",0,0,0,0,0,0,0,0,0,0,0,0
"RpL28",24,17,13,17,15,13,8,22,12,6,20,8
"RpL29",0,0,0,0,0,0,0,0,0,0,0,0
"RpL3",126,174,147,117,129,151,169,133,134,130,103,118
"RpL30",0,0,0,2,9,0,0,0,0,2,4,0
"RpL31",1,0,0,1,0,0,0,0,2,0,1,0
"RpL32",0,0,0,0,0,0,0,0,0,0,0,0
"RpL34a",2,2,0,0,1,1,0,4,0,0,4,0
"RpL34b",3,5,6,3,0,5,10,1,6,4,1,1
"RpL35",15,15,23,17,18,8,18,11,12,25,7,13
"RpL35A",11140,10949,9421,11010,12620,11130,9640,9577,9699,7943,10155,8593
"RpL36",13,6,14,10,2,12,6,7,3,9,10,16
"RpL36A",0,0,0,0,1,0,0,0,0,2,0,0
"RpL37-1",94,78,84,17,22,13,116,75,121,9,10,14
"RpL37-2",2,0,3,94,129,120,0,0,1,73,72,77
"RpL37A",4,7,1,15,9,10,5,7,9,3,4,5
"RpL38",186,171,151,113,162,144,153,131,203,113,193,117
"RpL39",2963,2843,2267,2746,3039,2615,2696,2419,3179,1990,3487,2337
"RpL4",22964,24324,21021,19627,20670,20323,15725,17033,17983,15724,19729,14497
"RpL40",2,2,0,0,0,7,12,3,2,3,0,2
"RpL41",13783,11883,10633,11869,15966,14166,14197,13441,16036,8729,13656,11335
"RpL5",2,4,3,13,0,2,0,0,2,2,0,4
"RpL6",0,0,0,0,0,0,0,0,0,0,0,0
"RpL7",1,1,3,1,3,0,0,1,1,3,0,0
"RpL7-like",0,0,0,1,0,0,0,0,0,0,0,0
"RpL7A",0,0,1,0,0,0,0,0,0,0,0,0
"RpL8",3,3,0,3,0,2,0,2,3,0,9,0
"RpL9",0,0,0,0,0,0,0,0,0,0,0,0
"RpLP0",0,0,0,0,0,2,0,0,0,0,0,0
"RpLP0-like",225,196,149,162,165,146,274,214,229,155,210,157
"RpLP1",0,0,0,0,4,2,2,0,1,0,0,0
"RpLP2",20349,20001,18334,19126,21006,18802,15345,15200,20507,15536,17046,15114
"RpS10a",11,7,10,67,100,70,8,4,6,50,52,64
"RpS10b",14,13,18,9,11,13,23,4,15,10,19,13
"RpS11",61,44,52,48,36,48,57,33,42,51,75,36
"RpS12",8773,8541,7570,7936,8113,7317,5306,5924,7337,4980,7059,4988
"RpS13",3,1,2,0,0,0,4,0,1,0,0,0
"RpS14a",21,14,9,7,5,9,20,24,21,2,3,7
"RpS14b",2,0,0,0,0,0,0,0,0,0,0,0
"RpS15",0,0,0,0,0,0,0,4,0,0,0,3
"RpS15Aa",3,8,0,8,1,2,2,5,1,2,1,1
"RpS15Ab",601,561,495,504,559,482,554,555,651,521,628,462
"RpS16",0,2,2,3,2,4,0,0,0,2,1,0
"RpS17",16211,16043,14121,15028,16978,14442,11716,11412,14672,11518,14041,11845
"RpS18",0,0,0,2,4,3,0,0,0,1,4,1
"RpS19a",33,33,22,28,16,15,29,16,34,8,15,16
"RpS19b",0,0,0,0,0,0,0,0,0,0,0,0
"RpS2",9,8,6,7,10,5,12,10,8,16,8,8
"RpS20",11796,11843,10211,11548,13821,11701,9328,9549,11823,7697,9565,8206
"RpS21",0,0,0,2,0,1,0,0,0,3,1,0
"RpS23",0,0,0,0,0,0,0,0,0,1,0,1
"RpS24",12016,12376,10893,12266,13638,11827,11183,11808,12372,9845,12152,9798
"RpS25",7,12,6,5,5,12,2,5,9,3,10,4
"RpS26",0,5,1,0,2,3,2,1,0,1,4,1
"RpS27",0,0,0,2,0,0,0,0,0,3,0,0
"RpS27A",19906,19718,17574,16660,17560,18324,14738,15424,18426,12583,15513,12876
"RpS28-like",0,1,3,131,110,180,0,0,0,53,80,82
"RpS28a",1,0,0,36,43,44,0,1,0,24,18,24
"RpS28b",188,162,195,43,31,31,174,129,208,18,30,25
"RpS29",269,284,238,218,279,262,286,211,291,276,249,219
"RpS3",13,7,13,9,6,10,4,4,10,1,2,5
"RpS30",0,1,0,2,0,6,2,0,0,3,1,2
"RpS3A",50,35,48,35,57,27,30,38,43,36,20,52
"RpS4",20,19,5,14,9,10,9,22,13,5,5,7
"RpS5a",24,18,18,7,5,2,26,14,5,10,3,5
"RpS5b",0,0,1,0,0,0,0,0,0,0,0,3
"RpS6",2,1,2,0,2,0,0,0,1,0,0,0
"RpS7",3,5,4,11,5,8,8,13,2,2,9,2
"RpS8",12,9,16,6,8,13,16,9,6,13,4,4
"RpS9",2,2,4,1,0,0,2,1,6,3,4,0
"Rpe",0,0,0,2,11,2,0,1,0,3,3,1
"Rph",10,12,4,6,8,8,4,4,2,9,3,3
"Rpi",25,17,19,16,17,41,19,11,16,11,28,24
"Rpn1",2337,2899,2504,1696,1832,2050,2344,3055,2288,2184,2385,2231
"Rpn10",0,0,0,0,0,0,0,1,0,0,0,0
"Rpn11",1510,1589,1473,1416,1412,1562,1724,2104,1599,1592,1691,1784
"Rpn12",1146,1251,1180,664,698,772,1336,1474,1228,973,997,1134
"Rpn12R",0,0,27,944,896,1014,1,0,0,722,650,632
"Rpn13",0,0,0,0,0,0,0,0,0,0,0,0
"Rpn13R",1,1,17,370,376,366,0,0,0,232,216,151
"Rpn2",0,0,0,0,0,0,0,0,0,0,0,0
"Rpn3",0,0,0,0,0,0,0,0,0,0,0,0
"Rpn5",3208,3794,3281,2256,2397,2750,2684,3643,3206,2695,3062,2908
"Rpn6",34,22,11,25,19,29,38,38,20,29,33,29
"Rpn7",1602,1781,1500,1314,1284,1402,1407,1935,1234,1518,1659,1762
"Rpn8",1,0,0,0,0,0,0,0,0,0,0,0
"Rpn9",0,3,3,1,4,10,0,3,4,2,5,5
"Rpp14a",0,0,0,0,0,0,0,0,0,0,0,0
"Rpp14b",0,0,1,79,71,61,3,0,0,70,59,47
"Rpp20",0,0,0,0,0,0,0,0,0,0,0,0
"Rpp21",18,14,30,15,13,21,32,15,25,29,17,12
"Rpp25",26,22,8,24,28,28,12,11,26,21,14,10
"Rpp30",0,0,0,0,0,0,0,0,0,0,0,0
"Rpt1",2256,2577,2353,1775,1893,2183,2058,2675,2304,2119,2374,2248
"Rpt2",0,0,0,1,2,5,0,0,0,0,3,0
"Rpt3",5,1,6,0,3,1,5,6,5,6,7,2
"Rpt3R",0,0,0,2,3,4,0,0,0,1,0,0
"Rpt4",2267,2368,2245,1319,1320,1233,1887,2450,1909,1532,1812,1655
"Rpt4R",10,4,6,5,3,0,9,7,7,3,5,6
"Rpt5",1695,2074,1838,1390,1425,1608,1870,2266,1723,1682,1753,1851
"Rpt6",1829,2169,1723,1140,1257,1437,1779,2204,1600,1425,1556,1611
"Rpt6R",209,301,283,944,926,1075,180,285,128,880,804,854
"Rrp1",0,0,0,0,0,0,0,0,0,0,0,0
"Rrp4",0,0,0,0,0,1,0,1,0,0,0,0
"Rrp40",0,0,0,0,0,0,0,0,0,2,0,0
"Rrp42",73,94,88,73,94,56,100,82,121,76,113,69
"Rrp45",0,0,0,0,0,0,0,0,0,0,0,0
"Rrp46",47,45,39,20,44,25,35,50,77,36,37,31
"Rrp47",3,0,2,1,4,2,0,0,0,0,0,0
"Rrp5",303,334,246,217,177,280,328,291,249,197,250,205
"Rrp6",0,0,5,39,53,97,0,0,1,16,15,38
"Rs1",1,1,3,3,5,0,1,2,5,3,3,1
"Rsbp15",1,0,40,1094,1018,1403,0,0,1,964,793,882
"Rsf1",165,203,150,188,196,288,172,171,214,183,217,166
"Rsod",351,336,409,295,384,338,247,207,387,241,370,269
"Rsph1",11,5,8,110,95,139,8,2,3,76,66,58
"Rsph3",27,28,25,297,322,379,20,13,15,275,177,209
"Rsph4a",5,27,32,1124,1165,1479,1,7,0,763,542,544
"Rsph9",6,9,32,858,848,1047,4,11,8,560,565,506
"RtGEF",95,89,96,50,60,45,76,70,72,45,70,57
"Rtc1",115,109,85,116,108,112,137,120,104,98,126,108
"RtcB",575,532,459,464,418,494,384,357,416,425,470,426
"Rtca",2,2,2,0,2,0,1,0,0,0,1,0
"Rtel1",0,3,1,1,0,5,5,4,0,0,1,3
"Rtf1",93,86,99,137,104,137,87,65,78,127,107,110
"Rtnl1",44,64,55,53,66,44,59,55,40,56,76,51
"Rtnl2",0,0,3,5,17,4,0,0,0,8,2,3
"Rubicon",7,12,5,12,12,16,12,18,22,16,13,15
"RunxA",0,0,0,0,0,0,0,0,0,0,0,0
"RunxB",11,9,8,6,1,9,1,4,4,6,4,8
"Rx",25,8,10,19,11,6,2,19,10,22,11,8
"RyR",1,0,2,2,1,2,0,3,0,1,0,0
"S",240,234,228,247,244,339,226,208,199,333,277,251
"S-Lap1",24,10,862,20304,19620,25151,4,3,8,19396,16203,16104
"S-Lap2",7,1,452,10681,9454,12089,2,3,3,9704,8232,7448
"S-Lap3",2,0,6,250,251,400,0,0,0,185,150,201
"S-Lap4",18,1,678,14981,13721,18944,0,0,2,13921,12627,11247
"S-Lap5",9,0,80,1493,1349,1805,0,0,0,1387,1298,1258
"S-Lap7",0,0,0,0,0,0,0,0,0,0,0,0
"S-Lap8",11,0,449,10528,9123,12163,3,0,7,8581,7499,7049
"S1P",137,174,129,147,185,226,140,123,137,148,196,148
"S2P",417,460,413,608,555,633,372,399,420,549,729,535
"S6KL",0,0,0,0,0,0,2,4,2,0,1,0
"S6k",377,317,306,153,200,244,643,552,354,453,410,330
"S6kII",21,19,29,16,19,23,18,19,17,8,16,32
"SA1",207,296,270,225,214,299,279,218,225,270,237,213
"SA2",0,1,4,57,55,56,0,0,3,28,29,37
"SAK",96,76,102,765,690,793,63,62,120,505,568,453
"SC35",4,10,3,8,6,12,8,9,14,8,7,4
"SCAP",395,485,422,333,287,441,392,363,357,364,348,317
"SCAR",0,0,0,0,0,0,0,0,0,0,0,0
"SCCRO",16,33,49,54,43,46,30,36,57,42,39,62
"SCCRO3",0,0,0,0,0,0,0,0,0,0,0,0
"SCCRO4",4,8,9,3,7,19,3,11,1,11,14,11
"SCOT",1,1,4,4,2,1,2,0,1,1,1,2
"SCaMC",974,2121,1060,726,647,775,1647,1528,641,563,665,580
"SERCA",1948,2010,2117,1432,1501,1891,2266,1701,2126,1784,1423,1669
"SF1",31,18,28,29,15,27,19,25,21,41,19,37
"SF2",307,266,294,270,278,330,295,220,255,246,256,234
"SH3PX1",489,512,448,480,400,471,467,560,483,517,634,520
"SIDL",304,377,297,299,268,321,314,263,243,279,291,286
"SIFa",58,42,48,96,80,85,75,44,66,56,52,59
"SIFaR",13,9,10,14,11,5,11,6,1,17,11,7
"SK",13,6,19,14,6,21,13,11,5,12,8,9
"SKIP",0,0,0,0,0,6,0,0,0,1,0,0
"SLC22A",132,201,112,175,135,140,196,153,126,146,238,127
"SLC5A11",227,363,239,206,198,254,363,264,190,230,230,176
"SLIRP1",0,0,0,0,0,0,0,0,0,0,0,0
"SLIRP2",95,59,49,97,129,87,153,96,147,62,130,90
"SLO2",1,0,7,4,3,10,5,1,0,4,4,4
"SMC1",508,552,432,378,382,464,499,453,441,418,497,398
"SMC2",66,100,73,154,118,124,127,102,136,127,115,124
"SMC3",265,339,283,250,214,320,273,227,300,320,358,223
"SMC5",0,0,0,2,1,0,0,0,0,0,1,0
"SMC6",148,182,174,1001,935,1316,106,124,161,876,740,800
"SMSr",355,349,418,1032,772,1018,321,280,287,888,802,728
"SNCF",0,0,0,0,0,0,0,0,0,0,0,2
"SNF4Agamma",270,259,264,233,235,232,327,356,247,202,254,277
"SNRPG",1,3,1,0,0,0,0,0,0,1,0,0
"SP",1,2,1,0,0,0,0,0,0,9,2,20
"SP1029",18,24,18,19,12,17,9,19,15,13,23,8
"SP1173",0,0,0,3,0,0,0,0,0,0,0,0
"SP2353",111,119,134,126,157,162,137,114,126,173,161,155
"SP555",0,0,0,0,0,0,0,0,0,0,0,0
"SPARC",13,12,16,6,22,23,18,7,9,10,16,18
"SPE",1208,1356,1214,751,793,726,1236,1393,1388,1055,1255,1023
"SPH93",3435,3405,3572,5086,4664,5075,3774,3056,3545,4087,4457,3475
"SPR",0,1,1,0,0,0,0,0,0,0,0,0
"SPoCk",525,597,562,600,555,939,750,618,569,641,603,682
"SREBP",2,5,4,1,0,3,6,0,2,1,0,5
"SRPK",0,0,0,4,2,20,2,3,0,2,0,9
"STUB1",574,543,499,604,679,727,520,536,599,528,611,633
"SWIP",178,223,142,127,173,164,151,141,132,117,142,142
"Sac1",14,15,8,35,41,25,32,22,5,20,10,24
"Saf-B",39,37,37,28,26,32,38,36,50,41,41,49
"Saf6",0,0,0,0,0,0,0,0,0,0,0,0
"Sam-S",61,70,49,30,35,50,41,38,29,10,20,46
"SamDC",323,398,371,513,441,505,296,366,401,394,457,411
"Samtor",87,65,69,103,128,124,65,97,101,85,164,88
"Samuel",0,0,0,0,0,0,0,0,0,0,0,0
"Sans",0,0,0,0,0,0,0,0,0,0,0,0
"Sap-r",110,172,74,86,155,172,189,197,129,78,119,142
"Sap130",0,0,0,0,0,0,0,0,0,0,0,0
"Sap30",0,0,0,0,3,0,0,0,0,0,0,0
"Sap47",0,0,0,0,0,0,0,0,0,0,0,0
"Sar1",9,23,16,11,3,10,16,25,6,8,14,13
"Sara",873,925,844,703,695,867,859,821,872,676,869,763
"Sardh",402,378,352,499,509,475,439,367,467,547,601,477
"Sarm",387,545,391,182,190,230,633,410,182,175,243,270
"Sas-4",49,41,44,41,32,68,38,38,43,58,48,36
"Sas-6",24,25,28,126,142,137,34,27,26,85,89,91
"Sas10",141,139,91,107,94,98,167,144,135,99,118,91
"Saysd1",140,174,99,196,181,198,133,163,253,179,214,188
"Sb",3,1,0,2,4,2,4,0,4,1,2,1
"Sbat",0,0,0,20,13,28,0,0,0,14,9,11
"Sbds",12,8,10,50,62,67,18,7,12,38,41,50
"Sbf",0,0,0,0,0,0,0,0,0,0,0,0
"Sbp2",204,202,199,233,230,233,263,260,280,228,254,249
"Sc2",877,1023,791,943,945,874,968,1090,1227,1127,1585,1091
"Scamp",7,1,4,2,0,4,5,2,2,1,3,2
"Sce",172,156,145,203,157,227,177,171,181,182,233,153
"Scgalpha",0,0,0,0,0,0,0,0,0,0,0,0
"Scgbeta",194,131,162,313,242,279,145,86,165,202,260,177
"Scgdelta",0,0,0,1,0,1,0,0,0,0,0,0
"Schip1",0,0,0,0,0,0,0,0,0,0,0,0
"SclA",0,0,0,0,0,0,0,0,0,0,0,0
"SclB",0,0,0,0,0,0,0,0,0,0,0,0
"Sclp",61,61,35,63,74,79,51,37,41,43,52,37
"Scm",5,3,2,5,0,0,5,0,4,8,0,4
"Scox",893,882,812,909,864,905,940,791,914,796,903,781
"Scp1",4,2,1,8,6,2,2,3,6,5,2,4
"Scp2",1912,1957,1836,1994,1663,1933,2141,1714,1877,1893,1920,1911
"ScpX",1531,1881,1320,1230,1321,1299,1407,1521,1873,1422,1774,1284
"Scr",0,1,3,0,1,4,1,2,3,1,1,5
"Scsalpha1",781,899,834,727,681,674,830,783,1056,727,635,694
"Scsalpha2",7,13,67,1701,1541,1974,1,3,7,1542,1286,1154
"ScsbetaA",0,0,0,0,0,0,0,0,0,0,0,0
"ScsbetaG",0,0,0,0,0,0,0,0,0,0,0,0
"Sdb",3459,3755,3883,1935,2309,3114,2354,3107,2581,3557,3958,3210
"Sdc",0,0,0,0,0,0,4,1,2,2,0,0
"SdhA",0,0,0,1,0,1,0,0,0,0,0,0
"SdhAL",0,0,26,804,736,1044,0,0,0,687,631,571
"SdhB",6014,6244,5802,5231,4839,4791,5970,5990,5915,4949,5148,4474
"SdhBL",1,0,0,1,0,0,1,0,0,2,0,0
"SdhC",11,19,15,15,2,13,16,20,18,19,8,9
"SdhCL",0,0,29,839,890,1195,0,0,0,588,493,484
"SdhD",4149,4257,4278,4605,4362,4051,3915,3926,4150,3624,3708,3460
"Sdhaf3",171,150,155,197,227,189,228,205,310,229,237,202
"Sdic1",0,0,0,26,16,52,0,0,0,32,24,22
"Sdic2",0,0,0,0,0,0,0,0,0,0,0,0
"Sdic3",0,0,0,0,0,3,0,0,1,0,0,0
"Sdic4",0,1,18,594,707,690,0,0,3,469,270,161
"SdicA",2,0,1,0,0,0,0,0,0,0,0,0
"SdicB",0,0,3,1,4,6,0,0,0,4,3,2
"SdicC",0,0,2,50,34,49,0,0,0,49,36,29
"Sdr",4,4,10,5,4,2,21,11,7,6,14,3
"Sec10",309,375,251,282,288,372,283,323,282,307,303,247
"Sec13",0,0,0,3,5,0,0,0,2,0,2,0
"Sec15",221,196,173,207,219,263,209,200,200,174,212,187
"Sec16",0,2,0,0,0,1,0,2,0,0,4,0
"Sec20",22,15,14,14,23,15,4,0,0,0,2,1
"Sec22",0,0,0,0,0,0,0,0,0,0,0,0
"Sec23",0,1,0,0,0,0,0,0,0,0,0,0
"Sec24AB",0,0,0,0,0,0,0,0,0,0,0,0
"Sec24CD",106,74,119,108,98,157,132,94,150,144,144,126
"Sec3",396,397,299,346,217,315,332,304,310,331,347,245
"Sec31",0,0,0,0,0,0,0,0,0,0,0,0
"Sec5",268,351,292,255,270,318,281,276,321,304,320,263
"Sec6",220,275,205,213,219,243,217,239,236,280,309,203
"Sec61alpha",0,0,0,0,0,1,0,0,0,0,3,0
"Sec61beta",980,944,877,1429,1483,1497,1172,1086,1328,1449,1910,1382
"Sec61gamma",0,0,0,0,2,0,0,0,1,0,0,0
"Sec63",364,360,289,370,391,445,301,347,361,372,450,414
"Sec71",501,538,483,734,831,1072,483,435,421,787,817,758
"Sec8",758,965,814,772,648,840,826,884,834,809,955,859
"SecCl",27,38,28,4,3,2,35,48,17,0,1,10
"SecS",0,0,0,0,0,0,0,0,0,0,0,0
"Secp43",170,185,147,266,248,266,154,142,195,209,292,221
"Seipin",157,187,124,101,104,103,143,170,116,112,144,100
"SelG",869,893,726,677,921,814,957,983,1028,655,921,786
"SelR",0,0,0,0,0,0,0,0,0,0,0,0
"SelT",0,1,0,27,15,16,0,0,0,12,8,9
"Sem1",565,556,444,408,596,536,795,788,692,477,579,606
"Sema1a",0,0,4,0,0,0,0,0,0,0,0,0
"Sema1b",14,16,2,15,10,9,5,5,0,1,2,7
"Sema2a",26,20,22,39,28,60,36,13,47,26,53,39
"Sema2b",91,56,57,98,76,150,71,69,65,97,135,53
"Sema5c",8,21,18,11,6,20,17,6,13,5,8,9
"Semp1",0,0,0,0,0,0,0,0,0,8,0,6
"Sems",0,0,0,5,0,1,0,1,0,103,25,51
"Send1",0,0,2,3,0,0,4,3,0,0,0,0
"Send2",1,1,2,7,1,4,0,0,0,1,4,2
"Septin1",639,717,542,691,711,803,776,823,870,626,889,710
"Septin2",1,0,1,0,0,2,0,0,2,0,0,0
"Septin4",4,16,12,16,16,37,25,14,6,28,21,18
"Septin5",0,0,0,0,0,0,0,0,0,1,0,0
"Ser",0,0,1,0,2,0,0,1,0,0,0,1
"Ser12",0,0,0,0,0,0,0,0,0,0,0,0
"Ser6",48,99,58,5,3,4,24,33,32,18,19,4
"Ser7",468,532,387,148,155,142,437,424,299,187,233,195
"Ser8",0,1,2,20,14,5,1,0,0,26,38,28
"SerRS",0,0,0,6,1,5,0,0,0,3,0,0
"SerRS-m",29,40,31,29,24,28,36,28,22,21,23,21
"SerT",2,1,2,2,2,0,1,4,1,2,0,0
"Serinc",0,0,3,0,0,0,0,1,0,0,2,1
"Sesn",19,23,17,21,13,27,19,10,24,24,21,22
"Set",344,277,276,343,273,336,433,340,410,294,387,320
"Set1",1,0,1,1,0,0,0,0,1,0,2,1
"Set2",0,0,0,0,0,0,0,0,0,0,0,0
"Set8",56,55,62,56,76,56,67,71,33,54,49,26
"Setd3",226,196,216,172,181,217,198,190,234,135,204,150
"Setx",3,9,6,1,3,8,0,7,1,7,6,8
"Sf3a1",224,251,199,291,304,295,206,232,230,276,303,222
"Sf3a2",282,285,257,274,353,305,288,321,290,281,416,309
"Sf3b1",0,0,0,0,0,0,0,0,1,0,0,1
"Sf3b2",0,0,0,1,1,6,0,0,0,0,0,3
"Sf3b3",2,0,0,1,0,0,1,4,0,0,2,2
"Sf3b5",93,102,106,160,202,182,110,112,117,115,198,139
"Sf3b6",628,631,628,1155,1214,1198,1007,731,862,991,1505,1004
"Sfmbt",7,4,0,1,0,1,2,0,1,0,2,0
"Sfp23F",0,0,0,0,0,0,0,0,0,8,0,0
"Sfp24Ba",0,0,0,0,0,0,0,0,0,0,0,1
"Sfp24Bb",0,0,0,0,0,0,2,0,0,0,3,44
"Sfp24Bc",1,0,0,1,0,1,0,0,0,0,0,6
"Sfp24Bd",0,0,0,0,0,0,0,0,0,0,0,13
"Sfp24C1",3,0,1,6,0,1,0,2,2,80,20,73
"Sfp24F",0,0,0,0,0,0,0,0,0,0,0,0
"Sfp26Ac",0,0,0,1,0,3,0,0,0,12,2,12
"Sfp26Ad",0,0,0,0,0,0,0,0,0,0,1,4
"Sfp33A1",0,0,0,1,0,0,0,0,0,7,1,11
"Sfp33A2",0,0,0,2,0,1,0,0,2,30,32,43
"Sfp33A3",0,3,2,20,3,6,2,0,0,184,143,219
"Sfp33A4",0,0,0,0,0,0,0,0,0,8,0,3
"Sfp35C",0,0,0,0,0,0,0,0,0,0,0,0
"Sfp36F",0,0,0,0,0,0,0,0,0,0,0,0
"Sfp38D",0,0,1,0,0,2,0,0,0,10,6,5
"Sfp51E",3,4,1,1,2,5,3,0,0,72,8,97
"Sfp53D",3,0,1,0,0,0,0,3,0,0,0,1
"Sfp60F",0,0,0,0,0,0,0,0,0,0,0,0
"Sfp65A",1,0,0,1,0,0,0,0,0,124,38,119
"Sfp70A4",0,0,0,0,0,0,0,0,0,0,0,0
"Sfp77F",3,0,0,0,0,0,0,0,0,0,2,1
"Sfp78E",0,0,0,0,0,0,0,0,0,0,0,0
"Sfp79B",0,0,0,2,0,0,0,0,0,3,0,7
"Sfp84E",3,8,8,0,2,3,4,3,6,29,15,42
"Sfp87B",0,0,0,4,5,0,0,0,0,1,2,33
"Sfp93F",2,0,4,2,0,0,0,1,2,29,8,42
"Sfp96F",0,0,0,0,0,0,0,0,0,1,0,5
"Sfxn1-3",8,5,6,97,120,131,10,5,3,60,32,73
"Sfxn2",576,680,658,503,503,621,608,625,826,575,780,588
"Sgf11",183,177,126,197,174,197,183,149,153,174,222,140
"Sgf29",0,0,0,0,1,0,1,0,0,1,0,0
"Sgp",0,0,0,0,0,0,0,0,0,0,0,0
"Sgs1",3,0,6,0,0,1,2,1,0,3,0,1
"Sgs3",0,0,2,0,0,2,0,0,0,0,0,4
"Sgs4",0,0,0,0,4,0,2,1,0,0,3,2
"Sgs5",0,0,0,3,0,0,0,0,0,0,0,0
"Sgs5bis",0,0,0,7,4,2,0,0,0,5,2,3
"Sgs7",0,0,0,0,0,0,0,0,0,0,0,0
"Sgs8",0,0,0,1,0,2,0,0,0,0,1,0
"Sgsf",0,0,0,0,0,0,0,0,0,0,0,0
"Sgsh",236,249,223,353,354,425,262,231,266,318,412,305
"Sgt",0,0,0,10,15,14,0,0,0,18,11,21
"Sgt1",558,477,519,947,939,981,631,547,623,902,991,829
"Sh",1165,963,981,1433,1088,1591,1215,956,768,1856,1374,1190
"Sh3beta",476,415,396,467,474,465,509,423,433,676,666,580
"Shab",130,127,114,129,118,194,153,85,103,110,133,111
"Shal",387,415,412,488,344,623,422,311,422,548,482,471
"Shark",257,283,263,237,282,271,250,258,255,248,295,217
"Shaw",15,15,18,24,11,19,18,9,17,20,29,26
"Shawl",67,71,71,97,43,110,87,51,54,98,117,76
"Shawn",0,0,0,0,0,0,0,0,0,0,0,0
"Shc",328,356,343,335,354,377,425,553,325,286,405,309
"Shmt",69,82,82,42,77,54,71,59,57,36,58,41
"Shrm",81,97,96,72,84,83,61,96,53,51,53,56
"SiaT",11,8,16,34,16,24,19,14,5,15,15,13
"Sid",338,419,390,574,449,479,413,480,525,480,569,463
"Sidpn",118,96,87,188,183,229,129,74,78,150,152,152
"Sik2",101,131,135,112,95,176,124,112,83,101,152,121
"Sik3",0,0,1,0,0,1,2,0,0,0,0,0
"Sil1",206,195,147,220,187,234,184,156,195,168,219,181
"Sin1",541,822,700,244,208,260,752,640,269,214,218,227
"Sin3A",11,26,13,19,12,14,9,8,9,14,12,10
"Sirt1",535,616,556,526,556,663,563,586,579,562,644,588
"Sirt2",32,19,20,37,28,37,18,31,18,35,30,36
"Sirt4",0,0,0,0,0,0,0,0,0,0,0,0
"Sirt6",21,25,26,17,32,37,36,22,41,31,26,30
"Sirt7",49,60,77,111,121,130,76,48,53,67,107,64
"Sirup",0,0,0,1,0,0,0,0,0,0,0,0
"Six4",12,5,7,4,0,8,22,5,6,3,6,3
"Sk1",6,0,6,0,0,2,7,1,8,0,0,3
"Sk2",241,286,269,253,298,357,272,299,229,307,371,277
"Skadu",0,0,18,431,578,568,0,0,0,416,353,346
"Skel",46,77,94,57,122,107,68,58,94,57,169,69
"Ski6",0,0,0,3,10,3,0,0,0,0,1,4
"Skp2",8,9,4,9,7,1,2,5,3,2,6,1
"SkpA",15,16,24,3,9,12,10,4,5,11,5,9
"SkpB",1555,1632,1626,2144,2349,2603,1361,1595,2003,1928,2038,1881
"SkpC",2,1,10,81,82,81,3,0,7,42,49,57
"SkpD",0,0,6,152,178,206,0,0,0,86,97,82
"SkpE",1,0,0,33,21,32,0,0,0,27,24,16
"SkpF",0,0,24,441,451,513,0,0,0,262,319,287
"Slbp",103,112,118,272,243,306,145,133,87,266,271,247
"Slc25A46a",460,550,448,536,507,541,451,523,556,511,549,535
"Slc25A46b",3,0,64,1470,1401,1559,0,0,0,842,788,731
"Slc45-1",33,24,16,19,16,11,17,16,27,13,14,16
"Sld5",17,30,9,73,82,64,28,17,11,71,69,70
"Slh",0,7,6,9,6,6,1,3,0,8,4,8
"Slik",106,146,146,131,88,143,181,125,114,112,118,122
"Slimp",135,84,85,97,102,93,92,116,121,111,116,92
"Slip1",0,0,0,0,0,0,0,0,0,0,0,0
"Slmap",4,4,9,5,8,4,4,4,0,3,5,5
"Sln",93,105,101,151,112,137,120,87,57,148,154,124
"Slob",2,8,8,4,1,7,3,1,2,3,2,3
"Slu7",117,118,95,120,145,146,160,137,109,155,143,129
"SmB",161,194,153,110,145,186,188,201,187,181,246,147
"SmD1",111,95,77,233,164,230,118,97,134,133,187,156
"SmD2",301,294,229,332,281,241,337,339,392,281,332,240
"SmD3",238,266,191,260,277,365,238,263,248,290,323,275
"SmE",184,156,144,185,223,177,149,206,263,187,192,156
"SmF",75,80,69,111,153,180,133,136,156,125,185,123
"Smg5",184,228,216,321,370,367,177,191,185,266,314,218
"Smg6",1014,1224,1174,1385,1511,1779,984,1066,1200,1255,1418,1311
"Smn",0,0,6,7,15,14,3,6,6,8,3,5
"Smox",836,878,802,577,544,690,916,951,759,601,652,640
"Smr",7,4,4,5,2,2,3,3,0,3,0,2
"Sms",0,0,0,0,0,0,0,0,0,0,0,0
"Smu1",0,0,0,0,0,0,0,0,0,0,0,0
"Smug",23,13,13,27,29,13,26,21,26,7,26,18
"Smurf",22,35,18,40,42,53,30,25,35,22,30,22
"Smvt",977,474,1045,151,77,75,945,687,301,210,88,474
"Smyd3",235,234,173,273,276,336,149,163,231,198,352,182
"Smyd4-1",1,5,3,5,2,1,3,1,3,5,6,4
"Smyd4-2",320,272,215,285,286,301,288,193,291,272,368,275
"Smyd4-3",711,667,613,726,671,639,652,470,785,612,826,543
"Smyd4-4",367,381,359,797,776,874,311,333,325,693,784,608
"Smyd5",117,140,142,289,211,287,168,117,163,229,248,202
"SmydA-1",1715,1597,1525,1631,1631,1739,1121,996,1522,1364,1688,1166
"SmydA-2",955,951,789,981,811,875,970,796,1050,882,896,800
"SmydA-3",0,0,0,1,3,2,0,0,0,0,4,1
"SmydA-4",10,5,9,10,8,14,3,4,10,6,6,7
"SmydA-5",108,104,83,191,164,222,76,101,115,132,225,122
"SmydA-6",168,108,125,335,269,315,225,113,223,134,311,129
"SmydA-7",5,4,0,8,5,0,0,4,3,1,0,0
"SmydA-8",33,25,36,35,22,24,39,15,40,38,64,36
"SmydA-9",0,0,0,0,0,1,0,1,2,2,1,0
"Snap24",808,809,763,529,582,645,827,809,823,559,697,688
"Snap25",0,0,1,0,0,0,0,0,1,0,2,0
"Snap29",357,361,322,419,493,479,335,401,346,380,494,361
"Snapin",0,0,0,0,0,0,0,0,0,0,0,0
"Snm1",35,64,53,56,68,70,28,51,57,65,63,69
"Snmp1",12,7,12,3,7,1,2,8,8,3,3,11
"Snmp2",61,79,57,12,20,24,57,36,66,57,21,67
"Snoo",86,69,64,86,58,81,76,66,61,120,98,57
"Snp",64,75,67,86,82,87,72,63,62,68,62,66
"Snr1",288,279,249,285,260,277,251,219,276,291,385,281
"Snrk",15,24,17,43,23,41,36,29,18,13,19,21
"Snup",0,0,0,0,0,0,0,0,0,0,0,0
"Snx1",0,0,0,0,0,0,0,0,0,0,0,0
"Snx16",232,221,229,183,192,250,258,269,192,196,248,207
"Snx17",406,482,448,361,395,428,367,450,492,384,484,397
"Snx21",49,39,33,45,58,40,51,32,46,42,38,39
"Snx27",52,55,37,76,64,92,62,62,51,54,60,86
"Snx3",2,7,2,12,5,4,4,5,12,6,3,2
"Snx6",8,5,12,4,2,15,9,11,13,5,3,4
"SoYb",0,0,0,0,0,0,0,0,0,0,0,0
"Sobp",10,0,1,1,1,1,3,1,1,0,0,0
"Socs16D",0,0,0,0,0,0,0,2,0,0,0,0
"Socs36E",0,0,0,0,0,0,0,0,0,0,0,0
"Socs44A",425,412,338,404,404,451,400,347,396,378,493,435
"Sod1",4220,4577,3618,2890,3184,2882,4318,4586,5253,3960,4564,3609
"Sod2",0,0,0,1,0,0,0,0,2,0,0,0
"Sod3",508,382,549,84,113,138,483,530,301,188,217,379
"Sodh1",0,0,0,4,1,4,0,0,0,0,1,0
"Sodh2",60,49,24,61,46,54,41,34,76,71,95,37
"Sodq",0,0,0,0,0,0,0,0,0,0,0,0
"Sol1",8,10,12,2,0,1,0,1,0,0,0,2
"Son",3,0,4,0,5,0,2,0,1,2,0,0
"Sos",281,339,301,315,277,397,280,263,292,275,302,256
"Sou",502,622,529,515,466,522,497,566,514,520,602,493
"Sox100B",10,2,15,14,10,32,9,8,1,10,14,23
"Sox102F",76,98,71,52,45,92,73,56,79,60,46,48
"Sox14",18,30,15,6,13,14,26,24,13,5,12,14
"Sox15",47,30,53,21,50,38,31,32,29,40,57,38
"Sox21a",0,0,0,0,0,0,0,0,0,0,0,0
"Sox21b",0,0,0,0,0,0,0,0,0,0,0,0
"SoxN",0,0,0,0,0,0,0,0,0,0,0,0
"Sp1",17,19,14,18,22,17,26,5,8,9,12,9
"Sp212",20,74,23,33,31,69,62,59,28,18,19,16
"Sp7",15,19,6,4,3,3,13,19,16,3,5,4
"Spag1",8,2,41,526,547,690,1,2,1,371,335,347
"Spase12",0,0,0,0,0,0,0,0,0,0,0,0
"Spase22-23",18,16,13,23,8,21,17,12,25,27,19,9
"Spase25",2,9,8,5,6,5,20,10,8,6,6,6
"Spc105R",0,0,0,0,0,0,0,0,0,0,0,0
"Spc25",22,25,17,29,49,30,39,29,29,19,18,20
"SpdS",3,3,10,8,2,0,4,6,8,10,4,9
"Spec2",341,349,330,366,331,415,350,361,438,370,470,411
"Spf30",3,6,12,6,10,6,8,6,9,16,8,6
"Spf45",0,0,0,0,0,0,0,0,0,0,0,0
"Spg7",0,5,2,1,0,1,1,3,3,2,0,7
"Spindly",22,20,33,71,88,61,14,15,29,81,68,66
"Sply",3,4,2,7,2,8,6,3,9,7,4,6
"Spn",2,0,0,0,0,0,0,0,0,0,0,3
"Spn100A",449,386,283,434,710,808,342,93,625,427,1491,326
"Spn27A",14,14,15,20,21,15,13,13,21,10,15,15
"Spn28B",0,0,0,0,0,0,0,0,0,0,0,0
"Spn28Da",0,0,2,9,4,2,1,0,0,44,25,33
"Spn28Db",0,0,0,4,3,7,0,0,0,26,17,27
"Spn28Dc",369,452,357,468,536,436,406,477,407,328,412,292
"Spn28F",0,1,2,1,6,2,0,0,0,92,23,150
"Spn31A",250,274,234,268,242,287,324,286,319,218,283,229
"Spn38F",0,0,0,0,0,0,0,0,0,0,0,0
"Spn42Da",0,2,2,0,1,3,2,0,3,2,1,0
"Spn42Db",0,2,0,1,0,0,0,0,0,0,0,0
"Spn42Dc",4,0,0,9,6,7,2,1,1,0,2,2
"Spn42Dd",610,595,541,394,455,416,450,467,335,330,371,380
"Spn42De",0,0,2,0,2,0,2,1,7,0,1,3
"Spn43Aa",569,441,447,1034,980,1351,396,326,511,554,793,563
"Spn43Ab",1871,1896,1393,540,536,430,2686,2512,1538,942,808,1238
"Spn43Ad",158,150,105,32,13,15,180,127,32,28,12,49
"Spn47C",7,2,3,14,26,18,2,3,0,66,28,47
"Spn53F",0,0,0,0,0,0,0,0,0,0,0,0
"Spn55B",319,351,302,259,265,272,481,401,395,285,298,270
"Spn75F",0,0,0,0,5,0,0,1,0,5,4,5
"Spn77Ba",2,10,5,2,3,3,5,10,3,0,5,2
"Spn77Bb",2,1,0,30,15,12,2,0,0,7,3,23
"Spn77Bc",0,0,0,0,0,0,0,0,0,0,0,0
"Spn85F",22,13,20,4,11,17,19,12,12,11,22,6
"Spn88Ea",0,0,2,0,0,0,0,0,0,2,0,0
"Spn88Eb",522,569,384,769,748,579,903,957,1310,655,981,798
"Spp",616,659,500,797,782,798,585,631,507,928,991,807
"SppL",2,0,2,3,1,1,0,2,0,0,0,1
"Spps",0,0,0,0,0,0,0,0,0,0,0,0
"Spred",321,266,308,416,357,483,398,342,342,539,546,363
"Sprn",0,0,0,0,0,0,0,0,0,0,0,0
"Sps1",1,0,0,0,0,2,0,2,0,1,2,0
"Sps2",0,0,0,10,15,8,0,0,0,7,6,8
"Spt",44,38,21,37,25,24,46,28,27,24,25,26
"Spt-I",0,0,0,0,0,0,0,0,0,0,0,0
"Spt20",33,26,19,31,19,34,17,32,16,18,27,18
"Spt3",117,111,77,112,107,126,74,103,114,116,138,130
"Spt5",624,698,586,528,540,603,579,515,522,552,682,506
"Spt6",0,0,0,0,0,0,0,0,0,0,0,0
"Spt7",72,73,49,66,49,85,74,36,43,67,78,59
"Sptr",219,271,254,121,145,166,238,287,254,165,194,144
"Sptz",531,774,524,596,653,736,694,619,687,585,774,587
"Spx",93,159,134,125,157,181,112,123,113,142,193,126
"Sqor",0,0,0,0,0,0,0,0,0,0,0,0
"Sr-CI",0,0,0,0,0,0,0,0,0,0,0,0
"Sr-CII",0,0,0,0,0,0,0,0,0,0,0,1
"Sr-CIII",4,0,0,1,2,3,0,0,0,1,0,1
"Sr-CIV",28,37,26,26,28,17,39,55,48,38,18,38
"Sras",149,150,134,155,160,146,128,127,151,123,192,109
"Src42A",255,453,258,275,244,331,306,315,184,167,329,218
"Src64B",34,48,46,53,68,84,72,62,69,74,94,54
"Srg1",3386,2896,2019,1678,2060,1243,3028,3679,3765,1834,1903,1998
"Srg2",32,27,26,31,27,24,163,84,82,19,23,35
"Srg3",0,0,0,0,0,0,0,0,0,0,0,0
"Srlp",387,331,386,784,660,746,467,399,495,688,718,521
"Srp14",212,227,178,316,402,381,290,259,304,317,336,288
"Srp19",300,289,235,311,285,308,292,312,356,342,408,273
"Srp54",558,658,545,493,438,462,502,594,556,521,714,517
"Srp54k",1035,1176,978,1408,1454,1742,1061,1003,1169,1420,1620,1407
"Srp68",736,786,647,760,701,767,673,726,785,779,966,772
"Srp72",504,554,394,466,405,486,458,513,516,531,629,437
"Srp9",353,338,286,336,409,428,428,322,451,350,510,413
"SrpRalpha",883,900,731,877,890,933,774,708,912,989,1124,830
"SrpRbeta",2,0,0,0,2,1,0,1,0,0,1,1
"Srpk79D",0,0,5,46,52,84,0,0,0,33,33,47
"Srr",86,164,66,70,107,92,88,98,62,66,90,67
"Srrm1",250,289,276,286,296,346,282,279,310,317,392,282
"Srrm234",137,161,109,145,111,176,113,117,121,194,172,152
"Srx",4,3,0,3,3,0,0,0,0,1,5,0
"Sry-alpha",0,0,0,0,0,0,0,0,0,0,0,0
"Sry-beta",0,0,0,0,0,0,0,0,0,0,0,0
"Sry-delta",176,175,174,226,264,264,187,192,184,238,288,222
"SsRbeta",832,870,738,1136,1124,1059,833,825,992,973,1282,968
"Ssadh",0,0,0,0,0,0,0,0,0,0,0,0
"Ssb-c31a",126,93,111,200,267,195,141,137,173,102,175,149
"Ssdp",0,0,0,0,0,0,0,0,0,0,0,0
"Sse",24,20,19,23,24,7,5,12,12,3,5,4
"Ssk",0,0,0,0,0,0,0,0,0,0,0,0
"Ssl",0,0,23,349,323,423,0,1,0,250,265,209
"Ssl1",3,4,0,0,0,0,0,0,0,1,0,0
"Ssl2",0,0,0,0,0,1,0,0,0,0,0,0
"Ssrp",268,294,222,272,312,319,296,267,231,305,303,280
"Ssu72",0,0,0,0,0,0,0,0,0,0,0,0
"St1",218,289,240,353,460,278,196,170,304,267,407,195
"St2",1,0,1,3,10,1,0,2,5,3,0,5
"St3",91,81,98,163,109,160,82,66,106,111,168,126
"St4",0,0,0,0,2,5,0,0,0,2,1,2
"Stacl",178,244,279,205,163,224,222,155,149,174,236,175
"Stam",579,745,616,669,675,756,687,733,697,679,961,611
"Start1",0,0,0,0,0,0,0,0,0,0,0,0
"Stat92E",305,369,300,332,344,363,365,319,340,258,343,320
"Ste12DOR",0,0,0,2,1,6,0,0,0,1,11,7
"Ste:CG33236",0,0,0,1,0,0,0,2,0,0,0,1
"Ste:CG33237",0,0,0,0,0,0,0,0,0,0,0,0
"Ste:CG33238",0,0,0,0,0,0,0,0,0,0,0,0
"Ste:CG33239",0,0,0,0,0,0,0,0,0,0,0,0
"Ste:CG33240",0,0,0,0,0,0,0,0,0,0,0,0
"Ste:CG33241",0,0,0,0,0,0,0,0,0,0,0,0
"Ste:CG33242",0,0,0,0,0,0,0,0,0,0,0,0
"Ste:CG33243",0,0,0,0,0,0,0,0,0,0,0,0
"Ste:CG33244",0,0,0,0,0,0,0,0,0,0,0,0
"Ste:CG33245",0,0,0,0,0,0,0,0,0,0,0,0
"Ste:CG33246",0,0,0,0,0,0,0,0,0,1,0,1
"Ste:CG33247",0,0,0,0,0,0,0,0,0,0,0,0
"SteXh:CG42398",2,0,3,0,2,2,0,0,0,1,0,0
"Stim",23,40,37,53,65,48,32,33,26,55,35,49
"Sting",3,8,3,0,2,3,55,46,35,0,7,37
"Stip1",1239,1164,1066,1204,1320,1452,1442,1369,1181,1491,1735,1455
"Stlk",26,56,39,42,33,35,30,29,43,46,58,31
"Stoml2",0,1,1,2,3,17,1,0,0,2,2,9
"Strica",4,13,8,5,5,4,9,15,18,22,10,8
"Strip",0,5,2,3,3,8,1,5,3,11,1,9
"Strn-Mlck",21263,28251,25295,17746,12924,17340,27093,19075,12458,15245,11525,14212
"Strump",0,0,0,0,0,0,0,0,0,0,0,0
"Stt3A",0,0,0,0,0,0,0,0,0,0,0,0
"Stt3B",1217,1625,1299,1423,1436,1637,1351,1191,1405,1648,2008,1608
"Su(H)",21,17,12,16,16,5,25,14,22,18,23,18
"Su(P)",967,1049,830,912,964,918,986,916,1077,918,1084,782
"Su(Ste):CR40820",0,0,0,0,0,0,0,0,0,0,0,0
"Su(Ste):CR41533",0,0,0,0,2,0,0,0,0,0,0,0
"Su(Ste):CR42406",0,0,0,0,0,0,0,0,0,0,0,0
"Su(Ste):CR42407",0,0,0,0,0,0,0,0,0,3,0,0
"Su(Ste):CR42408",0,0,0,0,0,0,0,0,0,0,0,0
"Su(Ste):CR42409",0,0,0,0,0,0,0,0,0,1,0,0
"Su(Ste):CR42410",0,0,0,0,0,0,0,0,0,0,0,0
"Su(Ste):CR42411",0,0,0,0,0,0,0,0,0,0,0,0
"Su(Ste):CR42412",0,0,0,0,0,0,0,0,0,0,1,0
"Su(Ste):CR42414",0,0,0,0,0,0,0,0,0,0,0,0
"Su(Ste):CR42415",0,0,0,3,1,1,0,0,0,0,0,0
"Su(Ste):CR42416",0,0,0,3,0,0,0,0,0,0,0,0
"Su(Ste):CR42417",0,0,0,0,0,0,0,0,0,0,0,0
"Su(Ste):CR42418",0,0,0,2,1,2,0,0,0,0,0,0
"Su(Ste):CR42419",0,0,0,0,0,0,0,0,0,1,0,0
"Su(Ste):CR42420",0,0,0,0,3,0,0,0,0,1,4,1
"Su(Ste):CR42421",0,0,0,0,0,0,0,0,0,0,0,0
"Su(Ste):CR42422",0,0,0,8,3,0,0,0,0,6,2,0
"Su(Ste):CR42424",0,0,0,0,0,0,0,0,0,0,0,0
"Su(Ste):CR42425",0,0,0,2,0,2,0,0,0,0,0,0
"Su(Ste):CR42426",0,0,0,1,1,0,0,0,0,4,0,0
"Su(Ste):CR42427",0,0,0,0,0,0,0,0,0,0,0,1
"Su(Ste):CR42428",0,0,0,0,0,0,0,0,0,0,0,0
"Su(Ste):CR42429",0,0,0,0,0,0,0,0,0,0,0,0
"Su(Ste):CR42430",0,0,0,4,2,2,0,0,0,4,4,6
"Su(Ste):CR42431",0,0,0,0,0,0,0,0,0,0,0,0
"Su(Ste):CR42432",0,0,0,0,0,0,0,0,0,1,1,1
"Su(Ste):CR42433",0,0,0,2,4,1,0,0,0,4,0,0
"Su(Ste):CR42438",0,0,0,0,0,1,0,0,0,0,0,0
"Su(Ste):CR42439",0,0,0,1,0,1,0,0,0,0,0,1
"Su(Ste):CR42444",0,0,0,1,1,0,0,0,0,2,4,1
"Su(Ste):CR45794",0,0,0,1,0,0,0,0,0,1,0,0
"Su(Ste):CR45795",0,0,0,0,0,0,0,0,0,0,0,0
"Su(Ste):CR45796",0,0,0,0,0,0,0,0,0,0,0,0
"Su(Tpl)",0,0,2,1,0,0,0,1,0,0,1,0
"Su(dx)",2,0,4,2,2,0,0,3,2,1,4,0
"Su(fu)",242,239,181,238,221,267,176,231,204,246,305,237
"Su(var)2-10",32,27,23,36,35,39,32,18,28,28,35,29
"Su(var)2-HP2",70,82,71,117,78,168,80,99,48,101,92,64
"Su(var)205",0,0,0,0,0,0,0,0,0,1,0,0
"Su(var)3-3",0,0,0,0,0,0,0,0,0,0,0,0
"Su(var)3-7",0,0,0,0,0,0,2,1,6,0,1,0
"Su(var)3-9",49,52,35,70,87,100,34,38,31,47,53,68
"Su(z)12",15,8,11,18,14,19,8,12,14,11,20,9
"Su(z)2",0,0,0,0,0,0,2,0,0,0,0,0
"SuUR",0,0,0,0,0,0,0,0,0,0,0,0
"Sugb",80,23,20,12,48,24,15,22,30,7,9,10
"Sulf1",0,0,0,0,0,0,0,0,0,3,0,1
"Sumo",0,0,0,0,0,0,0,0,0,0,0,1
"Sur",265,272,264,140,156,208,181,210,206,147,133,182
"Sur-8",0,0,0,0,0,0,0,0,0,0,0,0
"Surf1",508,491,450,484,475,463,469,435,539,488,522,385
"Surf4",1156,1356,1133,1095,1238,1227,1390,1230,1415,1321,1752,1240
"Surf6",89,61,50,66,57,99,135,83,88,108,86,84
"Suv3",0,5,5,1,6,1,2,0,4,4,1,2
"Svil",26,32,38,29,13,48,50,52,25,28,36,40
"Svip",7,5,14,4,13,11,0,2,0,0,1,1
"Swim",9,14,21,1,3,3,14,16,6,8,0,16
"Swip-1",0,0,0,0,0,0,0,0,0,0,0,0
"Sws1",0,0,0,0,0,0,0,0,0,0,0,0
"Swt1",0,0,0,0,0,0,0,0,0,0,0,0
"Sxl",164,119,167,172,128,194,250,142,166,149,154,166
"Syb",3,3,3,4,3,7,6,14,4,7,5,1
"Sym",218,261,220,286,292,360,253,211,204,305,293,240
"Syn",0,0,0,0,0,0,0,0,0,0,0,0
"Syn1",0,0,0,0,0,0,0,0,0,0,0,0
"Syn2",3,10,9,7,4,8,8,4,2,1,6,3
"Synd",0,1,0,2,3,6,1,3,3,1,2,1
"Syngr",1628,1552,1838,1610,1255,2043,1857,1377,1390,1574,1608,1808
"Synj",12,19,21,9,21,20,26,14,17,27,12,12
"Syp",0,0,0,0,0,0,0,0,0,0,0,0
"Sys1",0,1,0,0,1,0,0,0,0,0,0,1
"Syt1",78,49,38,72,52,109,74,44,40,87,53,62
"Syt12",0,0,0,0,0,0,0,0,0,0,0,0
"Syt14",15,9,17,11,4,9,12,3,10,4,10,7
"Syt4",950,979,1010,1108,956,1394,1073,775,920,1177,1229,1156
"Syt7",9,12,11,20,13,16,11,6,14,12,10,13
"Sytalpha",116,77,118,67,66,106,127,64,78,65,89,78
"Sytbeta",13,18,16,20,23,37,34,17,19,13,21,25
"Syx13",2,6,3,8,2,7,6,10,4,3,9,12
"Syx16",158,150,115,217,190,209,149,109,129,141,204,148
"Syx17",0,0,0,0,0,0,0,0,0,0,0,0
"Syx18",282,245,247,580,503,591,214,198,213,461,508,392
"Syx1A",310,311,347,280,302,395,389,383,274,411,391,302
"Syx4",127,187,100,75,67,108,132,145,128,64,68,64
"Syx5",0,0,0,0,0,0,0,0,0,0,0,0
"Syx6",1,0,5,1,1,0,0,0,0,1,2,0
"Syx7",0,0,1,1,1,3,0,0,0,1,4,1
"Syx8",159,126,131,175,154,140,137,180,194,191,212,143
"T3dh",271,332,221,167,150,190,311,288,277,212,220,174
"T48",0,0,0,0,0,0,0,0,0,0,0,0
"TAF1B",5,4,3,1,4,4,5,6,10,7,2,8
"TAF1C-like",134,147,118,184,191,230,139,139,121,179,162,168
"TBC1D16",301,337,371,302,279,478,365,270,278,331,393,344
"TBC1D23",404,419,389,661,610,771,382,448,405,620,628,585
"TBC1D5",252,259,238,259,242,267,233,229,250,252,275,238
"TBC1d7",110,152,97,91,111,85,124,88,143,124,145,92
"TBPH",47,51,43,37,43,75,51,38,45,47,63,37
"TER94",5,9,1,3,2,6,4,7,2,1,1,7
"TFAM",0,2,1,0,0,2,0,0,0,2,1,0
"TH1",35,44,30,36,16,14,26,26,39,39,55,22
"THADA",0,0,0,0,0,0,0,0,0,0,0,0
"THG",0,0,0,0,0,0,0,0,0,0,0,0
"TM4SF",188,144,143,265,216,278,157,107,102,287,325,240
"TM9SF2",35,25,42,47,37,45,67,55,51,51,56,48
"TM9SF3",451,535,494,666,649,759,436,419,506,585,725,501
"TM9SF4",0,0,0,0,3,0,0,0,0,0,0,0
"TMEM216",0,0,0,0,0,0,0,0,0,0,0,0
"TORIP",1,1,1,2,1,3,3,7,4,0,1,2
"TP53INP",102,177,131,49,35,42,131,173,38,84,38,110
"TRAM",8,11,10,15,14,32,14,8,9,10,18,16
"TSG101",851,905,933,2653,2568,2994,919,1051,987,2317,2478,2077
"TTLL12",513,541,381,465,395,441,375,377,412,462,448,335
"TTLL15",182,131,143,240,247,256,132,126,148,135,223,172
"TTLL1A",0,0,5,168,164,253,0,0,0,120,89,106
"TTLL1B",4,0,52,1151,1017,1399,0,2,11,825,691,767
"TTLL3A",16,23,33,21,23,31,24,23,19,33,52,38
"TTLL3B",1,3,66,1704,1423,2157,0,0,0,1610,1443,1378
"TTLL4A",5,6,2,6,1,12,0,0,2,8,8,2
"TTLL4B",34,24,34,26,21,33,38,33,23,27,18,18
"TTLL5",5,5,8,4,4,1,4,6,12,3,4,6
"TTLL6A",4,1,55,1477,1361,1978,1,0,12,1573,1277,1120
"TTLL6B",26,12,87,1712,1518,2115,10,25,29,1631,1461,1285
"Tab2",14,10,7,16,10,9,9,5,8,9,13,11
"Tace",1,2,3,2,2,3,2,2,0,5,1,0
"Taf1",0,0,0,0,0,0,0,0,0,0,0,0
"Taf10",267,278,218,219,244,218,284,278,273,265,325,243
"Taf10b",212,180,154,338,345,291,179,186,169,301,323,307
"Taf11",86,85,56,87,90,64,76,81,78,71,92,62
"Taf12",0,3,2,2,0,3,1,0,0,3,0,2
"Taf12L",6,0,6,160,162,165,6,8,4,97,154,133
"Taf13",101,101,92,172,197,225,100,116,102,137,163,160
"Taf2",0,0,0,0,0,0,0,0,0,0,0,0
"Taf3",1029,1175,960,991,942,1250,1240,1057,972,1012,1175,936
"Taf4",8,9,3,5,6,19,6,10,12,11,13,4
"Taf5",167,217,159,149,154,204,212,187,224,171,206,205
"Taf6",0,0,0,0,0,0,0,0,0,0,0,0
"Taf7",4,8,6,23,21,24,6,4,14,22,20,14
"Taf8",70,72,59,92,114,157,51,64,43,95,109,116
"Taf9",127,117,140,112,114,108,96,116,110,137,173,109
"Tailor",0,1,0,0,0,1,0,0,0,0,1,0
"Tak1",414,419,438,324,339,426,324,355,348,308,380,296
"Takl1",303,304,259,92,83,66,664,485,429,206,160,195
"Takl2",29,29,38,8,21,0,56,31,32,13,16,16
"Taldo",2424,2411,2116,1291,1393,1302,2236,2083,1713,1272,1654,1533
"Tango1",0,0,0,0,0,0,0,0,0,0,0,0
"Tango10",0,0,0,0,0,0,0,0,0,0,0,0
"Tango11",3,0,5,43,42,66,4,1,1,40,24,43
"Tango14",0,0,0,0,0,0,0,0,0,0,0,0
"Tango2",0,0,0,0,0,0,0,0,0,0,0,0
"Tango4",169,122,120,122,113,130,130,103,110,120,169,144
"Tango5",13,16,31,21,24,29,22,33,10,21,24,31
"Tango6",196,255,252,201,185,167,272,252,211,147,211,176
"Tango8",0,0,0,0,0,0,1,0,0,0,0,0
"Tango9",0,2,0,0,1,0,0,0,2,0,0,0
"Tao",75,57,79,64,67,71,65,82,68,92,90,68
"Tap42",236,318,224,340,326,349,279,259,323,397,405,297
"Tapdelta",0,0,0,11,22,4,0,0,0,17,3,11
"Targ",0,0,0,0,0,0,0,0,0,0,0,0
"Targ1",0,3,2,1,6,2,3,2,6,5,0,3
"Targ2",2,0,6,3,0,0,0,3,1,0,0,3
"Targ3",24,20,12,28,24,27,11,28,9,23,11,16
"Task6",0,0,0,0,0,0,0,0,0,0,0,0
"Task7",181,203,205,276,157,293,199,153,190,218,250,161
"Tasp1",34,30,57,33,45,40,49,46,44,22,38,42
"Tat",0,0,0,0,0,0,0,0,0,0,0,0
"Taz",91,75,77,90,112,110,94,75,89,87,109,116
"Tb",1,2,0,0,0,0,0,0,0,2,1,0
"TbCMF46",7,5,11,122,112,87,5,3,10,42,38,52
"Tbc1d15-17",2,0,4,8,9,20,6,0,3,5,4,7
"Tbc1d22",171,183,191,169,187,183,189,207,195,190,254,164
"Tbc1d8-9",0,0,0,0,0,0,0,0,0,0,0,0
"Tbca",348,323,302,587,630,611,338,424,504,502,643,504
"Tbcb",301,372,332,482,548,561,349,367,400,480,545,416
"Tbcc",0,0,0,0,2,0,0,0,1,0,0,0
"Tbcd",258,308,271,501,529,589,241,266,249,339,422,297
"Tbce",0,0,0,4,2,11,0,0,0,0,2,1
"Tbh",1,0,1,0,1,7,1,0,0,1,4,2
"Tbp",99,97,102,83,115,88,80,102,106,91,115,84
"Tcs1",0,0,0,0,0,0,0,0,0,0,0,0
"Tcs3",116,157,139,111,95,121,126,139,187,131,157,128
"Tcs4",3,2,3,2,4,2,6,1,3,2,6,0
"Tcs5",152,133,134,110,121,138,126,150,133,132,176,149
"Tcs6",0,0,0,0,0,0,0,0,0,0,0,0
"Tctp",14,16,14,10,17,16,9,21,20,16,14,9
"Tdc1",69,117,84,98,78,95,105,119,103,119,89,103
"Tdc2",82,44,45,40,49,70,73,38,48,56,75,38
"Tdg",2,4,1,1,4,9,4,1,0,3,4,1
"Tdh",56,59,46,56,48,54,71,46,47,41,93,41
"Tdrd3",295,268,259,274,272,305,258,201,212,261,326,271
"Teh1",0,0,0,0,0,0,0,0,0,0,0,0
"Teh2",429,447,487,540,509,692,447,353,357,648,639,626
"Teh3",99,81,129,132,95,154,95,101,79,102,160,131
"Teh4",86,80,84,112,101,126,65,68,83,83,126,86
"Tehao",0,0,0,0,0,0,0,0,0,0,0,0
"Tektin-A",0,0,0,0,0,3,0,0,0,0,1,1
"Tektin-C",0,0,0,0,0,0,0,0,0,0,0,0
"Ten-a",0,0,0,0,0,0,0,0,0,0,0,0
"Ten-m",279,297,285,356,415,509,526,388,382,452,337,352
"Tengl1",4,0,41,944,926,977,0,0,0,646,517,557
"Tengl2",0,0,1,81,59,54,0,0,0,54,54,47
"Tengl3",3,0,37,798,775,957,0,0,0,658,586,598
"Tengl4",2,0,26,908,807,1020,0,0,0,734,610,580
"Tep1",25,10,12,44,62,23,52,90,144,35,50,159
"Tep2",31,42,28,107,75,86,114,71,71,36,52,69
"Tep3",549,751,694,326,372,501,533,621,355,306,511,412
"Tep4",0,0,0,0,0,0,0,0,0,0,0,0
"Tes",181,167,124,169,149,195,136,145,116,100,143,102
"Tet",0,0,0,0,0,0,0,0,0,0,0,0
"TfAP-2",0,0,0,0,0,0,0,0,0,0,0,0
"TfIIA-L",1,0,0,1,2,1,0,4,0,0,2,1
"TfIIA-S",523,472,509,541,578,600,530,584,550,592,731,568
"TfIIA-S-2",8,4,3,23,25,28,8,6,0,12,20,21
"TfIIB",0,0,0,0,0,0,0,0,0,0,0,0
"TfIIEalpha",270,311,242,342,360,362,304,271,243,312,365,273
"TfIIEbeta",0,0,0,0,0,0,0,0,0,0,0,0
"TfIIFalpha",426,401,310,528,485,616,381,380,319,504,509,430
"TfIIFbeta",121,74,112,192,216,241,109,105,104,179,184,162
"TfIIS",7,8,2,4,7,9,3,2,4,1,4,3
"Tfb1",0,0,0,0,0,0,0,0,0,0,0,0
"Tfb4",45,51,31,100,90,92,26,31,24,68,72,61
"Tfb5",0,0,0,0,0,0,0,0,0,0,0,0
"Tg",93,149,116,40,52,90,99,156,90,85,55,79
"Tgi",45,63,67,57,56,59,44,46,46,47,65,46
"Tgs1",0,0,0,0,0,0,0,0,0,0,0,0
"Tgt",40,64,56,31,44,33,54,44,34,75,59,45
"Theg",14,14,65,2084,2052,2355,9,15,7,1754,1686,1470
"Thor",5,0,3,2,4,1,4,0,0,0,1,2
"ThrRS",7,5,1,4,6,7,3,0,3,0,0,4
"Tie",931,1124,1001,676,764,1227,656,552,736,765,1002,767
"Tif-IA",892,1053,936,1055,1126,1285,1015,972,1118,991,1277,1026
"Tig",0,0,2,0,0,0,0,0,0,1,0,0
"Tim10",0,0,0,0,0,0,0,0,0,0,0,0
"Tim13",0,0,12,427,484,531,1,0,0,295,262,247
"Tim17a1",0,1,0,0,0,0,0,0,0,0,3,4
"Tim17a2",15,21,38,510,596,492,9,21,15,372,307,267
"Tim17b",0,0,0,0,3,5,0,0,0,2,1,1
"Tim17b1",1,2,17,509,468,481,1,6,3,354,321,284
"Tim17b2",0,0,0,3,3,0,0,0,0,0,0,0
"Tim23",1860,1930,1738,2800,2869,2924,2613,2312,2477,2901,2907,2513
"Tim8",1,1,0,5,0,1,1,1,0,0,1,0
"Tim9a",0,0,0,0,0,0,2,0,0,0,1,0
"Tim9b",0,0,0,0,0,0,0,0,0,0,0,0
"Timp",1018,1071,978,670,764,854,829,957,1053,870,1021,936
"Tina-1",31,47,36,20,30,27,461,398,448,501,336,553
"Tip60",0,0,2,0,0,1,2,2,1,0,0,1
"Tis11",186,162,149,165,187,178,192,227,146,139,217,157
"Tk",0,0,0,0,0,0,0,0,0,2,0,0
"TkR86C",2,0,0,0,1,7,5,0,2,0,2,2
"TkR99D",0,0,0,0,0,0,0,0,0,0,0,0
"Tl",0,0,0,0,0,0,0,0,0,0,1,0
"Tlk",27,23,32,19,7,33,11,33,8,15,13,13
"Tm1",10600,10350,10192,9261,7188,8061,9338,8589,9708,8947,7858,7751
"Tm2",6312,6252,6446,5479,4828,5455,7966,6024,5207,6644,5464,5986
"Tmc",0,0,0,0,0,0,0,0,0,0,1,0
"Tmem131",0,0,0,0,0,0,0,0,0,0,0,2
"Tmem18",60,96,66,153,207,179,96,79,97,121,115,148
"Tmem214",13,14,9,10,9,15,11,7,14,15,11,7
"Tmem43",276,264,254,363,357,367,223,252,307,323,416,303
"Tmem63",939,1132,910,877,820,993,905,855,942,778,1074,839
"Tmep",163,119,159,145,110,191,128,97,144,134,137,132
"Tmf",220,238,223,314,293,373,225,211,165,357,338,267
"Tmhs",9,14,11,7,18,12,9,20,6,3,17,6
"Tmlh",653,723,520,942,1009,806,543,422,635,596,981,517
"Tmtc1",83,84,66,90,63,96,76,73,63,61,94,78
"Tmtc2",10,24,13,16,20,25,20,13,11,7,17,18
"Tmtc3",4,2,1,0,1,1,0,0,0,1,1,1
"Tmtc4",59,51,54,61,61,67,38,39,41,65,69,50
"Tmx3",512,482,474,438,462,572,436,361,488,470,536,451
"Tnks",0,0,0,0,0,0,0,0,0,0,0,0
"Tnpo",0,0,1,2,0,0,0,0,0,0,0,0
"Tnpo-SR",0,0,0,0,0,0,0,0,0,0,0,0
"Tob",440,383,454,482,418,579,560,402,401,582,546,466
"Toll-4",2,6,8,11,13,16,5,9,0,1,5,6
"Toll-6",67,26,50,94,74,103,56,51,74,75,80,70
"Toll-7",222,167,213,304,236,394,232,146,179,283,338,266
"Toll-9",0,0,0,2,2,0,2,0,0,1,0,3
"Tollo",237,339,353,196,232,321,252,243,229,275,303,306
"Tom",4,0,1,12,5,5,0,0,2,0,7,6
"Tom20",8,2,1,37,41,45,1,4,9,25,19,33
"Tom40",89,75,83,79,106,93,129,86,117,122,105,102
"Tom7",0,0,0,0,1,2,0,0,0,4,0,0
"Tom70",0,0,0,1,0,0,0,0,0,0,0,0
"Tomosyn",1,3,0,0,0,2,0,0,0,0,0,0
"Top1",38,45,43,66,76,57,44,16,32,29,43,37
"Top2",0,0,1,0,0,0,1,0,0,0,0,0
"Top3alpha",119,166,128,119,109,149,181,120,116,128,110,123
"Top3beta",12,3,5,4,3,4,5,3,10,18,9,8
"Topors",0,3,0,4,0,3,0,0,1,0,1,0
"Torsin",2,0,0,0,0,0,0,0,0,0,2,0
"TotA",148,189,210,334,423,281,653,2569,1322,52,95,460
"TotB",430,387,345,347,299,280,315,513,568,112,113,353
"TotC",5,13,0,22,27,26,45,76,53,3,13,42
"TotE",0,3,0,41,57,27,7,10,7,8,13,4
"TotF",0,0,0,25,19,15,2,1,3,1,3,10
"TotM",0,0,0,0,0,0,0,0,0,0,0,0
"TotX",128,108,71,46,38,48,224,477,400,24,19,145
"TotZ",32,36,26,77,54,47,276,568,745,36,74,302
"Tpc1",0,0,0,0,0,0,0,0,0,0,0,0
"Tpc2",1,0,16,214,255,367,0,7,2,214,171,201
"Tpi",25,16,26,318,318,441,17,21,12,261,200,246
"Tpl94D",0,0,0,0,0,0,0,0,0,0,0,0
"TpnC25D",7,3,12,3,7,3,5,5,2,0,5,5
"TpnC4",0,0,0,0,0,0,0,0,0,0,0,0
"TpnC41C",127,184,164,132,120,208,143,117,272,143,236,163
"TpnC47D",0,0,2,3,0,0,0,1,1,0,1,0
"TpnC73F",3,6,3,5,4,1,5,2,12,5,10,13
"TppII",1,5,0,0,5,6,1,5,0,3,3,5
"Tpr2",320,337,312,347,420,390,466,330,406,285,387,299
"Tps1",3705,7086,3217,1375,1333,1202,6355,4582,1483,1072,1526,1747
"Tpst",129,112,104,110,146,154,159,117,122,178,164,154
"Tpt",0,0,0,0,0,0,0,0,0,0,0,0
"Traf-like",0,0,0,0,0,0,0,0,0,0,0,0
"Traf4",57,40,41,33,61,63,40,40,28,34,58,22
"Traf6",236,234,203,146,157,185,167,194,177,155,216,199
"Trap1",1,2,3,9,6,8,2,5,3,2,5,13
"Trax",0,0,0,0,0,0,0,0,0,0,0,0
"Trc8",0,1,3,16,23,42,0,0,0,25,13,22
"Tre1",33,33,16,46,25,27,21,11,11,25,39,13
"Treh",50,72,60,64,47,55,49,56,50,44,30,54
"Tret1-1",755,1366,818,327,279,353,1212,1007,389,310,334,341
"Tret1-2",67,89,46,253,206,257,34,37,38,147,158,168
"Trf",76,97,61,236,230,235,104,108,101,243,209,211
"Trf2",0,0,0,0,0,0,0,0,0,0,0,0
"Trf4",2,0,9,365,421,434,0,0,0,272,253,289
"Trf4-1",3,10,6,7,7,11,5,2,3,9,8,4
"Trf4-2",0,2,0,35,32,48,0,6,0,28,37,23
"Trf5",4,1,0,11,11,6,2,0,0,0,6,3
"Trhn",96,97,49,77,50,100,125,80,82,91,100,104
"Trim9",37,23,22,27,44,23,39,12,27,28,26,15
"Trissin",18,11,24,41,22,47,24,27,16,13,16,33
"TrissinR",0,0,0,0,0,0,0,0,0,0,0,0
"Trl",0,0,0,0,0,0,1,0,0,2,0,3
"Trm1",257,291,218,216,169,227,249,185,216,187,200,189
"Trm7-32",196,227,189,220,238,276,192,173,206,193,250,202
"Trm7-34",149,165,158,153,146,134,153,133,118,116,180,149
"Trmt112",109,77,71,81,130,109,115,92,112,103,136,105
"Trmt6",3,1,4,0,1,0,6,0,0,2,2,1
"Trmt61",0,0,0,0,0,0,0,0,0,0,0,0
"Trp1",0,0,0,0,0,0,0,0,0,0,0,0
"TrpA1",0,0,0,0,0,0,0,0,0,0,0,0
"TrpRS",947,983,908,1353,1204,1340,737,778,747,921,962,864
"TrpRS-m",22,21,22,141,136,154,32,25,43,122,137,108
"Trpgamma",58,58,66,57,48,94,78,40,75,75,70,64
"Trpm",21,24,28,24,19,28,30,27,19,23,23,25
"Trpml",1,0,0,0,0,0,0,0,0,2,0,0
"Trs20",134,131,127,146,180,167,143,164,142,133,164,129
"Trs23",135,184,167,178,158,227,145,143,175,142,177,179
"Trs31",217,219,196,212,213,244,208,184,234,154,198,193
"Trs33",69,59,51,74,89,77,60,69,77,67,96,79
"Trx2",50,43,46,32,32,46,50,51,99,30,66,33
"TrxT",0,0,0,0,0,0,0,0,0,0,0,0
"Trxr1",108,118,89,94,101,155,167,145,116,72,84,115
"Trxr2",0,0,15,284,279,429,0,0,0,267,277,235
"Try29F",68,69,68,18,27,18,55,35,50,19,12,17
"Ts",0,0,0,0,0,0,0,0,0,0,0,0
"Tsc1",467,564,474,508,393,454,468,403,366,473,491,466
"Tsen15",0,0,0,0,0,0,0,0,0,0,0,0
"Tsen2",33,13,20,17,22,28,24,15,22,20,16,13
"Tsen34",13,5,8,16,6,10,16,13,10,7,14,21
"Tsen54",63,48,48,169,157,230,45,53,48,121,101,120
"Tsf1",0,0,0,4,6,5,1,2,2,1,6,1
"Tsf2",884,889,802,837,992,1198,739,834,948,908,1493,867
"Tsf3",316,353,273,334,387,313,214,283,360,290,337,236
"Tsp",46,55,46,23,32,31,37,43,36,32,31,31
"Tsp26A",1,0,0,0,0,2,0,0,1,0,0,0
"Tsp29Fa",9,16,9,2,10,4,8,7,9,5,3,9
"Tsp29Fb",0,0,0,0,0,0,0,0,0,0,0,0
"Tsp2A",22,13,8,2,11,15,11,10,4,5,3,13
"Tsp33B",0,0,6,361,282,256,0,0,0,203,205,178
"Tsp39D",560,617,486,648,623,762,559,506,596,495,673,499
"Tsp3A",70,73,46,66,63,65,43,17,25,53,86,52
"Tsp42A",1,0,0,0,12,10,0,0,0,3,4,0
"Tsp42Ea",48,53,47,34,80,45,59,83,86,83,101,84
"Tsp42Eb",24,39,21,33,28,26,48,44,38,23,32,23
"Tsp42Ec",65,68,69,12,5,7,94,78,53,23,11,17
"Tsp42Ed",6,7,3,1,8,4,5,7,7,2,3,9
"Tsp42Ee",10,14,7,4,3,16,6,13,11,9,7,12
"Tsp42Ef",963,1009,1030,844,887,960,937,1083,1130,977,1081,983
"Tsp42Eg",2784,2536,2434,1672,2075,2112,2369,2434,3290,2789,3012,2879
"Tsp42Eh",355,382,391,208,227,293,348,450,612,513,341,396
"Tsp42Ei",1,0,3,0,1,2,3,5,0,1,0,4
"Tsp42Ej",1245,1213,1074,1164,1247,1329,965,900,837,1127,1275,1152
"Tsp42Ek",2,7,4,2,3,7,0,8,3,6,5,2
"Tsp42El",788,877,765,455,490,475,616,782,1007,588,697,602
"Tsp42En",20,13,6,2,11,22,9,16,20,7,18,14
"Tsp42Eo",0,0,0,0,0,0,0,0,0,0,0,0
"Tsp42Ep",5,9,10,11,6,16,9,5,16,9,6,7
"Tsp42Eq",216,263,215,156,154,91,337,305,222,223,164,195
"Tsp42Er",160,236,171,74,91,47,279,427,207,213,140,151
"Tsp47F",40,24,30,22,17,14,18,19,10,14,17,26
"Tsp5D",89,78,77,95,72,83,92,64,62,84,107,58
"Tsp66A",0,0,0,0,0,0,0,0,0,0,0,0
"Tsp66E",5,2,2,5,6,7,3,4,2,3,3,3
"Tsp68C",0,0,0,1,0,0,0,0,0,0,0,0
"Tsp74F",9,12,14,10,8,12,6,15,15,5,12,18
"Tsp86D",0,0,0,0,0,0,0,0,0,0,0,0
"Tsp96F",174,188,207,205,163,245,186,169,224,237,263,174
"Tsp97E",0,0,0,0,0,0,0,0,0,0,0,0
"Tspo",197,217,228,263,246,211,277,279,283,226,238,247
"Tsr1",374,447,378,306,288,331,516,370,411,418,362,400
"Tssk",0,0,0,0,0,0,0,0,0,0,0,0
"Ttc1",4,1,1,7,4,4,2,2,1,5,8,3
"Ttc19",679,752,644,860,835,837,716,732,900,805,826,632
"Ttc26",65,70,66,59,75,59,11,19,27,45,55,41
"Ttc30",0,0,0,0,2,0,0,0,0,0,0,0
"Ttc7",0,2,0,0,1,3,0,3,0,1,2,0
"Ttd14",547,511,513,449,496,537,429,390,465,413,381,445
"Tti1",88,99,68,70,63,68,80,73,66,57,40,40
"Tudor-SN",73,42,45,44,43,40,49,43,64,32,63,44
"Tusp",3,0,0,1,1,6,0,0,0,2,0,0
"TwdlB",0,0,0,4,8,7,0,0,5,1,2,0
"TwdlC",1,0,0,2,1,0,0,0,3,1,5,0
"TwdlD",11,8,4,90,98,87,4,12,11,13,37,19
"TwdlE",16,17,22,113,184,327,17,5,16,7,63,23
"TwdlF",0,2,3,2,3,4,0,1,0,0,2,0
"TwdlG",9,3,3,13,8,9,5,0,1,0,0,0
"TwdlH",0,0,0,0,2,11,0,0,0,0,0,0
"TwdlJ",1,0,5,6,2,5,0,0,0,3,13,2
"TwdlK",1,0,1,32,62,47,0,0,0,4,101,14
"TwdlL",0,0,0,0,0,0,0,0,0,0,0,0
"TwdlM",0,2,0,16,34,18,0,0,0,2,1,1
"TwdlN",0,0,0,8,7,15,0,0,3,1,16,4
"TwdlO",1,0,0,20,6,9,0,0,0,0,1,1
"TwdlP",11,8,8,82,89,103,10,10,6,26,48,31
"TwdlQ",0,0,0,1,4,5,0,0,0,0,0,0
"TwdlR",0,0,0,0,1,0,0,0,1,0,0,0
"TwdlS",0,0,0,0,0,0,0,0,0,0,0,0
"TwdlT",5944,4687,4176,4808,9452,10016,4620,1321,5367,1158,7931,1728
"TwdlV",6,7,3,17,10,18,2,6,2,7,17,5
"TwdlW",7,8,4,6,3,11,3,1,6,9,4,7
"TwdlX",0,1,5,3,5,6,0,0,0,6,2,2
"TwdlY",3,1,2,14,4,5,2,4,4,20,12,8
"TwdlZ",2,0,0,0,0,0,1,0,0,0,0,0
"Twdlalpha",5,4,13,323,273,351,4,1,5,262,241,190
"Twdlbeta",3754,1411,777,11431,10937,11845,2784,218,2638,1740,10306,2921
"Txl",1183,1388,1037,1143,1259,1342,1277,1504,1304,1265,1514,1351
"Tyler",0,0,0,0,0,0,0,0,0,0,0,0
"TyrR",0,1,0,0,0,3,0,0,0,0,0,0
"TyrRII",15,10,7,4,15,20,7,7,9,13,12,21
"TyrRS",1439,1497,1353,1304,1150,1257,1017,1139,1148,1051,1191,1057
"TyrRS-m",359,405,370,415,298,383,369,297,352,279,373,291
"U2A",68,63,44,64,72,74,57,69,60,48,87,66
"U2af38",0,0,0,0,0,3,0,0,0,0,0,0
"U2af50",1,4,2,1,5,9,6,5,2,4,5,10
"U3-55K",80,87,82,67,81,88,85,58,104,133,115,86
"U4-U6-60K",95,148,106,122,114,143,108,96,70,124,159,116
"UBL3",3,3,1,0,0,0,4,1,1,1,0,0
"UGP",0,0,0,0,0,1,0,0,1,0,0,0
"UK114",0,4,3,0,0,0,0,0,0,0,0,0
"UQCR-11",64,61,35,20,35,47,78,90,69,43,36,57
"UQCR-11L",0,0,0,0,0,0,0,0,0,0,0,0
"UQCR-14",0,0,0,0,0,0,0,0,0,0,0,0
"UQCR-14L",1,0,8,429,367,421,0,0,0,276,287,280
"UQCR-6.4",4,0,5,7,1,3,4,5,5,0,2,3
"UQCR-6.4L",25,21,24,209,256,295,42,19,6,147,147,178
"UQCR-C1",0,0,0,0,0,0,0,0,0,1,0,0
"UQCR-C2",2,0,5,12,12,9,1,5,2,11,6,9
"UQCR-Q",1,2,5,1,1,0,1,1,1,3,3,7
"Uba1",0,0,0,0,0,0,0,0,0,0,0,0
"Uba2",560,618,519,475,426,556,510,522,551,462,509,424
"Uba3",213,218,217,243,245,288,177,206,215,236,276,204
"Uba4",0,0,0,0,0,0,0,0,0,0,0,0
"Uba5",321,370,293,319,314,278,287,283,327,320,408,279
"Ubc10",608,571,598,856,890,855,558,646,698,714,932,687
"Ubc2",89,97,74,102,83,61,91,93,90,124,128,87
"Ubc4",13,3,6,2,8,12,5,3,12,6,13,10
"Ubc6",1471,1640,1552,1394,1366,1517,1586,1435,1827,1411,1719,1537
"Ubc7",0,0,0,0,0,0,0,0,0,0,0,0
"Ubc84D",5,5,23,669,619,805,3,10,3,491,500,474
"Ubc87F",1,1,33,1066,1168,1384,0,0,0,965,903,880
"UbcE2H",306,297,285,285,231,325,441,387,285,372,354,308
"UbcE2M",1,0,1,8,9,11,8,1,0,4,3,4
"Ube3a",533,661,508,1247,1283,1710,484,505,425,1271,1192,1174
"Ube4A",536,582,473,741,706,918,481,493,377,641,709,708
"Ube4B",4,0,4,41,22,53,1,3,0,28,11,11
"Ubi-p5E",5,8,1,8,9,4,6,12,4,0,3,5
"Ubi-p63E",1,1,1,83,88,138,0,0,0,59,65,92
"Ublcp1",239,244,234,544,500,501,194,254,245,426,476,384
"Ubqn",263,230,165,233,263,276,244,239,310,229,216,251
"Ubr1",232,218,232,194,204,257,284,252,195,196,210,197
"Ubr3",0,0,0,0,0,0,0,0,0,0,0,0
"Ubx",0,0,0,0,0,0,0,0,0,0,0,0
"Uch",4,0,0,0,0,3,2,0,0,2,3,0
"Uch-L5",21,18,14,17,18,35,19,35,23,35,26,27
"Uch-L5R",0,0,16,504,415,568,2,0,0,251,254,230
"Uck",1,4,3,3,2,5,0,1,3,10,8,4
"Ucp4A",14,16,10,13,11,13,11,18,8,13,11,12
"Ucp4B",0,0,0,0,0,0,0,0,0,0,0,0
"Ucp4C",1,1,32,771,743,889,0,2,2,570,476,457
"Ude",0,0,3,0,6,2,0,0,2,0,0,1
"Uev1A",61,65,56,61,59,41,150,110,156,99,132,128
"Ufc1",232,221,165,265,253,257,263,252,239,202,236,200
"Ufd1",470,537,483,831,851,999,473,531,504,896,830,695
"Ufd4",3410,4413,3688,3744,3704,4934,4005,3337,2898,4214,4430,4101
"Ufl1",0,0,0,0,0,0,0,0,0,0,0,0
"Ufm1",0,2,0,0,1,0,0,0,0,0,0,0
"Ufsp1",0,0,0,1,0,2,0,0,0,0,0,0
"Ufsp2",329,390,360,1659,1452,1898,326,302,317,1448,1343,1235
"Ugalt",0,0,1,0,0,0,0,0,1,0,0,0
"Uggt",460,543,508,703,775,802,548,458,502,727,755,759
"Ugt301D1",2,0,2,0,0,1,0,0,0,0,0,0
"Ugt302C1",1010,1272,1001,584,686,830,961,1304,1001,828,882,916
"Ugt302E1",24,36,36,10,7,2,10,27,17,2,6,4
"Ugt302K1",0,1,2,0,0,0,1,1,0,0,4,0
"Ugt303A1",15,15,25,0,1,0,10,7,7,2,1,4
"Ugt303B1",0,0,0,0,0,0,0,0,0,0,0,0
"Ugt303B2",18,33,17,24,18,13,13,15,8,19,8,5
"Ugt303B3",379,428,349,190,231,166,254,212,216,201,240,164
"Ugt304A1",92,110,59,35,41,29,116,142,95,26,96,35
"Ugt305A1",1,0,0,5,2,1,0,0,0,2,3,1
"Ugt307A1",0,0,0,1,1,0,0,0,0,0,1,0
"Ugt316A1",41,29,24,34,23,42,37,61,28,35,34,22
"Ugt317A1",1,0,4,3,3,0,3,5,2,2,0,1
"Ugt35A1",326,420,348,245,341,305,216,260,400,320,408,247
"Ugt35B1",389,520,445,182,227,235,414,376,295,325,190,288
"Ugt35C1",227,393,194,105,77,42,171,164,77,82,55,48
"Ugt35D1",0,0,0,3,8,4,0,0,0,1,0,1
"Ugt35E1",8,7,8,2,0,0,2,3,1,0,1,0
"Ugt35E2",6,23,15,2,2,6,13,7,12,11,9,8
"Ugt36A1",0,0,0,0,0,0,0,0,0,0,0,0
"Ugt36D1",1,1,2,1,3,0,3,1,0,0,2,0
"Ugt36E1",0,0,0,0,0,0,0,0,0,0,0,0
"Ugt36F1",148,156,129,128,191,217,134,90,193,138,265,121
"Ugt37A1",4,4,2,0,0,0,18,15,0,0,4,2
"Ugt37A2",82,160,63,38,29,7,113,60,19,6,27,3
"Ugt37A3",70,81,26,11,6,7,146,178,97,63,48,88
"Ugt37B1",27,22,21,6,2,2,8,3,20,8,8,6
"Ugt37C1",7,5,0,2,2,3,3,2,4,1,2,3
"Ugt37C2",2,1,7,0,2,0,10,0,1,0,0,3
"Ugt37D1",0,0,0,0,0,0,0,0,0,0,0,0
"Ugt37E1",0,0,1,5,0,8,1,1,1,0,2,1
"Ugt49B1",1016,1276,842,614,714,523,815,810,1026,691,1085,624
"Ugt49B2",0,2,1,3,3,10,0,0,0,1,6,9
"Ugt49C1",0,0,0,1,0,0,4,0,0,0,1,0
"Ugt50B3",32,59,38,30,33,38,64,56,32,23,58,33
"Uhg1",0,0,0,0,0,0,0,0,0,0,0,0
"Uhg2",0,0,0,0,0,0,0,0,0,0,0,0
"Uhg3",0,0,0,0,0,2,1,0,0,2,1,0
"Uhg4",97,109,88,65,111,108,115,90,108,76,76,60
"Uhg5",0,0,0,0,0,0,0,0,0,0,0,0
"Uhg7",0,0,0,0,0,0,0,0,0,0,0,0
"Uhg8",25,25,20,25,17,14,34,19,31,14,9,15
"Ulp1",498,571,585,532,531,752,514,491,454,507,584,468
"Unc-115a",1,1,2,1,1,1,0,0,0,2,1,1
"Unc-115b",0,1,0,1,0,0,0,1,0,3,2,2
"Unc-76",324,328,315,332,270,467,434,309,326,361,388,360
"Unc50",249,286,172,254,243,283,196,228,230,221,267,188
"Unr",0,0,0,1,1,0,2,2,0,1,2,3
"Upf1",45,42,32,41,52,65,57,61,33,41,46,50
"Upf2",352,422,397,375,329,494,381,329,286,387,446,389
"Upf3",0,0,0,0,4,2,0,0,0,0,0,0
"Uqcc1",351,386,340,382,371,373,519,431,461,396,440,424
"Urm1",26,42,27,33,48,36,40,60,59,34,35,37
"Uro",5,5,0,9,10,6,11,6,2,7,1,4
"Urod",1147,1245,997,1101,1091,1053,1209,1126,1267,1154,1289,1074
"Uros1",150,161,177,240,132,175,162,130,185,110,136,114
"Uros2",0,5,43,907,903,1055,1,1,0,603,455,529
"Use1",111,113,124,138,150,155,126,127,114,122,166,139
"Usf",79,67,72,45,68,85,66,68,62,72,65,67
"Usp1",3,4,1,1,5,1,1,3,1,1,0,4
"Usp10",329,229,260,264,291,331,342,207,289,326,317,266
"Usp12-46",323,349,334,387,386,416,337,299,277,361,507,400
"Usp14",0,1,0,0,0,0,0,0,0,1,0,0
"Usp15-31",3,0,0,0,0,6,0,0,0,1,0,1
"Usp16-45",30,27,21,45,33,46,27,34,20,47,35,30
"Usp2",1545,1214,1601,1223,1180,1404,2032,1723,1408,1437,1262,1365
"Usp20-33",251,310,266,879,848,1223,255,271,255,795,792,772
"Usp30",0,0,2,3,0,3,0,1,0,1,0,4
"Usp32",0,0,0,0,0,0,0,0,0,0,0,0
"Usp39",137,123,112,182,207,231,125,110,126,139,176,166
"Usp47",1,3,3,3,5,14,8,7,3,4,0,4
"Usp5",0,0,0,1,0,0,0,0,0,0,0,0
"Usp7",270,211,196,267,266,334,363,271,247,298,261,316
"Usp8",175,163,218,298,292,409,149,146,130,328,319,278
"Utx",42,26,23,25,32,22,31,21,31,27,26,20
"Uvrag",0,0,0,0,0,0,0,0,0,0,0,0
"Uxs",295,352,342,241,249,259,299,316,268,288,268,293
"Uxt",0,1,0,2,0,0,0,0,0,4,0,0
"VAChT",925,833,989,1093,898,1497,956,781,700,1250,1153,1128
"VGAT",461,385,358,464,292,493,464,300,352,404,503,425
"VGlut",13,6,9,11,17,23,6,8,6,4,7,7
"Vago",0,0,0,0,0,0,0,0,0,0,0,0
"Vajk1",0,0,0,0,0,0,0,0,0,0,0,0
"Vajk2",8805,7053,6284,12753,16278,16627,5683,4566,10027,9538,25864,9806
"Vajk3",6674,5739,5143,11770,15070,15476,4686,4204,10362,8000,19798,8009
"Vajk4",1671,1119,636,2424,2804,3653,2155,373,1720,1332,4649,1504
"ValRS",0,0,0,0,0,0,4,0,0,0,1,0
"ValRS-m",9,1,1,1,0,0,2,0,0,0,2,1
"Vamp7",0,0,0,0,0,0,0,0,0,0,0,0
"Vang",0,0,0,0,0,0,0,0,0,0,0,0
"Vap33",0,0,0,0,0,0,0,0,0,0,0,0
"Vav",192,178,175,135,151,222,158,164,189,161,194,136
"Vdup1",8,7,6,1,5,6,0,5,13,4,13,3
"Veneno",247,275,189,239,258,275,209,207,245,184,246,241
"VepD",2,2,3,9,5,1,1,5,4,6,5,6
"Vha100-1",0,0,0,0,0,0,0,0,0,0,0,0
"Vha100-2",66,99,62,47,47,66,92,121,52,41,26,70
"Vha100-3",1,0,53,1272,1241,1461,0,0,0,1043,821,867
"Vha100-4",78,118,92,25,15,9,178,166,72,35,25,17
"Vha100-5",0,0,0,0,0,0,0,0,0,0,0,1
"Vha13",8,9,13,8,8,7,22,20,16,17,4,17
"Vha14-1",2218,2196,1878,1700,1760,1911,2776,2883,2594,1809,2178,2040
"Vha14-2",0,0,3,68,92,126,0,0,0,58,66,51
"Vha16-1",12,11,15,15,10,9,128,120,120,160,114,190
"Vha16-2",0,0,0,0,0,0,0,0,0,0,0,0
"Vha16-3",0,0,0,0,0,2,0,0,0,0,0,0
"Vha16-4",0,1,1,52,42,38,0,0,0,13,20,22
"Vha16-5",1,0,11,150,136,168,0,1,0,114,97,106
"Vha26",83,56,45,72,69,96,100,56,100,92,79,67
"Vha36-1",2830,2994,2559,2050,1857,2044,3387,3388,3034,2232,2666,2355
"Vha36-2",1,3,22,557,479,619,0,0,1,492,460,395
"Vha36-3",0,0,0,0,1,0,0,0,0,0,0,0
"Vha44",0,0,0,0,0,0,0,0,0,0,0,0
"Vha55",0,0,0,2,3,0,0,0,0,0,0,0
"Vha68-1",63,56,61,59,81,109,71,57,64,91,78,84
"Vha68-2",3,7,5,2,9,1,3,4,2,1,0,2
"Vha68-3",3,0,87,1740,1558,2239,0,1,0,1447,1366,1173
"VhaAC39-1",3851,4323,3830,2914,3067,3374,4928,5118,4378,3593,4140,3779
"VhaAC39-2",2,4,6,128,107,120,5,4,6,103,99,88
"VhaAC45",1,1,0,0,1,0,1,0,3,0,0,0
"VhaAC45RP",0,0,0,0,0,0,0,0,0,0,0,0
"VhaM9.7-a",42,37,29,30,12,3,14,22,57,55,48,15
"VhaM9.7-b",23,22,27,5,16,16,18,27,28,11,14,5
"VhaM9.7-c",303,280,248,287,378,286,281,311,319,254,324,252
"VhaM9.7-d",2,0,16,293,256,331,0,0,0,203,207,181
"VhaPPA1-1",0,0,0,0,0,0,0,0,0,0,0,0
"VhaPPA1-2",0,0,5,132,148,180,0,0,0,114,90,63
"VhaSFD",42,90,81,59,30,54,24,35,26,14,30,30
"Vhl",0,0,0,0,0,0,1,0,0,0,0,0
"Vinc",0,2,0,0,1,0,0,0,1,1,0,3
"Vkor",3,4,10,8,12,17,0,0,2,16,9,3
"Vlet",0,0,0,0,1,0,0,1,0,0,0,0
"Vm26Aa",0,0,0,0,0,0,0,0,0,0,0,0
"Vm26Ab",0,0,0,0,0,0,0,0,0,0,0,0
"Vm26Ac",0,0,0,0,0,2,0,0,0,0,0,0
"Vm32E",0,0,0,0,0,0,0,0,0,0,0,0
"Vm34Ca",0,0,2,2,7,0,2,0,1,0,5,0
"Vmat",56,65,76,43,49,49,39,59,45,35,43,41
"Vml",0,0,0,0,0,0,0,0,0,0,0,0
"Vps11",291,364,338,306,274,352,475,420,421,276,337,301
"Vps13",0,6,1,0,4,0,3,1,0,0,0,1
"Vps13B",144,188,182,926,875,1442,142,124,139,1021,947,883
"Vps13D",365,596,413,376,403,440,382,329,342,371,365,313
"Vps15",144,167,127,79,116,96,130,147,109,128,109,122
"Vps16A",465,579,427,463,435,564,472,453,470,426,563,458
"Vps16B",97,110,81,98,110,96,105,127,121,88,103,89
"Vps2",653,680,612,595,612,630,710,589,734,666,744,602
"Vps20",1,0,0,0,0,0,0,0,0,0,0,0
"Vps24",19,25,22,27,17,17,12,6,12,17,21,13
"Vps25",179,221,230,248,211,247,235,217,224,228,254,241
"Vps26",703,697,628,652,660,804,774,766,727,762,760,661
"Vps28",28,21,18,16,24,33,33,36,53,11,23,20
"Vps29",236,237,197,367,340,392,238,259,267,283,370,280
"Vps33B",260,344,265,332,272,386,249,275,262,251,284,242
"Vps35",0,3,4,4,5,6,0,3,4,4,4,6
"Vps36",268,310,221,287,325,341,253,266,400,302,337,273
"Vps37B",4,6,4,10,6,17,10,11,5,3,4,1
"Vps39",92,158,116,142,143,197,118,122,119,145,176,149
"Vps4",12,21,6,12,5,7,7,11,5,7,6,12
"Vps45",180,207,175,230,219,220,194,211,144,177,247,183
"Vps50",380,468,430,348,312,384,373,463,428,308,347,375
"Vps51",218,267,222,388,392,477,178,161,211,307,306,292
"Vps52",349,397,301,330,308,341,408,336,346,374,390,365
"Vps53",218,275,240,265,267,341,241,203,185,315,336,298
"Vps60",0,0,0,14,24,8,0,0,0,6,5,15
"Vps8",193,234,192,397,380,519,209,208,215,355,441,320
"Vrp1",0,0,0,0,0,0,0,0,0,0,0,2
"Vsp37A",0,0,0,0,0,0,0,0,0,0,0,0
"Vsx1",0,5,9,3,1,4,4,6,7,5,6,8
"Vsx2",0,0,0,0,0,0,0,0,0,0,0,0
"Vta1",648,608,595,645,644,617,481,554,610,540,716,531
"Vti1a",112,106,99,127,90,132,100,118,119,137,131,132
"Vti1b",10,9,6,15,14,16,3,4,2,8,7,14
"Vtld",0,0,1,30,32,36,0,0,0,32,25,26
"WASp",15,29,27,26,27,40,36,15,27,19,37,17
"WDR79",0,0,0,0,0,0,0,0,0,0,0,0
"WDY",0,0,4,74,52,63,0,0,0,25,23,26
"WRNexo",0,0,0,0,0,0,0,0,0,0,0,0
"Wbp2",9,8,5,39,25,37,2,5,9,18,9,16
"Wdfy2",0,0,0,0,0,0,0,0,0,0,1,0
"Wdr24",0,0,0,0,0,0,0,0,0,0,0,0
"Wdr33",0,0,0,0,0,0,0,0,0,0,0,0
"Wdr37",276,242,235,240,260,285,248,223,172,202,225,231
"Wdr59",2,0,3,2,1,5,1,3,0,0,0,1
"Wdr62",29,37,42,24,40,28,32,43,38,28,24,21
"Wdr81",110,139,180,105,134,157,137,105,102,107,127,128
"Wdr82",202,232,178,206,212,212,147,179,240,193,293,190
"Wdr92",74,86,91,356,327,405,47,67,81,332,319,255
"Wee1",0,0,0,0,0,0,0,0,0,0,0,0
"Whamy",0,0,0,0,0,0,0,0,0,0,0,0
"Wnk",5,1,3,7,3,2,1,0,0,0,4,0
"Wnt10",5,10,10,3,11,6,3,3,5,3,4,9
"Wnt2",0,0,0,0,0,0,0,0,0,0,0,0
"Wnt4",0,6,2,3,7,0,0,7,0,9,6,0
"Wnt5",3,2,1,5,2,1,4,2,2,5,2,3
"Wnt6",0,0,0,0,0,0,0,0,0,0,0,0
"Wsck",398,443,388,362,391,429,382,452,511,364,594,406
"Wwox",0,0,0,0,0,0,0,0,0,0,0,0
"X11L",8,2,8,4,2,9,9,4,3,2,7,5
"X11Lbeta",7,6,14,32,15,18,18,13,17,39,23,20
"XNP",0,0,0,0,0,0,0,0,0,0,0,0
"XRCC1",103,127,90,237,217,242,121,124,86,201,234,164
"Xbp1",0,0,0,0,0,0,0,0,0,0,0,0
"Xe7",15,35,25,26,15,27,21,18,14,10,14,30
"Xpac",73,91,67,187,169,196,80,62,65,187,218,167
"Xpc",45,36,50,88,55,90,66,39,64,79,74,55
"Xpd",93,93,110,142,138,192,106,106,126,125,152,104
"Xport-A",0,0,0,0,0,0,0,0,0,0,0,0
"Xport-B",0,0,0,6,0,4,0,0,0,0,0,0
"Xrcc2",0,1,2,0,2,1,0,2,3,2,0,0
"Xrp1",365,439,347,352,424,489,433,364,291,279,349,333
"Xxylt",478,405,473,522,511,643,360,373,529,519,705,459
"YL-1",0,2,0,0,5,3,0,1,2,5,1,5
"YME1L",0,1,1,66,47,74,2,0,3,52,26,41
"Yeti",16,24,12,16,19,27,28,26,27,19,25,16
"Yif1",0,1,2,1,1,0,0,0,1,0,6,9
"Yip1d1",343,383,289,545,508,592,341,372,417,534,577,516
"Ykt6",409,336,396,430,402,450,340,377,440,487,569,422
"Yod1",0,0,0,0,0,0,0,0,0,0,0,0
"Yp1",0,0,0,0,0,0,0,0,0,0,0,0
"Yp2",0,0,0,0,0,0,0,0,0,0,0,0
"Yp3",0,1,0,0,0,0,0,0,0,0,0,0
"Ype",0,0,0,0,0,0,0,0,0,0,0,5
"Ypel",15,19,13,17,8,7,12,22,12,6,10,5
"Ythdc1",88,82,106,96,80,145,74,80,73,95,125,91
"Ythdf",30,23,21,19,13,31,17,16,17,23,29,21
"Z600",1,0,0,9,2,18,0,1,0,3,4,4
"ZAP3",44,44,51,28,44,52,65,44,52,44,42,40
"ZC3H3",187,173,190,255,253,233,183,172,173,318,328,267
"ZIPIC",109,129,87,176,149,242,90,74,96,112,187,133
"Zaf1",0,0,0,0,5,2,0,0,0,0,0,0
"Zasp52",241,279,280,207,174,282,293,234,180,181,155,190
"Zasp66",747,697,799,350,395,543,405,466,530,526,480,557
"Zasp67",145,152,141,111,137,115,145,128,87,133,83,75
"Zcchc7",567,636,514,622,605,715,493,508,318,704,650,566
"Zdhhc8",5,6,6,3,5,10,30,22,10,11,3,10
"Zfrp8",0,0,0,0,0,0,0,0,0,0,0,0
"Zif",0,0,0,0,0,0,0,0,0,0,0,0
"Zip102B",4,2,0,0,0,0,0,0,1,0,0,0
"Zip42C.1",0,5,1,0,2,1,2,0,1,3,1,4
"Zip42C.2",0,0,0,0,0,0,0,0,0,0,0,0
"Zip48C",302,379,252,192,202,171,464,443,330,342,408,299
"Zip71B",73,83,35,46,34,52,95,77,61,42,46,30
"Zip88E",267,223,232,181,199,179,296,291,315,241,251,233
"Zip89B",275,255,195,150,171,178,308,266,187,200,267,154
"Zip99C",17,12,17,14,18,11,40,31,23,14,16,31
"Zir",627,824,654,651,641,807,639,561,631,617,714,623
"Ziz",0,0,0,0,0,0,0,0,0,0,0,0
"Zmynd10",15,9,25,453,409,455,8,6,9,243,239,220
"Zmynd8",0,0,0,0,0,0,0,0,0,2,0,0
"Zn72D",70,76,66,67,51,92,61,62,38,47,52,61
"ZnT33D",0,0,0,0,0,1,0,0,0,2,0,0
"ZnT35C",111,112,49,146,156,162,157,94,102,116,109,92
"ZnT41F",34,49,16,16,17,24,27,30,31,17,18,14
"ZnT49B",0,0,0,0,0,0,0,0,0,0,0,0
"ZnT63C",393,455,354,253,309,371,477,373,413,355,335,381
"ZnT77C",24,26,24,7,8,12,30,21,40,37,25,19
"ZnT86D",394,458,405,401,398,437,372,399,350,416,463,435
"Zpr1",170,171,149,222,216,241,162,178,180,249,317,202
"Zw",16,9,18,2,1,2,9,11,5,6,1,8
"Zw10",190,220,169,166,172,173,190,214,176,161,214,165
"Zwilch",19,26,28,111,100,111,24,18,14,62,75,68
"Zyx",0,0,0,0,0,0,0,0,0,0,0,0
"a",3,5,2,2,9,6,1,0,4,2,1,1
"a10",280,208,328,44,57,68,253,168,181,73,38,150
"a5",39,43,62,10,3,11,36,46,45,12,0,21
"a6",0,0,0,0,0,0,0,0,0,0,0,0
"aPKC",186,175,214,188,136,142,182,195,224,195,223,137
"aay",1836,2308,1602,1317,1585,1356,2397,2679,1859,1877,2155,1936
"ab",56,51,75,91,69,89,57,49,59,62,84,81
"abd-A",12,1,13,8,0,13,6,2,2,8,3,4
"abo",127,128,120,176,185,142,126,140,113,187,129,124
"abs",183,147,162,300,375,406,131,137,139,354,339,274
"ac",0,0,0,0,0,0,0,0,0,0,0,1
"achi",1,3,1,5,0,0,0,0,1,1,0,4
"acj6",6,5,11,4,12,15,12,1,5,7,15,4
"acs",93,129,105,122,94,111,171,86,97,83,105,69
"adp",0,0,0,0,1,2,0,0,0,0,1,1
"aft",153,149,137,268,294,343,123,144,98,228,235,227
"ago",3,11,4,10,2,6,5,2,3,5,2,3
"agt",9,1,5,8,5,5,13,0,1,5,7,11
"ais",66,47,31,32,30,41,58,61,42,50,36,35
"akirin",2,1,4,3,5,9,6,8,5,3,1,3
"al",25,20,43,12,18,14,32,20,18,17,28,20
"alc",186,236,208,136,188,254,251,255,232,175,226,180
"alien",6,1,3,8,4,3,4,7,4,0,2,1
"alka",0,0,0,0,0,0,0,0,0,0,0,0
"aln",95,102,100,200,155,196,110,84,74,139,156,132
"alph",2,4,8,12,7,4,4,11,4,8,2,2
"alpha-Cat",26,13,19,12,16,22,18,12,13,19,23,16
"alpha-Catr",0,0,0,0,0,0,0,0,0,0,0,0
"alpha-Est1",593,714,537,381,458,360,546,524,451,322,465,310
"alpha-Est10",39,37,23,37,18,42,24,30,14,7,32,19
"alpha-Est2",29,27,22,54,43,48,15,21,7,10,18,24
"alpha-Est3",1,0,0,0,0,3,0,2,1,0,0,2
"alpha-Est4",25,41,28,30,27,25,26,33,24,30,49,25
"alpha-Est5",20,21,11,15,20,25,30,19,24,6,22,10
"alpha-Est6",5,10,20,554,551,621,5,0,3,359,333,316
"alpha-Est7",1516,1802,1348,875,1091,1004,1207,1383,1140,862,1121,1006
"alpha-Est8",676,1271,1156,216,202,267,639,1092,624,425,280,530
"alpha-Est9",22,26,26,24,18,34,37,38,41,38,28,13
"alpha-Man-IIa",0,0,0,0,0,0,0,0,0,0,0,0
"alpha-Man-IIb",9,6,19,14,13,24,16,18,5,9,16,13
"alpha-Man-Ia",407,691,378,229,241,275,659,752,318,183,322,200
"alpha-Man-Ib",654,647,762,736,647,905,703,468,644,702,730,760
"alpha-Man-Ic",56,53,59,77,66,62,45,43,31,71,52,70
"alpha-PheRS",287,319,308,322,350,350,311,330,207,367,356,371
"alpha-Spec",0,0,0,0,0,0,0,0,0,0,0,0
"alpha4GT1",416,455,326,464,430,523,400,456,459,447,493,396
"alpha4GT2",0,0,0,3,2,3,0,0,0,40,36,26
"alphaCOP",0,0,0,0,0,0,0,0,0,0,0,0
"alphaKap4",4,0,27,498,507,617,0,0,0,327,304,278
"alphaSnap",2191,2113,2106,2450,2248,2908,2401,2001,2217,2291,2619,2472
"alphaTry",314,838,327,43,39,18,755,615,95,34,26,115
"alphaTub67C",57,57,40,2,5,10,43,50,41,11,2,6
"alphaTub84B",30112,33696,31549,30266,34265,36852,26694,31617,38430,38534,48524,38011
"alphaTub84D",1192,1312,1221,2294,2124,2731,1222,1084,1048,2498,2385,2042
"alphaTub85E",631,805,609,943,1197,1107,429,614,727,968,1448,901
"alrm",1978,1904,1856,3597,2916,3198,2373,1460,2412,2971,3695,2752
"alt",1,6,6,22,14,11,1,5,2,20,4,8
"aly",0,0,0,1,2,0,0,0,0,0,0,0
"amd",7,7,9,2,8,5,12,5,1,3,6,6
"amn",8,5,3,7,3,6,8,2,1,1,5,0
"amon",832,749,854,871,658,1209,912,697,884,851,920,981
"amos",1,1,1,1,6,3,1,1,3,5,4,3
"amrt",90,99,71,82,80,76,122,112,132,77,120,70
"amx",1,0,0,0,0,0,0,0,0,0,0,1
"ana",0,0,0,2,6,1,0,1,2,0,0,0
"ana1",0,0,0,0,6,4,0,0,2,0,0,1
"ana2",0,0,0,0,0,0,0,0,0,0,0,0
"ana3",42,27,36,216,173,203,24,20,45,126,161,126
"anchor",4,2,5,6,1,4,11,4,4,5,3,8
"angel",145,159,125,151,139,153,127,131,148,118,156,109
"anne",0,0,0,0,0,4,0,0,0,0,2,0
"anox",0,0,0,0,0,0,0,0,0,0,0,0
"antr",0,0,0,0,0,0,0,0,0,0,0,0
"aop",2,3,1,19,27,17,2,2,0,6,4,5
"aos",397,411,449,223,267,319,341,488,382,287,350,353
"ap",4,0,3,1,3,8,2,4,5,4,12,20
"aph-1",0,0,0,0,0,0,0,0,0,0,0,0
"apn",82,20,75,2470,2045,1610,70,25,135,57,1113,50
"apolpp",266,270,253,378,441,402,118,175,183,223,268,198
"app",1,2,1,6,23,19,0,0,1,5,10,9
"apt",13,4,20,16,13,17,15,15,5,23,24,18
"aqrs",0,0,0,0,0,4,0,0,0,284,60,236
"aqz",139,128,109,188,168,162,106,151,83,120,139,106
"ara",0,0,0,0,0,0,0,0,0,0,0,0
"aralar1",22,55,23,9,4,5,50,62,14,8,8,16
"arg",163,234,157,107,85,123,145,189,190,128,131,129
"ari-1",357,329,356,267,252,285,399,348,342,358,345,376
"ari-2",467,488,462,457,448,507,408,393,447,372,426,429
"arm",0,0,3,2,2,0,0,0,0,1,0,3
"armi",0,0,0,0,0,0,0,0,0,0,0,0
"arr",339,408,313,383,362,532,323,287,360,284,361,347
"aru",41,61,39,41,60,56,37,47,32,33,50,50
"arx",79,90,60,67,74,80,78,60,81,64,100,73
"asRNA:ASTR",0,0,0,0,0,0,0,1,0,2,0,0
"asRNA:CR11538",0,0,0,0,1,2,0,0,0,0,2,3
"asRNA:CR17025",0,0,0,1,1,5,0,0,0,0,0,3
"asRNA:CR30267",0,0,0,19,11,19,0,0,0,14,20,21
"asRNA:CR31084",1,0,0,0,0,0,0,0,0,0,0,0
"asRNA:CR31144",0,0,0,0,3,1,0,0,0,1,1,1
"asRNA:CR31429",0,0,0,0,0,0,0,0,0,0,0,0
"asRNA:CR31514",58,55,50,31,26,44,30,22,30,50,56,26
"asRNA:CR31845",5,4,8,17,19,25,7,2,5,25,19,21
"asRNA:CR31912",0,0,0,5,5,5,0,1,0,3,2,1
"asRNA:CR32224",0,0,0,0,0,0,0,0,0,0,0,0
"asRNA:CR32252",0,0,6,87,77,77,1,4,1,33,36,24
"asRNA:CR33945",1,0,8,4,11,4,6,8,5,2,11,5
"asRNA:CR42254",0,0,1,0,0,0,0,0,0,0,0,0
"asRNA:CR42547",42,23,28,24,29,35,25,14,43,49,37,26
"asRNA:CR42738",0,0,0,1,0,1,0,0,0,1,1,0
"asRNA:CR42742",0,0,0,2,1,0,0,0,0,0,0,0
"asRNA:CR42743",0,0,0,0,0,0,0,0,0,0,0,0
"asRNA:CR42860",0,0,0,0,0,0,0,1,0,0,0,0
"asRNA:CR42871",0,0,0,0,0,0,0,0,0,0,0,0
"asRNA:CR43152",16,6,14,485,486,491,11,9,4,297,248,291
"asRNA:CR43159",0,2,3,14,19,32,0,0,1,11,6,12
"asRNA:CR43160",0,0,12,256,319,314,0,0,0,102,120,135
"asRNA:CR43243",0,0,0,0,0,0,2,1,0,0,0,0
"asRNA:CR43257",6,4,15,4,1,1,16,17,8,5,2,10
"asRNA:CR43259",9,7,13,10,13,14,24,4,8,20,17,11
"asRNA:CR43299",0,0,0,3,3,1,0,0,0,0,2,5
"asRNA:CR43413",0,0,0,0,0,0,0,0,0,0,0,0
"asRNA:CR43425",0,0,0,0,0,0,0,0,0,0,0,0
"asRNA:CR43426",6,11,5,52,56,76,21,4,7,50,38,21
"asRNA:CR43429",0,0,0,1,0,0,0,0,0,0,0,0
"asRNA:CR43430",0,0,0,0,0,0,0,0,0,0,0,0
"asRNA:CR43433",0,1,6,63,40,54,0,0,0,23,18,33
"asRNA:CR43454",4,2,1,6,0,7,0,0,0,2,0,2
"asRNA:CR43460",0,3,0,0,0,0,1,0,3,0,0,1
"asRNA:CR43463",0,0,0,0,0,0,0,0,0,0,0,0
"asRNA:CR43464",12,10,52,38,22,48,25,5,17,35,39,21
"asRNA:CR43465",0,0,0,0,0,0,0,0,0,0,0,0
"asRNA:CR43466",0,0,1,18,17,26,0,0,1,9,3,3
"asRNA:CR43467",0,0,1,0,0,1,0,0,0,0,0,0
"asRNA:CR43468",3,4,5,4,2,7,2,1,5,5,7,9
"asRNA:CR43469",0,0,0,0,0,0,0,0,0,0,0,0
"asRNA:CR43470",0,0,0,0,0,0,0,0,0,0,0,0
"asRNA:CR43471",0,0,0,0,0,0,0,0,0,1,0,0
"asRNA:CR43472",2,6,3,9,2,10,10,2,2,3,3,2
"asRNA:CR43474",0,5,1,0,2,1,4,0,0,0,1,1
"asRNA:CR43476",0,0,1,24,30,17,2,1,0,10,8,9
"asRNA:CR43477",0,0,0,0,0,0,0,0,0,0,0,0
"asRNA:CR43478",0,0,0,0,0,0,0,0,0,0,0,0
"asRNA:CR43480",29,30,32,10,16,32,18,12,24,8,10,14
"asRNA:CR43481",0,0,0,0,0,0,0,0,0,0,0,0
"asRNA:CR43609",0,0,5,0,1,0,0,0,0,0,2,0
"asRNA:CR43614",0,0,0,3,0,0,0,0,0,0,1,0
"asRNA:CR43615",0,0,0,3,4,5,0,0,0,1,3,1
"asRNA:CR43629",47,32,40,27,24,44,25,33,20,29,25,38
"asRNA:CR43636",0,0,0,1,0,1,0,0,0,0,0,1
"asRNA:CR43637",18,27,28,186,177,246,21,12,9,125,153,103
"asRNA:CR43683",0,0,0,1,0,0,0,0,0,0,1,0
"asRNA:CR43723",5,4,2,15,5,6,3,8,3,6,1,8
"asRNA:CR43728",0,0,0,0,0,0,0,0,0,0,0,0
"asRNA:CR43730",4,8,2,10,9,6,20,6,12,9,4,15
"asRNA:CR43735",0,0,0,0,0,0,0,0,0,0,0,0
"asRNA:CR43767",2,0,0,0,0,0,0,0,0,0,0,0
"asRNA:CR43786",0,0,0,0,0,0,0,0,0,0,0,0
"asRNA:CR43787",0,0,2,0,0,0,0,0,0,0,4,0
"asRNA:CR43806",0,1,2,0,1,0,0,1,0,0,0,0
"asRNA:CR43809",0,0,0,0,1,0,0,0,0,1,0,0
"asRNA:CR43812",1,0,0,0,0,2,0,0,0,0,0,0
"asRNA:CR43820",0,0,1,36,39,23,0,0,6,11,13,14
"asRNA:CR43824",0,0,0,0,0,0,0,0,0,0,0,0
"asRNA:CR43833",0,1,0,5,1,2,3,3,4,2,2,6
"asRNA:CR43842",0,0,0,7,0,12,0,0,1,8,12,14
"asRNA:CR43864",0,0,0,0,0,0,0,0,0,0,0,0
"asRNA:CR43865",0,1,1,7,7,5,0,0,0,1,5,3
"asRNA:CR43866",0,3,1,1,3,5,1,0,0,1,1,3
"asRNA:CR43868",5,8,2,30,30,34,6,1,1,22,9,11
"asRNA:CR43872",0,0,0,0,2,0,0,0,0,0,0,1
"asRNA:CR43875",0,3,9,2,2,6,6,8,5,4,1,7
"asRNA:CR43876",0,0,0,0,0,0,0,0,0,0,0,0
"asRNA:CR43877",0,0,0,0,0,0,0,0,0,0,0,0
"asRNA:CR43885",0,0,0,0,0,0,0,0,0,0,0,0
"asRNA:CR43889",1,3,6,6,9,3,5,2,6,0,4,9
"asRNA:CR43891",0,0,0,0,0,0,0,0,0,0,0,0
"asRNA:CR43898",4,0,1,2,8,17,1,0,3,4,5,5
"asRNA:CR43903",0,0,0,0,0,0,0,0,0,0,0,0
"asRNA:CR43906",5,6,14,1,0,8,9,8,9,5,9,2
"asRNA:CR43908",0,0,0,0,0,0,0,0,0,0,0,0
"asRNA:CR43916",4,1,1,0,0,0,3,6,3,1,6,5
"asRNA:CR43926",0,0,0,13,14,11,0,0,0,13,14,6
"asRNA:CR43933",5,5,6,4,5,9,10,4,1,2,5,2
"asRNA:CR43936",0,0,0,0,0,0,0,0,0,0,0,0
"asRNA:CR43944",0,0,0,0,0,0,1,1,0,0,0,0
"asRNA:CR43948",0,0,0,4,12,0,0,0,0,0,0,0
"asRNA:CR43957",5,8,10,7,7,8,11,4,9,11,14,5
"asRNA:CR43959",10,13,21,12,9,24,9,21,5,8,7,11
"asRNA:CR43964",0,0,3,0,0,0,1,2,0,0,0,0
"asRNA:CR43971",6,3,5,7,6,15,3,4,1,6,2,4
"asRNA:CR43979",0,0,0,0,0,0,0,0,0,0,0,0
"asRNA:CR43981",0,2,0,0,5,2,3,0,2,2,0,0
"asRNA:CR44018",4,9,2,7,6,3,2,3,5,3,8,6
"asRNA:CR44019",1,5,2,1,3,5,7,11,2,0,0,2
"asRNA:CR44020",3,5,1,4,1,2,1,9,0,0,0,3
"asRNA:CR44021",0,0,0,0,0,0,0,0,0,0,0,0
"asRNA:CR44027",0,0,3,115,74,151,0,0,0,47,45,58
"asRNA:CR44029",315,396,355,244,186,375,218,344,333,235,266,287
"asRNA:CR44030",0,0,0,0,0,0,0,0,0,0,0,0
"asRNA:CR44031",0,3,2,0,0,1,0,1,1,0,1,0
"asRNA:CR44035",2,3,1,0,0,0,5,0,1,1,3,1
"asRNA:CR44045",0,0,0,0,0,0,0,0,0,0,0,0
"asRNA:CR44046",19,20,13,4,14,11,12,26,11,11,11,13
"asRNA:CR44047",9,7,4,3,7,3,9,18,4,13,5,5
"asRNA:CR44049",0,0,0,0,0,0,0,0,0,0,0,0
"asRNA:CR44052",0,1,0,0,0,0,2,0,0,0,0,0
"asRNA:CR44053",2,1,2,2,5,0,1,4,0,2,1,0
"asRNA:CR44054",7,16,7,5,0,4,13,0,4,3,5,5
"asRNA:CR44062",9,24,10,8,14,22,23,3,14,19,19,10
"asRNA:CR44063",0,0,0,0,0,0,0,0,0,0,0,0
"asRNA:CR44064",0,0,1,7,8,7,0,0,0,6,0,6
"asRNA:CR44065",8,9,3,1,7,1,4,11,6,0,2,11
"asRNA:CR44067",0,0,0,0,0,0,0,0,0,0,0,0
"asRNA:CR44069",7,10,4,10,3,9,8,4,3,5,6,11
"asRNA:CR44071",0,0,0,0,0,1,0,0,0,0,0,0
"asRNA:CR44083",0,1,0,8,11,11,0,3,0,4,6,2
"asRNA:CR44087",0,0,0,0,0,0,0,0,0,0,0,0
"asRNA:CR44093",5,0,2,2,7,2,6,8,3,1,7,4
"asRNA:CR44095",15,21,18,19,18,23,26,25,26,9,18,17
"asRNA:CR44106",0,0,0,0,0,0,0,0,0,0,0,0
"asRNA:CR44107",0,0,0,0,0,0,0,0,0,0,0,0
"asRNA:CR44108",1,0,0,0,0,0,0,0,0,0,0,0
"asRNA:CR44114",0,0,0,0,1,4,421,363,395,392,358,401
"asRNA:CR44115",0,0,0,5,1,1,0,0,0,6,3,1
"asRNA:CR44116",0,2,3,1,0,1,0,0,0,2,3,1
"asRNA:CR44119",10,8,4,8,4,14,10,12,2,5,7,14
"asRNA:CR44124",0,0,0,0,1,3,0,1,0,0,0,4
"asRNA:CR44130",0,0,1,11,14,8,5,1,1,1,0,2
"asRNA:CR44134",0,0,0,0,0,0,0,0,0,0,0,0
"asRNA:CR44137",35,35,27,32,39,49,53,20,26,32,45,27
"asRNA:CR44144",0,0,0,0,0,0,0,0,0,0,0,0
"asRNA:CR44147",0,0,0,0,0,0,0,0,0,0,0,0
"asRNA:CR44155",0,0,0,1,3,0,0,0,0,0,1,0
"asRNA:CR44160",0,2,0,1,4,0,1,0,0,2,1,1
"asRNA:CR44165",0,0,2,6,8,3,0,1,3,3,3,4
"asRNA:CR44168",4,1,0,1,7,3,0,0,1,1,0,3
"asRNA:CR44169",0,0,0,0,0,0,0,0,0,0,0,0
"asRNA:CR44176",0,0,2,48,75,108,0,0,0,23,18,32
"asRNA:CR44179",19,12,10,9,6,14,6,9,19,1,9,1
"asRNA:CR44181",0,0,0,0,0,0,0,0,0,0,0,0
"asRNA:CR44182",0,0,0,0,0,0,0,0,0,0,1,0
"asRNA:CR44192",0,0,0,0,0,0,0,0,0,0,0,0
"asRNA:CR44201",1,9,6,43,59,57,3,1,1,36,39,30
"asRNA:CR44205",0,2,3,34,22,31,0,0,0,18,12,21
"asRNA:CR44207",0,0,0,0,0,0,0,0,0,0,0,0
"asRNA:CR44224",0,0,1,5,4,7,1,0,0,2,4,4
"asRNA:CR44228",0,0,0,0,0,0,0,0,0,0,0,0
"asRNA:CR44235",0,0,0,0,0,0,0,0,0,0,0,0
"asRNA:CR44237",0,0,2,0,0,0,0,1,0,0,1,7
"asRNA:CR44238",0,0,0,0,0,0,0,0,0,0,0,0
"asRNA:CR44266",0,0,0,6,6,6,0,0,0,1,8,1
"asRNA:CR44267",2,1,6,59,77,61,1,1,2,38,29,40
"asRNA:CR44275",0,0,0,0,0,0,0,0,0,0,0,0
"asRNA:CR44287",0,0,0,0,0,0,0,0,0,0,0,0
"asRNA:CR44291",0,0,0,0,3,11,0,0,3,5,0,0
"asRNA:CR44293",0,1,0,14,25,22,0,0,2,18,9,12
"asRNA:CR44297",0,0,0,0,0,2,1,3,0,0,0,0
"asRNA:CR44304",0,0,0,0,0,0,0,0,0,0,0,0
"asRNA:CR44321",8,7,1,9,5,7,7,11,6,12,8,5
"asRNA:CR44340",3,3,0,4,3,2,0,3,0,1,1,2
"asRNA:CR44351",0,0,0,0,0,0,0,0,0,0,0,0
"asRNA:CR44358",0,0,7,127,110,149,0,0,0,75,79,62
"asRNA:CR44367",8,1,4,0,1,0,4,2,1,2,0,8
"asRNA:CR44368",7,14,8,0,7,7,6,3,6,14,5,4
"asRNA:CR44370",0,3,5,221,145,198,0,0,0,23,33,28
"asRNA:CR44372",0,0,0,0,0,0,0,0,0,0,0,0
"asRNA:CR44374",0,0,0,0,0,0,0,0,0,0,0,0
"asRNA:CR44375",19,19,20,6,10,16,11,5,9,11,8,10
"asRNA:CR44381",0,0,0,1,0,0,0,0,0,0,1,0
"asRNA:CR44382",2,1,1,4,3,3,2,1,4,0,0,1
"asRNA:CR44386",0,2,0,0,0,0,0,0,0,0,0,0
"asRNA:CR44390",0,0,0,0,0,0,0,0,0,0,0,0
"asRNA:CR44416",0,0,0,2,0,0,0,0,0,0,0,0
"asRNA:CR44427",0,0,0,0,0,0,0,0,0,0,0,0
"asRNA:CR44429",7,9,11,10,3,13,11,7,12,4,10,14
"asRNA:CR44431",6,9,20,4,6,3,13,8,7,5,2,6
"asRNA:CR44509",1,0,0,0,0,0,0,0,0,1,0,0
"asRNA:CR44512",3,15,5,6,3,3,4,4,2,2,3,3
"asRNA:CR44592",0,0,0,1,2,0,0,0,0,2,5,12
"asRNA:CR44599",0,0,0,0,1,0,0,2,0,0,0,0
"asRNA:CR44600",1,2,1,0,2,0,0,0,2,0,0,0
"asRNA:CR44653",2,0,0,0,0,1,0,0,0,3,1,0
"asRNA:CR44690",5,5,9,4,3,15,8,8,6,13,1,0
"asRNA:CR44703",0,1,0,10,7,3,0,0,0,1,1,3
"asRNA:CR44704",12,22,8,10,16,11,6,6,13,13,10,9
"asRNA:CR44724",9,15,6,9,14,12,7,3,11,16,10,16
"asRNA:CR44793",1,0,0,0,0,5,0,0,0,0,0,0
"asRNA:CR44806",21,37,24,16,37,16,42,28,32,23,33,20
"asRNA:CR44807",7,11,11,3,2,5,4,2,3,5,10,4
"asRNA:CR44818",0,0,0,0,0,0,0,0,0,0,0,0
"asRNA:CR44840",0,0,0,0,0,0,0,0,0,0,0,0
"asRNA:CR44841",3,3,5,7,7,11,0,6,1,10,9,12
"asRNA:CR44843",3,2,1,4,4,3,3,0,0,1,0,0
"asRNA:CR44847",0,0,0,0,0,0,0,0,0,0,0,0
"asRNA:CR44849",0,1,2,2,2,3,0,0,0,0,0,0
"asRNA:CR44850",0,0,0,0,0,0,0,0,0,0,0,0
"asRNA:CR44866",0,0,0,3,1,2,1,0,0,0,4,3
"asRNA:CR44872",0,0,0,0,0,0,0,0,0,0,0,0
"asRNA:CR44873",9,1,0,8,5,6,4,1,1,5,7,4
"asRNA:CR44891",0,0,0,0,0,0,0,0,0,0,0,0
"asRNA:CR44892",51,31,25,16,20,25,27,38,19,17,25,16
"asRNA:CR44894",0,0,0,0,0,0,0,0,1,2,2,0
"asRNA:CR44896",0,0,0,0,0,0,0,0,0,0,0,0
"asRNA:CR44897",0,0,0,0,0,1,0,1,0,0,0,0
"asRNA:CR44907",0,0,0,1,1,0,0,3,2,0,0,0
"asRNA:CR44910",0,0,0,0,0,0,0,0,0,0,0,0
"asRNA:CR44911",2,29,4,71,43,66,1,1,4,34,29,48
"asRNA:CR44958",0,0,0,0,0,0,0,0,0,0,0,0
"asRNA:CR44959",0,0,0,1,0,0,0,0,0,0,0,0
"asRNA:CR44960",25,40,37,16,31,21,47,25,40,22,39,22
"asRNA:CR44961",2,0,0,0,0,0,0,0,0,0,0,0
"asRNA:CR44962",0,0,0,0,2,0,0,0,0,0,0,0
"asRNA:CR44968",0,0,0,0,0,0,0,0,0,0,0,0
"asRNA:CR44969",0,0,0,0,0,0,0,0,0,0,0,0
"asRNA:CR44972",0,0,0,0,0,0,0,0,0,0,0,0
"asRNA:CR44975",3,2,5,0,0,0,0,0,0,0,1,0
"asRNA:CR44976",0,0,0,0,0,0,0,0,0,0,0,0
"asRNA:CR44981",27,25,26,32,33,60,37,34,33,24,25,36
"asRNA:CR44982",0,0,0,0,0,0,0,0,0,0,0,0
"asRNA:CR44984",0,0,0,2,1,4,3,0,0,0,0,0
"asRNA:CR44987",0,0,0,0,0,0,0,0,0,0,0,0
"asRNA:CR44989",0,0,0,0,0,0,0,0,0,0,0,0
"asRNA:CR44990",0,0,0,0,0,0,0,0,0,0,0,0
"asRNA:CR44992",5,8,5,16,9,12,8,1,4,8,2,6
"asRNA:CR44995",0,0,0,0,0,0,0,0,0,0,0,0
"asRNA:CR44996",0,0,0,0,0,0,0,0,0,0,0,0
"asRNA:CR44998",1,1,1,4,5,3,3,4,2,1,6,0
"asRNA:CR45000",2,5,0,2,3,0,0,3,7,3,3,0
"asRNA:CR45001",0,0,0,0,0,0,0,0,0,0,0,0
"asRNA:CR45007",0,0,0,0,0,0,0,0,0,0,0,0
"asRNA:CR45008",4,2,1,3,1,1,6,4,0,2,0,1
"asRNA:CR45009",0,0,1,6,7,7,9,4,8,7,8,14
"asRNA:CR45015",0,0,0,0,0,0,0,0,0,0,0,0
"asRNA:CR45016",0,0,0,0,0,0,0,0,0,0,0,0
"asRNA:CR45024",2,4,7,6,12,1,4,4,4,3,1,4
"asRNA:CR45026",0,0,0,0,0,0,0,0,0,0,0,0
"asRNA:CR45028",3,0,2,0,2,2,3,1,2,1,2,0
"asRNA:CR45041",0,0,0,0,0,0,0,0,0,0,0,0
"asRNA:CR45042",0,0,0,0,0,0,0,0,0,0,0,0
"asRNA:CR45044",0,1,0,2,3,4,2,0,0,0,0,0
"asRNA:CR45046",0,0,0,0,0,0,0,0,0,0,0,0
"asRNA:CR45053",0,0,0,0,0,0,0,0,0,0,0,0
"asRNA:CR45056",0,0,0,0,1,3,0,0,0,0,2,2
"asRNA:CR45104",0,0,0,7,10,18,0,0,0,1,3,7
"asRNA:CR45108",0,0,0,0,0,0,0,0,0,0,0,0
"asRNA:CR45121",1,0,0,3,2,2,0,0,0,3,7,1
"asRNA:CR45124",16,7,11,5,4,8,13,6,4,1,1,5
"asRNA:CR45126",58,56,58,36,42,68,35,33,59,62,46,29
"asRNA:CR45129",1,2,0,0,0,0,0,0,0,3,0,0
"asRNA:CR45130",0,0,0,0,0,0,0,0,0,0,0,0
"asRNA:CR45131",39,59,43,88,63,83,41,26,21,58,61,42
"asRNA:CR45132",3,5,6,3,3,2,2,2,3,0,1,1
"asRNA:CR45133",2,1,9,2,0,0,1,1,2,1,0,1
"asRNA:CR45134",0,0,0,0,0,0,0,0,0,0,0,0
"asRNA:CR45135",9,0,10,8,20,8,6,1,1,5,3,7
"asRNA:CR45136",15,2,13,6,1,7,8,9,11,8,15,3
"asRNA:CR45137",0,0,0,3,2,0,0,0,0,0,1,1
"asRNA:CR45139",0,0,0,0,0,0,0,0,0,0,0,0
"asRNA:CR45140",18,12,14,5,2,2,23,23,16,7,10,8
"asRNA:CR45141",3,2,0,0,6,3,2,4,1,1,0,0
"asRNA:CR45142",0,3,0,2,0,0,0,0,0,0,1,1
"asRNA:CR45143",0,6,0,1,2,0,1,3,0,7,4,0
"asRNA:CR45144",1,0,0,2,0,0,1,0,0,0,1,0
"asRNA:CR45145",0,5,1,0,1,3,0,2,0,1,2,0
"asRNA:CR45146",1,8,4,0,5,8,3,3,6,2,7,2
"asRNA:CR45149",0,0,0,0,0,0,0,0,0,0,0,0
"asRNA:CR45151",0,0,0,0,0,0,0,0,0,0,0,0
"asRNA:CR45152",0,0,0,0,0,0,0,0,0,0,0,0
"asRNA:CR45160",0,0,1,1,0,0,0,0,0,1,0,0
"asRNA:CR45161",0,0,0,0,0,0,0,0,0,0,0,0
"asRNA:CR45162",0,0,0,0,0,0,0,0,0,0,0,0
"asRNA:CR45163",0,0,0,0,0,0,0,0,0,0,0,0
"asRNA:CR45164",2,5,0,4,8,1,2,1,1,3,0,2
"asRNA:CR45167",0,0,0,10,10,5,17,4,15,22,31,28
"asRNA:CR45171",1,5,0,2,5,10,1,5,2,6,0,2
"asRNA:CR45175",3,0,1,2,0,2,2,1,2,5,1,0
"asRNA:CR45182",0,0,2,0,0,0,0,0,0,0,0,0
"asRNA:CR45185",297,327,345,109,124,205,242,266,472,159,260,156
"asRNA:CR45189",0,2,3,2,2,1,0,0,0,2,0,0
"asRNA:CR45190",1,1,0,0,3,2,1,1,0,1,1,1
"asRNA:CR45192",0,0,0,0,0,0,0,0,0,0,0,0
"asRNA:CR45195",0,0,0,0,0,0,0,0,0,0,0,0
"asRNA:CR45198",1,9,5,2,2,6,1,10,8,1,5,4
"asRNA:CR45202",0,0,0,0,0,0,0,0,0,0,0,0
"asRNA:CR45205",2,0,0,9,14,18,0,0,0,17,10,3
"asRNA:CR45206",9,12,3,9,10,17,1,0,2,7,8,10
"asRNA:CR45208",0,0,0,0,0,0,0,0,0,0,0,0
"asRNA:CR45209",0,4,0,0,0,1,1,0,0,1,1,1
"asRNA:CR45210",8,4,9,5,4,8,4,5,5,2,8,13
"asRNA:CR45213",1,2,0,6,1,0,1,0,0,2,1,0
"asRNA:CR45214",5,6,2,1,6,5,5,3,1,3,10,0
"asRNA:CR45257",0,0,0,1,7,0,0,0,0,0,0,0
"asRNA:CR45260",0,0,0,1,2,1,0,0,0,1,6,1
"asRNA:CR45264",5,10,4,10,6,11,4,0,14,5,5,2
"asRNA:CR45268",0,0,0,0,0,0,0,0,0,0,0,0
"asRNA:CR45270",0,0,0,0,0,0,0,0,0,0,0,0
"asRNA:CR45271",0,0,0,1,7,9,0,0,0,12,0,2
"asRNA:CR45272",1,2,0,0,0,0,0,2,0,0,1,0
"asRNA:CR45275",0,0,0,0,0,0,0,1,0,0,0,0
"asRNA:CR45281",3,0,0,0,1,1,0,0,0,0,0,0
"asRNA:CR45300",0,0,0,0,0,0,0,0,0,0,0,0
"asRNA:CR45305",0,0,0,1,1,3,0,0,0,0,0,2
"asRNA:CR45326",0,0,0,16,18,29,0,0,0,3,0,13
"asRNA:CR45330",0,0,0,0,0,0,0,0,1,0,0,0
"asRNA:CR45341",0,0,0,0,0,0,0,1,0,0,0,0
"asRNA:CR45342",0,0,0,0,0,0,0,0,0,0,0,0
"asRNA:CR45343",0,0,2,3,5,3,0,0,0,8,2,13
"asRNA:CR45350",12,16,16,6,9,16,15,7,9,10,11,5
"asRNA:CR45366",2,5,2,4,4,2,6,6,4,2,9,8
"asRNA:CR45367",0,0,0,2,0,0,0,0,0,0,0,0
"asRNA:CR45371",0,0,2,1,1,0,0,0,2,0,1,0
"asRNA:CR45376",2,4,0,0,3,0,2,3,1,1,0,4
"asRNA:CR45384",1,0,0,1,3,8,1,0,1,1,0,0
"asRNA:CR45396",3,1,0,3,1,1,4,2,4,0,1,2
"asRNA:CR45397",0,0,0,0,0,0,0,1,0,0,0,0
"asRNA:CR45445",0,0,0,0,0,0,0,0,0,0,0,0
"asRNA:CR45466",0,0,0,0,2,0,0,0,0,0,2,1
"asRNA:CR45467",4,2,3,9,6,3,6,2,2,1,1,4
"asRNA:CR45468",0,0,0,0,0,2,0,0,0,0,4,0
"asRNA:CR45469",1,0,0,1,0,2,2,0,3,1,0,0
"asRNA:CR45479",6,9,3,9,3,13,3,6,0,11,7,4
"asRNA:CR45481",0,0,0,3,2,5,0,0,0,0,0,2
"asRNA:CR45485",7,6,2,2,3,5,4,6,4,8,2,1
"asRNA:CR45501",0,0,0,5,0,0,1,2,0,5,2,0
"asRNA:CR45518",0,0,0,0,0,0,0,0,0,0,0,0
"asRNA:CR45520",7,1,4,6,4,5,0,0,0,5,4,2
"asRNA:CR45525",5,1,0,0,4,0,2,1,5,0,0,1
"asRNA:CR45528",4,10,9,0,0,1,1,0,5,0,1,1
"asRNA:CR45535",0,0,2,1,2,0,0,0,1,0,2,0
"asRNA:CR45538",0,0,0,0,0,0,0,0,0,0,0,0
"asRNA:CR45549",12,8,3,3,10,9,2,0,7,6,3,10
"asRNA:CR45600",1,0,3,3,0,4,5,2,1,7,0,2
"asRNA:CR45601",0,0,0,0,0,0,0,0,0,0,0,0
"asRNA:CR45604",0,0,1,1,0,4,3,0,0,0,2,1
"asRNA:CR45611",0,0,0,4,0,3,0,0,0,0,0,0
"asRNA:CR45612",0,1,0,0,0,0,0,0,0,0,0,0
"asRNA:CR45620",17,10,15,16,7,8,15,11,6,9,5,12
"asRNA:CR45621",3,3,1,3,1,0,7,2,0,1,0,0
"asRNA:CR45623",0,2,0,1,7,0,3,0,0,0,0,0
"asRNA:CR45629",3,2,2,0,0,0,0,0,0,1,2,0
"asRNA:CR45648",0,0,0,0,0,1,1,0,0,0,0,0
"asRNA:CR45663",0,0,0,0,0,0,0,0,0,0,0,0
"asRNA:CR45682",8,20,11,11,7,18,15,9,21,10,15,15
"asRNA:CR45683",11,30,19,20,8,15,5,11,19,6,10,11
"asRNA:CR45686",6,0,1,23,24,10,2,5,2,13,13,16
"asRNA:CR45701",0,0,0,0,0,0,0,0,0,0,0,0
"asRNA:CR45712",0,1,2,6,1,1,1,0,1,6,5,2
"asRNA:CR45713",0,0,0,0,0,0,2,0,1,1,0,0
"asRNA:CR45714",0,0,0,0,0,0,0,0,0,0,0,0
"asRNA:CR45715",0,0,0,0,0,0,0,0,0,0,0,0
"asRNA:CR45738",0,0,0,1,0,1,1,0,0,0,2,6
"asRNA:CR45778",0,0,3,0,0,0,0,0,0,0,0,1
"asRNA:CR45789",9,5,13,3,13,13,6,9,6,14,8,16
"asRNA:CR45797",0,0,0,0,0,0,0,0,0,0,0,0
"asRNA:CR45798",1,1,3,2,1,0,1,2,2,2,1,1
"asRNA:CR45800",0,0,0,0,0,0,0,0,0,0,0,0
"asRNA:CR45801",0,0,0,1,0,1,0,0,1,0,2,0
"asRNA:CR45802",5,1,1,1,0,0,0,0,1,2,1,0
"asRNA:CR45804",4,5,11,49,38,50,3,2,8,20,14,18
"asRNA:CR45806",0,0,0,0,0,0,0,0,0,0,0,0
"asRNA:CR45807",0,0,0,0,0,0,0,0,0,0,0,0
"asRNA:CR45812",1,2,0,0,6,3,5,1,2,3,0,0
"asRNA:CR45813",2,4,5,0,5,3,4,3,5,4,0,0
"asRNA:CR45814",0,0,0,3,0,1,0,0,0,1,0,0
"asRNA:CR45815",1,0,4,11,13,5,1,3,2,3,4,10
"asRNA:CR45818",0,0,0,0,0,0,0,0,0,0,0,0
"asRNA:CR45822",0,0,0,0,0,0,0,0,0,0,0,0
"asRNA:CR45827",0,0,3,5,0,5,0,0,3,3,2,1
"asRNA:CR45828",0,0,0,0,0,0,0,0,0,0,0,0
"asRNA:CR45829",0,0,0,1,1,0,0,0,0,0,0,0
"asRNA:CR45830",0,0,0,0,0,0,0,0,1,0,0,0
"asRNA:CR45831",0,0,0,0,0,0,0,0,0,0,0,0
"asRNA:CR45832",0,3,0,0,5,6,0,0,3,1,0,2
"asRNA:CR45834",4,3,4,4,12,11,2,3,1,6,5,4
"asRNA:CR45835",0,0,0,0,0,0,0,0,0,0,0,0
"asRNA:CR45865",0,0,0,0,0,0,0,0,0,0,0,0
"asRNA:CR45867",1,0,0,0,0,6,0,2,0,0,0,0
"asRNA:CR45868",0,2,0,5,1,4,0,0,0,0,2,0
"asRNA:CR45869",0,0,0,0,0,0,0,0,0,0,0,0
"asRNA:CR45870",5,4,2,1,0,5,5,7,2,1,3,5
"asRNA:CR45871",0,0,0,0,0,0,0,0,0,0,0,0
"asRNA:CR45872",0,0,0,0,0,0,0,0,0,0,0,0
"asRNA:CR45873",0,0,0,0,0,0,0,0,0,0,0,0
"asRNA:CR45874",3,1,4,2,4,4,2,5,2,12,3,4
"asRNA:CR45875",0,0,0,0,0,0,0,0,0,0,0,0
"asRNA:CR45882",2,0,1,1,2,0,2,3,4,5,1,3
"asRNA:CR45885",0,0,0,0,0,0,0,0,0,0,0,0
"asRNA:CR45886",0,0,0,0,0,0,0,0,0,0,0,0
"asRNA:CR45889",1,5,3,1,1,1,5,2,1,2,1,2
"asRNA:CR45890",0,0,1,5,8,6,0,0,0,6,5,5
"asRNA:CR45891",0,0,0,0,0,0,0,0,0,0,0,0
"asRNA:CR45892",0,0,0,0,0,0,0,0,0,0,0,0
"asRNA:CR45894",0,0,0,0,0,0,0,0,0,0,0,0
"asRNA:CR45895",0,0,0,0,0,0,0,0,0,0,0,0
"asRNA:CR45896",0,0,0,0,0,0,0,0,0,0,0,0
"asRNA:CR45907",9,14,15,8,3,10,7,9,7,8,4,6
"asRNA:CR45908",13,22,13,15,17,16,16,20,16,8,15,10
"asRNA:CR45909",1,4,2,4,1,2,0,0,3,0,1,4
"asRNA:CR45912",0,0,0,0,0,0,0,0,0,0,0,3
"asRNA:CR45924",16,8,9,10,7,10,23,11,18,14,3,14
"asRNA:CR45925",0,0,0,0,0,0,0,0,0,0,0,0
"asRNA:CR45926",0,0,0,0,0,0,0,0,0,0,0,0
"asRNA:CR45927",0,0,0,0,0,0,0,0,0,0,0,0
"asRNA:CR45928",5,2,4,5,3,5,4,6,1,6,4,8
"asRNA:CR45929",0,0,0,0,0,0,0,0,0,0,0,0
"asRNA:CR45943",0,0,0,0,0,0,0,0,0,0,0,0
"asRNA:CR45944",0,0,2,1,0,0,0,0,5,0,0,2
"asRNA:CR45951",0,0,3,1,0,2,2,4,1,0,2,0
"asRNA:CR45952",3,4,5,2,0,5,5,7,0,0,3,1
"asRNA:CR45955",4,0,0,7,5,4,0,0,0,5,4,2
"asRNA:CR45960",0,0,0,7,8,12,0,0,0,1,5,4
"asRNA:CR45968",0,0,0,0,0,0,0,0,0,0,0,0
"asRNA:CR45969",1,2,7,3,0,11,4,1,0,0,1,0
"asRNA:CR45970",0,0,0,0,0,0,0,0,0,0,0,0
"asRNA:CR45974",0,0,0,0,0,0,0,0,0,0,0,0
"asRNA:CR45995",0,0,0,0,0,0,0,0,0,0,0,0
"asRNA:CR45999",0,0,0,0,0,0,0,0,0,0,0,0
"asRNA:CR46005",0,0,0,0,0,0,0,0,0,0,0,0
"asRNA:CR46012",0,0,0,0,2,5,0,0,0,0,5,1
"asRNA:CR46018",0,0,0,0,0,0,0,0,1,0,1,2
"asRNA:CR46020",0,0,0,0,0,0,0,0,0,0,0,0
"asRNA:CR46029",2,0,5,6,1,4,5,1,0,1,0,2
"asRNA:CR46033",1,0,6,42,39,57,0,1,2,12,11,17
"asRNA:CR46034",0,0,0,0,0,0,0,0,0,0,0,0
"asRNA:CR46038",0,0,0,0,0,0,0,0,0,0,0,0
"asRNA:CR46044",2,0,0,6,5,7,0,0,0,5,13,4
"asRNA:CR46045",0,0,0,0,0,0,0,0,0,0,0,0
"asRNA:CR46047",0,0,0,4,0,3,1,1,0,0,0,1
"asRNA:CR46048",4,1,2,4,3,7,8,1,5,8,5,8
"asRNA:CR46049",0,0,0,0,0,0,0,0,0,0,0,0
"asRNA:CR46050",14,14,14,7,11,12,6,7,19,20,10,14
"asRNA:CR46054",0,0,0,0,0,0,0,0,0,0,0,0
"asRNA:CR46055",3,1,0,2,0,0,4,1,6,0,1,2
"asRNA:CR46058",0,0,0,0,0,0,0,0,0,0,0,0
"asRNA:CR46065",37,39,36,34,19,43,26,24,31,17,46,26
"asRNA:CR46066",2,5,0,7,6,8,8,4,10,2,10,6
"asRNA:CR46067",0,0,1,2,2,2,0,0,0,4,4,1
"asRNA:CR46068",3,2,0,2,1,1,2,0,0,1,0,0
"asRNA:CR46069",0,0,0,8,2,1,0,0,0,1,0,3
"asRNA:CR46070",0,0,0,0,1,0,0,0,0,5,1,5
"asRNA:CR46071",1,1,3,1,0,0,0,0,0,0,0,0
"asRNA:CR46074",0,0,0,0,0,0,0,0,0,0,0,0
"asRNA:CR46081",0,0,0,0,0,0,0,0,0,0,0,0
"asRNA:CR46082",1,0,0,0,2,3,3,0,0,1,3,0
"asRNA:CR46089",28,41,18,33,46,21,27,22,24,26,19,37
"asRNA:CR46091",2,5,5,65,27,56,0,0,0,54,47,42
"asRNA:CR46092",0,0,0,0,0,1,0,0,0,1,0,0
"asRNA:CR46093",4,9,15,1,6,2,4,8,7,4,0,5
"asRNA:CR46096",0,0,0,1,0,4,0,0,0,0,0,3
"asRNA:CR46097",0,0,0,0,0,0,0,0,0,2,0,0
"asRNA:CR46099",0,0,0,0,0,0,0,1,0,0,0,0
"asRNA:CR46101",0,0,0,0,2,0,0,0,0,0,0,1
"asRNA:CR46104",0,3,0,0,3,4,5,1,1,1,4,1
"asRNA:CR46105",0,0,0,0,1,0,0,0,0,0,0,0
"asRNA:CR46107",0,0,0,0,0,0,0,0,0,0,0,0
"asRNA:CR46109",0,0,0,0,0,0,0,0,0,0,0,0
"asRNA:CR46128",8,15,10,7,6,10,7,18,12,11,16,10
"asRNA:CR46129",0,0,1,0,0,0,1,2,2,0,1,0
"asRNA:CR46133",0,0,0,0,0,0,0,0,0,0,0,0
"asRNA:CR46134",0,0,0,1,1,2,0,0,0,0,0,0
"asRNA:CR46135",5,3,4,3,3,4,3,1,8,4,0,6
"asRNA:CR46136",4,5,14,5,6,10,12,2,8,5,11,3
"asRNA:CR46137",4,7,5,1,5,2,3,5,3,2,8,9
"asRNA:CR46138",0,0,0,0,0,0,0,0,0,0,1,0
"asRNA:CR46139",10,10,10,13,6,8,4,9,7,9,6,14
"asRNA:CR46140",0,0,0,0,0,0,0,0,0,0,0,0
"asRNA:CR46144",0,0,0,0,0,0,0,0,0,0,0,0
"asRNA:CR46145",0,4,0,7,13,16,2,1,0,3,10,3
"asRNA:CR46194",27,11,18,13,22,23,32,14,17,14,11,13
"asRNA:CR46195",3,0,0,0,0,0,1,1,0,0,0,0
"asRNA:CR46246",2,0,1,0,0,0,0,0,0,1,0,0
"asRNA:CR46251",0,0,0,0,0,0,0,0,2,0,0,0
"asRNA:CR46255",5,4,4,8,11,30,3,3,9,6,9,13
"asRNA:CR46256",2,6,0,6,2,0,1,2,0,0,4,0
"asRNA:CR46261",0,0,0,2,3,10,0,0,0,1,2,2
"asRNA:CR46262",1,0,4,0,1,3,5,1,1,1,0,1
"asRNA:CR46263",21,15,21,19,16,18,12,8,18,14,9,20
"asRNA:CR46264",0,0,1,12,6,4,0,0,0,3,1,0
"asRNA:CR46266",0,0,0,0,0,0,0,0,0,0,0,0
"asRNA:CR46269",0,0,1,0,0,0,0,0,0,0,0,0
"asRNA:CR46354",10,5,13,9,8,14,13,2,5,5,9,4
"asRNA:CR46452",0,0,0,0,0,0,0,0,0,0,0,0
"asRNA:CR46453",0,0,0,0,0,0,0,0,0,0,0,0
"asRNA:CR46469",0,0,0,0,0,0,0,0,0,0,0,0
"asRNA:CR46470",0,0,0,0,1,0,0,0,1,2,0,0
"asRNA:CR46471",5,1,0,1,4,5,0,2,0,2,2,0
"asRNA:CR46473",0,0,0,0,0,0,0,0,0,0,0,0
"asRNA:CR46479",3,5,5,1,1,0,1,10,12,3,0,6
"asRNA:CR46484",0,1,0,0,1,0,0,0,0,0,0,0
"asRNA:CR46485",0,0,0,2,0,0,0,0,1,0,0,1
"asRNA:CR46486",0,0,0,7,2,3,0,0,0,3,0,0
"asRNA:CR46487",0,4,4,10,17,0,3,14,18,19,18,14
"asRNA:Eig63F-2",4,8,7,8,9,10,11,9,2,5,8,4
"asRNA:TS15",0,0,0,4,6,9,0,0,0,4,4,2
"asRNA:bsAS",117,179,131,118,184,164,120,158,202,148,202,167
"ase",0,1,0,0,0,1,0,0,2,0,1,0
"asf1",3,10,9,0,2,4,11,5,6,8,8,3
"ash1",0,0,0,0,0,0,0,0,0,0,0,0
"ash2",32,22,33,79,86,96,47,54,36,44,54,57
"asl",113,117,131,496,448,539,109,107,117,490,502,362
"asp",30,50,33,210,213,260,25,23,21,200,177,171
"aspr",0,0,0,0,0,0,0,0,0,0,0,0
"asrij",0,0,1,4,11,13,0,0,0,9,7,8
"ast",132,162,125,234,215,246,113,96,132,146,175,149
"asun",73,77,70,89,93,87,62,93,97,84,97,72
"ath",0,0,0,0,3,0,0,0,0,0,0,0
"atilla",0,0,0,0,0,2,0,0,0,0,0,0
"atk",1,6,0,0,5,0,0,0,0,0,0,0
"atl",8,2,3,5,1,3,1,2,0,1,0,5
"atlas",0,0,0,89,55,92,0,0,0,130,133,97
"atms",2,0,6,0,5,11,11,2,1,0,0,1
"ato",0,1,0,1,2,3,2,2,2,0,0,0
"atos",118,164,143,89,112,116,166,145,116,129,95,117
"att-ORFB",0,0,0,0,0,0,0,0,0,0,0,0
"aub",3,1,2,1,1,2,0,1,0,2,0,4
"aurA",39,29,50,391,339,356,24,24,26,235,235,205
"aurB",21,26,22,38,39,48,33,16,11,49,43,47
"aus",0,0,0,0,0,0,0,0,0,0,0,0
"aust",0,0,0,0,0,0,0,0,0,0,0,0
"aux",5,6,13,13,1,3,9,2,6,0,9,4
"ave",68,74,79,184,193,172,94,96,104,154,183,153
"awd",0,0,0,2,0,0,0,2,2,2,6,0
"axed",1,5,4,19,3,18,15,4,4,8,9,13
"axo",3,0,0,0,1,0,3,1,4,2,1,2
"az2",62,77,55,98,82,81,54,59,72,65,113,70
"azot",0,2,14,381,409,605,0,0,0,282,249,267
"b",0,0,3,0,1,0,0,1,0,0,0,0
"b6",159,221,111,583,612,569,154,134,135,209,650,183
"bab1",0,0,0,0,0,0,0,0,0,0,0,0
"bab2",0,0,0,0,0,0,0,0,0,0,0,0
"babo",23,26,20,15,12,19,15,16,24,16,14,13
"babos",0,1,1,0,1,1,0,1,3,0,0,1
"baf",6,9,4,0,10,6,7,7,6,1,4,8
"bai",1030,1099,883,1266,1270,1414,1011,967,1110,1304,1586,1288
"ball",1,0,2,7,0,1,2,0,0,0,0,2
"bam",27,23,16,31,48,18,17,24,9,4,11,16
"bap",13,13,9,10,16,13,17,20,11,14,19,7
"barc",0,0,0,0,0,0,0,0,0,0,0,0
"bard",2,0,1,2,3,0,0,0,0,0,1,0
"bark",0,1,0,0,0,1,1,0,0,0,0,2
"barr",0,0,0,21,28,21,0,0,0,10,14,9
"baz",94,84,105,82,96,106,101,89,82,81,99,82
"bb8",2,0,135,2263,2180,2855,0,0,0,2179,1778,1751
"bbc",78,66,70,62,44,100,80,65,63,42,52,61
"bbg",1,5,1,3,1,0,14,8,0,7,2,3
"bbx",16,10,14,10,6,1,13,10,5,1,9,3
"bc10",705,793,732,718,691,804,855,721,749,669,741,776
"bcd",0,0,0,0,0,0,0,0,0,0,0,0
"bchs",344,382,380,355,359,489,405,244,329,420,431,380
"bcn92",430,399,398,460,472,490,414,401,366,368,466,353
"bdg",2,5,2,2,0,2,0,0,0,1,0,0
"bdl",1219,1379,1035,906,890,982,1041,957,1009,1014,1030,947
"bdwf",113,104,89,90,98,120,93,118,121,73,91,87
"be",42,48,34,26,21,35,31,32,47,30,34,30
"beag",244,285,216,308,321,344,233,213,247,312,283,237
"beat-IIIa",0,0,0,0,0,0,0,0,0,0,0,0
"beat-IIIb",0,0,0,0,0,0,0,0,0,0,0,0
"beat-IIIc",187,145,147,203,133,267,662,574,620,973,840,708
"beat-IIa",36,40,44,37,32,58,41,19,41,32,40,34
"beat-IIb",16,14,14,17,14,27,16,13,17,12,15,16
"beat-IV",30,20,35,52,46,61,24,20,40,53,45,56
"beat-Ia",0,0,0,2,0,0,0,0,0,0,0,0
"beat-Ib",0,0,0,0,0,0,0,0,0,0,0,0
"beat-Ic",0,0,0,0,0,0,0,0,0,0,0,0
"beat-VI",135,65,112,218,153,209,174,119,154,244,210,177
"beat-VII",257,268,320,348,234,447,389,271,289,419,385,384
"beat-Va",40,46,39,46,45,55,61,46,42,71,63,67
"beat-Vb",14,21,13,15,31,36,27,13,15,7,19,24
"beat-Vc",57,55,55,83,76,101,62,39,65,62,96,65
"beg",270,252,222,222,209,228,239,201,271,195,295,196
"bel",285,222,261,414,373,481,360,336,273,544,441,423
"ben",0,8,3,2,2,1,7,3,1,0,3,1
"bero",543,486,498,349,557,466,226,332,318,221,215,351
"beta'COP",673,794,687,689,700,701,828,747,700,817,902,722
"beta-Man",1,0,3,2,0,1,0,1,2,2,2,0
"beta-PheRS",388,373,335,364,382,378,381,372,420,430,567,344
"beta-Spec",4,4,9,7,12,16,3,4,2,15,9,4
"beta3GalTII",64,64,64,66,78,59,52,60,70,59,81,39
"beta4GalNAcTA",433,496,418,310,282,336,568,484,408,285,406,355
"beta4GalNAcTB",0,0,0,0,0,0,0,0,0,0,0,0
"beta4GalT7",98,118,111,215,201,220,70,100,145,177,226,157
"betaCOP",714,834,647,668,638,855,788,746,500,784,799,653
"betaGlu",218,255,197,239,239,244,203,223,213,204,238,224
"betaNACtes1",0,0,0,30,28,54,0,0,0,33,32,23
"betaNACtes2",0,1,4,42,61,72,0,0,0,36,34,47
"betaNACtes3",2,0,5,73,62,77,5,11,9,58,47,57
"betaNACtes4",0,2,4,81,105,96,3,1,6,77,49,58
"betaNACtes6",0,0,0,9,31,18,2,2,0,8,11,2
"betaTry",0,0,0,0,0,0,0,0,0,0,0,0
"betaTub56D",227,313,229,207,313,307,258,310,191,243,364,257
"betaTub60D",0,0,0,0,0,0,0,0,0,0,0,0
"betaTub65B",3,0,33,885,884,1135,0,0,2,831,673,743
"betaTub85D",14,3,477,11221,10191,13531,9,4,10,9566,8604,7466
"betaTub97EF",45,82,74,52,40,44,51,60,59,42,56,32
"betaggt-I",0,0,0,0,0,0,0,0,0,0,0,0
"bgcn",0,0,0,0,0,0,0,0,0,0,0,0
"bgm",1,6,6,5,2,1,0,2,5,7,0,3
"bi",0,0,0,0,4,0,0,3,0,0,1,0
"bib",0,0,0,0,0,0,0,0,0,0,0,0
"bic",484,535,471,567,610,584,426,510,590,662,670,559
"bif",12,32,20,25,18,39,16,9,13,19,25,13
"bigmax",297,284,289,215,250,201,323,376,368,234,194,216
"bin",14,11,4,20,3,18,19,6,14,15,17,20
"bin3",1,1,1,6,5,4,4,4,0,0,3,0
"bip1",3,6,2,13,14,13,8,15,3,15,12,12
"bisc",0,0,0,0,0,0,0,0,0,0,0,0
"blanks",11,8,49,386,423,519,12,13,6,345,379,381
"blo",3,1,6,1,3,0,0,1,0,0,1,0
"blot",19,23,17,4,7,13,22,21,22,7,11,10
"blow",3,7,7,6,7,9,3,4,2,4,1,10
"blp",0,0,0,0,0,0,0,0,0,0,0,0
"blw",74448,83873,77479,62248,54279,64584,72804,60185,58880,58173,54623,55046
"bma",52,45,44,35,42,68,39,32,47,39,31,38
"bmm",4,17,7,11,0,6,6,14,8,9,12,9
"bnb",348,349,373,274,421,471,317,305,470,382,314,362
"bnk",0,0,2,1,0,1,2,1,0,0,0,1
"bnl",24,22,13,19,26,33,27,17,20,15,16,18
"boca",163,142,118,121,201,163,145,120,216,163,194,159
"bocks",0,0,0,0,0,0,0,0,0,0,0,0
"boi",1,4,3,5,2,2,2,0,1,1,0,1
"boil",1,0,36,972,1041,1154,0,0,0,613,577,512
"bol",553,447,508,870,681,954,711,460,488,1222,1074,719
"boly",3,0,37,1241,1049,1313,1,0,0,1190,1030,936
"bon",0,0,0,0,0,0,0,0,0,0,0,0
"bond",32,56,51,62,60,74,81,32,58,55,73,67
"bonsai",833,740,644,771,825,770,509,511,670,468,688,449
"bor",0,0,0,0,1,0,0,0,0,0,0,0
"bora",13,7,12,216,253,197,9,7,4,160,134,140
"borr",0,0,0,0,1,0,0,1,0,1,1,0
"boss",640,678,609,370,417,652,628,449,445,333,513,478
"botv",266,369,280,241,209,302,326,319,303,260,311,216
"bou",269,287,259,334,371,359,296,252,324,260,435,330
"bowl",15,15,11,15,15,6,16,4,10,1,16,8
"br",166,161,196,171,204,215,189,161,149,170,131,153
"brat",102,188,109,228,148,188,179,207,107,132,153,103
"brk",114,106,99,69,121,93,117,111,95,97,116,77
"brm",0,1,0,0,0,0,0,0,1,1,0,1
"brn",38,65,50,59,57,66,36,31,41,58,60,57
"brp",46,43,28,78,47,104,62,35,25,53,65,49
"bru1",379,412,292,381,315,347,455,333,298,289,310,341
"bru2",8,10,11,3,9,4,17,4,4,7,9,7
"bru3",256,203,247,432,324,489,415,261,225,582,470,326
"brun",364,447,358,294,237,336,433,397,326,313,335,310
"brv1",0,0,6,103,87,132,0,0,0,91,90,70
"brv2",0,0,0,0,0,0,0,0,0,0,0,0
"brv3",0,0,0,0,0,0,0,0,0,0,0,0
"brwl",18,48,39,31,22,32,44,46,22,31,40,34
"bs",64,99,54,71,66,83,74,95,128,76,112,95
"bsd",3,2,1,8,6,3,0,2,2,2,2,0
"bsf",1471,1661,1360,1405,1394,1560,1710,1494,1831,1590,1829,1383
"bsh",4,7,4,3,11,5,5,2,9,5,11,3
"bsk",46,58,42,74,83,82,67,82,56,60,68,59
"bt",76,77,63,46,67,60,49,52,73,67,36,68
"btd",8,6,6,11,10,18,3,6,9,7,11,16
"btl",0,0,0,0,0,0,0,0,0,0,0,0
"btn",1,1,0,1,0,1,0,0,0,0,4,4
"btsz",1,5,8,10,6,3,1,7,12,8,6,2
"btv",30,44,47,48,71,100,31,32,30,32,39,60
"btz",0,0,0,0,0,0,0,0,0,0,0,0
"bug",171,191,151,312,293,294,194,209,224,287,370,265
"bumpel",205,256,118,63,40,43,323,170,73,60,104,73
"bun",368,366,311,321,367,466,431,465,245,421,469,394
"bur",32,18,16,7,20,17,33,13,24,17,13,22
"bves",8,7,0,7,13,7,9,11,6,11,5,3
"bw",0,0,0,0,0,0,0,0,0,0,0,0
"bwa",71,91,97,126,94,142,143,142,122,126,116,106
"by",4,4,6,6,1,3,2,7,2,2,7,2
"byn",0,0,0,0,0,0,0,0,0,0,0,0
"bys",183,193,127,150,164,219,189,161,178,214,205,193
"c(2)M",19,22,18,21,20,19,15,11,9,16,4,8
"c(3)G",0,0,0,0,0,0,0,0,0,0,0,0
"c-cup",2,1,33,896,830,979,1,0,5,784,638,663
"c11.1",6,1,5,8,2,1,0,2,4,2,0,3
"c12.1",277,239,242,198,275,276,210,237,222,250,298,212
"c12.2",2,1,4,1,8,5,2,4,1,4,2,0
"cDIP",199,118,86,25,37,35,75,69,39,27,35,57
"cGlr1",4,0,6,5,4,5,3,0,0,7,6,2
"cGlr2",7,16,8,15,12,14,16,21,20,17,17,17
"cN-IIIB",347,413,332,305,250,304,412,437,388,321,405,313
"ca",4,3,5,5,7,4,7,1,10,5,6,4
"cac",40,42,28,49,23,40,24,9,19,56,57,18
"cact",263,321,273,222,271,273,431,376,272,264,272,289
"cactin",386,420,377,316,279,343,351,325,328,283,318,259
"cad",0,0,0,0,0,0,0,0,0,0,0,0
"cag",0,0,0,0,0,1,0,2,3,2,1,0
"cal1",132,154,106,364,340,411,123,114,88,326,318,269
"caly",0,0,0,0,0,0,0,0,0,0,0,0
"can",0,0,7,201,215,290,0,1,0,144,155,170
"cana",2,4,3,49,36,66,2,2,5,44,42,33
"caps",0,0,0,0,0,0,0,0,0,0,0,0
"capt",28,24,20,23,20,32,20,22,19,24,30,19
"capu",38,29,29,15,15,24,49,23,18,21,31,28
"car",0,0,0,0,0,0,0,0,0,0,0,0
"cas",1,0,0,0,0,0,0,2,0,0,0,0
"casp",0,0,0,2,0,0,0,0,0,0,0,0
"cass",1154,1145,1076,1102,998,1298,969,967,926,1000,1107,1005
"cathD",23,14,6,9,14,8,7,9,6,4,8,5
"cato",0,0,0,1,0,2,0,0,0,0,1,0
"caup",108,114,143,105,113,151,122,119,89,112,126,104
"cav",0,0,2,2,2,6,0,0,0,1,1,3
"caz",0,0,0,0,0,0,0,0,0,0,0,0
"cbc",157,162,120,287,316,315,142,150,138,214,272,209
"cbt",19,20,8,7,15,14,14,23,14,12,12,11
"ccb",1,0,48,1046,997,1017,0,0,0,447,465,418
"cd",82,56,57,43,51,68,28,32,27,38,60,59
"cdi",67,69,66,70,60,93,80,79,108,74,76,61
"cdm",0,0,0,0,0,0,0,0,0,0,0,0
"ced-6",23,25,24,27,17,6,11,17,13,15,13,21
"cer",1134,1065,973,1547,1548,1505,1289,1186,1413,1040,1325,1349
"cert",31,23,24,23,29,39,41,27,25,26,41,36
"cerv",0,3,0,0,0,0,1,0,0,0,1,0
"cg",0,0,0,0,0,0,0,0,0,0,0,0
"chas",80,89,95,42,57,60,85,88,79,45,67,75
"chb",39,47,58,40,39,53,41,46,39,34,40,37
"cher",6,8,8,2,7,11,1,2,7,6,4,8
"chic",659,645,633,462,506,480,676,616,604,573,598,559
"chico",2,7,4,5,5,1,3,2,0,2,2,4
"chif",4,4,2,5,0,6,8,7,22,5,11,21
"chinmo",188,154,210,276,168,316,174,153,169,250,227,220
"chk",0,0,0,0,0,0,0,0,0,0,0,0
"chm",0,1,1,3,0,4,1,0,0,1,4,3
"chn",1,1,1,5,0,1,3,3,0,1,4,3
"chp",0,0,0,0,0,0,0,0,0,0,0,0
"chrb",481,381,424,359,455,559,417,372,358,402,493,305
"ci",0,0,6,0,0,0,3,3,1,2,2,2
"cib",18,51,51,28,25,31,46,40,36,18,23,33
"cic",224,215,214,188,176,220,225,226,227,256,257,187
"cid",3,10,4,25,10,14,0,4,8,15,16,19
"cin",0,0,0,0,0,0,0,0,0,0,0,0
"cindr",24,33,31,19,6,17,21,18,12,17,16,16
"ck",1,8,2,0,0,0,0,0,0,0,0,0
"ckd",79,91,97,77,127,168,73,58,123,69,150,79
"ckn",3,4,4,7,15,6,9,4,3,0,5,8
"cl",0,0,0,0,0,0,0,0,0,0,0,0
"clos",67,56,56,87,47,80,57,62,33,45,31,42
"clt",316,345,307,342,343,346,347,300,386,377,342,323
"clu",78,106,73,90,77,113,66,73,41,49,44,59
"clumsy",3,4,5,4,6,13,3,0,7,4,8,11
"cm",10,2,3,1,5,2,6,5,4,3,9,7
"cmb",5,7,3,12,16,5,23,10,6,4,20,7
"cmet",0,0,0,0,0,0,0,0,0,0,0,0
"cmpy",13,5,13,16,6,11,17,11,8,14,24,5
"cn",0,4,0,0,0,0,0,1,2,1,0,0
"cnc",25,23,16,21,19,31,25,35,8,11,13,21
"cni",6,14,3,6,8,5,10,9,17,16,7,17
"cnir",92,77,64,105,114,113,79,81,108,79,119,93
"cnk",2,3,1,3,0,0,0,1,0,1,2,1
"cnn",0,0,0,0,0,0,0,0,0,0,0,0
"cno",20,21,24,16,22,38,25,25,27,15,22,19
"cocoon",0,0,0,0,0,0,0,0,0,0,0,0
"coil",0,0,0,0,0,0,0,0,0,0,0,0
"cola",0,0,0,0,0,0,0,0,0,0,0,0
"cold",0,0,0,4,0,0,0,0,0,1,0,0
"colt",0,0,0,0,0,0,0,0,0,0,0,0
"comm",27,12,26,32,26,39,27,6,18,21,33,17
"comm2",357,502,318,271,294,322,538,536,371,268,341,282
"comm3",115,93,82,68,76,88,65,106,74,80,80,85
"comr",1,0,3,50,35,54,0,0,0,45,49,45
"comt",0,0,0,0,0,0,0,0,0,0,0,0
"cona",14,19,15,256,240,297,8,13,9,211,192,190
"conu",40,30,45,19,37,38,45,26,36,30,36,35
"conv",8,17,5,6,6,14,13,11,6,2,3,8
"cora",1,5,3,2,0,3,2,4,2,4,0,2
"corn",11,10,13,7,3,9,5,8,4,7,6,10
"coro",13,10,7,5,5,6,11,10,19,5,12,5
"corolla",0,0,0,0,0,0,0,0,0,0,0,0
"cort",0,0,0,0,0,0,0,0,0,0,0,0
"corto",213,147,194,227,177,283,165,163,177,202,196,230
"cos",16,11,8,16,16,26,13,17,26,24,17,14
"cpa",950,892,827,768,837,922,921,952,919,829,1025,926
"cpb",39,73,50,46,67,58,64,66,52,32,64,52
"cpo",0,0,0,0,0,0,0,0,0,0,0,0
"cpx",55,87,68,99,50,97,66,60,37,71,65,75
"crb",4,7,15,3,3,7,6,11,9,2,5,3
"crc",27,18,11,34,38,60,27,14,20,27,47,18
"crim",458,360,351,433,612,532,246,316,458,398,671,393
"crm",0,0,1,2,0,2,3,0,0,0,0,0
"crn",352,443,354,291,353,372,316,356,377,373,443,289
"croc",18,24,16,21,6,32,8,9,9,28,25,21
"crok",359,352,376,409,494,504,317,324,466,380,652,388
"crol",0,0,0,0,0,0,0,0,0,0,0,0
"crp",177,108,138,154,158,170,152,144,135,152,171,119
"crq",21,12,6,14,9,7,9,11,1,11,19,14
"cry",417,449,433,419,399,450,370,379,415,415,510,349
"csul",0,0,0,0,0,0,0,0,0,0,0,0
"csw",11,23,20,25,23,15,40,28,5,14,7,2
"ct",39,21,25,30,24,36,27,27,16,32,24,20
"cta",111,160,95,94,90,122,135,112,144,92,124,100
"ctp",29,22,18,13,41,18,37,30,22,19,20,29
"ctrip",0,0,0,0,1,0,0,0,0,0,0,3
"cu",490,450,575,84,69,59,650,464,63,41,32,65
"cue",1391,1457,1297,1128,1083,1195,1628,1440,1028,1335,1233,1168
"cuff",13,4,12,16,8,15,12,9,14,7,10,5
"cup",0,0,0,0,0,0,0,0,0,0,0,0
"cutlet",58,63,35,44,27,54,59,28,23,34,34,44
"cv",15,33,11,17,32,24,33,30,37,19,23,29
"cv-2",241,309,240,177,209,275,291,324,170,197,290,194
"cv-c",20,44,21,14,12,12,16,39,9,17,10,5
"cv-d",477,712,443,482,463,471,587,565,339,359,467,400
"cwo",30,25,34,28,22,35,30,19,24,24,28,35
"cyc",359,376,337,339,401,403,306,299,294,289,379,269
"cyp33",144,139,124,207,171,168,138,164,156,177,186,150
"cype",2,2,6,2,0,1,0,2,1,1,1,2
"cyr",0,4,0,1,0,3,2,4,4,0,4,0
"cyst",0,0,0,0,0,0,0,0,0,0,0,0
"cysu",4807,4094,3540,3390,5432,6841,3241,1903,4517,3630,7797,3528
"d-cup",0,0,5,95,67,78,0,2,0,60,92,60
"d4",57,50,56,47,45,23,133,80,100,44,59,59
"dUTPase",0,0,0,0,0,0,0,0,0,0,0,0
"da",11,5,11,6,10,3,10,8,7,5,4,2
"dac",0,0,0,0,0,0,0,0,0,0,0,0
"dachs",11,19,16,17,18,19,37,18,8,23,8,8
"daed",0,0,0,0,0,0,0,0,0,0,0,0
"dah",0,0,0,0,0,0,0,0,0,0,0,0
"dally",535,523,539,321,349,495,488,499,561,517,476,437
"dan",0,1,0,0,2,2,1,0,0,1,3,0
"danr",36,32,32,44,44,71,43,15,26,49,44,41
"dany",0,0,0,0,0,0,0,0,0,0,0,0
"dao",34,56,39,89,63,98,60,52,60,102,90,91
"dap",224,292,198,274,288,246,251,240,265,244,310,249
"dar1",48,52,57,54,73,97,48,68,60,86,84,58
"dare",193,246,193,143,190,172,171,179,204,156,195,135
"dati",9,13,26,14,13,31,11,14,5,17,21,22
"daw",73,83,59,25,20,41,63,54,13,14,23,26
"dbe",158,167,140,171,166,144,153,125,130,157,208,147
"dbf",317,257,412,2033,2100,2645,2,0,0,1347,1333,1303
"dbo",48,40,49,34,48,68,61,32,50,53,46,44
"dbr",5,5,4,1,2,17,6,3,6,3,1,1
"dcma",0,0,0,0,0,0,0,0,0,0,0,0
"dco",110,90,119,170,142,155,160,102,108,190,188,164
"ddbt",0,0,0,0,0,0,0,0,0,0,0,0
"dec",0,0,0,0,0,0,0,0,0,0,0,0
"defl",88,131,94,106,84,67,91,86,104,79,76,88
"del",0,0,0,0,1,1,0,0,0,0,0,0
"deltaCOP",0,0,0,0,0,0,0,0,0,0,0,0
"deltaTry",0,0,0,0,0,0,1,0,0,0,0,0
"dgo",0,4,0,0,0,9,0,0,1,4,0,5
"dgrn",0,0,0,0,0,0,0,0,0,0,0,0
"dgt1",12,11,11,55,62,69,7,6,7,62,40,55
"dgt2",0,0,0,0,0,0,0,0,0,0,0,0
"dgt3",16,21,21,97,85,102,19,22,19,59,65,71
"dgt4",0,0,0,0,0,0,0,0,0,0,0,0
"dgt5",0,0,0,0,2,0,0,0,0,0,0,0
"dgt6",41,35,30,57,54,70,32,24,27,34,42,34
"dhd",0,0,0,0,0,2,0,0,0,0,0,0
"dia",12,22,17,36,35,16,46,42,39,25,39,16
"dib",1,6,5,15,8,13,0,0,0,1,0,0
"didum",32,19,26,33,22,52,29,17,32,15,23,34
"dikar",0,3,1,0,2,3,4,0,2,2,2,0
"dila",0,0,0,0,0,0,0,0,0,0,0,0
"dimm",0,2,1,1,0,11,9,7,3,0,4,4
"dind",260,332,299,341,338,342,281,329,285,259,310,320
"disco",1,0,0,2,1,0,0,0,1,0,0,0
"disco-r",17,15,25,7,10,23,27,17,15,9,6,18
"disp",312,384,366,332,286,403,303,267,331,326,380,304
"dj",0,0,0,0,0,0,0,0,0,0,0,0
"dj-1beta",880,864,856,670,743,722,733,660,924,810,986,760
"djl",1,0,34,829,853,1165,0,0,0,1136,824,865
"dl",5,2,1,1,2,1,0,3,4,7,2,3
"dlg1",19,22,19,17,5,19,23,17,11,16,17,16
"dlp",0,0,0,0,0,0,0,0,0,0,0,0
"dls",0,0,0,0,0,0,0,0,0,0,0,0
"dlt",148,137,144,133,171,208,132,105,154,166,169,144
"dmGlut",1836,1823,1468,1805,2038,1974,1389,1344,1729,1577,2511,1317
"dmpd",0,0,0,0,0,0,0,0,0,0,1,0
"dmrt11E",1,7,1,2,6,8,4,2,2,2,1,5
"dmrt93B",0,0,0,3,0,0,0,0,1,0,0,1
"dmrt99B",5,6,2,5,5,15,7,1,4,9,15,12
"dmt",185,207,174,255,205,278,169,167,153,184,219,203
"dnc",32,30,26,37,52,33,54,35,27,35,50,29
"dnd",195,423,290,74,53,77,273,417,111,67,57,89
"dnk",10,14,5,16,20,13,9,6,11,21,16,15
"dnr1",48,50,49,51,48,62,63,46,45,41,45,32
"dnt",0,0,0,0,0,0,0,0,0,0,0,0
"dob",54,70,67,54,46,56,48,72,53,45,20,33
"dock",0,0,0,0,0,0,0,0,0,0,0,0
"dod",247,172,185,309,253,262,229,208,240,261,303,190
"dom",239,191,198,189,174,205,271,151,197,197,204,206
"dome",411,487,379,300,337,412,390,367,270,322,425,326
"dop",7,11,21,18,15,41,16,18,10,15,17,28
"dor",256,211,236,181,182,235,219,195,204,235,261,184
"dos",0,1,0,1,1,9,8,7,3,0,3,4
"dpa",0,1,3,2,2,6,0,0,0,0,0,1
"dpn",7,14,4,1,7,1,1,2,8,0,2,1
"dpp",27,29,30,22,31,22,31,34,33,38,35,31
"dpr1",33,24,41,77,72,87,52,44,49,63,79,60
"dpr10",0,0,2,0,0,5,0,0,0,0,0,0
"dpr11",169,115,155,201,184,240,169,98,150,169,198,151
"dpr12",129,128,166,220,165,243,161,70,165,232,270,142
"dpr13",0,0,0,0,4,0,1,0,0,0,0,0
"dpr14",207,158,146,277,167,279,219,117,172,293,291,243
"dpr15",0,0,0,0,0,0,0,0,0,3,0,0
"dpr16",16,27,16,38,25,65,18,10,21,24,39,34
"dpr17",15,23,18,26,20,44,36,9,12,27,29,27
"dpr18",428,392,418,523,427,690,416,270,378,401,545,414
"dpr19",11,10,11,14,8,15,5,14,7,9,13,8
"dpr2",39,35,24,58,43,77,43,18,40,36,44,34
"dpr20",153,149,174,234,172,299,177,124,202,235,243,227
"dpr21",329,358,351,450,403,449,321,209,302,283,300,264
"dpr3",0,3,0,2,0,0,5,0,0,1,0,0
"dpr4",225,234,258,280,244,422,169,162,174,239,307,188
"dpr5",22,18,12,21,27,41,12,11,14,17,17,21
"dpr6",64,45,32,66,46,84,70,38,45,77,63,84
"dpr7",21,15,12,15,20,29,16,13,26,12,20,25
"dpr8",0,0,0,0,0,0,0,0,0,0,0,0
"dpr9",168,112,154,219,160,228,176,114,135,261,190,181
"dpy",0,0,1,2,1,0,1,0,2,2,0,0
"drd",1889,1730,1279,1117,1399,2212,1389,785,1657,1500,2232,1347
"dre4",0,3,5,2,0,3,1,1,2,1,1,1
"drk",0,0,0,0,1,0,0,2,3,0,0,0
"drl",0,0,0,0,0,0,0,0,0,0,0,0
"drm",4,4,11,4,20,12,16,2,14,20,25,6
"drn",7,5,1,8,9,11,7,8,4,8,8,9
"drongo",8,27,9,4,8,14,19,12,12,13,5,14
"drosha",280,285,267,205,198,269,336,268,298,225,271,201
"drpr",0,0,0,0,0,0,0,0,0,0,0,0
"ds",4,14,8,11,18,30,11,7,23,12,18,18
"dsb",0,3,0,5,1,3,0,2,3,0,1,1
"dsd",3,1,0,3,0,1,8,3,4,7,12,4
"dsf",0,0,2,0,0,0,0,0,0,0,1,0
"dsh",245,288,277,462,452,523,273,263,180,404,466,396
"dsx",11,10,15,14,29,40,16,17,9,21,40,26
"dsx-c73A",3,12,1,14,12,13,1,2,4,0,12,1
"dtn",23,13,20,29,17,30,28,19,19,22,23,13
"dtr",25,14,77,977,1064,1516,11,11,9,914,700,815
"dunk",1,14,2,23,3,3,2,0,0,2,2,2
"dup",0,0,1,0,2,5,0,7,2,2,1,5
"dve",14,13,14,7,16,17,30,14,13,17,8,13
"dwg",126,99,103,83,108,109,112,87,109,126,133,107
"dx",188,259,213,162,168,205,196,170,170,113,160,137
"dy",8,11,22,15,16,34,5,11,14,1,17,5
"dyl",58,28,23,270,270,329,26,13,7,28,93,28
"dysc",0,0,0,0,0,0,0,0,0,0,0,1
"dysf",12,7,4,3,13,6,13,20,7,11,11,4
"dyw",2068,3553,2142,144,37,12,4342,5608,425,27,27,232
"e",1113,6140,2070,508,642,599,2281,3897,1028,901,824,602
"e(r)",8,4,9,5,3,1,6,7,3,6,3,4
"e(y)2",70,70,56,73,84,44,49,67,64,59,80,87
"e(y)2b",0,0,1,2,3,5,5,3,2,2,6,11
"e(y)3",211,184,180,128,156,225,157,168,176,170,171,144
"eEF1alpha1",23,33,20,40,26,28,16,24,33,20,32,19
"eEF1alpha2",0,0,0,0,0,0,0,0,0,0,0,0
"eEF1beta",3,0,0,0,0,0,0,0,0,1,0,2
"eEF1delta",2,3,3,9,11,13,5,2,7,10,6,13
"eEF1gamma",0,0,0,0,0,0,0,0,0,0,0,0
"eEF2",69,60,61,67,49,43,66,67,99,82,68,62
"eEF5",0,1,0,0,0,0,0,0,1,1,1,0
"eEFSec",70,58,83,106,92,115,67,69,79,106,142,100
"eIF1",2619,2543,2238,3227,3388,3357,2772,2804,2902,2911,3215,2893
"eIF1A",639,652,705,476,592,679,755,815,700,620,644,670
"eIF2A",0,0,0,0,0,0,0,0,0,0,0,0
"eIF2Balpha",270,332,223,287,306,229,271,240,313,338,339,264
"eIF2Bbeta",575,545,440,492,471,468,448,442,610,427,512,435
"eIF2Bdelta",7,8,7,13,8,10,7,7,6,7,7,9
"eIF2Bepsilon",0,0,0,0,2,0,2,0,0,0,0,1
"eIF2Bgamma",448,460,416,390,419,422,403,440,429,373,411,365
"eIF2D",507,571,445,555,481,536,437,422,467,454,465,469
"eIF2alpha",10,3,1,0,0,0,6,2,3,6,4,2
"eIF2beta",3093,3100,2568,2973,2910,2984,2554,2515,3007,2612,2980,2251
"eIF2gamma",8,12,4,1,5,4,2,4,19,3,5,3
"eIF3a",11,6,7,11,11,18,10,9,18,8,3,7
"eIF3b",0,0,0,3,0,0,0,0,0,0,0,0
"eIF3c",0,1,1,0,1,1,1,0,1,0,1,0
"eIF3d1",1855,2148,1814,1698,1773,1788,1667,1777,1683,1734,2073,1613
"eIF3d2",0,0,73,1464,1466,1839,0,0,0,1166,1012,987
"eIF3e",2769,3253,2848,3197,3230,3003,2164,2490,2553,2600,3110,2391
"eIF3f1",2737,2789,2558,2599,2813,2564,2046,2218,2590,2346,2907,2091
"eIF3f2",1,0,20,278,257,286,0,2,0,233,228,207
"eIF3g1",2743,2846,2661,2494,2534,2410,1946,2148,2428,2158,2410,2029
"eIF3g2",0,0,17,433,429,458,0,1,1,361,337,336
"eIF3h",0,0,0,0,4,6,0,0,0,10,0,3
"eIF3i",2758,2826,2563,2629,2760,2695,2121,2075,2430,2226,2734,2128
"eIF3j",0,0,0,2,0,1,0,0,0,0,0,0
"eIF3k",1226,1243,1115,1447,1586,1540,1058,1174,1254,1366,1458,1098
"eIF3l",2851,3193,2932,3222,3099,3189,2229,2322,2140,2506,2797,2413
"eIF3m",0,0,1,12,12,19,2,0,0,3,3,1
"eIF4A",3,1,14,15,25,19,9,7,3,10,2,16
"eIF4B",0,0,0,0,0,0,0,1,0,0,0,0
"eIF4E1",18,26,34,30,14,45,15,20,22,23,26,30
"eIF4E3",67,74,145,1574,1682,1966,24,25,21,1434,1285,1083
"eIF4E4",5,0,70,2204,1954,2590,0,0,0,1778,1569,1469
"eIF4E5",0,0,78,2253,2158,2813,1,0,5,1993,1808,1651
"eIF4E6",0,0,0,0,0,0,0,0,0,0,0,0
"eIF4E7",0,0,28,961,857,1138,0,0,0,708,668,582
"eIF4EHP",1026,902,999,1104,926,1132,1315,1048,885,1773,1491,1176
"eIF4G1",31,31,27,25,31,41,31,44,44,41,28,41
"eIF4G2",143,136,120,182,214,224,178,132,152,202,217,169
"eIF4H1",6,1,1,5,7,3,4,3,1,3,0,5
"eIF4H2",0,0,0,0,0,0,0,0,0,2,0,0
"eIF5",8,5,15,102,87,168,7,6,11,56,55,68
"eIF5B",0,0,0,0,0,0,0,0,0,0,0,0
"eIF6",260,320,274,466,492,459,328,295,351,469,458,409
"eRF1",121,110,111,153,160,211,116,61,85,166,158,137
"eRF3",21,20,27,62,17,30,66,43,55,47,60,47
"ea",0,0,0,3,0,0,0,0,0,0,0,0
"eag",0,0,0,0,0,0,0,0,0,0,0,0
"ear",32,50,52,71,57,67,45,52,31,43,71,53
"eas",0,0,0,0,0,0,0,0,0,0,0,0
"east",229,182,176,191,147,178,206,167,138,172,178,178
"eater",497,703,284,431,650,383,389,491,687,642,925,431
"ebd1",228,212,176,222,226,204,200,215,212,215,273,204
"ebd2",7,14,6,3,7,13,9,7,3,5,10,7
"ebi",392,486,488,446,459,482,436,432,418,430,547,438
"ebo",0,0,0,0,0,0,0,0,1,0,0,0
"ec",11,20,12,11,9,32,3,10,7,5,16,6
"eca",408,381,310,506,666,612,391,423,479,535,647,583
"ecd",315,375,387,372,380,446,260,229,267,317,313,266
"eco",0,0,0,0,0,2,0,0,1,0,0,0
"ect",194,38,137,2781,2529,2197,154,51,223,49,1393,54
"ed",351,300,319,278,290,384,328,323,351,494,612,297
"edin",6,10,9,33,46,24,37,39,61,20,20,83
"edl",161,171,134,91,102,142,213,160,176,91,173,135
"eff",114,109,140,374,401,409,156,124,131,367,354,383
"eg",9,4,0,4,5,4,8,2,9,3,1,9
"egg",221,258,171,219,172,239,207,186,157,231,223,181
"egh",207,186,166,221,227,293,299,242,179,203,218,193
"egl",68,105,79,47,53,62,86,93,57,48,76,50
"egr",0,0,0,0,0,0,0,0,0,0,0,0
"elB",0,0,0,0,0,0,0,0,0,0,0,0
"elav",211,257,264,242,256,383,245,224,233,267,261,191
"elfless",0,1,0,9,6,15,0,0,0,7,11,9
"elg1",0,0,0,0,0,0,0,0,0,0,0,0
"elgi",0,0,0,0,5,1,0,0,0,0,0,0
"elm",56,49,59,47,62,52,52,59,79,46,44,61
"eloF",56,53,39,1,0,14,60,56,20,15,19,30
"ema",0,0,0,0,0,0,0,0,0,0,0,0
"emb",155,170,130,152,152,156,139,156,147,170,184,141
"emc",1221,1287,1229,1055,1066,1122,1484,1298,1076,1153,1414,1120
"emei",712,840,748,1026,1101,1122,741,638,1121,1028,1407,962
"emp",134,186,103,127,165,158,149,196,84,60,102,136
"ems",22,16,16,24,26,40,20,22,11,21,27,19
"en",0,0,0,2,1,2,0,0,0,2,0,0
"ena",302,498,331,227,265,220,575,540,293,256,247,184
"enc",137,98,143,152,152,213,140,116,126,244,214,139
"endos",63,59,72,82,93,76,106,94,91,72,96,69
"enok",0,1,0,0,0,3,0,0,1,0,0,0
"ens",24,13,21,21,29,25,34,28,19,22,26,22
"epsilonCOP",402,434,370,506,512,492,426,414,426,580,638,508
"epsilonTry",0,0,2,1,0,0,3,0,2,0,0,0
"ergic53",164,191,127,154,162,173,176,146,198,165,205,151
"erm",3,1,1,7,2,2,0,0,1,4,0,9
"esc",41,53,53,58,51,69,53,37,31,41,44,28
"escl",0,0,0,0,0,0,2,1,1,0,0,0
"esg",39,55,51,90,106,88,51,37,46,61,110,69
"esn",7,15,9,8,11,22,14,15,8,7,10,10
"et",0,0,0,0,1,0,0,0,0,0,0,0
"etaTry",141,176,106,32,45,10,206,210,102,32,71,32
"euc",0,0,0,0,0,0,0,0,0,0,0,0
"eve",0,0,2,3,0,2,0,1,7,1,0,0
"ewg",6,9,2,7,5,4,3,2,2,8,5,6
"ex",0,3,2,3,4,0,8,1,1,0,4,3
"exd",35,24,37,37,42,57,57,52,30,15,28,41
"exex",27,48,36,14,7,12,65,30,17,20,14,13
"exp",49,35,47,31,37,80,23,28,24,41,90,30
"exu",0,0,0,0,0,0,0,0,0,0,0,0
"ey",1,1,2,1,1,0,0,0,6,1,0,1
"eya",9,10,14,9,14,7,11,12,7,13,8,8
"eyg",5,2,5,0,5,5,7,4,3,5,7,5
"eys",218,200,248,268,244,399,230,167,181,225,297,213
"f",3,1,3,1,2,0,1,0,2,0,3,1
"f-cup",0,0,0,0,0,0,0,0,0,0,0,0
"fab1",0,0,0,0,0,0,0,0,0,0,0,0
"fabp",38,85,58,16,33,40,37,32,20,12,12,23
"faf",214,200,195,184,198,276,224,243,185,170,189,149
"fal",10,12,26,301,249,340,27,7,21,167,118,126
"fan",6,3,65,2161,1909,2456,0,6,4,1361,1297,1228
"fand",266,358,296,247,259,277,311,309,304,267,291,257
"fat-spondin",2171,3014,1357,2213,2598,1936,2425,2336,2879,2763,4021,2034
"fau",0,3,8,3,0,2,3,2,2,1,1,1
"fax",0,0,0,0,0,1,0,0,0,0,0,0
"fbl",129,181,126,91,109,159,134,170,104,92,125,111
"fbp",0,0,0,0,0,0,0,0,0,0,0,0
"fd102C",10,12,8,39,20,29,9,10,12,25,31,33
"fd19B",4,8,14,24,22,35,7,15,7,24,30,17
"fd3F",0,0,0,0,0,0,0,0,0,0,0,0
"fd59A",30,30,23,37,12,44,13,16,22,22,25,21
"fd96Ca",0,0,0,2,0,0,0,0,0,1,0,1
"fd96Cb",26,28,16,11,11,19,15,11,12,8,16,10
"fdl",1,3,3,10,15,22,2,8,6,1,2,10
"fend",81,59,45,79,64,61,60,39,68,73,49,66
"feo",59,52,40,191,204,215,55,46,48,174,161,131
"fest",2,3,68,1452,1381,1964,5,5,5,1419,1186,1172
"fh",211,256,196,306,274,304,264,236,271,224,302,211
"fid",130,99,139,164,151,233,116,91,90,154,188,147
"fidipidine",258,263,218,267,279,257,222,232,262,297,336,261
"fig",2,4,26,970,830,1125,1,3,4,922,731,658
"fipi",392,382,389,377,390,499,424,309,307,331,446,412
"firl",29,34,41,37,25,36,27,22,16,25,38,35
"fit",3,1,4,2,4,5,2,4,7,1,6,3
"fiz",23,25,29,43,99,103,24,19,63,45,117,41
"fj",397,412,341,219,255,318,317,335,280,326,460,270
"fkh",0,0,0,0,0,0,0,0,0,0,2,0
"fl(2)d",94,95,106,88,64,91,109,54,56,74,85,69
"flap",42,95,47,17,16,25,16,31,31,42,70,32
"flfl",486,502,466,412,433,526,504,533,494,447,479,439
"fliI",443,477,389,366,355,497,428,396,390,354,480,361
"flip",42,43,22,91,110,129,29,38,40,74,84,67
"fln",189,191,146,143,145,193,227,162,184,119,124,110
"flr",1,0,1,1,2,0,0,0,0,0,0,0
"flw",483,512,503,484,457,586,684,597,531,560,534,486
"flz",3,0,0,0,2,0,0,0,0,0,0,0
"fmt",164,176,175,142,147,202,201,137,169,211,222,160
"fne",0,4,6,0,2,2,15,5,4,0,1,0
"fng",559,662,496,408,502,565,466,497,570,422,676,405
"fog",25,38,17,23,21,33,23,21,18,26,24,19
"foi",8,2,13,5,16,5,16,13,21,19,7,18
"fok",1632,1622,1607,1643,1636,1756,1973,1946,2010,1436,1563,1479
"fon",337,424,322,153,125,167,553,378,226,106,135,142
"for",1,1,0,0,0,0,0,0,0,0,0,0
"form3",6,4,5,3,0,1,5,3,2,0,1,2
"foxo",8,11,9,1,5,1,8,3,0,2,2,8
"fra",0,0,0,0,0,0,0,0,0,0,0,0
"frac",0,1,0,0,0,4,0,1,0,0,3,4
"fray",10,10,8,18,5,25,21,11,12,10,7,8
"frc",0,0,0,0,0,0,0,0,0,0,0,0
"fred",83,56,88,119,90,194,95,39,95,152,157,125
"frj",0,0,0,5,0,1,0,0,0,1,2,0
"frm",0,0,0,0,0,0,0,0,0,0,0,0
"frma",1,1,0,0,1,0,2,9,0,0,0,0
"frtz",0,0,0,0,0,0,0,0,0,0,0,0
"fru",183,163,151,225,249,292,153,175,198,174,287,222
"fry",0,0,0,0,0,0,0,0,0,0,0,0
"fs(1)K10",214,244,192,184,198,225,218,178,199,189,271,197
"fs(1)M3",46,58,55,12,15,12,38,20,17,11,12,3
"fs(1)N",29,34,31,139,142,251,25,17,19,148,154,130
"fs(1)Ya",45,29,28,11,3,16,16,19,4,13,6,15
"fs(1)Yb",22,19,21,48,36,32,13,23,24,14,23,29
"fs(1)h",29,39,28,35,42,76,73,46,45,46,59,50
"fs(2)ltoPP43",42,49,51,101,112,157,48,54,55,86,93,83
"fsd",93,112,75,239,175,173,122,119,103,195,222,167
"ft",132,177,204,188,211,297,100,104,142,118,213,102
"ftz",0,2,1,30,23,45,0,0,0,18,13,2
"ftz-f1",16,14,16,17,13,19,26,21,9,13,13,41
"fu",107,118,88,94,93,104,108,90,128,95,118,99
"fus",0,0,0,0,0,0,0,0,0,0,0,0
"fusl",1,8,1,0,0,5,7,7,0,4,4,1
"fuss",7,10,11,4,6,10,9,4,7,4,4,7
"futsch",115,116,153,147,139,198,162,142,122,207,168,154
"fw",15,16,14,24,23,22,5,18,10,2,21,13
"fwd",6,10,0,0,3,7,8,7,3,7,3,2
"fwe",363,386,453,415,286,458,357,281,299,276,343,336
"fws",0,0,0,0,0,0,0,0,0,0,0,0
"fy",0,1,0,0,2,0,0,0,1,0,0,2
"fz",0,0,0,0,0,0,0,0,0,0,0,0
"fz2",29,17,21,67,37,72,38,33,21,57,51,25
"fz3",4,0,2,8,20,18,6,6,0,15,16,3
"fz4",18,10,8,6,14,14,10,10,15,8,8,14
"fzo",2,5,53,1338,1142,1310,1,0,2,799,769,768
"fzr",39,40,41,67,51,77,60,56,37,50,43,38
"fzr2",7,8,47,591,542,725,10,5,15,466,444,343
"fzy",49,41,57,276,249,246,32,37,24,201,205,172
"g",0,2,0,1,0,1,1,0,0,2,2,3
"gNacalpha",0,0,1,5,1,6,0,0,2,0,4,0
"galectin",187,201,193,112,79,162,126,132,152,119,105,118
"galene",150,128,134,119,137,171,138,86,151,172,230,183
"galla-1",3,4,4,9,7,7,4,9,2,5,3,5
"galla-2",278,279,179,158,220,240,197,270,280,244,312,223
"gammaCOP",2,0,0,0,0,1,1,0,2,0,0,1
"gammaSnap1",428,392,408,497,499,514,470,420,451,478,487,447
"gammaSnap2",118,72,89,137,104,139,97,81,78,153,136,90
"gammaTry",0,0,0,0,0,0,0,0,0,0,0,0
"gammaTub23C",227,248,224,367,366,430,224,228,276,321,453,308
"gammaTub37C",0,0,0,0,0,0,0,0,0,0,0,0
"garz",172,185,162,202,187,226,160,167,159,309,247,248
"gas",214,215,224,200,188,139,248,199,200,176,230,178
"gb",0,0,0,0,0,0,0,0,0,0,0,0
"gbb",0,0,0,1,0,0,0,0,0,0,0,0
"gce",12,17,21,5,4,18,35,20,8,9,4,17
"gcl",0,0,3,0,0,0,3,0,1,0,0,0
"gcm",0,0,0,0,1,7,0,0,0,0,1,0
"gcm2",2,0,8,15,4,15,6,1,2,7,8,2
"gd",0,0,0,1,0,0,0,0,0,0,0,0
"gdl",0,0,0,0,0,0,0,0,0,0,0,0
"gdl-ORF39",0,0,0,0,0,0,0,0,0,0,0,0
"gdrd",1,0,48,1193,1323,1381,0,0,1,771,711,763
"gek",656,888,667,559,607,780,570,630,571,667,796,557
"geko",611,351,467,1089,1075,1219,563,217,296,645,1012,689
"gem",2,1,2,4,0,3,1,2,2,1,0,4
"geminin",0,0,0,0,1,0,0,0,0,0,0,0
"gfzf",1,2,0,2,10,9,0,1,0,1,1,2
"ghi",337,373,409,338,379,386,402,369,418,323,410,352
"gig",0,0,0,0,0,0,0,0,0,0,0,0
"gish",310,258,376,1079,1083,1312,429,324,349,1181,1117,865
"gkt",202,208,181,316,327,363,223,174,153,266,304,240
"gl",2,6,1,0,1,7,1,3,0,0,0,3
"glec",1289,1472,1211,905,1033,1148,1429,1612,1472,1414,1445,1287
"glo",0,0,3,1,0,0,0,0,4,0,0,4
"glob1",41,36,30,13,30,17,29,20,27,18,36,20
"glob2",0,0,0,27,31,39,0,0,0,14,43,17
"glob3",3,0,23,384,379,453,1,0,0,370,273,267
"glu",123,146,111,111,103,115,120,122,129,119,120,99
"gnu",37,49,25,3,4,6,39,24,20,1,4,4
"gny",19,24,10,22,22,31,37,28,32,15,27,13
"goe",0,0,0,0,1,0,0,0,0,0,0,0
"gogo",24,33,50,72,61,120,41,27,30,60,56,39
"gol",11,35,41,16,14,31,27,20,23,11,22,18
"gom",3,0,17,588,566,728,1,5,2,443,491,452
"gpp",44,56,47,59,51,68,83,45,33,64,76,55
"gprs",0,0,0,0,0,0,0,0,0,0,0,0
"grass",0,0,0,0,0,0,0,0,0,0,0,0
"grau",647,560,544,599,413,362,369,331,344,326,398,355
"grh",272,291,251,133,191,230,299,262,256,298,321,222
"grim",1,2,0,2,0,2,6,6,1,3,1,1
"grk",562,534,586,665,603,620,487,502,627,518,690,594
"grn",0,0,0,0,0,0,0,0,0,0,0,0
"grnd",6,6,3,2,2,7,3,9,2,4,3,5
"gro",1,14,4,5,7,5,6,9,11,17,7,6
"grp",20,10,15,43,45,65,22,11,7,28,44,23
"grsm",59,115,78,77,95,91,62,93,78,79,76,90
"gry",517,660,556,368,398,503,507,502,475,462,547,490
"gsb",2,0,4,1,8,4,2,0,0,16,9,11
"gsb-n",3,2,6,29,30,34,2,2,6,30,18,47
"gskt",6,0,74,1983,1722,2299,0,1,1,1672,1431,1457
"gt",9,10,13,16,3,19,19,18,12,17,8,7
"gudu",7,4,84,1191,1122,1362,2,2,4,977,924,844
"gukh",8,13,14,16,7,20,8,15,6,21,23,11
"gus",18,9,22,12,11,16,13,10,8,12,6,10
"gw",253,314,252,301,315,344,303,240,281,264,260,285
"gwl",5,2,5,2,5,2,2,0,0,0,1,0
"gzl",3,9,9,25,33,41,1,3,1,28,24,22
"h-cup",1,0,30,1012,908,1122,0,0,0,874,807,799
"haf",52,52,47,63,40,79,42,55,41,58,52,40
"hale",0,1,37,566,509,617,1,0,2,568,508,440
"halo",0,0,1,1,3,0,0,1,1,0,5,0
"ham",3,4,1,2,3,1,3,7,3,4,5,3
"hang",4,6,2,1,2,4,3,3,0,0,6,1
"hay",0,1,0,0,0,0,0,0,0,0,0,0
"hb",17,14,16,5,3,7,11,20,9,7,7,9
"hbn",28,28,5,23,28,24,18,12,12,30,44,21
"hbs",49,57,40,60,60,92,42,22,72,64,100,47
"hbt",0,0,0,0,0,0,0,0,0,0,0,0
"hd",0,0,0,0,2,3,0,0,0,0,0,0
"hdly",500,470,458,361,373,466,396,388,422,404,478,384
"hdm",4,5,9,4,8,2,5,4,7,2,5,0
"hebe",18,14,22,2,1,11,8,23,10,1,9,19
"hec",3,4,8,5,10,7,8,1,5,5,9,3
"heca",765,754,966,655,692,950,690,826,949,735,883,733
"heix",159,171,130,171,145,221,176,175,176,141,165,184
"hemo",0,0,0,0,0,0,0,0,0,0,0,0
"hep",2,7,8,8,0,0,19,4,3,11,6,2
"heph",11,14,10,29,15,25,10,3,17,21,13,18
"her",2,6,0,2,1,6,4,4,6,3,5,5
"hfp",19,14,6,8,5,7,12,8,1,4,6,3
"hfw",0,11,1,0,0,0,1,3,0,0,1,0
"hgo",440,498,548,236,438,488,216,420,494,527,559,604
"hh",12,30,18,44,38,51,24,26,27,29,39,17
"hid",295,578,514,182,215,223,753,634,254,191,335,176
"hig",0,0,0,0,0,0,0,0,0,0,0,0
"hiro",353,476,219,146,155,47,497,359,222,126,237,123
"hiw",40,24,113,35,22,31,22,12,25,39,26,31
"hkb",1,2,1,11,6,5,2,0,0,1,10,1
"hlk",142,179,207,86,106,117,165,140,114,130,144,156
"hll",900,967,975,958,1015,1026,643,744,843,726,825,680
"hmw",7,3,66,1433,1345,1836,3,1,2,1156,1069,893
"hng1",80,70,63,217,196,214,93,38,89,185,196,152
"hng2",38,29,28,155,136,172,40,42,21,90,110,77
"hng3",2,6,7,14,38,37,3,0,5,0,4,4
"hob",0,0,0,0,0,0,0,0,0,0,0,0
"hoe1",23,26,21,11,12,14,36,25,6,9,5,17
"hoe2",261,341,309,254,279,307,285,286,229,294,393,355
"hog",1,0,4,61,67,77,1,1,0,40,38,47
"hoip",0,0,0,0,0,0,0,0,0,0,0,0
"hoka",492,654,453,391,394,269,689,576,627,343,505,312
"holn1",158,155,125,177,222,231,110,148,170,184,218,199
"homer",129,124,138,85,87,105,118,119,108,129,120,113
"hook",594,643,524,616,591,701,562,543,642,528,628,553
"hop",310,339,337,248,250,377,314,286,211,262,301,255
"how",476,438,493,326,415,590,548,477,485,429,544,505
"hpRNA:1",0,0,0,0,0,0,0,0,0,0,0,0
"hpRNA:CR18854",0,0,0,0,0,0,0,0,0,0,0,0
"hpRNA:CR32205",1,5,3,3,2,7,5,3,22,4,2,2
"hpRNA:CR32207",418,387,319,357,362,359,312,356,383,302,409,312
"hpRNA:CR33940",1,0,1,1,0,0,1,1,0,1,2,2
"hpRNA:CR46340",0,0,0,0,0,0,0,0,0,0,0,0
"hpRNA:CR46342",21,26,27,39,41,29,22,38,13,46,40,22
"hpRNA:CR46343",0,0,0,0,0,0,0,0,0,0,0,0
"hpo",30,31,40,39,52,46,44,40,52,35,42,35
"hppy",0,1,1,0,0,0,3,0,4,0,0,0
"hrg",6,8,7,2,10,7,4,12,1,2,3,7
"hrm",0,0,0,0,0,0,0,0,0,0,0,0
"hry",9,12,2,3,13,2,8,4,3,4,2,9
"hth",309,274,316,355,280,369,345,330,266,432,375,310
"htk",21,57,38,15,23,35,55,29,31,35,32,25
"htl",33,34,47,57,26,25,45,32,48,28,27,50
"hts",27,34,46,85,100,117,21,35,29,80,101,103
"htt",9,9,9,2,3,1,1,3,3,4,4,1
"hubl",0,0,0,0,0,0,0,0,0,0,0,0
"hui",0,0,0,0,0,0,0,0,0,0,0,0
"hwt",9,3,7,25,5,15,5,9,5,20,21,4
"hyd",0,0,0,0,0,0,0,0,0,0,0,0
"hydra",0,0,0,1,0,0,0,0,0,1,3,0
"hyx",0,0,1,12,5,13,1,0,0,3,1,2
"hzg",3,0,10,1,0,0,2,0,2,1,0,4
"iPLA2-VIA",0,0,0,0,0,0,0,0,0,0,0,0
"iav",12,12,12,9,10,19,26,13,19,6,21,13
"ich",0,0,1,0,1,0,0,0,0,0,0,0
"icln",55,61,58,87,82,90,93,76,112,56,96,96
"ics",0,1,0,3,0,1,0,0,5,3,1,2
"ida",54,58,44,124,120,123,46,60,50,116,111,113
"idc",101,127,108,127,107,129,118,120,133,97,126,130
"if",0,0,1,2,4,8,1,1,2,1,3,1
"ifc",132,183,151,161,142,176,180,155,117,153,163,132
"igl",84,65,82,128,146,198,152,96,60,113,96,135
"ihog",84,142,139,85,110,107,98,98,116,71,145,94
"imd",0,0,0,0,1,0,0,0,0,0,2,0
"in",33,67,39,26,41,36,26,27,25,13,37,18
"inaC",2327,2263,2159,1805,2095,2666,1946,1521,2092,1836,2017,1842
"inaD",0,0,0,0,0,0,0,0,0,0,0,0
"inaE",134,111,124,66,47,86,104,135,138,115,81,91
"inaF-A",3,3,3,1,0,5,5,2,3,6,1,3
"inaF-B",131,103,129,87,99,104,128,90,55,62,95,65
"inaF-C",4,12,10,6,4,6,18,7,11,9,10,5
"inaF-D",40,21,40,63,51,88,50,18,35,37,94,70
"inc",1,4,2,4,3,7,2,4,0,2,5,10
"ind",0,0,0,1,1,0,3,0,0,3,5,0
"indra",0,0,0,0,4,0,0,0,0,0,0,0
"ine",16,20,36,7,9,12,17,18,18,5,18,10
"insb",0,0,0,0,0,0,0,0,0,0,0,0
"insc",51,66,79,78,71,73,78,79,39,52,60,55
"insv",5,1,13,10,15,13,6,4,0,8,9,0
"intr",0,0,0,1,1,0,0,0,0,25,1,31
"inv",0,1,1,29,34,42,2,1,0,16,19,37
"iotaTry",102,86,28,8,2,0,92,100,14,8,4,4
"isoQC",48,64,38,43,36,46,47,37,39,32,43,68
"ix",50,100,56,108,64,54,50,66,69,46,77,74
"jagn",214,249,208,240,212,240,171,197,269,181,197,238
"janA",0,0,0,9,5,7,0,0,0,4,2,2
"janB",0,0,61,1394,1451,1568,0,0,1,928,871,890
"jar",11,24,36,18,18,33,32,18,9,18,23,21
"jb",0,4,0,34,15,29,3,1,0,7,11,17
"jbug",4,4,0,3,0,1,0,0,0,0,1,0
"jdp",8,15,13,20,5,16,10,6,12,15,16,8
"jeb",295,289,282,338,264,444,357,248,170,465,330,346
"jef",369,346,460,385,327,451,445,310,380,499,458,418
"jet",11,5,11,10,5,5,14,4,3,9,10,4
"jhamt",0,0,0,0,0,0,0,0,0,0,0,0
"jigr1",2,1,12,11,9,8,5,6,6,7,5,6
"jim",0,0,0,1,0,0,0,0,0,0,0,0
"jing",109,91,93,98,123,153,97,107,107,117,115,111
"jp",397,413,433,369,308,466,537,460,507,339,425,446
"js",0,0,0,0,0,0,0,0,0,0,4,0
"jtb",88,102,67,207,226,162,181,223,195,197,286,171
"jub",6,14,10,14,5,7,10,12,15,13,10,11
"jumu",102,117,129,184,146,227,99,101,101,146,152,136
"jus",0,0,0,0,0,0,0,0,0,0,0,0
"jv",4,0,0,1,0,2,0,5,1,0,0,2
"jvl",121,170,202,168,176,229,153,187,137,142,152,129
"kairos",43,24,54,21,16,42,87,43,33,55,39,73
"kappaB-Ras",0,0,0,0,0,0,0,0,0,0,0,0
"kappaTry",418,493,306,174,163,50,574,524,304,166,306,131
"kar",238,215,208,275,212,195,317,206,102,195,146,170
"karr",0,0,5,90,101,141,0,2,0,58,73,76
"kat-60L1",0,0,0,0,0,0,0,0,0,0,0,0
"kat80",0,0,0,0,0,0,0,0,3,1,0,0
"kay",477,458,485,366,320,374,394,431,276,340,332,350
"kcc",25,25,10,20,31,25,17,14,15,20,19,24
"kdn",2127,2074,2062,2468,2381,2432,3403,2511,1931,2038,1953,2134
"kek1",165,150,134,176,170,233,145,112,117,186,171,153
"kek2",146,137,142,176,180,297,163,97,94,227,275,221
"kek3",6,10,14,27,23,21,21,10,13,21,23,11
"kek4",5,3,6,2,0,1,0,2,0,0,2,0
"kek5",173,187,160,162,183,241,193,142,171,172,220,177
"kek6",0,0,0,0,0,0,0,0,0,0,0,0
"kel",0,0,0,0,0,0,0,0,0,0,0,0
"ken",684,871,608,618,665,799,644,710,490,463,783,444
"kermit",14,36,15,10,3,4,18,17,3,11,5,6
"key",0,0,0,0,0,0,0,0,0,0,0,0
"kibra",224,209,261,210,241,270,203,170,211,222,268,206
"kin17",239,245,166,329,375,362,163,186,216,324,341,285
"kipf",6,0,1,0,0,5,0,2,2,0,1,3
"kirre",66,42,61,61,75,131,68,58,62,73,63,53
"kis",11,7,4,12,3,29,2,1,3,8,13,12
"kkv",25,16,19,10,13,24,8,19,16,12,25,11
"kl-2",0,0,6,188,156,265,0,0,0,132,120,111
"kl-3",0,0,13,232,214,398,0,0,0,213,194,197
"kl-5",1,0,10,263,258,433,0,0,0,161,130,151
"klar",92,100,101,70,82,120,95,91,57,72,85,89
"klg",481,468,511,660,523,947,724,428,570,697,1074,714
"klhl10",0,0,0,0,4,2,0,0,0,2,0,0
"klu",3,1,0,3,4,2,2,3,1,2,1,2
"kmg",4,4,14,145,138,179,3,1,3,131,112,82
"kmr",51,53,52,55,61,87,58,31,34,59,82,45
"kn",3,4,20,20,6,0,3,4,4,3,1,4
"kni",14,11,9,9,15,20,7,9,11,1,21,11
"knk",63,104,90,65,68,81,90,89,57,24,65,46
"knon",7,1,96,2166,2386,2778,0,0,0,2008,1604,1504
"knrl",41,47,34,10,35,36,57,61,55,37,65,30
"ko",3,7,10,11,8,14,1,5,9,11,9,11
"koi",0,0,0,0,0,0,0,0,0,0,0,0
"koko",0,0,0,0,0,0,0,0,0,0,0,0
"kon",0,0,0,0,0,1,0,0,0,0,0,0
"kra",151,156,129,337,305,407,151,133,113,301,288,265
"kraken",0,0,0,1,6,2,0,0,0,0,0,3
"kri",0,0,0,0,0,0,0,0,0,0,0,0
"krimp",65,81,79,178,150,165,59,61,54,83,77,90
"krz",355,370,476,289,338,375,406,464,562,316,358,367
"ksh",110,76,62,135,141,139,118,94,104,104,137,105
"ksr",17,8,6,9,6,9,12,4,6,4,8,8
"kst",8,13,5,5,8,8,13,9,11,20,15,20
"kto",136,187,137,117,115,158,145,106,81,141,159,77
"ktub",0,0,0,0,0,0,0,0,0,0,0,0
"kud",0,0,0,0,0,0,0,0,0,0,0,0
"kug",2,5,6,13,6,6,2,0,1,8,2,2
"kuk",3,45,1,2,2,1,0,1,4,3,0,3
"kumpel",1115,1191,1069,496,421,509,1813,1210,811,787,617,975
"kune",682,697,655,641,761,741,584,558,835,635,1068,743
"kuz",4,2,4,1,1,2,3,6,1,8,6,0
"kz",0,0,0,0,0,0,0,0,5,0,0,0
"l(1)10Bb",329,230,245,428,354,401,279,281,306,316,344,350
"l(1)G0004",121,99,102,86,90,95,121,111,121,141,181,138
"l(1)G0020",0,0,0,0,0,0,0,0,0,0,0,0
"l(1)G0196",17,41,42,46,31,73,41,27,31,30,33,47
"l(1)G0289",480,485,418,573,524,585,583,487,465,526,572,475
"l(1)G0320",511,483,399,830,884,756,764,770,703,843,1081,746
"l(1)G0469",38,36,31,32,35,44,46,48,27,33,32,31
"l(1)sc",0,0,0,0,0,0,0,0,0,0,0,0
"l(2)03659",0,0,0,0,0,0,0,0,0,0,0,0
"l(2)05287",232,239,214,345,294,365,292,216,204,275,293,229
"l(2)05714",0,1,7,11,8,17,7,1,12,6,10,9
"l(2)09851",8,4,10,2,6,7,4,5,15,20,3,5
"l(2)10685",116,118,98,97,87,91,110,96,131,109,110,103
"l(2)34Fc",16,29,25,13,17,43,33,22,34,13,33,36
"l(2)34Fd",153,182,115,133,108,133,145,120,108,114,100,87
"l(2)37Bb",657,653,547,663,629,721,751,635,848,696,896,720
"l(2)37Cb",95,126,127,144,110,155,132,139,143,95,127,95
"l(2)37Cd",74,47,60,102,74,84,80,75,55,94,108,74
"l(2)41Ab",42,33,54,19,29,23,22,24,34,13,14,27
"l(2)SH0834",228,242,207,507,400,414,261,218,340,394,419,340
"l(2)dtl",54,40,50,59,47,63,52,52,25,51,46,52
"l(2)efl",0,0,0,0,0,0,0,0,0,0,0,0
"l(2)gd1",0,0,5,0,1,2,1,1,0,1,0,0
"l(2)gl",7,7,14,0,4,5,7,3,6,3,5,6
"l(2)k01209",13,9,13,29,26,20,7,13,2,3,5,5
"l(2)k05819",10,3,10,5,6,8,4,4,6,0,3,3
"l(2)k05911",82,105,106,65,68,89,52,175,108,115,81,58
"l(2)k09022",211,287,224,206,166,205,268,212,180,150,190,164
"l(2)k09848",3,0,1,3,0,0,0,0,1,0,0,2
"l(2)k09913",72,86,68,83,85,89,60,67,52,57,87,69
"l(2)k10201",48,50,50,150,194,191,41,65,71,111,103,114
"l(2)k14505",4,3,3,5,6,2,4,6,5,1,1,2
"l(3)04053",105,117,112,108,121,170,129,106,91,96,120,107
"l(3)05822",65,111,81,66,63,111,84,90,61,57,62,76
"l(3)07882",2,0,0,0,2,1,2,0,0,0,0,0
"l(3)72Dn",0,0,0,0,0,0,0,0,0,0,0,0
"l(3)72Dp",148,213,157,113,147,136,159,176,164,127,125,134
"l(3)72Dr",158,164,197,167,170,230,115,151,165,159,135,176
"l(3)73Ah",0,0,0,1,0,2,0,0,0,0,0,0
"l(3)76BDm",22,22,28,20,14,21,14,16,16,17,24,9
"l(3)80Fg",47,50,49,35,53,61,40,51,42,28,26,51
"l(3)80Fj",2302,2653,2332,1993,1832,2507,2494,2092,2664,1918,2395,1981
"l(3)87Df",246,213,200,346,366,370,318,285,349,354,412,302
"l(3)L1231",308,370,317,285,297,382,467,444,245,301,378,305
"l(3)mbn",0,0,0,0,0,0,0,0,0,0,0,0
"l(3)mbt",587,688,730,558,587,722,649,658,699,700,735,658
"l(3)neo38",196,197,143,203,187,177,210,186,116,158,147,138
"l(3)neo43",0,0,0,0,0,0,0,4,0,1,0,0
"l(3)psg2",260,230,219,232,250,382,199,230,120,256,276,236
"lab",19,9,8,23,8,7,11,5,10,8,13,9
"lace",17,12,22,15,11,18,19,9,31,13,22,19
"laf",0,0,0,0,0,0,0,0,0,0,0,0
"lama",0,7,6,0,3,0,4,4,0,2,0,2
"lambdaTry",330,324,262,59,100,6,309,306,170,98,163,50
"lap",14,25,20,33,28,20,28,23,7,12,17,15
"lark",5,16,19,39,14,25,15,17,17,15,16,8
"larp",22,20,21,18,15,13,23,19,14,8,16,12
"lawc",157,187,131,118,80,106,190,167,153,94,134,73
"laza",233,362,194,85,136,128,290,280,126,107,158,97
"lbe",0,0,0,23,7,16,0,0,0,6,10,8
"lbk",337,405,403,350,349,522,332,315,295,314,360,304
"lbl",0,0,0,0,0,0,0,0,0,0,0,0
"lbm",28,14,14,15,14,9,27,27,30,10,5,32
"lcs",1,4,0,0,2,0,1,4,4,4,1,4
"ldbr",42,48,37,67,57,73,18,25,31,50,63,39
"ldd",549,804,651,365,393,471,661,741,639,509,406,482
"lds",90,105,84,327,308,386,102,119,78,224,275,252
"lectin-21Ca",0,0,0,0,0,0,0,0,0,8,3,14
"lectin-21Cb",0,0,0,0,0,0,0,0,0,10,0,4
"lectin-22C",0,0,0,0,0,0,0,0,0,0,0,1
"lectin-24A",10,19,2,17,26,10,18,28,40,19,19,15
"lectin-24Db",63,103,21,38,52,36,104,154,110,59,77,78
"lectin-28C",11,7,11,8,14,14,2,7,11,14,17,7
"lectin-29Ca",0,0,0,7,0,1,0,0,0,221,53,197
"lectin-30A",1,2,4,50,11,19,0,0,0,402,206,439
"lectin-33A",137,102,106,74,96,113,68,97,149,81,145,88
"lectin-37Da",0,0,0,0,0,0,0,4,0,0,0,0
"lectin-37Db",0,0,0,0,0,0,0,0,0,0,0,0
"lectin-46Ca",7,14,8,174,125,202,4,7,4,656,570,545
"lectin-46Cb",25,13,26,136,75,182,6,6,6,496,440,387
"levy",0,3,15,1,8,10,15,9,11,4,12,11
"lft",1,0,0,0,0,0,2,0,0,0,0,0
"lgs",1150,1409,1216,1398,1375,1866,1227,1207,1056,1384,1388,1359
"lic",371,359,339,351,390,387,291,376,418,409,490,387
"lig",18,12,10,114,95,141,14,7,8,108,104,100
"lili",73,61,79,162,209,236,61,67,88,202,182,175
"lilli",28,39,32,35,32,37,27,20,22,48,52,27
"lin",84,142,136,146,125,179,130,111,113,115,180,124
"lin-28",10,4,12,7,8,15,11,0,5,3,5,6
"lin-52",0,0,0,1,0,0,5,0,0,0,0,0
"link",4,7,5,3,7,2,3,4,6,7,1,4
"lky",1,0,17,466,373,450,0,0,0,360,306,277
"lmd",2,2,3,10,3,9,1,0,1,9,10,9
"lmgA",0,0,0,0,0,0,0,0,0,0,0,0
"lmgB",0,0,0,0,0,0,0,0,0,0,0,0
"lms",0,0,0,0,0,0,0,0,0,0,0,0
"lncRNA:CR13130",7,3,2,0,6,6,5,1,5,7,1,3
"lncRNA:CR14310",1,0,0,0,1,6,0,0,0,0,0,1
"lncRNA:CR15061",0,0,0,0,0,0,0,0,1,0,0,0
"lncRNA:CR30009",1,1,0,1,1,0,0,0,1,3,2,4
"lncRNA:CR30055",30,28,22,20,32,47,29,35,42,18,31,26
"lncRNA:CR30121",4,8,10,2,0,8,1,2,2,2,4,6
"lncRNA:CR31044",7,5,3,2,4,5,1,2,6,0,7,2
"lncRNA:CR31386",1,0,1,1,5,7,1,0,4,1,0,2
"lncRNA:CR31526",1,0,6,84,71,60,0,0,0,13,19,25
"lncRNA:CR31647",0,0,2,3,3,2,0,0,0,0,3,0
"lncRNA:CR31781",0,1,0,0,0,0,0,0,0,0,0,0
"lncRNA:CR31840",0,0,0,0,0,0,0,2,0,0,0,0
"lncRNA:CR32027",11,17,9,12,10,0,8,9,8,3,2,6
"lncRNA:CR32111",27,19,17,22,19,24,17,15,25,21,27,15
"lncRNA:CR32160",84,82,62,65,107,59,71,91,104,47,137,67
"lncRNA:CR32194",47,38,31,54,28,44,13,25,25,15,16,11
"lncRNA:CR32218",37,57,62,53,65,53,60,51,32,36,60,46
"lncRNA:CR32385",4,8,4,14,5,15,15,12,2,5,9,9
"lncRNA:CR32553",6,1,8,15,34,21,3,5,1,22,15,14
"lncRNA:CR32582",0,0,0,0,0,0,0,0,2,0,0,0
"lncRNA:CR32636",4,3,14,3,4,1,2,13,0,0,1,1
"lncRNA:CR32652",13,1,120,4075,3420,4459,2,2,2,2595,2316,2188
"lncRNA:CR32657",1,1,40,1047,1024,1292,0,0,2,425,467,567
"lncRNA:CR32658",0,0,0,0,0,0,0,0,0,0,0,0
"lncRNA:CR32660",0,0,0,0,0,0,0,0,0,0,0,0
"lncRNA:CR32661",7,7,60,1400,1325,1631,1,8,1,744,597,699
"lncRNA:CR32690",3,2,86,2497,2069,2634,2,1,7,1370,1320,1159
"lncRNA:CR32730",0,0,0,0,0,0,0,0,0,1,0,0
"lncRNA:CR32773",0,1,1,0,0,0,6,7,7,0,1,1
"lncRNA:CR32835",1,0,1,195,190,218,0,2,2,167,135,182
"lncRNA:CR33218",0,0,0,0,0,0,0,0,0,0,0,0
"lncRNA:CR33938",22,6,8,111,83,97,25,11,25,30,28,37
"lncRNA:CR33942",40,56,27,52,52,31,78,60,61,28,28,30
"lncRNA:CR33948",4,5,3,11,13,15,1,1,12,2,12,2
"lncRNA:CR33963",16,12,8,16,17,9,15,14,5,4,10,12
"lncRNA:CR33987",0,0,0,0,0,0,0,0,0,0,0,0
"lncRNA:CR34006",23,11,11,24,38,29,16,8,19,15,32,17
"lncRNA:CR34024",0,0,0,5,1,0,0,0,0,0,0,0
"lncRNA:CR34044",9,8,5,12,9,11,6,7,9,4,13,5
"lncRNA:CR34046",15,5,9,6,32,31,15,13,13,21,31,11
"lncRNA:CR34047",1,2,0,0,1,6,0,0,0,0,1,2
"lncRNA:CR34052",0,0,0,0,0,0,0,0,0,0,0,0
"lncRNA:CR34335",1,0,0,0,0,0,1,0,1,0,0,1
"lncRNA:CR40053",0,0,3,109,88,107,0,0,0,54,53,45
"lncRNA:CR40172",0,0,1,58,42,88,0,0,0,55,39,20
"lncRNA:CR40341",0,0,0,0,0,0,0,0,0,0,0,0
"lncRNA:CR40465",0,1,0,59,45,92,0,0,0,19,2,13
"lncRNA:CR40469",502,493,327,325,289,170,871,618,489,59,107,121
"lncRNA:CR40629",0,0,0,0,0,0,0,0,0,0,0,0
"lncRNA:CR40719",0,0,0,0,2,0,0,0,0,0,0,1
"lncRNA:CR40947",0,0,0,0,0,0,0,0,0,0,0,0
"lncRNA:CR41257",6,3,2,4,4,2,6,7,3,5,7,1
"lncRNA:CR41352",0,0,0,0,0,2,0,0,0,0,0,0
"lncRNA:CR41443",0,0,0,0,0,0,0,0,0,0,0,0
"lncRNA:CR41601",0,0,3,41,52,43,1,1,0,18,9,22
"lncRNA:CR42491",193,188,155,148,145,187,307,256,249,198,293,199
"lncRNA:CR42549",1,0,0,0,0,1,0,1,3,0,0,2
"lncRNA:CR42646",0,0,0,0,0,0,0,0,0,0,0,0
"lncRNA:CR42651",8,12,13,0,5,7,22,19,8,8,5,16
"lncRNA:CR42657",4,0,26,835,712,1019,0,0,1,582,525,447
"lncRNA:CR42696",0,0,0,0,0,0,0,0,0,0,0,0
"lncRNA:CR42715",7,23,12,1,6,2,18,16,13,6,0,3
"lncRNA:CR42719",16,1,7,25,14,13,6,9,10,8,18,3
"lncRNA:CR42721",3,3,2,9,10,6,7,5,2,3,6,8
"lncRNA:CR42736",1,1,1,0,0,2,2,1,0,0,0,1
"lncRNA:CR42746",0,0,0,3,3,7,0,1,1,0,0,3
"lncRNA:CR42755",0,0,1,2,0,1,1,1,0,0,0,0
"lncRNA:CR42756",0,0,0,34,23,27,0,0,0,17,7,21
"lncRNA:CR42765",0,0,0,1,0,0,1,0,0,1,0,0
"lncRNA:CR42767",2,1,89,1642,1363,1807,2,3,0,956,938,855
"lncRNA:CR42790",0,0,0,0,0,0,0,0,0,8,0,1
"lncRNA:CR42791",0,0,0,9,2,5,1,0,4,2,0,4
"lncRNA:CR42794",12,12,8,7,4,4,2,6,18,8,5,8
"lncRNA:CR42836",0,0,0,0,0,0,0,0,0,0,0,0
"lncRNA:CR42839",24,19,21,35,18,27,27,21,18,14,20,21
"lncRNA:CR42844",0,0,0,34,24,33,0,0,0,6,3,6
"lncRNA:CR42850",0,0,0,0,0,0,0,0,0,0,0,0
"lncRNA:CR42858",0,0,0,14,14,35,0,0,0,1,13,28
"lncRNA:CR42859",0,0,0,18,8,13,0,0,0,7,10,8
"lncRNA:CR42861",0,0,0,0,0,0,0,0,0,1,0,0
"lncRNA:CR42862",0,0,0,0,0,0,0,0,0,0,0,0
"lncRNA:CR42868",1,0,2,4,3,0,1,0,0,0,0,0
"lncRNA:CR42874",64,60,45,70,93,68,81,74,91,93,96,70
"lncRNA:CR43053",0,0,1,33,39,51,0,0,0,5,1,9
"lncRNA:CR43097",0,0,0,0,0,0,0,0,0,0,0,0
"lncRNA:CR43104",0,0,0,0,0,0,0,1,0,3,0,0
"lncRNA:CR43126",19,14,22,21,25,39,14,12,21,20,26,21
"lncRNA:CR43130",3,3,4,7,8,5,3,2,2,4,3,5
"lncRNA:CR43132",4,1,0,50,46,52,0,0,0,24,25,36
"lncRNA:CR43144",3,6,1,4,4,2,0,0,0,0,3,4
"lncRNA:CR43146",0,0,0,0,0,0,0,0,0,0,0,0
"lncRNA:CR43148",13,14,23,8,14,16,7,15,28,15,24,10
"lncRNA:CR43150",0,0,0,20,13,22,0,0,0,4,6,3
"lncRNA:CR43151",1,2,11,129,153,178,0,0,1,82,88,84
"lncRNA:CR43157",0,0,0,0,2,0,0,0,0,1,0,0
"lncRNA:CR43166",9,1,7,3,2,1,6,1,7,11,4,6
"lncRNA:CR43174",0,0,6,204,141,183,0,1,3,69,46,59
"lncRNA:CR43193",0,0,0,0,0,0,0,1,0,1,0,0
"lncRNA:CR43196",13,17,7,2,2,6,10,9,7,11,14,7
"lncRNA:CR43199",2,1,3,16,7,5,1,5,3,1,3,8
"lncRNA:CR43234",0,2,2,4,1,5,0,1,3,5,3,0
"lncRNA:CR43238",0,0,2,28,18,19,0,0,0,1,7,13
"lncRNA:CR43239",0,0,0,0,0,0,0,0,0,0,0,1
"lncRNA:CR43241",59,35,50,38,41,30,32,46,35,23,42,32
"lncRNA:CR43242",241,237,225,196,254,265,190,149,175,165,155,164
"lncRNA:CR43247",0,0,7,108,114,163,0,0,0,81,59,84
"lncRNA:CR43250",6,15,12,0,6,7,8,4,6,8,5,4
"lncRNA:CR43252",0,0,1,34,58,72,0,0,0,26,36,39
"lncRNA:CR43253",17,11,11,73,69,88,8,7,14,58,63,58
"lncRNA:CR43256",9,5,10,5,10,5,10,2,12,5,9,14
"lncRNA:CR43258",0,0,0,0,0,0,0,0,0,0,0,0
"lncRNA:CR43260",0,0,0,13,5,6,0,0,0,8,7,3
"lncRNA:CR43262",1,0,0,0,1,0,0,0,0,0,0,2
"lncRNA:CR43263",2,0,12,313,348,352,0,0,0,200,184,169
"lncRNA:CR43264",21,18,31,85,60,49,48,44,29,62,60,27
"lncRNA:CR43266",0,0,0,0,0,0,0,0,0,0,0,0
"lncRNA:CR43270",7,8,7,13,3,19,9,11,4,10,4,4
"lncRNA:CR43274",0,0,0,0,3,3,0,0,0,0,0,0
"lncRNA:CR43278",0,0,0,0,0,0,0,0,0,0,0,0
"lncRNA:CR43279",0,0,0,0,0,0,0,0,0,0,0,0
"lncRNA:CR43280",0,0,0,9,10,4,0,0,0,4,7,0
"lncRNA:CR43282",0,0,0,0,0,0,0,0,0,0,0,0
"lncRNA:CR43285",0,1,1,19,7,10,0,0,0,7,0,5
"lncRNA:CR43287",35,27,30,31,18,25,25,30,28,24,29,21
"lncRNA:CR43289",1,0,0,24,39,22,0,1,1,18,10,19
"lncRNA:CR43297",0,0,2,134,119,126,0,0,0,51,68,44
"lncRNA:CR43298",0,0,0,13,21,16,0,1,0,1,3,10
"lncRNA:CR43300",4,1,1,10,4,8,0,0,0,7,5,3
"lncRNA:CR43301",0,0,0,0,0,0,0,0,0,0,0,0
"lncRNA:CR43302",0,0,0,0,0,0,0,0,0,0,0,0
"lncRNA:CR43303",0,0,0,8,19,8,0,0,0,3,6,2
"lncRNA:CR43304",0,0,3,199,202,278,3,0,0,162,156,157
"lncRNA:CR43306",0,0,3,127,133,158,0,0,0,46,46,70
"lncRNA:CR43314",1,1,1,8,1,0,4,0,0,1,1,3
"lncRNA:CR43334",0,2,0,1,0,1,0,1,4,2,0,0
"lncRNA:CR43353",0,0,0,2,1,2,0,0,0,0,3,0
"lncRNA:CR43356",2,2,4,68,102,72,1,0,3,47,63,49
"lncRNA:CR43357",0,0,0,0,0,0,0,0,0,0,0,0
"lncRNA:CR43358",0,0,0,0,0,0,0,0,0,0,0,0
"lncRNA:CR43363",16,4,9,16,30,24,6,13,8,10,7,10
"lncRNA:CR43372",0,0,0,39,56,58,0,0,0,17,14,24
"lncRNA:CR43387",0,0,0,2,11,7,0,0,0,0,2,1
"lncRNA:CR43399",0,2,1,16,26,8,0,0,3,7,5,7
"lncRNA:CR43404",1,0,0,1,2,2,0,0,0,9,4,5
"lncRNA:CR43406",0,0,0,3,1,2,0,0,0,0,0,0
"lncRNA:CR43408",1,1,4,31,10,26,1,0,1,14,7,9
"lncRNA:CR43409",0,0,0,6,12,8,0,0,0,17,11,16
"lncRNA:CR43410",0,0,5,66,65,87,0,0,2,60,57,32
"lncRNA:CR43411",1,6,6,0,0,0,0,0,1,0,0,0
"lncRNA:CR43412",0,0,0,0,0,0,0,0,0,0,0,0
"lncRNA:CR43414",0,0,0,0,0,0,0,0,0,0,0,0
"lncRNA:CR43415",0,0,0,0,0,0,0,0,0,0,0,0
"lncRNA:CR43416",0,0,0,36,39,31,0,0,0,13,8,17
"lncRNA:CR43417",0,0,0,0,0,0,0,0,0,0,0,0
"lncRNA:CR43418",1,0,1,0,1,2,0,0,0,18,3,7
"lncRNA:CR43419",2,1,1,27,27,31,0,0,1,14,13,11
"lncRNA:CR43420",0,1,1,21,31,29,0,0,0,8,5,21
"lncRNA:CR43421",0,0,0,5,1,1,0,0,0,4,0,1
"lncRNA:CR43422",0,0,0,24,11,25,0,0,0,6,3,7
"lncRNA:CR43423",0,0,0,0,0,0,0,0,0,0,0,0
"lncRNA:CR43424",3,4,2,179,161,172,5,7,4,111,89,112
"lncRNA:CR43431",14,17,7,7,7,22,16,12,6,12,19,7
"lncRNA:CR43434",0,0,0,3,0,0,0,0,0,1,0,0
"lncRNA:CR43435",3,10,4,16,9,11,6,1,2,2,4,12
"lncRNA:CR43436",7,3,13,69,95,70,2,0,1,60,63,40
"lncRNA:CR43437",0,0,4,129,146,163,2,0,0,75,60,72
"lncRNA:CR43440",1,0,6,101,58,80,0,0,0,49,42,58
"lncRNA:CR43451",0,0,12,100,96,101,0,0,1,62,51,60
"lncRNA:CR43452",9,10,13,10,5,5,2,10,12,9,10,6
"lncRNA:CR43453",0,0,0,0,0,0,0,0,0,0,0,0
"lncRNA:CR43455",0,0,0,0,0,0,0,0,0,0,0,0
"lncRNA:CR43456",0,0,0,0,0,2,0,0,0,93,31,66
"lncRNA:CR43457",0,0,0,5,2,1,0,0,1,7,2,5
"lncRNA:CR43458",0,0,0,0,0,0,0,0,0,0,0,0
"lncRNA:CR43459",0,0,0,5,2,0,0,0,1,1,0,0
"lncRNA:CR43461",32,20,16,88,85,101,37,22,24,56,65,90
"lncRNA:CR43475",0,2,6,69,75,73,3,1,0,31,37,60
"lncRNA:CR43484",0,0,0,0,0,0,0,0,0,0,0,0
"lncRNA:CR43485",0,0,0,41,31,42,0,0,0,38,43,46
"lncRNA:CR43486",0,0,0,0,0,0,0,0,0,0,0,0
"lncRNA:CR43487",0,0,0,0,0,0,0,0,0,0,0,0
"lncRNA:CR43488",0,0,0,0,0,0,0,0,0,0,0,0
"lncRNA:CR43489",0,0,0,13,5,1,0,0,0,44,65,38
"lncRNA:CR43490",0,0,0,0,0,0,0,0,0,3,0,0
"lncRNA:CR43491",0,0,0,0,2,3,0,0,0,18,4,29
"lncRNA:CR43492",11,2,4,3,1,5,6,0,11,4,4,1
"lncRNA:CR43493",49,59,68,26,25,16,94,122,78,22,34,26
"lncRNA:CR43494",0,0,0,0,0,0,0,0,0,0,0,0
"lncRNA:CR43495",0,0,1,25,16,21,0,0,0,12,3,7
"lncRNA:CR43496",48,39,41,14,23,27,30,35,31,7,19,14
"lncRNA:CR43498",0,0,0,26,23,43,2,0,0,8,6,5
"lncRNA:CR43604",0,0,0,0,1,0,2,0,0,0,0,0
"lncRNA:CR43605",4,1,1,91,98,122,0,2,6,36,35,28
"lncRNA:CR43606",2,0,1,5,1,0,0,4,2,1,0,1
"lncRNA:CR43607",3,0,0,9,13,7,0,0,0,12,8,9
"lncRNA:CR43608",0,0,0,0,0,0,0,0,0,0,0,0
"lncRNA:CR43611",0,4,0,8,4,12,1,1,3,3,2,2
"lncRNA:CR43612",0,0,0,8,6,6,1,0,0,7,1,6
"lncRNA:CR43613",0,0,0,0,0,0,0,0,0,0,0,0
"lncRNA:CR43617",0,0,0,0,2,2,0,0,0,0,1,0
"lncRNA:CR43620",0,0,0,0,0,0,0,0,0,0,0,0
"lncRNA:CR43621",2,0,0,9,10,15,0,1,0,4,2,2
"lncRNA:CR43622",0,0,0,11,8,15,0,0,0,5,1,2
"lncRNA:CR43624",0,0,0,0,0,0,0,0,1,0,0,0
"lncRNA:CR43625",0,0,1,42,49,43,0,0,0,32,30,16
"lncRNA:CR43626",0,0,1,0,0,4,1,0,0,2,0,0
"lncRNA:CR43627",0,0,8,106,101,93,0,0,0,68,60,93
"lncRNA:CR43631",0,0,0,4,8,6,0,1,0,0,6,1
"lncRNA:CR43632",0,0,1,14,7,14,0,0,0,5,6,2
"lncRNA:CR43633",0,0,0,0,0,0,0,0,0,0,0,1
"lncRNA:CR43634",0,0,0,12,5,22,0,0,0,5,0,0
"lncRNA:CR43635",5,1,2,2,11,4,1,0,7,6,4,5
"lncRNA:CR43639",0,0,0,0,0,0,0,0,0,0,0,0
"lncRNA:CR43640",2,0,0,33,32,38,0,0,0,32,28,31
"lncRNA:CR43641",3,5,8,15,8,4,12,18,5,0,3,7
"lncRNA:CR43642",0,0,0,0,0,0,0,0,0,0,0,0
"lncRNA:CR43643",65,25,33,41,45,69,11,3,23,18,57,11
"lncRNA:CR43644",1,0,0,2,0,1,0,0,1,1,0,0
"lncRNA:CR43648",0,0,2,27,24,21,0,0,0,16,11,5
"lncRNA:CR43649",0,0,0,13,4,5,0,0,3,1,5,3
"lncRNA:CR43650",3,7,12,12,6,9,4,6,8,6,8,5
"lncRNA:CR43651",0,0,0,0,0,0,0,0,1,0,0,0
"lncRNA:CR43652",0,0,1,25,18,31,0,0,0,7,17,15
"lncRNA:CR43654",16,17,17,15,22,17,15,13,9,15,21,21
"lncRNA:CR43655",0,0,0,3,0,2,0,0,0,6,2,2
"lncRNA:CR43656",2,0,1,39,18,41,0,0,0,21,25,37
"lncRNA:CR43660",0,0,0,5,0,0,0,0,0,7,2,16
"lncRNA:CR43661",0,0,0,0,0,0,0,0,0,0,0,1
"lncRNA:CR43681",0,0,3,17,12,26,0,0,0,7,16,3
"lncRNA:CR43682",1,0,0,39,38,40,1,0,0,10,21,6
"lncRNA:CR43684",0,0,0,11,7,8,0,0,0,98,53,174
"lncRNA:CR43685",0,0,0,0,0,0,0,0,0,0,0,0
"lncRNA:CR43686",6,3,1,5,1,0,1,3,1,8,0,1
"lncRNA:CR43695",0,0,0,0,6,4,0,0,0,0,0,0
"lncRNA:CR43700",0,2,1,3,1,2,4,1,2,1,1,3
"lncRNA:CR43704",4,4,1,0,1,7,1,7,7,2,3,8
"lncRNA:CR43705",0,0,3,28,19,18,0,0,0,34,20,18
"lncRNA:CR43706",0,0,0,1,0,0,0,0,2,1,0,2
"lncRNA:CR43713",0,0,0,0,0,0,0,0,0,0,2,2
"lncRNA:CR43714",0,0,0,0,0,0,0,0,0,1,5,5
"lncRNA:CR43715",0,0,0,0,0,0,0,1,0,3,4,3
"lncRNA:CR43716",3,2,5,58,45,30,7,0,5,0,24,3
"lncRNA:CR43717",0,0,0,33,19,25,0,0,0,4,10,7
"lncRNA:CR43718",0,4,1,57,47,35,0,0,3,25,12,27
"lncRNA:CR43719",0,0,0,0,0,0,0,0,0,0,0,0
"lncRNA:CR43721",0,0,0,1,4,11,0,0,0,0,0,0
"lncRNA:CR43724",0,8,0,0,2,2,2,1,1,0,1,0
"lncRNA:CR43751",0,6,1,3,6,0,3,1,1,2,3,1
"lncRNA:CR43752",0,0,0,0,1,0,1,0,2,1,0,1
"lncRNA:CR43753",0,1,3,79,63,67,0,0,0,14,26,21
"lncRNA:CR43754",0,0,0,0,0,0,0,0,0,1,1,0
"lncRNA:CR43761",0,0,0,0,0,0,0,0,0,0,0,0
"lncRNA:CR43762",0,0,2,6,13,7,0,0,0,5,1,11
"lncRNA:CR43763",1,0,2,49,44,39,0,0,0,19,17,24
"lncRNA:CR43764",0,0,0,30,44,29,0,0,0,18,24,21
"lncRNA:CR43765",0,0,0,0,0,0,1,1,7,0,1,1
"lncRNA:CR43766",0,0,5,42,46,49,0,0,0,26,30,27
"lncRNA:CR43768",0,2,5,37,19,55,0,0,0,13,21,27
"lncRNA:CR43769",0,0,0,0,0,0,0,0,0,0,0,0
"lncRNA:CR43771",0,4,0,3,6,8,2,2,0,7,12,4
"lncRNA:CR43785",0,0,0,0,0,0,0,0,0,0,0,0
"lncRNA:CR43792",1,0,0,2,4,0,0,0,0,19,1,11
"lncRNA:CR43793",0,0,0,0,0,0,0,0,0,0,1,1
"lncRNA:CR43794",0,0,0,0,0,0,0,0,0,0,1,0
"lncRNA:CR43801",0,5,0,1,0,0,5,0,0,0,0,2
"lncRNA:CR43802",0,0,0,0,0,0,0,0,0,0,0,0
"lncRNA:CR43803",0,0,17,289,264,270,0,0,0,269,237,190
"lncRNA:CR43804",0,0,2,17,16,16,0,1,0,3,1,1
"lncRNA:CR43805",0,0,2,0,0,0,0,0,0,0,0,1
"lncRNA:CR43807",2,0,4,43,42,39,1,0,2,20,24,24
"lncRNA:CR43808",0,0,0,0,0,0,0,0,0,0,0,0
"lncRNA:CR43810",0,0,5,80,60,98,0,0,0,36,15,29
"lncRNA:CR43811",0,0,0,4,1,4,0,0,0,0,1,0
"lncRNA:CR43817",0,3,0,0,1,1,0,1,0,0,0,0
"lncRNA:CR43818",0,0,1,37,58,64,0,0,0,55,36,40
"lncRNA:CR43819",0,0,2,1,2,7,0,0,0,0,4,2
"lncRNA:CR43821",1,0,2,125,110,147,0,0,0,40,66,66
"lncRNA:CR43822",0,0,0,0,3,0,0,0,0,0,0,0
"lncRNA:CR43823",0,0,0,26,20,17,0,0,0,18,6,14
"lncRNA:CR43825",0,0,0,0,0,0,0,0,0,2,0,8
"lncRNA:CR43826",0,0,0,0,0,0,0,0,0,0,0,0
"lncRNA:CR43827",0,0,0,0,0,0,0,0,0,0,0,0
"lncRNA:CR43828",0,0,0,0,0,1,0,1,0,0,2,1
"lncRNA:CR43830",0,0,0,0,0,0,0,0,0,0,0,0
"lncRNA:CR43831",0,0,0,0,0,0,0,0,0,0,0,0
"lncRNA:CR43832",5,1,6,12,6,3,5,3,3,4,3,4
"lncRNA:CR43834",229,207,206,63,107,100,120,237,279,80,43,152
"lncRNA:CR43835",0,0,0,0,2,1,0,0,0,1,1,0
"lncRNA:CR43836",0,0,0,0,0,0,0,0,0,0,2,0
"lncRNA:CR43837",0,0,0,0,0,0,0,0,0,0,0,0
"lncRNA:CR43838",9,5,7,8,8,11,4,2,2,3,1,3
"lncRNA:CR43839",0,0,2,62,39,45,0,0,0,59,57,50
"lncRNA:CR43840",0,0,0,19,11,6,0,0,0,10,18,12
"lncRNA:CR43846",0,0,0,8,7,8,0,0,0,4,4,8
"lncRNA:CR43847",0,0,0,46,37,51,0,0,0,5,20,9
"lncRNA:CR43848",0,0,0,3,4,4,0,0,0,1,9,2
"lncRNA:CR43849",0,0,0,16,18,13,1,0,0,16,7,9
"lncRNA:CR43852",0,0,0,4,11,8,0,0,0,3,2,3
"lncRNA:CR43853",0,0,2,22,30,25,0,0,0,6,6,6
"lncRNA:CR43854",0,0,1,4,13,18,0,0,0,8,6,4
"lncRNA:CR43855",0,3,0,2,5,2,0,1,1,0,2,6
"lncRNA:CR43856",0,9,6,1,7,3,2,3,3,9,2,4
"lncRNA:CR43857",2,3,1,1,1,0,0,3,0,1,0,0
"lncRNA:CR43858",0,0,0,5,0,0,0,2,1,0,4,0
"lncRNA:CR43859",1,1,2,3,4,8,0,2,3,8,2,2
"lncRNA:CR43862",0,0,0,0,0,1,0,0,0,0,0,0
"lncRNA:CR43863",0,0,0,23,22,54,0,0,0,14,12,5
"lncRNA:CR43870",12,8,12,9,3,8,11,11,6,5,13,19
"lncRNA:CR43874",0,0,0,13,15,30,0,2,0,28,26,17
"lncRNA:CR43878",0,2,5,34,53,55,0,3,3,7,8,6
"lncRNA:CR43879",0,0,0,1,0,0,0,0,0,1,0,0
"lncRNA:CR43881",0,0,0,0,0,0,0,0,0,0,0,0
"lncRNA:CR43882",0,0,0,9,18,9,0,0,0,4,10,3
"lncRNA:CR43883",2,2,10,8,9,12,14,10,6,6,10,14
"lncRNA:CR43884",0,0,0,9,14,10,0,0,0,1,2,0
"lncRNA:CR43887",52,65,79,56,66,56,37,34,43,11,25,23
"lncRNA:CR43888",0,0,5,11,12,10,0,0,0,10,7,3
"lncRNA:CR43890",1,0,0,4,0,3,3,2,0,0,0,0
"lncRNA:CR43892",0,0,0,0,0,0,0,0,0,0,0,0
"lncRNA:CR43893",0,0,0,11,18,8,0,0,0,3,2,2
"lncRNA:CR43899",3,3,0,0,0,3,5,2,0,0,2,3
"lncRNA:CR43900",8,1,1,1,6,7,4,1,2,1,0,1
"lncRNA:CR43904",0,0,1,55,17,66,0,0,0,8,2,5
"lncRNA:CR43905",0,0,8,212,201,270,0,0,0,100,70,108
"lncRNA:CR43907",0,0,0,16,2,1,3,0,0,0,0,0
"lncRNA:CR43909",6,7,11,172,176,228,8,1,0,75,80,56
"lncRNA:CR43910",5,1,12,3,3,5,5,3,2,4,5,7
"lncRNA:CR43911",0,0,0,0,0,0,0,0,0,0,0,0
"lncRNA:CR43912",0,1,0,1,1,0,0,1,0,1,0,0
"lncRNA:CR43913",0,0,0,0,0,0,1,0,0,0,0,0
"lncRNA:CR43914",0,0,0,2,0,0,0,0,0,11,2,1
"lncRNA:CR43917",0,0,0,0,0,0,0,0,0,0,0,0
"lncRNA:CR43918",7,2,3,30,23,14,5,6,6,12,21,14
"lncRNA:CR43927",0,0,0,0,0,0,0,0,0,0,0,0
"lncRNA:CR43928",7,5,0,2,2,1,5,2,0,0,1,1
"lncRNA:CR43929",0,0,0,2,5,0,0,0,0,1,5,0
"lncRNA:CR43930",0,0,0,3,1,0,0,0,0,2,0,1
"lncRNA:CR43932",3,0,6,3,0,2,2,1,0,10,3,6
"lncRNA:CR43937",0,1,0,0,0,0,0,0,0,3,0,1
"lncRNA:CR43939",0,0,10,182,203,256,0,1,0,154,115,127
"lncRNA:CR43940",1,0,3,34,57,50,0,0,0,16,19,12
"lncRNA:CR43941",0,0,1,22,16,42,0,0,3,19,21,26
"lncRNA:CR43942",0,0,9,204,172,248,0,0,4,144,100,142
"lncRNA:CR43943",6,10,4,6,8,11,7,5,13,8,12,5
"lncRNA:CR43945",0,0,0,1,3,2,0,0,0,5,4,0
"lncRNA:CR43949",0,0,0,0,0,0,0,0,0,0,0,0
"lncRNA:CR43950",0,0,0,9,2,13,0,0,0,2,7,3
"lncRNA:CR43951",14,9,9,15,2,11,13,14,10,5,13,8
"lncRNA:CR43952",0,0,1,0,0,0,0,0,0,0,0,0
"lncRNA:CR43953",3,0,0,2,0,0,2,0,0,1,0,3
"lncRNA:CR43956",31,24,32,9,21,26,27,32,31,18,22,11
"lncRNA:CR43958",14,6,11,12,4,12,3,4,10,8,3,4
"lncRNA:CR43960",0,0,0,0,0,0,0,0,0,0,0,0
"lncRNA:CR43961",4,3,3,9,5,0,12,4,1,2,5,2
"lncRNA:CR43962",1,0,1,0,0,0,1,0,1,0,2,0
"lncRNA:CR43963",0,0,0,1,0,0,0,2,0,0,0,0
"lncRNA:CR43966",0,0,0,8,3,4,1,0,0,0,1,3
"lncRNA:CR43967",0,1,0,0,0,0,1,0,0,2,1,0
"lncRNA:CR43969",0,0,1,2,3,0,0,0,0,1,1,0
"lncRNA:CR43970",0,0,0,0,0,0,2,0,0,1,0,0
"lncRNA:CR43973",10,11,5,14,10,9,6,2,6,6,9,9
"lncRNA:CR43974",1,2,9,95,107,112,6,6,2,72,43,50
"lncRNA:CR43977",7,4,3,26,21,42,0,8,3,10,22,13
"lncRNA:CR43978",0,2,0,0,0,2,0,0,1,21,1,24
"lncRNA:CR43983",0,0,1,8,19,19,0,0,0,6,4,1
"lncRNA:CR43984",0,0,0,0,0,1,0,0,0,0,0,1
"lncRNA:CR43985",0,0,0,1,7,4,0,0,0,1,6,2
"lncRNA:CR43987",0,0,0,3,1,2,0,0,0,0,0,1
"lncRNA:CR43988",0,0,0,25,17,19,1,0,0,6,13,21
"lncRNA:CR43989",13,10,10,8,6,15,16,3,18,14,16,12
"lncRNA:CR43990",0,0,1,19,32,41,0,0,1,18,7,22
"lncRNA:CR43991",0,0,0,9,0,3,0,0,0,4,1,0
"lncRNA:CR43992",0,0,0,0,2,7,2,0,0,3,3,5
"lncRNA:CR43994",2,0,0,0,2,4,0,4,0,12,8,20
"lncRNA:CR43995",4,3,2,2,9,8,9,3,3,2,14,0
"lncRNA:CR44016",0,0,1,21,33,30,0,0,0,18,22,20
"lncRNA:CR44017",0,0,3,42,44,57,0,0,0,2,0,1
"lncRNA:CR44022",0,1,5,18,5,13,1,2,0,2,8,3
"lncRNA:CR44023",1,1,8,6,2,2,0,2,8,6,6,0
"lncRNA:CR44024",197,139,144,165,97,185,155,128,112,181,194,169
"lncRNA:CR44026",0,0,0,1,4,2,0,0,0,6,0,1
"lncRNA:CR44032",0,0,4,37,30,45,0,0,0,27,23,20
"lncRNA:CR44033",0,0,0,28,18,35,0,0,0,5,13,4
"lncRNA:CR44034",0,0,0,0,0,0,0,0,0,0,0,0
"lncRNA:CR44036",0,0,0,74,20,31,1,0,0,26,26,30
"lncRNA:CR44039",0,1,2,10,7,5,0,3,1,0,3,0
"lncRNA:CR44041",0,0,4,50,50,79,1,0,1,11,25,24
"lncRNA:CR44042",41,32,27,24,27,34,48,42,44,23,38,23
"lncRNA:CR44043",3,2,9,10,8,1,3,6,4,8,2,3
"lncRNA:CR44048",0,0,0,17,24,30,0,0,0,8,7,11
"lncRNA:CR44050",0,0,0,0,2,0,0,0,0,0,0,0
"lncRNA:CR44051",0,0,0,0,0,0,0,0,0,7,0,12
"lncRNA:CR44055",0,0,7,144,104,145,0,0,0,81,65,45
"lncRNA:CR44056",0,0,0,0,0,0,0,0,0,0,0,0
"lncRNA:CR44057",0,0,0,0,0,0,0,1,0,0,0,0
"lncRNA:CR44058",0,0,0,4,0,0,1,0,0,1,1,2
"lncRNA:CR44059",0,0,9,53,34,58,0,0,0,20,16,20
"lncRNA:CR44060",0,0,0,0,0,0,0,0,0,0,0,0
"lncRNA:CR44061",2,0,0,25,3,8,0,0,0,11,2,4
"lncRNA:CR44066",0,0,0,6,8,3,0,0,0,2,3,2
"lncRNA:CR44068",0,0,0,0,0,0,0,0,0,0,0,0
"lncRNA:CR44070",0,0,0,22,9,6,0,0,0,18,11,15
"lncRNA:CR44073",0,0,0,13,16,23,0,0,0,5,11,1
"lncRNA:CR44074",0,0,0,0,0,0,0,0,0,0,0,0
"lncRNA:CR44075",5,0,1,6,17,18,0,0,0,11,9,2
"lncRNA:CR44076",0,0,2,21,4,15,0,0,0,4,10,6
"lncRNA:CR44077",0,0,0,0,0,0,0,0,0,0,0,0
"lncRNA:CR44078",0,0,0,4,2,3,0,0,2,0,3,2
"lncRNA:CR44080",0,0,0,1,0,1,0,0,0,2,0,2
"lncRNA:CR44081",0,0,3,68,67,77,0,0,0,55,54,35
"lncRNA:CR44082",0,0,0,4,8,4,1,0,0,5,5,4
"lncRNA:CR44084",0,0,0,0,0,0,0,0,0,0,0,0
"lncRNA:CR44089",1,0,0,0,0,0,0,0,1,0,2,0
"lncRNA:CR44091",2,5,4,9,15,23,2,0,4,7,5,1
"lncRNA:CR44092",0,0,0,1,0,0,1,0,0,0,0,0
"lncRNA:CR44096",0,0,0,0,0,0,0,0,0,0,0,0
"lncRNA:CR44097",0,0,0,0,0,0,0,0,0,0,0,0
"lncRNA:CR44100",0,0,1,3,7,1,0,2,0,1,1,0
"lncRNA:CR44103",0,0,1,3,0,0,0,1,0,0,0,0
"lncRNA:CR44105",1,0,2,69,65,30,0,0,0,27,20,19
"lncRNA:CR44109",0,0,0,27,24,33,0,0,0,12,4,10
"lncRNA:CR44110",0,0,0,21,11,10,0,0,0,4,5,8
"lncRNA:CR44111",2,2,1,3,0,1,0,0,0,0,2,0
"lncRNA:CR44112",0,0,1,32,61,27,0,0,0,16,15,19
"lncRNA:CR44113",0,0,0,0,1,4,0,0,0,0,0,2
"lncRNA:CR44117",0,0,0,0,0,0,0,0,0,0,0,0
"lncRNA:CR44118",0,0,0,0,0,0,0,0,0,1,0,0
"lncRNA:CR44120",2,0,0,0,1,0,0,0,0,1,0,0
"lncRNA:CR44121",0,0,0,0,0,0,0,5,3,0,0,3
"lncRNA:CR44125",0,0,2,34,23,8,2,0,0,6,9,6
"lncRNA:CR44126",0,0,0,4,3,6,0,0,0,2,0,1
"lncRNA:CR44127",0,0,0,0,0,0,0,0,0,0,0,0
"lncRNA:CR44129",14,8,19,4,3,4,20,12,19,3,11,10
"lncRNA:CR44131",0,0,5,257,231,255,0,0,0,89,82,78
"lncRNA:CR44133",5,9,12,7,8,6,10,13,23,9,15,12
"lncRNA:CR44135",4,11,3,4,4,9,4,13,0,7,0,4
"lncRNA:CR44136",0,0,2,34,53,34,0,0,0,27,10,11
"lncRNA:CR44138",1380,975,996,396,335,406,427,634,544,189,339,239
"lncRNA:CR44143",0,0,4,47,39,55,0,0,0,35,26,19
"lncRNA:CR44145",43,68,52,64,36,31,31,44,40,13,20,8
"lncRNA:CR44146",4,6,5,6,10,15,6,4,0,1,9,9
"lncRNA:CR44148",2,3,2,6,2,7,0,0,0,1,0,4
"lncRNA:CR44149",0,8,2,2,1,4,2,3,0,0,2,0
"lncRNA:CR44150",23,10,8,7,7,14,7,7,12,3,8,3
"lncRNA:CR44151",0,0,1,0,0,1,0,0,0,1,1,4
"lncRNA:CR44156",0,0,7,32,55,43,0,0,0,21,17,21
"lncRNA:CR44157",0,0,0,68,53,72,0,0,0,30,27,30
"lncRNA:CR44161",8,8,6,17,11,18,2,9,6,2,8,16
"lncRNA:CR44164",0,0,1,11,4,8,0,1,0,7,9,3
"lncRNA:CR44166",0,0,0,21,10,20,0,0,0,2,5,1
"lncRNA:CR44170",16,19,20,43,45,69,10,14,10,26,40,40
"lncRNA:CR44171",0,2,1,40,29,28,0,1,0,18,20,11
"lncRNA:CR44172",1,0,0,0,2,2,0,2,1,1,0,0
"lncRNA:CR44173",2,3,1,8,2,5,0,1,3,3,3,4
"lncRNA:CR44175",0,0,0,0,0,0,0,0,0,0,0,0
"lncRNA:CR44177",15,14,27,19,12,14,8,28,20,11,9,12
"lncRNA:CR44178",0,0,0,0,0,0,0,0,0,0,0,0
"lncRNA:CR44180",0,0,0,0,0,2,0,0,0,1,0,1
"lncRNA:CR44183",0,0,1,0,0,0,0,0,0,0,4,0
"lncRNA:CR44184",0,0,0,0,4,1,0,0,0,1,2,1
"lncRNA:CR44185",10,5,1,2,7,4,9,7,6,5,5,3
"lncRNA:CR44186",1,0,1,1,3,0,0,0,1,0,1,1
"lncRNA:CR44187",0,0,0,0,1,0,0,0,0,1,0,1
"lncRNA:CR44188",0,0,0,0,0,0,0,0,0,0,0,1
"lncRNA:CR44189",0,0,0,1,11,1,0,0,0,9,11,5
"lncRNA:CR44190",0,1,0,0,0,0,0,0,0,0,0,0
"lncRNA:CR44191",0,0,0,22,18,14,0,0,0,7,7,17
"lncRNA:CR44196",0,0,0,9,6,20,0,0,0,11,6,12
"lncRNA:CR44197",4,6,4,1,2,0,1,4,1,3,2,0
"lncRNA:CR44199",0,0,2,1,11,3,0,0,0,0,1,1
"lncRNA:CR44200",0,0,0,2,0,0,0,0,0,0,4,2
"lncRNA:CR44202",1,4,1,7,3,4,2,1,8,3,3,1
"lncRNA:CR44203",0,0,0,0,7,0,2,0,1,6,6,9
"lncRNA:CR44204",2,0,5,19,16,20,6,2,1,5,8,3
"lncRNA:CR44206",0,0,0,0,0,0,0,0,0,0,0,1
"lncRNA:CR44208",0,0,0,17,17,18,0,0,0,11,8,9
"lncRNA:CR44209",2,0,1,0,0,2,0,2,0,0,0,0
"lncRNA:CR44212",0,0,0,1,3,5,0,0,0,1,4,2
"lncRNA:CR44213",0,0,1,1,1,4,0,0,1,1,1,2
"lncRNA:CR44214",0,0,0,55,42,35,0,0,0,11,10,8
"lncRNA:CR44216",0,0,0,1,0,0,0,0,3,1,0,0
"lncRNA:CR44217",0,0,2,27,36,29,0,0,0,37,18,18
"lncRNA:CR44218",5,3,4,16,29,14,3,3,5,2,3,4
"lncRNA:CR44219",0,0,0,0,0,0,0,0,0,0,0,0
"lncRNA:CR44220",0,0,0,5,6,9,0,0,0,2,0,2
"lncRNA:CR44221",2,1,0,22,20,23,1,0,0,13,11,4
"lncRNA:CR44222",5,1,2,20,13,19,0,0,2,6,6,7
"lncRNA:CR44225",0,2,11,32,26,17,3,0,4,10,12,11
"lncRNA:CR44226",0,1,0,8,1,10,0,0,0,5,2,2
"lncRNA:CR44229",0,0,0,0,0,0,0,0,0,0,2,0
"lncRNA:CR44230",10,23,19,28,41,33,17,10,11,31,33,29
"lncRNA:CR44231",0,0,0,10,12,6,0,0,0,1,0,0
"lncRNA:CR44232",0,0,0,0,0,0,0,0,0,1,0,1
"lncRNA:CR44233",0,0,0,0,0,0,0,0,0,0,0,0
"lncRNA:CR44234",3,0,0,0,0,0,0,0,0,0,4,0
"lncRNA:CR44236",0,3,0,25,38,22,2,1,1,31,16,15
"lncRNA:CR44241",0,0,0,15,15,14,0,0,0,9,4,2
"lncRNA:CR44256",0,0,0,8,5,8,0,0,0,0,2,1
"lncRNA:CR44258",0,0,0,0,0,0,0,0,0,0,0,0
"lncRNA:CR44260",0,0,0,0,0,0,0,0,0,0,0,0
"lncRNA:CR44262",0,0,0,0,0,0,0,0,0,0,0,3
"lncRNA:CR44263",0,1,0,0,0,0,1,0,0,0,0,0
"lncRNA:CR44264",0,0,0,2,2,4,0,1,1,4,3,8
"lncRNA:CR44265",0,0,0,3,8,6,1,0,0,2,2,0
"lncRNA:CR44268",8,3,10,0,6,5,5,7,12,8,12,2
"lncRNA:CR44269",0,0,0,0,0,0,0,0,0,0,0,0
"lncRNA:CR44272",2,1,0,2,0,1,0,0,0,4,0,0
"lncRNA:CR44273",4,15,11,26,36,25,2,4,10,23,24,23
"lncRNA:CR44274",4,4,7,3,8,1,7,7,11,3,3,10
"lncRNA:CR44276",1,0,1,4,0,2,0,0,0,0,1,0
"lncRNA:CR44277",0,2,0,3,5,5,0,0,0,0,0,1
"lncRNA:CR44278",0,0,1,15,9,8,0,0,0,2,5,3
"lncRNA:CR44279",0,0,0,53,50,64,0,0,1,18,12,16
"lncRNA:CR44280",0,0,0,4,4,8,0,0,0,0,3,4
"lncRNA:CR44281",21,24,29,10,11,15,23,17,27,6,19,15
"lncRNA:CR44282",2,2,4,2,8,3,1,1,0,0,2,2
"lncRNA:CR44283",4,15,2,5,11,1,6,16,1,4,2,5
"lncRNA:CR44284",4,2,6,7,12,10,7,0,5,8,15,6
"lncRNA:CR44285",0,1,0,1,0,3,1,3,0,2,2,1
"lncRNA:CR44288",0,0,0,0,0,0,0,0,0,1,0,0
"lncRNA:CR44289",0,0,1,0,0,0,0,0,0,0,0,0
"lncRNA:CR44292",11,4,7,10,21,17,2,9,5,6,7,9
"lncRNA:CR44294",10,6,6,21,16,13,8,16,11,6,11,5
"lncRNA:CR44295",1,4,6,51,56,70,2,4,4,43,53,26
"lncRNA:CR44298",6,12,3,2,7,0,5,1,6,0,0,0
"lncRNA:CR44299",30,33,40,33,23,29,35,13,43,29,24,31
"lncRNA:CR44300",3,1,3,2,1,0,0,3,0,0,2,0
"lncRNA:CR44301",1,4,3,3,0,3,1,1,3,4,2,1
"lncRNA:CR44302",5,0,7,81,81,87,1,2,1,50,56,57
"lncRNA:CR44305",0,4,0,81,87,95,0,0,3,61,71,57
"lncRNA:CR44306",47,25,18,6,2,8,43,53,29,18,18,21
"lncRNA:CR44307",15,22,24,14,19,30,16,11,17,18,29,15
"lncRNA:CR44308",0,0,1,148,168,174,0,0,0,103,46,59
"lncRNA:CR44309",0,0,2,84,72,101,0,0,0,17,27,16
"lncRNA:CR44310",2,2,0,1,1,1,3,1,2,0,0,0
"lncRNA:CR44311",3,0,0,0,0,2,0,5,2,3,1,7
"lncRNA:CR44312",4,0,1,0,0,0,0,6,0,0,0,6
"lncRNA:CR44313",0,0,0,0,3,0,0,0,0,0,2,3
"lncRNA:CR44315",1,2,5,12,2,20,0,0,0,8,4,3
"lncRNA:CR44316",0,2,0,23,8,9,0,4,0,8,8,11
"lncRNA:CR44317",8,12,25,4,4,14,16,24,1,1,2,3
"lncRNA:CR44318",0,0,0,0,0,0,0,0,0,0,0,0
"lncRNA:CR44319",0,0,0,13,24,14,0,0,0,8,6,4
"lncRNA:CR44320",0,0,5,9,10,13,2,1,2,1,4,1
"lncRNA:CR44322",2,7,7,3,3,3,2,8,9,3,0,9
"lncRNA:CR44323",0,0,0,32,17,12,0,0,0,16,11,14
"lncRNA:CR44324",0,0,3,76,48,79,0,0,0,23,33,24
"lncRNA:CR44326",0,0,0,34,19,37,0,0,0,8,9,4
"lncRNA:CR44330",0,0,3,3,3,3,0,2,0,8,2,8
"lncRNA:CR44331",0,0,0,0,0,0,0,0,0,0,0,0
"lncRNA:CR44332",0,0,1,10,27,15,0,0,0,24,14,26
"lncRNA:CR44333",0,0,0,1,14,11,0,0,0,3,2,0
"lncRNA:CR44334",3,4,3,0,3,2,3,3,10,2,1,4
"lncRNA:CR44337",0,0,3,12,16,14,0,0,0,13,4,14
"lncRNA:CR44338",0,0,1,1,1,0,0,0,0,0,2,0
"lncRNA:CR44339",1,1,3,1,0,7,1,1,0,0,3,0
"lncRNA:CR44343",0,1,0,21,22,18,0,0,0,9,4,6
"lncRNA:CR44344",0,0,4,66,122,149,0,1,1,0,0,0
"lncRNA:CR44345",0,0,0,0,0,0,0,0,0,1,0,2
"lncRNA:CR44346",0,0,0,3,2,1,0,0,1,0,2,3
"lncRNA:CR44347",6,3,2,9,6,10,14,8,3,5,5,7
"lncRNA:CR44348",0,2,0,6,5,3,2,0,0,1,1,5
"lncRNA:CR44349",0,0,0,4,16,6,0,0,0,14,1,11
"lncRNA:CR44350",0,0,1,15,16,47,0,0,0,6,5,6
"lncRNA:CR44352",0,0,0,2,2,10,0,0,0,6,0,1
"lncRNA:CR44353",0,0,4,1,0,1,1,3,0,0,0,0
"lncRNA:CR44354",1,0,1,4,1,0,0,0,2,0,1,2
"lncRNA:CR44357",0,0,0,0,0,0,0,0,0,0,0,0
"lncRNA:CR44360",0,0,2,15,26,21,0,0,0,4,1,1
"lncRNA:CR44361",0,1,5,0,0,1,2,1,0,0,0,0
"lncRNA:CR44363",0,0,2,5,0,5,4,0,1,0,5,0
"lncRNA:CR44365",3,4,0,0,0,1,2,2,1,1,0,0
"lncRNA:CR44366",2,10,5,6,8,5,8,15,10,14,3,8
"lncRNA:CR44369",0,1,0,58,74,81,2,0,0,6,10,21
"lncRNA:CR44371",0,0,0,11,3,2,0,0,0,3,2,8
"lncRNA:CR44373",0,0,0,6,18,11,1,0,2,6,9,9
"lncRNA:CR44376",0,0,2,36,46,52,0,0,0,33,14,11
"lncRNA:CR44377",0,0,1,17,17,30,0,0,0,13,4,5
"lncRNA:CR44379",0,0,0,0,0,0,0,0,0,0,0,0
"lncRNA:CR44380",16,10,4,7,14,19,5,0,2,18,9,4
"lncRNA:CR44384",0,0,0,0,0,0,0,0,0,0,0,0
"lncRNA:CR44387",0,0,0,5,2,4,0,0,0,1,5,1
"lncRNA:CR44389",0,0,0,3,0,7,0,0,0,46,22,48
"lncRNA:CR44392",3,2,0,3,13,2,2,3,1,2,2,4
"lncRNA:CR44393",0,0,0,1,1,0,0,0,0,0,0,0
"lncRNA:CR44395",0,0,0,23,16,8,0,0,0,14,13,18
"lncRNA:CR44396",0,0,0,32,32,63,0,0,0,12,23,25
"lncRNA:CR44397",0,0,2,41,24,41,0,0,0,10,5,10
"lncRNA:CR44398",0,0,2,21,30,29,0,0,0,53,28,37
"lncRNA:CR44399",0,0,0,10,13,13,0,0,0,24,15,17
"lncRNA:CR44400",0,0,0,5,8,4,0,0,0,2,1,3
"lncRNA:CR44401",0,0,1,13,13,15,0,0,0,13,9,16
"lncRNA:CR44407",0,0,0,0,0,0,0,0,0,0,0,0
"lncRNA:CR44408",0,0,0,0,0,0,0,0,0,4,0,2
"lncRNA:CR44409",0,2,0,1,6,7,0,0,0,0,1,3
"lncRNA:CR44410",0,0,0,0,0,0,0,0,0,0,0,0
"lncRNA:CR44411",0,3,0,3,7,5,0,0,0,2,12,4
"lncRNA:CR44412",3,0,7,86,96,103,0,0,0,58,47,47
"lncRNA:CR44413",0,0,0,56,67,93,0,0,0,30,31,30
"lncRNA:CR44414",0,0,0,1,0,0,0,0,0,0,0,0
"lncRNA:CR44415",0,0,0,0,0,0,0,0,0,0,0,0
"lncRNA:CR44417",260,228,255,245,247,286,362,340,303,185,238,189
"lncRNA:CR44418",0,0,5,125,106,126,0,0,0,44,42,39
"lncRNA:CR44419",0,1,2,1,1,0,2,0,4,0,3,1
"lncRNA:CR44420",1,1,4,145,120,168,0,2,6,90,115,103
"lncRNA:CR44421",0,0,0,11,9,15,0,0,0,6,3,6
"lncRNA:CR44423",18,15,19,20,33,30,16,17,27,20,14,17
"lncRNA:CR44430",0,0,0,1,9,2,0,0,0,5,3,3
"lncRNA:CR44432",0,0,0,5,12,19,0,0,0,2,6,4
"lncRNA:CR44440",17,10,8,4,3,2,6,5,5,2,6,3
"lncRNA:CR44441",5,4,0,0,6,0,0,2,3,0,0,1
"lncRNA:CR44442",64,104,70,3,5,3,313,270,75,18,15,31
"lncRNA:CR44443",1,1,3,3,1,1,2,0,0,2,1,0
"lncRNA:CR44444",3,0,3,2,4,5,0,3,7,1,4,1
"lncRNA:CR44445",15,3,4,11,13,4,5,6,4,2,15,4
"lncRNA:CR44446",0,0,1,5,5,0,0,0,0,0,2,0
"lncRNA:CR44447",0,0,0,1,2,1,0,2,0,1,0,0
"lncRNA:CR44448",0,0,0,20,15,4,0,0,0,0,1,2
"lncRNA:CR44450",0,0,0,0,0,0,0,0,0,2,0,1
"lncRNA:CR44451",0,0,0,0,0,0,3,0,0,0,3,0
"lncRNA:CR44452",0,0,0,7,6,0,0,0,0,4,2,1
"lncRNA:CR44453",0,0,0,10,5,8,0,0,0,0,0,3
"lncRNA:CR44455",1,0,49,1607,1728,1794,0,0,0,956,973,985
"lncRNA:CR44456",0,0,1,1,0,4,0,0,0,1,1,2
"lncRNA:CR44457",0,0,0,0,0,0,0,0,0,0,0,0
"lncRNA:CR44458",18,8,16,16,13,22,6,3,8,9,8,18
"lncRNA:CR44459",0,0,0,0,0,0,0,0,0,0,0,0
"lncRNA:CR44460",0,0,0,30,9,12,0,0,0,9,4,2
"lncRNA:CR44461",0,1,1,1,15,7,0,0,0,11,8,4
"lncRNA:CR44462",1,0,0,0,0,0,1,1,0,1,1,0
"lncRNA:CR44463",0,0,0,0,0,0,0,0,0,2,0,1
"lncRNA:CR44464",0,0,0,0,0,0,1,0,0,0,0,1
"lncRNA:CR44465",0,2,0,2,5,3,6,2,0,0,2,1
"lncRNA:CR44466",1,0,0,2,0,0,0,0,0,0,0,0
"lncRNA:CR44467",2,2,1,1,0,3,0,0,1,0,3,3
"lncRNA:CR44468",1,2,3,0,1,0,0,5,0,0,0,2
"lncRNA:CR44469",5,4,3,0,0,3,7,0,3,6,2,1
"lncRNA:CR44470",0,1,0,1,0,2,0,0,2,0,1,1
"lncRNA:CR44471",2,1,3,2,3,7,1,2,0,1,6,0
"lncRNA:CR44472",0,2,1,0,1,3,4,1,0,6,4,3
"lncRNA:CR44473",0,0,0,1,2,3,0,0,5,1,2,1
"lncRNA:CR44474",2,0,0,0,1,1,0,0,0,1,0,0
"lncRNA:CR44478",2,0,0,3,0,0,1,0,2,2,1,0
"lncRNA:CR44479",0,0,0,0,0,0,0,0,0,0,0,2
"lncRNA:CR44480",0,0,0,0,0,0,0,0,0,0,0,0
"lncRNA:CR44481",0,0,0,0,3,0,0,0,0,0,0,0
"lncRNA:CR44482",0,0,0,1,0,0,0,0,0,0,1,2
"lncRNA:CR44483",0,0,0,13,29,18,0,0,0,5,3,5
"lncRNA:CR44484",0,0,0,20,15,24,0,0,0,4,2,4
"lncRNA:CR44485",1,0,0,5,4,1,0,0,0,6,0,3
"lncRNA:CR44486",0,0,1,34,35,29,0,0,0,17,15,20
"lncRNA:CR44487",1,0,1,4,8,6,0,0,0,4,3,3
"lncRNA:CR44488",0,0,0,6,10,12,0,0,0,1,0,0
"lncRNA:CR44489",0,1,0,0,4,1,0,0,0,0,0,1
"lncRNA:CR44490",0,2,1,34,30,25,0,0,0,15,13,20
"lncRNA:CR44491",4,2,1,8,10,7,0,0,0,1,3,10
"lncRNA:CR44492",0,0,2,6,7,9,0,0,0,8,12,14
"lncRNA:CR44493",0,0,0,26,13,31,0,0,0,15,26,25
"lncRNA:CR44494",0,0,0,2,0,1,0,0,0,18,8,12
"lncRNA:CR44495",0,0,0,4,2,11,0,0,0,11,10,8
"lncRNA:CR44496",0,0,0,0,0,1,0,0,0,6,2,2
"lncRNA:CR44497",0,0,2,19,16,18,0,0,0,12,9,11
"lncRNA:CR44498",12,9,0,12,5,6,7,11,5,11,13,7
"lncRNA:CR44499",0,0,1,1,0,0,0,3,0,0,1,0
"lncRNA:CR44500",0,0,0,1,0,0,0,0,0,0,0,1
"lncRNA:CR44501",0,3,0,0,3,0,0,0,2,11,0,10
"lncRNA:CR44502",0,0,0,1,2,3,0,0,0,1,0,0
"lncRNA:CR44503",0,0,0,5,0,0,1,0,0,5,1,0
"lncRNA:CR44504",1,0,0,8,4,9,0,0,0,4,5,2
"lncRNA:CR44505",0,0,0,16,8,9,0,0,0,16,6,12
"lncRNA:CR44506",4,5,5,7,8,20,3,0,5,5,0,12
"lncRNA:CR44507",0,0,0,0,2,0,1,1,0,0,0,0
"lncRNA:CR44508",0,0,0,0,0,0,0,0,0,0,0,0
"lncRNA:CR44510",1,0,2,0,4,0,2,2,0,5,4,0
"lncRNA:CR44511",0,0,0,1,6,2,0,0,0,0,3,1
"lncRNA:CR44513",0,0,0,1,1,0,0,2,1,0,0,0
"lncRNA:CR44514",7,2,8,2,3,10,1,0,3,4,2,0
"lncRNA:CR44515",0,0,0,0,0,0,0,0,0,0,0,0
"lncRNA:CR44516",0,0,0,3,2,10,0,0,0,0,0,1
"lncRNA:CR44517",7,5,8,4,6,16,3,6,2,5,6,3
"lncRNA:CR44518",0,0,0,11,2,6,0,0,0,1,0,1
"lncRNA:CR44519",0,0,1,20,11,5,0,0,0,4,1,3
"lncRNA:CR44520",2,0,0,31,32,55,0,0,0,17,21,14
"lncRNA:CR44522",2,2,5,5,8,8,1,1,1,0,3,2
"lncRNA:CR44523",3,4,0,11,13,13,3,1,0,8,2,1
"lncRNA:CR44524",8,2,2,1,0,0,0,3,2,0,0,0
"lncRNA:CR44525",3,2,7,9,2,4,0,0,2,4,1,1
"lncRNA:CR44526",18,17,9,7,21,10,12,25,10,6,13,8
"lncRNA:CR44527",2,3,3,5,4,10,1,9,7,7,12,5
"lncRNA:CR44528",0,0,0,1,3,2,0,0,0,4,9,9
"lncRNA:CR44529",2,1,7,1,3,1,1,0,0,1,1,2
"lncRNA:CR44530",0,0,0,2,1,6,0,0,0,6,0,1
"lncRNA:CR44531",0,0,0,0,0,0,0,0,0,0,0,0
"lncRNA:CR44534",0,0,0,0,1,1,0,1,0,0,0,0
"lncRNA:CR44535",0,0,0,9,18,20,0,0,0,2,0,0
"lncRNA:CR44536",0,0,0,0,0,0,0,0,0,0,1,0
"lncRNA:CR44537",1,0,0,0,3,0,1,0,0,0,1,1
"lncRNA:CR44538",0,0,1,12,5,1,1,0,9,0,2,0
"lncRNA:CR44539",0,1,0,16,12,9,0,0,0,4,8,3
"lncRNA:CR44540",0,0,0,2,0,3,0,0,0,0,1,0
"lncRNA:CR44541",0,0,0,0,0,0,0,0,0,0,1,1
"lncRNA:CR44542",0,0,0,0,0,0,0,0,0,0,1,0
"lncRNA:CR44543",0,0,0,0,1,0,0,0,0,0,0,0
"lncRNA:CR44544",5,8,11,2,9,9,17,15,8,4,6,9
"lncRNA:CR44545",0,0,0,0,0,0,0,0,0,0,1,0
"lncRNA:CR44546",0,0,0,0,0,0,0,0,0,3,3,6
"lncRNA:CR44547",0,0,0,0,0,0,0,0,0,0,0,0
"lncRNA:CR44548",0,0,0,1,0,0,0,0,0,2,0,0
"lncRNA:CR44549",0,2,1,0,3,1,2,1,2,5,1,1
"lncRNA:CR44550",0,0,0,0,0,0,0,0,0,0,0,0
"lncRNA:CR44551",0,0,0,1,0,0,0,0,0,3,0,4
"lncRNA:CR44552",3,0,2,29,28,49,0,0,1,5,5,16
"lncRNA:CR44553",0,0,1,4,9,8,1,0,1,3,3,1
"lncRNA:CR44554",0,0,0,15,32,37,0,0,0,7,11,11
"lncRNA:CR44555",0,0,0,0,0,0,0,0,0,0,0,0
"lncRNA:CR44556",14,5,4,8,1,3,6,2,4,3,3,4
"lncRNA:CR44557",0,0,0,0,0,0,0,0,0,0,0,0
"lncRNA:CR44558",0,0,1,33,31,27,0,0,0,27,24,40
"lncRNA:CR44559",0,0,6,96,68,89,1,0,0,87,88,104
"lncRNA:CR44560",2,0,1,14,14,20,1,0,0,12,8,13
"lncRNA:CR44561",1,0,0,10,9,10,0,1,0,3,7,9
"lncRNA:CR44562",0,0,0,20,5,8,0,0,0,1,3,2
"lncRNA:CR44563",0,1,0,13,6,17,0,0,0,6,8,0
"lncRNA:CR44564",0,5,2,18,20,27,0,5,1,19,8,7
"lncRNA:CR44565",0,0,0,0,0,1,0,0,0,0,0,1
"lncRNA:CR44566",15,20,16,15,15,15,23,12,6,13,14,24
"lncRNA:CR44567",1,7,13,6,3,6,3,0,2,0,4,0
"lncRNA:CR44568",0,0,0,0,0,0,0,0,0,0,0,0
"lncRNA:CR44570",0,0,0,11,2,6,0,0,0,0,2,0
"lncRNA:CR44571",0,0,0,23,17,20,0,0,0,15,20,12
"lncRNA:CR44572",0,0,0,31,47,27,0,0,0,27,14,15
"lncRNA:CR44573",0,0,3,5,8,8,0,0,0,3,4,5
"lncRNA:CR44575",0,0,0,0,0,0,0,0,0,0,0,2
"lncRNA:CR44576",0,0,0,2,0,0,0,0,0,0,0,3
"lncRNA:CR44577",0,0,0,0,0,0,0,0,0,2,1,0
"lncRNA:CR44578",0,0,1,0,0,0,0,0,0,0,0,0
"lncRNA:CR44579",0,0,0,0,2,2,0,0,0,0,0,0
"lncRNA:CR44580",22,29,28,25,60,68,0,0,0,0,2,3
"lncRNA:CR44581",0,0,1,15,8,34,0,0,0,15,5,4
"lncRNA:CR44582",1,0,0,57,19,38,0,0,0,12,34,33
"lncRNA:CR44583",0,0,2,0,2,2,1,1,0,0,4,1
"lncRNA:CR44584",6,8,8,10,4,5,22,4,7,12,19,11
"lncRNA:CR44585",0,0,0,1,0,4,0,0,0,1,0,4
"lncRNA:CR44586",0,0,0,3,1,2,0,1,2,0,2,0
"lncRNA:CR44587",18,29,35,13,11,20,19,10,15,12,18,10
"lncRNA:CR44588",0,0,0,3,0,0,0,2,0,0,1,2
"lncRNA:CR44589",1,1,5,2,3,2,0,0,2,3,1,4
"lncRNA:CR44590",0,0,2,15,22,23,0,0,0,14,14,13
"lncRNA:CR44591",0,0,0,4,5,4,0,0,0,10,4,10
"lncRNA:CR44593",0,0,1,1,0,4,0,0,0,17,22,16
"lncRNA:CR44594",0,0,0,30,38,42,0,0,0,16,18,15
"lncRNA:CR44595",4,10,8,0,3,0,4,4,2,2,1,2
"lncRNA:CR44596",1,0,2,4,7,10,0,0,1,2,4,2
"lncRNA:CR44597",0,4,0,6,17,10,0,0,0,0,3,11
"lncRNA:CR44598",4,3,2,3,3,4,2,1,8,7,2,13
"lncRNA:CR44601",0,0,0,0,0,0,0,0,0,0,0,0
"lncRNA:CR44602",4,6,7,10,12,8,8,2,8,4,7,4
"lncRNA:CR44603",0,0,1,5,0,1,0,0,0,1,0,2
"lncRNA:CR44604",0,0,0,0,0,1,0,0,0,0,1,0
"lncRNA:CR44605",0,1,0,1,0,0,0,0,0,1,0,1
"lncRNA:CR44606",1,0,10,56,68,80,0,0,0,28,22,20
"lncRNA:CR44607",0,0,0,9,4,9,0,0,0,1,1,2
"lncRNA:CR44608",2,5,2,2,1,9,3,0,0,0,1,0
"lncRNA:CR44609",0,0,0,8,4,11,0,0,0,5,2,5
"lncRNA:CR44610",0,0,0,3,4,6,0,0,4,4,3,2
"lncRNA:CR44611",0,1,2,29,27,58,1,0,0,18,9,8
"lncRNA:CR44612",2,1,0,1,1,0,2,0,0,1,2,1
"lncRNA:CR44613",0,1,5,0,0,5,0,0,0,3,1,0
"lncRNA:CR44614",0,0,2,38,56,50,0,0,2,22,14,29
"lncRNA:CR44615",0,0,2,0,1,0,0,0,0,2,0,0
"lncRNA:CR44616",1,0,0,0,4,1,1,1,0,3,5,12
"lncRNA:CR44617",0,0,2,27,22,29,0,0,0,6,1,1
"lncRNA:CR44618",0,1,0,1,0,0,2,0,2,3,0,0
"lncRNA:CR44619",1,1,5,2,2,7,2,1,4,0,1,1
"lncRNA:CR44620",7,5,7,1,8,2,7,7,9,3,8,6
"lncRNA:CR44621",1,2,1,2,1,2,1,0,0,1,0,0
"lncRNA:CR44626",0,0,0,0,3,0,0,0,0,0,0,0
"lncRNA:CR44627",0,2,0,0,0,0,0,0,0,0,0,0
"lncRNA:CR44628",4,2,1,0,6,1,0,5,1,0,2,1
"lncRNA:CR44629",0,0,0,0,0,0,0,0,0,1,0,0
"lncRNA:CR44630",0,0,0,0,1,0,0,0,0,0,0,0
"lncRNA:CR44631",0,0,0,7,1,1,0,0,0,2,0,7
"lncRNA:CR44632",6,1,1,5,3,0,1,0,2,1,0,0
"lncRNA:CR44633",0,0,0,1,2,0,0,0,0,0,0,0
"lncRNA:CR44634",0,0,1,0,0,0,1,1,0,1,0,1
"lncRNA:CR44635",0,0,0,0,0,2,0,0,0,0,0,1
"lncRNA:CR44636",0,0,1,0,1,0,0,0,0,0,1,0
"lncRNA:CR44638",9,3,2,8,1,12,0,0,0,2,5,7
"lncRNA:CR44639",0,0,0,3,22,27,0,0,0,5,15,13
"lncRNA:CR44640",23,5,16,1,0,0,14,8,10,6,1,3
"lncRNA:CR44641",1,6,0,1,1,0,11,5,1,5,0,2
"lncRNA:CR44642",4,3,0,9,21,8,2,1,9,16,7,12
"lncRNA:CR44643",0,0,3,96,91,112,0,0,0,59,45,41
"lncRNA:CR44644",2,8,6,9,8,2,1,4,0,7,0,11
"lncRNA:CR44645",5,8,4,0,0,1,8,4,1,2,0,2
"lncRNA:CR44646",1,0,0,0,0,0,0,1,0,1,0,0
"lncRNA:CR44647",0,0,0,0,3,0,0,0,0,0,0,0
"lncRNA:CR44648",0,0,1,0,0,0,0,0,0,1,0,0
"lncRNA:CR44649",0,0,0,5,3,3,2,0,1,4,3,11
"lncRNA:CR44650",0,0,1,0,0,0,0,0,0,0,0,0
"lncRNA:CR44651",39,55,69,21,24,35,33,75,25,38,13,46
"lncRNA:CR44652",0,0,0,10,1,2,0,2,0,1,1,2
"lncRNA:CR44654",9,22,29,7,20,29,23,15,8,19,19,25
"lncRNA:CR44655",0,1,0,0,0,0,2,0,0,0,0,1
"lncRNA:CR44657",1,0,1,1,2,0,1,1,0,0,1,0
"lncRNA:CR44658",0,0,0,0,3,6,0,0,0,2,0,0
"lncRNA:CR44660",2,1,0,12,10,9,1,0,0,2,2,0
"lncRNA:CR44661",0,0,0,0,0,0,0,0,0,0,0,0
"lncRNA:CR44662",42,57,22,37,16,37,18,21,11,23,17,19
"lncRNA:CR44663",2,2,1,3,0,3,1,0,0,0,2,5
"lncRNA:CR44664",0,5,1,0,0,2,0,0,0,0,0,0
"lncRNA:CR44665",0,0,0,0,1,4,0,0,0,16,11,14
"lncRNA:CR44667",0,0,1,41,42,39,0,0,3,25,43,12
"lncRNA:CR44668",1,0,0,4,3,3,0,0,0,0,2,0
"lncRNA:CR44669",0,2,1,2,5,1,1,0,3,8,5,7
"lncRNA:CR44670",0,0,1,7,13,17,1,0,0,15,10,4
"lncRNA:CR44671",1,0,1,29,24,31,0,0,0,20,15,8
"lncRNA:CR44672",0,0,0,0,0,0,0,0,0,0,0,0
"lncRNA:CR44673",0,0,0,0,0,0,0,0,0,0,0,0
"lncRNA:CR44674",0,0,0,0,0,0,0,0,0,0,0,0
"lncRNA:CR44675",0,0,0,0,0,0,0,0,0,0,0,2
"lncRNA:CR44676",5,4,4,3,1,13,2,0,9,11,4,3
"lncRNA:CR44677",0,0,0,0,1,0,0,0,0,0,1,0
"lncRNA:CR44678",1,0,1,37,33,43,0,0,0,18,14,16
"lncRNA:CR44679",0,0,1,0,3,0,0,0,0,0,0,0
"lncRNA:CR44680",0,0,0,0,0,0,0,0,0,0,0,0
"lncRNA:CR44681",0,0,0,22,18,27,0,0,1,0,9,5
"lncRNA:CR44682",1,0,2,6,7,10,0,0,0,7,3,4
"lncRNA:CR44683",1,0,0,0,0,0,0,0,0,0,0,0
"lncRNA:CR44684",0,0,2,18,13,6,0,0,0,11,4,2
"lncRNA:CR44685",0,0,0,10,4,14,0,0,0,5,4,4
"lncRNA:CR44686",0,0,0,25,30,25,0,0,0,31,37,53
"lncRNA:CR44687",0,0,0,0,0,0,0,0,0,0,0,0
"lncRNA:CR44688",0,0,3,0,0,0,0,0,0,0,0,0
"lncRNA:CR44689",0,0,0,0,0,0,0,0,0,0,0,0
"lncRNA:CR44691",12,12,20,7,19,10,0,27,18,6,11,9
"lncRNA:CR44692",3,0,0,7,5,2,0,0,0,7,0,0
"lncRNA:CR44693",0,0,0,0,0,0,0,0,0,0,0,0
"lncRNA:CR44694",1,0,0,0,0,0,0,0,0,0,0,0
"lncRNA:CR44695",0,0,0,0,1,0,0,0,0,0,0,0
"lncRNA:CR44696",0,0,0,1,0,2,2,0,1,0,3,0
"lncRNA:CR44697",0,1,0,7,9,10,0,0,0,2,3,2
"lncRNA:CR44698",4,0,0,17,21,13,0,0,1,11,8,9
"lncRNA:CR44699",0,0,0,7,6,10,0,0,6,0,3,3
"lncRNA:CR44700",0,0,0,3,0,0,0,0,0,0,0,0
"lncRNA:CR44701",1,0,0,1,0,1,0,0,0,5,1,0
"lncRNA:CR44702",4,3,14,10,6,3,5,2,5,3,4,7
"lncRNA:CR44705",0,1,0,0,1,1,0,0,0,0,0,1
"lncRNA:CR44707",7,4,2,0,2,0,5,8,3,5,0,1
"lncRNA:CR44708",3,0,6,2,1,0,4,4,2,7,3,9
"lncRNA:CR44709",1,0,0,0,0,2,0,0,0,0,1,2
"lncRNA:CR44710",0,0,1,12,11,15,0,0,0,7,2,0
"lncRNA:CR44711",0,0,0,0,0,0,0,0,0,0,0,0
"lncRNA:CR44712",0,0,0,0,0,0,1,0,0,0,0,0
"lncRNA:CR44713",0,0,0,0,0,0,0,0,0,0,0,0
"lncRNA:CR44714",0,0,0,0,0,1,0,0,1,0,0,0
"lncRNA:CR44715",0,0,0,0,0,0,0,2,0,0,0,0
"lncRNA:CR44716",0,0,0,0,0,0,0,0,0,0,0,0
"lncRNA:CR44717",2,9,2,0,2,3,0,0,0,3,0,5
"lncRNA:CR44718",4,3,4,2,6,7,0,5,0,5,3,3
"lncRNA:CR44719",0,0,0,0,0,0,0,0,0,0,0,0
"lncRNA:CR44720",3,10,7,4,0,5,3,3,2,2,3,4
"lncRNA:CR44721",0,0,0,0,0,0,0,0,0,0,0,2
"lncRNA:CR44722",0,0,0,0,0,0,0,0,0,0,0,0
"lncRNA:CR44723",0,0,0,0,2,0,0,0,0,0,0,0
"lncRNA:CR44725",3,2,0,6,6,4,3,1,2,1,2,1
"lncRNA:CR44726",0,0,0,0,0,0,0,0,0,0,0,0
"lncRNA:CR44727",4,1,2,4,3,4,1,0,1,3,8,4
"lncRNA:CR44728",6,1,2,6,3,3,2,3,2,2,1,3
"lncRNA:CR44729",0,0,0,0,1,0,0,0,0,1,3,5
"lncRNA:CR44730",0,0,0,0,0,0,0,0,0,0,0,0
"lncRNA:CR44731",0,0,0,3,8,14,0,0,0,0,9,3
"lncRNA:CR44732",0,0,0,19,13,18,0,0,0,6,7,3
"lncRNA:CR44733",1,0,1,3,0,2,0,0,0,2,0,0
"lncRNA:CR44734",0,0,0,31,21,19,0,0,0,7,12,13
"lncRNA:CR44735",0,0,0,36,40,30,0,0,0,23,11,17
"lncRNA:CR44736",0,0,1,1,6,6,0,0,2,2,0,1
"lncRNA:CR44737",0,0,0,0,0,0,0,0,0,0,0,0
"lncRNA:CR44738",0,0,1,2,0,1,0,1,2,1,0,2
"lncRNA:CR44739",0,0,0,0,0,0,0,0,0,0,0,0
"lncRNA:CR44740",0,0,0,0,2,2,3,0,0,1,0,4
"lncRNA:CR44741",12,1,3,0,0,3,3,6,3,5,0,4
"lncRNA:CR44742",0,0,0,0,0,0,0,0,0,0,0,0
"lncRNA:CR44743",0,0,0,1,0,0,0,0,0,0,0,0
"lncRNA:CR44744",0,0,3,0,0,0,0,0,0,1,0,0
"lncRNA:CR44745",0,0,2,21,19,13,0,0,0,13,9,13
"lncRNA:CR44747",0,0,0,0,0,0,0,0,0,0,0,0
"lncRNA:CR44748",4,12,9,3,3,3,7,19,8,4,0,0
"lncRNA:CR44749",1,3,2,2,4,5,5,4,1,2,12,5
"lncRNA:CR44750",1,0,1,6,13,0,0,0,0,9,14,15
"lncRNA:CR44751",0,0,0,1,0,0,0,1,0,0,1,0
"lncRNA:CR44752",0,0,0,10,16,12,0,1,0,5,5,3
"lncRNA:CR44753",2,0,8,5,1,0,0,0,1,1,1,2
"lncRNA:CR44754",151,152,151,54,57,63,132,143,114,47,62,56
"lncRNA:CR44755",1,0,0,0,0,0,0,4,2,0,0,0
"lncRNA:CR44756",115,234,148,37,36,33,423,364,72,49,55,57
"lncRNA:CR44757",0,2,1,14,34,28,0,2,0,8,11,8
"lncRNA:CR44758",3,4,6,0,2,2,9,1,0,2,5,3
"lncRNA:CR44759",0,0,0,0,0,0,0,0,0,0,0,0
"lncRNA:CR44760",0,0,5,0,0,0,0,0,0,0,2,0
"lncRNA:CR44761",17,5,3,16,14,23,10,6,18,13,22,9
"lncRNA:CR44762",0,0,0,0,0,0,0,0,0,0,0,0
"lncRNA:CR44763",1,1,0,0,3,0,0,0,0,0,1,2
"lncRNA:CR44764",0,1,2,0,5,1,0,0,0,2,5,0
"lncRNA:CR44765",0,0,4,9,12,14,0,0,0,5,6,4
"lncRNA:CR44766",0,0,0,0,0,0,0,0,0,0,0,0
"lncRNA:CR44767",0,0,0,14,19,10,0,0,0,10,6,7
"lncRNA:CR44768",4,12,6,0,0,0,15,25,1,1,0,3
"lncRNA:CR44769",8,6,7,3,5,13,9,5,1,13,6,13
"lncRNA:CR44770",0,0,0,0,2,4,0,0,0,0,0,0
"lncRNA:CR44771",1,0,3,1,0,0,1,0,0,0,0,0
"lncRNA:CR44772",5,1,2,1,1,1,6,0,5,1,2,3
"lncRNA:CR44773",0,1,0,0,0,0,0,0,0,0,0,0
"lncRNA:CR44775",2,3,6,3,2,4,5,1,0,4,0,5
"lncRNA:CR44776",5,0,0,0,0,5,3,0,0,2,0,0
"lncRNA:CR44777",0,0,2,12,16,16,0,0,0,8,9,21
"lncRNA:CR44778",0,0,4,64,34,71,0,0,0,15,16,16
"lncRNA:CR44779",101,115,111,27,28,62,36,34,33,38,53,56
"lncRNA:CR44780",0,0,0,5,1,4,0,0,0,1,1,5
"lncRNA:CR44781",0,0,0,1,4,10,0,0,0,3,3,2
"lncRNA:CR44782",0,0,3,8,6,7,0,0,0,0,0,5
"lncRNA:CR44783",0,0,0,2,2,1,0,0,0,0,0,2
"lncRNA:CR44784",9,13,0,7,6,4,7,1,3,4,4,1
"lncRNA:CR44785",44,48,29,26,32,36,31,30,47,33,21,43
"lncRNA:CR44786",4,1,2,74,58,80,0,0,0,24,16,17
"lncRNA:CR44787",0,0,0,2,6,2,0,0,0,1,0,3
"lncRNA:CR44788",0,0,0,1,5,1,0,0,0,0,1,2
"lncRNA:CR44789",0,0,1,19,18,36,0,0,0,3,1,3
"lncRNA:CR44790",0,0,0,0,3,2,0,0,0,1,0,2
"lncRNA:CR44791",0,0,0,0,0,0,0,0,0,0,2,0
"lncRNA:CR44794",0,0,1,8,15,18,0,0,0,3,4,3
"lncRNA:CR44795",0,0,0,10,15,15,1,0,0,3,0,3
"lncRNA:CR44796",0,1,1,29,29,32,2,1,0,8,11,8
"lncRNA:CR44797",0,0,0,0,0,0,0,0,0,0,0,0
"lncRNA:CR44798",0,0,0,0,0,0,0,0,0,3,0,0
"lncRNA:CR44799",0,0,0,6,4,0,0,0,0,2,7,12
"lncRNA:CR44800",0,0,0,2,1,1,0,0,0,0,0,0
"lncRNA:CR44801",0,0,0,1,2,0,0,0,0,0,2,1
"lncRNA:CR44802",0,0,0,0,2,0,0,0,0,1,1,0
"lncRNA:CR44803",0,0,0,5,6,2,0,0,0,1,0,5
"lncRNA:CR44804",0,0,0,11,5,12,0,1,0,1,4,0
"lncRNA:CR44805",0,0,0,0,0,0,0,0,0,4,1,4
"lncRNA:CR44808",0,0,0,4,0,0,0,0,0,1,0,0
"lncRNA:CR44809",18,9,13,3,11,10,6,4,6,2,12,6
"lncRNA:CR44810",0,0,0,0,2,1,0,0,0,0,0,0
"lncRNA:CR44813",7,11,5,1,1,1,3,4,0,8,4,0
"lncRNA:CR44814",3,0,4,7,2,4,7,2,2,1,3,3
"lncRNA:CR44816",9,8,2,1,4,2,11,3,10,1,7,4
"lncRNA:CR44817",0,0,0,0,0,1,0,0,2,1,0,5
"lncRNA:CR44819",0,0,0,0,3,1,0,3,0,3,1,2
"lncRNA:CR44820",0,0,0,0,0,0,0,0,0,0,0,0
"lncRNA:CR44821",0,0,0,0,1,0,0,0,0,0,0,0
"lncRNA:CR44822",0,0,6,47,32,66,0,2,0,21,6,22
"lncRNA:CR44823",0,0,0,0,1,0,0,0,1,0,1,6
"lncRNA:CR44824",0,0,1,38,33,50,0,0,0,10,14,6
"lncRNA:CR44825",2,0,0,0,1,1,2,0,0,1,0,1
"lncRNA:CR44826",6,1,0,2,9,4,0,1,4,1,1,1
"lncRNA:CR44827",0,0,0,6,3,4,0,0,0,16,16,11
"lncRNA:CR44828",0,0,1,0,0,4,0,0,3,0,0,2
"lncRNA:CR44829",0,0,0,22,30,57,0,0,2,29,9,6
"lncRNA:CR44830",6,9,5,6,6,8,2,1,6,7,13,8
"lncRNA:CR44831",32,23,15,18,14,7,18,11,18,16,9,8
"lncRNA:CR44832",75,79,79,80,82,113,118,88,83,114,86,81
"lncRNA:CR44833",3,0,2,1,0,2,3,5,1,3,0,0
"lncRNA:CR44834",0,1,1,124,121,132,0,0,1,42,38,51
"lncRNA:CR44842",0,0,0,1,6,1,0,0,0,2,1,0
"lncRNA:CR44844",0,0,0,7,3,8,0,0,0,4,1,0
"lncRNA:CR44845",8,0,3,10,3,1,4,3,5,4,5,11
"lncRNA:CR44846",0,0,0,35,34,28,0,0,0,23,30,18
"lncRNA:CR44848",0,0,0,2,3,7,0,0,0,1,2,0
"lncRNA:CR44851",17,8,8,14,11,11,8,7,5,3,2,12
"lncRNA:CR44852",0,0,14,153,187,197,0,0,0,58,76,95
"lncRNA:CR44853",0,0,0,16,12,10,0,0,0,9,11,1
"lncRNA:CR44854",3,3,0,7,3,2,3,7,7,2,1,3
"lncRNA:CR44855",2,2,1,0,6,7,5,1,4,16,7,3
"lncRNA:CR44856",0,0,0,19,15,25,0,0,0,5,0,2
"lncRNA:CR44857",0,0,0,0,2,2,0,0,0,0,0,0
"lncRNA:CR44858",0,0,1,10,6,19,2,0,0,7,3,5
"lncRNA:CR44859",0,0,1,11,12,12,0,0,0,5,1,2
"lncRNA:CR44860",0,0,0,0,0,0,0,0,0,0,0,0
"lncRNA:CR44861",0,0,0,22,25,38,0,0,0,17,21,26
"lncRNA:CR44862",0,0,0,1,1,4,0,0,1,1,0,0
"lncRNA:CR44863",0,2,3,12,10,12,0,0,0,4,4,6
"lncRNA:CR44864",0,0,1,20,10,12,0,0,0,34,28,33
"lncRNA:CR44865",0,0,0,0,0,0,0,0,0,0,0,0
"lncRNA:CR44867",1,1,1,0,5,3,2,1,0,2,5,3
"lncRNA:CR44868",2,1,1,3,6,3,0,4,2,4,1,4
"lncRNA:CR44870",0,0,0,6,3,3,0,0,0,2,4,2
"lncRNA:CR44871",0,0,0,4,7,8,0,0,0,7,3,4
"lncRNA:CR44874",7,11,6,6,12,9,8,6,6,22,6,15
"lncRNA:CR44875",0,0,0,8,6,4,0,0,0,1,0,5
"lncRNA:CR44885",0,4,17,2,0,5,0,1,0,0,0,0
"lncRNA:CR44886",0,5,1,4,2,0,1,0,0,3,1,0
"lncRNA:CR44888",1,1,1,0,1,0,1,1,0,0,1,1
"lncRNA:CR44889",22,16,14,6,10,16,25,18,18,14,6,15
"lncRNA:CR44893",0,0,1,1,0,1,2,0,0,0,0,0
"lncRNA:CR44895",0,4,2,27,20,33,5,3,2,11,15,6
"lncRNA:CR44898",0,0,0,0,0,0,0,0,0,0,0,0
"lncRNA:CR44899",9,17,13,9,6,11,4,5,11,8,4,4
"lncRNA:CR44900",0,0,0,22,30,18,0,0,3,4,6,11
"lncRNA:CR44901",0,0,0,5,20,22,0,0,0,3,1,6
"lncRNA:CR44902",0,0,1,3,17,1,0,0,0,2,3,11
"lncRNA:CR44903",0,0,1,9,11,15,1,1,0,4,1,1
"lncRNA:CR44904",1,2,0,0,0,0,0,0,0,2,5,0
"lncRNA:CR44905",0,2,1,7,3,4,4,0,0,5,8,2
"lncRNA:CR44908",0,0,0,0,0,0,0,0,0,0,0,1
"lncRNA:CR44909",0,0,0,1,0,0,1,0,0,1,0,0
"lncRNA:CR44912",38,22,19,33,50,43,12,31,29,31,23,29
"lncRNA:CR44913",1,0,0,0,4,0,0,0,0,0,1,1
"lncRNA:CR44914",4,1,2,0,0,3,0,0,3,1,3,0
"lncRNA:CR44915",1,0,0,1,2,0,0,1,1,3,0,0
"lncRNA:CR44916",0,0,0,0,0,2,0,0,0,0,0,0
"lncRNA:CR44917",14,1,7,4,0,4,0,1,1,5,5,2
"lncRNA:CR44918",14,13,14,16,26,29,4,17,3,13,11,5
"lncRNA:CR44919",1,4,3,13,5,4,2,3,2,1,5,4
"lncRNA:CR44920",0,0,6,72,82,71,0,0,0,23,29,25
"lncRNA:CR44921",0,0,0,40,35,65,0,0,0,15,27,19
"lncRNA:CR44922",597,618,660,668,556,934,294,187,260,235,233,273
"lncRNA:CR44923",0,6,4,4,1,0,2,2,1,3,3,3
"lncRNA:CR44924",0,0,1,35,33,37,0,0,0,31,28,32
"lncRNA:CR44925",0,0,1,18,15,7,0,0,1,3,1,4
"lncRNA:CR44926",0,0,0,41,28,31,0,0,0,11,25,19
"lncRNA:CR44927",2,0,3,18,12,3,0,0,0,10,9,8
"lncRNA:CR44928",0,0,0,1,7,0,0,0,0,4,2,0
"lncRNA:CR44929",8,10,11,7,6,10,27,9,5,4,8,3
"lncRNA:CR44930",0,0,0,0,0,0,0,0,0,0,0,0
"lncRNA:CR44931",0,0,0,1,2,0,0,0,0,0,1,0
"lncRNA:CR44932",6,13,6,3,9,17,6,6,6,7,17,14
"lncRNA:CR44933",0,0,1,0,2,1,0,1,1,0,1,0
"lncRNA:CR44934",0,0,0,14,20,10,0,0,0,5,3,5
"lncRNA:CR44935",0,0,0,8,6,18,2,3,0,4,7,3
"lncRNA:CR44936",10,1,11,5,5,4,11,5,8,26,21,10
"lncRNA:CR44937",0,0,0,5,3,11,0,0,0,3,0,0
"lncRNA:CR44938",6,3,8,4,1,4,1,5,6,2,1,1
"lncRNA:CR44939",0,0,7,29,45,29,0,0,0,7,40,11
"lncRNA:CR44940",0,0,1,5,0,0,0,0,0,0,0,0
"lncRNA:CR44941",0,1,0,1,3,1,0,0,0,0,1,0
"lncRNA:CR44942",0,0,0,0,0,0,0,0,0,0,0,0
"lncRNA:CR44943",8,1,2,63,57,78,1,0,0,41,45,27
"lncRNA:CR44944",1,0,2,15,15,13,0,0,1,5,1,5
"lncRNA:CR44945",0,0,0,1,0,0,0,0,0,0,0,0
"lncRNA:CR44946",2,1,2,0,0,2,0,0,0,0,5,3
"lncRNA:CR44947",2,2,1,0,4,1,0,0,0,0,0,0
"lncRNA:CR44948",0,0,0,0,0,0,0,0,0,0,0,0
"lncRNA:CR44949",0,0,0,2,0,0,0,0,0,0,0,0
"lncRNA:CR44950",1,1,5,49,47,39,0,0,0,25,19,17
"lncRNA:CR44951",6,1,2,32,26,23,2,1,2,5,6,4
"lncRNA:CR44952",0,0,0,0,0,0,0,0,0,0,0,0
"lncRNA:CR44953",50,34,18,29,40,33,48,36,29,70,33,56
"lncRNA:CR44955",0,0,2,50,60,67,0,0,0,29,32,33
"lncRNA:CR44957",0,3,2,0,0,2,0,0,0,0,0,0
"lncRNA:CR44963",0,0,0,22,20,19,0,0,0,6,18,5
"lncRNA:CR44964",4,1,3,2,8,7,5,4,3,8,2,2
"lncRNA:CR44965",2,0,0,0,2,0,3,4,4,4,1,0
"lncRNA:CR44966",0,0,0,0,0,0,0,1,1,0,0,0
"lncRNA:CR44967",0,0,0,28,28,17,0,0,0,15,5,6
"lncRNA:CR44970",0,0,0,0,0,0,0,0,0,0,0,0
"lncRNA:CR44971",0,0,3,55,59,48,0,0,0,31,21,28
"lncRNA:CR44973",0,0,0,0,0,2,0,0,0,1,0,0
"lncRNA:CR44974",1,5,0,0,0,0,3,2,2,1,0,1
"lncRNA:CR44977",0,0,0,2,0,9,3,5,0,3,1,0
"lncRNA:CR44978",1,0,0,0,0,3,0,0,0,0,0,0
"lncRNA:CR44979",0,0,0,2,6,15,0,0,0,3,2,1
"lncRNA:CR44980",0,2,5,1,1,0,3,1,3,1,3,2
"lncRNA:CR44983",0,0,0,7,4,9,0,0,0,4,8,7
"lncRNA:CR44985",0,0,0,0,0,0,0,0,0,0,0,0
"lncRNA:CR44986",3,8,1,0,1,3,3,0,1,3,0,0
"lncRNA:CR44988",0,0,0,5,12,10,0,0,0,4,1,1
"lncRNA:CR44991",0,0,0,6,4,11,0,0,0,1,2,1
"lncRNA:CR44993",10,16,7,17,7,7,19,17,11,2,16,10
"lncRNA:CR44994",1,0,2,44,26,40,3,0,0,12,7,5
"lncRNA:CR44997",0,4,3,2,1,0,1,3,2,0,2,2
"lncRNA:CR44999",0,0,0,0,2,0,0,0,2,0,0,0
"lncRNA:CR45003",0,0,0,0,1,0,0,0,0,0,0,0
"lncRNA:CR45004",8,9,6,26,16,31,5,16,7,9,9,8
"lncRNA:CR45005",0,0,0,0,0,2,0,0,0,0,0,0
"lncRNA:CR45006",0,0,0,0,0,0,0,0,0,0,0,0
"lncRNA:CR45010",0,0,0,0,0,0,0,0,0,0,0,0
"lncRNA:CR45013",2,0,0,2,0,0,0,0,0,35,14,60
"lncRNA:CR45014",0,0,0,0,0,1,0,0,0,4,0,6
"lncRNA:CR45018",31,36,40,10,30,27,23,37,26,26,19,25
"lncRNA:CR45020",0,0,0,31,53,22,0,0,0,13,5,4
"lncRNA:CR45021",0,0,0,0,0,0,0,0,0,0,0,0
"lncRNA:CR45022",0,0,0,0,0,0,0,0,0,2,4,3
"lncRNA:CR45023",0,0,4,39,35,51,0,0,0,8,10,10
"lncRNA:CR45025",4,0,0,14,8,33,0,0,0,5,8,6
"lncRNA:CR45029",0,1,2,16,15,22,2,0,0,10,7,15
"lncRNA:CR45030",0,0,5,195,231,264,0,0,0,163,132,123
"lncRNA:CR45031",0,0,0,2,5,7,0,0,0,0,0,0
"lncRNA:CR45032",0,0,1,8,5,1,0,0,0,1,4,4
"lncRNA:CR45034",6,3,6,5,3,4,2,4,1,22,12,13
"lncRNA:CR45035",0,0,1,77,72,79,0,0,0,38,43,52
"lncRNA:CR45036",3,8,1,3,12,15,3,0,0,4,7,5
"lncRNA:CR45037",0,1,0,0,0,0,0,0,0,0,0,0
"lncRNA:CR45038",0,0,0,0,0,0,0,0,0,2,0,1
"lncRNA:CR45039",1,2,7,4,2,0,0,1,0,2,1,7
"lncRNA:CR45040",0,0,0,0,0,0,0,0,0,0,0,0
"lncRNA:CR45043",0,0,1,0,1,0,0,0,0,0,0,0
"lncRNA:CR45047",1,2,1,6,1,1,0,6,6,1,1,2
"lncRNA:CR45048",1,6,1,0,2,6,2,3,4,4,2,5
"lncRNA:CR45052",1,8,4,4,4,3,5,0,6,6,2,5
"lncRNA:CR45054",5,5,4,8,2,3,3,5,0,2,1,7
"lncRNA:CR45055",0,1,0,7,16,19,0,0,0,2,3,2
"lncRNA:CR45059",0,0,0,0,0,0,0,0,0,0,0,0
"lncRNA:CR45082",14,14,7,2,10,8,9,3,6,4,3,2
"lncRNA:CR45096",0,0,0,3,5,7,0,0,0,3,4,3
"lncRNA:CR45097",0,0,0,0,0,2,0,0,0,1,0,1
"lncRNA:CR45098",0,0,0,13,10,9,0,0,0,2,3,0
"lncRNA:CR45102",263,221,239,168,153,159,285,249,183,287,269,147
"lncRNA:CR45103",0,1,2,87,63,73,0,0,0,30,22,41
"lncRNA:CR45109",0,0,0,0,0,0,0,0,0,0,0,0
"lncRNA:CR45111",0,0,0,0,0,0,0,1,0,0,0,0
"lncRNA:CR45112",0,0,0,0,0,2,0,0,0,1,1,3
"lncRNA:CR45113",0,0,0,0,0,0,0,0,0,7,2,14
"lncRNA:CR45114",0,0,0,0,0,0,0,0,0,2,1,4
"lncRNA:CR45115",0,0,0,0,0,0,0,0,0,0,0,0
"lncRNA:CR45117",2,0,0,5,2,11,0,0,0,1,4,0
"lncRNA:CR45118",2,3,0,5,15,11,0,0,0,3,3,9
"lncRNA:CR45119",0,4,4,1,2,2,4,1,0,6,0,6
"lncRNA:CR45120",0,0,1,12,22,28,0,0,0,3,14,7
"lncRNA:CR45123",1,0,0,0,0,0,0,0,0,0,1,1
"lncRNA:CR45125",6,6,5,3,7,11,4,3,7,4,17,2
"lncRNA:CR45127",0,2,0,0,1,7,0,0,0,0,0,3
"lncRNA:CR45128",1,1,2,34,42,38,1,1,1,6,6,18
"lncRNA:CR45138",0,0,0,0,0,0,0,0,0,0,0,0
"lncRNA:CR45147",2,0,0,0,0,2,0,0,0,0,0,0
"lncRNA:CR45148",139,90,69,169,52,0,0,0,0,0,0,0
"lncRNA:CR45150",2,0,0,0,0,0,0,0,0,0,0,0
"lncRNA:CR45153",0,0,3,1,5,4,0,0,0,0,0,1
"lncRNA:CR45155",0,0,0,21,10,15,1,0,0,29,29,18
"lncRNA:CR45156",5,1,1,13,4,3,0,0,7,1,1,0
"lncRNA:CR45157",0,1,2,0,2,2,0,0,0,0,0,1
"lncRNA:CR45158",0,0,1,3,0,0,0,0,1,12,6,6
"lncRNA:CR45159",0,0,2,3,8,12,0,0,0,1,2,0
"lncRNA:CR45165",1,0,0,0,0,0,0,0,0,0,0,0
"lncRNA:CR45166",0,4,5,14,11,31,1,2,1,11,18,10
"lncRNA:CR45168",0,0,0,0,0,0,0,0,0,1,1,0
"lncRNA:CR45169",4,3,3,2,10,0,3,3,8,1,3,3
"lncRNA:CR45170",1,0,6,2,1,9,2,1,2,5,3,5
"lncRNA:CR45172",0,0,0,37,20,45,0,0,0,15,13,10
"lncRNA:CR45173",0,0,0,12,15,14,0,0,0,18,13,14
"lncRNA:CR45174",5,2,5,33,53,53,4,3,7,11,23,23
"lncRNA:CR45176",2,1,0,0,0,0,0,1,0,0,0,0
"lncRNA:CR45177",19,18,8,12,20,24,10,14,17,14,17,15
"lncRNA:CR45178",0,0,0,0,0,0,0,0,0,1,2,1
"lncRNA:CR45179",141,113,109,168,192,158,81,35,102,110,152,96
"lncRNA:CR45180",21,32,21,27,31,50,30,18,17,34,27,26
"lncRNA:CR45181",2,3,0,2,2,2,0,4,0,1,0,1
"lncRNA:CR45183",0,1,3,14,9,6,0,0,0,2,2,3
"lncRNA:CR45184",0,0,0,0,0,0,0,0,0,0,0,0
"lncRNA:CR45187",12,7,10,6,10,9,11,13,6,4,6,10
"lncRNA:CR45188",0,3,8,112,114,168,3,2,1,161,99,109
"lncRNA:CR45191",0,0,1,62,55,87,0,0,0,8,8,9
"lncRNA:CR45193",2,5,7,27,36,29,0,6,0,30,11,11
"lncRNA:CR45196",3,1,2,11,3,7,0,4,0,4,3,4
"lncRNA:CR45197",0,0,0,0,0,0,0,0,0,0,0,0
"lncRNA:CR45199",4,0,0,13,30,20,2,0,0,1,4,7
"lncRNA:CR45200",0,2,0,2,5,0,2,2,1,5,0,1
"lncRNA:CR45201",0,1,0,10,9,12,0,0,0,2,5,6
"lncRNA:CR45203",2,0,3,67,78,70,0,0,2,35,48,38
"lncRNA:CR45204",0,0,0,0,0,0,0,0,0,0,0,0
"lncRNA:CR45211",2,0,0,0,1,0,0,0,0,2,0,3
"lncRNA:CR45212",0,0,0,0,1,0,0,1,2,0,0,0
"lncRNA:CR45215",1,4,0,1,2,8,4,3,2,7,1,1
"lncRNA:CR45216",0,1,0,1,1,3,0,0,0,2,9,14
"lncRNA:CR45217",0,0,0,0,0,0,0,0,0,0,0,0
"lncRNA:CR45220",0,0,0,0,0,0,0,0,0,0,0,0
"lncRNA:CR45221",0,1,1,0,5,4,0,1,3,2,4,1
"lncRNA:CR45222",0,0,0,0,0,0,0,0,0,0,0,0
"lncRNA:CR45223",9,6,4,2,10,10,3,0,3,9,0,3
"lncRNA:CR45224",1,0,0,23,25,27,0,0,0,8,16,17
"lncRNA:CR45225",0,0,0,0,0,0,0,0,0,0,0,0
"lncRNA:CR45226",0,0,0,0,0,0,0,0,0,0,0,0
"lncRNA:CR45228",0,0,0,9,6,3,0,0,0,6,9,2
"lncRNA:CR45229",0,1,0,0,0,0,0,0,0,0,0,0
"lncRNA:CR45231",0,0,0,1,2,0,0,0,0,3,2,0
"lncRNA:CR45232",19,15,21,7,6,22,6,14,9,9,15,0
"lncRNA:CR45233",2,1,2,5,0,6,3,2,3,4,2,4
"lncRNA:CR45234",0,0,6,78,76,101,1,1,2,53,68,37
"lncRNA:CR45236",0,0,0,2,6,5,0,0,0,12,7,5
"lncRNA:CR45237",0,0,1,24,27,18,4,1,0,11,3,3
"lncRNA:CR45238",0,0,0,24,36,22,0,0,0,11,6,16
"lncRNA:CR45239",0,0,0,0,1,1,0,0,0,0,0,0
"lncRNA:CR45240",0,0,0,1,0,0,0,0,0,1,1,1
"lncRNA:CR45241",4,7,2,6,6,3,7,8,7,11,1,7
"lncRNA:CR45242",0,0,3,0,3,9,1,0,0,0,0,0
"lncRNA:CR45243",2,2,1,6,1,4,1,2,6,5,7,4
"lncRNA:CR45245",0,0,2,18,19,20,0,0,0,5,4,4
"lncRNA:CR45246",0,0,2,3,4,10,0,0,0,0,0,0
"lncRNA:CR45247",0,0,1,13,3,8,0,0,0,5,4,3
"lncRNA:CR45248",0,0,0,20,15,14,0,0,0,12,6,6
"lncRNA:CR45249",0,2,0,15,27,30,0,0,0,4,13,11
"lncRNA:CR45250",0,0,0,0,0,0,0,0,0,0,0,2
"lncRNA:CR45251",18,11,9,5,10,16,16,13,8,3,5,9
"lncRNA:CR45252",12,4,3,16,13,19,0,8,2,5,11,13
"lncRNA:CR45253",0,0,0,0,0,0,0,0,2,3,0,2
"lncRNA:CR45254",0,2,0,0,0,0,0,0,0,2,0,1
"lncRNA:CR45255",0,0,0,0,0,0,0,0,0,1,0,0
"lncRNA:CR45256",0,0,0,0,0,0,0,0,0,0,0,2
"lncRNA:CR45258",0,0,0,0,1,1,0,1,5,0,0,0
"lncRNA:CR45259",0,0,0,0,3,0,0,0,0,0,0,0
"lncRNA:CR45261",0,0,0,2,3,3,0,0,0,0,1,2
"lncRNA:CR45262",0,0,1,2,0,0,0,0,2,1,0,2
"lncRNA:CR45265",0,0,3,0,0,0,0,0,0,0,1,0
"lncRNA:CR45266",0,0,0,1,1,0,0,0,0,2,0,0
"lncRNA:CR45267",4,7,10,8,0,1,7,12,4,5,11,12
"lncRNA:CR45269",1,1,3,2,1,1,1,4,1,0,0,7
"lncRNA:CR45274",1,0,2,0,1,3,1,1,0,4,8,1
"lncRNA:CR45276",0,0,0,0,0,0,0,0,0,0,0,0
"lncRNA:CR45277",0,0,0,0,1,0,0,0,0,0,4,1
"lncRNA:CR45278",6,11,14,0,0,0,3,7,4,0,0,3
"lncRNA:CR45279",0,0,0,57,28,28,3,2,0,11,15,12
"lncRNA:CR45280",6,2,0,4,7,14,0,0,0,5,3,1
"lncRNA:CR45282",0,0,0,0,0,0,0,0,0,0,0,0
"lncRNA:CR45283",0,0,0,3,1,3,0,0,0,0,0,2
"lncRNA:CR45284",1,0,4,1,0,0,0,0,0,0,0,0
"lncRNA:CR45285",0,0,0,1,6,11,0,0,0,3,1,4
"lncRNA:CR45286",0,0,0,25,20,25,0,0,0,2,2,6
"lncRNA:CR45287",0,0,0,1,3,6,1,0,1,1,1,0
"lncRNA:CR45288",0,0,0,0,0,0,0,0,0,0,0,0
"lncRNA:CR45289",0,0,0,0,0,0,0,0,0,0,0,0
"lncRNA:CR45290",10,13,14,4,18,11,8,13,9,15,12,12
"lncRNA:CR45291",0,4,7,2,1,2,2,3,1,0,11,0
"lncRNA:CR45292",0,1,0,4,1,5,2,0,0,0,2,0
"lncRNA:CR45293",0,0,3,14,17,8,0,0,0,8,4,9
"lncRNA:CR45294",0,0,0,14,20,17,0,0,0,4,8,12
"lncRNA:CR45295",0,0,0,3,9,7,0,0,0,0,3,0
"lncRNA:CR45296",0,0,0,8,19,8,1,0,0,9,4,1
"lncRNA:CR45297",0,0,0,0,0,0,0,0,0,0,0,0
"lncRNA:CR45298",4,0,0,9,7,6,2,3,4,3,5,3
"lncRNA:CR45299",2,1,0,0,0,0,1,1,1,0,0,1
"lncRNA:CR45301",0,0,0,0,0,0,0,0,0,0,0,1
"lncRNA:CR45302",0,0,0,6,6,11,0,0,0,0,2,0
"lncRNA:CR45303",0,1,0,24,25,39,0,0,2,10,4,13
"lncRNA:CR45304",0,0,0,0,0,0,0,0,1,1,0,0
"lncRNA:CR45306",2,2,2,5,11,14,2,0,1,3,4,0
"lncRNA:CR45308",0,0,0,0,0,0,3,0,0,0,0,0
"lncRNA:CR45309",0,0,0,2,0,0,0,0,0,0,0,0
"lncRNA:CR45310",0,0,1,0,0,0,0,0,0,0,1,0
"lncRNA:CR45311",1,5,4,2,0,1,1,2,2,0,1,1
"lncRNA:CR45312",3,1,3,3,2,0,2,1,0,3,1,7
"lncRNA:CR45313",0,0,0,0,0,0,0,0,0,0,0,0
"lncRNA:CR45314",0,0,0,0,0,0,4,2,0,0,0,0
"lncRNA:CR45316",0,0,0,1,0,3,0,0,0,4,3,5
"lncRNA:CR45317",0,0,0,0,0,0,0,0,0,0,0,0
"lncRNA:CR45318",0,0,0,0,0,0,0,0,0,0,0,0
"lncRNA:CR45319",0,2,0,0,0,0,0,0,0,0,1,1
"lncRNA:CR45320",6,5,10,11,17,19,3,2,5,12,13,6
"lncRNA:CR45321",4,6,1,2,5,0,7,6,1,1,1,4
"lncRNA:CR45322",0,0,0,9,32,13,0,0,0,10,3,7
"lncRNA:CR45323",0,0,0,0,0,0,0,0,0,0,0,0
"lncRNA:CR45324",0,0,0,2,11,3,1,0,0,1,1,0
"lncRNA:CR45325",11,8,5,8,6,6,6,2,1,3,0,8
"lncRNA:CR45327",14,11,16,23,20,29,8,6,21,5,33,13
"lncRNA:CR45328",0,0,1,3,0,0,0,0,0,0,1,1
"lncRNA:CR45329",0,0,0,11,1,14,0,0,0,0,1,0
"lncRNA:CR45331",0,0,1,4,3,7,1,0,0,4,1,3
"lncRNA:CR45332",2,6,1,3,3,7,3,2,3,1,4,3
"lncRNA:CR45333",0,1,1,2,0,0,0,0,0,0,0,0
"lncRNA:CR45334",6,4,10,44,52,50,6,2,2,17,20,13
"lncRNA:CR45335",0,0,0,24,19,17,0,0,0,11,13,8
"lncRNA:CR45336",0,0,0,12,17,16,0,0,0,8,5,4
"lncRNA:CR45337",2,0,0,6,3,6,0,0,0,2,9,2
"lncRNA:CR45338",4,0,0,6,3,1,2,0,0,3,0,5
"lncRNA:CR45339",4,1,5,0,0,9,2,0,0,2,0,0
"lncRNA:CR45340",1,0,0,0,0,2,0,0,0,0,3,0
"lncRNA:CR45344",0,0,0,12,2,13,0,0,0,1,3,9
"lncRNA:CR45345",11,5,11,8,4,22,10,11,8,10,6,10
"lncRNA:CR45346",2,0,0,30,18,25,0,0,0,5,10,8
"lncRNA:CR45347",0,0,1,4,2,7,0,0,0,0,0,1
"lncRNA:CR45348",0,0,0,0,0,4,0,1,0,2,0,0
"lncRNA:CR45349",0,0,0,16,19,7,0,0,0,3,0,4
"lncRNA:CR45351",1,0,0,0,0,3,0,0,0,1,0,1
"lncRNA:CR45352",0,1,0,0,0,0,0,0,1,0,0,0
"lncRNA:CR45353",1,0,0,28,11,13,0,0,0,2,6,2
"lncRNA:CR45354",0,0,0,1,0,0,0,0,0,0,0,0
"lncRNA:CR45355",0,0,0,0,0,0,0,0,0,0,2,0
"lncRNA:CR45356",0,0,0,1,0,2,0,0,0,2,0,1
"lncRNA:CR45357",0,0,0,0,0,0,0,0,0,1,0,1
"lncRNA:CR45358",0,1,0,7,6,10,0,1,0,14,6,6
"lncRNA:CR45359",3,11,4,16,19,8,7,6,6,5,13,9
"lncRNA:CR45360",9,2,9,3,2,5,1,0,3,2,0,0
"lncRNA:CR45361",10,1,8,6,34,13,7,3,5,3,7,5
"lncRNA:CR45362",0,0,1,5,8,10,0,0,0,1,3,0
"lncRNA:CR45363",0,4,3,0,1,0,0,0,1,3,1,0
"lncRNA:CR45364",2,0,1,0,0,0,0,0,0,0,0,1
"lncRNA:CR45365",0,0,0,5,3,7,0,0,0,1,4,5
"lncRNA:CR45369",0,0,0,0,2,0,0,0,0,0,0,0
"lncRNA:CR45370",1,3,0,1,0,2,0,0,0,0,0,0
"lncRNA:CR45372",12,9,3,9,5,9,6,4,0,1,1,1
"lncRNA:CR45373",0,0,0,0,0,0,0,0,0,0,0,0
"lncRNA:CR45374",0,0,0,0,0,0,0,0,0,0,0,0
"lncRNA:CR45375",0,2,0,6,2,2,3,6,0,11,2,2
"lncRNA:CR45377",0,0,0,0,0,0,0,0,0,0,0,0
"lncRNA:CR45378",4,0,0,0,0,1,1,0,0,5,2,0
"lncRNA:CR45379",0,0,0,7,3,16,0,0,0,14,4,10
"lncRNA:CR45380",1,0,3,3,3,3,1,1,2,1,0,0
"lncRNA:CR45381",3,0,0,3,4,4,2,4,0,0,5,3
"lncRNA:CR45382",4,4,7,1,2,4,1,2,6,10,4,0
"lncRNA:CR45383",0,0,0,27,35,26,0,0,0,27,16,16
"lncRNA:CR45386",0,0,0,0,0,2,0,0,0,0,0,0
"lncRNA:CR45387",0,0,0,0,0,4,0,1,1,0,0,0
"lncRNA:CR45388",0,0,0,2,0,1,0,0,0,0,0,0
"lncRNA:CR45389",0,0,0,0,0,0,0,0,0,0,0,0
"lncRNA:CR45390",0,0,0,2,12,7,0,0,0,3,1,0
"lncRNA:CR45392",5,6,3,17,9,10,2,4,0,5,1,4
"lncRNA:CR45393",0,0,0,0,0,4,0,0,0,0,0,0
"lncRNA:CR45394",0,0,1,4,2,4,0,0,0,3,3,2
"lncRNA:CR45395",0,0,0,8,5,12,0,0,0,2,1,5
"lncRNA:CR45398",0,0,0,2,0,8,0,0,0,4,5,3
"lncRNA:CR45399",0,0,1,8,7,11,0,0,0,1,1,6
"lncRNA:CR45400",0,0,0,0,0,0,0,0,0,0,1,0
"lncRNA:CR45401",0,0,0,0,0,1,0,0,1,0,0,0
"lncRNA:CR45402",3,0,0,0,1,1,0,0,0,4,5,1
"lncRNA:CR45403",0,0,0,0,0,0,0,0,0,0,0,0
"lncRNA:CR45404",1,8,3,4,1,1,0,0,1,1,2,0
"lncRNA:CR45405",0,0,0,0,0,0,0,0,0,1,0,1
"lncRNA:CR45406",0,0,0,13,9,8,0,0,0,6,4,4
"lncRNA:CR45407",0,0,0,1,4,4,0,0,0,1,1,1
"lncRNA:CR45408",1,0,5,159,144,156,0,0,0,68,67,83
"lncRNA:CR45409",64,73,52,43,54,62,36,51,69,47,68,28
"lncRNA:CR45410",0,0,0,9,5,17,0,0,0,1,0,0
"lncRNA:CR45411",0,2,0,2,0,0,0,0,1,0,0,0
"lncRNA:CR45412",0,0,1,11,8,7,0,0,0,5,6,10
"lncRNA:CR45414",4,2,2,16,11,14,0,3,3,13,4,9
"lncRNA:CR45415",0,0,5,4,10,15,0,0,0,6,7,13
"lncRNA:CR45416",0,0,0,2,0,0,0,0,0,1,0,0
"lncRNA:CR45417",2,0,2,3,15,10,3,1,1,0,3,3
"lncRNA:CR45418",62,48,46,76,77,81,70,37,30,45,40,55
"lncRNA:CR45419",0,0,0,6,21,24,0,0,3,8,6,7
"lncRNA:CR45420",0,0,0,0,0,0,0,0,0,0,0,0
"lncRNA:CR45421",5,6,10,8,8,7,4,1,1,3,7,1
"lncRNA:CR45422",0,0,0,5,5,9,0,0,0,4,4,1
"lncRNA:CR45423",0,0,0,36,39,38,0,0,0,16,18,18
"lncRNA:CR45424",0,0,0,0,0,0,0,0,0,0,0,0
"lncRNA:CR45425",0,2,3,11,10,5,3,1,2,0,2,3
"lncRNA:CR45426",0,0,0,0,0,4,3,0,0,0,3,1
"lncRNA:CR45427",0,0,0,5,1,0,0,0,0,2,2,2
"lncRNA:CR45429",0,0,2,38,30,65,0,0,2,27,13,18
"lncRNA:CR45430",0,0,2,44,40,35,0,0,0,9,17,16
"lncRNA:CR45431",0,0,0,16,9,25,0,0,0,6,2,8
"lncRNA:CR45432",6,3,5,14,23,20,3,3,5,21,24,25
"lncRNA:CR45433",3,5,0,1,7,5,2,5,3,0,6,0
"lncRNA:CR45434",0,0,0,23,31,19,0,0,0,22,14,18
"lncRNA:CR45435",0,0,4,22,18,28,0,1,0,9,4,6
"lncRNA:CR45436",1,0,0,13,21,20,0,0,1,0,0,1
"lncRNA:CR45437",0,0,0,0,0,0,0,0,0,0,0,0
"lncRNA:CR45438",0,0,0,0,0,0,0,0,0,0,0,0
"lncRNA:CR45439",0,1,0,0,0,0,0,0,0,0,0,0
"lncRNA:CR45440",0,0,0,0,0,0,0,0,0,0,0,0
"lncRNA:CR45441",2,8,1,0,1,0,0,7,1,0,0,0
"lncRNA:CR45442",0,0,0,0,0,0,0,0,0,0,0,0
"lncRNA:CR45443",0,0,0,1,0,0,0,0,0,0,0,0
"lncRNA:CR45444",1,2,1,3,10,3,2,1,3,6,5,4
"lncRNA:CR45446",0,0,0,0,0,2,0,0,0,4,0,0
"lncRNA:CR45447",0,0,1,0,2,0,0,0,0,0,0,0
"lncRNA:CR45448",1,0,7,31,57,50,0,0,1,15,13,8
"lncRNA:CR45449",0,0,0,1,0,1,0,0,0,1,0,0
"lncRNA:CR45450",0,0,0,0,0,0,0,0,0,1,0,0
"lncRNA:CR45451",0,0,0,0,0,2,0,0,0,0,0,0
"lncRNA:CR45452",0,0,0,14,6,18,0,0,0,8,2,3
"lncRNA:CR45453",0,0,0,0,0,0,0,0,0,0,0,0
"lncRNA:CR45454",0,0,0,1,1,1,0,0,0,0,0,0
"lncRNA:CR45455",0,0,0,0,1,2,0,0,0,1,0,0
"lncRNA:CR45456",0,0,0,1,0,1,2,1,1,2,0,0
"lncRNA:CR45457",0,0,0,0,0,0,1,0,0,0,0,0
"lncRNA:CR45461",3,2,3,1,0,3,1,0,0,0,0,0
"lncRNA:CR45462",0,0,0,5,0,0,0,0,0,0,0,0
"lncRNA:CR45463",1,0,1,1,1,0,0,0,0,0,0,0
"lncRNA:CR45464",0,0,1,20,32,13,0,0,0,6,13,25
"lncRNA:CR45465",0,5,1,0,1,0,0,1,1,9,2,2
"lncRNA:CR45471",1,0,4,9,1,7,0,1,3,5,4,1
"lncRNA:CR45472",4,11,14,11,9,14,11,9,17,14,7,23
"lncRNA:CR45473",15,20,16,19,18,20,16,19,14,6,15,14
"lncRNA:CR45474",0,1,2,1,5,3,1,2,11,7,3,3
"lncRNA:CR45475",2,0,0,4,1,0,0,0,0,0,1,1
"lncRNA:CR45476",0,0,0,0,0,0,0,0,0,0,0,0
"lncRNA:CR45478",0,0,0,0,0,0,0,0,0,1,0,0
"lncRNA:CR45480",0,5,5,1,1,11,7,4,3,2,4,10
"lncRNA:CR45482",0,0,0,5,7,7,0,0,0,2,0,2
"lncRNA:CR45483",0,0,0,6,5,6,0,0,0,2,1,3
"lncRNA:CR45500",0,0,0,0,0,0,0,0,0,0,0,0
"lncRNA:CR45502",0,0,0,9,6,14,3,0,3,6,1,4
"lncRNA:CR45503",0,0,0,6,3,2,0,0,0,2,3,0
"lncRNA:CR45504",0,0,1,6,0,8,0,2,0,4,0,0
"lncRNA:CR45505",0,0,0,0,0,0,0,0,0,0,0,0
"lncRNA:CR45506",0,0,0,11,30,20,0,0,0,18,13,14
"lncRNA:CR45507",0,0,2,0,0,0,0,0,0,1,0,0
"lncRNA:CR45508",3,1,0,0,0,0,0,0,0,0,0,3
"lncRNA:CR45509",0,0,0,0,0,0,0,0,0,0,0,0
"lncRNA:CR45510",0,0,0,0,0,0,0,0,0,0,0,0
"lncRNA:CR45511",0,2,0,0,0,0,0,4,0,0,0,0
"lncRNA:CR45512",0,0,0,1,2,6,0,0,0,1,0,6
"lncRNA:CR45513",0,0,0,8,8,12,0,0,0,3,0,2
"lncRNA:CR45514",3,6,3,3,4,0,2,3,0,0,2,0
"lncRNA:CR45515",0,0,0,1,0,0,0,0,0,0,0,0
"lncRNA:CR45516",0,0,0,0,0,0,4,1,0,0,0,0
"lncRNA:CR45517",116,134,141,103,83,82,150,181,172,85,125,101
"lncRNA:CR45519",0,3,0,0,0,3,0,0,0,0,0,1
"lncRNA:CR45521",0,0,1,23,12,13,0,0,0,1,9,3
"lncRNA:CR45522",4,2,0,4,1,3,0,0,0,0,4,2
"lncRNA:CR45523",0,0,0,0,3,0,0,0,0,0,0,0
"lncRNA:CR45524",0,0,0,2,3,3,0,0,0,0,0,2
"lncRNA:CR45526",0,0,0,3,0,0,0,0,0,0,0,0
"lncRNA:CR45527",3,9,2,7,17,9,1,2,8,3,5,7
"lncRNA:CR45529",0,0,0,1,0,1,0,0,0,0,3,1
"lncRNA:CR45530",4,3,12,2,10,1,7,6,13,5,10,3
"lncRNA:CR45531",14,5,0,1,1,6,4,0,0,2,2,2
"lncRNA:CR45532",0,0,0,4,1,3,0,0,0,0,0,0
"lncRNA:CR45533",5,4,2,14,7,25,3,3,4,13,7,5
"lncRNA:CR45534",0,0,0,5,6,3,0,0,0,0,0,2
"lncRNA:CR45536",0,0,0,1,0,1,0,0,0,0,0,1
"lncRNA:CR45537",0,0,0,7,17,12,0,0,0,3,7,6
"lncRNA:CR45539",0,0,0,4,0,0,1,0,0,3,1,0
"lncRNA:CR45540",0,1,1,3,0,0,0,0,0,1,0,1
"lncRNA:CR45541",0,0,0,0,0,0,1,0,0,0,0,2
"lncRNA:CR45542",0,3,2,2,1,2,1,0,0,0,0,1
"lncRNA:CR45543",0,1,0,0,1,0,0,0,0,0,0,0
"lncRNA:CR45547",0,0,2,43,33,51,0,0,0,4,5,11
"lncRNA:CR45550",0,0,0,0,0,0,0,0,0,0,0,0
"lncRNA:CR45551",0,2,3,25,11,14,2,0,3,6,6,9
"lncRNA:CR45552",6,3,2,7,5,6,4,0,2,4,5,3
"lncRNA:CR45553",0,0,0,0,0,2,0,1,0,1,0,0
"lncRNA:CR45554",0,0,1,0,0,0,0,0,0,1,0,0
"lncRNA:CR45555",74,67,62,30,47,36,87,104,84,93,96,84
"lncRNA:CR45556",0,0,2,1,1,0,0,0,0,0,3,0
"lncRNA:CR45558",0,2,0,10,2,11,3,1,0,7,8,5
"lncRNA:CR45559",3,4,5,8,8,7,0,6,3,9,4,6
"lncRNA:CR45560",0,0,2,104,105,94,0,0,0,36,40,31
"lncRNA:CR45561",0,0,0,9,8,1,0,0,0,7,0,2
"lncRNA:CR45562",0,0,0,13,7,23,0,0,0,26,15,9
"lncRNA:CR45563",0,0,1,40,46,52,0,0,0,27,29,33
"lncRNA:CR45564",0,1,5,8,8,3,0,0,0,2,10,2
"lncRNA:CR45565",0,0,0,4,0,7,0,0,3,0,4,3
"lncRNA:CR45566",2,9,7,6,4,2,8,4,6,4,5,2
"lncRNA:CR45567",18,12,6,6,11,5,4,2,14,18,9,10
"lncRNA:CR45568",0,0,0,0,0,0,0,0,0,0,0,0
"lncRNA:CR45569",0,0,0,0,0,0,0,0,0,0,1,3
"lncRNA:CR45570",2,6,1,10,3,3,5,4,2,2,3,3
"lncRNA:CR45571",0,0,1,3,1,7,0,0,0,6,5,3
"lncRNA:CR45572",0,0,0,0,0,0,0,0,0,0,0,0
"lncRNA:CR45573",0,0,0,3,0,0,0,0,0,0,0,0
"lncRNA:CR45574",0,0,0,2,2,3,0,0,0,7,0,3
"lncRNA:CR45575",1,0,0,9,5,7,0,0,0,6,2,3
"lncRNA:CR45576",0,0,1,46,26,52,0,0,0,18,25,24
"lncRNA:CR45577",0,1,3,9,2,6,0,4,0,8,3,2
"lncRNA:CR45578",0,3,0,6,7,4,0,0,0,0,1,6
"lncRNA:CR45579",0,0,0,27,14,22,0,0,0,13,14,12
"lncRNA:CR45580",1,0,0,47,37,52,0,0,0,14,19,19
"lncRNA:CR45581",0,0,0,12,13,9,0,0,0,8,3,5
"lncRNA:CR45582",12,7,8,18,39,22,11,5,26,9,21,10
"lncRNA:CR45583",0,0,2,10,5,6,0,0,2,3,4,0
"lncRNA:CR45584",0,0,0,7,2,3,0,1,0,9,1,4
"lncRNA:CR45585",7,1,2,2,4,1,3,2,4,0,2,8
"lncRNA:CR45586",0,0,0,15,18,8,0,0,0,0,6,4
"lncRNA:CR45587",0,0,0,6,6,8,0,0,0,5,2,0
"lncRNA:CR45588",6,2,6,4,5,1,1,2,0,1,4,2
"lncRNA:CR45589",0,0,1,29,24,25,0,0,0,14,11,9
"lncRNA:CR45590",0,0,1,12,5,15,0,0,0,16,2,4
"lncRNA:CR45591",14,11,9,4,9,20,14,12,18,9,19,14
"lncRNA:CR45592",2,1,2,0,1,2,0,2,0,2,0,0
"lncRNA:CR45593",13,12,6,49,34,46,5,3,13,25,15,17
"lncRNA:CR45594",0,0,0,0,0,0,0,0,0,1,0,0
"lncRNA:CR45595",1,2,0,0,5,4,0,0,0,3,4,1
"lncRNA:CR45596",1,3,4,0,0,0,2,2,0,0,0,0
"lncRNA:CR45597",4,1,2,4,3,1,0,0,0,0,0,2
"lncRNA:CR45598",0,0,0,11,15,12,0,1,0,1,4,4
"lncRNA:CR45599",0,0,2,28,19,28,0,0,0,12,9,10
"lncRNA:CR45602",0,0,0,0,0,0,0,0,0,0,0,0
"lncRNA:CR45605",0,3,0,8,0,6,0,0,1,2,8,2
"lncRNA:CR45606",10,14,13,6,8,9,8,9,6,5,1,6
"lncRNA:CR45607",0,0,0,0,0,0,0,0,0,0,0,0
"lncRNA:CR45608",0,0,0,2,0,0,0,0,0,2,0,3
"lncRNA:CR45609",0,0,0,0,1,2,0,0,0,0,0,1
"lncRNA:CR45610",0,0,0,0,1,0,0,3,0,0,0,0
"lncRNA:CR45613",0,0,0,5,8,15,0,0,0,12,14,14
"lncRNA:CR45614",1,2,1,15,17,12,2,0,0,5,3,7
"lncRNA:CR45615",0,0,0,0,0,0,0,0,0,0,0,0
"lncRNA:CR45616",2,1,0,0,0,0,0,4,0,1,0,0
"lncRNA:CR45617",0,0,1,1,1,1,0,3,1,0,1,0
"lncRNA:CR45618",0,0,0,0,0,0,0,0,1,1,0,0
"lncRNA:CR45619",0,0,0,0,0,0,0,0,0,0,0,0
"lncRNA:CR45622",0,1,0,40,24,34,0,0,0,37,34,25
"lncRNA:CR45624",0,0,0,0,0,0,0,0,0,0,0,0
"lncRNA:CR45625",0,0,1,0,0,0,0,0,0,0,0,1
"lncRNA:CR45626",0,0,0,0,0,0,0,0,0,0,0,0
"lncRNA:CR45627",0,0,0,0,0,0,1,3,1,2,2,0
"lncRNA:CR45628",0,0,0,0,0,0,0,0,0,0,0,0
"lncRNA:CR45630",0,0,1,63,45,70,0,0,0,25,36,32
"lncRNA:CR45631",0,0,1,0,0,0,0,0,0,0,0,0
"lncRNA:CR45632",0,0,0,0,0,0,0,0,0,0,2,1
"lncRNA:CR45633",0,0,0,0,1,0,2,0,0,0,0,0
"lncRNA:CR45634",1,0,0,7,1,2,0,0,0,2,1,1
"lncRNA:CR45635",1,0,0,1,0,0,3,1,3,0,3,0
"lncRNA:CR45636",0,0,0,12,9,1,0,0,0,10,2,1
"lncRNA:CR45637",0,0,0,0,0,0,0,2,0,3,0,1
"lncRNA:CR45638",0,0,0,0,0,0,0,0,1,0,0,1
"lncRNA:CR45639",1,1,6,3,3,4,0,1,4,3,2,3
"lncRNA:CR45640",1,0,0,1,2,0,2,0,0,0,0,1
"lncRNA:CR45641",0,0,0,0,1,0,0,0,0,0,0,0
"lncRNA:CR45642",1,1,1,1,2,7,0,0,0,0,1,2
"lncRNA:CR45643",0,0,0,0,0,0,0,0,0,0,0,0
"lncRNA:CR45644",2,4,0,12,6,6,1,1,0,4,4,4
"lncRNA:CR45645",1,2,3,9,12,13,1,0,1,1,8,4
"lncRNA:CR45646",0,0,0,0,0,0,0,1,0,0,1,0
"lncRNA:CR45647",0,0,0,0,1,2,2,0,1,0,0,0
"lncRNA:CR45649",0,0,1,0,2,7,0,0,0,0,0,0
"lncRNA:CR45650",1,0,1,0,0,7,3,0,0,2,0,1
"lncRNA:CR45651",1,1,0,0,1,0,2,1,0,2,2,0
"lncRNA:CR45652",0,0,0,4,0,4,1,0,0,0,0,2
"lncRNA:CR45653",0,0,13,216,259,243,0,0,0,87,83,105
"lncRNA:CR45654",0,0,3,73,38,64,0,0,0,49,57,65
"lncRNA:CR45655",0,0,0,0,0,0,0,0,0,0,0,0
"lncRNA:CR45656",0,2,0,0,1,5,0,0,0,1,0,5
"lncRNA:CR45657",0,0,0,1,0,0,0,0,0,0,0,0
"lncRNA:CR45658",0,0,0,0,0,0,0,0,0,0,0,0
"lncRNA:CR45659",0,2,0,1,0,0,0,2,0,0,0,3
"lncRNA:CR45660",0,1,2,10,8,13,1,1,1,1,2,0
"lncRNA:CR45661",0,0,0,1,1,0,0,2,1,0,1,2
"lncRNA:CR45662",1,5,0,1,0,3,0,1,0,1,1,0
"lncRNA:CR45664",0,0,0,0,2,1,0,0,0,0,0,0
"lncRNA:CR45665",0,0,0,0,0,0,0,0,1,0,2,0
"lncRNA:CR45666",0,0,1,0,0,0,0,0,0,0,0,0
"lncRNA:CR45667",1,0,0,0,0,0,1,0,0,0,0,0
"lncRNA:CR45668",13,15,17,11,8,5,6,7,15,9,9,5
"lncRNA:CR45669",3,8,3,21,9,14,2,2,4,4,6,6
"lncRNA:CR45670",0,0,0,1,0,0,0,2,2,8,3,0
"lncRNA:CR45671",0,0,0,0,0,0,0,0,0,0,0,0
"lncRNA:CR45672",0,0,0,0,0,0,0,0,0,0,0,0
"lncRNA:CR45673",0,0,0,0,0,2,0,1,0,0,0,1
"lncRNA:CR45674",2,1,5,1,6,7,3,1,3,4,5,0
"lncRNA:CR45675",0,0,0,1,0,1,0,0,0,0,0,3
"lncRNA:CR45677",0,4,1,2,3,1,0,5,5,0,4,2
"lncRNA:CR45678",0,0,0,0,0,0,0,0,0,0,0,0
"lncRNA:CR45679",0,0,1,0,0,0,0,0,0,1,0,1
"lncRNA:CR45680",0,2,0,0,0,1,0,4,0,0,5,2
"lncRNA:CR45681",0,5,8,2,3,8,1,5,3,9,6,1
"lncRNA:CR45684",0,0,0,0,1,1,0,0,0,1,1,2
"lncRNA:CR45685",0,0,0,3,4,3,0,0,0,0,1,0
"lncRNA:CR45687",0,0,3,0,0,1,0,1,3,0,3,3
"lncRNA:CR45688",0,0,0,3,0,0,0,0,0,1,0,0
"lncRNA:CR45689",0,0,0,0,0,0,0,0,0,0,0,0
"lncRNA:CR45692",1,0,1,8,12,4,0,0,1,1,1,3
"lncRNA:CR45693",0,0,0,1,0,0,1,0,1,0,3,4
"lncRNA:CR45694",0,0,0,0,1,0,0,0,0,0,4,3
"lncRNA:CR45695",0,0,0,0,0,0,0,0,0,0,0,0
"lncRNA:CR45696",0,0,0,0,0,0,0,0,0,0,0,0
"lncRNA:CR45697",0,0,0,8,9,12,0,0,0,3,6,5
"lncRNA:CR45698",0,0,0,0,0,0,0,0,0,0,0,1
"lncRNA:CR45699",0,0,0,4,2,13,0,0,0,1,0,1
"lncRNA:CR45700",0,2,1,1,0,3,1,0,0,3,1,0
"lncRNA:CR45702",1,0,0,4,4,3,0,0,0,0,0,2
"lncRNA:CR45703",0,0,2,0,1,0,0,0,0,0,0,0
"lncRNA:CR45704",0,0,0,0,0,0,0,0,0,0,0,5
"lncRNA:CR45706",8,2,0,10,9,20,3,3,4,8,5,6
"lncRNA:CR45707",0,0,0,2,8,10,0,0,0,3,4,2
"lncRNA:CR45708",0,1,0,0,0,0,0,0,0,0,0,0
"lncRNA:CR45709",0,0,0,0,0,0,0,0,0,0,0,0
"lncRNA:CR45710",0,0,2,0,0,0,0,0,0,0,0,0
"lncRNA:CR45711",0,0,0,2,0,2,0,0,1,2,1,1
"lncRNA:CR45717",12,15,3,14,12,19,3,17,4,3,6,4
"lncRNA:CR45718",5,0,0,0,0,2,2,1,1,0,3,0
"lncRNA:CR45719",0,0,0,2,3,0,0,0,0,0,0,0
"lncRNA:CR45720",0,0,0,1,5,3,0,0,1,0,5,1
"lncRNA:CR45721",0,0,0,0,2,0,0,0,0,0,1,0
"lncRNA:CR45722",0,0,0,0,0,0,1,0,0,0,0,0
"lncRNA:CR45723",0,0,0,0,2,1,0,0,0,2,0,0
"lncRNA:CR45724",0,1,0,0,0,0,0,0,0,0,0,0
"lncRNA:CR45725",0,0,0,0,0,0,0,0,0,0,0,0
"lncRNA:CR45726",0,0,2,32,25,46,0,0,0,16,6,17
"lncRNA:CR45727",0,0,0,0,4,1,0,0,0,0,2,1
"lncRNA:CR45728",0,0,0,2,0,2,0,0,0,0,0,1
"lncRNA:CR45729",0,0,0,0,0,0,0,0,0,1,0,0
"lncRNA:CR45730",0,3,3,1,1,2,0,0,1,0,0,2
"lncRNA:CR45731",0,0,1,5,0,4,1,1,0,5,1,3
"lncRNA:CR45732",3,3,4,2,6,6,6,2,2,0,2,1
"lncRNA:CR45733",0,0,0,0,0,0,0,0,0,1,3,0
"lncRNA:CR45734",0,0,0,0,0,1,1,2,0,3,0,0
"lncRNA:CR45735",0,0,0,0,0,0,0,0,0,0,0,0
"lncRNA:CR45736",0,0,0,0,0,0,0,0,0,0,0,0
"lncRNA:CR45737",0,0,0,0,1,0,2,1,0,1,4,1
"lncRNA:CR45739",0,0,0,0,0,0,0,0,0,0,0,0
"lncRNA:CR45740",0,1,0,0,0,3,2,0,0,2,1,0
"lncRNA:CR45741",0,0,0,3,1,9,0,0,0,7,7,6
"lncRNA:CR45742",0,0,2,17,13,11,0,0,0,13,15,12
"lncRNA:CR45743",0,0,0,2,1,0,0,0,0,1,0,0
"lncRNA:CR45744",0,0,0,5,11,5,0,0,0,9,9,2
"lncRNA:CR45745",0,2,0,0,0,0,1,0,1,0,0,0
"lncRNA:CR45746",0,0,2,0,0,1,2,0,0,1,0,0
"lncRNA:CR45747",0,0,0,0,0,0,0,0,0,0,0,0
"lncRNA:CR45748",0,0,0,1,1,0,0,0,0,0,0,0
"lncRNA:CR45749",0,0,0,3,4,1,0,0,0,1,0,3
"lncRNA:CR45750",0,0,0,0,0,0,0,0,0,0,0,0
"lncRNA:CR45752",0,0,0,0,0,0,0,0,0,0,0,0
"lncRNA:CR45753",2,0,0,0,0,2,0,0,0,0,2,0
"lncRNA:CR45754",2,0,0,0,0,2,0,1,0,0,1,0
"lncRNA:CR45755",0,0,0,2,4,0,0,1,0,0,0,0
"lncRNA:CR45756",8,2,5,0,0,5,2,0,0,1,1,2
"lncRNA:CR45757",0,2,0,3,1,1,0,0,0,3,0,1
"lncRNA:CR45758",1,3,1,11,11,17,0,6,2,12,9,15
"lncRNA:CR45759",1,1,2,2,0,3,0,1,0,3,4,2
"lncRNA:CR45761",0,0,0,4,6,1,0,0,0,1,1,1
"lncRNA:CR45762",0,2,1,21,6,20,0,0,0,0,0,1
"lncRNA:CR45788",0,0,0,9,13,14,0,0,0,5,0,1
"lncRNA:CR45790",0,0,0,2,6,4,0,0,0,1,0,1
"lncRNA:CR45791",0,0,0,0,4,0,0,0,0,0,0,2
"lncRNA:CR45792",0,0,0,5,10,12,0,0,0,1,1,4
"lncRNA:CR45793",3,9,3,2,14,4,6,4,5,7,10,5
"lncRNA:CR45803",0,6,1,40,55,68,0,0,3,27,32,27
"lncRNA:CR45805",1,1,8,5,4,5,1,1,0,0,1,4
"lncRNA:CR45808",0,2,6,120,108,160,0,0,0,73,62,84
"lncRNA:CR45809",0,0,0,19,33,32,0,1,0,7,28,15
"lncRNA:CR45810",0,0,2,13,7,15,0,1,0,3,2,3
"lncRNA:CR45811",13,19,18,6,6,14,14,13,0,3,1,4
"lncRNA:CR45819",2,7,3,5,2,0,2,4,0,0,1,3
"lncRNA:CR45820",11,10,5,9,0,0,4,2,1,0,4,3
"lncRNA:CR45821",3,2,7,144,152,152,0,2,0,104,113,104
"lncRNA:CR45823",2,2,7,60,46,76,0,0,0,12,25,14
"lncRNA:CR45824",3,2,2,38,21,34,0,0,1,24,17,14
"lncRNA:CR45825",0,0,0,8,2,7,0,0,0,1,3,4
"lncRNA:CR45826",0,0,0,0,0,0,0,0,0,0,0,0
"lncRNA:CR45833",0,1,3,1,0,4,3,1,0,0,1,2
"lncRNA:CR45866",0,1,0,13,16,14,0,0,0,8,18,17
"lncRNA:CR45876",0,0,0,34,34,27,0,0,0,14,26,17
"lncRNA:CR45877",0,0,2,107,129,117,0,0,0,42,29,61
"lncRNA:CR45878",0,0,0,19,14,12,0,0,0,4,6,12
"lncRNA:CR45880",0,0,0,0,0,0,0,0,0,0,0,0
"lncRNA:CR45881",5,7,3,2,6,3,9,7,9,3,2,6
"lncRNA:CR45883",0,0,0,0,0,0,0,0,0,0,0,0
"lncRNA:CR45884",0,0,0,0,0,0,1,0,0,0,0,0
"lncRNA:CR45887",0,0,0,7,17,5,0,0,0,2,2,0
"lncRNA:CR45888",0,0,0,9,16,9,0,0,5,9,0,2
"lncRNA:CR45893",0,0,0,0,0,0,0,0,0,0,0,0
"lncRNA:CR45897",0,0,0,0,4,4,0,0,0,4,5,1
"lncRNA:CR45898",12,4,9,0,1,3,2,3,5,1,2,3
"lncRNA:CR45899",1,0,1,0,1,0,2,0,1,0,0,1
"lncRNA:CR45900",1,0,0,0,5,0,0,0,0,0,0,0
"lncRNA:CR45901",0,0,0,0,1,0,0,0,0,0,0,0
"lncRNA:CR45902",0,0,0,6,1,0,0,0,0,2,0,0
"lncRNA:CR45903",0,0,0,0,0,2,0,0,0,0,0,0
"lncRNA:CR45904",0,0,0,0,0,0,0,0,0,0,0,0
"lncRNA:CR45905",0,0,1,2,0,9,0,0,0,0,1,1
"lncRNA:CR45906",11,9,13,3,4,8,1,5,7,5,0,2
"lncRNA:CR45910",4,5,3,3,1,5,23,20,32,21,22,12
"lncRNA:CR45911",0,0,0,0,0,0,0,0,0,3,0,0
"lncRNA:CR45913",0,0,0,0,0,0,0,0,0,0,0,0
"lncRNA:CR45914",3,0,2,3,3,4,3,0,0,0,1,0
"lncRNA:CR45915",0,1,0,0,0,0,1,1,0,0,0,0
"lncRNA:CR45916",1,10,1,4,2,1,3,2,9,4,12,5
"lncRNA:CR45917",0,0,0,0,0,0,0,0,0,0,0,0
"lncRNA:CR45918",2,2,2,1,5,6,6,2,2,3,4,4
"lncRNA:CR45919",0,0,0,1,0,0,0,0,0,0,0,0
"lncRNA:CR45920",1,3,2,4,7,14,4,10,5,1,7,12
"lncRNA:CR45921",0,0,0,19,13,18,0,1,0,5,7,4
"lncRNA:CR45922",4,0,0,2,2,1,1,3,0,2,1,0
"lncRNA:CR45935",1,0,0,1,0,0,0,0,0,0,0,0
"lncRNA:CR45936",3,1,3,4,0,1,5,2,1,7,16,7
"lncRNA:CR45937",2,0,0,0,1,1,0,3,2,1,0,0
"lncRNA:CR45938",5,4,6,9,11,7,6,11,3,13,11,14
"lncRNA:CR45939",7,4,6,5,3,2,3,4,1,3,10,10
"lncRNA:CR45940",2,2,0,2,6,3,0,0,0,2,3,4
"lncRNA:CR45941",0,0,1,4,1,5,0,0,0,3,4,1
"lncRNA:CR45942",0,0,1,25,16,11,0,0,0,16,3,10
"lncRNA:CR45945",0,0,0,0,0,0,0,0,0,0,0,0
"lncRNA:CR45949",4,5,5,4,2,2,4,5,0,4,1,2
"lncRNA:CR45950",0,0,0,0,0,0,0,0,0,0,0,0
"lncRNA:CR45953",1,0,4,43,48,40,0,0,0,21,27,32
"lncRNA:CR45954",0,0,0,0,0,2,0,0,2,0,1,0
"lncRNA:CR45956",0,0,0,16,16,13,0,0,0,12,5,5
"lncRNA:CR45957",0,0,0,1,18,22,0,0,0,3,5,1
"lncRNA:CR45958",0,0,0,17,12,14,0,0,0,2,3,11
"lncRNA:CR45959",0,0,4,26,28,35,0,0,0,10,6,14
"lncRNA:CR45961",0,0,1,17,19,14,0,0,0,7,2,9
"lncRNA:CR45962",14,15,6,14,12,13,8,10,9,9,8,10
"lncRNA:CR45963",0,2,2,11,4,16,0,0,0,7,10,21
"lncRNA:CR45964",1,1,0,7,15,14,0,0,0,0,12,2
"lncRNA:CR45965",1,0,0,15,8,9,1,1,2,10,2,0
"lncRNA:CR45966",0,1,1,1,3,0,3,0,0,3,1,1
"lncRNA:CR45967",0,0,0,0,9,2,0,0,0,4,0,3
"lncRNA:CR45971",0,1,0,8,15,9,0,0,1,2,2,0
"lncRNA:CR45972",0,0,0,9,7,13,0,0,0,4,2,6
"lncRNA:CR45973",1,0,3,2,2,6,1,1,2,1,1,6
"lncRNA:CR45975",0,0,0,0,0,0,0,0,0,0,0,0
"lncRNA:CR45976",1,0,0,8,13,35,0,0,0,9,4,5
"lncRNA:CR45977",2,0,0,14,11,9,0,1,0,2,4,10
"lncRNA:CR45978",0,0,0,6,8,8,0,0,0,4,4,7
"lncRNA:CR45979",0,2,2,31,20,26,0,0,0,22,11,12
"lncRNA:CR45980",0,0,0,11,10,13,0,0,0,5,7,7
"lncRNA:CR45981",0,0,4,91,91,138,4,0,0,17,15,23
"lncRNA:CR45982",0,0,1,8,10,10,0,0,0,0,0,0
"lncRNA:CR45983",0,0,0,6,4,7,0,0,0,4,1,4
"lncRNA:CR45984",0,0,0,21,4,10,0,3,0,11,6,8
"lncRNA:CR45985",0,2,0,0,4,1,0,0,0,10,1,0
"lncRNA:CR45991",0,0,2,18,17,6,0,0,0,14,3,12
"lncRNA:CR45993",1,1,0,0,0,0,4,0,0,2,1,8
"lncRNA:CR45994",1,1,0,0,1,0,1,0,0,0,2,2
"lncRNA:CR45996",0,0,0,3,1,1,0,0,0,3,0,3
"lncRNA:CR45997",0,0,0,0,3,0,0,0,0,0,1,0
"lncRNA:CR45998",0,0,0,0,0,0,0,0,0,0,1,0
"lncRNA:CR46000",0,0,0,9,17,3,0,0,0,2,0,2
"lncRNA:CR46001",0,0,0,13,14,37,0,0,0,0,8,3
"lncRNA:CR46002",11,5,6,3,8,7,8,6,3,8,4,8
"lncRNA:CR46003",0,0,0,0,0,0,0,0,0,0,0,0
"lncRNA:CR46004",0,0,0,0,0,0,0,0,0,0,0,0
"lncRNA:CR46006",8,8,21,13,23,33,10,13,4,23,24,6
"lncRNA:CR46007",0,0,3,114,88,125,0,0,0,150,163,137
"lncRNA:CR46008",0,0,0,8,6,6,0,0,0,1,1,1
"lncRNA:CR46009",0,0,3,37,28,28,0,0,0,28,24,26
"lncRNA:CR46010",0,0,0,25,21,23,0,0,0,30,27,23
"lncRNA:CR46011",0,0,0,3,4,5,0,0,0,3,11,2
"lncRNA:CR46013",0,2,1,3,1,0,0,0,0,2,2,0
"lncRNA:CR46014",0,0,0,0,0,0,0,0,0,0,0,0
"lncRNA:CR46015",5,3,6,1,1,6,1,0,2,0,1,1
"lncRNA:CR46016",0,0,0,25,31,33,0,0,0,9,12,5
"lncRNA:CR46017",0,0,2,27,30,25,0,0,0,4,2,5
"lncRNA:CR46019",3,0,0,28,29,36,0,0,0,6,13,15
"lncRNA:CR46021",0,0,0,1,0,0,0,0,0,3,0,0
"lncRNA:CR46022",0,0,1,15,22,15,0,0,2,17,19,10
"lncRNA:CR46023",0,0,2,56,46,43,0,0,0,25,24,12
"lncRNA:CR46024",0,0,2,20,13,16,0,0,0,5,2,5
"lncRNA:CR46028",5,1,3,22,31,29,0,0,1,28,21,22
"lncRNA:CR46030",0,0,0,0,0,3,0,0,0,0,0,0
"lncRNA:CR46031",3,3,0,0,1,5,0,0,0,0,0,0
"lncRNA:CR46032",0,0,1,1,2,5,0,0,0,1,4,0
"lncRNA:CR46035",108,70,53,77,97,95,93,124,102,74,106,100
"lncRNA:CR46036",7,4,10,6,6,5,10,5,3,4,6,13
"lncRNA:CR46039",1,5,3,1,3,3,0,0,5,6,1,1
"lncRNA:CR46040",0,2,1,55,71,90,0,1,0,32,30,36
"lncRNA:CR46041",26,24,25,17,15,15,28,14,25,11,20,11
"lncRNA:CR46043",0,0,9,172,178,249,0,2,0,138,128,129
"lncRNA:CR46046",1,0,0,23,19,13,0,0,0,7,0,10
"lncRNA:CR46052",0,0,0,4,8,4,0,0,0,4,0,1
"lncRNA:CR46053",0,5,2,31,48,34,0,0,0,30,22,18
"lncRNA:CR46056",2,0,0,2,0,0,0,0,0,0,0,0
"lncRNA:CR46057",4,0,0,1,0,3,0,0,0,0,0,0
"lncRNA:CR46060",6,12,8,6,5,3,5,3,2,0,0,2
"lncRNA:CR46061",3,0,3,9,23,19,1,1,0,10,12,16
"lncRNA:CR46062",2,0,2,8,1,8,0,0,0,2,2,2
"lncRNA:CR46063",0,0,0,6,10,41,0,0,0,7,1,2
"lncRNA:CR46064",199,268,242,245,221,236,210,213,202,170,240,206
"lncRNA:CR46073",0,0,1,9,11,7,3,0,0,4,10,4
"lncRNA:CR46075",0,2,1,1,0,0,3,1,5,1,2,1
"lncRNA:CR46076",0,0,3,11,14,18,0,0,0,1,1,4
"lncRNA:CR46077",0,0,0,1,11,15,0,0,0,1,2,5
"lncRNA:CR46078",0,0,0,0,0,0,0,0,0,0,0,0
"lncRNA:CR46079",0,0,0,12,13,7,0,0,0,4,6,2
"lncRNA:CR46080",0,0,0,0,0,0,0,0,0,0,0,0
"lncRNA:CR46083",0,0,0,0,0,0,0,0,0,4,1,0
"lncRNA:CR46084",3,1,2,0,4,0,0,0,0,1,1,1
"lncRNA:CR46085",3,4,5,0,3,18,2,1,1,0,4,6
"lncRNA:CR46086",0,0,0,0,0,5,2,0,0,11,3,13
"lncRNA:CR46087",0,1,1,13,6,18,0,0,1,12,2,3
"lncRNA:CR46088",0,1,0,13,10,13,0,0,0,3,17,8
"lncRNA:CR46090",0,0,0,1,0,0,1,0,0,0,0,0
"lncRNA:CR46094",6,15,6,3,3,3,1,8,0,1,1,1
"lncRNA:CR46095",1,0,1,14,9,29,1,0,0,2,8,2
"lncRNA:CR46098",1,2,3,0,3,2,1,1,2,3,1,3
"lncRNA:CR46100",2,0,0,0,0,3,0,0,0,0,1,0
"lncRNA:CR46102",0,0,1,0,0,2,1,1,0,0,0,0
"lncRNA:CR46103",0,0,0,8,9,29,0,0,0,14,4,8
"lncRNA:CR46106",0,0,0,10,7,12,0,0,0,0,0,0
"lncRNA:CR46108",10,9,4,114,83,143,10,12,2,56,66,65
"lncRNA:CR46110",3,2,0,1,0,1,0,0,0,0,0,0
"lncRNA:CR46111",0,0,4,78,85,120,0,0,0,68,60,50
"lncRNA:CR46112",1,0,0,33,33,26,4,2,3,11,5,3
"lncRNA:CR46113",0,0,1,11,6,20,0,0,0,10,4,4
"lncRNA:CR46114",0,0,0,3,3,1,2,0,0,3,4,3
"lncRNA:CR46115",0,0,4,51,63,80,0,0,1,20,29,23
"lncRNA:CR46116",0,0,0,5,6,3,0,0,0,2,0,4
"lncRNA:CR46117",1,0,0,28,12,16,0,0,0,11,9,8
"lncRNA:CR46118",0,0,0,5,3,3,0,0,0,0,0,2
"lncRNA:CR46119",0,0,0,1,2,3,0,0,0,4,3,0
"lncRNA:CR46120",0,0,0,39,31,22,0,0,0,1,8,2
"lncRNA:CR46122",0,0,0,7,19,16,0,0,0,3,1,8
"lncRNA:CR46123",121,132,110,109,39,95,0,0,0,0,0,0
"lncRNA:CR46124",0,0,0,9,18,18,0,0,0,8,2,9
"lncRNA:CR46125",0,0,3,19,13,20,0,0,0,2,5,3
"lncRNA:CR46126",0,0,0,0,0,4,0,0,0,0,1,0
"lncRNA:CR46127",0,0,3,28,52,60,0,0,0,20,37,26
"lncRNA:CR46130",0,0,0,0,0,0,0,0,0,0,0,4
"lncRNA:CR46131",2,0,4,27,45,30,0,0,0,33,44,45
"lncRNA:CR46132",0,0,1,4,17,6,5,0,0,0,2,3
"lncRNA:CR46141",2,0,0,22,9,24,0,0,0,3,3,1
"lncRNA:CR46142",0,0,2,9,9,11,0,0,0,0,6,3
"lncRNA:CR46143",0,0,0,0,0,0,0,0,0,0,0,0
"lncRNA:CR46147",0,1,0,0,0,0,0,0,0,0,0,0
"lncRNA:CR46148",0,0,0,0,0,0,0,0,0,0,0,0
"lncRNA:CR46153",0,0,0,6,9,3,0,0,0,1,8,0
"lncRNA:CR46156",2,0,0,0,0,0,0,0,1,0,0,0
"lncRNA:CR46196",0,0,0,0,0,0,0,0,0,0,0,0
"lncRNA:CR46197",0,0,0,1,1,0,2,0,1,0,0,4
"lncRNA:CR46198",0,0,0,1,9,1,0,0,0,2,0,2
"lncRNA:CR46199",0,0,0,3,5,20,0,0,2,7,7,2
"lncRNA:CR46200",1,0,0,0,1,1,0,0,0,1,0,0
"lncRNA:CR46202",0,0,0,0,0,0,0,0,0,0,0,0
"lncRNA:CR46203",0,0,2,10,10,15,0,0,0,2,7,0
"lncRNA:CR46204",2,1,9,4,6,4,1,2,7,1,1,2
"lncRNA:CR46205",0,3,0,5,3,5,2,3,1,1,3,1
"lncRNA:CR46206",0,2,1,1,0,6,0,0,0,0,6,0
"lncRNA:CR46207",0,0,0,0,0,0,0,0,0,5,2,0
"lncRNA:CR46208",2,2,1,2,2,4,4,5,7,5,5,8
"lncRNA:CR46209",0,0,0,0,0,0,0,0,0,0,0,0
"lncRNA:CR46210",3,0,0,14,2,10,0,0,0,5,3,3
"lncRNA:CR46211",0,0,0,0,0,0,0,0,0,0,0,0
"lncRNA:CR46212",0,0,0,10,6,8,0,0,0,3,2,1
"lncRNA:CR46213",0,1,1,9,11,4,0,0,0,0,1,1
"lncRNA:CR46214",3,0,12,2,3,2,2,0,2,1,0,1
"lncRNA:CR46215",0,0,0,29,12,26,0,0,0,4,9,11
"lncRNA:CR46216",27,18,40,72,37,67,12,3,20,31,30,33
"lncRNA:CR46217",0,0,1,8,9,12,0,0,0,0,4,8
"lncRNA:CR46218",2,0,2,12,10,11,1,0,1,4,7,18
"lncRNA:CR46219",16,25,15,30,26,34,56,45,38,47,52,36
"lncRNA:CR46220",0,0,2,0,0,0,3,4,1,2,1,0
"lncRNA:CR46221",2,0,0,1,1,1,0,0,0,1,0,1
"lncRNA:CR46224",0,0,0,2,0,0,0,0,0,1,0,1
"lncRNA:CR46225",0,0,0,8,7,9,0,0,0,0,0,2
"lncRNA:CR46226",0,0,0,6,9,4,0,0,0,1,2,2
"lncRNA:CR46227",0,0,0,1,0,0,0,0,0,0,0,0
"lncRNA:CR46228",0,0,0,0,0,2,0,0,0,1,2,0
"lncRNA:CR46229",0,0,0,4,6,9,0,0,0,2,9,3
"lncRNA:CR46230",1,1,0,23,11,11,0,3,0,8,11,9
"lncRNA:CR46231",4,0,5,3,0,4,1,0,8,3,3,0
"lncRNA:CR46233",0,0,1,0,0,0,0,3,1,3,0,0
"lncRNA:CR46234",0,0,0,0,0,0,0,0,0,0,0,0
"lncRNA:CR46235",0,0,0,5,3,5,0,0,0,1,3,0
"lncRNA:CR46236",0,0,2,7,1,9,0,0,0,0,0,3
"lncRNA:CR46237",0,0,0,8,8,18,0,0,0,3,2,5
"lncRNA:CR46238",0,0,0,20,18,20,0,0,0,6,4,7
"lncRNA:CR46239",0,2,4,23,48,36,4,0,2,17,14,10
"lncRNA:CR46240",0,1,0,5,7,2,0,0,0,2,5,8
"lncRNA:CR46241",0,0,0,2,3,5,0,0,0,0,0,0
"lncRNA:CR46242",0,0,0,1,1,6,0,0,0,1,0,0
"lncRNA:CR46243",0,0,0,0,0,0,0,0,0,0,0,0
"lncRNA:CR46245",2,0,0,0,0,0,1,0,0,0,0,0
"lncRNA:CR46247",0,0,0,0,0,0,0,0,0,0,0,0
"lncRNA:CR46248",0,1,2,0,2,0,0,0,0,0,0,2
"lncRNA:CR46249",0,0,0,8,4,6,1,0,0,1,0,0
"lncRNA:CR46250",1,0,5,2,0,4,3,0,0,4,1,1
"lncRNA:CR46252",3,3,1,0,0,0,0,0,0,0,0,0
"lncRNA:CR46253",0,0,0,0,0,0,0,0,0,0,0,0
"lncRNA:CR46254",0,1,7,4,3,11,1,2,2,3,0,9
"lncRNA:CR46257",0,0,0,2,10,22,0,0,1,7,5,5
"lncRNA:CR46258",0,0,0,0,0,0,0,0,0,0,1,0
"lncRNA:CR46259",0,0,0,9,20,7,0,0,0,6,16,7
"lncRNA:CR46260",0,0,0,17,28,31,0,0,0,8,5,10
"lncRNA:CR46265",0,0,1,10,9,7,0,0,0,0,0,1
"lncRNA:CR46267",2,4,0,4,0,4,1,4,1,0,0,0
"lncRNA:CR46268",36,21,37,43,58,63,17,19,34,50,67,45
"lncRNA:CR46271",0,4,2,23,27,42,0,1,0,11,14,25
"lncRNA:CR46299",0,0,0,0,0,0,0,0,0,4,0,0
"lncRNA:CR46322",2,1,4,3,3,4,3,0,1,5,7,5
"lncRNA:CR46326",0,0,0,0,0,0,0,0,0,0,0,0
"lncRNA:CR46328",0,0,0,0,3,1,0,0,0,0,0,0
"lncRNA:CR46336",0,0,0,0,0,0,0,0,0,0,0,0
"lncRNA:CR46337",0,0,0,0,0,0,0,0,0,0,0,0
"lncRNA:CR46348",0,2,1,3,1,8,3,2,1,1,3,0
"lncRNA:CR46349",3,1,1,3,0,0,0,6,4,0,2,0
"lncRNA:CR46350",66,57,71,32,42,48,77,90,47,23,35,44
"lncRNA:CR46351",2,0,0,0,0,2,0,1,2,0,1,0
"lncRNA:CR46352",1,2,1,1,3,0,0,0,0,1,0,3
"lncRNA:CR46353",0,0,0,8,11,9,0,0,0,5,2,2
"lncRNA:CR46391",0,0,0,0,1,0,0,0,0,0,0,0
"lncRNA:CR46393",2,0,5,2,3,2,1,4,0,1,1,1
"lncRNA:CR46408",0,0,0,0,0,0,0,0,0,0,0,0
"lncRNA:CR46409",0,1,0,14,8,21,0,0,0,8,7,3
"lncRNA:CR46410",3,1,0,8,12,12,0,0,3,0,6,6
"lncRNA:CR46411",1,0,0,0,0,0,0,0,0,0,0,0
"lncRNA:CR46414",0,0,2,120,88,110,2,0,0,67,47,61
"lncRNA:CR46416",0,0,0,0,0,0,0,0,0,0,0,0
"lncRNA:CR46431",0,1,0,0,0,6,0,0,0,0,0,0
"lncRNA:CR46444",0,0,0,6,13,3,0,0,0,3,2,1
"lncRNA:CR46445",14,17,11,29,24,17,7,13,7,15,14,17
"lncRNA:CR46446",2,0,0,3,3,6,0,0,0,0,0,0
"lncRNA:CR46449",0,0,0,0,0,0,0,0,0,0,0,0
"lncRNA:CR46450",0,0,0,0,0,0,0,0,0,0,0,0
"lncRNA:CR46451",0,0,0,0,0,0,0,0,0,0,0,0
"lncRNA:CR46454",0,0,0,6,16,1,0,0,0,2,5,2
"lncRNA:CR46455",1,0,0,1,0,0,0,0,0,0,0,0
"lncRNA:CR46472",26,13,21,31,18,15,28,9,24,15,18,20
"lncRNA:CR46474",0,0,0,0,0,0,0,0,0,0,0,0
"lncRNA:CR46475",8,4,5,5,3,21,7,2,6,12,6,4
"lncRNA:CR46476",1,0,0,0,0,0,0,0,0,0,0,0
"lncRNA:CR46477",5,6,5,0,5,1,3,11,8,5,11,3
"lncRNA:CR46478",3,0,3,0,0,3,2,7,1,0,1,4
"lncRNA:CR46480",0,0,0,0,3,2,1,0,0,0,0,2
"lncRNA:CR46481",51,70,56,74,55,22,93,66,59,53,61,55
"lncRNA:CR46482",4,7,5,1,1,2,6,6,2,0,3,2
"lncRNA:CR46483",3,8,6,9,0,6,0,5,3,1,5,2
"lncRNA:CR46488",4,7,2,1,8,1,0,4,1,2,3,1
"lncRNA:CR46489",2,0,16,5,3,0,2,6,2,1,1,0
"lncRNA:CR46490",1,2,0,8,11,2,0,1,0,4,5,7
"lncRNA:CR9162",0,1,4,0,0,0,0,0,0,0,0,0
"lncRNA:CR9284",0,0,0,0,0,0,0,0,0,0,0,0
"lncRNA:CRG",0,0,0,0,0,0,0,0,0,0,0,0
"lncRNA:Hsromega",286,222,276,550,416,296,256,189,257,215,131,146
"lncRNA:Irar",52,58,29,32,58,47,53,95,45,24,40,31
"lncRNA:SMRG",0,0,0,0,0,0,0,0,0,0,0,0
"lncRNA:TS1",0,0,0,1,0,1,0,0,0,0,1,0
"lncRNA:TS11",0,0,0,25,17,20,0,0,0,12,3,11
"lncRNA:TS14",0,0,0,0,0,0,0,0,0,2,0,1
"lncRNA:TS16",0,0,2,24,18,20,0,0,0,16,5,6
"lncRNA:TS18",0,0,0,0,0,2,0,0,1,0,1,0
"lncRNA:TS2",0,0,0,0,0,0,0,0,0,0,0,1
"lncRNA:TS20",0,0,0,2,1,5,0,0,0,4,1,2
"lncRNA:TS25",0,0,0,2,3,0,0,0,0,0,0,0
"lncRNA:TS26",0,1,0,1,2,2,0,0,0,0,0,0
"lncRNA:TS27",0,0,0,4,14,5,0,0,0,5,9,0
"lncRNA:TS3",0,0,0,2,2,4,0,0,0,0,0,0
"lncRNA:TS4",0,0,2,2,0,1,0,0,0,0,1,0
"lncRNA:TS6",0,0,0,0,0,0,0,0,0,1,0,0
"lncRNA:TS9",0,0,0,2,0,3,0,0,0,6,3,1
"lncRNA:Yu",0,1,1,84,52,84,0,0,0,22,15,21
"lncRNA:acal",0,1,0,1,2,0,0,0,0,0,0,1
"lncRNA:alphagamma-element:CR32865",9,5,3,16,11,7,10,8,3,3,9,6
"lncRNA:bxd",0,0,0,0,0,1,0,0,0,0,0,0
"lncRNA:cherub",1,2,4,14,3,1,0,0,3,5,2,0
"lncRNA:dntRL",0,0,0,0,0,0,0,0,0,0,0,0
"lncRNA:enrr",0,0,0,0,0,0,0,0,0,0,0,0
"lncRNA:flam",1,1,2,0,3,4,3,3,2,1,3,0
"lncRNA:iab4",0,0,1,0,1,1,0,4,0,2,1,0
"lncRNA:iab8",0,1,0,0,1,3,1,3,0,0,0,2
"lncRNA:let7C",10,14,20,15,9,21,6,8,14,12,16,11
"lncRNA:marge",1,1,0,0,5,1,1,3,7,9,2,1
"lncRNA:mimi",254,166,225,327,289,365,301,213,211,450,343,270
"lncRNA:noe",993,697,649,3000,1860,1605,795,503,708,1422,856,679
"lncRNA:osk",0,0,0,0,0,0,0,0,0,0,0,0
"lncRNA:roX1",1,0,0,64,50,73,0,1,2,46,57,67
"lncRNA:roX2",0,0,0,18,23,30,0,0,0,9,19,23
"lncRNA:sphinx",0,0,0,0,0,0,0,0,0,0,0,0
"lncRNA:yar",0,0,0,0,0,2,0,0,0,0,0,0
"loaf",262,237,277,389,276,464,322,197,293,405,400,358
"lobo",2,2,23,837,849,1066,0,1,2,714,620,633
"loco",95,109,120,90,96,91,41,73,77,66,57,72
"loh",5,8,9,9,7,4,4,4,9,4,8,9
"loj",0,0,0,0,0,0,0,0,0,0,0,0
"lok",0,0,0,0,0,0,0,0,0,0,0,0
"lola",1050,1205,1072,1160,1093,1317,1027,902,891,1025,1088,1023
"lolal",89,68,49,74,129,104,96,65,96,120,99,99
"loopin-1",0,0,0,4,0,1,0,0,0,3,0,0
"loqs",13,3,8,18,11,20,10,6,11,8,18,5
"lost",4688,4643,4087,4521,4523,4782,4850,5015,4190,4956,5520,4990
"lov",0,0,0,0,0,1,0,0,0,0,0,0
"lovit",473,528,530,341,424,497,404,326,367,269,283,333
"lqf",5,13,16,8,2,19,14,3,1,7,2,9
"lqfR",339,346,347,399,426,492,325,287,326,373,452,364
"lsn",285,211,230,247,245,241,211,250,238,188,246,228
"lt",2,2,4,4,6,10,6,0,5,4,6,4
"ltl",16,37,23,17,4,19,21,26,14,18,17,14
"luna",75,60,64,107,85,99,65,61,96,105,93,64
"lush",0,0,0,0,0,0,0,0,0,0,0,0
"lute",0,0,0,0,0,0,0,0,0,0,0,0
"lva",1,5,0,6,1,2,0,2,1,5,0,2
"lwr",12,12,12,13,17,23,21,21,16,39,44,16
"lz",3,1,0,0,1,0,0,1,0,2,1,0
"m",10,13,17,17,22,26,2,4,3,1,0,4
"m-cup",107,106,114,97,120,114,89,92,124,133,140,113
"mAChR-A",0,0,3,0,1,1,0,3,0,0,1,0
"mAChR-B",15,25,15,13,16,32,22,5,11,12,15,20
"mAChR-C",1,4,1,4,0,5,1,3,2,0,2,0
"mAcon1",0,0,1,0,1,0,0,0,0,0,1,0
"mAcon2",2,3,69,1798,1750,2271,0,0,1,1428,1205,1156
"mEFG1",544,609,479,590,553,580,591,484,715,487,676,477
"mEFTs",795,754,767,2356,2132,2765,883,797,925,2403,2463,2020
"mEFTu1",0,0,0,0,0,0,0,0,0,0,0,0
"mEFTu2",1117,1230,1057,1775,1599,1802,754,710,824,1591,1526,1330
"mGluR",290,310,326,395,218,355,231,180,343,391,348,231
"mIF2",228,224,144,203,231,241,215,162,208,209,278,157
"mIF3",0,0,0,0,0,0,0,0,0,0,0,0
"mRF1",177,170,137,201,212,212,180,167,187,182,243,171
"mRNA-cap",538,644,502,686,596,765,472,420,519,648,700,622
"mRRF1",155,148,105,136,162,165,216,194,219,160,216,112
"mRRF2",0,0,0,0,0,0,0,0,0,0,0,0
"mRpL1",915,837,710,823,784,769,878,699,974,877,1042,807
"mRpL10",356,330,347,329,348,366,496,391,461,445,502,392
"mRpL11",163,168,179,261,222,253,272,209,353,182,253,177
"mRpL12",1189,1101,982,1373,1455,1209,1231,1034,1526,1215,1866,1168
"mRpL13",233,270,198,336,357,281,330,267,411,295,455,259
"mRpL14",0,0,0,0,0,0,0,0,0,0,0,0
"mRpL15",397,406,320,564,492,464,423,360,513,510,643,453
"mRpL16",7,8,9,8,15,6,9,12,11,15,9,17
"mRpL17",2,0,1,0,2,0,0,3,0,1,0,1
"mRpL18",379,410,375,411,419,398,506,452,498,380,487,345
"mRpL19",499,466,441,622,597,542,568,443,611,558,783,514
"mRpL2",686,678,540,707,715,695,658,639,732,820,947,654
"mRpL20",316,308,280,336,330,282,427,319,420,365,439,319
"mRpL21",6,13,13,12,17,9,14,13,18,18,19,7
"mRpL22",489,468,310,552,493,513,454,353,529,512,621,419
"mRpL23",0,0,0,0,0,0,0,0,0,0,0,0
"mRpL24",1211,1080,987,1162,1264,1084,1601,1201,1762,1181,1620,1242
"mRpL27",1,0,1,6,6,5,2,0,1,2,0,0
"mRpL28",1,0,3,6,0,0,2,2,2,0,3,0
"mRpL3",482,537,435,551,584,576,550,474,640,475,676,498
"mRpL30",766,828,669,911,1101,996,966,725,1085,909,1031,875
"mRpL32",485,438,387,509,510,437,700,518,917,433,682,426
"mRpL33",145,169,152,181,196,174,210,181,258,136,242,146
"mRpL34",244,216,168,270,360,271,314,229,373,155,312,217
"mRpL35",561,614,452,784,1003,927,763,636,736,719,1215,761
"mRpL36",156,179,164,300,240,299,220,199,243,230,347,223
"mRpL37",604,712,532,734,729,665,711,522,791,683,859,550
"mRpL38",665,689,627,760,647,645,716,658,811,725,859,617
"mRpL39",783,760,742,861,829,809,753,653,849,678,1023,728
"mRpL4",430,503,416,514,437,438,529,498,769,520,742,500
"mRpL40",568,462,388,511,496,541,556,490,733,474,596,431
"mRpL41",308,280,268,309,357,320,350,323,426,254,388,285
"mRpL42",0,0,0,0,0,2,0,0,0,0,0,0
"mRpL43",421,377,368,487,476,454,323,325,516,430,546,342
"mRpL44",866,889,702,956,946,862,990,746,1107,773,1149,718
"mRpL45",839,889,823,738,788,769,994,943,1018,865,1004,847
"mRpL46",680,592,471,589,548,533,669,597,768,651,883,539
"mRpL47",679,710,453,719,744,614,719,573,815,581,874,560
"mRpL48",0,0,0,0,0,0,0,0,0,0,0,0
"mRpL49",0,0,0,0,0,0,1,0,0,0,0,3
"mRpL50",308,340,303,417,473,395,404,265,413,302,478,332
"mRpL51",344,339,263,473,556,488,514,489,593,410,604,477
"mRpL52",603,538,445,651,687,645,837,566,912,507,732,560
"mRpL53",0,0,0,0,0,0,0,0,0,0,0,0
"mRpL54",452,449,380,473,604,500,624,528,705,519,779,488
"mRpL55",324,297,261,388,407,384,376,322,383,297,405,340
"mRpL9",890,894,849,862,803,708,1054,895,1199,838,1068,763
"mRpS10",0,0,0,0,0,0,0,0,0,0,0,0
"mRpS11",486,421,404,553,629,566,639,494,858,533,752,514
"mRpS14",5,13,10,4,6,4,21,13,13,5,5,1
"mRpS16",561,490,351,561,730,504,616,489,712,436,566,485
"mRpS17",504,489,423,655,597,585,725,601,779,721,636,588
"mRpS18A",269,277,255,421,446,460,443,361,519,390,514,466
"mRpS18B",0,0,0,3,0,3,0,0,0,0,0,0
"mRpS18C",394,368,291,528,536,507,674,486,736,411,626,496
"mRpS2",388,383,330,535,495,431,447,466,523,501,682,370
"mRpS21",0,0,0,0,0,0,0,0,0,0,0,0
"mRpS22",1016,1046,849,1114,1098,1076,952,885,1202,1059,1319,917
"mRpS23",309,246,249,362,355,320,320,263,409,253,393,264
"mRpS24",149,121,111,229,231,180,221,153,174,134,239,168
"mRpS25",373,318,331,590,634,536,445,370,620,459,663,471
"mRpS26",569,514,429,708,621,624,686,535,935,592,924,662
"mRpS28",485,442,423,521,530,553,601,509,762,479,596,435
"mRpS29",666,719,571,794,725,695,651,553,786,688,873,597
"mRpS30",37,49,35,39,59,44,49,34,57,35,36,25
"mRpS31",622,720,558,652,754,683,636,506,782,639,814,524
"mRpS33",485,421,356,489,588,508,726,696,790,473,604,490
"mRpS34",460,428,305,382,432,325,458,377,651,375,502,399
"mRpS35",617,606,522,616,643,527,741,667,826,671,998,608
"mRpS5",72,68,76,75,58,80,70,62,75,47,67,63
"mRpS6",0,0,0,0,0,0,0,0,0,0,0,0
"mRpS7",0,1,0,0,0,0,0,0,0,0,0,0
"mRpS9",1682,1540,1335,1491,1537,1430,1466,1417,1731,1467,1812,1278
"mTTF",256,259,237,205,219,260,240,262,280,200,252,229
"mTerf3",152,184,173,177,159,180,177,170,204,167,216,183
"mTerf5",289,350,317,274,301,286,264,291,344,359,364,305
"mTor",0,0,0,0,0,0,0,0,0,0,0,0
"mab-21",181,232,204,145,156,225,185,213,200,190,268,183
"maca",0,0,22,403,418,424,0,0,0,289,313,286
"mad2",13,11,20,153,209,166,22,27,11,93,132,121
"mael",0,0,0,0,1,0,0,0,0,0,0,1
"maf-S",0,0,0,0,0,0,0,0,0,0,0,0
"mag",2,1,0,0,0,1,3,1,1,1,0,0
"mago",321,284,242,234,273,277,301,320,324,234,324,321
"magu",54,34,27,35,24,27,41,18,19,13,10,16
"mah",4,2,2,6,4,5,0,1,4,0,8,5
"mahe",309,252,315,344,353,414,367,335,362,463,498,334
"mahj",0,0,2,0,0,0,0,0,0,1,0,0
"mal",2,6,6,3,5,7,3,2,0,1,5,1
"mam",30,43,23,17,29,38,24,30,17,20,36,22
"mamo",117,89,112,154,106,117,200,163,90,144,105,82
"mars",5,11,6,8,6,6,9,4,14,6,9,7
"mas",0,0,0,0,0,0,0,0,0,0,0,0
"mask",0,0,0,0,0,0,0,0,0,0,0,0
"mat",46,72,74,409,599,361,334,189,175,91,206,87
"mats",66,58,67,91,55,72,70,65,92,69,99,64
"mav",1294,1319,1209,874,1102,1447,1094,1000,1365,1169,1547,1237
"mbc",6,7,11,10,5,12,4,5,2,9,5,8
"mbf1",2,3,0,6,8,2,0,2,2,2,2,1
"mbl",31,20,37,29,21,50,28,22,20,32,33,22
"mbm",86,127,95,78,100,97,114,132,128,83,103,71
"mbo",163,193,146,481,371,402,151,151,159,313,317,274
"mbt",299,360,317,305,313,458,326,271,278,329,433,297
"mdlc",52,46,28,76,47,67,69,34,49,71,70,70
"mdu",156,172,150,128,121,155,228,189,149,126,186,123
"mdy",5,6,4,7,1,7,2,7,4,6,4,7
"me31B",129,126,81,98,195,193,157,180,132,124,137,136
"meep",4,4,7,9,4,5,9,8,8,14,2,4
"mei-217",0,0,0,0,0,0,0,0,0,0,0,0
"mei-218",6,8,6,5,0,5,7,2,5,2,9,1
"mei-38",0,0,0,0,0,1,0,0,0,0,0,0
"mei-41",55,51,46,43,64,61,32,32,28,27,30,32
"mei-9",0,0,0,0,0,0,0,0,0,0,0,0
"mei-P22",2,2,12,21,12,19,6,6,5,29,34,22
"mei-P26",3,3,3,2,1,2,2,2,1,1,2,4
"mei-S332",3,0,2,7,14,14,3,1,0,9,8,14
"mei-W68",6,12,13,8,7,15,3,8,10,6,6,1
"meigo",1,0,2,16,28,32,0,0,0,13,12,10
"melt",1,2,5,6,3,1,0,1,0,1,4,2
"meng",79,74,92,44,51,72,60,88,91,58,58,58
"meru",0,0,0,4,0,4,0,0,0,2,4,0
"mesh",0,0,0,0,0,0,0,0,0,0,0,0
"meso18E",6,27,3,1,2,10,15,21,4,5,4,4
"metro",0,0,0,0,0,0,0,0,0,0,0,0
"mew",222,251,246,161,152,223,283,236,259,192,197,201
"mex1",3,4,5,68,43,99,2,3,2,77,67,81
"mey",0,0,0,0,0,0,0,0,0,0,0,0
"mfas",4,18,9,6,5,19,7,15,2,5,11,12
"mfr",0,0,0,0,0,0,0,0,0,0,0,0
"mfrn",1973,1890,1965,2847,2787,3193,2144,1934,1598,2314,2392,2193
"mge",3,4,5,38,32,74,10,7,9,39,37,39
"mgl",212,156,245,158,203,209,242,231,172,196,181,162
"mgr",558,548,506,711,657,651,597,547,690,650,954,599
"mh",12,29,31,53,73,75,30,28,24,51,81,52
"mi",129,154,140,155,109,194,158,128,113,118,158,167
"mia",0,7,2,50,65,64,7,8,3,26,27,47
"mib1",25,39,30,25,26,41,46,27,15,25,28,23
"mib2",1,1,2,11,12,8,6,5,1,12,7,7
"mid",8,7,20,8,6,1,13,8,4,11,11,13
"mil",6,1,160,3944,3554,4208,0,0,5,2742,2339,2286
"milt",17,37,38,13,18,29,39,29,31,23,22,11
"mim",52,60,67,63,57,111,45,39,41,71,70,56
"mino",15,37,14,15,29,18,17,18,31,17,21,4
"mio",122,171,130,202,201,256,190,141,143,215,195,166
"mip120",9,8,19,8,12,30,4,8,9,18,17,11
"mip130",221,332,252,177,222,240,321,267,243,227,264,197
"mip40",167,111,102,352,295,360,163,159,100,346,297,293
"miple1",1,2,1,1,2,3,0,0,0,2,3,0
"miple2",3,0,2,4,7,4,4,0,1,2,3,2
"mir-1",0,0,0,0,0,0,0,0,0,0,0,0
"mir-10",0,0,0,0,0,0,0,0,0,0,0,0
"mir-100",0,0,0,0,0,0,0,0,0,0,0,0
"mir-1000",0,0,0,0,0,0,0,0,0,0,0,0
"mir-1001",0,0,0,0,0,0,0,0,0,0,0,0
"mir-1002",0,0,0,0,0,0,0,0,0,0,0,0
"mir-1003",0,0,0,0,0,0,0,0,0,0,0,0
"mir-1004",0,0,0,0,0,0,0,0,0,0,0,0
"mir-1005",0,0,0,0,0,0,0,0,0,0,0,0
"mir-1006",0,0,0,0,0,0,0,0,0,0,0,0
"mir-1007",0,0,0,0,0,0,0,0,0,0,0,0
"mir-1008",0,0,0,0,0,0,0,0,0,0,0,0
"mir-1009",0,0,0,0,0,0,0,0,0,0,0,0
"mir-1010",0,0,0,0,0,0,0,0,0,0,0,0
"mir-1011",0,0,0,0,0,0,0,0,0,0,0,0
"mir-1012",0,0,0,0,0,0,0,0,0,0,0,0
"mir-1013",0,0,0,0,0,0,0,0,0,0,0,0
"mir-1014",0,0,0,0,0,0,0,0,0,0,0,0
"mir-1015",0,0,0,0,0,0,0,0,0,0,0,0
"mir-1016",0,0,0,0,0,0,0,0,0,0,0,0
"mir-1017",0,0,0,0,0,0,0,0,1,0,0,0
"mir-10404-1",0,0,0,0,0,0,0,0,0,0,0,0
"mir-10404-2",0,0,0,0,0,0,0,0,0,0,0,0
"mir-10404-3",0,0,0,0,0,0,0,0,0,0,0,0
"mir-10404-4",0,0,0,0,0,0,0,0,0,0,0,0
"mir-10404-5",0,0,0,0,1,0,0,0,0,0,0,0
"mir-11",0,0,0,0,1,0,0,0,0,0,0,0
"mir-11182",0,0,0,0,0,0,0,0,0,0,0,0
"mir-12",0,0,0,1,0,0,0,0,0,2,3,0
"mir-124",0,0,0,0,0,0,0,0,0,0,0,0
"mir-125",0,0,0,0,0,0,0,0,0,0,0,0
"mir-133",0,0,0,0,0,0,0,0,0,0,0,0
"mir-137",0,0,0,0,0,0,0,0,0,0,0,0
"mir-13a",0,0,0,0,0,0,0,0,0,0,0,0
"mir-13b-1",0,0,0,0,0,0,0,0,0,0,0,0
"mir-13b-2",0,0,0,0,0,0,0,0,0,0,0,0
"mir-14",0,0,0,0,0,0,0,0,0,0,0,0
"mir-184",0,0,0,0,0,0,0,0,0,0,0,0
"mir-190",0,0,0,0,2,1,0,1,2,0,0,0
"mir-193",0,0,0,0,2,2,0,0,0,0,1,0
"mir-210",1,0,0,3,0,1,0,0,0,4,0,1
"mir-219",0,0,0,0,0,0,0,0,0,0,0,0
"mir-2279",0,1,1,0,0,0,3,0,0,0,0,0
"mir-2280",0,0,0,0,0,0,0,0,0,0,0,0
"mir-2281",0,0,0,0,0,0,0,0,0,0,0,0
"mir-2282",0,0,2,0,0,2,0,0,0,0,0,0
"mir-2283",0,0,0,0,0,0,0,0,0,0,0,0
"mir-2489",0,0,0,0,0,0,0,0,0,0,0,0
"mir-2490",1,4,1,0,2,3,3,2,2,0,0,0
"mir-2491",0,0,2,0,0,0,1,0,0,0,0,0
"mir-2492",0,1,0,0,0,0,0,1,1,0,0,1
"mir-2493",0,0,0,0,0,0,0,0,0,0,0,0
"mir-2494",0,0,0,0,0,0,0,0,0,0,0,0
"mir-2495",0,0,0,0,0,0,0,0,0,0,0,0
"mir-2496",0,0,1,0,0,0,0,0,0,0,0,0
"mir-2497",0,0,0,0,0,0,0,0,0,0,0,0
"mir-2498",0,2,0,0,0,0,1,0,0,0,0,1
"mir-2499",0,0,0,3,0,0,0,0,0,0,0,0
"mir-2500",0,0,0,0,0,0,0,0,0,0,0,0
"mir-2501",0,0,0,0,0,0,0,0,0,0,0,0
"mir-252",1,0,0,0,0,0,0,0,0,0,0,0
"mir-2535b",0,0,0,0,0,0,0,0,0,0,0,0
"mir-263b",0,0,0,0,0,0,0,0,0,0,0,0
"mir-274",3,0,4,0,0,0,3,2,2,5,1,0
"mir-275",0,0,0,0,0,0,0,0,0,0,0,0
"mir-276a",0,0,0,0,0,0,0,0,0,0,0,0
"mir-276b",0,0,0,0,0,0,0,0,0,0,0,0
"mir-277",0,0,0,0,0,0,0,0,0,0,0,0
"mir-278",0,0,0,0,0,0,0,0,0,0,0,0
"mir-279",0,0,0,0,0,0,0,0,0,0,0,0
"mir-280",0,0,0,0,0,0,0,0,0,0,0,0
"mir-281-1",0,0,0,0,0,0,0,0,0,0,0,0
"mir-281-2",0,0,0,0,0,0,0,0,0,0,0,0
"mir-282",0,0,0,0,0,0,0,0,0,0,0,0
"mir-283",3,8,3,2,2,7,2,5,5,6,8,5
"mir-284",0,0,0,0,0,0,0,0,0,0,0,0
"mir-285",0,4,1,1,1,0,1,3,0,0,2,0
"mir-286",0,0,0,0,0,0,0,0,0,0,0,0
"mir-287",0,0,0,0,0,0,0,0,0,0,0,0
"mir-288",0,0,0,0,0,0,0,0,0,0,0,0
"mir-289",0,0,0,0,0,0,0,0,0,0,0,0
"mir-2a-1",11,14,9,10,8,8,8,7,2,5,12,5
"mir-2a-2",16,23,28,31,21,30,10,5,14,19,6,8
"mir-2b-1",0,0,0,0,0,0,0,0,0,0,0,0
"mir-2b-2",4,1,6,2,2,6,2,0,1,0,1,1
"mir-2c",0,0,0,0,0,0,0,0,0,0,0,0
"mir-3",0,0,0,0,0,0,0,0,0,0,0,0
"mir-303",0,0,0,0,0,0,0,0,0,0,0,0
"mir-304",1,0,3,0,0,1,0,0,2,0,0,0
"mir-305",0,0,2,0,1,1,0,0,0,0,0,0
"mir-306",0,0,0,0,0,0,0,0,0,0,0,0
"mir-307a",0,0,0,0,0,0,0,0,0,0,0,0
"mir-307b",0,0,0,0,0,0,0,0,0,0,0,0
"mir-308",0,0,1,0,0,0,0,0,0,0,1,0
"mir-309",0,0,0,0,0,0,0,0,0,0,0,0
"mir-310",0,0,0,0,0,0,0,0,0,0,0,0
"mir-311",0,0,0,0,0,0,0,0,0,0,0,0
"mir-312",0,0,0,0,0,0,0,0,0,0,0,0
"mir-313",0,0,0,0,0,0,0,0,4,0,0,0
"mir-314",0,0,0,0,0,0,0,0,0,0,0,0
"mir-315",0,0,0,0,0,0,0,0,0,0,0,0
"mir-316",0,0,0,0,0,0,0,0,0,0,0,0
"mir-317",2,3,2,0,0,1,4,4,3,2,0,1
"mir-318",0,0,0,0,0,0,0,0,0,0,0,0
"mir-31a",3,2,1,0,0,0,1,0,0,0,0,0
"mir-31b",0,0,0,0,0,0,0,0,0,0,0,0
"mir-33",1,5,0,0,0,0,3,0,0,1,0,0
"mir-34",0,0,0,0,0,0,0,0,0,0,0,0
"mir-3641",0,0,0,0,0,0,0,0,0,0,0,0
"mir-3642",0,0,0,0,0,0,0,0,0,0,0,0
"mir-3643",0,0,0,0,0,0,0,0,0,0,0,0
"mir-3644",0,0,0,0,0,0,0,0,0,0,0,0
"mir-3645",0,0,0,0,0,0,0,0,0,0,0,0
"mir-375",0,0,0,0,0,0,0,0,0,0,0,0
"mir-4",0,0,0,0,0,0,0,0,0,0,0,0
"mir-4908",0,0,0,0,0,0,0,0,0,0,0,0
"mir-4909",0,0,0,0,0,0,0,0,0,0,0,0
"mir-4910",0,0,0,0,0,0,0,0,0,0,0,0
"mir-4911",0,0,0,0,0,0,0,0,0,0,0,0
"mir-4912",0,0,0,0,0,0,0,0,0,0,0,0
"mir-4913",0,0,0,0,0,0,0,0,0,0,0,0
"mir-4914",0,0,0,0,0,0,0,0,0,0,0,0
"mir-4915",0,0,0,0,0,0,0,0,0,0,0,0
"mir-4916",0,0,0,0,0,0,0,0,0,0,0,0
"mir-4917",0,0,0,0,0,0,0,0,0,0,0,0
"mir-4918",0,0,0,0,0,0,0,0,0,0,0,0
"mir-4919",0,0,0,0,0,0,0,0,0,0,0,0
"mir-4939",0,0,0,0,0,0,0,0,0,0,0,0
"mir-4940",0,0,0,0,0,0,0,0,0,0,0,0
"mir-4941",0,0,0,0,0,0,0,0,0,0,0,0
"mir-4942",0,0,0,0,0,0,0,0,0,0,0,0
"mir-4943",0,0,0,0,0,0,1,0,0,0,0,0
"mir-4944",0,1,0,6,0,0,0,0,0,1,0,0
"mir-4945",5,6,8,3,5,7,8,4,2,5,4,5
"mir-4946",0,0,0,0,0,0,0,0,0,0,0,0
"mir-4947",0,0,0,0,0,0,0,0,0,1,0,0
"mir-4948",0,0,0,0,0,0,0,0,0,0,0,0
"mir-4949",0,0,0,0,0,0,0,0,0,0,0,0
"mir-4950",0,0,0,0,0,0,0,0,0,0,0,0
"mir-4951",0,0,0,0,0,0,0,0,0,0,0,0
"mir-4952",0,0,0,0,0,0,0,0,0,0,0,0
"mir-4953",10,11,5,6,3,5,10,9,13,8,4,1
"mir-4954",30,38,30,23,19,51,62,26,21,27,36,33
"mir-4955",0,0,0,0,0,0,0,0,0,0,0,0
"mir-4956",0,0,0,0,0,0,0,0,0,0,0,0
"mir-4957",2,0,1,4,0,0,0,0,2,4,0,2
"mir-4958",0,0,0,0,0,0,0,0,0,0,0,0
"mir-4959",0,0,0,0,0,0,0,0,0,0,0,0
"mir-4960",0,0,1,0,0,0,0,0,0,1,0,0
"mir-4961",0,0,0,0,0,0,0,0,0,0,0,0
"mir-4962",0,0,0,0,0,0,0,0,0,0,0,0
"mir-4963",0,0,0,0,0,0,0,0,0,0,0,0
"mir-4964",0,3,0,0,0,0,0,0,0,0,1,0
"mir-4965",0,3,0,3,0,2,2,3,1,0,3,1
"mir-4966-1",0,0,0,0,0,0,0,0,0,0,0,0
"mir-4966-2",0,0,0,0,0,0,0,0,0,0,0,0
"mir-4967",1,0,0,0,3,2,0,0,0,0,0,0
"mir-4968",0,0,0,0,3,0,0,0,0,0,0,0
"mir-4969",0,0,0,0,0,0,0,0,0,0,0,0
"mir-4970",0,0,0,0,0,0,0,0,0,0,0,0
"mir-4971",0,0,0,0,0,0,0,0,0,0,0,0
"mir-4972",0,0,0,0,0,0,0,0,0,0,0,0
"mir-4973",0,0,0,0,0,0,0,0,0,0,0,0
"mir-4974",4,0,1,7,1,1,0,0,0,0,0,0
"mir-4975",1,0,0,0,1,2,5,2,3,0,0,0
"mir-4976",0,0,0,0,0,0,0,0,0,0,0,0
"mir-4977",0,0,0,0,0,0,0,0,0,0,0,0
"mir-4978",7,3,1,6,6,3,1,1,4,2,3,2
"mir-4979",0,0,0,0,0,0,0,0,0,0,0,0
"mir-4980",0,1,0,0,0,1,0,0,0,0,0,0
"mir-4981",0,0,0,0,0,0,0,0,2,0,0,0
"mir-4982",0,0,0,1,0,0,0,0,0,0,0,0
"mir-4983",9,17,26,29,20,9,21,17,18,33,19,10
"mir-4984",0,0,0,0,0,0,0,0,0,0,0,0
"mir-4985",4,4,5,3,1,1,1,5,0,2,1,5
"mir-4986",0,0,0,0,0,0,0,0,0,0,0,0
"mir-4987",0,0,0,0,0,0,0,0,0,0,0,0
"mir-5",0,0,0,0,0,0,0,0,0,0,0,0
"mir-6-1",0,0,0,0,0,0,0,0,0,0,0,0
"mir-6-2",0,0,0,0,0,0,0,0,0,0,0,0
"mir-6-3",0,0,0,0,0,0,0,0,0,0,0,0
"mir-7",1,10,6,2,6,0,3,4,9,3,6,4
"mir-79",0,0,0,0,0,0,0,0,0,0,0,0
"mir-8",0,0,0,0,0,0,0,0,0,0,0,0
"mir-87",0,0,0,0,0,0,0,0,0,0,0,0
"mir-927",0,0,0,0,0,0,0,0,0,0,0,0
"mir-929",0,0,0,0,0,0,0,0,0,0,0,0
"mir-92a",0,0,0,0,0,0,0,0,0,0,0,0
"mir-92b",0,0,0,0,0,0,0,0,0,0,0,0
"mir-932",0,0,0,0,0,0,0,0,0,0,0,0
"mir-9369",0,0,0,0,0,0,0,0,0,0,0,0
"mir-9370",0,0,0,0,0,0,0,0,0,0,0,0
"mir-9371",0,0,0,0,0,0,0,0,0,0,0,0
"mir-9372",0,0,0,0,0,0,0,0,0,0,0,0
"mir-9373",0,0,0,0,0,0,0,0,0,0,0,0
"mir-9374",0,0,0,0,0,0,0,0,0,0,0,0
"mir-9375",0,0,0,0,0,0,0,0,0,0,0,0
"mir-9376",2,0,0,0,0,0,0,0,0,1,0,0
"mir-9377",0,0,0,0,0,0,0,0,1,0,0,0
"mir-9378",0,2,0,0,0,0,0,0,0,0,0,0
"mir-9379",0,0,0,0,0,0,0,0,0,0,0,0
"mir-9380",0,0,0,0,0,0,0,0,0,0,0,0
"mir-9381",2,3,0,1,8,0,1,2,5,2,1,6
"mir-9382",1,11,1,1,3,7,7,1,2,0,3,1
"mir-9383",0,0,0,0,0,0,0,0,0,0,0,0
"mir-9384",0,0,0,0,0,0,0,1,1,0,0,0
"mir-9385",0,0,0,0,0,0,0,0,0,0,0,0
"mir-9388",0,0,1,0,0,1,0,1,0,0,0,1
"mir-954",0,0,1,0,0,0,0,0,1,0,0,2
"mir-955",0,0,0,0,1,0,0,0,0,0,0,0
"mir-956",0,0,0,0,0,0,0,0,0,2,0,0
"mir-957",0,0,3,0,0,0,0,0,0,0,0,0
"mir-958",0,0,0,0,0,0,0,0,0,0,0,0
"mir-959",0,0,0,0,0,0,0,0,0,0,0,0
"mir-960",0,0,0,0,0,0,0,0,0,0,0,0
"mir-961",0,0,0,0,0,0,0,0,0,0,0,0
"mir-962",0,0,0,0,0,0,0,0,0,0,0,0
"mir-963",0,0,0,0,0,0,0,0,0,0,0,0
"mir-964",0,0,0,0,0,0,0,0,0,0,0,0
"mir-965",0,0,0,0,0,0,0,0,0,0,0,0
"mir-966",0,3,0,1,1,0,1,0,0,1,0,2
"mir-967",1,19,8,1,5,8,6,7,3,1,6,8
"mir-968",0,0,0,0,0,0,0,0,0,0,0,0
"mir-969",0,0,0,0,0,0,0,0,0,0,0,0
"mir-970",0,0,0,0,0,0,0,0,0,0,0,0
"mir-971",0,2,0,0,0,0,0,0,0,0,0,0
"mir-972",0,0,0,0,0,0,0,0,0,0,0,0
"mir-973",0,0,0,0,0,0,0,0,0,0,0,0
"mir-974",0,0,0,0,0,0,0,0,0,0,0,0
"mir-975",0,0,0,0,0,0,0,0,0,0,0,0
"mir-976",0,0,0,0,0,0,0,0,0,0,0,0
"mir-977",0,0,0,0,0,0,0,0,0,0,0,0
"mir-978",0,0,0,0,0,0,0,0,0,0,0,0
"mir-979",0,0,0,0,0,0,0,0,0,0,0,0
"mir-980",9,1,2,0,0,0,0,0,0,0,0,0
"mir-981",0,0,0,0,0,0,0,0,0,0,0,0
"mir-982",0,0,0,0,0,4,0,0,0,0,0,0
"mir-983-1",0,1,0,1,0,1,0,0,0,0,0,1
"mir-983-2",0,0,0,0,0,0,0,0,0,0,0,0
"mir-984",0,0,0,0,0,0,0,0,0,0,0,0
"mir-985",0,0,0,0,0,0,0,0,0,0,0,0
"mir-986",5,6,3,1,0,3,5,2,3,6,2,1
"mir-987",0,0,0,0,0,0,0,0,0,0,0,0
"mir-988",0,0,0,0,0,0,0,0,0,0,0,0
"mir-989",2,1,1,0,1,0,0,2,3,0,0,0
"mir-990",2,3,0,2,1,1,2,2,0,3,1,0
"mir-991",0,0,0,0,0,0,0,0,0,0,0,0
"mir-992",0,0,0,4,4,2,0,0,0,0,0,2
"mir-993",0,0,0,0,0,0,0,0,0,0,0,0
"mir-994",0,0,0,0,0,0,0,0,0,0,0,0
"mir-995",0,0,0,0,0,0,0,0,0,0,0,0
"mir-996",0,0,0,0,0,0,0,0,0,0,0,0
"mir-998",0,7,3,2,1,1,6,5,7,2,4,4
"mir-999",0,0,0,0,0,0,0,0,0,0,0,0
"mir-9a",0,0,0,0,0,0,0,0,0,0,0,0
"mir-9b",0,1,0,0,0,0,1,1,0,2,0,0
"mir-9c",0,0,0,0,0,0,0,0,0,0,0,0
"mir-ban",0,0,0,0,0,0,0,0,0,0,0,0
"mir-bft",0,0,0,0,0,0,0,0,0,0,0,0
"mir-iab-4",0,0,0,0,0,0,0,0,0,0,0,0
"mir-iab-8",0,0,0,0,0,0,0,0,0,0,0,0
"mir-let7",0,0,0,0,0,0,0,0,0,0,0,0
"mira",0,0,0,0,0,0,0,1,0,0,0,0
"mirr",0,0,0,0,0,0,0,0,0,0,0,0
"mkg-p",0,0,0,0,0,0,0,0,0,0,0,0
"mld",0,0,0,0,0,0,0,0,0,0,0,0
"mldr",0,0,0,0,0,0,0,0,0,0,0,0
"mle",78,42,65,55,63,113,80,58,57,64,61,65
"mlt",98,79,128,179,179,238,105,66,101,158,154,170
"mmd",3,2,4,1,0,2,1,4,0,10,0,0
"mmm",16,4,42,581,528,814,2,6,15,427,331,384
"mms4",11,11,8,22,21,27,6,9,1,13,21,20
"mmy",8,6,4,6,4,6,1,8,2,4,6,3
"mnb",0,2,2,6,3,1,6,1,2,12,4,5
"mnd",0,6,3,2,2,7,3,3,2,2,2,3
"mod",0,1,1,0,2,0,0,0,2,0,0,0
"mod(mdg4)",180,218,187,194,190,221,130,140,171,117,217,127
"modSP",579,1158,676,462,546,462,688,770,482,471,626,422
"mof",57,62,42,129,105,115,63,60,45,112,108,128
"moi",0,0,0,0,0,0,0,0,0,0,0,0
"mol",11,13,14,4,1,2,26,22,3,8,8,5
"mon2",49,29,44,42,31,59,33,42,52,38,48,51
"moody",2,0,0,3,1,5,0,3,0,0,3,1
"moon",6,9,6,7,14,7,10,18,4,0,7,3
"mop",555,876,648,585,673,824,736,653,598,637,801,650
"mor",20,16,10,7,6,4,9,16,6,8,13,6
"mora",215,243,184,260,331,353,271,268,285,299,324,267
"morgue",249,267,268,328,281,366,240,199,264,309,345,287
"mr",213,181,211,424,431,559,197,177,181,338,410,329
"mre11",93,163,114,145,130,130,133,124,116,101,174,101
"mri",0,0,0,0,0,0,0,0,0,0,0,0
"mrj",11,9,6,7,2,5,3,4,12,8,3,8
"mrn",59,57,46,130,132,125,66,88,72,100,134,135
"mrt",21,16,21,10,21,26,12,14,18,11,18,16
"mrva",186,173,131,258,260,265,197,162,292,186,283,177
"ms(2)34Fe",1,1,95,1569,1544,2194,2,0,3,1214,995,1039
"ms(2)35Ci",0,0,0,35,22,30,0,0,0,32,28,20
"ms(3)76Ba",0,2,6,133,170,184,0,0,0,122,102,100
"ms(3)76Cc",0,1,40,1256,1271,1837,3,1,1,1340,1007,1064
"ms(3)K81",2,0,0,101,96,112,0,0,0,58,60,53
"msb1l",27,22,22,295,294,305,42,23,19,217,171,161
"msd1",8,7,4,49,54,44,9,4,8,40,26,41
"msd5",31,19,14,47,61,60,7,18,21,43,46,54
"msi",486,463,574,608,532,835,508,362,403,470,529,436
"msk",1347,1627,1350,995,1120,1243,1376,1349,1295,1017,1171,970
"msl-1",61,89,55,60,76,117,60,63,77,87,74,83
"msl-2",0,0,0,0,0,0,0,1,0,0,0,0
"msl-3",163,198,188,304,337,336,159,127,207,251,270,214
"msn",7,6,0,9,3,0,8,0,3,0,4,5
"msopa",0,0,0,0,0,0,0,0,0,15,1,12
"mspo",21,13,17,40,35,48,31,22,30,25,40,32
"msps",0,0,0,0,0,2,0,0,0,2,0,0
"mst",1,2,1,0,1,12,4,2,0,2,7,3
"mtDNA-helicase",52,66,48,43,47,48,53,70,73,43,69,43
"mtSSB",10,4,15,32,19,49,4,6,7,40,28,20
"mtTFB1",0,0,0,0,0,0,0,0,0,0,0,0
"mtTFB2",146,144,117,144,155,143,150,129,156,119,125,129
"mtd",148,188,163,122,126,193,177,184,133,153,172,164
"mtg",0,0,0,0,0,0,5,0,0,0,0,0
"mtgo",192,153,191,278,280,359,226,174,213,239,305,190
"mth",54,50,74,22,41,50,32,30,27,17,34,23
"mthl1",81,79,62,72,70,89,53,41,68,75,73,73
"mthl10",17,35,26,17,31,16,33,33,18,13,33,21
"mthl11",0,0,0,0,0,0,0,0,0,0,0,0
"mthl12",3,0,0,0,1,0,1,0,0,0,0,0
"mthl13",3,1,0,2,0,2,0,0,1,0,0,0
"mthl14",289,334,335,307,306,281,320,359,346,338,365,270
"mthl15",0,0,0,0,0,0,0,0,0,0,0,0
"mthl2",9,23,2,11,20,5,41,34,78,29,24,18
"mthl3",7,10,2,7,4,1,17,6,5,4,6,3
"mthl4",66,82,39,114,93,82,95,72,105,116,111,114
"mthl5",0,0,0,0,0,0,0,0,0,0,0,0
"mthl6",2,0,1,7,7,14,0,0,0,3,9,0
"mthl7",0,0,0,0,0,0,0,0,0,0,0,0
"mthl8",105,101,98,110,154,148,202,203,236,173,264,198
"mthl9",317,382,290,255,246,290,230,214,308,264,425,274
"mtm",0,2,5,0,0,2,0,0,10,0,0,0
"mtrm",17,12,15,18,17,11,20,11,8,11,10,11
"mts",6,5,2,6,12,6,15,8,4,19,3,7
"mtsh",0,0,2,9,0,0,0,2,0,0,0,2
"mtt",0,1,1,0,0,3,0,1,0,0,1,2
"mu2",0,0,0,0,0,0,0,0,0,0,0,0
"mub",115,162,143,86,105,151,158,136,117,100,114,115
"muc",4,10,0,10,5,4,7,5,2,7,2,0
"mud",0,0,0,0,0,0,0,0,0,0,0,0
"mura",646,721,764,655,632,759,713,749,552,766,748,639
"mus101",28,44,38,87,97,112,51,39,50,65,78,66
"mus201",0,0,0,0,0,0,0,0,0,0,0,0
"mus301",30,34,21,71,74,58,61,40,33,43,61,36
"mus302",0,0,1,0,0,0,2,0,1,0,0,0
"mus304",48,53,54,223,228,267,43,37,49,148,126,108
"mus312",0,0,0,0,0,0,0,0,0,0,0,0
"mus81",26,16,27,9,17,20,10,13,8,22,23,22
"muskelin",0,0,0,0,8,5,0,0,0,2,0,1
"mute",22,36,22,56,46,84,23,24,22,26,27,36
"mv",841,1153,929,742,738,912,897,809,718,699,774,685
"mwh",10,7,9,25,22,29,4,10,12,2,11,8
"mxc",0,1,0,0,1,1,0,0,0,5,0,1
"mxt",43,44,72,138,107,137,62,47,41,104,111,80
"myd",0,6,0,2,3,3,4,0,3,0,4,3
"myo",181,147,162,105,100,122,125,183,152,93,119,112
"mys",26,16,24,7,8,25,28,16,12,5,12,16
"nAChRalpha1",237,155,257,376,263,481,234,183,179,400,380,314
"nAChRalpha2",0,0,0,0,0,0,0,0,0,0,0,0
"nAChRalpha3",168,103,184,198,124,257,200,126,147,234,259,234
"nAChRalpha4",1,4,4,7,2,3,3,2,8,0,4,3
"nAChRalpha5",85,62,94,166,80,150,82,61,88,146,150,87
"nAChRalpha6",0,0,0,0,0,0,0,0,0,0,0,0
"nAChRalpha7",8,8,0,1,1,0,1,4,1,0,0,2
"nAChRbeta1",773,717,658,1109,792,1211,833,495,693,1066,1131,1088
"nAChRbeta2",36,32,23,35,21,54,23,18,28,12,14,20
"nAChRbeta3",0,0,0,0,0,0,0,0,0,0,0,0
"nSMase",470,464,491,718,704,739,315,351,451,715,677,505
"nSyb",12,18,28,20,10,32,25,6,18,34,41,20
"na",2,0,5,1,2,8,1,1,10,7,5,1
"nab",0,0,0,0,0,0,0,0,0,0,0,0
"nac",77,84,77,84,77,69,85,66,96,66,92,86
"nahoda",79,59,93,70,58,93,64,55,81,52,90,74
"nan",0,0,0,0,0,0,0,0,0,0,0,0
"nanos",0,0,0,0,0,0,0,0,0,0,0,0
"narya",3,5,6,8,2,5,1,5,10,3,1,2
"natalisin",0,0,0,0,0,0,0,0,0,0,0,0
"nau",0,0,0,0,0,0,0,0,0,0,0,0
"naz",3,5,2,2,8,3,4,1,11,1,6,8
"nbs",0,0,0,0,0,0,0,0,0,0,0,0
"ncd",1,0,0,2,1,5,0,0,0,0,0,0
"nclb",199,221,168,119,142,145,245,216,182,203,173,142
"ncm",318,289,204,323,287,409,318,291,226,452,421,358
"ndl",6,1,7,4,10,13,4,5,0,12,6,8
"neb",69,51,74,555,515,614,60,79,65,379,304,274
"nebu",115,217,158,110,118,122,210,217,120,112,121,126
"nec",1395,1803,1106,929,1142,665,1840,2041,1511,1275,1436,1204
"nej",15,17,9,12,8,31,7,15,7,30,9,20
"nemy",212,201,162,314,344,436,245,190,155,237,226,312
"nenya",7,11,5,5,2,10,9,4,1,0,7,4
"neo",0,0,0,0,0,0,0,0,0,0,0,0
"nerfin-1",2,1,0,0,1,4,6,1,0,0,5,1
"nerfin-2",0,0,0,0,0,0,0,0,0,0,0,0
"nero",143,160,179,316,322,340,207,192,175,314,352,305
"nes",11,12,14,11,8,7,26,6,21,17,17,11
"nesd",0,0,0,2,0,0,0,0,0,0,0,0
"net",62,36,69,59,26,39,28,25,46,45,50,27
"neur",0,0,0,0,0,0,0,0,0,0,0,0
"ng1",0,0,0,0,0,0,0,0,0,0,0,0
"ng2",0,0,0,0,0,0,0,0,0,0,0,0
"ng3",0,0,1,2,0,0,0,0,0,0,0,0
"ng4",0,0,0,1,0,0,0,0,0,0,0,0
"nht",0,0,6,106,106,112,0,0,0,64,85,58
"niki",46,51,48,62,48,49,39,41,53,46,57,24
"ninaA",0,0,0,0,0,0,0,0,0,0,0,0
"ninaB",218,226,247,199,215,250,183,145,203,194,164,170
"ninaC",0,1,0,0,1,2,0,0,1,2,0,1
"ninaD",588,686,405,446,560,315,832,1094,1018,675,875,606
"ninaE",13335,12471,13500,9884,12704,15002,12194,10442,8145,11908,11066,11632
"ninaG",0,0,0,0,0,0,0,0,0,0,0,0
"nis",10,7,223,4845,4488,5919,6,3,7,3923,3420,3380
"nito",71,70,64,101,87,129,66,59,81,90,74,58
"nkd",3,18,4,4,7,15,4,5,9,2,4,3
"nkt",137,136,115,131,169,144,96,131,90,155,183,118
"nmd",9,10,9,11,6,17,17,21,14,12,16,18
"nmdyn-D6",46,39,54,55,51,40,20,32,65,23,48,41
"nmdyn-D7",17,14,79,1188,1178,1415,28,21,11,887,812,770
"nmo",142,103,174,179,137,216,196,113,127,226,243,175
"noc",11,3,5,6,11,9,4,9,8,3,8,11
"nocte",124,158,115,229,179,243,172,124,105,219,226,183
"nod",2,4,2,2,0,0,0,1,0,1,1,3
"noi",230,216,189,270,240,342,236,221,224,286,345,252
"nol",6,3,0,2,4,10,5,3,0,0,2,4
"nolo",5,2,3,7,4,1,5,3,1,4,8,6
"nom",25,25,21,36,44,42,19,21,28,24,20,32
"nompA",0,0,0,0,0,0,0,0,0,0,0,0
"nompB",0,1,0,0,1,0,0,0,0,0,1,0
"nompC",1,0,0,0,0,0,0,0,0,0,0,0
"nonA",163,206,215,167,131,222,128,173,171,116,159,179
"nonA-l",1,1,3,1,0,6,0,2,2,1,3,2
"nonC",53,40,46,30,31,69,36,20,26,47,38,30
"nop5",561,548,457,316,264,293,672,476,478,370,408,333
"nopo",0,0,0,4,2,0,1,0,0,1,1,2
"nord",77,68,102,102,82,109,91,100,67,59,97,57
"norpA",1,3,3,10,9,3,6,4,6,6,3,6
"not",2,5,2,3,0,1,0,0,1,5,2,0
"nrm",133,134,129,194,140,245,99,84,122,136,180,137
"nrv1",216,250,236,104,183,161,364,404,270,238,157,200
"nrv2",3,11,28,296,282,416,3,0,4,236,178,232
"nrv3",62,34,45,51,37,51,69,30,23,44,46,43
"nsl1",26,16,25,12,16,35,23,8,8,24,24,10
"nsr",0,0,0,0,2,0,0,0,0,4,0,2
"nst",725,764,651,605,647,594,708,560,732,627,813,534
"ntc",87,111,112,1514,1411,1782,111,114,122,1450,1200,1178
"nub",31,33,18,5,26,13,15,22,16,24,15,12
"nudC",0,4,0,0,0,3,0,0,0,1,0,0
"nudE",8,6,10,56,45,52,13,9,11,52,32,25
"nuf",68,45,54,36,43,58,68,65,57,47,42,58
"nullo",0,0,0,0,0,0,0,0,0,0,0,1
"numb",49,89,57,98,80,103,99,71,84,79,81,88
"nur",0,0,0,0,0,0,0,0,0,0,0,0
"nvd",22,21,26,55,50,25,22,13,21,17,29,25
"nvy",0,0,0,0,0,0,0,0,0,0,0,0
"nw",0,1,0,3,4,6,4,4,4,1,2,0
"nwk",35,35,18,25,14,37,27,18,12,29,25,41
"nxf2",0,0,0,0,0,0,0,0,0,0,0,0
"nxf4",0,2,13,463,449,410,0,0,0,374,348,342
"nyo",0,0,0,0,0,0,0,0,0,0,0,0
"oaf",0,0,0,0,0,0,0,0,0,0,0,0
"obe",154,205,185,159,167,233,132,112,130,121,165,148
"obst-A",250,503,231,392,371,414,151,160,227,227,367,142
"obst-B",1912,1988,1798,1562,2142,2004,1147,1210,2255,1750,2749,1455
"obst-E",625,568,541,446,515,478,395,461,680,407,893,475
"obst-F",0,0,0,0,0,0,0,0,1,0,0,0
"obst-G",1,0,0,0,0,0,0,0,0,0,0,0
"obst-H",7,13,3,6,9,10,6,8,14,2,1,1
"obst-I",0,0,0,0,0,0,0,0,0,0,0,0
"obst-J",0,1,0,31,35,41,0,2,1,64,47,39
"oc",1,0,2,0,0,0,8,0,0,2,0,1
"ocm",6,5,5,4,5,9,2,7,1,2,3,3
"ocn",9,0,131,4408,3932,4771,0,0,3,3229,2599,2738
"odd",38,43,33,40,36,56,42,40,20,39,76,50
"ogre",448,428,467,304,350,453,365,378,550,395,421,358
"ohgt",530,604,486,673,691,761,431,430,404,618,686,573
"okr",72,70,75,78,70,85,65,52,69,64,74,68
"olf186-M",131,138,142,93,96,126,129,166,72,57,65,84
"olf413",266,226,253,339,236,411,342,262,264,437,433,400
"omd",4,1,8,5,10,21,9,4,8,4,13,11
"ome",29,36,31,34,20,37,39,19,26,25,41,19
"onecut",13,18,11,9,10,19,22,11,4,1,4,9
"opa",0,0,0,0,0,0,0,0,0,0,0,0
"opm",34,27,30,24,32,28,35,28,52,24,31,19
"or",198,196,198,275,251,319,201,208,248,211,316,238
"orb",64,62,46,51,58,71,49,37,39,50,49,45
"orb2",157,145,132,248,223,264,145,107,143,281,280,188
"ord",0,0,4,136,132,202,2,0,0,98,103,113
"org-1",0,6,1,0,0,0,3,2,5,10,8,0
"orion",319,533,301,224,211,290,442,498,228,204,292,209
"ort",132,133,173,114,115,142,74,60,45,62,72,97
"osa",0,0,0,0,0,0,0,0,0,0,0,0
"osi",0,0,0,0,0,1,0,0,0,0,0,0
"osk",0,0,0,0,0,0,0,0,0,0,0,0
"osp",9,5,5,13,12,7,4,6,5,4,8,3
"osy",0,0,1,13,13,9,1,0,3,4,4,13
"otk",0,0,0,0,0,0,0,0,0,0,0,0
"otk2",29,43,20,31,28,21,57,35,37,28,35,26
"otp",0,0,0,0,0,0,0,0,0,0,0,0
"otu",0,0,0,0,0,0,1,0,0,0,0,0
"ouib",14,20,14,40,45,35,19,5,6,32,23,22
"out",24,58,32,19,16,34,50,71,31,11,20,19
"ova",58,31,21,12,12,24,46,34,14,12,20,26
"ovm",0,0,0,0,0,0,0,0,0,0,0,0
"ovo",0,0,0,0,0,0,0,0,0,0,0,0
"ox",2172,2081,1573,1867,2348,2206,2585,2303,2314,1584,1978,1918
"oxt",381,457,337,392,370,495,385,326,368,399,462,351
"oys",5,18,8,18,5,21,4,7,5,13,10,15
"p",0,5,0,10,6,7,2,0,2,2,0,3
"p-cup",2,1,6,199,172,268,3,5,15,138,155,147
"p115",7,2,6,4,3,6,2,0,1,8,9,0
"p120ctn",1750,1851,1755,1612,1822,2174,1704,1505,1707,1576,1871,1716
"p130CAS",27,23,20,7,13,22,26,30,18,10,28,15
"p23",273,300,302,422,414,445,410,413,367,462,551,437
"p24-1",9,7,9,6,10,3,9,6,8,12,13,10
"p24-2",0,0,0,0,0,0,0,0,0,0,0,0
"p38a",2,0,1,2,4,4,0,0,2,0,2,0
"p38b",453,469,360,304,328,320,474,436,421,337,442,406
"p38c",46,62,49,44,39,45,74,86,76,41,55,41
"p47",612,718,631,942,907,1034,699,809,680,887,985,862
"p53",0,2,0,0,1,0,3,0,5,1,1,1
"pAbp",4046,3143,2991,4831,5013,4554,5210,4068,3340,6148,4974,3566
"pHCl-1",32,30,31,57,29,47,36,32,27,41,31,40
"pHCl-2",0,0,0,10,0,1,0,0,0,2,0,1
"pad",65,59,52,61,45,64,35,27,31,52,64,46
"pain",71,95,63,53,59,78,82,62,70,55,65,55
"pall",180,189,161,243,254,278,168,153,175,208,259,192
"pan",1284,1550,1572,1095,656,968,1068,1004,1212,903,898,883
"papi",55,43,36,28,35,28,55,57,25,41,23,46
"par-1",859,1060,988,659,650,814,915,773,771,768,815,751
"par-6",123,99,129,98,127,127,100,110,113,115,134,101
"para",658,483,523,782,571,1030,655,425,420,1091,844,636
"park",0,0,2,0,2,1,0,0,0,0,3,1
"parvin",0,0,0,0,0,0,0,0,0,0,0,0
"pasha",10,21,3,15,19,27,5,11,7,12,24,21
"pasi1",0,1,0,2,1,1,3,0,0,1,0,0
"pasi2",9,4,15,4,15,9,9,9,11,5,17,10
"path",2,6,9,1,8,13,6,8,1,2,3,3
"pav",54,56,43,78,57,69,71,83,46,49,69,58
"pb",0,0,0,0,0,0,0,0,0,0,0,0
"pbl",1,1,0,2,3,6,0,2,0,1,1,2
"pch2",6,2,9,9,16,4,9,8,9,3,6,3
"pck",0,0,0,0,0,0,0,0,0,0,0,0
"pcm",0,0,0,0,0,0,0,0,0,0,0,0
"pcs",654,925,675,441,412,485,1022,928,416,457,490,475
"pcx",0,0,0,0,0,0,0,0,0,0,0,0
"pdgy",13,12,23,13,19,22,11,20,23,16,11,15
"pdm2",1,0,5,2,1,5,0,3,0,0,2,0
"pdm3",3,0,2,0,0,1,1,0,0,0,0,1
"pds5",1,0,1,0,0,0,0,0,1,1,0,3
"pea",184,241,183,155,175,184,184,203,198,203,254,205
"peb",58,41,34,36,40,54,53,40,39,39,52,57
"peg",763,626,601,606,660,576,503,563,510,617,774,549
"pelo",330,396,303,496,461,589,356,383,385,426,496,416
"pen-2",2,1,1,3,0,0,0,5,4,2,4,3
"peng",280,310,256,170,178,185,311,297,254,222,266,196
"peo",5,0,0,1,6,5,2,1,1,4,6,1
"per",0,0,0,0,0,0,0,0,0,0,0,0
"pes",21,28,18,23,34,6,20,19,15,8,11,10
"pgc",0,0,0,0,0,0,0,0,0,0,0,0
"ph-d",3,2,2,1,6,7,2,2,0,2,3,2
"ph-p",10,7,12,6,7,6,4,6,7,6,16,7
"pho",20,23,21,31,41,40,25,38,18,31,32,26
"phol",13,10,8,11,5,6,11,5,15,8,14,6
"phr",0,0,0,0,0,1,0,0,0,1,0,0
"phr6-4",0,0,0,0,0,0,0,0,0,0,0,0
"phtf",668,1211,659,1352,1197,1609,1102,845,416,1150,1235,1132
"phtm",0,1,1,1,0,0,0,3,0,1,2,0
"phu",3,21,4,10,0,3,21,12,14,6,12,9
"phyl",84,75,92,152,129,153,108,63,52,96,144,120
"pic",533,622,512,499,495,561,549,572,532,566,597,486
"pico",210,164,176,232,210,218,219,217,194,187,198,174
"pie",0,0,0,0,0,0,0,0,0,0,0,0
"pigeon",1,0,0,3,0,0,1,0,3,0,0,0
"pigs",4,1,14,8,2,7,9,3,3,4,3,6
"pim",0,0,0,0,0,0,0,0,0,0,0,0
"pins",309,324,269,306,300,427,375,308,346,311,353,407
"pinta",1,0,2,4,0,2,3,2,0,0,0,0
"pio",279,445,354,83,140,189,269,331,172,130,141,188
"pip",601,649,643,609,611,692,327,513,732,646,905,572
"pippin",59,67,57,29,14,55,108,84,55,35,43,30
"pira",7,0,0,0,0,0,0,0,0,0,0,0
"pirk",1,1,0,0,0,0,3,0,3,3,0,0
"pit",6,0,0,3,7,1,1,2,2,2,2,0
"pita",21,33,18,43,48,56,20,28,23,40,36,30
"piwi",0,0,0,0,0,0,0,0,0,0,0,0
"pix",0,0,3,19,12,16,0,1,0,11,13,10
"pk",31,42,60,14,17,40,38,44,17,18,28,19
"pkaap",450,458,433,443,433,484,369,385,454,385,492,386
"pkm",791,1228,784,70,60,37,1083,896,130,61,50,348
"ple",56,74,63,49,44,48,49,58,47,52,49,55
"plh",79,111,71,17,15,14,94,48,23,7,3,8
"pll",0,0,1,0,0,0,0,0,0,0,0,0
"plu",9,2,0,5,8,7,1,1,0,7,2,2
"plum",56,61,48,36,56,68,62,67,70,47,50,37
"plx",6,3,3,4,1,5,3,2,3,6,1,9
"pn",224,256,214,220,220,239,282,233,280,258,223,218
"png",9,11,14,8,4,11,19,15,11,11,9,8
"pnr",0,0,0,0,0,0,0,0,0,0,0,0
"pns",7,26,14,5,9,17,8,11,4,9,25,14
"pnt",37,57,40,43,44,51,51,59,62,61,62,64
"pnut",6,6,7,2,2,5,10,1,6,2,8,4
"pod1",2,2,2,0,1,0,0,2,2,1,3,2
"poe",0,0,0,0,0,0,0,0,0,0,0,0
"polo",10,0,14,66,81,100,3,6,2,58,32,56
"polybromo",316,326,313,285,248,278,284,253,225,253,318,255
"polyph",0,0,0,0,0,0,0,0,0,0,0,0
"pon",13,24,6,14,20,9,20,13,17,15,19,21
"pont",233,216,218,755,685,847,252,191,253,659,662,579
"por",0,0,0,0,0,0,0,0,0,0,0,0
"porin",7,19,20,16,12,38,24,14,18,18,19,16
"pot",0,3,1,1,2,0,0,0,0,0,0,0
"ppan",107,109,68,81,64,84,134,94,98,103,102,89
"ppk",76,51,44,44,41,52,38,41,39,54,67,53
"ppk10",11,11,16,55,76,49,11,14,19,24,33,20
"ppk11",0,0,0,0,0,0,0,0,0,0,0,0
"ppk12",51,49,53,62,53,23,51,25,57,28,34,24
"ppk13",1,1,0,5,2,11,4,1,1,6,2,1
"ppk14",3,7,3,1,0,0,2,0,0,0,2,1
"ppk15",11,11,19,9,10,9,5,19,21,17,19,10
"ppk16",0,0,0,0,0,0,0,0,0,0,0,0
"ppk17",8,2,2,0,0,2,1,3,7,5,7,7
"ppk18",32,49,31,4,5,9,31,27,43,6,8,16
"ppk19",0,0,0,0,1,4,1,2,0,4,3,0
"ppk20",0,0,0,0,0,0,0,0,0,0,0,0
"ppk21",0,0,0,0,0,0,0,0,0,0,0,0
"ppk22",6,45,2,30,24,28,8,14,4,50,37,39
"ppk23",5,12,16,5,1,1,5,19,3,4,12,11
"ppk24",0,0,0,0,0,0,0,1,0,2,0,0
"ppk25",6,1,6,11,8,2,1,5,4,2,8,11
"ppk26",49,42,31,33,34,26,43,33,36,31,39,26
"ppk27",0,0,0,0,0,1,0,2,0,0,0,0
"ppk28",0,0,0,0,0,0,0,0,0,0,0,0
"ppk29",0,0,0,0,0,0,0,0,0,0,0,0
"ppk3",0,10,1,3,5,3,2,3,4,3,11,8
"ppk30",0,0,0,0,2,0,0,0,0,0,0,0
"ppk31",0,1,1,0,0,3,1,0,3,3,0,0
"ppk5",0,0,1,1,0,3,0,0,0,1,0,2
"ppk6",2,1,0,77,94,79,0,0,2,30,17,22
"ppk7",2,0,4,2,0,0,0,0,0,0,0,3
"ppk8",3,2,0,0,0,0,0,0,0,0,0,0
"ppk9",0,0,0,0,0,0,0,0,0,0,0,0
"ppl",1070,1126,980,1867,1837,1991,880,730,1024,1528,1653,1422
"pps",0,0,0,0,0,0,0,0,0,0,0,0
"pr",1780,1984,1698,1114,1532,1496,1482,1160,1571,1050,1803,1157
"prage",28,47,33,36,34,29,49,41,12,20,30,23
"prc",2735,3698,2759,1778,2484,2460,2136,2282,2626,3187,3938,2678
"prd",0,0,0,4,18,17,0,0,0,20,5,15
"prd1",0,0,1,2,0,0,0,0,0,0,0,2
"pre-lola-G",5,2,9,6,2,4,4,1,0,1,2,5
"pre-mod(mdg4)-AA",0,0,0,0,0,0,0,0,0,0,0,0
"pre-mod(mdg4)-AB",0,0,0,0,0,0,0,0,0,0,0,0
"pre-mod(mdg4)-AD",0,0,0,0,0,0,0,0,0,0,0,0
"pre-mod(mdg4)-AE",0,0,0,0,0,0,0,0,0,0,0,0
"pre-mod(mdg4)-B",0,0,0,1,0,0,0,1,1,2,0,0
"pre-mod(mdg4)-C",0,0,0,0,0,0,0,0,0,0,0,0
"pre-mod(mdg4)-E",0,0,0,1,1,0,0,0,0,0,0,0
"pre-mod(mdg4)-G",0,0,0,0,0,0,0,0,0,0,0,0
"pre-mod(mdg4)-H",0,0,0,0,0,0,0,0,0,0,0,0
"pre-mod(mdg4)-I",0,0,0,0,0,0,0,0,0,0,0,0
"pre-mod(mdg4)-J",0,0,0,0,0,0,0,0,0,0,0,0
"pre-mod(mdg4)-K",0,0,0,0,0,0,0,0,0,0,0,0
"pre-mod(mdg4)-L",0,0,0,0,0,0,0,0,0,0,0,0
"pre-mod(mdg4)-N",0,0,0,0,0,0,0,0,0,0,0,0
"pre-mod(mdg4)-O",0,0,0,0,0,0,0,0,0,0,0,0
"pre-mod(mdg4)-P",0,0,0,0,0,0,0,0,0,0,0,0
"pre-mod(mdg4)-T",0,0,0,0,0,0,0,0,0,0,0,0
"pre-mod(mdg4)-U",0,0,0,0,0,0,0,0,0,0,0,0
"pre-mod(mdg4)-V",0,0,0,0,0,0,0,0,0,0,0,0
"pre-mod(mdg4)-W",0,0,0,0,0,0,0,0,0,0,0,0
"pre-mod(mdg4)-X",0,0,0,0,0,0,0,0,0,0,0,0
"pre-mod(mdg4)-Y",0,0,0,0,0,0,0,0,0,0,0,0
"pre-mod(mdg4)-Z",0,0,0,0,0,0,0,0,0,0,0,0
"pre-rRNA:CR45845",16,8,4,8,8,1,7,0,5,2,2,0
"pre-rRNA:CR45846",0,0,0,0,0,1,0,0,0,0,0,0
"pre-rRNA:CR45847",2,1,1,22,20,13,0,0,2,8,5,1
"pre-rRNA:CR45856",260,279,363,1513,1519,251,89,98,259,447,223,77
"prel",0,0,0,0,0,0,0,0,0,0,0,0
"prg",0,0,0,0,0,0,0,0,0,0,0,0
"prim",58,28,58,90,76,75,66,33,80,68,96,73
"primo-1",0,0,0,0,0,0,0,0,0,0,0,0
"primo-2",0,0,0,0,0,0,0,0,0,0,0,0
"prod",162,200,160,258,197,247,167,193,294,216,273,210
"prom",24,10,18,22,34,40,10,5,29,16,31,10
"promL",5,17,18,115,97,127,6,3,8,84,71,62
"pros",12,9,11,24,27,34,9,10,5,21,10,5
"prt",71,53,66,152,88,138,79,31,54,100,106,82
"prtp",6,1,6,6,5,16,2,1,3,4,5,1
"ps",21,36,27,41,26,40,41,23,18,23,12,36
"psd",1,0,1,1,0,0,0,1,1,2,0,0
"psh",444,518,382,213,304,324,462,555,509,438,566,374
"psidin",246,239,257,732,647,863,324,286,283,701,688,524
"psq",1,3,0,3,4,2,2,7,1,1,2,3
"pst",1,3,2,0,0,2,0,2,0,0,0,4
"ptc",43,82,62,37,56,98,61,47,35,76,81,40
"pths",364,407,402,293,266,330,381,330,386,313,330,299
"puc",94,119,83,62,75,127,93,109,67,49,87,67
"puf",0,1,0,4,7,6,0,1,0,0,1,1
"pug",0,3,0,4,0,0,1,0,0,1,3,4
"pum",6,1,13,7,5,14,2,4,9,6,7,3
"puml",0,1,0,4,3,9,0,4,0,0,0,2
"put",53,56,55,88,68,83,46,44,53,66,58,61
"pwn",0,1,0,8,7,6,1,1,3,1,8,1
"px",10,13,20,13,26,30,24,9,22,24,14,20
"pxb",41,24,18,22,28,67,9,11,25,37,20,21
"pyd",110,142,118,92,61,126,166,142,118,126,133,97
"pyd3",1881,1868,1670,970,1147,995,1607,1765,1821,1116,1172,1247
"pygo",174,176,178,539,577,651,185,177,149,478,537,496
"pyr",184,158,160,131,136,155,193,193,126,116,151,171
"pyx",94,113,92,83,60,84,59,98,60,63,73,94
"pzg",8,7,8,8,9,5,4,5,9,8,3,7
"qin",61,113,101,51,54,66,75,54,59,35,28,32
"qjt",3,0,1,3,3,6,0,1,3,8,8,9
"qkr54B",87,70,66,89,98,111,78,75,108,111,89,63
"qkr58E-1",43,54,47,79,52,56,64,39,45,53,83,72
"qkr58E-2",24,22,48,31,36,40,26,36,34,29,35,32
"qkr58E-3",0,0,0,1,1,0,0,6,0,0,0,2
"qless",95,114,86,71,69,102,92,85,81,60,67,93
"qm",0,0,0,0,0,0,0,0,0,0,0,0
"qsm",7,6,5,1,2,0,3,4,3,4,2,0
"qtc",10,19,14,11,12,15,6,10,8,3,15,10
"qua",1,0,0,0,0,1,4,5,4,0,2,0
"qvr",10,15,12,7,5,22,18,5,13,4,3,9
"r",0,1,1,0,0,0,1,2,0,0,0,0
"r-cup",3,7,28,413,390,560,2,7,0,355,274,285
"r-l",173,146,146,100,79,99,192,148,155,132,160,123
"r2d2",19,21,31,18,25,14,26,26,20,5,16,28
"rad50",0,0,0,0,0,0,0,0,0,0,0,0
"ranshi",22,26,20,18,20,24,43,38,28,21,33,20
"raptor",0,0,0,0,0,0,0,0,0,0,0,1
"ras",5,5,1,1,3,5,2,2,9,1,1,1
"raskol",1,3,1,4,5,0,1,0,1,2,2,3
"rasp",127,152,133,86,114,86,133,150,104,106,150,130
"rau",0,0,0,0,0,0,0,0,0,0,0,0
"raw",21,44,35,13,5,5,30,30,14,11,6,8
"rb",12,11,13,5,9,9,15,11,15,8,5,16
"rdgA",968,1098,1002,593,613,1030,980,927,888,731,620,708
"rdgB",78,109,112,90,93,149,156,126,72,98,101,94
"rdgBbeta",247,196,209,226,248,256,203,177,226,213,190,200
"rdgC",7,16,14,3,6,13,9,21,3,4,5,12
"rdhB",7,1,0,7,4,2,14,14,15,12,14,11
"rdo",0,0,0,0,0,0,0,0,0,0,0,0
"rdog",0,0,0,0,0,0,0,0,2,1,0,0
"rdx",323,211,394,205,153,207,428,289,153,229,239,250
"reb",703,918,633,364,581,595,684,564,764,672,705,574
"rec",0,0,0,0,0,0,0,0,0,0,0,0
"red",25,21,13,26,22,26,32,26,31,13,22,19
"ref(2)P",0,0,0,0,0,0,0,0,0,0,0,0
"regucalcin",28,23,12,11,12,13,23,14,9,4,10,16
"rempA",0,2,1,1,0,2,4,3,3,3,0,5
"repo",165,176,189,136,158,212,188,168,153,232,223,191
"rept",0,0,0,0,0,0,0,0,0,0,0,0
"resilin",7,4,1,10,6,5,3,3,3,5,9,5
"retinin",349,412,245,13,2,0,321,309,25,0,5,10
"retm",6,2,6,9,9,4,3,4,6,8,6,9
"retn",0,1,0,0,0,4,0,0,0,0,0,0
"rg",0,0,0,0,0,0,0,0,0,0,0,0
"rgn",160,147,122,95,127,142,133,127,126,154,180,121
"rgr",13,10,13,7,16,16,10,13,8,6,10,18
"rha",18,0,93,2120,1712,2585,1,0,3,1780,1487,1340
"rhea",2,3,0,2,0,0,3,0,0,4,0,2
"rhi",18,17,14,14,14,12,20,10,15,13,14,5
"rho",8,3,1,7,0,1,1,0,6,8,0,3
"rho-4",17,22,36,24,22,27,12,18,20,15,28,20
"rho-5",242,145,178,230,182,279,147,106,175,199,257,154
"rho-6",0,0,0,0,0,0,0,0,1,0,0,0
"rho-7",0,0,0,0,0,0,0,0,0,0,0,0
"rib",0,0,0,0,0,2,0,0,0,0,0,0
"ric8a",41,29,46,41,33,49,38,33,52,52,54,35
"rictor",0,0,0,0,0,0,0,0,0,0,0,1
"rig",132,201,140,169,160,207,149,137,124,143,140,150
"rin",962,775,793,1106,1160,1257,1035,842,791,1137,1218,898
"ringer",9,8,7,5,5,6,3,10,7,5,8,10
"rk",333,326,339,235,220,332,192,213,367,295,332,304
"rl",26,29,18,31,32,27,29,12,22,30,22,13
"rn",3,3,6,77,72,66,4,4,6,46,24,28
"rngo",2,4,9,0,2,0,0,0,0,2,2,4
"rnh1",0,0,0,0,0,0,0,0,0,0,0,0
"rno",2,0,1,0,0,0,0,1,0,0,0,0
"ro",0,0,0,0,0,0,0,0,0,0,2,0
"robl",519,399,407,571,715,639,601,599,659,604,783,636
"robl22E",0,0,0,2,3,0,0,0,0,0,0,0
"robl37BC",0,0,14,267,239,298,4,0,0,152,162,132
"robl62A",0,0,7,33,28,46,0,0,0,38,11,32
"robls54B",0,1,0,0,0,0,1,4,4,1,4,0
"robo1",4,2,3,15,13,21,1,0,0,13,4,7
"robo2",0,0,0,0,0,0,0,0,0,0,0,0
"robo3",66,46,41,99,77,83,93,45,50,72,98,69
"rod",66,76,66,68,52,118,75,65,45,80,58,63
"rogdi",9,3,1,0,2,4,2,1,2,1,2,2
"roh",32,39,45,30,34,32,19,23,36,24,25,36
"rols",1,0,3,0,0,0,0,0,0,0,2,1
"roq",73,89,75,81,70,77,69,54,86,64,79,74
"rost",1,8,3,0,2,0,3,0,0,0,1,2
"row",9,7,4,4,2,6,3,6,15,10,9,10
"rpk",0,0,0,0,0,0,0,0,0,0,0,0
"rpr",96,68,63,186,162,161,147,72,179,138,163,138
"rsh",1,4,3,2,0,0,4,1,1,1,1,0
"rst",53,309,49,4,10,19,3,2,0,5,13,5
"rswl",204,224,157,295,243,278,219,259,265,290,307,238
"rt",39,49,53,60,58,107,38,34,35,28,67,30
"rtet",138,146,125,127,121,106,114,103,99,66,174,70
"rtp",1862,1832,1955,1282,1786,2041,1558,1389,1237,1439,1366,1527
"rtv",5,3,4,4,1,5,2,1,3,5,3,3
"ru",46,39,29,20,44,46,32,37,29,27,42,31
"rudhira",150,148,160,124,166,161,234,191,170,186,158,140
"rumi",0,0,0,0,0,0,0,0,0,0,0,0
"rump",8,22,25,7,23,27,16,20,21,28,5,13
"rumpel",0,2,3,5,0,3,6,7,3,4,6,10
"run",0,0,0,0,0,0,0,0,0,0,0,0
"rush",16,13,12,17,25,35,22,22,32,15,20,26
"rut",0,7,4,3,3,2,4,2,0,2,1,2
"rux",0,0,2,4,8,2,0,0,0,5,3,1
"ry",999,1537,977,606,630,642,1803,1684,1537,1468,1335,1193
"s-cup",61,41,43,42,78,75,58,38,35,67,82,71
"sNPF",365,402,419,490,320,543,403,287,388,354,452,358
"sNPF-R",52,66,65,65,57,77,50,51,63,65,64,66
"sPLA2",0,0,0,0,0,0,0,0,0,1,0,0
"sa",3,3,11,237,196,149,1,0,1,137,127,108
"sac",0,0,15,374,320,495,2,1,0,228,264,250
"sad",40,33,35,54,58,62,43,33,24,41,38,29
"sage",19,16,11,30,11,37,13,17,17,15,29,24
"sala",0,0,0,0,0,0,0,0,0,0,0,0
"salm",0,0,0,0,0,0,0,0,0,0,0,0
"salr",16,8,19,71,45,64,12,10,12,37,41,36
"sals",15,12,12,9,9,14,15,10,12,12,11,22
"salt",0,0,0,0,0,0,0,0,0,0,0,0
"salto",0,0,0,0,0,0,0,0,0,0,0,0
"san",372,381,309,529,543,585,416,402,376,480,680,511
"sand",121,105,98,105,139,157,55,71,103,159,144,115
"sano",3,4,1,0,0,5,0,2,0,2,0,0
"santa-maria",30,32,29,46,40,42,14,12,21,20,2,15
"sas",0,0,0,0,0,0,0,0,0,0,0,0
"saturn",3,0,93,2007,1956,2262,4,2,5,1354,1314,1256
"sau",0,0,0,6,3,1,275,195,297,283,251,309
"sav",0,0,0,0,0,0,0,0,0,0,0,0
"sax",0,3,3,2,2,1,7,2,7,2,3,2
"sbRNA:1",0,0,0,0,0,0,0,0,0,0,0,1
"sba",7,4,6,2,4,7,7,6,2,11,1,4
"sbb",9,17,9,26,11,21,16,18,4,22,8,10
"sbm",0,0,0,0,0,0,0,0,0,0,0,0
"sbr",176,233,195,237,231,292,208,227,182,239,222,223
"sc",0,0,0,1,4,2,1,0,0,0,0,0
"sca",22,21,26,39,26,56,20,11,22,45,53,34
"scaRNA:MeU1:95C-A24",0,0,0,0,0,0,0,0,0,0,0,0
"scaRNA:MeU1b-A234",0,0,0,0,0,0,0,0,0,0,0,0
"scaRNA:MeU2-48",1,0,0,0,0,0,0,0,0,0,0,0
"scaRNA:MeU2-C28",0,1,0,2,0,0,1,0,0,0,3,0
"scaRNA:MeU2-C41",0,0,0,1,0,0,0,0,0,0,0,0
"scaRNA:MeU2-G25",0,0,0,0,0,0,0,0,0,0,0,0
"scaRNA:MeU4-A65",1,0,0,2,1,1,0,1,0,1,1,0
"scaRNA:MeU4:25F-C137",0,0,0,0,0,0,0,0,0,0,0,0
"scaRNA:MeU5-C46",3,0,1,7,5,1,2,2,4,5,4,3
"scaRNA:MeU5-G38",0,0,0,0,0,0,0,0,0,0,0,0
"scaRNA:MeU5-U42",0,0,0,0,0,0,0,0,0,1,0,0
"scaRNA:PsiU1-6",0,1,0,1,0,5,0,3,0,0,8,1
"scaRNA:PsiU2-35.45",0,0,0,0,0,0,0,0,0,0,0,0
"scaRNA:PsiU2-38.40.42",2,0,0,0,0,3,1,0,0,0,0,0
"scaRNA:PsiU2-55",0,0,0,0,0,0,0,0,0,0,0,0
"scaRNA:PsiU5-44",3,2,0,2,2,2,3,3,5,6,1,2
"scaRNA:PsiU6-40",0,0,0,0,0,0,0,0,0,0,0,0
"scaf",1,3,11,3,2,13,0,0,2,1,4,0
"scaf6",32,41,21,25,14,31,30,18,4,11,26,16
"scat",295,350,232,257,235,309,289,286,296,284,301,262
"scb",29,79,35,18,19,27,64,63,62,32,46,21
"sced",2,5,6,4,2,11,15,6,4,11,15,3
"scf",109,129,101,236,264,216,186,135,160,121,185,166
"schlank",46,76,38,51,34,53,86,59,40,42,69,33
"schuy",1,0,53,1540,1308,1627,0,0,3,1417,1115,1114
"scny",0,0,0,1,3,0,0,0,0,0,3,0
"scpr-A",0,0,6,317,273,450,1,2,2,326,334,315
"scpr-B",2,3,6,301,204,310,4,12,3,374,359,368
"scpr-C",0,0,0,6,5,12,1,2,1,28,15,11
"scra",0,0,0,0,0,0,0,0,0,0,0,0
"scramb1",205,195,210,175,202,210,174,152,214,159,204,162
"scramb2",770,868,643,705,881,870,779,773,734,646,955,749
"scrib",25,36,29,46,29,33,50,41,21,40,35,27
"scro",0,0,0,0,0,0,0,0,0,0,0,0
"scrt",330,269,358,408,305,525,368,244,286,509,416,447
"scu",23,26,19,45,32,50,27,44,30,29,32,19
"scw",0,0,0,0,0,0,0,0,0,0,0,0
"scyl",602,564,437,442,461,398,823,754,362,783,480,329
"sd",12,15,17,12,16,14,12,16,13,7,20,12
"sdk",1,4,2,4,1,4,2,2,1,4,2,1
"sds22",240,297,239,407,401,301,261,286,319,375,393,321
"sdt",0,2,2,0,0,0,1,0,1,0,0,3
"se",7937,7411,7541,6882,9354,10160,5068,4607,7381,6338,8503,6440
"sea",1,0,3,32,32,29,1,0,0,23,23,15
"sei",0,1,0,0,0,0,0,3,2,0,2,0
"sel",179,279,186,406,430,413,257,238,297,425,432,398
"senju",124,154,143,335,261,289,129,163,142,281,351,313
"sens",5,13,22,43,55,47,13,24,10,53,32,32
"sens-2",0,0,1,1,3,0,1,0,0,3,0,0
"seq",0,0,0,0,0,0,0,0,0,0,0,0
"serp",9,14,8,13,45,22,21,7,14,5,23,13
"sesB",5,5,2,3,5,0,3,4,0,1,7,1
"sev",509,570,631,246,240,357,553,567,444,497,425,469
"sff",0,0,0,0,0,0,0,0,0,0,0,0
"sfl",0,0,0,0,0,0,1,0,0,0,0,0
"sgg",553,462,608,652,513,808,677,559,470,820,813,685
"sgl",830,1067,822,625,656,571,871,806,630,492,594,478
"sgll",0,0,0,0,0,0,0,0,0,0,0,0
"sha",0,1,0,1,0,0,0,0,1,1,2,0
"shakB",5,2,3,3,10,12,2,2,5,1,5,4
"shams",85,116,97,162,149,178,101,91,147,92,166,97
"shd",12,6,2,0,0,1,7,7,13,1,0,3
"shep",56,53,72,60,66,90,74,35,53,80,93,37
"shf",0,0,0,0,0,0,0,0,0,0,0,0
"shg",802,889,740,631,781,927,812,760,734,716,976,659
"shi",219,191,199,189,121,196,182,129,183,206,207,145
"shn",5,7,4,2,5,5,6,0,8,1,6,2
"shop",454,401,343,351,295,350,273,273,275,277,329,245
"shot",198,234,205,129,100,164,227,236,126,133,110,82
"shps",3,1,10,440,354,516,1,0,4,411,347,393
"shrb",1570,1618,1572,1385,1386,1610,1602,1850,1627,1519,1634,1598
"shtd",59,75,100,116,107,195,92,97,79,148,143,85
"shu",48,79,57,20,17,9,76,73,48,10,8,10
"shv",288,296,273,392,340,417,293,250,272,527,443,435
"sicily",0,0,1,2,15,2,0,1,0,2,2,0
"sick",6,18,14,11,8,24,9,3,6,10,11,7
"side",36,55,64,79,71,80,39,26,53,36,81,50
"side-II",0,0,0,0,0,0,0,0,0,0,0,0
"side-III",29,20,30,31,27,42,33,15,38,34,31,26
"side-IV",0,1,2,0,0,0,0,0,0,0,1,0
"side-V",0,0,0,0,0,0,0,0,0,0,0,0
"side-VI",161,207,234,335,222,439,445,266,264,537,576,503
"side-VII",97,57,50,82,81,108,81,48,68,61,80,64
"side-VIII",7,17,20,11,5,9,11,8,9,13,15,15
"sif",23,19,27,23,17,39,31,35,20,21,23,35
"sigmar",6,11,6,3,7,6,7,3,2,6,1,3
"sim",0,1,0,0,0,0,0,0,0,0,0,0
"sima",34,26,36,49,43,33,29,27,15,27,23,33
"simj",104,101,161,121,88,169,120,170,135,181,135,110
"sina",2,1,2,2,3,2,1,1,5,2,0,1
"sinah",9,0,103,2622,2380,3048,2,0,3,2550,2152,2025
"sing",15,23,14,23,7,21,21,28,19,8,17,15
"sinu",733,868,800,773,984,1165,609,693,972,799,1322,794
"sip1",0,0,0,0,0,0,0,0,0,0,0,1
"sip2",0,0,1,4,3,0,1,12,1,4,1,1
"sip3",18,25,34,44,39,34,19,33,47,47,46,46
"sisA",0,1,3,3,1,0,1,1,0,2,4,4
"sisRNA:1",2,9,2,1,5,6,7,5,5,2,2,2
"sisRNA:2",14,6,5,4,8,20,7,3,4,9,5,1
"sisRNA:3",7,16,9,4,2,5,4,12,10,13,9,9
"sisRNA:4",0,0,0,0,0,0,0,0,0,0,2,0
"sisRNA:CR46357",5,4,7,1,1,2,4,4,2,4,4,2
"sisRNA:CR46358",0,0,0,0,0,0,0,0,0,0,0,0
"sisRNA:CR46360",0,0,0,0,1,0,0,0,0,0,0,1
"sisRNA:CR46361",0,0,0,0,0,0,0,0,0,0,0,0
"sisRNA:CR46363",0,0,0,0,0,0,0,1,0,0,0,0
"sisRNA:CR46364",16,22,16,35,20,30,28,25,19,9,19,14
"sit",20,14,15,44,20,56,13,16,10,23,54,30
"siz",83,98,65,44,42,98,82,55,48,48,66,56
"skd",53,46,36,67,46,55,46,41,31,56,45,31
"skl",56,26,40,41,16,55,69,31,50,30,28,44
"sktl",34,48,33,30,27,41,44,34,57,45,30,44
"sky",4,9,3,6,1,2,12,10,11,1,7,1
"sl",222,296,215,149,151,207,250,238,186,152,165,144
"slam",2,0,3,0,0,12,0,0,0,0,0,3
"slbo",2,0,0,5,2,9,4,1,0,0,3,4
"sle",0,7,3,0,0,1,0,6,0,0,0,0
"slf",13,5,7,7,7,13,15,1,14,10,11,13
"slgA",0,8,4,0,3,0,3,5,0,0,3,0
"sli",66,44,55,28,21,56,12,14,40,62,57,23
"slif",59,45,28,18,12,25,53,39,52,29,31,43
"slim",179,192,220,157,144,191,236,210,243,182,215,200
"sll",0,0,0,0,0,0,0,0,0,0,0,0
"slmb",0,0,0,0,0,0,0,0,0,0,0,0
"slmo",7,4,0,0,2,0,3,1,1,0,2,4
"slo",60,35,46,155,72,107,74,36,64,145,104,83
"sloth1",0,0,0,0,0,0,0,0,0,0,0,0
"sloth2",0,0,0,0,0,0,0,0,0,0,0,0
"slou",0,0,0,0,0,0,0,0,0,0,0,0
"slow",43,126,50,9,12,18,78,62,12,9,21,10
"slp1",23,26,25,43,40,56,22,28,32,40,43,31
"slp2",33,45,54,25,25,44,31,39,25,19,37,31
"slpr",23,14,14,22,8,21,26,17,21,11,16,23
"sls",86,128,188,70,97,130,104,142,126,106,128,119
"slv",0,0,1,0,0,0,0,0,1,1,0,0
"slx1",9,19,15,25,21,29,12,29,26,17,28,17
"sm",15,13,5,16,12,17,2,10,12,13,28,19
"smal",0,0,0,0,0,0,0,0,0,0,0,0
"smash",4,12,12,3,2,6,8,10,5,8,9,3
"smg",73,100,127,93,107,150,100,89,64,101,89,76
"smid",0,0,0,1,2,0,0,0,0,1,3,0
"smo",121,110,128,106,116,124,147,109,150,83,125,100
"smog",91,86,77,135,108,135,108,50,86,137,150,114
"smp-30",4,1,12,6,5,12,5,1,3,10,7,5
"sn",4,2,5,4,0,0,2,0,1,0,1,1
"snRNA:7SKa",16,7,15,52,54,29,9,8,12,15,21,9
"snRNA:LU",4,2,3,0,2,0,5,1,4,1,2,2
"snRNA:U11",3,1,0,2,1,0,0,3,0,0,1,1
"snRNA:U12",0,0,1,2,8,7,2,3,8,0,4,0
"snRNA:U1:21D",0,1,0,1,0,0,0,0,0,0,0,0
"snRNA:U1:82Eb",0,0,0,0,0,0,0,0,0,0,0,0
"snRNA:U1:95Ca",0,0,0,0,0,0,0,0,0,1,0,0
"snRNA:U1:95Cb",0,0,0,0,1,0,1,0,0,0,1,0
"snRNA:U1:95Cc",0,0,0,0,3,0,0,0,0,1,0,0
"snRNA:U2:14B",0,0,0,0,0,1,0,0,0,0,0,0
"snRNA:U2:34ABa",3,3,0,2,1,1,0,0,3,1,5,4
"snRNA:U2:34ABb",0,5,0,0,3,1,0,0,0,1,2,1
"snRNA:U2:34ABc",0,0,0,0,0,0,0,0,0,0,0,0
"snRNA:U2:38ABa",0,0,0,1,1,0,0,0,2,0,2,0
"snRNA:U2:38ABb",0,0,0,0,0,0,0,0,0,0,0,0
"snRNA:U4:25F",0,0,0,0,0,0,0,0,0,0,0,0
"snRNA:U4:38AB",0,0,2,0,0,2,0,0,0,0,2,0
"snRNA:U4:39B",10,3,7,2,4,16,8,0,0,5,3,2
"snRNA:U4atac",0,0,0,0,0,0,0,0,0,0,0,0
"snRNA:U5:14B",0,0,0,0,0,0,0,0,0,0,0,0
"snRNA:U5:23D",1,0,2,0,0,0,0,1,0,1,0,0
"snRNA:U5:34A",0,0,0,0,1,0,0,1,0,0,0,0
"snRNA:U5:35D",0,0,0,0,0,0,0,0,0,0,0,0
"snRNA:U5:38ABa",0,0,0,0,0,0,0,0,0,0,0,0
"snRNA:U5:38ABb",0,0,0,0,0,0,0,0,0,0,0,0
"snRNA:U5:63BC",0,0,0,4,0,0,0,0,0,0,0,0
"snRNA:U6:96Aa",1,2,0,0,0,2,0,0,1,0,0,1
"snRNA:U6:96Ab",0,0,0,0,1,1,0,0,1,0,0,0
"snRNA:U6:96Ac",0,0,0,0,0,0,0,1,0,0,0,0
"snRNA:U6atac",0,0,0,0,0,1,0,0,0,0,1,3
"snRNA:U7",8,2,0,3,1,8,5,6,0,5,2,2
"snRNP-U1-70K",110,68,99,97,106,117,93,61,98,104,93,109
"snRNP-U1-C",189,169,137,207,225,241,144,186,245,215,249,196
"sna",0,5,0,0,1,0,0,0,0,1,1,0
"snama",217,233,216,223,231,344,196,163,157,318,354,301
"sncRNA:128",0,0,0,0,0,0,0,0,0,0,0,0
"sncRNA:157",5,1,0,0,2,1,1,6,0,2,0,1
"sncRNA:158",0,0,0,0,0,0,0,0,0,0,0,0
"sncRNA:184",0,0,0,0,0,0,0,0,0,0,0,0
"sncRNA:204",0,0,0,0,0,0,0,0,0,0,0,0
"sncRNA:254",3,2,1,2,1,2,3,5,6,4,1,3
"sncRNA:357",0,0,0,0,0,0,0,0,0,0,0,0
"sncRNA:359",0,0,0,0,0,0,0,0,0,0,0,0
"sncRNA:400",0,0,0,0,0,0,0,0,0,0,0,0
"sncRNA:419",0,0,0,0,0,0,0,0,0,0,0,0
"sncRNA:430a",0,0,0,0,0,0,0,0,0,0,0,0
"sncRNA:430b",0,0,0,0,0,0,0,0,0,0,0,0
"sncRNA:430c",0,0,0,0,0,0,0,0,0,0,0,0
"sncRNA:430d",0,0,0,0,0,0,0,0,0,0,0,0
"sncRNA:430e",0,0,0,0,0,0,0,0,0,0,0,0
"sncRNA:430f",0,0,0,0,0,0,0,0,0,0,0,0
"sncRNA:430g",0,0,0,0,0,0,0,0,0,0,0,0
"sncRNA:430h",0,0,0,0,0,0,0,0,0,0,0,0
"sncRNA:430i",0,0,0,0,0,0,0,0,0,0,0,0
"sncRNA:430j",0,0,0,0,0,0,0,0,0,0,0,0
"sncRNA:430k",0,0,0,0,0,0,0,0,0,0,0,0
"sncRNA:430l",0,0,0,0,0,0,0,0,0,0,0,0
"sncRNA:430m",0,0,0,0,0,0,0,0,0,0,0,0
"sncRNA:430n",0,0,0,0,0,0,0,0,0,0,0,0
"sncRNA:430o",0,0,0,0,0,0,0,0,0,0,0,0
"sncRNA:430p",0,0,0,0,0,0,0,0,0,0,0,0
"sncRNA:430q",0,0,0,0,0,0,0,0,0,0,0,0
"sncRNA:430r",0,0,0,0,0,0,0,0,0,0,0,0
"sncRNA:430s",0,0,0,0,0,0,0,0,0,0,0,0
"sncRNA:430t",0,0,0,0,0,0,0,0,0,0,0,0
"sncRNA:438",0,0,0,0,0,0,0,0,0,0,0,0
"sncRNA:641",0,0,0,0,0,0,0,0,0,0,0,0
"sncRNA:649",0,0,0,0,0,0,0,0,0,0,0,0
"sncRNA:763",0,0,0,0,0,0,0,0,0,0,0,0
"sncRNA:765",0,0,0,0,0,0,0,0,0,0,0,0
"sncRNA:838",0,0,0,0,0,0,0,0,0,0,0,0
"sncRNA:CR43603",1,1,0,0,0,0,0,3,0,0,0,1
"sncRNA:CR43701",0,0,0,0,2,0,0,0,0,0,0,0
"snf",460,427,419,455,425,511,473,482,527,418,510,421
"sni",6,3,5,3,3,7,4,0,2,2,4,6
"snk",0,0,0,0,0,0,3,0,0,0,0,0
"snky",3,1,10,218,209,232,0,1,0,160,159,162
"sno",4,2,2,2,1,2,3,3,0,3,4,1
"snoRNA:185",0,0,0,0,1,1,0,0,0,0,0,0
"snoRNA:229",8,0,2,2,5,1,3,1,1,2,3,0
"snoRNA:291",0,0,0,0,0,0,0,0,0,0,0,0
"snoRNA:2R:9445205",0,0,2,4,0,5,0,0,0,0,0,0
"snoRNA:2R:9445410",4,7,2,4,7,9,7,5,0,1,2,3
"snoRNA:660",0,0,0,0,0,0,0,0,0,0,0,0
"snoRNA:684",1,1,0,0,0,3,3,2,1,1,2,1
"snoRNA:83E4-5",3,0,2,1,2,0,0,3,0,3,0,7
"snoRNA:CD-24",2,11,5,0,0,1,2,0,6,2,1,5
"snoRNA:CG16892-a",0,0,1,0,0,2,0,0,0,0,0,0
"snoRNA:CG31191-a",0,0,0,0,0,0,0,0,0,0,0,0
"snoRNA:CG32479-a",0,1,0,0,10,0,1,0,0,0,0,1
"snoRNA:CG32479-b",0,0,0,0,0,0,0,0,0,0,1,0
"snoRNA:CG43051-a",0,0,0,0,0,0,0,0,0,0,0,0
"snoRNA:Dek-a",0,0,0,2,0,0,1,0,0,0,2,0
"snoRNA:Edc3-a",0,0,0,0,0,0,2,0,0,0,3,0
"snoRNA:Irbp-a",0,2,0,0,0,0,0,0,0,0,0,0
"snoRNA:M",4,0,0,0,0,0,0,1,0,0,0,0
"snoRNA:Me18S-A1061",0,0,0,0,0,0,0,0,0,0,0,1
"snoRNA:Me18S-A1374",0,0,0,0,0,0,0,0,0,0,0,0
"snoRNA:Me18S-A1576",3,1,0,0,2,6,0,3,2,1,2,3
"snoRNA:Me18S-A1806",0,0,0,1,1,0,3,0,0,0,0,1
"snoRNA:Me18S-A28a",4,0,0,0,0,0,0,0,0,0,0,0
"snoRNA:Me18S-A425",0,0,0,0,0,0,0,0,0,0,0,0
"snoRNA:Me18S-A469",0,0,0,0,0,0,0,0,0,0,0,0
"snoRNA:Me18S-C1096",0,0,0,0,0,2,0,0,0,0,0,0
"snoRNA:Me18S-C1366",0,0,0,0,0,0,0,0,1,0,0,2
"snoRNA:Me18S-C1831",0,5,2,3,2,0,0,5,0,1,2,2
"snoRNA:Me18S-C1968",1,0,0,0,2,0,0,0,0,0,0,0
"snoRNA:Me18S-C419",0,0,1,0,0,0,1,0,1,1,3,0
"snoRNA:Me18S-G1358a",0,0,0,1,0,0,0,0,0,2,2,0
"snoRNA:Me18S-G1358b",6,1,1,0,3,0,2,2,1,1,0,1
"snoRNA:Me18S-G1358c",0,0,0,0,0,0,0,0,0,0,0,0
"snoRNA:Me18S-G1506",1,0,0,0,0,2,0,0,1,0,0,0
"snoRNA:Me18S-G1620",0,0,0,0,1,0,1,3,0,0,0,0
"snoRNA:Me18S-G1952",0,0,0,0,0,0,0,0,0,0,0,0
"snoRNA:Me18S-U1356a",0,4,0,0,0,0,0,0,1,0,3,0
"snoRNA:Me18S-U1356b",0,0,0,0,0,0,0,0,0,0,0,0
"snoRNA:Me18S-U1356c",0,0,1,0,0,0,0,0,0,0,0,0
"snoRNA:Me28S-A1322",11,23,15,24,11,23,33,27,33,18,23,13
"snoRNA:Me28S-A1666a",0,0,0,0,1,0,0,0,0,0,0,0
"snoRNA:Me28S-A2113",9,3,9,3,5,6,5,4,2,11,7,3
"snoRNA:Me28S-A2486",0,0,0,0,0,0,0,0,2,0,0,0
"snoRNA:Me28S-A2564",2,0,0,0,0,0,2,0,0,2,2,0
"snoRNA:Me28S-A2589a",0,0,0,0,2,0,0,0,0,0,0,0
"snoRNA:Me28S-A2589b",0,0,0,0,0,0,0,0,0,0,0,0
"snoRNA:Me28S-A2589c",0,0,0,0,0,0,0,0,0,0,0,0
"snoRNA:Me28S-A2629",0,0,1,0,0,1,0,0,0,0,0,0
"snoRNA:Me28S-A2634a",0,0,0,0,0,0,1,1,0,0,0,0
"snoRNA:Me28S-A2634b",0,0,0,0,2,0,2,0,1,0,2,3
"snoRNA:Me28S-A2634c",0,0,0,0,0,0,0,0,0,0,0,0
"snoRNA:Me28S-A3407a",0,0,0,2,0,1,0,0,0,0,0,0
"snoRNA:Me28S-A771",0,0,0,0,0,1,0,0,0,0,2,0
"snoRNA:Me28S-A774a",10,5,1,2,5,2,9,15,9,2,2,2
"snoRNA:Me28S-A774b",0,1,0,0,2,0,1,1,0,3,4,1
"snoRNA:Me28S-A982a",1,0,0,0,0,0,0,0,0,0,0,0
"snoRNA:Me28S-A982b",4,6,5,6,7,5,8,1,4,3,8,5
"snoRNA:Me28S-A992",2,4,5,0,2,0,0,0,0,0,0,0
"snoRNA:Me28S-C2645a",0,0,0,0,0,0,0,0,0,0,0,0
"snoRNA:Me28S-C2645b",1,0,0,3,2,1,2,0,0,2,1,1
"snoRNA:Me28S-C2645c",0,0,0,0,0,0,0,0,0,0,0,0
"snoRNA:Me28S-C2789",0,0,0,0,0,0,0,0,0,0,0,0
"snoRNA:Me28S-C3227a",0,0,1,0,0,0,0,0,0,0,0,0
"snoRNA:Me28S-C3227b",2,1,0,1,1,0,1,0,2,1,0,0
"snoRNA:Me28S-C3351",0,0,0,0,0,0,0,0,0,0,0,0
"snoRNA:Me28S-C3420a",0,0,0,0,0,0,0,0,0,0,0,4
"snoRNA:Me28S-C3420b",1,0,0,0,0,1,2,0,2,0,0,0
"snoRNA:Me28S-C788a",1,0,0,0,0,0,0,0,0,0,0,0
"snoRNA:Me28S-C788b",0,1,1,0,0,0,0,0,0,0,1,0
"snoRNA:Me28S-C993",0,0,0,0,0,1,0,0,0,0,0,0
"snoRNA:Me28S-G1083a",0,0,0,0,0,0,0,0,0,0,0,0
"snoRNA:Me28S-G1083b",0,0,0,0,0,0,0,0,0,0,0,0
"snoRNA:Me28S-G1083c",0,0,0,0,0,0,0,0,0,0,0,0
"snoRNA:Me28S-G1083d",0,0,0,0,0,0,0,0,0,0,0,0
"snoRNA:Me28S-G2017",2,2,0,0,1,2,3,2,5,1,3,1
"snoRNA:Me28S-G2173",0,0,2,0,1,2,2,0,0,0,1,3
"snoRNA:Me28S-G2703a",1,0,0,7,1,2,0,1,0,1,0,0
"snoRNA:Me28S-G2703b",4,1,3,0,0,0,0,0,0,0,0,0
"snoRNA:Me28S-G2703c",0,0,0,0,0,0,1,0,0,0,0,0
"snoRNA:Me28S-G3081a",0,0,0,0,0,0,0,0,0,0,0,0
"snoRNA:Me28S-G3113a",0,0,0,0,1,0,0,0,0,0,0,0
"snoRNA:Me28S-G3113b",0,0,0,0,0,0,0,0,0,0,0,0
"snoRNA:Me28S-G3253",0,0,0,0,0,0,0,0,0,0,0,0
"snoRNA:Me28S-G3255a",0,2,0,0,0,0,0,0,0,0,0,0
"snoRNA:Me28S-G3255b",0,1,2,0,1,5,0,3,4,2,8,4
"snoRNA:Me28S-G3277a",0,0,0,0,0,0,0,0,0,0,0,0
"snoRNA:Me28S-G764",0,0,2,0,0,1,0,1,0,2,0,0
"snoRNA:Me28S-G980",0,0,0,0,0,0,0,0,1,0,1,0
"snoRNA:Me28S-U1848",0,0,0,0,1,0,3,1,0,0,0,0
"snoRNA:Me28S-U2134a",0,0,0,0,0,0,0,0,0,0,0,0
"snoRNA:Me28S-U2134b",0,0,0,0,0,0,0,0,0,0,0,2
"snoRNA:Me28S-U3344a",0,1,0,0,0,0,0,0,0,0,0,0
"snoRNA:Me28S-U3344b",0,1,0,1,2,3,4,1,2,3,2,0
"snoRNA:Me5.8S-G74",0,0,0,0,0,0,0,0,0,0,0,0
"snoRNA:MeU6-A47",0,0,0,0,0,4,0,0,0,0,2,0
"snoRNA:MeU6-C68",0,0,0,0,0,0,0,0,0,0,0,0
"snoRNA:Or-ACA6",0,0,0,0,0,0,0,0,0,0,0,0
"snoRNA:Or-ACA7",0,0,0,0,0,0,0,0,0,0,0,0
"snoRNA:Or-ACA8",0,0,0,0,6,0,0,0,0,0,0,0
"snoRNA:Or-ACA9",3,1,0,0,0,0,0,0,0,0,0,0
"snoRNA:Or-CD10",1,0,1,1,1,3,1,2,1,12,3,3
"snoRNA:Or-CD11a",0,0,0,0,0,0,0,0,0,0,0,0
"snoRNA:Or-CD11b",0,0,0,0,1,0,0,0,0,0,0,0
"snoRNA:Or-CD11c",0,0,0,0,0,0,0,0,0,0,0,0
"snoRNA:Or-CD12",0,0,0,0,0,0,0,0,0,0,0,0
"snoRNA:Or-CD13",1,0,1,1,0,6,0,2,1,0,0,1
"snoRNA:Or-CD14",0,0,0,0,0,0,0,0,0,0,0,0
"snoRNA:Or-CD15",0,0,0,0,0,0,0,0,0,0,0,0
"snoRNA:Or-CD16",0,0,0,0,0,0,0,0,0,0,0,0
"snoRNA:Or-CD17",0,0,0,0,0,0,2,1,0,0,0,2
"snoRNA:Or-CD2",0,0,0,0,0,0,0,0,0,0,0,0
"snoRNA:Or-CD4",0,3,2,0,3,1,1,1,5,1,0,0
"snoRNA:Or-CD8",0,3,3,2,8,15,2,3,8,5,5,0
"snoRNA:Or-CD9a",0,0,0,0,0,0,0,0,0,0,0,0
"snoRNA:Or-CD9b",0,0,0,0,0,0,0,0,0,0,0,0
"snoRNA:Or-aca1",0,1,1,0,2,0,2,3,2,0,0,0
"snoRNA:Or-aca2",0,0,0,0,0,0,0,0,0,0,0,0
"snoRNA:Or-aca3",1,4,2,3,7,6,1,0,1,1,3,2
"snoRNA:Or-aca4",0,0,0,0,0,0,0,0,0,0,0,0
"snoRNA:Or-aca5",0,5,0,0,3,2,2,2,6,1,1,2
"snoRNA:Pi4KIIalpha-a",3,0,0,0,1,0,3,1,0,0,0,1
"snoRNA:Psi18S-1086",0,0,0,0,0,0,0,0,0,0,0,0
"snoRNA:Psi18S-110",0,0,0,0,1,0,0,0,0,0,0,0
"snoRNA:Psi18S-1275",3,2,0,7,21,13,7,6,5,13,7,11
"snoRNA:Psi18S-1295",0,0,1,0,0,0,2,0,2,1,0,0
"snoRNA:Psi18S-1347a",0,5,4,0,0,0,2,0,0,0,4,1
"snoRNA:Psi18S-1347b",0,0,0,0,0,0,1,0,0,0,1,0
"snoRNA:Psi18S-1347c",0,0,0,0,0,0,0,1,1,0,0,0
"snoRNA:Psi18S-1377a",4,1,3,6,3,6,4,0,0,4,1,3
"snoRNA:Psi18S-1377b",5,2,3,4,7,0,13,5,6,3,0,0
"snoRNA:Psi18S-1377c",1,6,2,1,1,1,1,2,0,2,3,1
"snoRNA:Psi18S-1377d",2,2,0,0,0,5,2,0,1,0,1,5
"snoRNA:Psi18S-1377e",2,0,0,0,2,2,0,2,6,1,0,0
"snoRNA:Psi18S-1389a",0,0,1,1,0,0,1,2,1,0,2,0
"snoRNA:Psi18S-1389b",0,0,0,0,0,0,1,0,0,0,0,0
"snoRNA:Psi18S-1397",6,0,0,0,0,0,1,0,0,0,1,0
"snoRNA:Psi18S-176",1,0,0,0,0,1,0,0,0,0,0,0
"snoRNA:Psi18S-1820",1,0,0,0,0,0,1,1,0,0,1,1
"snoRNA:Psi18S-1854a",0,0,0,0,0,0,2,0,0,0,0,0
"snoRNA:Psi18S-1854b",0,1,0,0,0,2,0,0,0,0,1,0
"snoRNA:Psi18S-1854c",2,0,1,0,1,2,0,2,0,3,1,0
"snoRNA:Psi18S-301",1,0,0,0,2,0,2,2,3,1,0,2
"snoRNA:Psi18S-525a",0,0,3,0,0,0,1,0,0,0,1,0
"snoRNA:Psi18S-525b",0,0,0,0,0,0,0,0,0,0,0,0
"snoRNA:Psi18S-525c",0,0,0,0,0,0,0,0,0,0,0,0
"snoRNA:Psi18S-525d",0,0,0,1,0,0,0,0,1,2,0,0
"snoRNA:Psi18S-525e",3,3,0,0,0,1,0,1,0,0,0,0
"snoRNA:Psi18S-525f",0,0,0,0,0,0,2,0,1,4,0,0
"snoRNA:Psi18S-525g",1,3,0,2,0,0,2,1,0,2,0,0
"snoRNA:Psi18S-525h",2,0,0,0,0,0,0,0,0,0,0,0
"snoRNA:Psi18S-525i",0,0,0,0,0,1,0,0,1,0,2,0
"snoRNA:Psi18S-525j",1,4,5,0,0,3,0,0,1,0,5,0
"snoRNA:Psi18S-525k",3,0,0,3,4,3,0,0,2,0,0,0
"snoRNA:Psi18S-531",51,35,34,43,38,22,54,39,60,26,76,42
"snoRNA:Psi18S-640a",0,0,0,0,0,0,0,0,0,0,0,0
"snoRNA:Psi18S-640b",0,0,0,1,0,0,0,0,0,0,0,0
"snoRNA:Psi18S-640c",0,0,0,0,0,0,0,0,0,0,0,0
"snoRNA:Psi18S-640d",0,0,0,0,0,2,0,0,1,0,0,0
"snoRNA:Psi18S-640e",0,1,0,0,0,1,0,0,0,0,1,0
"snoRNA:Psi18S-640f",0,1,0,0,0,1,0,0,0,0,0,0
"snoRNA:Psi18S-640g",0,0,2,0,0,0,0,1,2,1,0,0
"snoRNA:Psi18S-841a",4,4,0,3,0,2,1,0,2,0,0,0
"snoRNA:Psi18S-841b",0,0,0,0,0,0,0,2,0,0,0,0
"snoRNA:Psi18S-841c",0,0,0,0,0,0,0,0,0,0,0,0
"snoRNA:Psi18S-841d",0,0,0,0,0,0,0,0,0,0,0,0
"snoRNA:Psi18S-920",16,24,8,8,16,20,15,15,11,15,16,11
"snoRNA:Psi18S-996",0,0,0,0,0,0,1,0,0,0,1,1
"snoRNA:Psi28S-1060",0,4,1,4,1,0,0,0,0,1,0,1
"snoRNA:Psi28S-1135a",5,0,0,0,0,0,0,0,0,1,1,0
"snoRNA:Psi28S-1135b",0,1,0,1,0,0,0,0,0,0,1,0
"snoRNA:Psi28S-1135c",0,0,0,0,0,1,0,2,0,0,0,0
"snoRNA:Psi28S-1135d",0,0,0,2,0,0,1,0,3,1,0,0
"snoRNA:Psi28S-1135e",3,0,1,4,1,0,0,1,0,0,0,1
"snoRNA:Psi28S-1135f",3,0,0,3,0,0,0,4,0,0,0,0
"snoRNA:Psi28S-1153",5,0,8,10,5,8,2,1,0,2,9,0
"snoRNA:Psi28S-1175a",4,1,0,0,1,0,2,4,2,0,0,0
"snoRNA:Psi28S-1175b",2,4,3,1,6,3,5,6,0,3,0,6
"snoRNA:Psi28S-1175c",1,5,7,0,6,1,10,3,0,1,4,0
"snoRNA:Psi28S-1180",0,0,0,0,0,0,0,0,1,0,0,0
"snoRNA:Psi28S-1192a",4,4,0,5,4,10,1,4,2,4,13,2
"snoRNA:Psi28S-1192b",4,2,3,1,9,0,4,1,3,4,0,1
"snoRNA:Psi28S-1192c",3,1,2,2,4,4,2,3,6,1,4,5
"snoRNA:Psi28S-1192d",6,6,6,7,0,5,7,12,15,1,2,4
"snoRNA:Psi28S-1232",15,16,14,0,2,2,13,6,15,0,4,0
"snoRNA:Psi28S-1837a",0,0,0,0,1,0,1,3,0,1,0,0
"snoRNA:Psi28S-1837b",0,0,3,0,1,0,3,0,0,1,1,0
"snoRNA:Psi28S-1837c",1,1,0,0,1,0,1,2,5,4,0,5
"snoRNA:Psi28S-2149",5,0,4,4,1,2,5,0,1,0,6,2
"snoRNA:Psi28S-2179",5,7,10,16,1,12,22,9,5,11,9,12
"snoRNA:Psi28S-2442a",5,9,10,7,0,6,1,5,12,10,6,2
"snoRNA:Psi28S-2442b",4,2,4,3,7,6,5,5,5,4,8,0
"snoRNA:Psi28S-2444",0,0,0,0,2,0,0,3,2,1,0,0
"snoRNA:Psi28S-2562",1,0,1,5,0,0,1,0,0,2,0,2
"snoRNA:Psi28S-2566",15,6,4,3,3,6,10,2,0,15,5,3
"snoRNA:Psi28S-2622",0,0,0,0,0,0,0,0,0,0,0,0
"snoRNA:Psi28S-2626",1,2,2,2,1,5,1,0,0,0,1,1
"snoRNA:Psi28S-2648",4,9,3,2,1,1,3,8,1,7,6,4
"snoRNA:Psi28S-2876",2,1,0,1,0,0,0,0,0,0,1,3
"snoRNA:Psi28S-291",22,6,11,9,16,2,14,12,3,8,11,10
"snoRNA:Psi28S-2949",0,1,0,2,3,0,2,0,0,1,4,0
"snoRNA:Psi28S-2996",19,12,7,11,2,6,22,14,27,17,7,5
"snoRNA:Psi28S-3091a",6,4,17,12,4,12,12,4,8,10,13,13
"snoRNA:Psi28S-3091b",4,14,8,4,12,12,3,8,2,4,7,7
"snoRNA:Psi28S-3186",16,30,8,15,7,6,15,17,20,18,13,8
"snoRNA:Psi28S-3305a",0,0,0,0,0,2,0,0,0,0,0,0
"snoRNA:Psi28S-3305b",2,0,0,0,1,0,0,0,4,0,0,0
"snoRNA:Psi28S-3305c",3,1,0,3,0,3,3,2,0,2,5,7
"snoRNA:Psi28S-3308",0,0,0,0,0,0,0,0,0,0,0,0
"snoRNA:Psi28S-3316a",5,3,0,0,1,0,0,0,0,0,0,0
"snoRNA:Psi28S-3316b",1,1,0,0,2,0,1,2,0,0,2,0
"snoRNA:Psi28S-3316c",0,0,0,0,0,0,0,0,0,0,0,0
"snoRNA:Psi28S-3316d",0,0,0,1,0,0,0,1,0,0,0,0
"snoRNA:Psi28S-3316e",0,1,1,0,0,0,0,0,0,0,0,0
"snoRNA:Psi28S-3327a",4,0,3,2,3,0,0,0,6,1,1,2
"snoRNA:Psi28S-3327b",5,3,1,1,3,1,4,0,3,0,7,2
"snoRNA:Psi28S-3327c",0,0,0,0,2,0,5,0,3,2,6,3
"snoRNA:Psi28S-3342",0,0,1,1,0,2,0,0,0,0,0,0
"snoRNA:Psi28S-3378",0,0,0,0,0,0,0,0,0,1,0,0
"snoRNA:Psi28S-3385a",4,11,9,9,6,4,12,6,11,6,5,11
"snoRNA:Psi28S-3385b",5,13,14,20,13,2,7,19,14,20,10,9
"snoRNA:Psi28S-3405a",0,1,2,0,1,0,0,0,0,0,1,1
"snoRNA:Psi28S-3405b",2,2,0,2,0,1,0,0,0,0,0,0
"snoRNA:Psi28S-3405c",0,0,0,2,3,0,0,1,0,0,2,0
"snoRNA:Psi28S-3405d",0,2,0,0,1,1,0,0,1,0,0,1
"snoRNA:Psi28S-3436a",2,4,4,0,4,2,4,1,8,5,0,5
"snoRNA:Psi28S-3436b",7,4,2,5,3,2,3,1,7,4,4,1
"snoRNA:Psi28S-3571",20,17,6,11,18,20,25,15,31,14,19,14
"snoRNA:SC35-a",0,2,0,1,1,1,2,2,3,0,1,0
"snoRNA:SC35-b",8,7,4,6,0,1,4,4,6,3,2,1
"snoRNA:Tudor-SN-a",11,3,0,9,6,25,2,8,8,8,5,0
"snoRNA:U14:30Ea",1,2,1,2,0,0,0,0,4,0,0,1
"snoRNA:U14:30Eb",2,5,0,1,3,1,2,0,0,0,1,0
"snoRNA:U27:54Ea",0,0,0,1,0,0,0,0,1,0,0,0
"snoRNA:U27:54Eb",0,0,0,1,0,0,0,0,2,0,1,0
"snoRNA:U29:54Eb",0,0,0,0,0,0,0,0,0,0,0,0
"snoRNA:U29:54Ec",0,0,0,0,0,1,0,0,0,0,0,0
"snoRNA:U29:54Ed",0,0,0,0,0,0,0,0,0,0,0,0
"snoRNA:U31:54Eb",0,0,0,0,0,0,0,0,0,0,0,0
"snoRNA:U31:54Ec",0,0,0,0,1,0,1,1,0,1,1,1
"snoRNA:U31:54Ed",0,0,0,0,0,0,0,0,0,0,0,0
"snoRNA:U3:54Aa",0,1,1,1,0,1,0,3,1,0,0,0
"snoRNA:U3:54Ab",19,22,3,13,8,12,12,15,7,4,9,10
"snoRNA:U3:9B",8,0,3,0,3,0,1,1,2,0,4,0
"snoRNA:U49:66Da",1,0,0,0,0,0,0,1,1,0,0,0
"snoRNA:U49:66Db",0,0,1,0,0,0,2,3,2,1,1,0
"snoRNA:U76:54Eb",0,0,0,0,0,0,0,0,0,0,0,0
"snoRNA:abba-a",0,3,1,1,1,0,0,0,0,0,0,0
"snoRNA:gcl-a",1,0,0,0,0,0,0,4,1,1,2,2
"snoRNA:hts-a",0,1,1,2,0,4,0,0,0,0,0,0
"snoRNA:kis-a",0,0,0,0,0,0,0,0,0,0,0,0
"snoRNA:lola-a",0,0,0,0,1,0,0,1,0,3,0,0
"snoRNA:lola-b",0,0,0,0,0,0,0,0,0,0,0,0
"snoRNA:lola-c",0,0,0,0,0,0,0,0,0,0,0,0
"snoRNA:lola-d",0,0,0,0,0,0,0,0,0,1,0,0
"snoRNA:nop5-x16-a",0,0,0,0,0,0,0,0,0,0,0,0
"snoRNA:snR38:54Eb",0,0,2,0,0,0,0,0,0,0,0,0
"snoRNA:snR38:54Ec",4,1,0,0,0,0,0,0,0,0,1,0
"sns",0,0,0,0,0,0,0,0,0,0,0,0
"snsl",28,30,19,12,21,29,17,19,41,34,40,12
"snu",28,4,10,9,19,18,6,7,8,7,18,16
"snz",108,136,129,127,113,145,161,130,140,107,99,165
"so",227,253,265,184,221,209,135,202,188,215,192,178
"sob",21,29,27,30,41,47,23,28,34,39,38,27
"sofe",0,0,0,0,0,0,0,0,0,0,0,0
"sog",194,163,211,152,230,197,249,195,184,208,219,153
"sol",3,1,12,0,8,5,3,7,1,1,1,4
"solo",0,0,0,0,0,0,0,0,0,0,0,0
"sona",36,18,31,28,31,35,17,13,26,28,63,28
"sordd1",43,17,26,14,32,22,23,24,26,13,9,11
"sordd2",7,3,10,7,0,0,5,2,6,0,0,0
"sosie",77,94,82,81,60,115,71,76,55,53,98,73
"soti",2,0,111,2817,2531,3088,0,0,4,1880,1637,1573
"sotv",473,462,432,630,450,725,403,335,367,463,531,423
"sov",4,2,3,2,0,8,2,3,4,5,3,3
"sowah",38,32,54,12,21,21,38,20,42,19,25,29
"sowi",0,0,10,597,666,855,0,0,0,514,485,614
"sp3",135,190,174,134,131,148,184,139,147,134,107,134
"spab",246,209,222,371,283,390,264,207,224,284,316,359
"spag",135,163,143,270,279,348,147,168,145,317,343,243
"spag4",0,1,0,47,48,34,0,0,0,25,34,24
"spartin",10,12,11,7,9,17,14,4,5,11,6,7
"spas",10,4,8,5,6,8,6,7,13,3,6,4
"spaw",0,0,0,0,0,0,0,0,0,0,0,0
"spd-2",46,67,78,206,221,230,55,54,46,163,164,138
"spdi",14,6,11,6,15,15,7,20,9,14,13,5
"spdo",4,5,1,12,0,6,2,4,0,3,2,3
"speck",269,767,189,243,226,297,436,475,213,188,253,209
"spel1",0,0,0,0,0,0,0,0,0,0,0,0
"spen",19,20,15,26,15,40,13,15,5,22,22,13
"spg",0,0,0,0,0,0,0,0,0,0,0,0
"sphe",168,222,161,62,58,14,259,190,91,40,110,22
"sphinx1",0,0,0,8,9,20,1,0,0,30,28,23
"sphinx2",0,0,0,1,0,5,0,0,0,6,12,11
"spi",0,1,0,0,0,1,0,0,0,0,0,1
"spict",0,0,0,0,0,0,0,0,0,0,0,0
"spidey",1399,1695,1427,1329,1118,1310,1685,1436,1459,1490,1827,1467
"spin",0,0,0,0,0,0,0,0,0,0,0,0
"spir",25,39,30,31,22,40,48,33,14,29,34,27
"spirit",0,0,3,0,0,1,0,0,0,2,0,0
"spn-A",0,0,0,0,0,0,0,0,0,0,0,0
"spn-B",30,40,17,30,33,44,25,36,30,30,25,26
"spn-D",3,5,6,0,2,3,6,0,2,2,2,0
"spn-E",114,160,118,131,86,116,115,93,92,104,116,92
"spn-F",0,0,0,0,0,0,0,0,0,0,0,0
"spo",0,0,0,0,0,0,0,0,0,0,0,0
"spok",23,8,11,23,7,9,4,3,3,3,5,7
"spoon",538,513,458,425,420,481,635,570,521,409,402,392
"spri",1,2,1,4,1,0,5,3,4,0,2,1
"sprt",210,179,186,405,169,188,147,164,166,143,198,159
"spt4",126,118,86,139,181,157,154,129,166,149,173,130
"spz",0,1,1,0,0,2,0,0,1,0,0,0
"spz3",299,593,253,399,566,573,332,303,329,218,476,219
"spz4",64,43,36,267,218,188,37,17,29,41,129,54
"spz5",82,205,83,258,233,208,130,133,56,103,392,107
"spz6",68,50,29,61,77,78,36,28,92,54,95,52
"sqa",53,62,39,13,23,25,60,82,20,28,23,45
"sqd",2899,2880,2605,2343,2179,2472,3697,3782,3274,3662,3677,2813
"sqh",12,9,8,4,19,10,4,9,15,2,10,3
"squ",0,0,0,0,0,2,0,0,0,0,1,0
"sqz",56,89,82,72,53,106,57,42,45,50,75,39
"sr",5,3,9,3,5,13,11,4,5,4,7,12
"sra",5,15,16,80,70,118,8,8,10,36,30,32
"srl",20,13,12,11,9,8,36,12,25,9,18,9
"sro",60,65,58,27,25,29,25,35,39,19,12,36
"srp",9,2,1,3,3,0,2,1,0,1,2,0
"srw",0,2,0,2,13,0,0,0,0,1,0,0
"ss",21,13,6,7,13,9,18,11,22,18,16,11
"ssh",12,8,9,9,8,12,6,10,5,11,8,5
"ssp",252,264,287,457,430,464,233,233,238,414,414,322
"ssp2",0,0,0,0,0,0,0,0,0,0,0,0
"ssp3",0,4,0,1,1,0,1,0,1,0,0,0
"ssp5",5,0,113,2930,2812,3729,0,0,0,2710,2280,2229
"ssp6",19,20,20,17,20,31,22,13,22,14,20,13
"ssp7",0,0,0,0,0,0,0,0,0,0,0,0
"sstn",216,241,240,267,274,336,194,207,201,285,280,244
"ssx",39,38,35,54,27,42,18,18,16,38,52,44
"st",218,306,268,109,141,175,236,294,246,285,176,240
"sta",2,3,1,0,0,2,8,2,3,4,4,1
"stac",82,102,71,32,43,52,73,78,83,51,51,57
"stai",0,0,6,150,130,172,2,0,6,140,111,152
"stan",3,8,6,4,2,0,0,1,2,1,1,0
"stas",481,472,506,347,317,392,593,479,346,359,378,342
"stau",1,0,0,1,6,1,5,3,0,1,2,2
"stc",0,0,0,0,0,0,0,0,0,0,0,0
"stck",21,13,18,6,9,25,13,6,16,24,11,11
"ste24a",535,594,497,1156,1058,1316,495,543,629,1031,1149,903
"ste24b",5,11,32,743,710,873,5,5,12,725,673,595
"ste24c",0,0,0,2,3,2,0,0,0,3,3,3
"step",341,339,348,339,315,396,372,297,467,329,404,294
"stet",3,2,4,1,1,4,5,4,4,0,0,0
"stg",36,30,29,21,37,32,66,34,36,25,25,22
"sti",0,0,0,0,0,0,0,0,0,0,0,0
"stil",16,34,22,168,193,229,23,16,21,110,92,97
"stj",3,2,12,3,1,16,5,2,0,3,7,2
"stl",1,4,2,2,1,7,8,13,3,3,3,2
"stmA",0,0,0,0,0,0,0,0,0,0,0,0
"stnA",0,0,0,0,0,0,0,0,0,0,0,0
"stnB",0,0,0,0,0,0,0,0,0,0,0,0
"stol",2,0,0,1,0,0,0,0,0,0,0,0
"stops",0,0,0,0,0,1,1,0,2,0,0,0
"strat",181,157,189,172,208,240,182,192,253,186,187,184
"stum",3,8,9,0,4,7,3,1,6,1,4,5
"stumps",17,20,29,27,20,26,27,27,24,17,37,15
"sturkopf",1,3,2,0,0,0,6,6,2,1,0,2
"stv",9,8,6,3,2,4,3,10,2,5,3,1
"stw",705,692,652,503,521,406,393,501,1052,553,1126,386
"stwl",2,7,4,3,1,2,5,3,4,5,1,2
"stx",65,49,64,52,59,83,42,40,31,58,55,54
"sty",361,342,320,483,475,573,514,448,335,598,546,424
"su(Hw)",1,1,0,1,2,7,0,1,0,6,2,0
"su(f)",8,7,19,1,6,8,8,8,0,2,4,11
"su(r)",903,1051,806,447,527,540,1131,1031,940,775,936,650
"su(sable)",1,2,2,3,1,3,6,2,0,1,1,2
"su(w[a])",174,250,134,59,57,75,109,101,95,127,72,95
"sub",0,0,0,0,0,0,0,0,0,0,0,0
"subdued",0,0,0,0,0,0,0,0,1,0,0,0
"sud1",76,92,78,98,108,109,84,80,86,97,138,86
"sug",2,3,0,3,2,8,0,3,0,2,1,7
"sun",41,55,62,36,33,70,38,39,44,57,54,53
"sunn",18,13,19,26,25,33,4,11,7,25,39,28
"sunz",0,0,14,536,397,468,0,1,0,368,315,296
"superdeath",4,11,7,6,19,7,8,9,6,7,4,5
"sut1",505,594,494,296,295,267,450,410,453,384,392,422
"sut2",30,43,38,12,15,19,40,16,20,27,18,11
"sut3",0,0,0,0,0,0,0,0,0,0,0,0
"sut4",5,0,85,2217,1984,2520,0,0,2,2027,1693,1710
"sv",0,3,4,0,1,5,0,0,3,1,0,0
"svp",0,2,1,0,0,1,1,2,0,2,2,0
"svr",5,10,4,2,8,14,9,10,5,5,9,3
"sw",2,2,3,6,12,5,7,6,3,1,2,8
"swa",30,20,24,43,52,38,10,13,11,37,29,42
"swi2",117,121,109,90,90,120,126,93,86,77,80,116
"swif",0,0,0,0,0,0,0,0,0,0,0,0
"swm",0,0,0,0,0,0,0,0,0,0,0,0
"sws",1,12,6,4,1,7,5,2,0,7,2,5
"sxc",3,0,0,0,0,1,0,0,0,0,0,0
"sxe2",8,16,22,29,26,51,11,12,18,24,53,42
"syd",10,24,16,19,20,11,9,17,12,15,10,14
"synr",11,7,9,4,6,7,3,13,15,6,8,9
"t",92,105,71,4,0,4,1,0,2,0,0,0
"t-Grip128",0,0,11,278,277,300,0,0,0,248,211,215
"t-Grip84",0,0,60,2072,1826,2539,0,0,0,1291,1160,1231
"t-Grip91",0,2,125,1896,1888,2605,0,0,2,1661,1374,1556
"t-cup",0,3,23,481,552,666,0,0,1,330,291,369
"tHMG1",9,3,69,2021,2226,2220,0,0,5,1205,1153,1105
"tHMG2",12,3,2,27,15,26,0,0,0,13,8,16
"tacc",0,0,0,0,0,0,0,0,1,0,0,0
"tadr",0,0,0,0,0,0,0,0,0,0,0,0
"tai",0,0,0,0,0,0,0,0,0,0,0,0
"tal-1A",0,0,0,0,0,0,0,0,0,0,0,0
"tal-2A",0,0,0,0,0,0,0,0,0,0,0,0
"tal-3A",0,0,0,0,0,0,0,0,0,0,0,0
"tal-AA",0,0,0,0,0,0,0,0,0,0,0,0
"tamo",0,0,0,1,4,5,0,0,0,7,4,2
"tank",2,0,2,6,5,8,8,4,1,7,5,2
"tant",2,7,6,4,1,4,5,2,7,3,4,5
"tap",1,4,2,1,0,3,0,2,0,3,3,3
"tapas",11,13,18,13,31,1,21,12,6,10,14,15
"tara",12,10,20,13,9,18,13,22,9,14,17,9
"tau",110,134,104,178,141,268,108,103,89,152,209,155
"tay",16,16,13,18,30,27,22,12,18,19,41,35
"tbc",31,17,20,36,24,30,25,29,19,29,16,17
"tbrd-1",0,0,0,2,10,4,0,0,0,0,0,2
"tbrd-2",1,0,21,382,353,413,0,0,0,293,326,296
"tbrd-3",0,0,7,49,48,85,0,0,0,63,67,60
"tctn",0,0,0,0,0,0,0,0,0,0,0,0
"tea",0,0,0,0,0,0,0,0,0,0,0,0
"tef",83,102,71,92,83,102,98,75,54,85,66,54
"tefu",140,156,149,299,203,315,119,136,145,204,229,219
"tei",0,0,0,0,0,0,0,0,0,0,0,0
"tej",78,100,76,27,16,27,67,42,38,19,25,30
"temp",29,28,16,21,20,39,22,22,29,15,35,21
"teq",0,0,1,3,0,0,0,0,0,0,0,0
"term",0,0,0,0,0,0,2,0,0,0,0,4
"tex",79,99,67,85,74,95,86,77,108,65,107,57
"tey",2,0,0,3,6,12,0,0,0,2,2,7
"tfc",322,354,298,250,413,399,213,194,359,270,457,287
"tgo",124,101,84,112,93,89,108,98,115,133,117,106
"tgy",3,2,1,2,2,3,8,3,9,0,3,6
"thetaTry",63,152,62,0,3,0,275,97,22,0,0,5
"tho2",0,0,0,0,0,0,0,0,0,0,0,0
"thoc5",120,141,113,124,138,166,131,104,108,169,174,133
"thoc6",0,0,0,0,0,0,0,0,0,0,0,0
"thoc7",0,0,0,0,0,0,0,0,0,0,0,0
"thr",0,0,0,0,0,0,0,0,0,0,0,0
"ths",326,257,301,381,270,481,353,268,239,341,356,285
"thw",188,223,179,116,162,199,170,239,266,67,278,78
"tilB",2,6,26,307,258,272,2,7,13,167,158,140
"tim",2,2,0,0,1,1,1,3,1,1,2,0
"timeout",1162,1253,1019,969,1072,1106,97,69,52,109,108,87
"tin",4,0,0,2,5,3,6,0,0,1,6,2
"tinc",0,0,0,0,0,0,0,0,0,0,0,0
"tio",0,0,0,0,0,0,0,0,0,0,0,0
"tipE",70,72,89,132,78,125,111,47,96,161,123,94
"tj",0,0,0,0,0,0,0,0,0,0,0,0
"tko",8,9,10,10,4,9,6,5,7,2,10,6
"tkv",121,156,149,133,96,196,128,159,110,138,129,111
"tld",115,140,112,40,34,48,94,86,27,11,38,22
"tll",0,0,1,5,0,0,0,0,0,0,2,0
"tmod",198,338,205,140,143,194,260,243,168,106,109,147
"tn",203,333,193,65,57,90,252,290,79,76,64,94
"tna",65,59,55,133,109,158,96,66,54,136,107,90
"tnc",0,0,0,0,0,1,0,3,0,0,1,0
"to",0,0,0,0,0,0,0,3,0,0,0,0
"tobi",27,23,41,14,14,15,772,222,116,43,45,140
"toc",121,139,117,392,379,570,109,118,61,383,390,368
"toe",0,0,0,0,0,0,0,0,0,0,0,2
"tok",0,0,0,0,0,0,0,0,0,0,0,0
"tomb",0,0,6,37,54,49,5,1,6,36,28,29
"tomboy20",2,0,73,1818,1872,2108,2,0,5,1473,1204,1205
"tomboy40",3,5,76,1647,1421,1948,2,1,3,1219,1046,1054
"topi",5,8,9,237,201,293,8,8,7,184,181,169
"tor",0,0,0,0,0,0,0,0,0,0,0,0
"tos",54,78,59,52,43,41,51,62,68,54,46,44
"tou",62,61,55,83,59,79,84,68,34,86,71,91
"tous",12,17,43,995,887,1357,8,8,8,710,690,750
"tow",0,0,0,0,0,0,0,0,0,0,0,0
"toy",0,0,0,0,0,0,0,0,0,0,0,0
"tplus3a",0,0,5,158,136,199,0,0,0,83,110,95
"tplus3b",0,0,15,183,173,145,5,0,0,149,144,130
"tpr",46,29,44,311,340,214,23,25,30,33,162,27
"tra",2,9,3,4,25,23,4,8,9,10,12,5
"tra2",5,3,3,20,30,40,3,2,1,10,24,12
"tral",0,0,0,0,0,0,0,0,0,0,0,0
"trbd",757,869,886,928,766,1064,742,709,551,847,868,962
"trbl",831,924,756,609,573,707,830,748,587,525,657,653
"trc",89,93,111,91,85,98,101,105,127,89,99,93
"trem",71,93,79,265,237,238,60,71,63,158,181,138
"trh",0,0,0,0,0,0,0,0,0,0,0,0
"trio",56,84,60,31,17,26,59,59,25,23,19,40
"trk",5,3,4,28,5,11,10,16,6,11,10,6
"trn",0,0,0,0,0,0,0,0,0,0,0,0
"trol",202,189,179,127,144,181,235,187,184,173,174,197
"trp",0,0,0,0,0,0,0,0,0,0,0,0
"trpl",14,18,2,4,4,8,12,3,0,1,6,9
"trr",0,0,0,0,0,0,0,0,0,0,0,0
"trsn",85,94,73,97,87,106,84,77,82,110,124,89
"trus",329,308,252,371,322,415,283,265,306,360,409,307
"trv",73,28,59,55,50,93,51,39,40,76,90,69
"trx",0,0,0,0,0,0,0,0,0,0,0,0
"tsg",0,0,0,0,0,0,0,0,1,0,0,0
"tsh",365,469,413,279,292,481,392,380,361,354,437,318
"tsl",7,2,6,2,7,3,6,9,3,2,3,4
"tsr",7161,7585,6757,4710,6334,6043,8227,8567,10766,7085,9260,7841
"tst",0,0,0,0,0,0,0,1,0,0,0,0
"tsu",251,221,169,222,268,272,227,221,264,222,331,206
"tth",0,0,0,0,0,0,0,2,0,0,0,1
"ttk",0,0,0,0,0,0,0,0,0,0,0,0
"ttm2",0,3,72,1559,1536,1823,1,0,2,1595,1304,1293
"ttm3",0,0,26,647,639,740,0,0,0,422,419,391
"ttm50",2,0,0,0,0,0,0,0,1,1,1,0
"ttv",97,105,122,148,133,231,102,78,106,146,188,111
"tty",7,6,6,5,9,9,9,5,3,3,2,4
"tub",543,733,579,483,465,540,566,531,406,373,493,484
"tud",0,0,0,0,0,0,0,0,0,0,0,0
"tum",32,53,28,101,93,109,50,57,52,80,102,58
"tun",89,79,70,104,88,138,56,56,64,104,122,75
"tup",0,0,0,0,0,0,0,0,0,0,0,0
"tut",88,115,97,138,181,165,54,62,76,122,106,112
"tutl",127,91,101,123,115,179,138,104,90,158,163,135
"tw",0,0,0,0,0,0,0,0,0,0,0,0
"twe",0,0,0,0,0,0,0,0,0,0,0,0
"tweek",0,0,0,0,0,0,0,0,0,0,0,0
"twf",240,208,167,397,282,390,173,177,232,347,344,288
"twi",0,0,0,1,0,0,0,0,0,0,0,0
"twin",113,134,163,827,776,1078,111,120,112,724,599,732
"twit",125,126,116,133,114,130,116,124,120,143,159,145
"twr",270,306,248,374,333,300,283,266,331,371,391,388
"tws",44,60,52,30,28,45,62,83,34,50,35,59
"twy",5,8,17,115,108,126,3,11,6,109,94,115
"twz",9,8,8,28,12,46,11,17,5,21,14,17
"tx",80,71,69,72,86,87,45,82,44,52,123,47
"tyf",0,0,0,0,0,0,0,0,0,0,0,0
"tyn",9,3,2,1,5,5,0,1,1,0,4,2
"tzn",18,13,16,20,8,20,13,8,10,9,17,16
"ubl",121,124,89,164,239,201,224,183,181,107,138,144
"udd",0,0,0,0,0,0,0,0,0,0,0,0
"udt",0,0,0,0,0,0,0,0,0,0,0,0
"uex",138,138,103,86,77,93,143,137,154,112,135,117
"uif",0,0,0,0,0,0,0,0,0,0,0,0
"unc",0,0,0,0,0,2,0,0,0,0,0,0
"unc-104",0,1,2,0,0,0,2,0,4,0,0,1
"unc-119",28,24,33,42,50,46,43,37,53,55,59,45
"unc-13",827,1095,825,697,845,907,469,561,535,537,470,587
"unc-13-4A",55,63,86,101,86,104,115,53,57,163,124,133
"unc-4",0,0,0,0,0,1,1,0,0,0,0,1
"unc-45",12,8,7,2,12,25,6,6,10,7,7,6
"unc-5",1,0,2,3,2,6,4,4,0,0,3,1
"unc79",5,10,12,10,8,7,6,2,6,2,8,8
"unc80",0,0,0,0,0,0,0,0,0,0,0,0
"uncNacbeta",4,1,1,9,1,7,2,2,3,1,4,2
"und",0,0,0,4,3,0,0,0,0,0,0,1
"unk",37,32,35,44,27,55,48,53,31,66,49,34
"uno",0,0,0,0,0,0,0,0,0,0,0,0
"unpg",32,47,35,54,50,59,14,26,28,46,42,29
"up",86,80,80,54,83,113,117,86,79,110,116,71
"upSET",0,0,0,0,0,0,0,0,0,0,0,0
"upd1",0,0,0,10,10,23,0,0,0,4,7,8
"upd2",12,15,10,21,16,31,1,2,12,4,9,5
"upd3",0,2,1,7,14,16,3,4,5,2,7,0
"uri",163,185,148,104,119,125,92,151,113,113,155,126
"ush",5,6,4,8,12,5,6,6,2,5,5,14
"usp",2,0,1,3,0,0,4,1,0,0,0,1
"uzip",41,53,40,76,49,76,38,41,62,56,72,69
"v",174,177,108,163,204,162,143,121,200,142,210,147
"vanin-like",51,68,27,14,11,6,26,28,27,13,8,8
"vap",29,26,22,21,26,22,12,17,20,23,15,12
"vari",2,0,0,0,1,2,2,0,0,0,0,1
"vas",0,0,0,0,0,0,0,0,0,0,0,0
"veil",0,0,0,0,0,0,0,0,0,0,0,0
"veli",0,4,0,0,0,0,0,0,0,0,0,0
"velo",0,0,1,2,4,8,0,0,0,3,1,2
"ver",0,2,0,3,3,4,3,5,6,3,0,3
"verm",19,51,57,20,26,44,21,29,21,18,41,17
"vers",143,177,148,164,153,149,175,175,197,151,203,161
"vex",137,134,148,166,144,209,106,80,116,177,211,133
"vg",81,105,108,128,91,76,112,87,90,103,95,61
"viaf",985,925,902,1176,1156,1193,910,781,1080,1044,1485,990
"vib",0,0,3,5,3,2,0,4,0,0,1,0
"vig",1,0,0,5,1,8,0,1,0,6,3,0
"vig2",0,0,0,0,0,0,0,0,0,0,1,0
"vih",380,378,349,1585,1461,1944,362,306,396,1262,1386,1208
"vilya",5,6,6,13,12,28,7,5,2,8,15,15
"vimar",0,0,0,0,0,0,0,0,0,0,0,0
"vir",111,196,155,113,125,158,143,143,120,151,139,151
"vir-1",0,0,0,0,0,0,0,0,0,0,0,0
"vis",0,0,1,10,22,20,1,2,0,19,11,13
"vito",125,105,66,90,61,72,105,98,104,100,97,80
"vkg",0,0,0,0,0,0,0,0,0,0,0,1
"vlc",5,5,6,18,6,23,4,15,6,5,9,11
"vls",96,71,99,108,103,80,70,86,84,70,105,71
"vn",125,97,135,152,136,124,137,108,135,193,160,150
"vnc",0,0,0,0,0,0,0,0,0,0,0,0
"vnd",21,48,19,16,14,7,50,34,24,14,15,14
"vret",42,46,38,124,104,118,53,35,22,69,84,74
"vri",3,4,3,3,3,6,1,3,4,4,3,1
"vrs",66,67,273,5020,4932,5814,21,28,21,4353,3785,3537
"vsg",0,0,0,0,0,0,0,0,0,0,0,0
"vtd",1,6,3,5,3,0,1,1,4,3,3,6
"vvl",34,24,16,42,30,37,24,29,24,35,51,26
"w",780,874,729,1421,1351,1635,817,891,1003,1457,1761,1370
"w-cup",0,0,0,0,0,0,0,0,0,0,0,0
"wa-cup",0,0,61,1209,1019,1382,0,0,0,868,809,757
"wac",6,3,3,6,9,10,7,5,6,21,3,10
"wake",125,156,119,149,128,223,169,109,122,146,151,135
"wal",48,31,47,20,24,37,47,36,51,42,38,40
"wam",4,4,119,2222,1942,2788,2,0,6,1946,1595,1659
"wap",32,32,33,36,20,30,36,38,23,40,35,22
"wapl",4,6,0,2,0,1,1,0,0,3,4,2
"wash",1,1,0,0,0,1,0,3,1,0,0,0
"wat",2998,3305,2811,2603,3124,3389,2362,2144,3686,2943,5047,2889
"waw",0,0,0,0,0,0,0,0,0,0,0,0
"wb",5,6,3,19,5,20,6,13,13,10,6,10
"wbl",0,0,0,1,1,1,2,0,0,3,4,4
"wcd",118,134,97,119,83,82,138,126,150,111,85,88
"wcy",19,21,18,37,29,41,33,38,24,28,27,26
"wda",92,140,146,142,143,176,88,103,115,111,127,113
"wdb",9,10,8,7,0,5,0,13,0,3,1,4
"wde",13,11,8,10,8,21,13,13,7,10,4,8
"wdn",176,208,194,198,222,205,147,190,181,171,241,188
"wdp",10,14,18,9,12,7,6,10,5,5,13,11
"wds",17,22,21,21,28,31,33,21,5,13,20,20
"wech",40,37,37,40,37,50,42,53,33,53,47,35
"wek",13,7,13,14,8,7,16,8,10,9,8,4
"wfs1",0,0,0,0,0,0,0,0,0,0,0,0
"wg",9,6,15,18,24,27,11,14,7,13,35,16
"wge",0,0,0,0,0,0,0,0,0,0,0,0
"wgn",1,18,4,0,0,5,10,18,4,3,3,1
"whd",0,0,0,0,0,0,0,0,0,0,0,0
"whe",0,0,0,0,0,0,0,0,0,0,0,0
"whip",0,0,30,753,724,811,0,0,1,681,564,494
"wisp",0,2,0,0,0,0,0,0,0,0,0,0
"wit",0,0,0,0,0,0,0,0,0,0,0,0
"witty",297,260,308,292,229,305,310,213,271,280,301,276
"wkd",17,32,32,35,44,27,40,45,23,31,33,25
"wls",2,6,1,3,1,7,7,3,2,3,1,1
"wmd",0,2,0,8,2,5,0,0,0,3,4,4
"wnd",6,12,1,16,2,3,2,3,1,4,6,1
"wntD",0,0,2,2,1,0,0,2,0,0,0,0
"woc",0,0,0,0,2,0,0,0,0,0,0,0
"wol",444,553,548,411,452,412,469,588,527,531,493,459
"wor",3,1,0,0,3,0,0,0,0,0,0,0
"wrapper",167,126,118,132,141,198,110,83,116,123,200,114
"wrd",23,20,11,10,7,6,19,15,5,12,11,1
"wrm1",0,0,0,0,0,0,0,0,0,0,0,0
"wrm2",0,0,0,0,0,0,0,0,0,0,0,0
"wry",0,0,0,0,0,0,0,0,0,0,0,0
"wtrw",52,47,54,15,31,40,26,45,30,22,38,25
"wts",637,679,636,550,575,795,665,581,545,631,802,630
"wuc",0,0,0,0,0,0,0,0,0,0,0,0
"wuho",167,163,120,177,188,192,196,145,144,205,230,191
"wun",8,6,3,6,7,2,4,8,1,2,1,3
"wun2",3,0,0,2,8,4,3,0,2,5,2,1
"wupA",60,92,78,41,46,59,49,62,75,47,37,61
"wus",2,2,4,2,8,10,1,2,6,0,6,6
"wwk",0,0,0,0,0,0,0,0,0,0,0,0
"x16",0,0,0,0,0,0,0,0,0,0,0,0
"xit",197,249,171,192,169,142,168,161,160,183,239,125
"xmas",12,13,8,14,30,18,15,15,29,14,11,20
"y",878,659,666,2924,3542,3500,803,386,1139,2034,5431,1957
"yata",105,136,123,137,122,113,130,105,120,116,89,122
"yellow-b",5,2,7,1,2,4,4,1,1,0,5,3
"yellow-c",0,0,0,0,0,1,0,0,0,0,1,1
"yellow-d",232,234,181,195,222,198,344,224,283,247,214,183
"yellow-d2",1001,881,854,1090,1723,1718,582,447,1194,1061,1938,976
"yellow-e",2274,2908,2535,1034,1346,1414,1414,1830,2152,1787,1782,1983
"yellow-e2",0,5,5,30,18,26,5,1,2,11,9,7
"yellow-e3",2,3,0,0,0,3,0,0,1,1,1,1
"yellow-f",3,0,4,2,0,0,1,0,0,1,1,0
"yellow-f2",460,817,390,130,143,124,453,539,273,230,132,257
"yellow-g",12,37,15,18,14,7,19,34,18,7,10,10
"yellow-g2",1,6,1,1,0,0,0,0,0,3,1,2
"yellow-h",678,711,581,766,860,918,634,557,1011,607,1235,637
"yellow-k",1,0,0,10,8,6,0,0,0,11,6,6
"yem",0,0,0,0,0,0,0,0,0,0,0,0
"yin",41,52,34,24,22,13,12,8,24,13,36,17
"yip2",2352,2803,1822,1839,2402,1997,2376,2421,2965,2424,3067,2059
"yip3",0,0,3,17,13,19,0,0,0,12,12,20
"yip7",117,346,106,9,0,0,200,175,25,2,0,6
"yki",0,0,0,0,0,0,0,0,0,0,0,0
"yl",0,0,0,0,0,0,0,0,0,0,0,0
"ymp",0,0,38,679,633,722,1,1,1,769,593,578
"yps",521,378,430,584,539,575,532,523,454,742,683,479
"yrt",0,9,2,1,0,2,7,2,1,4,6,2
"ytr",0,0,0,0,0,0,0,0,0,0,0,0
"yuri",2,8,2,0,7,13,6,6,4,5,13,10
"z",0,0,0,0,0,0,0,0,0,0,0,0
"zda",35,54,65,60,81,82,73,79,98,75,62,84
"zen",0,0,1,0,0,1,2,0,1,1,1,1
"zen2",0,0,0,0,0,0,0,0,0,0,0,0
"zetaCOP",50,65,64,64,64,54,50,44,81,70,102,42
"zetaTry",5,14,6,0,0,0,17,18,0,0,0,2
"zf30C",346,462,374,390,441,450,375,419,358,362,497,408
"zfh1",0,0,0,0,0,0,0,0,0,0,0,0
"zfh2",45,38,39,55,48,69,40,32,34,45,40,41
"zip",417,526,487,462,455,378,399,525,543,588,592,498
"zld",14,29,69,35,14,17,17,12,10,19,26,16
"zormin",8,1,13,3,3,0,3,1,23,4,3,7
"zpg",0,0,0,0,0,0,0,0,0,0,0,0
"zuc",15,22,16,22,26,25,11,21,6,16,16,8
"zyd",38,72,48,66,35,52,74,44,60,45,38,48
"zye",2031,3247,3198,1160,2177,2454,2152,1537,2444,1165,2798,1232
