"ONTOLOGY","ID","Description","GeneRatio","BgRatio","RichFactor","FoldEnrichment","zScore","pvalue","p.adjust","qvalue","geneID","Count","sex","direction"
"BP","GO:0044419","biological process involved in interspecies interaction between organisms","30/88","333/5982",0.0900900900900901,6.12407862407862,11.7564252231258,1.02734314587362e-16,6.9859333919406e-14,6.65069510223447e-14,"TotZ/LysP/LysX/AttD/sau/TotA/LysD/CG12780/LysE/Nazo/DptA/CG14499/TotX/Sting/Drs/Spn88Eb/Srg2/Tep1/edin/PPO1/Uev1A/PGRP-SC2/TotC/Mtk/IBIN/BomS1/BomBc1/CRIF/Tep2/AttC",30,"female","down"
"BP","GO:0009607","response to biotic stimulus","28/88","302/5982",0.0927152317880795,6.30252859723058,11.5540833067827,6.77752103090247e-16,1.15217857525342e-13,1.09688827210658e-13,"TotZ/LysP/LysX/AttD/TotA/LysD/CG12780/LysE/Nazo/DptA/TotX/Sting/Drs/Spn88Eb/Srg2/Tep1/edin/PPO1/Uev1A/PGRP-SC2/TotC/Mtk/IBIN/BomS1/BomBc1/CRIF/Tep2/AttC",28,"female","down"
"BP","GO:0043207","response to external biotic stimulus","28/88","302/5982",0.0927152317880795,6.30252859723058,11.5540833067827,6.77752103090247e-16,1.15217857525342e-13,1.09688827210658e-13,"TotZ/LysP/LysX/AttD/TotA/LysD/CG12780/LysE/Nazo/DptA/TotX/Sting/Drs/Spn88Eb/Srg2/Tep1/edin/PPO1/Uev1A/PGRP-SC2/TotC/Mtk/IBIN/BomS1/BomBc1/CRIF/Tep2/AttC",28,"female","down"
"BP","GO:0051707","response to other organism","28/88","302/5982",0.0927152317880795,6.30252859723058,11.5540833067827,6.77752103090247e-16,1.15217857525342e-13,1.09688827210658e-13,"TotZ/LysP/LysX/AttD/TotA/LysD/CG12780/LysE/Nazo/DptA/TotX/Sting/Drs/Spn88Eb/Srg2/Tep1/edin/PPO1/Uev1A/PGRP-SC2/TotC/Mtk/IBIN/BomS1/BomBc1/CRIF/Tep2/AttC",28,"female","down"
"BP","GO:0009617","response to bacterium","21/88","176/5982",0.119318181818182,8.11092458677686,11.699493555759,3.81761370248529e-14,5.19195463537999e-12,4.94280510953358e-12,"TotZ/LysP/LysX/AttD/TotA/LysD/LysE/DptA/TotX/Sting/Drs/edin/PPO1/Uev1A/PGRP-SC2/TotC/Mtk/BomS1/BomBc1/Tep2/AttC",21,"female","down"
"BP","GO:0098542","defense response to other organism","22/88","274/5982",0.0802919708029197,5.45802919708029,9.22995065473542,2.99213209615853e-11,3.391083042313e-09,3.22835305111842e-09,"LysP/LysX/AttD/LysD/CG12780/LysE/Nazo/DptA/Sting/Drs/Srg2/Tep1/edin/PPO1/Uev1A/PGRP-SC2/Mtk/BomS1/BomBc1/CRIF/Tep2/AttC",22,"female","down"
"BP","GO:0006952","defense response","22/88","281/5982",0.0782918149466192,5.3220640569395,9.06759282626079,4.93261019886758e-11,4.79167847889993e-09,4.5617372515843e-09,"LysP/LysX/AttD/LysD/CG12780/LysE/Nazo/DptA/Sting/Drs/Srg2/Tep1/edin/PPO1/Uev1A/PGRP-SC2/Mtk/BomS1/BomBc1/CRIF/Tep2/AttC",22,"female","down"
"BP","GO:0042742","defense response to bacterium","16/88","157/5982",0.101910828025478,6.92762015055009,9.19613628059772,6.6919319359195e-10,5.68814214553157e-08,5.41518176393486e-08,"LysP/LysX/AttD/LysD/LysE/DptA/Sting/Drs/edin/PPO1/Uev1A/PGRP-SC2/Mtk/BomBc1/Tep2/AttC",16,"female","down"
"BP","GO:0002376","immune system process","20/88","266/5982",0.075187969924812,5.11107313738893,8.38056083265586,9.07547770950136e-10,6.85702760273436e-08,6.52797519455361e-08,"TotZ/TotA/LysE/DptA/TotX/Sting/Drs/Tep1/edin/PPO1/Uev1A/PGRP-SC2/TotC/Mtk/BomS1/BomBc1/CRIF/Tep2/AttC/CG13559",20,"female","down"
"BP","GO:0140546","defense response to symbiont","17/88","203/5982",0.083743842364532,5.69267801164353,8.31123571174304,3.94222896299139e-09,2.68071569483414e-07,2.55207453919969e-07,"CG12780/LysE/Nazo/DptA/Sting/Drs/Srg2/Tep1/PPO1/Uev1A/PGRP-SC2/Mtk/BomS1/BomBc1/CRIF/Tep2/AttC",17,"female","down"
"BP","GO:0050829","defense response to Gram-negative bacterium","10/88","74/5982",0.135135135135135,9.18611793611794,8.65758542061318,9.39626509628723e-08,5.8086002413412e-06,5.52985936288674e-06,"LysP/LysX/LysD/LysE/DptA/Drs/edin/PGRP-SC2/Mtk/Tep2",10,"female","down"
"BP","GO:0006959","humoral immune response","10/88","75/5982",0.133333333333333,9.06363636363636,8.58620498411198,1.07127311886018e-07,6.07054767354101e-06,5.77923656227202e-06,"DptA/Sting/Drs/edin/PPO1/PGRP-SC2/Mtk/BomS1/BomBc1/AttC",10,"female","down"
"BP","GO:0006955","immune response","15/88","207/5982",0.072463768115942,4.92588932806324,7.02377195327884,2.50277463453454e-07,1.3091436549873e-05,1.24632097185323e-05,"LysE/DptA/Sting/Drs/Tep1/edin/PPO1/Uev1A/PGRP-SC2/Mtk/BomS1/BomBc1/CRIF/Tep2/AttC",15,"female","down"
"BP","GO:0050830","defense response to Gram-positive bacterium","6/88","31/5982",0.193548387096774,13.1568914956012,8.29147095603286,4.67781991399642e-06,0.000227208395822683,0.000216305206549459,"AttD/edin/PPO1/Mtk/BomBc1/AttC",6,"female","down"
"BP","GO:0019730","antimicrobial humoral response","8/88","67/5982",0.119402985074627,8.11668928086839,7.15749746805436,5.11061591459457e-06,0.000231681254794954,0.000220563423682502,"DptA/Sting/Drs/PGRP-SC2/Mtk/BomS1/BomBc1/AttC",8,"female","down"
"BP","GO:0019731","antibacterial humoral response","6/88","35/5982",0.171428571428571,11.6532467532468,7.72307426141855,9.8371518095092e-06,0.000418078951904141,0.000398016339661063,"DptA/Drs/PGRP-SC2/Mtk/BomBc1/AttC",6,"female","down"
"BP","GO:0034644","cellular response to UV","4/88","11/5982",0.363636363636364,24.7190082644628,9.62038616145329,1.33398431789347e-05,0.000533593727157388,0.000507987836225686,"TotZ/TotA/TotC/ninaD",4,"female","down"
"BP","GO:0034605","cellular response to heat","5/88","23/5982",0.217391304347826,14.7776679841897,8.08865126658543,1.6781376276162e-05,0.000633963103766118,0.000603540725721614,"TotZ/TotA/TotX/Hsp70Ab/TotC",5,"female","down"
"BP","GO:0051607","defense response to virus","5/88","33/5982",0.151515151515152,10.2995867768595,6.54518321980131,0.000105414523153974,0.00377273030235274,0.0035916859689581,"CG12780/Nazo/Sting/Srg2/CRIF",5,"female","down"
"BP","GO:0009615","response to virus","5/88","38/5982",0.131578947368421,8.94437799043062,6.00254561408045,0.000210412979647784,0.00699985087314128,0.00666394471669023,"CG12780/Nazo/Sting/Srg2/CRIF",5,"female","down"
"BP","GO:0009411","response to UV","4/88","21/5982",0.19047619047619,12.9480519480519,6.70147435754538,0.000216171865199951,0.00699985087314128,0.00666394471669023,"TotZ/TotA/TotC/ninaD",4,"female","down"
"BP","GO:0045087","innate immune response","9/88","154/5982",0.0584415584415584,3.97269775678867,4.5664059340771,0.000395533792199264,0.0122255899407045,0.0116389130240453,"LysE/DptA/Sting/Tep1/PPO1/Uev1A/PGRP-SC2/CRIF/Tep2",9,"female","down"
"BP","GO:0009620","response to fungus","5/88","46/5982",0.108695652173913,7.38883399209486,5.31467540175163,0.000523901468396011,0.0154892608047516,0.0147459681035948,"Drs/Spn88Eb/PPO1/Mtk/BomS1",5,"female","down"
"BP","GO:0019732","antifungal humoral response","3/88","12/5982",0.25,16.9943181818182,6.77629587371753,0.000614896556084639,0.0174220690890648,0.0165860255259672,"Drs/Mtk/BomS1",3,"female","down"
"BP","GO:0009408","response to heat","5/88","51/5982",0.0980392156862745,6.6644385026738,4.96365014893919,0.000847504483488583,0.0230521219508895,0.0219459055724412,"TotZ/TotA/TotX/Hsp70Ab/TotC",5,"female","down"
"BP","GO:0071482","cellular response to light stimulus","4/88","35/5982",0.114285714285714,7.76883116883117,4.90706607954571,0.0016164826723215,0.0422772391222547,0.0402484552015273,"TotZ/TotA/TotC/ninaD",4,"female","down"
"BP","GO:0050832","defense response to fungus","4/88","37/5982",0.108108108108108,7.34889434889435,4.73310570993364,0.00199389922917387,0.0502167213273418,0.0478069405825313,"Drs/PPO1/Mtk/BomS1",4,"female","down"
"BP","GO:0034599","cellular response to oxidative stress","3/88","24/5982",0.125,8.49715909090909,4.49650695691246,0.00497982006099217,0.120938487195524,0.115134937500383,"TotZ/TotA/TotX",3,"female","down"
"BP","GO:0071478","cellular response to radiation","4/88","49/5982",0.0816326530612245,5.54916512059369,3.9067510543319,0.00559573275152465,0.131210285208164,0.124913816413345,"TotZ/TotA/TotC/ninaD",4,"female","down"
"BP","GO:0009266","response to temperature stimulus","5/88","80/5982",0.0625,4.24857954545455,3.57406188372231,0.006216689307588,0.137383649359787,0.13079093553602,"TotZ/TotA/TotX/Hsp70Ab/TotC",5,"female","down"
"BP","GO:0062197","cellular response to chemical stress","3/88","26/5982",0.115384615384615,7.84353146853147,4.27280201311353,0.00626307813257853,0.137383649359787,0.13079093553602,"TotZ/TotA/TotX",3,"female","down"
"BP","GO:0071214","cellular response to abiotic stimulus","4/88","53/5982",0.0754716981132075,5.1303602058319,3.69027141339531,0.00739747376906724,0.152432792817143,0.145117906474525,"TotZ/TotA/TotC/ninaD",4,"female","down"
"BP","GO:0104004","cellular response to environmental stimulus","4/88","53/5982",0.0754716981132075,5.1303602058319,3.69027141339531,0.00739747376906724,0.152432792817143,0.145117906474525,"TotZ/TotA/TotC/ninaD",4,"female","down"
"BP","GO:0032543","mitochondrial translation","5/88","85/5982",0.0588235294117647,3.99866310160428,3.40208175760665,0.00801118673653235,0.160223734730647,0.152534979658433,"mRpS33/mRpL51/mRpS18C/mRpS18A/mRpS17",5,"female","down"
"BP","GO:0140053","mitochondrial gene expression","5/88","96/5982",0.0520833333333333,3.54048295454545,3.0659491279433,0.0131684135726865,0.255843463697909,0.243566145780517,"mRpS33/mRpL51/mRpS18C/mRpS18A/mRpS17",5,"female","down"
"BP","GO:0006631","fatty acid metabolic process","5/88","97/5982",0.0515463917525773,3.50398313027179,3.03785614027342,0.013726924860013,0.259286358466913,0.246843824237077,"CG30008/Acsx1R/Acbp5/CG7900/Fatp1",5,"female","down"
"BP","GO:0045088","regulation of innate immune response","5/88","99/5982",0.0505050505050505,3.4331955922865,2.98276037983373,0.0148915526722388,0.273682589651957,0.260549214606739,"LysE/DptA/Sting/Uev1A/PGRP-SC2",5,"female","down"
"BP","GO:0002684","positive regulation of immune system process","5/88","104/5982",0.0480769230769231,3.26813811188811,2.85098246688555,0.0180892801494796,0.323702907938056,0.308169177061772,"DptA/Sting/Uev1A/PGRP-SC2/CG13559",5,"female","down"
"BP","GO:0045089","positive regulation of innate immune response","4/88","74/5982",0.0540540540540541,3.67444717444717,2.82847804617316,0.0230475792509361,0.401855227965039,0.382571153558048,"DptA/Sting/Uev1A/PGRP-SC2",4,"female","down"
"BP","GO:0006979","response to oxidative stress","4/88","77/5982",0.051948051948052,3.53128689492326,2.73149213167613,0.0262274618195112,0.442700005885086,0.421455887955616,"TotZ/TotA/TotX/TotC",4,"female","down"
"BP","GO:0002682","regulation of immune system process","6/88","156/5982",0.0384615384615385,2.61451048951049,2.49655478948576,0.0267799680283744,0.442700005885086,0.421455887955616,"LysE/DptA/Sting/Uev1A/PGRP-SC2/CG13559",6,"female","down"
"BP","GO:0009611","response to wounding","4/88","78/5982",0.0512820512820513,3.48601398601399,2.70023067163687,0.0273432356576083,0.442700005885086,0.421455887955616,"AttD/Drs/PPO1/Mtk",4,"female","down"
"BP","GO:0001676","long-chain fatty acid metabolic process","2/88","19/5982",0.105263157894737,7.1555023923445,3.28345502372072,0.03110861118335,0.463161904544438,0.440935868877445,"Acsx1R/Fatp1",2,"female","down"
"BP","GO:0010324","membrane invagination","2/88","19/5982",0.105263157894737,7.1555023923445,3.28345502372072,0.03110861118335,0.463161904544438,0.440935868877445,"sau/NimC4",2,"female","down"
"BP","GO:0099024","plasma membrane invagination","2/88","19/5982",0.105263157894737,7.1555023923445,3.28345502372072,0.03110861118335,0.463161904544438,0.440935868877445,"sau/NimC4",2,"female","down"
"BP","GO:0061844","antimicrobial humoral immune response mediated by antimicrobial peptide","3/88","47/5982",0.0638297872340425,4.3389748549323,2.80785636183008,0.0313315406015355,0.463161904544438,0.440935868877445,"Sting/Drs/PGRP-SC2",3,"female","down"
"BP","GO:0035337","fatty-acyl-CoA metabolic process","2/88","20/5982",0.1,6.79772727272727,3.17321841271886,0.0342399778264663,0.495223064834403,0.471458490515724,"CG17560/Acsx1R",2,"female","down"
"BP","GO:1901568","fatty acid derivative metabolic process","2/88","21/5982",0.0952380952380952,6.47402597402597,3.07029504533193,0.0374886069327272,0.495223064834403,0.471458490515724,"CG17560/Acsx1R",2,"female","down"
"BP","GO:0050776","regulation of immune response","5/88","127/5982",0.0393700787401575,2.67627057981389,2.33295147204919,0.0385482708953766,0.495223064834403,0.471458490515724,"LysE/DptA/Sting/Uev1A/PGRP-SC2",5,"female","down"
"BP","GO:0002221","pattern recognition receptor signaling pathway","3/88","51/5982",0.0588235294117647,3.99866310160428,2.62767696107402,0.0385982682885638,0.495223064834403,0.471458490515724,"Sting/Uev1A/PGRP-SC2",3,"female","down"
"BP","GO:0002757","immune response-activating signaling pathway","3/88","51/5982",0.0588235294117647,3.99866310160428,2.62767696107402,0.0385982682885638,0.495223064834403,0.471458490515724,"Sting/Uev1A/PGRP-SC2",3,"female","down"
"BP","GO:0002758","innate immune response-activating signaling pathway","3/88","51/5982",0.0588235294117647,3.99866310160428,2.62767696107402,0.0385982682885638,0.495223064834403,0.471458490515724,"Sting/Uev1A/PGRP-SC2",3,"female","down"
"BP","GO:0002764","immune response-regulating signaling pathway","3/88","51/5982",0.0588235294117647,3.99866310160428,2.62767696107402,0.0385982682885638,0.495223064834403,0.471458490515724,"Sting/Uev1A/PGRP-SC2",3,"female","down"
"BP","GO:0043604","amide biosynthetic process","9/88","316/5982",0.0284810126582278,1.93606156501726,2.08897306891063,0.0416698999312263,0.510318910940851,0.485829922954525,"Paip2/Sting/mRpS33/Acsx1R/PGRP-SC2/mRpL51/mRpS18C/mRpS18A/mRpS17",9,"female","down"
"BP","GO:0002218","activation of innate immune response","3/88","53/5982",0.0566037735849057,3.84777015437393,2.54434099422324,0.0425264608577659,0.510318910940851,0.485829922954525,"Sting/Uev1A/PGRP-SC2",3,"female","down"
"BP","GO:0002831","regulation of response to biotic stimulus","5/88","131/5982",0.0381679389312977,2.59455239417071,2.25466780908286,0.0431362329848406,0.510318910940851,0.485829922954525,"LysE/DptA/Sting/Uev1A/PGRP-SC2",5,"female","down"
"BP","GO:0032787","monocarboxylic acid metabolic process","5/88","131/5982",0.0381679389312977,2.59455239417071,2.25466780908286,0.0431362329848406,0.510318910940851,0.485829922954525,"CG30008/Acsx1R/Acbp5/CG7900/Fatp1",5,"female","down"
"BP","GO:0080134","regulation of response to stress","6/88","176/5982",0.0340909090909091,2.31740702479339,2.16750927517121,0.0443575941380171,0.510318910940851,0.485829922954525,"LysE/DptA/Sting/Uev1A/PGRP-SC2/Erasp",6,"female","down"
"BP","GO:0002253","activation of immune response","3/88","54/5982",0.0555555555555556,3.77651515151515,2.50418264694169,0.0445632471479483,0.510318910940851,0.485829922954525,"Sting/Uev1A/PGRP-SC2",3,"female","down"
"BP","GO:0006633","fatty acid biosynthetic process","3/88","55/5982",0.0545454545454545,3.70785123966942,2.46497122925236,0.0466480431741438,0.510318910940851,0.485829922954525,"CG30008/Acsx1R/Fatp1",3,"female","down"
"BP","GO:0031347","regulation of defense response","5/88","134/5982",0.0373134328358209,2.53646540027137,2.19783291701059,0.0467853494175345,0.510318910940851,0.485829922954525,"LysE/DptA/Sting/Uev1A/PGRP-SC2",5,"female","down"
"BP","GO:0002777","antimicrobial peptide biosynthetic process","2/88","24/5982",0.0833333333333333,5.66477272727273,2.79775082351279,0.0478980956800343,0.510318910940851,0.485829922954525,"Sting/PGRP-SC2",2,"female","down"
"BP","GO:0002805","regulation of antimicrobial peptide biosynthetic process","2/88","24/5982",0.0833333333333333,5.66477272727273,2.79775082351279,0.0478980956800343,0.510318910940851,0.485829922954525,"Sting/PGRP-SC2",2,"female","down"
"BP","GO:0050657","nucleic acid transport","3/88","56/5982",0.0535714285714286,3.64163961038961,2.42666557658852,0.0487804841340519,0.510318910940851,0.485829922954525,"Vha16-1/Arc1/Rae1",3,"female","down"
"BP","GO:0050658","RNA transport","3/88","56/5982",0.0535714285714286,3.64163961038961,2.42666557658852,0.0487804841340519,0.510318910940851,0.485829922954525,"Vha16-1/Arc1/Rae1",3,"female","down"
"BP","GO:0050778","positive regulation of immune response","4/88","96/5982",0.0416666666666667,2.83238636363636,2.21139187869548,0.0523040973489257,0.531867401016506,0.506344352360915,"DptA/Sting/Uev1A/PGRP-SC2",4,"female","down"
"BP","GO:0051236","establishment of RNA localization","3/88","58/5982",0.0517241379310345,3.516065830721,2.35261923370603,0.0531867401016506,0.531867401016506,0.506344352360915,"Vha16-1/Arc1/Rae1",3,"female","down"
"BP","GO:0072330","monocarboxylic acid biosynthetic process","3/88","58/5982",0.0517241379310345,3.516065830721,2.35261923370603,0.0531867401016506,0.531867401016506,0.506344352360915,"CG30008/Acsx1R/Fatp1",3,"female","down"
"BP","GO:0002833","positive regulation of response to biotic stimulus","4/88","98/5982",0.0408163265306122,2.77458256029685,2.16419349096854,0.0556510790118504,0.54844541634867,0.522126828257635,"DptA/Sting/Uev1A/PGRP-SC2",4,"female","down"
"BP","GO:0031349","positive regulation of defense response","4/88","99/5982",0.0404040404040404,2.7465564738292,2.14103603828428,0.0573672695945709,0.557282047490118,0.530539410536258,"DptA/Sting/Uev1A/PGRP-SC2",4,"female","down"
"BP","GO:0009416","response to light stimulus","4/88","102/5982",0.0392156862745098,2.66577540106952,2.07324696752601,0.0626856385435906,0.600369495910445,0.571559195023101,"TotZ/TotA/TotC/ninaD",4,"female","down"
"BP","GO:0043043","peptide biosynthetic process","8/88","292/5982",0.0273972602739726,1.86239103362391,1.84613177166706,0.0643416573050806,0.607671207881316,0.578510515243049,"Paip2/Sting/mRpS33/PGRP-SC2/mRpL51/mRpS18C/mRpS18A/mRpS17",8,"female","down"
"BP","GO:0043603","amide metabolic process","10/88","399/5982",0.025062656641604,1.70369104579631,1.777697371501,0.0668590668726538,0.622796787306912,0.592910254169893,"Paip2/CG17560/Sting/mRpS33/Acsx1R/PGRP-SC2/mRpL51/mRpS18C/mRpS18A/mRpS17",10,"female","down"
"BP","GO:0006637","acyl-CoA metabolic process","2/88","30/5982",0.0666666666666667,4.53181818181818,2.36946706009621,0.071365318964912,0.647045558615203,0.615995384749767,"CG17560/Acsx1R",2,"female","down"
"BP","GO:0035383","thioester metabolic process","2/88","30/5982",0.0666666666666667,4.53181818181818,2.36946706009621,0.071365318964912,0.647045558615203,0.615995384749767,"CG17560/Acsx1R",2,"female","down"
"BP","GO:0015931","nucleobase-containing compound transport","3/88","66/5982",0.0454545454545455,3.08987603305785,2.08593889470201,0.0726316327934666,0.649861977625754,0.618676650526066,"Vha16-1/Arc1/Rae1",3,"female","down"
"BP","GO:0032103","positive regulation of response to external stimulus","4/88","109/5982",0.036697247706422,2.49457881567973,1.92408937905196,0.0760716142899584,0.671801269054178,0.639563127659937,"DptA/Sting/Uev1A/PGRP-SC2",4,"female","down"
"BP","GO:0033108","mitochondrial respiratory chain complex assembly","2/88","34/5982",0.0588235294117647,3.99866310160428,2.14242104537328,0.0886715589502969,0.773034103669255,0.735938039870885,"CG14757/CG34150",2,"female","down"
"BP","GO:0033865","nucleoside bisphosphate metabolic process","2/88","36/5982",0.0555555555555556,3.77651515151515,2.04155938508635,0.0977469862488354,0.802319759462655,0.763818346856862,"CG17560/Acsx1R",2,"female","down"
"BP","GO:0033875","ribonucleoside bisphosphate metabolic process","2/88","36/5982",0.0555555555555556,3.77651515151515,2.04155938508635,0.0977469862488354,0.802319759462655,0.763818346856862,"CG17560/Acsx1R",2,"female","down"
"BP","GO:0034032","purine nucleoside bisphosphate metabolic process","2/88","36/5982",0.0555555555555556,3.77651515151515,2.04155938508635,0.0977469862488354,0.802319759462655,0.763818346856862,"CG17560/Acsx1R",2,"female","down"
"BP","GO:0050777","negative regulation of immune response","2/88","36/5982",0.0555555555555556,3.77651515151515,2.04155938508635,0.0977469862488354,0.802319759462655,0.763818346856862,"LysE/PGRP-SC2",2,"female","down"
"BP","GO:0032101","regulation of response to external stimulus","5/88","170/5982",0.0294117647058824,1.99933155080214,1.61508144797072,0.104517826340733,0.802319759462655,0.763818346856862,"LysE/DptA/Sting/Uev1A/PGRP-SC2",5,"female","down"
"BP","GO:0007140","male meiotic nuclear division","2/88","39/5982",0.0512820512820513,3.48601398601399,1.90307619795649,0.111822779424473,0.802319759462655,0.763818346856862,"sau/Rae1",2,"female","down"
"BP","GO:0009628","response to abiotic stimulus","7/88","278/5982",0.0251798561151079,1.71165794637018,1.48466036328592,0.113661104222635,0.802319759462655,0.763818346856862,"TotZ/TotA/DptA/TotX/Hsp70Ab/TotC/ninaD",7,"female","down"
"BP","GO:0034249","negative regulation of amide metabolic process","2/88","41/5982",0.048780487804878,3.3159645232816,1.81809773653545,0.121483430217745,0.802319759462655,0.763818346856862,"Paip2/PGRP-SC2",2,"female","down"
"BP","GO:0009314","response to radiation","4/88","131/5982",0.0305343511450382,2.07564191533657,1.52093791930299,0.12647649036975,0.802319759462655,0.763818346856862,"TotZ/TotA/TotC/ninaD",4,"female","down"
"BP","GO:0016053","organic acid biosynthetic process","3/88","86/5982",0.0348837209302326,2.37130021141649,1.56504274152958,0.132459265006758,0.802319759462655,0.763818346856862,"CG30008/Acsx1R/Fatp1",3,"female","down"
"BP","GO:0046394","carboxylic acid biosynthetic process","3/88","86/5982",0.0348837209302326,2.37130021141649,1.56504274152958,0.132459265006758,0.802319759462655,0.763818346856862,"CG30008/Acsx1R/Fatp1",3,"female","down"
"BP","GO:0061057","peptidoglycan recognition protein signaling pathway","2/88","44/5982",0.0454545454545455,3.08987603305785,1.70000398181069,0.136338547638739,0.802319759462655,0.763818346856862,"Uev1A/PGRP-SC2",2,"female","down"
"BP","GO:0000387","spliceosomal snRNP assembly","1/88","10/5982",0.1,6.79772727272727,2.24192486704012,0.137838951096024,0.802319759462655,0.763818346856862,"SmF",1,"female","down"
"BP","GO:0000912","assembly of actomyosin apparatus involved in cytokinesis","1/88","10/5982",0.1,6.79772727272727,2.24192486704012,0.137838951096024,0.802319759462655,0.763818346856862,"sau",1,"female","down"
"BP","GO:0008348","negative regulation of antimicrobial humoral response","1/88","10/5982",0.1,6.79772727272727,2.24192486704012,0.137838951096024,0.802319759462655,0.763818346856862,"PGRP-SC2",1,"female","down"
"BP","GO:0008645","hexose transmembrane transport","1/88","10/5982",0.1,6.79772727272727,2.24192486704012,0.137838951096024,0.802319759462655,0.763818346856862,"Srg2",1,"female","down"
"BP","GO:0050919","negative chemotaxis","1/88","10/5982",0.1,6.79772727272727,2.24192486704012,0.137838951096024,0.802319759462655,0.763818346856862,"beat-IIIc",1,"female","down"
"BP","GO:0055070","copper ion homeostasis","1/88","10/5982",0.1,6.79772727272727,2.24192486704012,0.137838951096024,0.802319759462655,0.763818346856862,"CG14757",1,"female","down"
"BP","GO:0071867","response to monoamine","1/88","10/5982",0.1,6.79772727272727,2.24192486704012,0.137838951096024,0.802319759462655,0.763818346856862,"CG17760",1,"female","down"
"BP","GO:0071868","cellular response to monoamine stimulus","1/88","10/5982",0.1,6.79772727272727,2.24192486704012,0.137838951096024,0.802319759462655,0.763818346856862,"CG17760",1,"female","down"
"BP","GO:0071869","response to catecholamine","1/88","10/5982",0.1,6.79772727272727,2.24192486704012,0.137838951096024,0.802319759462655,0.763818346856862,"CG17760",1,"female","down"
"BP","GO:0071870","cellular response to catecholamine stimulus","1/88","10/5982",0.1,6.79772727272727,2.24192486704012,0.137838951096024,0.802319759462655,0.763818346856862,"CG17760",1,"female","down"
"BP","GO:0090306","meiotic spindle assembly","1/88","10/5982",0.1,6.79772727272727,2.24192486704012,0.137838951096024,0.802319759462655,0.763818346856862,"sau",1,"female","down"
"BP","GO:1903350","response to dopamine","1/88","10/5982",0.1,6.79772727272727,2.24192486704012,0.137838951096024,0.802319759462655,0.763818346856862,"CG17760",1,"female","down"
"BP","GO:1903351","cellular response to dopamine","1/88","10/5982",0.1,6.79772727272727,2.24192486704012,0.137838951096024,0.802319759462655,0.763818346856862,"CG17760",1,"female","down"
"BP","GO:0006518","peptide metabolic process","8/88","352/5982",0.0227272727272727,1.54493801652893,1.28761910680709,0.14481675549339,0.802319759462655,0.763818346856862,"Paip2/Sting/mRpS33/PGRP-SC2/mRpL51/mRpS18C/mRpS18A/mRpS17",8,"female","down"
"BP","GO:0002440","production of molecular mediator of immune response","2/88","46/5982",0.0434782608695652,2.95553359683794,1.62674852989969,0.146456729232909,0.802319759462655,0.763818346856862,"Sting/PGRP-SC2",2,"female","down"
"BP","GO:0002700","regulation of production of molecular mediator of immune response","2/88","46/5982",0.0434782608695652,2.95553359683794,1.62674852989969,0.146456729232909,0.802319759462655,0.763818346856862,"Sting/PGRP-SC2",2,"female","down"
"BP","GO:0002775","antimicrobial peptide production","2/88","46/5982",0.0434782608695652,2.95553359683794,1.62674852989969,0.146456729232909,0.802319759462655,0.763818346856862,"Sting/PGRP-SC2",2,"female","down"
"BP","GO:0002784","regulation of antimicrobial peptide production","2/88","46/5982",0.0434782608695652,2.95553359683794,1.62674852989969,0.146456729232909,0.802319759462655,0.763818346856862,"Sting/PGRP-SC2",2,"female","down"
"BP","GO:0002921","negative regulation of humoral immune response","1/88","11/5982",0.0909090909090909,6.1797520661157,2.10089791870761,0.150543266619057,0.802319759462655,0.763818346856862,"PGRP-SC2",1,"female","down"
"BP","GO:0006721","terpenoid metabolic process","1/88","11/5982",0.0909090909090909,6.1797520661157,2.10089791870761,0.150543266619057,0.802319759462655,0.763818346856862,"Rdh1",1,"female","down"
"BP","GO:0006900","vesicle budding from membrane","1/88","11/5982",0.0909090909090909,6.1797520661157,2.10089791870761,0.150543266619057,0.802319759462655,0.763818346856862,"sau",1,"female","down"
"BP","GO:0043001","Golgi to plasma membrane protein transport","1/88","11/5982",0.0909090909090909,6.1797520661157,2.10089791870761,0.150543266619057,0.802319759462655,0.763818346856862,"sau",1,"female","down"
"BP","GO:0050905","neuromuscular process","1/88","11/5982",0.0909090909090909,6.1797520661157,2.10089791870761,0.150543266619057,0.802319759462655,0.763818346856862,"Nazo",1,"female","down"
"BP","GO:0002697","regulation of immune effector process","2/88","47/5982",0.0425531914893617,2.8926499032882,1.59159301958044,0.151573404283192,0.802319759462655,0.763818346856862,"Sting/PGRP-SC2",2,"female","down"
"BP","GO:0002832","negative regulation of response to biotic stimulus","2/88","47/5982",0.0425531914893617,2.8926499032882,1.59159301958044,0.151573404283192,0.802319759462655,0.763818346856862,"LysE/PGRP-SC2",2,"female","down"
"BP","GO:0002759","regulation of antimicrobial humoral response","2/88","48/5982",0.0416666666666667,2.83238636363636,1.55735302357219,0.156725557396075,0.802319759462655,0.763818346856862,"Sting/PGRP-SC2",2,"female","down"
"BP","GO:0019646","aerobic electron transport chain","2/88","48/5982",0.0416666666666667,2.83238636363636,1.55735302357219,0.156725557396075,0.802319759462655,0.763818346856862,"CG14757/CG40472",2,"female","down"
"BP","GO:0002920","regulation of humoral immune response","2/88","49/5982",0.0408163265306122,2.77458256029685,1.52398343534603,0.161911073202565,0.802319759462655,0.763818346856862,"Sting/PGRP-SC2",2,"female","down"
"BP","GO:0031348","negative regulation of defense response","2/88","49/5982",0.0408163265306122,2.77458256029685,1.52398343534603,0.161911073202565,0.802319759462655,0.763818346856862,"LysE/PGRP-SC2",2,"female","down"
"BP","GO:0002698","negative regulation of immune effector process","1/88","12/5982",0.0833333333333333,5.66477272727273,1.9763193294217,0.163062474881914,0.802319759462655,0.763818346856862,"PGRP-SC2",1,"female","down"
"BP","GO:0006911","phagocytosis, engulfment","1/88","12/5982",0.0833333333333333,5.66477272727273,1.9763193294217,0.163062474881914,0.802319759462655,0.763818346856862,"NimC4",1,"female","down"
"BP","GO:0016239","positive regulation of macroautophagy","1/88","12/5982",0.0833333333333333,5.66477272727273,1.9763193294217,0.163062474881914,0.802319759462655,0.763818346856862,"Sting",1,"female","down"
"BP","GO:0061983","meiosis II cell cycle process","1/88","12/5982",0.0833333333333333,5.66477272727273,1.9763193294217,0.163062474881914,0.802319759462655,0.763818346856862,"sau",1,"female","down"
"BP","GO:0090307","mitotic spindle assembly","1/88","12/5982",0.0833333333333333,5.66477272727273,1.9763193294217,0.163062474881914,0.802319759462655,0.763818346856862,"sau",1,"female","down"
"BP","GO:0010876","lipid localization","3/88","95/5982",0.0315789473684211,2.14665071770335,1.37647745784837,0.163610586206641,0.802319759462655,0.763818346856862,"Rdh1/ninaD/Fatp1",3,"female","down"
"BP","GO:0044255","cellular lipid metabolic process","6/88","253/5982",0.0237154150197628,1.61210923463888,1.21555034957267,0.167587153045717,0.802319759462655,0.763818346856862,"CG30008/Rdh1/Acsx1R/Acbp5/CG7900/Fatp1",6,"female","down"
"BP","GO:0006446","regulation of translational initiation","1/88","13/5982",0.0769230769230769,5.22902097902098,1.86502173650296,0.175399242421343,0.802319759462655,0.763818346856862,"Paip2",1,"female","down"
"BP","GO:0015749","monosaccharide transmembrane transport","1/88","13/5982",0.0769230769230769,5.22902097902098,1.86502173650296,0.175399242421343,0.802319759462655,0.763818346856862,"Srg2",1,"female","down"
"BP","GO:0042417","dopamine metabolic process","1/88","13/5982",0.0769230769230769,5.22902097902098,1.86502173650296,0.175399242421343,0.802319759462655,0.763818346856862,"PPO1",1,"female","down"
"BP","GO:0046949","fatty-acyl-CoA biosynthetic process","1/88","13/5982",0.0769230769230769,5.22902097902098,1.86502173650296,0.175399242421343,0.802319759462655,0.763818346856862,"Acsx1R",1,"female","down"
"BP","GO:0051453","regulation of intracellular pH","1/88","13/5982",0.0769230769230769,5.22902097902098,1.86502173650296,0.175399242421343,0.802319759462655,0.763818346856862,"Vha16-1",1,"female","down"
"BP","GO:0072376","protein activation cascade","1/88","13/5982",0.0769230769230769,5.22902097902098,1.86502173650296,0.175399242421343,0.802319759462655,0.763818346856862,"PGRP-SC2",1,"female","down"
"BP","GO:0160032","Toll receptor ligand protein activation cascade","1/88","13/5982",0.0769230769230769,5.22902097902098,1.86502173650296,0.175399242421343,0.802319759462655,0.763818346856862,"PGRP-SC2",1,"female","down"
"BP","GO:0042773","ATP synthesis coupled electron transport","2/88","52/5982",0.0384615384615385,2.61451048951049,1.42869119320305,0.17764743532882,0.802319759462655,0.763818346856862,"CG14757/CG40472",2,"female","down"
"BP","GO:0042775","mitochondrial ATP synthesis coupled electron transport","2/88","52/5982",0.0384615384615385,2.61451048951049,1.42869119320305,0.17764743532882,0.802319759462655,0.763818346856862,"CG14757/CG40472",2,"female","down"
"BP","GO:0001101","response to acid chemical","1/88","14/5982",0.0714285714285714,4.85551948051948,1.76463823066326,0.187556197801964,0.802319759462655,0.763818346856862,"TotA",1,"female","down"
"BP","GO:0006885","regulation of pH","1/88","14/5982",0.0714285714285714,4.85551948051948,1.76463823066326,0.187556197801964,0.802319759462655,0.763818346856862,"Vha16-1",1,"female","down"
"BP","GO:0006890","retrograde vesicle-mediated transport, Golgi to endoplasmic reticulum","1/88","14/5982",0.0714285714285714,4.85551948051948,1.76463823066326,0.187556197801964,0.802319759462655,0.763818346856862,"sau",1,"female","down"
"BP","GO:0030641","regulation of cellular pH","1/88","14/5982",0.0714285714285714,4.85551948051948,1.76463823066326,0.187556197801964,0.802319759462655,0.763818346856862,"Vha16-1",1,"female","down"
"BP","GO:0034219","carbohydrate transmembrane transport","1/88","14/5982",0.0714285714285714,4.85551948051948,1.76463823066326,0.187556197801964,0.802319759462655,0.763818346856862,"Srg2",1,"female","down"
"BP","GO:0043277","apoptotic cell clearance","1/88","14/5982",0.0714285714285714,4.85551948051948,1.76463823066326,0.187556197801964,0.802319759462655,0.763818346856862,"NimC4",1,"female","down"
"BP","GO:0061951","establishment of protein localization to plasma membrane","1/88","14/5982",0.0714285714285714,4.85551948051948,1.76463823066326,0.187556197801964,0.802319759462655,0.763818346856862,"sau",1,"female","down"
"BP","GO:1901989","positive regulation of cell cycle phase transition","1/88","14/5982",0.0714285714285714,4.85551948051948,1.76463823066326,0.187556197801964,0.802319759462655,0.763818346856862,"Rae1",1,"female","down"
"BP","GO:1901992","positive regulation of mitotic cell cycle phase transition","1/88","14/5982",0.0714285714285714,4.85551948051948,1.76463823066326,0.187556197801964,0.802319759462655,0.763818346856862,"Rae1",1,"female","down"
"BP","GO:0022904","respiratory electron transport chain","2/88","54/5982",0.037037037037037,2.51767676767677,1.36881652643197,0.188268722069892,0.802319759462655,0.763818346856862,"CG14757/CG40472",2,"female","down"
"BP","GO:0032102","negative regulation of response to external stimulus","2/88","54/5982",0.037037037037037,2.51767676767677,1.36881652643197,0.188268722069892,0.802319759462655,0.763818346856862,"LysE/PGRP-SC2",2,"female","down"
"BP","GO:0009636","response to toxic substance","2/88","55/5982",0.0363636363636364,2.47190082644628,1.33987906586249,0.193612898631996,0.802319759462655,0.763818346856862,"BomS1/BomBc1",2,"female","down"
"BP","GO:0006412","translation","6/88","265/5982",0.0226415094339623,1.53910806174957,1.0968262573342,0.194019158509537,0.802319759462655,0.763818346856862,"Paip2/mRpS33/mRpL51/mRpS18C/mRpS18A/mRpS17",6,"female","down"
"BP","GO:0006629","lipid metabolic process","7/88","322/5982",0.0217391304347826,1.47776679841897,1.07685903871153,0.194178646823074,0.802319759462655,0.763818346856862,"CG17560/CG30008/Rdh1/Acsx1R/Acbp5/CG7900/Fatp1",7,"female","down"
"BP","GO:0006584","catecholamine metabolic process","1/88","15/5982",0.0666666666666667,4.53181818181818,1.67335898553314,0.199535932150728,0.802319759462655,0.763818346856862,"PPO1",1,"female","down"
"BP","GO:0009712","catechol-containing compound metabolic process","1/88","15/5982",0.0666666666666667,4.53181818181818,1.67335898553314,0.199535932150728,0.802319759462655,0.763818346856862,"PPO1",1,"female","down"
"BP","GO:0033209","tumor necrosis factor-mediated signaling pathway","1/88","15/5982",0.0666666666666667,4.53181818181818,1.67335898553314,0.199535932150728,0.802319759462655,0.763818346856862,"Uev1A",1,"female","down"
"BP","GO:0042246","tissue regeneration","1/88","15/5982",0.0666666666666667,4.53181818181818,1.67335898553314,0.199535932150728,0.802319759462655,0.763818346856862,"Spn88Eb",1,"female","down"
"BP","GO:0045924","regulation of female receptivity","1/88","15/5982",0.0666666666666667,4.53181818181818,1.67335898553314,0.199535932150728,0.802319759462655,0.763818346856862,"IBIN",1,"female","down"
"BP","GO:1902806","regulation of cell cycle G1/S phase transition","1/88","15/5982",0.0666666666666667,4.53181818181818,1.67335898553314,0.199535932150728,0.802319759462655,0.763818346856862,"Rae1",1,"female","down"
"BP","GO:2000045","regulation of G1/S transition of mitotic cell cycle","1/88","15/5982",0.0666666666666667,4.53181818181818,1.67335898553314,0.199535932150728,0.802319759462655,0.763818346856862,"Rae1",1,"female","down"
"BP","GO:0006403","RNA localization","3/88","106/5982",0.0283018867924528,1.92388507718696,1.17260883740267,0.204288630170573,0.802319759462655,0.763818346856862,"Vha16-1/Arc1/Rae1",3,"female","down"
"BP","GO:0022900","electron transport chain","2/88","57/5982",0.0350877192982456,2.38516746411483,1.283863062037,0.20435949403759,0.802319759462655,0.763818346856862,"CG14757/CG40472",2,"female","down"
"BP","GO:0033554","cellular response to stress","7/88","328/5982",0.0213414634146341,1.4507344789357,1.02589513900036,0.206658156288311,0.802319759462655,0.763818346856862,"TotZ/TotA/TotX/Hsp70Ab/Uev1A/TotC/Erasp",7,"female","down"
"BP","GO:0043068","positive regulation of programmed cell death","2/88","58/5982",0.0344827586206897,2.34404388714734,1.25673321470358,0.209758520963873,0.802319759462655,0.763818346856862,"Uev1A/Erasp",2,"female","down"
"BP","GO:0030522","intracellular receptor signaling pathway","1/88","16/5982",0.0625,4.24857954545455,1.58977273262488,0.21134099968395,0.802319759462655,0.763818346856862,"Sting",1,"female","down"
"BP","GO:0034612","response to tumor necrosis factor","1/88","16/5982",0.0625,4.24857954545455,1.58977273262488,0.21134099968395,0.802319759462655,0.763818346856862,"Uev1A",1,"female","down"
"BP","GO:0035384","thioester biosynthetic process","1/88","16/5982",0.0625,4.24857954545455,1.58977273262488,0.21134099968395,0.802319759462655,0.763818346856862,"Acsx1R",1,"female","down"
"BP","GO:0071356","cellular response to tumor necrosis factor","1/88","16/5982",0.0625,4.24857954545455,1.58977273262488,0.21134099968395,0.802319759462655,0.763818346856862,"Uev1A",1,"female","down"
"BP","GO:0071616","acyl-CoA biosynthetic process","1/88","16/5982",0.0625,4.24857954545455,1.58977273262488,0.21134099968395,0.802319759462655,0.763818346856862,"Acsx1R",1,"female","down"
"BP","GO:1901570","fatty acid derivative biosynthetic process","1/88","16/5982",0.0625,4.24857954545455,1.58977273262488,0.21134099968395,0.802319759462655,0.763818346856862,"Acsx1R",1,"female","down"
"BP","GO:0070482","response to oxygen levels","2/88","60/5982",0.0333333333333333,2.26590909090909,1.20411263588181,0.220599886505083,0.802319759462655,0.763818346856862,"DptA/Hsp70Ab",2,"female","down"
"BP","GO:0003014","renal system process","1/88","17/5982",0.0588235294117647,3.99866310160428,1.51276017917787,0.222973918226996,0.802319759462655,0.763818346856862,"Mec2",1,"female","down"
"BP","GO:0006986","response to unfolded protein","1/88","17/5982",0.0588235294117647,3.99866310160428,1.51276017917787,0.222973918226996,0.802319759462655,0.763818346856862,"Hsp70Ab",1,"female","down"
"BP","GO:0007076","mitotic chromosome condensation","1/88","17/5982",0.0588235294117647,3.99866310160428,1.51276017917787,0.222973918226996,0.802319759462655,0.763818346856862,"Cap-G",1,"female","down"
"BP","GO:0017004","cytochrome complex assembly","1/88","17/5982",0.0588235294117647,3.99866310160428,1.51276017917787,0.222973918226996,0.802319759462655,0.763818346856862,"CG34150",1,"female","down"
"BP","GO:0044837","actomyosin contractile ring organization","1/88","17/5982",0.0588235294117647,3.99866310160428,1.51276017917787,0.222973918226996,0.802319759462655,0.763818346856862,"sau",1,"female","down"
"BP","GO:0019752","carboxylic acid metabolic process","5/88","221/5982",0.0226244343891403,1.53794734677088,0.995657892267356,0.224884384044277,0.802319759462655,0.763818346856862,"CG30008/Acsx1R/Acbp5/CG7900/Fatp1",5,"female","down"
"BP","GO:0043436","oxoacid metabolic process","5/88","221/5982",0.0226244343891403,1.53794734677088,0.995657892267356,0.224884384044277,0.802319759462655,0.763818346856862,"CG30008/Acsx1R/Acbp5/CG7900/Fatp1",5,"female","down"
"BP","GO:0034248","regulation of amide metabolic process","3/88","112/5982",0.0267857142857143,1.82081980519481,1.07142298516598,0.22739971185805,0.802319759462655,0.763818346856862,"Paip2/Sting/PGRP-SC2",3,"female","down"
"BP","GO:0006082","organic acid metabolic process","5/88","223/5982",0.0224215246636771,1.52415409702405,0.974677742126577,0.230299109888352,0.802319759462655,0.763818346856862,"CG30008/Acsx1R/Acbp5/CG7900/Fatp1",5,"female","down"
"BP","GO:0000070","mitotic sister chromatid segregation","2/88","62/5982",0.032258064516129,2.19281524926686,1.15353651217498,0.231488639670433,0.802319759462655,0.763818346856862,"sau/Cap-G",2,"female","down"
"BP","GO:0002683","negative regulation of immune system process","2/88","62/5982",0.032258064516129,2.19281524926686,1.15353651217498,0.231488639670433,0.802319759462655,0.763818346856862,"LysE/PGRP-SC2",2,"female","down"
"BP","GO:0006869","lipid transport","2/88","62/5982",0.032258064516129,2.19281524926686,1.15353651217498,0.231488639670433,0.802319759462655,0.763818346856862,"ninaD/Fatp1",2,"female","down"
"BP","GO:0006893","Golgi to plasma membrane transport","1/88","18/5982",0.0555555555555556,3.77651515151515,1.44142036763106,0.234437169726749,0.802319759462655,0.763818346856862,"sau",1,"female","down"
"BP","GO:0009612","response to mechanical stimulus","1/88","18/5982",0.0555555555555556,3.77651515151515,1.44142036763106,0.234437169726749,0.802319759462655,0.763818346856862,"TotA",1,"female","down"
"BP","GO:0015718","monocarboxylic acid transport","1/88","18/5982",0.0555555555555556,3.77651515151515,1.44142036763106,0.234437169726749,0.802319759462655,0.763818346856862,"Fatp1",1,"female","down"
"BP","GO:0019221","cytokine-mediated signaling pathway","1/88","18/5982",0.0555555555555556,3.77651515151515,1.44142036763106,0.234437169726749,0.802319759462655,0.763818346856862,"Uev1A",1,"female","down"
"BP","GO:0019367","fatty acid elongation, saturated fatty acid","1/88","18/5982",0.0555555555555556,3.77651515151515,1.44142036763106,0.234437169726749,0.802319759462655,0.763818346856862,"CG30008",1,"female","down"
"BP","GO:0019368","fatty acid elongation, unsaturated fatty acid","1/88","18/5982",0.0555555555555556,3.77651515151515,1.44142036763106,0.234437169726749,0.802319759462655,0.763818346856862,"CG30008",1,"female","down"
"BP","GO:0033227","dsRNA transport","1/88","18/5982",0.0555555555555556,3.77651515151515,1.44142036763106,0.234437169726749,0.802319759462655,0.763818346856862,"Vha16-1",1,"female","down"
"BP","GO:0034625","fatty acid elongation, monounsaturated fatty acid","1/88","18/5982",0.0555555555555556,3.77651515151515,1.44142036763106,0.234437169726749,0.802319759462655,0.763818346856862,"CG30008",1,"female","down"
"BP","GO:0034626","fatty acid elongation, polyunsaturated fatty acid","1/88","18/5982",0.0555555555555556,3.77651515151515,1.44142036763106,0.234437169726749,0.802319759462655,0.763818346856862,"CG30008",1,"female","down"
"BP","GO:0097193","intrinsic apoptotic signaling pathway","1/88","18/5982",0.0555555555555556,3.77651515151515,1.44142036763106,0.234437169726749,0.802319759462655,0.763818346856862,"Erasp",1,"female","down"
"BP","GO:0006119","oxidative phosphorylation","2/88","63/5982",0.0317460317460317,2.15800865800866,1.12896657149326,0.236947056863658,0.802319759462655,0.763818346856862,"CG14757/CG40472",2,"female","down"
"BP","GO:0006026","aminoglycan catabolic process","1/88","19/5982",0.0526315789473684,3.57775119617225,1.37501857289509,0.245733200756938,0.802319759462655,0.763818346856862,"PGRP-SC2",1,"female","down"
"BP","GO:0007112","male meiosis cytokinesis","1/88","19/5982",0.0526315789473684,3.57775119617225,1.37501857289509,0.245733200756938,0.802319759462655,0.763818346856862,"sau",1,"female","down"
"BP","GO:0007157","heterophilic cell-cell adhesion via plasma membrane cell adhesion molecules","1/88","19/5982",0.0526315789473684,3.57775119617225,1.37501857289509,0.245733200756938,0.802319759462655,0.763818346856862,"beat-IIIc",1,"female","down"
"BP","GO:0033866","nucleoside bisphosphate biosynthetic process","1/88","19/5982",0.0526315789473684,3.57775119617225,1.37501857289509,0.245733200756938,0.802319759462655,0.763818346856862,"Acsx1R",1,"female","down"
"BP","GO:0034030","ribonucleoside bisphosphate biosynthetic process","1/88","19/5982",0.0526315789473684,3.57775119617225,1.37501857289509,0.245733200756938,0.802319759462655,0.763818346856862,"Acsx1R",1,"female","down"
"BP","GO:0034033","purine nucleoside bisphosphate biosynthetic process","1/88","19/5982",0.0526315789473684,3.57775119617225,1.37501857289509,0.245733200756938,0.802319759462655,0.763818346856862,"Acsx1R",1,"female","down"
"BP","GO:0042026","protein refolding","1/88","19/5982",0.0526315789473684,3.57775119617225,1.37501857289509,0.245733200756938,0.802319759462655,0.763818346856862,"Hsp70Ab",1,"female","down"
"BP","GO:0045861","negative regulation of proteolysis","1/88","19/5982",0.0526315789473684,3.57775119617225,1.37501857289509,0.245733200756938,0.802319759462655,0.763818346856862,"Spn88Eb",1,"female","down"
"BP","GO:0071345","cellular response to cytokine stimulus","1/88","19/5982",0.0526315789473684,3.57775119617225,1.37501857289509,0.245733200756938,0.802319759462655,0.763818346856862,"Uev1A",1,"female","down"
"BP","GO:1902533","positive regulation of intracellular signal transduction","3/88","117/5982",0.0256410256410256,1.74300699300699,0.991687857007663,0.247032427506971,0.802319759462655,0.763818346856862,"Uev1A/Erasp/Rae1",3,"female","down"
"BP","GO:0002807","positive regulation of antimicrobial peptide biosynthetic process","1/88","20/5982",0.05,3.39886363636364,1.31294866116219,0.256864423016436,0.802319759462655,0.763818346856862,"Sting",1,"female","down"
"BP","GO:0006458","'de novo' protein folding","1/88","20/5982",0.05,3.39886363636364,1.31294866116219,0.256864423016436,0.802319759462655,0.763818346856862,"Hsp70Ab",1,"female","down"
"BP","GO:0030497","fatty acid elongation","1/88","20/5982",0.05,3.39886363636364,1.31294866116219,0.256864423016436,0.802319759462655,0.763818346856862,"CG30008",1,"female","down"
"BP","GO:0035966","response to topologically incorrect protein","1/88","20/5982",0.05,3.39886363636364,1.31294866116219,0.256864423016436,0.802319759462655,0.763818346856862,"Hsp70Ab",1,"female","down"
"BP","GO:0045931","positive regulation of mitotic cell cycle","1/88","20/5982",0.05,3.39886363636364,1.31294866116219,0.256864423016436,0.802319759462655,0.763818346856862,"Rae1",1,"female","down"
"BP","GO:0051084","'de novo' post-translational protein folding","1/88","20/5982",0.05,3.39886363636364,1.31294866116219,0.256864423016436,0.802319759462655,0.763818346856862,"Hsp70Ab",1,"female","down"
"BP","GO:0051085","chaperone cofactor-dependent protein refolding","1/88","20/5982",0.05,3.39886363636364,1.31294866116219,0.256864423016436,0.802319759462655,0.763818346856862,"Hsp70Ab",1,"female","down"
"BP","GO:0055090","acylglycerol homeostasis","1/88","20/5982",0.05,3.39886363636364,1.31294866116219,0.256864423016436,0.802319759462655,0.763818346856862,"Fatp1",1,"female","down"
"BP","GO:0060180","female mating behavior","1/88","20/5982",0.05,3.39886363636364,1.31294866116219,0.256864423016436,0.802319759462655,0.763818346856862,"IBIN",1,"female","down"
"BP","GO:0070328","triglyceride homeostasis","1/88","20/5982",0.05,3.39886363636364,1.31294866116219,0.256864423016436,0.802319759462655,0.763818346856862,"Fatp1",1,"female","down"
"BP","GO:0061982","meiosis I cell cycle process","2/88","68/5982",0.0294117647058824,1.99933155080214,1.01262015421237,0.264323838740763,0.802319759462655,0.763818346856862,"sau/Rae1",2,"female","down"
"BP","GO:0000082","G1/S transition of mitotic cell cycle","1/88","21/5982",0.0476190476190476,3.23701298701299,1.25470538922521,0.267833213820622,0.802319759462655,0.763818346856862,"Rae1",1,"female","down"
"BP","GO:0000212","meiotic spindle organization","1/88","21/5982",0.0476190476190476,3.23701298701299,1.25470538922521,0.267833213820622,0.802319759462655,0.763818346856862,"sau",1,"female","down"
"BP","GO:0002780","antibacterial peptide biosynthetic process","1/88","21/5982",0.0476190476190476,3.23701298701299,1.25470538922521,0.267833213820622,0.802319759462655,0.763818346856862,"PGRP-SC2",1,"female","down"
"BP","GO:0002808","regulation of antibacterial peptide biosynthetic process","1/88","21/5982",0.0476190476190476,3.23701298701299,1.25470538922521,0.267833213820622,0.802319759462655,0.763818346856862,"PGRP-SC2",1,"female","down"
"BP","GO:0006081","cellular aldehyde metabolic process","1/88","21/5982",0.0476190476190476,3.23701298701299,1.25470538922521,0.267833213820622,0.802319759462655,0.763818346856862,"Rdh1",1,"female","down"
"BP","GO:0006726","eye pigment biosynthetic process","1/88","21/5982",0.0476190476190476,3.23701298701299,1.25470538922521,0.267833213820622,0.802319759462655,0.763818346856862,"ninaD",1,"female","down"
"BP","GO:0006891","intra-Golgi vesicle-mediated transport","1/88","21/5982",0.0476190476190476,3.23701298701299,1.25470538922521,0.267833213820622,0.802319759462655,0.763818346856862,"sau",1,"female","down"
"BP","GO:0007603","phototransduction, visible light","1/88","21/5982",0.0476190476190476,3.23701298701299,1.25470538922521,0.267833213820622,0.802319759462655,0.763818346856862,"ninaD",1,"female","down"
"BP","GO:0030203","glycosaminoglycan metabolic process","1/88","21/5982",0.0476190476190476,3.23701298701299,1.25470538922521,0.267833213820622,0.802319759462655,0.763818346856862,"PGRP-SC2",1,"female","down"
"BP","GO:0034097","response to cytokine","1/88","21/5982",0.0476190476190476,3.23701298701299,1.25470538922521,0.267833213820622,0.802319759462655,0.763818346856862,"Uev1A",1,"female","down"
"BP","GO:0042441","eye pigment metabolic process","1/88","21/5982",0.0476190476190476,3.23701298701299,1.25470538922521,0.267833213820622,0.802319759462655,0.763818346856862,"ninaD",1,"female","down"
"BP","GO:0042761","very long-chain fatty acid biosynthetic process","1/88","21/5982",0.0476190476190476,3.23701298701299,1.25470538922521,0.267833213820622,0.802319759462655,0.763818346856862,"CG30008",1,"female","down"
"BP","GO:0043324","pigment metabolic process involved in developmental pigmentation","1/88","21/5982",0.0476190476190476,3.23701298701299,1.25470538922521,0.267833213820622,0.802319759462655,0.763818346856862,"ninaD",1,"female","down"
"BP","GO:0043474","pigment metabolic process involved in pigmentation","1/88","21/5982",0.0476190476190476,3.23701298701299,1.25470538922521,0.267833213820622,0.802319759462655,0.763818346856862,"ninaD",1,"female","down"
"BP","GO:0044843","cell cycle G1/S phase transition","1/88","21/5982",0.0476190476190476,3.23701298701299,1.25470538922521,0.267833213820622,0.802319759462655,0.763818346856862,"Rae1",1,"female","down"
"BP","GO:0046330","positive regulation of JNK cascade","1/88","21/5982",0.0476190476190476,3.23701298701299,1.25470538922521,0.267833213820622,0.802319759462655,0.763818346856862,"Uev1A",1,"female","down"
"BP","GO:0070887","cellular response to chemical stimulus","5/88","237/5982",0.0210970464135021,1.43411967779056,0.833224056094885,0.26920506512483,0.802892299495106,0.764363412058035,"TotZ/TotA/TotX/Uev1A/CG17760",5,"female","down"
"BP","GO:0051276","chromosome organization","4/88","181/5982",0.0220994475138122,1.50226017076846,0.838377793044777,0.275914460363311,0.806282992674075,0.767591393954421,"sau/Hsp70Ab/Cap-G/Rae1",4,"female","down"
"BP","GO:0002778","antibacterial peptide production","1/88","22/5982",0.0454545454545455,3.08987603305785,1.1998636803746,0.278641916585894,0.806282992674075,0.767591393954421,"PGRP-SC2",1,"female","down"
"BP","GO:0002786","regulation of antibacterial peptide production","1/88","22/5982",0.0454545454545455,3.08987603305785,1.1998636803746,0.278641916585894,0.806282992674075,0.767591393954421,"PGRP-SC2",1,"female","down"
"BP","GO:0016241","regulation of macroautophagy","1/88","22/5982",0.0454545454545455,3.08987603305785,1.1998636803746,0.278641916585894,0.806282992674075,0.767591393954421,"Sting",1,"female","down"
"BP","GO:0046528","imaginal disc fusion","1/88","22/5982",0.0454545454545455,3.08987603305785,1.1998636803746,0.278641916585894,0.806282992674075,0.767591393954421,"Mec2",1,"female","down"
"BP","GO:0046529","imaginal disc fusion, thorax closure","1/88","22/5982",0.0454545454545455,3.08987603305785,1.1998636803746,0.278641916585894,0.806282992674075,0.767591393954421,"Mec2",1,"female","down"
"BP","GO:0061060","negative regulation of peptidoglycan recognition protein signaling pathway","1/88","22/5982",0.0454545454545455,3.08987603305785,1.1998636803746,0.278641916585894,0.806282992674075,0.767591393954421,"PGRP-SC2",1,"female","down"
"BP","GO:0000819","sister chromatid segregation","2/88","71/5982",0.028169014084507,1.91485275288092,0.947486575703643,0.280771241835011,0.809001883253421,0.77017981145643,"sau/Cap-G",2,"female","down"
"BP","GO:0003012","muscle system process","1/88","23/5982",0.0434782608695652,2.95553359683794,1.14806288865901,0.289292841307444,0.819663050371091,0.78032937457929,"Arc1",1,"female","down"
"BP","GO:0045824","negative regulation of innate immune response","1/88","23/5982",0.0434782608695652,2.95553359683794,1.14806288865901,0.289292841307444,0.819663050371091,0.78032937457929,"LysE",1,"female","down"
"BP","GO:0048167","regulation of synaptic plasticity","1/88","23/5982",0.0434782608695652,2.95553359683794,1.14806288865901,0.289292841307444,0.819663050371091,0.78032937457929,"Arc1",1,"female","down"
"BP","GO:2001233","regulation of apoptotic signaling pathway","1/88","23/5982",0.0434782608695652,2.95553359683794,1.14806288865901,0.289292841307444,0.819663050371091,0.78032937457929,"Erasp",1,"female","down"
"BP","GO:0006457","protein folding","2/88","74/5982",0.027027027027027,1.83722358722359,0.885442254693161,0.297195592771355,0.81988100350328,0.780536868660243,"Hsp70Ab/Pfdn4",2,"female","down"
"BP","GO:0010506","regulation of autophagy","2/88","74/5982",0.027027027027027,1.83722358722359,0.885442254693161,0.297195592771355,0.81988100350328,0.780536868660243,"Sting/Rae1",2,"female","down"
"BP","GO:0042440","pigment metabolic process","2/88","74/5982",0.027027027027027,1.83722358722359,0.885442254693161,0.297195592771355,0.81988100350328,0.780536868660243,"PPO1/ninaD",2,"female","down"
"BP","GO:0006099","tricarboxylic acid cycle","1/88","24/5982",0.0416666666666667,2.83238636363636,1.09899469011312,0.299788265030375,0.81988100350328,0.780536868660243,"CG14757",1,"female","down"
"BP","GO:0006720","isoprenoid metabolic process","1/88","24/5982",0.0416666666666667,2.83238636363636,1.09899469011312,0.299788265030375,0.81988100350328,0.780536868660243,"Rdh1",1,"female","down"
"BP","GO:0035206","regulation of hemocyte proliferation","1/88","24/5982",0.0416666666666667,2.83238636363636,1.09899469011312,0.299788265030375,0.81988100350328,0.780536868660243,"CG13559",1,"female","down"
"BP","GO:0035332","positive regulation of hippo signaling","1/88","24/5982",0.0416666666666667,2.83238636363636,1.09899469011312,0.299788265030375,0.81988100350328,0.780536868660243,"Rae1",1,"female","down"
"BP","GO:1900425","negative regulation of defense response to bacterium","1/88","24/5982",0.0416666666666667,2.83238636363636,1.09899469011312,0.299788265030375,0.81988100350328,0.780536868660243,"PGRP-SC2",1,"female","down"
"BP","GO:0002252","immune effector process","2/88","75/5982",0.0266666666666667,1.81272727272727,0.865396533911625,0.302660199375148,0.81988100350328,0.780536868660243,"Sting/PGRP-SC2",2,"female","down"
"BP","GO:0000038","very long-chain fatty acid metabolic process","1/88","25/5982",0.04,2.71909090909091,1.05239365133229,0.310130432314249,0.81988100350328,0.780536868660243,"CG30008",1,"female","down"
"BP","GO:0000045","autophagosome assembly","1/88","25/5982",0.04,2.71909090909091,1.05239365133229,0.310130432314249,0.81988100350328,0.780536868660243,"Sting",1,"female","down"
"BP","GO:0006576","biogenic amine metabolic process","1/88","25/5982",0.04,2.71909090909091,1.05239365133229,0.310130432314249,0.81988100350328,0.780536868660243,"PPO1",1,"female","down"
"BP","GO:0006892","post-Golgi vesicle-mediated transport","1/88","25/5982",0.04,2.71909090909091,1.05239365133229,0.310130432314249,0.81988100350328,0.780536868660243,"sau",1,"female","down"
"BP","GO:0032506","cytokinetic process","1/88","25/5982",0.04,2.71909090909091,1.05239365133229,0.310130432314249,0.81988100350328,0.780536868660243,"sau",1,"female","down"
"BP","GO:0033206","meiotic cytokinesis","1/88","25/5982",0.04,2.71909090909091,1.05239365133229,0.310130432314249,0.81988100350328,0.780536868660243,"sau",1,"female","down"
"BP","GO:1903008","organelle disassembly","1/88","25/5982",0.04,2.71909090909091,1.05239365133229,0.310130432314249,0.81988100350328,0.780536868660243,"Sting",1,"female","down"
"BP","GO:0042221","response to chemical","9/88","500/5982",0.018,1.22359090909091,0.638105958257862,0.313518339124062,0.81988100350328,0.780536868660243,"TotZ/beat-IIIc/TotA/TotX/Hsp70Ab/Uev1A/BomS1/CG17760/BomBc1",9,"female","down"
"BP","GO:0009584","detection of visible light","1/88","26/5982",0.0384615384615385,2.61451048951049,1.00802980179087,0.320321555691175,0.81988100350328,0.780536868660243,"ninaD",1,"female","down"
"BP","GO:0031099","regeneration","1/88","26/5982",0.0384615384615385,2.61451048951049,1.00802980179087,0.320321555691175,0.81988100350328,0.780536868660243,"Spn88Eb",1,"female","down"
"BP","GO:0044409","symbiont entry into host","1/88","26/5982",0.0384615384615385,2.61451048951049,1.00802980179087,0.320321555691175,0.81988100350328,0.780536868660243,"sau",1,"female","down"
"BP","GO:0046718","symbiont entry into host cell","1/88","26/5982",0.0384615384615385,2.61451048951049,1.00802980179087,0.320321555691175,0.81988100350328,0.780536868660243,"sau",1,"female","down"
"BP","GO:0051701","biological process involved in interaction with host","1/88","26/5982",0.0384615384615385,2.61451048951049,1.00802980179087,0.320321555691175,0.81988100350328,0.780536868660243,"sau",1,"female","down"
"BP","GO:0051604","protein maturation","3/88","136/5982",0.0220588235294118,1.4994986631016,0.719942066628462,0.323445027934112,0.81988100350328,0.780536868660243,"Hsp70Ab/PGRP-SC2/Pfdn4",3,"female","down"
"BP","GO:0006120","mitochondrial electron transport, NADH to ubiquinone","1/88","27/5982",0.037037037037037,2.51767676767677,0.965702724736068,0.330363816117498,0.81988100350328,0.780536868660243,"CG40472",1,"female","down"
"BP","GO:0008643","carbohydrate transport","1/88","27/5982",0.037037037037037,2.51767676767677,0.965702724736068,0.330363816117498,0.81988100350328,0.780536868660243,"Srg2",1,"female","down"
"BP","GO:0009308","amine metabolic process","1/88","27/5982",0.037037037037037,2.51767676767677,0.965702724736068,0.330363816117498,0.81988100350328,0.780536868660243,"PPO1",1,"female","down"
"BP","GO:0035172","hemocyte proliferation","1/88","27/5982",0.037037037037037,2.51767676767677,0.965702724736068,0.330363816117498,0.81988100350328,0.780536868660243,"CG13559",1,"female","down"
"BP","GO:0044403","biological process involved in symbiotic interaction","1/88","27/5982",0.037037037037037,2.51767676767677,0.965702724736068,0.330363816117498,0.81988100350328,0.780536868660243,"sau",1,"female","down"
"BP","GO:0045886","negative regulation of synaptic assembly at neuromuscular junction","1/88","27/5982",0.037037037037037,2.51767676767677,0.965702724736068,0.330363816117498,0.81988100350328,0.780536868660243,"Rae1",1,"female","down"
"BP","GO:0051964","negative regulation of synapse assembly","1/88","27/5982",0.037037037037037,2.51767676767677,0.965702724736068,0.330363816117498,0.81988100350328,0.780536868660243,"Rae1",1,"female","down"
"BP","GO:1901889","negative regulation of cell junction assembly","1/88","27/5982",0.037037037037037,2.51767676767677,0.965702724736068,0.330363816117498,0.81988100350328,0.780536868660243,"Rae1",1,"female","down"
"BP","GO:1904397","negative regulation of neuromuscular junction development","1/88","27/5982",0.037037037037037,2.51767676767677,0.965702724736068,0.330363816117498,0.81988100350328,0.780536868660243,"Rae1",1,"female","down"
"BP","GO:1905037","autophagosome organization","1/88","27/5982",0.037037037037037,2.51767676767677,0.965702724736068,0.330363816117498,0.81988100350328,0.780536868660243,"Sting",1,"female","down"
"BP","GO:1905809","negative regulation of synapse organization","1/88","27/5982",0.037037037037037,2.51767676767677,0.965702724736068,0.330363816117498,0.81988100350328,0.780536868660243,"Rae1",1,"female","down"
"BP","GO:0008586","imaginal disc-derived wing vein morphogenesis","1/88","28/5982",0.0357142857142857,2.42775974025974,0.925236812295025,0.340259363419204,0.829754188874112,0.789936263401825,"Bap170",1,"female","down"
"BP","GO:0051302","regulation of cell division","1/88","28/5982",0.0357142857142857,2.42775974025974,0.925236812295025,0.340259363419204,0.829754188874112,0.789936263401825,"Spn88Eb",1,"female","down"
"BP","GO:0071407","cellular response to organic cyclic compound","1/88","28/5982",0.0357142857142857,2.42775974025974,0.925236812295025,0.340259363419204,0.829754188874112,0.789936263401825,"CG17760",1,"female","down"
"BP","GO:0090068","positive regulation of cell cycle process","1/88","28/5982",0.0357142857142857,2.42775974025974,0.925236812295025,0.340259363419204,0.829754188874112,0.789936263401825,"Rae1",1,"female","down"
"BP","GO:0051248","negative regulation of protein metabolic process","2/88","82/5982",0.024390243902439,1.6579822616408,0.733024140931834,0.340669841808827,0.829754188874112,0.789936263401825,"Paip2/Spn88Eb",2,"female","down"
"BP","GO:0022411","cellular component disassembly","2/88","83/5982",0.0240963855421687,1.63800657174151,0.715151694146185,0.346054468783999,0.829754188874112,0.789936263401825,"Sting/Cap-G",2,"female","down"
"BP","GO:0050801","monoatomic ion homeostasis","2/88","83/5982",0.0240963855421687,1.63800657174151,0.715151694146185,0.346054468783999,0.829754188874112,0.789936263401825,"Vha16-1/CG14757",2,"female","down"
"BP","GO:0055080","monoatomic cation homeostasis","2/88","83/5982",0.0240963855421687,1.63800657174151,0.715151694146185,0.346054468783999,0.829754188874112,0.789936263401825,"Vha16-1/CG14757",2,"female","down"
"BP","GO:0006405","RNA export from nucleus","1/88","29/5982",0.0344827586206897,2.34404388714734,0.886477422632714,0.350010316731114,0.829754188874112,0.789936263401825,"Rae1",1,"female","down"
"BP","GO:0006935","chemotaxis","1/88","29/5982",0.0344827586206897,2.34404388714734,0.886477422632714,0.350010316731114,0.829754188874112,0.789936263401825,"beat-IIIc",1,"female","down"
"BP","GO:0048069","eye pigmentation","1/88","29/5982",0.0344827586206897,2.34404388714734,0.886477422632714,0.350010316731114,0.829754188874112,0.789936263401825,"ninaD",1,"female","down"
"BP","GO:0050821","protein stabilization","1/88","29/5982",0.0344827586206897,2.34404388714734,0.886477422632714,0.350010316731114,0.829754188874112,0.789936263401825,"Bap170",1,"female","down"
"BP","GO:0009060","aerobic respiration","2/88","84/5982",0.0238095238095238,1.61850649350649,0.697516834872328,0.351425303523153,0.829754188874112,0.789936263401825,"CG14757/CG40472",2,"female","down"
"BP","GO:0140014","mitotic nuclear division","2/88","84/5982",0.0238095238095238,1.61850649350649,0.697516834872328,0.351425303523153,0.829754188874112,0.789936263401825,"sau/Cap-G",2,"female","down"
"BP","GO:0000281","mitotic cytokinesis","1/88","30/5982",0.0333333333333333,2.26590909090909,0.849287742904496,0.359618764929948,0.837468356686181,0.797280246690405,"sau",1,"female","down"
"BP","GO:0008587","imaginal disc-derived wing margin morphogenesis","1/88","30/5982",0.0333333333333333,2.26590909090909,0.849287742904496,0.359618764929948,0.837468356686181,0.797280246690405,"Bap170",1,"female","down"
"BP","GO:0019058","viral life cycle","1/88","30/5982",0.0333333333333333,2.26590909090909,0.849287742904496,0.359618764929948,0.837468356686181,0.797280246690405,"sau",1,"female","down"
"BP","GO:0070918","regulatory ncRNA processing","1/88","30/5982",0.0333333333333333,2.26590909090909,0.849287742904496,0.359618764929948,0.837468356686181,0.797280246690405,"CRIF",1,"female","down"
"BP","GO:0045333","cellular respiration","2/88","87/5982",0.0229885057471264,1.56269592476489,0.645973441739898,0.367447619844267,0.850776276616017,0.80994955126757,"CG14757/CG40472",2,"female","down"
"BP","GO:0008039","synaptic target recognition","1/88","31/5982",0.032258064516129,2.19281524926686,0.813546209472046,0.36908676706136,0.850776276616017,0.80994955126757,"beat-IIIc",1,"female","down"
"BP","GO:0051028","mRNA transport","1/88","31/5982",0.032258064516129,2.19281524926686,0.813546209472046,0.36908676706136,0.850776276616017,0.80994955126757,"Arc1",1,"female","down"
"BP","GO:0044283","small molecule biosynthetic process","3/88","148/5982",0.0202702702702703,1.37791769041769,0.568811068376976,0.37205736336433,0.854726375296433,0.813710094128957,"CG30008/Acsx1R/Fatp1",3,"female","down"
"BP","GO:0007188","adenylate cyclase-modulating G protein-coupled receptor signaling pathway","1/88","32/5982",0.03125,2.12428977272727,0.779144371827283,0.378416352761008,0.854894085971712,0.813869756768735,"CG17760",1,"female","down"
"BP","GO:0009062","fatty acid catabolic process","1/88","32/5982",0.03125,2.12428977272727,0.779144371827283,0.378416352761008,0.854894085971712,0.813869756768735,"CG7900",1,"female","down"
"BP","GO:0010508","positive regulation of autophagy","1/88","32/5982",0.03125,2.12428977272727,0.779144371827283,0.378416352761008,0.854894085971712,0.813869756768735,"Sting",1,"female","down"
"BP","GO:0016032","viral process","1/88","32/5982",0.03125,2.12428977272727,0.779144371827283,0.378416352761008,0.854894085971712,0.813869756768735,"sau",1,"female","down"
"BP","GO:0061058","regulation of peptidoglycan recognition protein signaling pathway","1/88","32/5982",0.03125,2.12428977272727,0.779144371827283,0.378416352761008,0.854894085971712,0.813869756768735,"PGRP-SC2",1,"female","down"
"BP","GO:0006909","phagocytosis","1/88","33/5982",0.0303030303030303,2.0599173553719,0.745985112587886,0.387609522669752,0.860686243032339,0.819383962019951,"NimC4",1,"female","down"
"BP","GO:0008045","motor neuron axon guidance","1/88","33/5982",0.0303030303030303,2.0599173553719,0.745985112587886,0.387609522669752,0.860686243032339,0.819383962019951,"beat-IIIc",1,"female","down"
"BP","GO:0061077","chaperone-mediated protein folding","1/88","33/5982",0.0303030303030303,2.0599173553719,0.745985112587886,0.387609522669752,0.860686243032339,0.819383962019951,"Hsp70Ab",1,"female","down"
"BP","GO:0062207","regulation of pattern recognition receptor signaling pathway","1/88","33/5982",0.0303030303030303,2.0599173553719,0.745985112587886,0.387609522669752,0.860686243032339,0.819383962019951,"PGRP-SC2",1,"female","down"
"BP","GO:0080135","regulation of cellular response to stress","1/88","33/5982",0.0303030303030303,2.0599173553719,0.745985112587886,0.387609522669752,0.860686243032339,0.819383962019951,"Erasp",1,"female","down"
"BP","GO:0140013","meiotic nuclear division","2/88","91/5982",0.021978021978022,1.49400599400599,0.580205143874395,0.388574524427835,0.860686243032339,0.819383962019951,"sau/Rae1",2,"female","down"
"BP","GO:0009150","purine ribonucleotide metabolic process","2/88","92/5982",0.0217391304347826,1.47776679841897,0.56425498384178,0.393809820587946,0.861888259703819,0.820528296776856,"CG17560/Acsx1R",2,"female","down"
"BP","GO:0030866","cortical actin cytoskeleton organization","1/88","34/5982",0.0294117647058824,1.99933155080214,0.713981155335054,0.396668248843069,0.861888259703819,0.820528296776856,"sau",1,"female","down"
"BP","GO:0046148","pigment biosynthetic process","1/88","34/5982",0.0294117647058824,1.99933155080214,0.713981155335054,0.396668248843069,0.861888259703819,0.820528296776856,"ninaD",1,"female","down"
"BP","GO:0042594","response to starvation","2/88","94/5982",0.0212765957446809,1.4463249516441,0.532910606732472,0.404220610651698,0.861888259703819,0.820528296776856,"Arc1/mthl8",2,"female","down"
"BP","GO:0002225","positive regulation of antimicrobial peptide production","1/88","35/5982",0.0285714285714286,1.94220779220779,0.683053806736457,0.405594475154739,0.861888259703819,0.820528296776856,"Sting",1,"female","down"
"BP","GO:0002699","positive regulation of immune effector process","1/88","35/5982",0.0285714285714286,1.94220779220779,0.683053806736457,0.405594475154739,0.861888259703819,0.820528296776856,"Sting",1,"female","down"
"BP","GO:0002702","positive regulation of production of molecular mediator of immune response","1/88","35/5982",0.0285714285714286,1.94220779220779,0.683053806736457,0.405594475154739,0.861888259703819,0.820528296776856,"Sting",1,"female","down"
"BP","GO:0002760","positive regulation of antimicrobial humoral response","1/88","35/5982",0.0285714285714286,1.94220779220779,0.683053806736457,0.405594475154739,0.861888259703819,0.820528296776856,"Sting",1,"female","down"
"BP","GO:0002922","positive regulation of humoral immune response","1/88","35/5982",0.0285714285714286,1.94220779220779,0.683053806736457,0.405594475154739,0.861888259703819,0.820528296776856,"Sting",1,"female","down"
"BP","GO:0006022","aminoglycan metabolic process","1/88","35/5982",0.0285714285714286,1.94220779220779,0.683053806736457,0.405594475154739,0.861888259703819,0.820528296776856,"PGRP-SC2",1,"female","down"
"BP","GO:0010038","response to metal ion","1/88","35/5982",0.0285714285714286,1.94220779220779,0.683053806736457,0.405594475154739,0.861888259703819,0.820528296776856,"TotA",1,"female","down"
"BP","GO:0030261","chromosome condensation","1/88","35/5982",0.0285714285714286,1.94220779220779,0.683053806736457,0.405594475154739,0.861888259703819,0.820528296776856,"Cap-G",1,"female","down"
"BP","GO:0072329","monocarboxylic acid catabolic process","1/88","35/5982",0.0285714285714286,1.94220779220779,0.683053806736457,0.405594475154739,0.861888259703819,0.820528296776856,"CG7900",1,"female","down"
"BP","GO:0051606","detection of stimulus","2/88","95/5982",0.0210526315789474,1.4311004784689,0.517507277079651,0.409395019779548,0.864372024639684,0.822892871754498,"CG12780/ninaD",2,"female","down"
"BP","GO:0048584","positive regulation of response to stimulus","6/88","350/5982",0.0171428571428571,1.16532467532468,0.389460618408325,0.410990336501923,0.864372024639684,0.822892871754498,"DptA/Sting/Uev1A/PGRP-SC2/Erasp/Rae1",6,"female","down"
"BP","GO:0030335","positive regulation of cell migration","1/88","36/5982",0.0277777777777778,1.88825757575758,0.65313189059038,0.414390117694907,0.864372024639684,0.822892871754498,"Uev1A",1,"female","down"
"BP","GO:0045132","meiotic chromosome segregation","1/88","36/5982",0.0277777777777778,1.88825757575758,0.65313189059038,0.414390117694907,0.864372024639684,0.822892871754498,"sau",1,"female","down"
"BP","GO:0045787","positive regulation of cell cycle","1/88","36/5982",0.0277777777777778,1.88825757575758,0.65313189059038,0.414390117694907,0.864372024639684,0.822892871754498,"Rae1",1,"female","down"
"BP","GO:0072659","protein localization to plasma membrane","1/88","36/5982",0.0277777777777778,1.88825757575758,0.65313189059038,0.414390117694907,0.864372024639684,0.822892871754498,"sau",1,"female","down"
"BP","GO:0006790","sulfur compound metabolic process","2/88","97/5982",0.0206185567010309,1.40159325210872,0.487216751607433,0.419679302390341,0.866502422622174,0.824921037016466,"CG17560/Acsx1R",2,"female","down"
"BP","GO:0009259","ribonucleotide metabolic process","2/88","97/5982",0.0206185567010309,1.40159325210872,0.487216751607433,0.419679302390341,0.866502422622174,0.824921037016466,"CG17560/Acsx1R",2,"female","down"
"BP","GO:0017148","negative regulation of translation","1/88","37/5982",0.027027027027027,1.83722358722359,0.624150840038656,0.423057065162591,0.866502422622174,0.824921037016466,"Paip2",1,"female","down"
"BP","GO:0019915","lipid storage","1/88","37/5982",0.027027027027027,1.83722358722359,0.624150840038656,0.423057065162591,0.866502422622174,0.824921037016466,"Rdh1",1,"female","down"
"BP","GO:0030148","sphingolipid biosynthetic process","1/88","37/5982",0.027027027027027,1.83722358722359,0.624150840038656,0.423057065162591,0.866502422622174,0.824921037016466,"CG30008",1,"female","down"
"BP","GO:1902600","proton transmembrane transport","1/88","37/5982",0.027027027027027,1.83722358722359,0.624150840038656,0.423057065162591,0.866502422622174,0.824921037016466,"Vha16-1",1,"female","down"
"BP","GO:0007052","mitotic spindle organization","1/88","38/5982",0.0263157894736842,1.78887559808612,0.596051920874208,0.431597179252699,0.872327581998844,0.830466660881253,"sau",1,"female","down"
"BP","GO:0035006","melanization defense response","1/88","38/5982",0.0263157894736842,1.78887559808612,0.596051920874208,0.431597179252699,0.872327581998844,0.830466660881253,"PPO1",1,"female","down"
"BP","GO:2000147","positive regulation of cell motility","1/88","38/5982",0.0263157894736842,1.78887559808612,0.596051920874208,0.431597179252699,0.872327581998844,0.830466660881253,"Uev1A",1,"female","down"
"BP","GO:0098813","nuclear chromosome segregation","2/88","100/5982",0.02,1.35954545454545,0.443010953269602,0.434937263880438,0.872327581998844,0.830466660881253,"sau/Cap-G",2,"female","down"
"BP","GO:0006413","translational initiation","1/88","39/5982",0.0256410256410256,1.74300699300699,0.568781564086855,0.440012295037652,0.872327581998844,0.830466660881253,"Paip2",1,"female","down"
"BP","GO:0007033","vacuole organization","1/88","39/5982",0.0256410256410256,1.74300699300699,0.568781564086855,0.440012295037652,0.872327581998844,0.830466660881253,"Sting",1,"female","down"
"BP","GO:0030865","cortical cytoskeleton organization","1/88","39/5982",0.0256410256410256,1.74300699300699,0.568781564086855,0.440012295037652,0.872327581998844,0.830466660881253,"sau",1,"female","down"
"BP","GO:0035194","regulatory ncRNA-mediated post-transcriptional gene silencing","1/88","39/5982",0.0256410256410256,1.74300699300699,0.568781564086855,0.440012295037652,0.872327581998844,0.830466660881253,"CRIF",1,"female","down"
"BP","GO:0044272","sulfur compound biosynthetic process","1/88","39/5982",0.0256410256410256,1.74300699300699,0.568781564086855,0.440012295037652,0.872327581998844,0.830466660881253,"Acsx1R",1,"female","down"
"BP","GO:0046328","regulation of JNK cascade","1/88","39/5982",0.0256410256410256,1.74300699300699,0.568781564086855,0.440012295037652,0.872327581998844,0.830466660881253,"Uev1A",1,"female","down"
"BP","GO:0051225","spindle assembly","1/88","39/5982",0.0256410256410256,1.74300699300699,0.568781564086855,0.440012295037652,0.872327581998844,0.830466660881253,"sau",1,"female","down"
"BP","GO:0019693","ribose phosphate metabolic process","2/88","102/5982",0.0196078431372549,1.33288770053476,0.414316609080237,0.444991811312572,0.875996754349707,0.833959758397941,"CG17560/Acsx1R",2,"female","down"
"BP","GO:0000280","nuclear division","3/88","167/5982",0.0179640718562874,1.22114861186717,0.354152869708868,0.447535803693762,0.875996754349707,0.833959758397941,"sau/Cap-G/Rae1",3,"female","down"
"BP","GO:0007127","meiosis I","1/88","40/5982",0.025,1.69943181818182,0.542290789896676,0.448304221343674,0.875996754349707,0.833959758397941,"Rae1",1,"female","down"
"BP","GO:0017145","stem cell division","1/88","40/5982",0.025,1.69943181818182,0.542290789896676,0.448304221343674,0.875996754349707,0.833959758397941,"Spn88Eb",1,"female","down"
"BP","GO:1990778","protein localization to cell periphery","1/88","40/5982",0.025,1.69943181818182,0.542290789896676,0.448304221343674,0.875996754349707,0.833959758397941,"sau",1,"female","down"
"BP","GO:0010629","negative regulation of gene expression","4/88","233/5982",0.0171673819742489,1.16699180647679,0.317687509872618,0.450152715193815,0.876844135488246,0.834766475735714,"Paip2/Bin1/PGRP-SC2/CRIF",4,"female","down"
"BP","GO:0048878","chemical homeostasis","3/88","168/5982",0.0178571428571429,1.21387987012987,0.343566025142487,0.451421720607309,0.876844135488246,0.834766475735714,"Vha16-1/CG14757/Fatp1",3,"female","down"
"BP","GO:0031647","regulation of protein stability","1/88","41/5982",0.024390243902439,1.6579822616408,0.516534708776346,0.456474741121822,0.876844135488246,0.834766475735714,"Bap170",1,"female","down"
"BP","GO:0040017","positive regulation of locomotion","1/88","41/5982",0.024390243902439,1.6579822616408,0.516534708776346,0.456474741121822,0.876844135488246,0.834766475735714,"Uev1A",1,"female","down"
"BP","GO:0043065","positive regulation of apoptotic process","1/88","41/5982",0.024390243902439,1.6579822616408,0.516534708776346,0.456474741121822,0.876844135488246,0.834766475735714,"Erasp",1,"female","down"
"BP","GO:0043410","positive regulation of MAPK cascade","1/88","41/5982",0.024390243902439,1.6579822616408,0.516534708776346,0.456474741121822,0.876844135488246,0.834766475735714,"Uev1A",1,"female","down"
"BP","GO:0008610","lipid biosynthetic process","3/88","171/5982",0.0175438596491228,1.19258373205742,0.3121874120772,0.4630143857622,0.882339150931317,0.839997798487244,"CG30008/Acsx1R/Fatp1",3,"female","down"
"BP","GO:0006582","melanin metabolic process","1/88","42/5982",0.0238095238095238,1.61850649350649,0.491472087556063,0.46452561181384,0.882339150931317,0.839997798487244,"PPO1",1,"female","down"
"BP","GO:0097190","apoptotic signaling pathway","1/88","42/5982",0.0238095238095238,1.61850649350649,0.491472087556063,0.46452561181384,0.882339150931317,0.839997798487244,"Erasp",1,"female","down"
"BP","GO:0098876","vesicle-mediated transport to the plasma membrane","1/88","42/5982",0.0238095238095238,1.61850649350649,0.491472087556063,0.46452561181384,0.882339150931317,0.839997798487244,"sau",1,"female","down"
"BP","GO:0009991","response to extracellular stimulus","2/88","107/5982",0.0186915887850467,1.27060322854715,0.345099316173796,0.46969456841532,0.88720085145116,0.844626197588953,"Arc1/mthl8",2,"female","down"
"BP","GO:0031667","response to nutrient levels","2/88","107/5982",0.0186915887850467,1.27060322854715,0.345099316173796,0.46969456841532,0.88720085145116,0.844626197588953,"Arc1/mthl8",2,"female","down"
"BP","GO:0048285","organelle fission","3/88","174/5982",0.0172413793103448,1.17202194357367,0.281363878544624,0.474504221118426,0.893802964987616,0.850911491435579,"sau/Cap-G/Rae1",3,"female","down"
"BP","GO:0007602","phototransduction","1/88","44/5982",0.0227272727272727,1.54493801652893,0.443278349186919,0.48027531031927,0.902174616069347,0.858881406939084,"ninaD",1,"female","down"
"BP","GO:0006665","sphingolipid metabolic process","1/88","45/5982",0.0222222222222222,1.51060606060606,0.420079868450627,0.487977528691097,0.910992877348836,0.867276500881632,"CG30008",1,"female","down"
"BP","GO:0016441","post-transcriptional gene silencing","1/88","45/5982",0.0222222222222222,1.51060606060606,0.420079868450627,0.487977528691097,0.910992877348836,0.867276500881632,"CRIF",1,"female","down"
"BP","GO:0006163","purine nucleotide metabolic process","2/88","111/5982",0.018018018018018,1.22481572481572,0.292115973388926,0.488988823871066,0.910992877348836,0.867276500881632,"CG17560/Acsx1R",2,"female","down"
"BP","GO:0007005","mitochondrion organization","2/88","112/5982",0.0178571428571429,1.21387987012987,0.279179190695907,0.49374498954403,0.914840852561146,0.870939820936695,"CG14757/CG34150",2,"female","down"
"BP","GO:0015980","energy derivation by oxidation of organic compounds","2/88","112/5982",0.0178571428571429,1.21387987012987,0.279179190695907,0.49374498954403,0.914840852561146,0.870939820936695,"CG14757/CG40472",2,"female","down"
"BP","GO:0098742","cell-cell adhesion via plasma-membrane adhesion molecules","1/88","46/5982",0.0217391304347826,1.47776679841897,0.397439572615716,0.495566879790167,0.915721408307917,0.871778120912336,"beat-IIIc",1,"female","down"
"BP","GO:0034250","positive regulation of amide metabolic process","1/88","47/5982",0.0212765957446809,1.4463249516441,0.375329677330799,0.503044998822928,0.923567564480673,0.879247758754821,"Sting",1,"female","down"
"BP","GO:0051168","nuclear export","1/88","47/5982",0.0212765957446809,1.4463249516441,0.375329677330799,0.503044998822928,0.923567564480673,0.879247758754821,"Rae1",1,"female","down"
"BP","GO:0071702","organic substance transport","7/88","453/5982",0.0154525386313466,1.05042143287176,0.136384231482438,0.503887597679897,0.923567564480673,0.879247758754821,"Vha16-1/sau/Arc1/Srg2/ninaD/Rae1/Fatp1",7,"female","down"
"BP","GO:0009152","purine ribonucleotide biosynthetic process","1/88","48/5982",0.0208333333333333,1.41619318181818,0.353724368919886,0.51041349757669,0.928024541048528,0.883490855642174,"Acsx1R",1,"female","down"
"BP","GO:0009583","detection of light stimulus","1/88","48/5982",0.0208333333333333,1.41619318181818,0.353724368919886,0.51041349757669,0.928024541048528,0.883490855642174,"ninaD",1,"female","down"
"BP","GO:0048066","developmental pigmentation","1/88","48/5982",0.0208333333333333,1.41619318181818,0.353724368919886,0.51041349757669,0.928024541048528,0.883490855642174,"ninaD",1,"female","down"
"BP","GO:1903046","meiotic cell cycle process","2/88","117/5982",0.0170940170940171,1.16200466200466,0.216226842547553,0.517109526209413,0.931265333414769,0.886576130108488,"sau/Rae1",2,"female","down"
"BP","GO:0001558","regulation of cell growth","1/88","49/5982",0.0204081632653061,1.38729128014842,0.332599625853093,0.517673964751151,0.931265333414769,0.886576130108488,"Paip2",1,"female","down"
"BP","GO:0007030","Golgi organization","1/88","49/5982",0.0204081632653061,1.38729128014842,0.332599625853093,0.517673964751151,0.931265333414769,0.886576130108488,"sau",1,"female","down"
"BP","GO:0007254","JNK cascade","1/88","49/5982",0.0204081632653061,1.38729128014842,0.332599625853093,0.517673964751151,0.931265333414769,0.886576130108488,"Uev1A",1,"female","down"
"BP","GO:0001666","response to hypoxia","1/88","50/5982",0.02,1.35954545454545,0.311933059717106,0.524827966285265,0.931882510445587,0.887163690284885,"Hsp70Ab",1,"female","down"
"BP","GO:0007098","centrosome cycle","1/88","50/5982",0.02,1.35954545454545,0.311933059717106,0.524827966285265,0.931882510445587,0.887163690284885,"Map205",1,"female","down"
"BP","GO:0031023","microtubule organizing center organization","1/88","50/5982",0.02,1.35954545454545,0.311933059717106,0.524827966285265,0.931882510445587,0.887163690284885,"Map205",1,"female","down"
"BP","GO:0036293","response to decreased oxygen levels","1/88","51/5982",0.0196078431372549,1.33288770053476,0.291703773208841,0.53187704567955,0.931882510445587,0.887163690284885,"Hsp70Ab",1,"female","down"
"BP","GO:0034976","response to endoplasmic reticulum stress","1/88","52/5982",0.0192307692307692,1.30725524475524,0.271892233032415,0.538822724313878,0.931882510445587,0.887163690284885,"Erasp",1,"female","down"
"BP","GO:0035330","regulation of hippo signaling","1/88","52/5982",0.0192307692307692,1.30725524475524,0.271892233032415,0.538822724313878,0.931882510445587,0.887163690284885,"Rae1",1,"female","down"
"BP","GO:0071496","cellular response to external stimulus","1/88","52/5982",0.0192307692307692,1.30725524475524,0.271892233032415,0.538822724313878,0.931882510445587,0.887163690284885,"TotA",1,"female","down"
"BP","GO:1900424","regulation of defense response to bacterium","1/88","52/5982",0.0192307692307692,1.30725524475524,0.271892233032415,0.538822724313878,0.931882510445587,0.887163690284885,"PGRP-SC2",1,"female","down"
"BP","GO:0009117","nucleotide metabolic process","2/88","122/5982",0.0163934426229508,1.11438152011923,0.155958892618845,0.539762617088692,0.931882510445587,0.887163690284885,"CG17560/Acsx1R",2,"female","down"
"BP","GO:0000209","protein polyubiquitination","1/88","53/5982",0.0188679245283019,1.28259005145798,0.252480155879102,0.545666501760822,0.931882510445587,0.887163690284885,"Uev1A",1,"female","down"
"BP","GO:0006164","purine nucleotide biosynthetic process","1/88","53/5982",0.0188679245283019,1.28259005145798,0.252480155879102,0.545666501760822,0.931882510445587,0.887163690284885,"Acsx1R",1,"female","down"
"BP","GO:0009260","ribonucleotide biosynthetic process","1/88","53/5982",0.0188679245283019,1.28259005145798,0.252480155879102,0.545666501760822,0.931882510445587,0.887163690284885,"Acsx1R",1,"female","down"
"BP","GO:0055088","lipid homeostasis","1/88","53/5982",0.0188679245283019,1.28259005145798,0.252480155879102,0.545666501760822,0.931882510445587,0.887163690284885,"Fatp1",1,"female","down"
"BP","GO:0061640","cytoskeleton-dependent cytokinesis","1/88","53/5982",0.0188679245283019,1.28259005145798,0.252480155879102,0.545666501760822,0.931882510445587,0.887163690284885,"sau",1,"female","down"
"BP","GO:0010628","positive regulation of gene expression","2/88","124/5982",0.0161290322580645,1.09640762463343,0.132547247320682,0.54862028330907,0.931882510445587,0.887163690284885,"Sting/Rae1",2,"female","down"
"BP","GO:0051172","negative regulation of nitrogen compound metabolic process","4/88","265/5982",0.0150943396226415,1.02607204116638,0.0530440951685647,0.551804281663763,0.931882510445587,0.887163690284885,"Paip2/Bin1/Spn88Eb/PGRP-SC2",4,"female","down"
"BP","GO:0043473","pigmentation","1/88","54/5982",0.0185185185185185,1.25883838383838,0.233450405922258,0.552409856094613,0.931882510445587,0.887163690284885,"ninaD",1,"female","down"
"BP","GO:1902850","microtubule cytoskeleton organization involved in mitosis","1/88","54/5982",0.0185185185185185,1.25883838383838,0.233450405922258,0.552409856094613,0.931882510445587,0.887163690284885,"sau",1,"female","down"
"BP","GO:0051321","meiotic cell cycle","2/88","125/5982",0.016,1.08763636363636,0.120983157480346,0.553005006005261,0.931882510445587,0.887163690284885,"sau/Rae1",2,"female","down"
"BP","GO:0007059","chromosome segregation","2/88","126/5982",0.0158730158730159,1.07900432900433,0.10951126583,0.557360188024798,0.931882510445587,0.887163690284885,"sau/Cap-G",2,"female","down"
"BP","GO:1903047","mitotic cell cycle process","3/88","197/5982",0.0152284263959391,1.03518689432395,0.0613600266635009,0.558575072001144,0.931882510445587,0.887163690284885,"sau/Cap-G/Rae1",3,"female","down"
"BP","GO:0009581","detection of external stimulus","1/88","55/5982",0.0181818181818182,1.23595041322314,0.214786902472623,0.559054244195773,0.931882510445587,0.887163690284885,"ninaD",1,"female","down"
"BP","GO:0009582","detection of abiotic stimulus","1/88","55/5982",0.0181818181818182,1.23595041322314,0.214786902472623,0.559054244195773,0.931882510445587,0.887163690284885,"ninaD",1,"female","down"
"BP","GO:0018958","phenol-containing compound metabolic process","1/88","55/5982",0.0181818181818182,1.23595041322314,0.214786902472623,0.559054244195773,0.931882510445587,0.887163690284885,"PPO1",1,"female","down"
"BP","GO:0031507","heterochromatin formation","1/88","55/5982",0.0181818181818182,1.23595041322314,0.214786902472623,0.559054244195773,0.931882510445587,0.887163690284885,"Bin1",1,"female","down"
"BP","GO:0046390","ribose phosphate biosynthetic process","1/88","55/5982",0.0181818181818182,1.23595041322314,0.214786902472623,0.559054244195773,0.931882510445587,0.887163690284885,"Acsx1R",1,"female","down"
"BP","GO:0051961","negative regulation of nervous system development","1/88","55/5982",0.0181818181818182,1.23595041322314,0.214786902472623,0.559054244195773,0.931882510445587,0.887163690284885,"Rae1",1,"female","down"
"BP","GO:0006753","nucleoside phosphate metabolic process","2/88","127/5982",0.015748031496063,1.07050823192555,0.0981299113897063,0.561685740527318,0.931882510445587,0.887163690284885,"CG17560/Acsx1R",2,"female","down"
"BP","GO:0072521","purine-containing compound metabolic process","2/88","127/5982",0.015748031496063,1.07050823192555,0.0981299113897063,0.561685740527318,0.931882510445587,0.887163690284885,"CG17560/Acsx1R",2,"female","down"
"BP","GO:0030334","regulation of cell migration","1/88","56/5982",0.0178571428571429,1.21387987012987,0.196474536620395,0.565601102051479,0.931882510445587,0.887163690284885,"Uev1A",1,"female","down"
"BP","GO:0035329","hippo signaling","1/88","56/5982",0.0178571428571429,1.21387987012987,0.196474536620395,0.565601102051479,0.931882510445587,0.887163690284885,"Rae1",1,"female","down"
"BP","GO:0042060","wound healing","1/88","56/5982",0.0178571428571429,1.21387987012987,0.196474536620395,0.565601102051479,0.931882510445587,0.887163690284885,"PPO1",1,"female","down"
"BP","GO:0046467","membrane lipid biosynthetic process","1/88","56/5982",0.0178571428571429,1.21387987012987,0.196474536620395,0.565601102051479,0.931882510445587,0.887163690284885,"CG30008",1,"female","down"
"BP","GO:0090150","establishment of protein localization to membrane","1/88","56/5982",0.0178571428571429,1.21387987012987,0.196474536620395,0.565601102051479,0.931882510445587,0.887163690284885,"sau",1,"female","down"
"BP","GO:0007186","G protein-coupled receptor signaling pathway","2/88","128/5982",0.015625,1.06214488636364,0.0868374767323442,0.56598158355004,0.931882510445587,0.887163690284885,"mthl8/CG17760",2,"female","down"
"BP","GO:0031329","regulation of cellular catabolic process","2/88","129/5982",0.0155038759689922,1.053911205074,0.0756323864995283,0.570247645771509,0.936638645228565,0.891691589497782,"Sting/Rae1",2,"female","down"
"BP","GO:0008284","positive regulation of cell population proliferation","1/88","58/5982",0.0172413793103448,1.17202194357367,0.160847195701128,0.578407868281339,0.939163067676993,0.894094870930883,"CG13559",1,"female","down"
"BP","GO:0045814","negative regulation of gene expression, epigenetic","1/88","58/5982",0.0172413793103448,1.17202194357367,0.160847195701128,0.578407868281339,0.939163067676993,0.894094870930883,"Bin1",1,"female","down"
"BP","GO:0070828","heterochromatin organization","1/88","58/5982",0.0172413793103448,1.17202194357367,0.160847195701128,0.578407868281339,0.939163067676993,0.894094870930883,"Bin1",1,"female","down"
"BP","GO:2000145","regulation of cell motility","1/88","58/5982",0.0172413793103448,1.17202194357367,0.160847195701128,0.578407868281339,0.939163067676993,0.894094870930883,"Uev1A",1,"female","down"
"BP","GO:0006338","chromatin remodeling","2/88","131/5982",0.0152671755725191,1.03782095766829,0.0534781397432342,0.578690184348029,0.939163067676993,0.894094870930883,"Bin1/Bap170",2,"female","down"
"BP","GO:0006914","autophagy","2/88","132/5982",0.0151515151515152,1.02995867768595,0.0425260303380728,0.582866559208363,0.939216256544282,0.894145507391228,"Sting/Rae1",2,"female","down"
"BP","GO:0042127","regulation of cell population proliferation","2/88","132/5982",0.0151515151515152,1.02995867768595,0.0425260303380728,0.582866559208363,0.939216256544282,0.894145507391228,"Rae1/CG13559",2,"female","down"
"BP","GO:0061919","process utilizing autophagic mechanism","2/88","132/5982",0.0151515151515152,1.02995867768595,0.0425260303380728,0.582866559208363,0.939216256544282,0.894145507391228,"Sting/Rae1",2,"female","down"
"BP","GO:0000910","cytokinesis","1/88","60/5982",0.0166666666666667,1.13295454545455,0.126464253499256,0.590841235965557,0.945345977544891,0.899981077693665,"sau",1,"female","down"
"BP","GO:0014070","response to organic cyclic compound","1/88","60/5982",0.0166666666666667,1.13295454545455,0.126464253499256,0.590841235965557,0.945345977544891,0.899981077693665,"CG17760",1,"female","down"
"BP","GO:0072522","purine-containing compound biosynthetic process","1/88","60/5982",0.0166666666666667,1.13295454545455,0.126464253499256,0.590841235965557,0.945345977544891,0.899981077693665,"Acsx1R",1,"female","down"
"BP","GO:0010035","response to inorganic substance","1/88","61/5982",0.0163934426229508,1.11438152011923,0.1097100523955,0.596921271635099,0.948379590448289,0.902869114745662,"TotA",1,"female","down"
"BP","GO:0019748","secondary metabolic process","1/88","61/5982",0.0163934426229508,1.11438152011923,0.1097100523955,0.596921271635099,0.948379590448289,0.902869114745662,"PPO1",1,"female","down"
"BP","GO:1901990","regulation of mitotic cell cycle phase transition","1/88","61/5982",0.0163934426229508,1.11438152011923,0.1097100523955,0.596921271635099,0.948379590448289,0.902869114745662,"Rae1",1,"female","down"
"BP","GO:0009165","nucleotide biosynthetic process","1/88","62/5982",0.0161290322580645,1.09640762463343,0.0932329756306147,0.602911970519766,0.951839306822024,0.906162807578242,"Acsx1R",1,"female","down"
"BP","GO:0044242","cellular lipid catabolic process","1/88","62/5982",0.0161290322580645,1.09640762463343,0.0932329756306147,0.602911970519766,0.951839306822024,0.906162807578242,"CG7900",1,"female","down"
"BP","GO:0140694","non-membrane-bounded organelle assembly","2/88","137/5982",0.0145985401459854,0.992368944923689,-0.0110401706239603,0.603298148882783,0.951839306822024,0.906162807578242,"sau/Rdh1",2,"female","down"
"BP","GO:0051235","maintenance of location","1/88","63/5982",0.0158730158730159,1.07900432900433,0.0770229530084189,0.608814630417445,0.9561061170528,0.910224863757697,"Rdh1",1,"female","down"
"BP","GO:1901293","nucleoside phosphate biosynthetic process","1/88","63/5982",0.0158730158730159,1.07900432900433,0.0770229530084189,0.608814630417445,0.9561061170528,0.910224863757697,"Acsx1R",1,"female","down"
"BP","GO:0015849","organic acid transport","1/88","64/5982",0.015625,1.06214488636364,0.0610704438403569,0.614630530488955,0.956404486802035,0.910508915453949,"Fatp1",1,"female","down"
"BP","GO:0031032","actomyosin structure organization","1/88","64/5982",0.015625,1.06214488636364,0.0610704438403569,0.614630530488955,0.956404486802035,0.910508915453949,"sau",1,"female","down"
"BP","GO:0046942","carboxylic acid transport","1/88","64/5982",0.015625,1.06214488636364,0.0610704438403569,0.614630530488955,0.956404486802035,0.910508915453949,"Fatp1",1,"female","down"
"BP","GO:0048640","negative regulation of developmental growth","1/88","64/5982",0.015625,1.06214488636364,0.0610704438403569,0.614630530488955,0.956404486802035,0.910508915453949,"Rae1",1,"female","down"
"BP","GO:0010608","post-transcriptional regulation of gene expression","2/88","141/5982",0.0141843971631206,0.9642166344294,-0.0525376097251163,0.61910235117226,0.957577958980796,0.911626075500294,"Paip2/CRIF",2,"female","down"
"BP","GO:0040011","locomotion","2/88","142/5982",0.0140845070422535,0.957426376440461,-0.0627337914616841,0.622978303722489,0.957577958980796,0.911626075500294,"beat-IIIc/Uev1A",2,"female","down"
"BP","GO:0006643","membrane lipid metabolic process","1/88","66/5982",0.0151515151515152,1.02995867768595,0.029902238233494,0.626007076194878,0.957577958980796,0.911626075500294,"CG30008",1,"female","down"
"BP","GO:0008582","regulation of synaptic assembly at neuromuscular junction","1/88","66/5982",0.0151515151515152,1.02995867768595,0.029902238233494,0.626007076194878,0.957577958980796,0.911626075500294,"Rae1",1,"female","down"
"BP","GO:0016236","macroautophagy","1/88","66/5982",0.0151515151515152,1.02995867768595,0.029902238233494,0.626007076194878,0.957577958980796,0.911626075500294,"Sting",1,"female","down"
"BP","GO:0031047","regulatory ncRNA-mediated gene silencing","1/88","66/5982",0.0151515151515152,1.02995867768595,0.029902238233494,0.626007076194878,0.957577958980796,0.911626075500294,"CRIF",1,"female","down"
"BP","GO:0000278","mitotic cell cycle","4/88","292/5982",0.0136986301369863,0.931195516811955,-0.147290657595097,0.629596040113335,0.957577958980796,0.911626075500294,"sau/Cap-G/Map205/Rae1",4,"female","down"
"BP","GO:0043067","regulation of programmed cell death","2/88","144/5982",0.0138888888888889,0.944128787878788,-0.0829202238219134,0.630640262405021,0.957577958980796,0.911626075500294,"Uev1A/Erasp",2,"female","down"
"BP","GO:0030162","regulation of proteolysis","1/88","67/5982",0.0149253731343284,1.01458616010855,0.0146697993863841,0.631570189327882,0.957577958980796,0.911626075500294,"Spn88Eb",1,"female","down"
"BP","GO:1901136","carbohydrate derivative catabolic process","1/88","67/5982",0.0149253731343284,1.01458616010855,0.0146697993863841,0.631570189327882,0.957577958980796,0.911626075500294,"PGRP-SC2",1,"female","down"
"BP","GO:0010033","response to organic substance","4/88","295/5982",0.0135593220338983,0.921725731895223,-0.168465734914742,0.637704765980692,0.957577958980796,0.911626075500294,"TotA/Hsp70Ab/Uev1A/CG17760",4,"female","down"
"BP","GO:0007507","heart development","1/88","69/5982",0.0144927536231884,0.985177865612648,-0.0151305433422395,0.64245213250911,0.957577958980796,0.911626075500294,"Tina-1",1,"female","down"
"BP","GO:0008038","neuron recognition","1/88","69/5982",0.0144927536231884,0.985177865612648,-0.0151305433422395,0.64245213250911,0.957577958980796,0.911626075500294,"beat-IIIc",1,"female","down"
"BP","GO:0030003","intracellular monoatomic cation homeostasis","1/88","69/5982",0.0144927536231884,0.985177865612648,-0.0151305433422395,0.64245213250911,0.957577958980796,0.911626075500294,"Vha16-1",1,"female","down"
"BP","GO:0042330","taxis","1/88","69/5982",0.0144927536231884,0.985177865612648,-0.0151305433422395,0.64245213250911,0.957577958980796,0.911626075500294,"beat-IIIc",1,"female","down"
"BP","GO:0051963","regulation of synapse assembly","1/88","69/5982",0.0144927536231884,0.985177865612648,-0.0151305433422395,0.64245213250911,0.957577958980796,0.911626075500294,"Rae1",1,"female","down"
"BP","GO:0072359","circulatory system development","1/88","69/5982",0.0144927536231884,0.985177865612648,-0.0151305433422395,0.64245213250911,0.957577958980796,0.911626075500294,"Tina-1",1,"female","down"
"BP","GO:1901888","regulation of cell junction assembly","1/88","69/5982",0.0144927536231884,0.985177865612648,-0.0151305433422395,0.64245213250911,0.957577958980796,0.911626075500294,"Rae1",1,"female","down"
"BP","GO:0006091","generation of precursor metabolites and energy","2/88","148/5982",0.0135135135135135,0.918611793611794,-0.122498929800812,0.645605508023895,0.957577958980796,0.911626075500294,"CG14757/CG40472",2,"female","down"
"BP","GO:0006873","intracellular monoatomic ion homeostasis","1/88","70/5982",0.0142857142857143,0.971103896103896,-0.0297128471594185,0.647773325192891,0.957577958980796,0.911626075500294,"Vha16-1",1,"female","down"
"BP","GO:0016054","organic acid catabolic process","1/88","70/5982",0.0142857142857143,0.971103896103896,-0.0297128471594185,0.647773325192891,0.957577958980796,0.911626075500294,"CG7900",1,"female","down"
"BP","GO:0022618","protein-RNA complex assembly","1/88","70/5982",0.0142857142857143,0.971103896103896,-0.0297128471594185,0.647773325192891,0.957577958980796,0.911626075500294,"SmF",1,"female","down"
"BP","GO:0046395","carboxylic acid catabolic process","1/88","70/5982",0.0142857142857143,0.971103896103896,-0.0297128471594185,0.647773325192891,0.957577958980796,0.911626075500294,"CG7900",1,"female","down"
"BP","GO:0006913","nucleocytoplasmic transport","1/88","71/5982",0.0140845070422535,0.957426376440461,-0.0440922724172793,0.653016212098004,0.959073486450632,0.913049836172041,"Rae1",1,"female","down"
"BP","GO:0051169","nuclear transport","1/88","71/5982",0.0140845070422535,0.957426376440461,-0.0440922724172793,0.653016212098004,0.959073486450632,0.913049836172041,"Rae1",1,"female","down"
"BP","GO:1904396","regulation of neuromuscular junction development","1/88","71/5982",0.0140845070422535,0.957426376440461,-0.0440922724172793,0.653016212098004,0.959073486450632,0.913049836172041,"Rae1",1,"female","down"
"BP","GO:1902531","regulation of intracellular signal transduction","3/88","228/5982",0.0131578947368421,0.894437799043062,-0.198570213551414,0.658436011976835,0.962785418436927,0.916583641391192,"Uev1A/Erasp/Rae1",3,"female","down"
"BP","GO:0031331","positive regulation of cellular catabolic process","1/88","73/5982",0.0136986301369863,0.931195516811955,-0.0722677184108505,0.663271609315328,0.962785418436927,0.916583641391192,"Sting",1,"female","down"
"BP","GO:0040012","regulation of locomotion","1/88","73/5982",0.0136986301369863,0.931195516811955,-0.0722677184108505,0.663271609315328,0.962785418436927,0.916583641391192,"Uev1A",1,"female","down"
"BP","GO:0071826","protein-RNA complex organization","1/88","73/5982",0.0136986301369863,0.931195516811955,-0.0722677184108505,0.663271609315328,0.962785418436927,0.916583641391192,"SmF",1,"female","down"
"BP","GO:0098771","inorganic ion homeostasis","1/88","73/5982",0.0136986301369863,0.931195516811955,-0.0722677184108505,0.663271609315328,0.962785418436927,0.916583641391192,"CG14757",1,"female","down"
"BP","GO:0044281","small molecule metabolic process","6/88","454/5982",0.013215859030837,0.898378053664397,-0.275203903301743,0.667362571646961,0.962785418436927,0.916583641391192,"CG17560/CG30008/Acsx1R/Acbp5/CG7900/Fatp1",6,"female","down"
"BP","GO:0007051","spindle organization","1/88","74/5982",0.0135135135135135,0.918611793611794,-0.0860756410468407,0.668286349267985,0.962785418436927,0.916583641391192,"sau",1,"female","down"
"BP","GO:0008037","cell recognition","1/88","74/5982",0.0135135135135135,0.918611793611794,-0.0860756410468407,0.668286349267985,0.962785418436927,0.916583641391192,"beat-IIIc",1,"female","down"
"BP","GO:0044772","mitotic cell cycle phase transition","1/88","74/5982",0.0135135135135135,0.918611793611794,-0.0860756410468407,0.668286349267985,0.962785418436927,0.916583641391192,"Rae1",1,"female","down"
"BP","GO:0016050","vesicle organization","1/88","75/5982",0.0133333333333333,0.906363636363636,-0.0997045223634198,0.673227243185456,0.965811234949599,0.919464256182667,"sau",1,"female","down"
"BP","GO:0045926","negative regulation of growth","1/88","75/5982",0.0133333333333333,0.906363636363636,-0.0997045223634198,0.673227243185456,0.965811234949599,0.919464256182667,"Rae1",1,"female","down"
"BP","GO:0071310","cellular response to organic substance","2/88","157/5982",0.0127388535031847,0.865952518818761,-0.207961858841298,0.67754619459742,0.969960868055254,0.923414758287897,"Uev1A/CG17760",2,"female","down"
"BP","GO:0048232","male gamete generation","2/88","158/5982",0.0126582278481013,0.860471806674338,-0.217171585835197,0.680949003365686,0.971477843092498,0.924858937309422,"sau/Rae1",2,"female","down"
"BP","GO:0040029","epigenetic regulation of gene expression","1/88","77/5982",0.012987012987013,0.882821723730815,-0.126446172606743,0.68289177793855,0.971477843092498,0.924858937309422,"Bin1",1,"female","down"
"BP","GO:1901987","regulation of cell cycle phase transition","1/88","77/5982",0.012987012987013,0.882821723730815,-0.126446172606743,0.68289177793855,0.971477843092498,0.924858937309422,"Rae1",1,"female","down"
"BP","GO:0055086","nucleobase-containing small molecule metabolic process","2/88","159/5982",0.0125786163522013,0.855060034305317,-0.22632706566353,0.684322918507669,0.971481387443038,0.924862311575028,"CG17560/Acsx1R",2,"female","down"
"BP","GO:0071417","cellular response to organonitrogen compound","1/88","78/5982",0.0128205128205128,0.871503496503497,-0.139568884926378,0.687617522822785,0.974124823998946,0.927378895912309,"CG17760",1,"female","down"
"BP","GO:0006325","chromatin organization","2/88","161/5982",0.0124223602484472,0.844438170525127,-0.244478319641693,0.690984482044694,0.97462954149111,0.927859393215221,"Bin1/Bap170",2,"female","down"
"BP","GO:0061024","membrane organization","2/88","161/5982",0.0124223602484472,0.844438170525127,-0.244478319641693,0.690984482044694,0.97462954149111,0.927859393215221,"sau/NimC4",2,"female","down"
"BP","GO:0007617","mating behavior","1/88","79/5982",0.0126582278481013,0.860471806674338,-0.152532467688163,0.692273630206186,0.97462954149111,0.927859393215221,"IBIN",1,"female","down"
"BP","GO:0015711","organic anion transport","1/88","80/5982",0.0125,0.849715909090909,-0.165341384913782,0.69686111462798,0.979061070138485,0.932078263367133,"Fatp1",1,"female","down"
"BP","GO:0051301","cell division","2/88","164/5982",0.0121951219512195,0.828991130820399,-0.271316916228108,0.700762795887555,0.979340993205245,0.932344753593229,"sau/Spn88Eb",2,"female","down"
"BP","GO:0043408","regulation of MAPK cascade","1/88","81/5982",0.0123456790123457,0.839225589225589,-0.177999917182723,0.70138097601611,0.979340993205245,0.932344753593229,"Uev1A",1,"female","down"
"BP","GO:1901699","cellular response to nitrogen compound","1/88","81/5982",0.0123456790123457,0.839225589225589,-0.177999917182723,0.70138097601611,0.979340993205245,0.932344753593229,"CG17760",1,"female","down"
"BP","GO:0016042","lipid catabolic process","1/88","84/5982",0.0119047619047619,0.809253246753247,-0.215113459573487,0.714544606435889,0.991612923217153,0.94402778293893,"CG7900",1,"female","down"
"BP","GO:0019098","reproductive behavior","1/88","84/5982",0.0119047619047619,0.809253246753247,-0.215113459573487,0.714544606435889,0.991612923217153,0.94402778293893,"IBIN",1,"female","down"
"BP","GO:0055082","intracellular chemical homeostasis","1/88","84/5982",0.0119047619047619,0.809253246753247,-0.215113459573487,0.714544606435889,0.991612923217153,0.94402778293893,"Vha16-1",1,"female","down"
"BP","GO:0051124","synaptic assembly at neuromuscular junction","1/88","86/5982",0.0116279069767442,0.790433403805497,-0.239174965124871,0.722999938101738,0.998904664575975,0.950969611012731,"Rae1",1,"female","down"
"BP","GO:0007560","imaginal disc morphogenesis","3/88","253/5982",0.0118577075098814,0.80605461731944,-0.385144291859023,0.726578805394841,0.998904664575975,0.950969611012731,"Bap170/ImpE3/Mec2",3,"female","down"
"BP","GO:0006417","regulation of translation","1/88","87/5982",0.0114942528735632,0.781347962382445,-0.251011964130128,0.727134267383801,0.998904664575975,0.950969611012731,"Paip2",1,"female","down"
"BP","GO:0016049","cell growth","1/88","88/5982",0.0113636363636364,0.772469008264463,-0.262724153625691,0.731207581119209,0.998904664575975,0.950969611012731,"Paip2",1,"female","down"
"BP","GO:0000375","RNA splicing, via transesterification reactions","2/88","174/5982",0.0114942528735632,0.781347962382445,-0.357633358150114,0.73154127309694,0.998904664575975,0.950969611012731,"SmF/ubl",2,"female","down"
"BP","GO:0000377","RNA splicing, via transesterification reactions with bulged adenosine as nucleophile","2/88","174/5982",0.0114942528735632,0.781347962382445,-0.357633358150114,0.73154127309694,0.998904664575975,0.950969611012731,"SmF/ubl",2,"female","down"
"BP","GO:0000398","mRNA splicing, via spliceosome","2/88","174/5982",0.0114942528735632,0.781347962382445,-0.357633358150114,0.73154127309694,0.998904664575975,0.950969611012731,"SmF/ubl",2,"female","down"
"BP","GO:0070925","organelle assembly","3/88","255/5982",0.0117647058823529,0.799732620320856,-0.399337307749395,0.731550769057111,0.998904664575975,0.950969611012731,"sau/Sting/Rdh1",3,"female","down"
"BP","GO:0098657","import into cell","2/88","175/5982",0.0114285714285714,0.776883116883117,-0.3660148594154,0.734468799831882,0.999550640634844,0.951584588220479,"NimC4/Fatp1",2,"female","down"
"BP","GO:0051129","negative regulation of cellular component organization","1/88","89/5982",0.0112359550561798,0.763789581205312,-0.274314651154821,0.735220769592488,0.999550640634844,0.951584588220479,"Rae1",1,"female","down"
"BP","GO:0044770","cell cycle phase transition","1/88","91/5982",0.010989010989011,0.747002997002997,-0.297142472570659,0.743070267867011,0.999550640634844,0.951584588220479,"Rae1",1,"female","down"
"BP","GO:0098609","cell-cell adhesion","1/88","91/5982",0.010989010989011,0.747002997002997,-0.297142472570659,0.743070267867011,0.999550640634844,0.951584588220479,"beat-IIIc",1,"female","down"
"BP","GO:0008283","cell population proliferation","2/88","179/5982",0.0111731843575419,0.759522600304723,-0.39911464957443,0.745912550190073,0.999550640634844,0.951584588220479,"Rae1/CG13559",2,"female","down"
"BP","GO:0010605","negative regulation of macromolecule metabolic process","5/88","419/5982",0.0119331742243437,0.811184638750271,-0.489680688219451,0.748205211142088,0.999550640634844,0.951584588220479,"Paip2/Bin1/Spn88Eb/PGRP-SC2/CRIF",5,"female","down"
"BP","GO:0009967","positive regulation of signal transduction","3/88","262/5982",0.0114503816793893,0.778365718251214,-0.448242198393873,0.748404467090043,0.999550640634844,0.951584588220479,"Uev1A/Erasp/Rae1",3,"female","down"
"BP","GO:0071705","nitrogen compound transport","4/88","342/5982",0.0116959064327485,0.795055821371611,-0.476905421324202,0.749641528629867,0.999550640634844,0.951584588220479,"Vha16-1/sau/Arc1/Rae1",4,"female","down"
"BP","GO:0050804","modulation of chemical synaptic transmission","1/88","93/5982",0.010752688172043,0.730938416422287,-0.319518171770166,0.75068963093355,0.999550640634844,0.951584588220479,"Arc1",1,"female","down"
"BP","GO:0099177","regulation of trans-synaptic signaling","1/88","93/5982",0.010752688172043,0.730938416422287,-0.319518171770166,0.75068963093355,0.999550640634844,0.951584588220479,"Arc1",1,"female","down"
"BP","GO:0071824","protein-DNA complex organization","2/88","182/5982",0.010989010989011,0.747002997002997,-0.423506660897355,0.754219797281549,0.999550640634844,0.951584588220479,"Bin1/Bap170",2,"female","down"
"BP","GO:0044282","small molecule catabolic process","1/88","95/5982",0.0105263157894737,0.71555023923445,-0.341462903689071,0.758085530700663,0.999550640634844,0.951584588220479,"CG7900",1,"female","down"
"BP","GO:0072657","protein localization to membrane","1/88","95/5982",0.0105263157894737,0.71555023923445,-0.341462903689071,0.758085530700663,0.999550640634844,0.951584588220479,"sau",1,"female","down"
"BP","GO:0000165","MAPK cascade","1/88","96/5982",0.0104166666666667,0.708096590909091,-0.352279869048,0.761701714376277,0.999550640634844,0.951584588220479,"Uev1A",1,"female","down"
"BP","GO:0009894","regulation of catabolic process","2/88","185/5982",0.0108108108108108,0.734889434889435,-0.447542641653087,0.762295361123263,0.999550640634844,0.951584588220479,"Sting/Rae1",2,"female","down"
"BP","GO:0048193","Golgi vesicle transport","1/88","98/5982",0.0102040816326531,0.693645640074211,-0.373614689175306,0.768774512165911,0.999550640634844,0.951584588220479,"sau",1,"female","down"
"BP","GO:0008380","RNA splicing","2/88","189/5982",0.0105820105820106,0.719336219336219,-0.479058643504274,0.772709599264594,0.999550640634844,0.951584588220479,"SmF/ubl",2,"female","down"
"BP","GO:0042592","homeostatic process","3/88","275/5982",0.0109090909090909,0.741570247933884,-0.536078133837857,0.777488688994736,0.999550640634844,0.951584588220479,"Vha16-1/CG14757/Fatp1",3,"female","down"
"BP","GO:0048707","instar larval or pupal morphogenesis","3/88","275/5982",0.0109090909090909,0.741570247933884,-0.536078133837857,0.777488688994736,0.999550640634844,0.951584588220479,"Bap170/ImpE3/Mec2",3,"female","down"
"BP","GO:0022402","cell cycle process","4/88","357/5982",0.0112044817927171,0.761650114591291,-0.567428262882583,0.779355086625905,0.999550640634844,0.951584588220479,"sau/Cap-G/Map205/Rae1",4,"female","down"
"BP","GO:0007346","regulation of mitotic cell cycle","1/88","102/5982",0.00980392156862745,0.66644385026738,-0.415148570142647,0.7823033084795,0.999550640634844,0.951584588220479,"Rae1",1,"female","down"
"BP","GO:0050807","regulation of synapse organization","1/88","102/5982",0.00980392156862745,0.66644385026738,-0.415148570142647,0.7823033084795,0.999550640634844,0.951584588220479,"Rae1",1,"female","down"
"BP","GO:0040007","growth","3/88","280/5982",0.0107142857142857,0.728327922077922,-0.568896923573607,0.787929388857386,0.999550640634844,0.951584588220479,"Paip2/Spn88Eb/Rae1",3,"female","down"
"BP","GO:0007416","synapse assembly","1/88","104/5982",0.00961538461538462,0.653627622377622,-0.435379825610714,0.788771185948155,0.999550640634844,0.951584588220479,"Rae1",1,"female","down"
"BP","GO:0051241","negative regulation of multicellular organismal process","1/88","104/5982",0.00961538461538462,0.653627622377622,-0.435379825610714,0.788771185948155,0.999550640634844,0.951584588220479,"Rae1",1,"female","down"
"BP","GO:0009886","post-embryonic animal morphogenesis","3/88","282/5982",0.0106382978723404,0.72316247582205,-0.581882444219566,0.79199266899178,0.999550640634844,0.951584588220479,"Bap170/ImpE3/Mec2",3,"female","down"
"BP","GO:0010647","positive regulation of cell communication","3/88","282/5982",0.0106382978723404,0.72316247582205,-0.581882444219566,0.79199266899178,0.999550640634844,0.951584588220479,"Uev1A/Erasp/Rae1",3,"female","down"
"BP","GO:0023056","positive regulation of signaling","3/88","282/5982",0.0106382978723404,0.72316247582205,-0.581882444219566,0.79199266899178,0.999550640634844,0.951584588220479,"Uev1A/Erasp/Rae1",3,"female","down"
"BP","GO:0009892","negative regulation of metabolic process","5/88","445/5982",0.0112359550561798,0.763789581205312,-0.632797806196889,0.794247678675344,0.999550640634844,0.951584588220479,"Paip2/Bin1/Spn88Eb/PGRP-SC2/CRIF",5,"female","down"
"BP","GO:0040008","regulation of growth","2/88","199/5982",0.0100502512562814,0.683188670625857,-0.555359003960725,0.79704235384774,0.999550640634844,0.951584588220479,"Paip2/Rae1",2,"female","down"
"BP","GO:1901135","carbohydrate derivative metabolic process","3/88","285/5982",0.0105263157894737,0.71555023923445,-0.601212587325099,0.797968230544,0.999550640634844,0.951584588220479,"CG17560/Acsx1R/PGRP-SC2",3,"female","down"
"BP","GO:0012501","programmed cell death","2/88","201/5982",0.0099502487562189,0.676390773405699,-0.570217591080179,0.801627353549291,0.999550640634844,0.951584588220479,"Uev1A/Erasp",2,"female","down"
"BP","GO:0007552","metamorphosis","3/88","287/5982",0.0104529616724739,0.710563826417485,-0.614002393003795,0.801873189807886,0.999550640634844,0.951584588220479,"Bap170/ImpE3/Mec2",3,"female","down"
"BP","GO:0010558","negative regulation of macromolecule biosynthetic process","4/88","370/5982",0.0108108108108108,0.734889434889435,-0.643268429995516,0.802836742118301,0.999550640634844,0.951584588220479,"Paip2/Bin1/PGRP-SC2/CRIF",4,"female","down"
"BP","GO:0006281","DNA repair","1/88","110/5982",0.00909090909090909,0.61797520661157,-0.494103625061191,0.80705647979494,0.999550640634844,0.951584588220479,"Uev1A",1,"female","down"
"BP","GO:0065003","protein-containing complex assembly","3/88","290/5982",0.0103448275862069,0.703213166144201,-0.633044668486011,0.807613950512908,0.999550640634844,0.951584588220479,"CG14757/SmF/CG34150",3,"female","down"
"BP","GO:0008219","cell death","2/88","204/5982",0.00980392156862745,0.66644385026738,-0.592268231916237,0.80833502844664,0.999550640634844,0.951584588220479,"Uev1A/Erasp",2,"female","down"
"BP","GO:0009890","negative regulation of biosynthetic process","4/88","375/5982",0.0106666666666667,0.725090909090909,-0.671835005963845,0.811324147643072,0.999550640634844,0.951584588220479,"Paip2/Bin1/PGRP-SC2/CRIF",4,"female","down"
"BP","GO:0031327","negative regulation of cellular biosynthetic process","4/88","375/5982",0.0106666666666667,0.725090909090909,-0.671835005963845,0.811324147643072,0.999550640634844,0.951584588220479,"Paip2/Bin1/PGRP-SC2/CRIF",4,"female","down"
"BP","GO:0006397","mRNA processing","2/88","206/5982",0.00970873786407767,0.659973521624007,-0.606814468044806,0.81269551769663,0.999550640634844,0.951584588220479,"SmF/ubl",2,"female","down"
"BP","GO:0008340","determination of adult lifespan","1/88","113/5982",0.00884955752212389,0.601568785197104,-0.522436719886603,0.815603134972059,0.999550640634844,0.951584588220479,"mthl8",1,"female","down"
"BP","GO:0000226","microtubule cytoskeleton organization","2/88","209/5982",0.00956937799043062,0.650500217485863,-0.628409071383669,0.819072608877089,0.999550640634844,0.951584588220479,"sau/Map205",2,"female","down"
"BP","GO:0007528","neuromuscular junction development","1/88","115/5982",0.00869565217391304,0.591106719367589,-0.540971046146961,0.821091849406215,0.999550640634844,0.951584588220479,"Rae1",1,"female","down"
"BP","GO:0010256","endomembrane system organization","1/88","115/5982",0.00869565217391304,0.591106719367589,-0.540971046146961,0.821091849406215,0.999550640634844,0.951584588220479,"sau",1,"female","down"
"BP","GO:0009791","post-embryonic development","4/88","382/5982",0.0104712041884817,0.711803902903379,-0.71129365483756,0.82271304851381,0.999550640634844,0.951584588220479,"CG15387/Bap170/ImpE3/Mec2",4,"female","down"
"BP","GO:0009896","positive regulation of catabolic process","1/88","117/5982",0.00854700854700855,0.581002331002331,-0.559234171912557,0.826418989824436,0.999550640634844,0.951584588220479,"Sting",1,"female","down"
"BP","GO:0043933","protein-containing complex organization","5/88","466/5982",0.0107296137339056,0.72936987904799,-0.743327384606806,0.826514928799829,0.999550640634844,0.951584588220479,"Bin1/Bap170/CG14757/SmF/CG34150",5,"female","down"
"BP","GO:0016567","protein ubiquitination","1/88","118/5982",0.00847457627118644,0.576078582434515,-0.568267152290818,0.829023444879074,0.999550640634844,0.951584588220479,"Uev1A",1,"female","down"
"BP","GO:1901700","response to oxygen-containing compound","2/88","216/5982",0.00925925925925926,0.629419191919192,-0.67779077257385,0.833211876536064,0.999550640634844,0.951584588220479,"TotA/CG17760",2,"female","down"
"BP","GO:0010564","regulation of cell cycle process","1/88","120/5982",0.00833333333333333,0.566477272727273,-0.586141886324443,0.834117000431066,0.999550640634844,0.951584588220479,"Rae1",1,"female","down"
"BP","GO:0042981","regulation of apoptotic process","1/88","120/5982",0.00833333333333333,0.566477272727273,-0.586141886324443,0.834117000431066,0.999550640634844,0.951584588220479,"Erasp",1,"female","down"
"BP","GO:0051668","localization within membrane","1/88","120/5982",0.00833333333333333,0.566477272727273,-0.586141886324443,0.834117000431066,0.999550640634844,0.951584588220479,"sau",1,"female","down"
"BP","GO:1901701","cellular response to oxygen-containing compound","1/88","120/5982",0.00833333333333333,0.566477272727273,-0.586141886324443,0.834117000431066,0.999550640634844,0.951584588220479,"CG17760",1,"female","down"
"BP","GO:1901615","organic hydroxy compound metabolic process","1/88","121/5982",0.00826446280991736,0.561795642374155,-0.594985919262927,0.836607226286076,0.999550640634844,0.951584588220479,"PPO1",1,"female","down"
"BP","GO:0010243","response to organonitrogen compound","1/88","123/5982",0.00813008130081301,0.552660753880266,-0.612492788612622,0.841477326614388,0.999550640634844,0.951584588220479,"CG17760",1,"female","down"
"BP","GO:0050803","regulation of synapse structure or activity","1/88","125/5982",0.008,0.543818181818182,-0.629765025141467,0.846203869090659,0.999550640634844,0.951584588220479,"Rae1",1,"female","down"
"BP","GO:0051093","negative regulation of developmental process","1/88","126/5982",0.00793650793650794,0.539502164502164,-0.638315665899523,0.848514618539186,0.999550640634844,0.951584588220479,"Rae1",1,"female","down"
"BP","GO:0051240","positive regulation of multicellular organismal process","1/88","126/5982",0.00793650793650794,0.539502164502164,-0.638315665899523,0.848514618539186,0.999550640634844,0.951584588220479,"Sting",1,"female","down"
"BP","GO:0051960","regulation of nervous system development","1/88","127/5982",0.0078740157480315,0.535254115962777,-0.64681060883012,0.850791038205947,0.999550640634844,0.951584588220479,"Rae1",1,"female","down"
"BP","GO:0019637","organophosphate metabolic process","2/88","229/5982",0.00873362445414847,0.593687971417229,-0.766043452925841,0.856882326792845,0.999550640634844,0.951584588220479,"CG17560/Acsx1R",2,"female","down"
"BP","GO:0006508","proteolysis","5/88","491/5982",0.010183299389002,0.692232919829661,-0.86968175688274,0.859559823256145,0.999550640634844,0.951584588220479,"CG43336/Spn88Eb/CG10469/Erasp/CG4259",5,"female","down"
"BP","GO:0090407","organophosphate biosynthetic process","1/88","131/5982",0.00763358778625954,0.518910478834143,-0.680251750036643,0.859563394782676,0.999550640634844,0.951584588220479,"Acsx1R",1,"female","down"
"BP","GO:1901698","response to nitrogen compound","1/88","131/5982",0.00763358778625954,0.518910478834143,-0.680251750036643,0.859563394782676,0.999550640634844,0.951584588220479,"CG17760",1,"female","down"
"BP","GO:0006897","endocytosis","1/88","132/5982",0.00757575757575758,0.514979338842975,-0.688481767025007,0.861675584367213,0.999550640634844,0.951584588220479,"NimC4",1,"female","down"
"BP","GO:0051246","regulation of protein metabolic process","2/88","233/5982",0.00858369098712446,0.583495903238393,-0.792363123338832,0.863532311815355,0.999550640634844,0.951584588220479,"Paip2/Spn88Eb",2,"female","down"
"BP","GO:0019725","cellular homeostasis","1/88","133/5982",0.0075187969924812,0.511107313738893,-0.696661357462274,0.863756361901518,0.999550640634844,0.951584588220479,"Vha16-1",1,"female","down"
"BP","GO:0007283","spermatogenesis","1/88","135/5982",0.00740740740740741,0.503535353535354,-0.712872458753405,0.867825521558059,0.999550640634844,0.951584588220479,"Rae1",1,"female","down"
"BP","GO:0032446","protein modification by small protein conjugation","1/88","136/5982",0.00735294117647059,0.499832887700535,-0.72090552205386,0.86981480736324,0.999550640634844,0.951584588220479,"Uev1A",1,"female","down"
"BP","GO:0034329","cell junction assembly","1/88","136/5982",0.00735294117647059,0.499832887700535,-0.72090552205386,0.86981480736324,0.999550640634844,0.951584588220479,"Rae1",1,"female","down"
"BP","GO:0007155","cell adhesion","1/88","137/5982",0.0072992700729927,0.496184472461845,-0.728891264890594,0.871774488675596,0.999550640634844,0.951584588220479,"beat-IIIc",1,"female","down"
"BP","GO:0033365","protein localization to organelle","1/88","137/5982",0.0072992700729927,0.496184472461845,-0.728891264890594,0.871774488675596,0.999550640634844,0.951584588220479,"Rdh1",1,"female","down"
"BP","GO:0003008","system process","3/88","332/5982",0.00903614457831325,0.614252464403067,-0.883631419232626,0.874431570235514,0.999550640634844,0.951584588220479,"Nazo/Arc1/Mec2",3,"female","down"
"BP","GO:0010557","positive regulation of macromolecule biosynthetic process","3/88","334/5982",0.00898203592814371,0.610574305933587,-0.894898259709205,0.877037876175702,0.999550640634844,0.951584588220479,"Bap170/Sting/Rae1",3,"female","down"
"BP","GO:0031324","negative regulation of cellular metabolic process","4/88","423/5982",0.00945626477541371,0.6428110896196,-0.931092835974108,0.878678806463856,0.999550640634844,0.951584588220479,"Paip2/Bin1/PGRP-SC2/CRIF",4,"female","down"
"BP","GO:0048589","developmental growth","2/88","243/5982",0.00823045267489712,0.559483726150393,-0.856584384565187,0.878951835930329,0.999550640634844,0.951584588220479,"Spn88Eb/Rae1",2,"female","down"
"BP","GO:0002165","instar larval or pupal development","3/88","339/5982",0.00884955752212389,0.601568785197104,-0.922829249134332,0.883348118839755,0.999550640634844,0.951584588220479,"Bap170/ImpE3/Mec2",3,"female","down"
"BP","GO:0098662","inorganic cation transmembrane transport","1/88","145/5982",0.00689655172413793,0.468808777429467,-0.791157985755169,0.886437139699224,0.999550640634844,0.951584588220479,"Vha16-1",1,"female","down"
"BP","GO:0007411","axon guidance","1/88","146/5982",0.00684931506849315,0.465597758405978,-0.798748818862793,0.888149240385616,0.999550640634844,0.951584588220479,"beat-IIIc",1,"female","down"
"BP","GO:0031328","positive regulation of cellular biosynthetic process","3/88","343/5982",0.0087463556851312,0.594553405777896,-0.944936970279523,0.888190271768807,0.999550640634844,0.951584588220479,"Bap170/Sting/Rae1",3,"female","down"
"BP","GO:0098655","monoatomic cation transmembrane transport","1/88","147/5982",0.00680272108843537,0.462430426716141,-0.806298938703184,0.889835817980898,0.999550640634844,0.951584588220479,"Vha16-1",1,"female","down"
"BP","GO:0009891","positive regulation of biosynthetic process","3/88","345/5982",0.00869565217391304,0.591106719367589,-0.955913677080543,0.890544440992802,0.999550640634844,0.951584588220479,"Bap170/Sting/Rae1",3,"female","down"
"BP","GO:0051239","regulation of multicellular organismal process","3/88","345/5982",0.00869565217391304,0.591106719367589,-0.955913677080543,0.890544440992802,0.999550640634844,0.951584588220479,"Sting/Rae1/CG13559",3,"female","down"
"BP","GO:0006974","DNA damage response","1/88","150/5982",0.00666666666666667,0.453181818181818,-0.828710783174101,0.894746146653124,0.999550640634844,0.951584588220479,"Uev1A",1,"female","down"
"BP","GO:0007049","cell cycle","4/88","439/5982",0.00911161731207289,0.619382895009319,-1.01221156261339,0.89603907811658,0.999550640634844,0.951584588220479,"sau/Cap-G/Map205/Rae1",4,"female","down"
"BP","GO:0016192","vesicle-mediated transport","3/88","351/5982",0.00854700854700855,0.581002331002331,-0.988543017750269,0.897346981253218,0.999550640634844,0.951584588220479,"sau/Arc1/NimC4",3,"female","down"
"BP","GO:0097485","neuron projection guidance","1/88","152/5982",0.00657894736842105,0.447218899521531,-0.843458801118855,0.897898835565818,0.999550640634844,0.951584588220479,"beat-IIIc",1,"female","down"
"BP","GO:0048638","regulation of developmental growth","1/88","156/5982",0.00641025641025641,0.435751748251748,-0.872510079379025,0.903926773536083,0.999550640634844,0.951584588220479,"Rae1",1,"female","down"
"BP","GO:0031325","positive regulation of cellular metabolic process","4/88","448/5982",0.00892857142857143,0.606939935064935,-1.0568212145369,0.904830043960077,0.999550640634844,0.951584588220479,"Bap170/Sting/CRIF/Rae1",4,"female","down"
"BP","GO:0007444","imaginal disc development","3/88","359/5982",0.00835654596100279,0.568055203849076,-1.03137025071173,0.905833950693316,0.999550640634844,0.951584588220479,"Bap170/ImpE3/Mec2",3,"female","down"
"BP","GO:0007017","microtubule-based process","2/88","264/5982",0.00757575757575758,0.514979338842975,-0.984834601288206,0.90628771420684,0.999550640634844,0.951584588220479,"sau/Map205",2,"female","down"
"BP","GO:0016071","mRNA metabolic process","2/88","264/5982",0.00757575757575758,0.514979338842975,-0.984834601288206,0.90628771420684,0.999550640634844,0.951584588220479,"SmF/ubl",2,"female","down"
"BP","GO:0005975","carbohydrate metabolic process","1/88","158/5982",0.00632911392405063,0.430235903337169,-0.886821290199192,0.906807414709482,0.999550640634844,0.951584588220479,"tobi",1,"female","down"
"BP","GO:0051726","regulation of cell cycle","1/88","159/5982",0.00628930817610063,0.427530017152659,-0.893924948700631,0.908215544432279,0.999550640634844,0.951584588220479,"Rae1",1,"female","down"
"BP","GO:0051254","positive regulation of RNA metabolic process","2/88","268/5982",0.00746268656716418,0.507293080054274,-1.00834491468774,0.910801007710561,0.999550640634844,0.951584588220479,"Bap170/CRIF",2,"female","down"
"BP","GO:0034220","monoatomic ion transmembrane transport","1/88","161/5982",0.0062111801242236,0.422219085262564,-0.908030637289881,0.910968999097793,0.999550640634844,0.951584588220479,"Vha16-1",1,"female","down"
"BP","GO:0006915","apoptotic process","1/88","162/5982",0.00617283950617284,0.419612794612795,-0.915033546695753,0.912314941045808,0.999550640634844,0.951584588220479,"Erasp",1,"female","down"
"BP","GO:0098660","inorganic ion transmembrane transport","1/88","162/5982",0.00617283950617284,0.419612794612795,-0.915033546695753,0.912314941045808,0.999550640634844,0.951584588220479,"Vha16-1",1,"female","down"
"BP","GO:0045892","negative regulation of DNA-templated transcription","1/88","164/5982",0.00609756097560976,0.4144955654102,-0.92894162971131,0.91494676304278,0.999550640634844,0.951584588220479,"Bin1",1,"female","down"
"BP","GO:0070647","protein modification by small protein conjugation or removal","1/88","164/5982",0.00609756097560976,0.4144955654102,-0.92894162971131,0.91494676304278,0.999550640634844,0.951584588220479,"Uev1A",1,"female","down"
"BP","GO:1902679","negative regulation of RNA biosynthetic process","1/88","164/5982",0.00609756097560976,0.4144955654102,-0.92894162971131,0.91494676304278,0.999550640634844,0.951584588220479,"Bin1",1,"female","down"
"BP","GO:0010604","positive regulation of macromolecule metabolic process","4/88","460/5982",0.00869565217391304,0.591106719367589,-1.11522850158524,0.915542243195129,0.999550640634844,0.951584588220479,"Bap170/Sting/CRIF/Rae1",4,"female","down"
"BP","GO:2000026","regulation of multicellular organismal development","1/88","165/5982",0.00606060606060606,0.41198347107438,-0.935847632118904,0.916233233453958,0.999550640634844,0.951584588220479,"Rae1",1,"female","down"
"BP","GO:0048585","negative regulation of response to stimulus","2/88","276/5982",0.0072463768115942,0.492588932806324,-1.05456114133334,0.919230596754359,0.999550640634844,0.951584588220479,"LysE/PGRP-SC2",2,"female","down"
"BP","GO:0071495","cellular response to endogenous stimulus","1/88","168/5982",0.00595238095238095,0.404626623376623,-0.956378290102521,0.919978334592831,0.999550640634844,0.951584588220479,"CG17760",1,"female","down"
"BP","GO:0009719","response to endogenous stimulus","1/88","172/5982",0.00581395348837209,0.395216701902748,-0.983329612244416,0.924715432480629,0.999550640634844,0.951584588220479,"CG17760",1,"female","down"
"BP","GO:0045935","positive regulation of nucleobase-containing compound metabolic process","2/88","282/5982",0.00709219858156028,0.4821083172147,-1.08855213582385,0.925061049948352,0.999550640634844,0.951584588220479,"Bap170/CRIF",2,"female","down"
"BP","GO:0007476","imaginal disc-derived wing morphogenesis","1/88","173/5982",0.00578034682080925,0.392932212296374,-0.989994367582206,0.925855715086774,0.999550640634844,0.951584588220479,"Bap170",1,"female","down"
"BP","GO:0055085","transmembrane transport","3/88","382/5982",0.00785340314136126,0.533852927177534,-1.15049252387537,0.926856545222502,0.999550640634844,0.951584588220479,"Vha16-1/Srg2/CG31106",3,"female","down"
"BP","GO:0043687","post-translational protein modification","1/88","175/5982",0.00571428571428571,0.388441558441558,-1.0032386338691,0.928085299954468,0.999550640634844,0.951584588220479,"Uev1A",1,"female","down"
"BP","GO:1901137","carbohydrate derivative biosynthetic process","1/88","175/5982",0.00571428571428571,0.388441558441558,-1.0032386338691,0.928085299954468,0.999550640634844,0.951584588220479,"Acsx1R",1,"female","down"
"BP","GO:0044087","regulation of cellular component biogenesis","1/88","178/5982",0.00561797752808989,0.381894790602656,-1.02289692875257,0.931305964286528,0.999550640634844,0.951584588220479,"Rae1",1,"female","down"
"BP","GO:0051253","negative regulation of RNA metabolic process","1/88","178/5982",0.00561797752808989,0.381894790602656,-1.02289692875257,0.931305964286528,0.999550640634844,0.951584588220479,"Bin1",1,"female","down"
"BP","GO:0044248","cellular catabolic process","3/88","388/5982",0.0077319587628866,0.525597469540768,-1.18065986493427,0.931594540497914,0.999550640634844,0.951584588220479,"Sting/CG7900/Rae1",3,"female","down"
"BP","GO:0007409","axonogenesis","1/88","179/5982",0.00558659217877095,0.379761300152362,-1.02939549269857,0.932347500320778,0.999550640634844,0.951584588220479,"beat-IIIc",1,"female","down"
"BP","GO:0009966","regulation of signal transduction","4/88","483/5982",0.0082815734989648,0.562958780350085,-1.22398832848333,0.9331525397057,0.999550640634844,0.951584588220479,"Uev1A/PGRP-SC2/Erasp/Rae1",4,"female","down"
"BP","GO:0007472","wing disc morphogenesis","1/88","181/5982",0.00552486187845304,0.375565042692114,-1.04231319120292,0.934383958950263,0.999550640634844,0.951584588220479,"Bap170",1,"female","down"
"BP","GO:0045934","negative regulation of nucleobase-containing compound metabolic process","1/88","183/5982",0.00546448087431694,0.371460506706408,-1.05512699179057,0.936359792435967,0.999550640634844,0.951584588220479,"Bin1",1,"female","down"
"BP","GO:0006259","DNA metabolic process","1/88","186/5982",0.00537634408602151,0.365469208211144,-1.07415797486595,0.93921376024251,0.999550640634844,0.951584588220479,"Uev1A",1,"female","down"
"BP","GO:0035556","intracellular signal transduction","3/88","399/5982",0.0075187969924812,0.511107313738893,-1.23506366679562,0.939564511076667,0.999550640634844,0.951584588220479,"Uev1A/Erasp/Rae1",3,"female","down"
"BP","GO:0022613","ribonucleoprotein complex biogenesis","1/88","187/5982",0.0053475935828877,0.363514827418571,-1.08045216861467,0.940136670715018,0.999550640634844,0.951584588220479,"SmF",1,"female","down"
"BP","GO:0051173","positive regulation of nitrogen compound metabolic process","3/88","402/5982",0.00746268656716418,0.507293080054274,-1.24970572819008,0.941586302436,0.999550640634844,0.951584588220479,"Bap170/Sting/CRIF",3,"female","down"
"BP","GO:0006812","monoatomic cation transport","1/88","189/5982",0.00529100529100529,0.35966810966811,-1.09296798485872,0.941941130513196,0.999550640634844,0.951584588220479,"Vha16-1",1,"female","down"
"BP","GO:0061564","axon development","1/88","190/5982",0.00526315789473684,0.357775119617225,-1.09919013474395,0.942823088137025,0.999550640634844,0.951584588220479,"beat-IIIc",1,"female","down"
"BP","GO:0007268","chemical synaptic transmission","1/88","198/5982",0.00505050505050505,0.34331955922865,-1.14814226816983,0.949418001320895,0.999550640634844,0.951584588220479,"Arc1",1,"female","down"
"BP","GO:0098916","anterograde trans-synaptic signaling","1/88","198/5982",0.00505050505050505,0.34331955922865,-1.14814226816983,0.949418001320895,0.999550640634844,0.951584588220479,"Arc1",1,"female","down"
"BP","GO:0030036","actin cytoskeleton organization","1/88","199/5982",0.0050251256281407,0.341594335312928,-1.15416173678211,0.950187575298032,0.999550640634844,0.951584588220479,"sau",1,"female","down"
"BP","GO:0050808","synapse organization","1/88","199/5982",0.0050251256281407,0.341594335312928,-1.15416173678211,0.950187575298032,0.999550640634844,0.951584588220479,"Rae1",1,"female","down"
"BP","GO:0016477","cell migration","1/88","200/5982",0.005,0.339886363636364,-1.16015984567961,0.950945571731332,0.999550640634844,0.951584588220479,"Uev1A",1,"female","down"
"BP","GO:0099537","trans-synaptic signaling","1/88","200/5982",0.005,0.339886363636364,-1.16015984567961,0.950945571731332,0.999550640634844,0.951584588220479,"Arc1",1,"female","down"
"BP","GO:0035120","post-embryonic appendage morphogenesis","1/88","201/5982",0.00497512437810945,0.338195386702849,-1.16613681362414,0.951692162822242,0.999550640634844,0.951584588220479,"Bap170",1,"female","down"
"BP","GO:0099536","synaptic signaling","1/88","202/5982",0.00495049504950495,0.336521152115211,-1.17209285597146,0.952427518240274,0.999550640634844,0.951584588220479,"Arc1",1,"female","down"
"BP","GO:0035114","imaginal disc-derived appendage morphogenesis","1/88","205/5982",0.0048780487804878,0.33159645232816,-1.18983753337103,0.954567829942202,0.999550640634844,0.951584588220479,"Bap170",1,"female","down"
"BP","GO:0035107","appendage morphogenesis","1/88","206/5982",0.00485436893203883,0.329986760812004,-1.19571196120575,0.955259890001937,0.999550640634844,0.951584588220479,"Bap170",1,"female","down"
"BP","GO:0006396","RNA processing","3/88","426/5982",0.00704225352112676,0.47871318822023,-1.36402895754394,0.955666229867622,0.999550640634844,0.951584588220479,"SmF/CRIF/ubl",3,"female","down"
"BP","GO:0034470","ncRNA processing","1/88","207/5982",0.00483091787439614,0.328392621870883,-1.2015664915459,0.955941526026838,0.999550640634844,0.951584588220479,"CRIF",1,"female","down"
"BP","GO:0030029","actin filament-based process","1/88","208/5982",0.00480769230769231,0.326813811188811,-1.20740132073523,0.956612893249286,0.999550640634844,0.951584588220479,"sau",1,"female","down"
"BP","GO:0048737","imaginal disc-derived appendage development","1/88","208/5982",0.00480769230769231,0.326813811188811,-1.20740132073523,0.956612893249286,0.999550640634844,0.951584588220479,"Bap170",1,"female","down"
"BP","GO:0048736","appendage development","1/88","209/5982",0.00478468899521531,0.325250108742932,-1.2132166421704,0.95727414461646,0.999550640634844,0.951584588220479,"Bap170",1,"female","down"
"BP","GO:0015031","protein transport","1/88","222/5982",0.0045045045045045,0.306203931203931,-1.28712359517401,0.965015501428193,0.999550640634844,0.951584588220479,"sau",1,"female","down"
"BP","GO:0048870","cell motility","1/88","226/5982",0.00442477876106195,0.300784392598552,-1.30926667010044,0.967105477463434,0.999550640634844,0.951584588220479,"Uev1A",1,"female","down"
"BP","GO:0009887","animal organ morphogenesis","3/88","452/5982",0.00663716814159292,0.451176588897828,-1.48273128820947,0.967342058657853,0.999550640634844,0.951584588220479,"Bap170/ImpE3/Mec2",3,"female","down"
"BP","GO:0006811","monoatomic ion transport","1/88","228/5982",0.0043859649122807,0.298145933014354,-1.32023878528377,0.968103683800683,0.999550640634844,0.951584588220479,"Vha16-1",1,"female","down"
"BP","GO:0045893","positive regulation of DNA-templated transcription","1/88","231/5982",0.00432900432900433,0.294273907910272,-1.33657598032175,0.969545102083792,0.999550640634844,0.951584588220479,"Bap170",1,"female","down"
"BP","GO:1902680","positive regulation of RNA biosynthetic process","1/88","231/5982",0.00432900432900433,0.294273907910272,-1.33657598032175,0.969545102083792,0.999550640634844,0.951584588220479,"Bap170",1,"female","down"
"BP","GO:0048667","cell morphogenesis involved in neuron differentiation","1/88","238/5982",0.00420168067226891,0.285618792971734,-1.37415099175155,0.972662748741841,0.999550640634844,0.951584588220479,"beat-IIIc",1,"female","down"
"BP","GO:0034330","cell junction organization","1/88","241/5982",0.004149377593361,0.282063372312335,-1.3900295413289,0.973900257480047,0.999550640634844,0.951584588220479,"Rae1",1,"female","down"
"BP","GO:0048812","neuron projection morphogenesis","1/88","241/5982",0.004149377593361,0.282063372312335,-1.3900295413289,0.973900257480047,0.999550640634844,0.951584588220479,"beat-IIIc",1,"female","down"
"BP","GO:0141124","intracellular signaling cassette","1/88","242/5982",0.00413223140495868,0.280897821187077,-1.39529331325879,0.974300323207578,0.999550640634844,0.951584588220479,"Uev1A",1,"female","down"
"BP","GO:0120039","plasma membrane bounded cell projection morphogenesis","1/88","243/5982",0.00411522633744856,0.279741863075196,-1.40054274852155,0.974694325221121,0.999550640634844,0.951584588220479,"beat-IIIc",1,"female","down"
"BP","GO:0035220","wing disc development","1/88","244/5982",0.0040983606557377,0.278595380029806,-1.4057779661813,0.975082354386575,0.999550640634844,0.951584588220479,"Bap170",1,"female","down"
"BP","GO:0048858","cell projection morphogenesis","1/88","245/5982",0.00408163265306122,0.277458256029685,-1.41099908379605,0.975464500223797,0.999550640634844,0.951584588220479,"beat-IIIc",1,"female","down"
"BP","GO:0009968","negative regulation of signal transduction","1/88","246/5982",0.0040650406504065,0.276330376940133,-1.41620621744334,0.975840850926308,0.999550640634844,0.951584588220479,"PGRP-SC2",1,"female","down"
"BP","GO:0023057","negative regulation of signaling","1/88","257/5982",0.00389105058365759,0.264503006720906,-1.47259353449274,0.979622182394704,0.999550640634844,0.951584588220479,"PGRP-SC2",1,"female","down"
"BP","GO:0010648","negative regulation of cell communication","1/88","258/5982",0.00387596899224806,0.263477801268499,-1.47764140831434,0.979935413477545,0.999550640634844,0.951584588220479,"PGRP-SC2",1,"female","down"
"BP","GO:0034660","ncRNA metabolic process","1/88","263/5982",0.00380228136882129,0.258468717594193,-1.50269373060643,0.981431571130822,0.999550640634844,0.951584588220479,"CRIF",1,"female","down"
"BP","GO:0007010","cytoskeleton organization","2/88","390/5982",0.00512820512820513,0.348601398601399,-1.62561880846865,0.981666533777213,0.999550640634844,0.951584588220479,"sau/Map205",2,"female","down"
"BP","GO:0031175","neuron projection development","1/88","268/5982",0.00373134328358209,0.253646540027137,-1.52744295940909,0.98281733834471,0.999550640634844,0.951584588220479,"beat-IIIc",1,"female","down"
"BP","GO:0008104","protein localization","2/88","397/5982",0.00503778337531486,0.342454774444699,-1.65665648496191,0.983322120414679,0.999550640634844,0.951584588220479,"sau/Rdh1",2,"female","down"
"BP","GO:0050877","nervous system process","1/88","270/5982",0.0037037037037037,0.251767676767677,-1.53726032893372,0.983342560945389,0.999550640634844,0.951584588220479,"Nazo",1,"female","down"
"BP","GO:0045184","establishment of protein localization","1/88","271/5982",0.003690036900369,0.250838644750084,-1.54215172327518,0.983599188157715,0.999550640634844,0.951584588220479,"sau",1,"female","down"
"BP","GO:0050793","regulation of developmental process","2/88","424/5982",0.00471698113207547,0.320647512864494,-1.77313579965778,0.988461904009675,0.999550640634844,0.951584588220479,"Rae1/CG13559",2,"female","down"
"BP","GO:0007267","cell-cell signaling","1/88","297/5982",0.00336700336700337,0.228879706152433,-1.66555237635072,0.989057125878424,0.999550640634844,0.951584588220479,"Arc1",1,"female","down"
"BP","GO:0070727","cellular macromolecule localization","2/88","431/5982",0.00464037122969838,0.315439780636996,-1.80255220334379,0.989521872638693,0.999550640634844,0.951584588220479,"sau/Rdh1",2,"female","down"
"BP","GO:0051128","regulation of cellular component organization","2/88","437/5982",0.0045766590389016,0.311108799667152,-1.82752678980651,0.990355158734845,0.999550640634844,0.951584588220479,"Paip2/Rae1",2,"female","down"
"BP","GO:0032989","cellular anatomical entity morphogenesis","1/88","314/5982",0.00318471337579618,0.21648812970469,-1.74268404569134,0.991609458730429,0.999550640634844,0.951584588220479,"beat-IIIc",1,"female","down"
"BP","GO:0000902","cell morphogenesis","1/88","323/5982",0.00309597523219814,0.210455952716015,-1.7825057902294,0.992712381181962,0.999550640634844,0.951584588220479,"beat-IIIc",1,"female","down"
"BP","GO:0007610","behavior","1/88","325/5982",0.00307692307692308,0.209160839160839,-1.79126536732315,0.992937290146198,0.999550640634844,0.951584588220479,"IBIN",1,"female","down"
"BP","GO:0009057","macromolecule catabolic process","1/88","325/5982",0.00307692307692308,0.209160839160839,-1.79126536732315,0.992937290146198,0.999550640634844,0.951584588220479,"PGRP-SC2",1,"female","down"
"BP","GO:1901565","organonitrogen compound catabolic process","1/88","335/5982",0.00298507462686567,0.20291723202171,-1.83459456027139,0.99396291758542,0.999550640634844,0.951584588220479,"PGRP-SC2",1,"female","down"
"BP","GO:0006796","phosphate-containing compound metabolic process","2/88","482/5982",0.004149377593361,0.282063372312335,-2.00840575256084,0.994858618127148,0.999550640634844,0.951584588220479,"CG17560/Acsx1R",2,"female","down"
"BP","GO:0060429","epithelium development","1/88","347/5982",0.00288184438040346,0.195899921404244,-1.88560644221052,0.995000883264733,0.999550640634844,0.951584588220479,"Spn88Eb",1,"female","down"
"BP","GO:0006793","phosphorus metabolic process","2/88","486/5982",0.00411522633744856,0.279741863075196,-2.02397953739652,0.995141278049876,0.999550640634844,0.951584588220479,"CG17560/Acsx1R",2,"female","down"
"BP","GO:0046907","intracellular transport","1/88","350/5982",0.00285714285714286,0.194220779220779,-1.89819984832243,0.995231493867437,0.999550640634844,0.951584588220479,"Rae1",1,"female","down"
"BP","GO:0022412","cellular process involved in reproduction in multicellular organism","2/88","490/5982",0.00408163265306122,0.277458256029685,-2.03947736759513,0.995408852579618,0.999550640634844,0.951584588220479,"sau/Rae1",2,"female","down"
"BP","GO:0048666","neuron development","1/88","363/5982",0.00275482093663912,0.187265214124718,-1.9520719294174,0.996115150381429,0.999550640634844,0.951584588220479,"beat-IIIc",1,"female","down"
"BP","GO:0120036","plasma membrane bounded cell projection organization","1/88","395/5982",0.00253164556962025,0.172094361334868,-2.08023895177828,0.997659061468139,0.999550640634844,0.951584588220479,"beat-IIIc",1,"female","down"
"BP","GO:0030030","cell projection organization","1/88","403/5982",0.00248138957816377,0.168678096097451,-2.1113816240844,0.997938442110156,0.999550640634844,0.951584588220479,"beat-IIIc",1,"female","down"
"BP","GO:0009888","tissue development","1/88","410/5982",0.0024390243902439,0.16579822616408,-2.13835917799027,0.998155685878725,0.999550640634844,0.951584588220479,"Spn88Eb",1,"female","down"
"BP","GO:0007166","cell surface receptor signaling pathway","1/88","422/5982",0.0023696682464455,0.161083584661784,-2.18404053104356,0.998476690010738,0.999550640634844,0.951584588220479,"Uev1A",1,"female","down"
"BP","GO:0051649","establishment of localization in cell","1/88","448/5982",0.00223214285714286,0.151734983766234,-2.28073148274026,0.998994846244419,0.999550640634844,0.951584588220479,"Rae1",1,"female","down"
"BP","GO:0030182","neuron differentiation","1/88","457/5982",0.00218818380743982,0.148746767455739,-2.31352344254814,0.999129972177627,0.999550640634844,0.951584588220479,"beat-IIIc",1,"female","down"
"BP","GO:0048699","generation of neurons","1/88","498/5982",0.00200803212851406,0.136500547645126,-2.45895842711689,0.999550640634844,0.999550640634844,0.951584588220479,"beat-IIIc",1,"female","down"
"CC","GO:0005615","extracellular space","17/80","347/5833",0.0489913544668588,3.57208213256484,5.82543327806117,3.19049410729326e-06,0.000417954728055417,0.000396292952274321,"TotZ/LysP/LysX/TotA/LysD/LysE/TotX/Drs/Spn88Eb/Tep1/edin/TotC/IBIN/Tep2/AttC/CG10031/Ance-2",17,"female","down"
"CC","GO:0000314","organellar small ribosomal subunit","4/80","23/5833",0.173913043478261,12.6804347826087,6.61822343100805,0.000238279437901432,0.0104048687883625,0.00986560479732245,"mRpS33/mRpS18C/mRpS18A/mRpS17",4,"female","down"
"CC","GO:0005763","mitochondrial small ribosomal subunit","4/80","23/5833",0.173913043478261,12.6804347826087,6.61822343100805,0.000238279437901432,0.0104048687883625,0.00986560479732245,"mRpS33/mRpS18C/mRpS18A/mRpS17",4,"female","down"
"CC","GO:0000313","organellar ribosome","5/80","63/5833",0.0793650793650794,5.78670634920635,4.50428350644013,0.00161470994162747,0.0423054004706398,0.0401127943393773,"mRpS33/mRpL51/mRpS18C/mRpS18A/mRpS17",5,"female","down"
"CC","GO:0005761","mitochondrial ribosome","5/80","63/5833",0.0793650793650794,5.78670634920635,4.50428350644013,0.00161470994162747,0.0423054004706398,0.0401127943393773,"mRpS33/mRpL51/mRpS18C/mRpS18A/mRpS17",5,"female","down"
"CC","GO:0005759","mitochondrial matrix","6/80","109/5833",0.055045871559633,4.01353211009174,3.74494827762103,0.00363345903133243,0.0755876819938192,0.0716701203316244,"mRpS33/mRpL51/mRpS18C/mRpS18A/mRpS17/CG34150",6,"female","down"
"CC","GO:0015935","small ribosomal subunit","4/80","48/5833",0.0833333333333333,6.07604166666667,4.16390372534602,0.00403903644241782,0.0755876819938192,0.0716701203316244,"mRpS33/mRpS18C/mRpS18A/mRpS17",4,"female","down"
"CC","GO:0098798","mitochondrial protein-containing complex","7/80","155/5833",0.0451612903225806,3.29282258064516,3.41149837941692,0.00511456900962891,0.0837510675326733,0.0794104135705541,"mRpS33/mRpL51/mRpS18C/CG41128/mRpS18A/CG40472/mRpS17",7,"female","down"
"CC","GO:0043230","extracellular organelle","2/80","16/5833",0.125,9.1140625,3.83226358282323,0.0196825863373735,0.221814956199285,0.210318721024634,"Arc1/Arc2",2,"female","down"
"CC","GO:0065010","extracellular membrane-bounded organelle","2/80","16/5833",0.125,9.1140625,3.83226358282323,0.0196825863373735,0.221814956199285,0.210318721024634,"Arc1/Arc2",2,"female","down"
"CC","GO:1903561","extracellular vesicle","2/80","16/5833",0.125,9.1140625,3.83226358282323,0.0196825863373735,0.221814956199285,0.210318721024634,"Arc1/Arc2",2,"female","down"
"CC","GO:0044391","ribosomal subunit","5/80","115/5833",0.0434782608695652,3.17010869565217,2.77150008334595,0.0203189272854307,0.221814956199285,0.210318721024634,"mRpS33/mRpL51/mRpS18C/mRpS18A/mRpS17",5,"female","down"
"CC","GO:0005840","ribosome","5/80","119/5833",0.0420168067226891,3.06355042016807,2.68179151011499,0.0231830938475234,0.233614253386582,0.221506483725325,"mRpS33/mRpL51/mRpS18C/mRpS18A/mRpS17",5,"female","down"
"CC","GO:0045169","fusome","2/80","28/5833",0.0714285714285714,5.20803571428571,2.63186667400208,0.0558011111064872,0.522138968210701,0.495077527110187,"Vha16-1/l(1)G0320",2,"female","down"
"CC","GO:0005789","endoplasmic reticulum membrane","4/80","125/5833",0.032,2.3332,1.77670323625143,0.0918747355933046,0.663164375150077,0.628793863139486,"Sting/Rdh1/l(1)G0320/Fatp1",4,"female","down"
"CC","GO:0042175","nuclear outer membrane-endoplasmic reticulum membrane network","4/80","129/5833",0.0310077519379845,2.26085271317829,1.70756017844569,0.100279163128253,0.663164375150077,0.628793863139486,"Sting/Rdh1/l(1)G0320/Fatp1",4,"female","down"
"CC","GO:0098827","endoplasmic reticulum subcompartment","4/80","131/5833",0.0305343511450382,2.2263358778626,1.67393287881241,0.10461228276728,0.663164375150077,0.628793863139486,"Sting/Rdh1/l(1)G0320/Fatp1",4,"female","down"
"CC","GO:0005774","vacuolar membrane","2/80","42/5833",0.0476190476190476,3.47202380952381,1.89586354728569,0.112599184937054,0.663164375150077,0.628793863139486,"Vha16-1/CG7523",2,"female","down"
"CC","GO:0019898","extrinsic component of membrane","2/80","46/5833",0.0434782608695652,3.17010869565217,1.74236936272808,0.130795087506612,0.663164375150077,0.628793863139486,"CG17760/ImpE3",2,"female","down"
"CC","GO:0033181","plasma membrane proton-transporting V-type ATPase complex","1/80","11/5833",0.0909090909090909,6.62840909090909,2.20319258871133,0.141047080214459,0.663164375150077,0.628793863139486,"Vha16-1",1,"female","down"
"CC","GO:0005739","mitochondrion","10/80","498/5833",0.0200803212851406,1.46410642570281,1.27694327439937,0.14170922314075,0.663164375150077,0.628793863139486,"mRpS33/mRpL51/CG14757/mRpS18C/CG41128/mRpS18A/CRIF/CG40472/mRpS17/CG34150",10,"female","down"
"CC","GO:0031984","organelle subcompartment","5/80","202/5833",0.0247524752475248,1.80476485148515,1.37264579912523,0.14303111891499,0.663164375150077,0.628793863139486,"sau/Sting/Rdh1/l(1)G0320/Fatp1",5,"female","down"
"CC","GO:0005834","heterotrimeric G-protein complex","1/80","12/5833",0.0833333333333333,6.07604166666667,2.07550395772977,0.152849937236589,0.663164375150077,0.628793863139486,"CG17760",1,"female","down"
"CC","GO:0005765","lysosomal membrane","1/80","13/5833",0.0769230769230769,5.60865384615385,1.96151140512452,0.164492611179395,0.663164375150077,0.628793863139486,"CG7523",1,"female","down"
"CC","GO:0035060","brahma complex","1/80","13/5833",0.0769230769230769,5.60865384615385,1.96151140512452,0.164492611179395,0.663164375150077,0.628793863139486,"Bap170",1,"female","down"
"CC","GO:0036126","sperm flagellum","1/80","13/5833",0.0769230769230769,5.60865384615385,1.96151140512452,0.164492611179395,0.663164375150077,0.628793863139486,"Rae1",1,"female","down"
"CC","GO:0098852","lytic vacuole membrane","1/80","13/5833",0.0769230769230769,5.60865384615385,1.96151140512452,0.164492611179395,0.663164375150077,0.628793863139486,"CG7523",1,"female","down"
"CC","GO:0005773","vacuole","3/80","104/5833",0.0288461538461538,2.10324519230769,1.33861555172477,0.17062526951696,0.663164375150077,0.628793863139486,"Vha16-1/Sting/CG7523",3,"female","down"
"CC","GO:0005685","U1 snRNP","1/80","14/5833",0.0714285714285714,5.20803571428571,1.85877071044022,0.175977248826413,0.663164375150077,0.628793863139486,"SmF",1,"female","down"
"CC","GO:0033177","proton-transporting two-sector ATPase complex, proton-transporting domain","1/80","14/5833",0.0714285714285714,5.20803571428571,1.85877071044022,0.175977248826413,0.663164375150077,0.628793863139486,"Vha16-1",1,"female","down"
"CC","GO:1905360","GTPase complex","1/80","14/5833",0.0714285714285714,5.20803571428571,1.85877071044022,0.175977248826413,0.663164375150077,0.628793863139486,"CG17760",1,"female","down"
"CC","GO:0009986","cell surface","2/80","56/5833",0.0357142857142857,2.60401785714286,1.42219318344535,0.178760996711582,0.663164375150077,0.628793863139486,"CG12780/CG14499",2,"female","down"
"CC","GO:0031090","organelle membrane","9/80","466/5833",0.01931330472103,1.4081813304721,1.08314565469402,0.186352568412947,0.663164375150077,0.628793863139486,"Vha16-1/sau/Sting/Rdh1/l(1)G0320/CG41128/CG40472/CG7523/Fatp1",9,"female","down"
"CC","GO:0016471","vacuolar proton-transporting V-type ATPase complex","1/80","15/5833",0.0666666666666667,4.86083333333333,1.76541328081808,0.187305968553838,0.663164375150077,0.628793863139486,"Vha16-1",1,"female","down"
"CC","GO:0033176","proton-transporting V-type ATPase complex","1/80","15/5833",0.0666666666666667,4.86083333333333,1.76541328081808,0.187305968553838,0.663164375150077,0.628793863139486,"Vha16-1",1,"female","down"
"CC","GO:0097729","9+2 motile cilium","1/80","15/5833",0.0666666666666667,4.86083333333333,1.76541328081808,0.187305968553838,0.663164375150077,0.628793863139486,"Rae1",1,"female","down"
"CC","GO:0098975","postsynapse of neuromuscular junction","1/80","15/5833",0.0666666666666667,4.86083333333333,1.76541328081808,0.187305968553838,0.663164375150077,0.628793863139486,"Arc1",1,"female","down"
"CC","GO:1904949","ATPase complex","2/80","64/5833",0.03125,2.278515625,1.21269705150289,0.218796421347557,0.753820783863067,0.714751727568035,"Vha16-1/Bap170",2,"female","down"
"CC","GO:0030496","midbody","1/80","19/5833",0.0526315789473684,3.8375,1.46076959628034,0.231103062181596,0.753820783863067,0.714751727568035,"Map205",1,"female","down"
"CC","GO:0098552","side of membrane","2/80","68/5833",0.0294117647058824,2.14448529411765,1.11936463385724,0.239116402996991,0.753820783863067,0.714751727568035,"CG14499/CG17760",2,"female","down"
"CC","GO:0031234","extrinsic component of cytoplasmic side of plasma membrane","1/80","20/5833",0.05,3.645625,1.39749314517002,0.24168299940648,0.753820783863067,0.714751727568035,"CG17760",1,"female","down"
"CC","GO:0031514","motile cilium","1/80","20/5833",0.05,3.645625,1.39749314517002,0.24168299940648,0.753820783863067,0.714751727568035,"Rae1",1,"female","down"
"CC","GO:0009897","external side of plasma membrane","1/80","22/5833",0.0454545454545455,3.31420454545455,1.28231348412787,0.262413452204986,0.791789711381222,0.750752799863272,"CG14499",1,"female","down"
"CC","GO:0098800","inner mitochondrial membrane protein complex","2/80","75/5833",0.0266666666666667,1.94433333333333,0.970569602373925,0.274870398916208,0.791789711381222,0.750752799863272,"CG41128/CG40472",2,"female","down"
"CC","GO:0032154","cleavage furrow","1/80","24/5833",0.0416666666666667,3.03802083333333,1.17969602471283,0.282584079632409,0.791789711381222,0.750752799863272,"sau",1,"female","down"
"CC","GO:0005747","mitochondrial respiratory chain complex I","1/80","26/5833",0.0384615384615385,2.80432692307692,1.08725785651679,0.302209813504283,0.791789711381222,0.750752799863272,"CG40472",1,"female","down"
"CC","GO:0005776","autophagosome","1/80","26/5833",0.0384615384615385,2.80432692307692,1.08725785651679,0.302209813504283,0.791789711381222,0.750752799863272,"Sting",1,"female","down"
"CC","GO:0016469","proton-transporting two-sector ATPase complex","1/80","26/5833",0.0384615384615385,2.80432692307692,1.08725785651679,0.302209813504283,0.791789711381222,0.750752799863272,"Vha16-1",1,"female","down"
"CC","GO:0030964","NADH dehydrogenase complex","1/80","26/5833",0.0384615384615385,2.80432692307692,1.08725785651679,0.302209813504283,0.791789711381222,0.750752799863272,"CG40472",1,"female","down"
"CC","GO:0045271","respiratory chain complex I","1/80","26/5833",0.0384615384615385,2.80432692307692,1.08725785651679,0.302209813504283,0.791789711381222,0.750752799863272,"CG40472",1,"female","down"
"CC","GO:0005643","nuclear pore","1/80","27/5833",0.037037037037037,2.70046296296296,1.04428035387073,0.31182290372637,0.800956870355971,0.759444842924906,"Rae1",1,"female","down"
"CC","GO:0031985","Golgi cisterna","1/80","28/5833",0.0357142857142857,2.60401785714286,1.00321419050387,0.321305192341921,0.808875995229619,0.766953535050985,"sau",1,"female","down"
"CC","GO:0019897","extrinsic component of plasma membrane","1/80","30/5833",0.0333333333333333,2.43041666666667,0.926197208939827,0.339884371600492,0.808875995229619,0.766953535050985,"CG17760",1,"female","down"
"CC","GO:0032153","cell division site","1/80","30/5833",0.0333333333333333,2.43041666666667,0.926197208939827,0.339884371600492,0.808875995229619,0.766953535050985,"sau",1,"female","down"
"CC","GO:0070603","SWI/SNF superfamily-type complex","1/80","33/5833",0.0303030303030303,2.2094696969697,0.821569917796326,0.366815315553026,0.808875995229619,0.766953535050985,"Bap170",1,"female","down"
"CC","GO:0005802","trans-Golgi network","1/80","34/5833",0.0294117647058824,2.14448529411765,0.78918656801289,0.375548897407467,0.808875995229619,0.766953535050985,"sau",1,"female","down"
"CC","GO:0097525","spliceosomal snRNP complex","1/80","34/5833",0.0294117647058824,2.14448529411765,0.78918656801289,0.375548897407467,0.808875995229619,0.766953535050985,"SmF",1,"female","down"
"CC","GO:0000792","heterochromatin","1/80","36/5833",0.0277777777777778,2.02534722222222,0.727657690242015,0.392660727951833,0.808875995229619,0.766953535050985,"Cap-G",1,"female","down"
"CC","GO:0098797","plasma membrane protein complex","2/80","104/5833",0.0192307692307692,1.40216346153846,0.487962483502676,0.419523005272014,0.808875995229619,0.766953535050985,"Vha16-1/CG17760",2,"female","down"
"CC","GO:0000315","organellar large ribosomal subunit","1/80","40/5833",0.025,1.8228125,0.615723424771589,0.425507134895231,0.808875995229619,0.766953535050985,"mRpL51",1,"female","down"
"CC","GO:0005762","mitochondrial large ribosomal subunit","1/80","40/5833",0.025,1.8228125,0.615723424771589,0.425507134895231,0.808875995229619,0.766953535050985,"mRpL51",1,"female","down"
"CC","GO:0009898","cytoplasmic side of plasma membrane","1/80","40/5833",0.025,1.8228125,0.615723424771589,0.425507134895231,0.808875995229619,0.766953535050985,"CG17760",1,"female","down"
"CC","GO:0030532","small nuclear ribonucleoprotein complex","1/80","40/5833",0.025,1.8228125,0.615723424771589,0.425507134895231,0.808875995229619,0.766953535050985,"SmF",1,"female","down"
"CC","GO:0005795","Golgi stack","1/80","41/5833",0.024390243902439,1.77835365853659,0.589740816854014,0.433440749465985,0.808875995229619,0.766953535050985,"sau",1,"female","down"
"CC","GO:1990904","ribonucleoprotein complex","6/80","386/5833",0.0155440414507772,1.13335492227979,0.319691124661506,0.43748453454843,0.808875995229619,0.766953535050985,"mRpS33/mRpL51/mRpS18C/SmF/mRpS18A/mRpS17",6,"female","down"
"CC","GO:0000139","Golgi membrane","1/80","43/5833",0.0232558139534884,1.69563953488372,0.539865737743711,0.448984804441015,0.808875995229619,0.766953535050985,"sau",1,"female","down"
"CC","GO:0005743","mitochondrial inner membrane","2/80","113/5833",0.0176991150442478,1.29048672566372,0.36768343367552,0.461689713041904,0.808875995229619,0.766953535050985,"CG41128/CG40472",2,"female","down"
"CC","GO:0005875","microtubule associated complex","1/80","45/5833",0.0222222222222222,1.62027777777778,0.492532374332556,0.464107580580344,0.808875995229619,0.766953535050985,"Map205",1,"female","down"
"CC","GO:0005746","mitochondrial respirasome","1/80","46/5833",0.0217391304347826,1.58505434782609,0.469737194835156,0.471514524870871,0.808875995229619,0.766953535050985,"CG40472",1,"female","down"
"CC","GO:0070469","respirasome","1/80","46/5833",0.0217391304347826,1.58505434782609,0.469737194835156,0.471514524870871,0.808875995229619,0.766953535050985,"CG40472",1,"female","down"
"CC","GO:0098562","cytoplasmic side of membrane","1/80","46/5833",0.0217391304347826,1.58505434782609,0.469737194835156,0.471514524870871,0.808875995229619,0.766953535050985,"CG17760",1,"female","down"
"CC","GO:0098803","respiratory chain complex","1/80","46/5833",0.0217391304347826,1.58505434782609,0.469737194835156,0.471514524870871,0.808875995229619,0.766953535050985,"CG40472",1,"female","down"
"CC","GO:0120114","Sm-like protein family complex","1/80","46/5833",0.0217391304347826,1.58505434782609,0.469737194835156,0.471514524870871,0.808875995229619,0.766953535050985,"SmF",1,"female","down"
"CC","GO:0000775","chromosome, centromeric region","1/80","48/5833",0.0208333333333333,1.51901041666667,0.425746979510292,0.486026433580421,0.808875995229619,0.766953535050985,"Cap-G",1,"female","down"
"CC","GO:0000793","condensed chromosome","1/80","48/5833",0.0208333333333333,1.51901041666667,0.425746979510292,0.486026433580421,0.808875995229619,0.766953535050985,"Cap-G",1,"female","down"
"CC","GO:0019866","organelle inner membrane","2/80","119/5833",0.0168067226890756,1.22542016806723,0.292956201613986,0.488815770656747,0.808875995229619,0.766953535050985,"CG41128/CG40472",2,"female","down"
"CC","GO:0048471","perinuclear region of cytoplasm","1/80","49/5833",0.0204081632653061,1.48801020408163,0.404500781504823,0.493134106063319,0.808875995229619,0.766953535050985,"CRIF",1,"female","down"
"CC","GO:0005777","peroxisome","1/80","50/5833",0.02,1.45825,0.383722657713236,0.500144699340452,0.808875995229619,0.766953535050985,"CG17560",1,"female","down"
"CC","GO:0030017","sarcomere","1/80","50/5833",0.02,1.45825,0.383722657713236,0.500144699340452,0.808875995229619,0.766953535050985,"Arc1",1,"female","down"
"CC","GO:0042579","microbody","1/80","50/5833",0.02,1.45825,0.383722657713236,0.500144699340452,0.808875995229619,0.766953535050985,"CG17560",1,"female","down"
"CC","GO:1990204","oxidoreductase complex","1/80","50/5833",0.02,1.45825,0.383722657713236,0.500144699340452,0.808875995229619,0.766953535050985,"CG40472",1,"female","down"
"CC","GO:0030016","myofibril","1/80","53/5833",0.0188679245283019,1.37570754716981,0.323989174228327,0.520607010837735,0.831701444143211,0.788595985607866,"Arc1",1,"female","down"
"CC","GO:0005770","late endosome","1/80","55/5833",0.0181818181818182,1.32568181818182,0.286149277730135,0.53378670062876,0.832607817164357,0.789455383088743,"CG7523",1,"female","down"
"CC","GO:0098588","bounding membrane of organelle","3/80","205/5833",0.0146341463414634,1.06701219512195,0.115175549956535,0.538054814845178,0.832607817164357,0.789455383088743,"Vha16-1/sau/CG7523",3,"female","down"
"CC","GO:0043292","contractile fiber","1/80","56/5833",0.0178571428571429,1.30200892857143,0.267774474979343,0.540241713427254,0.832607817164357,0.789455383088743,"Arc1",1,"female","down"
"CC","GO:0005783","endoplasmic reticulum","4/80","289/5833",0.013840830449827,1.00916955017301,0.0188534965533517,0.565511151514901,0.840087356275096,0.796547272321907,"Sting/Rdh1/l(1)G0320/Fatp1",4,"female","down"
"CC","GO:0031461","cullin-RING ubiquitin ligase complex","1/80","61/5833",0.0163934426229508,1.1952868852459,0.180792911643601,0.571216304439319,0.840087356275096,0.796547272321907,"CG43064",1,"female","down"
"CC","GO:0000323","lytic vacuole","1/80","62/5833",0.0161290322580645,1.17600806451613,0.164289360436889,0.577159252402738,0.840087356275096,0.796547272321907,"CG7523",1,"female","down"
"CC","GO:0005764","lysosome","1/80","62/5833",0.0161290322580645,1.17600806451613,0.164289360436889,0.577159252402738,0.840087356275096,0.796547272321907,"CG7523",1,"female","down"
"CC","GO:0098794","postsynapse","1/80","62/5833",0.0161290322580645,1.17600806451613,0.164289360436889,0.577159252402738,0.840087356275096,0.796547272321907,"Arc1",1,"female","down"
"CC","GO:0005819","spindle","1/80","66/5833",0.0151515151515152,1.10473484848485,0.100900836101189,0.600128430437002,0.850088521298226,0.806030096530258,"Map205",1,"female","down"
"CC","GO:0015934","large ribosomal subunit","1/80","68/5833",0.0147058823529412,1.07224264705882,0.0706569709453737,0.611146491770708,0.850088521298226,0.806030096530258,"mRpL51",1,"female","down"
"CC","GO:0031594","neuromuscular junction","1/80","69/5833",0.0144927536231884,1.05670289855072,0.0558694483573476,0.616542550861487,0.850088521298226,0.806030096530258,"Arc1",1,"female","down"
"CC","GO:0031966","mitochondrial membrane","2/80","151/5833",0.0132450331125828,0.965728476821192,-0.0503127238453284,0.618438216014962,0.850088521298226,0.806030096530258,"CG41128/CG40472",2,"female","down"
"CC","GO:0098796","membrane protein complex","4/80","309/5833",0.0129449838187702,0.943851132686084,-0.119591405122632,0.61930820161751,0.850088521298226,0.806030096530258,"Vha16-1/CG17760/CG41128/CG40472",4,"female","down"
"CC","GO:0098791","Golgi apparatus subcompartment","1/80","72/5833",0.0138888888888889,1.01267361111111,0.0127592236913755,0.63229097613951,0.850088521298226,0.806030096530258,"sau",1,"female","down"
"CC","GO:0031967","organelle envelope","3/80","238/5833",0.0126050420168067,0.91906512605042,-0.150324819797042,0.640449528506305,0.850088521298226,0.806030096530258,"CG41128/CG40472/Rae1",3,"female","down"
"CC","GO:0031975","envelope","3/80","238/5833",0.0126050420168067,0.91906512605042,-0.150324819797042,0.640449528506305,0.850088521298226,0.806030096530258,"CG41128/CG40472/Rae1",3,"female","down"
"CC","GO:0005635","nuclear envelope","1/80","74/5833",0.0135135135135135,0.985304054054054,-0.0150019056798649,0.642433309988735,0.850088521298226,0.806030096530258,"Rae1",1,"female","down"
"CC","GO:0005740","mitochondrial envelope","2/80","164/5833",0.0121951219512195,0.889176829268293,-0.169748455390363,0.663526676478549,0.8692199461869,0.824169977099672,"CG41128/CG40472",2,"female","down"
"CC","GO:0005911","cell-cell junction","1/80","81/5833",0.0123456790123457,0.900154320987654,-0.106701103199872,0.675803546458077,0.876537273128793,0.831108061303315,"Mec2",1,"female","down"
"CC","GO:0000151","ubiquitin ligase complex","1/80","92/5833",0.0108695652173913,0.792527173913044,-0.236520030916823,0.722130800640025,0.91132293378804,0.864090849232533,"CG43064",1,"female","down"
"CC","GO:0071013","catalytic step 2 spliceosome","1/80","93/5833",0.010752688172043,0.784005376344086,-0.24759110234473,0.726002867518408,0.91132293378804,0.864090849232533,"SmF",1,"female","down"
"CC","GO:0098687","chromosomal region","1/80","96/5833",0.0104166666666667,0.759505208333333,-0.280159549975051,0.737302206543548,0.91132293378804,0.864090849232533,"Cap-G",1,"female","down"
"CC","GO:0005929","cilium","1/80","97/5833",0.0103092783505155,0.751675257731959,-0.290809006919619,0.740965414400706,0.91132293378804,0.864090849232533,"Rae1",1,"female","down"
"CC","GO:0071011","precatalytic spliceosome","1/80","97/5833",0.0103092783505155,0.751675257731959,-0.290809006919619,0.740965414400706,0.91132293378804,0.864090849232533,"SmF",1,"female","down"
"CC","GO:1902495","transmembrane transporter complex","1/80","98/5833",0.0102040816326531,0.744005102040816,-0.301359024003019,0.744578170127335,0.91132293378804,0.864090849232533,"CG40472",1,"female","down"
"CC","GO:0000785","chromatin","2/80","194/5833",0.0103092783505155,0.751675257731959,-0.414788183031293,0.751437634267861,0.91132293378804,0.864090849232533,"Bap170/Cap-G",2,"female","down"
"CC","GO:0070161","anchoring junction","1/80","102/5833",0.00980392156862745,0.714828431372549,-0.342608134637509,0.758538257925042,0.91132293378804,0.864090849232533,"Mec2",1,"female","down"
"CC","GO:1990351","transporter complex","1/80","104/5833",0.00961538461538462,0.701081730769231,-0.362690584719413,0.765232997837285,0.91132293378804,0.864090849232533,"CG40472",1,"female","down"
"CC","GO:0031982","vesicle","3/80","301/5833",0.00996677740863787,0.726702657807309,-0.574095489069204,0.789773610763889,0.931545312875575,0.883265141979251,"Arc1/Arc2/CG7523",3,"female","down"
"CC","GO:0032993","protein-DNA complex","2/80","213/5833",0.00938967136150235,0.68462441314554,-0.552912336216154,0.796435687344003,0.931545312875575,0.883265141979251,"Bap170/Cap-G",2,"female","down"
"CC","GO:0005681","spliceosomal complex","1/80","128/5833",0.0078125,0.56962890625,-0.580532875025471,0.832595936941009,0.965221838400639,0.915196279078147,"SmF",1,"female","down"
"CC","GO:0099512","supramolecular fiber","1/80","137/5833",0.0072992700729927,0.53220802919708,-0.653333038565783,0.852589343060827,0.97589460636035,0.925315898356941,"Arc1",1,"female","down"
"CC","GO:0099081","supramolecular polymer","1/80","139/5833",0.00719424460431655,0.52455035971223,-0.668974796355144,0.856701371995727,0.97589460636035,0.925315898356941,"Arc1",1,"female","down"
"CC","GO:1990234","transferase complex","2/80","281/5833",0.00711743772241993,0.518950177935943,-0.974596962985594,0.904328757300866,0.996037449995929,0.944414777818558,"Uev1A/CG43064",2,"female","down"
"CC","GO:0005768","endosome","1/80","168/5833",0.00595238095238095,0.434002976190476,-0.877759210782794,0.905028633545326,0.996037449995929,0.944414777818558,"CG7523",1,"female","down"
"CC","GO:0030054","cell junction","2/80","300/5833",0.00666666666666667,0.486083333333333,-1.07765452981027,0.923255442676875,0.996037449995929,0.944414777818558,"Arc1/Mec2",2,"female","down"
"CC","GO:0015630","microtubule cytoskeleton","1/80","198/5833",0.00505050505050505,0.36824494949495,-1.06645103880494,0.938082812099392,0.996037449995929,0.944414777818558,"Map205",1,"female","down"
"CC","GO:0045202","synapse","1/80","209/5833",0.00478468899521531,0.348863636363636,-1.13039180671076,0.947101705170461,0.996037449995929,0.944414777818558,"Arc1",1,"female","down"
"CC","GO:0098590","plasma membrane region","1/80","210/5833",0.00476190476190476,0.347202380952381,-1.13608475334187,0.947854170246273,0.996037449995929,0.944414777818558,"sau",1,"female","down"
"CC","GO:0099080","supramolecular complex","1/80","218/5833",0.00458715596330275,0.334461009174312,-1.18095523179371,0.953505379926733,0.996037449995929,0.944414777818558,"Arc1",1,"female","down"
"CC","GO:0140535","intracellular protein-containing complex","2/80","350/5833",0.00571428571428571,0.416642857142857,-1.32729049178792,0.957730824319172,0.996037449995929,0.944414777818558,"Uev1A/CG43064",2,"female","down"
"CC","GO:0005794","Golgi apparatus","1/80","230/5833",0.00434782608695652,0.317010869565217,-1.24616044788288,0.960866995308408,0.996037449995929,0.944414777818558,"sau",1,"female","down"
"CC","GO:0005694","chromosome","2/80","359/5833",0.00557103064066852,0.406197771587744,-1.36944064936401,0.96212062533921,0.996037449995929,0.944414777818558,"Bap170/Cap-G",2,"female","down"
"CC","GO:0140513","nuclear protein-containing complex","3/80","490/5833",0.00612244897959184,0.44640306122449,-1.50975228992205,0.969580676816131,0.996037449995929,0.944414777818558,"Bap170/SmF/Rae1",3,"female","down"
"CC","GO:0031410","cytoplasmic vesicle","1/80","274/5833",0.00364963503649635,0.26610401459854,-1.46729696938876,0.979266623803222,0.996037449995929,0.944414777818558,"CG7523",1,"female","down"
"CC","GO:0097708","intracellular vesicle","1/80","274/5833",0.00364963503649635,0.26610401459854,-1.46729696938876,0.979266623803222,0.996037449995929,0.944414777818558,"CG7523",1,"female","down"
"CC","GO:0005856","cytoskeleton","1/80","292/5833",0.00342465753424658,0.249700342465753,-1.55109594687622,0.984034651460957,0.996037449995929,0.944414777818558,"Map205",1,"female","down"
"CC","GO:0120025","plasma membrane bounded cell projection","1/80","382/5833",0.00261780104712042,0.190870418848168,-1.92893784345907,0.995733303244486,0.996037449995929,0.944414777818558,"Rae1",1,"female","down"
"CC","GO:0042995","cell projection","1/80","387/5833",0.00258397932816537,0.188404392764858,-1.94833178610663,0.996037449995929,0.996037449995929,0.944414777818558,"Rae1",1,"female","down"
"MF","GO:0061783","peptidoglycan muralytic activity","5/77","16/5814",0.3125,23.5957792207792,10.4845865132599,1.39319950131001e-06,0.000197834329186021,0.000180382672274875,"LysP/LysX/LysD/LysE/PGRP-SC2",5,"female","down"
"MF","GO:0003796","lysozyme activity","4/77","13/5814",0.307692307692308,23.2327672327672,9.29644413165254,1.85784416397509e-05,0.00131906935642232,0.0012027096429944,"LysP/LysX/LysD/LysE",4,"female","down"
"MF","GO:0004866","endopeptidase inhibitor activity","5/77","34/5814",0.147058823529412,11.1038961038961,6.84490634417291,7.36656632232622e-05,0.00301962170043499,0.00275325032730544,"Spn88Eb/Tep1/Tep2/CG16713/CG10031",5,"female","down"
"MF","GO:0061135","endopeptidase regulator activity","5/77","35/5814",0.142857142857143,10.7866419294991,6.72735696732729,8.50597662094364e-05,0.00301962170043499,0.00275325032730544,"Spn88Eb/Tep1/Tep2/CG16713/CG10031",5,"female","down"
"MF","GO:0030414","peptidase inhibitor activity","5/77","37/5814",0.135135135135135,10.2035802035802,6.50593288298467,0.00011187774586707,0.0031773279826248,0.00289704478771572,"Spn88Eb/Tep1/Tep2/CG16713/CG10031",5,"female","down"
"MF","GO:0061134","peptidase regulator activity","5/77","47/5814",0.106382978723404,8.03260569218016,5.60781038082963,0.000355100700243959,0.0084040499057737,0.00766269932105386,"Spn88Eb/Tep1/Tep2/CG16713/CG10031",5,"female","down"
"MF","GO:0004553","hydrolase activity, hydrolyzing O-glycosyl compounds","5/77","51/5814",0.0980392156862745,7.4025974025974,5.32010337900963,0.00052183637363867,0.0105858235795273,0.00965201112143706,"LysP/LysX/LysD/LysE/tobi",5,"female","down"
"MF","GO:0004857","enzyme inhibitor activity","5/77","59/5814",0.0847457627118644,6.39885538190623,4.82845441055707,0.00102423504731444,0.0174488728942818,0.0159096468939708,"Spn88Eb/Tep1/Tep2/CG16713/CG10031",5,"female","down"
"MF","GO:0016798","hydrolase activity, acting on glycosyl bonds","5/77","60/5814",0.0833333333333333,6.29220779220779,4.77343137619505,0.00110591447921504,0.0174488728942818,0.0159096468939708,"LysP/LysX/LysD/LysE/tobi",5,"female","down"
"MF","GO:0140678","molecular function inhibitor activity","5/77","66/5814",0.0757575757575758,5.72018890200708,4.46761835568203,0.00170143737942225,0.024160410787796,0.0220291365967302,"Spn88Eb/Tep1/Tep2/CG16713/CG10031",5,"female","down"
"MF","GO:0004867","serine-type endopeptidase inhibitor activity","3/77","26/5814",0.115384615384615,8.71228771228771,4.5657143289629,0.00466473640775695,0.0602175063546806,0.0549055098712062,"Spn88Eb/CG16713/CG10031",3,"female","down"
"MF","GO:0004467","long-chain fatty acid-CoA ligase activity","2/77","15/5814",0.133333333333333,10.0675324675325,4.07343971728235,0.0162600336540543,0.192410398239642,0.175437205214796,"Acsx1R/Fatp1",2,"female","down"
"MF","GO:0003735","structural constituent of ribosome","5/77","119/5814",0.0420168067226891,3.17254174397032,2.77394499736202,0.0202394504541977,0.221077074192006,0.201575093592415,"mRpS33/mRpL51/mRpS18C/mRpS18A/mRpS17",5,"female","down"
"MF","GO:0015645","fatty acid ligase activity","2/77","19/5814",0.105263157894737,7.94805194805195,3.51411715678129,0.0255936082592376,0.242286158187449,0.22091325023763,"Acsx1R/Fatp1",2,"female","down"
"MF","GO:0016405","CoA-ligase activity","2/77","19/5814",0.105263157894737,7.94805194805195,3.51411715678129,0.0255936082592376,0.242286158187449,0.22091325023763,"Acsx1R/Fatp1",2,"female","down"
"MF","GO:0016878","acid-thiol ligase activity","2/77","21/5814",0.0952380952380952,7.19109461966605,3.29252001515865,0.030901446476076,0.274250337475174,0.250057757668246,"Acsx1R/Fatp1",2,"female","down"
"MF","GO:0016877","ligase activity, forming carbon-sulfur bonds","2/77","26/5814",0.0769230769230769,5.80819180819181,2.84647449032363,0.0458426029140583,0.366914144727699,0.334547366949644,"Acsx1R/Fatp1",2,"female","down"
"MF","GO:0019843","rRNA binding","2/77","27/5814",0.0740740740740741,5.59307359307359,2.77116027069343,0.0490941461255372,0.366914144727699,0.334547366949644,"mRpS18C/mRpS18A",2,"female","down"
"MF","GO:0044183","protein folding chaperone","2/77","27/5814",0.0740740740740741,5.59307359307359,2.77116027069343,0.0490941461255372,0.366914144727699,0.334547366949644,"Hsp70Ab/CG34150",2,"female","down"
"MF","GO:0016811","hydrolase activity, acting on carbon-nitrogen (but not peptide) bonds, in linear amides","2/77","37/5814",0.0540540540540541,4.08143208143208,2.17823823575464,0.0856594824784024,0.608182325596657,0.554532439202289,"PGRP-SC2/CG7900",2,"female","down"
"MF","GO:0004033","aldo-keto reductase (NADP) activity","1/77","10/5814",0.1,7.55064935064935,2.40172760594947,0.124909318472598,0.650241700656259,0.59288160993862,"Rdh1",1,"female","down"
"MF","GO:0032266","phosphatidylinositol-3-phosphate binding","1/77","10/5814",0.1,7.55064935064935,2.40172760594947,0.124909318472598,0.650241700656259,0.59288160993862,"sau",1,"female","down"
"MF","GO:0008289","lipid binding","4/77","148/5814",0.027027027027027,2.04071604071604,1.48568904216521,0.132094373622621,0.650241700656259,0.59288160993862,"sau/mat/NimC4/Acbp5",4,"female","down"
"MF","GO:0008307","structural constituent of muscle","1/77","11/5814",0.0909090909090909,6.8642266824085,2.25519399309786,0.136518895053854,0.650241700656259,0.59288160993862,"Tina-1",1,"female","down"
"MF","GO:0042834","peptidoglycan binding","1/77","11/5814",0.0909090909090909,6.8642266824085,2.25519399309786,0.136518895053854,0.650241700656259,0.59288160993862,"PGRP-SC2",1,"female","down"
"MF","GO:0000900","mRNA regulatory element binding translation repressor activity","1/77","12/5814",0.0833333333333333,6.29220779220779,2.12589469319104,0.147976424793791,0.650241700656259,0.59288160993862,"Paip2",1,"female","down"
"MF","GO:0015145","monosaccharide transmembrane transporter activity","1/77","12/5814",0.0833333333333333,6.29220779220779,2.12589469319104,0.147976424793791,0.650241700656259,0.59288160993862,"Srg2",1,"female","down"
"MF","GO:0015149","hexose transmembrane transporter activity","1/77","12/5814",0.0833333333333333,6.29220779220779,2.12589469319104,0.147976424793791,0.650241700656259,0.59288160993862,"Srg2",1,"female","down"
"MF","GO:0031624","ubiquitin conjugating enzyme binding","1/77","12/5814",0.0833333333333333,6.29220779220779,2.12589469319104,0.147976424793791,0.650241700656259,0.59288160993862,"Uev1A",1,"female","down"
"MF","GO:0005198","structural molecule activity","6/77","272/5814",0.0220588235294118,1.66558441558442,1.30243912834587,0.150187919364762,0.650241700656259,0.59288160993862,"Tina-1/mRpS33/mRpL51/mRpS18C/mRpS18A/mRpS17",6,"female","down"
"MF","GO:0004252","serine-type endopeptidase activity","3/77","104/5814",0.0288461538461538,2.17807192807193,1.40434406141736,0.158668062439159,0.650241700656259,0.59288160993862,"CG43336/CG10469/Erasp",3,"female","down"
"MF","GO:0005044","scavenger receptor activity","1/77","13/5814",0.0769230769230769,5.80819180819181,2.01050485758902,0.159283873137616,0.650241700656259,0.59288160993862,"ninaD",1,"female","down"
"MF","GO:0072341","modified amino acid binding","1/77","13/5814",0.0769230769230769,5.80819180819181,2.01050485758902,0.159283873137616,0.650241700656259,0.59288160993862,"NimC4",1,"female","down"
"MF","GO:0016810","hydrolase activity, acting on carbon-nitrogen (but not peptide) bonds","2/77","54/5814",0.037037037037037,2.7965367965368,1.53647272127378,0.159928788295095,0.650241700656259,0.59288160993862,"PGRP-SC2/CG7900",2,"female","down"
"MF","GO:0042625","ATPase-coupled ion transmembrane transporter activity","1/77","14/5814",0.0714285714285714,5.39332096474954,1.90654057798961,0.170443180458493,0.650241700656259,0.59288160993862,"Vha16-1",1,"female","down"
"MF","GO:0044769","ATPase activity, coupled to transmembrane movement of ions, rotational mechanism","1/77","14/5814",0.0714285714285714,5.39332096474954,1.90654057798961,0.170443180458493,0.650241700656259,0.59288160993862,"Vha16-1",1,"female","down"
"MF","GO:0046961","proton-transporting ATPase activity, rotational mechanism","1/77","14/5814",0.0714285714285714,5.39332096474954,1.90654057798961,0.170443180458493,0.650241700656259,0.59288160993862,"Vha16-1",1,"female","down"
"MF","GO:0005507","copper ion binding","1/77","15/5814",0.0666666666666667,5.03376623376623,1.81210308820954,0.181456262373096,0.650241700656259,0.59288160993862,"CG14757",1,"female","down"
"MF","GO:0044390","ubiquitin-like protein conjugating enzyme binding","1/77","15/5814",0.0666666666666667,5.03376623376623,1.81210308820954,0.181456262373096,0.650241700656259,0.59288160993862,"Uev1A",1,"female","down"
"MF","GO:0030246","carbohydrate binding","2/77","59/5814",0.0338983050847458,2.55954215276249,1.39477308675324,0.18357468859626,0.650241700656259,0.59288160993862,"CG12780/CG14499",2,"female","down"
"MF","GO:0008236","serine-type peptidase activity","3/77","114/5814",0.0263157894736842,1.98701298701299,1.23293722218618,0.19151163425494,0.650241700656259,0.59288160993862,"CG43336/CG10469/Erasp",3,"female","down"
"MF","GO:0008028","monocarboxylic acid transmembrane transporter activity","1/77","16/5814",0.0625,4.71915584415584,1.7257121705495,0.19232501005326,0.650241700656259,0.59288160993862,"Fatp1",1,"female","down"
"MF","GO:0030371","translation repressor activity","1/77","17/5814",0.0588235294117647,4.44155844155844,1.64619416655405,0.203051290533753,0.670541471064951,0.611390666723417,"Paip2",1,"female","down"
"MF","GO:0009922","fatty acid elongase activity","1/77","18/5814",0.0555555555555556,4.1948051948052,1.57260461276932,0.213636947016227,0.674143255028983,0.614674724748443,"CG30008",1,"female","down"
"MF","GO:0016620","oxidoreductase activity, acting on the aldehyde or oxo group of donors, NAD or NADP as acceptor","1/77","18/5814",0.0555555555555556,4.1948051948052,1.57260461276932,0.213636947016227,0.674143255028983,0.614674724748443,"CG17560",1,"female","down"
"MF","GO:0140662","ATP-dependent protein folding chaperone","1/77","20/5814",0.05,3.77532467532468,1.4402658009686,0.234393643425468,0.723514415932441,0.659690683170424,"Hsp70Ab",1,"female","down"
"MF","GO:0019829","ATPase-coupled monoatomic cation transmembrane transporter activity","1/77","21/5814",0.0476190476190476,3.59554730983302,1.38035226287293,0.244568253272938,0.723514415932441,0.659690683170424,"Vha16-1",1,"female","down"
"MF","GO:0043130","ubiquitin binding","1/77","21/5814",0.0476190476190476,3.59554730983302,1.38035226287293,0.244568253272938,0.723514415932441,0.659690683170424,"Rae1",1,"female","down"
"MF","GO:0030234","enzyme regulator activity","5/77","262/5814",0.0190839694656489,1.44096361653614,0.846119635832214,0.265783957452746,0.744164410242056,0.678519069383046,"Spn88Eb/Tep1/Tep2/CG16713/CG10031",5,"female","down"
"MF","GO:0016903","oxidoreductase activity, acting on the aldehyde or oxo group of donors","1/77","24/5814",0.0416666666666667,3.1461038961039,1.22045053217772,0.274298073139059,0.744164410242056,0.678519069383046,"CG17560",1,"female","down"
"MF","GO:0032182","ubiquitin-like protein binding","1/77","24/5814",0.0416666666666667,3.1461038961039,1.22045053217772,0.274298073139059,0.744164410242056,0.678519069383046,"Rae1",1,"female","down"
"MF","GO:0051119","sugar transmembrane transporter activity","1/77","24/5814",0.0416666666666667,3.1461038961039,1.22045053217772,0.274298073139059,0.744164410242056,0.678519069383046,"Srg2",1,"female","down"
"MF","GO:0017171","serine hydrolase activity","3/77","140/5814",0.0214285714285714,1.61799628942486,0.857449040571825,0.28310824020454,0.744164410242056,0.678519069383046,"CG43336/CG10469/Erasp",3,"female","down"
"MF","GO:0005539","glycosaminoglycan binding","1/77","26/5814",0.0384615384615385,2.9040959040959,1.12723465168436,0.293473288546163,0.744164410242056,0.678519069383046,"PGRP-SC2",1,"female","down"
"MF","GO:0015144","carbohydrate transmembrane transporter activity","1/77","26/5814",0.0384615384615385,2.9040959040959,1.12723465168436,0.293473288546163,0.744164410242056,0.678519069383046,"Srg2",1,"female","down"
"MF","GO:0038024","cargo receptor activity","1/77","26/5814",0.0384615384615385,2.9040959040959,1.12723465168436,0.293473288546163,0.744164410242056,0.678519069383046,"ninaD",1,"female","down"
"MF","GO:0031072","heat shock protein binding","1/77","27/5814",0.037037037037037,2.7965367965368,1.08391282972458,0.302872486331572,0.747599669835777,0.681651292733881,"Hsp70Ab",1,"female","down"
"MF","GO:0004497","monooxygenase activity","2/77","84/5814",0.0238095238095238,1.79777365491651,0.853188752515489,0.306071792460968,0.747599669835777,0.681651292733881,"Cyp304a1/PPO1",2,"female","down"
"MF","GO:0008528","G protein-coupled peptide receptor activity","1/77","28/5814",0.0357142857142857,2.69666048237477,1.04252828030948,0.312148245542297,0.747599669835777,0.681651292733881,"mthl8",1,"female","down"
"MF","GO:0016874","ligase activity","2/77","86/5814",0.0232558139534884,1.75596496526729,0.818186838257943,0.315887184437652,0.747599669835777,0.681651292733881,"Acsx1R/Fatp1",2,"female","down"
"MF","GO:0001653","peptide receptor activity","1/77","31/5814",0.032258064516129,2.43569333891915,0.92847247907846,0.339250790154403,0.76970954472521,0.701810778363238,"mthl8",1,"female","down"
"MF","GO:1901681","sulfur compound binding","1/77","31/5814",0.032258064516129,2.43569333891915,0.92847247907846,0.339250790154403,0.76970954472521,0.701810778363238,"Acbp5",1,"female","down"
"MF","GO:0004175","endopeptidase activity","3/77","156/5814",0.0192307692307692,1.45204795204795,0.663007487163125,0.341490854349917,0.76970954472521,0.701810778363238,"CG43336/CG10469/Erasp",3,"female","down"
"MF","GO:0003714","transcription corepressor activity","1/77","32/5814",0.03125,2.35957792207792,0.893394240106276,0.348048592187623,0.772232813916288,0.704111461169039,"Bin1",1,"female","down"
"MF","GO:0051082","unfolded protein binding","1/77","36/5814",0.0277777777777778,2.0974025974026,0.765123541299678,0.382098302895931,0.810169582352066,0.738701694805813,"Pfdn4",1,"female","down"
"MF","GO:0140657","ATP-dependent activity","4/77","237/5814",0.0168776371308017,1.27437119842183,0.499591993934788,0.384600849612327,0.810169582352066,0.738701694805813,"Vha16-1/Hsp70Ab/Acsx1R/Fatp1",4,"female","down"
"MF","GO:0005543","phospholipid binding","2/77","101/5814",0.0198019801980198,1.4951780892375,0.581558079444224,0.388241747914387,0.810169582352066,0.738701694805813,"sau/NimC4",2,"female","down"
"MF","GO:0016298","lipase activity","1/77","37/5814",0.027027027027027,2.04071604071604,0.73567335334463,0.390332714574195,0.810169582352066,0.738701694805813,"CG7900",1,"female","down"
"MF","GO:0000287","magnesium ion binding","1/77","38/5814",0.0263157894736842,1.98701298701299,0.707137994110434,0.398458797485358,0.810169582352066,0.738701694805813,"Takl1",1,"female","down"
"MF","GO:0016705","oxidoreductase activity, acting on paired donors, with incorporation or reduction of molecular oxygen","2/77","104/5814",0.0192307692307692,1.45204795204795,0.53887274775608,0.402348606913024,0.810169582352066,0.738701694805813,"Cyp304a1/PPO1",2,"female","down"
"MF","GO:0001664","G protein-coupled receptor binding","1/77","40/5814",0.025,1.88766233766234,0.652593131787447,0.414391585476247,0.810169582352066,0.738701694805813,"CG17760",1,"female","down"
"MF","GO:0015078","proton transmembrane transporter activity","1/77","40/5814",0.025,1.88766233766234,0.652593131787447,0.414391585476247,0.810169582352066,0.738701694805813,"Vha16-1",1,"female","down"
"MF","GO:0005319","lipid transporter activity","1/77","41/5814",0.024390243902439,1.84162179284131,0.626485784967804,0.422201049958119,0.810169582352066,0.738701694805813,"Fatp1",1,"female","down"
"MF","GO:0106389","ecdysteroid 22-kinase activity","1/77","41/5814",0.024390243902439,1.84162179284131,0.626485784967804,0.422201049958119,0.810169582352066,0.738701694805813,"CG11878",1,"female","down"
"MF","GO:0019001","guanyl nucleotide binding","2/77","118/5814",0.0169491525423729,1.27977107638125,0.35568203177794,0.466049226049185,0.882386534653123,0.804548137600697,"Sting/CG17760",2,"female","down"
"MF","GO:0090079","translation regulator activity, nucleic acid binding","1/77","53/5814",0.0188679245283019,1.42465082087724,0.359769269413499,0.50826557095794,0.91988350842401,0.838737372395502,"Paip2",1,"female","down"
"MF","GO:0140297","DNA-binding transcription factor binding","1/77","53/5814",0.0188679245283019,1.42465082087724,0.359769269413499,0.50826557095794,0.91988350842401,0.838737372395502,"Bin1",1,"female","down"
"MF","GO:1901981","phosphatidylinositol phosphate binding","1/77","54/5814",0.0185185185185185,1.3982683982684,0.340615639414911,0.514837963083654,0.91988350842401,0.838737372395502,"sau",1,"female","down"
"MF","GO:0033218","amide binding","1/77","55/5814",0.0181818181818182,1.3728453364817,0.321839703858923,0.521323636146598,0.91988350842401,0.838737372395502,"Acbp5",1,"female","down"
"MF","GO:0042626","ATPase-coupled transmembrane transporter activity","1/77","56/5814",0.0178571428571429,1.34833024118738,0.303425770088486,0.527723719497303,0.91988350842401,0.838737372395502,"Vha16-1",1,"female","down"
"MF","GO:0098772","molecular function regulator activity","5/77","366/5814",0.0136612021857923,1.03150947413242,0.0721383571388824,0.53827317385752,0.91988350842401,0.838737372395502,"Spn88Eb/Tep1/Tep2/CG16713/CG10031",5,"female","down"
"MF","GO:0004930","G protein-coupled receptor activity","1/77","59/5814",0.0169491525423729,1.27977107638125,0.250212645485303,0.546421508172389,0.91988350842401,0.838737372395502,"mthl8",1,"female","down"
"MF","GO:0045182","translation regulator activity","1/77","59/5814",0.0169491525423729,1.27977107638125,0.250212645485303,0.546421508172389,0.91988350842401,0.838737372395502,"Paip2",1,"female","down"
"MF","GO:0052689","carboxylic ester hydrolase activity","1/77","61/5814",0.0163934426229508,1.23781136895891,0.216298467562522,0.558478812093935,0.91988350842401,0.838737372395502,"CG7900",1,"female","down"
"MF","GO:0031267","small GTPase binding","1/77","63/5814",0.0158730158730159,1.19851576994434,0.183525621114559,0.570219654400588,0.91988350842401,0.838737372395502,"sau",1,"female","down"
"MF","GO:0008061","chitin binding","1/77","65/5814",0.0153846153846154,1.16163836163836,0.151812685536496,0.581652234638303,0.91988350842401,0.838737372395502,"CG34426",1,"female","down"
"MF","GO:0051020","GTPase binding","1/77","65/5814",0.0153846153846154,1.16163836163836,0.151812685536496,0.581652234638303,0.91988350842401,0.838737372395502,"sau",1,"female","down"
"MF","GO:0005342","organic acid transmembrane transporter activity","1/77","66/5814",0.0151515151515152,1.14403778040142,0.136330525110857,0.587255431356489,0.91988350842401,0.838737372395502,"Fatp1",1,"female","down"
"MF","GO:0046943","carboxylic acid transmembrane transporter activity","1/77","66/5814",0.0151515151515152,1.14403778040142,0.136330525110857,0.587255431356489,0.91988350842401,0.838737372395502,"Fatp1",1,"female","down"
"MF","GO:0022853","active monoatomic ion transmembrane transporter activity","1/77","68/5814",0.0147058823529412,1.11038961038961,0.106072534297394,0.598240535391507,0.91988350842401,0.838737372395502,"Vha16-1",1,"female","down"
"MF","GO:0016616","oxidoreductase activity, acting on the CH-OH group of donors, NAD or NADP as acceptor","1/77","69/5814",0.0144927536231884,1.09429700734049,0.0912810312595183,0.603624363928725,0.91988350842401,0.838737372395502,"Rdh1",1,"female","down"
"MF","GO:0035091","phosphatidylinositol binding","1/77","69/5814",0.0144927536231884,1.09429700734049,0.0912810312595183,0.603624363928725,0.91988350842401,0.838737372395502,"sau",1,"female","down"
"MF","GO:0008233","peptidase activity","3/77","235/5814",0.0127659574468085,0.963912683061619,-0.0654204373849533,0.608018409973497,0.91988350842401,0.838737372395502,"CG43336/CG10469/Erasp",3,"female","down"
"MF","GO:0016829","lyase activity","1/77","70/5814",0.0142857142857143,1.07866419294991,0.0767047033939628,0.60893697036519,0.91988350842401,0.838737372395502,"Tina-1",1,"female","down"
"MF","GO:0003723","RNA binding","5/77","413/5814",0.0121065375302663,0.914122197415176,-0.209759654795397,0.647794593555926,0.966923841501103,0.88162811345171,"Arc1/mRpS18C/SmF/mRpS18A/Rae1",5,"female","down"
"MF","GO:0015399","primary active transmembrane transporter activity","1/77","79/5814",0.0126582278481013,0.955778398816373,-0.0458441998599747,0.653694991437365,0.966923841501103,0.88162811345171,"Vha16-1",1,"female","down"
"MF","GO:0008514","organic anion transmembrane transporter activity","1/77","82/5814",0.0121951219512195,0.920810896420653,-0.0836608670489541,0.667459731762561,0.974888169024865,0.888889879837349,"Fatp1",1,"female","down"
"MF","GO:0016614","oxidoreductase activity, acting on CH-OH group of donors","1/77","84/5814",0.0119047619047619,0.898886827458256,-0.108136713981614,0.676334756193228,0.974888169024865,0.888889879837349,"Rdh1",1,"female","down"
"MF","GO:0008134","transcription factor binding","1/77","85/5814",0.0117647058823529,0.888311688311688,-0.120165798567594,0.680684184425885,0.974888169024865,0.888889879837349,"Bin1",1,"female","down"
"MF","GO:0016747","acyltransferase activity, transferring groups other than amino-acyl groups","1/77","87/5814",0.0114942528735632,0.867890729959696,-0.143824352262471,0.689210699911972,0.974888169024865,0.888889879837349,"CG30008",1,"female","down"
"MF","GO:0016491","oxidoreductase activity","4/77","356/5814",0.0112359550561798,0.848387567488691,-0.34201578322006,0.702890665286877,0.974888169024865,0.888889879837349,"Cyp304a1/CG17560/Rdh1/PPO1",4,"female","down"
"MF","GO:0020037","heme binding","1/77","96/5814",0.0104166666666667,0.786525974025974,-0.244321497042522,0.724881244293205,0.974888169024865,0.888889879837349,"Cyp304a1",1,"female","down"
"MF","GO:0046906","tetrapyrrole binding","1/77","97/5814",0.0103092783505155,0.77841745882983,-0.254941424908957,0.728586061395238,0.974888169024865,0.888889879837349,"Cyp304a1",1,"female","down"
"MF","GO:0005506","iron ion binding","1/77","100/5814",0.01,0.755064935064935,-0.286209433675721,0.739407585178381,0.974888169024865,0.888889879837349,"Cyp304a1",1,"female","down"
"MF","GO:0003924","GTPase activity","1/77","103/5814",0.00970873786407767,0.733072752490228,-0.31663472337718,0.749803026981401,0.974888169024865,0.888889879837349,"CG17760",1,"female","down"
"MF","GO:0003712","transcription coregulator activity","1/77","105/5814",0.00952380952380952,0.719109461966605,-0.336476576903851,0.756504815601699,0.974888169024865,0.888889879837349,"Bin1",1,"female","down"
"MF","GO:0004674","protein serine/threonine kinase activity","1/77","107/5814",0.00934579439252336,0.705668163612089,-0.355982207431243,0.763029359370691,0.974888169024865,0.888889879837349,"Takl1",1,"female","down"
"MF","GO:0032559","adenyl ribonucleotide binding","4/77","391/5814",0.010230179028133,0.77244494635799,-0.539707136268275,0.770841088557947,0.974888169024865,0.888889879837349,"Sting/Hsp70Ab/Acbp5/Takl1",4,"female","down"
"MF","GO:0032561","guanyl ribonucleotide binding","1/77","114/5814",0.0087719298245614,0.662337662337662,-0.421794312853166,0.784535202447168,0.974888169024865,0.888889879837349,"Sting",1,"female","down"
"MF","GO:0046914","transition metal ion binding","4/77","419/5814",0.00954653937947494,0.720825713665809,-0.687210522426173,0.816126704257018,0.974888169024865,0.888889879837349,"Cyp304a1/PGRP-SC2/CG14757/CG13559",4,"female","down"
"MF","GO:0022857","transmembrane transporter activity","4/77","424/5814",0.00943396226415094,0.712325410438618,-0.712677662619856,0.823408554774738,0.974888169024865,0.888889879837349,"Vha16-1/Srg2/CG31106/Fatp1",4,"female","down"
"MF","GO:0030554","adenyl nucleotide binding","4/77","425/5814",0.00941176470588235,0.71064935064935,-0.717741294576739,0.824836699567885,0.974888169024865,0.888889879837349,"Sting/Hsp70Ab/Acbp5/Takl1",4,"female","down"
"MF","GO:0017111","ribonucleoside triphosphate phosphatase activity","2/77","238/5814",0.00840336134453781,0.634508348794063,-0.666972082624017,0.830351213538301,0.974888169024865,0.888889879837349,"Hsp70Ab/CG17760",2,"female","down"
"MF","GO:0016301","kinase activity","2/77","242/5814",0.00826446280991736,0.624020607491682,-0.692100670635852,0.837366436043148,0.974888169024865,0.888889879837349,"Takl1/CG11878",2,"female","down"
"MF","GO:0016887","ATP hydrolysis activity","1/77","136/5814",0.00735294117647059,0.555194805194805,-0.608057584399562,0.84034382839917,0.974888169024865,0.888889879837349,"Hsp70Ab",1,"female","down"
"MF","GO:0004672","protein kinase activity","1/77","138/5814",0.0072463768115942,0.547148503670243,-0.623702171383495,0.844645074026387,0.974888169024865,0.888889879837349,"Takl1",1,"female","down"
"MF","GO:0022804","active transmembrane transporter activity","1/77","139/5814",0.00719424460431655,0.543212183499953,-0.631454522682959,0.846752602091921,0.974888169024865,0.888889879837349,"Vha16-1",1,"female","down"
"MF","GO:0016462","pyrophosphatase activity","2/77","254/5814",0.0078740157480315,0.594539318948768,-0.76547552123592,0.856887347774681,0.974888169024865,0.888889879837349,"Hsp70Ab/CG17760",2,"female","down"
"MF","GO:0004888","transmembrane signaling receptor activity","1/77","146/5814",0.00684931506849315,0.517167763743106,-0.684480159761963,0.860735576831153,0.974888169024865,0.888889879837349,"mthl8",1,"female","down"
"MF","GO:0016817","hydrolase activity, acting on acid anhydrides","2/77","258/5814",0.00775193798449612,0.585321655089097,-0.789301976006166,0.862911012117309,0.974888169024865,0.888889879837349,"Hsp70Ab/CG17760",2,"female","down"
"MF","GO:0016818","hydrolase activity, acting on acid anhydrides, in phosphorus-containing anhydrides","2/77","258/5814",0.00775193798449612,0.585321655089097,-0.789301976006166,0.862911012117309,0.974888169024865,0.888889879837349,"Hsp70Ab/CG17760",2,"female","down"
"MF","GO:0005215","transporter activity","4/77","460/5814",0.00869565217391304,0.656578204404291,-0.88914110092532,0.869197141681221,0.974888169024865,0.888889879837349,"Vha16-1/Srg2/CG31106/Fatp1",4,"female","down"
"MF","GO:0019899","enzyme binding","2/77","266/5814",0.0075187969924812,0.567717996289425,-0.836070398096603,0.874277320098254,0.974888169024865,0.888889879837349,"sau/Uev1A",2,"female","down"
"MF","GO:0003729","mRNA binding","1/77","160/5814",0.00625,0.471915584415584,-0.784672693512457,0.885031434491521,0.974888169024865,0.888889879837349,"Arc1",1,"female","down"
"MF","GO:0022890","inorganic cation transmembrane transporter activity","1/77","163/5814",0.00613496932515337,0.46323002151223,-0.805234669906008,0.889665723609473,0.974888169024865,0.888889879837349,"Vha16-1",1,"female","down"
"MF","GO:0005102","signaling receptor binding","1/77","166/5814",0.00602409638554217,0.454858394617431,-0.825503897204919,0.894115537479517,0.974888169024865,0.888889879837349,"CG17760",1,"female","down"
"MF","GO:0008324","monoatomic cation transmembrane transporter activity","1/77","169/5814",0.00591715976331361,0.446783985245524,-0.845491453714215,0.898388126618589,0.974888169024865,0.888889879837349,"Vha16-1",1,"female","down"
"MF","GO:0008270","zinc ion binding","2/77","291/5814",0.00687285223367698,0.51894497255322,-0.975341783597823,0.904498394206271,0.974888169024865,0.888889879837349,"PGRP-SC2/CG13559",2,"female","down"
"MF","GO:0038023","signaling receptor activity","1/77","178/5814",0.00561797752808989,0.424193783744346,-0.903865806369957,0.910210895271029,0.974888169024865,0.888889879837349,"mthl8",1,"female","down"
"MF","GO:0060089","molecular transducer activity","1/77","178/5814",0.00561797752808989,0.424193783744346,-0.903865806369957,0.910210895271029,0.974888169024865,0.888889879837349,"mthl8",1,"female","down"
"MF","GO:0016772","transferase activity, transferring phosphorus-containing groups","2/77","300/5814",0.00666666666666667,0.503376623376623,-1.02319286735888,0.913632949849584,0.974888169024865,0.888889879837349,"Takl1/CG11878",2,"female","down"
"MF","GO:0016773","phosphotransferase activity, alcohol group as acceptor","1/77","187/5814",0.0053475935828877,0.403778040141677,-0.960049028769511,0.9206738486675,0.974888169024865,0.888889879837349,"Takl1",1,"female","down"
"MF","GO:0015318","inorganic molecular entity transmembrane transporter activity","1/77","192/5814",0.00520833333333333,0.393262987012987,-0.990395781875986,0.925956658412664,0.974888169024865,0.888889879837349,"Vha16-1",1,"female","down"
"MF","GO:0030674","protein-macromolecule adaptor activity","1/77","193/5814",0.00518134715025907,0.391225354955925,-0.996394948553034,0.926970770348314,0.974888169024865,0.888889879837349,"Bin1",1,"female","down"
"MF","GO:0016746","acyltransferase activity","1/77","198/5814",0.00505050505050505,0.381345926800472,-1.0260535359133,0.93183928078578,0.974888169024865,0.888889879837349,"CG30008",1,"female","down"
"MF","GO:0015075","monoatomic ion transmembrane transporter activity","1/77","200/5814",0.005,0.377532467532468,-1.03776398964561,0.933695711178744,0.974888169024865,0.888889879837349,"Vha16-1",1,"female","down"
"MF","GO:0060090","molecular adaptor activity","1/77","213/5814",0.00469483568075117,0.354490579842692,-1.11189223927595,0.9446031485713,0.979077716037406,0.892709852280214,"Bin1",1,"female","down"
"MF","GO:0005524","ATP binding","2/77","381/5814",0.005249343832021,0.396359545965845,-1.41196545530818,0.96616665896742,0.989563875819258,0.902270991295543,"Hsp70Ab/Takl1",2,"female","down"
"MF","GO:0016788","hydrolase activity, acting on ester bonds","1/77","269/5814",0.00371747211895911,0.280693284410757,-1.39940228548435,0.974581910812154,0.989563875819258,0.902270991295543,"CG7900",1,"female","down"
"MF","GO:0044877","protein-containing complex binding","1/77","272/5814",0.00367647058823529,0.277597402597403,-1.41362295637539,0.975626356441522,0.989563875819258,0.902270991295543,"CG17760",1,"female","down"
"MF","GO:0035639","purine ribonucleoside triphosphate binding","2/77","491/5814",0.00407331975560081,0.307562091676145,-1.85757538661962,0.991225438010707,0.994994916815616,0.907222941203268,"Hsp70Ab/Takl1",2,"female","down"
"MF","GO:0140110","transcription regulator activity","1/77","384/5814",0.00260416666666667,0.196631493506494,-1.88705083233744,0.994994916815616,0.994994916815616,0.907222941203268,"Bin1",1,"female","down"
