"ONTOLOGY","ID","Description","GeneRatio","BgRatio","RichFactor","FoldEnrichment","zScore","pvalue","p.adjust","qvalue","geneID","Count","sex","direction"
"BP","GO:0044703","multi-organism reproductive process","12/381","19/7230",0.631578947368421,11.9850808122669,11.3075971050487,1.39590235553915e-11,1.22612968429442e-08,1.20206106047711e-08,"lectin-46Ca/Acp29AB/lectin-46Cb/Sems/aqrs/Acp62F/CG9997/SP/Acp53Ea/intr/Acp26Aa/EbpIII",12,"male","down"
"BP","GO:0007320","insemination","11/381","16/7230",0.6875,13.0462598425197,11.3765915564104,2.60324773735545e-11,1.22612968429442e-08,1.20206106047711e-08,"lectin-46Ca/Acp29AB/lectin-46Cb/Sems/aqrs/Acp62F/CG9997/Acp53Ea/intr/Acp26Aa/EbpIII",11,"male","down"
"BP","GO:0044706","multi-multicellular organism process","11/381","16/7230",0.6875,13.0462598425197,11.3765915564104,2.60324773735545e-11,1.22612968429442e-08,1.20206106047711e-08,"lectin-46Ca/Acp29AB/lectin-46Cb/Sems/aqrs/Acp62F/CG9997/Acp53Ea/intr/Acp26Aa/EbpIII",11,"male","down"
"BP","GO:0006633","fatty acid biosynthetic process","19/381","58/7230",0.327586206896552,6.21639967417866,9.40703440828275,4.73075105818457e-11,1.6711378113037e-08,1.63833378751866e-08,"CG30008/CG15531/CG9458/CG18609/CG8630/CG8534/Baldspot/Acsf2/Hacd1/CG6432/Acsx3/Acsx1R/FASN2/Sc2/Fatp1/CG9993/Acsx4/eloF/CG5568",19,"male","down"
"BP","GO:0019752","carboxylic acid metabolic process","41/381","256/7230",0.16015625,3.03918553149606,7.83472521684899,8.94608661939287e-11,2.10680339886702e-08,2.06544736686334e-08,"CG30008/CG15531/CG9458/CG18609/PH4alphaNE2/CG8630/ry/CG8534/PH4alphaSG1/CG32199/CG18233/CG10184/CG32201/CG15864/Baldspot/CG18234/Irp-1B/Acsf2/Hacd1/Had2/CG31021/Agxt/aay/Hex-C/CG11828/CG6432/Acsx3/Gip/Acsx1R/FASN2/Sc2/Fatp1/CG9993/PH4alphaNE3/hgo/e/Acsx4/CG18231/yellow-f2/eloF/CG5568",41,"male","down"
"BP","GO:0043436","oxoacid metabolic process","41/381","256/7230",0.16015625,3.03918553149606,7.83472521684899,8.94608661939287e-11,2.10680339886702e-08,2.06544736686334e-08,"CG30008/CG15531/CG9458/CG18609/PH4alphaNE2/CG8630/ry/CG8534/PH4alphaSG1/CG32199/CG18233/CG10184/CG32201/CG15864/Baldspot/CG18234/Irp-1B/Acsf2/Hacd1/Had2/CG31021/Agxt/aay/Hex-C/CG11828/CG6432/Acsx3/Gip/Acsx1R/FASN2/Sc2/Fatp1/CG9993/PH4alphaNE3/hgo/e/Acsx4/CG18231/yellow-f2/eloF/CG5568",41,"male","down"
"BP","GO:0006082","organic acid metabolic process","41/381","258/7230",0.158914728682171,3.01562595373253,7.77551426881494,1.14895541099353e-10,2.26241908967558e-08,2.21800835997547e-08,"CG30008/CG15531/CG9458/CG18609/PH4alphaNE2/CG8630/ry/CG8534/PH4alphaSG1/CG32199/CG18233/CG10184/CG32201/CG15864/Baldspot/CG18234/Irp-1B/Acsf2/Hacd1/Had2/CG31021/Agxt/aay/Hex-C/CG11828/CG6432/Acsx3/Gip/Acsx1R/FASN2/Sc2/Fatp1/CG9993/PH4alphaNE3/hgo/e/Acsx4/CG18231/yellow-f2/eloF/CG5568",41,"male","down"
"BP","GO:0072330","monocarboxylic acid biosynthetic process","19/381","61/7230",0.311475409836066,5.91067510003872,9.08374315037513,1.2809166820527e-10,2.26241908967558e-08,2.21800835997547e-08,"CG30008/CG15531/CG9458/CG18609/CG8630/CG8534/Baldspot/Acsf2/Hacd1/CG6432/Acsx3/Acsx1R/FASN2/Sc2/Fatp1/CG9993/Acsx4/eloF/CG5568",19,"male","down"
"BP","GO:0046692","sperm competition","10/381","15/7230",0.666666666666667,12.6509186351706,10.6530912805144,3.48800834726343e-10,4.59199062263129e-08,4.50185097730307e-08,"lectin-46Ca/Acp29AB/lectin-46Cb/Sems/aqrs/Acp62F/CG9997/Acp53Ea/intr/Acp26Aa",10,"male","down"
"BP","GO:0007620","copulation","11/381","19/7230",0.578947368421053,10.9863240779113,10.2795173893823,3.89977972197986e-10,4.59199062263129e-08,4.50185097730307e-08,"lectin-46Ca/Acp29AB/lectin-46Cb/Sems/aqrs/Acp62F/CG9997/Acp53Ea/intr/Acp26Aa/EbpIII",11,"male","down"
"BP","GO:0018401","peptidyl-proline hydroxylation to 4-hydroxy-L-proline","11/381","19/7230",0.578947368421053,10.9863240779113,10.2795173893823,3.89977972197986e-10,4.59199062263129e-08,4.50185097730307e-08,"PH4alphaNE2/PH4alphaSG1/CG32199/CG18233/CG32201/CG15864/CG18234/CG31021/CG11828/PH4alphaNE3/CG18231",11,"male","down"
"BP","GO:0019471","4-hydroxyproline metabolic process","11/381","19/7230",0.578947368421053,10.9863240779113,10.2795173893823,3.89977972197986e-10,4.59199062263129e-08,4.50185097730307e-08,"PH4alphaNE2/PH4alphaSG1/CG32199/CG18233/CG32201/CG15864/CG18234/CG31021/CG11828/PH4alphaNE3/CG18231",11,"male","down"
"BP","GO:0018126","protein hydroxylation","11/381","20/7230",0.55,10.4370078740157,9.96712029775713,8.25975474537063e-10,8.33645246800622e-08,8.17280995857726e-08,"PH4alphaNE2/PH4alphaSG1/CG32199/CG18233/CG32201/CG15864/CG18234/CG31021/CG11828/PH4alphaNE3/CG18231",11,"male","down"
"BP","GO:0019511","peptidyl-proline hydroxylation","11/381","20/7230",0.55,10.4370078740157,9.96712029775713,8.25975474537063e-10,8.33645246800622e-08,8.17280995857726e-08,"PH4alphaNE2/PH4alphaSG1/CG32199/CG18233/CG32201/CG15864/CG18234/CG31021/CG11828/PH4alphaNE3/CG18231",11,"male","down"
"BP","GO:0016053","organic acid biosynthetic process","22/381","91/7230",0.241758241758242,4.58769576879813,8.12279757898366,1.01749806749194e-09,8.98577980853823e-08,8.80939116328552e-08,"CG30008/CG15531/CG9458/CG18609/CG8630/CG8534/CG10184/Baldspot/Acsf2/Hacd1/Agxt/aay/CG6432/Acsx3/Acsx1R/FASN2/Sc2/Fatp1/CG9993/Acsx4/eloF/CG5568",22,"male","down"
"BP","GO:0046394","carboxylic acid biosynthetic process","22/381","91/7230",0.241758241758242,4.58769576879813,8.12279757898366,1.01749806749194e-09,8.98577980853823e-08,8.80939116328552e-08,"CG30008/CG15531/CG9458/CG18609/CG8630/CG8534/CG10184/Baldspot/Acsf2/Hacd1/Agxt/aay/CG6432/Acsx3/Acsx1R/FASN2/Sc2/Fatp1/CG9993/Acsx4/eloF/CG5568",22,"male","down"
"BP","GO:0046008","regulation of female receptivity, post-mating","8/381","11/7230",0.727272727272727,13.8010021474588,10.0205096178196,7.94567886334261e-09,6.60426131406065e-07,6.47462129050085e-07,"lectin-46Ca/lectin-46Cb/Sems/aqrs/CG9997/SP/intr/Acp33A",8,"male","down"
"BP","GO:0018208","peptidyl-proline modification","12/381","29/7230",0.413793103448276,7.8522943252783,8.72020348884305,8.87494964913319e-09,6.96683547456956e-07,6.83007820950835e-07,"PH4alphaNE2/PH4alphaSG1/CG32199/CG18233/CG32201/CG15864/CG18234/CG31021/CG11828/PH4alphaNE3/CG18231/CG5071",12,"male","down"
"BP","GO:0045924","regulation of female receptivity","11/381","24/7230",0.458333333333333,8.69750656167979,8.9083357474976,1.01307277270207e-08,7.53406225172643e-07,7.38617046468654e-07,"lectin-46Ca/Mst57Dc/lectin-46Cb/Sems/Mst57Db/aqrs/Mst57Da/CG9997/SP/intr/Acp33A",11,"male","down"
"BP","GO:0060180","female mating behavior","11/381","29/7230",0.379310344827586,7.19793646483845,7.88747018424616,1.10482894262703e-07,7.80561647965995e-06,7.6523941499851e-06,"lectin-46Ca/Mst57Dc/lectin-46Cb/Sems/Mst57Db/aqrs/Mst57Da/CG9997/SP/intr/Acp33A",11,"male","down"
"BP","GO:1901605","alpha-amino acid metabolic process","18/381","82/7230",0.219512195121951,4.16554637987325,6.79909880365773,1.71605990980189e-07,1.15466316788098e-05,1.1319974141851e-05,"PH4alphaNE2/ry/PH4alphaSG1/CG32199/CG18233/CG10184/CG32201/CG15864/CG18234/CG31021/Agxt/aay/CG11828/PH4alphaNE3/hgo/e/CG18231/yellow-f2",18,"male","down"
"BP","GO:0170033","L-amino acid metabolic process","15/381","61/7230",0.245901639344262,4.66632244739899,6.78194560629038,3.87953877319954e-07,2.49172194842316e-05,2.44281006006249e-05,"PH4alphaNE2/PH4alphaSG1/CG32199/CG18233/CG10184/CG32201/CG15864/CG18234/CG31021/Agxt/aay/CG11828/PH4alphaNE3/hgo/CG18231",15,"male","down"
"BP","GO:0006631","fatty acid metabolic process","20/381","105/7230",0.19047619047619,3.61454818147732,6.36483107517034,4.17896107505831e-07,2.56733565176409e-05,2.51693948502368e-05,"CG30008/CG15531/CG9458/CG18609/CG8630/CG8534/Baldspot/Acsf2/Hacd1/Had2/CG6432/Acsx3/Acsx1R/FASN2/Sc2/Fatp1/CG9993/Acsx4/eloF/CG5568",20,"male","down"
"BP","GO:0170041","non-proteinogenic amino acid metabolic process","11/381","36/7230",0.305555555555556,5.79833770778653,6.80682932448079,1.3723287668123e-06,8.07958561460742e-05,7.92098533826749e-05,"PH4alphaNE2/PH4alphaSG1/CG32199/CG18233/CG32201/CG15864/CG18234/CG31021/CG11828/PH4alphaNE3/CG18231",11,"male","down"
"BP","GO:0032787","monocarboxylic acid metabolic process","23/381","146/7230",0.157534246575342,2.98942940351634,5.72734970229997,1.92768212212375e-06,0.000108952593542434,0.000106813880956415,"CG30008/CG15531/CG9458/CG18609/CG8630/CG8534/Baldspot/Acsf2/Hacd1/Had2/Agxt/Hex-C/CG6432/Acsx3/Gip/Acsx1R/FASN2/Sc2/Fatp1/CG9993/Acsx4/eloF/CG5568",23,"male","down"
"BP","GO:0044283","small molecule biosynthetic process","24/381","158/7230",0.151898734177215,2.88248779029204,5.6425784080475,2.24463183071851e-06,0.000121987106800202,0.00011959252992816,"CG30008/CG15531/CG9458/CG18609/CG8630/CG8534/CG10184/Baldspot/Acsf2/Hacd1/Agxt/aay/CG6432/Acsx3/eIF4EHP/Acsx1R/Inos/FASN2/Sc2/Fatp1/CG9993/Acsx4/eloF/CG5568",24,"male","down"
"BP","GO:0006629","lipid metabolic process","40/381","354/7230",0.112994350282486,2.14422349748654,5.20634059817648,3.08122612501534e-06,0.000161250833875803,0.00015808551970839,"CG30008/CG15531/CG9458/FarO/CG18609/CG8630/ry/CG17560/CG8534/Baldspot/alpha4GT2/Acsf2/CG6472/Hacd1/CG11600/Had2/CG11608/CG6432/Acsx3/eIF4EHP/Acsx1R/Inos/SP/FASN2/Sc2/Fatp1/CG9519/CG9993/CG11162/CG11426/Rdh1/CG17026/Acsx4/CG12539/CG17097/CG34448/CG9522/Mip/eloF/CG5568",40,"male","down"
"BP","GO:0006575","cellular modified amino acid metabolic process","16/381","81/7230",0.197530864197531,3.74842033634685,5.8666615100393,3.70695421466618e-06,0.000183907198743262,0.000180297145711725,"PH4alphaNE2/PH4alphaSG1/CG32199/CG18233/GstE9/CG4752/CG32201/CG15864/CG18234/CG31021/CG11828/GstE7/GstE3/PH4alphaNE3/GstD5/CG18231",16,"male","down"
"BP","GO:0008610","lipid biosynthetic process","26/381","185/7230",0.140540540540541,2.66695041498191,5.41696543112383,3.7744577236763e-06,0.000183907198743262,0.000180297145711725,"CG30008/CG15531/CG9458/CG18609/CG8630/CG8534/Baldspot/alpha4GT2/Acsf2/Hacd1/CG6432/Acsx3/eIF4EHP/Acsx1R/Inos/SP/FASN2/Sc2/Fatp1/CG9993/CG11162/CG17026/Acsx4/Mip/eloF/CG5568",26,"male","down"
"BP","GO:0042761","very long-chain fatty acid biosynthetic process","8/381","22/7230",0.363636363636364,6.90050107372942,6.53703578314756,9.20213898462136e-06,0.000433420746175666,0.000424912803640762,"CG30008/CG9458/CG18609/CG8534/Baldspot/Hacd1/Sc2/eloF",8,"male","down"
"BP","GO:0007617","mating behavior","17/381","97/7230",0.175257731958763,3.32575696079227,5.43878763687962,1.01212026822666e-05,0.000461330948065895,0.000452275135139657,"lectin-46Ca/Mst57Dc/Acp29AB/lectin-46Cb/Sems/Mst57Db/aqrs/Acp62F/Mst57Da/CG9997/SP/Acp53Ea/intr/Acp26Aa/EbpIII/Acp33A/eloF",17,"male","down"
"BP","GO:0019098","reproductive behavior","17/381","103/7230",0.16504854368932,3.13202354560049,5.13978848053643,2.29996400260837e-05,0.00101557785490176,0.000995642311655465,"lectin-46Ca/Mst57Dc/Acp29AB/lectin-46Cb/Sems/Mst57Db/aqrs/Acp62F/Mst57Da/CG9997/SP/Acp53Ea/intr/Acp26Aa/EbpIII/Acp33A/eloF",17,"male","down"
"BP","GO:0000038","very long-chain fatty acid metabolic process","8/381","26/7230",0.307692307692308,5.83888552392489,5.82952523886363,3.73108398084117e-05,0.00159758232270563,0.00156622217505167,"CG30008/CG9458/CG18609/CG8534/Baldspot/Hacd1/Sc2/eloF",8,"male","down"
"BP","GO:0006520","amino acid metabolic process","18/381","119/7230",0.151260504201681,2.87037649705552,4.85204918944597,4.47239136816507e-05,0.00185867323624037,0.00182218793823691,"PH4alphaNE2/ry/PH4alphaSG1/CG32199/CG18233/CG10184/CG32201/CG15864/CG18234/CG31021/Agxt/aay/CG11828/PH4alphaNE3/hgo/e/CG18231/yellow-f2",18,"male","down"
"BP","GO:0030497","fatty acid elongation","7/381","21/7230",0.333333333333333,6.3254593175853,5.76391042632499,6.52419742580023e-05,0.00263391170361592,0.00258220866536936,"CG30008/CG9458/CG18609/CG8534/Baldspot/Hacd1/eloF",7,"male","down"
"BP","GO:0001676","long-chain fatty acid metabolic process","7/381","22/7230",0.318181818181818,6.03793843951324,5.58142155062387,9.13938973855798e-05,0.00358721047238401,0.00351679441401822,"Baldspot/Acsx3/Acsx1R/Fatp1/CG9993/Acsx4/CG5568",7,"male","down"
"BP","GO:0035337","fatty-acyl-CoA metabolic process","7/381","23/7230",0.304347826086957,5.77541937692571,5.40986205656702,0.0001254870000006,0.00479224678380671,0.00469817615933969,"FarO/CG17560/Acsx3/Acsx1R/CG9993/Acsx4/CG5568",7,"male","down"
"BP","GO:1901568","fatty acid derivative metabolic process","7/381","24/7230",0.291666666666667,5.53477690288714,5.2481040278711,0.00016921930204252,0.00629228615226528,0.00616877012432012,"FarO/CG17560/Acsx3/Acsx1R/CG9993/Acsx4/CG5568",7,"male","down"
"BP","GO:0019367","fatty acid elongation, saturated fatty acid","6/381","19/7230",0.31578947368421,5.99254040613344,5.13911881105072,0.000310703635037151,0.0104529580073213,0.0102477690152604,"CG30008/CG9458/CG18609/CG8534/Baldspot/eloF",6,"male","down"
"BP","GO:0019368","fatty acid elongation, unsaturated fatty acid","6/381","19/7230",0.31578947368421,5.99254040613344,5.13911881105072,0.000310703635037151,0.0104529580073213,0.0102477690152604,"CG30008/CG9458/CG18609/CG8534/Baldspot/eloF",6,"male","down"
"BP","GO:0034625","fatty acid elongation, monounsaturated fatty acid","6/381","19/7230",0.31578947368421,5.99254040613344,5.13911881105072,0.000310703635037151,0.0104529580073213,0.0102477690152604,"CG30008/CG9458/CG18609/CG8534/Baldspot/eloF",6,"male","down"
"BP","GO:0034626","fatty acid elongation, polyunsaturated fatty acid","6/381","19/7230",0.31578947368421,5.99254040613344,5.13911881105072,0.000310703635037151,0.0104529580073213,0.0102477690152604,"CG30008/CG9458/CG18609/CG8534/Baldspot/eloF",6,"male","down"
"BP","GO:0008643","carbohydrate transport","7/381","27/7230",0.259259259259259,4.91980169145523,4.81257252981276,0.000378468662752845,0.0124366562899946,0.0121925277890512,"CG33281/CG15406/sut1/CG15408/CG6484/CG33282/CG8249",7,"male","down"
"BP","GO:0046949","fatty-acyl-CoA biosynthetic process","5/381","14/7230",0.357142857142857,6.77727784026997,5.10301713679582,0.000533474965817942,0.0171318210613807,0.0167955276319716,"Acsx3/Acsx1R/CG9993/Acsx4/CG5568",5,"male","down"
"BP","GO:0044255","cellular lipid metabolic process","28/381","279/7230",0.100358422939068,1.90443936443428,3.63367374247806,0.000717736375834494,0.0225369222012031,0.0220945279672092,"CG30008/CG15531/CG9458/CG18609/CG8630/ry/CG8534/Baldspot/alpha4GT2/Acsf2/Hacd1/Had2/CG6432/Acsx3/Acsx1R/Inos/SP/FASN2/Sc2/Fatp1/CG9993/CG11426/Rdh1/CG17026/Acsx4/Mip/eloF/CG5568",28,"male","down"
"BP","GO:0072376","protein activation cascade","5/381","15/7230",0.333333333333333,6.3254593175853,4.86936747199002,0.000765892478007274,0.0230256610941336,0.0225736730360039,"PGRP-SC2/CtsK1/SPE/psh/nec",5,"male","down"
"BP","GO:0160032","Toll receptor ligand protein activation cascade","5/381","15/7230",0.333333333333333,6.3254593175853,4.86936747199002,0.000765892478007274,0.0230256610941336,0.0225736730360039,"PGRP-SC2/CtsK1/SPE/psh/nec",5,"male","down"
"BP","GO:0030148","sphingolipid biosynthetic process","8/381","40/7230",0.2,3.79527559055118,4.18098105512233,0.000959776779533256,0.0282534289475102,0.0276988210935475,"CG30008/CG9458/CG18609/CG8534/Baldspot/alpha4GT2/Hacd1/eloF",8,"male","down"
"BP","GO:0018193","peptidyl-amino acid modification","19/381","165/7230",0.115151515151515,2.18515867334765,3.63203818086976,0.00103282475876627,0.0297832935538111,0.0291986548342947,"PH4alphaNE2/PH4alphaSG1/CG32199/CG18233/CG32201/CG15864/S6k/CG18234/CG31373/sev/CG31021/CG11828/Nmt/PH4alphaNE3/CG8314/CG18231/Loxl2/Atg1/CG5071",19,"male","down"
"BP","GO:0018991","egg-laying behavior","4/381","10/7230",0.4,7.59055118110236,4.91859603503537,0.00123668912918562,0.0349488347907855,0.0342627977685952,"Mst57Dc/Mst57Db/Mst57Da/SP",4,"male","down"
"BP","GO:1901570","fatty acid derivative biosynthetic process","5/381","17/7230",0.294117647058824,5.5812876331635,4.46007406977015,0.00144598687284332,0.0400623421828943,0.0392759282695936,"Acsx3/Acsx1R/CG9993/Acsx4/CG5568",5,"male","down"
"BP","GO:0035384","thioester biosynthetic process","5/381","18/7230",0.277777777777778,5.27121609798775,4.27905585404216,0.00191660711420179,0.0510974689125874,0.0500944381785413,"Acsx3/Acsx1R/CG9993/Acsx4/CG5568",5,"male","down"
"BP","GO:0071616","acyl-CoA biosynthetic process","5/381","18/7230",0.277777777777778,5.27121609798775,4.27905585404216,0.00191660711420179,0.0510974689125874,0.0500944381785413,"Acsx3/Acsx1R/CG9993/Acsx4/CG5568",5,"male","down"
"BP","GO:0006637","acyl-CoA metabolic process","7/381","35/7230",0.2,3.79527559055118,3.90959051372498,0.0019903386603634,0.0511336095835179,0.0501298694169997,"FarO/CG17560/Acsx3/Acsx1R/CG9993/Acsx4/CG5568",7,"male","down"
"BP","GO:0035383","thioester metabolic process","7/381","35/7230",0.2,3.79527559055118,3.90959051372498,0.0019903386603634,0.0511336095835179,0.0501298694169997,"FarO/CG17560/Acsx3/Acsx1R/CG9993/Acsx4/CG5568",7,"male","down"
"BP","GO:0043455","regulation of secondary metabolic process","4/381","12/7230",0.333333333333333,6.3254593175853,4.35438948552331,0.0026794467562541,0.0676081833319116,0.0662810513389173,"psh/SP/e/Mip",4,"male","down"
"BP","GO:0006790","sulfur compound metabolic process","13/381","106/7230",0.122641509433962,2.32729163571535,3.24672385470639,0.00361183721713541,0.0895355436458303,0.0877779829686093,"FarO/CG17560/GstE9/CG4752/Acsx3/GstE7/Acsx1R/GstE3/CG9993/GstD5/Acsx4/Papst2/CG5568",13,"male","down"
"BP","GO:0006665","sphingolipid metabolic process","8/381","51/7230",0.156862745098039,2.9766867376872,3.34101924230139,0.00479284349566147,0.114658440095253,0.112407723146238,"CG30008/CG9458/CG18609/CG8534/Baldspot/alpha4GT2/Hacd1/eloF",8,"male","down"
"BP","GO:0033866","nucleoside bisphosphate biosynthetic process","5/381","22/7230",0.227272727272727,4.31281317108089,3.67019308557648,0.00494986896377241,0.114658440095253,0.112407723146238,"Acsx3/Acsx1R/CG9993/Acsx4/CG5568",5,"male","down"
"BP","GO:0034030","ribonucleoside bisphosphate biosynthetic process","5/381","22/7230",0.227272727272727,4.31281317108089,3.67019308557648,0.00494986896377241,0.114658440095253,0.112407723146238,"Acsx3/Acsx1R/CG9993/Acsx4/CG5568",5,"male","down"
"BP","GO:0034033","purine nucleoside bisphosphate biosynthetic process","5/381","22/7230",0.227272727272727,4.31281317108089,3.67019308557648,0.00494986896377241,0.114658440095253,0.112407723146238,"Acsx3/Acsx1R/CG9993/Acsx4/CG5568",5,"male","down"
"BP","GO:0033865","nucleoside bisphosphate metabolic process","7/381","42/7230",0.166666666666667,3.16272965879265,3.31520862879491,0.0058160810398913,0.12840816420885,0.125887543560805,"FarO/CG17560/Acsx3/Acsx1R/CG9993/Acsx4/CG5568",7,"male","down"
"BP","GO:0033875","ribonucleoside bisphosphate metabolic process","7/381","42/7230",0.166666666666667,3.16272965879265,3.31520862879491,0.0058160810398913,0.12840816420885,0.125887543560805,"FarO/CG17560/Acsx3/Acsx1R/CG9993/Acsx4/CG5568",7,"male","down"
"BP","GO:0034032","purine nucleoside bisphosphate metabolic process","7/381","42/7230",0.166666666666667,3.16272965879265,3.31520862879491,0.0058160810398913,0.12840816420885,0.125887543560805,"FarO/CG17560/Acsx3/Acsx1R/CG9993/Acsx4/CG5568",7,"male","down"
"BP","GO:0009072","aromatic amino acid metabolic process","4/381","15/7230",0.266666666666667,5.06036745406824,3.71262271028515,0.00651524152260401,0.141631327252915,0.13885113916999,"ry/hgo/e/yellow-f2",4,"male","down"
"BP","GO:0099174","regulation of presynapse organization","4/381","16/7230",0.25,4.74409448818898,3.53595508461355,0.00833155239194807,0.175708709400338,0.172259590696051,"S6k/Sod1/CG6048/Atg1",4,"male","down"
"BP","GO:2000331","regulation of terminal button organization","4/381","16/7230",0.25,4.74409448818898,3.53595508461355,0.00833155239194807,0.175708709400338,0.172259590696051,"S6k/Sod1/CG6048/Atg1",4,"male","down"
"BP","GO:0050829","defense response to Gram-negative bacterium","10/381","80/7230",0.125,2.37204724409449,2.91037569930274,0.00890442927200544,0.185028802372701,0.181396732538067,"LysD/CG42564/LysP/PGRP-SC2/Cyp6a20/LysE/Drs/SPE/CG8492/CG30062",10,"male","down"
"BP","GO:0042445","hormone metabolic process","7/381","46/7230",0.152173913043478,2.88770968846286,3.02913741936325,0.00963631200445915,0.197334911047837,0.193461275329798,"eIF4EHP/SP/CG9519/CG12539/CG9522/Mip/eloF",7,"male","down"
"BP","GO:0009165","nucleotide biosynthetic process","9/381","72/7230",0.125,2.37204724409449,2.75948148269736,0.0127860468053441,0.25649639493167,0.25146143385114,"Acsx3/Acsx1R/CG9993/Acsx4/r-l/RnrS/ATP8/CG5568/RnrL",9,"male","down"
"BP","GO:1902742","apoptotic process involved in development","4/381","18/7230",0.222222222222222,4.2169728783902,3.22287758609443,0.0128883538854555,0.25649639493167,0.25146143385114,"Drice/CG18635/Debcl/Atg1",4,"male","down"
"BP","GO:0009069","serine family amino acid metabolic process","3/381","10/7230",0.3,5.69291338582677,3.50236945863928,0.013201572004117,0.259080850580797,0.253995157272193,"CG10184/Agxt/aay",3,"male","down"
"BP","GO:1901293","nucleoside phosphate biosynthetic process","9/381","73/7230",0.123287671232877,2.33955344623018,2.71296371070353,0.0139295585659999,0.268248915569851,0.262983255402781,"Acsx3/Acsx1R/CG9993/Acsx4/r-l/RnrS/ATP8/CG5568/RnrL",9,"male","down"
"BP","GO:0043068","positive regulation of programmed cell death","8/381","61/7230",0.131147540983607,2.48870530527946,2.75379990414206,0.0140484216222003,0.268248915569851,0.262983255402781,"Erasp/CtsK1/Drice/Uev1A/Debcl/Decay/Buffy/Atg1",8,"male","down"
"BP","GO:0046467","membrane lipid biosynthetic process","8/381","63/7230",0.126984126984127,2.40969878765154,2.65042741972145,0.0168728825782961,0.317885107775099,0.311645101375967,"CG30008/CG9458/CG18609/CG8534/Baldspot/alpha4GT2/Hacd1/eloF",8,"male","down"
"BP","GO:0019732","antifungal humoral response","3/381","11/7230",0.272727272727273,5.17537580529707,3.26844671479851,0.0174534969676012,0.320283002795071,0.313995926307083,"Drs/SPE/psh",3,"male","down"
"BP","GO:0032350","regulation of hormone metabolic process","3/381","11/7230",0.272727272727273,5.17537580529707,3.26844671479851,0.0174534969676012,0.320283002795071,0.313995926307083,"eIF4EHP/SP/Mip",3,"male","down"
"BP","GO:0019748","secondary metabolic process","8/381","64/7230",0.125,2.37204724409449,2.60021145975162,0.0184289107126385,0.333846805602029,0.327293475004485,"psh/SP/st/PPO1/e/yellow-f2/Mip/eloF",8,"male","down"
"BP","GO:0044272","sulfur compound biosynthetic process","6/381","42/7230",0.142857142857143,2.71091113610799,2.62262430187087,0.0216194444309884,0.386687025075779,0.379096453979756,"Acsx3/Acsx1R/CG9993/Acsx4/Papst2/CG5568",6,"male","down"
"BP","GO:0006721","terpenoid metabolic process","3/381","12/7230",0.25,4.74409448818898,3.06137831498226,0.0223781803713835,0.390374924256357,0.382711960607417,"SP/Rdh1/Mip",3,"male","down"
"BP","GO:0072348","sulfur compound transport","3/381","12/7230",0.25,4.74409448818898,3.06137831498226,0.0223781803713835,0.390374924256357,0.382711960607417,"Dic1/CG1907/Papst2",3,"male","down"
"BP","GO:0000479","endonucleolytic cleavage of tricistronic rRNA transcript (SSU-rRNA, 5.8S rRNA, LSU-rRNA)","3/381","13/7230",0.230769230769231,4.37916414294367,2.87601156938261,0.0279783191048617,0.482114206038653,0.472650422875456,"CG5645/CG11123/CG32409",3,"male","down"
"BP","GO:0055086","nucleobase-containing small molecule metabolic process","16/381","183/7230",0.087431693989071,1.65913687018631,2.13003643228547,0.031529173516199,0.532614568411763,0.522159475568876,"FarO/ry/CG17560/su(r)/Hex-C/Acsx3/Acsx1R/CG9993/CG11883/Acsx4/r-l/RnrS/Gmd/ATP8/CG5568/RnrL",16,"male","down"
"BP","GO:0010817","regulation of hormone levels","7/381","58/7230",0.120689655172414,2.29025251153951,2.32678677431603,0.0316628618164105,0.532614568411763,0.522159475568876,"eIF4EHP/SP/CG9519/CG12539/CG9522/Mip/eloF",7,"male","down"
"BP","GO:0042742","defense response to bacterium","15/381","169/7230",0.0887573964497041,1.68429390113218,2.1229557058058,0.0326279767718748,0.542392131513637,0.531745107514393,"LysD/CG42564/LysP/PGRP-SC2/Cyp6a20/LysE/Drice/Drs/SPE/CG8492/psh/Uev1A/PPO1/CG30062/Def",15,"male","down"
"BP","GO:0000466","maturation of 5.8S rRNA from tricistronic rRNA transcript (SSU-rRNA, 5.8S rRNA, LSU-rRNA)","3/381","14/7230",0.214285714285714,4.06636670416198,2.70849390866538,0.0342500201941754,0.548403819005566,0.537638787060994,"CG5645/CG11123/CG32409",3,"male","down"
"BP","GO:0009112","nucleobase metabolic process","3/381","14/7230",0.214285714285714,4.06636670416198,2.70849390866538,0.0342500201941754,0.548403819005566,0.537638787060994,"ry/su(r)/r-l",3,"male","down"
"BP","GO:0009117","nucleotide metabolic process","13/381","141/7230",0.0921985815602837,1.74959513039593,2.1199803809601,0.0344395186796158,0.548403819005566,0.537638787060994,"FarO/CG17560/Hex-C/Acsx3/Acsx1R/CG9993/CG11883/Acsx4/r-l/RnrS/ATP8/CG5568/RnrL",13,"male","down"
"BP","GO:0045861","negative regulation of proteolysis","4/381","24/7230",0.166666666666667,3.16272965879265,2.50293023815123,0.0349301795544947,0.548403819005566,0.537638787060994,"Acp62F/Spn28F/Spn28Da/nec",4,"male","down"
"BP","GO:0072553","terminal button organization","4/381","24/7230",0.166666666666667,3.16272965879265,2.50293023815123,0.0349301795544947,0.548403819005566,0.537638787060994,"S6k/Sod1/CG6048/Atg1",4,"male","down"
"BP","GO:0006081","cellular aldehyde metabolic process","4/381","25/7230",0.16,3.03622047244094,2.40528104308264,0.0399129934744301,0.619747909663404,0.607582410784847,"AOX1/Agxt/Gip/Rdh1",4,"male","down"
"BP","GO:0006749","glutathione metabolic process","5/381","37/7230",0.135135135135135,2.56437539902107,2.24996015264568,0.0430607296686923,0.65778845743225,0.644876231966955,"GstE9/CG4752/GstE7/GstE3/GstD5",5,"male","down"
"BP","GO:0009260","ribonucleotide biosynthetic process","7/381","62/7230",0.112903225806452,2.14249428498857,2.13078141348454,0.0433780605672021,0.65778845743225,0.644876231966955,"Acsx3/Acsx1R/CG9993/Acsx4/r-l/ATP8/CG5568",7,"male","down"
"BP","GO:0006753","nucleoside phosphate metabolic process","13/381","146/7230",0.089041095890411,1.68967748894402,1.98550607224604,0.0437594585977576,0.65778845743225,0.644876231966955,"FarO/CG17560/Hex-C/Acsx3/Acsx1R/CG9993/CG11883/Acsx4/r-l/RnrS/ATP8/CG5568/RnrL",13,"male","down"
"BP","GO:0019731","antibacterial humoral response","5/381","38/7230",0.131578947368421,2.49689183588893,2.18195302150673,0.0475299300463863,0.706945170058357,0.693068010427085,"PGRP-SC2/Drs/SPE/psh/Def",5,"male","down"
"BP","GO:0006643","membrane lipid metabolic process","8/381","77/7230",0.103896103896104,1.97157173535126,2.02145528518337,0.0487891958099864,0.710712718345472,0.696761602668933,"CG30008/CG9458/CG18609/CG8534/Baldspot/alpha4GT2/Hacd1/eloF",8,"male","down"
"BP","GO:0010506","regulation of autophagy","8/381","77/7230",0.103896103896104,1.97157173535126,2.02145528518337,0.0487891958099864,0.710712718345472,0.696761602668933,"S6k/Pax/Rae1/Sod1/Debcl/Buffy/Atg1/TP53INP",8,"male","down"
"BP","GO:0046390","ribose phosphate biosynthetic process","7/381","64/7230",0.109375,2.07554133858268,2.03829345239855,0.050162016231995,0.723254376896009,0.709057071550004,"Acsx3/Acsx1R/CG9993/Acsx4/r-l/ATP8/CG5568",7,"male","down"
"BP","GO:0046890","regulation of lipid biosynthetic process","3/381","17/7230",0.176470588235294,3.3487725798981,2.28662780384233,0.0569752963789998,0.799618790515718,0.78392247053204,"eIF4EHP/SP/Mip",3,"male","down"
"BP","GO:0072527","pyrimidine-containing compound metabolic process","3/381","17/7230",0.176470588235294,3.3487725798981,2.28662780384233,0.0569752963789998,0.799618790515718,0.78392247053204,"ry/su(r)/r-l",3,"male","down"
"BP","GO:0045455","ecdysteroid metabolic process","4/381","28/7230",0.142857142857143,2.71091113610799,2.13928145977891,0.0571560494282289,0.799618790515718,0.78392247053204,"eIF4EHP/CG9519/CG12539/CG9522",4,"male","down"
"BP","GO:0008202","steroid metabolic process","5/381","41/7230",0.121951219512195,2.31419243326292,1.99023640490306,0.0625268588624261,0.866180897770668,0.849177980009833,"eIF4EHP/CG9519/CG11162/CG12539/CG9522",5,"male","down"
"BP","GO:0007610","behavior","26/381","362/7230",0.0718232044198895,1.36294427284987,1.67096405205197,0.0651875885554564,0.893894843578869,0.87634790788527,"lectin-46Ca/Mst57Dc/Acp29AB/lectin-46Cb/Sems/Cyp6a20/S6k/Mst57Db/aqrs/Acp62F/Mst57Da/Pka-R2/Mgat1/aay/CG9997/SP/Acp53Ea/intr/Acp26Aa/EbpIII/Acp33A/e/kairos/Mip/Lkr/eloF",26,"male","down"
"BP","GO:0003014","renal system process","3/381","18/7230",0.166666666666667,3.16272965879265,2.1666993181467,0.0657926848777087,0.893894843578869,0.87634790788527,"Oatp58Db/CG4928/Mec2",3,"male","down"
"BP","GO:0009259","ribonucleotide metabolic process","10/381","113/7230",0.0884955752212389,1.67932548254477,1.71655080522761,0.0737172257086313,0.992023237393295,0.972550065489311,"FarO/CG17560/Hex-C/Acsx3/Acsx1R/CG9993/Acsx4/r-l/ATP8/CG5568",10,"male","down"
"BP","GO:0043279","response to alkaloid","3/381","19/7230",0.157894736842105,2.99627020306672,2.05487966405174,0.0751923364480357,0.999999921882612,0.980370169626042,"Pka-R2/Cyp6a2/Cyp6d2",3,"male","down"
"BP","GO:0099172","presynapse organization","4/381","31/7230",0.129032258064516,2.44856489712979,1.9062099583272,0.0777754324904354,0.999999921882612,0.980370169626042,"S6k/Sod1/CG6048/Atg1",4,"male","down"
"BP","GO:0009617","response to bacterium","15/381","191/7230",0.0785340314136126,1.49029146225832,1.61958426522506,0.0784503221047875,0.999999921882612,0.980370169626042,"LysD/CG42564/LysP/PGRP-SC2/Cyp6a20/LysE/Drice/Drs/SPE/CG8492/psh/Uev1A/PPO1/CG30062/Def",15,"male","down"
"BP","GO:0000460","maturation of 5.8S rRNA","3/381","20/7230",0.15,2.84645669291339,1.95017914878936,0.085147132343366,0.999999921882612,0.980370169626042,"CG5645/CG11123/CG32409",3,"male","down"
"BP","GO:0002780","antibacterial peptide biosynthetic process","3/381","20/7230",0.15,2.84645669291339,1.95017914878936,0.085147132343366,0.999999921882612,0.980370169626042,"PGRP-SC2/SPE/psh",3,"male","down"
"BP","GO:0002808","regulation of antibacterial peptide biosynthetic process","3/381","20/7230",0.15,2.84645669291339,1.95017914878936,0.085147132343366,0.999999921882612,0.980370169626042,"PGRP-SC2/SPE/psh",3,"male","down"
"BP","GO:0044550","secondary metabolite biosynthetic process","3/381","20/7230",0.15,2.84645669291339,1.95017914878936,0.085147132343366,0.999999921882612,0.980370169626042,"st/e/yellow-f2",3,"male","down"
"BP","GO:0072593","reactive oxygen species metabolic process","3/381","20/7230",0.15,2.84645669291339,1.95017914878936,0.085147132343366,0.999999921882612,0.980370169626042,"Cat/Sod3/Sod1",3,"male","down"
"BP","GO:0007631","feeding behavior","4/381","32/7230",0.125,2.37204724409449,1.8345356298468,0.0853706569741672,0.999999921882612,0.980370169626042,"S6k/SP/Mip/Lkr",4,"male","down"
"BP","GO:0010508","positive regulation of autophagy","4/381","32/7230",0.125,2.37204724409449,1.8345356298468,0.0853706569741672,0.999999921882612,0.980370169626042,"S6k/Debcl/Buffy/Atg1",4,"male","down"
"BP","GO:0043065","positive regulation of apoptotic process","5/381","45/7230",0.111111111111111,2.1084864391951,1.75918402365332,0.0862023984445028,0.999999921882612,0.980370169626042,"Erasp/CtsK1/Drice/Decay/Atg1",5,"male","down"
"BP","GO:0009152","purine ribonucleotide biosynthetic process","6/381","59/7230",0.101694915254237,1.92980114773789,1.69127504022244,0.0888997261877383,0.999999921882612,0.980370169626042,"Acsx3/Acsx1R/CG9993/Acsx4/ATP8/CG5568",6,"male","down"
"BP","GO:0019693","ribose phosphate metabolic process","10/381","118/7230",0.0847457627118644,1.60816762311491,1.57092858667566,0.0922580968627487,0.999999921882612,0.980370169626042,"FarO/CG17560/Hex-C/Acsx3/Acsx1R/CG9993/Acsx4/r-l/ATP8/CG5568",10,"male","down"
"BP","GO:0055085","transmembrane transport","30/381","444/7230",0.0675675675675676,1.28218769951053,1.44747360679566,0.0935782904991695,0.999999921882612,0.980370169626042,"Vha16-1/CG31106/Oatp58Db/CG33281/Zip48C/Dic1/CG15406/CG6126/kumpel/CG17752/CG5002/CG6356/CG42269/st/CG9702/CG13907/sut1/CG17751/CG18281/CG1907/CG15408/CG6484/CG33282/CG16727/CG8249/ZnT77C/CG32669/galene/Papst2/CG14694",30,"male","down"
"BP","GO:0000915","actomyosin contractile ring assembly","2/381","10/7230",0.2,3.79527559055118,2.0861428822432,0.0942013034984582,0.999999921882612,0.980370169626042,"sau/tsr",2,"male","down"
"BP","GO:0015740","C4-dicarboxylate transport","2/381","10/7230",0.2,3.79527559055118,2.0861428822432,0.0942013034984582,0.999999921882612,0.980370169626042,"Dic1/CG1907",2,"male","down"
"BP","GO:0031365","N-terminal protein amino acid modification","2/381","10/7230",0.2,3.79527559055118,2.0861428822432,0.0942013034984582,0.999999921882612,0.980370169626042,"CG31373/Nmt",2,"male","down"
"BP","GO:0035336","long-chain fatty-acyl-CoA metabolic process","2/381","10/7230",0.2,3.79527559055118,2.0861428822432,0.0942013034984582,0.999999921882612,0.980370169626042,"FarO/CG17560",2,"male","down"
"BP","GO:0050878","regulation of body fluid levels","2/381","10/7230",0.2,3.79527559055118,2.0861428822432,0.0942013034984582,0.999999921882612,0.980370169626042,"PPO1/CG42259",2,"male","down"
"BP","GO:0072528","pyrimidine-containing compound biosynthetic process","2/381","10/7230",0.2,3.79527559055118,2.0861428822432,0.0942013034984582,0.999999921882612,0.980370169626042,"su(r)/r-l",2,"male","down"
"BP","GO:0043523","regulation of neuron apoptotic process","3/381","21/7230",0.142857142857143,2.71091113610799,1.85177239141878,0.0956281256484817,0.999999921882612,0.980370169626042,"Drice/Debcl/Decay",3,"male","down"
"BP","GO:0097193","intrinsic apoptotic signaling pathway","3/381","21/7230",0.142857142857143,2.71091113610799,1.85177239141878,0.0956281256484817,0.999999921882612,0.980370169626042,"Erasp/Debcl/Buffy",3,"male","down"
"BP","GO:0170034","L-amino acid biosynthetic process","3/381","21/7230",0.142857142857143,2.71091113610799,1.85177239141878,0.0956281256484817,0.999999921882612,0.980370169626042,"CG10184/Agxt/aay",3,"male","down"
"BP","GO:0170038","proteinogenic amino acid biosynthetic process","3/381","21/7230",0.142857142857143,2.71091113610799,1.85177239141878,0.0956281256484817,0.999999921882612,0.980370169626042,"CG10184/Agxt/aay",3,"male","down"
"BP","GO:0051248","negative regulation of protein metabolic process","8/381","90/7230",0.0888888888888889,1.68678915135608,1.54626381306225,0.1008468043389,0.999999921882612,0.980370169626042,"Paip2/sqd/Acp62F/Spn28F/Spn28Da/Pka-R2/eIF4EHP/nec",8,"male","down"
"BP","GO:0050830","defense response to Gram-positive bacterium","4/381","34/7230",0.117647058823529,2.2325150532654,1.69892470030753,0.101591188792327,0.999999921882612,0.980370169626042,"SPE/psh/PPO1/Def",4,"male","down"
"BP","GO:0002778","antibacterial peptide production","3/381","22/7230",0.136363636363636,2.58768790264853,1.75896462052909,0.106604967247157,0.999999921882612,0.980370169626042,"PGRP-SC2/SPE/psh",3,"male","down"
"BP","GO:0002786","regulation of antibacterial peptide production","3/381","22/7230",0.136363636363636,2.58768790264853,1.75896462052909,0.106604967247157,0.999999921882612,0.980370169626042,"PGRP-SC2/SPE/psh",3,"male","down"
"BP","GO:0015748","organophosphate ester transport","3/381","22/7230",0.136363636363636,2.58768790264853,1.75896462052909,0.106604967247157,0.999999921882612,0.980370169626042,"CG18635/CG13893/Papst2",3,"male","down"
"BP","GO:0042446","hormone biosynthetic process","3/381","22/7230",0.136363636363636,2.58768790264853,1.75896462052909,0.106604967247157,0.999999921882612,0.980370169626042,"eIF4EHP/SP/Mip",3,"male","down"
"BP","GO:0051604","protein maturation","13/381","169/7230",0.0769230769230769,1.45972138098122,1.42624116219689,0.108962397676766,0.999999921882612,0.980370169626042,"CG10029/PGRP-SC2/Qsox3/Sems/CtsK1/Qsox4/Qsox2/SPE/psh/nec/CG13133/CG7409/CG5071",13,"male","down"
"BP","GO:0000912","assembly of actomyosin apparatus involved in cytokinesis","2/381","11/7230",0.181818181818182,3.45025053686471,1.91803413419429,0.111256371616427,0.999999921882612,0.980370169626042,"sau/tsr",2,"male","down"
"BP","GO:0008630","intrinsic apoptotic signaling pathway in response to DNA damage","2/381","11/7230",0.181818181818182,3.45025053686471,1.91803413419429,0.111256371616427,0.999999921882612,0.980370169626042,"Debcl/Buffy",2,"male","down"
"BP","GO:0034614","cellular response to reactive oxygen species","2/381","11/7230",0.181818181818182,3.45025053686471,1.91803413419429,0.111256371616427,0.999999921882612,0.980370169626042,"Sod3/Sod1",2,"male","down"
"BP","GO:0035435","phosphate ion transmembrane transport","2/381","11/7230",0.181818181818182,3.45025053686471,1.91803413419429,0.111256371616427,0.999999921882612,0.980370169626042,"Dic1/CG1907",2,"male","down"
"BP","GO:0060259","regulation of feeding behavior","2/381","11/7230",0.181818181818182,3.45025053686471,1.91803413419429,0.111256371616427,0.999999921882612,0.980370169626042,"Mip/Lkr",2,"male","down"
"BP","GO:0009620","response to fungus","5/381","49/7230",0.102040816326531,1.93636509721999,1.55109647495862,0.113914761581347,0.999999921882612,0.980370169626042,"Drs/SPE/psh/PPO1/nec",5,"male","down"
"BP","GO:0002777","antimicrobial peptide biosynthetic process","3/381","23/7230",0.130434782608696,2.47517973296816,1.67116607654651,0.118046283968973,0.999999921882612,0.980370169626042,"PGRP-SC2/SPE/psh",3,"male","down"
"BP","GO:0002805","regulation of antimicrobial peptide biosynthetic process","3/381","23/7230",0.130434782608696,2.47517973296816,1.67116607654651,0.118046283968973,0.999999921882612,0.980370169626042,"PGRP-SC2/SPE/psh",3,"male","down"
"BP","GO:1901137","carbohydrate derivative biosynthetic process","15/381","204/7230",0.0735294117647059,1.39532190829088,1.35082755547203,0.119246126441584,0.999999921882612,0.980370169626042,"CG7579/alpha4GT2/CG2983/Mgat1/Acsx3/Acsx1R/CG9993/Acsx4/r-l/RnrS/Gmd/ATP8/Papst2/CG5568/RnrL",15,"male","down"
"BP","GO:0006164","purine nucleotide biosynthetic process","6/381","64/7230",0.09375,1.77903543307087,1.47637544504548,0.119528396407273,0.999999921882612,0.980370169626042,"Acsx3/Acsx1R/CG9993/Acsx4/ATP8/CG5568",6,"male","down"
"BP","GO:0009150","purine ribonucleotide metabolic process","9/381","110/7230",0.0818181818181818,1.55261274158912,1.37741642393604,0.125061218847412,0.999999921882612,0.980370169626042,"FarO/CG17560/Hex-C/Acsx3/Acsx1R/CG9993/Acsx4/ATP8/CG5568",9,"male","down"
"BP","GO:0006829","zinc ion transport","2/381","12/7230",0.166666666666667,3.16272965879265,1.76836714444121,0.129032009865435,0.999999921882612,0.980370169626042,"Zip48C/ZnT77C",2,"male","down"
"BP","GO:0008299","isoprenoid biosynthetic process","2/381","12/7230",0.166666666666667,3.16272965879265,1.76836714444121,0.129032009865435,0.999999921882612,0.980370169626042,"SP/Mip",2,"male","down"
"BP","GO:0016239","positive regulation of macroautophagy","2/381","12/7230",0.166666666666667,3.16272965879265,1.76836714444121,0.129032009865435,0.999999921882612,0.980370169626042,"Debcl/Buffy",2,"male","down"
"BP","GO:0042417","dopamine metabolic process","2/381","12/7230",0.166666666666667,3.16272965879265,1.76836714444121,0.129032009865435,0.999999921882612,0.980370169626042,"PPO1/e",2,"male","down"
"BP","GO:0071577","zinc ion transmembrane transport","2/381","12/7230",0.166666666666667,3.16272965879265,1.76836714444121,0.129032009865435,0.999999921882612,0.980370169626042,"Zip48C/ZnT77C",2,"male","down"
"BP","GO:0000302","response to reactive oxygen species","3/381","24/7230",0.125,2.37204724409449,1.58787230824461,0.129920013171041,0.999999921882612,0.980370169626042,"Cat/Sod3/Sod1",3,"male","down"
"BP","GO:0006576","biogenic amine metabolic process","3/381","24/7230",0.125,2.37204724409449,1.58787230824461,0.129920013171041,0.999999921882612,0.980370169626042,"ry/PPO1/e",3,"male","down"
"BP","GO:0008652","amino acid biosynthetic process","3/381","24/7230",0.125,2.37204724409449,1.58787230824461,0.129920013171041,0.999999921882612,0.980370169626042,"CG10184/Agxt/aay",3,"male","down"
"BP","GO:0034599","cellular response to oxidative stress","3/381","24/7230",0.125,2.37204724409449,1.58787230824461,0.129920013171041,0.999999921882612,0.980370169626042,"Sod3/Sod1/Atg1",3,"male","down"
"BP","GO:0048167","regulation of synaptic plasticity","3/381","24/7230",0.125,2.37204724409449,1.58787230824461,0.129920013171041,0.999999921882612,0.980370169626042,"Arc1/Cat/Sod1",3,"male","down"
"BP","GO:0051402","neuron apoptotic process","3/381","24/7230",0.125,2.37204724409449,1.58787230824461,0.129920013171041,0.999999921882612,0.980370169626042,"Drice/Debcl/Decay",3,"male","down"
"BP","GO:0006959","humoral immune response","7/381","82/7230",0.0853658536585366,1.61993470328404,1.33152283796682,0.140021240698033,0.999999921882612,0.980370169626042,"PGRP-SC2/Drs/SPE/psh/PPO1/CG42259/Def",7,"male","down"
"BP","GO:0000462","maturation of SSU-rRNA from tricistronic rRNA transcript (SSU-rRNA, 5.8S rRNA, LSU-rRNA)","3/381","25/7230",0.12,2.27716535433071,1.50864882129932,0.142193697675124,0.999999921882612,0.980370169626042,"CG5645/CG11123/CG32409",3,"male","down"
"BP","GO:0006720","isoprenoid metabolic process","3/381","25/7230",0.12,2.27716535433071,1.50864882129932,0.142193697675124,0.999999921882612,0.980370169626042,"SP/Rdh1/Mip",3,"male","down"
"BP","GO:1901607","alpha-amino acid biosynthetic process","3/381","25/7230",0.12,2.27716535433071,1.50864882129932,0.142193697675124,0.999999921882612,0.980370169626042,"CG10184/Agxt/aay",3,"male","down"
"BP","GO:0009312","oligosaccharide biosynthetic process","2/381","13/7230",0.153846153846154,2.91944276196245,1.63364055625981,0.147405408185539,0.999999921882612,0.980370169626042,"CG7579/CG7304",2,"male","down"
"BP","GO:0045476","nurse cell apoptotic process","2/381","13/7230",0.153846153846154,2.91944276196245,1.63364055625981,0.147405408185539,0.999999921882612,0.980370169626042,"Drice/Atg1",2,"male","down"
"BP","GO:0170039","proteinogenic amino acid metabolic process","4/381","39/7230",0.102564102564103,1.94629517464163,1.39750156137937,0.14761702519121,0.999999921882612,0.980370169626042,"CG10184/Agxt/aay/hgo",4,"male","down"
"BP","GO:0006979","response to oxidative stress","7/381","84/7230",0.0833333333333333,1.58136482939633,1.26399369926434,0.153063127821101,0.999999921882612,0.980370169626042,"Cat/S6k/Sod3/Sod1/Gpxl/Atg1/CG42331",7,"male","down"
"BP","GO:0048066","developmental pigmentation","5/381","54/7230",0.0925925925925926,1.75707203266258,1.31698517129207,0.153720527460144,0.999999921882612,0.980370169626042,"ry/ninaD/st/e/yellow-f2",5,"male","down"
"BP","GO:0009308","amine metabolic process","3/381","26/7230",0.115384615384615,2.18958207147184,1.43311898474505,0.154834744669871,0.999999921882612,0.980370169626042,"ry/PPO1/e",3,"male","down"
"BP","GO:0062197","cellular response to chemical stress","3/381","26/7230",0.115384615384615,2.18958207147184,1.43311898474505,0.154834744669871,0.999999921882612,0.980370169626042,"Sod3/Sod1/Atg1",3,"male","down"
"BP","GO:0006582","melanin metabolic process","4/381","40/7230",0.1,1.89763779527559,1.3426249022083,0.157656380227376,0.999999921882612,0.980370169626042,"psh/PPO1/e/yellow-f2",4,"male","down"
"BP","GO:0046148","pigment biosynthetic process","4/381","40/7230",0.1,1.89763779527559,1.3426249022083,0.157656380227376,0.999999921882612,0.980370169626042,"ninaD/st/e/yellow-f2",4,"male","down"
"BP","GO:0050832","defense response to fungus","4/381","40/7230",0.1,1.89763779527559,1.3426249022083,0.157656380227376,0.999999921882612,0.980370169626042,"Drs/SPE/psh/PPO1",4,"male","down"
"BP","GO:0006584","catecholamine metabolic process","2/381","14/7230",0.142857142857143,2.71091113610799,1.51123229460016,0.166264639517433,0.999999921882612,0.980370169626042,"PPO1/e",2,"male","down"
"BP","GO:0009712","catechol-containing compound metabolic process","2/381","14/7230",0.142857142857143,2.71091113610799,1.51123229460016,0.166264639517433,0.999999921882612,0.980370169626042,"PPO1/e",2,"male","down"
"BP","GO:0090407","organophosphate biosynthetic process","11/381","150/7230",0.0733333333333333,1.39160104986877,1.14303851746192,0.166994121971189,0.999999921882612,0.980370169626042,"Acsx3/Acsx1R/Inos/CG9993/CG17026/Acsx4/r-l/RnrS/ATP8/CG5568/RnrL",11,"male","down"
"BP","GO:1901617","organic hydroxy compound biosynthetic process","4/381","41/7230",0.0975609756097561,1.85135394661033,1.2893055652397,0.167940652807371,0.999999921882612,0.980370169626042,"Inos/CG11162/e/yellow-f2",4,"male","down"
"BP","GO:0000281","mitotic cytokinesis","3/381","28/7230",0.107142857142857,2.03318335208099,1.29186720631619,0.181089204196478,0.999999921882612,0.980370169626042,"sau/tsr/Act57B",3,"male","down"
"BP","GO:0050911","detection of chemical stimulus involved in sensory perception of smell","3/381","28/7230",0.107142857142857,2.03318335208099,1.29186720631619,0.181089204196478,0.999999921882612,0.980370169626042,"Or59c/Or59b/Or85d",3,"male","down"
"BP","GO:0017085","response to insecticide","2/381","15/7230",0.133333333333333,2.53018372703412,1.3991331868754,0.185507858695182,0.999999921882612,0.980370169626042,"Cyp12a4/Cyp6a2",2,"male","down"
"BP","GO:0072522","purine-containing compound biosynthetic process","6/381","73/7230",0.0821917808219178,1.55970229748679,1.1335509054546,0.185719245695197,0.999999921882612,0.980370169626042,"Acsx3/Acsx1R/CG9993/Acsx4/ATP8/CG5568",6,"male","down"
"BP","GO:0007608","sensory perception of smell","5/381","58/7230",0.0862068965517241,1.63589465109965,1.14674550198825,0.189137870279017,0.999999921882612,0.980370169626042,"Obp99d/Or59c/Obp56f/Or59b/Or85d",5,"male","down"
"BP","GO:0009636","response to toxic substance","5/381","58/7230",0.0862068965517241,1.63589465109965,1.14674550198825,0.189137870279017,0.999999921882612,0.980370169626042,"Sod3/Cyp12a4/Sod1/Cyp6a2/ZnT77C",5,"male","down"
"BP","GO:0044419","biological process involved in interspecies interaction between organisms","23/381","360/7230",0.0638888888888889,1.21237970253718,0.974931061106112,0.193921633121011,0.999999921882612,0.980370169626042,"sau/LysD/CG42564/LysP/PGRP-SC2/Cyp6a20/LysE/Drice/Drs/SPE/CG8492/lectin-29Ca/psh/Uev1A/PPO1/CRIF/lectin-21Ca/EbpIII/nec/CG30062/CG42259/Def/lectin-24Db",23,"male","down"
"BP","GO:0019216","regulation of lipid metabolic process","3/381","29/7230",0.103448275862069,1.96307358131958,1.22560374747103,0.194638643157961,0.999999921882612,0.980370169626042,"eIF4EHP/SP/Mip",3,"male","down"
"BP","GO:0034249","negative regulation of amide metabolic process","4/381","44/7230",0.0909090909090909,1.72512526843236,1.13784678871371,0.20011302159334,0.999999921882612,0.980370169626042,"Paip2/PGRP-SC2/sqd/eIF4EHP",4,"male","down"
"BP","GO:0001737","establishment of imaginal disc-derived wing hair orientation","2/381","16/7230",0.125,2.37204724409449,1.29577323552873,0.205042555205293,0.999999921882612,0.980370169626042,"tsr/fj",2,"male","down"
"BP","GO:0002803","positive regulation of antibacterial peptide production","2/381","16/7230",0.125,2.37204724409449,1.29577323552873,0.205042555205293,0.999999921882612,0.980370169626042,"SPE/psh",2,"male","down"
"BP","GO:0006817","phosphate ion transport","2/381","16/7230",0.125,2.37204724409449,1.29577323552873,0.205042555205293,0.999999921882612,0.980370169626042,"Dic1/CG1907",2,"male","down"
"BP","GO:0006963","positive regulation of antibacterial peptide biosynthetic process","2/381","16/7230",0.125,2.37204724409449,1.29577323552873,0.205042555205293,0.999999921882612,0.980370169626042,"SPE/psh",2,"male","down"
"BP","GO:0043086","negative regulation of catalytic activity","2/381","16/7230",0.125,2.37204724409449,1.29577323552873,0.205042555205293,0.999999921882612,0.980370169626042,"Sfp33A3/Pka-R2",2,"male","down"
"BP","GO:0097237","cellular response to toxic substance","2/381","16/7230",0.125,2.37204724409449,1.29577323552873,0.205042555205293,0.999999921882612,0.980370169626042,"Sod3/Sod1",2,"male","down"
"BP","GO:1990748","cellular detoxification","2/381","16/7230",0.125,2.37204724409449,1.29577323552873,0.205042555205293,0.999999921882612,0.980370169626042,"Sod3/Sod1",2,"male","down"
"BP","GO:1901615","organic hydroxy compound metabolic process","9/381","124/7230",0.0725806451612903,1.37731775463551,0.999524627960612,0.206101909790375,0.999999921882612,0.980370169626042,"AOX1/psh/Inos/PPO1/CG11162/CG17026/e/yellow-f2/CG18814",9,"male","down"
"BP","GO:0043473","pigmentation","5/381","60/7230",0.0833333333333333,1.58136482939633,1.06648025522359,0.207853450376284,0.999999921882612,0.980370169626042,"ry/ninaD/st/e/yellow-f2",5,"male","down"
"BP","GO:0019637","organophosphate metabolic process","17/381","260/7230",0.0653846153846154,1.24076317383404,0.932498972137009,0.209955780492104,0.999999921882612,0.980370169626042,"FarO/ry/CG17560/Hex-C/Acsx3/Acsx1R/Inos/CG9993/CG11426/CG11883/CG17026/Acsx4/r-l/RnrS/ATP8/CG5568/RnrL",17,"male","down"
"BP","GO:0097190","apoptotic signaling pathway","4/381","46/7230",0.0869565217391304,1.65011982197877,1.04322306118441,0.222508519781833,0.999999921882612,0.980370169626042,"Erasp/CtsK1/Debcl/Buffy",4,"male","down"
"BP","GO:0015914","phospholipid transport","2/381","17/7230",0.117647058823529,2.2325150532654,1.19990467087841,0.224784856382132,0.999999921882612,0.980370169626042,"CG18635/CG13893",2,"male","down"
"BP","GO:0044837","actomyosin contractile ring organization","2/381","17/7230",0.117647058823529,2.2325150532654,1.19990467087841,0.224784856382132,0.999999921882612,0.980370169626042,"sau/tsr",2,"male","down"
"BP","GO:0010035","response to inorganic substance","5/381","62/7230",0.0806451612903226,1.53035306070612,0.989122185717147,0.22714412864491,0.999999921882612,0.980370169626042,"Cat/Sod3/Sod1/ZnT77C/uex",5,"male","down"
"BP","GO:0042440","pigment metabolic process","6/381","78/7230",0.0769230769230769,1.45972138098122,0.9627560760743,0.227557744382332,0.999999921882612,0.980370169626042,"psh/ninaD/st/PPO1/e/yellow-f2",6,"male","down"
"BP","GO:0061844","antimicrobial humoral immune response mediated by antimicrobial peptide","4/381","47/7230",0.0851063829787234,1.61501088959625,0.997623839160557,0.233944546552141,0.999999921882612,0.980370169626042,"PGRP-SC2/Drs/SPE/psh",4,"male","down"
"BP","GO:0006120","mitochondrial electron transport, NADH to ubiquinone","3/381","32/7230",0.09375,1.77903543307087,1.0416319591275,0.236604449941972,0.999999921882612,0.980370169626042,"ND4L/ND2/ND6",3,"male","down"
"BP","GO:0043549","regulation of kinase activity","3/381","32/7230",0.09375,1.77903543307087,1.0416319591275,0.236604449941972,0.999999921882612,0.980370169626042,"sev/Pka-R2/Ddr",3,"male","down"
"BP","GO:0006835","dicarboxylic acid transport","2/381","18/7230",0.111111111111111,2.1084864391951,1.11052105019898,0.244658877820185,0.999999921882612,0.980370169626042,"Dic1/CG1907",2,"male","down"
"BP","GO:0010324","membrane invagination","2/381","18/7230",0.111111111111111,2.1084864391951,1.11052105019898,0.244658877820185,0.999999921882612,0.980370169626042,"sau/CG18635",2,"male","down"
"BP","GO:0015718","monocarboxylic acid transport","2/381","18/7230",0.111111111111111,2.1084864391951,1.11052105019898,0.244658877820185,0.999999921882612,0.980370169626042,"Fatp1/CG13907",2,"male","down"
"BP","GO:0033674","positive regulation of kinase activity","2/381","18/7230",0.111111111111111,2.1084864391951,1.11052105019898,0.244658877820185,0.999999921882612,0.980370169626042,"sev/Ddr",2,"male","down"
"BP","GO:0062013","positive regulation of small molecule metabolic process","2/381","18/7230",0.111111111111111,2.1084864391951,1.11052105019898,0.244658877820185,0.999999921882612,0.980370169626042,"eIF4EHP/Atg1",2,"male","down"
"BP","GO:0097306","cellular response to alcohol","2/381","18/7230",0.111111111111111,2.1084864391951,1.11052105019898,0.244658877820185,0.999999921882612,0.980370169626042,"Pka-R2/TP53INP",2,"male","down"
"BP","GO:0099024","plasma membrane invagination","2/381","18/7230",0.111111111111111,2.1084864391951,1.11052105019898,0.244658877820185,0.999999921882612,0.980370169626042,"sau/CG18635",2,"male","down"
"BP","GO:0170040","proteinogenic amino acid catabolic process","2/381","18/7230",0.111111111111111,2.1084864391951,1.11052105019898,0.244658877820185,0.999999921882612,0.980370169626042,"CG10184/hgo",2,"male","down"
"BP","GO:0030162","regulation of proteolysis","6/381","80/7230",0.075,1.42322834645669,0.897748601650056,0.245087953044052,0.999999921882612,0.980370169626042,"CtsK1/Acp62F/Spn28F/Spn28Da/ari-1/nec",6,"male","down"
"BP","GO:0006457","protein folding","7/381","97/7230",0.0721649484536082,1.36942933679682,0.863911295781619,0.249664457491715,0.999999921882612,0.980370169626042,"CG10029/Qsox3/Qsox4/Qsox2/CG13133/CG7409/CG5071",7,"male","down"
"BP","GO:0006006","glucose metabolic process","3/381","33/7230",0.0909090909090909,1.72512526843236,0.984650883565772,0.250933631215109,0.999999921882612,0.980370169626042,"CG10467/Hex-C/Atg1",3,"male","down"
"BP","GO:0006163","purine nucleotide metabolic process","9/381","131/7230",0.0687022900763359,1.30372062270842,0.827369216851518,0.253113959993587,0.999999921882612,0.980370169626042,"FarO/CG17560/Hex-C/Acsx3/Acsx1R/CG9993/Acsx4/ATP8/CG5568",9,"male","down"
"BP","GO:0002832","negative regulation of response to biotic stimulus","4/381","49/7230",0.0816326530612245,1.54909207777599,0.909575537143229,0.257217326632633,0.999999921882612,0.980370169626042,"PGRP-SC2/LysE/Drice/nec",4,"male","down"
"BP","GO:0006952","defense response","19/381","306/7230",0.0620915032679739,1.17827183366785,0.751541439538687,0.260166845415947,0.999999921882612,0.980370169626042,"LysD/CG42564/LysP/PGRP-SC2/Cyp6a20/LysE/Drice/Drs/SPE/CG8492/psh/Uev1A/PPO1/msopa/CRIF/nec/CG30062/CG42259/Def",19,"male","down"
"BP","GO:0000422","autophagy of mitochondrion","2/381","19/7230",0.105263157894737,1.99751346871115,1.02679994838541,0.264596117981614,0.999999921882612,0.980370169626042,"Sod1/Atg1",2,"male","down"
"BP","GO:0002807","positive regulation of antimicrobial peptide biosynthetic process","2/381","19/7230",0.105263157894737,1.99751346871115,1.02679994838541,0.264596117981614,0.999999921882612,0.980370169626042,"SPE/psh",2,"male","down"
"BP","GO:0035285","appendage segmentation","2/381","19/7230",0.105263157894737,1.99751346871115,1.02679994838541,0.264596117981614,0.999999921882612,0.980370169626042,"tsr/fj",2,"male","down"
"BP","GO:0036011","imaginal disc-derived leg segmentation","2/381","19/7230",0.105263157894737,1.99751346871115,1.02679994838541,0.264596117981614,0.999999921882612,0.980370169626042,"tsr/fj",2,"male","down"
"BP","GO:0090175","regulation of establishment of planar polarity","2/381","19/7230",0.105263157894737,1.99751346871115,1.02679994838541,0.264596117981614,0.999999921882612,0.980370169626042,"ed/fj",2,"male","down"
"BP","GO:0072521","purine-containing compound metabolic process","10/381","150/7230",0.0666666666666667,1.26509186351706,0.773772722946744,0.266381554325648,0.999999921882612,0.980370169626042,"FarO/ry/CG17560/Hex-C/Acsx3/Acsx1R/CG9993/Acsx4/ATP8/CG5568",10,"male","down"
"BP","GO:0042180","cellular ketone metabolic process","4/381","50/7230",0.08,1.51811023622047,0.867027694357243,0.269024216221814,0.999999921882612,0.980370169626042,"eIF4EHP/CG9519/CG12539/CG9522",4,"male","down"
"BP","GO:0048069","eye pigmentation","3/381","35/7230",0.0857142857142857,1.62654668166479,0.87631465438423,0.27993527464233,0.999999921882612,0.980370169626042,"ry/ninaD/st",3,"male","down"
"BP","GO:0098754","detoxification","3/381","35/7230",0.0857142857142857,1.62654668166479,0.87631465438423,0.27993527464233,0.999999921882612,0.980370169626042,"Sod3/Sod1/ZnT77C",3,"male","down"
"BP","GO:0001558","regulation of cell growth","4/381","51/7230",0.0784313725490196,1.4883433688436,0.825403722830531,0.280925222248483,0.999999921882612,0.980370169626042,"Paip2/FarO/S6k/Atg1",4,"male","down"
"BP","GO:0010623","programmed cell death involved in cell development","4/381","51/7230",0.0784313725490196,1.4883433688436,0.825403722830531,0.280925222248483,0.999999921882612,0.980370169626042,"Drice/Debcl/Buffy/Atg1",4,"male","down"
"BP","GO:0031348","negative regulation of defense response","4/381","51/7230",0.0784313725490196,1.4883433688436,0.825403722830531,0.280925222248483,0.999999921882612,0.980370169626042,"PGRP-SC2/LysE/Drice/nec",4,"male","down"
"BP","GO:0007157","heterophilic cell-cell adhesion via plasma membrane cell adhesion molecules","2/381","20/7230",0.1,1.89763779527559,0.948061505168387,0.284534894163642,0.999999921882612,0.980370169626042,"beat-IIIc/glec",2,"male","down"
"BP","GO:0010976","positive regulation of neuron projection development","2/381","20/7230",0.1,1.89763779527559,0.948061505168387,0.284534894163642,0.999999921882612,0.980370169626042,"S6k/Ddr",2,"male","down"
"BP","GO:0046777","protein autophosphorylation","2/381","20/7230",0.1,1.89763779527559,0.948061505168387,0.284534894163642,0.999999921882612,0.980370169626042,"sev/Atg1",2,"male","down"
"BP","GO:0170035","L-amino acid catabolic process","2/381","20/7230",0.1,1.89763779527559,0.948061505168387,0.284534894163642,0.999999921882612,0.980370169626042,"CG10184/hgo",2,"male","down"
"BP","GO:0018958","phenol-containing compound metabolic process","4/381","52/7230",0.0769230769230769,1.45972138098122,0.784662078896513,0.292906007619774,0.999999921882612,0.980370169626042,"psh/PPO1/e/yellow-f2",4,"male","down"
"BP","GO:0030490","maturation of SSU-rRNA","3/381","36/7230",0.0833333333333333,1.58136482939633,0.824712933926062,0.294555504201859,0.999999921882612,0.980370169626042,"CG5645/CG11123/CG32409",3,"male","down"
"BP","GO:0007606","sensory perception of chemical stimulus","8/381","120/7230",0.0666666666666667,1.26509186351706,0.690621728135558,0.298038287201407,0.999999921882612,0.980370169626042,"CheA75a/Obp49a/Obp99d/Or59c/Obp56f/CheA7a/Or59b/Or85d",8,"male","down"
"BP","GO:0009311","oligosaccharide metabolic process","2/381","21/7230",0.0952380952380952,1.80727409073866,0.873737882692228,0.304419817165238,0.999999921882612,0.980370169626042,"CG7579/CG7304",2,"male","down"
"BP","GO:0016241","regulation of macroautophagy","2/381","21/7230",0.0952380952380952,1.80727409073866,0.873737882692228,0.304419817165238,0.999999921882612,0.980370169626042,"Debcl/Buffy",2,"male","down"
"BP","GO:0035159","regulation of tube length, open tracheal system","2/381","21/7230",0.0952380952380952,1.80727409073866,0.873737882692228,0.304419817165238,0.999999921882612,0.980370169626042,"grh/fj",2,"male","down"
"BP","GO:0051347","positive regulation of transferase activity","2/381","21/7230",0.0952380952380952,1.80727409073866,0.873737882692228,0.304419817165238,0.999999921882612,0.980370169626042,"sev/Ddr",2,"male","down"
"BP","GO:1900424","regulation of defense response to bacterium","4/381","53/7230",0.0754716981132075,1.43217946813252,0.744763886290218,0.30495253501393,0.999999921882612,0.980370169626042,"PGRP-SC2/Drice/SPE/psh",4,"male","down"
"BP","GO:0098542","defense response to other organism","18/381","298/7230",0.0604026845637584,1.14622417164297,0.607975448664305,0.307310305450913,0.999999921882612,0.980370169626042,"LysD/CG42564/LysP/PGRP-SC2/Cyp6a20/LysE/Drice/Drs/SPE/CG8492/psh/Uev1A/PPO1/CRIF/nec/CG30062/CG42259/Def",18,"male","down"
"BP","GO:0042067","establishment of ommatidial planar polarity","3/381","38/7230",0.0789473684210526,1.49813510153336,0.726109504942161,0.323912512529598,0.999999921882612,0.980370169626042,"tsr/grh/fj",3,"male","down"
"BP","GO:0050777","negative regulation of immune response","3/381","38/7230",0.0789473684210526,1.49813510153336,0.726109504942161,0.323912512529598,0.999999921882612,0.980370169626042,"PGRP-SC2/LysE/nec",3,"male","down"
"BP","GO:0051338","regulation of transferase activity","3/381","38/7230",0.0789473684210526,1.49813510153336,0.726109504942161,0.323912512529598,0.999999921882612,0.980370169626042,"sev/Pka-R2/Ddr",3,"male","down"
"BP","GO:0035332","positive regulation of hippo signaling","2/381","22/7230",0.0909090909090909,1.72512526843236,0.803350388005396,0.324201302157046,0.999999921882612,0.980370169626042,"Rae1/ed",2,"male","down"
"BP","GO:0042026","protein refolding","2/381","22/7230",0.0909090909090909,1.72512526843236,0.803350388005396,0.324201302157046,0.999999921882612,0.980370169626042,"CG13133/CG7409",2,"male","down"
"BP","GO:0045824","negative regulation of innate immune response","2/381","22/7230",0.0909090909090909,1.72512526843236,0.803350388005396,0.324201302157046,0.999999921882612,0.980370169626042,"LysE/nec",2,"male","down"
"BP","GO:0045087","innate immune response","10/381","160/7230",0.0625,1.18602362204724,0.56118544395782,0.335172552502639,0.999999921882612,0.980370169626042,"PGRP-SC2/LysE/Drice/SPE/psh/Uev1A/PPO1/CRIF/nec/CG42259",10,"male","down"
"BP","GO:0015698","inorganic anion transport","3/381","39/7230",0.0769230769230769,1.45972138098122,0.678922776885178,0.33860380314113,0.999999921882612,0.980370169626042,"Dic1/CG1907/Clic",3,"male","down"
"BP","GO:0097305","response to alcohol","5/381","73/7230",0.0684931506849315,1.29975191457232,0.607079970371617,0.340201113782509,0.999999921882612,0.980370169626042,"Pka-R2/aay/Cyp6d2/Clic/TP53INP",5,"male","down"
"BP","GO:0032102","negative regulation of response to external stimulus","4/381","56/7230",0.0714285714285714,1.35545556805399,0.62977681193041,0.341351272678909,0.999999921882612,0.980370169626042,"PGRP-SC2/LysE/Drice/nec",4,"male","down"
"BP","GO:0009411","response to UV","2/381","23/7230",0.0869565217391304,1.65011982197877,0.736492081541384,0.343835113413053,0.999999921882612,0.980370169626042,"Sod3/ninaD",2,"male","down"
"BP","GO:0010669","epithelial structure maintenance","2/381","23/7230",0.0869565217391304,1.65011982197877,0.736492081541384,0.343835113413053,0.999999921882612,0.980370169626042,"tsr/Atg1",2,"male","down"
"BP","GO:0019751","polyol metabolic process","2/381","23/7230",0.0869565217391304,1.65011982197877,0.736492081541384,0.343835113413053,0.999999921882612,0.980370169626042,"Inos/CG17026",2,"male","down"
"BP","GO:0044092","negative regulation of molecular function","2/381","23/7230",0.0869565217391304,1.65011982197877,0.736492081541384,0.343835113413053,0.999999921882612,0.980370169626042,"Sfp33A3/Pka-R2",2,"male","down"
"BP","GO:0061060","negative regulation of peptidoglycan recognition protein signaling pathway","2/381","23/7230",0.0869565217391304,1.65011982197877,0.736492081541384,0.343835113413053,0.999999921882612,0.980370169626042,"PGRP-SC2/Drice",2,"male","down"
"BP","GO:2000027","regulation of animal organ morphogenesis","2/381","23/7230",0.0869565217391304,1.65011982197877,0.736492081541384,0.343835113413053,0.999999921882612,0.980370169626042,"ed/fj",2,"male","down"
"BP","GO:0015711","organic anion transport","6/381","91/7230",0.0659340659340659,1.25118975512676,0.568711414316127,0.346875604109846,0.999999921882612,0.980370169626042,"Oatp58Db/Dic1/Fatp1/CG13907/CG1907/Papst2",6,"male","down"
"BP","GO:0019730","antimicrobial humoral response","5/381","74/7230",0.0675675675675676,1.28218769951053,0.57544893424627,0.350807346532245,0.999999921882612,0.980370169626042,"PGRP-SC2/Drs/SPE/psh/Def",5,"male","down"
"BP","GO:0017148","negative regulation of translation","3/381","40/7230",0.075,1.42322834645669,0.63303586397979,0.353275215809813,0.999999921882612,0.980370169626042,"Paip2/sqd/eIF4EHP",3,"male","down"
"BP","GO:1901135","carbohydrate derivative metabolic process","19/381","326/7230",0.058282208588957,1.10598521810541,0.461840190539313,0.357399644231604,0.999999921882612,0.980370169626042,"FarO/CG17560/PGRP-SC2/CG7579/alpha4GT2/CG2983/Mgat1/Hex-C/Acsx3/Acsx1R/CG9993/Acsx4/r-l/RnrS/Gmd/ATP8/Papst2/CG5568/RnrL",19,"male","down"
"BP","GO:0032506","cytokinetic process","2/381","24/7230",0.0833333333333333,1.58136482939633,0.672814378337983,0.363281940707781,0.999999921882612,0.980370169626042,"sau/tsr",2,"male","down"
"BP","GO:0035315","hair cell differentiation","2/381","24/7230",0.0833333333333333,1.58136482939633,0.672814378337983,0.363281940707781,0.999999921882612,0.980370169626042,"tsr/fj",2,"male","down"
"BP","GO:0035316","non-sensory hair organization","2/381","24/7230",0.0833333333333333,1.58136482939633,0.672814378337983,0.363281940707781,0.999999921882612,0.980370169626042,"tsr/fj",2,"male","down"
"BP","GO:0035317","imaginal disc-derived wing hair organization","2/381","24/7230",0.0833333333333333,1.58136482939633,0.672814378337983,0.363281940707781,0.999999921882612,0.980370169626042,"tsr/fj",2,"male","down"
"BP","GO:0042060","wound healing","4/381","58/7230",0.0689655172413793,1.30871572087972,0.556724865824354,0.365704323128672,0.999999921882612,0.980370169626042,"PPO1/grh/ed/CG42259",4,"male","down"
"BP","GO:0009607","response to biotic stimulus","19/381","328/7230",0.0579268292682927,1.09924140579988,0.433840776867552,0.36756729314025,0.999999921882612,0.980370169626042,"LysD/CG42564/LysP/PGRP-SC2/Cyp6a20/LysE/Drice/Drs/SPE/CG8492/psh/Uev1A/PPO1/CRIF/EbpIII/nec/CG30062/CG42259/Def",19,"male","down"
"BP","GO:0043207","response to external biotic stimulus","19/381","328/7230",0.0579268292682927,1.09924140579988,0.433840776867552,0.36756729314025,0.999999921882612,0.980370169626042,"LysD/CG42564/LysP/PGRP-SC2/Cyp6a20/LysE/Drice/Drs/SPE/CG8492/psh/Uev1A/PPO1/CRIF/EbpIII/nec/CG30062/CG42259/Def",19,"male","down"
"BP","GO:0051707","response to other organism","19/381","328/7230",0.0579268292682927,1.09924140579988,0.433840776867552,0.36756729314025,0.999999921882612,0.980370169626042,"LysD/CG42564/LysP/PGRP-SC2/Cyp6a20/LysE/Drice/Drs/SPE/CG8492/psh/Uev1A/PPO1/CRIF/EbpIII/nec/CG30062/CG42259/Def",19,"male","down"
"BP","GO:0015931","nucleobase-containing compound transport","5/381","76/7230",0.0657894736842105,1.24844591794447,0.513513908415084,0.37206247249238,0.999999921882612,0.980370169626042,"Vha16-1/Arc1/sqd/Rae1/Papst2",5,"male","down"
"BP","GO:0050907","detection of chemical stimulus involved in sensory perception","3/381","42/7230",0.0714285714285714,1.35545556805399,0.544871321098747,0.382480118603992,0.999999921882612,0.980370169626042,"Or59c/Or59b/Or85d",3,"male","down"
"BP","GO:0000045","autophagosome assembly","2/381","25/7230",0.08,1.51811023622047,0.612016599516002,0.382507005319317,0.999999921882612,0.980370169626042,"Atg1/TP53INP",2,"male","down"
"BP","GO:0003012","muscle system process","2/381","25/7230",0.08,1.51811023622047,0.612016599516002,0.382507005319317,0.999999921882612,0.980370169626042,"Arc1/CG4928",2,"male","down"
"BP","GO:0006694","steroid biosynthetic process","2/381","25/7230",0.08,1.51811023622047,0.612016599516002,0.382507005319317,0.999999921882612,0.980370169626042,"eIF4EHP/CG11162",2,"male","down"
"BP","GO:0035206","regulation of hemocyte proliferation","2/381","25/7230",0.08,1.51811023622047,0.612016599516002,0.382507005319317,0.999999921882612,0.980370169626042,"Cat/CG13559",2,"male","down"
"BP","GO:0098661","inorganic anion transmembrane transport","2/381","25/7230",0.08,1.51811023622047,0.612016599516002,0.382507005319317,0.999999921882612,0.980370169626042,"Dic1/CG1907",2,"male","down"
"BP","GO:1900425","negative regulation of defense response to bacterium","2/381","25/7230",0.08,1.51811023622047,0.612016599516002,0.382507005319317,0.999999921882612,0.980370169626042,"PGRP-SC2/Drice",2,"male","down"
"BP","GO:2001233","regulation of apoptotic signaling pathway","2/381","25/7230",0.08,1.51811023622047,0.612016599516002,0.382507005319317,0.999999921882612,0.980370169626042,"Erasp/CtsK1",2,"male","down"
"BP","GO:0019318","hexose metabolic process","3/381","43/7230",0.0697674418604651,1.32393334554111,0.502462990546358,0.396977316434018,0.999999921882612,0.980370169626042,"CG10467/Hex-C/Atg1",3,"male","down"
"BP","GO:0000768","syncytium formation by plasma membrane fusion","2/381","26/7230",0.0769230769230769,1.45972138098122,0.553837733921329,0.40147969370677,0.999999921882612,0.980370169626042,"Mp20/Pax",2,"male","down"
"BP","GO:0006949","syncytium formation","2/381","26/7230",0.0769230769230769,1.45972138098122,0.553837733921329,0.40147969370677,0.999999921882612,0.980370169626042,"Mp20/Pax",2,"male","down"
"BP","GO:0007520","myoblast fusion","2/381","26/7230",0.0769230769230769,1.45972138098122,0.553837733921329,0.40147969370677,0.999999921882612,0.980370169626042,"Mp20/Pax",2,"male","down"
"BP","GO:0009913","epidermal cell differentiation","2/381","26/7230",0.0769230769230769,1.45972138098122,0.553837733921329,0.40147969370677,0.999999921882612,0.980370169626042,"tsr/fj",2,"male","down"
"BP","GO:0014902","myotube differentiation","2/381","26/7230",0.0769230769230769,1.45972138098122,0.553837733921329,0.40147969370677,0.999999921882612,0.980370169626042,"Mp20/Pax",2,"male","down"
"BP","GO:0033206","meiotic cytokinesis","2/381","26/7230",0.0769230769230769,1.45972138098122,0.553837733921329,0.40147969370677,0.999999921882612,0.980370169626042,"sau/tsr",2,"male","down"
"BP","GO:0043543","protein acylation","2/381","26/7230",0.0769230769230769,1.45972138098122,0.553837733921329,0.40147969370677,0.999999921882612,0.980370169626042,"Nmt/CG8314",2,"male","down"
"BP","GO:0060033","anatomical structure regression","2/381","26/7230",0.0769230769230769,1.45972138098122,0.553837733921329,0.40147969370677,0.999999921882612,0.980370169626042,"Drice/Atg1",2,"male","down"
"BP","GO:0140253","cell-cell fusion","2/381","26/7230",0.0769230769230769,1.45972138098122,0.553837733921329,0.40147969370677,0.999999921882612,0.980370169626042,"Mp20/Pax",2,"male","down"
"BP","GO:0006955","immune response","13/381","225/7230",0.0577777777777778,1.09641294838145,0.346505849474358,0.406815119365418,0.999999921882612,0.980370169626042,"PGRP-SC2/CtsK1/LysE/Drice/Drs/SPE/psh/Uev1A/PPO1/CRIF/nec/CG42259/Def",13,"male","down"
"BP","GO:0061057","peptidoglycan recognition protein signaling pathway","3/381","44/7230",0.0681818181818182,1.29384395132427,0.461091911912122,0.411382020934556,0.999999921882612,0.980370169626042,"PGRP-SC2/Drice/Uev1A",3,"male","down"
"BP","GO:0010876","lipid localization","6/381","98/7230",0.0612244897959184,1.16181905833199,0.380386466661902,0.413728384260683,0.999999921882612,0.980370169626042,"FarO/CG18635/ninaD/Fatp1/Rdh1/CG13893",6,"male","down"
"BP","GO:0014070","response to organic cyclic compound","4/381","62/7230",0.0645161290322581,1.2242824485649,0.418292571833448,0.414193377743323,0.999999921882612,0.980370169626042,"Pka-R2/Cyp6a2/Cyp6d2/TP53INP",4,"male","down"
"BP","GO:0000054","ribosomal subunit export from nucleus","1/381","10/7230",0.1,1.89763779527559,0.669916305847111,0.418247597739855,0.999999921882612,0.980370169626042,"CG11123",1,"male","down"
"BP","GO:0000184","nuclear-transcribed mRNA catabolic process, nonsense-mediated decay","1/381","10/7230",0.1,1.89763779527559,0.669916305847111,0.418247597739855,0.999999921882612,0.980370169626042,"sqd",1,"male","down"
"BP","GO:0002237","response to molecule of bacterial origin","1/381","10/7230",0.1,1.89763779527559,0.669916305847111,0.418247597739855,0.999999921882612,0.980370169626042,"psh",1,"male","down"
"BP","GO:0002701","negative regulation of production of molecular mediator of immune response","1/381","10/7230",0.1,1.89763779527559,0.669916305847111,0.418247597739855,0.999999921882612,0.980370169626042,"PGRP-SC2",1,"male","down"
"BP","GO:0005981","regulation of glycogen catabolic process","1/381","10/7230",0.1,1.89763779527559,0.669916305847111,0.418247597739855,0.999999921882612,0.980370169626042,"Atg1",1,"male","down"
"BP","GO:0007110","meiosis I cytokinesis","1/381","10/7230",0.1,1.89763779527559,0.669916305847111,0.418247597739855,0.999999921882612,0.980370169626042,"sau",1,"male","down"
"BP","GO:0007141","male meiosis I","1/381","10/7230",0.1,1.89763779527559,0.669916305847111,0.418247597739855,0.999999921882612,0.980370169626042,"Rae1",1,"male","down"
"BP","GO:0008362","chitin-based embryonic cuticle biosynthetic process","1/381","10/7230",0.1,1.89763779527559,0.669916305847111,0.418247597739855,0.999999921882612,0.980370169626042,"grh",1,"male","down"
"BP","GO:0009409","response to cold","1/381","10/7230",0.1,1.89763779527559,0.669916305847111,0.418247597739855,0.999999921882612,0.980370169626042,"Fst",1,"male","down"
"BP","GO:0009996","negative regulation of cell fate specification","1/381","10/7230",0.1,1.89763779527559,0.669916305847111,0.418247597739855,0.999999921882612,0.980370169626042,"ed",1,"male","down"
"BP","GO:0010565","regulation of cellular ketone metabolic process","1/381","10/7230",0.1,1.89763779527559,0.669916305847111,0.418247597739855,0.999999921882612,0.980370169626042,"eIF4EHP",1,"male","down"
"BP","GO:0015012","heparan sulfate proteoglycan biosynthetic process","1/381","10/7230",0.1,1.89763779527559,0.669916305847111,0.418247597739855,0.999999921882612,0.980370169626042,"Papst2",1,"male","down"
"BP","GO:0016063","rhodopsin biosynthetic process","1/381","10/7230",0.1,1.89763779527559,0.669916305847111,0.418247597739855,0.999999921882612,0.980370169626042,"ninaD",1,"male","down"
"BP","GO:0016201","synaptic target inhibition","1/381","10/7230",0.1,1.89763779527559,0.669916305847111,0.418247597739855,0.999999921882612,0.980370169626042,"beat-IIIc",1,"male","down"
"BP","GO:0030322","stabilization of membrane potential","1/381","10/7230",0.1,1.89763779527559,0.669916305847111,0.418247597739855,0.999999921882612,0.980370169626042,"galene",1,"male","down"
"BP","GO:0030422","siRNA processing","1/381","10/7230",0.1,1.89763779527559,0.669916305847111,0.418247597739855,0.999999921882612,0.980370169626042,"CRIF",1,"male","down"
"BP","GO:0032007","negative regulation of TOR signaling","1/381","10/7230",0.1,1.89763779527559,0.669916305847111,0.418247597739855,0.999999921882612,0.980370169626042,"Atg1",1,"male","down"
"BP","GO:0045332","phospholipid translocation","1/381","10/7230",0.1,1.89763779527559,0.669916305847111,0.418247597739855,0.999999921882612,0.980370169626042,"CG18635",1,"male","down"
"BP","GO:0046154","rhodopsin metabolic process","1/381","10/7230",0.1,1.89763779527559,0.669916305847111,0.418247597739855,0.999999921882612,0.980370169626042,"ninaD",1,"male","down"
"BP","GO:0048085","adult chitin-containing cuticle pigmentation","1/381","10/7230",0.1,1.89763779527559,0.669916305847111,0.418247597739855,0.999999921882612,0.980370169626042,"e",1,"male","down"
"BP","GO:0051098","regulation of binding","1/381","10/7230",0.1,1.89763779527559,0.669916305847111,0.418247597739855,0.999999921882612,0.980370169626042,"fj",1,"male","down"
"BP","GO:0051156","glucose 6-phosphate metabolic process","1/381","10/7230",0.1,1.89763779527559,0.669916305847111,0.418247597739855,0.999999921882612,0.980370169626042,"Hex-C",1,"male","down"
"BP","GO:0051452","intracellular pH reduction","1/381","10/7230",0.1,1.89763779527559,0.669916305847111,0.418247597739855,0.999999921882612,0.980370169626042,"Vha16-1",1,"male","down"
"BP","GO:0061343","cell adhesion involved in heart morphogenesis","1/381","10/7230",0.1,1.89763779527559,0.669916305847111,0.418247597739855,0.999999921882612,0.980370169626042,"prc",1,"male","down"
"BP","GO:1902667","regulation of axon guidance","1/381","10/7230",0.1,1.89763779527559,0.669916305847111,0.418247597739855,0.999999921882612,0.980370169626042,"S6k",1,"male","down"
"BP","GO:0031329","regulation of cellular catabolic process","8/381","135/7230",0.0592592592592593,1.12452610090405,0.344460233277668,0.418798582745505,0.999999921882612,0.980370169626042,"S6k/Pax/Rae1/Sod1/Debcl/Buffy/Atg1/TP53INP",8,"male","down"
"BP","GO:0006726","eye pigment biosynthetic process","2/381","27/7230",0.0740740740740741,1.40565762613007,0.498049876420619,0.420173217051322,0.999999921882612,0.980370169626042,"ninaD/st",2,"male","down"
"BP","GO:0042441","eye pigment metabolic process","2/381","27/7230",0.0740740740740741,1.40565762613007,0.498049876420619,0.420173217051322,0.999999921882612,0.980370169626042,"ninaD/st",2,"male","down"
"BP","GO:0043324","pigment metabolic process involved in developmental pigmentation","2/381","27/7230",0.0740740740740741,1.40565762613007,0.498049876420619,0.420173217051322,0.999999921882612,0.980370169626042,"ninaD/st",2,"male","down"
"BP","GO:0043474","pigment metabolic process involved in pigmentation","2/381","27/7230",0.0740740740740741,1.40565762613007,0.498049876420619,0.420173217051322,0.999999921882612,0.980370169626042,"ninaD/st",2,"male","down"
"BP","GO:1905037","autophagosome organization","2/381","27/7230",0.0740740740740741,1.40565762613007,0.498049876420619,0.420173217051322,0.999999921882612,0.980370169626042,"Atg1/TP53INP",2,"male","down"
"BP","GO:0016052","carbohydrate catabolic process","3/381","45/7230",0.0666666666666667,1.26509186351706,0.420704624441165,0.425678861492734,0.999999921882612,0.980370169626042,"CG10467/Hex-C/Atg1",3,"male","down"
"BP","GO:0003007","heart morphogenesis","2/381","28/7230",0.0714285714285714,1.35545556805399,0.444452952853474,0.438564294963232,0.999999921882612,0.980370169626042,"Cat/prc",2,"male","down"
"BP","GO:0010212","response to ionizing radiation","2/381","28/7230",0.0714285714285714,1.35545556805399,0.444452952853474,0.438564294963232,0.999999921882612,0.980370169626042,"Drice/Debcl",2,"male","down"
"BP","GO:0035172","hemocyte proliferation","2/381","28/7230",0.0714285714285714,1.35545556805399,0.444452952853474,0.438564294963232,0.999999921882612,0.980370169626042,"Cat/CG13559",2,"male","down"
"BP","GO:0042052","rhabdomere development","2/381","28/7230",0.0714285714285714,1.35545556805399,0.444452952853474,0.438564294963232,0.999999921882612,0.980370169626042,"tsr/grh",2,"male","down"
"BP","GO:0045747","positive regulation of Notch signaling pathway","2/381","28/7230",0.0714285714285714,1.35545556805399,0.444452952853474,0.438564294963232,0.999999921882612,0.980370169626042,"ed/Gmd",2,"male","down"
"BP","GO:1903008","organelle disassembly","2/381","28/7230",0.0714285714285714,1.35545556805399,0.444452952853474,0.438564294963232,0.999999921882612,0.980370169626042,"Sod1/Atg1",2,"male","down"
"BP","GO:0002775","antimicrobial peptide production","3/381","46/7230",0.0652173913043478,1.23758986648408,0.381251608458124,0.43985353649582,0.999999921882612,0.980370169626042,"PGRP-SC2/SPE/psh",3,"male","down"
"BP","GO:0002784","regulation of antimicrobial peptide production","3/381","46/7230",0.0652173913043478,1.23758986648408,0.381251608458124,0.43985353649582,0.999999921882612,0.980370169626042,"PGRP-SC2/SPE/psh",3,"male","down"
"BP","GO:0009611","response to wounding","5/381","83/7230",0.0602409638554217,1.14315529835879,0.309366011835396,0.446090879502585,0.999999921882612,0.980370169626042,"Drs/PPO1/grh/ed/CG42259",5,"male","down"
"BP","GO:0000272","polysaccharide catabolic process","1/381","11/7230",0.0909090909090909,1.72512526843236,0.567621553590071,0.448946720352198,0.999999921882612,0.980370169626042,"Atg1",1,"male","down"
"BP","GO:0001678","intracellular glucose homeostasis","1/381","11/7230",0.0909090909090909,1.72512526843236,0.567621553590071,0.448946720352198,0.999999921882612,0.980370169626042,"Hex-C",1,"male","down"
"BP","GO:0005980","glycogen catabolic process","1/381","11/7230",0.0909090909090909,1.72512526843236,0.567621553590071,0.448946720352198,0.999999921882612,0.980370169626042,"Atg1",1,"male","down"
"BP","GO:0006766","vitamin metabolic process","1/381","11/7230",0.0909090909090909,1.72512526843236,0.567621553590071,0.448946720352198,0.999999921882612,0.980370169626042,"AOX1",1,"male","down"
"BP","GO:0007426","tracheal outgrowth, open tracheal system","1/381","11/7230",0.0909090909090909,1.72512526843236,0.567621553590071,0.448946720352198,0.999999921882612,0.980370169626042,"grh",1,"male","down"
"BP","GO:0007488","histoblast morphogenesis","1/381","11/7230",0.0909090909090909,1.72512526843236,0.567621553590071,0.448946720352198,0.999999921882612,0.980370169626042,"Cyp301a1",1,"male","down"
"BP","GO:0007586","digestion","1/381","11/7230",0.0909090909090909,1.72512526843236,0.567621553590071,0.448946720352198,0.999999921882612,0.980370169626042,"Atg1",1,"male","down"
"BP","GO:0009251","glucan catabolic process","1/381","11/7230",0.0909090909090909,1.72512526843236,0.567621553590071,0.448946720352198,0.999999921882612,0.980370169626042,"Atg1",1,"male","down"
"BP","GO:0010907","positive regulation of glucose metabolic process","1/381","11/7230",0.0909090909090909,1.72512526843236,0.567621553590071,0.448946720352198,0.999999921882612,0.980370169626042,"Atg1",1,"male","down"
"BP","GO:0016082","synaptic vesicle priming","1/381","11/7230",0.0909090909090909,1.72512526843236,0.567621553590071,0.448946720352198,0.999999921882612,0.980370169626042,"unc-13-4A",1,"male","down"
"BP","GO:0016266","O-glycan processing","1/381","11/7230",0.0909090909090909,1.72512526843236,0.567621553590071,0.448946720352198,0.999999921882612,0.980370169626042,"CG2983",1,"male","down"
"BP","GO:0018108","peptidyl-tyrosine phosphorylation","1/381","11/7230",0.0909090909090909,1.72512526843236,0.567621553590071,0.448946720352198,0.999999921882612,0.980370169626042,"sev",1,"male","down"
"BP","GO:0022600","digestive system process","1/381","11/7230",0.0909090909090909,1.72512526843236,0.567621553590071,0.448946720352198,0.999999921882612,0.980370169626042,"Atg1",1,"male","down"
"BP","GO:0030536","larval feeding behavior","1/381","11/7230",0.0909090909090909,1.72512526843236,0.567621553590071,0.448946720352198,0.999999921882612,0.980370169626042,"S6k",1,"male","down"
"BP","GO:0033750","ribosome localization","1/381","11/7230",0.0909090909090909,1.72512526843236,0.567621553590071,0.448946720352198,0.999999921882612,0.980370169626042,"CG11123",1,"male","down"
"BP","GO:0034204","lipid translocation","1/381","11/7230",0.0909090909090909,1.72512526843236,0.567621553590071,0.448946720352198,0.999999921882612,0.980370169626042,"CG18635",1,"male","down"
"BP","GO:0036315","cellular response to sterol","1/381","11/7230",0.0909090909090909,1.72512526843236,0.567621553590071,0.448946720352198,0.999999921882612,0.980370169626042,"TP53INP",1,"male","down"
"BP","GO:0042743","hydrogen peroxide metabolic process","1/381","11/7230",0.0909090909090909,1.72512526843236,0.567621553590071,0.448946720352198,0.999999921882612,0.980370169626042,"Cat",1,"male","down"
"BP","GO:0043001","Golgi to plasma membrane protein transport","1/381","11/7230",0.0909090909090909,1.72512526843236,0.567621553590071,0.448946720352198,0.999999921882612,0.980370169626042,"sau",1,"male","down"
"BP","GO:0046365","monosaccharide catabolic process","1/381","11/7230",0.0909090909090909,1.72512526843236,0.567621553590071,0.448946720352198,0.999999921882612,0.980370169626042,"CG10467",1,"male","down"
"BP","GO:0048079","regulation of cuticle pigmentation","1/381","11/7230",0.0909090909090909,1.72512526843236,0.567621553590071,0.448946720352198,0.999999921882612,0.980370169626042,"e",1,"male","down"
"BP","GO:0061983","meiosis II cell cycle process","1/381","11/7230",0.0909090909090909,1.72512526843236,0.567621553590071,0.448946720352198,0.999999921882612,0.980370169626042,"sau",1,"male","down"
"BP","GO:0070875","positive regulation of glycogen metabolic process","1/381","11/7230",0.0909090909090909,1.72512526843236,0.567621553590071,0.448946720352198,0.999999921882612,0.980370169626042,"Atg1",1,"male","down"
"BP","GO:0071390","cellular response to ecdysone","1/381","11/7230",0.0909090909090909,1.72512526843236,0.567621553590071,0.448946720352198,0.999999921882612,0.980370169626042,"TP53INP",1,"male","down"
"BP","GO:0071900","regulation of protein serine/threonine kinase activity","1/381","11/7230",0.0909090909090909,1.72512526843236,0.567621553590071,0.448946720352198,0.999999921882612,0.980370169626042,"Pka-R2",1,"male","down"
"BP","GO:0072350","tricarboxylic acid metabolic process","1/381","11/7230",0.0909090909090909,1.72512526843236,0.567621553590071,0.448946720352198,0.999999921882612,0.980370169626042,"Irp-1B",1,"male","down"
"BP","GO:0097035","regulation of membrane lipid distribution","1/381","11/7230",0.0909090909090909,1.72512526843236,0.567621553590071,0.448946720352198,0.999999921882612,0.980370169626042,"CG18635",1,"male","down"
"BP","GO:0097501","stress response to metal ion","1/381","11/7230",0.0909090909090909,1.72512526843236,0.567621553590071,0.448946720352198,0.999999921882612,0.980370169626042,"ZnT77C",1,"male","down"
"BP","GO:0006869","lipid transport","4/381","65/7230",0.0615384615384615,1.16777710478498,0.320456654078855,0.450038745764365,0.999999921882612,0.980370169626042,"CG18635/ninaD/Fatp1/CG13893",4,"male","down"
"BP","GO:0050657","nucleic acid transport","4/381","65/7230",0.0615384615384615,1.16777710478498,0.320456654078855,0.450038745764365,0.999999921882612,0.980370169626042,"Vha16-1/Arc1/sqd/Rae1",4,"male","down"
"BP","GO:0050658","RNA transport","4/381","65/7230",0.0615384615384615,1.16777710478498,0.320456654078855,0.450038745764365,0.999999921882612,0.980370169626042,"Vha16-1/Arc1/sqd/Rae1",4,"male","down"
"BP","GO:0045088","regulation of innate immune response","6/381","102/7230",0.0588235294117647,1.1162575266327,0.278885115921695,0.45170959260834,0.999999921882612,0.980370169626042,"PGRP-SC2/LysE/Drice/psh/Uev1A/nec",6,"male","down"
"BP","GO:0050804","modulation of chemical synaptic transmission","6/381","102/7230",0.0588235294117647,1.1162575266327,0.278885115921695,0.45170959260834,0.999999921882612,0.980370169626042,"Arc1/Cat/Sod1/GluRIID/CG31675/Atg1",6,"male","down"
"BP","GO:0099177","regulation of trans-synaptic signaling","6/381","102/7230",0.0588235294117647,1.1162575266327,0.278885115921695,0.45170959260834,0.999999921882612,0.980370169626042,"Arc1/Cat/Sod1/GluRIID/CG31675/Atg1",6,"male","down"
"BP","GO:0002440","production of molecular mediator of immune response","3/381","47/7230",0.0638297872340425,1.21125816719719,0.342686913969344,0.453892785810162,0.999999921882612,0.980370169626042,"PGRP-SC2/SPE/psh",3,"male","down"
"BP","GO:0002700","regulation of production of molecular mediator of immune response","3/381","47/7230",0.0638297872340425,1.21125816719719,0.342686913969344,0.453892785810162,0.999999921882612,0.980370169626042,"PGRP-SC2/SPE/psh",3,"male","down"
"BP","GO:0062012","regulation of small molecule metabolic process","2/381","29/7230",0.0689655172413793,1.30871572087972,0.392870442874135,0.456632861763623,0.999999921882612,0.980370169626042,"eIF4EHP/Atg1",2,"male","down"
"BP","GO:1900426","positive regulation of defense response to bacterium","2/381","29/7230",0.0689655172413793,1.30871572087972,0.392870442874135,0.456632861763623,0.999999921882612,0.980370169626042,"SPE/psh",2,"male","down"
"BP","GO:0006914","autophagy","8/381","140/7230",0.0571428571428571,1.08436445444319,0.23773242464452,0.459336994845439,0.999999921882612,0.980370169626042,"S6k/Pax/Rae1/Sod1/Debcl/Buffy/Atg1/TP53INP",8,"male","down"
"BP","GO:0061919","process utilizing autophagic mechanism","8/381","140/7230",0.0571428571428571,1.08436445444319,0.23773242464452,0.459336994845439,0.999999921882612,0.980370169626042,"S6k/Pax/Rae1/Sod1/Debcl/Buffy/Atg1/TP53INP",8,"male","down"
"BP","GO:0001736","establishment of planar polarity","4/381","66/7230",0.0606060606060606,1.15008351228824,0.288878473757326,0.461837816407457,0.999999921882612,0.980370169626042,"tsr/grh/ed/fj",4,"male","down"
"BP","GO:0007164","establishment of tissue polarity","4/381","66/7230",0.0606060606060606,1.15008351228824,0.288878473757326,0.461837816407457,0.999999921882612,0.980370169626042,"tsr/grh/ed/fj",4,"male","down"
"BP","GO:0002697","regulation of immune effector process","3/381","48/7230",0.0625,1.18602362204724,0.30496783146207,0.467784360993705,0.999999921882612,0.980370169626042,"PGRP-SC2/SPE/psh",3,"male","down"
"BP","GO:1901701","cellular response to oxygen-containing compound","7/381","123/7230",0.056910569105691,1.07995646885603,0.210936152946281,0.4732424966091,0.999999921882612,0.980370169626042,"S6k/Sod3/Pka-R2/Sod1/FASN2/uex/TP53INP",7,"male","down"
"BP","GO:0051236","establishment of RNA localization","4/381","67/7230",0.0597014925373134,1.1329180867317,0.257787600529756,0.473548263045425,0.999999921882612,0.980370169626042,"Vha16-1/Arc1/sqd/Rae1",4,"male","down"
"BP","GO:1901606","alpha-amino acid catabolic process","2/381","30/7230",0.0666666666666667,1.26509186351706,0.343145884330114,0.47436179384972,0.999999921882612,0.980370169626042,"CG10184/hgo",2,"male","down"
"BP","GO:0006687","glycosphingolipid metabolic process","1/381","12/7230",0.0833333333333333,1.58136482939633,0.475355973900154,0.478029875850995,0.999999921882612,0.980370169626042,"alpha4GT2",1,"male","down"
"BP","GO:0006900","vesicle budding from membrane","1/381","12/7230",0.0833333333333333,1.58136482939633,0.475355973900154,0.478029875850995,0.999999921882612,0.980370169626042,"sau",1,"male","down"
"BP","GO:0006911","phagocytosis, engulfment","1/381","12/7230",0.0833333333333333,1.58136482939633,0.475355973900154,0.478029875850995,0.999999921882612,0.980370169626042,"CG18635",1,"male","down"
"BP","GO:0008348","negative regulation of antimicrobial humoral response","1/381","12/7230",0.0833333333333333,1.58136482939633,0.475355973900154,0.478029875850995,0.999999921882612,0.980370169626042,"PGRP-SC2",1,"male","down"
"BP","GO:0009123","nucleoside monophosphate metabolic process","1/381","12/7230",0.0833333333333333,1.58136482939633,0.475355973900154,0.478029875850995,0.999999921882612,0.980370169626042,"r-l",1,"male","down"
"BP","GO:0009161","ribonucleoside monophosphate metabolic process","1/381","12/7230",0.0833333333333333,1.58136482939633,0.475355973900154,0.478029875850995,0.999999921882612,0.980370169626042,"r-l",1,"male","down"
"BP","GO:0009744","response to sucrose","1/381","12/7230",0.0833333333333333,1.58136482939633,0.475355973900154,0.478029875850995,0.999999921882612,0.980370169626042,"FASN2",1,"male","down"
"BP","GO:0010591","regulation of lamellipodium assembly","1/381","12/7230",0.0833333333333333,1.58136482939633,0.475355973900154,0.478029875850995,0.999999921882612,0.980370169626042,"tsr",1,"male","down"
"BP","GO:0016126","sterol biosynthetic process","1/381","12/7230",0.0833333333333333,1.58136482939633,0.475355973900154,0.478029875850995,0.999999921882612,0.980370169626042,"CG11162",1,"male","down"
"BP","GO:0018212","peptidyl-tyrosine modification","1/381","12/7230",0.0833333333333333,1.58136482939633,0.475355973900154,0.478029875850995,0.999999921882612,0.980370169626042,"sev",1,"male","down"
"BP","GO:0018230","peptidyl-L-cysteine S-palmitoylation","1/381","12/7230",0.0833333333333333,1.58136482939633,0.475355973900154,0.478029875850995,0.999999921882612,0.980370169626042,"CG8314",1,"male","down"
"BP","GO:0018231","peptidyl-S-diacylglycerol-L-cysteine biosynthetic process from peptidyl-cysteine","1/381","12/7230",0.0833333333333333,1.58136482939633,0.475355973900154,0.478029875850995,0.999999921882612,0.980370169626042,"CG8314",1,"male","down"
"BP","GO:0030042","actin filament depolymerization","1/381","12/7230",0.0833333333333333,1.58136482939633,0.475355973900154,0.478029875850995,0.999999921882612,0.980370169626042,"tsr",1,"male","down"
"BP","GO:0031167","rRNA methylation","1/381","12/7230",0.0833333333333333,1.58136482939633,0.475355973900154,0.478029875850995,0.999999921882612,0.980370169626042,"CG8545",1,"male","down"
"BP","GO:0032222","regulation of synaptic transmission, cholinergic","1/381","12/7230",0.0833333333333333,1.58136482939633,0.475355973900154,0.478029875850995,0.999999921882612,0.980370169626042,"CG31675",1,"male","down"
"BP","GO:0034285","response to disaccharide","1/381","12/7230",0.0833333333333333,1.58136482939633,0.475355973900154,0.478029875850995,0.999999921882612,0.980370169626042,"FASN2",1,"male","down"
"BP","GO:0045834","positive regulation of lipid metabolic process","1/381","12/7230",0.0833333333333333,1.58136482939633,0.475355973900154,0.478029875850995,0.999999921882612,0.980370169626042,"eIF4EHP",1,"male","down"
"BP","GO:0048056","R3/R4 cell differentiation","1/381","12/7230",0.0833333333333333,1.58136482939633,0.475355973900154,0.478029875850995,0.999999921882612,0.980370169626042,"grh",1,"male","down"
"BP","GO:0050919","negative chemotaxis","1/381","12/7230",0.0833333333333333,1.58136482939633,0.475355973900154,0.478029875850995,0.999999921882612,0.980370169626042,"beat-IIIc",1,"male","down"
"BP","GO:0085029","extracellular matrix assembly","1/381","12/7230",0.0833333333333333,1.58136482939633,0.475355973900154,0.478029875850995,0.999999921882612,0.980370169626042,"prc",1,"male","down"
"BP","GO:0090306","meiotic spindle assembly","1/381","12/7230",0.0833333333333333,1.58136482939633,0.475355973900154,0.478029875850995,0.999999921882612,0.980370169626042,"sau",1,"male","down"
"BP","GO:1901264","carbohydrate derivative transport","1/381","12/7230",0.0833333333333333,1.58136482939633,0.475355973900154,0.478029875850995,0.999999921882612,0.980370169626042,"Papst2",1,"male","down"
"BP","GO:1901655","cellular response to ketone","1/381","12/7230",0.0833333333333333,1.58136482939633,0.475355973900154,0.478029875850995,0.999999921882612,0.980370169626042,"TP53INP",1,"male","down"
"BP","GO:0002376","immune system process","16/381","293/7230",0.0546075085324232,1.03625272096961,0.149408941304164,0.478951522039811,0.999999921882612,0.980370169626042,"PGRP-SC2/Cat/CtsK1/LysE/Drice/Drs/SPE/psh/Uev1A/Mgat1/PPO1/CRIF/CG13559/nec/CG42259/Def",16,"male","down"
"BP","GO:0002683","negative regulation of immune system process","4/381","68/7230",0.0588235294117647,1.1162575266327,0.227167602346296,0.48516240666828,0.999999921882612,0.980370169626042,"PGRP-SC2/LysE/Drice/nec",4,"male","down"
"BP","GO:0009166","nucleotide catabolic process","2/381","31/7230",0.0645161290322581,1.2242824485649,0.295139995301231,0.491736656746167,0.999999921882612,0.980370169626042,"Hex-C/CG11883",2,"male","down"
"BP","GO:0002759","regulation of antimicrobial humoral response","3/381","50/7230",0.06,1.13858267716535,0.231910143171542,0.495080362442679,0.999999921882612,0.980370169626042,"PGRP-SC2/SPE/psh",3,"male","down"
"BP","GO:0045475","locomotor rhythm","3/381","50/7230",0.06,1.13858267716535,0.231910143171542,0.495080362442679,0.999999921882612,0.980370169626042,"Pka-R2/e/kairos",3,"male","down"
"BP","GO:0098742","cell-cell adhesion via plasma-membrane adhesion molecules","3/381","50/7230",0.06,1.13858267716535,0.231910143171542,0.495080362442679,0.999999921882612,0.980370169626042,"beat-IIIc/glec/ed",3,"male","down"
"BP","GO:0000966","RNA 5'-end processing","1/381","13/7230",0.0769230769230769,1.45972138098122,0.391269543137014,0.505581914823115,0.999999921882612,0.980370169626042,"CG11123",1,"male","down"
"BP","GO:0002698","negative regulation of immune effector process","1/381","13/7230",0.0769230769230769,1.45972138098122,0.391269543137014,0.505581914823115,0.999999921882612,0.980370169626042,"PGRP-SC2",1,"male","down"
"BP","GO:0002921","negative regulation of humoral immune response","1/381","13/7230",0.0769230769230769,1.45972138098122,0.391269543137014,0.505581914823115,0.999999921882612,0.980370169626042,"PGRP-SC2",1,"male","down"
"BP","GO:0007288","sperm axoneme assembly","1/381","13/7230",0.0769230769230769,1.45972138098122,0.391269543137014,0.505581914823115,0.999999921882612,0.980370169626042,"Mst84Db",1,"male","down"
"BP","GO:0007289","spermatid nucleus differentiation","1/381","13/7230",0.0769230769230769,1.45972138098122,0.391269543137014,0.505581914823115,0.999999921882612,0.980370169626042,"atlas",1,"male","down"
"BP","GO:0010884","positive regulation of lipid storage","1/381","13/7230",0.0769230769230769,1.45972138098122,0.391269543137014,0.505581914823115,0.999999921882612,0.980370169626042,"FarO",1,"male","down"
"BP","GO:0015837","amine transport","1/381","13/7230",0.0769230769230769,1.45972138098122,0.391269543137014,0.505581914823115,0.999999921882612,0.980370169626042,"st",1,"male","down"
"BP","GO:0030308","negative regulation of cell growth","1/381","13/7230",0.0769230769230769,1.45972138098122,0.391269543137014,0.505581914823115,0.999999921882612,0.980370169626042,"FarO",1,"male","down"
"BP","GO:0034471","ncRNA 5'-end processing","1/381","13/7230",0.0769230769230769,1.45972138098122,0.391269543137014,0.505581914823115,0.999999921882612,0.980370169626042,"CG11123",1,"male","down"
"BP","GO:0034644","cellular response to UV","1/381","13/7230",0.0769230769230769,1.45972138098122,0.391269543137014,0.505581914823115,0.999999921882612,0.980370169626042,"ninaD",1,"male","down"
"BP","GO:0035146","tube fusion","1/381","13/7230",0.0769230769230769,1.45972138098122,0.391269543137014,0.505581914823115,0.999999921882612,0.980370169626042,"ed",1,"male","down"
"BP","GO:0035147","branch fusion, open tracheal system","1/381","13/7230",0.0769230769230769,1.45972138098122,0.391269543137014,0.505581914823115,0.999999921882612,0.980370169626042,"ed",1,"male","down"
"BP","GO:0043470","regulation of carbohydrate catabolic process","1/381","13/7230",0.0769230769230769,1.45972138098122,0.391269543137014,0.505581914823115,0.999999921882612,0.980370169626042,"Atg1",1,"male","down"
"BP","GO:0045913","positive regulation of carbohydrate metabolic process","1/381","13/7230",0.0769230769230769,1.45972138098122,0.391269543137014,0.505581914823115,0.999999921882612,0.980370169626042,"Atg1",1,"male","down"
"BP","GO:0046668","regulation of retinal cell programmed cell death","1/381","13/7230",0.0769230769230769,1.45972138098122,0.391269543137014,0.505581914823115,0.999999921882612,0.980370169626042,"Drice",1,"male","down"
"BP","GO:0046669","regulation of compound eye retinal cell programmed cell death","1/381","13/7230",0.0769230769230769,1.45972138098122,0.391269543137014,0.505581914823115,0.999999921882612,0.980370169626042,"Drice",1,"male","down"
"BP","GO:0046835","carbohydrate phosphorylation","1/381","13/7230",0.0769230769230769,1.45972138098122,0.391269543137014,0.505581914823115,0.999999921882612,0.980370169626042,"Hex-C",1,"male","down"
"BP","GO:0046854","phosphatidylinositol phosphate biosynthetic process","1/381","13/7230",0.0769230769230769,1.45972138098122,0.391269543137014,0.505581914823115,0.999999921882612,0.980370169626042,"CG17026",1,"male","down"
"BP","GO:0050714","positive regulation of protein secretion","1/381","13/7230",0.0769230769230769,1.45972138098122,0.391269543137014,0.505581914823115,0.999999921882612,0.980370169626042,"tsr",1,"male","down"
"BP","GO:0051299","centrosome separation","1/381","13/7230",0.0769230769230769,1.45972138098122,0.391269543137014,0.505581914823115,0.999999921882612,0.980370169626042,"tsr",1,"male","down"
"BP","GO:0060250","germ-line stem-cell niche homeostasis","1/381","13/7230",0.0769230769230769,1.45972138098122,0.391269543137014,0.505581914823115,0.999999921882612,0.980370169626042,"sev",1,"male","down"
"BP","GO:1902743","regulation of lamellipodium organization","1/381","13/7230",0.0769230769230769,1.45972138098122,0.391269543137014,0.505581914823115,0.999999921882612,0.980370169626042,"tsr",1,"male","down"
"BP","GO:0140546","defense response to symbiont","12/381","222/7230",0.0540540540540541,1.02575015960843,0.0919067445318011,0.50697760857018,0.999999921882612,0.980370169626042,"PGRP-SC2/LysE/Drice/Drs/SPE/psh/Uev1A/PPO1/CRIF/nec/CG42259/Def",12,"male","down"
"BP","GO:0002684","positive regulation of immune system process","6/381","108/7230",0.0555555555555556,1.05424321959755,0.133950509325696,0.507526898187942,0.999999921882612,0.980370169626042,"PGRP-SC2/Drice/SPE/psh/Uev1A/CG13559",6,"male","down"
"BP","GO:0016236","macroautophagy","4/381","70/7230",0.0571428571428571,1.08436445444319,0.167278462602835,0.508073297454976,0.999999921882612,0.980370169626042,"Debcl/Buffy/Atg1/TP53INP",4,"male","down"
"BP","GO:0002920","regulation of humoral immune response","3/381","51/7230",0.0588235294117647,1.1162575266327,0.196499842962817,0.508465058704817,0.999999921882612,0.980370169626042,"PGRP-SC2/SPE/psh",3,"male","down"
"BP","GO:0009267","cellular response to starvation","3/381","51/7230",0.0588235294117647,1.1162575266327,0.196499842962817,0.508465058704817,0.999999921882612,0.980370169626042,"Debcl/Buffy/Atg1",3,"male","down"
"BP","GO:0000041","transition metal ion transport","2/381","32/7230",0.0625,1.18602362204724,0.24872828840821,0.508745470533114,0.999999921882612,0.980370169626042,"Zip48C/ZnT77C",2,"male","down"
"BP","GO:0030866","cortical actin cytoskeleton organization","2/381","32/7230",0.0625,1.18602362204724,0.24872828840821,0.508745470533114,0.999999921882612,0.980370169626042,"sau/tsr",2,"male","down"
"BP","GO:0042327","positive regulation of phosphorylation","2/381","32/7230",0.0625,1.18602362204724,0.24872828840821,0.508745470533114,0.999999921882612,0.980370169626042,"sev/Ddr",2,"male","down"
"BP","GO:0046843","dorsal appendage formation","2/381","32/7230",0.0625,1.18602362204724,0.24872828840821,0.508745470533114,0.999999921882612,0.980370169626042,"Pax/ed",2,"male","down"
"BP","GO:0015849","organic acid transport","4/381","71/7230",0.0563380281690141,1.06909171564822,0.137980268983832,0.519356896268128,0.999999921882612,0.980370169626042,"Dic1/Fatp1/CG13907/CG1907",4,"male","down"
"BP","GO:0046942","carboxylic acid transport","4/381","71/7230",0.0563380281690141,1.06909171564822,0.137980268983832,0.519356896268128,0.999999921882612,0.980370169626042,"Dic1/Fatp1/CG13907/CG1907",4,"male","down"
"BP","GO:0002221","pattern recognition receptor signaling pathway","3/381","52/7230",0.0576923076923077,1.09479103573592,0.161791324568253,0.521662551628391,0.999999921882612,0.980370169626042,"PGRP-SC2/Drice/Uev1A",3,"male","down"
"BP","GO:0002757","immune response-activating signaling pathway","3/381","52/7230",0.0576923076923077,1.09479103573592,0.161791324568253,0.521662551628391,0.999999921882612,0.980370169626042,"PGRP-SC2/Drice/Uev1A",3,"male","down"
"BP","GO:0002758","innate immune response-activating signaling pathway","3/381","52/7230",0.0576923076923077,1.09479103573592,0.161791324568253,0.521662551628391,0.999999921882612,0.980370169626042,"PGRP-SC2/Drice/Uev1A",3,"male","down"
"BP","GO:0002764","immune response-regulating signaling pathway","3/381","52/7230",0.0576923076923077,1.09479103573592,0.161791324568253,0.521662551628391,0.999999921882612,0.980370169626042,"PGRP-SC2/Drice/Uev1A",3,"male","down"
"BP","GO:0042274","ribosomal small subunit biogenesis","3/381","52/7230",0.0576923076923077,1.09479103573592,0.161791324568253,0.521662551628391,0.999999921882612,0.980370169626042,"CG5645/CG11123/CG32409",3,"male","down"
"BP","GO:0061640","cytoskeleton-dependent cytokinesis","3/381","52/7230",0.0576923076923077,1.09479103573592,0.161791324568253,0.521662551628391,0.999999921882612,0.980370169626042,"sau/tsr/Act57B",3,"male","down"
"BP","GO:0006935","chemotaxis","2/381","33/7230",0.0606060606060606,1.15008351228824,0.203799080540596,0.525378492424598,0.999999921882612,0.980370169626042,"beat-IIIc/S6k",2,"male","down"
"BP","GO:0002682","regulation of immune system process","9/381","168/7230",0.0535714285714286,1.0165916760405,0.0513179218093564,0.529234803758645,0.999999921882612,0.980370169626042,"PGRP-SC2/Cat/LysE/Drice/SPE/psh/Uev1A/CG13559/nec",9,"male","down"
"BP","GO:0001101","response to acid chemical","1/381","14/7230",0.0714285714285714,1.35545556805399,0.313970680534945,0.531683243692783,0.999999921882612,0.980370169626042,"S6k",1,"male","down"
"BP","GO:0001933","negative regulation of protein phosphorylation","1/381","14/7230",0.0714285714285714,1.35545556805399,0.313970680534945,0.531683243692783,0.999999921882612,0.980370169626042,"Pka-R2",1,"male","down"
"BP","GO:0006446","regulation of translational initiation","1/381","14/7230",0.0714285714285714,1.35545556805399,0.313970680534945,0.531683243692783,0.999999921882612,0.980370169626042,"Paip2",1,"male","down"
"BP","GO:0006727","ommochrome biosynthetic process","1/381","14/7230",0.0714285714285714,1.35545556805399,0.313970680534945,0.531683243692783,0.999999921882612,0.980370169626042,"st",1,"male","down"
"BP","GO:0007593","chitin-based cuticle sclerotization","1/381","14/7230",0.0714285714285714,1.35545556805399,0.313970680534945,0.531683243692783,0.999999921882612,0.980370169626042,"e",1,"male","down"
"BP","GO:0008055","ocellus pigment biosynthetic process","1/381","14/7230",0.0714285714285714,1.35545556805399,0.313970680534945,0.531683243692783,0.999999921882612,0.980370169626042,"st",1,"male","down"
"BP","GO:0008069","dorsal/ventral axis specification, ovarian follicular epithelium","1/381","14/7230",0.0714285714285714,1.35545556805399,0.313970680534945,0.531683243692783,0.999999921882612,0.980370169626042,"sqd",1,"male","down"
"BP","GO:0009066","aspartate family amino acid metabolic process","1/381","14/7230",0.0714285714285714,1.35545556805399,0.313970680534945,0.531683243692783,0.999999921882612,0.980370169626042,"CG10184",1,"male","down"
"BP","GO:0010043","response to zinc ion","1/381","14/7230",0.0714285714285714,1.35545556805399,0.313970680534945,0.531683243692783,0.999999921882612,0.980370169626042,"ZnT77C",1,"male","down"
"BP","GO:0010454","negative regulation of cell fate commitment","1/381","14/7230",0.0714285714285714,1.35545556805399,0.313970680534945,0.531683243692783,0.999999921882612,0.980370169626042,"ed",1,"male","down"
"BP","GO:0010906","regulation of glucose metabolic process","1/381","14/7230",0.0714285714285714,1.35545556805399,0.313970680534945,0.531683243692783,0.999999921882612,0.980370169626042,"Atg1",1,"male","down"
"BP","GO:0015749","monosaccharide transmembrane transport","1/381","14/7230",0.0714285714285714,1.35545556805399,0.313970680534945,0.531683243692783,0.999999921882612,0.980370169626042,"sut1",1,"male","down"
"BP","GO:0033060","ocellus pigmentation","1/381","14/7230",0.0714285714285714,1.35545556805399,0.313970680534945,0.531683243692783,0.999999921882612,0.980370169626042,"st",1,"male","down"
"BP","GO:0042326","negative regulation of phosphorylation","1/381","14/7230",0.0714285714285714,1.35545556805399,0.313970680534945,0.531683243692783,0.999999921882612,0.980370169626042,"Pka-R2",1,"male","down"
"BP","GO:0046152","ommochrome metabolic process","1/381","14/7230",0.0714285714285714,1.35545556805399,0.313970680534945,0.531683243692783,0.999999921882612,0.980370169626042,"st",1,"male","down"
"BP","GO:0046158","ocellus pigment metabolic process","1/381","14/7230",0.0714285714285714,1.35545556805399,0.313970680534945,0.531683243692783,0.999999921882612,0.980370169626042,"st",1,"male","down"
"BP","GO:0046173","polyol biosynthetic process","1/381","14/7230",0.0714285714285714,1.35545556805399,0.313970680534945,0.531683243692783,0.999999921882612,0.980370169626042,"Inos",1,"male","down"
"BP","GO:0048067","cuticle pigmentation","1/381","14/7230",0.0714285714285714,1.35545556805399,0.313970680534945,0.531683243692783,0.999999921882612,0.980370169626042,"e",1,"male","down"
"BP","GO:0048072","compound eye pigmentation","1/381","14/7230",0.0714285714285714,1.35545556805399,0.313970680534945,0.531683243692783,0.999999921882612,0.980370169626042,"ry",1,"male","down"
"BP","GO:0051453","regulation of intracellular pH","1/381","14/7230",0.0714285714285714,1.35545556805399,0.313970680534945,0.531683243692783,0.999999921882612,0.980370169626042,"Vha16-1",1,"male","down"
"BP","GO:0071322","cellular response to carbohydrate stimulus","1/381","14/7230",0.0714285714285714,1.35545556805399,0.313970680534945,0.531683243692783,0.999999921882612,0.980370169626042,"FASN2",1,"male","down"
"BP","GO:0120316","sperm flagellum assembly","1/381","14/7230",0.0714285714285714,1.35545556805399,0.313970680534945,0.531683243692783,0.999999921882612,0.980370169626042,"Mst84Db",1,"male","down"
"BP","GO:1901989","positive regulation of cell cycle phase transition","1/381","14/7230",0.0714285714285714,1.35545556805399,0.313970680534945,0.531683243692783,0.999999921882612,0.980370169626042,"Rae1",1,"male","down"
"BP","GO:1901992","positive regulation of mitotic cell cycle phase transition","1/381","14/7230",0.0714285714285714,1.35545556805399,0.313970680534945,0.531683243692783,0.999999921882612,0.980370169626042,"Rae1",1,"male","down"
"BP","GO:0005996","monosaccharide metabolic process","3/381","53/7230",0.0566037735849057,1.07413460109939,0.127754272691241,0.534665152625258,0.999999921882612,0.980370169626042,"CG10467/Hex-C/Atg1",3,"male","down"
"BP","GO:0055088","lipid homeostasis","3/381","53/7230",0.0566037735849057,1.07413460109939,0.127754272691241,0.534665152625258,0.999999921882612,0.980370169626042,"S6k/Fatp1/CG17841",3,"male","down"
"BP","GO:0050807","regulation of synapse organization","6/381","111/7230",0.0540540540540541,1.02575015960843,0.0644792437730949,0.534665572556784,0.999999921882612,0.980370169626042,"S6k/Rae1/Sod1/Act57B/CG6048/Atg1",6,"male","down"
"BP","GO:0001738","morphogenesis of a polarized epithelium","4/381","73/7230",0.0547945205479452,1.03980153165786,0.0806090352886386,0.541550736567283,0.999999921882612,0.980370169626042,"tsr/grh/ed/fj",4,"male","down"
"BP","GO:0002225","positive regulation of antimicrobial peptide production","2/381","34/7230",0.0588235294117647,1.1162575266327,0.160251822539343,0.54162801534844,0.999999921882612,0.980370169626042,"SPE/psh",2,"male","down"
"BP","GO:0002699","positive regulation of immune effector process","2/381","34/7230",0.0588235294117647,1.1162575266327,0.160251822539343,0.54162801534844,0.999999921882612,0.980370169626042,"SPE/psh",2,"male","down"
"BP","GO:0002702","positive regulation of production of molecular mediator of immune response","2/381","34/7230",0.0588235294117647,1.1162575266327,0.160251822539343,0.54162801534844,0.999999921882612,0.980370169626042,"SPE/psh",2,"male","down"
"BP","GO:0002760","positive regulation of antimicrobial humoral response","2/381","34/7230",0.0588235294117647,1.1162575266327,0.160251822539343,0.54162801534844,0.999999921882612,0.980370169626042,"SPE/psh",2,"male","down"
"BP","GO:0002922","positive regulation of humoral immune response","2/381","34/7230",0.0588235294117647,1.1162575266327,0.160251822539343,0.54162801534844,0.999999921882612,0.980370169626042,"SPE/psh",2,"male","down"
"BP","GO:0008544","epidermis development","2/381","34/7230",0.0588235294117647,1.1162575266327,0.160251822539343,0.54162801534844,0.999999921882612,0.980370169626042,"tsr/fj",2,"male","down"
"BP","GO:0031929","TOR signaling","2/381","34/7230",0.0588235294117647,1.1162575266327,0.160251822539343,0.54162801534844,0.999999921882612,0.980370169626042,"S6k/Atg1",2,"male","down"
"BP","GO:0035151","regulation of tube size, open tracheal system","2/381","34/7230",0.0588235294117647,1.1162575266327,0.160251822539343,0.54162801534844,0.999999921882612,0.980370169626042,"grh/fj",2,"male","down"
"BP","GO:0061058","regulation of peptidoglycan recognition protein signaling pathway","2/381","34/7230",0.0588235294117647,1.1162575266327,0.160251822539343,0.54162801534844,0.999999921882612,0.980370169626042,"PGRP-SC2/Drice",2,"male","down"
"BP","GO:1901292","nucleoside phosphate catabolic process","2/381","34/7230",0.0588235294117647,1.1162575266327,0.160251822539343,0.54162801534844,0.999999921882612,0.980370169626042,"Hex-C/CG11883",2,"male","down"
"BP","GO:0002218","activation of innate immune response","3/381","54/7230",0.0555555555555556,1.05424321959755,0.0943602626580601,0.547465979508025,0.999999921882612,0.980370169626042,"PGRP-SC2/Drice/Uev1A",3,"male","down"
"BP","GO:0031668","cellular response to extracellular stimulus","3/381","54/7230",0.0555555555555556,1.05424321959755,0.0943602626580601,0.547465979508025,0.999999921882612,0.980370169626042,"Debcl/Buffy/Atg1",3,"male","down"
"BP","GO:0031669","cellular response to nutrient levels","3/381","54/7230",0.0555555555555556,1.05424321959755,0.0943602626580601,0.547465979508025,0.999999921882612,0.980370169626042,"Debcl/Buffy/Atg1",3,"male","down"
"BP","GO:0060249","anatomical structure homeostasis","3/381","54/7230",0.0555555555555556,1.05424321959755,0.0943602626580601,0.547465979508025,0.999999921882612,0.980370169626042,"sev/tsr/Atg1",3,"male","down"
"BP","GO:0042335","cuticle development","8/381","152/7230",0.0526315789473684,0.998756734355574,-0.00365357868339436,0.553711875990407,0.999999921882612,0.980370169626042,"Cyp4g1/CG34462/Ccp84Ag/FASN2/Cpr67B/grh/e/Ccp84Ae",8,"male","down"
"BP","GO:0006885","regulation of pH","1/381","15/7230",0.0666666666666667,1.26509186351706,0.242388425170524,0.556410056906898,0.999999921882612,0.980370169626042,"Vha16-1",1,"male","down"
"BP","GO:0006890","retrograde vesicle-mediated transport, Golgi to endoplasmic reticulum","1/381","15/7230",0.0666666666666667,1.26509186351706,0.242388425170524,0.556410056906898,0.999999921882612,0.980370169626042,"sau",1,"male","down"
"BP","GO:0016125","sterol metabolic process","1/381","15/7230",0.0666666666666667,1.26509186351706,0.242388425170524,0.556410056906898,0.999999921882612,0.980370169626042,"CG11162",1,"male","down"
"BP","GO:0018198","peptidyl-cysteine modification","1/381","15/7230",0.0666666666666667,1.26509186351706,0.242388425170524,0.556410056906898,0.999999921882612,0.980370169626042,"CG8314",1,"male","down"
"BP","GO:0030032","lamellipodium assembly","1/381","15/7230",0.0666666666666667,1.26509186351706,0.242388425170524,0.556410056906898,0.999999921882612,0.980370169626042,"tsr",1,"male","down"
"BP","GO:0030641","regulation of cellular pH","1/381","15/7230",0.0666666666666667,1.26509186351706,0.242388425170524,0.556410056906898,0.999999921882612,0.980370169626042,"Vha16-1",1,"male","down"
"BP","GO:0033209","tumor necrosis factor-mediated signaling pathway","1/381","15/7230",0.0666666666666667,1.26509186351706,0.242388425170524,0.556410056906898,0.999999921882612,0.980370169626042,"Uev1A",1,"male","down"
"BP","GO:0034219","carbohydrate transmembrane transport","1/381","15/7230",0.0666666666666667,1.26509186351706,0.242388425170524,0.556410056906898,0.999999921882612,0.980370169626042,"sut1",1,"male","down"
"BP","GO:0043171","peptide catabolic process","1/381","15/7230",0.0666666666666667,1.26509186351706,0.242388425170524,0.556410056906898,0.999999921882612,0.980370169626042,"CG31198",1,"male","down"
"BP","GO:0043524","negative regulation of neuron apoptotic process","1/381","15/7230",0.0666666666666667,1.26509186351706,0.242388425170524,0.556410056906898,0.999999921882612,0.980370169626042,"Debcl",1,"male","down"
"BP","GO:0046839","phospholipid dephosphorylation","1/381","15/7230",0.0666666666666667,1.26509186351706,0.242388425170524,0.556410056906898,0.999999921882612,0.980370169626042,"CG11426",1,"male","down"
"BP","GO:0061951","establishment of protein localization to plasma membrane","1/381","15/7230",0.0666666666666667,1.26509186351706,0.242388425170524,0.556410056906898,0.999999921882612,0.980370169626042,"sau",1,"male","down"
"BP","GO:0071241","cellular response to inorganic substance","1/381","15/7230",0.0666666666666667,1.26509186351706,0.242388425170524,0.556410056906898,0.999999921882612,0.980370169626042,"uex",1,"male","down"
"BP","GO:0090307","mitotic spindle assembly","1/381","15/7230",0.0666666666666667,1.26509186351706,0.242388425170524,0.556410056906898,0.999999921882612,0.980370169626042,"sau",1,"male","down"
"BP","GO:1902806","regulation of cell cycle G1/S phase transition","1/381","15/7230",0.0666666666666667,1.26509186351706,0.242388425170524,0.556410056906898,0.999999921882612,0.980370169626042,"Rae1",1,"male","down"
"BP","GO:1905954","positive regulation of lipid localization","1/381","15/7230",0.0666666666666667,1.26509186351706,0.242388425170524,0.556410056906898,0.999999921882612,0.980370169626042,"FarO",1,"male","down"
"BP","GO:2000045","regulation of G1/S transition of mitotic cell cycle","1/381","15/7230",0.0666666666666667,1.26509186351706,0.242388425170524,0.556410056906898,0.999999921882612,0.980370169626042,"Rae1",1,"male","down"
"BP","GO:0042981","regulation of apoptotic process","7/381","133/7230",0.0526315789473684,0.998756734355574,-0.0034130320598711,0.557022048199346,0.999999921882612,0.980370169626042,"Erasp/CtsK1/Drice/Debcl/Decay/Buffy/Atg1",7,"male","down"
"BP","GO:0009063","amino acid catabolic process","2/381","35/7230",0.0571428571428571,1.08436445444319,0.117995689549043,0.557488181451841,0.999999921882612,0.980370169626042,"CG10184/hgo",2,"male","down"
"BP","GO:0016051","carbohydrate biosynthetic process","2/381","35/7230",0.0571428571428571,1.08436445444319,0.117995689549043,0.557488181451841,0.999999921882612,0.980370169626042,"CG7579/CG7304",2,"male","down"
"BP","GO:0051028","mRNA transport","2/381","35/7230",0.0571428571428571,1.08436445444319,0.117995689549043,0.557488181451841,0.999999921882612,0.980370169626042,"Arc1/sqd",2,"male","down"
"BP","GO:0062207","regulation of pattern recognition receptor signaling pathway","2/381","35/7230",0.0571428571428571,1.08436445444319,0.117995689549043,0.557488181451841,0.999999921882612,0.980370169626042,"PGRP-SC2/Drice",2,"male","down"
"BP","GO:0002253","activation of immune response","3/381","55/7230",0.0545454545454545,1.03507516105941,0.0615826088369273,0.560058920567026,0.999999921882612,0.980370169626042,"PGRP-SC2/Drice/Uev1A",3,"male","down"
"BP","GO:0042325","regulation of phosphorylation","3/381","55/7230",0.0545454545454545,1.03507516105941,0.0615826088369273,0.560058920567026,0.999999921882612,0.980370169626042,"sev/Pka-R2/Ddr",3,"male","down"
"BP","GO:0031331","positive regulation of cellular catabolic process","4/381","75/7230",0.0533333333333333,1.01207349081365,0.0247882967014454,0.563212040025028,0.999999921882612,0.980370169626042,"S6k/Debcl/Buffy/Atg1",4,"male","down"
"BP","GO:0050776","regulation of immune response","7/381","134/7230",0.0522388059701493,0.991303325890234,-0.0239655173660892,0.565089290109614,0.999999921882612,0.980370169626042,"PGRP-SC2/LysE/Drice/SPE/psh/Uev1A/nec",7,"male","down"
"BP","GO:0006405","RNA export from nucleus","2/381","36/7230",0.0555555555555556,1.05424321959755,0.0769483851067207,0.572954809525369,0.999999921882612,0.980370169626042,"sqd/Rae1",2,"male","down"
"BP","GO:0006493","protein O-linked glycosylation","2/381","36/7230",0.0555555555555556,1.05424321959755,0.0769483851067207,0.572954809525369,0.999999921882612,0.980370169626042,"CG7579/CG2983",2,"male","down"
"BP","GO:0035006","melanization defense response","2/381","36/7230",0.0555555555555556,1.05424321959755,0.0769483851067207,0.572954809525369,0.999999921882612,0.980370169626042,"psh/PPO1",2,"male","down"
"BP","GO:0035150","regulation of tube size","2/381","36/7230",0.0555555555555556,1.05424321959755,0.0769483851067207,0.572954809525369,0.999999921882612,0.980370169626042,"grh/fj",2,"male","down"
"BP","GO:0002252","immune effector process","4/381","76/7230",0.0526315789473684,0.998756734355574,-0.00256971096788198,0.573831460443509,0.999999921882612,0.980370169626042,"PGRP-SC2/SPE/psh/Mgat1",4,"male","down"
"BP","GO:0000154","rRNA modification","1/381","16/7230",0.0625,1.18602362204724,0.17568231098632,0.579834557020338,0.999999921882612,0.980370169626042,"CG8545",1,"male","down"
"BP","GO:0009410","response to xenobiotic stimulus","1/381","16/7230",0.0625,1.18602362204724,0.17568231098632,0.579834557020338,0.999999921882612,0.980370169626042,"S6k",1,"male","down"
"BP","GO:0015986","proton motive force-driven ATP synthesis","1/381","16/7230",0.0625,1.18602362204724,0.17568231098632,0.579834557020338,0.999999921882612,0.980370169626042,"ATP8",1,"male","down"
"BP","GO:0018345","protein palmitoylation","1/381","16/7230",0.0625,1.18602362204724,0.17568231098632,0.579834557020338,0.999999921882612,0.980370169626042,"CG8314",1,"male","down"
"BP","GO:0030522","intracellular receptor signaling pathway","1/381","16/7230",0.0625,1.18602362204724,0.17568231098632,0.579834557020338,0.999999921882612,0.980370169626042,"TP53INP",1,"male","down"
"BP","GO:0034472","snRNA 3'-end processing","1/381","16/7230",0.0625,1.18602362204724,0.17568231098632,0.579834557020338,0.999999921882612,0.980370169626042,"IntS11",1,"male","down"
"BP","GO:0034612","response to tumor necrosis factor","1/381","16/7230",0.0625,1.18602362204724,0.17568231098632,0.579834557020338,0.999999921882612,0.980370169626042,"Uev1A",1,"male","down"
"BP","GO:0035096","larval midgut cell programmed cell death","1/381","16/7230",0.0625,1.18602362204724,0.17568231098632,0.579834557020338,0.999999921882612,0.980370169626042,"Atg1",1,"male","down"
"BP","GO:0043277","apoptotic cell clearance","1/381","16/7230",0.0625,1.18602362204724,0.17568231098632,0.579834557020338,0.999999921882612,0.980370169626042,"CG18635",1,"male","down"
"BP","GO:0044458","motile cilium assembly","1/381","16/7230",0.0625,1.18602362204724,0.17568231098632,0.579834557020338,0.999999921882612,0.980370169626042,"Mst84Db",1,"male","down"
"BP","GO:0045456","ecdysteroid biosynthetic process","1/381","16/7230",0.0625,1.18602362204724,0.17568231098632,0.579834557020338,0.999999921882612,0.980370169626042,"eIF4EHP",1,"male","down"
"BP","GO:0046660","female sex differentiation","1/381","16/7230",0.0625,1.18602362204724,0.17568231098632,0.579834557020338,0.999999921882612,0.980370169626042,"tsr",1,"male","down"
"BP","GO:0071356","cellular response to tumor necrosis factor","1/381","16/7230",0.0625,1.18602362204724,0.17568231098632,0.579834557020338,0.999999921882612,0.980370169626042,"Uev1A",1,"male","down"
"BP","GO:0097581","lamellipodium organization","1/381","16/7230",0.0625,1.18602362204724,0.17568231098632,0.579834557020338,0.999999921882612,0.980370169626042,"tsr",1,"male","down"
"BP","GO:0110116","regulation of compound eye photoreceptor cell differentiation","1/381","16/7230",0.0625,1.18602362204724,0.17568231098632,0.579834557020338,0.999999921882612,0.980370169626042,"ed",1,"male","down"
"BP","GO:0045089","positive regulation of innate immune response","4/381","77/7230",0.051948051948052,0.985785867675632,-0.0295739695443098,0.584304677314958,0.999999921882612,0.980370169626042,"PGRP-SC2/Drice/psh/Uev1A",4,"male","down"
"BP","GO:0050906","detection of stimulus involved in sensory perception","3/381","57/7230",0.0526315789473684,0.998756734355574,-0.0022224856336684,0.584600336103203,0.999999921882612,0.980370169626042,"Or59c/Or59b/Or85d",3,"male","down"
"BP","GO:0051168","nuclear export","3/381","57/7230",0.0526315789473684,0.998756734355574,-0.0022224856336684,0.584600336103203,0.999999921882612,0.980370169626042,"sqd/Rae1/CG11123",3,"male","down"
"BP","GO:0071496","cellular response to external stimulus","3/381","57/7230",0.0526315789473684,0.998756734355574,-0.0022224856336684,0.584600336103203,0.999999921882612,0.980370169626042,"Debcl/Buffy/Atg1",3,"male","down"
"BP","GO:0034248","regulation of amide metabolic process","6/381","117/7230",0.0512820512820513,0.973147587320816,-0.0690617941434369,0.586925940508913,0.999999921882612,0.980370169626042,"Paip2/PGRP-SC2/sqd/SPE/psh/eIF4EHP",6,"male","down"
"BP","GO:0019915","lipid storage","2/381","37/7230",0.0540540540540541,1.02575015960843,0.037035121544025,0.588025235402328,0.999999921882612,0.980370169626042,"FarO/Rdh1",2,"male","down"
"BP","GO:0048149","behavioral response to ethanol","2/381","37/7230",0.0540540540540541,1.02575015960843,0.037035121544025,0.588025235402328,0.999999921882612,0.980370169626042,"Pka-R2/aay",2,"male","down"
"BP","GO:0061077","chaperone-mediated protein folding","2/381","37/7230",0.0540540540540541,1.02575015960843,0.037035121544025,0.588025235402328,0.999999921882612,0.980370169626042,"CG13133/CG7409",2,"male","down"
"BP","GO:0043067","regulation of programmed cell death","8/381","157/7230",0.0509554140127389,0.966949195044887,-0.0987456687735634,0.591015601056401,0.999999921882612,0.980370169626042,"Erasp/CtsK1/Drice/Uev1A/Debcl/Decay/Buffy/Atg1",8,"male","down"
"BP","GO:0042594","response to starvation","5/381","98/7230",0.0510204081632653,0.968182548609995,-0.0747929696117743,0.594526363167399,0.999999921882612,0.980370169626042,"Arc1/Debcl/mthl8/Buffy/Atg1",5,"male","down"
"BP","GO:0002831","regulation of response to biotic stimulus","7/381","138/7230",0.0507246376811594,0.962569896154285,-0.104704230371701,0.596666514923292,0.999999921882612,0.980370169626042,"PGRP-SC2/LysE/Drice/SPE/psh/Uev1A/nec",7,"male","down"
"BP","GO:0006754","ATP biosynthetic process","1/381","17/7230",0.0588235294117647,1.1162575266327,0.113181537914499,0.602025163310226,0.999999921882612,0.980370169626042,"ATP8",1,"male","down"
"BP","GO:0030166","proteoglycan biosynthetic process","1/381","17/7230",0.0588235294117647,1.1162575266327,0.113181537914499,0.602025163310226,0.999999921882612,0.980370169626042,"Papst2",1,"male","down"
"BP","GO:0035069","larval midgut histolysis","1/381","17/7230",0.0588235294117647,1.1162575266327,0.113181537914499,0.602025163310226,0.999999921882612,0.980370169626042,"Atg1",1,"male","down"
"BP","GO:0036099","female germ-line stem cell population maintenance","1/381","17/7230",0.0588235294117647,1.1162575266327,0.113181537914499,0.602025163310226,0.999999921882612,0.980370169626042,"S6k",1,"male","down"
"BP","GO:0042246","tissue regeneration","1/381","17/7230",0.0588235294117647,1.1162575266327,0.113181537914499,0.602025163310226,0.999999921882612,0.980370169626042,"RnrL",1,"male","down"
"BP","GO:0050920","regulation of chemotaxis","1/381","17/7230",0.0588235294117647,1.1162575266327,0.113181537914499,0.602025163310226,0.999999921882612,0.980370169626042,"S6k",1,"male","down"
"BP","GO:0060537","muscle tissue development","1/381","17/7230",0.0588235294117647,1.1162575266327,0.113181537914499,0.602025163310226,0.999999921882612,0.980370169626042,"Mlp60A",1,"male","down"
"BP","GO:0070050","neuron cellular homeostasis","1/381","17/7230",0.0588235294117647,1.1162575266327,0.113181537914499,0.602025163310226,0.999999921882612,0.980370169626042,"Debcl",1,"male","down"
"BP","GO:0071396","cellular response to lipid","1/381","17/7230",0.0588235294117647,1.1162575266327,0.113181537914499,0.602025163310226,0.999999921882612,0.980370169626042,"TP53INP",1,"male","down"
"BP","GO:0010562","positive regulation of phosphorus metabolic process","2/381","38/7230",0.0526315789473684,0.998756734355574,-0.00181225334012186,0.602698164450813,0.999999921882612,0.980370169626042,"sev/Ddr",2,"male","down"
"BP","GO:0030865","cortical cytoskeleton organization","2/381","38/7230",0.0526315789473684,0.998756734355574,-0.00181225334012186,0.602698164450813,0.999999921882612,0.980370169626042,"sau/tsr",2,"male","down"
"BP","GO:0045937","positive regulation of phosphate metabolic process","2/381","38/7230",0.0526315789473684,0.998756734355574,-0.00181225334012186,0.602698164450813,0.999999921882612,0.980370169626042,"sev/Ddr",2,"male","down"
"BP","GO:0050778","positive regulation of immune response","5/381","99/7230",0.0505050505050505,0.958402926906864,-0.0982863414580517,0.603636271950511,0.999999921882612,0.980370169626042,"PGRP-SC2/Drice/SPE/psh/Uev1A",5,"male","down"
"BP","GO:0000910","cytokinesis","3/381","59/7230",0.0508474576271186,0.964900573868944,-0.0638446010590644,0.608254561661239,0.999999921882612,0.980370169626042,"sau/tsr/Act57B",3,"male","down"
"BP","GO:0019646","aerobic electron transport chain","3/381","59/7230",0.0508474576271186,0.964900573868944,-0.0638446010590644,0.608254561661239,0.999999921882612,0.980370169626042,"ND4L/ND2/ND6",3,"male","down"
"BP","GO:0072523","purine-containing compound catabolic process","2/381","39/7230",0.0512820512820513,0.973147587320816,-0.0396560076090155,0.616973535332417,0.999999921882612,0.980370169626042,"ry/Hex-C",2,"male","down"
"BP","GO:0031347","regulation of defense response","7/381","141/7230",0.049645390070922,0.942089685597811,-0.163780053270925,0.619565910764205,0.999999921882612,0.980370169626042,"PGRP-SC2/LysE/Drice/SPE/psh/Uev1A/nec",7,"male","down"
"BP","GO:0050795","regulation of behavior","3/381","60/7230",0.05,0.948818897637795,-0.0938887809339053,0.619740875883795,0.999999921882612,0.980370169626042,"SP/Mip/Lkr",3,"male","down"
"BP","GO:0002833","positive regulation of response to biotic stimulus","5/381","101/7230",0.0495049504950495,0.93942465112653,-0.144587357545926,0.621502807932484,0.999999921882612,0.980370169626042,"PGRP-SC2/Drice/SPE/psh/Uev1A",5,"male","down"
"BP","GO:0006026","aminoglycan catabolic process","1/381","18/7230",0.0555555555555556,1.05424321959755,0.0543427822512524,0.623046709515522,0.999999921882612,0.980370169626042,"PGRP-SC2",1,"male","down"
"BP","GO:0006029","proteoglycan metabolic process","1/381","18/7230",0.0555555555555556,1.05424321959755,0.0543427822512524,0.623046709515522,0.999999921882612,0.980370169626042,"Papst2",1,"male","down"
"BP","GO:0006893","Golgi to plasma membrane transport","1/381","18/7230",0.0555555555555556,1.05424321959755,0.0543427822512524,0.623046709515522,0.999999921882612,0.980370169626042,"sau",1,"male","down"
"BP","GO:0006936","muscle contraction","1/381","18/7230",0.0555555555555556,1.05424321959755,0.0543427822512524,0.623046709515522,0.999999921882612,0.980370169626042,"CG4928",1,"male","down"
"BP","GO:0007009","plasma membrane organization","1/381","18/7230",0.0555555555555556,1.05424321959755,0.0543427822512524,0.623046709515522,0.999999921882612,0.980370169626042,"CG18635",1,"male","down"
"BP","GO:0007076","mitotic chromosome condensation","1/381","18/7230",0.0555555555555556,1.05424321959755,0.0543427822512524,0.623046709515522,0.999999921882612,0.980370169626042,"Cap-G",1,"male","down"
"BP","GO:0007271","synaptic transmission, cholinergic","1/381","18/7230",0.0555555555555556,1.05424321959755,0.0543427822512524,0.623046709515522,0.999999921882612,0.980370169626042,"CG31675",1,"male","down"
"BP","GO:0016180","snRNA processing","1/381","18/7230",0.0555555555555556,1.05424321959755,0.0543427822512524,0.623046709515522,0.999999921882612,0.980370169626042,"IntS11",1,"male","down"
"BP","GO:0019221","cytokine-mediated signaling pathway","1/381","18/7230",0.0555555555555556,1.05424321959755,0.0543427822512524,0.623046709515522,0.999999921882612,0.980370169626042,"Uev1A",1,"male","down"
"BP","GO:0042659","regulation of cell fate specification","1/381","18/7230",0.0555555555555556,1.05424321959755,0.0543427822512524,0.623046709515522,0.999999921882612,0.980370169626042,"ed",1,"male","down"
"BP","GO:0048070","regulation of developmental pigmentation","1/381","18/7230",0.0555555555555556,1.05424321959755,0.0543427822512524,0.623046709515522,0.999999921882612,0.980370169626042,"e",1,"male","down"
"BP","GO:0050708","regulation of protein secretion","1/381","18/7230",0.0555555555555556,1.05424321959755,0.0543427822512524,0.623046709515522,0.999999921882612,0.980370169626042,"tsr",1,"male","down"
"BP","GO:0070373","negative regulation of ERK1 and ERK2 cascade","1/381","18/7230",0.0555555555555556,1.05424321959755,0.0543427822512524,0.623046709515522,0.999999921882612,0.980370169626042,"CG7054",1,"male","down"
"BP","GO:0071711","basement membrane organization","1/381","18/7230",0.0555555555555556,1.05424321959755,0.0543427822512524,0.623046709515522,0.999999921882612,0.980370169626042,"prc",1,"male","down"
"BP","GO:0097194","execution phase of apoptosis","1/381","18/7230",0.0555555555555556,1.05424321959755,0.0543427822512524,0.623046709515522,0.999999921882612,0.980370169626042,"CG18635",1,"male","down"
"BP","GO:0120305","regulation of pigmentation","1/381","18/7230",0.0555555555555556,1.05424321959755,0.0543427822512524,0.623046709515522,0.999999921882612,0.980370169626042,"e",1,"male","down"
"BP","GO:0008340","determination of adult lifespan","6/381","122/7230",0.0491803278688525,0.933264489479799,-0.175327972244977,0.628069031952464,0.999999921882612,0.980370169626042,"ry/Cat/S6k/Mgat1/Sod1/mthl8",6,"male","down"
"BP","GO:0031349","positive regulation of defense response","5/381","102/7230",0.0490196078431373,0.93021460552725,-0.167405142624975,0.630255035526512,0.999999921882612,0.980370169626042,"PGRP-SC2/Drice/SPE/psh/Uev1A",5,"male","down"
"BP","GO:0007033","vacuole organization","2/381","40/7230",0.05,0.948818897637795,-0.0765531742487188,0.63085239425466,0.999999921882612,0.980370169626042,"Atg1/TP53INP",2,"male","down"
"BP","GO:0006066","alcohol metabolic process","3/381","61/7230",0.0491803278688525,0.933264489479799,-0.123447025963882,0.63099683407159,0.999999921882612,0.980370169626042,"Inos/CG17026/CG18814",3,"male","down"
"BP","GO:1901700","response to oxygen-containing compound","11/381","224/7230",0.0491071428571429,0.93187570303712,-0.244274983829524,0.640278923151602,0.999999921882612,0.980370169626042,"Cat/S6k/Sod3/Pka-R2/aay/Sod1/FASN2/Cyp6d2/uex/Clic/TP53INP",11,"male","down"
"BP","GO:0009593","detection of chemical stimulus","3/381","62/7230",0.0483870967741935,0.918211836423673,-0.15253704205025,0.642020738630654,0.999999921882612,0.980370169626042,"Or59c/Or59b/Or85d",3,"male","down"
"BP","GO:0000470","maturation of LSU-rRNA","1/381","19/7230",0.0526315789473684,0.998756734355574,-0.00127976728091243,0.642960631267406,0.999999921882612,0.980370169626042,"CG8545",1,"male","down"
"BP","GO:0007112","male meiosis cytokinesis","1/381","19/7230",0.0526315789473684,0.998756734355574,-0.00127976728091243,0.642960631267406,0.999999921882612,0.980370169626042,"sau",1,"male","down"
"BP","GO:0009145","purine nucleoside triphosphate biosynthetic process","1/381","19/7230",0.0526315789473684,0.998756734355574,-0.00127976728091243,0.642960631267406,0.999999921882612,0.980370169626042,"ATP8",1,"male","down"
"BP","GO:0009206","purine ribonucleoside triphosphate biosynthetic process","1/381","19/7230",0.0526315789473684,0.998756734355574,-0.00127976728091243,0.642960631267406,0.999999921882612,0.980370169626042,"ATP8",1,"male","down"
"BP","GO:0009755","hormone-mediated signaling pathway","1/381","19/7230",0.0526315789473684,0.998756734355574,-0.00127976728091243,0.642960631267406,0.999999921882612,0.980370169626042,"TP53INP",1,"male","down"
"BP","GO:0032881","regulation of polysaccharide metabolic process","1/381","19/7230",0.0526315789473684,0.998756734355574,-0.00127976728091243,0.642960631267406,0.999999921882612,0.980370169626042,"Atg1",1,"male","down"
"BP","GO:0033227","dsRNA transport","1/381","19/7230",0.0526315789473684,0.998756734355574,-0.00127976728091243,0.642960631267406,0.999999921882612,0.980370169626042,"Vha16-1",1,"male","down"
"BP","GO:0045500","sevenless signaling pathway","1/381","19/7230",0.0526315789473684,0.998756734355574,-0.00127976728091243,0.642960631267406,0.999999921882612,0.980370169626042,"sev",1,"male","down"
"BP","GO:0046667","compound eye retinal cell programmed cell death","1/381","19/7230",0.0526315789473684,0.998756734355574,-0.00127976728091243,0.642960631267406,0.999999921882612,0.980370169626042,"Drice",1,"male","down"
"BP","GO:0055090","acylglycerol homeostasis","1/381","19/7230",0.0526315789473684,0.998756734355574,-0.00127976728091243,0.642960631267406,0.999999921882612,0.980370169626042,"Fatp1",1,"male","down"
"BP","GO:0070328","triglyceride homeostasis","1/381","19/7230",0.0526315789473684,0.998756734355574,-0.00127976728091243,0.642960631267406,0.999999921882612,0.980370169626042,"Fatp1",1,"male","down"
"BP","GO:0070873","regulation of glycogen metabolic process","1/381","19/7230",0.0526315789473684,0.998756734355574,-0.00127976728091243,0.642960631267406,0.999999921882612,0.980370169626042,"Atg1",1,"male","down"
"BP","GO:0071345","cellular response to cytokine stimulus","1/381","19/7230",0.0526315789473684,0.998756734355574,-0.00127976728091243,0.642960631267406,0.999999921882612,0.980370169626042,"Uev1A",1,"male","down"
"BP","GO:1903034","regulation of response to wounding","1/381","19/7230",0.0526315789473684,0.998756734355574,-0.00127976728091243,0.642960631267406,0.999999921882612,0.980370169626042,"grh",1,"male","down"
"BP","GO:0018105","peptidyl-serine phosphorylation","2/381","41/7230",0.048780487804878,0.925676973305166,-0.112556114087021,0.644336778994061,0.999999921882612,0.980370169626042,"S6k/Atg1",2,"male","down"
"BP","GO:0018209","peptidyl-serine modification","2/381","41/7230",0.048780487804878,0.925676973305166,-0.112556114087021,0.644336778994061,0.999999921882612,0.980370169626042,"S6k/Atg1",2,"male","down"
"BP","GO:0042773","ATP synthesis coupled electron transport","3/381","63/7230",0.0476190476190476,0.903637045369329,-0.181175595407859,0.652811390000806,0.999999921882612,0.980370169626042,"ND4L/ND2/ND6",3,"male","down"
"BP","GO:0042775","mitochondrial ATP synthesis coupled electron transport","3/381","63/7230",0.0476190476190476,0.903637045369329,-0.181175595407859,0.652811390000806,0.999999921882612,0.980370169626042,"ND4L/ND2/ND6",3,"male","down"
"BP","GO:0048871","multicellular organismal-level homeostasis","4/381","84/7230",0.0476190476190476,0.903637045369329,-0.209510726030916,0.65326611901994,0.999999921882612,0.980370169626042,"Cat/sev/tsr/Atg1",4,"male","down"
"BP","GO:0006813","potassium ion transport","2/381","42/7230",0.0476190476190476,0.903637045369329,-0.147713005825293,0.657429612013565,0.999999921882612,0.980370169626042,"CG4928/galene",2,"male","down"
"BP","GO:0009615","response to virus","2/381","42/7230",0.0476190476190476,0.903637045369329,-0.147713005825293,0.657429612013565,0.999999921882612,0.980370169626042,"CRIF/EbpIII",2,"male","down"
"BP","GO:0046034","ATP metabolic process","2/381","42/7230",0.0476190476190476,0.903637045369329,-0.147713005825293,0.657429612013565,0.999999921882612,0.980370169626042,"Hex-C/ATP8",2,"male","down"
"BP","GO:0072524","pyridine-containing compound metabolic process","2/381","42/7230",0.0476190476190476,0.903637045369329,-0.147713005825293,0.657429612013565,0.999999921882612,0.980370169626042,"AOX1/Hex-C",2,"male","down"
"BP","GO:0009142","nucleoside triphosphate biosynthetic process","1/381","20/7230",0.05,0.948818897637795,-0.0540561384525835,0.661825143746552,0.999999921882612,0.980370169626042,"ATP8",1,"male","down"
"BP","GO:0009201","ribonucleoside triphosphate biosynthetic process","1/381","20/7230",0.05,0.948818897637795,-0.0540561384525835,0.661825143746552,0.999999921882612,0.980370169626042,"ATP8",1,"male","down"
"BP","GO:0030203","glycosaminoglycan metabolic process","1/381","20/7230",0.05,0.948818897637795,-0.0540561384525835,0.661825143746552,0.999999921882612,0.980370169626042,"PGRP-SC2",1,"male","down"
"BP","GO:0034097","response to cytokine","1/381","20/7230",0.05,0.948818897637795,-0.0540561384525835,0.661825143746552,0.999999921882612,0.980370169626042,"Uev1A",1,"male","down"
"BP","GO:0035075","response to ecdysone","1/381","20/7230",0.05,0.948818897637795,-0.0540561384525835,0.661825143746552,0.999999921882612,0.980370169626042,"TP53INP",1,"male","down"
"BP","GO:0036314","response to sterol","1/381","20/7230",0.05,0.948818897637795,-0.0540561384525835,0.661825143746552,0.999999921882612,0.980370169626042,"TP53INP",1,"male","down"
"BP","GO:0045859","regulation of protein kinase activity","1/381","20/7230",0.05,0.948818897637795,-0.0540561384525835,0.661825143746552,0.999999921882612,0.980370169626042,"Pka-R2",1,"male","down"
"BP","GO:0045931","positive regulation of mitotic cell cycle","1/381","20/7230",0.05,0.948818897637795,-0.0540561384525835,0.661825143746552,0.999999921882612,0.980370169626042,"Rae1",1,"male","down"
"BP","GO:0046666","retinal cell programmed cell death","1/381","20/7230",0.05,0.948818897637795,-0.0540561384525835,0.661825143746552,0.999999921882612,0.980370169626042,"Drice",1,"male","down"
"BP","GO:0051017","actin filament bundle assembly","1/381","20/7230",0.05,0.948818897637795,-0.0540561384525835,0.661825143746552,0.999999921882612,0.980370169626042,"ed",1,"male","down"
"BP","GO:0051222","positive regulation of protein transport","1/381","20/7230",0.05,0.948818897637795,-0.0540561384525835,0.661825143746552,0.999999921882612,0.980370169626042,"tsr",1,"male","down"
"BP","GO:0051261","protein depolymerization","1/381","20/7230",0.05,0.948818897637795,-0.0540561384525835,0.661825143746552,0.999999921882612,0.980370169626042,"tsr",1,"male","down"
"BP","GO:0080134","regulation of response to stress","9/381","188/7230",0.0478723404255319,0.908443625397889,-0.29999051168882,0.665430222312416,0.999999921882612,0.980370169626042,"PGRP-SC2/Erasp/LysE/Drice/SPE/psh/Uev1A/grh/nec",9,"male","down"
"BP","GO:0001894","tissue homeostasis","2/381","43/7230",0.0465116279069767,0.88262223036074,-0.1820682741324,0.670134602041836,0.999999921882612,0.980370169626042,"tsr/Atg1",2,"male","down"
"BP","GO:0042273","ribosomal large subunit biogenesis","2/381","43/7230",0.0465116279069767,0.88262223036074,-0.1820682741324,0.670134602041836,0.999999921882612,0.980370169626042,"CG8545/CG32409",2,"male","down"
"BP","GO:0022904","respiratory electron transport chain","3/381","65/7230",0.0461538461538462,0.875832828588734,-0.237161061682907,0.673690441948889,0.999999921882612,0.980370169626042,"ND4L/ND2/ND6",3,"male","down"
"BP","GO:0006891","intra-Golgi vesicle-mediated transport","1/381","21/7230",0.0476190476190476,0.903637045369329,-0.104296626034325,0.679695410075618,0.999999921882612,0.980370169626042,"sau",1,"male","down"
"BP","GO:0009629","response to gravity","1/381","21/7230",0.0476190476190476,0.903637045369329,-0.104296626034325,0.679695410075618,0.999999921882612,0.980370169626042,"Clic",1,"male","down"
"BP","GO:0010563","negative regulation of phosphorus metabolic process","1/381","21/7230",0.0476190476190476,0.903637045369329,-0.104296626034325,0.679695410075618,0.999999921882612,0.980370169626042,"Pka-R2",1,"male","down"
"BP","GO:0016325","oocyte microtubule cytoskeleton organization","1/381","21/7230",0.0476190476190476,0.903637045369329,-0.104296626034325,0.679695410075618,0.999999921882612,0.980370169626042,"sqd",1,"male","down"
"BP","GO:0031122","cytoplasmic microtubule organization","1/381","21/7230",0.0476190476190476,0.903637045369329,-0.104296626034325,0.679695410075618,0.999999921882612,0.980370169626042,"Sdb",1,"male","down"
"BP","GO:0038202","TORC1 signaling","1/381","21/7230",0.0476190476190476,0.903637045369329,-0.104296626034325,0.679695410075618,0.999999921882612,0.980370169626042,"S6k",1,"male","down"
"BP","GO:0042059","negative regulation of epidermal growth factor receptor signaling pathway","1/381","21/7230",0.0476190476190476,0.903637045369329,-0.104296626034325,0.679695410075618,0.999999921882612,0.980370169626042,"ed",1,"male","down"
"BP","GO:0042332","gravitaxis","1/381","21/7230",0.0476190476190476,0.903637045369329,-0.104296626034325,0.679695410075618,0.999999921882612,0.980370169626042,"Clic",1,"male","down"
"BP","GO:0045936","negative regulation of phosphate metabolic process","1/381","21/7230",0.0476190476190476,0.903637045369329,-0.104296626034325,0.679695410075618,0.999999921882612,0.980370169626042,"Pka-R2",1,"male","down"
"BP","GO:1901185","negative regulation of ERBB signaling pathway","1/381","21/7230",0.0476190476190476,0.903637045369329,-0.104296626034325,0.679695410075618,0.999999921882612,0.980370169626042,"ed",1,"male","down"
"BP","GO:0009205","purine ribonucleoside triphosphate metabolic process","2/381","44/7230",0.0454545454545455,0.862562634216178,-0.21566296488947,0.682456153523135,0.999999921882612,0.980370169626042,"Hex-C/ATP8",2,"male","down"
"BP","GO:2000243","positive regulation of reproductive process","2/381","44/7230",0.0454545454545455,0.862562634216178,-0.21566296488947,0.682456153523135,0.999999921882612,0.980370169626042,"Acp26Aa/Atg1",2,"male","down"
"BP","GO:0006497","protein lipidation","2/381","45/7230",0.0444444444444444,0.84339457567804,-0.248535075164912,0.694399283385014,0.999999921882612,0.980370169626042,"Nmt/CG8314",2,"male","down"
"BP","GO:0009144","purine nucleoside triphosphate metabolic process","2/381","45/7230",0.0444444444444444,0.84339457567804,-0.248535075164912,0.694399283385014,0.999999921882612,0.980370169626042,"Hex-C/ATP8",2,"male","down"
"BP","GO:0009199","ribonucleoside triphosphate metabolic process","2/381","45/7230",0.0444444444444444,0.84339457567804,-0.248535075164912,0.694399283385014,0.999999921882612,0.980370169626042,"Hex-C/ATP8",2,"male","down"
"BP","GO:0016485","protein processing","2/381","45/7230",0.0444444444444444,0.84339457567804,-0.248535075164912,0.694399283385014,0.999999921882612,0.980370169626042,"Sems/CtsK1",2,"male","down"
"BP","GO:0042158","lipoprotein biosynthetic process","2/381","45/7230",0.0444444444444444,0.84339457567804,-0.248535075164912,0.694399283385014,0.999999921882612,0.980370169626042,"Nmt/CG8314",2,"male","down"
"BP","GO:1903825","organic acid transmembrane transport","2/381","45/7230",0.0444444444444444,0.84339457567804,-0.248535075164912,0.694399283385014,0.999999921882612,0.980370169626042,"Dic1/CG1907",2,"male","down"
"BP","GO:1905039","carboxylic acid transmembrane transport","2/381","45/7230",0.0444444444444444,0.84339457567804,-0.248535075164912,0.694399283385014,0.999999921882612,0.980370169626042,"Dic1/CG1907",2,"male","down"
"BP","GO:0000082","G1/S transition of mitotic cell cycle","1/381","22/7230",0.0454545454545455,0.862562634216178,-0.152263844518298,0.696623700928883,0.999999921882612,0.980370169626042,"Rae1",1,"male","down"
"BP","GO:0000212","meiotic spindle organization","1/381","22/7230",0.0454545454545455,0.862562634216178,-0.152263844518298,0.696623700928883,0.999999921882612,0.980370169626042,"sau",1,"male","down"
"BP","GO:0006096","glycolytic process","1/381","22/7230",0.0454545454545455,0.862562634216178,-0.152263844518298,0.696623700928883,0.999999921882612,0.980370169626042,"Hex-C",1,"male","down"
"BP","GO:0006821","chloride transport","1/381","22/7230",0.0454545454545455,0.862562634216178,-0.152263844518298,0.696623700928883,0.999999921882612,0.980370169626042,"Clic",1,"male","down"
"BP","GO:0007603","phototransduction, visible light","1/381","22/7230",0.0454545454545455,0.862562634216178,-0.152263844518298,0.696623700928883,0.999999921882612,0.980370169626042,"ninaD",1,"male","down"
"BP","GO:0009135","purine nucleoside diphosphate metabolic process","1/381","22/7230",0.0454545454545455,0.862562634216178,-0.152263844518298,0.696623700928883,0.999999921882612,0.980370169626042,"Hex-C",1,"male","down"
"BP","GO:0009137","purine nucleoside diphosphate catabolic process","1/381","22/7230",0.0454545454545455,0.862562634216178,-0.152263844518298,0.696623700928883,0.999999921882612,0.980370169626042,"Hex-C",1,"male","down"
"BP","GO:0009179","purine ribonucleoside diphosphate metabolic process","1/381","22/7230",0.0454545454545455,0.862562634216178,-0.152263844518298,0.696623700928883,0.999999921882612,0.980370169626042,"Hex-C",1,"male","down"
"BP","GO:0009181","purine ribonucleoside diphosphate catabolic process","1/381","22/7230",0.0454545454545455,0.862562634216178,-0.152263844518298,0.696623700928883,0.999999921882612,0.980370169626042,"Hex-C",1,"male","down"
"BP","GO:0009191","ribonucleoside diphosphate catabolic process","1/381","22/7230",0.0454545454545455,0.862562634216178,-0.152263844518298,0.696623700928883,0.999999921882612,0.980370169626042,"Hex-C",1,"male","down"
"BP","GO:0010453","regulation of cell fate commitment","1/381","22/7230",0.0454545454545455,0.862562634216178,-0.152263844518298,0.696623700928883,0.999999921882612,0.980370169626042,"ed",1,"male","down"
"BP","GO:0016334","establishment or maintenance of polarity of follicular epithelium","1/381","22/7230",0.0454545454545455,0.862562634216178,-0.152263844518298,0.696623700928883,0.999999921882612,0.980370169626042,"sqd",1,"male","down"
"BP","GO:0035249","synaptic transmission, glutamatergic","1/381","22/7230",0.0454545454545455,0.862562634216178,-0.152263844518298,0.696623700928883,0.999999921882612,0.980370169626042,"GluRIID",1,"male","down"
"BP","GO:0044843","cell cycle G1/S phase transition","1/381","22/7230",0.0454545454545455,0.862562634216178,-0.152263844518298,0.696623700928883,0.999999921882612,0.980370169626042,"Rae1",1,"male","down"
"BP","GO:0046031","ADP metabolic process","1/381","22/7230",0.0454545454545455,0.862562634216178,-0.152263844518298,0.696623700928883,0.999999921882612,0.980370169626042,"Hex-C",1,"male","down"
"BP","GO:0046032","ADP catabolic process","1/381","22/7230",0.0454545454545455,0.862562634216178,-0.152263844518298,0.696623700928883,0.999999921882612,0.980370169626042,"Hex-C",1,"male","down"
"BP","GO:0046330","positive regulation of JNK cascade","1/381","22/7230",0.0454545454545455,0.862562634216178,-0.152263844518298,0.696623700928883,0.999999921882612,0.980370169626042,"Uev1A",1,"male","down"
"BP","GO:1904951","positive regulation of establishment of protein localization","1/381","22/7230",0.0454545454545455,0.862562634216178,-0.152263844518298,0.696623700928883,0.999999921882612,0.980370169626042,"tsr",1,"male","down"
"BP","GO:0005975","carbohydrate metabolic process","8/381","173/7230",0.046242774566474,0.877520367757498,-0.38456068581722,0.699042615879914,0.999999921882612,0.980370169626042,"CG7579/tobi/CG7304/CG10467/Amy-d/Hex-C/Atg1/Mal-A2",8,"male","down"
"BP","GO:0022900","electron transport chain","3/381","68/7230",0.0441176470588235,0.837193144974525,-0.31812514830567,0.703254941658604,0.999999921882612,0.980370169626042,"ND4L/ND2/ND6",3,"male","down"
"BP","GO:0007600","sensory perception","8/381","174/7230",0.0459770114942529,0.872477147253145,-0.401579352113652,0.70514850811665,0.999999921882612,0.980370169626042,"CheA75a/Obp49a/Obp99d/Or59c/Obp56f/CheA7a/Or59b/Or85d",8,"male","down"
"BP","GO:0007140","male meiotic nuclear division","2/381","46/7230",0.0434782608695652,0.825059910989387,-0.280719844268158,0.70596954460725,0.999999921882612,0.980370169626042,"sau/Rae1",2,"male","down"
"BP","GO:0007435","salivary gland morphogenesis","2/381","46/7230",0.0434782608695652,0.825059910989387,-0.280719844268158,0.70596954460725,0.999999921882612,0.980370169626042,"PH4alphaSG1/Drice",2,"male","down"
"BP","GO:0008593","regulation of Notch signaling pathway","2/381","46/7230",0.0434782608695652,0.825059910989387,-0.280719844268158,0.70596954460725,0.999999921882612,0.980370169626042,"ed/Gmd",2,"male","down"
"BP","GO:0022612","gland morphogenesis","2/381","46/7230",0.0434782608695652,0.825059910989387,-0.280719844268158,0.70596954460725,0.999999921882612,0.980370169626042,"PH4alphaSG1/Drice",2,"male","down"
"BP","GO:0009991","response to extracellular stimulus","5/381","112/7230",0.0446428571428571,0.847159730033746,-0.384464135144019,0.710776016380879,0.999999921882612,0.980370169626042,"Arc1/Debcl/mthl8/Buffy/Atg1",5,"male","down"
"BP","GO:0031667","response to nutrient levels","5/381","112/7230",0.0446428571428571,0.847159730033746,-0.384464135144019,0.710776016380879,0.999999921882612,0.980370169626042,"Arc1/Debcl/mthl8/Buffy/Atg1",5,"male","down"
"BP","GO:0032103","positive regulation of response to external stimulus","5/381","112/7230",0.0446428571428571,0.847159730033746,-0.384464135144019,0.710776016380879,0.999999921882612,0.980370169626042,"PGRP-SC2/Drice/SPE/psh/Uev1A",5,"male","down"
"BP","GO:0035218","leg disc development","3/381","69/7230",0.0434782608695652,0.825059910989387,-0.344361878925593,0.712645029225398,0.999999921882612,0.980370169626042,"Pax/tsr/fj",3,"male","down"
"BP","GO:0003382","epithelial cell morphogenesis","1/381","23/7230",0.0434782608695652,0.825059910989387,-0.198181913463743,0.712659545815966,0.999999921882612,0.980370169626042,"grh",1,"male","down"
"BP","GO:0007465","R7 cell fate commitment","1/381","23/7230",0.0434782608695652,0.825059910989387,-0.198181913463743,0.712659545815966,0.999999921882612,0.980370169626042,"sev",1,"male","down"
"BP","GO:0008277","regulation of G protein-coupled receptor signaling pathway","1/381","23/7230",0.0434782608695652,0.825059910989387,-0.198181913463743,0.712659545815966,0.999999921882612,0.980370169626042,"Acp26Aa",1,"male","down"
"BP","GO:0008592","regulation of Toll signaling pathway","1/381","23/7230",0.0434782608695652,0.825059910989387,-0.198181913463743,0.712659545815966,0.999999921882612,0.980370169626042,"Drice",1,"male","down"
"BP","GO:0009134","nucleoside diphosphate catabolic process","1/381","23/7230",0.0434782608695652,0.825059910989387,-0.198181913463743,0.712659545815966,0.999999921882612,0.980370169626042,"Hex-C",1,"male","down"
"BP","GO:0009185","ribonucleoside diphosphate metabolic process","1/381","23/7230",0.0434782608695652,0.825059910989387,-0.198181913463743,0.712659545815966,0.999999921882612,0.980370169626042,"Hex-C",1,"male","down"
"BP","GO:0010959","regulation of metal ion transport","1/381","23/7230",0.0434782608695652,0.825059910989387,-0.198181913463743,0.712659545815966,0.999999921882612,0.980370169626042,"CG4928",1,"male","down"
"BP","GO:0019364","pyridine nucleotide catabolic process","1/381","23/7230",0.0434782608695652,0.825059910989387,-0.198181913463743,0.712659545815966,0.999999921882612,0.980370169626042,"Hex-C",1,"male","down"
"BP","GO:0042147","retrograde transport, endosome to Golgi","1/381","23/7230",0.0434782608695652,0.825059910989387,-0.198181913463743,0.712659545815966,0.999999921882612,0.980370169626042,"Rab9",1,"male","down"
"BP","GO:0051047","positive regulation of secretion","1/381","23/7230",0.0434782608695652,0.825059910989387,-0.198181913463743,0.712659545815966,0.999999921882612,0.980370169626042,"tsr",1,"male","down"
"BP","GO:0061572","actin filament bundle organization","1/381","23/7230",0.0434782608695652,0.825059910989387,-0.198181913463743,0.712659545815966,0.999999921882612,0.980370169626042,"ed",1,"male","down"
"BP","GO:0072526","pyridine-containing compound catabolic process","1/381","23/7230",0.0434782608695652,0.825059910989387,-0.198181913463743,0.712659545815966,0.999999921882612,0.980370169626042,"Hex-C",1,"male","down"
"BP","GO:1901654","response to ketone","1/381","23/7230",0.0434782608695652,0.825059910989387,-0.198181913463743,0.712659545815966,0.999999921882612,0.980370169626042,"TP53INP",1,"male","down"
"BP","GO:1903532","positive regulation of secretion by cell","1/381","23/7230",0.0434782608695652,0.825059910989387,-0.198181913463743,0.712659545815966,0.999999921882612,0.980370169626042,"tsr",1,"male","down"
"BP","GO:1905952","regulation of lipid localization","1/381","23/7230",0.0434782608695652,0.825059910989387,-0.198181913463743,0.712659545815966,0.999999921882612,0.980370169626042,"FarO",1,"male","down"
"BP","GO:0006413","translational initiation","2/381","47/7230",0.0425531914893617,0.807505444798124,-0.312250011221869,0.717172956109343,0.999999921882612,0.980370169626042,"Paip2/eIF4EHP",2,"male","down"
"BP","GO:0007602","phototransduction","2/381","47/7230",0.0425531914893617,0.807505444798124,-0.312250011221869,0.717172956109343,0.999999921882612,0.980370169626042,"ninaD/CG11426",2,"male","down"
"BP","GO:0009141","nucleoside triphosphate metabolic process","2/381","47/7230",0.0425531914893617,0.807505444798124,-0.312250011221869,0.717172956109343,0.999999921882612,0.980370169626042,"Hex-C/ATP8",2,"male","down"
"BP","GO:0045862","positive regulation of proteolysis","2/381","47/7230",0.0425531914893617,0.807505444798124,-0.312250011221869,0.717172956109343,0.999999921882612,0.980370169626042,"CtsK1/ari-1",2,"male","down"
"BP","GO:0046434","organophosphate catabolic process","2/381","47/7230",0.0425531914893617,0.807505444798124,-0.312250011221869,0.717172956109343,0.999999921882612,0.980370169626042,"Hex-C/CG11883",2,"male","down"
"BP","GO:0006364","rRNA processing","5/381","113/7230",0.0442477876106195,0.839662741272385,-0.405147543627935,0.718108000456616,0.999999921882612,0.980370169626042,"CG8545/CG5645/CG11123/CG32409/CG14805",5,"male","down"
"BP","GO:0009894","regulation of catabolic process","9/381","198/7230",0.0454545454545455,0.862562634216178,-0.462472596266911,0.724095214717447,0.999999921882612,0.980370169626042,"S6k/Pax/Rae1/Sod1/Debcl/ari-1/Buffy/Atg1/TP53INP",9,"male","down"
"BP","GO:0009132","nucleoside diphosphate metabolic process","1/381","24/7230",0.0416666666666667,0.790682414698163,-0.242243551568642,0.727849876472844,0.999999921882612,0.980370169626042,"Hex-C",1,"male","down"
"BP","GO:0010821","regulation of mitochondrion organization","1/381","24/7230",0.0416666666666667,0.790682414698163,-0.242243551568642,0.727849876472844,0.999999921882612,0.980370169626042,"Sod1",1,"male","down"
"BP","GO:0046528","imaginal disc fusion","1/381","24/7230",0.0416666666666667,0.790682414698163,-0.242243551568642,0.727849876472844,0.999999921882612,0.980370169626042,"Mec2",1,"male","down"
"BP","GO:0046529","imaginal disc fusion, thorax closure","1/381","24/7230",0.0416666666666667,0.790682414698163,-0.242243551568642,0.727849876472844,0.999999921882612,0.980370169626042,"Mec2",1,"male","down"
"BP","GO:0007306","egg chorion assembly","2/381","48/7230",0.0416666666666667,0.790682414698163,-0.343156043161905,0.728015938505675,0.999999921882612,0.980370169626042,"Pax/ed",2,"male","down"
"BP","GO:0043085","positive regulation of catalytic activity","3/381","71/7230",0.0422535211267606,0.801818786736165,-0.395779680054749,0.730736489627398,0.999999921882612,0.980370169626042,"CtsK1/sev/Ddr",3,"male","down"
"BP","GO:0050803","regulation of synapse structure or activity","6/381","137/7230",0.0437956204379562,0.831082246106098,-0.470769825749919,0.736154465527354,0.999999921882612,0.980370169626042,"S6k/Rae1/Sod1/Act57B/CG6048/Atg1",6,"male","down"
"BP","GO:0009101","glycoprotein biosynthetic process","4/381","94/7230",0.0425531914893617,0.807505444798124,-0.443040035314373,0.737746616410224,0.999999921882612,0.980370169626042,"CG7579/CG2983/Mgat1/Papst2",4,"male","down"
"BP","GO:0016049","cell growth","4/381","94/7230",0.0425531914893617,0.807505444798124,-0.443040035314373,0.737746616410224,0.999999921882612,0.980370169626042,"Paip2/FarO/S6k/Atg1",4,"male","down"
"BP","GO:0007219","Notch signaling pathway","2/381","49/7230",0.0408163265306122,0.774546038887996,-0.373466338487548,0.738505255307217,0.999999921882612,0.980370169626042,"ed/Gmd",2,"male","down"
"BP","GO:0034250","positive regulation of amide metabolic process","2/381","49/7230",0.0408163265306122,0.774546038887996,-0.373466338487548,0.738505255307217,0.999999921882612,0.980370169626042,"SPE/psh",2,"male","down"
"BP","GO:0042157","lipoprotein metabolic process","2/381","49/7230",0.0408163265306122,0.774546038887996,-0.373466338487548,0.738505255307217,0.999999921882612,0.980370169626042,"Nmt/CG8314",2,"male","down"
"BP","GO:0045471","response to ethanol","2/381","49/7230",0.0408163265306122,0.774546038887996,-0.373466338487548,0.738505255307217,0.999999921882612,0.980370169626042,"Pka-R2/aay",2,"male","down"
"BP","GO:0030951","establishment or maintenance of microtubule cytoskeleton polarity","1/381","25/7230",0.04,0.759055118110236,-0.28461562226732,0.742239162770907,0.999999921882612,0.980370169626042,"sqd",1,"male","down"
"BP","GO:0031400","negative regulation of protein modification process","1/381","25/7230",0.04,0.759055118110236,-0.28461562226732,0.742239162770907,0.999999921882612,0.980370169626042,"Pka-R2",1,"male","down"
"BP","GO:0036335","intestinal stem cell homeostasis","1/381","25/7230",0.04,0.759055118110236,-0.28461562226732,0.742239162770907,0.999999921882612,0.980370169626042,"Cat",1,"male","down"
"BP","GO:0022411","cellular component disassembly","4/381","95/7230",0.0421052631578947,0.799005387484459,-0.46509026340731,0.745273020721253,0.999999921882612,0.980370169626042,"tsr/Sod1/Cap-G/Atg1",4,"male","down"
"BP","GO:0032101","regulation of response to external stimulus","8/381","181/7230",0.0441988950276243,0.838734937138383,-0.518207673298629,0.74562052280954,0.999999921882612,0.980370169626042,"PGRP-SC2/S6k/LysE/Drice/SPE/psh/Uev1A/nec",8,"male","down"
"BP","GO:0007480","imaginal disc-derived leg morphogenesis","2/381","50/7230",0.04,0.759055118110236,-0.403207408014159,0.748647959176573,0.999999921882612,0.980370169626042,"tsr/fj",2,"male","down"
"BP","GO:0043603","amide metabolic process","20/381","429/7230",0.0466200466200466,0.884679624837105,-0.580812991960972,0.750736289172948,0.999999921882612,0.980370169626042,"Paip2/FarO/CG17560/PGRP-SC2/GstE9/CG4752/sqd/SPE/psh/CG31198/Acsx3/GstE7/eIF4EHP/Acsx1R/GstE3/CG9993/GstD5/e/Acsx4/CG5568",20,"male","down"
"BP","GO:0006915","apoptotic process","8/381","182/7230",0.043956043956044,0.834126503417842,-0.534524680990889,0.751075237576671,0.999999921882612,0.980370169626042,"Erasp/CtsK1/Drice/CG18635/Debcl/Decay/Buffy/Atg1",8,"male","down"
"BP","GO:0050790","regulation of catalytic activity","5/381","118/7230",0.0423728813559322,0.804083811557454,-0.506061699635696,0.752783410215647,0.999999921882612,0.980370169626042,"CtsK1/Sfp33A3/sev/Pka-R2/Ddr",5,"male","down"
"BP","GO:0006892","post-Golgi vesicle-mediated transport","1/381","26/7230",0.0384615384615385,0.729860690490612,-0.325443516902388,0.755869541533473,0.999999921882612,0.980370169626042,"sau",1,"male","down"
"BP","GO:0007265","Ras protein signal transduction","1/381","26/7230",0.0384615384615385,0.729860690490612,-0.325443516902388,0.755869541533473,0.999999921882612,0.980370169626042,"Ras64B",1,"male","down"
"BP","GO:0009743","response to carbohydrate","1/381","26/7230",0.0384615384615385,0.729860690490612,-0.325443516902388,0.755869541533473,0.999999921882612,0.980370169626042,"FASN2",1,"male","down"
"BP","GO:0016482","cytosolic transport","1/381","26/7230",0.0384615384615385,0.729860690490612,-0.325443516902388,0.755869541533473,0.999999921882612,0.980370169626042,"Rab9",1,"male","down"
"BP","GO:0045793","positive regulation of cell size","1/381","26/7230",0.0384615384615385,0.729860690490612,-0.325443516902388,0.755869541533473,0.999999921882612,0.980370169626042,"S6k",1,"male","down"
"BP","GO:0046165","alcohol biosynthetic process","1/381","26/7230",0.0384615384615385,0.729860690490612,-0.325443516902388,0.755869541533473,0.999999921882612,0.980370169626042,"Inos",1,"male","down"
"BP","GO:0019220","regulation of phosphate metabolic process","3/381","74/7230",0.0405405405405405,0.769312619706321,-0.470427333878549,0.756182079629416,0.999999921882612,0.980370169626042,"sev/Pka-R2/Ddr",3,"male","down"
"BP","GO:0051174","regulation of phosphorus metabolic process","3/381","74/7230",0.0405405405405405,0.769312619706321,-0.470427333878549,0.756182079629416,0.999999921882612,0.980370169626042,"sev/Pka-R2/Ddr",3,"male","down"
"BP","GO:0009583","detection of light stimulus","2/381","51/7230",0.0392156862745098,0.7441716844218,-0.432404036904897,0.758451342869298,0.999999921882612,0.980370169626042,"ninaD/CG11426",2,"male","down"
"BP","GO:0016319","mushroom body development","2/381","51/7230",0.0392156862745098,0.7441716844218,-0.432404036904897,0.758451342869298,0.999999921882612,0.980370169626042,"tsr/Mgat1",2,"male","down"
"BP","GO:0031346","positive regulation of cell projection organization","2/381","51/7230",0.0392156862745098,0.7441716844218,-0.432404036904897,0.758451342869298,0.999999921882612,0.980370169626042,"S6k/Ddr",2,"male","down"
"BP","GO:0006119","oxidative phosphorylation","3/381","75/7230",0.04,0.759055118110236,-0.494688181998412,0.764222497946265,0.999999921882612,0.980370169626042,"ND4L/ND2/ND6",3,"male","down"
"BP","GO:0016054","organic acid catabolic process","3/381","75/7230",0.04,0.759055118110236,-0.494688181998412,0.764222497946265,0.999999921882612,0.980370169626042,"CG10184/Agxt/hgo",3,"male","down"
"BP","GO:0046395","carboxylic acid catabolic process","3/381","75/7230",0.04,0.759055118110236,-0.494688181998412,0.764222497946265,0.999999921882612,0.980370169626042,"CG10184/Agxt/hgo",3,"male","down"
"BP","GO:0030534","adult behavior","4/381","98/7230",0.0408163265306122,0.774546038887996,-0.529972405885451,0.766865539403892,0.999999921882612,0.980370169626042,"Pka-R2/Mgat1/aay/SP",4,"male","down"
"BP","GO:0055082","intracellular chemical homeostasis","4/381","98/7230",0.0408163265306122,0.774546038887996,-0.529972405885451,0.766865539403892,0.999999921882612,0.980370169626042,"Vha16-1/Hex-C/ZnT77C/uex",4,"male","down"
"BP","GO:0007098","centrosome cycle","2/381","52/7230",0.0384615384615385,0.729860690490612,-0.461079429760006,0.767922894518934,0.999999921882612,0.980370169626042,"tsr/Map205",2,"male","down"
"BP","GO:0007478","leg disc morphogenesis","2/381","52/7230",0.0384615384615385,0.729860690490612,-0.461079429760006,0.767922894518934,0.999999921882612,0.980370169626042,"tsr/fj",2,"male","down"
"BP","GO:0005977","glycogen metabolic process","1/381","27/7230",0.037037037037037,0.702828813065034,-0.364854654257808,0.76878093862894,0.999999921882612,0.980370169626042,"Atg1",1,"male","down"
"BP","GO:0006112","energy reserve metabolic process","1/381","27/7230",0.037037037037037,0.702828813065034,-0.364854654257808,0.76878093862894,0.999999921882612,0.980370169626042,"Atg1",1,"male","down"
"BP","GO:0008543","fibroblast growth factor receptor signaling pathway","1/381","27/7230",0.037037037037037,0.702828813065034,-0.364854654257808,0.76878093862894,0.999999921882612,0.980370169626042,"grh",1,"male","down"
"BP","GO:0009154","purine ribonucleotide catabolic process","1/381","27/7230",0.037037037037037,0.702828813065034,-0.364854654257808,0.76878093862894,0.999999921882612,0.980370169626042,"Hex-C",1,"male","down"
"BP","GO:0009261","ribonucleotide catabolic process","1/381","27/7230",0.037037037037037,0.702828813065034,-0.364854654257808,0.76878093862894,0.999999921882612,0.980370169626042,"Hex-C",1,"male","down"
"BP","GO:0009584","detection of visible light","1/381","27/7230",0.037037037037037,0.702828813065034,-0.364854654257808,0.76878093862894,0.999999921882612,0.980370169626042,"ninaD",1,"male","down"
"BP","GO:0022404","molting cycle process","1/381","27/7230",0.037037037037037,0.702828813065034,-0.364854654257808,0.76878093862894,0.999999921882612,0.980370169626042,"e",1,"male","down"
"BP","GO:0032006","regulation of TOR signaling","1/381","27/7230",0.037037037037037,0.702828813065034,-0.364854654257808,0.76878093862894,0.999999921882612,0.980370169626042,"Atg1",1,"male","down"
"BP","GO:0043038","amino acid activation","1/381","27/7230",0.037037037037037,0.702828813065034,-0.364854654257808,0.76878093862894,0.999999921882612,0.980370169626042,"e",1,"male","down"
"BP","GO:0043269","regulation of monoatomic ion transport","1/381","27/7230",0.037037037037037,0.702828813065034,-0.364854654257808,0.76878093862894,0.999999921882612,0.980370169626042,"CG4928",1,"male","down"
"BP","GO:0044042","glucan metabolic process","1/381","27/7230",0.037037037037037,0.702828813065034,-0.364854654257808,0.76878093862894,0.999999921882612,0.980370169626042,"Atg1",1,"male","down"
"BP","GO:0044344","cellular response to fibroblast growth factor stimulus","1/381","27/7230",0.037037037037037,0.702828813065034,-0.364854654257808,0.76878093862894,0.999999921882612,0.980370169626042,"grh",1,"male","down"
"BP","GO:0045465","R8 cell differentiation","1/381","27/7230",0.037037037037037,0.702828813065034,-0.364854654257808,0.76878093862894,0.999999921882612,0.980370169626042,"ed",1,"male","down"
"BP","GO:0048010","vascular endothelial growth factor receptor signaling pathway","1/381","27/7230",0.037037037037037,0.702828813065034,-0.364854654257808,0.76878093862894,0.999999921882612,0.980370169626042,"S6k",1,"male","down"
"BP","GO:0071774","response to fibroblast growth factor","1/381","27/7230",0.037037037037037,0.702828813065034,-0.364854654257808,0.76878093862894,0.999999921882612,0.980370169626042,"grh",1,"male","down"
"BP","GO:0007507","heart development","3/381","76/7230",0.0394736842105263,0.74906755076668,-0.518653330350848,0.772046787158707,0.999999921882612,0.980370169626042,"Tina-1/Cat/prc",3,"male","down"
"BP","GO:0007622","rhythmic behavior","3/381","76/7230",0.0394736842105263,0.74906755076668,-0.518653330350848,0.772046787158707,0.999999921882612,0.980370169626042,"Pka-R2/e/kairos",3,"male","down"
"BP","GO:0048512","circadian behavior","3/381","76/7230",0.0394736842105263,0.74906755076668,-0.518653330350848,0.772046787158707,0.999999921882612,0.980370169626042,"Pka-R2/e/kairos",3,"male","down"
"BP","GO:0072359","circulatory system development","3/381","76/7230",0.0394736842105263,0.74906755076668,-0.518653330350848,0.772046787158707,0.999999921882612,0.980370169626042,"Tina-1/Cat/prc",3,"male","down"
"BP","GO:2000241","regulation of reproductive process","3/381","76/7230",0.0394736842105263,0.74906755076668,-0.518653330350848,0.772046787158707,0.999999921882612,0.980370169626042,"SP/Acp26Aa/Atg1",3,"male","down"
"BP","GO:0048878","chemical homeostasis","8/381","186/7230",0.043010752688172,0.816188299043265,-0.59897399776248,0.772074319674274,0.999999921882612,0.980370169626042,"Vha16-1/S6k/CG4928/Hex-C/Fatp1/CG17841/ZnT77C/uex",8,"male","down"
"BP","GO:0009060","aerobic respiration","4/381","99/7230",0.0404040404040404,0.766722341525491,-0.551192809744676,0.773738350665087,0.999999921882612,0.980370169626042,"Irp-1B/ND4L/ND2/ND6",4,"male","down"
"BP","GO:0035330","regulation of hippo signaling","2/381","53/7230",0.0377358490566038,0.71608973406626,-0.489255340907737,0.777070256946137,0.999999921882612,0.980370169626042,"Rae1/ed",2,"male","down"
"BP","GO:0051606","detection of stimulus","5/381","122/7230",0.040983606557377,0.777720407899832,-0.583974406587719,0.778165460378629,0.999999921882612,0.980370169626042,"ninaD/CG11426/Or59c/Or59b/Or85d",5,"male","down"
"BP","GO:0065009","regulation of molecular function","6/381","144/7230",0.0416666666666667,0.790682414698163,-0.59837632920032,0.778246797531496,0.999999921882612,0.980370169626042,"CtsK1/Sfp33A3/sev/Pka-R2/fj/Ddr",6,"male","down"
"BP","GO:0006406","mRNA export from nucleus","1/381","28/7230",0.0357142857142857,0.677727784026997,-0.402961300609242,0.781011184690633,0.999999921882612,0.980370169626042,"sqd",1,"male","down"
"BP","GO:0007029","endoplasmic reticulum organization","1/381","28/7230",0.0357142857142857,0.677727784026997,-0.402961300609242,0.781011184690633,0.999999921882612,0.980370169626042,"ari-1",1,"male","down"
"BP","GO:0008088","axo-dendritic transport","1/381","28/7230",0.0357142857142857,0.677727784026997,-0.402961300609242,0.781011184690633,0.999999921882612,0.980370169626042,"Atg1",1,"male","down"
"BP","GO:0010883","regulation of lipid storage","1/381","28/7230",0.0357142857142857,0.677727784026997,-0.402961300609242,0.781011184690633,0.999999921882612,0.980370169626042,"FarO",1,"male","down"
"BP","GO:0033993","response to lipid","1/381","28/7230",0.0357142857142857,0.677727784026997,-0.402961300609242,0.781011184690633,0.999999921882612,0.980370169626042,"TP53INP",1,"male","down"
"BP","GO:0042181","ketone biosynthetic process","1/381","28/7230",0.0357142857142857,0.677727784026997,-0.402961300609242,0.781011184690633,0.999999921882612,0.980370169626042,"eIF4EHP",1,"male","down"
"BP","GO:0044409","symbiont entry into host","1/381","28/7230",0.0357142857142857,0.677727784026997,-0.402961300609242,0.781011184690633,0.999999921882612,0.980370169626042,"sau",1,"male","down"
"BP","GO:0046532","regulation of photoreceptor cell differentiation","1/381","28/7230",0.0357142857142857,0.677727784026997,-0.402961300609242,0.781011184690633,0.999999921882612,0.980370169626042,"ed",1,"male","down"
"BP","GO:0046718","symbiont entry into host cell","1/381","28/7230",0.0357142857142857,0.677727784026997,-0.402961300609242,0.781011184690633,0.999999921882612,0.980370169626042,"sau",1,"male","down"
"BP","GO:0051701","biological process involved in interaction with host","1/381","28/7230",0.0357142857142857,0.677727784026997,-0.402961300609242,0.781011184690633,0.999999921882612,0.980370169626042,"sau",1,"male","down"
"BP","GO:0071407","cellular response to organic cyclic compound","1/381","28/7230",0.0357142857142857,0.677727784026997,-0.402961300609242,0.781011184690633,0.999999921882612,0.980370169626042,"TP53INP",1,"male","down"
"BP","GO:0031023","microtubule organizing center organization","2/381","54/7230",0.037037037037037,0.702828813065034,-0.516952191658942,0.785901190693756,0.999999921882612,0.980370169626042,"tsr/Map205",2,"male","down"
"BP","GO:0006644","phospholipid metabolic process","4/381","101/7230",0.0396039603960396,0.751539720901224,-0.593050075288117,0.787005806653508,0.999999921882612,0.980370169626042,"ry/Inos/CG11426/CG17026",4,"male","down"
"BP","GO:0042330","taxis","3/381","78/7230",0.0384615384615385,0.729860690490612,-0.565730184359865,0.787059147387919,0.999999921882612,0.980370169626042,"beat-IIIc/S6k/Clic",3,"male","down"
"BP","GO:0009896","positive regulation of catabolic process","5/381","124/7230",0.0403225806451613,0.765176530353061,-0.62205352982133,0.79008571056168,0.999999921882612,0.980370169626042,"S6k/Debcl/ari-1/Buffy/Atg1",5,"male","down"
"BP","GO:0006099","tricarboxylic acid cycle","1/381","29/7230",0.0344827586206897,0.654357860439859,-0.439862861722756,0.792596124795169,0.999999921882612,0.980370169626042,"Irp-1B",1,"male","down"
"BP","GO:0006195","purine nucleotide catabolic process","1/381","29/7230",0.0344827586206897,0.654357860439859,-0.439862861722756,0.792596124795169,0.999999921882612,0.980370169626042,"Hex-C",1,"male","down"
"BP","GO:0006487","protein N-linked glycosylation","1/381","29/7230",0.0344827586206897,0.654357860439859,-0.439862861722756,0.792596124795169,0.999999921882612,0.980370169626042,"Mgat1",1,"male","down"
"BP","GO:0008063","Toll signaling pathway","1/381","29/7230",0.0344827586206897,0.654357860439859,-0.439862861722756,0.792596124795169,0.999999921882612,0.980370169626042,"Drice",1,"male","down"
"BP","GO:0016073","snRNA metabolic process","1/381","29/7230",0.0344827586206897,0.654357860439859,-0.439862861722756,0.792596124795169,0.999999921882612,0.980370169626042,"IntS11",1,"male","down"
"BP","GO:0030307","positive regulation of cell growth","1/381","29/7230",0.0344827586206897,0.654357860439859,-0.439862861722756,0.792596124795169,0.999999921882612,0.980370169626042,"S6k",1,"male","down"
"BP","GO:0048872","homeostasis of number of cells","1/381","29/7230",0.0344827586206897,0.654357860439859,-0.439862861722756,0.792596124795169,0.999999921882612,0.980370169626042,"Cat",1,"male","down"
"BP","GO:0050768","negative regulation of neurogenesis","1/381","29/7230",0.0344827586206897,0.654357860439859,-0.439862861722756,0.792596124795169,0.999999921882612,0.980370169626042,"ed",1,"male","down"
"BP","GO:0002165","instar larval or pupal development","16/381","359/7230",0.0445682451253482,0.845743864189678,-0.707078635244113,0.793435652558483,0.999999921882612,0.980370169626042,"Bap170/Drice/Sdb/ImpE3/tsr/Cyp301a1/eIF4EHP/SP/Mec2/CG9519/ed/CG12539/CG9522/fj/Mip/Atg1",16,"male","down"
"BP","GO:0045333","cellular respiration","4/381","103/7230",0.0388349514563107,0.73694671661188,-0.634157272097452,0.799647022440777,0.999999921882612,0.980370169626042,"Irp-1B/ND4L/ND2/ND6",4,"male","down"
"BP","GO:0030001","metal ion transport","7/381","170/7230",0.0411764705882353,0.78138026864289,-0.680298453304267,0.80000130381083,0.999999921882612,0.980370169626042,"Zip48C/CG4928/kumpel/ZnT77C/CG32669/GluRIID/galene",7,"male","down"
"BP","GO:0006109","regulation of carbohydrate metabolic process","1/381","30/7230",0.0333333333333333,0.63254593175853,-0.475647760457583,0.803569722413978,0.999999921882612,0.980370169626042,"Atg1",1,"male","down"
"BP","GO:0008586","imaginal disc-derived wing vein morphogenesis","1/381","30/7230",0.0333333333333333,0.63254593175853,-0.475647760457583,0.803569722413978,0.999999921882612,0.980370169626042,"Bap170",1,"male","down"
"BP","GO:0009247","glycolipid biosynthetic process","1/381","30/7230",0.0333333333333333,0.63254593175853,-0.475647760457583,0.803569722413978,0.999999921882612,0.980370169626042,"alpha4GT2",1,"male","down"
"BP","GO:0031099","regeneration","1/381","30/7230",0.0333333333333333,0.63254593175853,-0.475647760457583,0.803569722413978,0.999999921882612,0.980370169626042,"RnrL",1,"male","down"
"BP","GO:0035010","encapsulation of foreign target","1/381","30/7230",0.0333333333333333,0.63254593175853,-0.475647760457583,0.803569722413978,0.999999921882612,0.980370169626042,"Mgat1",1,"male","down"
"BP","GO:0045886","negative regulation of synaptic assembly at neuromuscular junction","1/381","30/7230",0.0333333333333333,0.63254593175853,-0.475647760457583,0.803569722413978,0.999999921882612,0.980370169626042,"Rae1",1,"male","down"
"BP","GO:0051964","negative regulation of synapse assembly","1/381","30/7230",0.0333333333333333,0.63254593175853,-0.475647760457583,0.803569722413978,0.999999921882612,0.980370169626042,"Rae1",1,"male","down"
"BP","GO:0090068","positive regulation of cell cycle process","1/381","30/7230",0.0333333333333333,0.63254593175853,-0.475647760457583,0.803569722413978,0.999999921882612,0.980370169626042,"Rae1",1,"male","down"
"BP","GO:1901889","negative regulation of cell junction assembly","1/381","30/7230",0.0333333333333333,0.63254593175853,-0.475647760457583,0.803569722413978,0.999999921882612,0.980370169626042,"Rae1",1,"male","down"
"BP","GO:1904397","negative regulation of neuromuscular junction development","1/381","30/7230",0.0333333333333333,0.63254593175853,-0.475647760457583,0.803569722413978,0.999999921882612,0.980370169626042,"Rae1",1,"male","down"
"BP","GO:1905809","negative regulation of synapse organization","1/381","30/7230",0.0333333333333333,0.63254593175853,-0.475647760457583,0.803569722413978,0.999999921882612,0.980370169626042,"Rae1",1,"male","down"
"BP","GO:0016072","rRNA metabolic process","5/381","127/7230",0.0393700787401575,0.747101494202988,-0.678133553820048,0.807025185999892,0.999999921882612,0.980370169626042,"CG8545/CG5645/CG11123/CG32409/CG14805",5,"male","down"
"BP","GO:0040003","chitin-based cuticle development","5/381","127/7230",0.0393700787401575,0.747101494202988,-0.678133553820048,0.807025185999892,0.999999921882612,0.980370169626042,"CG34462/Ccp84Ag/Cpr67B/grh/Ccp84Ae",5,"male","down"
"BP","GO:0006486","protein glycosylation","3/381","81/7230",0.037037037037037,0.702828813065034,-0.634329014826518,0.808036205572052,0.999999921882612,0.980370169626042,"CG7579/CG2983/Mgat1",3,"male","down"
"BP","GO:0043413","macromolecule glycosylation","3/381","81/7230",0.037037037037037,0.702828813065034,-0.634329014826518,0.808036205572052,0.999999921882612,0.980370169626042,"CG7579/CG2983/Mgat1",3,"male","down"
"BP","GO:0035329","hippo signaling","2/381","57/7230",0.0350877192982456,0.665837822903716,-0.597354749760431,0.810574109343736,0.999999921882612,0.980370169626042,"Rae1/ed",2,"male","down"
"BP","GO:0006090","pyruvate metabolic process","1/381","31/7230",0.032258064516129,0.612141224282449,-0.510394986211755,0.813964157936238,0.999999921882612,0.980370169626042,"Hex-C",1,"male","down"
"BP","GO:0006612","protein targeting to membrane","1/381","31/7230",0.032258064516129,0.612141224282449,-0.510394986211755,0.813964157936238,0.999999921882612,0.980370169626042,"CG8314",1,"male","down"
"BP","GO:0007218","neuropeptide signaling pathway","1/381","31/7230",0.032258064516129,0.612141224282449,-0.510394986211755,0.813964157936238,0.999999921882612,0.980370169626042,"Mip",1,"male","down"
"BP","GO:0010721","negative regulation of cell development","1/381","31/7230",0.032258064516129,0.612141224282449,-0.510394986211755,0.813964157936238,0.999999921882612,0.980370169626042,"ed",1,"male","down"
"BP","GO:0018205","peptidyl-lysine modification","1/381","31/7230",0.032258064516129,0.612141224282449,-0.510394986211755,0.813964157936238,0.999999921882612,0.980370169626042,"Loxl2",1,"male","down"
"BP","GO:0044403","biological process involved in symbiotic interaction","1/381","31/7230",0.032258064516129,0.612141224282449,-0.510394986211755,0.813964157936238,0.999999921882612,0.980370169626042,"sau",1,"male","down"
"BP","GO:0048675","axon extension","1/381","31/7230",0.032258064516129,0.612141224282449,-0.510394986211755,0.813964157936238,0.999999921882612,0.980370169626042,"Atg1",1,"male","down"
"BP","GO:0050821","protein stabilization","1/381","31/7230",0.032258064516129,0.612141224282449,-0.510394986211755,0.813964157936238,0.999999921882612,0.980370169626042,"Bap170",1,"male","down"
"BP","GO:0044093","positive regulation of molecular function","3/381","82/7230",0.0365853658536585,0.694257729978875,-0.656686604102597,0.814631328005363,0.999999921882612,0.980370169626042,"CtsK1/sev/Ddr",3,"male","down"
"BP","GO:0050767","regulation of neurogenesis","3/381","82/7230",0.0365853658536585,0.694257729978875,-0.656686604102597,0.814631328005363,0.999999921882612,0.980370169626042,"grh/ari-1/ed",3,"male","down"
"BP","GO:0001752","compound eye photoreceptor fate commitment","2/381","58/7230",0.0344827586206897,0.654357860439859,-0.623316406503432,0.818218180440688,0.999999921882612,0.980370169626042,"sev/grh",2,"male","down"
"BP","GO:0009408","response to heat","2/381","58/7230",0.0344827586206897,0.654357860439859,-0.623316406503432,0.818218180440688,0.999999921882612,0.980370169626042,"CG13133/CG7409",2,"male","down"
"BP","GO:0042706","eye photoreceptor cell fate commitment","2/381","58/7230",0.0344827586206897,0.654357860439859,-0.623316406503432,0.818218180440688,0.999999921882612,0.980370169626042,"sev/grh",2,"male","down"
"BP","GO:1901361","organic cyclic compound catabolic process","6/381","152/7230",0.0394736842105263,0.74906755076668,-0.737413964265098,0.819947597121876,0.999999921882612,0.980370169626042,"ry/sqd/su(r)/Hex-C/CG11883/hgo",6,"male","down"
"BP","GO:0006873","intracellular monoatomic ion homeostasis","3/381","83/7230",0.036144578313253,0.685893179015274,-0.678801103503642,0.821033846660281,0.999999921882612,0.980370169626042,"Vha16-1/ZnT77C/uex",3,"male","down"
"BP","GO:0009791","post-embryonic development","18/381","409/7230",0.0440097799511002,0.835146217969698,-0.80951436798173,0.821178483986854,0.999999921882612,0.980370169626042,"CG15387/Bap170/Drice/Sdb/ImpE3/tsr/prc/Cyp301a1/eIF4EHP/SP/Mec2/CG9519/ed/CG12539/CG9522/fj/Mip/Atg1",18,"male","down"
"BP","GO:0015980","energy derivation by oxidation of organic compounds","5/381","130/7230",0.0384615384615385,0.729860690490612,-0.733024186007461,0.822864753331032,0.999999921882612,0.980370169626042,"Irp-1B/ND4L/ND2/ND6/Atg1",5,"male","down"
"BP","GO:0044282","small molecule catabolic process","4/381","107/7230",0.0373831775700935,0.709397306645081,-0.714246414433809,0.823111488050046,0.999999921882612,0.980370169626042,"CG10184/CG10467/Agxt/hgo",4,"male","down"
"BP","GO:0005976","polysaccharide metabolic process","1/381","32/7230",0.03125,0.593011811023622,-0.544175382311084,0.823809922046016,0.999999921882612,0.980370169626042,"Atg1",1,"male","down"
"BP","GO:0007156","homophilic cell adhesion via plasma membrane adhesion molecules","1/381","32/7230",0.03125,0.593011811023622,-0.544175382311084,0.823809922046016,0.999999921882612,0.980370169626042,"ed",1,"male","down"
"BP","GO:0008587","imaginal disc-derived wing margin morphogenesis","1/381","32/7230",0.03125,0.593011811023622,-0.544175382311084,0.823809922046016,0.999999921882612,0.980370169626042,"Bap170",1,"male","down"
"BP","GO:0030317","flagellated sperm motility","1/381","32/7230",0.03125,0.593011811023622,-0.544175382311084,0.823809922046016,0.999999921882612,0.980370169626042,"Mst84Db",1,"male","down"
"BP","GO:0030537","larval behavior","1/381","32/7230",0.03125,0.593011811023622,-0.544175382311084,0.823809922046016,0.999999921882612,0.980370169626042,"S6k",1,"male","down"
"BP","GO:0030952","establishment or maintenance of cytoskeleton polarity","1/381","32/7230",0.03125,0.593011811023622,-0.544175382311084,0.823809922046016,0.999999921882612,0.980370169626042,"sqd",1,"male","down"
"BP","GO:0042058","regulation of epidermal growth factor receptor signaling pathway","1/381","32/7230",0.03125,0.593011811023622,-0.544175382311084,0.823809922046016,0.999999921882612,0.980370169626042,"ed",1,"male","down"
"BP","GO:0097722","sperm motility","1/381","32/7230",0.03125,0.593011811023622,-0.544175382311084,0.823809922046016,0.999999921882612,0.980370169626042,"Mst84Db",1,"male","down"
"BP","GO:1901184","regulation of ERBB signaling pathway","1/381","32/7230",0.03125,0.593011811023622,-0.544175382311084,0.823809922046016,0.999999921882612,0.980370169626042,"ed",1,"male","down"
"BP","GO:0051961","negative regulation of nervous system development","2/381","59/7230",0.0338983050847458,0.643267049245963,-0.648884481486232,0.825585324959266,0.999999921882612,0.980370169626042,"Rae1/ed",2,"male","down"
"BP","GO:0045229","external encapsulating structure organization","3/381","84/7230",0.0357142857142857,0.677727784026997,-0.700678867796,0.827247466202516,0.999999921882612,0.980370169626042,"Pax/prc/ed",3,"male","down"
"BP","GO:0042592","homeostatic process","13/381","306/7230",0.042483660130719,0.80618599145695,-0.817062662038884,0.82781456886232,0.999999921882612,0.980370169626042,"Vha16-1/Cat/S6k/sev/CG4928/tsr/Hex-C/Fatp1/Debcl/CG17841/ZnT77C/uex/Atg1",13,"male","down"
"BP","GO:0009100","glycoprotein metabolic process","4/381","108/7230",0.037037037037037,0.702828813065034,-0.7338471451768,0.828610914694887,0.999999921882612,0.980370169626042,"CG7579/CG2983/Mgat1/Papst2",4,"male","down"
"BP","GO:0035264","multicellular organism growth","1/381","33/7230",0.0303030303030303,0.575041756144118,-0.577052722484581,0.833135904221685,0.999999921882612,0.980370169626042,"S6k",1,"male","down"
"BP","GO:0044057","regulation of system process","1/381","33/7230",0.0303030303030303,0.575041756144118,-0.577052722484581,0.833135904221685,0.999999921882612,0.980370169626042,"CG4928",1,"male","down"
"BP","GO:0045451","pole plasm oskar mRNA localization","1/381","33/7230",0.0303030303030303,0.575041756144118,-0.577052722484581,0.833135904221685,0.999999921882612,0.980370169626042,"sqd",1,"male","down"
"BP","GO:0070372","regulation of ERK1 and ERK2 cascade","1/381","33/7230",0.0303030303030303,0.575041756144118,-0.577052722484581,0.833135904221685,0.999999921882612,0.980370169626042,"CG7054",1,"male","down"
"BP","GO:0070918","regulatory ncRNA processing","1/381","33/7230",0.0303030303030303,0.575041756144118,-0.577052722484581,0.833135904221685,0.999999921882612,0.980370169626042,"CRIF",1,"male","down"
"BP","GO:1903829","positive regulation of protein localization","1/381","33/7230",0.0303030303030303,0.575041756144118,-0.577052722484581,0.833135904221685,0.999999921882612,0.980370169626042,"tsr",1,"male","down"
"BP","GO:1990138","neuron projection extension","1/381","33/7230",0.0303030303030303,0.575041756144118,-0.577052722484581,0.833135904221685,0.999999921882612,0.980370169626042,"Atg1",1,"male","down"
"BP","GO:0006913","nucleocytoplasmic transport","3/381","86/7230",0.0348837209302326,0.661966672770555,-0.74374839227163,0.839123063413493,0.999999921882612,0.980370169626042,"sqd/Rae1/CG11123",3,"male","down"
"BP","GO:0048515","spermatid differentiation","3/381","86/7230",0.0348837209302326,0.661966672770555,-0.74374839227163,0.839123063413493,0.999999921882612,0.980370169626042,"Drice/Mst84Db/atlas",3,"male","down"
"BP","GO:0051169","nuclear transport","3/381","86/7230",0.0348837209302326,0.661966672770555,-0.74374839227163,0.839123063413493,0.999999921882612,0.980370169626042,"sqd/Rae1/CG11123",3,"male","down"
"BP","GO:0098771","inorganic ion homeostasis","3/381","86/7230",0.0348837209302326,0.661966672770555,-0.74374839227163,0.839123063413493,0.999999921882612,0.980370169626042,"CG4928/ZnT77C/uex",3,"male","down"
"BP","GO:0051241","negative regulation of multicellular organismal process","4/381","110/7230",0.0363636363636364,0.690050107372942,-0.772566465756872,0.83918513943531,0.999999921882612,0.980370169626042,"Rae1/ed/Mip/Lkr",4,"male","down"
"BP","GO:0012501","programmed cell death","9/381","223/7230",0.0403587443946188,0.765862787330956,-0.837615747769568,0.839289535334968,0.999999921882612,0.980370169626042,"Erasp/CtsK1/Drice/Uev1A/CG18635/Debcl/Decay/Buffy/Atg1",9,"male","down"
"BP","GO:0035152","regulation of tube architecture, open tracheal system","2/381","61/7230",0.0327868852459016,0.622176326319866,-0.69889641198507,0.839520242472467,0.999999921882612,0.980370169626042,"grh/fj",2,"male","down"
"BP","GO:0046552","photoreceptor cell fate commitment","2/381","61/7230",0.0327868852459016,0.622176326319866,-0.69889641198507,0.839520242472467,0.999999921882612,0.980370169626042,"sev/grh",2,"male","down"
"BP","GO:0006909","phagocytosis","1/381","34/7230",0.0294117647058824,0.55812876331635,-0.609084616344753,0.841969476611784,0.999999921882612,0.980370169626042,"CG18635",1,"male","down"
"BP","GO:0019058","viral life cycle","1/381","34/7230",0.0294117647058824,0.55812876331635,-0.609084616344753,0.841969476611784,0.999999921882612,0.980370169626042,"sau",1,"male","down"
"BP","GO:0042593","glucose homeostasis","1/381","34/7230",0.0294117647058824,0.55812876331635,-0.609084616344753,0.841969476611784,0.999999921882612,0.980370169626042,"Hex-C",1,"male","down"
"BP","GO:0070085","glycosylation","3/381","87/7230",0.0344827586206897,0.654357860439859,-0.764951680670005,0.844792656880514,0.999999921882612,0.980370169626042,"CG7579/CG2983/Mgat1",3,"male","down"
"BP","GO:0000209","protein polyubiquitination","2/381","62/7230",0.032258064516129,0.612141224282449,-0.723366655933948,0.846103559267195,0.999999921882612,0.980370169626042,"Uev1A/ari-1",2,"male","down"
"BP","GO:0009581","detection of external stimulus","2/381","62/7230",0.032258064516129,0.612141224282449,-0.723366655933948,0.846103559267195,0.999999921882612,0.980370169626042,"ninaD/CG11426",2,"male","down"
"BP","GO:0009582","detection of abiotic stimulus","2/381","62/7230",0.032258064516129,0.612141224282449,-0.723366655933948,0.846103559267195,0.999999921882612,0.980370169626042,"ninaD/CG11426",2,"male","down"
"BP","GO:0034976","response to endoplasmic reticulum stress","2/381","62/7230",0.032258064516129,0.612141224282449,-0.723366655933948,0.846103559267195,0.999999921882612,0.980370169626042,"Erasp/Cat",2,"male","down"
"BP","GO:0042051","compound eye photoreceptor development","2/381","62/7230",0.032258064516129,0.612141224282449,-0.723366655933948,0.846103559267195,0.999999921882612,0.980370169626042,"tsr/grh",2,"male","down"
"BP","GO:0042462","eye photoreceptor cell development","2/381","62/7230",0.032258064516129,0.612141224282449,-0.723366655933948,0.846103559267195,0.999999921882612,0.980370169626042,"tsr/grh",2,"male","down"
"BP","GO:0070887","cellular response to chemical stimulus","10/381","247/7230",0.0404858299595142,0.768274411042749,-0.87395579688992,0.846867942336454,0.999999921882612,0.980370169626042,"S6k/Sod3/Pka-R2/Uev1A/Sod1/FASN2/Snmp2/uex/Atg1/TP53INP",10,"male","down"
"BP","GO:0006022","aminoglycan metabolic process","1/381","35/7230",0.0285714285714286,0.542182227221597,-0.640323275286143,0.850336573528253,0.999999921882612,0.980370169626042,"PGRP-SC2",1,"male","down"
"BP","GO:0007446","imaginal disc growth","1/381","35/7230",0.0285714285714286,0.542182227221597,-0.640323275286143,0.850336573528253,0.999999921882612,0.980370169626042,"fj",1,"male","down"
"BP","GO:0008406","gonad development","1/381","35/7230",0.0285714285714286,0.542182227221597,-0.640323275286143,0.850336573528253,0.999999921882612,0.980370169626042,"tsr",1,"male","down"
"BP","GO:0031503","protein-containing complex localization","1/381","35/7230",0.0285714285714286,0.542182227221597,-0.640323275286143,0.850336573528253,0.999999921882612,0.980370169626042,"CG11123",1,"male","down"
"BP","GO:0032482","Rab protein signal transduction","1/381","35/7230",0.0285714285714286,0.542182227221597,-0.640323275286143,0.850336573528253,0.999999921882612,0.980370169626042,"Rab9",1,"male","down"
"BP","GO:0045137","development of primary sexual characteristics","1/381","35/7230",0.0285714285714286,0.542182227221597,-0.640323275286143,0.850336573528253,0.999999921882612,0.980370169626042,"tsr",1,"male","down"
"BP","GO:0051223","regulation of protein transport","1/381","35/7230",0.0285714285714286,0.542182227221597,-0.640323275286143,0.850336573528253,0.999999921882612,0.980370169626042,"tsr",1,"male","down"
"BP","GO:0070371","ERK1 and ERK2 cascade","1/381","35/7230",0.0285714285714286,0.542182227221597,-0.640323275286143,0.850336573528253,0.999999921882612,0.980370169626042,"CG7054",1,"male","down"
"BP","GO:1901800","positive regulation of proteasomal protein catabolic process","1/381","35/7230",0.0285714285714286,0.542182227221597,-0.640323275286143,0.850336573528253,0.999999921882612,0.980370169626042,"ari-1",1,"male","down"
"BP","GO:0008654","phospholipid biosynthetic process","2/381","63/7230",0.0317460317460317,0.602424696912886,-0.747496198433719,0.852441007439863,0.999999921882612,0.980370169626042,"Inos/CG17026",2,"male","down"
"BP","GO:0008219","cell death","9/381","227/7230",0.039647577092511,0.752367407818516,-0.894060043725497,0.853663923192227,0.999999921882612,0.980370169626042,"Erasp/CtsK1/Drice/Uev1A/CG18635/Debcl/Decay/Buffy/Atg1",9,"male","down"
"BP","GO:0044248","cellular catabolic process","18/381","422/7230",0.042654028436019,0.809418964809494,-0.951511739027509,0.857586638442599,0.999999921882612,0.980370169626042,"ry/CG10184/Cat/S6k/sqd/su(r)/Pax/Rae1/Agxt/Hex-C/Sod1/CG31198/Debcl/CG11883/hgo/Buffy/Atg1/TP53INP",18,"male","down"
"BP","GO:0007316","pole plasm RNA localization","1/381","36/7230",0.0277777777777778,0.527121609798775,-0.670816163712621,0.858261766785478,0.999999921882612,0.980370169626042,"sqd",1,"male","down"
"BP","GO:0008360","regulation of cell shape","1/381","36/7230",0.0277777777777778,0.527121609798775,-0.670816163712621,0.858261766785478,0.999999921882612,0.980370169626042,"ed",1,"male","down"
"BP","GO:0016333","morphogenesis of follicular epithelium","1/381","36/7230",0.0277777777777778,0.527121609798775,-0.670816163712621,0.858261766785478,0.999999921882612,0.980370169626042,"sqd",1,"male","down"
"BP","GO:0019094","pole plasm mRNA localization","1/381","36/7230",0.0277777777777778,0.527121609798775,-0.670816163712621,0.858261766785478,0.999999921882612,0.980370169626042,"sqd",1,"male","down"
"BP","GO:0043467","regulation of generation of precursor metabolites and energy","1/381","36/7230",0.0277777777777778,0.527121609798775,-0.670816163712621,0.858261766785478,0.999999921882612,0.980370169626042,"Atg1",1,"male","down"
"BP","GO:0031032","actomyosin structure organization","2/381","64/7230",0.03125,0.593011811023622,-0.771296584366781,0.858540134906596,0.999999921882612,0.980370169626042,"sau/tsr",2,"male","down"
"BP","GO:0007186","G protein-coupled receptor signaling pathway","5/381","138/7230",0.036231884057971,0.687549925824489,-0.874024947432066,0.860019475575239,0.999999921882612,0.980370169626042,"SP/Acp26Aa/mthl8/Mip/Lkr",5,"male","down"
"BP","GO:0009314","response to radiation","5/381","138/7230",0.036231884057971,0.687549925824489,-0.874024947432066,0.860019475575239,0.999999921882612,0.980370169626042,"Drice/Sod3/ninaD/Debcl/CG11426",5,"male","down"
"BP","GO:0006814","sodium ion transport","2/381","65/7230",0.0307692307692308,0.58388855239249,-0.794778777444668,0.864408379127476,0.999999921882612,0.980370169626042,"kumpel/CG32669",2,"male","down"
"BP","GO:0051146","striated muscle cell differentiation","2/381","65/7230",0.0307692307692308,0.58388855239249,-0.794778777444668,0.864408379127476,0.999999921882612,0.980370169626042,"Mp20/Pax",2,"male","down"
"BP","GO:0006661","phosphatidylinositol biosynthetic process","1/381","37/7230",0.027027027027027,0.512875079804214,-0.70060655548986,0.865768337101677,0.999999921882612,0.980370169626042,"CG17026",1,"male","down"
"BP","GO:0006664","glycolipid metabolic process","1/381","37/7230",0.027027027027027,0.512875079804214,-0.70060655548986,0.865768337101677,0.999999921882612,0.980370169626042,"alpha4GT2",1,"male","down"
"BP","GO:0008039","synaptic target recognition","1/381","37/7230",0.027027027027027,0.512875079804214,-0.70060655548986,0.865768337101677,0.999999921882612,0.980370169626042,"beat-IIIc",1,"male","down"
"BP","GO:0010038","response to metal ion","1/381","37/7230",0.027027027027027,0.512875079804214,-0.70060655548986,0.865768337101677,0.999999921882612,0.980370169626042,"ZnT77C",1,"male","down"
"BP","GO:0016032","viral process","1/381","37/7230",0.027027027027027,0.512875079804214,-0.70060655548986,0.865768337101677,0.999999921882612,0.980370169626042,"sau",1,"male","down"
"BP","GO:0030261","chromosome condensation","1/381","37/7230",0.027027027027027,0.512875079804214,-0.70060655548986,0.865768337101677,0.999999921882612,0.980370169626042,"Cap-G",1,"male","down"
"BP","GO:0051607","defense response to virus","1/381","37/7230",0.027027027027027,0.512875079804214,-0.70060655548986,0.865768337101677,0.999999921882612,0.980370169626042,"CRIF",1,"male","down"
"BP","GO:0060294","cilium movement involved in cell motility","1/381","37/7230",0.027027027027027,0.512875079804214,-0.70060655548986,0.865768337101677,0.999999921882612,0.980370169626042,"Mst84Db",1,"male","down"
"BP","GO:0080135","regulation of cellular response to stress","1/381","37/7230",0.027027027027027,0.512875079804214,-0.70060655548986,0.865768337101677,0.999999921882612,0.980370169626042,"Erasp",1,"male","down"
"BP","GO:1903509","liposaccharide metabolic process","1/381","37/7230",0.027027027027027,0.512875079804214,-0.70060655548986,0.865768337101677,0.999999921882612,0.980370169626042,"alpha4GT2",1,"male","down"
"BP","GO:0051235","maintenance of location","2/381","66/7230",0.0303030303030303,0.575041756144118,-0.81795319834944,0.87005305778106,0.999999921882612,0.980370169626042,"FarO/Rdh1",2,"male","down"
"BP","GO:0071310","cellular response to organic substance","6/381","164/7230",0.0365853658536585,0.694257729978875,-0.93406825025815,0.870610481154782,0.999999921882612,0.980370169626042,"S6k/Pka-R2/Uev1A/FASN2/Snmp2/TP53INP",6,"male","down"
"BP","GO:0008045","motor neuron axon guidance","1/381","38/7230",0.0263157894736842,0.499378367177787,-0.729734011622404,0.872878341767916,0.999999921882612,0.980370169626042,"beat-IIIc",1,"male","down"
"BP","GO:0019362","pyridine nucleotide metabolic process","1/381","38/7230",0.0263157894736842,0.499378367177787,-0.729734011622404,0.872878341767916,0.999999921882612,0.980370169626042,"Hex-C",1,"male","down"
"BP","GO:0046496","nicotinamide nucleotide metabolic process","1/381","38/7230",0.0263157894736842,0.499378367177787,-0.729734011622404,0.872878341767916,0.999999921882612,0.980370169626042,"Hex-C",1,"male","down"
"BP","GO:0060491","regulation of cell projection assembly","1/381","38/7230",0.0263157894736842,0.499378367177787,-0.729734011622404,0.872878341767916,0.999999921882612,0.980370169626042,"tsr",1,"male","down"
"BP","GO:0070201","regulation of establishment of protein localization","1/381","38/7230",0.0263157894736842,0.499378367177787,-0.729734011622404,0.872878341767916,0.999999921882612,0.980370169626042,"tsr",1,"male","down"
"BP","GO:0071482","cellular response to light stimulus","1/381","38/7230",0.0263157894736842,0.499378367177787,-0.729734011622404,0.872878341767916,0.999999921882612,0.980370169626042,"ninaD",1,"male","down"
"BP","GO:0120032","regulation of plasma membrane bounded cell projection assembly","1/381","38/7230",0.0263157894736842,0.499378367177787,-0.729734011622404,0.872878341767916,0.999999921882612,0.980370169626042,"tsr",1,"male","down"
"BP","GO:0140029","exocytic process","1/381","38/7230",0.0263157894736842,0.499378367177787,-0.729734011622404,0.872878341767916,0.999999921882612,0.980370169626042,"unc-13-4A",1,"male","down"
"BP","GO:0006417","regulation of translation","3/381","93/7230",0.032258064516129,0.612141224282449,-0.887861583861468,0.875297734441272,0.999999921882612,0.980370169626042,"Paip2/sqd/eIF4EHP",3,"male","down"
"BP","GO:0051246","regulation of protein metabolic process","10/381","256/7230",0.0390625,0.741264763779528,-0.994082906334033,0.875454315119059,0.999999921882612,0.980370169626042,"Paip2/CtsK1/sqd/Acp62F/Spn28F/Spn28Da/Pka-R2/eIF4EHP/ari-1/nec",10,"male","down"
"BP","GO:0000070","mitotic sister chromatid segregation","2/381","67/7230",0.0298507462686567,0.566459043365848,-0.840829759818099,0.875481360722824,0.999999921882612,0.980370169626042,"sau/Cap-G",2,"male","down"
"BP","GO:0006403","RNA localization","4/381","118/7230",0.0338983050847458,0.643267049245963,-0.921459756897967,0.876164473961732,0.999999921882612,0.980370169626042,"Vha16-1/Arc1/sqd/Rae1",4,"male","down"
"BP","GO:0006820","monoatomic anion transport","1/381","39/7230",0.0256410256410256,0.486573793660408,-0.758234792103209,0.879612678779377,0.999999921882612,0.980370169626042,"Clic",1,"male","down"
"BP","GO:0033500","carbohydrate homeostasis","1/381","39/7230",0.0256410256410256,0.486573793660408,-0.758234792103209,0.879612678779377,0.999999921882612,0.980370169626042,"Hex-C",1,"male","down"
"BP","GO:0045787","positive regulation of cell cycle","1/381","39/7230",0.0256410256410256,0.486573793660408,-0.758234792103209,0.879612678779377,0.999999921882612,0.980370169626042,"Rae1",1,"male","down"
"BP","GO:0009266","response to temperature stimulus","3/381","94/7230",0.0319148936170213,0.605629083598593,-0.907672970522223,0.879832386684054,0.999999921882612,0.980370169626042,"CG13133/CG7409/Fst",3,"male","down"
"BP","GO:0044270","cellular nitrogen compound catabolic process","5/381","144/7230",0.0347222222222222,0.658902012248469,-0.975097058921524,0.883415414989764,0.999999921882612,0.980370169626042,"ry/sqd/su(r)/Hex-C/CG11883",5,"male","down"
"BP","GO:0046700","heterocycle catabolic process","5/381","144/7230",0.0347222222222222,0.658902012248469,-0.975097058921524,0.883415414989764,0.999999921882612,0.980370169626042,"ry/sqd/su(r)/Hex-C/CG11883",5,"male","down"
"BP","GO:0006091","generation of precursor metabolites and energy","6/381","168/7230",0.0357142857142857,0.677727784026997,-0.996785396500385,0.884621835369379,0.999999921882612,0.980370169626042,"Irp-1B/Hex-C/ND4L/ND2/ND6/Atg1",6,"male","down"
"BP","GO:0007431","salivary gland development","2/381","69/7230",0.0289855072463768,0.550039940659591,-0.885726607047366,0.885716919652838,0.999999921882612,0.980370169626042,"PH4alphaSG1/Drice",2,"male","down"
"BP","GO:0035272","exocrine system development","2/381","69/7230",0.0289855072463768,0.550039940659591,-0.885726607047366,0.885716919652838,0.999999921882612,0.980370169626042,"PH4alphaSG1/Drice",2,"male","down"
"BP","GO:0030198","extracellular matrix organization","1/381","40/7230",0.025,0.474409448818898,-0.786142212477227,0.885991147613344,0.999999921882612,0.980370169626042,"prc",1,"male","down"
"BP","GO:0043409","negative regulation of MAPK cascade","1/381","40/7230",0.025,0.474409448818898,-0.786142212477227,0.885991147613344,0.999999921882612,0.980370169626042,"CG7054",1,"male","down"
"BP","GO:0045466","R7 cell differentiation","1/381","40/7230",0.025,0.474409448818898,-0.786142212477227,0.885991147613344,0.999999921882612,0.980370169626042,"sev",1,"male","down"
"BP","GO:0048754","branching morphogenesis of an epithelial tube","1/381","40/7230",0.025,0.474409448818898,-0.786142212477227,0.885991147613344,0.999999921882612,0.980370169626042,"ed",1,"male","down"
"BP","GO:0060446","branching involved in open tracheal system development","1/381","40/7230",0.025,0.474409448818898,-0.786142212477227,0.885991147613344,0.999999921882612,0.980370169626042,"ed",1,"male","down"
"BP","GO:0061136","regulation of proteasomal protein catabolic process","1/381","40/7230",0.025,0.474409448818898,-0.786142212477227,0.885991147613344,0.999999921882612,0.980370169626042,"ari-1",1,"male","down"
"BP","GO:0061138","morphogenesis of a branching epithelium","1/381","40/7230",0.025,0.474409448818898,-0.786142212477227,0.885991147613344,0.999999921882612,0.980370169626042,"ed",1,"male","down"
"BP","GO:0071805","potassium ion transmembrane transport","1/381","40/7230",0.025,0.474409448818898,-0.786142212477227,0.885991147613344,0.999999921882612,0.980370169626042,"galene",1,"male","down"
"BP","GO:0072329","monocarboxylic acid catabolic process","1/381","40/7230",0.025,0.474409448818898,-0.786142212477227,0.885991147613344,0.999999921882612,0.980370169626042,"Agxt",1,"male","down"
"BP","GO:1903052","positive regulation of proteolysis involved in protein catabolic process","1/381","40/7230",0.025,0.474409448818898,-0.786142212477227,0.885991147613344,0.999999921882612,0.980370169626042,"ari-1",1,"male","down"
"BP","GO:0007626","locomotory behavior","4/381","121/7230",0.0330578512396694,0.627318279429947,-0.975022273759882,0.888011218104086,0.999999921882612,0.980370169626042,"Pka-R2/Mgat1/e/kairos",4,"male","down"
"BP","GO:1902533","positive regulation of intracellular signal transduction","4/381","121/7230",0.0330578512396694,0.627318279429947,-0.975022273759882,0.888011218104086,0.999999921882612,0.980370169626042,"Erasp/Uev1A/Rae1/ed",4,"male","down"
"BP","GO:0048663","neuron fate commitment","2/381","70/7230",0.0285714285714286,0.542182227221597,-0.907764457058053,0.890537859715756,0.999999921882612,0.980370169626042,"sev/grh",2,"male","down"
"BP","GO:0001510","RNA methylation","1/381","41/7230",0.024390243902439,0.462838486652583,-0.813486953750382,0.892032506828826,0.999999921882612,0.980370169626042,"CG8545",1,"male","down"
"BP","GO:0001763","morphogenesis of a branching structure","1/381","41/7230",0.024390243902439,0.462838486652583,-0.813486953750382,0.892032506828826,0.999999921882612,0.980370169626042,"ed",1,"male","down"
"BP","GO:0001932","regulation of protein phosphorylation","1/381","41/7230",0.024390243902439,0.462838486652583,-0.813486953750382,0.892032506828826,0.999999921882612,0.980370169626042,"Pka-R2",1,"male","down"
"BP","GO:0007419","ventral cord development","1/381","41/7230",0.024390243902439,0.462838486652583,-0.813486953750382,0.892032506828826,0.999999921882612,0.980370169626042,"grh",1,"male","down"
"BP","GO:0007474","imaginal disc-derived wing vein specification","1/381","41/7230",0.024390243902439,0.462838486652583,-0.813486953750382,0.892032506828826,0.999999921882612,0.980370169626042,"fj",1,"male","down"
"BP","GO:0030335","positive regulation of cell migration","1/381","41/7230",0.024390243902439,0.462838486652583,-0.813486953750382,0.892032506828826,0.999999921882612,0.980370169626042,"Uev1A",1,"male","down"
"BP","GO:0045132","meiotic chromosome segregation","1/381","41/7230",0.024390243902439,0.462838486652583,-0.813486953750382,0.892032506828826,0.999999921882612,0.980370169626042,"sau",1,"male","down"
"BP","GO:0046328","regulation of JNK cascade","1/381","41/7230",0.024390243902439,0.462838486652583,-0.813486953750382,0.892032506828826,0.999999921882612,0.980370169626042,"Uev1A",1,"male","down"
"BP","GO:0050801","monoatomic ion homeostasis","3/381","97/7230",0.0309278350515464,0.586898287198636,-0.966039240657582,0.892570229553715,0.999999921882612,0.980370169626042,"Vha16-1/ZnT77C/uex",3,"male","down"
"BP","GO:0055080","monoatomic cation homeostasis","3/381","97/7230",0.0309278350515464,0.586898287198636,-0.966039240657582,0.892570229553715,0.999999921882612,0.980370169626042,"Vha16-1/ZnT77C/uex",3,"male","down"
"BP","GO:0019439","aromatic compound catabolic process","5/381","147/7230",0.0340136054421769,0.645455032406663,-1.02425805720608,0.893807703082332,0.999999921882612,0.980370169626042,"ry/sqd/Hex-C/CG11883/hgo",5,"male","down"
"BP","GO:0042461","photoreceptor cell development","2/381","71/7230",0.028169014084507,0.53454585782411,-0.929539629093329,0.895169783486433,0.999999921882612,0.980370169626042,"tsr/grh",2,"male","down"
"BP","GO:0051124","synaptic assembly at neuromuscular junction","3/381","98/7230",0.0306122448979592,0.580909529165997,-0.985151842159127,0.89653985134792,0.999999921882612,0.980370169626042,"S6k/Rae1/Atg1",3,"male","down"
"BP","GO:0007169","transmembrane receptor protein tyrosine kinase signaling pathway","5/381","148/7230",0.0337837837837838,0.641093849755267,-1.04045143637647,0.897090074385672,0.999999921882612,0.980370169626042,"S6k/sev/grh/ed/Ddr",5,"male","down"
"BP","GO:0001539","cilium or flagellum-dependent cell motility","1/381","42/7230",0.0238095238095238,0.451818522684664,-0.840297332749333,0.897754528653588,0.999999921882612,0.980370169626042,"Mst84Db",1,"male","down"
"BP","GO:0050769","positive regulation of neurogenesis","1/381","42/7230",0.0238095238095238,0.451818522684664,-0.840297332749333,0.897754528653588,0.999999921882612,0.980370169626042,"ari-1",1,"male","down"
"BP","GO:0060285","cilium-dependent cell motility","1/381","42/7230",0.0238095238095238,0.451818522684664,-0.840297332749333,0.897754528653588,0.999999921882612,0.980370169626042,"Mst84Db",1,"male","down"
"BP","GO:0090150","establishment of protein localization to membrane","2/381","72/7230",0.0277777777777778,0.527121609798775,-0.951059933937778,0.899619158827619,0.999999921882612,0.980370169626042,"sau/CG8314",2,"male","down"
"BP","GO:0098609","cell-cell adhesion","3/381","99/7230",0.0303030303030303,0.575041756144118,-1.0040992780313,0.900377398244259,0.999999921882612,0.980370169626042,"beat-IIIc/glec/ed",3,"male","down"
"BP","GO:0016079","synaptic vesicle exocytosis","1/381","43/7230",0.0232558139534884,0.44131111518037,-0.866599538811158,0.903174050715773,0.999999921882612,0.980370169626042,"unc-13-4A",1,"male","down"
"BP","GO:0016322","neuron remodeling","1/381","43/7230",0.0232558139534884,0.44131111518037,-0.866599538811158,0.903174050715773,0.999999921882612,0.980370169626042,"Drice",1,"male","down"
"BP","GO:0042551","neuron maturation","1/381","43/7230",0.0232558139534884,0.44131111518037,-0.866599538811158,0.903174050715773,0.999999921882612,0.980370169626042,"Drice",1,"male","down"
"BP","GO:0043410","positive regulation of MAPK cascade","1/381","43/7230",0.0232558139534884,0.44131111518037,-0.866599538811158,0.903174050715773,0.999999921882612,0.980370169626042,"Uev1A",1,"male","down"
"BP","GO:2000147","positive regulation of cell motility","1/381","43/7230",0.0232558139534884,0.44131111518037,-0.866599538811158,0.903174050715773,0.999999921882612,0.980370169626042,"Uev1A",1,"male","down"
"BP","GO:0007391","dorsal closure","2/381","73/7230",0.0273972602739726,0.519900765828929,-0.972332834877318,0.903892298920117,0.999999921882612,0.980370169626042,"Nmt/ed",2,"male","down"
"BP","GO:0010975","regulation of neuron projection development","2/381","73/7230",0.0273972602739726,0.519900765828929,-0.972332834877318,0.903892298920117,0.999999921882612,0.980370169626042,"S6k/Ddr",2,"male","down"
"BP","GO:0043066","negative regulation of apoptotic process","2/381","73/7230",0.0273972602739726,0.519900765828929,-0.972332834877318,0.903892298920117,0.999999921882612,0.980370169626042,"Debcl/Buffy",2,"male","down"
"BP","GO:1901136","carbohydrate derivative catabolic process","2/381","73/7230",0.0273972602739726,0.519900765828929,-0.972332834877318,0.903892298920117,0.999999921882612,0.980370169626042,"PGRP-SC2/Hex-C",2,"male","down"
"BP","GO:0016310","phosphorylation","7/381","198/7230",0.0353535353535354,0.670882048834805,-1.10747199268083,0.904307440156841,0.999999921882612,0.980370169626042,"S6k/sev/Pka-R2/Hex-C/fj/Atg1/Ddr",7,"male","down"
"BP","GO:0010033","response to organic substance","12/381","312/7230",0.0384615384615385,0.729860690490612,-1.150436946536,0.904670468960475,0.999999921882612,0.980370169626042,"S6k/Pka-R2/psh/Uev1A/aay/Cyp6a2/FASN2/Cyp6d2/Snmp2/uex/Clic/TP53INP",12,"male","down"
"BP","GO:0061982","meiosis I cell cycle process","2/381","74/7230",0.027027027027027,0.512875079804214,-0.993365467940959,0.90799536056708,0.999999921882612,0.980370169626042,"sau/Rae1",2,"male","down"
"BP","GO:0035082","axoneme assembly","1/381","44/7230",0.0227272727272727,0.431281317108089,-0.892417841691062,0.90830702506909,0.999999921882612,0.980370169626042,"Mst84Db",1,"male","down"
"BP","GO:0045732","positive regulation of protein catabolic process","1/381","44/7230",0.0227272727272727,0.431281317108089,-0.892417841691062,0.90830702506909,0.999999921882612,0.980370169626042,"ari-1",1,"male","down"
"BP","GO:0051345","positive regulation of hydrolase activity","1/381","44/7230",0.0227272727272727,0.431281317108089,-0.892417841691062,0.90830702506909,0.999999921882612,0.980370169626042,"CtsK1",1,"male","down"
"BP","GO:0060811","intracellular mRNA localization involved in anterior/posterior axis specification","1/381","44/7230",0.0227272727272727,0.431281317108089,-0.892417841691062,0.90830702506909,0.999999921882612,0.980370169626042,"sqd",1,"male","down"
"BP","GO:0072659","protein localization to plasma membrane","1/381","44/7230",0.0227272727272727,0.431281317108089,-0.892417841691062,0.90830702506909,0.999999921882612,0.980370169626042,"sau",1,"male","down"
"BP","GO:0006812","monoatomic cation transport","8/381","223/7230",0.0358744394618834,0.680766922071961,-1.14204252384025,0.908661904509066,0.999999921882612,0.980370169626042,"Vha16-1/Zip48C/CG4928/kumpel/ZnT77C/CG32669/GluRIID/galene",8,"male","down"
"BP","GO:0007127","meiosis I","1/381","45/7230",0.0222222222222222,0.42169728783902,-0.917774774770989,0.913168564652819,0.999999921882612,0.980370169626042,"Rae1",1,"male","down"
"BP","GO:0035194","regulatory ncRNA-mediated post-transcriptional gene silencing","1/381","45/7230",0.0222222222222222,0.42169728783902,-0.917774774770989,0.913168564652819,0.999999921882612,0.980370169626042,"CRIF",1,"male","down"
"BP","GO:0042391","regulation of membrane potential","1/381","45/7230",0.0222222222222222,0.42169728783902,-0.917774774770989,0.913168564652819,0.999999921882612,0.980370169626042,"galene",1,"male","down"
"BP","GO:0045055","regulated exocytosis","1/381","45/7230",0.0222222222222222,0.42169728783902,-0.917774774770989,0.913168564652819,0.999999921882612,0.980370169626042,"unc-13-4A",1,"male","down"
"BP","GO:0048588","developmental cell growth","1/381","45/7230",0.0222222222222222,0.42169728783902,-0.917774774770989,0.913168564652819,0.999999921882612,0.980370169626042,"Atg1",1,"male","down"
"BP","GO:0007163","establishment or maintenance of cell polarity","4/381","129/7230",0.0310077519379845,0.588414820240493,-1.11245600417654,0.914893420416975,0.999999921882612,0.980370169626042,"sqd/tsr/grh/fj",4,"male","down"
"BP","GO:0045926","negative regulation of growth","2/381","76/7230",0.0263157894736842,0.499378367177787,-1.03473694973381,0.915715087859932,0.999999921882612,0.980370169626042,"FarO/Rae1",2,"male","down"
"BP","GO:0019725","cellular homeostasis","5/381","155/7230",0.032258064516129,0.612141224282449,-1.15123574687179,0.917702099537438,0.999999921882612,0.980370169626042,"Vha16-1/Hex-C/Debcl/ZnT77C/uex",5,"male","down"
"BP","GO:0000956","nuclear-transcribed mRNA catabolic process","1/381","46/7230",0.0217391304347826,0.412529955494694,-0.942691296994439,0.917772987320499,0.999999921882612,0.980370169626042,"sqd",1,"male","down"
"BP","GO:0031647","regulation of protein stability","1/381","46/7230",0.0217391304347826,0.412529955494694,-0.942691296994439,0.917772987320499,0.999999921882612,0.980370169626042,"Bap170",1,"male","down"
"BP","GO:0040017","positive regulation of locomotion","1/381","46/7230",0.0217391304347826,0.412529955494694,-0.942691296994439,0.917772987320499,0.999999921882612,0.980370169626042,"Uev1A",1,"male","down"
"BP","GO:0060810","intracellular mRNA localization involved in pattern specification process","1/381","46/7230",0.0217391304347826,0.412529955494694,-0.942691296994439,0.917772987320499,0.999999921882612,0.980370169626042,"sqd",1,"male","down"
"BP","GO:0000819","sister chromatid segregation","2/381","77/7230",0.025974025974026,0.492892933837816,-1.05508859690815,0.919343278102224,0.999999921882612,0.980370169626042,"sau/Cap-G",2,"male","down"
"BP","GO:0010243","response to organonitrogen compound","4/381","131/7230",0.0305343511450382,0.579431387870409,-1.1456763131427,0.920646728854049,0.999999921882612,0.980370169626042,"S6k/Pka-R2/Cyp6a2/Cyp6d2",4,"male","down"
"BP","GO:0120035","regulation of plasma membrane bounded cell projection organization","3/381","105/7230",0.0285714285714286,0.542182227221597,-1.11450720533242,0.920826236021165,0.999999921882612,0.980370169626042,"S6k/tsr/Ddr",3,"male","down"
"BP","GO:0007052","mitotic spindle organization","1/381","47/7230",0.0212765957446809,0.403752722399062,-0.967186936413082,0.922133857564219,0.999999921882612,0.980370169626042,"sau",1,"male","down"
"BP","GO:0007315","pole plasm assembly","1/381","47/7230",0.0212765957446809,0.403752722399062,-0.967186936413082,0.922133857564219,0.999999921882612,0.980370169626042,"sqd",1,"male","down"
"BP","GO:1990778","protein localization to cell periphery","1/381","47/7230",0.0212765957446809,0.403752722399062,-0.967186936413082,0.922133857564219,0.999999921882612,0.980370169626042,"sau",1,"male","down"
"BP","GO:0006260","DNA replication","2/381","78/7230",0.0256410256410256,0.486573793660408,-1.07522560450459,0.922824439436811,0.999999921882612,0.980370169626042,"CG14805/RnrL",2,"male","down"
"BP","GO:0006650","glycerophospholipid metabolic process","2/381","78/7230",0.0256410256410256,0.486573793660408,-1.07522560450459,0.922824439436811,0.999999921882612,0.980370169626042,"ry/CG17026",2,"male","down"
"BP","GO:0032870","cellular response to hormone stimulus","2/381","78/7230",0.0256410256410256,0.486573793660408,-1.07522560450459,0.922824439436811,0.999999921882612,0.980370169626042,"S6k/TP53INP",2,"male","down"
"BP","GO:0042254","ribosome biogenesis","5/381","157/7230",0.0318471337579618,0.604343246903054,-1.18210103331508,0.922882868270854,0.999999921882612,0.980370169626042,"CG8545/CG5645/CG11123/CG32409/CG14805",5,"male","down"
"BP","GO:0007623","circadian rhythm","3/381","106/7230",0.0283018867924528,0.537067300549695,-1.13239215707019,0.923836683695733,0.999999921882612,0.980370169626042,"Pka-R2/e/kairos",3,"male","down"
"BP","GO:0048511","rhythmic process","3/381","106/7230",0.0283018867924528,0.537067300549695,-1.13239215707019,0.923836683695733,0.999999921882612,0.980370169626042,"Pka-R2/e/kairos",3,"male","down"
"BP","GO:0007286","spermatid development","2/381","79/7230",0.0253164556962025,0.480414631715339,-1.09515372935162,0.9261639405955,0.999999921882612,0.980370169626042,"Mst84Db/atlas",2,"male","down"
"BP","GO:0007420","brain development","2/381","79/7230",0.0253164556962025,0.480414631715339,-1.09515372935162,0.9261639405955,0.999999921882612,0.980370169626042,"tsr/Mgat1",2,"male","down"
"BP","GO:0040012","regulation of locomotion","2/381","79/7230",0.0253164556962025,0.480414631715339,-1.09515372935162,0.9261639405955,0.999999921882612,0.980370169626042,"S6k/Uev1A",2,"male","down"
"BP","GO:0030041","actin filament polymerization","1/381","48/7230",0.0208333333333333,0.395341207349081,-0.991279917785881,0.926264026054826,0.999999921882612,0.980370169626042,"tsr",1,"male","down"
"BP","GO:0051225","spindle assembly","1/381","48/7230",0.0208333333333333,0.395341207349081,-0.991279917785881,0.926264026054826,0.999999921882612,0.980370169626042,"sau",1,"male","down"
"BP","GO:1902600","proton transmembrane transport","1/381","48/7230",0.0208333333333333,0.395341207349081,-0.991279917785881,0.926264026054826,0.999999921882612,0.980370169626042,"Vha16-1",1,"male","down"
"BP","GO:0007268","chemical synaptic transmission","7/381","208/7230",0.0336538461538462,0.638628104179285,-1.2472216647949,0.928170065773863,0.999999921882612,0.980370169626042,"Arc1/Cat/Sod1/GluRIID/unc-13-4A/CG31675/Atg1",7,"male","down"
"BP","GO:0098916","anterograde trans-synaptic signaling","7/381","208/7230",0.0336538461538462,0.638628104179285,-1.2472216647949,0.928170065773863,0.999999921882612,0.980370169626042,"Arc1/Cat/Sod1/GluRIID/unc-13-4A/CG31675/Atg1",7,"male","down"
"BP","GO:0001751","compound eye photoreceptor cell differentiation","4/381","134/7230",0.0298507462686567,0.566459043365848,-1.19471342653383,0.928625606500048,0.999999921882612,0.980370169626042,"sev/tsr/grh/ed",4,"male","down"
"BP","GO:0042692","muscle cell differentiation","2/381","80/7230",0.025,0.474409448818898,-1.11487849600263,0.929366994580928,0.999999921882612,0.980370169626042,"Mp20/Pax",2,"male","down"
"BP","GO:0099504","synaptic vesicle cycle","2/381","80/7230",0.025,0.474409448818898,-1.11487849600263,0.929366994580928,0.999999921882612,0.980370169626042,"st/unc-13-4A",2,"male","down"
"BP","GO:0009416","response to light stimulus","3/381","108/7230",0.0277777777777778,0.527121609798775,-1.16774597242805,0.929545969713816,0.999999921882612,0.980370169626042,"Sod3/ninaD/CG11426",3,"male","down"
"BP","GO:0060284","regulation of cell development","3/381","108/7230",0.0277777777777778,0.527121609798775,-1.16774597242805,0.929545969713816,0.999999921882612,0.980370169626042,"grh/ari-1/ed",3,"male","down"
"BP","GO:0006997","nucleus organization","1/381","49/7230",0.0204081632653061,0.387273019443998,-1.01498727630294,0.930175667112068,0.999999921882612,0.980370169626042,"atlas",1,"male","down"
"BP","GO:0032984","protein-containing complex disassembly","1/381","49/7230",0.0204081632653061,0.387273019443998,-1.01498727630294,0.930175667112068,0.999999921882612,0.980370169626042,"tsr",1,"male","down"
"BP","GO:0098876","vesicle-mediated transport to the plasma membrane","1/381","49/7230",0.0204081632653061,0.387273019443998,-1.01498727630294,0.930175667112068,0.999999921882612,0.980370169626042,"sau",1,"male","down"
"BP","GO:0031344","regulation of cell projection organization","3/381","109/7230",0.0275229357798165,0.522285631727227,-1.1852202882586,0.932251005443051,0.999999921882612,0.980370169626042,"S6k/tsr/Ddr",3,"male","down"
"BP","GO:0001745","compound eye morphogenesis","7/381","210/7230",0.0333333333333333,0.63254593175853,-1.2744774873823,0.932266630655917,0.999999921882612,0.980370169626042,"Drice/sev/tsr/Nepl15/grh/ed/fj",7,"male","down"
"BP","GO:0043069","negative regulation of programmed cell death","2/381","81/7230",0.0246913580246914,0.468552542043356,-1.13440520904697,0.932438660125457,0.999999921882612,0.980370169626042,"Debcl/Buffy",2,"male","down"
"BP","GO:0099003","vesicle-mediated transport in synapse","2/381","81/7230",0.0246913580246914,0.468552542043356,-1.13440520904697,0.932438660125457,0.999999921882612,0.980370169626042,"st/unc-13-4A",2,"male","down"
"BP","GO:0001754","eye photoreceptor cell differentiation","4/381","136/7230",0.0294117647058824,0.55812876331635,-1.22689560744118,0.933536254314051,0.999999921882612,0.980370169626042,"sev/tsr/grh/ed",4,"male","down"
"BP","GO:0001578","microtubule bundle formation","1/381","50/7230",0.02,0.379527559055118,-1.03832495919986,0.933880314212793,0.999999921882612,0.980370169626042,"Mst84Db",1,"male","down"
"BP","GO:0006816","calcium ion transport","1/381","50/7230",0.02,0.379527559055118,-1.03832495919986,0.933880314212793,0.999999921882612,0.980370169626042,"GluRIID",1,"male","down"
"BP","GO:0007173","epidermal growth factor receptor signaling pathway","1/381","50/7230",0.02,0.379527559055118,-1.03832495919986,0.933880314212793,0.999999921882612,0.980370169626042,"ed",1,"male","down"
"BP","GO:0009306","protein secretion","1/381","50/7230",0.02,0.379527559055118,-1.03832495919986,0.933880314212793,0.999999921882612,0.980370169626042,"tsr",1,"male","down"
"BP","GO:0009950","dorsal/ventral axis specification","1/381","50/7230",0.02,0.379527559055118,-1.03832495919986,0.933880314212793,0.999999921882612,0.980370169626042,"sqd",1,"male","down"
"BP","GO:0022604","regulation of cell morphogenesis","1/381","50/7230",0.02,0.379527559055118,-1.03832495919986,0.933880314212793,0.999999921882612,0.980370169626042,"ed",1,"male","down"
"BP","GO:0038127","ERBB signaling pathway","1/381","50/7230",0.02,0.379527559055118,-1.03832495919986,0.933880314212793,0.999999921882612,0.980370169626042,"ed",1,"male","down"
"BP","GO:0043062","extracellular structure organization","1/381","50/7230",0.02,0.379527559055118,-1.03832495919986,0.933880314212793,0.999999921882612,0.980370169626042,"prc",1,"male","down"
"BP","GO:0099537","trans-synaptic signaling","7/381","211/7230",0.033175355450237,0.629548083740717,-1.28802255798517,0.934237260528707,0.999999921882612,0.980370169626042,"Arc1/Cat/Sod1/GluRIID/unc-13-4A/CG31675/Atg1",7,"male","down"
"BP","GO:0016311","dephosphorylation","3/381","110/7230",0.0272727272727273,0.517537580529706,-1.20256304369545,0.934860328789063,0.999999921882612,0.980370169626042,"CG15528/aay/CG11426",3,"male","down"
"BP","GO:0030003","intracellular monoatomic cation homeostasis","2/381","82/7230",0.024390243902439,0.462838486652583,-1.15373896461995,0.935383843428459,0.999999921882612,0.980370169626042,"Vha16-1/ZnT77C",2,"male","down"
"BP","GO:0007552","metamorphosis","11/381","306/7230",0.0359477124183007,0.68215737738665,-1.33993069589807,0.936143547683664,0.999999921882612,0.980370169626042,"Bap170/Drice/Sdb/ImpE3/tsr/Cyp301a1/Mec2/EbpIII/ed/fj/Atg1",11,"male","down"
"BP","GO:0007591","molting cycle, chitin-based cuticle","1/381","51/7230",0.0196078431372549,0.3720858422109,-1.06130791677261,0.937388893639663,0.999999921882612,0.980370169626042,"e",1,"male","down"
"BP","GO:0008286","insulin receptor signaling pathway","1/381","51/7230",0.0196078431372549,0.3720858422109,-1.06130791677261,0.937388893639663,0.999999921882612,0.980370169626042,"S6k",1,"male","down"
"BP","GO:0016441","post-transcriptional gene silencing","1/381","51/7230",0.0196078431372549,0.3720858422109,-1.06130791677261,0.937388893639663,0.999999921882612,0.980370169626042,"CRIF",1,"male","down"
"BP","GO:0030718","germ-line stem cell population maintenance","1/381","51/7230",0.0196078431372549,0.3720858422109,-1.06130791677261,0.937388893639663,0.999999921882612,0.980370169626042,"S6k",1,"male","down"
"BP","GO:0042303","molting cycle","1/381","51/7230",0.0196078431372549,0.3720858422109,-1.06130791677261,0.937388893639663,0.999999921882612,0.980370169626042,"e",1,"male","down"
"BP","GO:0046474","glycerophospholipid biosynthetic process","1/381","51/7230",0.0196078431372549,0.3720858422109,-1.06130791677261,0.937388893639663,0.999999921882612,0.980370169626042,"CG17026",1,"male","down"
"BP","GO:1903050","regulation of proteolysis involved in protein catabolic process","1/381","51/7230",0.0196078431372549,0.3720858422109,-1.06130791677261,0.937388893639663,0.999999921882612,0.980370169626042,"ari-1",1,"male","down"
"BP","GO:0042127","regulation of cell population proliferation","4/381","139/7230",0.0287769784172662,0.546082818784343,-1.27443677838037,0.940331332941263,0.999999921882612,0.980370169626042,"Cat/Rae1/grh/CG13559",4,"male","down"
"BP","GO:0051960","regulation of nervous system development","4/381","139/7230",0.0287769784172662,0.546082818784343,-1.27443677838037,0.940331332941263,0.999999921882612,0.980370169626042,"Rae1/grh/ari-1/ed",4,"male","down"
"BP","GO:0007028","cytoplasm organization","1/381","52/7230",0.0192307692307692,0.364930345245306,-1.08395018408827,0.94071175636752,0.999999921882612,0.980370169626042,"sqd",1,"male","down"
"BP","GO:0007030","Golgi organization","1/381","52/7230",0.0192307692307692,0.364930345245306,-1.08395018408827,0.94071175636752,0.999999921882612,0.980370169626042,"sau",1,"male","down"
"BP","GO:0007254","JNK cascade","1/381","52/7230",0.0192307692307692,0.364930345245306,-1.08395018408827,0.94071175636752,0.999999921882612,0.980370169626042,"Uev1A",1,"male","down"
"BP","GO:0008344","adult locomotory behavior","1/381","52/7230",0.0192307692307692,0.364930345245306,-1.08395018408827,0.94071175636752,0.999999921882612,0.980370169626042,"Mgat1",1,"male","down"
"BP","GO:0010970","transport along microtubule","1/381","52/7230",0.0192307692307692,0.364930345245306,-1.08395018408827,0.94071175636752,0.999999921882612,0.980370169626042,"Atg1",1,"male","down"
"BP","GO:0046488","phosphatidylinositol metabolic process","1/381","52/7230",0.0192307692307692,0.364930345245306,-1.08395018408827,0.94071175636752,0.999999921882612,0.980370169626042,"CG17026",1,"male","down"
"BP","GO:0009725","response to hormone","2/381","84/7230",0.0238095238095238,0.451818522684664,-1.19184700956108,0.940913637551864,0.999999921882612,0.980370169626042,"S6k/TP53INP",2,"male","down"
"BP","GO:0016331","morphogenesis of embryonic epithelium","2/381","84/7230",0.0238095238095238,0.451818522684664,-1.19184700956108,0.940913637551864,0.999999921882612,0.980370169626042,"Nmt/ed",2,"male","down"
"BP","GO:0048592","eye morphogenesis","7/381","215/7230",0.0325581395348837,0.617835561252518,-1.34166373778836,0.94162589678987,0.999999921882612,0.980370169626042,"Drice/sev/tsr/Nepl15/grh/ed/fj",7,"male","down"
"BP","GO:0090596","sensory organ morphogenesis","7/381","215/7230",0.0325581395348837,0.617835561252518,-1.34166373778836,0.94162589678987,0.999999921882612,0.980370169626042,"Drice/sev/tsr/Nepl15/grh/ed/fj",7,"male","down"
"BP","GO:0099536","synaptic signaling","7/381","215/7230",0.0325581395348837,0.617835561252518,-1.34166373778836,0.94162589678987,0.999999921882612,0.980370169626042,"Arc1/Cat/Sod1/GluRIID/unc-13-4A/CG31675/Atg1",7,"male","down"
"BP","GO:1901698","response to nitrogen compound","4/381","140/7230",0.0285714285714286,0.542182227221597,-1.29009462440426,0.942452216185785,0.999999921882612,0.980370169626042,"S6k/Pka-R2/Cyp6a2/Cyp6d2",4,"male","down"
"BP","GO:0098660","inorganic ion transmembrane transport","6/381","191/7230",0.031413612565445,0.596116584903327,-1.334151773851,0.942594127145475,0.999999921882612,0.980370169626042,"Vha16-1/Zip48C/Dic1/CG1907/ZnT77C/galene",6,"male","down"
"BP","GO:0043408","regulation of MAPK cascade","2/381","85/7230",0.0235294117647059,0.44650301065308,-1.21063054249534,0.943507316993462,0.999999921882612,0.980370169626042,"Uev1A/CG7054",2,"male","down"
"BP","GO:0007274","neuromuscular synaptic transmission","1/381","53/7230",0.0188679245283019,0.35804486703313,-1.10626495450671,0.94385870827947,0.999999921882612,0.980370169626042,"GluRIID",1,"male","down"
"BP","GO:0008154","actin polymerization or depolymerization","1/381","53/7230",0.0188679245283019,0.35804486703313,-1.10626495450671,0.94385870827947,0.999999921882612,0.980370169626042,"tsr",1,"male","down"
"BP","GO:0008298","intracellular mRNA localization","1/381","53/7230",0.0188679245283019,0.35804486703313,-1.10626495450671,0.94385870827947,0.999999921882612,0.980370169626042,"sqd",1,"male","down"
"BP","GO:0043414","macromolecule methylation","1/381","53/7230",0.0188679245283019,0.35804486703313,-1.10626495450671,0.94385870827947,0.999999921882612,0.980370169626042,"CG8545",1,"male","down"
"BP","GO:0071478","cellular response to radiation","1/381","53/7230",0.0188679245283019,0.35804486703313,-1.10626495450671,0.94385870827947,0.999999921882612,0.980370169626042,"ninaD",1,"male","down"
"BP","GO:0006468","protein phosphorylation","5/381","167/7230",0.029940119760479,0.568155028525626,-1.33161756894985,0.944691468741881,0.999999921882612,0.980370169626042,"S6k/sev/Pka-R2/fj/Atg1",5,"male","down"
"BP","GO:0010720","positive regulation of cell development","1/381","54/7230",0.0185185185185185,0.351414406532517,-1.12826464597594,0.946839038799955,0.999999921882612,0.980370169626042,"ari-1",1,"male","down"
"BP","GO:0030258","lipid modification","1/381","54/7230",0.0185185185185185,0.351414406532517,-1.12826464597594,0.946839038799955,0.999999921882612,0.980370169626042,"CG11426",1,"male","down"
"BP","GO:0035592","establishment of protein localization to extracellular region","1/381","54/7230",0.0185185185185185,0.351414406532517,-1.12826464597594,0.946839038799955,0.999999921882612,0.980370169626042,"tsr",1,"male","down"
"BP","GO:0042176","regulation of protein catabolic process","1/381","54/7230",0.0185185185185185,0.351414406532517,-1.12826464597594,0.946839038799955,0.999999921882612,0.980370169626042,"ari-1",1,"male","down"
"BP","GO:0099111","microtubule-based transport","1/381","54/7230",0.0185185185185185,0.351414406532517,-1.12826464597594,0.946839038799955,0.999999921882612,0.980370169626042,"Atg1",1,"male","down"
"BP","GO:0043604","amide biosynthetic process","12/381","337/7230",0.0356083086053412,0.675716722353326,-1.43788244750543,0.947793632517039,0.999999921882612,0.980370169626042,"Paip2/PGRP-SC2/sqd/SPE/psh/Acsx3/eIF4EHP/Acsx1R/CG9993/e/Acsx4/CG5568",12,"male","down"
"BP","GO:0006811","monoatomic ion transport","9/381","267/7230",0.0337078651685393,0.639653189418738,-1.41503158110899,0.947954867184054,0.999999921882612,0.980370169626042,"Vha16-1/Zip48C/CG4928/kumpel/ZnT77C/CG32669/GluRIID/galene/Clic",9,"male","down"
"BP","GO:0016042","lipid catabolic process","2/381","87/7230",0.0229885057471264,0.436238573626573,-1.24767845480321,0.948373832822859,0.999999921882612,0.980370169626042,"CG6472/CG34448",2,"male","down"
"BP","GO:0007416","synapse assembly","3/381","116/7230",0.0258620689655172,0.490768395329894,-1.30399351305421,0.948666371233081,0.999999921882612,0.980370169626042,"S6k/Rae1/Atg1",3,"male","down"
"BP","GO:0003341","cilium movement","1/381","55/7230",0.0181818181818182,0.345025053686471,-1.14996096093446,0.949661548027549,0.999999921882612,0.980370169626042,"Mst84Db",1,"male","down"
"BP","GO:0007619","courtship behavior","1/381","55/7230",0.0181818181818182,0.345025053686471,-1.14996096093446,0.949661548027549,0.999999921882612,0.980370169626042,"eloF",1,"male","down"
"BP","GO:0030431","sleep","1/381","55/7230",0.0181818181818182,0.345025053686471,-1.14996096093446,0.949661548027549,0.999999921882612,0.980370169626042,"CG31675",1,"male","down"
"BP","GO:0032259","methylation","1/381","55/7230",0.0181818181818182,0.345025053686471,-1.14996096093446,0.949661548027549,0.999999921882612,0.980370169626042,"CG8545",1,"male","down"
"BP","GO:0048707","instar larval or pupal morphogenesis","10/381","293/7230",0.0341296928327645,0.647657950606004,-1.452113142653,0.951191601430123,0.999999921882612,0.980370169626042,"Bap170/Drice/Sdb/ImpE3/tsr/Cyp301a1/Mec2/ed/fj/Atg1",10,"male","down"
"BP","GO:0030705","cytoskeleton-dependent intracellular transport","1/381","56/7230",0.0178571428571429,0.338863892013498,-1.17136494054462,0.952334572445877,0.999999921882612,0.980370169626042,"Atg1",1,"male","down"
"BP","GO:0031123","RNA 3'-end processing","1/381","56/7230",0.0178571428571429,0.338863892013498,-1.17136494054462,0.952334572445877,0.999999921882612,0.980370169626042,"IntS11",1,"male","down"
"BP","GO:0032869","cellular response to insulin stimulus","1/381","56/7230",0.0178571428571429,0.338863892013498,-1.17136494054462,0.952334572445877,0.999999921882612,0.980370169626042,"S6k",1,"male","down"
"BP","GO:0045664","regulation of neuron differentiation","1/381","56/7230",0.0178571428571429,0.338863892013498,-1.17136494054462,0.952334572445877,0.999999921882612,0.980370169626042,"ed",1,"male","down"
"BP","GO:0071692","protein localization to extracellular region","1/381","56/7230",0.0178571428571429,0.338863892013498,-1.17136494054462,0.952334572445877,0.999999921882612,0.980370169626042,"tsr",1,"male","down"
"BP","GO:0006836","neurotransmitter transport","2/381","89/7230",0.0224719101123595,0.426435459612492,-1.28406142067496,0.952839718807354,0.999999921882612,0.980370169626042,"st/unc-13-4A",2,"male","down"
"BP","GO:1902532","negative regulation of intracellular signal transduction","2/381","89/7230",0.0224719101123595,0.426435459612492,-1.28406142067496,0.952839718807354,0.999999921882612,0.980370169626042,"CG7054/Atg1",2,"male","down"
"BP","GO:0007015","actin filament organization","3/381","119/7230",0.0252100840336134,0.478396082842586,-1.35312214810212,0.954500787421455,0.999999921882612,0.980370169626042,"Mp20/tsr/ed",3,"male","down"
"BP","GO:0045596","negative regulation of cell differentiation","1/381","57/7230",0.0175438596491228,0.332918911451858,-1.19248701388719,0.954866009286987,0.999999921882612,0.980370169626042,"ed",1,"male","down"
"BP","GO:0071375","cellular response to peptide hormone stimulus","1/381","57/7230",0.0175438596491228,0.332918911451858,-1.19248701388719,0.954866009286987,0.999999921882612,0.980370169626042,"S6k",1,"male","down"
"BP","GO:1901653","cellular response to peptide","1/381","57/7230",0.0175438596491228,0.332918911451858,-1.19248701388719,0.954866009286987,0.999999921882612,0.980370169626042,"S6k",1,"male","down"
"BP","GO:0007155","cell adhesion","4/381","147/7230",0.0272108843537415,0.516364025925331,-1.39719383570233,0.955476233431299,0.999999921882612,0.980370169626042,"beat-IIIc/glec/prc/ed",4,"male","down"
"BP","GO:0046530","photoreceptor cell differentiation","4/381","147/7230",0.0272108843537415,0.516364025925331,-1.39719383570233,0.955476233431299,0.999999921882612,0.980370169626042,"sev/tsr/grh/ed",4,"male","down"
"BP","GO:0051172","negative regulation of nitrogen compound metabolic process","10/381","297/7230",0.0336700336700337,0.638935284604576,-1.49861712573036,0.956233527195231,0.999999921882612,0.980370169626042,"Bin1/Paip2/PGRP-SC2/sqd/Acp62F/Spn28F/Spn28Da/Pka-R2/eIF4EHP/nec",10,"male","down"
"BP","GO:0007517","muscle organ development","1/381","58/7230",0.0172413793103448,0.327178930219929,-1.21333704266733,0.957263339617624,0.999999921882612,0.980370169626042,"ed",1,"male","down"
"BP","GO:0048608","reproductive structure development","1/381","58/7230",0.0172413793103448,0.327178930219929,-1.21333704266733,0.957263339617624,0.999999921882612,0.980370169626042,"tsr",1,"male","down"
"BP","GO:0061458","reproductive system development","1/381","58/7230",0.0172413793103448,0.327178930219929,-1.21333704266733,0.957263339617624,0.999999921882612,0.980370169626042,"tsr",1,"male","down"
"BP","GO:0071214","cellular response to abiotic stimulus","1/381","58/7230",0.0172413793103448,0.327178930219929,-1.21333704266733,0.957263339617624,0.999999921882612,0.980370169626042,"ninaD",1,"male","down"
"BP","GO:0104004","cellular response to environmental stimulus","1/381","58/7230",0.0172413793103448,0.327178930219929,-1.21333704266733,0.957263339617624,0.999999921882612,0.980370169626042,"ninaD",1,"male","down"
"BP","GO:0010927","cellular component assembly involved in morphogenesis","2/381","92/7230",0.0217391304347826,0.412529955494694,-1.3374556369791,0.958853980027075,0.999999921882612,0.980370169626042,"Pax/ed",2,"male","down"
"BP","GO:0140014","mitotic nuclear division","2/381","92/7230",0.0217391304347826,0.412529955494694,-1.3374556369791,0.958853980027075,0.999999921882612,0.980370169626042,"sau/Cap-G",2,"male","down"
"BP","GO:0007314","oocyte anterior/posterior axis specification","1/381","59/7230",0.0169491525423729,0.321633524622981,-1.2339243619134,0.959533650215182,0.999999921882612,0.980370169626042,"sqd",1,"male","down"
"BP","GO:0008358","maternal determination of anterior/posterior axis, embryo","1/381","59/7230",0.0169491525423729,0.321633524622981,-1.2339243619134,0.959533650215182,0.999999921882612,0.980370169626042,"sqd",1,"male","down"
"BP","GO:0009886","post-embryonic animal morphogenesis","10/381","300/7230",0.0333333333333333,0.63254593175853,-1.53315155265585,0.95970746916534,0.999999921882612,0.980370169626042,"Bap170/Drice/Sdb/ImpE3/tsr/Cyp301a1/Mec2/ed/fj/Atg1",10,"male","down"
"BP","GO:0034470","ncRNA processing","7/381","228/7230",0.0307017543859649,0.582608095040751,-1.51038759254366,0.960823630586135,0.999999921882612,0.980370169626042,"CG8545/CRIF/CG5645/CG11123/IntS11/CG32409/CG14805",7,"male","down"
"BP","GO:0008284","positive regulation of cell population proliferation","1/381","60/7230",0.0166666666666667,0.316272965879265,-1.2542578170914,0.961683654296623,0.999999921882612,0.980370169626042,"CG13559",1,"male","down"
"BP","GO:0030334","regulation of cell migration","1/381","60/7230",0.0166666666666667,0.316272965879265,-1.2542578170914,0.961683654296623,0.999999921882612,0.980370169626042,"Uev1A",1,"male","down"
"BP","GO:0007297","follicle cell of egg chamber migration","2/381","94/7230",0.0212765957446809,0.403752722399062,-1.37230590573007,0.96244816351472,0.999999921882612,0.980370169626042,"sqd/tsr",2,"male","down"
"BP","GO:0060322","head development","2/381","94/7230",0.0212765957446809,0.403752722399062,-1.37230590573007,0.96244816351472,0.999999921882612,0.980370169626042,"tsr/Mgat1",2,"male","down"
"BP","GO:0003008","system process","13/381","374/7230",0.0347593582887701,0.659606720282959,-1.59429759549793,0.963274552275468,0.999999921882612,0.980370169626042,"Arc1/Oatp58Db/CG4928/CheA75a/Obp49a/Mec2/Obp99d/Or59c/Obp56f/CheA7a/Or59b/Or85d/Atg1",13,"male","down"
"BP","GO:0006518","peptide metabolic process","13/381","374/7230",0.0347593582887701,0.659606720282959,-1.59429759549793,0.963274552275468,0.999999921882612,0.980370169626042,"Paip2/PGRP-SC2/GstE9/CG4752/sqd/SPE/psh/CG31198/GstE7/eIF4EHP/GstE3/GstD5/e",13,"male","down"
"BP","GO:0031507","heterochromatin formation","1/381","61/7230",0.0163934426229508,0.311088163159933,-1.27434579800626,0.963719711160359,0.999999921882612,0.980370169626042,"Bin1",1,"male","down"
"BP","GO:0032868","response to insulin","1/381","61/7230",0.0163934426229508,0.311088163159933,-1.27434579800626,0.963719711160359,0.999999921882612,0.980370169626042,"S6k",1,"male","down"
"BP","GO:0045017","glycerolipid biosynthetic process","1/381","61/7230",0.0163934426229508,0.311088163159933,-1.27434579800626,0.963719711160359,0.999999921882612,0.980370169626042,"CG17026",1,"male","down"
"BP","GO:1902850","microtubule cytoskeleton organization involved in mitosis","1/381","61/7230",0.0163934426229508,0.311088163159933,-1.27434579800626,0.963719711160359,0.999999921882612,0.980370169626042,"sau",1,"male","down"
"BP","GO:0007293","germarium-derived egg chamber formation","1/381","62/7230",0.0161290322580645,0.306070612141224,-1.29419626981765,0.965647844797952,0.999999921882612,0.980370169626042,"sqd",1,"male","down"
"BP","GO:0008361","regulation of cell size","1/381","62/7230",0.0161290322580645,0.306070612141224,-1.29419626981765,0.965647844797952,0.999999921882612,0.980370169626042,"S6k",1,"male","down"
"BP","GO:0043434","response to peptide hormone","1/381","62/7230",0.0161290322580645,0.306070612141224,-1.29419626981765,0.965647844797952,0.999999921882612,0.980370169626042,"S6k",1,"male","down"
"BP","GO:1901652","response to peptide","1/381","62/7230",0.0161290322580645,0.306070612141224,-1.29419626981765,0.965647844797952,0.999999921882612,0.980370169626042,"S6k",1,"male","down"
"BP","GO:2000145","regulation of cell motility","1/381","62/7230",0.0161290322580645,0.306070612141224,-1.29419626981765,0.965647844797952,0.999999921882612,0.980370169626042,"Uev1A",1,"male","down"
"BP","GO:0010608","post-transcriptional regulation of gene expression","4/381","155/7230",0.0258064516129032,0.489712979425959,-1.51462515747572,0.967010875643915,0.999999921882612,0.980370169626042,"Paip2/sqd/eIF4EHP/CRIF",4,"male","down"
"BP","GO:0040011","locomotion","4/381","155/7230",0.0258064516129032,0.489712979425959,-1.51462515747572,0.967010875643915,0.999999921882612,0.980370169626042,"beat-IIIc/S6k/Uev1A/Clic",4,"male","down"
"BP","GO:0007476","imaginal disc-derived wing morphogenesis","5/381","182/7230",0.0274725274725275,0.521329064636151,-1.54250940805508,0.967106740839089,0.999999921882612,0.980370169626042,"Bap170/Sdb/tsr/ed/fj",5,"male","down"
"BP","GO:0007528","neuromuscular junction development","3/381","127/7230",0.0236220472440945,0.448260896521793,-1.47945832200162,0.967173329623822,0.999999921882612,0.980370169626042,"S6k/Rae1/Atg1",3,"male","down"
"BP","GO:0006402","mRNA catabolic process","1/381","63/7230",0.0158730158730159,0.301212348456443,-1.31381680145958,0.967473761529534,0.999999921882612,0.980370169626042,"sqd",1,"male","down"
"BP","GO:0032880","regulation of protein localization","1/381","63/7230",0.0158730158730159,0.301212348456443,-1.31381680145958,0.967473761529534,0.999999921882612,0.980370169626042,"tsr",1,"male","down"
"BP","GO:0010256","endomembrane system organization","3/381","128/7230",0.0234375,0.444758858267717,-1.49480419000858,0.968500373780437,0.999999921882612,0.980370169626042,"sau/CG18635/ari-1",3,"male","down"
"BP","GO:1903046","meiotic cell cycle process","3/381","128/7230",0.0234375,0.444758858267717,-1.49480419000858,0.968500373780437,0.999999921882612,0.980370169626042,"sau/tsr/Rae1",3,"male","down"
"BP","GO:0045814","negative regulation of gene expression, epigenetic","1/381","64/7230",0.015625,0.296505905511811,-1.33321459171985,0.969202866714025,0.999999921882612,0.980370169626042,"Bin1",1,"male","down"
"BP","GO:0070828","heterochromatin organization","1/381","64/7230",0.015625,0.296505905511811,-1.33321459171985,0.969202866714025,0.999999921882612,0.980370169626042,"Bin1",1,"male","down"
"BP","GO:1901990","regulation of mitotic cell cycle phase transition","1/381","64/7230",0.015625,0.296505905511811,-1.33321459171985,0.969202866714025,0.999999921882612,0.980370169626042,"Rae1",1,"male","down"
"BP","GO:0001708","cell fate specification","1/381","65/7230",0.0153846153846154,0.291944276196245,-1.35239649320643,0.970840280582565,0.999999921882612,0.980370169626042,"ed",1,"male","down"
"BP","GO:0019827","stem cell population maintenance","1/381","65/7230",0.0153846153846154,0.291944276196245,-1.35239649320643,0.970840280582565,0.999999921882612,0.980370169626042,"S6k",1,"male","down"
"BP","GO:0048640","negative regulation of developmental growth","1/381","65/7230",0.0153846153846154,0.291944276196245,-1.35239649320643,0.970840280582565,0.999999921882612,0.980370169626042,"Rae1",1,"male","down"
"BP","GO:0098727","maintenance of cell number","1/381","65/7230",0.0153846153846154,0.291944276196245,-1.35239649320643,0.970840280582565,0.999999921882612,0.980370169626042,"S6k",1,"male","down"
"BP","GO:1903530","regulation of secretion by cell","1/381","65/7230",0.0153846153846154,0.291944276196245,-1.35239649320643,0.970840280582565,0.999999921882612,0.980370169626042,"tsr",1,"male","down"
"BP","GO:0050808","synapse organization","6/381","213/7230",0.028169014084507,0.53454585782411,-1.62621880993356,0.972130392656896,0.999999921882612,0.980370169626042,"S6k/Rae1/Sod1/Act57B/CG6048/Atg1",6,"male","down"
"BP","GO:0060562","epithelial tube morphogenesis","1/381","66/7230",0.0151515151515152,0.287520878072059,-1.37136903440282,0.97239085324105,0.999999921882612,0.980370169626042,"ed",1,"male","down"
"BP","GO:0000165","MAPK cascade","2/381","101/7230",0.0198019801980198,0.375769860450612,-1.4899755107725,0.972802700436118,0.999999921882612,0.980370169626042,"Uev1A/CG7054",2,"male","down"
"BP","GO:0140013","meiotic nuclear division","2/381","101/7230",0.0198019801980198,0.375769860450612,-1.4899755107725,0.972802700436118,0.999999921882612,0.980370169626042,"sau/Rae1",2,"male","down"
"BP","GO:0035282","segmentation","4/381","161/7230",0.0248447204968944,0.47146280627965,-1.59954888998287,0.973767717808042,0.999999921882612,0.980370169626042,"sqd/tsr/Mgat1/fj",4,"male","down"
"BP","GO:0000381","regulation of alternative mRNA splicing, via spliceosome","1/381","67/7230",0.0149253731343284,0.283229521682924,-1.39013843999203,0.973859178885265,0.999999921882612,0.980370169626042,"sqd",1,"male","down"
"BP","GO:0051962","positive regulation of nervous system development","1/381","67/7230",0.0149253731343284,0.283229521682924,-1.39013843999203,0.973859178885265,0.999999921882612,0.980370169626042,"ari-1",1,"male","down"
"BP","GO:0034655","nucleobase-containing compound catabolic process","3/381","133/7230",0.0225563909774436,0.428038600438103,-1.5701572728769,0.974409987715018,0.999999921882612,0.980370169626042,"sqd/Hex-C/CG11883",3,"male","down"
"BP","GO:0048732","gland development","2/381","103/7230",0.0194174757281553,0.36847335830594,-1.52245661865651,0.975215463416571,0.999999921882612,0.980370169626042,"PH4alphaSG1/Drice",2,"male","down"
"BP","GO:0007548","sex differentiation","1/381","68/7230",0.0147058823529412,0.279064381658175,-1.4087106496096,0.975249609269841,0.999999921882612,0.980370169626042,"tsr",1,"male","down"
"BP","GO:0051046","regulation of secretion","1/381","68/7230",0.0147058823529412,0.279064381658175,-1.4087106496096,0.975249609269841,0.999999921882612,0.980370169626042,"tsr",1,"male","down"
"BP","GO:0060560","developmental growth involved in morphogenesis","1/381","68/7230",0.0147058823529412,0.279064381658175,-1.4087106496096,0.975249609269841,0.999999921882612,0.980370169626042,"Atg1",1,"male","down"
"BP","GO:0046486","glycerolipid metabolic process","2/381","104/7230",0.0192307692307692,0.364930345245306,-1.5385199753894,0.976343066959067,0.999999921882612,0.980370169626042,"ry/CG17026",2,"male","down"
"BP","GO:0007269","neurotransmitter secretion","1/381","69/7230",0.0144927536231884,0.275019970329796,-1.42709133516914,0.976566266470091,0.999999921882612,0.980370169626042,"unc-13-4A",1,"male","down"
"BP","GO:0051336","regulation of hydrolase activity","1/381","69/7230",0.0144927536231884,0.275019970329796,-1.42709133516914,0.976566266470091,0.999999921882612,0.980370169626042,"CtsK1",1,"male","down"
"BP","GO:0099643","signal release from synapse","1/381","69/7230",0.0144927536231884,0.275019970329796,-1.42709133516914,0.976566266470091,0.999999921882612,0.980370169626042,"unc-13-4A",1,"male","down"
"BP","GO:0007560","imaginal disc morphogenesis","8/381","271/7230",0.029520295202952,0.560188279048145,-1.74046800231013,0.977697077950202,0.999999921882612,0.980370169626042,"Bap170/Sdb/ImpE3/tsr/Cyp301a1/Mec2/ed/fj",8,"male","down"
"BP","GO:0006261","DNA-templated DNA replication","1/381","70/7230",0.0142857142857143,0.271091113610799,-1.4452859168885,0.977813054973777,0.999999921882612,0.980370169626042,"CG14805",1,"male","down"
"BP","GO:0007349","cellularization","1/381","70/7230",0.0142857142857143,0.271091113610799,-1.4452859168885,0.977813054973777,0.999999921882612,0.980370169626042,"CLIP-190",1,"male","down"
"BP","GO:0007498","mesoderm development","1/381","70/7230",0.0142857142857143,0.271091113610799,-1.4452859168885,0.977813054973777,0.999999921882612,0.980370169626042,"CG3987",1,"male","down"
"BP","GO:0007472","wing disc morphogenesis","5/381","193/7230",0.0259067357512953,0.491616009138754,-1.68835886362605,0.977853336779181,0.999999921882612,0.980370169626042,"Bap170/Sdb/tsr/ed/fj",5,"male","down"
"BP","GO:0048749","compound eye development","7/381","246/7230",0.0284552845528455,0.539978234428014,-1.73133789876323,0.978044062078532,0.999999921882612,0.980370169626042,"Drice/sev/tsr/Nepl15/grh/ed/fj",7,"male","down"
"BP","GO:0048584","positive regulation of response to stimulus","12/381","370/7230",0.0324324324324324,0.615450095765056,-1.7909337831803,0.978226013906151,0.999999921882612,0.980370169626042,"PGRP-SC2/Erasp/CtsK1/Drice/SPE/psh/Uev1A/Rae1/Acp26Aa/ed/Gmd/TP53INP",12,"male","down"
"BP","GO:0002009","morphogenesis of an epithelium","6/381","221/7230",0.0271493212669683,0.515195781522785,-1.72632481806693,0.978818872714498,0.999999921882612,0.980370169626042,"sqd/tsr/Nmt/grh/ed/fj",6,"male","down"
"BP","GO:0000380","alternative mRNA splicing, via spliceosome","1/381","71/7230",0.0140845070422535,0.267272928912055,-1.46329957813191,0.978993673137882,0.999999921882612,0.980370169626042,"sqd",1,"male","down"
"BP","GO:0051321","meiotic cell cycle","3/381","138/7230",0.0217391304347826,0.412529955494694,-1.64334566449243,0.979258836649149,0.999999921882612,0.980370169626042,"sau/tsr/Rae1",3,"male","down"
"BP","GO:0007264","small GTPase-mediated signal transduction","2/381","107/7230",0.0186915887850467,0.35469865332254,-1.58602856626236,0.979436471842785,0.999999921882612,0.980370169626042,"Ras64B/Rab9",2,"male","down"
"BP","GO:0009451","RNA modification","1/381","72/7230",0.0138888888888889,0.263560804899388,-1.48113727917137,0.98011162404366,0.999999921882612,0.980370169626042,"CG8545",1,"male","down"
"BP","GO:0048024","regulation of mRNA splicing, via spliceosome","1/381","72/7230",0.0138888888888889,0.263560804899388,-1.48113727917137,0.98011162404366,0.999999921882612,0.980370169626042,"sqd",1,"male","down"
"BP","GO:0010628","positive regulation of gene expression","3/381","139/7230",0.0215827338129496,0.409562114088257,-1.65773799339306,0.980117531583882,0.999999921882612,0.980370169626042,"SPE/psh/Rae1",3,"male","down"
"BP","GO:0007409","axonogenesis","5/381","196/7230",0.0255102040816327,0.484091274304998,-1.72698173372672,0.980157316420338,0.999999921882612,0.980370169626042,"beat-IIIc/S6k/Pka-R2/tsr/Atg1",5,"male","down"
"BP","GO:0009967","positive regulation of signal transduction","8/381","278/7230",0.0287769784172662,0.546082818784343,-1.82025467392264,0.982158306189576,0.999999921882612,0.980370169626042,"Erasp/CtsK1/Uev1A/Rae1/Acp26Aa/ed/Gmd/TP53INP",8,"male","down"
"BP","GO:0006887","exocytosis","1/381","74/7230",0.0135135135135135,0.256437539902107,-1.51630360200337,0.982172621195383,0.999999921882612,0.980370169626042,"unc-13-4A",1,"male","down"
"BP","GO:0051258","protein polymerization","1/381","74/7230",0.0135135135135135,0.256437539902107,-1.51630360200337,0.982172621195383,0.999999921882612,0.980370169626042,"tsr",1,"male","down"
"BP","GO:0070848","response to growth factor","1/381","74/7230",0.0135135135135135,0.256437539902107,-1.51630360200337,0.982172621195383,0.999999921882612,0.980370169626042,"grh",1,"male","down"
"BP","GO:0071363","cellular response to growth factor stimulus","1/381","74/7230",0.0135135135135135,0.256437539902107,-1.51630360200337,0.982172621195383,0.999999921882612,0.980370169626042,"grh",1,"male","down"
"BP","GO:0098662","inorganic cation transmembrane transport","4/381","171/7230",0.0233918128654971,0.443891881935811,-1.73569621459442,0.982231579836813,0.999999921882612,0.980370169626042,"Vha16-1/Zip48C/ZnT77C/galene",4,"male","down"
"BP","GO:0009628","response to abiotic stimulus","9/381","304/7230",0.0296052631578947,0.56180066307501,-1.84100632832812,0.982541968888328,0.999999921882612,0.980370169626042,"Drice/Sod3/ninaD/Debcl/CG11426/CG13133/CG7409/Clic/Fst",9,"male","down"
"BP","GO:0098813","nuclear chromosome segregation","2/381","111/7230",0.018018018018018,0.341916719869476,-1.64786210601377,0.982958228753487,0.999999921882612,0.980370169626042,"sau/Cap-G",2,"male","down"
"BP","GO:0006401","RNA catabolic process","1/381","75/7230",0.0133333333333333,0.253018372703412,-1.53364113939813,0.983121787115528,0.999999921882612,0.980370169626042,"sqd",1,"male","down"
"BP","GO:0008582","regulation of synaptic assembly at neuromuscular junction","1/381","75/7230",0.0133333333333333,0.253018372703412,-1.53364113939813,0.983121787115528,0.999999921882612,0.980370169626042,"Rae1",1,"male","down"
"BP","GO:0032956","regulation of actin cytoskeleton organization","1/381","75/7230",0.0133333333333333,0.253018372703412,-1.53364113939813,0.983121787115528,0.999999921882612,0.980370169626042,"ed",1,"male","down"
"BP","GO:0007167","enzyme-linked receptor protein signaling pathway","5/381","201/7230",0.0248756218905473,0.472049202804873,-1.79032849568449,0.983506460645816,0.999999921882612,0.980370169626042,"S6k/sev/grh/ed/Ddr",5,"male","down"
"BP","GO:0098655","monoatomic cation transmembrane transport","4/381","173/7230",0.023121387283237,0.438760183878749,-1.76217681784175,0.983581108304304,0.999999921882612,0.980370169626042,"Vha16-1/Zip48C/ZnT77C/galene",4,"male","down"
"BP","GO:0001709","cell fate determination","1/381","76/7230",0.0131578947368421,0.249689183588893,-1.55082056911678,0.984020543105603,0.999999921882612,0.980370169626042,"grh",1,"male","down"
"BP","GO:0031047","regulatory ncRNA-mediated gene silencing","1/381","76/7230",0.0131578947368421,0.249689183588893,-1.55082056911678,0.984020543105603,0.999999921882612,0.980370169626042,"CRIF",1,"male","down"
"BP","GO:0032970","regulation of actin filament-based process","1/381","76/7230",0.0131578947368421,0.249689183588893,-1.55082056911678,0.984020543105603,0.999999921882612,0.980370169626042,"ed",1,"male","down"
"BP","GO:0001654","eye development","7/381","257/7230",0.0272373540856031,0.516866325561445,-1.85999619189257,0.98480276255649,0.999999921882612,0.980370169626042,"Drice/sev/tsr/Nepl15/grh/ed/fj",7,"male","down"
"BP","GO:0048880","sensory system development","7/381","257/7230",0.0272373540856031,0.516866325561445,-1.85999619189257,0.98480276255649,0.999999921882612,0.980370169626042,"Drice/sev/tsr/Nepl15/grh/ed/fj",7,"male","down"
"BP","GO:0150063","visual system development","7/381","257/7230",0.0272373540856031,0.516866325561445,-1.85999619189257,0.98480276255649,0.999999921882612,0.980370169626042,"Drice/sev/tsr/Nepl15/grh/ed/fj",7,"male","down"
"BP","GO:0045597","positive regulation of cell differentiation","1/381","77/7230",0.012987012987013,0.246446466918908,-1.56784591059007,0.984871559750384,0.999999921882612,0.980370169626042,"ari-1",1,"male","down"
"BP","GO:0001700","embryonic development via the syncytial blastoderm","2/381","114/7230",0.0175438596491228,0.332918911451858,-1.69317209322031,0.985208370941152,0.999999921882612,0.980370169626042,"Nmt/ed",2,"male","down"
"BP","GO:0035239","tube morphogenesis","2/381","114/7230",0.0175438596491228,0.332918911451858,-1.69317209322031,0.985208370941152,0.999999921882612,0.980370169626042,"grh/ed",2,"male","down"
"BP","GO:0061061","muscle structure development","3/381","146/7230",0.0205479452054795,0.389925574371697,-1.75633755780788,0.98524617652745,0.999999921882612,0.980370169626042,"Mp20/Pax/ed",3,"male","down"
"BP","GO:0051963","regulation of synapse assembly","1/381","78/7230",0.0128205128205128,0.243286896830204,-1.58472102464931,0.985677366507703,0.999999921882612,0.980370169626042,"Rae1",1,"male","down"
"BP","GO:0071417","cellular response to organonitrogen compound","1/381","78/7230",0.0128205128205128,0.243286896830204,-1.58472102464931,0.985677366507703,0.999999921882612,0.980370169626042,"S6k",1,"male","down"
"BP","GO:1901888","regulation of cell junction assembly","1/381","78/7230",0.0128205128205128,0.243286896830204,-1.58472102464931,0.985677366507703,0.999999921882612,0.980370169626042,"Rae1",1,"male","down"
"BP","GO:0010629","negative regulation of gene expression","7/381","259/7230",0.027027027027027,0.512875079804214,-1.88291495762989,0.985801428483383,0.999999921882612,0.980370169626042,"Bin1/Paip2/PGRP-SC2/sqd/eIF4EHP/CRIF/nec",7,"male","down"
"BP","GO:0034329","cell junction assembly","3/381","147/7230",0.0204081632653061,0.387273019443998,-1.77012961419858,0.985866383675286,0.999999921882612,0.980370169626042,"S6k/Rae1/Atg1",3,"male","down"
"BP","GO:0035220","wing disc development","7/381","260/7230",0.0269230769230769,0.510902483343428,-1.89432181132235,0.986277534540211,0.999999921882612,0.980370169626042,"Bap170/Sdb/Pax/tsr/Cyp9f2/ed/fj",7,"male","down"
"BP","GO:0040008","regulation of growth","5/381","206/7230",0.0242718446601942,0.460591697882425,-1.85245216538511,0.986319810999422,0.999999921882612,0.980370169626042,"Paip2/FarO/S6k/Rae1/Atg1",5,"male","down"
"BP","GO:0008038","neuron recognition","1/381","79/7230",0.0126582278481013,0.24020731585767,-1.6014496218775,0.986440359147603,0.999999921882612,0.980370169626042,"beat-IIIc",1,"male","down"
"BP","GO:0044772","mitotic cell cycle phase transition","1/381","79/7230",0.0126582278481013,0.24020731585767,-1.6014496218775,0.986440359147603,0.999999921882612,0.980370169626042,"Rae1",1,"male","down"
"BP","GO:0050684","regulation of mRNA processing","1/381","79/7230",0.0126582278481013,0.24020731585767,-1.6014496218775,0.986440359147603,0.999999921882612,0.980370169626042,"sqd",1,"male","down"
"BP","GO:1902531","regulation of intracellular signal transduction","6/381","234/7230",0.0256410256410256,0.486573793660408,-1.88299461318348,0.98660108279464,0.999999921882612,0.980370169626042,"Erasp/Uev1A/Rae1/CG7054/ed/Atg1",6,"male","down"
"BP","GO:2000026","regulation of multicellular organismal development","4/381","179/7230",0.0223463687150838,0.42405313860907,-1.8402278168348,0.987071650480836,0.999999921882612,0.980370169626042,"Rae1/grh/ari-1/ed",4,"male","down"
"BP","GO:0007351","tripartite regional subdivision","1/381","80/7230",0.0125,0.237204724409449,-1.6180352704158,0.987162806800346,0.999999921882612,0.980370169626042,"sqd",1,"male","down"
"BP","GO:0008595","anterior/posterior axis specification, embryo","1/381","80/7230",0.0125,0.237204724409449,-1.6180352704158,0.987162806800346,0.999999921882612,0.980370169626042,"sqd",1,"male","down"
"BP","GO:1904396","regulation of neuromuscular junction development","1/381","80/7230",0.0125,0.237204724409449,-1.6180352704158,0.987162806800346,0.999999921882612,0.980370169626042,"Rae1",1,"male","down"
"BP","GO:0061564","axon development","5/381","208/7230",0.0240384615384615,0.456162931556632,-1.87697322820485,0.987313281151116,0.999999921882612,0.980370169626042,"beat-IIIc/S6k/Pka-R2/tsr/Atg1",5,"male","down"
"BP","GO:0010631","epithelial cell migration","2/381","118/7230",0.0169491525423729,0.321633524622981,-1.75225587142251,0.987764482853277,0.999999921882612,0.980370169626042,"sqd/tsr",2,"male","down"
"BP","GO:0090132","epithelium migration","2/381","118/7230",0.0169491525423729,0.321633524622981,-1.75225587142251,0.987764482853277,0.999999921882612,0.980370169626042,"sqd/tsr",2,"male","down"
"BP","GO:1903047","mitotic cell cycle process","5/381","209/7230",0.0239234449760766,0.453980333797988,-1.88916529514351,0.987784125875135,0.999999921882612,0.980370169626042,"sau/tsr/Rae1/Act57B/Cap-G",5,"male","down"
"BP","GO:1901699","cellular response to nitrogen compound","1/381","81/7230",0.0123456790123457,0.234276271021678,-1.63448140326741,0.987846858633782,0.999999921882612,0.980370169626042,"S6k",1,"male","down"
"BP","GO:1901987","regulation of cell cycle phase transition","1/381","81/7230",0.0123456790123457,0.234276271021678,-1.63448140326741,0.987846858633782,0.999999921882612,0.980370169626042,"Rae1",1,"male","down"
"BP","GO:0000578","embryonic axis specification","1/381","82/7230",0.0121951219512195,0.231419243326292,-1.65079132513731,0.988494550179527,0.999999921882612,0.980370169626042,"sqd",1,"male","down"
"BP","GO:0031399","regulation of protein modification process","1/381","82/7230",0.0121951219512195,0.231419243326292,-1.65079132513731,0.988494550179527,0.999999921882612,0.980370169626042,"Pka-R2",1,"male","down"
"BP","GO:0090066","regulation of anatomical structure size","3/381","153/7230",0.0196078431372549,0.3720858422109,-1.85143900977223,0.989094729935984,0.999999921882612,0.980370169626042,"S6k/grh/fj",3,"male","down"
"BP","GO:0006605","protein targeting","1/381","83/7230",0.0120481927710843,0.228631059671758,-1.66696821884268,0.989107809326365,0.999999921882612,0.980370169626042,"CG8314",1,"male","down"
"BP","GO:0043484","regulation of RNA splicing","1/381","83/7230",0.0120481927710843,0.228631059671758,-1.66696821884268,0.989107809326365,0.999999921882612,0.980370169626042,"sqd",1,"male","down"
"BP","GO:0048729","tissue morphogenesis","6/381","240/7230",0.025,0.474409448818898,-1.95300160038424,0.989204801320517,0.999999921882612,0.980370169626042,"sqd/tsr/Nmt/grh/ed/fj",6,"male","down"
"BP","GO:0009792","embryo development ending in birth or egg hatching","2/381","121/7230",0.0165289256198347,0.313659139714974,-1.79562771457054,0.989394207078475,0.999999921882612,0.980370169626042,"Nmt/ed",2,"male","down"
"BP","GO:0022603","regulation of anatomical structure morphogenesis","2/381","121/7230",0.0165289256198347,0.313659139714974,-1.79562771457054,0.989394207078475,0.999999921882612,0.980370169626042,"ed/fj",2,"male","down"
"BP","GO:0072657","protein localization to membrane","2/381","121/7230",0.0165289256198347,0.313659139714974,-1.79562771457054,0.989394207078475,0.999999921882612,0.980370169626042,"sau/CG8314",2,"male","down"
"BP","GO:0035120","post-embryonic appendage morphogenesis","5/381","213/7230",0.0234741784037559,0.445454881520092,-1.93748775854288,0.989507580029342,0.999999921882612,0.980370169626042,"Bap170/Sdb/tsr/ed/fj",5,"male","down"
"BP","GO:0008037","cell recognition","1/381","84/7230",0.0119047619047619,0.225909261342332,-1.68301515132617,0.989688461998347,0.999999921882612,0.980370169626042,"beat-IIIc",1,"male","down"
"BP","GO:0045927","positive regulation of growth","1/381","84/7230",0.0119047619047619,0.225909261342332,-1.68301515132617,0.989688461998347,0.999999921882612,0.980370169626042,"S6k",1,"male","down"
"BP","GO:0051239","regulation of multicellular organismal process","11/381","372/7230",0.0295698924731183,0.561129455592245,-2.04973246599461,0.989929388397706,0.999999921882612,0.980370169626042,"Cat/CG4928/Rae1/SP/Acp26Aa/grh/CG13559/ari-1/ed/Mip/Lkr",11,"male","down"
"BP","GO:0007298","border follicle cell migration","1/381","85/7230",0.0117647058823529,0.22325150532654,-1.69893507930099,0.990238237534119,0.999999921882612,0.980370169626042,"tsr",1,"male","down"
"BP","GO:0007309","oocyte axis specification","1/381","85/7230",0.0117647058823529,0.22325150532654,-1.69893507930099,0.990238237534119,0.999999921882612,0.980370169626042,"sqd",1,"male","down"
"BP","GO:0023061","signal release","1/381","85/7230",0.0117647058823529,0.22325150532654,-1.69893507930099,0.990238237534119,0.999999921882612,0.980370169626042,"unc-13-4A",1,"male","down"
"BP","GO:0034220","monoatomic ion transmembrane transport","4/381","186/7230",0.021505376344086,0.408094149521632,-1.92880111393712,0.990253830846407,0.999999921882612,0.980370169626042,"Vha16-1/Zip48C/ZnT77C/galene",4,"male","down"
"BP","GO:0051247","positive regulation of protein metabolic process","2/381","123/7230",0.016260162601626,0.308558991101722,-1.82411640350103,0.990361113478926,0.999999921882612,0.980370169626042,"CtsK1/ari-1",2,"male","down"
"BP","GO:0021700","developmental maturation","3/381","156/7230",0.0192307692307692,0.364930345245306,-1.89120736321016,0.990430541300691,0.999999921882612,0.980370169626042,"sqd/Drice/e",3,"male","down"
"BP","GO:0090130","tissue migration","2/381","124/7230",0.0161290322580645,0.306070612141224,-1.83823714815779,0.990811795754608,0.999999921882612,0.980370169626042,"sqd/tsr",2,"male","down"
"BP","GO:0007308","oocyte construction","1/381","87/7230",0.0114942528735632,0.218119286813286,-1.73040522893642,0.991251621933876,0.999999921882612,0.980370169626042,"sqd",1,"male","down"
"BP","GO:0040029","epigenetic regulation of gene expression","1/381","87/7230",0.0114942528735632,0.218119286813286,-1.73040522893642,0.991251621933876,0.999999921882612,0.980370169626042,"Bin1",1,"male","down"
"BP","GO:0022613","ribonucleoprotein complex biogenesis","5/381","218/7230",0.0229357798165138,0.435238026439356,-1.99692041728159,0.991339436438065,0.999999921882612,0.980370169626042,"CG8545/CG5645/CG11123/CG32409/CG14805",5,"male","down"
"BP","GO:0035114","imaginal disc-derived appendage morphogenesis","5/381","218/7230",0.0229357798165138,0.435238026439356,-1.99692041728159,0.991339436438065,0.999999921882612,0.980370169626042,"Bap170/Sdb/tsr/ed/fj",5,"male","down"
"BP","GO:0008283","cell population proliferation","4/381","189/7230",0.0211640211640212,0.401616464608591,-1.9659903527111,0.99137542705677,0.999999921882612,0.980370169626042,"Cat/Rae1/grh/CG13559",4,"male","down"
"BP","GO:0035107","appendage morphogenesis","5/381","219/7230",0.0228310502283105,0.433250638190774,-2.00868173590275,0.991667406239986,0.999999921882612,0.980370169626042,"Bap170/Sdb/tsr/ed/fj",5,"male","down"
"BP","GO:0016050","vesicle organization","1/381","88/7230",0.0113636363636364,0.215640658554044,-1.74596085904897,0.99171825108734,0.999999921882612,0.980370169626042,"sau",1,"male","down"
"BP","GO:0010647","positive regulation of cell communication","8/381","302/7230",0.0264900662251656,0.502685508682276,-2.0821818834349,0.991939458117175,0.999999921882612,0.980370169626042,"Erasp/CtsK1/Uev1A/Rae1/Acp26Aa/ed/Gmd/TP53INP",8,"male","down"
"BP","GO:0023056","positive regulation of signaling","8/381","302/7230",0.0264900662251656,0.502685508682276,-2.0821818834349,0.991939458117175,0.999999921882612,0.980370169626042,"Erasp/CtsK1/Uev1A/Rae1/Acp26Aa/ed/Gmd/TP53INP",8,"male","down"
"BP","GO:0007051","spindle organization","1/381","89/7230",0.0112359550561798,0.213217729806246,-1.76140031066827,0.992160052590522,0.999999921882612,0.980370169626042,"sau",1,"male","down"
"BP","GO:0051050","positive regulation of transport","1/381","89/7230",0.0112359550561798,0.213217729806246,-1.76140031066827,0.992160052590522,0.999999921882612,0.980370169626042,"tsr",1,"male","down"
"BP","GO:0000226","microtubule cytoskeleton organization","6/381","249/7230",0.0240963855421687,0.457262119343516,-2.05550721763215,0.992234173228312,0.999999921882612,0.980370169626042,"sau/sqd/Sdb/Mst84Db/tsr/Map205",6,"male","down"
"BP","GO:0048232","male gamete generation","5/381","221/7230",0.0226244343891403,0.429329817935654,-2.03208235547718,0.992288299711617,0.999999921882612,0.980370169626042,"sau/Drice/Mst84Db/Rae1/atlas",5,"male","down"
"BP","GO:0048737","imaginal disc-derived appendage development","5/381","221/7230",0.0226244343891403,0.429329817935654,-2.03208235547718,0.992288299711617,0.999999921882612,0.980370169626042,"Bap170/Sdb/tsr/ed/fj",5,"male","down"
"BP","GO:0007411","axon guidance","3/381","161/7230",0.0186335403726708,0.353597104709737,-1.95625406485644,0.992314314700953,0.999999921882612,0.980370169626042,"beat-IIIc/S6k/Pka-R2",3,"male","down"
"BP","GO:0007424","open tracheal system development","3/381","161/7230",0.0186335403726708,0.353597104709737,-1.95625406485644,0.992314314700953,0.999999921882612,0.980370169626042,"grh/ed/fj",3,"male","down"
"BP","GO:0097435","supramolecular fiber organization","4/381","192/7230",0.0208333333333333,0.395341207349081,-2.00273908161329,0.992373101848282,0.999999921882612,0.980370169626042,"Mp20/Sdb/tsr/ed",4,"male","down"
"BP","GO:0048736","appendage development","5/381","222/7230",0.0225225225225225,0.427395899836845,-2.04372242936831,0.992582006056494,0.999999921882612,0.980370169626042,"Bap170/Sdb/tsr/ed/fj",5,"male","down"
"BP","GO:0006974","DNA damage response","3/381","162/7230",0.0185185185185185,0.351414406532517,-1.96908539858594,0.992645538406397,0.999999921882612,0.980370169626042,"Uev1A/Debcl/Buffy",3,"male","down"
"BP","GO:0007018","microtubule-based movement","2/381","129/7230",0.0155038759689922,0.294207410120247,-1.90765664782638,0.992774287978949,0.999999921882612,0.980370169626042,"Mst84Db/Atg1",2,"male","down"
"BP","GO:0009887","animal organ morphogenesis","15/381","483/7230",0.031055900621118,0.589328507849562,-2.20343773970406,0.993043817909512,0.999999921882612,0.980370169626042,"PH4alphaSG1/Bap170/Cat/Drice/sev/Sdb/ImpE3/tsr/prc/Cyp301a1/Nepl15/Mec2/grh/ed/fj",15,"male","down"
"BP","GO:0048469","cell maturation","2/381","130/7230",0.0153846153846154,0.291944276196245,-1.9213122722931,0.993114446024453,0.999999921882612,0.980370169626042,"sqd/Drice",2,"male","down"
"BP","GO:0050877","nervous system process","8/381","307/7230",0.0260586319218241,0.494498448280284,-2.13467877581003,0.993205816899574,0.999999921882612,0.980370169626042,"CheA75a/Obp49a/Obp99d/Or59c/Obp56f/CheA7a/Or59b/Or85d",8,"male","down"
"BP","GO:0007283","spermatogenesis","4/381","195/7230",0.0205128205128205,0.389259034928326,-2.03906149157333,0.993259811905614,0.999999921882612,0.980370169626042,"Drice/Mst84Db/Rae1/atlas",4,"male","down"
"BP","GO:0051094","positive regulation of developmental process","3/381","164/7230",0.0182926829268293,0.347128864989437,-1.9945760155481,0.993267149221557,0.999999921882612,0.980370169626042,"Drice/ari-1/Atg1",3,"male","down"
"BP","GO:0034330","cell junction organization","6/381","254/7230",0.0236220472440945,0.448260896521793,-2.11122929925135,0.993549652203588,0.999999921882612,0.980370169626042,"S6k/Rae1/Sod1/Act57B/CG6048/Atg1",6,"male","down"
"BP","GO:0048813","dendrite morphogenesis","1/381","93/7230",0.010752688172043,0.204047074760816,-1.8220446954555,0.993704311557542,0.999999921882612,0.980370169626042,"S6k",1,"male","down"
"BP","GO:0001667","ameboidal-type cell migration","2/381","132/7230",0.0151515151515152,0.287520878072059,-1.94840451713356,0.993748477616181,0.999999921882612,0.980370169626042,"sqd/tsr",2,"male","down"
"BP","GO:0051240","positive regulation of multicellular organismal process","2/381","132/7230",0.0151515151515152,0.287520878072059,-1.94840451713356,0.993748477616181,0.999999921882612,0.980370169626042,"Acp26Aa/ari-1",2,"male","down"
"BP","GO:0009948","anterior/posterior axis specification","1/381","94/7230",0.0106382978723404,0.201876361199531,-1.83693884093792,0.994040399170905,0.999999921882612,0.980370169626042,"sqd",1,"male","down"
"BP","GO:0071695","anatomical structure maturation","2/381","133/7230",0.0150375939849624,0.285359066958735,-1.96184333308115,0.99404372173681,0.999999921882612,0.980370169626042,"sqd/Drice",2,"male","down"
"BP","GO:0051301","cell division","3/381","167/7230",0.0179640718562874,0.340893017115376,-2.03239240051861,0.994105403476531,0.999999921882612,0.980370169626042,"sau/tsr/Act57B",3,"male","down"
"BP","GO:0097485","neuron projection guidance","3/381","167/7230",0.0179640718562874,0.340893017115376,-2.03239240051861,0.994105403476531,0.999999921882612,0.980370169626042,"beat-IIIc/S6k/Pka-R2",3,"male","down"
"BP","GO:0045165","cell fate commitment","4/381","199/7230",0.0201005025125628,0.381434732718712,-2.08685145685564,0.994289548808263,0.999999921882612,0.980370169626042,"sev/grh/ed/Gmd",4,"male","down"
"BP","GO:0051093","negative regulation of developmental process","2/381","134/7230",0.0149253731343284,0.283229521682924,-1.97521203264566,0.994325316232902,0.999999921882612,0.980370169626042,"Rae1/ed",2,"male","down"
"BP","GO:0034660","ncRNA metabolic process","7/381","286/7230",0.0244755244755245,0.46445680303948,-2.17951912574849,0.994496133677061,0.999999921882612,0.980370169626042,"CG8545/CRIF/CG5645/CG11123/IntS11/CG32409/CG14805",7,"male","down"
"BP","GO:0016567","protein ubiquitination","2/381","135/7230",0.0148148148148148,0.281131525226013,-1.98851165112283,0.994593874830834,0.999999921882612,0.980370169626042,"Uev1A/ari-1",2,"male","down"
"BP","GO:1901565","organonitrogen compound catabolic process","11/381","392/7230",0.0280612244897959,0.532500401735497,-2.24464540889487,0.994597410724697,0.999999921882612,0.980370169626042,"ry/PGRP-SC2/CG10184/CtsK1/su(r)/Rpn12/Prosalpha4/Hex-C/CG31198/ari-1/hgo",11,"male","down"
"BP","GO:0071495","cellular response to endogenous stimulus","3/381","169/7230",0.0177514792899408,0.336858780226436,-2.05733155584761,0.994607180718041,0.999999921882612,0.980370169626042,"S6k/grh/TP53INP",3,"male","down"
"BP","GO:0048599","oocyte development","1/381","96/7230",0.0104166666666667,0.197670603674541,-1.86642174496859,0.994659833933846,0.999999921882612,0.980370169626042,"sqd",1,"male","down"
"BP","GO:0060541","respiratory system development","3/381","170/7230",0.0176470588235294,0.33487725798981,-2.06972156556129,0.994842312250088,0.999999921882612,0.980370169626042,"grh/ed/fj",3,"male","down"
"BP","GO:0000902","cell morphogenesis","9/381","342/7230",0.0263157894736842,0.499378367177787,-2.23699036370436,0.994917783725875,0.999999921882612,0.980370169626042,"beat-IIIc/S6k/CG17111/Pka-R2/tsr/Cyp301a1/grh/ed/Atg1",9,"male","down"
"BP","GO:0016197","endosomal transport","1/381","97/7230",0.0103092783505155,0.195632762399545,-1.88101450887718,0.994945032037463,0.999999921882612,0.980370169626042,"Rab9",1,"male","down"
"BP","GO:0044770","cell cycle phase transition","1/381","97/7230",0.0103092783505155,0.195632762399545,-1.88101450887718,0.994945032037463,0.999999921882612,0.980370169626042,"Rae1",1,"male","down"
"BP","GO:0051129","negative regulation of cellular component organization","1/381","97/7230",0.0103092783505155,0.195632762399545,-1.88101450887718,0.994945032037463,0.999999921882612,0.980370169626042,"Rae1",1,"male","down"
"BP","GO:0048585","negative regulation of response to stimulus","7/381","291/7230",0.0240549828178694,0.456476445598939,-2.23205266485308,0.995408615766838,0.999999921882612,0.980370169626042,"PGRP-SC2/LysE/Drice/CG7054/ed/nec/Atg1",7,"male","down"
"BP","GO:0007005","mitochondrion organization","2/381","139/7230",0.0143884892086331,0.273041409392171,-2.04103920840575,0.995549117864792,0.999999921882612,0.980370169626042,"Sod1/Atg1",2,"male","down"
"BP","GO:0045595","regulation of cell differentiation","3/381","174/7230",0.0172413793103448,0.327178930219929,-2.11876572293321,0.995687397297311,0.999999921882612,0.980370169626042,"grh/ari-1/ed",3,"male","down"
"BP","GO:0009719","response to endogenous stimulus","3/381","175/7230",0.0171428571428571,0.325309336332958,-2.13090080205837,0.995876711970404,0.999999921882612,0.980370169626042,"S6k/grh/TP53INP",3,"male","down"
"BP","GO:0040007","growth","7/381","294/7230",0.0238095238095238,0.451818522684664,-2.26324462175035,0.995885129573806,0.999999921882612,0.980370169626042,"Paip2/FarO/S6k/Rae1/fj/Atg1/RnrL",7,"male","down"
"BP","GO:0016358","dendrite development","1/381","101/7230",0.0099009900990099,0.187884930225306,-1.93843822851469,0.995941751608299,0.999999921882612,0.980370169626042,"S6k",1,"male","down"
"BP","GO:0060341","regulation of cellular localization","1/381","101/7230",0.0099009900990099,0.187884930225306,-1.93843822851469,0.995941751608299,0.999999921882612,0.980370169626042,"tsr",1,"male","down"
"BP","GO:0007059","chromosome segregation","2/381","141/7230",0.0141843971631206,0.269168481599375,-2.06691374846345,0.995962628726578,0.999999921882612,0.980370169626042,"sau/Cap-G",2,"male","down"
"BP","GO:0007417","central nervous system development","3/381","177/7230",0.0169491525423729,0.321633524622981,-2.15502387252024,0.996231456848242,0.999999921882612,0.980370169626042,"tsr/Mgat1/grh",3,"male","down"
"BP","GO:0060271","cilium assembly","1/381","103/7230",0.00970873786407767,0.18423667915297,-1.96660629193604,0.99636396459386,0.999999921882612,0.980370169626042,"Mst84Db",1,"male","down"
"BP","GO:0030036","actin cytoskeleton organization","4/381","210/7230",0.019047619047619,0.361454818147732,-2.21472975613476,0.996400636482098,0.999999921882612,0.980370169626042,"sau/Mp20/tsr/ed",4,"male","down"
"BP","GO:0009953","dorsal/ventral pattern formation","1/381","104/7230",0.00961538461538462,0.182465172622653,-1.98056016860452,0.996558342240799,0.999999921882612,0.980370169626042,"sqd",1,"male","down"
"BP","GO:0120031","plasma membrane bounded cell projection assembly","2/381","145/7230",0.0137931034482759,0.261743144175944,-2.11792013727622,0.996679848965361,0.999999921882612,0.980370169626042,"Mst84Db/tsr",2,"male","down"
"BP","GO:0002164","larval development","1/381","105/7230",0.00952380952380952,0.180727409073866,-1.99442935597981,0.996742354534689,0.999999921882612,0.980370169626042,"prc",1,"male","down"
"BP","GO:0007267","cell-cell signaling","8/381","328/7230",0.024390243902439,0.462838486652583,-2.34823928959563,0.996747036500012,0.999999921882612,0.980370169626042,"Arc1/Cat/Sod1/GluRIID/fj/unc-13-4A/CG31675/Atg1",8,"male","down"
"BP","GO:0051668","localization within membrane","2/381","147/7230",0.0136054421768707,0.258182012962665,-2.14306539269482,0.996989991575528,0.999999921882612,0.980370169626042,"sau/CG8314",2,"male","down"
"BP","GO:0007423","sensory organ development","7/381","303/7230",0.0231023102310231,0.438398170525714,-2.3554031494491,0.997048442543784,0.999999921882612,0.980370169626042,"Drice/sev/tsr/Nepl15/grh/ed/fj",7,"male","down"
"BP","GO:0032535","regulation of cellular component size","1/381","107/7230",0.00934579439252336,0.17734932666127,-2.02191964217664,0.997081459264069,0.999999921882612,0.980370169626042,"S6k",1,"male","down"
"BP","GO:0016477","cell migration","4/381","215/7230",0.0186046511627907,0.353048892144296,-2.27124963373563,0.997089356540817,0.999999921882612,0.980370169626042,"PH4alphaNE2/sqd/Uev1A/tsr",4,"male","down"
"BP","GO:0007444","imaginal disc development","10/381","385/7230",0.025974025974026,0.492892933837816,-2.4117446166315,0.99710122615134,0.999999921882612,0.980370169626042,"Bap170/Sdb/ImpE3/Pax/tsr/Cyp301a1/Mec2/Cyp9f2/ed/fj",10,"male","down"
"BP","GO:0000280","nuclear division","3/381","183/7230",0.0163934426229508,0.311088163159933,-2.22625584681262,0.997126905556545,0.999999921882612,0.980370169626042,"sau/Rae1/Cap-G",3,"male","down"
"BP","GO:0010498","proteasomal protein catabolic process","3/381","183/7230",0.0163934426229508,0.311088163159933,-2.22625584681262,0.997126905556545,0.999999921882612,0.980370169626042,"Rpn12/Prosalpha4/ari-1",3,"male","down"
"BP","GO:0006338","chromatin remodeling","2/381","148/7230",0.0135135135135135,0.256437539902107,-2.155551330388,0.997134216252718,0.999999921882612,0.980370169626042,"Bin1/Bap170",2,"male","down"
"BP","GO:0048193","Golgi vesicle transport","1/381","108/7230",0.00925925925925926,0.175707203266258,-2.03554362693054,0.997237568209792,0.999999921882612,0.980370169626042,"sau",1,"male","down"
"BP","GO:0032940","secretion by cell","2/381","149/7230",0.0134228187919463,0.254716482587328,-2.16798049529022,0.997271651223102,0.999999921882612,0.980370169626042,"tsr/unc-13-4A",2,"male","down"
"BP","GO:0031325","positive regulation of cellular metabolic process","14/381","490/7230",0.0285714285714286,0.542182227221597,-2.47541921132871,0.997286537702643,0.999999921882612,0.980370169626042,"Bap170/S6k/sev/SPE/psh/Rae1/eIF4EHP/Debcl/grh/CRIF/Buffy/Atg1/Ddr/TP53INP",14,"male","down"
"BP","GO:0071705","nitrogen compound transport","10/381","388/7230",0.0257731958762887,0.489081905998864,-2.43985281598915,0.997381907151936,0.999999921882612,0.980370169626042,"sau/Vha16-1/Arc1/sqd/tsr/Rae1/st/CG10086/Papst2/CG18747",10,"male","down"
"BP","GO:0007346","regulation of mitotic cell cycle","1/381","109/7230",0.0091743119266055,0.174095210575742,-2.04908869736286,0.997385347837996,0.999999921882612,0.980370169626042,"Rae1",1,"male","down"
"BP","GO:0051656","establishment of organelle localization","1/381","109/7230",0.0091743119266055,0.174095210575742,-2.04908869736286,0.997385347837996,0.999999921882612,0.980370169626042,"CG11123",1,"male","down"
"BP","GO:0030029","actin filament-based process","4/381","219/7230",0.0182648401826484,0.346600510552619,-2.31578844043397,0.99754688856962,0.999999921882612,0.980370169626042,"sau/Mp20/tsr/ed",4,"male","down"
"BP","GO:0030855","epithelial cell differentiation","4/381","219/7230",0.0182648401826484,0.346600510552619,-2.31578844043397,0.99754688856962,0.999999921882612,0.980370169626042,"sqd/tsr/grh/fj",4,"male","down"
"BP","GO:0006325","chromatin organization","3/381","187/7230",0.0160427807486631,0.304433870899827,-2.27283758152067,0.997604992537178,0.999999921882612,0.980370169626042,"Bin1/Bap170/atlas",3,"male","down"
"BP","GO:0030031","cell projection assembly","2/381","152/7230",0.0131578947368421,0.249689183588893,-2.20493473542851,0.997646274762291,0.999999921882612,0.980370169626042,"Mst84Db/tsr",2,"male","down"
"BP","GO:0043043","peptide biosynthetic process","7/381","310/7230",0.0225806451612903,0.428498856997714,-2.42567671975669,0.997728750788575,0.999999921882612,0.980370169626042,"Paip2/PGRP-SC2/sqd/SPE/psh/eIF4EHP/e",7,"male","down"
"BP","GO:0043161","proteasome-mediated ubiquitin-dependent protein catabolic process","2/381","153/7230",0.0130718954248366,0.2480572281406,-2.21714411702172,0.99775954025668,0.999999921882612,0.980370169626042,"Rpn12/Prosalpha4",2,"male","down"
"BP","GO:0140694","non-membrane-bounded organelle assembly","2/381","153/7230",0.0130718954248366,0.2480572281406,-2.21714411702172,0.99775954025668,0.999999921882612,0.980370169626042,"sau/Rdh1",2,"male","down"
"BP","GO:0009994","oocyte differentiation","1/381","112/7230",0.00892857142857143,0.169431946006749,-2.0892637040439,0.99778302748859,0.999999921882612,0.980370169626042,"sqd",1,"male","down"
"BP","GO:0061024","membrane organization","3/381","189/7230",0.0158730158730159,0.301212348456443,-2.29586828559656,0.997814041148655,0.999999921882612,0.980370169626042,"sau/CG18635/grh",3,"male","down"
"BP","GO:0035556","intracellular signal transduction","11/381","421/7230",0.0261282660332542,0.495819851497185,-2.51404553680978,0.997905918938078,0.999999921882612,0.980370169626042,"Erasp/S6k/Uev1A/Rae1/Ras64B/CG7054/Debcl/Rab9/ed/Buffy/Atg1",11,"male","down"
"BP","GO:0046903","secretion","2/381","155/7230",0.0129032258064516,0.244856489712979,-2.24140397868358,0.99797023813308,0.999999921882612,0.980370169626042,"tsr/unc-13-4A",2,"male","down"
"BP","GO:0048589","developmental growth","5/381","255/7230",0.0196078431372549,0.3720858422109,-2.40761076616557,0.998018573831539,0.999999921882612,0.980370169626042,"S6k/Rae1/fj/Atg1/RnrL",5,"male","down"
"BP","GO:0048667","cell morphogenesis involved in neuron differentiation","5/381","255/7230",0.0196078431372549,0.3720858422109,-2.40761076616557,0.998018573831539,0.999999921882612,0.980370169626042,"beat-IIIc/S6k/Pka-R2/tsr/Atg1",5,"male","down"
"BP","GO:0051128","regulation of cellular component organization","13/381","475/7230",0.0273684210526316,0.519353501864898,-2.55592395140706,0.998044987751596,0.999999921882612,0.980370169626042,"Paip2/FarO/Mp20/S6k/Pax/tsr/Rae1/Sod1/Act57B/ed/CG6048/Atg1/Ddr",13,"male","down"
"BP","GO:0009968","negative regulation of signal transduction","5/381","256/7230",0.01953125,0.370632381889764,-2.41808421652484,0.998098342001003,0.999999921882612,0.980370169626042,"PGRP-SC2/Drice/CG7054/ed/Atg1",5,"male","down"
"BP","GO:0048870","cell motility","5/381","256/7230",0.01953125,0.370632381889764,-2.41808421652484,0.998098342001003,0.999999921882612,0.980370169626042,"PH4alphaNE2/sqd/Mst84Db/Uev1A/tsr",5,"male","down"
"BP","GO:0031175","neuron projection development","6/381","286/7230",0.020979020979021,0.398105831176697,-2.44955002709816,0.998111363659791,0.999999921882612,0.980370169626042,"beat-IIIc/S6k/Pka-R2/tsr/Atg1/Ddr",6,"male","down"
"BP","GO:0044782","cilium organization","1/381","115/7230",0.00869565217391304,0.165011982197877,-2.12877483886316,0.998120355815949,0.999999921882612,0.980370169626042,"Mst84Db",1,"male","down"
"BP","GO:0051493","regulation of cytoskeleton organization","1/381","115/7230",0.00869565217391304,0.165011982197877,-2.12877483886316,0.998120355815949,0.999999921882612,0.980370169626042,"ed",1,"male","down"
"BP","GO:0140352","export from cell","2/381","157/7230",0.0127388535031847,0.241737298761222,-2.2654563978566,0.99816142618948,0.999999921882612,0.980370169626042,"tsr/unc-13-4A",2,"male","down"
"BP","GO:0002064","epithelial cell development","3/381","193/7230",0.0155440414507772,0.294969605483252,-2.3414276159475,0.998180160692272,0.999999921882612,0.980370169626042,"sqd/tsr/grh",3,"male","down"
"BP","GO:0048285","organelle fission","3/381","193/7230",0.0155440414507772,0.294969605483252,-2.3414276159475,0.998180160692272,0.999999921882612,0.980370169626042,"sau/Rae1/Cap-G",3,"male","down"
"BP","GO:0048812","neuron projection morphogenesis","5/381","258/7230",0.0193798449612403,0.367759262650308,-2.43894303180865,0.998248685574797,0.999999921882612,0.980370169626042,"beat-IIIc/S6k/Pka-R2/tsr/Atg1",5,"male","down"
"BP","GO:0032446","protein modification by small protein conjugation","2/381","158/7230",0.0126582278481013,0.24020731585767,-2.27740642794229,0.998250264172207,0.999999921882612,0.980370169626042,"Uev1A/ari-1",2,"male","down"
"BP","GO:1903311","regulation of mRNA metabolic process","1/381","117/7230",0.00854700854700855,0.162191264553469,-2.1547625947159,0.998316284901052,0.999999921882612,0.980370169626042,"sqd",1,"male","down"
"BP","GO:0035295","tube development","2/381","159/7230",0.0125786163522013,0.238696578022087,-2.28930650625652,0.998334876705086,0.999999921882612,0.980370169626042,"grh/ed",2,"male","down"
"BP","GO:0120039","plasma membrane bounded cell projection morphogenesis","5/381","260/7230",0.0192307692307692,0.364930345245306,-2.45968596801422,0.998387522212228,0.999999921882612,0.980370169626042,"beat-IIIc/S6k/Pka-R2/tsr/Atg1",5,"male","down"
"BP","GO:0048598","embryonic morphogenesis","2/381","161/7230",0.0124223602484472,0.235731403139825,-2.31295923973001,0.998492204869245,0.999999921882612,0.980370169626042,"Nmt/ed",2,"male","down"
"BP","GO:0048858","cell projection morphogenesis","5/381","262/7230",0.0190839694656489,0.362144617419006,-2.48031486714628,0.99851569737402,0.999999921882612,0.980370169626042,"beat-IIIc/S6k/Pka-R2/tsr/Atg1",5,"male","down"
"BP","GO:0006281","DNA repair","1/381","120/7230",0.00833333333333333,0.158136482939633,-2.19323682474733,0.998572644564224,0.999999921882612,0.980370169626042,"Uev1A",1,"male","down"
"BP","GO:0010648","negative regulation of cell communication","5/381","267/7230",0.0187265917602996,0.35536288301041,-2.53139989618311,0.998794518865765,0.999999921882612,0.980370169626042,"PGRP-SC2/Drice/CG7054/ed/Atg1",5,"male","down"
"BP","GO:0023057","negative regulation of signaling","5/381","267/7230",0.0187265917602996,0.35536288301041,-2.53139989618311,0.998794518865765,0.999999921882612,0.980370169626042,"PGRP-SC2/Drice/CG7054/ed/Atg1",5,"male","down"
"BP","GO:0051276","chromosome organization","3/381","203/7230",0.0147783251231527,0.280439083045654,-2.45255426797522,0.998853304160158,0.999999921882612,0.980370169626042,"sau/Rae1/Cap-G",3,"male","down"
"BP","GO:0007017","microtubule-based process","7/381","328/7230",0.0213414634146341,0.40498367582101,-2.6011556592741,0.99885769643699,0.999999921882612,0.980370169626042,"sau/sqd/Sdb/Mst84Db/tsr/Map205/Atg1",7,"male","down"
"BP","GO:0006259","DNA metabolic process","3/381","205/7230",0.0146341463414634,0.27770309199155,-2.4743295346727,0.998955101598159,0.999999921882612,0.980370169626042,"Uev1A/CG14805/RnrL",3,"male","down"
"BP","GO:0009892","negative regulation of metabolic process","13/381","498/7230",0.0261044176706827,0.495367295955475,-2.75236500598939,0.999079702189664,0.999999921882612,0.980370169626042,"Bin1/Paip2/PGRP-SC2/sqd/Acp62F/Spn28F/Spn28Da/Pka-R2/eIF4EHP/CRIF/e/nec/Mip",13,"male","down"
"BP","GO:0030707","follicle cell of egg chamber development","2/381","172/7230",0.0116279069767442,0.220655557590185,-2.43972488676649,0.999128871120342,0.999999921882612,0.980370169626042,"sqd/tsr",2,"male","down"
"BP","GO:0010564","regulation of cell cycle process","1/381","129/7230",0.00775193798449612,0.147103705060123,-2.3052569696513,0.999130767666127,0.999999921882612,0.980370169626042,"Rae1",1,"male","down"
"BP","GO:0071824","protein-DNA complex organization","3/381","209/7230",0.0143540669856459,0.272388200278793,-2.51745320810782,0.999132881500464,0.999999921882612,0.980370169626042,"Bin1/Bap170/atlas",3,"male","down"
"BP","GO:0032989","cellular anatomical entity morphogenesis","7/381","336/7230",0.0208333333333333,0.395341207349081,-2.67690148615895,0.999163361021476,0.999999921882612,0.980370169626042,"beat-IIIc/S6k/Pka-R2/Pax/tsr/ed/Atg1",7,"male","down"
"BP","GO:0007350","blastoderm segmentation","1/381","132/7230",0.00757575757575758,0.14376043903603,-2.3415437407012,0.999263327006236,0.999999921882612,0.980370169626042,"sqd",1,"male","down"
"BP","GO:0009952","anterior/posterior pattern specification","1/381","132/7230",0.00757575757575758,0.14376043903603,-2.3415437407012,0.999263327006236,0.999999921882612,0.980370169626042,"sqd",1,"male","down"
"BP","GO:0050793","regulation of developmental process","11/381","452/7230",0.0243362831858407,0.461814507699812,-2.78700943339985,0.999279134013481,0.999999921882612,0.980370169626042,"Mp20/Cat/Drice/Pax/Rae1/grh/CG13559/ari-1/ed/fj/Atg1",11,"male","down"
"BP","GO:0033554","cellular response to stress","8/381","371/7230",0.0215633423180593,0.409194133752149,-2.75542991649221,0.999338497657232,0.999999921882612,0.980370169626042,"Erasp/Cat/Sod3/Uev1A/Sod1/Debcl/Buffy/Atg1",8,"male","down"
"BP","GO:0006511","ubiquitin-dependent protein catabolic process","3/381","216/7230",0.0138888888888889,0.263560804899388,-2.59160558129981,0.999375450557011,0.999999921882612,0.980370169626042,"Rpn12/Prosalpha4/ari-1",3,"male","down"
"BP","GO:0009798","axis specification","1/381","135/7230",0.00740740740740741,0.140565762613007,-2.37734029852292,0.999375715726381,0.999999921882612,0.980370169626042,"sqd",1,"male","down"
"BP","GO:0000278","mitotic cell cycle","6/381","316/7230",0.0189873417721519,0.360310973786505,-2.7424313906227,0.999435544345463,0.999999921882612,0.980370169626042,"sau/tsr/Rae1/Act57B/Map205/Cap-G",6,"male","down"
"BP","GO:0051603","proteolysis involved in protein catabolic process","4/381","254/7230",0.015748031496063,0.298840597681195,-2.68298596979813,0.999471240690495,0.999999921882612,0.980370169626042,"CtsK1/Rpn12/Prosalpha4/ari-1",4,"male","down"
"BP","GO:0051130","positive regulation of cellular component organization","2/381","182/7230",0.010989010989011,0.208531625854461,-2.55049413511928,0.999472957426258,0.999999921882612,0.980370169626042,"S6k/Ddr",2,"male","down"
"BP","GO:0019941","modification-dependent protein catabolic process","3/381","220/7230",0.0136363636363636,0.258768790264853,-2.63326184035775,0.999482742255038,0.999999921882612,0.980370169626042,"Rpn12/Prosalpha4/ari-1",3,"male","down"
"BP","GO:0015031","protein transport","4/381","256/7230",0.015625,0.296505905511811,-2.702884478563,0.999516550264071,0.999999921882612,0.980370169626042,"sau/tsr/CG10086/CG18747",4,"male","down"
"BP","GO:0141124","intracellular signaling cassette","4/381","258/7230",0.0155038759689922,0.294207410120247,-2.72267795682597,0.999558060819266,0.999999921882612,0.980370169626042,"Uev1A/Ras64B/CG7054/Rab9",4,"male","down"
"BP","GO:0009880","embryonic pattern specification","1/381","142/7230",0.00704225352112676,0.133636464456028,-2.45906778175769,0.999575857332082,0.999999921882612,0.980370169626042,"sqd",1,"male","down"
"BP","GO:0043632","modification-dependent macromolecule catabolic process","3/381","225/7230",0.0133333333333333,0.253018372703412,-2.68463424937574,0.999591715101309,0.999999921882612,0.980370169626042,"Rpn12/Prosalpha4/ari-1",3,"male","down"
"BP","GO:0010605","negative regulation of macromolecule metabolic process","11/381","470/7230",0.0234042553191489,0.444127994638968,-2.93926268322654,0.999620782445047,0.999999921882612,0.980370169626042,"Bin1/Paip2/PGRP-SC2/sqd/Acp62F/Spn28F/Spn28Da/Pka-R2/eIF4EHP/CRIF/nec",11,"male","down"
"BP","GO:0048666","neuron development","8/381","386/7230",0.0207253886010363,0.393292807311003,-2.88938765333986,0.999629451842005,0.999999921882612,0.980370169626042,"beat-IIIc/S6k/Drice/Pka-R2/tsr/grh/Atg1/Ddr",8,"male","down"
"BP","GO:0070925","organelle assembly","5/381","295/7230",0.0169491525423729,0.321633524622981,-2.80569313483712,0.999633229086537,0.999999921882612,0.980370169626042,"sau/Mst84Db/Rdh1/Atg1/TP53INP",5,"male","down"
"BP","GO:0030163","protein catabolic process","4/381","265/7230",0.0150943396226415,0.286435893626504,-2.79115136966532,0.999677694001565,0.999999921882612,0.980370169626042,"CtsK1/Rpn12/Prosalpha4/ari-1",4,"male","down"
"BP","GO:0006897","endocytosis","1/381","147/7230",0.00680272108843537,0.129091006481333,-2.51600117119107,0.999678263650626,0.999999921882612,0.980370169626042,"CG18635",1,"male","down"
"BP","GO:0009890","negative regulation of biosynthetic process","9/381","420/7230",0.0214285714285714,0.406636670416198,-2.95501581375357,0.999696312291918,0.999999921882612,0.980370169626042,"Bin1/Paip2/PGRP-SC2/sqd/eIF4EHP/CRIF/e/nec/Mip",9,"male","down"
"BP","GO:0031327","negative regulation of cellular biosynthetic process","9/381","420/7230",0.0214285714285714,0.406636670416198,-2.95501581375357,0.999696312291918,0.999999921882612,0.980370169626042,"Bin1/Paip2/PGRP-SC2/sqd/eIF4EHP/CRIF/e/nec/Mip",9,"male","down"
"BP","GO:0007166","cell surface receptor signaling pathway","10/381","449/7230",0.022271714922049,0.422636480016835,-2.97929601324847,0.999703946154976,0.999999921882612,0.980370169626042,"S6k/Drice/sev/Uev1A/Debcl/grh/ed/Gmd/Buffy/Ddr",10,"male","down"
"BP","GO:0070647","protein modification by small protein conjugation or removal","2/381","194/7230",0.0103092783505155,0.195632762399545,-2.6784302415871,0.99971287391291,0.999999921882612,0.980370169626042,"Uev1A/ari-1",2,"male","down"
"BP","GO:0098657","import into cell","2/381","194/7230",0.0103092783505155,0.195632762399545,-2.6784302415871,0.99971287391291,0.999999921882612,0.980370169626042,"CG18635/Fatp1",2,"male","down"
"BP","GO:0045944","positive regulation of transcription by RNA polymerase II","2/381","196/7230",0.0102040816326531,0.193636509721999,-2.69926626377221,0.999740628949096,0.999999921882612,0.980370169626042,"grh/TP53INP",2,"male","down"
"BP","GO:0051640","organelle localization","1/381","152/7230",0.00657894736842105,0.124844591794447,-2.57181492821936,0.999755993628816,0.999999921882612,0.980370169626042,"CG11123",1,"male","down"
"BP","GO:0044087","regulation of cellular component biogenesis","2/381","199/7230",0.0100502512562814,0.190717366359356,-2.73027396194386,0.999777362948889,0.999999921882612,0.980370169626042,"tsr/Rae1",2,"male","down"
"BP","GO:0051049","regulation of transport","2/381","199/7230",0.0100502512562814,0.190717366359356,-2.73027396194386,0.999777362948889,0.999999921882612,0.980370169626042,"CG4928/tsr",2,"male","down"
"BP","GO:0051253","negative regulation of RNA metabolic process","2/381","201/7230",0.0099502487562189,0.188819681121949,-2.75078520146462,0.999798943780919,0.999999921882612,0.980370169626042,"Bin1/sqd",2,"male","down"
"BP","GO:0030182","neuron differentiation","11/381","490/7230",0.0224489795918367,0.426000321388398,-3.10361439904042,0.99981765933087,0.999999921882612,0.980370169626042,"beat-IIIc/S6k/Drice/sev/Pka-R2/tsr/grh/ed/fj/Atg1/Ddr",11,"male","down"
"BP","GO:0043687","post-translational protein modification","2/381","204/7230",0.00980392156862745,0.18604292110545,-2.78131727102071,0.999827494304452,0.999999921882612,0.980370169626042,"Uev1A/ari-1",2,"male","down"
"BP","GO:0048638","regulation of developmental growth","1/381","161/7230",0.0062111801242236,0.117865701569912,-2.66966441460359,0.999851747146412,0.999999921882612,0.980370169626042,"Rae1",1,"male","down"
"BP","GO:0045934","negative regulation of nucleobase-containing compound metabolic process","2/381","207/7230",0.00966183574879227,0.18334664688653,-2.81157456116234,0.999852028435723,0.999999921882612,0.980370169626042,"Bin1/sqd",2,"male","down"
"BP","GO:0031328","positive regulation of cellular biosynthetic process","7/381","380/7230",0.0184210526315789,0.349564857024451,-3.07212249097144,0.999857751637625,0.999999921882612,0.980370169626042,"Bap170/SPE/psh/Rae1/eIF4EHP/grh/TP53INP",7,"male","down"
"BP","GO:0045184","establishment of protein localization","5/381","317/7230",0.0157728706624606,0.299311955090787,-3.00890916685843,0.999859799025386,0.999999921882612,0.980370169626042,"sau/tsr/CG8314/CG10086/CG18747",5,"male","down"
"BP","GO:0031324","negative regulation of cellular metabolic process","10/381","470/7230",0.0212765957446809,0.403752722399062,-3.15275343267127,0.999866160041828,0.999999921882612,0.980370169626042,"Bin1/Paip2/PGRP-SC2/sqd/Pka-R2/eIF4EHP/CRIF/e/nec/Mip",10,"male","down"
"BP","GO:0009057","macromolecule catabolic process","7/381","382/7230",0.0183246073298429,0.347734674526941,-3.08931444221398,0.999869047465108,0.999999921882612,0.980370169626042,"PGRP-SC2/CtsK1/sqd/Rpn12/Prosalpha4/ari-1/Atg1",7,"male","down"
"BP","GO:0009891","positive regulation of biosynthetic process","7/381","382/7230",0.0183246073298429,0.347734674526941,-3.08931444221398,0.999869047465108,0.999999921882612,0.980370169626042,"Bap170/SPE/psh/Rae1/eIF4EHP/grh/TP53INP",7,"male","down"
"BP","GO:0045893","positive regulation of DNA-templated transcription","3/381","256/7230",0.01171875,0.222379429133858,-2.98768474060117,0.999907872175168,0.999999921882612,0.980370169626042,"Bap170/grh/TP53INP",3,"male","down"
"BP","GO:1902680","positive regulation of RNA biosynthetic process","3/381","256/7230",0.01171875,0.222379429133858,-2.98768474060117,0.999907872175168,0.999999921882612,0.980370169626042,"Bap170/grh/TP53INP",3,"male","down"
"BP","GO:0033365","protein localization to organelle","1/381","170/7230",0.00588235294117647,0.11162575266327,-2.7644331216898,0.999909983627804,0.999999921882612,0.980370169626042,"Rdh1",1,"male","down"
"BP","GO:0007292","female gamete generation","7/381","395/7230",0.0177215189873418,0.336290242200738,-3.19959867385746,0.999923849480064,0.999999921882612,0.980370169626042,"sqd/Drice/tsr/Acp26Aa/ari-1/Gmd/Atg1",7,"male","down"
"BP","GO:0008104","protein localization","9/381","456/7230",0.0197368421052632,0.37453377538334,-3.25425592996468,0.999925561796445,0.999999921882612,0.980370169626042,"sau/lectin-46Ca/lectin-46Cb/tsr/CG9997/CG8314/Rdh1/CG10086/CG18747",9,"male","down"
"BP","GO:0051254","positive regulation of RNA metabolic process","4/381","297/7230",0.0134680134680135,0.25557411384183,-3.08977680250994,0.999925885964527,0.999999921882612,0.980370169626042,"Bap170/grh/CRIF/TP53INP",4,"male","down"
"BP","GO:0051726","regulation of cell cycle","1/381","174/7230",0.00574712643678161,0.109059643406643,-2.80564027126103,0.999927901303301,0.999999921882612,0.980370169626042,"Rae1",1,"male","down"
"BP","GO:0033043","regulation of organelle organization","2/381","223/7230",0.00896860986547085,0.17019173051799,-2.96860318026431,0.999934979600505,0.999999921882612,0.980370169626042,"Sod1/ed",2,"male","down"
"BP","GO:0048477","oogenesis","6/381","368/7230",0.016304347826087,0.30939746662102,-3.20711650431138,0.999937478592989,0.999999921882612,0.980370169626042,"sqd/Drice/tsr/ari-1/Gmd/Atg1",6,"male","down"
"BP","GO:0032879","regulation of localization","3/381","265/7230",0.0113207547169811,0.214826920219878,-3.07125442196153,0.999940590987139,0.999999921882612,0.980370169626042,"FarO/CG4928/tsr",3,"male","down"
"BP","GO:0048646","anatomical structure formation involved in morphogenesis","5/381","337/7230",0.0148367952522255,0.281548634313886,-3.18563638434646,0.99994256664333,0.999999921882612,0.980370169626042,"Mp20/sqd/Pax/CLIP-190/ed",5,"male","down"
"BP","GO:0060429","epithelium development","6/381","370/7230",0.0162162162162162,0.307725047882528,-3.22407725328473,0.999942689026288,0.999999921882612,0.980370169626042,"sqd/tsr/Nmt/grh/ed/fj",6,"male","down"
"BP","GO:0070727","cellular macromolecule localization","10/381","493/7230",0.0202839756592292,0.384916388494035,-3.33666310176822,0.999945164144957,0.999999921882612,0.980370169626042,"sau/lectin-46Ca/lectin-46Cb/sqd/tsr/CG9997/CG8314/Rdh1/CG10086/CG18747",10,"male","down"
"BP","GO:0010557","positive regulation of macromolecule biosynthetic process","6/381","372/7230",0.0161290322580645,0.306070612141224,-3.24097758103441,0.999947473825887,0.999999921882612,0.980370169626042,"Bap170/SPE/psh/Rae1/grh/TP53INP",6,"male","down"
"BP","GO:0009888","tissue development","8/381","436/7230",0.018348623853211,0.348190421151484,-3.31122909111637,0.999950316501613,0.999999921882612,0.980370169626042,"sqd/tsr/CG3987/Nmt/grh/ed/Mlp60A/fj",8,"male","down"
"BP","GO:0051173","positive regulation of nitrogen compound metabolic process","8/381","441/7230",0.018140589569161,0.34424268395022,-3.35156427129482,0.999959604854282,0.999999921882612,0.980370169626042,"Bap170/CtsK1/SPE/psh/grh/CRIF/ari-1/TP53INP",8,"male","down"
"BP","GO:0120036","plasma membrane bounded cell projection organization","8/381","441/7230",0.018140589569161,0.34424268395022,-3.35156427129482,0.999959604854282,0.999999921882612,0.980370169626042,"beat-IIIc/S6k/Mst84Db/Pka-R2/tsr/fj/Atg1/Ddr",8,"male","down"
"BP","GO:0045892","negative regulation of DNA-templated transcription","1/381","185/7230",0.00540540540540541,0.102575015960843,-2.91629557296683,0.999960866051478,0.999999921882612,0.980370169626042,"Bin1",1,"male","down"
"BP","GO:1902679","negative regulation of RNA biosynthetic process","1/381","185/7230",0.00540540540540541,0.102575015960843,-2.91629557296683,0.999960866051478,0.999999921882612,0.980370169626042,"Bin1",1,"male","down"
"BP","GO:0007010","cytoskeleton organization","8/381","443/7230",0.018058690744921,0.342688540907556,-3.36761285876657,0.999962824992267,0.999999921882612,0.980370169626042,"sau/Mp20/sqd/Sdb/Mst84Db/tsr/Map205/ed",8,"male","down"
"BP","GO:0045935","positive regulation of nucleobase-containing compound metabolic process","4/381","312/7230",0.0128205128205128,0.243286896830204,-3.2225991596539,0.999963300333809,0.999999921882612,0.980370169626042,"Bap170/grh/CRIF/TP53INP",4,"male","down"
"BP","GO:0016192","vesicle-mediated transport","6/381","382/7230",0.0157068062827225,0.298058292451663,-3.32459594283766,0.999966114124092,0.999999921882612,0.980370169626042,"sau/Arc1/CG18635/st/Rab9/unc-13-4A",6,"male","down"
"BP","GO:0010558","negative regulation of macromolecule biosynthetic process","7/381","415/7230",0.0168674698795181,0.320083483540461,-3.36460996242842,0.999967387862843,0.999999921882612,0.980370169626042,"Bin1/Paip2/PGRP-SC2/sqd/eIF4EHP/CRIF/nec",7,"male","down"
"BP","GO:0007281","germ cell development","8/381","449/7230",0.0178173719376392,0.338109184013468,-3.41547153746734,0.999971053609667,0.999999921882612,0.980370169626042,"sqd/Drice/Mst84Db/tsr/ari-1/atlas/Gmd/Atg1",8,"male","down"
"BP","GO:0030030","cell projection organization","8/381","450/7230",0.0177777777777778,0.337357830271216,-3.42340670909334,0.999972239711651,0.999999921882612,0.980370169626042,"beat-IIIc/S6k/Mst84Db/Pka-R2/tsr/fj/Atg1/Ddr",8,"male","down"
"BP","GO:0022402","cell cycle process","6/381","387/7230",0.0155038759689922,0.294207410120247,-3.36586988993037,0.999972823110861,0.999999921882612,0.980370169626042,"sau/tsr/Rae1/Act57B/Map205/Cap-G",6,"male","down"
"BP","GO:0006412","translation","3/381","284/7230",0.0105633802816901,0.200454696684041,-3.24207363257751,0.999976673268542,0.999999921882612,0.980370169626042,"Paip2/sqd/eIF4EHP",3,"male","down"
"BP","GO:0000375","RNA splicing, via transesterification reactions","1/381","196/7230",0.00510204081632653,0.0968182548609995,-3.02336110712071,0.999978779601959,0.999999921882612,0.980370169626042,"sqd",1,"male","down"
"BP","GO:0000377","RNA splicing, via transesterification reactions with bulged adenosine as nucleophile","1/381","196/7230",0.00510204081632653,0.0968182548609995,-3.02336110712071,0.999978779601959,0.999999921882612,0.980370169626042,"sqd",1,"male","down"
"BP","GO:0000398","mRNA splicing, via spliceosome","1/381","196/7230",0.00510204081632653,0.0968182548609995,-3.02336110712071,0.999978779601959,0.999999921882612,0.980370169626042,"sqd",1,"male","down"
"BP","GO:0003002","regionalization","4/381","325/7230",0.0123076923076923,0.233555420956996,-3.33448380907496,0.999980170783426,0.999999921882612,0.980370169626042,"sqd/tsr/Mgat1/fj",4,"male","down"
"BP","GO:0006396","RNA processing","8/381","473/7230",0.0169133192389006,0.320953538312996,-3.60280800139624,0.99998950841565,0.999999921882612,0.980370169626042,"sqd/CG8545/CRIF/CG5645/CG11123/IntS11/CG32409/CG14805",8,"male","down"
"BP","GO:0007389","pattern specification process","4/381","340/7230",0.0117647058823529,0.22325150532654,-3.46017676036071,0.999990322482071,0.999999921882612,0.980370169626042,"sqd/tsr/Mgat1/fj",4,"male","down"
"BP","GO:0008380","RNA splicing","1/381","211/7230",0.004739336492891,0.0899354405343882,-3.16419926680611,0.999990803784669,0.999999921882612,0.980370169626042,"sqd",1,"male","down"
"BP","GO:0046907","intracellular transport","5/381","393/7230",0.0127226463104326,0.241429744946004,-3.6470969779489,0.999995644449246,0.999999921882612,0.980370169626042,"sqd/Rae1/Rab9/CG11123/Atg1",5,"male","down"
"BP","GO:0006397","mRNA processing","1/381","232/7230",0.00431034482758621,0.0817947325549823,-3.35262377385059,0.999997156429735,0.999999921882612,0.980370169626042,"sqd",1,"male","down"
"BP","GO:0051649","establishment of localization in cell","7/381","499/7230",0.0140280561122244,0.266201694728039,-4.00659273356803,0.999999213228431,0.999999921882612,0.980370169626042,"sqd/Rae1/st/Rab9/CG11123/unc-13-4A/Atg1",7,"male","down"
"BP","GO:0009790","embryo development","3/381","353/7230",0.0084985835694051,0.161272333876113,-3.81063038810734,0.999999281563054,0.999999921882612,0.980370169626042,"sqd/Nmt/ed",3,"male","down"
"BP","GO:0007049","cell cycle","6/381","479/7230",0.0125260960334029,0.23769993260237,-4.07190538340061,0.999999598594845,0.999999921882612,0.980370169626042,"sau/tsr/Rae1/Act57B/Map205/Cap-G",6,"male","down"
"BP","GO:0016071","mRNA metabolic process","1/381","294/7230",0.00340136054421769,0.0645455032406664,-3.86215595800743,0.999999912969404,0.999999921882612,0.980370169626042,"sqd",1,"male","down"
"BP","GO:0065003","protein-containing complex assembly","2/381","350/7230",0.00571428571428571,0.108436445444319,-4.03255340060492,0.999999921882612,0.999999921882612,0.980370169626042,"tsr/unc-13-4A",2,"male","down"
"CC","GO:0005615","extracellular space","95/365","439/7088",0.216400911161731,4.20232783099822,16.1404625465473,2.1589984692533e-36,4.57707675481701e-34,4.57707675481701e-34,"LysD/CG18628/lectin-46Ca/Ance-2/Mst57Dc/BG642167/PH4alphaNE2/CG31419/CG42564/CG34002/LysP/Acp29AB/CG6071/lectin-46Cb/CG31515/CG31680/Sfp65A/Qsox3/Sems/CG4017/CtsK1/CG31883/CG34129/CG17472/Sfp33A3/CG13965/CG15635/Qsox4/CG31418/Qsox2/Mst57Db/CG31496/Spn43Ab/Sfp33A2/lectin-30A/CG8738/CG9168/aqrs/LysE/Jhbp4/Sod3/Drs/Sfp84E/Acp62F/CG11037/Mst57Da/Spn28F/Spn28Da/CG8492/lectin-29Ca/CG6472/Amy-d/Sfp93F/CG11608/CG5402/CG11112/CG9997/CG31198/CG11977/Sfp51E/CG3640/CG17404/CG18417/SP/Sfp24C1/Acp53Ea/CG34130/Gpxl/Spn28Db/CG10031/CG34034/Acp26Aa/msopa/CG11113/CG34033/Acp33A/CG2111/nec/CG30062/CG9525/CG31207/CG33127/Spn47C/CG5267/CG9822/Loxl2/Obp56f/CG17097/CG34448/CG8072/fj/Def/Mip/CG10730/Fst",95,"male","down"
"CC","GO:0005777","peroxisome","7/365","57/7088",0.12280701754386,2.38481134342706,2.44576983426517,0.0260615840475,0.999999633298094,0.999999633298094,"FarO/CG17560/Cat/Acsf2/Agxt/Sod1/Dhrs4",7,"male","down"
"CC","GO:0042579","microbody","7/365","57/7088",0.12280701754386,2.38481134342706,2.44576983426517,0.0260615840475,0.999999633298094,0.999999633298094,"FarO/CG17560/Cat/Acsf2/Agxt/Sod1/Dhrs4",7,"male","down"
"CC","GO:0009897","external side of plasma membrane","3/365","21/7088",0.142857142857143,2.77416829745597,1.89706848450746,0.0906551084468906,0.999999633298094,0.999999633298094,"lectin-29Ca/lectin-21Ca/lectin-24Db",3,"male","down"
"CC","GO:0005783","endoplasmic reticulum","24/365","357/7088",0.0672268907563025,1.30549096350869,1.38003078334041,0.107126539127347,0.999999633298094,0.999999633298094,"CG15531/CG10029/PH4alphaNE2/CG8630/PH4alphaSG1/CG32199/CG18233/CG32201/CG15864/Baldspot/CG18234/Ldsdh1/Hacd1/CG31021/CG11828/Fatp1/CG17841/PH4alphaNE3/CG8314/CG11162/Rdh1/CG18231/Buffy/Papst2",24,"male","down"
"CC","GO:0009986","cell surface","5/365","55/7088",0.0909090909090909,1.7653798256538,1.32765165036669,0.151661239687165,0.999999633298094,0.999999633298094,"lectin-46Ca/lectin-29Ca/lectin-21Ca/ed/lectin-24Db",5,"male","down"
"CC","GO:0032590","dendrite membrane","3/365","27/7088",0.111111111111111,2.15768645357686,1.40422215510089,0.159870865134642,0.999999633298094,0.999999633298094,"Or59c/Or59b/Or85d",3,"male","down"
"CC","GO:0031985","Golgi cisterna","3/365","28/7088",0.107142857142857,2.08062622309198,1.3348985468535,0.172659070239885,0.999999633298094,0.999999633298094,"sau/Mgat1/Papst2",3,"male","down"
"CC","GO:0098975","postsynapse of neuromuscular junction","2/365","15/7088",0.133333333333333,2.58922374429224,1.43557186622666,0.178942903224254,0.999999633298094,0.999999633298094,"Arc1/GluRIID",2,"male","down"
"CC","GO:0005811","lipid droplet","2/365","17/7088",0.117647058823529,2.28460918614021,1.23552392140255,0.217143932288668,0.999999633298094,0.999999633298094,"Ldsdh1/CG13833",2,"male","down"
"CC","GO:1990204","oxidoreductase complex","5/365","64/7088",0.078125,1.51712328767123,0.968250933507833,0.232508118752264,0.999999633298094,0.999999633298094,"ND4L/ND2/CG7430/ND6/RnrL",5,"male","down"
"CC","GO:0005747","mitochondrial respiratory chain complex I","3/365","34/7088",0.0882352941176471,1.71345688960516,0.971595646094772,0.254210835667751,0.999999633298094,0.999999633298094,"ND4L/ND2/ND6",3,"male","down"
"CC","GO:0016323","basolateral plasma membrane","3/365","34/7088",0.0882352941176471,1.71345688960516,0.971595646094772,0.254210835667751,0.999999633298094,0.999999633298094,"Oatp58Db/ZnT77C/Lkr",3,"male","down"
"CC","GO:0030964","NADH dehydrogenase complex","3/365","34/7088",0.0882352941176471,1.71345688960516,0.971595646094772,0.254210835667751,0.999999633298094,0.999999633298094,"ND4L/ND2/ND6",3,"male","down"
"CC","GO:0045271","respiratory chain complex I","3/365","34/7088",0.0882352941176471,1.71345688960516,0.971595646094772,0.254210835667751,0.999999633298094,0.999999633298094,"ND4L/ND2/ND6",3,"male","down"
"CC","GO:0005741","mitochondrial outer membrane","3/365","36/7088",0.0833333333333333,1.61826484018265,0.866494361632814,0.282573449144015,0.999999633298094,0.999999633298094,"Baldspot/Debcl/Buffy",3,"male","down"
"CC","GO:0030686","90S preribosome","2/365","22/7088",0.0909090909090909,1.7653798256538,0.837717576180411,0.314268479803373,0.999999633298094,0.999999633298094,"CG5645/CG11123",2,"male","down"
"CC","GO:0031968","organelle outer membrane","3/365","39/7088",0.0769230769230769,1.49378292939937,0.720444803273631,0.325540413171749,0.999999633298094,0.999999633298094,"Baldspot/Debcl/Buffy",3,"male","down"
"CC","GO:0033177","proton-transporting two-sector ATPase complex, proton-transporting domain","2/365","23/7088",0.0869565217391304,1.68862418106015,0.770701486786658,0.333523132888615,0.999999633298094,0.999999633298094,"Vha16-1/ATP8",2,"male","down"
"CC","GO:0019867","outer membrane","3/365","40/7088",0.075,1.45643835616438,0.674489624715341,0.339888246399868,0.999999633298094,0.999999633298094,"Baldspot/Debcl/Buffy",3,"male","down"
"CC","GO:0005795","Golgi stack","3/365","42/7088",0.0714285714285714,1.38708414872798,0.586212137011628,0.368503775826369,0.999999633298094,0.999999633298094,"sau/Mgat1/Papst2",3,"male","down"
"CC","GO:0009925","basal plasma membrane","3/365","43/7088",0.0697674418604651,1.35482637782733,0.54375807558218,0.382735669249069,0.999999633298094,0.999999633298094,"Oatp58Db/ZnT77C/Lkr",3,"male","down"
"CC","GO:0005776","autophagosome","2/365","26/7088",0.0769230769230769,1.49378292939937,0.587699041200985,0.390198169103933,0.999999633298094,0.999999633298094,"Atg1/TP53INP",2,"male","down"
"CC","GO:0036126","sperm flagellum","2/365","26/7088",0.0769230769230769,1.49378292939937,0.587699041200985,0.390198169103933,0.999999633298094,0.999999633298094,"Sdb/Rae1",2,"male","down"
"CC","GO:0000276","mitochondrial proton-transporting ATP synthase complex, coupling factor F(o)","1/365","10/7088",0.1,1.94191780821918,0.694470531017969,0.410825159715933,0.999999633298094,0.999999633298094,"ATP8",1,"male","down"
"CC","GO:0005927","muscle tendon junction","1/365","10/7088",0.1,1.94191780821918,0.694470531017969,0.410825159715933,0.999999633298094,0.999999633298094,"Pax",1,"male","down"
"CC","GO:0008328","ionotropic glutamate receptor complex","1/365","10/7088",0.1,1.94191780821918,0.694470531017969,0.410825159715933,0.999999633298094,0.999999633298094,"GluRIID",1,"male","down"
"CC","GO:0045263","proton-transporting ATP synthase complex, coupling factor F(o)","1/365","10/7088",0.1,1.94191780821918,0.694470531017969,0.410825159715933,0.999999633298094,0.999999633298094,"ATP8",1,"male","down"
"CC","GO:0098878","neurotransmitter receptor complex","1/365","10/7088",0.1,1.94191780821918,0.694470531017969,0.410825159715933,0.999999633298094,0.999999633298094,"GluRIID",1,"male","down"
"CC","GO:0097729","9+2 motile cilium","2/365","28/7088",0.0714285714285714,1.38708414872798,0.478165397623364,0.426775529050829,0.999999633298094,0.999999633298094,"Sdb/Rae1",2,"male","down"
"CC","GO:0032589","neuron projection membrane","3/365","47/7088",0.0638297872340425,1.23952200524628,0.383860362115493,0.438787579431919,0.999999633298094,0.999999633298094,"Or59c/Or59b/Or85d",3,"male","down"
"CC","GO:0097482","muscle cell postsynaptic specialization","1/365","11/7088",0.0909090909090909,1.7653798256538,0.591895241355164,0.44120786905525,0.999999633298094,0.999999633298094,"GluRIID",1,"male","down"
"CC","GO:0000139","Golgi membrane","3/365","48/7088",0.0625,1.21369863013699,0.346124323823968,0.452512319788455,0.999999633298094,0.999999633298094,"sau/CG13893/Papst2",3,"male","down"
"CC","GO:0045169","fusome","2/365","30/7088",0.0666666666666667,1.29461187214612,0.376761170272387,0.462173449197291,0.999999633298094,0.999999633298094,"Vha16-1/CLIP-190",2,"male","down"
"CC","GO:0000220","vacuolar proton-transporting V-type ATPase, V0 domain","1/365","12/7088",0.0833333333333333,1.61826484018265,0.499421636481356,0.470027867330626,0.999999633298094,0.999999633298094,"Vha16-1",1,"male","down"
"CC","GO:0034518","RNA cap binding complex","1/365","12/7088",0.0833333333333333,1.61826484018265,0.499421636481356,0.470027867330626,0.999999633298094,0.999999633298094,"eIF4EHP",1,"male","down"
"CC","GO:0035371","microtubule plus-end","1/365","12/7088",0.0833333333333333,1.61826484018265,0.499421636481356,0.470027867330626,0.999999633298094,0.999999633298094,"CLIP-190",1,"male","down"
"CC","GO:0044295","axonal growth cone","1/365","12/7088",0.0833333333333333,1.61826484018265,0.499421636481356,0.470027867330626,0.999999633298094,0.999999633298094,"CLIP-190",1,"male","down"
"CC","GO:0045239","tricarboxylic acid cycle enzyme complex","1/365","12/7088",0.0833333333333333,1.61826484018265,0.499421636481356,0.470027867330626,0.999999633298094,0.999999633298094,"CG7430",1,"male","down"
"CC","GO:1990752","microtubule end","1/365","12/7088",0.0833333333333333,1.61826484018265,0.499421636481356,0.470027867330626,0.999999633298094,0.999999633298094,"CLIP-190",1,"male","down"
"CC","GO:0031256","leading edge membrane","3/365","50/7088",0.06,1.16515068493151,0.273046644043607,0.479532132172685,0.999999633298094,0.999999633298094,"Or59c/Or59b/Or85d",3,"male","down"
"CC","GO:0005604","basement membrane","1/365","13/7088",0.0769230769230769,1.49378292939937,0.415184009723244,0.497365321884656,0.999999633298094,0.999999633298094,"prc",1,"male","down"
"CC","GO:0032039","integrator complex","1/365","13/7088",0.0769230769230769,1.49378292939937,0.415184009723244,0.497365321884656,0.999999633298094,0.999999633298094,"IntS11",1,"male","down"
"CC","GO:0033179","proton-transporting V-type ATPase, V0 domain","1/365","13/7088",0.0769230769230769,1.49378292939937,0.415184009723244,0.497365321884656,0.999999633298094,0.999999633298094,"Vha16-1",1,"male","down"
"CC","GO:0033181","plasma membrane proton-transporting V-type ATPase complex","1/365","13/7088",0.0769230769230769,1.49378292939937,0.415184009723244,0.497365321884656,0.999999633298094,0.999999633298094,"Vha16-1",1,"male","down"
"CC","GO:0035060","brahma complex","1/365","13/7088",0.0769230769230769,1.49378292939937,0.415184009723244,0.497365321884656,0.999999633298094,0.999999633298094,"Bap170",1,"male","down"
"CC","GO:0098791","Golgi apparatus subcompartment","4/365","73/7088",0.0547945205479452,1.06406455244886,0.128192164889644,0.523048736122939,0.999999633298094,0.999999633298094,"sau/Mgat1/Rab9/Papst2",4,"male","down"
"CC","GO:0005793","endoplasmic reticulum-Golgi intermediate compartment","1/365","14/7088",0.0714285714285714,1.38708414872798,0.337779252447763,0.523296298211455,0.999999633298094,0.999999633298094,"CG10029",1,"male","down"
"CC","GO:0005802","trans-Golgi network","2/365","34/7088",0.0588235294117647,1.1423045930701,0.193792400158501,0.528941668102014,0.999999633298094,0.999999633298094,"sau/Rab9",2,"male","down"
"CC","GO:0043235","receptor complex","3/365","54/7088",0.0555555555555556,1.07884322678843,0.135505268500989,0.531585855912686,0.999999633298094,0.999999633298094,"sev/GluRIID/Ddr",3,"male","down"
"CC","GO:0043292","contractile fiber","3/365","55/7088",0.0545454545454545,1.05922789539228,0.102738549449137,0.544139334798162,0.999999633298094,0.999999633298094,"Arc1/CG4928/Mlp60A",3,"male","down"
"CC","GO:0000407","phagophore assembly site","1/365","15/7088",0.0666666666666667,1.29461187214612,0.266127734768832,0.547892969281969,0.999999633298094,0.999999633298094,"Atg1",1,"male","down"
"CC","GO:0043230","extracellular organelle","1/365","15/7088",0.0666666666666667,1.29461187214612,0.266127734768832,0.547892969281969,0.999999633298094,0.999999633298094,"Arc1",1,"male","down"
"CC","GO:0065010","extracellular membrane-bounded organelle","1/365","15/7088",0.0666666666666667,1.29461187214612,0.266127734768832,0.547892969281969,0.999999633298094,0.999999633298094,"Arc1",1,"male","down"
"CC","GO:1903561","extracellular vesicle","1/365","15/7088",0.0666666666666667,1.29461187214612,0.266127734768832,0.547892969281969,0.999999633298094,0.999999633298094,"Arc1",1,"male","down"
"CC","GO:0031253","cell projection membrane","3/365","57/7088",0.0526315789473684,1.02206200432588,0.0389645744308673,0.568650649442829,0.999999633298094,0.999999633298094,"Or59c/Or59b/Or85d",3,"male","down"
"CC","GO:0045178","basal part of cell","3/365","57/7088",0.0526315789473684,1.02206200432588,0.0389645744308673,0.568650649442829,0.999999633298094,0.999999633298094,"Oatp58Db/ZnT77C/Lkr",3,"male","down"
"CC","GO:0030687","preribosome, large subunit precursor","1/365","16/7088",0.0625,1.21369863013699,0.199382343609572,0.571223814215107,0.999999633298094,0.999999633298094,"CG32409",1,"male","down"
"CC","GO:0031514","motile cilium","2/365","37/7088",0.0540540540540541,1.0496853017401,0.070599159275662,0.575201870761147,0.999999633298094,0.999999633298094,"Sdb/Rae1",2,"male","down"
"CC","GO:0000502","proteasome complex","2/365","38/7088",0.0526315789473684,1.02206200432588,0.0317715423523117,0.589869114713426,0.999999633298094,0.999999633298094,"Rpn12/Prosalpha4",2,"male","down"
"CC","GO:1902554","serine/threonine protein kinase complex","2/365","38/7088",0.0526315789473684,1.02206200432588,0.0317715423523117,0.589869114713426,0.999999633298094,0.999999633298094,"Pka-R2/Atg1",2,"male","down"
"CC","GO:0005838","proteasome regulatory particle","1/365","17/7088",0.0588235294117647,1.1423045930701,0.13686709604798,0.593353806835509,0.999999633298094,0.999999633298094,"Rpn12",1,"male","down"
"CC","GO:0005925","focal adhesion","1/365","17/7088",0.0588235294117647,1.1423045930701,0.13686709604798,0.593353806835509,0.999999633298094,0.999999633298094,"Pax",1,"male","down"
"CC","GO:0022624","proteasome accessory complex","1/365","17/7088",0.0588235294117647,1.1423045930701,0.13686709604798,0.593353806835509,0.999999633298094,0.999999633298094,"Rpn12",1,"male","down"
"CC","GO:0005746","mitochondrial respirasome","3/365","60/7088",0.05,0.970958904109589,-0.0526342989187747,0.603860027995611,0.999999633298094,0.999999633298094,"ND4L/ND2/ND6",3,"male","down"
"CC","GO:0070469","respirasome","3/365","60/7088",0.05,0.970958904109589,-0.0526342989187747,0.603860027995611,0.999999633298094,0.999999633298094,"ND4L/ND2/ND6",3,"male","down"
"CC","GO:0098803","respiratory chain complex","3/365","60/7088",0.05,0.970958904109589,-0.0526342989187747,0.603860027995611,0.999999633298094,0.999999633298094,"ND4L/ND2/ND6",3,"male","down"
"CC","GO:0005839","proteasome core complex","1/365","18/7088",0.0555555555555556,1.07884322678843,0.0780345677054854,0.614344594631442,0.999999633298094,0.999999633298094,"Prosalpha4",1,"male","down"
"CC","GO:0098839","postsynaptic density membrane","1/365","18/7088",0.0555555555555556,1.07884322678843,0.0780345677054854,0.614344594631442,0.999999633298094,0.999999633298094,"GluRIID",1,"male","down"
"CC","GO:0099634","postsynaptic specialization membrane","1/365","18/7088",0.0555555555555556,1.07884322678843,0.0780345677054854,0.614344594631442,0.999999633298094,0.999999633298094,"GluRIID",1,"male","down"
"CC","GO:1902911","protein kinase complex","2/365","40/7088",0.05,0.970958904109589,-0.0429147060143015,0.618066042436425,0.999999633298094,0.999999633298094,"Pka-R2/Atg1",2,"male","down"
"CC","GO:0005753","mitochondrial proton-transporting ATP synthase complex","1/365","19/7088",0.0526315789473684,1.02206200432588,0.0224356609371468,0.634254668600257,0.999999633298094,0.999999633298094,"ATP8",1,"male","down"
"CC","GO:0045259","proton-transporting ATP synthase complex","1/365","19/7088",0.0526315789473684,1.02206200432588,0.0224356609371468,0.634254668600257,0.999999633298094,0.999999633298094,"ATP8",1,"male","down"
"CC","GO:0030684","preribosome","3/365","63/7088",0.0476190476190476,0.924722765818656,-0.139832092737758,0.637122562287381,0.999999633298094,0.999999633298094,"CG5645/CG11123/CG32409",3,"male","down"
"CC","GO:0016469","proton-transporting two-sector ATPase complex","2/365","42/7088",0.0476190476190476,0.924722765818656,-0.114002158090903,0.644751492235027,0.999999633298094,0.999999633298094,"Vha16-1/ATP8",2,"male","down"
"CC","GO:0031984","organelle subcompartment","11/365","231/7088",0.0476190476190476,0.924722765818656,-0.271018328318651,0.650426005594115,0.999999633298094,0.999999633298094,"sau/CG15531/CG10029/CG8630/Baldspot/Mgat1/Fatp1/Rab9/CG11162/Rdh1/Papst2",11,"male","down"
"CC","GO:0016471","vacuolar proton-transporting V-type ATPase complex","1/365","20/7088",0.05,0.970958904109589,-0.0303023158878479,0.65313952444421,0.999999633298094,0.999999633298094,"Vha16-1",1,"male","down"
"CC","GO:0030496","midbody","1/365","20/7088",0.05,0.970958904109589,-0.0303023158878479,0.65313952444421,0.999999633298094,0.999999633298094,"Map205",1,"male","down"
"CC","GO:1905369","endopeptidase complex","2/365","43/7088",0.0465116279069767,0.903217585218222,-0.148315409734123,0.657532751892878,0.999999633298094,0.999999633298094,"Rpn12/Prosalpha4",2,"male","down"
"CC","GO:0048786","presynaptic active zone","1/365","21/7088",0.0476190476190476,0.924722765818656,-0.0804918387793814,0.671051815555962,0.999999633298094,0.999999633298094,"S6k",1,"male","down"
"CC","GO:1902555","endoribonuclease complex","1/365","21/7088",0.0476190476190476,0.924722765818656,-0.0804918387793814,0.671051815555962,0.999999633298094,0.999999633298094,"CG14805",1,"male","down"
"CC","GO:0005789","endoplasmic reticulum membrane","7/365","152/7088",0.0460526315789474,0.894304253785148,-0.306916936022252,0.673758005148446,0.999999633298094,0.999999633298094,"CG15531/CG10029/CG8630/Baldspot/Fatp1/CG11162/Rdh1",7,"male","down"
"CC","GO:0014069","postsynaptic density","1/365","22/7088",0.0454545454545455,0.882689912826899,-0.128397324562634,0.688041498210848,0.999999633298094,0.999999633298094,"GluRIID",1,"male","down"
"CC","GO:0032279","asymmetric synapse","1/365","22/7088",0.0454545454545455,0.882689912826899,-0.128397324562634,0.688041498210848,0.999999633298094,0.999999633298094,"GluRIID",1,"male","down"
"CC","GO:0098984","neuron to neuron synapse","1/365","22/7088",0.0454545454545455,0.882689912826899,-0.128397324562634,0.688041498210848,0.999999633298094,0.999999633298094,"GluRIID",1,"male","down"
"CC","GO:0098552","side of membrane","3/365","68/7088",0.0441176470588235,0.856728444802579,-0.276593499054395,0.688117018427507,0.999999633298094,0.999999633298094,"lectin-29Ca/lectin-21Ca/lectin-24Db",3,"male","down"
"CC","GO:0042175","nuclear outer membrane-endoplasmic reticulum membrane network","7/365","156/7088",0.0448717948717949,0.871373375482964,-0.37849486160816,0.69992426154263,0.999999633298094,0.999999633298094,"CG15531/CG10029/CG8630/Baldspot/Fatp1/CG11162/Rdh1",7,"male","down"
"CC","GO:0030426","growth cone","1/365","23/7088",0.0434782608695652,0.844312090530077,-0.174244394262266,0.704155969361858,0.999999633298094,0.999999633298094,"CLIP-190",1,"male","down"
"CC","GO:0032154","cleavage furrow","1/365","23/7088",0.0434782608695652,0.844312090530077,-0.174244394262266,0.704155969361858,0.999999633298094,0.999999633298094,"sau",1,"male","down"
"CC","GO:0033176","proton-transporting V-type ATPase complex","1/365","23/7088",0.0434782608695652,0.844312090530077,-0.174244394262266,0.704155969361858,0.999999633298094,0.999999633298094,"Vha16-1",1,"male","down"
"CC","GO:1905348","endonuclease complex","1/365","23/7088",0.0434782608695652,0.844312090530077,-0.174244394262266,0.704155969361858,0.999999633298094,0.999999633298094,"CG14805",1,"male","down"
"CC","GO:0008021","synaptic vesicle","2/365","48/7088",0.0416666666666667,0.809132420091324,-0.30914522939833,0.715979990937429,0.999999633298094,0.999999633298094,"Rab9/unc-13-4A",2,"male","down"
"CC","GO:0031252","cell leading edge","3/365","71/7088",0.0422535211267606,0.820528651360216,-0.35411527065131,0.716042140042536,0.999999633298094,0.999999633298094,"Or59c/Or59b/Or85d",3,"male","down"
"CC","GO:0098827","endoplasmic reticulum subcompartment","7/365","159/7088",0.0440251572327044,0.85493236839838,-0.431052229016791,0.718628454600201,0.999999633298094,0.999999633298094,"CG15531/CG10029/CG8630/Baldspot/Fatp1/CG11162/Rdh1",7,"male","down"
"CC","GO:0030139","endocytic vesicle","1/365","24/7088",0.0416666666666667,0.809132420091324,-0.218227026680014,0.719440197413227,0.999999633298094,0.999999633298094,"Rab9",1,"male","down"
"CC","GO:0030427","site of polarized growth","1/365","24/7088",0.0416666666666667,0.809132420091324,-0.218227026680014,0.719440197413227,0.999999633298094,0.999999633298094,"CLIP-190",1,"male","down"
"CC","GO:0005773","vacuole","5/365","116/7088",0.0431034482758621,0.837033538025508,-0.412329716505239,0.720602359996713,0.999999633298094,0.999999633298094,"Vha16-1/CtsK1/Rab9/Atg1/TP53INP",5,"male","down"
"CC","GO:0005769","early endosome","2/365","49/7088",0.0408163265306122,0.792619513558848,-0.339395859070886,0.72661329388872,0.999999633298094,0.999999633298094,"Rab9/ed",2,"male","down"
"CC","GO:0030017","sarcomere","2/365","49/7088",0.0408163265306122,0.792619513558848,-0.339395859070886,0.72661329388872,0.999999633298094,0.999999633298094,"Arc1/Mlp60A",2,"male","down"
"CC","GO:0031012","extracellular matrix","7/365","162/7088",0.0432098765432099,0.839100287502114,-0.482689247779303,0.73653223504244,0.999999633298094,0.999999633298094,"Muc30E/CG34462/prc/Ccp84Ag/Cpr67B/Mur82C/Ccp84Ae",7,"male","down"
"CC","GO:0005876","spindle microtubule","1/365","26/7088",0.0384615384615385,0.746891464699684,-0.30124906038514,0.747686393418467,0.999999633298094,0.999999633298094,"CLIP-190",1,"male","down"
"CC","GO:0005881","cytoplasmic microtubule","1/365","26/7088",0.0384615384615385,0.746891464699684,-0.30124906038514,0.747686393418467,0.999999633298094,0.999999633298094,"Sdb",1,"male","down"
"CC","GO:0016607","nuclear speck","1/365","26/7088",0.0384615384615385,0.746891464699684,-0.30124906038514,0.747686393418467,0.999999633298094,0.999999633298094,"sqd",1,"male","down"
"CC","GO:0030055","cell-substrate junction","1/365","26/7088",0.0384615384615385,0.746891464699684,-0.30124906038514,0.747686393418467,0.999999633298094,0.999999633298094,"Pax",1,"male","down"
"CC","GO:0030016","myofibril","2/365","52/7088",0.0384615384615385,0.746891464699684,-0.426816932308906,0.756510028024164,0.999999633298094,0.999999633298094,"Arc1/Mlp60A",2,"male","down"
"CC","GO:0070382","exocytic vesicle","2/365","52/7088",0.0384615384615385,0.746891464699684,-0.426816932308906,0.756510028024164,0.999999633298094,0.999999633298094,"Rab9/unc-13-4A",2,"male","down"
"CC","GO:0062129","chitin-based extracellular matrix","4/365","100/7088",0.04,0.776767123287671,-0.52381484313801,0.764816652547314,0.999999633298094,0.999999633298094,"CG34462/Ccp84Ag/Cpr67B/Ccp84Ae",4,"male","down"
"CC","GO:0000776","kinetochore","1/365","28/7088",0.0357142857142857,0.693542074363992,-0.378567751606769,0.7730958230388,0.999999633298094,0.999999633298094,"CLIP-190",1,"male","down"
"CC","GO:0005703","polytene chromosome puff","1/365","28/7088",0.0357142857142857,0.693542074363992,-0.378567751606769,0.7730958230388,0.999999633298094,0.999999633298094,"sqd",1,"male","down"
"CC","GO:0098802","plasma membrane signaling receptor complex","1/365","28/7088",0.0357142857142857,0.693542074363992,-0.378567751606769,0.7730958230388,0.999999633298094,0.999999633298094,"GluRIID",1,"male","down"
"CC","GO:0000775","chromosome, centromeric region","2/365","54/7088",0.037037037037037,0.719228817858955,-0.482552223863883,0.774839769081928,0.999999633298094,0.999999633298094,"Cap-G/CLIP-190",2,"male","down"
"CC","GO:0005814","centriole","1/365","29/7088",0.0344827586206897,0.669626830420406,-0.415363443206715,0.784826704708891,0.999999633298094,0.999999633298094,"Sdb",1,"male","down"
"CC","GO:0062023","collagen-containing extracellular matrix","1/365","29/7088",0.0344827586206897,0.669626830420406,-0.415363443206715,0.784826704708891,0.999999633298094,0.999999633298094,"prc",1,"male","down"
"CC","GO:0099572","postsynaptic specialization","1/365","29/7088",0.0344827586206897,0.669626830420406,-0.415363443206715,0.784826704708891,0.999999633298094,0.999999633298094,"GluRIID",1,"male","down"
"CC","GO:0099081","supramolecular polymer","6/365","149/7088",0.0402684563758389,0.781980325457387,-0.626666487591166,0.787087671698649,0.999999633298094,0.999999633298094,"Arc1/CG4928/Sdb/prc/CLIP-190/Mlp60A",6,"male","down"
"CC","GO:0015629","actin cytoskeleton","3/365","81/7088",0.037037037037037,0.719228817858955,-0.592140920117041,0.795224174901845,0.999999633298094,0.999999633298094,"Mp20/tsr/Mlp60A",3,"male","down"
"CC","GO:1904949","ATPase complex","3/365","81/7088",0.037037037037037,0.719228817858955,-0.592140920117041,0.795224174901845,0.999999633298094,0.999999633298094,"Vha16-1/Bap170/ATP8",3,"male","down"
"CC","GO:0030312","external encapsulating structure","7/365","173/7088",0.0404624277456647,0.785747090030881,-0.664736890955743,0.795315357906072,0.999999633298094,0.999999633298094,"Muc30E/CG34462/prc/Ccp84Ag/Cpr67B/Mur82C/Ccp84Ae",7,"male","down"
"CC","GO:0055037","recycling endosome","1/365","30/7088",0.0333333333333333,0.647305936073059,-0.451038945936751,0.795952679036877,0.999999633298094,0.999999633298094,"Rab9",1,"male","down"
"CC","GO:0098800","inner mitochondrial membrane protein complex","4/365","106/7088",0.0377358490566038,0.732799172912897,-0.645798306007333,0.803127735264048,0.999999633298094,0.999999633298094,"ND4L/ND2/ATP8/ND6",4,"male","down"
"CC","GO:0032153","cell division site","1/365","31/7088",0.032258064516129,0.626425099425541,-0.48567368249201,0.806504857012443,0.999999633298094,0.999999633298094,"sau",1,"male","down"
"CC","GO:0036064","ciliary basal body","1/365","31/7088",0.032258064516129,0.626425099425541,-0.48567368249201,0.806504857012443,0.999999633298094,0.999999633298094,"Sdb",1,"male","down"
"CC","GO:0000793","condensed chromosome","2/365","59/7088",0.0338983050847458,0.658277223125145,-0.614114361763503,0.81547736700603,0.999999633298094,0.999999633298094,"Cap-G/CLIP-190",2,"male","down"
"CC","GO:0000779","condensed chromosome, centromeric region","1/365","32/7088",0.03125,0.606849315068493,-0.519338874834002,0.816512753737745,0.999999633298094,0.999999633298094,"CLIP-190",1,"male","down"
"CC","GO:0005643","nuclear pore","1/365","33/7088",0.0303030303030303,0.588459941884599,-0.552098628704214,0.826004370076424,0.999999633298094,0.999999633298094,"Rae1",1,"male","down"
"CC","GO:0030018","Z disc","1/365","33/7088",0.0303030303030303,0.588459941884599,-0.552098628704214,0.826004370076424,0.999999633298094,0.999999633298094,"Mlp60A",1,"male","down"
"CC","GO:0031674","I band","1/365","34/7088",0.0294117647058824,0.571152296535052,-0.58401084577777,0.835006270136255,0.999999633298094,0.999999633298094,"Mlp60A",1,"male","down"
"CC","GO:0070603","SWI/SNF superfamily-type complex","1/365","34/7088",0.0294117647058824,0.571152296535052,-0.58401084577777,0.835006270136255,0.999999633298094,0.999999633298094,"Bap170",1,"male","down"
"CC","GO:0098590","plasma membrane region","9/365","228/7088",0.0394736842105263,0.766546503244412,-0.834837294510345,0.838563729689101,0.999999633298094,0.999999633298094,"sau/Oatp58Db/Or59c/ZnT77C/GluRIID/Or59b/Lkr/Clic/Or85d",9,"male","down"
"CC","GO:1902495","transmembrane transporter complex","4/365","113/7088",0.0353982300884956,0.687404533882895,-0.78045143498895,0.841273346963063,0.999999633298094,0.999999633298094,"ND4L/ND2/GluRIID/ND6",4,"male","down"
"CC","GO:0099503","secretory vesicle","2/365","63/7088",0.0317460317460317,0.616481843879104,-0.712408564907155,0.843137440744592,0.999999633298094,0.999999633298094,"Rab9/unc-13-4A",2,"male","down"
"CC","GO:1905368","peptidase complex","2/365","63/7088",0.0317460317460317,0.616481843879104,-0.712408564907155,0.843137440744592,0.999999633298094,0.999999633298094,"Rpn12/Prosalpha4",2,"male","down"
"CC","GO:0005912","adherens junction","1/365","36/7088",0.0277777777777778,0.539421613394216,-0.645497769153347,0.851640431488095,0.999999633298094,0.999999633298094,"ed",1,"male","down"
"CC","GO:0030133","transport vesicle","2/365","66/7088",0.0303030303030303,0.588459941884599,-0.782617874622454,0.861358651608033,0.999999633298094,0.999999633298094,"Rab9/unc-13-4A",2,"male","down"
"CC","GO:0000323","lytic vacuole","2/365","67/7088",0.0298507462686567,0.579676957677367,-0.805410350868349,0.866989233245832,0.999999633298094,0.999999633298094,"CtsK1/Rab9",2,"male","down"
"CC","GO:0005764","lysosome","2/365","67/7088",0.0298507462686567,0.579676957677367,-0.805410350868349,0.866989233245832,0.999999633298094,0.999999633298094,"CtsK1/Rab9",2,"male","down"
"CC","GO:0030425","dendrite","3/365","94/7088",0.0319148936170213,0.619761002623142,-0.864676910055136,0.869838657111673,0.999999633298094,0.999999633298094,"Or59c/Or59b/Or85d",3,"male","down"
"CC","GO:0097447","dendritic tree","3/365","94/7088",0.0319148936170213,0.619761002623142,-0.864676910055136,0.869838657111673,0.999999633298094,0.999999633298094,"Or59c/Or59b/Or85d",3,"male","down"
"CC","GO:0005740","mitochondrial envelope","8/365","215/7088",0.0372093023255814,0.722574068174578,-0.962474438766053,0.871929014199557,0.999999633298094,0.999999633298094,"Baldspot/ND4L/Debcl/ND2/CG1907/Buffy/ATP8/ND6",8,"male","down"
"CC","GO:0098794","postsynapse","2/365","68/7088",0.0294117647058824,0.571152296535052,-0.827913724391163,0.872409603391841,0.999999633298094,0.999999633298094,"Arc1/GluRIID",2,"male","down"
"CC","GO:1990351","transporter complex","4/365","121/7088",0.0330578512396694,0.641956300237745,-0.925554313226408,0.877087901767723,0.999999633298094,0.999999633298094,"ND4L/ND2/GluRIID/ND6",4,"male","down"
"CC","GO:0005875","microtubule associated complex","2/365","69/7088",0.0289855072463768,0.562874727020052,-0.850137030435454,0.877626407142777,0.999999633298094,0.999999633298094,"Map205/CLIP-190",2,"male","down"
"CC","GO:0000792","heterochromatin","1/365","40/7088",0.025,0.485479452054795,-0.760319036743944,0.880057950932394,0.999999633298094,0.999999633298094,"Cap-G",1,"male","down"
"CC","GO:0099512","supramolecular fiber","5/365","147/7088",0.0340136054421769,0.66051626129904,-0.969086881386455,0.88209546947106,0.999999633298094,0.999999633298094,"Arc1/CG4928/Sdb/CLIP-190/Mlp60A",5,"male","down"
"CC","GO:0031966","mitochondrial membrane","7/365","199/7088",0.0351758793969849,0.683086666207751,-1.05653782759507,0.894377565124056,0.999999633298094,0.999999633298094,"Baldspot/ND4L/Debcl/ND2/Buffy/ATP8/ND6",7,"male","down"
"CC","GO:0005930","axoneme","1/365","43/7088",0.0232558139534884,0.451608792609111,-0.840388895050426,0.897746528217569,0.999999633298094,0.999999633298094,"Sdb",1,"male","down"
"CC","GO:0031594","neuromuscular junction","2/365","74/7088",0.027027027027027,0.524842650870048,-0.95734070025211,0.900880524970902,0.999999633298094,0.999999633298094,"Arc1/GluRIID",2,"male","down"
"CC","GO:0005819","spindle","2/365","75/7088",0.0266666666666667,0.517844748858448,-0.978051461189675,0.905008196101245,0.999999633298094,0.999999633298094,"Map205/CLIP-190",2,"male","down"
"CC","GO:0097014","ciliary plasm","1/365","45/7088",0.0222222222222222,0.431537290715373,-0.891303242065875,0.908068229628045,0.999999633298094,0.999999633298094,"Sdb",1,"male","down"
"CC","GO:0070161","anchoring junction","3/365","104/7088",0.0288461538461538,0.560168598524763,-1.05280243219935,0.909791761702961,0.999999633298094,0.999999633298094,"Pax/Mec2/ed",3,"male","down"
"CC","GO:0098588","bounding membrane of organelle","8/365","229/7088",0.0349344978165939,0.678399234312377,-1.15265810075488,0.910574824583119,0.999999633298094,0.999999633298094,"sau/Vha16-1/Baldspot/st/Debcl/CG13893/Buffy/Papst2",8,"male","down"
"CC","GO:0005730","nucleolus","6/365","181/7088",0.0331491712707182,0.643729660183153,-1.13128055005849,0.911169526147318,0.999999633298094,0.999999633298094,"CG8545/l(1)G0004/CG5645/CG11123/CG32409/CG9143",6,"male","down"
"CC","GO:0045211","postsynaptic membrane","1/365","46/7088",0.0217391304347826,0.422156045265039,-0.916088798037496,0.912832548268648,0.999999633298094,0.999999633298094,"GluRIID",1,"male","down"
"CC","GO:0005874","microtubule","2/365","78/7088",0.0256410256410256,0.497927643133123,-1.03884486154014,0.916448718634434,0.999999633298094,0.999999633298094,"Sdb/CLIP-190",2,"male","down"
"CC","GO:0098687","chromosomal region","3/365","107/7088",0.0280373831775701,0.544462936883882,-1.10624897257962,0.919404606987933,0.999999633298094,0.999999633298094,"sqd/Cap-G/CLIP-190",3,"male","down"
"CC","GO:0005794","Golgi apparatus","9/365","257/7088",0.0350194552529183,0.680049037897767,-1.21731768779972,0.920032733843777,0.999999633298094,0.999999633298094,"sau/CG7579/CG7304/Mgat1/CLIP-190/Rab9/CG8314/CG13893/Papst2",9,"male","down"
"CC","GO:0019898","extrinsic component of membrane","1/365","49/7088",0.0204081632653061,0.396309756779424,-0.98799058786421,0.925698034882215,0.999999633298094,0.999999633298094,"ImpE3",1,"male","down"
"CC","GO:0005911","cell-cell junction","2/365","81/7088",0.0246913580246914,0.479485878572637,-1.09775408019289,0.926587606149691,0.999999633298094,0.999999633298094,"Mec2/ed",2,"male","down"
"CC","GO:0005774","vacuolar membrane","1/365","51/7088",0.0196078431372549,0.380768197690035,-1.03404790276093,0.93320447010783,0.999999633298094,0.999999633298094,"Vha16-1",1,"male","down"
"CC","GO:0048471","perinuclear region of cytoplasm","1/365","51/7088",0.0196078431372549,0.380768197690035,-1.03404790276093,0.93320447010783,0.999999633298094,0.999999633298094,"CRIF",1,"male","down"
"CC","GO:0016604","nuclear body","1/365","52/7088",0.0192307692307692,0.373445732349842,-1.05655848439166,0.936669067011431,0.999999633298094,0.999999633298094,"sqd",1,"male","down"
"CC","GO:0034702","monoatomic ion channel complex","1/365","54/7088",0.0185185185185185,0.359614408929477,-1.10060971622876,0.943069797565446,0.999999633298094,0.999999633298094,"GluRIID",1,"male","down"
"CC","GO:0032838","plasma membrane bounded cell projection cytoplasm","1/365","55/7088",0.0181818181818182,0.35307596513076,-1.12217455146841,0.946023952226892,0.999999633298094,0.999999633298094,"Sdb",1,"male","down"
"CC","GO:0005743","mitochondrial inner membrane","4/365","152/7088",0.0263157894736842,0.511031002162942,-1.41985720334442,0.95791762613119,0.999999633298094,0.999999633298094,"ND4L/ND2/ATP8/ND6",4,"male","down"
"CC","GO:0005770","late endosome","1/365","60/7088",0.0166666666666667,0.32365296803653,-1.22581640815234,0.958653178084402,0.999999633298094,0.999999633298094,"Rab9",1,"male","down"
"CC","GO:0098793","presynapse","3/365","125/7088",0.024,0.466060273972603,-1.40328258707247,0.959922224356462,0.999999633298094,0.999999633298094,"S6k/Rab9/unc-13-4A",3,"male","down"
"CC","GO:0016324","apical plasma membrane","1/365","62/7088",0.0161290322580645,0.313212549712771,-1.2654943650069,0.962836648862676,0.999999633298094,0.999999633298094,"Clic",1,"male","down"
"CC","GO:0097060","synaptic membrane","1/365","62/7088",0.0161290322580645,0.313212549712771,-1.2654943650069,0.962836648862676,0.999999633298094,0.999999633298094,"GluRIID",1,"male","down"
"CC","GO:0019866","organelle inner membrane","4/365","157/7088",0.0254777070063694,0.494756129482593,-1.49158848936562,0.964960202451866,0.999999633298094,0.999999633298094,"ND4L/ND2/ATP8/ND6",4,"male","down"
"CC","GO:0099513","polymeric cytoskeletal fiber","2/365","99/7088",0.0202020202020202,0.392306627923066,-1.41870032982465,0.966851760317029,0.999999633298094,0.999999633298094,"Sdb/CLIP-190",2,"male","down"
"CC","GO:0031967","organelle envelope","9/365","300/7088",0.03,0.582575342465753,-1.72132906929389,0.97569589357393,0.999999633298094,0.999999633298094,"Baldspot/Rae1/ND4L/Debcl/ND2/CG1907/Buffy/ATP8/ND6",9,"male","down"
"CC","GO:0031975","envelope","9/365","300/7088",0.03,0.582575342465753,-1.72132906929389,0.97569589357393,0.999999633298094,0.999999633298094,"Baldspot/Rae1/ND4L/Debcl/ND2/CG1907/Buffy/ATP8/ND6",9,"male","down"
"CC","GO:0098797","plasma membrane protein complex","2/365","112/7088",0.0178571428571429,0.346771037181996,-1.62355610308711,0.981643175789499,0.999999633298094,0.999999633298094,"Vha16-1/GluRIID",2,"male","down"
"CC","GO:0099080","supramolecular complex","6/365","233/7088",0.0257510729613734,0.500064671644424,-1.80794057484099,0.983240600297082,0.999999633298094,0.999999633298094,"Arc1/CG4928/Sdb/prc/CLIP-190/Mlp60A",6,"male","down"
"CC","GO:0036477","somatodendritic compartment","3/365","147/7088",0.0204081632653061,0.396309756779424,-1.72328812379844,0.983669817538942,0.999999633298094,0.999999633298094,"Or59c/Or59b/Or85d",3,"male","down"
"CC","GO:0150034","distal axon","1/365","79/7088",0.0126582278481013,0.245812380787238,-1.57058341597458,0.98501056101561,0.999999633298094,0.999999633298094,"CLIP-190",1,"male","down"
"CC","GO:0061695","transferase complex, transferring phosphorus-containing groups","2/365","118/7088",0.0169491525423729,0.329138611562573,-1.71219610309258,0.986080279673897,0.999999633298094,0.999999633298094,"Pka-R2/Atg1",2,"male","down"
"CC","GO:0005635","nuclear envelope","1/365","85/7088",0.0117647058823529,0.228460918614021,-1.66732945427938,0.989126341891201,0.999999633298094,0.999999633298094,"Rae1",1,"male","down"
"CC","GO:0030659","cytoplasmic vesicle membrane","1/365","85/7088",0.0117647058823529,0.228460918614021,-1.66732945427938,0.989126341891201,0.999999633298094,0.999999633298094,"st",1,"male","down"
"CC","GO:0012506","vesicle membrane","1/365","87/7088",0.0114942528735632,0.223208943473469,-1.6985561072825,0.990230361216915,0.999999633298094,0.999999633298094,"st",1,"male","down"
"CC","GO:0098798","mitochondrial protein-containing complex","4/365","192/7088",0.0208333333333333,0.404566210045662,-1.94886410867517,0.990874327350071,0.999999633298094,0.999999633298094,"ND4L/ND2/ATP8/ND6",4,"male","down"
"CC","GO:0005929","cilium","2/365","130/7088",0.0153846153846154,0.298756585879874,-1.88015802378709,0.992048043128422,0.999999633298094,0.999999633298094,"Sdb/Rae1",2,"male","down"
"CC","GO:0045202","synapse","5/365","229/7088",0.0218340611353712,0.423999521445235,-2.06445907000646,0.993081042027383,0.999999633298094,0.999999633298094,"Arc1/S6k/Rab9/GluRIID/unc-13-4A",5,"male","down"
"CC","GO:0071013","catalytic step 2 spliceosome","1/365","97/7088",0.0103092783505155,0.200197712187544,-1.84797014699354,0.994282741613708,0.999999633298094,0.999999633298094,"sqd",1,"male","down"
"CC","GO:0030054","cell junction","8/365","323/7088",0.0247678018575851,0.480970354976886,-2.22461887392567,0.994974841324964,0.999999633298094,0.999999633298094,"Arc1/S6k/Pax/Mec2/Rab9/ed/GluRIID/unc-13-4A",8,"male","down"
"CC","GO:0071011","precatalytic spliceosome","1/365","102/7088",0.00980392156862745,0.190384098845017,-1.9189378868284,0.995627656922575,0.999999633298094,0.999999633298094,"sqd",1,"male","down"
"CC","GO:0099568","cytoplasmic region","1/365","102/7088",0.00980392156862745,0.190384098845017,-1.9189378868284,0.995627656922575,0.999999633298094,0.999999633298094,"Sdb",1,"male","down"
"CC","GO:0000151","ubiquitin ligase complex","1/365","108/7088",0.00925925925925926,0.179807204464739,-2.00122633628722,0.99683165229006,0.999999633298094,0.999999633298094,"ari-1",1,"male","down"
"CC","GO:0005700","polytene chromosome","1/365","111/7088",0.00900900900900901,0.174947550290016,-2.04129033362792,0.997303218173236,0.999999633298094,0.999999633298094,"sqd",1,"male","down"
"CC","GO:0005759","mitochondrial matrix","1/365","114/7088",0.0087719298245614,0.170343667387647,-2.08068233275258,0.997704761249082,0.999999633298094,0.999999633298094,"CG6432",1,"male","down"
"CC","GO:0005938","cell cortex","1/365","119/7088",0.00840336134453781,0.163186370438586,-2.14492981745829,0.998245867058735,0.999999633298094,0.999999633298094,"ed",1,"male","down"
"CC","GO:0005654","nucleoplasm","6/365","295/7088",0.0203389830508475,0.394966333875087,-2.47318061963999,0.998277124126433,0.999999633298094,0.999999633298094,"S6k/sqd/tsr/glec/CG14805/Clic",6,"male","down"
"CC","GO:0045177","apical part of cell","1/365","120/7088",0.00833333333333333,0.161826484018265,-2.15757836791042,0.998337739425439,0.999999633298094,0.999999633298094,"Clic",1,"male","down"
"CC","GO:0032993","protein-DNA complex","4/365","249/7088",0.0160642570281124,0.311954667987017,-2.57523293180904,0.999150696160621,0.999999633298094,0.999999633298094,"Bap170/sqd/Cap-G/CG14805",4,"male","down"
"CC","GO:0005815","microtubule organizing center","1/365","133/7088",0.0075187969924812,0.14600885776084,-2.31647017221238,0.999174606473499,0.999999633298094,0.999999633298094,"Sdb",1,"male","down"
"CC","GO:0005681","spliceosomal complex","1/365","136/7088",0.00735294117647059,0.142788074133763,-2.35179179000682,0.999297873247314,0.999999633298094,0.999999633298094,"sqd",1,"male","down"
"CC","GO:0005768","endosome","2/365","182/7088",0.010989010989011,0.213397561342767,-2.50480423250624,0.999350101246683,0.999999633298094,0.999999633298094,"Rab9/ed",2,"male","down"
"CC","GO:0000785","chromatin","3/365","230/7088",0.0130434782608696,0.253293627159023,-2.68232333928132,0.999587232505971,0.999999633298094,0.999999633298094,"Bap170/sqd/Cap-G",3,"male","down"
"CC","GO:0030424","axon","1/365","150/7088",0.00666666666666667,0.129461187214612,-2.51080343173481,0.999670245528299,0.999999633298094,0.999999633298094,"CLIP-190",1,"male","down"
"CC","GO:0043005","neuron projection","4/365","271/7088",0.014760147601476,0.286629934792499,-2.78996639802406,0.999675689548568,0.999999633298094,0.999999633298094,"CLIP-190/Or59c/Or59b/Or85d",4,"male","down"
"CC","GO:0015630","microtubule cytoskeleton","3/365","247/7088",0.0121457489878543,0.235860462536742,-2.84811450475179,0.999813365869775,0.999999633298094,0.999999633298094,"Sdb/Map205/CLIP-190",3,"male","down"
"CC","GO:0031982","vesicle","5/365","325/7088",0.0153846153846154,0.298756585879874,-3.01534407135648,0.99986394984022,0.999999633298094,0.999999633298094,"Arc1/st/Rab9/ed/unc-13-4A",5,"male","down"
"CC","GO:0005856","cytoskeleton","6/365","358/7088",0.0167597765363128,0.325461085176399,-3.0516665956023,0.999863975271729,0.999999633298094,0.999999633298094,"Mp20/Sdb/tsr/Map205/CLIP-190/Mlp60A",6,"male","down"
"CC","GO:0098796","membrane protein complex","6/365","365/7088",0.0164383561643836,0.319219365734659,-3.1114882317309,0.999898570879048,0.999999633298094,0.999999633298094,"Vha16-1/ND4L/ND2/GluRIID/ATP8/ND6",6,"male","down"
"CC","GO:0031410","cytoplasmic vesicle","4/365","297/7088",0.0134680134680135,0.261537751948711,-3.02925442147046,0.999898803377476,0.999999633298094,0.999999633298094,"st/Rab9/ed/unc-13-4A",4,"male","down"
"CC","GO:0097708","intracellular vesicle","4/365","297/7088",0.0134680134680135,0.261537751948711,-3.02925442147046,0.999898803377476,0.999999633298094,0.999999633298094,"st/Rab9/ed/unc-13-4A",4,"male","down"
"CC","GO:1990234","transferase complex","5/365","334/7088",0.0149700598802395,0.290706258715446,-3.09396164770014,0.999907990009195,0.999999633298094,0.999999633298094,"Pka-R2/Uev1A/ari-1/CG7430/Atg1",5,"male","down"
"CC","GO:0140535","intracellular protein-containing complex","7/365","416/7088",0.0168269230769231,0.326765015806112,-3.29747426793461,0.999953556083501,0.999999633298094,0.999999633298094,"Rpn12/Prosalpha4/Pka-R2/Uev1A/eIF4EHP/ari-1/CG14805",7,"male","down"
"CC","GO:0120025","plasma membrane bounded cell projection","6/365","447/7088",0.0134228187919463,0.260660108485796,-3.76250645661336,0.999997162781098,0.999999633298094,0.999999633298094,"Sdb/Rae1/CLIP-190/Or59c/Or59b/Or85d",6,"male","down"
"CC","GO:0042995","cell projection","6/365","452/7088",0.0132743362831858,0.257776700206086,-3.7996772208851,0.999997735569403,0.999999633298094,0.999999633298094,"Sdb/Rae1/CLIP-190/Or59c/Or59b/Or85d",6,"male","down"
"CC","GO:0005694","chromosome","4/365","406/7088",0.00985221674876847,0.191321951548687,-3.91004295477689,0.99999940284081,0.999999633298094,0.999999633298094,"Bap170/sqd/Cap-G/CLIP-190",4,"male","down"
"CC","GO:1990904","ribonucleoprotein complex","4/365","416/7088",0.00961538461538462,0.186722866174921,-3.98339433399896,0.999999633298094,0.999999633298094,0.999999633298094,"sqd/CG5645/CG11123/CG32409",4,"male","down"
"MF","GO:0016491","oxidoreductase activity","77/403","414/7037",0.185990338164251,3.24767744332962,11.6180832772092,1.39449069651883e-21,5.06200122836334e-19,4.35961828280096e-19,"Cyp4g1/CG15531/FarO/AOX1/PH4alphaNE2/CG8630/ry/CG17560/PH4alphaSG1/Cyp304a1/CG32199/CG18233/Cyp4d20/Qsox3/Cat/CG6142/CG32201/CG15864/Cyp6a20/Qsox4/Qsox2/CG18234/Cyp4p3/Cyp6a9/CG7966/Cyp4s3/su(r)/Sod3/Ldsdh1/CG12171/Cyp12a4/Had2/CG31021/Cyp6a21/Sod1/Cyp301a1/CG10863/CG11828/Cyp6a2/Cyp309a2/GstE7/ND4L/FASN2/Sc2/Gpxl/Cyp318a1/PPO1/CG9519/Cyp9f2/PH4alphaNE3/CG13833/CG11162/Dhrs4/Rdh1/ND2/hgo/Cyp6d2/Cyp6d5/Cyp9h1/CG3397/Cyp28d1/CG18231/Loxl2/CG12539/CG9522/CG9436/RnrS/Cyp4c3/CG7430/ND6/Clic/CG42331/Cyp313a4/GILT3/Cyp309a1/RnrL/CG18814",77,"male","down"
"MF","GO:0005506","iron ion binding","36/403","118/7037",0.305084745762712,5.32724902216428,11.6831225348638,1.49787026570638e-17,2.71863453225709e-15,2.34140773113051e-15,"Cyp4g1/CG15531/AOX1/PH4alphaNE2/CG8630/ry/PH4alphaSG1/Cyp304a1/CG32199/CG18233/Cyp4d20/CG32201/CG15864/Cyp6a20/CG18234/Cyp4p3/Cyp6a9/Cyp4s3/Cyp12a4/Cyp6a21/Cyp301a1/CG11828/Cyp6a2/Cyp309a2/Cyp318a1/Cyp9f2/PH4alphaNE3/CG11162/Cyp6d2/Cyp6d5/Cyp9h1/Cyp28d1/CG18231/Cyp4c3/Cyp313a4/Cyp309a1",36,"male","down"
"MF","GO:0016705","oxidoreductase activity, acting on paired donors, with incorporation or reduction of molecular oxygen","36/403","120/7037",0.3,5.23846153846154,11.5416443231439,2.76063018942584e-17,3.34036252920527e-15,2.87686725003324e-15,"Cyp4g1/CG15531/PH4alphaNE2/CG8630/PH4alphaSG1/Cyp304a1/CG32199/CG18233/Cyp4d20/CG32201/CG15864/Cyp6a20/CG18234/Cyp4p3/Cyp6a9/Cyp4s3/Cyp12a4/CG31021/Cyp6a21/Cyp301a1/CG11828/Cyp6a2/Cyp309a2/Cyp318a1/PPO1/Cyp9f2/PH4alphaNE3/CG11162/Cyp6d2/Cyp6d5/Cyp9h1/Cyp28d1/CG18231/Cyp4c3/Cyp313a4/Cyp309a1",36,"male","down"
"MF","GO:0048029","monosaccharide binding","18/403","37/7037",0.486486486486487,8.49480249480249,11.2652216092991,1.95751816216768e-13,1.77644773216717e-11,1.52995498464158e-11,"lectin-46Ca/PH4alphaNE2/Acp29AB/lectin-46Cb/PH4alphaSG1/CG32199/CG18233/CG32201/CG15864/CG18234/lectin-30A/lectin-29Ca/Hex-C/CG11828/lectin-21Ca/PH4alphaNE3/CG18231/lectin-24Db",18,"male","down"
"MF","GO:0004497","monooxygenase activity","23/403","85/7037",0.270588235294118,4.72488687782805,8.51521021928469,1.87167522547322e-10,1.35883621369356e-08,1.17028956203273e-08,"Cyp4g1/Cyp304a1/Cyp4d20/Cyp6a20/Cyp4p3/Cyp6a9/Cyp4s3/Cyp12a4/Cyp6a21/Cyp301a1/Cyp6a2/Cyp309a2/Cyp318a1/PPO1/Cyp9f2/CG11162/Cyp6d2/Cyp6d5/Cyp9h1/Cyp28d1/Cyp4c3/Cyp313a4/Cyp309a1",23,"male","down"
"MF","GO:0004656","procollagen-proline 4-dioxygenase activity","11/403","18/7037",0.611111111111111,10.6709401709402,10.1250000203986,4.20705615996857e-10,2.18165912295513e-08,1.87894087144461e-08,"PH4alphaNE2/PH4alphaSG1/CG32199/CG18233/CG32201/CG15864/CG18234/CG31021/CG11828/PH4alphaNE3/CG18231",11,"male","down"
"MF","GO:0019798","procollagen-proline dioxygenase activity","11/403","18/7037",0.611111111111111,10.6709401709402,10.1250000203986,4.20705615996857e-10,2.18165912295513e-08,1.87894087144461e-08,"PH4alphaNE2/PH4alphaSG1/CG32199/CG18233/CG32201/CG15864/CG18234/CG31021/CG11828/PH4alphaNE3/CG18231",11,"male","down"
"MF","GO:0031545","peptidyl-proline 4-dioxygenase activity","11/403","19/7037",0.578947368421053,10.1093117408907,9.79903679116923,9.48165804158096e-10,4.30230233636736e-08,3.70533215572309e-08,"PH4alphaNE2/PH4alphaSG1/CG32199/CG18233/CG32201/CG15864/CG18234/CG31021/CG11828/PH4alphaNE3/CG18231",11,"male","down"
"MF","GO:0031543","peptidyl-proline dioxygenase activity","11/403","20/7037",0.55,9.60384615384615,9.49641314639454,1.99949528910745e-09,8.06463099940006e-08,6.94561521479431e-08,"PH4alphaNE2/PH4alphaSG1/CG32199/CG18233/CG32201/CG15864/CG18234/CG31021/CG11828/PH4alphaNE3/CG18231",11,"male","down"
"MF","GO:0020037","heme binding","23/403","101/7037",0.227722772277228,3.97638994668698,7.4254653950974,7.40483588325315e-09,2.68795542562089e-07,2.31498553402756e-07,"Cyp4g1/Cyp304a1/Cyp4d20/Cat/Cyp6a20/Cyp4p3/Cyp6a9/Cyp4s3/Cyp12a4/Cyp6a21/Cyp301a1/Cyp6a2/Cyp309a2/Cyp318a1/Cyp9f2/Cyp6d2/Cyp6d5/Cyp9h1/Cyp28d1/Cyp4c3/CG42331/Cyp313a4/Cyp309a1",23,"male","down"
"MF","GO:0046906","tetrapyrrole binding","23/403","102/7037",0.225490196078431,3.93740573152338,7.36492783853045,9.063435652645e-09,2.99093376537285e-07,2.57592381706753e-07,"Cyp4g1/Cyp304a1/Cyp4d20/Cat/Cyp6a20/Cyp4p3/Cyp6a9/Cyp4s3/Cyp12a4/Cyp6a21/Cyp301a1/Cyp6a2/Cyp309a2/Cyp318a1/Cyp9f2/Cyp6d2/Cyp6d5/Cyp9h1/Cyp28d1/Cyp4c3/CG42331/Cyp313a4/Cyp309a1",23,"male","down"
"MF","GO:0030246","carbohydrate binding","20/403","79/7037",0.253164556962025,4.42064264849075,7.53540752480449,1.0415637405571e-08,3.15073031518522e-07,2.71354763987244e-07,"lectin-46Ca/PH4alphaNE2/Acp29AB/lectin-46Cb/PH4alphaSG1/CG32199/CG18233/CG32201/CG15864/CG18234/lectin-30A/CG10467/lectin-29Ca/glec/Hex-C/CG11828/lectin-21Ca/PH4alphaNE3/CG18231/lectin-24Db",20,"male","down"
"MF","GO:0031418","L-ascorbic acid binding","10/403","19/7037",0.526315789473684,9.19028340080972,8.81042285712682,1.97222887694878e-08,5.50706986409545e-07,4.74293098343149e-07,"PH4alphaNE2/PH4alphaSG1/CG32199/CG18233/CG32201/CG15864/CG18234/CG11828/PH4alphaNE3/CG18231",10,"male","down"
"MF","GO:0051213","dioxygenase activity","12/403","36/7037",0.333333333333333,5.82051282051282,7.14647960549957,3.77024381187718e-07,9.32793094939725e-06,8.03362474110768e-06,"PH4alphaNE2/PH4alphaSG1/CG32199/CG18233/CG32201/CG15864/CG18234/CG31021/CG11828/PH4alphaNE3/hgo/CG18231",12,"male","down"
"MF","GO:0016706","2-oxoglutarate-dependent dioxygenase activity","11/403","30/7037",0.366666666666667,6.4025641025641,7.30839820154551,3.85451692123853e-07,9.32793094939725e-06,8.03362474110768e-06,"PH4alphaNE2/PH4alphaSG1/CG32199/CG18233/CG32201/CG15864/CG18234/CG31021/CG11828/PH4alphaNE3/CG18231",11,"male","down"
"MF","GO:0106389","ecdysteroid 22-kinase activity","12/403","39/7037",0.307692307692308,5.37278106508876,6.74886550060988,1.00649763967871e-06,2.28349152002107e-05,1.96664341437221e-05,"CG11878/CG10514/CG31288/CG10560/CG16898/CG31098/CG31380/CG31097/CG10513/CG10562/CG10553/CG9498",12,"male","down"
"MF","GO:0031406","carboxylic acid binding","10/403","32/7037",0.3125,5.45673076923077,6.2275184575478,7.01439009380809e-06,0.000141456866891797,0.000121828880576667,"PH4alphaNE2/PH4alphaSG1/CG32199/CG18233/CG32201/CG15864/CG18234/CG11828/PH4alphaNE3/CG18231",10,"male","down"
"MF","GO:0043177","organic acid binding","10/403","32/7037",0.3125,5.45673076923077,6.2275184575478,7.01439009380809e-06,0.000141456866891797,0.000121828880576667,"PH4alphaNE2/PH4alphaSG1/CG32199/CG18233/CG32201/CG15864/CG18234/CG11828/PH4alphaNE3/CG18231",10,"male","down"
"MF","GO:0046914","transition metal ion binding","50/403","476/7037",0.105042016806723,1.83419521654816,4.64530097282491,1.58697061370358e-05,0.000292968511155859,0.000252317378028969,"Cyp4g1/CG15531/AOX1/PH4alphaNE2/CG8630/ry/CG6071/PH4alphaSG1/PGRP-SC2/Cyp304a1/CG32199/CG18233/Cyp4d20/CG4017/CG32201/CG15864/Cyp6a20/CG9119/CG18234/Cyp4p3/Cyp6a9/Cyp4s3/Sod3/Cyp12a4/Cyp6a21/Sod1/Cyp301a1/CG11828/Cyp6a2/CG31198/Cyp309a2/CG18417/Cyp318a1/Cyp9f2/CG13559/CG34445/PH4alphaNE3/CG11162/ari-1/CG2111/Cyp6d2/Cyp6d5/Cyp9h1/Cyp28d1/CG18231/Loxl2/Cyp4c3/Cyp313a4/CG5071/Cyp309a1",50,"male","down"
"MF","GO:0015645","fatty acid ligase activity","8/403","22/7037",0.363636363636364,6.34965034965035,6.19370626627092,1.69485915544712e-05,0.000292968511155859,0.000252317378028969,"Acsf2/CG6432/Acsx3/Acsx1R/Fatp1/CG9993/Acsx4/CG5568",8,"male","down"
"MF","GO:0016405","CoA-ligase activity","8/403","22/7037",0.363636363636364,6.34965034965035,6.19370626627092,1.69485915544712e-05,0.000292968511155859,0.000252317378028969,"Acsf2/CG6432/Acsx3/Acsx1R/Fatp1/CG9993/Acsx4/CG5568",8,"male","down"
"MF","GO:0061134","peptidase regulator activity","13/403","60/7037",0.216666666666667,3.78333333333333,5.33622569020616,2.57090459067889e-05,0.000424199257462018,0.000365339073412264,"CG31515/CtsK1/Acp62F/Spn28F/Spn28Da/CG8066/Sfp24C1/CG10031/CG42467/nec/RnrS/CG16713/RnrL",13,"male","down"
"MF","GO:0019842","vitamin binding","12/403","52/7037",0.230769230769231,4.02958579881657,5.40417529569957,2.69015013636689e-05,0.000424575869348339,0.000365663428146895,"PH4alphaNE2/PH4alphaSG1/CG32199/CG18233/CG32201/CG15864/CG18234/CG11828/CG8745/FASN2/PH4alphaNE3/CG18231",12,"male","down"
"MF","GO:0016878","acid-thiol ligase activity","8/403","24/7037",0.333333333333333,5.82051282051282,5.83008180358919,3.52152765959053e-05,0.000532631058513068,0.000458725313551925,"Acsf2/CG6432/Acsx3/Acsx1R/Fatp1/CG9993/Acsx4/CG5568",8,"male","down"
"MF","GO:0061783","peptidoglycan muralytic activity","6/403","15/7037",0.4,6.98461538461538,5.71846103895808,0.000109259404604463,0.00158644655485681,0.00136631760705371,"LysD/LysP/PGRP-SC2/LysE/CG8492/CG30062",6,"male","down"
"MF","GO:0004867","serine-type endopeptidase inhibitor activity","9/403","36/7037",0.25,4.36538461538461,4.98923110756287,0.000142805553315499,0.00195188002520327,0.00168104499778272,"CG31515/Acp62F/Spn28F/Spn28Da/Sfp24C1/CG10031/CG42467/nec/CG16713",9,"male","down"
"MF","GO:0004866","endopeptidase inhibitor activity","10/403","44/7037",0.227272727272727,3.96853146853147,4.86814982776945,0.000145181158899417,0.00195188002520327,0.00168104499778272,"CG31515/Acp62F/Spn28F/Spn28Da/CG8066/Sfp24C1/CG10031/CG42467/nec/CG16713",10,"male","down"
"MF","GO:0016877","ligase activity, forming carbon-sulfur bonds","8/403","30/7037",0.266666666666667,4.65641025641026,4.9462628549615,0.000206773386604737,0.00268066926205427,0.00230871036923334,"Acsf2/CG6432/Acsx3/Acsx1R/Fatp1/CG9993/Acsx4/CG5568",8,"male","down"
"MF","GO:0030414","peptidase inhibitor activity","10/403","47/7037",0.212765957446809,3.7152209492635,4.60302381402002,0.00025963261896198,0.00314155468943995,0.00270564518707747,"CG31515/Acp62F/Spn28F/Spn28Da/CG8066/Sfp24C1/CG10031/CG42467/nec/CG16713",10,"male","down"
"MF","GO:0061135","endopeptidase regulator activity","10/403","47/7037",0.212765957446809,3.7152209492635,4.60302381402002,0.00025963261896198,0.00314155468943995,0.00270564518707747,"CG31515/Acp62F/Spn28F/Spn28Da/CG8066/Sfp24C1/CG10031/CG42467/nec/CG16713",10,"male","down"
"MF","GO:0051119","sugar transmembrane transporter activity","7/403","24/7037",0.291666666666667,5.09294871794872,4.95014259520172,0.000283306967538199,0.00331743320052794,0.00285711950284703,"CG33281/CG15406/sut1/CG15408/CG6484/CG33282/CG8249",7,"male","down"
"MF","GO:0003796","lysozyme activity","5/403","12/7037",0.416666666666667,7.27564102564103,5.36232654184866,0.000340275721488001,0.00384713882229208,0.00331332530149557,"LysD/LysP/LysE/CG8492/CG30062",5,"male","down"
"MF","GO:0004467","long-chain fatty acid-CoA ligase activity","6/403","18/7037",0.333333333333333,5.82051282051282,5.04684048741032,0.000349739892935643,0.00384713882229208,0.00331332530149557,"Acsx3/Acsx1R/Fatp1/CG9993/Acsx4/CG5568",6,"male","down"
"MF","GO:0009922","fatty acid elongase activity","6/403","19/7037",0.31578947368421,5.51417004048583,4.8559671209572,0.000486715012475147,0.00505455614794512,0.00435320625181876,"CG30008/CG9458/CG18609/CG8534/Baldspot/eloF",6,"male","down"
"MF","GO:0015144","carbohydrate transmembrane transporter activity","7/403","26/7037",0.269230769230769,4.70118343195266,4.65977561895627,0.000487353898562202,0.00505455614794512,0.00435320625181876,"CG33281/CG15406/sut1/CG15408/CG6484/CG33282/CG8249",7,"male","down"
"MF","GO:1901682","sulfur compound transmembrane transporter activity","6/403","20/7037",0.3,5.23846153846154,4.6781615052869,0.000662093967233828,0.00667611416960777,0.00574976339966219,"Dic1/CG5002/CG9702/CG1907/Papst2/CG14694",6,"male","down"
"MF","GO:0004857","enzyme inhibitor activity","12/403","72/7037",0.166666666666667,2.91025641025641,4.01536527082777,0.000707065274852028,0.0069368836424672,0.00597434954853634,"CG31515/Sfp33A3/Acp62F/Spn28F/Spn28Da/Pka-R2/CG8066/Sfp24C1/CG10031/CG42467/nec/CG16713",12,"male","down"
"MF","GO:0016614","oxidoreductase activity, acting on CH-OH group of donors","14/403","96/7037",0.145833333333333,2.54647435897436,3.76006214496804,0.00104363622123312,0.0099694723238848,0.00858614841291514,"CG6142/Ldsdh1/CG12171/Had2/CG10863/CG9519/CG13833/Dhrs4/Rdh1/CG3397/CG12539/CG9522/CG9436/CG18814",14,"male","down"
"MF","GO:0140678","molecular function inhibitor activity","12/403","78/7037",0.153846153846154,2.68639053254438,3.69113341865799,0.00146481214447538,0.0135160236630562,0.0116405945423451,"CG31515/Sfp33A3/Acp62F/Spn28F/Spn28Da/Pka-R2/CG8066/Sfp24C1/CG10031/CG42467/nec/CG16713",12,"male","down"
"MF","GO:0016860","intramolecular oxidoreductase activity","6/403","23/7037",0.260869565217391,4.55518394648829,4.20892142680955,0.00148936899868388,0.0135160236630562,0.0116405945423451,"CG10029/Qsox3/Qsox4/Qsox2/Gip/yellow-f2",6,"male","down"
"MF","GO:0004806","triglyceride lipase activity","5/403","20/7037",0.25,4.36538461538461,3.71451117706537,0.00455157028382504,0.0402980490982558,0.0347064537688327,"CG6472/CG11600/CG11608/CG17097/CG34448",5,"male","down"
"MF","GO:0015116","sulfate transmembrane transporter activity","4/403","13/7037",0.307692307692308,5.37278106508876,3.88924107131082,0.00500879906136047,0.0432903347446155,0.0372835418853148,"Dic1/CG5002/CG9702/CG1907",4,"male","down"
"MF","GO:0004252","serine-type endopeptidase activity","14/403","114/7037",0.12280701754386,2.14439946018893,3.03606181045979,0.00534007109046108,0.0450801350194738,0.0388249966674894,"Erasp/Sems/SPE/CG11037/psh/CG10232/CG17404/intr/CG6041/CG33462/CG6048/Ser7/CG18636/CG11668",14,"male","down"
"MF","GO:0016667","oxidoreductase activity, acting on a sulfur group of donors","6/403","31/7037",0.193548387096774,3.37965260545906,3.27255569399708,0.00736860518056379,0.0607909927396513,0.0523558789145322,"Qsox3/Qsox4/Qsox2/CG7966/CG7430/GILT3",6,"male","down"
"MF","GO:0017171","serine hydrolase activity","17/403","156/7037",0.108974358974359,1.90285996055227,2.810506659981,0.00768932556142573,0.0620272261955009,0.053420577584642,"Erasp/Sems/SPE/CG11037/psh/CG11608/CG10232/CG17404/FASN2/intr/CG6041/CG33462/CG6048/Ser7/CG18636/CG17097/CG11668",17,"male","down"
"MF","GO:0016209","antioxidant activity","7/403","43/7037",0.162790697674419,2.84257602862254,2.98692649686304,0.0103071976239442,0.0813372334237336,0.0700512058194835,"Cat/Sod3/Sod1/GstE7/Gpxl/Clic/CG42331",7,"male","down"
"MF","GO:0004553","hydrolase activity, hydrolyzing O-glycosyl compounds","8/403","54/7037",0.148148148148148,2.58689458689459,2.88503869534809,0.0110413243182033,0.0852766112235699,0.0734439713887205,"LysD/LysP/tobi/LysE/CG8492/Amy-d/CG30062/Mal-A2",8,"male","down"
"MF","GO:0008236","serine-type peptidase activity","14/403","125/7037",0.112,1.95569230769231,2.65704516716516,0.0118350991241622,0.0895029371264764,0.0770838692955299,"Erasp/Sems/SPE/CG11037/psh/CG10232/CG17404/intr/CG6041/CG33462/CG6048/Ser7/CG18636/CG11668",14,"male","down"
"MF","GO:0016616","oxidoreductase activity, acting on the CH-OH group of donors, NAD or NADP as acceptor","10/403","82/7037",0.121951219512195,2.12945590994371,2.53545172578693,0.0180460879415804,0.1336883657713,0.115138305448966,"Ldsdh1/CG12171/Had2/CG10863/CG13833/Dhrs4/Rdh1/CG3397/CG9436/CG18814",10,"male","down"
"MF","GO:0004175","endopeptidase activity","17/403","172/7037",0.0988372093023256,1.72584973166368,2.37529950450047,0.0191362391109882,0.138929095945775,0.119651852967653,"Erasp/Sems/CtsK1/Drice/SPE/CG11037/psh/CG10232/CG17404/intr/CG6041/CG33462/CG6048/Ser7/CG18636/Decay/CG11668",17,"male","down"
"MF","GO:0050660","flavin adenine dinucleotide binding","7/403","49/7037",0.142857142857143,2.49450549450549,2.58730014457315,0.0204987254017732,0.145902692565562,0.125657821348331,"AOX1/ry/CG6142/CG9519/CG12539/CG9522/CG7430",7,"male","down"
"MF","GO:0008106","alcohol dehydrogenase (NADP+) activity","3/403","11/7037",0.272727272727273,4.76223776223776,3.07762862667819,0.0217935775132448,0.152135935332844,0.131026164401492,"CG10863/Rdh1/CG9436",3,"male","down"
"MF","GO:0016747","acyltransferase activity, transferring groups other than amino-acyl groups","12/403","110/7037",0.109090909090909,1.9048951048951,2.35748909497257,0.0229303355697118,0.157051166260479,0.135259377640604,"CG30008/CG9458/CG18609/CG8534/Baldspot/CG12990/FASN2/AANATL3/CG5783/Nmt/CG8314/eloF",12,"male","down"
"MF","GO:0016853","isomerase activity","9/403","74/7037",0.121621621621622,2.12370062370062,2.39494745281552,0.0246199091664935,0.165500500508095,0.142536316227068,"CG10029/Qsox3/Qsox4/Qsox2/CG10467/Gip/Inos/yellow-f2/CG5071",9,"male","down"
"MF","GO:0016798","hydrolase activity, acting on glycosyl bonds","8/403","63/7037",0.126984126984127,2.21733821733822,2.39203904672132,0.0263462955661559,0.173885550736629,0.149757890586571,"LysD/LysP/tobi/LysE/CG8492/Amy-d/CG30062/Mal-A2",8,"male","down"
"MF","GO:0004033","aldo-keto reductase (NADP) activity","3/403","12/7037",0.25,4.36538461538461,2.87560922826409,0.0278481638354265,0.180515776290354,0.155468132690257,"CG10863/Rdh1/CG9436",3,"male","down"
"MF","GO:0016504","peptidase activator activity","3/403","13/7037",0.230769230769231,4.02958579881657,2.69457568134119,0.0346999732676462,0.220984040283431,0.190321183019223,"CtsK1/RnrS/RnrL",3,"male","down"
"MF","GO:0004601","peroxidase activity","5/403","33/7037",0.151515151515152,2.64568764568765,2.33538784213702,0.0379171771198146,0.232850352247916,0.200540973227871,"Cat/GstE7/Gpxl/Clic/CG42331",5,"male","down"
"MF","GO:0016684","oxidoreductase activity, acting on peroxide as acceptor","5/403","33/7037",0.151515151515152,2.64568764568765,2.33538784213702,0.0379171771198146,0.232850352247916,0.200540973227871,"Cat/GstE7/Gpxl/Clic/CG42331",5,"male","down"
"MF","GO:0008233","peptidase activity","22/403","259/7037",0.0849420849420849,1.48321948321948,1.95286059022378,0.040282918894868,0.232850352247916,0.200540973227871,"Erasp/Sems/CG4017/CtsK1/Drice/SPE/CG11037/psh/CG10232/CG31198/CG17404/CG18417/intr/CG6041/CG30049/CG33462/CG6048/Ser7/CG18636/Decay/CG11668/CG32147",22,"male","down"
"MF","GO:0005549","odorant binding","6/403","45/7037",0.133333333333333,2.32820512820513,2.20291837084899,0.0417320531751222,0.232850352247916,0.200540973227871,"Obp49a/Obp99d/Or59c/Obp56f/Or59b/Or85d",6,"male","down"
"MF","GO:0003954","NADH dehydrogenase activity","3/403","14/7037",0.214285714285714,3.74175824175824,2.53081002517873,0.0423364276814393,0.232850352247916,0.200540973227871,"ND4L/ND2/ND6",3,"male","down"
"MF","GO:0003955","NAD(P)H dehydrogenase (quinone) activity","3/403","14/7037",0.214285714285714,3.74175824175824,2.53081002517873,0.0423364276814393,0.232850352247916,0.200540973227871,"ND4L/ND2/ND6",3,"male","down"
"MF","GO:0008137","NADH dehydrogenase (ubiquinone) activity","3/403","14/7037",0.214285714285714,3.74175824175824,2.53081002517873,0.0423364276814393,0.232850352247916,0.200540973227871,"ND4L/ND2/ND6",3,"male","down"
"MF","GO:0016655","oxidoreductase activity, acting on NAD(P)H, quinone or similar compound as acceptor","3/403","14/7037",0.214285714285714,3.74175824175824,2.53081002517873,0.0423364276814393,0.232850352247916,0.200540973227871,"ND4L/ND2/ND6",3,"male","down"
"MF","GO:0050136","NADH dehydrogenase (quinone) activity","3/403","14/7037",0.214285714285714,3.74175824175824,2.53081002517873,0.0423364276814393,0.232850352247916,0.200540973227871,"ND4L/ND2/ND6",3,"male","down"
"MF","GO:0005507","copper ion binding","3/403","15/7037",0.2,3.49230769230769,2.38146706506738,0.0507381948055996,0.270852422271068,0.233270028750202,"Sod3/Sod1/Loxl2",3,"male","down"
"MF","GO:0015035","protein-disulfide reductase activity","3/403","15/7037",0.2,3.49230769230769,2.38146706506738,0.0507381948055996,0.270852422271068,0.233270028750202,"Qsox3/Qsox4/Qsox2",3,"male","down"
"MF","GO:0004197","cysteine-type endopeptidase activity","3/403","16/7037",0.1875,3.27403846153846,2.24432638635905,0.059880314390671,0.31502252353353,0.271311264287251,"CtsK1/Drice/Decay",3,"male","down"
"MF","GO:0015103","inorganic anion transmembrane transporter activity","5/403","41/7037",0.121951219512195,2.12945590994371,1.78757394144609,0.0829167653531373,0.429982654616984,0.370319989622282,"Dic1/CG5002/CG9702/CG1907/Clic",5,"male","down"
"MF","GO:0016298","lipase activity","5/403","42/7037",0.119047619047619,2.07875457875458,1.72814883432366,0.089934009572704,0.454670106809662,0.391581910171001,"CG6472/CG11600/CG11608/CG17097/CG34448",5,"male","down"
"MF","GO:0016829","lyase activity","8/403","81/7037",0.0987654320987654,1.72459639126306,1.6165405176193,0.0910341182684345,0.454670106809662,0.391581910171001,"Tina-1/Cyp4g1/CG10184/Irp-1B/Hacd1/CG8745/r-l/Gmd",8,"male","down"
"MF","GO:0005201","extracellular matrix structural constituent","3/403","19/7037",0.157894736842105,2.75708502024291,1.89012531882998,0.0914350352537337,0.454670106809662,0.391581910171001,"Muc30E/prc/Mur82C",3,"male","down"
"MF","GO:0004364","glutathione transferase activity","4/403","31/7037",0.129032258064516,2.2531017369727,1.72329575127062,0.0985235544660555,0.470579608831292,0.405283873634605,"GstE9/GstE7/GstE3/GstD5",4,"male","down"
"MF","GO:0051536","iron-sulfur cluster binding","4/403","31/7037",0.129032258064516,2.2531017369727,1.72329575127062,0.0985235544660555,0.470579608831292,0.405283873634605,"AOX1/ry/Irp-1B/su(r)",4,"male","down"
"MF","GO:0051540","metal cluster binding","4/403","31/7037",0.129032258064516,2.2531017369727,1.72329575127062,0.0985235544660555,0.470579608831292,0.405283873634605,"AOX1/ry/Irp-1B/su(r)",4,"male","down"
"MF","GO:0016830","carbon-carbon lyase activity","3/403","20/7037",0.15,2.61923076923077,1.78721052062231,0.103209189988097,0.486557609943884,0.419044831530618,"Cyp4g1/CG10184/r-l",3,"male","down"
"MF","GO:0016874","ligase activity","9/403","99/7037",0.0909090909090909,1.58741258741259,1.45067926307601,0.112732778594845,0.524641008076011,0.451843930400392,"Acsf2/CG6432/Acsx3/Acsx1R/Fatp1/CG9993/e/Acsx4/CG5568",9,"male","down"
"MF","GO:0016651","oxidoreductase activity, acting on NAD(P)H","3/403","21/7037",0.142857142857143,2.49450549450549,1.69040231227229,0.115545829874924,0.530925775248067,0.457256648539005,"ND4L/ND2/ND6",3,"male","down"
"MF","GO:0004714","transmembrane receptor protein tyrosine kinase activity","2/403","11/7037",0.181818181818182,3.17482517482518,1.77907528419501,0.127877177262991,0.573079201808219,0.493561035050141,"sev/Ddr",2,"male","down"
"MF","GO:0015556","C4-dicarboxylate transmembrane transporter activity","2/403","11/7037",0.181818181818182,3.17482517482518,1.77907528419501,0.127877177262991,0.573079201808219,0.493561035050141,"Dic1/CG1907",2,"male","down"
"MF","GO:0015036","disulfide oxidoreductase activity","3/403","23/7037",0.130434782608696,2.27759197324415,1.51251927097013,0.141740843934105,0.617028985302378,0.531412523226929,"Qsox3/Qsox4/Qsox2",3,"male","down"
"MF","GO:0000900","mRNA regulatory element binding translation repressor activity","2/403","12/7037",0.166666666666667,2.91025641025641,1.63225057147181,0.147882979948504,0.617028985302378,0.531412523226929,"Paip2/eIF4EHP",2,"male","down"
"MF","GO:0004181","metallocarboxypeptidase activity","2/403","12/7037",0.166666666666667,2.91025641025641,1.63225057147181,0.147882979948504,0.617028985302378,0.531412523226929,"CG4017/CG18417",2,"male","down"
"MF","GO:0008483","transaminase activity","2/403","12/7037",0.166666666666667,2.91025641025641,1.63225057147181,0.147882979948504,0.617028985302378,0.531412523226929,"Agxt/CG8745",2,"male","down"
"MF","GO:0031624","ubiquitin conjugating enzyme binding","2/403","12/7037",0.166666666666667,2.91025641025641,1.63225057147181,0.147882979948504,0.617028985302378,0.531412523226929,"Uev1A/ari-1",2,"male","down"
"MF","GO:0051537","2 iron, 2 sulfur cluster binding","2/403","12/7037",0.166666666666667,2.91025641025641,1.63225057147181,0.147882979948504,0.617028985302378,0.531412523226929,"AOX1/ry",2,"male","down"
"MF","GO:0016301","kinase activity","19/403","259/7037",0.0733590733590734,1.28096228096228,1.13546780476441,0.158322978433891,0.650106320211753,0.559900180086677,"CG11878/CG10514/CG31288/CG10560/S6k/CG16898/CG31098/CG31380/Takl1/sev/Hex-C/CG31097/CG10513/CG10562/CG10553/CG9498/fj/Atg1/Ddr",19,"male","down"
"MF","GO:0016835","carbon-oxygen lyase activity","4/403","37/7037",0.108108108108108,1.88773388773389,1.33432721974223,0.159392458674507,0.650106320211753,0.559900180086677,"Irp-1B/Hacd1/CG8745/Gmd",4,"male","down"
"MF","GO:0005044","scavenger receptor activity","2/403","13/7037",0.153846153846154,2.68639053254438,1.49991029137156,0.168461708435933,0.655271526832819,0.564348683396687,"ninaD/Snmp2",2,"male","down"
"MF","GO:0005310","dicarboxylic acid transmembrane transporter activity","2/403","13/7037",0.153846153846154,2.68639053254438,1.49991029137156,0.168461708435933,0.655271526832819,0.564348683396687,"Dic1/CG1907",2,"male","down"
"MF","GO:0005385","zinc ion transmembrane transporter activity","2/403","13/7037",0.153846153846154,2.68639053254438,1.49991029137156,0.168461708435933,0.655271526832819,0.564348683396687,"Zip48C/ZnT77C",2,"male","down"
"MF","GO:0016769","transferase activity, transferring nitrogenous groups","2/403","13/7037",0.153846153846154,2.68639053254438,1.49991029137156,0.168461708435933,0.655271526832819,0.564348683396687,"Agxt/CG8745",2,"male","down"
"MF","GO:0004984","olfactory receptor activity","3/403","25/7037",0.12,2.09538461538462,1.35220766214125,0.169684637802438,0.655271526832819,0.564348683396687,"Or59c/Or59b/Or85d",3,"male","down"
"MF","GO:0052689","carboxylic ester hydrolase activity","6/403","66/7037",0.0909090909090909,1.58741258741259,1.18166774161279,0.175175045011735,0.669353066729051,0.57647632541258,"CG6472/CG11600/CG11608/alpha-Est8/CG17097/CG34448",6,"male","down"
"MF","GO:0008235","metalloexopeptidase activity","4/403","39/7037",0.102564102564103,1.79092702169625,1.22070142794071,0.182177140127082,0.688857311105531,0.593274239229644,"CG4017/CG31198/CG18417/CG30049",4,"male","down"
"MF","GO:0015453","oxidoreduction-driven active transmembrane transporter activity","3/403","26/7037",0.115384615384615,2.01479289940828,1.27762033357474,0.184207649295787,0.689354398911038,0.593702353129124,"ND4L/ND2/ND6",3,"male","down"
"MF","GO:0004602","glutathione peroxidase activity","2/403","14/7037",0.142857142857143,2.49450549450549,1.3795196930834,0.189482588561682,0.694769491392832,0.598366069142152,"GstE7/Clic",2,"male","down"
"MF","GO:0019199","transmembrane receptor protein kinase activity","2/403","14/7037",0.142857142857143,2.49450549450549,1.3795196930834,0.189482588561682,0.694769491392832,0.598366069142152,"sev/Ddr",2,"male","down"
"MF","GO:0005179","hormone activity","3/403","27/7037",0.111111111111111,1.94017094017094,1.20630575954361,0.199043278744426,0.722527101842268,0.622272145127312,"SP/Acp33A/Mip",3,"male","down"
"MF","GO:0004180","carboxypeptidase activity","2/403","15/7037",0.133333333333333,2.32820512820513,1.26913574043714,0.210827879908771,0.747471081297067,0.643754998246278,"CG4017/CG18417",2,"male","down"
"MF","GO:0140103","catalytic activity, acting on a glycoprotein","2/403","15/7037",0.133333333333333,2.32820512820513,1.26913574043714,0.210827879908771,0.747471081297067,0.643754998246278,"CG2983/Mgat1",2,"male","down"
"MF","GO:0009055","electron transfer activity","3/403","28/7037",0.107142857142857,1.87087912087912,1.13798508265027,0.214151494366102,0.747471081297067,0.643754998246278,"ND4L/ND2/ND6",3,"male","down"
"MF","GO:0016903","oxidoreductase activity, acting on the aldehyde or oxo group of donors","3/403","28/7037",0.107142857142857,1.87087912087912,1.13798508265027,0.214151494366102,0.747471081297067,0.643754998246278,"FarO/AOX1/CG17560",3,"male","down"
"MF","GO:0016410","N-acyltransferase activity","3/403","29/7037",0.103448275862069,1.80636604774536,1.0724125572472,0.229493337914629,0.793391253933432,0.683303472287166,"AANATL3/CG5783/Nmt",3,"male","down"
"MF","GO:0044390","ubiquitin-like protein conjugating enzyme binding","2/403","16/7037",0.125,2.18269230769231,1.16723951594995,0.232391817839928,0.795832357319754,0.685405857978736,"Uev1A/ari-1",2,"male","down"
"MF","GO:0008028","monocarboxylic acid transmembrane transporter activity","2/403","17/7037",0.117647058823529,2.05429864253394,1.07262337451264,0.254079633494566,0.853989879245624,0.735493675905322,"Fatp1/CG13907",2,"male","down"
"MF","GO:0071949","FAD binding","2/403","17/7037",0.117647058823529,2.05429864253394,1.07262337451264,0.254079633494566,0.853989879245624,0.735493675905322,"AOX1/ry",2,"male","down"
"MF","GO:0016836","hydro-lyase activity","3/403","31/7037",0.0967741935483871,1.68982630272953,0.948665779907391,0.260728307602455,0.868297024400837,0.747815619101199,"Irp-1B/Hacd1/Gmd",3,"male","down"
"MF","GO:0008234","cysteine-type peptidase activity","4/403","46/7037",0.0869565217391304,1.51839464882943,0.86935564703255,0.268716833978858,0.886765552130232,0.763721528150439,"CtsK1/Drice/Decay/CG32147",4,"male","down"
"MF","GO:0030371","translation repressor activity","2/403","18/7037",0.111111111111111,1.94017094017094,0.984312861019744,0.275806646323152,0.901962275813551,0.776809615533202,"Paip2/eIF4EHP",2,"male","down"
"MF","GO:0016765","transferase activity, transferring alkyl or aryl (other than methyl) groups","4/403","49/7037",0.0816326530612245,1.425431711146,0.736510860482484,0.307872816061898,0.997718040234918,0.859278694939164,"GstE9/GstE7/GstE3/GstD5",4,"male","down"
"MF","GO:0008514","organic anion transmembrane transporter activity","7/403","96/7037",0.0729166666666667,1.27323717948718,0.664342586235287,0.310584403709492,0.997718040234918,0.859278694939164,"Oatp58Db/Dic1/Fatp1/CG13907/CG1907/GluRIID/Papst2",7,"male","down"
"MF","GO:0042802","identical protein binding","6/403","82/7037",0.0731707317073171,1.27767354596623,0.623333646871205,0.328856885768023,0.999999997212983,0.861244016738455,"Sod1/Debcl/Acp26Aa/grh/CG42259/Buffy",6,"male","down"
"MF","GO:0042803","protein homodimerization activity","5/403","67/7037",0.0746268656716418,1.30309988518944,0.614376349378659,0.338133520608258,0.999999997212983,0.861244016738455,"Sod1/Debcl/grh/CG42259/Buffy",5,"male","down"
"MF","GO:0016620","oxidoreductase activity, acting on the aldehyde or oxo group of donors, NAD or NADP as acceptor","2/403","21/7037",0.0952380952380952,1.66300366300366,0.749908868924717,0.340510182062377,0.999999997212983,0.861244016738455,"FarO/CG17560",2,"male","down"
"MF","GO:0046915","transition metal ion transmembrane transporter activity","2/403","21/7037",0.0952380952380952,1.66300366300366,0.749908868924717,0.340510182062377,0.999999997212983,0.861244016738455,"Zip48C/ZnT77C",2,"male","down"
"MF","GO:0008238","exopeptidase activity","4/403","53/7037",0.0754716981132075,1.31785195936139,0.572451130349475,0.360815184481936,0.999999997212983,0.861244016738455,"CG4017/CG31198/CG18417/CG30049",4,"male","down"
"MF","GO:0004713","protein tyrosine kinase activity","2/403","22/7037",0.0909090909090909,1.58741258741259,0.680093237080728,0.361720831858843,0.999999997212983,0.861244016738455,"sev/Ddr",2,"male","down"
"MF","GO:0016417","S-acyltransferase activity","2/403","22/7037",0.0909090909090909,1.58741258741259,0.680093237080728,0.361720831858843,0.999999997212983,0.861244016738455,"FASN2/CG8314",2,"male","down"
"MF","GO:0016627","oxidoreductase activity, acting on the CH-CH group of donors","2/403","24/7037",0.0833333333333333,1.4551282051282,0.550446553264405,0.403321864894846,0.999999997212983,0.861244016738455,"su(r)/Sc2",2,"male","down"
"MF","GO:0015291","secondary active transmembrane transporter activity","5/403","76/7037",0.0657894736842105,1.14878542510121,0.32140977019972,0.441969993320716,0.999999997212983,0.861244016738455,"Oatp58Db/Dic1/kumpel/CG1907/CG32669",5,"male","down"
"MF","GO:0000340","RNA 7-methylguanosine cap binding","1/403","10/7037",0.1,1.74615384615385,0.581930486782139,0.445744137164424,0.999999997212983,0.861244016738455,"eIF4EHP",1,"male","down"
"MF","GO:0015101","organic cation transmembrane transporter activity","1/403","10/7037",0.1,1.74615384615385,0.581930486782139,0.445744137164424,0.999999997212983,0.861244016738455,"CG14694",1,"male","down"
"MF","GO:0015271","outward rectifier potassium channel activity","1/403","10/7037",0.1,1.74615384615385,0.581930486782139,0.445744137164424,0.999999997212983,0.861244016738455,"galene",1,"male","down"
"MF","GO:0019003","GDP binding","1/403","10/7037",0.1,1.74615384615385,0.581930486782139,0.445744137164424,0.999999997212983,0.861244016738455,"Ras64B",1,"male","down"
"MF","GO:0032266","phosphatidylinositol-3-phosphate binding","1/403","10/7037",0.1,1.74615384615385,0.581930486782139,0.445744137164424,0.999999997212983,0.861244016738455,"sau",1,"male","down"
"MF","GO:0042834","peptidoglycan binding","1/403","10/7037",0.1,1.74615384615385,0.581930486782139,0.445744137164424,0.999999997212983,0.861244016738455,"PGRP-SC2",1,"male","down"
"MF","GO:0048531","beta-1,3-galactosyltransferase activity","1/403","10/7037",0.1,1.74615384615385,0.581930486782139,0.445744137164424,0.999999997212983,0.861244016738455,"CG2983",1,"male","down"
"MF","GO:1901505","carbohydrate derivative transmembrane transporter activity","1/403","10/7037",0.1,1.74615384615385,0.581930486782139,0.445744137164424,0.999999997212983,0.861244016738455,"Papst2",1,"male","down"
"MF","GO:0005342","organic acid transmembrane transporter activity","5/403","77/7037",0.0649350649350649,1.13386613386613,0.291097964425576,0.453352148141818,0.999999997212983,0.861244016738455,"Dic1/Fatp1/CG13907/CG1907/GluRIID",5,"male","down"
"MF","GO:0046943","carboxylic acid transmembrane transporter activity","5/403","77/7037",0.0649350649350649,1.13386613386613,0.291097964425576,0.453352148141818,0.999999997212983,0.861244016738455,"Dic1/Fatp1/CG13907/CG1907/GluRIID",5,"male","down"
"MF","GO:0015297","antiporter activity","2/403","27/7037",0.0740740740740741,1.29344729344729,0.376513615857551,0.46315447951237,0.999999997212983,0.861244016738455,"Dic1/CG1907",2,"male","down"
"MF","GO:0008307","structural constituent of muscle","1/403","11/7037",0.0909090909090909,1.58741258741259,0.480521941711836,0.477530833154567,0.999999997212983,0.861244016738455,"Tina-1",1,"male","down"
"MF","GO:0015926","glucosidase activity","1/403","11/7037",0.0909090909090909,1.58741258741259,0.480521941711836,0.477530833154567,0.999999997212983,0.861244016738455,"Mal-A2",1,"male","down"
"MF","GO:0015932","nucleobase-containing compound transmembrane transporter activity","1/403","11/7037",0.0909090909090909,1.58741258741259,0.480521941711836,0.477530833154567,0.999999997212983,0.861244016738455,"Papst2",1,"male","down"
"MF","GO:0042562","hormone binding","1/403","11/7037",0.0909090909090909,1.58741258741259,0.480521941711836,0.477530833154567,0.999999997212983,0.861244016738455,"Spn28F",1,"male","down"
"MF","GO:0038024","cargo receptor activity","2/403","28/7037",0.0714285714285714,1.24725274725275,0.32308724744014,0.482308555292852,0.999999997212983,0.861244016738455,"ninaD/Snmp2",2,"male","down"
"MF","GO:0016772","transferase activity, transferring phosphorus-containing groups","19/403","326/7037",0.058282208588957,1.01769702689948,0.0806386403500949,0.503383894318554,0.999999997212983,0.861244016738455,"CG11878/CG10514/CG31288/CG10560/S6k/CG16898/CG31098/CG31380/Takl1/sev/Hex-C/CG31097/CG10513/CG10562/CG10553/CG9498/fj/Atg1/Ddr",19,"male","down"
"MF","GO:0022804","active transmembrane transporter activity","10/403","169/7037",0.0591715976331361,1.03322712790168,0.107757800236239,0.50482165896351,0.999999997212983,0.861244016738455,"Vha16-1/Oatp58Db/Dic1/kumpel/ND4L/st/ND2/CG1907/CG32669/ND6",10,"male","down"
"MF","GO:0017147","Wnt-protein binding","1/403","12/7037",0.0833333333333333,1.4551282051282,0.388891914679525,0.507498819809664,0.999999997212983,0.861244016738455,"fj",1,"male","down"
"MF","GO:0051920","peroxiredoxin activity","1/403","12/7037",0.0833333333333333,1.4551282051282,0.388891914679525,0.507498819809664,0.999999997212983,0.861244016738455,"Gpxl",1,"male","down"
"MF","GO:0032182","ubiquitin-like protein binding","2/403","30/7037",0.0666666666666667,1.16410256410256,0.221992161793504,0.519321646646552,0.999999997212983,0.861244016738455,"Rae1/Atg1",2,"male","down"
"MF","GO:0000339","RNA cap binding","1/403","13/7037",0.0769230769230769,1.34319526627219,0.305244901401932,0.535751912424142,0.999999997212983,0.861244016738455,"eIF4EHP",1,"male","down"
"MF","GO:0005548","phospholipid transporter activity","1/403","13/7037",0.0769230769230769,1.34319526627219,0.305244901401932,0.535751912424142,0.999999997212983,0.861244016738455,"CG13893",1,"male","down"
"MF","GO:0008138","protein tyrosine/serine/threonine phosphatase activity","1/403","13/7037",0.0769230769230769,1.34319526627219,0.305244901401932,0.535751912424142,0.999999997212983,0.861244016738455,"CG15528",1,"male","down"
"MF","GO:0008375","acetylglucosaminyltransferase activity","1/403","13/7037",0.0769230769230769,1.34319526627219,0.305244901401932,0.535751912424142,0.999999997212983,0.861244016738455,"Mgat1",1,"male","down"
"MF","GO:0008376","acetylgalactosaminyltransferase activity","1/403","13/7037",0.0769230769230769,1.34319526627219,0.305244901401932,0.535751912424142,0.999999997212983,0.861244016738455,"alpha4GT2",1,"male","down"
"MF","GO:0015145","monosaccharide transmembrane transporter activity","1/403","13/7037",0.0769230769230769,1.34319526627219,0.305244901401932,0.535751912424142,0.999999997212983,0.861244016738455,"sut1",1,"male","down"
"MF","GO:0015149","hexose transmembrane transporter activity","1/403","13/7037",0.0769230769230769,1.34319526627219,0.305244901401932,0.535751912424142,0.999999997212983,0.861244016738455,"sut1",1,"male","down"
"MF","GO:0016763","pentosyltransferase activity","1/403","13/7037",0.0769230769230769,1.34319526627219,0.305244901401932,0.535751912424142,0.999999997212983,0.861244016738455,"r-l",1,"male","down"
"MF","GO:0072341","modified amino acid binding","1/403","13/7037",0.0769230769230769,1.34319526627219,0.305244901401932,0.535751912424142,0.999999997212983,0.861244016738455,"FASN2",1,"male","down"
"MF","GO:0005267","potassium channel activity","2/403","31/7037",0.0645161290322581,1.12655086848635,0.174035808544162,0.537155670028904,0.999999997212983,0.861244016738455,"GluRIID/galene",2,"male","down"
"MF","GO:0008528","G protein-coupled peptide receptor activity","2/403","31/7037",0.0645161290322581,1.12655086848635,0.174035808544162,0.537155670028904,0.999999997212983,0.861244016738455,"mthl8/Lkr",2,"male","down"
"MF","GO:0031625","ubiquitin protein ligase binding","3/403","49/7037",0.0612244897959184,1.0690737833595,0.119581099118927,0.538321582819384,0.999999997212983,0.861244016738455,"Drice/CG10086/CG18747",3,"male","down"
"MF","GO:0044389","ubiquitin-like protein ligase binding","3/403","50/7037",0.06,1.04769230769231,0.08340952972828,0.552189092550945,0.999999997212983,0.861244016738455,"Drice/CG10086/CG18747",3,"male","down"
"MF","GO:0008649","rRNA methyltransferase activity","1/403","14/7037",0.0714285714285714,1.24725274725275,0.228229360988062,0.562388014259716,0.999999997212983,0.861244016738455,"CG8545",1,"male","down"
"MF","GO:0051539","4 iron, 4 sulfur cluster binding","1/403","14/7037",0.0714285714285714,1.24725274725275,0.228229360988062,0.562388014259716,0.999999997212983,0.861244016738455,"Irp-1B",1,"male","down"
"MF","GO:0008061","chitin binding","4/403","69/7037",0.0579710144927536,1.01226309921962,0.0252289061581342,0.563464346846422,0.999999997212983,0.861244016738455,"CG32024/CG4835/CG13075/CG34426",4,"male","down"
"MF","GO:0004303","estradiol 17-beta-dehydrogenase [NAD(P)] activity","1/403","15/7037",0.0666666666666667,1.16410256410256,0.156804415806905,0.58749945242764,0.999999997212983,0.861244016738455,"CG12171",1,"male","down"
"MF","GO:0004970","glutamate-gated receptor activity","1/403","15/7037",0.0666666666666667,1.16410256410256,0.156804415806905,0.58749945242764,0.999999997212983,0.861244016738455,"GluRIID",1,"male","down"
"MF","GO:0005254","chloride channel activity","1/403","15/7037",0.0666666666666667,1.16410256410256,0.156804415806905,0.58749945242764,0.999999997212983,0.861244016738455,"Clic",1,"male","down"
"MF","GO:0016831","carboxy-lyase activity","1/403","15/7037",0.0666666666666667,1.16410256410256,0.156804415806905,0.58749945242764,0.999999997212983,0.861244016738455,"r-l",1,"male","down"
"MF","GO:0019200","carbohydrate kinase activity","1/403","15/7037",0.0666666666666667,1.16410256410256,0.156804415806905,0.58749945242764,0.999999997212983,0.861244016738455,"Hex-C",1,"male","down"
"MF","GO:0070006","metalloaminopeptidase activity","1/403","15/7037",0.0666666666666667,1.16410256410256,0.156804415806905,0.58749945242764,0.999999997212983,0.861244016738455,"CG31198",1,"male","down"
"MF","GO:0140102","catalytic activity, acting on a rRNA","1/403","15/7037",0.0666666666666667,1.16410256410256,0.156804415806905,0.58749945242764,0.999999997212983,0.861244016738455,"CG8545",1,"male","down"
"MF","GO:0001653","peptide receptor activity","2/403","34/7037",0.0588235294117647,1.02714932126697,0.0391096632860127,0.587874500819444,0.999999997212983,0.861244016738455,"mthl8/Lkr",2,"male","down"
"MF","GO:0016407","acetyltransferase activity","2/403","34/7037",0.0588235294117647,1.02714932126697,0.0391096632860127,0.587874500819444,0.999999997212983,0.861244016738455,"FASN2/AANATL3",2,"male","down"
"MF","GO:0016810","hydrolase activity, acting on carbon-nitrogen (but not peptide) bonds","3/403","53/7037",0.0566037735849057,0.988388969521045,-0.0209114568164191,0.592271337555079,0.999999997212983,0.861244016738455,"PGRP-SC2/CG4752/CG31373",3,"male","down"
"MF","GO:0033764","steroid dehydrogenase activity, acting on the CH-OH group of donors, NAD or NADP as acceptor","1/403","16/7037",0.0625,1.09134615384615,0.0901526455408499,0.611173294733488,0.999999997212983,0.861244016738455,"CG12171",1,"male","down"
"MF","GO:0016811","hydrolase activity, acting on carbon-nitrogen (but not peptide) bonds, in linear amides","2/403","36/7037",0.0555555555555556,0.97008547008547,-0.0443487209561144,0.619334763780563,0.999999997212983,0.861244016738455,"PGRP-SC2/CG31373",2,"male","down"
"MF","GO:0015399","primary active transmembrane transporter activity","5/403","93/7037",0.0537634408602151,0.938792390405294,-0.146443379270063,0.622543707536186,0.999999997212983,0.861244016738455,"Vha16-1/ND4L/st/ND2/ND6",5,"male","down"
"MF","GO:0004177","aminopeptidase activity","1/403","17/7037",0.0588235294117647,1.02714932126697,0.0276212027771495,0.63349164856092,0.999999997212983,0.861244016738455,"CG31198",1,"male","down"
"MF","GO:0005184","neuropeptide hormone activity","1/403","17/7037",0.0588235294117647,1.02714932126697,0.0276212027771495,0.63349164856092,0.999999997212983,0.861244016738455,"Mip",1,"male","down"
"MF","GO:0005253","monoatomic anion channel activity","1/403","17/7037",0.0588235294117647,1.02714932126697,0.0276212027771495,0.63349164856092,0.999999997212983,0.861244016738455,"Clic",1,"male","down"
"MF","GO:0016229","steroid dehydrogenase activity","1/403","17/7037",0.0588235294117647,1.02714932126697,0.0276212027771495,0.63349164856092,0.999999997212983,0.861244016738455,"CG12171",1,"male","down"
"MF","GO:0016782","transferase activity, transferring sulphur-containing groups","1/403","17/7037",0.0588235294117647,1.02714932126697,0.0276212027771495,0.63349164856092,0.999999997212983,0.861244016738455,"CG10877",1,"male","down"
"MF","GO:0019706","protein-cysteine S-palmitoyltransferase activity","1/403","17/7037",0.0588235294117647,1.02714932126697,0.0276212027771495,0.63349164856092,0.999999997212983,0.861244016738455,"CG8314",1,"male","down"
"MF","GO:0019707","protein-cysteine S-acyltransferase activity","1/403","17/7037",0.0588235294117647,1.02714932126697,0.0276212027771495,0.63349164856092,0.999999997212983,0.861244016738455,"CG8314",1,"male","down"
"MF","GO:0106435","carboxylesterase activity","1/403","17/7037",0.0588235294117647,1.02714932126697,0.0276212027771495,0.63349164856092,0.999999997212983,0.861244016738455,"alpha-Est8",1,"male","down"
"MF","GO:0120013","lipid transfer activity","1/403","17/7037",0.0588235294117647,1.02714932126697,0.0276212027771495,0.63349164856092,0.999999997212983,0.861244016738455,"CG13893",1,"male","down"
"MF","GO:0160041","neuropeptide activity","1/403","17/7037",0.0588235294117647,1.02714932126697,0.0276212027771495,0.63349164856092,0.999999997212983,0.861244016738455,"Mip",1,"male","down"
"MF","GO:0008237","metallopeptidase activity","4/403","76/7037",0.0526315789473684,0.919028340080972,-0.174916881741344,0.640544378558036,0.999999997212983,0.861244016738455,"CG4017/CG31198/CG18417/CG30049",4,"male","down"
"MF","GO:0030234","enzyme regulator activity","16/403","298/7037",0.0536912751677852,0.937532266391327,-0.271577545153142,0.644051286229064,0.999999997212983,0.861244016738455,"CG31515/CtsK1/Sfp33A3/Acp62F/Spn28F/Spn28Da/Pka-R2/CG8066/Sfp24C1/CG10031/CG33288/CG42467/nec/RnrS/CG16713/RnrL",16,"male","down"
"MF","GO:0000287","magnesium ion binding","2/403","38/7037",0.0526315789473684,0.919028340080972,-0.123348692077517,0.648915846334275,0.999999997212983,0.861244016738455,"Takl1/aay",2,"male","down"
"MF","GO:0008378","galactosyltransferase activity","1/403","18/7037",0.0555555555555556,0.97008547008547,-0.031319045577901,0.654531942810201,0.999999997212983,0.861244016738455,"CG2983",1,"male","down"
"MF","GO:0015318","inorganic molecular entity transmembrane transporter activity","12/403","230/7037",0.0521739130434783,0.911036789297659,-0.338083671365057,0.673953076513559,0.999999997212983,0.861244016738455,"Vha16-1/Zip48C/Dic1/kumpel/CG5002/CG9702/CG1907/ZnT77C/GluRIID/galene/ATP8/Clic",12,"male","down"
"MF","GO:0016409","palmitoyltransferase activity","1/403","19/7037",0.0526315789473684,0.919028340080972,-0.0871025492548376,0.674367193849877,0.999999997212983,0.861244016738455,"CG8314",1,"male","down"
"MF","GO:0099106","ion channel regulator activity","1/403","19/7037",0.0526315789473684,0.919028340080972,-0.0871025492548376,0.674367193849877,0.999999997212983,0.861244016738455,"CG4928",1,"male","down"
"MF","GO:0015293","symporter activity","2/403","40/7037",0.05,0.873076923076923,-0.198400314149766,0.676645455108789,0.999999997212983,0.861244016738455,"kumpel/CG32669",2,"male","down"
"MF","GO:0016746","acyltransferase activity","13/403","250/7037",0.052,0.908,-0.365045174536243,0.682403353439785,0.999999997212983,0.861244016738455,"CG30008/CG9458/CG18609/CG8534/Baldspot/CG12990/FASN2/AANATL3/CG5783/Nmt/CG8314/ari-1/eloF",13,"male","down"
"MF","GO:0008066","glutamate receptor activity","1/403","20/7037",0.05,0.873076923076923,-0.140090135820751,0.693066256385999,0.999999997212983,0.861244016738455,"GluRIID",1,"male","down"
"MF","GO:0015280","ligand-gated sodium channel activity","1/403","20/7037",0.05,0.873076923076923,-0.140090135820751,0.693066256385999,0.999999997212983,0.861244016738455,"GluRIID",1,"male","down"
"MF","GO:0016791","phosphatase activity","6/403","122/7037",0.0491803278688525,0.858764186633039,-0.387843362458324,0.707331579411346,0.999999997212983,0.861244016738455,"CG15528/aay/CG11426/CG11883/CG17026/Nt5a",6,"male","down"
"MF","GO:0033218","amide binding","3/403","63/7037",0.0476190476190476,0.831501831501831,-0.331094672464937,0.708263828502177,0.999999997212983,0.861244016738455,"CG31198/FASN2/CG5071",3,"male","down"
"MF","GO:0005249","voltage-gated potassium channel activity","1/403","21/7037",0.0476190476190476,0.831501831501831,-0.190584574422856,0.71069406010218,0.999999997212983,0.861244016738455,"galene",1,"male","down"
"MF","GO:0016247","channel regulator activity","1/403","21/7037",0.0476190476190476,0.831501831501831,-0.190584574422856,0.71069406010218,0.999999997212983,0.861244016738455,"CG4928",1,"male","down"
"MF","GO:0030170","pyridoxal phosphate binding","1/403","21/7037",0.0476190476190476,0.831501831501831,-0.190584574422856,0.71069406010218,0.999999997212983,0.861244016738455,"CG8745",1,"male","down"
"MF","GO:0070279","vitamin B6 binding","1/403","21/7037",0.0476190476190476,0.831501831501831,-0.190584574422856,0.71069406010218,0.999999997212983,0.861244016738455,"CG8745",1,"male","down"
"MF","GO:0070851","growth factor receptor binding","1/403","21/7037",0.0476190476190476,0.831501831501831,-0.190584574422856,0.71069406010218,0.999999997212983,0.861244016738455,"ed",1,"male","down"
"MF","GO:0099529","neurotransmitter receptor activity involved in regulation of postsynaptic membrane potential","1/403","21/7037",0.0476190476190476,0.831501831501831,-0.190584574422856,0.71069406010218,0.999999997212983,0.861244016738455,"GluRIID",1,"male","down"
"MF","GO:0141108","transporter regulator activity","1/403","21/7037",0.0476190476190476,0.831501831501831,-0.190584574422856,0.71069406010218,0.999999997212983,0.861244016738455,"CG4928",1,"male","down"
"MF","GO:1904315","transmitter-gated monoatomic ion channel activity involved in regulation of postsynaptic membrane potential","1/403","21/7037",0.0476190476190476,0.831501831501831,-0.190584574422856,0.71069406010218,0.999999997212983,0.861244016738455,"GluRIID",1,"male","down"
"MF","GO:0001664","G protein-coupled receptor binding","2/403","43/7037",0.0465116279069767,0.81216457960644,-0.304492506961766,0.714869953881805,0.999999997212983,0.861244016738455,"SP/Mip",2,"male","down"
"MF","GO:0003755","peptidyl-prolyl cis-trans isomerase activity","1/403","22/7037",0.0454545454545455,0.793706293706294,-0.238842267784303,0.727311832875672,0.999999997212983,0.861244016738455,"CG5071",1,"male","down"
"MF","GO:0042625","ATPase-coupled ion transmembrane transporter activity","1/403","22/7037",0.0454545454545455,0.793706293706294,-0.238842267784303,0.727311832875672,0.999999997212983,0.861244016738455,"Vha16-1",1,"male","down"
"MF","GO:0044769","ATPase activity, coupled to transmembrane movement of ions, rotational mechanism","1/403","22/7037",0.0454545454545455,0.793706293706294,-0.238842267784303,0.727311832875672,0.999999997212983,0.861244016738455,"Vha16-1",1,"male","down"
"MF","GO:0046961","proton-transporting ATPase activity, rotational mechanism","1/403","22/7037",0.0454545454545455,0.793706293706294,-0.238842267784303,0.727311832875672,0.999999997212983,0.861244016738455,"Vha16-1",1,"male","down"
"MF","GO:0061629","RNA polymerase II-specific DNA-binding transcription factor binding","1/403","22/7037",0.0454545454545455,0.793706293706294,-0.238842267784303,0.727311832875672,0.999999997212983,0.861244016738455,"TP53INP",1,"male","down"
"MF","GO:0008010","structural constituent of chitin-based larval cuticle","4/403","86/7037",0.0465116279069767,0.81216457960644,-0.431947313670158,0.734190440356962,0.999999997212983,0.861244016738455,"CG34462/Ccp84Ag/Cpr67B/Ccp84Ae",4,"male","down"
"MF","GO:0038023","signaling receptor activity","10/403","203/7037",0.0492610837438424,0.860174308450171,-0.498224652055609,0.734434846235283,0.999999997212983,0.861244016738455,"Acp29AB/lectin-30A/sev/mthl8/Or59c/GluRIID/Or59b/Lkr/Or85d/Ddr",10,"male","down"
"MF","GO:0060089","molecular transducer activity","10/403","203/7037",0.0492610837438424,0.860174308450171,-0.498224652055609,0.734434846235283,0.999999997212983,0.861244016738455,"Acp29AB/lectin-30A/sev/mthl8/Or59c/GluRIID/Or59b/Lkr/Or85d/Ddr",10,"male","down"
"MF","GO:0005319","lipid transporter activity","2/403","45/7037",0.0444444444444444,0.776068376068376,-0.371405799975827,0.738194173449781,0.999999997212983,0.861244016738455,"Fatp1/CG13893",2,"male","down"
"MF","GO:0008080","N-acetyltransferase activity","1/403","23/7037",0.0434782608695652,0.759197324414716,-0.28508216625615,0.742977311329144,0.999999997212983,0.861244016738455,"AANATL3",1,"male","down"
"MF","GO:0008188","neuropeptide receptor activity","1/403","23/7037",0.0434782608695652,0.759197324414716,-0.28508216625615,0.742977311329144,0.999999997212983,0.861244016738455,"Lkr",1,"male","down"
"MF","GO:0015108","chloride transmembrane transporter activity","1/403","23/7037",0.0434782608695652,0.759197324414716,-0.28508216625615,0.742977311329144,0.999999997212983,0.861244016738455,"Clic",1,"male","down"
"MF","GO:0008194","UDP-glycosyltransferase activity","3/403","67/7037",0.0447761194029851,0.781859931113662,-0.442164796901307,0.746967951303213,0.999999997212983,0.861244016738455,"Ugt37A3/alpha4GT2/Mgat1",3,"male","down"
"MF","GO:0051082","unfolded protein binding","2/403","46/7037",0.0434782608695652,0.759197324414716,-0.403829719911894,0.749234583423591,0.999999997212983,0.861244016738455,"CG13133/CG7409",2,"male","down"
"MF","GO:0016788","hydrolase activity, acting on ester bonds","15/403","302/7037",0.0496688741721854,0.86729495669893,-0.580964779372409,0.754997151496124,0.999999997212983,0.861244016738455,"CG9119/CG15528/CG6472/CG11600/CG11608/CG7402/alpha-Est8/aay/CG11426/CG11883/CG17026/IntS11/CG17097/CG34448/Nt5a",15,"male","down"
"MF","GO:0016859","cis-trans isomerase activity","1/403","24/7037",0.0416666666666667,0.727564102564103,-0.329492655123059,0.757744939434983,0.999999997212983,0.861244016738455,"CG5071",1,"male","down"
"MF","GO:0016879","ligase activity, forming carbon-nitrogen bonds","1/403","24/7037",0.0416666666666667,0.727564102564103,-0.329492655123059,0.757744939434983,0.999999997212983,0.861244016738455,"e",1,"male","down"
"MF","GO:0051287","NAD binding","1/403","24/7037",0.0416666666666667,0.727564102564103,-0.329492655123059,0.757744939434983,0.999999997212983,0.861244016738455,"Had2",1,"male","down"
"MF","GO:0015079","potassium ion transmembrane transporter activity","2/403","47/7037",0.0425531914893617,0.7430441898527,-0.435608643038664,0.759872991152451,0.999999997212983,0.861244016738455,"GluRIID/galene",2,"male","down"
"MF","GO:0004888","transmembrane signaling receptor activity","8/403","169/7037",0.0473372781065089,0.826581702321347,-0.562407149178178,0.76040663887823,0.999999997212983,0.861244016738455,"sev/mthl8/Or59c/GluRIID/Or59b/Lkr/Or85d/Ddr",8,"male","down"
"MF","GO:0048018","receptor ligand activity","3/403","69/7037",0.0434782608695652,0.759197324414716,-0.495403975468815,0.764729028860104,0.999999997212983,0.861244016738455,"SP/Acp33A/Mip",3,"male","down"
"MF","GO:0005272","sodium channel activity","1/403","25/7037",0.04,0.698461538461538,-0.372236940701806,0.771666055848458,0.999999997212983,0.861244016738455,"GluRIID",1,"male","down"
"MF","GO:0022824","transmitter-gated monoatomic ion channel activity","1/403","25/7037",0.04,0.698461538461538,-0.372236940701806,0.771666055848458,0.999999997212983,0.861244016738455,"GluRIID",1,"male","down"
"MF","GO:0022835","transmitter-gated channel activity","1/403","25/7037",0.04,0.698461538461538,-0.372236940701806,0.771666055848458,0.999999997212983,0.861244016738455,"GluRIID",1,"male","down"
"MF","GO:0098960","postsynaptic neurotransmitter receptor activity","1/403","25/7037",0.04,0.698461538461538,-0.372236940701806,0.771666055848458,0.999999997212983,0.861244016738455,"GluRIID",1,"male","down"
"MF","GO:0005539","glycosaminoglycan binding","1/403","26/7037",0.0384615384615385,0.671597633136095,-0.413457309116024,0.784789070607881,0.999999997212983,0.861244016738455,"PGRP-SC2",1,"male","down"
"MF","GO:0008509","monoatomic anion transmembrane transporter activity","1/403","26/7037",0.0384615384615385,0.671597633136095,-0.413457309116024,0.784789070607881,0.999999997212983,0.861244016738455,"Clic",1,"male","down"
"MF","GO:0015370","solute:sodium symporter activity","1/403","26/7037",0.0384615384615385,0.671597633136095,-0.413457309116024,0.784789070607881,0.999999997212983,0.861244016738455,"kumpel",1,"male","down"
"MF","GO:0043130","ubiquitin binding","1/403","26/7037",0.0384615384615385,0.671597633136095,-0.413457309116024,0.784789070607881,0.999999997212983,0.861244016738455,"Rae1",1,"male","down"
"MF","GO:0030546","signaling receptor activator activity","3/403","72/7037",0.0416666666666667,0.727564102564103,-0.572661154396578,0.78946008897821,0.999999997212983,0.861244016738455,"SP/Acp33A/Mip",3,"male","down"
"MF","GO:0016757","glycosyltransferase activity","5/403","114/7037",0.043859649122807,0.765856950067476,-0.621175382210818,0.789979778930247,0.999999997212983,0.861244016738455,"Ugt37A3/alpha4GT2/CG2983/Mgat1/r-l",5,"male","down"
"MF","GO:0042277","peptide binding","2/403","52/7037",0.0384615384615385,0.671597633136095,-0.585804158029934,0.807380824945129,0.999999997212983,0.861244016738455,"CG31198/CG5071",2,"male","down"
"MF","GO:0098772","molecular function regulator activity","20/403","412/7037",0.0485436893203883,0.847647498132935,-0.785476076261709,0.813181533373423,0.999999997212983,0.861244016738455,"CG31515/CtsK1/Sfp33A3/CG4928/Acp62F/Spn28F/Spn28Da/Pka-R2/CG8066/SP/Sfp24C1/CG10031/CG33288/Acp33A/CG42467/nec/RnrS/Mip/CG16713/RnrL",20,"male","down"
"MF","GO:0030545","signaling receptor regulator activity","3/403","76/7037",0.0394736842105263,0.689271255060729,-0.671243533682408,0.819043709506979,0.999999997212983,0.861244016738455,"SP/Acp33A/Mip",3,"male","down"
"MF","GO:0005230","extracellular ligand-gated monoatomic ion channel activity","1/403","29/7037",0.0344827586206897,0.602122015915119,-0.529150932852236,0.819813110441243,0.999999997212983,0.861244016738455,"GluRIID",1,"male","down"
"MF","GO:0019829","ATPase-coupled monoatomic cation transmembrane transporter activity","1/403","29/7037",0.0344827586206897,0.602122015915119,-0.529150932852236,0.819813110441243,0.999999997212983,0.861244016738455,"Vha16-1",1,"male","down"
"MF","GO:0022843","voltage-gated monoatomic cation channel activity","1/403","29/7037",0.0344827586206897,0.602122015915119,-0.529150932852236,0.819813110441243,0.999999997212983,0.861244016738455,"galene",1,"male","down"
"MF","GO:0005214","structural constituent of chitin-based cuticle","4/403","98/7037",0.0408163265306122,0.712715855572998,-0.70583624590933,0.82087256454372,0.999999997212983,0.861244016738455,"CG34462/Ccp84Ag/Cpr67B/Ccp84Ae",4,"male","down"
"MF","GO:0015078","proton transmembrane transporter activity","2/403","54/7037",0.037037037037037,0.646723646723647,-0.642270732896163,0.823920716962627,0.999999997212983,0.861244016738455,"Vha16-1/ATP8",2,"male","down"
"MF","GO:0042302","structural constituent of cuticle","4/403","99/7037",0.0404040404040404,0.705516705516706,-0.727258519452127,0.826915480243804,0.999999997212983,0.861244016738455,"CG34462/Ccp84Ag/Cpr67B/Ccp84Ae",4,"male","down"
"MF","GO:0051015","actin filament binding","2/403","55/7037",0.0363636363636364,0.634965034965035,-0.669813031878169,0.831703685259642,0.999999997212983,0.861244016738455,"Mp20/tsr",2,"male","down"
"MF","GO:0016758","hexosyltransferase activity","3/403","82/7037",0.0365853658536585,0.638836772983114,-0.810754912315588,0.856757529355605,0.999999997212983,0.861244016738455,"alpha4GT2/CG2983/Mgat1",3,"male","down"
"MF","GO:0005262","calcium channel activity","1/403","33/7037",0.0303030303030303,0.529137529137529,-0.668198787693594,0.857827562613377,0.999999997212983,0.861244016738455,"GluRIID",1,"male","down"
"MF","GO:0042578","phosphoric ester hydrolase activity","6/403","148/7037",0.0405405405405405,0.707900207900208,-0.885139492192608,0.859026452648523,0.999999997212983,0.861244016738455,"CG15528/aay/CG11426/CG11883/CG17026/Nt5a",6,"male","down"
"MF","GO:0003779","actin binding","3/403","83/7037",0.036144578313253,0.631139944392956,-0.833126666117058,0.862328861403028,0.999999997212983,0.861244016738455,"Mp20/tsr/CLIP-190",3,"male","down"
"MF","GO:0003714","transcription corepressor activity","1/403","34/7037",0.0294117647058824,0.513574660633484,-0.700714800541061,0.866007958425314,0.999999997212983,0.861244016738455,"Bin1",1,"male","down"
"MF","GO:0003743","translation initiation factor activity","1/403","34/7037",0.0294117647058824,0.513574660633484,-0.700714800541061,0.866007958425314,0.999999997212983,0.861244016738455,"eIF4EHP",1,"male","down"
"MF","GO:0005244","voltage-gated monoatomic ion channel activity","1/403","34/7037",0.0294117647058824,0.513574660633484,-0.700714800541061,0.866007958425314,0.999999997212983,0.861244016738455,"galene",1,"male","down"
"MF","GO:0022832","voltage-gated channel activity","1/403","34/7037",0.0294117647058824,0.513574660633484,-0.700714800541061,0.866007958425314,0.999999997212983,0.861244016738455,"galene",1,"male","down"
"MF","GO:0090079","translation regulator activity, nucleic acid binding","2/403","60/7037",0.0333333333333333,0.582051282051282,-0.801294138649105,0.866149421814373,0.999999997212983,0.861244016738455,"Paip2/eIF4EHP",2,"male","down"
"MF","GO:0140297","DNA-binding transcription factor binding","2/403","60/7037",0.0333333333333333,0.582051282051282,-0.801294138649105,0.866149421814373,0.999999997212983,0.861244016738455,"Bin1/TP53INP",2,"male","down"
"MF","GO:0004672","protein kinase activity","6/403","150/7037",0.04,0.698461538461538,-0.920027921231577,0.867394908449402,0.999999997212983,0.861244016738455,"S6k/Takl1/sev/fj/Atg1/Ddr",6,"male","down"
"MF","GO:0008173","RNA methyltransferase activity","1/403","35/7037",0.0285714285714286,0.498901098901099,-0.732443491438531,0.873718767043706,0.999999997212983,0.861244016738455,"CG8545",1,"male","down"
"MF","GO:0015294","solute:monoatomic cation symporter activity","1/403","35/7037",0.0285714285714286,0.498901098901099,-0.732443491438531,0.873718767043706,0.999999997212983,0.861244016738455,"kumpel",1,"male","down"
"MF","GO:0017022","myosin binding","1/403","35/7037",0.0285714285714286,0.498901098901099,-0.732443491438531,0.873718767043706,0.999999997212983,0.861244016738455,"CLIP-190",1,"male","down"
"MF","GO:0030594","neurotransmitter receptor activity","1/403","35/7037",0.0285714285714286,0.498901098901099,-0.732443491438531,0.873718767043706,0.999999997212983,0.861244016738455,"GluRIID",1,"male","down"
"MF","GO:0140359","ABC-type transporter activity","1/403","35/7037",0.0285714285714286,0.498901098901099,-0.732443491438531,0.873718767043706,0.999999997212983,0.861244016738455,"st",1,"male","down"
"MF","GO:0004930","G protein-coupled receptor activity","2/403","62/7037",0.032258064516129,0.563275434243176,-0.851253803339198,0.87802298095697,0.999999997212983,0.861244016738455,"mthl8/Lkr",2,"male","down"
"MF","GO:0003730","mRNA 3'-UTR binding","1/403","36/7037",0.0277777777777778,0.485042735042735,-0.763431553601683,0.880986881422653,0.999999997212983,0.861244016738455,"sqd",1,"male","down"
"MF","GO:0004521","RNA endonuclease activity","1/403","36/7037",0.0277777777777778,0.485042735042735,-0.763431553601683,0.880986881422653,0.999999997212983,0.861244016738455,"IntS11",1,"male","down"
"MF","GO:0015081","sodium ion transmembrane transporter activity","2/403","66/7037",0.0303030303030303,0.529137529137529,-0.947209856372153,0.898908230582516,0.999999997212983,0.861244016738455,"kumpel/GluRIID",2,"male","down"
"MF","GO:0099094","ligand-gated monoatomic cation channel activity","1/403","39/7037",0.0256410256410256,0.447731755424063,-0.852360099310224,0.900381461362593,0.999999997212983,0.861244016738455,"GluRIID",1,"male","down"
"MF","GO:0042626","ATPase-coupled transmembrane transporter activity","2/403","67/7037",0.0298507462686567,0.521239954075775,-0.97043537004129,0.903583316098803,0.999999997212983,0.861244016738455,"Vha16-1/st",2,"male","down"
"MF","GO:0003724","RNA helicase activity","1/403","40/7037",0.025,0.436538461538462,-0.880777152210323,0.906118282035768,0.999999997212983,0.861244016738455,"CG9143",1,"male","down"
"MF","GO:0008186","ATP-dependent activity, acting on RNA","1/403","40/7037",0.025,0.436538461538462,-0.880777152210323,0.906118282035768,0.999999997212983,0.861244016738455,"CG9143",1,"male","down"
"MF","GO:0045182","translation regulator activity","2/403","68/7037",0.0294117647058824,0.513574660633484,-0.993374756413671,0.908056192631746,0.999999997212983,0.861244016738455,"Paip2/eIF4EHP",2,"male","down"
"MF","GO:0046983","protein dimerization activity","6/403","162/7037",0.037037037037037,0.646723646723647,-1.12114924703495,0.909357385811119,0.999999997212983,0.861244016738455,"Sod1/CG33557/Debcl/grh/CG42259/Buffy",6,"male","down"
"MF","GO:0046873","metal ion transmembrane transporter activity","5/403","141/7037",0.0354609929078014,0.619203491543917,-1.12572313754905,0.913260737916091,0.999999997212983,0.861244016738455,"Zip48C/kumpel/ZnT77C/GluRIID/galene",5,"male","down"
"MF","GO:0004674","protein serine/threonine kinase activity","4/403","119/7037",0.0336134453781513,0.58694246929541,-1.12000884182253,0.91625148463385,0.999999997212983,0.861244016738455,"S6k/Takl1/fj/Atg1",4,"male","down"
"MF","GO:0015085","calcium ion transmembrane transporter activity","1/403","43/7037",0.0232558139534884,0.40608228980322,-0.962776307726727,0.921425640064749,0.999999997212983,0.861244016738455,"GluRIID",1,"male","down"
"MF","GO:0140657","ATP-dependent activity","11/403","280/7037",0.0392857142857143,0.685989010989011,-1.3215226402098,0.933564960594774,0.999999997212983,0.861244016738455,"Vha16-1/Acsf2/CG6432/Acsx3/Acsx1R/st/Fatp1/CG9993/Acsx4/CG9143/CG5568",11,"male","down"
"MF","GO:0004519","endonuclease activity","1/403","46/7037",0.0217391304347826,0.379598662207358,-1.04042240338412,0.934242315842641,0.999999997212983,0.861244016738455,"IntS11",1,"male","down"
"MF","GO:0050839","cell adhesion molecule binding","1/403","46/7037",0.0217391304347826,0.379598662207358,-1.04042240338412,0.934242315842641,0.999999997212983,0.861244016738455,"ed",1,"male","down"
"MF","GO:0046982","protein heterodimerization activity","2/403","75/7037",0.0266666666666667,0.465641025641026,-1.14663299502991,0.934327944021616,0.999999997212983,0.861244016738455,"Debcl/Buffy",2,"male","down"
"MF","GO:0022890","inorganic cation transmembrane transporter activity","7/403","195/7037",0.0358974358974359,0.626824457593688,-1.30246675937751,0.936292263648213,0.999999997212983,0.861244016738455,"Vha16-1/Zip48C/kumpel/ZnT77C/GluRIID/galene/ATP8",7,"male","down"
"MF","GO:0004540","RNA nuclease activity","1/403","48/7037",0.0208333333333333,0.363782051282051,-1.09005075587701,0.941605588501232,0.999999997212983,0.861244016738455,"IntS11",1,"male","down"
"MF","GO:0008135","translation factor activity, RNA binding","1/403","49/7037",0.0204081632653061,0.356357927786499,-1.11427842360819,0.944972729413237,0.999999997212983,0.861244016738455,"eIF4EHP",1,"male","down"
"MF","GO:0008017","microtubule binding","2/403","79/7037",0.0253164556962025,0.442064264849075,-1.22908867398604,0.945972081157942,0.999999997212983,0.861244016738455,"Sdb/CLIP-190",2,"male","down"
"MF","GO:0008324","monoatomic cation transmembrane transporter activity","7/403","203/7037",0.0344827586206897,0.602122015915119,-1.41771242454848,0.950999733220321,0.999999997212983,0.861244016738455,"Vha16-1/Zip48C/kumpel/ZnT77C/GluRIID/galene/ATP8",7,"male","down"
"MF","GO:0016773","phosphotransferase activity, alcohol group as acceptor","7/403","204/7037",0.0343137254901961,0.599170437405732,-1.43184768937955,0.95260742463447,0.999999997212983,0.861244016738455,"S6k/Takl1/sev/Hex-C/fj/Atg1/Ddr",7,"male","down"
"MF","GO:0022853","active monoatomic ion transmembrane transporter activity","2/403","83/7037",0.0240963855421687,0.420759962928638,-1.30830192543508,0.955635851637972,0.999999997212983,0.861244016738455,"Vha16-1/kumpel",2,"male","down"
"MF","GO:0015171","amino acid transmembrane transporter activity","1/403","53/7037",0.0188679245283019,0.329462989840348,-1.20763663114821,0.956612295355713,0.999999997212983,0.861244016738455,"GluRIID",1,"male","down"
"MF","GO:0019887","protein kinase regulator activity","1/403","53/7037",0.0188679245283019,0.329462989840348,-1.20763663114821,0.956612295355713,0.999999997212983,0.861244016738455,"Pka-R2",1,"male","down"
"MF","GO:0005085","guanyl-nucleotide exchange factor activity","1/403","54/7037",0.0185185185185185,0.323361823361823,-1.23015563760354,0.959115910042376,0.999999997212983,0.861244016738455,"CG33288",1,"male","down"
"MF","GO:1901981","phosphatidylinositol phosphate binding","1/403","54/7037",0.0185185185185185,0.323361823361823,-1.23015563760354,0.959115910042376,0.999999997212983,0.861244016738455,"sau",1,"male","down"
"MF","GO:0019901","protein kinase binding","1/403","56/7037",0.0178571428571429,0.311813186813187,-1.27429284888169,0.963699030109064,0.999999997212983,0.861244016738455,"Pka-R2",1,"male","down"
"MF","GO:0003713","transcription coactivator activity","1/403","57/7037",0.0175438596491228,0.306342780026991,-1.29593235369745,0.9657946168253,0.999999997212983,0.861244016738455,"TP53INP",1,"male","down"
"MF","GO:0004386","helicase activity","1/403","57/7037",0.0175438596491228,0.306342780026991,-1.29593235369745,0.9657946168253,0.999999997212983,0.861244016738455,"CG9143",1,"male","down"
"MF","GO:0019904","protein domain specific binding","1/403","57/7037",0.0175438596491228,0.306342780026991,-1.29593235369745,0.9657946168253,0.999999997212983,0.861244016738455,"Drice",1,"male","down"
"MF","GO:0019207","kinase regulator activity","1/403","58/7037",0.0172413793103448,0.30106100795756,-1.31729902940445,0.967769512157593,0.999999997212983,0.861244016738455,"Pka-R2",1,"male","down"
"MF","GO:0008047","enzyme activator activity","3/403","120/7037",0.025,0.436538461538462,-1.53434745312212,0.971700544588477,0.999999997212983,0.861244016738455,"CtsK1/RnrS/RnrL",3,"male","down"
"MF","GO:0001228","DNA-binding transcription activator activity, RNA polymerase II-specific","1/403","61/7037",0.0163934426229508,0.28625472887768,-1.37985239045423,0.973037431957788,0.999999997212983,0.861244016738455,"grh",1,"male","down"
"MF","GO:0004721","phosphoprotein phosphatase activity","1/403","61/7037",0.0163934426229508,0.28625472887768,-1.37985239045423,0.973037431957788,0.999999997212983,0.861244016738455,"CG15528",1,"male","down"
"MF","GO:0015075","monoatomic ion transmembrane transporter activity","8/403","244/7037",0.0327868852459016,0.57250945775536,-1.67501353852376,0.973373340748476,0.999999997212983,0.861244016738455,"Vha16-1/Zip48C/kumpel/ZnT77C/GluRIID/galene/ATP8/Clic",8,"male","down"
"MF","GO:0001216","DNA-binding transcription activator activity","1/403","64/7037",0.015625,0.272836538461538,-1.44025671128852,0.977446119168401,0.999999997212983,0.861244016738455,"grh",1,"male","down"
"MF","GO:0008134","transcription factor binding","2/403","98/7037",0.0204081632653061,0.356357927786499,-1.58138175313019,0.979121618405687,0.999999997212983,0.861244016738455,"Bin1/TP53INP",2,"male","down"
"MF","GO:0019900","kinase binding","1/403","66/7037",0.0151515151515152,0.264568764568765,-1.47942925586839,0.979977934896028,0.999999997212983,0.861244016738455,"Pka-R2",1,"male","down"
"MF","GO:0015276","ligand-gated monoatomic ion channel activity","1/403","68/7037",0.0147058823529412,0.256787330316742,-1.517784220846,0.98222616399319,0.999999997212983,0.861244016738455,"GluRIID",1,"male","down"
"MF","GO:0140677","molecular function activator activity","6/403","208/7037",0.0288461538461538,0.503698224852071,-1.79071571350957,0.982360577163059,0.999999997212983,0.861244016738455,"CtsK1/SP/Acp33A/RnrS/Mip/RnrL",6,"male","down"
"MF","GO:0008270","zinc ion binding","11/403","325/7037",0.0338461538461538,0.591005917159763,-1.86063178761841,0.982445209152051,0.999999997212983,0.861244016738455,"CG6071/PGRP-SC2/CG4017/CG9119/CG31198/CG18417/CG13559/CG34445/ari-1/CG2111/CG5071",11,"male","down"
"MF","GO:0015631","tubulin binding","2/403","102/7037",0.0196078431372549,0.342383107088989,-1.64883621956317,0.982981850040524,0.999999997212983,0.861244016738455,"Sdb/CLIP-190",2,"male","down"
"MF","GO:0022836","gated channel activity","2/403","102/7037",0.0196078431372549,0.342383107088989,-1.64883621956317,0.982981850040524,0.999999997212983,0.861244016738455,"GluRIID/galene",2,"male","down"
"MF","GO:0035091","phosphatidylinositol binding","1/403","69/7037",0.0144927536231884,0.253065774804905,-1.53666973872271,0.983253980883812,0.999999997212983,0.861244016738455,"sau",1,"male","down"
"MF","GO:0022834","ligand-gated channel activity","1/403","70/7037",0.0142857142857143,0.249450549450549,-1.5553678975587,0.984222500646129,0.999999997212983,0.861244016738455,"GluRIID",1,"male","down"
"MF","GO:0031267","small GTPase binding","1/403","70/7037",0.0142857142857143,0.249450549450549,-1.5553678975587,0.984222500646129,0.999999997212983,0.861244016738455,"sau",1,"male","down"
"MF","GO:0005261","monoatomic cation channel activity","2/403","104/7037",0.0192307692307692,0.335798816568047,-1.6818351290159,0.984642897897886,0.999999997212983,0.861244016738455,"GluRIID/galene",2,"male","down"
"MF","GO:0004518","nuclease activity","1/403","71/7037",0.0140845070422535,0.245937161430119,-1.57388386361379,0.985135136248197,0.999999997212983,0.861244016738455,"IntS11",1,"male","down"
"MF","GO:0051020","GTPase binding","1/403","72/7037",0.0138888888888889,0.242521367521367,-1.59222258222421,0.985995104679432,0.999999997212983,0.861244016738455,"sau",1,"male","down"
"MF","GO:0003924","GTPase activity","2/403","108/7037",0.0185185185185185,0.323361823361823,-1.74646867093712,0.9875059916506,0.999999997212983,0.861244016738455,"Ras64B/Rab9",2,"male","down"
"MF","GO:0008757","S-adenosylmethionine-dependent methyltransferase activity","1/403","77/7037",0.012987012987013,0.226773226773227,-1.68141660048803,0.989605177390626,0.999999997212983,0.861244016738455,"CG8545",1,"male","down"
"MF","GO:0005216","monoatomic ion channel activity","3/403","143/7037",0.020979020979021,0.366325981710597,-1.88680050906292,0.990268887005467,0.999999997212983,0.861244016738455,"GluRIID/galene/Clic",3,"male","down"
"MF","GO:0005525","GTP binding","2/403","115/7037",0.0173913043478261,0.303678929765886,-1.85554018593423,0.991316845881957,0.999999997212983,0.861244016738455,"Ras64B/Rab9",2,"male","down"
"MF","GO:0003712","transcription coregulator activity","2/403","116/7037",0.0172413793103448,0.30106100795756,-1.87073186660113,0.991758931735,0.999999997212983,0.861244016738455,"Bin1/TP53INP",2,"male","down"
"MF","GO:0032561","guanyl ribonucleotide binding","2/403","118/7037",0.0169491525423729,0.295958279009126,-1.90083946032735,0.992578185956924,0.999999997212983,0.861244016738455,"Ras64B/Rab9",2,"male","down"
"MF","GO:0008168","methyltransferase activity","1/403","83/7037",0.0120481927710843,0.210379981464319,-1.7834771847531,0.992733334164946,0.999999997212983,0.861244016738455,"CG8545",1,"male","down"
"MF","GO:0005102","signaling receptor binding","4/403","181/7037",0.0220994475138122,0.385890352741181,-2.06289682652995,0.993777163247864,0.999999997212983,0.861244016738455,"SP/Acp33A/ed/Mip",4,"male","down"
"MF","GO:0016741","transferase activity, transferring one-carbon groups","1/403","86/7037",0.0116279069767442,0.20304114490161,-1.83269074514339,0.993925054307673,0.999999997212983,0.861244016738455,"CG8545",1,"male","down"
"MF","GO:0019001","guanyl nucleotide binding","2/403","122/7037",0.0163934426229508,0.28625472887768,-1.95999413528046,0.993985058384623,0.999999997212983,0.861244016738455,"Ras64B/Rab9",2,"male","down"
"MF","GO:0015267","channel activity","3/403","160/7037",0.01875,0.327403846153846,-2.12100925498913,0.995709436261118,0.999999997212983,0.861244016738455,"GluRIID/galene/Clic",3,"male","down"
"MF","GO:0022803","passive transmembrane transporter activity","3/403","160/7037",0.01875,0.327403846153846,-2.12100925498913,0.995709436261118,0.999999997212983,0.861244016738455,"GluRIID/galene/Clic",3,"male","down"
"MF","GO:0019899","enzyme binding","8/403","297/7037",0.0269360269360269,0.47034447034447,-2.2986322308662,0.99611050626824,0.999999997212983,0.861244016738455,"sau/Drice/Pka-R2/Hacd1/Uev1A/ari-1/CG10086/CG18747",8,"male","down"
"MF","GO:0061630","ubiquitin protein ligase activity","1/403","98/7037",0.0102040816326531,0.17817896389325,-2.01915450674063,0.997034998577436,0.999999997212983,0.861244016738455,"ari-1",1,"male","down"
"MF","GO:0005509","calcium ion binding","2/403","139/7037",0.0143884892086331,0.251245157719978,-2.19742041011607,0.997563348285818,0.999999997212983,0.861244016738455,"Amy-d/Clic",2,"male","down"
"MF","GO:0005543","phospholipid binding","1/403","102/7037",0.00980392156862745,0.171191553544495,-2.07806307947239,0.997666206811955,0.999999997212983,0.861244016738455,"sau",1,"male","down"
"MF","GO:0005198","structural molecule activity","8/403","312/7037",0.0256410256410256,0.447731755424063,-2.45928538882677,0.997835900999223,0.999999997212983,0.861244016738455,"Tina-1/Muc30E/CG34462/prc/Ccp84Ag/Cpr67B/Mur82C/Ccp84Ae",8,"male","down"
"MF","GO:0140098","catalytic activity, acting on RNA","3/403","177/7037",0.0169491525423729,0.295958279009126,-2.33803321203254,0.998147225594232,0.999999997212983,0.861244016738455,"CG8545/IntS11/CG9143",3,"male","down"
"MF","GO:0061659","ubiquitin-like protein ligase activity","1/403","107/7037",0.00934579439252336,0.163191948238677,-2.14970480272652,0.998270094945928,0.999999997212983,0.861244016738455,"ari-1",1,"male","down"
"MF","GO:0008289","lipid binding","2/403","149/7037",0.0134228187919463,0.234383066597832,-2.32801513886854,0.998577956147187,0.999999997212983,0.861244016738455,"sau/Clic",2,"male","down"
"MF","GO:0030695","GTPase regulator activity","1/403","114/7037",0.0087719298245614,0.153171390013495,-2.24661413450887,0.998862887052696,0.999999997212983,0.861244016738455,"CG33288",1,"male","down"
"MF","GO:0060589","nucleoside-triphosphatase regulator activity","1/403","114/7037",0.0087719298245614,0.153171390013495,-2.24661413450887,0.998862887052696,0.999999997212983,0.861244016738455,"CG33288",1,"male","down"
"MF","GO:0004842","ubiquitin-protein transferase activity","1/403","116/7037",0.00862068965517241,0.15053050397878,-2.27363142420878,0.998991429515093,0.999999997212983,0.861244016738455,"ari-1",1,"male","down"
"MF","GO:0008092","cytoskeletal protein binding","4/403","223/7037",0.0179372197309417,0.313211452224905,-2.56863334710165,0.999122731738026,0.999999997212983,0.861244016738455,"Mp20/Sdb/tsr/CLIP-190",4,"male","down"
"MF","GO:0019787","ubiquitin-like protein transferase activity","1/403","131/7037",0.00763358778625954,0.133294186729301,-2.46786713936088,0.999590285914762,0.999999997212983,0.861244016738455,"ari-1",1,"male","down"
"MF","GO:0016755","aminoacyltransferase activity","1/403","135/7037",0.00740740740740741,0.129344729344729,-2.51740647599475,0.999677888505148,0.999999997212983,0.861244016738455,"ari-1",1,"male","down"
"MF","GO:0003729","mRNA binding","2/403","178/7037",0.0112359550561798,0.196197061365601,-2.67705253653439,0.999708880096416,0.999999997212983,0.861244016738455,"Arc1/sqd",2,"male","down"
"MF","GO:0030554","adenyl nucleotide binding","12/403","471/7037",0.0254777070063694,0.444879960803528,-3.07379305061664,0.999775993009019,0.999999997212983,0.861244016738455,"S6k/Takl1/su(r)/sev/Pka-R2/Had2/Hex-C/st/CG9143/Atg1/Ddr/RnrL",12,"male","down"
"MF","GO:0032559","adenyl ribonucleotide binding","10/403","437/7037",0.022883295194508,0.39957753916564,-3.19413586848817,0.999889816303559,0.999999997212983,0.861244016738455,"S6k/Takl1/sev/Pka-R2/Hex-C/st/CG9143/Atg1/Ddr/RnrL",10,"male","down"
"MF","GO:0016887","ATP hydrolysis activity","1/403","159/7037",0.00628930817610063,0.109820996613449,-2.79815989471316,0.999924169353116,0.999999997212983,0.861244016738455,"st",1,"male","down"
"MF","GO:0005524","ATP binding","9/403","426/7037",0.0211267605633803,0.368905742145179,-3.312021554667,0.999944037999553,0.999999997212983,0.861244016738455,"S6k/Takl1/sev/Hex-C/st/CG9143/Atg1/Ddr/RnrL",9,"male","down"
"MF","GO:0030674","protein-macromolecule adaptor activity","2/403","209/7037",0.00956937799043062,0.167096061832904,-3.01265227236054,0.999948319329377,0.999999997212983,0.861244016738455,"Bin1/TP53INP",2,"male","down"
"MF","GO:0140640","catalytic activity, acting on a nucleic acid","3/403","248/7037",0.0120967741935484,0.211228287841191,-3.1167499988558,0.999953093735603,0.999999997212983,0.861244016738455,"CG8545/IntS11/CG9143",3,"male","down"
"MF","GO:0017111","ribonucleoside triphosphate phosphatase activity","3/403","266/7037",0.0112781954887218,0.196934644303065,-3.29073573310533,0.999982145572698,0.999999997212983,0.861244016738455,"Ras64B/st/Rab9",3,"male","down"
"MF","GO:0060090","molecular adaptor activity","2/403","231/7037",0.00865800865800866,0.151182151182151,-3.23297410224946,0.999985103872168,0.999999997212983,0.861244016738455,"Bin1/TP53INP",2,"male","down"
"MF","GO:0044877","protein-containing complex binding","4/403","307/7037",0.0130293159609121,0.227511901779003,-3.41099558624965,0.999987053034613,0.999999997212983,0.861244016738455,"Mp20/tsr/Rab9/Ddr",4,"male","down"
"MF","GO:0016462","pyrophosphatase activity","3/403","283/7037",0.0106007067137809,0.185104648002175,-3.44859532532691,0.999992901979513,0.999999997212983,0.861244016738455,"Ras64B/st/Rab9",3,"male","down"
"MF","GO:0016817","hydrolase activity, acting on acid anhydrides","3/403","288/7037",0.0104166666666667,0.181891025641026,-3.49393958705501,0.999994598127096,0.999999997212983,0.861244016738455,"Ras64B/st/Rab9",3,"male","down"
"MF","GO:0016818","hydrolase activity, acting on acid anhydrides, in phosphorus-containing anhydrides","3/403","288/7037",0.0104166666666667,0.181891025641026,-3.49393958705501,0.999994598127096,0.999999997212983,0.861244016738455,"Ras64B/st/Rab9",3,"male","down"
"MF","GO:0000978","RNA polymerase II cis-regulatory region sequence-specific DNA binding","1/403","225/7037",0.00444444444444444,0.0776068376068376,-3.46575388865992,0.999998617449191,0.999999997212983,0.861244016738455,"grh",1,"male","down"
"MF","GO:0000987","cis-regulatory region sequence-specific DNA binding","1/403","230/7037",0.00434782608695652,0.0759197324414716,-3.5117488119611,0.999998980894478,0.999999997212983,0.861244016738455,"grh",1,"male","down"
"MF","GO:0000981","DNA-binding transcription factor activity, RNA polymerase II-specific","2/403","279/7037",0.00716845878136201,0.125172318720706,-3.67488056832749,0.99999905296875,0.999999997212983,0.861244016738455,"CG33557/grh",2,"male","down"
"MF","GO:0000977","RNA polymerase II transcription regulatory region sequence-specific DNA binding","2/403","282/7037",0.00709219858156028,0.123840698308783,-3.70103045078174,0.999999204141254,0.999999997212983,0.861244016738455,"CG33557/grh",2,"male","down"
"MF","GO:0003723","RNA binding","7/403","466/7037",0.0150214592274678,0.262297788048861,-4.06149586376991,0.999999444126456,0.999999997212983,0.861244016738455,"Arc1/sqd/CG8545/Rae1/eIF4EHP/l(1)G0004/CG11123",7,"male","down"
"MF","GO:0000976","transcription cis-regulatory region binding","2/403","319/7037",0.00626959247648903,0.109476730166385,-4.01188355323493,0.999999908178708,0.999999997212983,0.861244016738455,"CG33557/grh",2,"male","down"
"MF","GO:0001067","transcription regulatory region nucleic acid binding","2/403","320/7037",0.00625,0.109134615384615,-4.02000972990355,0.99999991341592,0.999999997212983,0.861244016738455,"CG33557/grh",2,"male","down"
"MF","GO:0003700","DNA-binding transcription factor activity","2/403","323/7037",0.00619195046439629,0.108120981185997,-4.04430820942792,0.999999927410406,0.999999997212983,0.861244016738455,"CG33557/grh",2,"male","down"
"MF","GO:1990837","sequence-specific double-stranded DNA binding","2/403","338/7037",0.00591715976331361,0.103322712790168,-4.16406246142887,0.999999970008226,0.999999997212983,0.861244016738455,"CG33557/grh",2,"male","down"
"MF","GO:0140110","transcription regulator activity","4/403","436/7037",0.0091743119266055,0.160197600564573,-4.46214002146703,0.999999987929724,0.999999997212983,0.861244016738455,"Bin1/CG33557/grh/TP53INP",4,"male","down"
"MF","GO:0003690","double-stranded DNA binding","2/403","355/7037",0.00563380281690141,0.0983748645720477,-4.29649841761125,0.999999989038152,0.999999997212983,0.861244016738455,"CG33557/grh",2,"male","down"
"MF","GO:0043565","sequence-specific DNA binding","2/403","378/7037",0.00529100529100529,0.0923890923890924,-4.47063078032303,0.999999997212983,0.999999997212983,0.861244016738455,"CG33557/grh",2,"male","down"
