"ONTOLOGY","ID","Description","GeneRatio","BgRatio","RichFactor","FoldEnrichment","zScore","pvalue","p.adjust","qvalue","geneID","Count","sex","direction"
"BP","GO:0007018","microtubule-based movement","16/333","129/7230",0.124031007751938,2.69292548362316,4.26288932485591,0.000264228036711656,0.296992313263902,0.296992313263902,"Rsph4a/Mst84Dd/CG10834/Zmynd10/CG17118/CG34274/kl-5/CG31275/CG13202/Sdic4/neb/CG10822/robl37BC/CG14339/Mis12/CG10859",16,"male","up"
"BP","GO:0003341","cilium movement","9/333","55/7230",0.163636363636364,3.55282555282555,4.1756361282061,0.000814659135194486,0.457838433979301,0.457838433979301,"Rsph4a/Mst84Dd/Zmynd10/CG17118/CG34274/kl-5/CG13202/CG14339/CG10859",9,"male","up"
"BP","GO:0010171","body morphogenesis","5/333","20/7230",0.25,5.42792792792793,4.35691437512459,0.00175839759154115,0.509946380123129,0.509946380123129,"TwdlD/TwdlM/TwdlP/TwdlG/TwdlO",5,"male","up"
"BP","GO:0060271","cilium assembly","12/333","103/7230",0.116504854368932,2.52951981107321,3.4351954798566,0.00261799649292144,0.509946380123129,0.509946380123129,"CG13032/CG13693/Rsph4a/Mst84Dd/Zmynd10/CG17118/CG34274/CG13202/CG14339/tilB/CG10859/Cc2d2a",12,"male","up"
"BP","GO:0001539","cilium or flagellum-dependent cell motility","7/333","42/7230",0.166666666666667,3.61861861861862,3.73958990331126,0.00276463897798782,0.509946380123129,0.509946380123129,"Rsph4a/Mst84Dd/Zmynd10/CG17118/CG34274/kl-5/tilB",7,"male","up"
"BP","GO:0060285","cilium-dependent cell motility","7/333","42/7230",0.166666666666667,3.61861861861862,3.73958990331126,0.00276463897798782,0.509946380123129,0.509946380123129,"Rsph4a/Mst84Dd/Zmynd10/CG17118/CG34274/kl-5/tilB",7,"male","up"
"BP","GO:0070286","axonemal dynein complex assembly","5/333","23/7230",0.217391304347826,4.71993732863298,3.9260280334058,0.00340629863778449,0.509946380123129,0.509946380123129,"Zmynd10/CG34274/CG13202/tilB/CG10859",5,"male","up"
"BP","GO:0035082","axoneme assembly","7/333","44/7230",0.159090909090909,3.45413595413595,3.58766980971736,0.00362951160229985,0.509946380123129,0.509946380123129,"Rsph4a/Mst84Dd/Zmynd10/CG34274/CG13202/tilB/CG10859",7,"male","up"
"BP","GO:0060294","cilium movement involved in cell motility","6/333","37/7230",0.162162162162162,3.52081811541271,3.37767966454289,0.00632584722289948,0.725325530469588,0.725325530469588,"Rsph4a/Mst84Dd/Zmynd10/CG17118/CG34274/kl-5",6,"male","up"
"BP","GO:0044782","cilium organization","12/333","115/7230",0.104347826086957,2.26556991774383,3.00592906208253,0.00645307411449812,0.725325530469588,0.725325530469588,"CG13032/CG13693/Rsph4a/Mst84Dd/Zmynd10/CG17118/CG34274/CG13202/CG14339/tilB/CG10859/Cc2d2a",12,"male","up"
"BP","GO:0001578","microtubule bundle formation","7/333","50/7230",0.14,3.03963963963964,3.17985516921963,0.00747499835603426,0.763808922925682,0.763808922925682,"Rsph4a/Mst84Dd/Zmynd10/CG34274/CG13202/tilB/CG10859",7,"male","up"
"BP","GO:0040003","chitin-based cuticle development","12/333","127/7230",0.094488188976378,2.05150031921685,2.62676655556775,0.0137827337462187,0.999999986064185,0.999999986064185,"Cpr47Ec/Cpr47Eb/Pcp/TwdlD/TwdlM/Cpr72Ea/TwdlP/TwdlG/dib/TwdlE/Cpr49Ah/TwdlO",12,"male","up"
"BP","GO:0120031","plasma membrane bounded cell projection assembly","13/333","145/7230",0.0896551724137931,1.94656725691208,2.52986104323748,0.01595032539834,0.999999986064185,0.999999986064185,"CG13032/CG13693/Rsph4a/Mst84Dd/Zmynd10/CG17118/CG34274/CG13202/C1GalTA/CG14339/tilB/CG10859/Cc2d2a",13,"male","up"
"BP","GO:0042026","protein refolding","4/333","22/7230",0.181818181818182,3.94758394758395,3.04229448575775,0.0167396049984683,0.999999986064185,0.999999986064185,"Hsp70Bb/Hsp67Bc/Hsp70Bbb/Hsp70Bc",4,"male","up"
"BP","GO:0030031","cell projection assembly","13/333","152/7230",0.0855263157894737,1.85692271218587,2.34606091682866,0.0227064904856074,0.999999986064185,0.999999986064185,"CG13032/CG13693/Rsph4a/Mst84Dd/Zmynd10/CG17118/CG34274/CG13202/C1GalTA/CG14339/tilB/CG10859/Cc2d2a",13,"male","up"
"BP","GO:0042335","cuticle development","13/333","152/7230",0.0855263157894737,1.85692271218587,2.34606091682866,0.0227064904856074,0.999999986064185,0.999999986064185,"Cpr47Ec/Cpr47Eb/Pcp/TwdlD/TwdlM/m/Cpr72Ea/TwdlP/TwdlG/dib/TwdlE/Cpr49Ah/TwdlO",13,"male","up"
"BP","GO:0007017","microtubule-based process","23/333","328/7230",0.0701219512195122,1.52246758954076,2.12784463827273,0.0284265035300329,0.999999986064185,0.999999986064185,"CG13032/Jupiter/Rsph4a/Mst84Dd/CG10834/CG2955/Zmynd10/t-Grip84/CG17118/CG34274/kl-5/CG31275/CG8509/CG13202/Sdic4/neb/CG10822/robl37BC/CG14339/Mis12/tilB/CG10859/TTLL1A",23,"male","up"
"BP","GO:0044458","motile cilium assembly","3/333","16/7230",0.1875,4.07094594594595,2.70193695085794,0.0347071234730627,0.999999986064185,0.999999986064185,"Mst84Dd/Zmynd10/CG34274",3,"male","up"
"BP","GO:0034605","cellular response to heat","4/333","29/7230",0.137931034482759,2.99471885678782,2.36491427549455,0.0422937543365508,0.999999986064185,0.999999986064185,"Hsp70Bb/Hsp70Bbb/Hsp70Bc/TotE",4,"male","up"
"BP","GO:0006090","pyruvate metabolic process","4/333","31/7230",0.129032258064516,2.80151118860796,2.20857849950776,0.0521866593139262,0.999999986064185,0.999999986064185,"CG7848/Hex-t1/CG7059/Pepck2",4,"male","up"
"BP","GO:0170036","import into the mitochondrion","4/333","31/7230",0.129032258064516,2.80151118860796,2.20857849950776,0.0521866593139262,0.999999986064185,0.999999986064185,"CG43321/CG32727/CG1409/Tim17a2",4,"male","up"
"BP","GO:0009144","purine nucleoside triphosphate metabolic process","5/333","45/7230",0.111111111111111,2.41241241241241,2.08826453208564,0.0544669549484872,0.999999986064185,0.999999986064185,"fal/ATPsynCF6L/Hex-t1/CG7059/ATPsynG",5,"male","up"
"BP","GO:0030317","flagellated sperm motility","4/333","32/7230",0.125,2.71396396396396,2.13501962202965,0.0575658658105216,0.999999986064185,0.999999986064185,"Mst84Dd/Zmynd10/CG34274/kl-5",4,"male","up"
"BP","GO:0097722","sperm motility","4/333","32/7230",0.125,2.71396396396396,2.13501962202965,0.0575658658105216,0.999999986064185,0.999999986064185,"Mst84Dd/Zmynd10/CG34274/kl-5",4,"male","up"
"BP","GO:0009141","nucleoside triphosphate metabolic process","5/333","47/7230",0.106382978723404,2.30975656507571,1.97932766983,0.0635516044182553,0.999999986064185,0.999999986064185,"fal/ATPsynCF6L/Hex-t1/CG7059/ATPsynG",5,"male","up"
"BP","GO:0006626","protein targeting to mitochondrion","4/333","34/7230",0.117647058823529,2.55431902490726,1.99602124806647,0.0691762177306044,0.999999986064185,0.999999986064185,"Tim13/CG32727/CG1409/Tim17a2",4,"male","up"
"BP","GO:0030150","protein import into mitochondrial matrix","3/333","21/7230",0.142857142857143,3.1016731016731,2.11918278169973,0.0696908293774265,0.999999986064185,0.999999986064185,"CG32727/CG1409/Tim17a2",3,"male","up"
"BP","GO:0048210","Golgi vesicle fusion to target membrane","2/333","10/7230",0.2,4.34234234234234,2.32387866162854,0.0745319716252071,0.999999986064185,0.999999986064185,"RabX2/Rab9Fb",2,"male","up"
"BP","GO:0006163","purine nucleotide metabolic process","10/333","131/7230",0.0763358778625954,1.65738257341311,1.66834691663632,0.0794804691264389,0.999999986064185,0.999999986064185,"CG17999/CG32305/Gpdh2/fal/ATPsynCF6L/Hex-t1/Pmvk/CG7059/ATPsynG/CG14893",10,"male","up"
"BP","GO:0072521","purine-containing compound metabolic process","11/333","150/7230",0.0733333333333333,1.59219219219219,1.6103593303827,0.0849992273744958,0.999999986064185,0.999999986064185,"CG17999/CG32305/Gpdh2/fal/Adk3/ATPsynCF6L/Hex-t1/Pmvk/CG7059/ATPsynG/CG14893",11,"male","up"
"BP","GO:0051084","'de novo' post-translational protein folding","3/333","23/7230",0.130434782608696,2.83196239717979,1.93345615586385,0.0868272888390594,0.999999986064185,0.999999986064185,"Hsp70Bb/Hsp70Bbb/Hsp70Bc",3,"male","up"
"BP","GO:0051085","chaperone cofactor-dependent protein refolding","3/333","23/7230",0.130434782608696,2.83196239717979,1.93345615586385,0.0868272888390594,0.999999986064185,0.999999986064185,"Hsp70Bb/Hsp70Bbb/Hsp70Bc",3,"male","up"
"BP","GO:0001678","intracellular glucose homeostasis","2/333","11/7230",0.181818181818182,3.94758394758395,2.14958746303951,0.0884008277019317,0.999999986064185,0.999999986064185,"Hex-t1/Pepck2",2,"male","up"
"BP","GO:0061077","chaperone-mediated protein folding","4/333","37/7230",0.108108108108108,2.34721207694181,1.80514841919403,0.0886567408916537,0.999999986064185,0.999999986064185,"Hsp70Bb/Hsp67Bc/Hsp70Bbb/Hsp70Bc",4,"male","up"
"BP","GO:0006458","'de novo' protein folding","3/333","24/7230",0.125,2.71396396396396,1.84795458873855,0.0959987130729063,0.999999986064185,0.999999986064185,"Hsp70Bb/Hsp70Bbb/Hsp70Bc",3,"male","up"
"BP","GO:0070585","protein localization to mitochondrion","4/333","39/7230",0.102564102564103,2.22684222684223,1.68794188838459,0.102953718045027,0.999999986064185,0.999999986064185,"Tim13/CG32727/CG1409/Tim17a2",4,"male","up"
"BP","GO:0072655","establishment of protein localization to mitochondrion","4/333","39/7230",0.102564102564103,2.22684222684223,1.68794188838459,0.102953718045027,0.999999986064185,0.999999986064185,"Tim13/CG32727/CG1409/Tim17a2",4,"male","up"
"BP","GO:0000076","DNA replication checkpoint signaling","2/333","12/7230",0.166666666666667,3.61861861861862,1.99473657894754,0.102957074927604,0.999999986064185,0.999999986064185,"timeout/mus304",2,"male","up"
"BP","GO:0016126","sterol biosynthetic process","2/333","12/7230",0.166666666666667,3.61861861861862,1.99473657894754,0.102957074927604,0.999999986064185,0.999999986064185,"Pmvk/dib",2,"male","up"
"BP","GO:0009117","nucleotide metabolic process","10/333","141/7230",0.0709219858156028,1.53983771005048,1.42236613266255,0.114893847517438,0.999999986064185,0.999999986064185,"CG17999/CG32305/Gpdh2/fal/ATPsynCF6L/Hex-t1/Pmvk/CG7059/ATPsynG/CG14893",10,"male","up"
"BP","GO:0046165","alcohol biosynthetic process","3/333","26/7230",0.115384615384615,2.50519750519751,1.68936863929366,0.115447597975391,0.999999986064185,0.999999986064185,"Pmvk/dib/Pepck2",3,"male","up"
"BP","GO:0007288","sperm axoneme assembly","2/333","13/7230",0.153846153846154,3.34026334026334,1.85562053174419,0.118108419995722,0.999999986064185,0.999999986064185,"Mst84Dd/CG34274",2,"male","up"
"BP","GO:0044743","protein transmembrane import into intracellular organelle","3/333","27/7230",0.111111111111111,2.41241241241241,1.61554037549096,0.125683256143839,0.999999986064185,0.999999986064185,"CG32727/CG1409/Tim17a2",3,"male","up"
"BP","GO:0046034","ATP metabolic process","4/333","42/7230",0.0952380952380952,2.06778206778207,1.52487537177944,0.126220811526161,0.999999986064185,0.999999986064185,"ATPsynCF6L/Hex-t1/CG7059/ATPsynG",4,"male","up"
"BP","GO:0009408","response to heat","5/333","58/7230",0.0862068965517241,1.87169928549239,1.46450771026625,0.127386428991723,0.999999986064185,0.999999986064185,"Hsp70Bb/Hsp67Bc/Hsp70Bbb/Hsp70Bc/TotE",5,"male","up"
"BP","GO:0009636","response to toxic substance","5/333","58/7230",0.0862068965517241,1.87169928549239,1.46450771026625,0.127386428991723,0.999999986064185,0.999999986064185,"CG11893/CG12896/Hsp70Bc/Prx1/BomS3",5,"male","up"
"BP","GO:0043094","cellular metabolic compound salvage","2/333","14/7230",0.142857142857143,3.1016731016731,1.72946603627215,0.133769568531676,0.999999986064185,0.999999986064185,"Adk3/l(2)k01209",2,"male","up"
"BP","GO:0120316","sperm flagellum assembly","2/333","14/7230",0.142857142857143,3.1016731016731,1.72946603627215,0.133769568531676,0.999999986064185,0.999999986064185,"Mst84Dd/CG34274",2,"male","up"
"BP","GO:0009150","purine ribonucleotide metabolic process","8/333","110/7230",0.0727272727272727,1.57903357903358,1.34459413244866,0.133836486582113,0.999999986064185,0.999999986064185,"CG17999/CG32305/ATPsynCF6L/Hex-t1/Pmvk/CG7059/ATPsynG/CG14893",8,"male","up"
"BP","GO:0006839","mitochondrial transport","5/333","59/7230",0.0847457627118644,1.83997556878913,1.42342279103791,0.134272452627646,0.999999986064185,0.999999986064185,"Tim13/CG43321/CG32727/CG1409/Tim17a2",5,"male","up"
"BP","GO:0006753","nucleoside phosphate metabolic process","10/333","146/7230",0.0684931506849315,1.48710354189806,1.30644025956444,0.135460988939268,0.999999986064185,0.999999986064185,"CG17999/CG32305/Gpdh2/fal/ATPsynCF6L/Hex-t1/Pmvk/CG7059/ATPsynG/CG14893",10,"male","up"
"BP","GO:0009266","response to temperature stimulus","7/333","94/7230",0.074468085106383,1.616829595553,1.32261311635711,0.141580936279204,0.999999986064185,0.999999986064185,"Hsp70Bb/Hsp67Bc/Hsp70Bbb/Hsp70Bc/TotE/tilB/santa-maria",7,"male","up"
"BP","GO:0009205","purine ribonucleoside triphosphate metabolic process","4/333","44/7230",0.0909090909090909,1.97379197379197,1.42357397088401,0.142849732309218,0.999999986064185,0.999999986064185,"ATPsynCF6L/Hex-t1/CG7059/ATPsynG",4,"male","up"
"BP","GO:0006195","purine nucleotide catabolic process","3/333","29/7230",0.103448275862069,2.24603914259087,1.47728876483548,0.147070261974993,0.999999986064185,0.999999986064185,"fal/Hex-t1/CG7059",3,"male","up"
"BP","GO:0009259","ribonucleotide metabolic process","8/333","113/7230",0.0707964601769911,1.53711233357251,1.26440725775006,0.149125817734331,0.999999986064185,0.999999986064185,"CG17999/CG32305/ATPsynCF6L/Hex-t1/Pmvk/CG7059/ATPsynG/CG14893",8,"male","up"
"BP","GO:0007160","cell-matrix adhesion","2/333","15/7230",0.133333333333333,2.8948948948949,1.61414930583533,0.14986177929601,0.999999986064185,0.999999986064185,"dyl/m",2,"male","up"
"BP","GO:0016125","sterol metabolic process","2/333","15/7230",0.133333333333333,2.8948948948949,1.61414930583533,0.14986177929601,0.999999986064185,0.999999986064185,"Pmvk/dib",2,"male","up"
"BP","GO:0009199","ribonucleoside triphosphate metabolic process","4/333","45/7230",0.0888888888888889,1.92992992992993,1.37490981595149,0.15147244229563,0.999999986064185,0.999999986064185,"ATPsynCF6L/Hex-t1/CG7059/ATPsynG",4,"male","up"
"BP","GO:0007143","female meiotic nuclear division","3/333","30/7230",0.1,2.17117117117117,1.41236149451069,0.158178586188972,0.999999986064185,0.999999986064185,"HP6/sra/mus304",3,"male","up"
"BP","GO:0015986","proton motive force-driven ATP synthesis","2/333","16/7230",0.125,2.71396396396396,1.50801174888368,0.166312444413574,0.999999986064185,0.999999986064185,"ATPsynCF6L/ATPsynG",2,"male","up"
"BP","GO:0097237","cellular response to toxic substance","2/333","16/7230",0.125,2.71396396396396,1.50801174888368,0.166312444413574,0.999999986064185,0.999999986064185,"CG12896/Prx1",2,"male","up"
"BP","GO:1990748","cellular detoxification","2/333","16/7230",0.125,2.71396396396396,1.50801174888368,0.166312444413574,0.999999986064185,0.999999986064185,"CG12896/Prx1",2,"male","up"
"BP","GO:0046434","organophosphate catabolic process","4/333","47/7230",0.0851063829787234,1.84780525206057,1.2812185399763,0.169286762132654,0.999999986064185,0.999999986064185,"Gpdh2/fal/Hex-t1/CG7059",4,"male","up"
"BP","GO:1990542","mitochondrial transmembrane transport","4/333","47/7230",0.0851063829787234,1.84780525206057,1.2812185399763,0.169286762132654,0.999999986064185,0.999999986064185,"CG43321/CG32727/CG1409/Tim17a2",4,"male","up"
"BP","GO:0009166","nucleotide catabolic process","3/333","31/7230",0.0967741935483871,2.10113339145597,1.34994417400144,0.169534864068441,0.999999986064185,0.999999986064185,"fal/Hex-t1/CG7059",3,"male","up"
"BP","GO:0019693","ribose phosphate metabolic process","8/333","118/7230",0.0677966101694915,1.4719804550313,1.13579580534337,0.176386305147246,0.999999986064185,0.999999986064185,"CG17999/CG32305/ATPsynCF6L/Hex-t1/Pmvk/CG7059/ATPsynG/CG14893",8,"male","up"
"BP","GO:0000723","telomere maintenance","2/333","17/7230",0.117647058823529,2.55431902490726,1.40973594550363,0.183054694187783,0.999999986064185,0.999999986064185,"HP6/mus304",2,"male","up"
"BP","GO:0006754","ATP biosynthetic process","2/333","17/7230",0.117647058823529,2.55431902490726,1.40973594550363,0.183054694187783,0.999999986064185,0.999999986064185,"ATPsynCF6L/ATPsynG",2,"male","up"
"BP","GO:1902652","secondary alcohol metabolic process","2/333","17/7230",0.117647058823529,2.55431902490726,1.40973594550363,0.183054694187783,0.999999986064185,0.999999986064185,"Pmvk/dib",2,"male","up"
"BP","GO:0071806","protein transmembrane transport","3/333","33/7230",0.0909090909090909,1.97379197379197,1.23190870876101,0.192906626361103,0.999999986064185,0.999999986064185,"CG32727/CG1409/Tim17a2",3,"male","up"
"BP","GO:0003383","apical constriction","2/333","18/7230",0.111111111111111,2.41241241241241,1.31825988076506,0.200027025136103,0.999999986064185,0.999999986064185,"dyl/m",2,"male","up"
"BP","GO:1905515","non-motile cilium assembly","2/333","18/7230",0.111111111111111,2.41241241241241,1.31825988076506,0.200027025136103,0.999999986064185,0.999999986064185,"CG13032/Cc2d2a",2,"male","up"
"BP","GO:1901292","nucleoside phosphate catabolic process","3/333","34/7230",0.0882352941176471,1.91573926868045,1.17597160472515,0.204880536873732,0.999999986064185,0.999999986064185,"fal/Hex-t1/CG7059",3,"male","up"
"BP","GO:0001666","response to hypoxia","4/333","52/7230",0.0769230769230769,1.67013167013167,1.06559261977277,0.216678964508363,0.999999986064185,0.999999986064185,"Hsp70Bb/Hsp70Bbb/Hsp70Bc/Hph",4,"male","up"
"BP","GO:0006606","protein import into nucleus","3/333","35/7230",0.0857142857142857,1.86100386100386,1.12190178275717,0.217019388170068,0.999999986064185,0.999999986064185,"CG8219/alphaKap4/Apl",3,"male","up"
"BP","GO:0006637","acyl-CoA metabolic process","3/333","35/7230",0.0857142857142857,1.86100386100386,1.12190178275717,0.217019388170068,0.999999986064185,0.999999986064185,"CG17999/Pmvk/CG14893",3,"male","up"
"BP","GO:0035383","thioester metabolic process","3/333","35/7230",0.0857142857142857,1.86100386100386,1.12190178275717,0.217019388170068,0.999999986064185,0.999999986064185,"CG17999/Pmvk/CG14893",3,"male","up"
"BP","GO:0098754","detoxification","3/333","35/7230",0.0857142857142857,1.86100386100386,1.12190178275717,0.217019388170068,0.999999986064185,0.999999986064185,"CG11893/CG12896/Prx1",3,"male","up"
"BP","GO:0009145","purine nucleoside triphosphate biosynthetic process","2/333","19/7230",0.105263157894737,2.28544333807492,1.23271620930307,0.217172949955824,0.999999986064185,0.999999986064185,"ATPsynCF6L/ATPsynG",2,"male","up"
"BP","GO:0009206","purine ribonucleoside triphosphate biosynthetic process","2/333","19/7230",0.105263157894737,2.28544333807492,1.23271620930307,0.217172949955824,0.999999986064185,0.999999986064185,"ATPsynCF6L/ATPsynG",2,"male","up"
"BP","GO:0016476","regulation of embryonic cell shape","2/333","19/7230",0.105263157894737,2.28544333807492,1.23271620930307,0.217172949955824,0.999999986064185,0.999999986064185,"dyl/m",2,"male","up"
"BP","GO:0045454","cell redox homeostasis","2/333","19/7230",0.105263157894737,2.28544333807492,1.23271620930307,0.217172949955824,0.999999986064185,0.999999986064185,"CG12896/Prx1",2,"male","up"
"BP","GO:0070252","actin-mediated cell contraction","2/333","19/7230",0.105263157894737,2.28544333807492,1.23271620930307,0.217172949955824,0.999999986064185,0.999999986064185,"dyl/m",2,"male","up"
"BP","GO:0055086","nucleobase-containing small molecule metabolic process","11/333","183/7230",0.0601092896174863,1.30507556737065,0.918463607608334,0.222408984077624,0.999999986064185,0.999999986064185,"CG17999/CG32305/Gpdh2/fal/Adk3/ATPsynCF6L/Hex-t1/Pmvk/CG7059/ATPsynG/CG14893",11,"male","up"
"BP","GO:0036293","response to decreased oxygen levels","4/333","53/7230",0.0754716981132075,1.6386197518273,1.02527395345724,0.226566496435052,0.999999986064185,0.999999986064185,"Hsp70Bb/Hsp70Bbb/Hsp70Bc/Hph",4,"male","up"
"BP","GO:0051170","import into nucleus","3/333","36/7230",0.0833333333333333,1.80930930930931,1.06957608982774,0.22930343430997,0.999999986064185,0.999999986064185,"CG8219/alphaKap4/Apl",3,"male","up"
"BP","GO:0009142","nucleoside triphosphate biosynthetic process","2/333","20/7230",0.1,2.17117117117117,1.1523883393005,0.234440668198276,0.999999986064185,0.999999986064185,"ATPsynCF6L/ATPsynG",2,"male","up"
"BP","GO:0009201","ribonucleoside triphosphate biosynthetic process","2/333","20/7230",0.1,2.17117117117117,1.1523883393005,0.234440668198276,0.999999986064185,0.999999986064185,"ATPsynCF6L/ATPsynG",2,"male","up"
"BP","GO:0031110","regulation of microtubule polymerization or depolymerization","2/333","20/7230",0.1,2.17117117117117,1.1523883393005,0.234440668198276,0.999999986064185,0.999999986064185,"Jupiter/CG2955",2,"male","up"
"BP","GO:0055074","calcium ion homeostasis","3/333","37/7230",0.0810810810810811,1.76040905770636,1.0188827965196,0.241713436670409,0.999999986064185,0.999999986064185,"Nmdar1/CG43321/CG14743",3,"male","up"
"BP","GO:0072522","purine-containing compound biosynthetic process","5/333","73/7230",0.0684931506849315,1.48710354189806,0.919069438870469,0.24532517732426,0.999999986064185,0.999999986064185,"CG17999/CG32305/Adk3/ATPsynCF6L/ATPsynG",5,"male","up"
"BP","GO:1901136","carbohydrate derivative catabolic process","5/333","73/7230",0.0684931506849315,1.48710354189806,0.919069438870469,0.24532517732426,0.999999986064185,0.999999986064185,"Gpdh2/fal/Hex-t1/Cht8/CG7059",5,"male","up"
"BP","GO:0031122","cytoplasmic microtubule organization","2/333","21/7230",0.0952380952380952,2.06778206778207,1.07667808606871,0.251782756495208,0.999999986064185,0.999999986064185,"CG13032/t-Grip84",2,"male","up"
"BP","GO:0031589","cell-substrate adhesion","2/333","21/7230",0.0952380952380952,2.06778206778207,1.07667808606871,0.251782756495208,0.999999986064185,0.999999986064185,"dyl/m",2,"male","up"
"BP","GO:0032200","telomere organization","2/333","21/7230",0.0952380952380952,2.06778206778207,1.07667808606871,0.251782756495208,0.999999986064185,0.999999986064185,"HP6/mus304",2,"male","up"
"BP","GO:0043648","dicarboxylic acid metabolic process","2/333","21/7230",0.0952380952380952,2.06778206778207,1.07667808606871,0.251782756495208,0.999999986064185,0.999999986064185,"CG7848/Pepck2",2,"male","up"
"BP","GO:0019362","pyridine nucleotide metabolic process","3/333","38/7230",0.0789473684210526,1.71408250355619,0.969720255416557,0.254230702700434,0.999999986064185,0.999999986064185,"Gpdh2/Hex-t1/CG7059",3,"male","up"
"BP","GO:0046496","nicotinamide nucleotide metabolic process","3/333","38/7230",0.0789473684210526,1.71408250355619,0.969720255416557,0.254230702700434,0.999999986064185,0.999999986064185,"Gpdh2/Hex-t1/CG7059",3,"male","up"
"BP","GO:0072523","purine-containing compound catabolic process","3/333","39/7230",0.0769230769230769,1.67013167013167,0.921995748108397,0.266837118088384,0.999999986064185,0.999999986064185,"fal/Hex-t1/CG7059",3,"male","up"
"BP","GO:0006096","glycolytic process","2/333","22/7230",0.0909090909090909,1.97379197379197,1.00508145139371,0.269155877243108,0.999999986064185,0.999999986064185,"Hex-t1/CG7059",2,"male","up"
"BP","GO:0006986","response to unfolded protein","2/333","22/7230",0.0909090909090909,1.97379197379197,1.00508145139371,0.269155877243108,0.999999986064185,0.999999986064185,"Hsp70Bb/Hsp70Bc",2,"male","up"
"BP","GO:0009135","purine nucleoside diphosphate metabolic process","2/333","22/7230",0.0909090909090909,1.97379197379197,1.00508145139371,0.269155877243108,0.999999986064185,0.999999986064185,"Hex-t1/CG7059",2,"male","up"
"BP","GO:0009137","purine nucleoside diphosphate catabolic process","2/333","22/7230",0.0909090909090909,1.97379197379197,1.00508145139371,0.269155877243108,0.999999986064185,0.999999986064185,"Hex-t1/CG7059",2,"male","up"
"BP","GO:0009179","purine ribonucleoside diphosphate metabolic process","2/333","22/7230",0.0909090909090909,1.97379197379197,1.00508145139371,0.269155877243108,0.999999986064185,0.999999986064185,"Hex-t1/CG7059",2,"male","up"
"BP","GO:0009181","purine ribonucleoside diphosphate catabolic process","2/333","22/7230",0.0909090909090909,1.97379197379197,1.00508145139371,0.269155877243108,0.999999986064185,0.999999986064185,"Hex-t1/CG7059",2,"male","up"
"BP","GO:0009191","ribonucleoside diphosphate catabolic process","2/333","22/7230",0.0909090909090909,1.97379197379197,1.00508145139371,0.269155877243108,0.999999986064185,0.999999986064185,"Hex-t1/CG7059",2,"male","up"
"BP","GO:0046031","ADP metabolic process","2/333","22/7230",0.0909090909090909,1.97379197379197,1.00508145139371,0.269155877243108,0.999999986064185,0.999999986064185,"Hex-t1/CG7059",2,"male","up"
"BP","GO:0046032","ADP catabolic process","2/333","22/7230",0.0909090909090909,1.97379197379197,1.00508145139371,0.269155877243108,0.999999986064185,0.999999986064185,"Hex-t1/CG7059",2,"male","up"
"BP","GO:0031109","microtubule polymerization or depolymerization","3/333","40/7230",0.075,1.62837837837838,0.875624490171129,0.279515172950853,0.999999986064185,0.999999986064185,"Jupiter/CG2955/t-Grip84",3,"male","up"
"BP","GO:0070925","organelle assembly","16/333","295/7230",0.0542372881355932,1.17758436402504,0.684263880105587,0.284260324163376,0.999999986064185,0.999999986064185,"CG13032/CG13693/Rsph4a/Mst84Dd/CG2955/Zmynd10/t-Grip84/CG17118/CG34274/sra/CG13202/CG14339/tilB/CG10859/Cc2d2a/RpS28-like",16,"male","up"
"BP","GO:0003382","epithelial cell morphogenesis","2/333","23/7230",0.0869565217391304,1.88797493145319,0.937170217092867,0.28652050471016,0.999999986064185,0.999999986064185,"dyl/m",2,"male","up"
"BP","GO:0009134","nucleoside diphosphate catabolic process","2/333","23/7230",0.0869565217391304,1.88797493145319,0.937170217092867,0.28652050471016,0.999999986064185,0.999999986064185,"Hex-t1/CG7059",2,"male","up"
"BP","GO:0009185","ribonucleoside diphosphate metabolic process","2/333","23/7230",0.0869565217391304,1.88797493145319,0.937170217092867,0.28652050471016,0.999999986064185,0.999999986064185,"Hex-t1/CG7059",2,"male","up"
"BP","GO:0017157","regulation of exocytosis","2/333","23/7230",0.0869565217391304,1.88797493145319,0.937170217092867,0.28652050471016,0.999999986064185,0.999999986064185,"RabX2/Rab9Fb",2,"male","up"
"BP","GO:0019364","pyridine nucleotide catabolic process","2/333","23/7230",0.0869565217391304,1.88797493145319,0.937170217092867,0.28652050471016,0.999999986064185,0.999999986064185,"Hex-t1/CG7059",2,"male","up"
"BP","GO:0035337","fatty-acyl-CoA metabolic process","2/333","23/7230",0.0869565217391304,1.88797493145319,0.937170217092867,0.28652050471016,0.999999986064185,0.999999986064185,"CG17999/CG14893",2,"male","up"
"BP","GO:0072526","pyridine-containing compound catabolic process","2/333","23/7230",0.0869565217391304,1.88797493145319,0.937170217092867,0.28652050471016,0.999999986064185,0.999999986064185,"Hex-t1/CG7059",2,"male","up"
"BP","GO:0009152","purine ribonucleotide biosynthetic process","4/333","59/7230",0.0677966101694915,1.4719804550313,0.799818187074749,0.287913929538212,0.999999986064185,0.999999986064185,"CG17999/CG32305/ATPsynCF6L/ATPsynG",4,"male","up"
"BP","GO:0050954","sensory perception of mechanical stimulus","3/333","41/7230",0.0731707317073171,1.58866183256427,0.830528769094434,0.292247982607032,0.999999986064185,0.999999986064185,"Zmynd10/Nmdar1/tilB",3,"male","up"
"BP","GO:1901617","organic hydroxy compound biosynthetic process","3/333","41/7230",0.0731707317073171,1.58866183256427,0.830528769094434,0.292247982607032,0.999999986064185,0.999999986064185,"Pmvk/dib/Pepck2",3,"male","up"
"BP","GO:0007131","reciprocal meiotic recombination","2/333","24/7230",0.0833333333333333,1.80930930930931,0.872577769014522,0.303840667586274,0.999999986064185,0.999999986064185,"mus304/CG42391",2,"male","up"
"BP","GO:0009132","nucleoside diphosphate metabolic process","2/333","24/7230",0.0833333333333333,1.80930930930931,0.872577769014522,0.303840667586274,0.999999986064185,0.999999986064185,"Hex-t1/CG7059",2,"male","up"
"BP","GO:0030048","actin filament-based movement","2/333","24/7230",0.0833333333333333,1.80930930930931,0.872577769014522,0.303840667586274,0.999999986064185,0.999999986064185,"dyl/m",2,"male","up"
"BP","GO:0034599","cellular response to oxidative stress","2/333","24/7230",0.0833333333333333,1.80930930930931,0.872577769014522,0.303840667586274,0.999999986064185,0.999999986064185,"Grx1t/Prx1",2,"male","up"
"BP","GO:0140527","reciprocal homologous recombination","2/333","24/7230",0.0833333333333333,1.80930930930931,0.872577769014522,0.303840667586274,0.999999986064185,0.999999986064185,"mus304/CG42391",2,"male","up"
"BP","GO:1901568","fatty acid derivative metabolic process","2/333","24/7230",0.0833333333333333,1.80930930930931,0.872577769014522,0.303840667586274,0.999999986064185,0.999999986064185,"CG17999/CG14893",2,"male","up"
"BP","GO:0033865","nucleoside bisphosphate metabolic process","3/333","42/7230",0.0714285714285714,1.55083655083655,0.786637194602172,0.305019303459407,0.999999986064185,0.999999986064185,"CG17999/Pmvk/CG14893",3,"male","up"
"BP","GO:0033875","ribonucleoside bisphosphate metabolic process","3/333","42/7230",0.0714285714285714,1.55083655083655,0.786637194602172,0.305019303459407,0.999999986064185,0.999999986064185,"CG17999/Pmvk/CG14893",3,"male","up"
"BP","GO:0034032","purine nucleoside bisphosphate metabolic process","3/333","42/7230",0.0714285714285714,1.55083655083655,0.786637194602172,0.305019303459407,0.999999986064185,0.999999986064185,"CG17999/Pmvk/CG14893",3,"male","up"
"BP","GO:0034504","protein localization to nucleus","3/333","42/7230",0.0714285714285714,1.55083655083655,0.786637194602172,0.305019303459407,0.999999986064185,0.999999986064185,"CG8219/alphaKap4/Apl",3,"male","up"
"BP","GO:0072524","pyridine-containing compound metabolic process","3/333","42/7230",0.0714285714285714,1.55083655083655,0.786637194602172,0.305019303459407,0.999999986064185,0.999999986064185,"Gpdh2/Hex-t1/CG7059",3,"male","up"
"BP","GO:0072594","establishment of protein localization to organelle","7/333","119/7230",0.0588235294117647,1.27715951245363,0.669836865940557,0.308237004320077,0.999999986064185,0.999999986064185,"CG8219/alphaKap4/Tim13/CG32727/CG1409/Tim17a2/Apl",7,"male","up"
"BP","GO:0009260","ribonucleotide biosynthetic process","4/333","62/7230",0.0645161290322581,1.40075559430398,0.696317894443177,0.319453679270485,0.999999986064185,0.999999986064185,"CG17999/CG32305/ATPsynCF6L/ATPsynG",4,"male","up"
"BP","GO:0009593","detection of chemical stimulus","4/333","62/7230",0.0645161290322581,1.40075559430398,0.696317894443177,0.319453679270485,0.999999986064185,0.999999986064185,"Or22b/Ir41a/Ir40a/Ir85a",4,"male","up"
"BP","GO:0070482","response to oxygen levels","4/333","62/7230",0.0645161290322581,1.40075559430398,0.696317894443177,0.319453679270485,0.999999986064185,0.999999986064185,"Hsp70Bb/Hsp70Bbb/Hsp70Bc/Hph",4,"male","up"
"BP","GO:0000077","DNA damage checkpoint signaling","2/333","25/7230",0.08,1.73693693693694,0.81098804607389,0.321083707049516,0.999999986064185,0.999999986064185,"timeout/mus304",2,"male","up"
"BP","GO:0006694","steroid biosynthetic process","2/333","25/7230",0.08,1.73693693693694,0.81098804607389,0.321083707049516,0.999999986064185,0.999999986064185,"Pmvk/dib",2,"male","up"
"BP","GO:0006720","isoprenoid metabolic process","2/333","25/7230",0.08,1.73693693693694,0.81098804607389,0.321083707049516,0.999999986064185,0.999999986064185,"Pmvk/santa-maria",2,"male","up"
"BP","GO:0006904","vesicle docking involved in exocytosis","2/333","25/7230",0.08,1.73693693693694,0.81098804607389,0.321083707049516,0.999999986064185,0.999999986064185,"RabX2/Rab9Fb",2,"male","up"
"BP","GO:0035825","homologous recombination","2/333","25/7230",0.08,1.73693693693694,0.81098804607389,0.321083707049516,0.999999986064185,0.999999986064185,"mus304/CG42391",2,"male","up"
"BP","GO:0045448","mitotic cell cycle, embryonic","2/333","25/7230",0.08,1.73693693693694,0.81098804607389,0.321083707049516,0.999999986064185,0.999999986064185,"neb/mus304",2,"male","up"
"BP","GO:0006605","protein targeting","5/333","83/7230",0.0602409638554217,1.30793444046456,0.619964091697575,0.335475017526246,0.999999986064185,0.999999986064185,"Tim13/CG32727/CG1409/Tim17a2/CG17287",5,"male","up"
"BP","GO:0035966","response to topologically incorrect protein","2/333","26/7230",0.0769230769230769,1.67013167013167,0.752126829740778,0.33822004947236,0.999999986064185,0.999999986064185,"Hsp70Bb/Hsp70Bc",2,"male","up"
"BP","GO:0043543","protein acylation","2/333","26/7230",0.0769230769230769,1.67013167013167,0.752126829740778,0.33822004947236,0.999999986064185,0.999999986064185,"CG31730/CG17287",2,"male","up"
"BP","GO:0046785","microtubule polymerization","2/333","26/7230",0.0769230769230769,1.67013167013167,0.752126829740778,0.33822004947236,0.999999986064185,0.999999986064185,"Jupiter/t-Grip84",2,"male","up"
"BP","GO:0048278","vesicle docking","2/333","26/7230",0.0769230769230769,1.67013167013167,0.752126829740778,0.33822004947236,0.999999986064185,0.999999986064185,"RabX2/Rab9Fb",2,"male","up"
"BP","GO:0062197","cellular response to chemical stress","2/333","26/7230",0.0769230769230769,1.67013167013167,0.752126829740778,0.33822004947236,0.999999986064185,0.999999986064185,"Grx1t/Prx1",2,"male","up"
"BP","GO:0006164","purine nucleotide biosynthetic process","4/333","64/7230",0.0625,1.35698198198198,0.630273427660684,0.340633141508807,0.999999986064185,0.999999986064185,"CG17999/CG32305/ATPsynCF6L/ATPsynG",4,"male","up"
"BP","GO:0046390","ribose phosphate biosynthetic process","4/333","64/7230",0.0625,1.35698198198198,0.630273427660684,0.340633141508807,0.999999986064185,0.999999986064185,"CG17999/CG32305/ATPsynCF6L/ATPsynG",4,"male","up"
"BP","GO:0008355","olfactory learning","2/333","27/7230",0.0740740740740741,1.60827494160827,0.695754808532959,0.355222992938641,0.999999986064185,0.999999986064185,"sra/Nmdar1",2,"male","up"
"BP","GO:0009154","purine ribonucleotide catabolic process","2/333","27/7230",0.0740740740740741,1.60827494160827,0.695754808532959,0.355222992938641,0.999999986064185,0.999999986064185,"Hex-t1/CG7059",2,"male","up"
"BP","GO:0009261","ribonucleotide catabolic process","2/333","27/7230",0.0740740740740741,1.60827494160827,0.695754808532959,0.355222992938641,0.999999986064185,0.999999986064185,"Hex-t1/CG7059",2,"male","up"
"BP","GO:0016579","protein deubiquitination","2/333","27/7230",0.0740740740740741,1.60827494160827,0.695754808532959,0.355222992938641,0.999999986064185,0.999999986064185,"Uch-L5R/CG12231",2,"male","up"
"BP","GO:0032886","regulation of microtubule-based process","3/333","46/7230",0.0652173913043478,1.41598119858989,0.621871382972797,0.356187799134456,0.999999986064185,0.999999986064185,"Jupiter/CG2955/CG17118",3,"male","up"
"BP","GO:0000226","microtubule cytoskeleton organization","13/333","249/7230",0.0522088353413655,1.13354318173595,0.471187423330756,0.360842563235333,0.999999986064185,0.999999986064185,"CG13032/Jupiter/Rsph4a/Mst84Dd/CG2955/Zmynd10/t-Grip84/CG34274/CG8509/CG13202/tilB/CG10859/TTLL1A",13,"male","up"
"BP","GO:0035725","sodium ion transmembrane transport","3/333","47/7230",0.0638297872340425,1.38585393904543,0.583109410122609,0.368931051657306,0.999999986064185,0.999999986064185,"ppk6/CG14362/CG13794",3,"male","up"
"BP","GO:0031570","DNA integrity checkpoint signaling","2/333","28/7230",0.0714285714285714,1.55083655083655,0.641662004269713,0.372068506787079,0.999999986064185,0.999999986064185,"timeout/mus304",2,"male","up"
"BP","GO:0042770","signal transduction in response to DNA damage","2/333","28/7230",0.0714285714285714,1.55083655083655,0.641662004269713,0.372068506787079,0.999999986064185,0.999999986064185,"timeout/mus304",2,"male","up"
"BP","GO:0071407","cellular response to organic cyclic compound","2/333","28/7230",0.0714285714285714,1.55083655083655,0.641662004269713,0.372068506787079,0.999999986064185,0.999999986064185,"CG11893/Pepck2",2,"male","up"
"BP","GO:0002028","regulation of sodium ion transport","1/333","10/7230",0.1,2.17117117117117,0.814297105152858,0.376137817631085,0.999999986064185,0.999999986064185,"CG14362",1,"male","up"
"BP","GO:0006378","mRNA polyadenylation","1/333","10/7230",0.1,2.17117117117117,0.814297105152858,0.376137817631085,0.999999986064185,0.999999986064185,"Gld2",1,"male","up"
"BP","GO:0006778","porphyrin-containing compound metabolic process","1/333","10/7230",0.1,2.17117117117117,0.814297105152858,0.376137817631085,0.999999986064185,0.999999986064185,"Uros2",1,"male","up"
"BP","GO:0007638","mechanosensory behavior","1/333","10/7230",0.1,2.17117117117117,0.814297105152858,0.376137817631085,0.999999986064185,0.999999986064185,"Pzl",1,"male","up"
"BP","GO:0008362","chitin-based embryonic cuticle biosynthetic process","1/333","10/7230",0.1,2.17117117117117,0.814297105152858,0.376137817631085,0.999999986064185,0.999999986064185,"dib",1,"male","up"
"BP","GO:0008645","hexose transmembrane transport","1/333","10/7230",0.1,2.17117117117117,0.814297105152858,0.376137817631085,0.999999986064185,0.999999986064185,"MFS3",1,"male","up"
"BP","GO:0009996","negative regulation of cell fate specification","1/333","10/7230",0.1,2.17117117117117,0.814297105152858,0.376137817631085,0.999999986064185,0.999999986064185,"aop",1,"male","up"
"BP","GO:0015740","C4-dicarboxylate transport","1/333","10/7230",0.1,2.17117117117117,0.814297105152858,0.376137817631085,0.999999986064185,0.999999986064185,"CG16736",1,"male","up"
"BP","GO:0016063","rhodopsin biosynthetic process","1/333","10/7230",0.1,2.17117117117117,0.814297105152858,0.376137817631085,0.999999986064185,0.999999986064185,"santa-maria",1,"male","up"
"BP","GO:0018991","egg-laying behavior","1/333","10/7230",0.1,2.17117117117117,0.814297105152858,0.376137817631085,0.999999986064185,0.999999986064185,"Gadd45",1,"male","up"
"BP","GO:0019321","pentose metabolic process","1/333","10/7230",0.1,2.17117117117117,0.814297105152858,0.376137817631085,0.999999986064185,0.999999986064185,"CG17010",1,"male","up"
"BP","GO:0031365","N-terminal protein amino acid modification","1/333","10/7230",0.1,2.17117117117117,0.814297105152858,0.376137817631085,0.999999986064185,0.999999986064185,"CG31730",1,"male","up"
"BP","GO:0035304","regulation of protein dephosphorylation","1/333","10/7230",0.1,2.17117117117117,0.814297105152858,0.376137817631085,0.999999986064185,0.999999986064185,"I-t",1,"male","up"
"BP","GO:0035336","long-chain fatty-acyl-CoA metabolic process","1/333","10/7230",0.1,2.17117117117117,0.814297105152858,0.376137817631085,0.999999986064185,0.999999986064185,"CG14893",1,"male","up"
"BP","GO:0044331","cell-cell adhesion mediated by cadherin","1/333","10/7230",0.1,2.17117117117117,0.814297105152858,0.376137817631085,0.999999986064185,0.999999986064185,"Cad88C",1,"male","up"
"BP","GO:0046011","regulation of oskar mRNA translation","1/333","10/7230",0.1,2.17117117117117,0.814297105152858,0.376137817631085,0.999999986064185,0.999999986064185,"krimp",1,"male","up"
"BP","GO:0046154","rhodopsin metabolic process","1/333","10/7230",0.1,2.17117117117117,0.814297105152858,0.376137817631085,0.999999986064185,0.999999986064185,"santa-maria",1,"male","up"
"BP","GO:0046460","neutral lipid biosynthetic process","1/333","10/7230",0.1,2.17117117117117,0.814297105152858,0.376137817631085,0.999999986064185,0.999999986064185,"Pepck2",1,"male","up"
"BP","GO:0046463","acylglycerol biosynthetic process","1/333","10/7230",0.1,2.17117117117117,0.814297105152858,0.376137817631085,0.999999986064185,0.999999986064185,"Pepck2",1,"male","up"
"BP","GO:0051156","glucose 6-phosphate metabolic process","1/333","10/7230",0.1,2.17117117117117,0.814297105152858,0.376137817631085,0.999999986064185,0.999999986064185,"Hex-t1",1,"male","up"
"BP","GO:0072528","pyrimidine-containing compound biosynthetic process","1/333","10/7230",0.1,2.17117117117117,0.814297105152858,0.376137817631085,0.999999986064185,0.999999986064185,"l(2)k01209",1,"male","up"
"BP","GO:0033365","protein localization to organelle","9/333","170/7230",0.0529411764705882,1.14944356120827,0.433241882709327,0.38275306633478,0.999999986064185,0.999999986064185,"CG8219/CG2955/alphaKap4/Tim13/CG32727/CG1409/Tim17a2/Cc2d2a/Apl",9,"male","up"
"BP","GO:0030307","positive regulation of cell growth","2/333","29/7230",0.0689655172413793,1.49735942839391,0.589663254176416,0.388735043439826,0.999999986064185,0.999999986064185,"CG7423/Hph",2,"male","up"
"BP","GO:0006888","endoplasmic reticulum to Golgi vesicle-mediated transport","3/333","49/7230",0.0612244897959184,1.32928847214561,0.508174911043843,0.39427062292098,0.999999986064185,0.999999986064185,"CG31787/Rab9Fb/CG9067",3,"male","up"
"BP","GO:0015031","protein transport","13/333","256/7230",0.05078125,1.10254786036036,0.367059721369181,0.398986834496208,0.999999986064185,0.999999986064185,"CG17819/CG31787/CG8219/RabX2/alphaKap4/Tim13/Hph/apolpp/CG32727/CG1409/Rab9Fb/Tim17a2/Apl",13,"male","up"
"BP","GO:0000463","maturation of LSU-rRNA from tricistronic rRNA transcript (SSU-rRNA, 5.8S rRNA, LSU-rRNA)","1/333","11/7230",0.0909090909090909,1.97379197379197,0.710158236608495,0.404911516624,0.999999986064185,0.999999986064185,"CG8204",1,"male","up"
"BP","GO:0006032","chitin catabolic process","1/333","11/7230",0.0909090909090909,1.97379197379197,0.710158236608495,0.404911516624,0.999999986064185,0.999999986064185,"Cht8",1,"male","up"
"BP","GO:0016266","O-glycan processing","1/333","11/7230",0.0909090909090909,1.97379197379197,0.710158236608495,0.404911516624,0.999999986064185,0.999999986064185,"C1GalTA",1,"male","up"
"BP","GO:0019674","NAD metabolic process","1/333","11/7230",0.0909090909090909,1.97379197379197,0.710158236608495,0.404911516624,0.999999986064185,0.999999986064185,"Gpdh2",1,"male","up"
"BP","GO:0030237","female sex determination","1/333","11/7230",0.0909090909090909,1.97379197379197,0.710158236608495,0.404911516624,0.999999986064185,0.999999986064185,"stil",1,"male","up"
"BP","GO:0033013","tetrapyrrole metabolic process","1/333","11/7230",0.0909090909090909,1.97379197379197,0.710158236608495,0.404911516624,0.999999986064185,0.999999986064185,"Uros2",1,"male","up"
"BP","GO:0034614","cellular response to reactive oxygen species","1/333","11/7230",0.0909090909090909,1.97379197379197,0.710158236608495,0.404911516624,0.999999986064185,0.999999986064185,"Prx1",1,"male","up"
"BP","GO:0035435","phosphate ion transmembrane transport","1/333","11/7230",0.0909090909090909,1.97379197379197,0.710158236608495,0.404911516624,0.999999986064185,0.999999986064185,"CG16736",1,"male","up"
"BP","GO:0042451","purine nucleoside biosynthetic process","1/333","11/7230",0.0909090909090909,1.97379197379197,0.710158236608495,0.404911516624,0.999999986064185,0.999999986064185,"Adk3",1,"male","up"
"BP","GO:0042455","ribonucleoside biosynthetic process","1/333","11/7230",0.0909090909090909,1.97379197379197,0.710158236608495,0.404911516624,0.999999986064185,0.999999986064185,"Adk3",1,"male","up"
"BP","GO:0042743","hydrogen peroxide metabolic process","1/333","11/7230",0.0909090909090909,1.97379197379197,0.710158236608495,0.404911516624,0.999999986064185,0.999999986064185,"Prx1",1,"male","up"
"BP","GO:0046008","regulation of female receptivity, post-mating","1/333","11/7230",0.0909090909090909,1.97379197379197,0.710158236608495,0.404911516624,0.999999986064185,0.999999986064185,"sra",1,"male","up"
"BP","GO:0046129","purine ribonucleoside biosynthetic process","1/333","11/7230",0.0909090909090909,1.97379197379197,0.710158236608495,0.404911516624,0.999999986064185,0.999999986064185,"Adk3",1,"male","up"
"BP","GO:0050905","neuromuscular process","1/333","11/7230",0.0909090909090909,1.97379197379197,0.710158236608495,0.404911516624,0.999999986064185,0.999999986064185,"Zmynd10",1,"male","up"
"BP","GO:0089718","amino acid import across plasma membrane","1/333","11/7230",0.0909090909090909,1.97379197379197,0.710158236608495,0.404911516624,0.999999986064185,0.999999986064185,"CG13794",1,"male","up"
"BP","GO:0140965","secondary piRNA processing","1/333","11/7230",0.0909090909090909,1.97379197379197,0.710158236608495,0.404911516624,0.999999986064185,0.999999986064185,"krimp",1,"male","up"
"BP","GO:0045995","regulation of embryonic development","2/333","30/7230",0.0666666666666667,1.44744744744745,0.539594519697674,0.405203361814887,0.999999986064185,0.999999986064185,"dyl/m",2,"male","up"
"BP","GO:0006470","protein dephosphorylation","4/333","72/7230",0.0555555555555556,1.20620620620621,0.386369867927259,0.4251646726522,0.999999986064185,0.999999986064185,"Pp1-Y1/CG15035/I-t/Pp1-Y2",4,"male","up"
"BP","GO:0009165","nucleotide biosynthetic process","4/333","72/7230",0.0555555555555556,1.20620620620621,0.386369867927259,0.4251646726522,0.999999986064185,0.999999986064185,"CG17999/CG32305/ATPsynCF6L/ATPsynG",4,"male","up"
"BP","GO:0007616","long-term memory","3/333","52/7230",0.0576923076923077,1.25259875259875,0.401663402179084,0.431747765022815,0.999999986064185,0.999999986064185,"sra/Nmdar1/Gld2",3,"male","up"
"BP","GO:0090174","organelle membrane fusion","3/333","52/7230",0.0576923076923077,1.25259875259875,0.401663402179084,0.431747765022815,0.999999986064185,0.999999986064185,"RabX2/Sec20/Rab9Fb",3,"male","up"
"BP","GO:0006271","DNA strand elongation involved in DNA replication","1/333","12/7230",0.0833333333333333,1.80930930930931,0.616492555076102,0.432361920414582,0.999999986064185,0.999999986064185,"DNAlig3",1,"male","up"
"BP","GO:0006721","terpenoid metabolic process","1/333","12/7230",0.0833333333333333,1.80930930930931,0.616492555076102,0.432361920414582,0.999999986064185,0.999999986064185,"santa-maria",1,"male","up"
"BP","GO:0008299","isoprenoid biosynthetic process","1/333","12/7230",0.0833333333333333,1.80930930930931,0.616492555076102,0.432361920414582,0.999999986064185,0.999999986064185,"Pmvk",1,"male","up"
"BP","GO:0009163","nucleoside biosynthetic process","1/333","12/7230",0.0833333333333333,1.80930930930931,0.616492555076102,0.432361920414582,0.999999986064185,0.999999986064185,"Adk3",1,"male","up"
"BP","GO:0009190","cyclic nucleotide biosynthetic process","1/333","12/7230",0.0833333333333333,1.80930930930931,0.616492555076102,0.432361920414582,0.999999986064185,0.999999986064185,"CG32305",1,"male","up"
"BP","GO:0016339","calcium-dependent cell-cell adhesion via plasma membrane cell adhesion molecules","1/333","12/7230",0.0833333333333333,1.80930930930931,0.616492555076102,0.432361920414582,0.999999986064185,0.999999986064185,"Cad88C",1,"male","up"
"BP","GO:0018230","peptidyl-L-cysteine S-palmitoylation","1/333","12/7230",0.0833333333333333,1.80930930930931,0.616492555076102,0.432361920414582,0.999999986064185,0.999999986064185,"CG17287",1,"male","up"
"BP","GO:0018231","peptidyl-S-diacylglycerol-L-cysteine biosynthetic process from peptidyl-cysteine","1/333","12/7230",0.0833333333333333,1.80930930930931,0.616492555076102,0.432361920414582,0.999999986064185,0.999999986064185,"CG17287",1,"male","up"
"BP","GO:0022408","negative regulation of cell-cell adhesion","1/333","12/7230",0.0833333333333333,1.80930930930931,0.616492555076102,0.432361920414582,0.999999986064185,0.999999986064185,"aop",1,"male","up"
"BP","GO:0022616","DNA strand elongation","1/333","12/7230",0.0833333333333333,1.80930930930931,0.616492555076102,0.432361920414582,0.999999986064185,0.999999986064185,"DNAlig3",1,"male","up"
"BP","GO:0030042","actin filament depolymerization","1/333","12/7230",0.0833333333333333,1.80930930930931,0.616492555076102,0.432361920414582,0.999999986064185,0.999999986064185,"CG7423",1,"male","up"
"BP","GO:0034404","nucleobase-containing small molecule biosynthetic process","1/333","12/7230",0.0833333333333333,1.80930930930931,0.616492555076102,0.432361920414582,0.999999986064185,0.999999986064185,"Adk3",1,"male","up"
"BP","GO:0045005","DNA-templated DNA replication maintenance of fidelity","1/333","12/7230",0.0833333333333333,1.80930930930931,0.616492555076102,0.432361920414582,0.999999986064185,0.999999986064185,"timeout",1,"male","up"
"BP","GO:0046348","amino sugar catabolic process","1/333","12/7230",0.0833333333333333,1.80930930930931,0.616492555076102,0.432361920414582,0.999999986064185,0.999999986064185,"Cht8",1,"male","up"
"BP","GO:0048056","R3/R4 cell differentiation","1/333","12/7230",0.0833333333333333,1.80930930930931,0.616492555076102,0.432361920414582,0.999999986064185,0.999999986064185,"aop",1,"male","up"
"BP","GO:0072348","sulfur compound transport","1/333","12/7230",0.0833333333333333,1.80930930930931,0.616492555076102,0.432361920414582,0.999999986064185,0.999999986064185,"CG16736",1,"male","up"
"BP","GO:1901072","glucosamine-containing compound catabolic process","1/333","12/7230",0.0833333333333333,1.80930930930931,0.616492555076102,0.432361920414582,0.999999986064185,0.999999986064185,"Cht8",1,"male","up"
"BP","GO:1901655","cellular response to ketone","1/333","12/7230",0.0833333333333333,1.80930930930931,0.616492555076102,0.432361920414582,0.999999986064185,0.999999986064185,"Pepck2",1,"male","up"
"BP","GO:1901659","glycosyl compound biosynthetic process","1/333","12/7230",0.0833333333333333,1.80930930930931,0.616492555076102,0.432361920414582,0.999999986064185,0.999999986064185,"Adk3",1,"male","up"
"BP","GO:1901880","negative regulation of protein depolymerization","1/333","12/7230",0.0833333333333333,1.80930930930931,0.616492555076102,0.432361920414582,0.999999986064185,0.999999986064185,"CG7423",1,"male","up"
"BP","GO:1901293","nucleoside phosphate biosynthetic process","4/333","73/7230",0.0547945205479452,1.18968283351845,0.357894534467674,0.435590150642226,0.999999986064185,0.999999986064185,"CG17999/CG32305/ATPsynCF6L/ATPsynG",4,"male","up"
"BP","GO:0007156","homophilic cell adhesion via plasma membrane adhesion molecules","2/333","32/7230",0.0625,1.35698198198198,0.44467885688791,0.437478928177553,0.999999986064185,0.999999986064185,"ImpL2/Cad88C",2,"male","up"
"BP","GO:0008306","associative learning","2/333","32/7230",0.0625,1.35698198198198,0.44467885688791,0.437478928177553,0.999999986064185,0.999999986064185,"sra/Nmdar1",2,"male","up"
"BP","GO:0070507","regulation of microtubule cytoskeleton organization","2/333","32/7230",0.0625,1.35698198198198,0.44467885688791,0.437478928177553,0.999999986064185,0.999999986064185,"Jupiter/CG2955",2,"male","up"
"BP","GO:0005996","monosaccharide metabolic process","3/333","53/7230",0.0566037735849057,1.22896481387047,0.367592231915598,0.444058641138081,0.999999986064185,0.999999986064185,"CG17010/Hex-t1/Pepck2",3,"male","up"
"BP","GO:0051321","meiotic cell cycle","7/333","138/7230",0.0507246376811594,1.10131871001436,0.264043783770867,0.452493337116862,0.999999986064185,0.999999986064185,"HP6/t-Grip84/sra/neb/mus304/krimp/CG42391",7,"male","up"
"BP","GO:0006006","glucose metabolic process","2/333","33/7230",0.0606060606060606,1.31586131586132,0.399584630231705,0.45325778635926,0.999999986064185,0.999999986064185,"Hex-t1/Pepck2",2,"male","up"
"BP","GO:0007605","sensory perception of sound","2/333","33/7230",0.0606060606060606,1.31586131586132,0.399584630231705,0.45325778635926,0.999999986064185,0.999999986064185,"Zmynd10/tilB",2,"male","up"
"BP","GO:0022406","membrane docking","2/333","33/7230",0.0606060606060606,1.31586131586132,0.399584630231705,0.45325778635926,0.999999986064185,0.999999986064185,"RabX2/Rab9Fb",2,"male","up"
"BP","GO:0140056","organelle localization by membrane tethering","2/333","33/7230",0.0606060606060606,1.31586131586132,0.399584630231705,0.45325778635926,0.999999986064185,0.999999986064185,"RabX2/Rab9Fb",2,"male","up"
"BP","GO:0061025","membrane fusion","3/333","54/7230",0.0555555555555556,1.20620620620621,0.334186200882626,0.456264041680513,0.999999986064185,0.999999986064185,"RabX2/Sec20/Rab9Fb",3,"male","up"
"BP","GO:0000028","ribosomal small subunit assembly","1/333","13/7230",0.0769230769230769,1.67013167013167,0.531354768787869,0.458549712116153,0.999999986064185,0.999999986064185,"RpS28-like",1,"male","up"
"BP","GO:0006123","mitochondrial electron transport, cytochrome c to oxygen","1/333","13/7230",0.0769230769230769,1.67013167013167,0.531354768787869,0.458549712116153,0.999999986064185,0.999999986064185,"COX7CL",1,"male","up"
"BP","GO:0006309","apoptotic DNA fragmentation","1/333","13/7230",0.0769230769230769,1.67013167013167,0.531354768787869,0.458549712116153,0.999999986064185,0.999999986064185,"CG12917",1,"male","up"
"BP","GO:0006805","xenobiotic metabolic process","1/333","13/7230",0.0769230769230769,1.67013167013167,0.531354768787869,0.458549712116153,0.999999986064185,0.999999986064185,"CG11893",1,"male","up"
"BP","GO:0006921","cellular component disassembly involved in execution phase of apoptosis","1/333","13/7230",0.0769230769230769,1.67013167013167,0.531354768787869,0.458549712116153,0.999999986064185,0.999999986064185,"CG12917",1,"male","up"
"BP","GO:0007080","mitotic metaphase chromosome alignment","1/333","13/7230",0.0769230769230769,1.67013167013167,0.531354768787869,0.458549712116153,0.999999986064185,0.999999986064185,"Mis12",1,"male","up"
"BP","GO:0007162","negative regulation of cell adhesion","1/333","13/7230",0.0769230769230769,1.67013167013167,0.531354768787869,0.458549712116153,0.999999986064185,0.999999986064185,"aop",1,"male","up"
"BP","GO:0018990","ecdysis, chitin-based cuticle","1/333","13/7230",0.0769230769230769,1.67013167013167,0.531354768787869,0.458549712116153,0.999999986064185,0.999999986064185,"Cht8",1,"male","up"
"BP","GO:0030262","apoptotic nuclear changes","1/333","13/7230",0.0769230769230769,1.67013167013167,0.531354768787869,0.458549712116153,0.999999986064185,0.999999986064185,"CG12917",1,"male","up"
"BP","GO:0034644","cellular response to UV","1/333","13/7230",0.0769230769230769,1.67013167013167,0.531354768787869,0.458549712116153,0.999999986064185,0.999999986064185,"TotE",1,"male","up"
"BP","GO:0035303","regulation of dephosphorylation","1/333","13/7230",0.0769230769230769,1.67013167013167,0.531354768787869,0.458549712116153,0.999999986064185,0.999999986064185,"I-t",1,"male","up"
"BP","GO:0043052","thermotaxis","1/333","13/7230",0.0769230769230769,1.67013167013167,0.531354768787869,0.458549712116153,0.999999986064185,0.999999986064185,"santa-maria",1,"male","up"
"BP","GO:0043242","negative regulation of protein-containing complex disassembly","1/333","13/7230",0.0769230769230769,1.67013167013167,0.531354768787869,0.458549712116153,0.999999986064185,0.999999986064185,"CG7423",1,"male","up"
"BP","GO:0045433","male courtship behavior, veined wing generated song production","1/333","13/7230",0.0769230769230769,1.67013167013167,0.531354768787869,0.458549712116153,0.999999986064185,0.999999986064185,"tilB",1,"male","up"
"BP","GO:0046835","carbohydrate phosphorylation","1/333","13/7230",0.0769230769230769,1.67013167013167,0.531354768787869,0.458549712116153,0.999999986064185,0.999999986064185,"Hex-t1",1,"male","up"
"BP","GO:0070593","dendrite self-avoidance","1/333","13/7230",0.0769230769230769,1.67013167013167,0.531354768787869,0.458549712116153,0.999999986064185,0.999999986064185,"ImpL2",1,"male","up"
"BP","GO:0071466","cellular response to xenobiotic stimulus","1/333","13/7230",0.0769230769230769,1.67013167013167,0.531354768787869,0.458549712116153,0.999999986064185,0.999999986064185,"CG11893",1,"male","up"
"BP","GO:0090151","establishment of protein localization to mitochondrial membrane","1/333","13/7230",0.0769230769230769,1.67013167013167,0.531354768787869,0.458549712116153,0.999999986064185,0.999999986064185,"Tim13",1,"male","up"
"BP","GO:0006457","protein folding","5/333","97/7230",0.0515463917525773,1.11916039751091,0.259604857638987,0.464388974206272,0.999999986064185,0.999999986064185,"Hsp70Bb/Hsp67Bc/Hsp70Bbb/Hsp70Bc/CG18132",5,"male","up"
"BP","GO:0042593","glucose homeostasis","2/333","34/7230",0.0588235294117647,1.27715951245363,0.355921961383827,0.468781364452105,0.999999986064185,0.999999986064185,"Hex-t1/Pepck2",2,"male","up"
"BP","GO:0006308","DNA catabolic process","1/333","14/7230",0.0714285714285714,1.55083655083655,0.453283198729015,0.48353280008419,0.999999986064185,0.999999986064185,"CG12917",1,"male","up"
"BP","GO:0006446","regulation of translational initiation","1/333","14/7230",0.0714285714285714,1.55083655083655,0.453283198729015,0.48353280008419,0.999999986064185,0.999999986064185,"Hsp67Bc",1,"male","up"
"BP","GO:0009112","nucleobase metabolic process","1/333","14/7230",0.0714285714285714,1.55083655083655,0.453283198729015,0.48353280008419,0.999999986064185,0.999999986064185,"Adk3",1,"male","up"
"BP","GO:0009453","energy taxis","1/333","14/7230",0.0714285714285714,1.55083655083655,0.453283198729015,0.48353280008419,0.999999986064185,0.999999986064185,"Nmdar1",1,"male","up"
"BP","GO:0009649","entrainment of circadian clock","1/333","14/7230",0.0714285714285714,1.55083655083655,0.453283198729015,0.48353280008419,0.999999986064185,0.999999986064185,"timeout",1,"male","up"
"BP","GO:0009746","response to hexose","1/333","14/7230",0.0714285714285714,1.55083655083655,0.453283198729015,0.48353280008419,0.999999986064185,0.999999986064185,"Pepck2",1,"male","up"
"BP","GO:0009749","response to glucose","1/333","14/7230",0.0714285714285714,1.55083655083655,0.453283198729015,0.48353280008419,0.999999986064185,0.999999986064185,"Pepck2",1,"male","up"
"BP","GO:0010454","negative regulation of cell fate commitment","1/333","14/7230",0.0714285714285714,1.55083655083655,0.453283198729015,0.48353280008419,0.999999986064185,0.999999986064185,"aop",1,"male","up"
"BP","GO:0015749","monosaccharide transmembrane transport","1/333","14/7230",0.0714285714285714,1.55083655083655,0.453283198729015,0.48353280008419,0.999999986064185,0.999999986064185,"MFS3",1,"male","up"
"BP","GO:0016545","male courtship behavior, veined wing vibration","1/333","14/7230",0.0714285714285714,1.55083655083655,0.453283198729015,0.48353280008419,0.999999986064185,0.999999986064185,"tilB",1,"male","up"
"BP","GO:0018200","peptidyl-glutamic acid modification","1/333","14/7230",0.0714285714285714,1.55083655083655,0.453283198729015,0.48353280008419,0.999999986064185,0.999999986064185,"TTLL1A",1,"male","up"
"BP","GO:0030837","negative regulation of actin filament polymerization","1/333","14/7230",0.0714285714285714,1.55083655083655,0.453283198729015,0.48353280008419,0.999999986064185,0.999999986064185,"CG7423",1,"male","up"
"BP","GO:0042331","phototaxis","1/333","14/7230",0.0714285714285714,1.55083655083655,0.453283198729015,0.48353280008419,0.999999986064185,0.999999986064185,"Nmdar1",1,"male","up"
"BP","GO:0046173","polyol biosynthetic process","1/333","14/7230",0.0714285714285714,1.55083655083655,0.453283198729015,0.48353280008419,0.999999986064185,0.999999986064185,"Pepck2",1,"male","up"
"BP","GO:0046628","positive regulation of insulin receptor signaling pathway","1/333","14/7230",0.0714285714285714,1.55083655083655,0.453283198729015,0.48353280008419,0.999999986064185,0.999999986064185,"ImpL2",1,"male","up"
"BP","GO:0046949","fatty-acyl-CoA biosynthetic process","1/333","14/7230",0.0714285714285714,1.55083655083655,0.453283198729015,0.48353280008419,0.999999986064185,0.999999986064185,"CG17999",1,"male","up"
"BP","GO:0052652","cyclic purine nucleotide metabolic process","1/333","14/7230",0.0714285714285714,1.55083655083655,0.453283198729015,0.48353280008419,0.999999986064185,0.999999986064185,"CG32305",1,"male","up"
"BP","GO:0071322","cellular response to carbohydrate stimulus","1/333","14/7230",0.0714285714285714,1.55083655083655,0.453283198729015,0.48353280008419,0.999999986064185,0.999999986064185,"Pepck2",1,"male","up"
"BP","GO:0072375","medium-term memory","1/333","14/7230",0.0714285714285714,1.55083655083655,0.453283198729015,0.48353280008419,0.999999986064185,0.999999986064185,"Nmdar1",1,"male","up"
"BP","GO:0090329","regulation of DNA-templated DNA replication","1/333","14/7230",0.0714285714285714,1.55083655083655,0.453283198729015,0.48353280008419,0.999999986064185,0.999999986064185,"timeout",1,"male","up"
"BP","GO:1900078","positive regulation of cellular response to insulin stimulus","1/333","14/7230",0.0714285714285714,1.55083655083655,0.453283198729015,0.48353280008419,0.999999986064185,0.999999986064185,"ImpL2",1,"male","up"
"BP","GO:1901879","regulation of protein depolymerization","1/333","14/7230",0.0714285714285714,1.55083655083655,0.453283198729015,0.48353280008419,0.999999986064185,0.999999986064185,"CG7423",1,"male","up"
"BP","GO:0006874","intracellular calcium ion homeostasis","2/333","35/7230",0.0571428571428571,1.24066924066924,0.313595864537505,0.484039666044956,0.999999986064185,0.999999986064185,"CG43321/CG14743",2,"male","up"
"BP","GO:0032456","endocytic recycling","2/333","35/7230",0.0571428571428571,1.24066924066924,0.313595864537505,0.484039666044956,0.999999986064185,0.999999986064185,"RabX2/Rab9Fb",2,"male","up"
"BP","GO:0032482","Rab protein signal transduction","2/333","35/7230",0.0571428571428571,1.24066924066924,0.313595864537505,0.484039666044956,0.999999986064185,0.999999986064185,"RabX2/Rab9Fb",2,"male","up"
"BP","GO:0051606","detection of stimulus","6/333","122/7230",0.0491803278688525,1.06778910057599,0.165919409587988,0.49469150043311,0.999999986064185,0.999999986064185,"Pzl/Or22b/Ir41a/Ir40a/Ir85a/santa-maria",6,"male","up"
"BP","GO:0008360","regulation of cell shape","2/333","36/7230",0.0555555555555556,1.20620620620621,0.272520314786042,0.499024150264661,0.999999986064185,0.999999986064185,"dyl/m",2,"male","up"
"BP","GO:0170041","non-proteinogenic amino acid metabolic process","2/333","36/7230",0.0555555555555556,1.20620620620621,0.272520314786042,0.499024150264661,0.999999986064185,0.999999986064185,"Hph/Odc2",2,"male","up"
"BP","GO:0006030","chitin metabolic process","1/333","15/7230",0.0666666666666667,1.44744744744745,0.381154115007075,0.507366444426203,0.999999986064185,0.999999986064185,"Cht8",1,"male","up"
"BP","GO:0006890","retrograde vesicle-mediated transport, Golgi to endoplasmic reticulum","1/333","15/7230",0.0666666666666667,1.44744744744745,0.381154115007075,0.507366444426203,0.999999986064185,0.999999986064185,"Sec20",1,"male","up"
"BP","GO:0009187","cyclic nucleotide metabolic process","1/333","15/7230",0.0666666666666667,1.44744744744745,0.381154115007075,0.507366444426203,0.999999986064185,0.999999986064185,"CG32305",1,"male","up"
"BP","GO:0018198","peptidyl-cysteine modification","1/333","15/7230",0.0666666666666667,1.44744744744745,0.381154115007075,0.507366444426203,0.999999986064185,0.999999986064185,"CG17287",1,"male","up"
"BP","GO:0034219","carbohydrate transmembrane transport","1/333","15/7230",0.0666666666666667,1.44744744744745,0.381154115007075,0.507366444426203,0.999999986064185,0.999999986064185,"MFS3",1,"male","up"
"BP","GO:0034284","response to monosaccharide","1/333","15/7230",0.0666666666666667,1.44744744744745,0.381154115007075,0.507366444426203,0.999999986064185,0.999999986064185,"Pepck2",1,"male","up"
"BP","GO:0035017","cuticle pattern formation","1/333","15/7230",0.0666666666666667,1.44744744744745,0.381154115007075,0.507366444426203,0.999999986064185,0.999999986064185,"m",1,"male","up"
"BP","GO:0035186","syncytial blastoderm mitotic cell cycle","1/333","15/7230",0.0666666666666667,1.44744744744745,0.381154115007075,0.507366444426203,0.999999986064185,0.999999986064185,"mus304",1,"male","up"
"BP","GO:0043171","peptide catabolic process","1/333","15/7230",0.0666666666666667,1.44744744744745,0.381154115007075,0.507366444426203,0.999999986064185,0.999999986064185,"Psa",1,"male","up"
"BP","GO:0044818","mitotic G2/M transition checkpoint","1/333","15/7230",0.0666666666666667,1.44744744744745,0.381154115007075,0.507366444426203,0.999999986064185,0.999999986064185,"mus304",1,"male","up"
"BP","GO:0045676","regulation of R7 cell differentiation","1/333","15/7230",0.0666666666666667,1.44744744744745,0.381154115007075,0.507366444426203,0.999999986064185,0.999999986064185,"aop",1,"male","up"
"BP","GO:0048065","male courtship behavior, veined wing extension","1/333","15/7230",0.0666666666666667,1.44744744744745,0.381154115007075,0.507366444426203,0.999999986064185,0.999999986064185,"tilB",1,"male","up"
"BP","GO:0051303","establishment of chromosome localization","1/333","15/7230",0.0666666666666667,1.44744744744745,0.381154115007075,0.507366444426203,0.999999986064185,0.999999986064185,"Mis12",1,"male","up"
"BP","GO:0051310","metaphase chromosome alignment","1/333","15/7230",0.0666666666666667,1.44744744744745,0.381154115007075,0.507366444426203,0.999999986064185,0.999999986064185,"Mis12",1,"male","up"
"BP","GO:0006749","glutathione metabolic process","2/333","37/7230",0.0540540540540541,1.1736060384709,0.232617173845174,0.513727619612904,0.999999986064185,0.999999986064185,"GstD3/GstD2",2,"male","up"
"BP","GO:0019915","lipid storage","2/333","37/7230",0.0540540540540541,1.1736060384709,0.232617173845174,0.513727619612904,0.999999986064185,0.999999986064185,"ImpL2/apolpp",2,"male","up"
"BP","GO:0048149","behavioral response to ethanol","2/333","37/7230",0.0540540540540541,1.1736060384709,0.232617173845174,0.513727619612904,0.999999986064185,0.999999986064185,"ccb/Nmdar1",2,"male","up"
"BP","GO:0019646","aerobic electron transport chain","3/333","59/7230",0.0508474576271186,1.10398534127348,0.176213583111583,0.515449640581954,0.999999986064185,0.999999986064185,"ND-24L/COX7CL/SdhCL",3,"male","up"
"BP","GO:0006310","DNA recombination","3/333","60/7230",0.05,1.08558558558559,0.146267483660762,0.526874104609215,0.999999986064185,0.999999986064185,"DNAlig3/mus304/CG42391",3,"male","up"
"BP","GO:0070646","protein modification by small protein removal","2/333","38/7230",0.0526315789473684,1.14272166903746,0.193815270172898,0.52814411499693,0.999999986064185,0.999999986064185,"Uch-L5R/CG12231",2,"male","up"
"BP","GO:0140029","exocytic process","2/333","38/7230",0.0526315789473684,1.14272166903746,0.193815270172898,0.52814411499693,0.999999986064185,0.999999986064185,"RabX2/Rab9Fb",2,"male","up"
"BP","GO:0006817","phosphate ion transport","1/333","16/7230",0.0625,1.35698198198198,0.314086546909412,0.530103377760378,0.999999986064185,0.999999986064185,"CG16736",1,"male","up"
"BP","GO:0007020","microtubule nucleation","1/333","16/7230",0.0625,1.35698198198198,0.314086546909412,0.530103377760378,0.999999986064185,0.999999986064185,"t-Grip84",1,"male","up"
"BP","GO:0009410","response to xenobiotic stimulus","1/333","16/7230",0.0625,1.35698198198198,0.314086546909412,0.530103377760378,0.999999986064185,0.999999986064185,"CG11893",1,"male","up"
"BP","GO:0018345","protein palmitoylation","1/333","16/7230",0.0625,1.35698198198198,0.314086546909412,0.530103377760378,0.999999986064185,0.999999986064185,"CG17287",1,"male","up"
"BP","GO:0030717","oocyte karyosome formation","1/333","16/7230",0.0625,1.35698198198198,0.314086546909412,0.530103377760378,0.999999986064185,0.999999986064185,"krimp",1,"male","up"
"BP","GO:0032272","negative regulation of protein polymerization","1/333","16/7230",0.0625,1.35698198198198,0.314086546909412,0.530103377760378,0.999999986064185,0.999999986064185,"CG7423",1,"male","up"
"BP","GO:0034472","snRNA 3'-end processing","1/333","16/7230",0.0625,1.35698198198198,0.314086546909412,0.530103377760378,0.999999986064185,0.999999986064185,"IntS12",1,"male","up"
"BP","GO:0045456","ecdysteroid biosynthetic process","1/333","16/7230",0.0625,1.35698198198198,0.314086546909412,0.530103377760378,0.999999986064185,0.999999986064185,"dib",1,"male","up"
"BP","GO:0046128","purine ribonucleoside metabolic process","1/333","16/7230",0.0625,1.35698198198198,0.314086546909412,0.530103377760378,0.999999986064185,0.999999986064185,"Adk3",1,"male","up"
"BP","GO:0046660","female sex differentiation","1/333","16/7230",0.0625,1.35698198198198,0.314086546909412,0.530103377760378,0.999999986064185,0.999999986064185,"stil",1,"male","up"
"BP","GO:0061988","karyosome formation","1/333","16/7230",0.0625,1.35698198198198,0.314086546909412,0.530103377760378,0.999999986064185,0.999999986064185,"krimp",1,"male","up"
"BP","GO:0110116","regulation of compound eye photoreceptor cell differentiation","1/333","16/7230",0.0625,1.35698198198198,0.314086546909412,0.530103377760378,0.999999986064185,0.999999986064185,"aop",1,"male","up"
"BP","GO:1904062","regulation of monoatomic cation transmembrane transport","1/333","16/7230",0.0625,1.35698198198198,0.314086546909412,0.530103377760378,0.999999986064185,0.999999986064185,"CG14362",1,"male","up"
"BP","GO:0006066","alcohol metabolic process","3/333","61/7230",0.0491803278688525,1.06778910057599,0.116822532086902,0.538148572066503,0.999999986064185,0.999999986064185,"Pmvk/dib/Pepck2",3,"male","up"
"BP","GO:0006820","monoatomic anion transport","2/333","39/7230",0.0512820512820513,1.11342111342111,0.156049607832204,0.542268817532527,0.999999986064185,0.999999986064185,"MFS3/CG9825",2,"male","up"
"BP","GO:0007612","learning","2/333","39/7230",0.0512820512820513,1.11342111342111,0.156049607832204,0.542268817532527,0.999999986064185,0.999999986064185,"sra/Nmdar1",2,"male","up"
"BP","GO:0033500","carbohydrate homeostasis","2/333","39/7230",0.0512820512820513,1.11342111342111,0.156049607832204,0.542268817532527,0.999999986064185,0.999999986064185,"Hex-t1/Pepck2",2,"male","up"
"BP","GO:0006790","sulfur compound metabolic process","5/333","106/7230",0.0471698113207547,1.02413734489206,0.0550061931348396,0.543466820708813,0.999999986064185,0.999999986064185,"GstD3/CG17999/GstD2/Pmvk/CG14893",5,"male","up"
"BP","GO:0048284","organelle fusion","3/333","62/7230",0.0483870967741935,1.05056669572799,0.0878602709449694,0.549268651361216,0.999999986064185,0.999999986064185,"RabX2/Sec20/Rab9Fb",3,"male","up"
"BP","GO:0010972","negative regulation of G2/M transition of mitotic cell cycle","1/333","17/7230",0.0588235294117647,1.27715951245363,0.251378076883191,0.551793920483665,0.999999986064185,0.999999986064185,"mus304",1,"male","up"
"BP","GO:0042278","purine nucleoside metabolic process","1/333","17/7230",0.0588235294117647,1.27715951245363,0.251378076883191,0.551793920483665,0.999999986064185,0.999999986064185,"Adk3",1,"male","up"
"BP","GO:0046627","negative regulation of insulin receptor signaling pathway","1/333","17/7230",0.0588235294117647,1.27715951245363,0.251378076883191,0.551793920483665,0.999999986064185,0.999999986064185,"ImpL2",1,"male","up"
"BP","GO:0050000","chromosome localization","1/333","17/7230",0.0588235294117647,1.27715951245363,0.251378076883191,0.551793920483665,0.999999986064185,0.999999986064185,"Mis12",1,"male","up"
"BP","GO:0071396","cellular response to lipid","1/333","17/7230",0.0588235294117647,1.27715951245363,0.251378076883191,0.551793920483665,0.999999986064185,0.999999986064185,"Pepck2",1,"male","up"
"BP","GO:0072527","pyrimidine-containing compound metabolic process","1/333","17/7230",0.0588235294117647,1.27715951245363,0.251378076883191,0.551793920483665,0.999999986064185,0.999999986064185,"l(2)k01209",1,"male","up"
"BP","GO:1900077","negative regulation of cellular response to insulin stimulus","1/333","17/7230",0.0588235294117647,1.27715951245363,0.251378076883191,0.551793920483665,0.999999986064185,0.999999986064185,"ImpL2",1,"male","up"
"BP","GO:1901570","fatty acid derivative biosynthetic process","1/333","17/7230",0.0588235294117647,1.27715951245363,0.251378076883191,0.551793920483665,0.999999986064185,0.999999986064185,"CG17999",1,"male","up"
"BP","GO:0000075","cell cycle checkpoint signaling","2/333","40/7230",0.05,1.08558558558559,0.119260683249114,0.556097956721036,0.999999986064185,0.999999986064185,"timeout/mus304",2,"male","up"
"BP","GO:0031401","positive regulation of protein modification process","2/333","40/7230",0.05,1.08558558558559,0.119260683249114,0.556097956721036,0.999999986064185,0.999999986064185,"CG41520/Hsp67Bc",2,"male","up"
"BP","GO:0050832","defense response to fungus","2/333","40/7230",0.05,1.08558558558559,0.119260683249114,0.556097956721036,0.999999986064185,0.999999986064185,"Drsl5/Drsl2",2,"male","up"
"BP","GO:0042773","ATP synthesis coupled electron transport","3/333","63/7230",0.0476190476190476,1.03389103389103,0.0593632277003607,0.560230389497073,0.999999986064185,0.999999986064185,"ND-24L/COX7CL/SdhCL",3,"male","up"
"BP","GO:0042775","mitochondrial ATP synthesis coupled electron transport","3/333","63/7230",0.0476190476190476,1.03389103389103,0.0593632277003607,0.560230389497073,0.999999986064185,0.999999986064185,"ND-24L/COX7CL/SdhCL",3,"male","up"
"BP","GO:0048193","Golgi vesicle transport","5/333","108/7230",0.0462962962962963,1.00517183850517,0.0118983561510547,0.560304007439812,0.999999986064185,0.999999986064185,"CG31787/RabX2/Sec20/Rab9Fb/CG9067",5,"male","up"
"BP","GO:0006913","nucleocytoplasmic transport","4/333","86/7230",0.0465116279069767,1.00984705635868,0.0201844092139758,0.564457008935536,0.999999986064185,0.999999986064185,"CG8219/alphaKap4/Hph/Apl",4,"male","up"
"BP","GO:0051169","nuclear transport","4/333","86/7230",0.0465116279069767,1.00984705635868,0.0201844092139758,0.564457008935536,0.999999986064185,0.999999986064185,"CG8219/alphaKap4/Hph/Apl",4,"male","up"
"BP","GO:0008202","steroid metabolic process","2/333","41/7230",0.048780487804878,1.05910788837618,0.0833938928280712,0.569628724624318,0.999999986064185,0.999999986064185,"Pmvk/dib",2,"male","up"
"BP","GO:0006026","aminoglycan catabolic process","1/333","18/7230",0.0555555555555556,1.20620620620621,0.192460336950816,0.572486090798228,0.999999986064185,0.999999986064185,"Cht8",1,"male","up"
"BP","GO:0006835","dicarboxylic acid transport","1/333","18/7230",0.0555555555555556,1.20620620620621,0.192460336950816,0.572486090798228,0.999999986064185,0.999999986064185,"CG16736",1,"male","up"
"BP","GO:0007076","mitotic chromosome condensation","1/333","18/7230",0.0555555555555556,1.20620620620621,0.192460336950816,0.572486090798228,0.999999986064185,0.999999986064185,"neb",1,"male","up"
"BP","GO:0007338","single fertilization","1/333","18/7230",0.0555555555555556,1.20620620620621,0.192460336950816,0.572486090798228,0.999999986064185,0.999999986064185,"sra",1,"male","up"
"BP","GO:0016180","snRNA processing","1/333","18/7230",0.0555555555555556,1.20620620620621,0.192460336950816,0.572486090798228,0.999999986064185,0.999999986064185,"IntS12",1,"male","up"
"BP","GO:0031333","negative regulation of protein-containing complex assembly","1/333","18/7230",0.0555555555555556,1.20620620620621,0.192460336950816,0.572486090798228,0.999999986064185,0.999999986064185,"CG7423",1,"male","up"
"BP","GO:0033674","positive regulation of kinase activity","1/333","18/7230",0.0555555555555556,1.20620620620621,0.192460336950816,0.572486090798228,0.999999986064185,0.999999986064185,"CG41520",1,"male","up"
"BP","GO:0034243","regulation of transcription elongation by RNA polymerase II","1/333","18/7230",0.0555555555555556,1.20620620620621,0.192460336950816,0.572486090798228,0.999999986064185,0.999999986064185,"snRNA:7SKa",1,"male","up"
"BP","GO:0034587","piRNA processing","1/333","18/7230",0.0555555555555556,1.20620620620621,0.192460336950816,0.572486090798228,0.999999986064185,0.999999986064185,"krimp",1,"male","up"
"BP","GO:0034765","regulation of monoatomic ion transmembrane transport","1/333","18/7230",0.0555555555555556,1.20620620620621,0.192460336950816,0.572486090798228,0.999999986064185,0.999999986064185,"CG14362",1,"male","up"
"BP","GO:0035384","thioester biosynthetic process","1/333","18/7230",0.0555555555555556,1.20620620620621,0.192460336950816,0.572486090798228,0.999999986064185,0.999999986064185,"CG17999",1,"male","up"
"BP","GO:0042659","regulation of cell fate specification","1/333","18/7230",0.0555555555555556,1.20620620620621,0.192460336950816,0.572486090798228,0.999999986064185,0.999999986064185,"aop",1,"male","up"
"BP","GO:0043244","regulation of protein-containing complex disassembly","1/333","18/7230",0.0555555555555556,1.20620620620621,0.192460336950816,0.572486090798228,0.999999986064185,0.999999986064185,"CG7423",1,"male","up"
"BP","GO:0071616","acyl-CoA biosynthetic process","1/333","18/7230",0.0555555555555556,1.20620620620621,0.192460336950816,0.572486090798228,0.999999986064185,0.999999986064185,"CG17999",1,"male","up"
"BP","GO:0097194","execution phase of apoptosis","1/333","18/7230",0.0555555555555556,1.20620620620621,0.192460336950816,0.572486090798228,0.999999986064185,0.999999986064185,"CG12917",1,"male","up"
"BP","GO:1902750","negative regulation of cell cycle G2/M phase transition","1/333","18/7230",0.0555555555555556,1.20620620620621,0.192460336950816,0.572486090798228,0.999999986064185,0.999999986064185,"mus304",1,"male","up"
"BP","GO:0006814","sodium ion transport","3/333","65/7230",0.0461538461538462,1.002079002079,0.0036994283527892,0.581665115878511,0.999999986064185,0.999999986064185,"ppk6/CG14362/CG13794",3,"male","up"
"BP","GO:0022904","respiratory electron transport chain","3/333","65/7230",0.0461538461538462,1.002079002079,0.0036994283527892,0.581665115878511,0.999999986064185,0.999999986064185,"ND-24L/COX7CL/SdhCL",3,"male","up"
"BP","GO:0050907","detection of chemical stimulus involved in sensory perception","2/333","42/7230",0.0476190476190476,1.03389103389103,0.0483990174249,0.582859195682564,0.999999986064185,0.999999986064185,"Or22b/Ir40a",2,"male","up"
"BP","GO:0000470","maturation of LSU-rRNA","1/333","19/7230",0.0526315789473684,1.14272166903746,0.136867421246855,0.592225709733917,0.999999986064185,0.999999986064185,"CG8204",1,"male","up"
"BP","GO:0007007","inner mitochondrial membrane organization","1/333","19/7230",0.0526315789473684,1.14272166903746,0.136867421246855,0.592225709733917,0.999999986064185,0.999999986064185,"Tim13",1,"male","up"
"BP","GO:0007430","terminal branching, open tracheal system","1/333","19/7230",0.0526315789473684,1.14272166903746,0.136867421246855,0.592225709733917,0.999999986064185,0.999999986064185,"Hph",1,"male","up"
"BP","GO:0007494","midgut development","1/333","19/7230",0.0526315789473684,1.14272166903746,0.136867421246855,0.592225709733917,0.999999986064185,0.999999986064185,"dib",1,"male","up"
"BP","GO:0009119","ribonucleoside metabolic process","1/333","19/7230",0.0526315789473684,1.14272166903746,0.136867421246855,0.592225709733917,0.999999986064185,0.999999986064185,"Adk3",1,"male","up"
"BP","GO:0018401","peptidyl-proline hydroxylation to 4-hydroxy-L-proline","1/333","19/7230",0.0526315789473684,1.14272166903746,0.136867421246855,0.592225709733917,0.999999986064185,0.999999986064185,"Hph",1,"male","up"
"BP","GO:0019471","4-hydroxyproline metabolic process","1/333","19/7230",0.0526315789473684,1.14272166903746,0.136867421246855,0.592225709733917,0.999999986064185,0.999999986064185,"Hph",1,"male","up"
"BP","GO:0032273","positive regulation of protein polymerization","1/333","19/7230",0.0526315789473684,1.14272166903746,0.136867421246855,0.592225709733917,0.999999986064185,0.999999986064185,"Jupiter",1,"male","up"
"BP","GO:0033301","cell cycle comprising mitosis without cytokinesis","1/333","19/7230",0.0526315789473684,1.14272166903746,0.136867421246855,0.592225709733917,0.999999986064185,0.999999986064185,"mus304",1,"male","up"
"BP","GO:0034762","regulation of transmembrane transport","1/333","19/7230",0.0526315789473684,1.14272166903746,0.136867421246855,0.592225709733917,0.999999986064185,0.999999986064185,"CG14362",1,"male","up"
"BP","GO:0043279","response to alkaloid","1/333","19/7230",0.0526315789473684,1.14272166903746,0.136867421246855,0.592225709733917,0.999999986064185,0.999999986064185,"CG11893",1,"male","up"
"BP","GO:0045500","sevenless signaling pathway","1/333","19/7230",0.0526315789473684,1.14272166903746,0.136867421246855,0.592225709733917,0.999999986064185,0.999999986064185,"aop",1,"male","up"
"BP","GO:0090175","regulation of establishment of planar polarity","1/333","19/7230",0.0526315789473684,1.14272166903746,0.136867421246855,0.592225709733917,0.999999986064185,0.999999986064185,"aop",1,"male","up"
"BP","GO:0019318","hexose metabolic process","2/333","43/7230",0.0465116279069767,1.00984705635868,0.0142297721150887,0.59578825183967,0.999999986064185,0.999999986064185,"Hex-t1/Pepck2",2,"male","up"
"BP","GO:0042048","olfactory behavior","2/333","43/7230",0.0465116279069767,1.00984705635868,0.0142297721150887,0.59578825183967,0.999999986064185,0.999999986064185,"sra/Nmdar1",2,"male","up"
"BP","GO:2000147","positive regulation of cell motility","2/333","43/7230",0.0465116279069767,1.00984705635868,0.0142297721150887,0.59578825183967,0.999999986064185,0.999999986064185,"CG17118/aop",2,"male","up"
"BP","GO:0044283","small molecule biosynthetic process","7/333","158/7230",0.0443037974683544,0.961911278366975,-0.106361616783642,0.597014511931176,0.999999986064185,0.999999986064185,"CG17999/Adk3/FASN3/Uros2/Pmvk/dib/Pepck2",7,"male","up"
"BP","GO:0045184","establishment of protein localization","14/333","317/7230",0.0441640378548896,0.958876857930486,-0.164518127905081,0.605003542474243,0.999999986064185,0.999999986064185,"CG17819/CG31787/CG8219/RabX2/alphaKap4/Tim13/Hph/apolpp/CG32727/CG1409/Rab9Fb/Tim17a2/CG17287/Apl",14,"male","up"
"BP","GO:0031146","SCF-dependent proteasomal ubiquitin-dependent protein catabolic process","2/333","44/7230",0.0454545454545455,0.986895986895987,-0.0191565883382204,0.608415512659682,0.999999986064185,0.999999986064185,"CG4661/SkpD",2,"male","up"
"BP","GO:0072659","protein localization to plasma membrane","2/333","44/7230",0.0454545454545455,0.986895986895987,-0.0191565883382204,0.608415512659682,0.999999986064185,0.999999986064185,"RabX2/Rab9Fb",2,"male","up"
"BP","GO:0001934","positive regulation of protein phosphorylation","1/333","20/7230",0.05,1.08558558558559,0.0842129940258059,0.611056501393688,0.999999986064185,0.999999986064185,"CG41520",1,"male","up"
"BP","GO:0006275","regulation of DNA replication","1/333","20/7230",0.05,1.08558558558559,0.0842129940258059,0.611056501393688,0.999999986064185,0.999999986064185,"timeout",1,"male","up"
"BP","GO:0018126","protein hydroxylation","1/333","20/7230",0.05,1.08558558558559,0.0842129940258059,0.611056501393688,0.999999986064185,0.999999986064185,"Hph",1,"male","up"
"BP","GO:0019511","peptidyl-proline hydroxylation","1/333","20/7230",0.05,1.08558558558559,0.0842129940258059,0.611056501393688,0.999999986064185,0.999999986064185,"Hph",1,"male","up"
"BP","GO:0045859","regulation of protein kinase activity","1/333","20/7230",0.05,1.08558558558559,0.0842129940258059,0.611056501393688,0.999999986064185,0.999999986064185,"CG41520",1,"male","up"
"BP","GO:0048814","regulation of dendrite morphogenesis","1/333","20/7230",0.05,1.08558558558559,0.0842129940258059,0.611056501393688,0.999999986064185,0.999999986064185,"Efhc1.1",1,"male","up"
"BP","GO:0051261","protein depolymerization","1/333","20/7230",0.05,1.08558558558559,0.0842129940258059,0.611056501393688,0.999999986064185,0.999999986064185,"CG7423",1,"male","up"
"BP","GO:0072593","reactive oxygen species metabolic process","1/333","20/7230",0.05,1.08558558558559,0.0842129940258059,0.611056501393688,0.999999986064185,0.999999986064185,"Prx1",1,"male","up"
"BP","GO:0022900","electron transport chain","3/333","68/7230",0.0441176470588235,0.957869634340223,-0.076694397958684,0.612554063556508,0.999999986064185,0.999999986064185,"ND-24L/COX7CL/SdhCL",3,"male","up"
"BP","GO:0006497","protein lipidation","2/333","45/7230",0.0444444444444444,0.964964964964965,-0.0517996163167948,0.620741270135563,0.999999986064185,0.999999986064185,"Hsp67Bc/CG17287",2,"male","up"
"BP","GO:0007127","meiosis I","2/333","45/7230",0.0444444444444444,0.964964964964965,-0.0517996163167948,0.620741270135563,0.999999986064185,0.999999986064185,"mus304/CG42391",2,"male","up"
"BP","GO:0016052","carbohydrate catabolic process","2/333","45/7230",0.0444444444444444,0.964964964964965,-0.0517996163167948,0.620741270135563,0.999999986064185,0.999999986064185,"Hex-t1/CG7059",2,"male","up"
"BP","GO:0042158","lipoprotein biosynthetic process","2/333","45/7230",0.0444444444444444,0.964964964964965,-0.0517996163167948,0.620741270135563,0.999999986064185,0.999999986064185,"Hsp67Bc/CG17287",2,"male","up"
"BP","GO:0042391","regulation of membrane potential","2/333","45/7230",0.0444444444444444,0.964964964964965,-0.0517996163167948,0.620741270135563,0.999999986064185,0.999999986064185,"Pzl/Nmdar1",2,"male","up"
"BP","GO:0043065","positive regulation of apoptotic process","2/333","45/7230",0.0444444444444444,0.964964964964965,-0.0517996163167948,0.620741270135563,0.999999986064185,0.999999986064185,"lncRNA:Hsromega/azot",2,"male","up"
"BP","GO:1903825","organic acid transmembrane transport","2/333","45/7230",0.0444444444444444,0.964964964964965,-0.0517996163167948,0.620741270135563,0.999999986064185,0.999999986064185,"CG16736/CG13794",2,"male","up"
"BP","GO:1905039","carboxylic acid transmembrane transport","2/333","45/7230",0.0444444444444444,0.964964964964965,-0.0517996163167948,0.620741270135563,0.999999986064185,0.999999986064185,"CG16736/CG13794",2,"male","up"
"BP","GO:0006886","intracellular protein transport","7/333","162/7230",0.0432098765432099,0.938160382604827,-0.174906982303819,0.62357272447553,0.999999986064185,0.999999986064185,"CG17819/CG31787/CG8219/alphaKap4/Tim13/Hph/Apl",7,"male","up"
"BP","GO:0006383","transcription by RNA polymerase III","1/333","21/7230",0.0476190476190476,1.03389103389103,0.0341733904376973,0.629020188638612,0.999999986064185,0.999999986064185,"Maf1",1,"male","up"
"BP","GO:0009566","fertilization","1/333","21/7230",0.0476190476190476,1.03389103389103,0.0341733904376973,0.629020188638612,0.999999986064185,0.999999986064185,"sra",1,"male","up"
"BP","GO:0010563","negative regulation of phosphorus metabolic process","1/333","21/7230",0.0476190476190476,1.03389103389103,0.0341733904376973,0.629020188638612,0.999999986064185,0.999999986064185,"I-t",1,"male","up"
"BP","GO:0031334","positive regulation of protein-containing complex assembly","1/333","21/7230",0.0476190476190476,1.03389103389103,0.0341733904376973,0.629020188638612,0.999999986064185,0.999999986064185,"Jupiter",1,"male","up"
"BP","GO:0044774","mitotic DNA integrity checkpoint signaling","1/333","21/7230",0.0476190476190476,1.03389103389103,0.0341733904376973,0.629020188638612,0.999999986064185,0.999999986064185,"mus304",1,"male","up"
"BP","GO:0045936","negative regulation of phosphate metabolic process","1/333","21/7230",0.0476190476190476,1.03389103389103,0.0341733904376973,0.629020188638612,0.999999986064185,0.999999986064185,"I-t",1,"male","up"
"BP","GO:0051347","positive regulation of transferase activity","1/333","21/7230",0.0476190476190476,1.03389103389103,0.0341733904376973,0.629020188638612,0.999999986064185,0.999999986064185,"CG41520",1,"male","up"
"BP","GO:0040017","positive regulation of locomotion","2/333","46/7230",0.0434782608695652,0.943987465726596,-0.0837359771799529,0.632766427908341,0.999999986064185,0.999999986064185,"CG17118/aop",2,"male","up"
"BP","GO:1990778","protein localization to cell periphery","2/333","47/7230",0.0425531914893617,0.923902626030286,-0.114999719731086,0.644492444630609,0.999999986064185,0.999999986064185,"RabX2/Rab9Fb",2,"male","up"
"BP","GO:0001676","long-chain fatty acid metabolic process","1/333","22/7230",0.0454545454545455,0.986895986895987,-0.0135250657883089,0.64615658441935,0.999999986064185,0.999999986064185,"CG17999",1,"male","up"
"BP","GO:0009612","response to mechanical stimulus","1/333","22/7230",0.0454545454545455,0.986895986895987,-0.0135250657883089,0.64615658441935,0.999999986064185,0.999999986064185,"Pzl",1,"male","up"
"BP","GO:0010453","regulation of cell fate commitment","1/333","22/7230",0.0454545454545455,0.986895986895987,-0.0135250657883089,0.64615658441935,0.999999986064185,0.999999986064185,"aop",1,"male","up"
"BP","GO:0033866","nucleoside bisphosphate biosynthetic process","1/333","22/7230",0.0454545454545455,0.986895986895987,-0.0135250657883089,0.64615658441935,0.999999986064185,0.999999986064185,"CG17999",1,"male","up"
"BP","GO:0034030","ribonucleoside bisphosphate biosynthetic process","1/333","22/7230",0.0454545454545455,0.986895986895987,-0.0135250657883089,0.64615658441935,0.999999986064185,0.999999986064185,"CG17999",1,"male","up"
"BP","GO:0034033","purine nucleoside bisphosphate biosynthetic process","1/333","22/7230",0.0454545454545455,0.986895986895987,-0.0135250657883089,0.64615658441935,0.999999986064185,0.999999986064185,"CG17999",1,"male","up"
"BP","GO:0042446","hormone biosynthetic process","1/333","22/7230",0.0454545454545455,0.986895986895987,-0.0135250657883089,0.64615658441935,0.999999986064185,0.999999986064185,"dib",1,"male","up"
"BP","GO:0046330","positive regulation of JNK cascade","1/333","22/7230",0.0454545454545455,0.986895986895987,-0.0135250657883089,0.64615658441935,0.999999986064185,0.999999986064185,"lncRNA:Hsromega",1,"male","up"
"BP","GO:1901071","glucosamine-containing compound metabolic process","1/333","22/7230",0.0454545454545455,0.986895986895987,-0.0135250657883089,0.64615658441935,0.999999986064185,0.999999986064185,"Cht8",1,"male","up"
"BP","GO:1902904","negative regulation of supramolecular fiber organization","1/333","22/7230",0.0454545454545455,0.986895986895987,-0.0135250657883089,0.64615658441935,0.999999986064185,0.999999986064185,"CG7423",1,"male","up"
"BP","GO:2000736","regulation of stem cell differentiation","1/333","22/7230",0.0454545454545455,0.986895986895987,-0.0135250657883089,0.64615658441935,0.999999986064185,0.999999986064185,"C1GalTA",1,"male","up"
"BP","GO:1901135","carbohydrate derivative metabolic process","14/333","326/7230",0.0429447852760736,0.932404797435472,-0.27441345300241,0.647206846806323,0.999999986064185,0.999999986064185,"CG17999/CG32305/Gpdh2/fal/Adk3/ATPsynCF6L/FucTB/Hex-t1/Cht8/Pmvk/C1GalTA/CG7059/ATPsynG/CG14893",14,"male","up"
"BP","GO:0051225","spindle assembly","2/333","48/7230",0.0416666666666667,0.904654654654655,-0.145622516074602,0.655921281223367,0.999999986064185,0.999999986064185,"CG2955/t-Grip84",2,"male","up"
"BP","GO:1902600","proton transmembrane transport","2/333","48/7230",0.0416666666666667,0.904654654654655,-0.145622516074602,0.655921281223367,0.999999986064185,0.999999986064185,"ATPsynG/CG14362",2,"male","up"
"BP","GO:0019637","organophosphate metabolic process","11/333","260/7230",0.0423076923076923,0.918572418572419,-0.293814305017175,0.658881514180705,0.999999986064185,0.999999986064185,"CG17999/CG32305/Gpdh2/CG11029/fal/ATPsynCF6L/Hex-t1/Pmvk/CG7059/ATPsynG/CG14893",11,"male","up"
"BP","GO:0007189","adenylate cyclase-activating G protein-coupled receptor signaling pathway","1/333","23/7230",0.0434782608695652,0.943987465726596,-0.059115721678112,0.662503678951586,0.999999986064185,0.999999986064185,"CG32305",1,"male","up"
"BP","GO:0007465","R7 cell fate commitment","1/333","23/7230",0.0434782608695652,0.943987465726596,-0.059115721678112,0.662503678951586,0.999999986064185,0.999999986064185,"aop",1,"male","up"
"BP","GO:0007530","sex determination","1/333","23/7230",0.0434782608695652,0.943987465726596,-0.059115721678112,0.662503678951586,0.999999986064185,0.999999986064185,"stil",1,"male","up"
"BP","GO:0009411","response to UV","1/333","23/7230",0.0434782608695652,0.943987465726596,-0.059115721678112,0.662503678951586,0.999999986064185,0.999999986064185,"TotE",1,"male","up"
"BP","GO:0010959","regulation of metal ion transport","1/333","23/7230",0.0434782608695652,0.943987465726596,-0.059115721678112,0.662503678951586,0.999999986064185,0.999999986064185,"CG14362",1,"male","up"
"BP","GO:0019751","polyol metabolic process","1/333","23/7230",0.0434782608695652,0.943987465726596,-0.059115721678112,0.662503678951586,0.999999986064185,0.999999986064185,"Pepck2",1,"male","up"
"BP","GO:0051494","negative regulation of cytoskeleton organization","1/333","23/7230",0.0434782608695652,0.943987465726596,-0.059115721678112,0.662503678951586,0.999999986064185,0.999999986064185,"CG7423",1,"male","up"
"BP","GO:1901654","response to ketone","1/333","23/7230",0.0434782608695652,0.943987465726596,-0.059115721678112,0.662503678951586,0.999999986064185,0.999999986064185,"Pepck2",1,"male","up"
"BP","GO:1905952","regulation of lipid localization","1/333","23/7230",0.0434782608695652,0.943987465726596,-0.059115721678112,0.662503678951586,0.999999986064185,0.999999986064185,"ImpL2",1,"male","up"
"BP","GO:2000027","regulation of animal organ morphogenesis","1/333","23/7230",0.0434782608695652,0.943987465726596,-0.059115721678112,0.662503678951586,0.999999986064185,0.999999986064185,"aop",1,"male","up"
"BP","GO:0006997","nucleus organization","2/333","49/7230",0.0408163265306122,0.886192314763743,-0.17563387489455,0.667055351789426,0.999999986064185,0.999999986064185,"lncRNA:Hsromega/sra",2,"male","up"
"BP","GO:0009620","response to fungus","2/333","49/7230",0.0408163265306122,0.886192314763743,-0.17563387489455,0.667055351789426,0.999999986064185,0.999999986064185,"Drsl5/Drsl2",2,"male","up"
"BP","GO:0042157","lipoprotein metabolic process","2/333","49/7230",0.0408163265306122,0.886192314763743,-0.17563387489455,0.667055351789426,0.999999986064185,0.999999986064185,"Hsp67Bc/CG17287",2,"male","up"
"BP","GO:0045471","response to ethanol","2/333","49/7230",0.0408163265306122,0.886192314763743,-0.17563387489455,0.667055351789426,0.999999986064185,0.999999986064185,"ccb/Nmdar1",2,"male","up"
"BP","GO:0055001","muscle cell development","2/333","49/7230",0.0408163265306122,0.886192314763743,-0.17563387489455,0.667055351789426,0.999999986064185,0.999999986064185,"C1GalTA/aop",2,"male","up"
"BP","GO:0098876","vesicle-mediated transport to the plasma membrane","2/333","49/7230",0.0408163265306122,0.886192314763743,-0.17563387489455,0.667055351789426,0.999999986064185,0.999999986064185,"RabX2/Rab9Fb",2,"male","up"
"BP","GO:0055082","intracellular chemical homeostasis","4/333","98/7230",0.0408163265306122,0.886192314763743,-0.249235600750005,0.667724125507577,0.999999986064185,0.999999986064185,"Hex-t1/CG43321/CG14743/Pepck2",4,"male","up"
"BP","GO:0051258","protein polymerization","3/333","74/7230",0.0405405405405405,0.880204528853178,-0.227589493845995,0.669614564028929,0.999999986064185,0.999999986064185,"Jupiter/t-Grip84/CG7423",3,"male","up"
"BP","GO:0061982","meiosis I cell cycle process","3/333","74/7230",0.0405405405405405,0.880204528853178,-0.227589493845995,0.669614564028929,0.999999986064185,0.999999986064185,"mus304/krimp/CG42391",3,"male","up"
"BP","GO:0032787","monocarboxylic acid metabolic process","6/333","146/7230",0.0410958904109589,0.892262125138837,-0.28895929733969,0.670742115559124,0.999999986064185,0.999999986064185,"CG17999/FASN3/CG7848/Hex-t1/CG7059/Pepck2",6,"male","up"
"BP","GO:0009306","protein secretion","2/333","50/7230",0.04,0.868468468468468,-0.205061331583951,0.677897477960044,0.999999986064185,0.999999986064185,"RabX2/Rab9Fb",2,"male","up"
"BP","GO:0022604","regulation of cell morphogenesis","2/333","50/7230",0.04,0.868468468468468,-0.205061331583951,0.677897477960044,0.999999986064185,0.999999986064185,"dyl/m",2,"male","up"
"BP","GO:0098742","cell-cell adhesion via plasma-membrane adhesion molecules","2/333","50/7230",0.04,0.868468468468468,-0.205061331583951,0.677897477960044,0.999999986064185,0.999999986064185,"ImpL2/Cad88C",2,"male","up"
"BP","GO:0000302","response to reactive oxygen species","1/333","24/7230",0.0416666666666667,0.904654654654655,-0.102799050709503,0.678097722923991,0.999999986064185,0.999999986064185,"Prx1",1,"male","up"
"BP","GO:0006576","biogenic amine metabolic process","1/333","24/7230",0.0416666666666667,0.904654654654655,-0.102799050709503,0.678097722923991,0.999999986064185,0.999999986064185,"Odc2",1,"male","up"
"BP","GO:0006641","triglyceride metabolic process","1/333","24/7230",0.0416666666666667,0.904654654654655,-0.102799050709503,0.678097722923991,0.999999986064185,0.999999986064185,"Pepck2",1,"male","up"
"BP","GO:0045861","negative regulation of proteolysis","1/333","24/7230",0.0416666666666667,0.904654654654655,-0.102799050709503,0.678097722923991,0.999999986064185,0.999999986064185,"Spn43Aa",1,"male","up"
"BP","GO:0045924","regulation of female receptivity","1/333","24/7230",0.0416666666666667,0.904654654654655,-0.102799050709503,0.678097722923991,0.999999986064185,0.999999986064185,"sra",1,"male","up"
"BP","GO:0046528","imaginal disc fusion","1/333","24/7230",0.0416666666666667,0.904654654654655,-0.102799050709503,0.678097722923991,0.999999986064185,0.999999986064185,"Pcp",1,"male","up"
"BP","GO:0046529","imaginal disc fusion, thorax closure","1/333","24/7230",0.0416666666666667,0.904654654654655,-0.102799050709503,0.678097722923991,0.999999986064185,0.999999986064185,"Pcp",1,"male","up"
"BP","GO:0006119","oxidative phosphorylation","3/333","75/7230",0.04,0.868468468468468,-0.251586194358503,0.678503654684941,0.999999986064185,0.999999986064185,"ND-24L/COX7CL/SdhCL",3,"male","up"
"BP","GO:0001558","regulation of cell growth","2/333","51/7230",0.0392156862745098,0.851439674969087,-0.233930618151811,0.688450846464187,0.999999986064185,0.999999986064185,"CG7423/Hph",2,"male","up"
"BP","GO:0006906","vesicle fusion","2/333","51/7230",0.0392156862745098,0.851439674969087,-0.233930618151811,0.688450846464187,0.999999986064185,0.999999986064185,"RabX2/Rab9Fb",2,"male","up"
"BP","GO:0032271","regulation of protein polymerization","2/333","51/7230",0.0392156862745098,0.851439674969087,-0.233930618151811,0.688450846464187,0.999999986064185,0.999999986064185,"Jupiter/CG7423",2,"male","up"
"BP","GO:0140013","meiotic nuclear division","4/333","101/7230",0.0396039603960396,0.85986977076086,-0.3116085232254,0.69075516985352,0.999999986064185,0.999999986064185,"HP6/sra/mus304/CG42391",4,"male","up"
"BP","GO:0005975","carbohydrate metabolic process","7/333","173/7230",0.0404624277456647,0.878508566369838,-0.355377367425689,0.691351955990696,0.999999986064185,0.999999986064185,"CG17010/Ect3/Gpdh2/Hex-t1/Cht8/CG7059/Pepck2",7,"male","up"
"BP","GO:0006040","amino sugar metabolic process","1/333","25/7230",0.04,0.868468468468468,-0.14474847766111,0.692973306918761,0.999999986064185,0.999999986064185,"Cht8",1,"male","up"
"BP","GO:0007006","mitochondrial membrane organization","1/333","25/7230",0.04,0.868468468468468,-0.14474847766111,0.692973306918761,0.999999986064185,0.999999986064185,"Tim13",1,"male","up"
"BP","GO:0010389","regulation of G2/M transition of mitotic cell cycle","1/333","25/7230",0.04,0.868468468468468,-0.14474847766111,0.692973306918761,0.999999986064185,0.999999986064185,"mus304",1,"male","up"
"BP","GO:0019722","calcium-mediated signaling","1/333","25/7230",0.04,0.868468468468468,-0.14474847766111,0.692973306918761,0.999999986064185,0.999999986064185,"sra",1,"male","up"
"BP","GO:0022407","regulation of cell-cell adhesion","1/333","25/7230",0.04,0.868468468468468,-0.14474847766111,0.692973306918761,0.999999986064185,0.999999986064185,"aop",1,"male","up"
"BP","GO:0031400","negative regulation of protein modification process","1/333","25/7230",0.04,0.868468468468468,-0.14474847766111,0.692973306918761,0.999999986064185,0.999999986064185,"I-t",1,"male","up"
"BP","GO:0032784","regulation of DNA-templated transcription elongation","1/333","25/7230",0.04,0.868468468468468,-0.14474847766111,0.692973306918761,0.999999986064185,0.999999986064185,"snRNA:7SKa",1,"male","up"
"BP","GO:0071456","cellular response to hypoxia","1/333","25/7230",0.04,0.868468468468468,-0.14474847766111,0.692973306918761,0.999999986064185,0.999999986064185,"Hph",1,"male","up"
"BP","GO:0098661","inorganic anion transmembrane transport","1/333","25/7230",0.04,0.868468468468468,-0.14474847766111,0.692973306918761,0.999999986064185,0.999999986064185,"CG16736",1,"male","up"
"BP","GO:1903688","positive regulation of border follicle cell migration","1/333","25/7230",0.04,0.868468468468468,-0.14474847766111,0.692973306918761,0.999999986064185,0.999999986064185,"aop",1,"male","up"
"BP","GO:0007254","JNK cascade","2/333","52/7230",0.0384615384615385,0.835065835065835,-0.262265815414601,0.698718969721843,0.999999986064185,0.999999986064185,"Gadd45/lncRNA:Hsromega",2,"male","up"
"BP","GO:0071417","cellular response to organonitrogen compound","3/333","78/7230",0.0384615384615385,0.835065835065835,-0.321792035231371,0.704106747349382,0.999999986064185,0.999999986064185,"CG11893/ImpL2/Pepck2",3,"male","up"
"BP","GO:0007310","oocyte dorsal/ventral axis specification","1/333","26/7230",0.0384615384615385,0.835065835065835,-0.185114979812105,0.707163437216616,0.999999986064185,0.999999986064185,"krimp",1,"male","up"
"BP","GO:0009116","nucleoside metabolic process","1/333","26/7230",0.0384615384615385,0.835065835065835,-0.185114979812105,0.707163437216616,0.999999986064185,0.999999986064185,"Adk3",1,"male","up"
"BP","GO:0009308","amine metabolic process","1/333","26/7230",0.0384615384615385,0.835065835065835,-0.185114979812105,0.707163437216616,0.999999986064185,0.999999986064185,"Odc2",1,"male","up"
"BP","GO:0009743","response to carbohydrate","1/333","26/7230",0.0384615384615385,0.835065835065835,-0.185114979812105,0.707163437216616,0.999999986064185,0.999999986064185,"Pepck2",1,"male","up"
"BP","GO:0009913","epidermal cell differentiation","1/333","26/7230",0.0384615384615385,0.835065835065835,-0.185114979812105,0.707163437216616,0.999999986064185,0.999999986064185,"m",1,"male","up"
"BP","GO:0010634","positive regulation of epithelial cell migration","1/333","26/7230",0.0384615384615385,0.835065835065835,-0.185114979812105,0.707163437216616,0.999999986064185,0.999999986064185,"aop",1,"male","up"
"BP","GO:0030178","negative regulation of Wnt signaling pathway","1/333","26/7230",0.0384615384615385,0.835065835065835,-0.185114979812105,0.707163437216616,0.999999986064185,0.999999986064185,"aop",1,"male","up"
"BP","GO:0036294","cellular response to decreased oxygen levels","1/333","26/7230",0.0384615384615385,0.835065835065835,-0.185114979812105,0.707163437216616,0.999999986064185,0.999999986064185,"Hph",1,"male","up"
"BP","GO:0051489","regulation of filopodium assembly","1/333","26/7230",0.0384615384615385,0.835065835065835,-0.185114979812105,0.707163437216616,0.999999986064185,0.999999986064185,"C1GalTA",1,"male","up"
"BP","GO:0090090","negative regulation of canonical Wnt signaling pathway","1/333","26/7230",0.0384615384615385,0.835065835065835,-0.185114979812105,0.707163437216616,0.999999986064185,0.999999986064185,"aop",1,"male","up"
"BP","GO:1902749","regulation of cell cycle G2/M phase transition","1/333","26/7230",0.0384615384615385,0.835065835065835,-0.185114979812105,0.707163437216616,0.999999986064185,0.999999986064185,"mus304",1,"male","up"
"BP","GO:1903684","regulation of border follicle cell migration","1/333","26/7230",0.0384615384615385,0.835065835065835,-0.185114979812105,0.707163437216616,0.999999986064185,0.999999986064185,"aop",1,"male","up"
"BP","GO:1903046","meiotic cell cycle process","5/333","128/7230",0.0390625,0.848113738738739,-0.380946737799029,0.709223086840061,0.999999986064185,0.999999986064185,"HP6/sra/mus304/krimp/CG42391",5,"male","up"
"BP","GO:0007286","spermatid development","3/333","79/7230",0.0379746835443038,0.824495381457407,-0.344627415030781,0.712288428280614,0.999999986064185,0.999999986064185,"Mst84Dd/gdrd/CG34274",3,"male","up"
"BP","GO:0035592","establishment of protein localization to extracellular region","2/333","54/7230",0.037037037037037,0.804137470804137,-0.317422815401459,0.718414941873902,0.999999986064185,0.999999986064185,"RabX2/Rab9Fb",2,"male","up"
"BP","GO:1901988","negative regulation of cell cycle phase transition","2/333","54/7230",0.037037037037037,0.804137470804137,-0.317422815401459,0.718414941873902,0.999999986064185,0.999999986064185,"timeout/mus304",2,"male","up"
"BP","GO:0007613","memory","3/333","80/7230",0.0375,0.814189189189189,-0.367192724155316,0.72029525033061,0.999999986064185,0.999999986064185,"sra/Nmdar1/Gld2",3,"male","up"
"BP","GO:0006726","eye pigment biosynthetic process","1/333","27/7230",0.037037037037037,0.804137470804137,-0.224030758425039,0.720699608150385,0.999999986064185,0.999999986064185,"santa-maria",1,"male","up"
"BP","GO:0008543","fibroblast growth factor receptor signaling pathway","1/333","27/7230",0.037037037037037,0.804137470804137,-0.224030758425039,0.720699608150385,0.999999986064185,0.999999986064185,"aop",1,"male","up"
"BP","GO:0008643","carbohydrate transport","1/333","27/7230",0.037037037037037,0.804137470804137,-0.224030758425039,0.720699608150385,0.999999986064185,0.999999986064185,"MFS3",1,"male","up"
"BP","GO:0022404","molting cycle process","1/333","27/7230",0.037037037037037,0.804137470804137,-0.224030758425039,0.720699608150385,0.999999986064185,0.999999986064185,"Cht8",1,"male","up"
"BP","GO:0042441","eye pigment metabolic process","1/333","27/7230",0.037037037037037,0.804137470804137,-0.224030758425039,0.720699608150385,0.999999986064185,0.999999986064185,"santa-maria",1,"male","up"
"BP","GO:0043269","regulation of monoatomic ion transport","1/333","27/7230",0.037037037037037,0.804137470804137,-0.224030758425039,0.720699608150385,0.999999986064185,0.999999986064185,"CG14362",1,"male","up"
"BP","GO:0043324","pigment metabolic process involved in developmental pigmentation","1/333","27/7230",0.037037037037037,0.804137470804137,-0.224030758425039,0.720699608150385,0.999999986064185,0.999999986064185,"santa-maria",1,"male","up"
"BP","GO:0043474","pigment metabolic process involved in pigmentation","1/333","27/7230",0.037037037037037,0.804137470804137,-0.224030758425039,0.720699608150385,0.999999986064185,0.999999986064185,"santa-maria",1,"male","up"
"BP","GO:0044344","cellular response to fibroblast growth factor stimulus","1/333","27/7230",0.037037037037037,0.804137470804137,-0.224030758425039,0.720699608150385,0.999999986064185,0.999999986064185,"aop",1,"male","up"
"BP","GO:0048010","vascular endothelial growth factor receptor signaling pathway","1/333","27/7230",0.037037037037037,0.804137470804137,-0.224030758425039,0.720699608150385,0.999999986064185,0.999999986064185,"aop",1,"male","up"
"BP","GO:0070192","chromosome organization involved in meiotic cell cycle","1/333","27/7230",0.037037037037037,0.804137470804137,-0.224030758425039,0.720699608150385,0.999999986064185,0.999999986064185,"krimp",1,"male","up"
"BP","GO:0071453","cellular response to oxygen levels","1/333","27/7230",0.037037037037037,0.804137470804137,-0.224030758425039,0.720699608150385,0.999999986064185,0.999999986064185,"Hph",1,"male","up"
"BP","GO:0071774","response to fibroblast growth factor","1/333","27/7230",0.037037037037037,0.804137470804137,-0.224030758425039,0.720699608150385,0.999999986064185,0.999999986064185,"aop",1,"male","up"
"BP","GO:0051276","chromosome organization","8/333","203/7230",0.0394088669950739,0.855633959082235,-0.458415406349614,0.725024816042315,0.999999986064185,0.999999986064185,"Hsp70Bb/HP6/Hsp70Bbb/Hsp70Bc/neb/mus304/Mis12/krimp",8,"male","up"
"BP","GO:0019725","cellular homeostasis","6/333","155/7230",0.0387096774193548,0.840453356582389,-0.441185687392435,0.725702553951135,0.999999986064185,0.999999986064185,"CG12896/Prx1/Hex-t1/CG43321/CG14743/Pepck2",6,"male","up"
"BP","GO:0006575","cellular modified amino acid metabolic process","3/333","81/7230",0.037037037037037,0.804137470804137,-0.389495402139444,0.728128354347962,0.999999986064185,0.999999986064185,"GstD3/GstD2/Hph",3,"male","up"
"BP","GO:1901699","cellular response to nitrogen compound","3/333","81/7230",0.037037037037037,0.804137470804137,-0.389495402139444,0.728128354347962,0.999999986064185,0.999999986064185,"CG11893/ImpL2/Pepck2",3,"male","up"
"BP","GO:0000086","G2/M transition of mitotic cell cycle","1/333","28/7230",0.0357142857142857,0.775418275418275,-0.26161219566604,0.733611871163841,0.999999986064185,0.999999986064185,"mus304",1,"male","up"
"BP","GO:0007029","endoplasmic reticulum organization","1/333","28/7230",0.0357142857142857,0.775418275418275,-0.26161219566604,0.733611871163841,0.999999986064185,0.999999986064185,"Sec20",1,"male","up"
"BP","GO:0008258","head involution","1/333","28/7230",0.0357142857142857,0.775418275418275,-0.26161219566604,0.733611871163841,0.999999986064185,0.999999986064185,"dib",1,"male","up"
"BP","GO:0010883","regulation of lipid storage","1/333","28/7230",0.0357142857142857,0.775418275418275,-0.26161219566604,0.733611871163841,0.999999986064185,0.999999986064185,"ImpL2",1,"male","up"
"BP","GO:0033993","response to lipid","1/333","28/7230",0.0357142857142857,0.775418275418275,-0.26161219566604,0.733611871163841,0.999999986064185,0.999999986064185,"Pepck2",1,"male","up"
"BP","GO:0042181","ketone biosynthetic process","1/333","28/7230",0.0357142857142857,0.775418275418275,-0.26161219566604,0.733611871163841,0.999999986064185,0.999999986064185,"dib",1,"male","up"
"BP","GO:0045455","ecdysteroid metabolic process","1/333","28/7230",0.0357142857142857,0.775418275418275,-0.26161219566604,0.733611871163841,0.999999986064185,0.999999986064185,"dib",1,"male","up"
"BP","GO:0046532","regulation of photoreceptor cell differentiation","1/333","28/7230",0.0357142857142857,0.775418275418275,-0.26161219566604,0.733611871163841,0.999999986064185,0.999999986064185,"aop",1,"male","up"
"BP","GO:0050911","detection of chemical stimulus involved in sensory perception of smell","1/333","28/7230",0.0357142857142857,0.775418275418275,-0.26161219566604,0.733611871163841,0.999999986064185,0.999999986064185,"Or22b",1,"male","up"
"BP","GO:0031399","regulation of protein modification process","3/333","82/7230",0.0365853658536585,0.794330916282136,-0.411542587348176,0.735789032463234,0.999999986064185,0.999999986064185,"CG41520/Hsp67Bc/I-t",3,"male","up"
"BP","GO:0031123","RNA 3'-end processing","2/333","56/7230",0.0357142857142857,0.775418275418275,-0.370696816144204,0.737018683130141,0.999999986064185,0.999999986064185,"Gld2/IntS12",2,"male","up"
"BP","GO:0032869","cellular response to insulin stimulus","2/333","56/7230",0.0357142857142857,0.775418275418275,-0.370696816144204,0.737018683130141,0.999999986064185,0.999999986064185,"ImpL2/Pepck2",2,"male","up"
"BP","GO:0071692","protein localization to extracellular region","2/333","56/7230",0.0357142857142857,0.775418275418275,-0.370696816144204,0.737018683130141,0.999999986064185,0.999999986064185,"RabX2/Rab9Fb",2,"male","up"
"BP","GO:0045596","negative regulation of cell differentiation","2/333","57/7230",0.0350877192982456,0.761814446024972,-0.396673827220346,0.74592225015102,0.999999986064185,0.999999986064185,"C1GalTA/aop",2,"male","up"
"BP","GO:0050906","detection of stimulus involved in sensory perception","2/333","57/7230",0.0350877192982456,0.761814446024972,-0.396673827220346,0.74592225015102,0.999999986064185,0.999999986064185,"Or22b/Ir40a",2,"male","up"
"BP","GO:0071375","cellular response to peptide hormone stimulus","2/333","57/7230",0.0350877192982456,0.761814446024972,-0.396673827220346,0.74592225015102,0.999999986064185,0.999999986064185,"ImpL2/Pepck2",2,"male","up"
"BP","GO:1901653","cellular response to peptide","2/333","57/7230",0.0350877192982456,0.761814446024972,-0.396673827220346,0.74592225015102,0.999999986064185,0.999999986064185,"ImpL2/Pepck2",2,"male","up"
"BP","GO:0006099","tricarboxylic acid cycle","1/333","29/7230",0.0344827586206897,0.748679714196956,-0.297962256482649,0.745928900725413,0.999999986064185,0.999999986064185,"SdhCL",1,"male","up"
"BP","GO:0016073","snRNA metabolic process","1/333","29/7230",0.0344827586206897,0.748679714196956,-0.297962256482649,0.745928900725413,0.999999986064185,0.999999986064185,"IntS12",1,"male","up"
"BP","GO:0018208","peptidyl-proline modification","1/333","29/7230",0.0344827586206897,0.748679714196956,-0.297962256482649,0.745928900725413,0.999999986064185,0.999999986064185,"Hph",1,"male","up"
"BP","GO:0031124","mRNA 3'-end processing","1/333","29/7230",0.0344827586206897,0.748679714196956,-0.297962256482649,0.745928900725413,0.999999986064185,0.999999986064185,"Gld2",1,"male","up"
"BP","GO:0050909","sensory perception of taste","1/333","29/7230",0.0344827586206897,0.748679714196956,-0.297962256482649,0.745928900725413,0.999999986064185,0.999999986064185,"Gr47b",1,"male","up"
"BP","GO:0060180","female mating behavior","1/333","29/7230",0.0344827586206897,0.748679714196956,-0.297962256482649,0.745928900725413,0.999999986064185,0.999999986064185,"sra",1,"male","up"
"BP","GO:1902905","positive regulation of supramolecular fiber organization","1/333","29/7230",0.0344827586206897,0.748679714196956,-0.297962256482649,0.745928900725413,0.999999986064185,0.999999986064185,"Jupiter",1,"male","up"
"BP","GO:0065003","protein-containing complex assembly","14/333","350/7230",0.04,0.868468468468468,-0.554243739471468,0.747196813098123,0.999999986064185,0.999999986064185,"Jupiter/CG41520/CG15283/Zmynd10/t-Grip84/CG34274/alphaKap4/CG7423/CG13202/tilB/CG10859/CG8204/CG13829/RpS28-like",14,"male","up"
"BP","GO:0006979","response to oxidative stress","3/333","84/7230",0.0357142857142857,0.775418275418275,-0.454897621145663,0.750598970585642,0.999999986064185,0.999999986064185,"CG12896/Grx1t/Prx1",3,"male","up"
"BP","GO:0016311","dephosphorylation","4/333","110/7230",0.0363636363636364,0.789516789516789,-0.488770427212594,0.752956895488094,0.999999986064185,0.999999986064185,"Pp1-Y1/CG15035/I-t/Pp1-Y2",4,"male","up"
"BP","GO:0006633","fatty acid biosynthetic process","2/333","58/7230",0.0344827586206897,0.748679714196956,-0.422233334855808,0.75456661522227,0.999999986064185,0.999999986064185,"CG17999/FASN3",2,"male","up"
"BP","GO:0071214","cellular response to abiotic stimulus","2/333","58/7230",0.0344827586206897,0.748679714196956,-0.422233334855808,0.75456661522227,0.999999986064185,0.999999986064185,"Pzl/TotE",2,"male","up"
"BP","GO:0104004","cellular response to environmental stimulus","2/333","58/7230",0.0344827586206897,0.748679714196956,-0.422233334855808,0.75456661522227,0.999999986064185,0.999999986064185,"Pzl/TotE",2,"male","up"
"BP","GO:0009247","glycolipid biosynthetic process","1/333","30/7230",0.0333333333333333,0.723723723723724,-0.333172455115343,0.757678057239569,0.999999986064185,0.999999986064185,"C1GalTA",1,"male","up"
"BP","GO:0044839","cell cycle G2/M phase transition","1/333","30/7230",0.0333333333333333,0.723723723723724,-0.333172455115343,0.757678057239569,0.999999986064185,0.999999986064185,"mus304",1,"male","up"
"BP","GO:0045880","positive regulation of smoothened signaling pathway","1/333","30/7230",0.0333333333333333,0.723723723723724,-0.333172455115343,0.757678057239569,0.999999986064185,0.999999986064185,"apolpp",1,"male","up"
"BP","GO:0050773","regulation of dendrite development","1/333","30/7230",0.0333333333333333,0.723723723723724,-0.333172455115343,0.757678057239569,0.999999986064185,0.999999986064185,"Efhc1.1",1,"male","up"
"BP","GO:0051052","regulation of DNA metabolic process","1/333","30/7230",0.0333333333333333,0.723723723723724,-0.333172455115343,0.757678057239569,0.999999986064185,0.999999986064185,"timeout",1,"male","up"
"BP","GO:0051495","positive regulation of cytoskeleton organization","1/333","30/7230",0.0333333333333333,0.723723723723724,-0.333172455115343,0.757678057239569,0.999999986064185,0.999999986064185,"Jupiter",1,"male","up"
"BP","GO:1900076","regulation of cellular response to insulin stimulus","1/333","30/7230",0.0333333333333333,0.723723723723724,-0.333172455115343,0.757678057239569,0.999999986064185,0.999999986064185,"ImpL2",1,"male","up"
"BP","GO:0007635","chemosensory behavior","2/333","59/7230",0.0338983050847458,0.735990227515651,-0.447391020851582,0.762956684507895,0.999999986064185,0.999999986064185,"sra/Nmdar1",2,"male","up"
"BP","GO:0048515","spermatid differentiation","3/333","86/7230",0.0348837209302326,0.757385292269013,-0.497309486591151,0.764738021753445,0.999999986064185,0.999999986064185,"Mst84Dd/gdrd/CG34274",3,"male","up"
"BP","GO:0098771","inorganic ion homeostasis","3/333","86/7230",0.0348837209302326,0.757385292269013,-0.497309486591151,0.764738021753445,0.999999986064185,0.999999986064185,"Nmdar1/CG43321/CG14743",3,"male","up"
"BP","GO:0006612","protein targeting to membrane","1/333","31/7230",0.032258064516129,0.700377797151991,-0.367324477011211,0.768885447092239,0.999999986064185,0.999999986064185,"CG17287",1,"male","up"
"BP","GO:0007093","mitotic cell cycle checkpoint signaling","1/333","31/7230",0.032258064516129,0.700377797151991,-0.367324477011211,0.768885447092239,0.999999986064185,0.999999986064185,"mus304",1,"male","up"
"BP","GO:0007304","chorion-containing eggshell formation","1/333","31/7230",0.032258064516129,0.700377797151991,-0.367324477011211,0.768885447092239,0.999999986064185,0.999999986064185,"Cp15",1,"male","up"
"BP","GO:0046626","regulation of insulin receptor signaling pathway","1/333","31/7230",0.032258064516129,0.700377797151991,-0.367324477011211,0.768885447092239,0.999999986064185,0.999999986064185,"ImpL2",1,"male","up"
"BP","GO:0046847","filopodium assembly","1/333","31/7230",0.032258064516129,0.700377797151991,-0.367324477011211,0.768885447092239,0.999999986064185,0.999999986064185,"C1GalTA",1,"male","up"
"BP","GO:0071897","DNA biosynthetic process","1/333","31/7230",0.032258064516129,0.700377797151991,-0.367324477011211,0.768885447092239,0.999999986064185,0.999999986064185,"DNAlig3",1,"male","up"
"BP","GO:1901657","glycosyl compound metabolic process","1/333","31/7230",0.032258064516129,0.700377797151991,-0.367324477011211,0.768885447092239,0.999999986064185,0.999999986064185,"Adk3",1,"male","up"
"BP","GO:0006302","double-strand break repair","2/333","61/7230",0.0327868852459016,0.711859400383991,-0.496559390199444,0.778994035703348,0.999999986064185,0.999999986064185,"DNAlig3/CG42391",2,"male","up"
"BP","GO:0010948","negative regulation of cell cycle process","2/333","61/7230",0.0327868852459016,0.711859400383991,-0.496559390199444,0.778994035703348,0.999999986064185,0.999999986064185,"timeout/mus304",2,"male","up"
"BP","GO:0032868","response to insulin","2/333","61/7230",0.0327868852459016,0.711859400383991,-0.496559390199444,0.778994035703348,0.999999986064185,0.999999986064185,"ImpL2/Pepck2",2,"male","up"
"BP","GO:0043068","positive regulation of programmed cell death","2/333","61/7230",0.0327868852459016,0.711859400383991,-0.496559390199444,0.778994035703348,0.999999986064185,0.999999986064185,"lncRNA:Hsromega/azot",2,"male","up"
"BP","GO:0072330","monocarboxylic acid biosynthetic process","2/333","61/7230",0.0327868852459016,0.711859400383991,-0.496559390199444,0.778994035703348,0.999999986064185,0.999999986064185,"CG17999/FASN3",2,"male","up"
"BP","GO:0006120","mitochondrial electron transport, NADH to ubiquinone","1/333","32/7230",0.03125,0.678490990990991,-0.40049152568296,0.779575979960454,0.999999986064185,0.999999986064185,"ND-24L",1,"male","up"
"BP","GO:0006368","transcription elongation by RNA polymerase II","1/333","32/7230",0.03125,0.678490990990991,-0.40049152568296,0.779575979960454,0.999999986064185,0.999999986064185,"snRNA:7SKa",1,"male","up"
"BP","GO:0006638","neutral lipid metabolic process","1/333","32/7230",0.03125,0.678490990990991,-0.40049152568296,0.779575979960454,0.999999986064185,0.999999986064185,"Pepck2",1,"male","up"
"BP","GO:0006639","acylglycerol metabolic process","1/333","32/7230",0.03125,0.678490990990991,-0.40049152568296,0.779575979960454,0.999999986064185,0.999999986064185,"Pepck2",1,"male","up"
"BP","GO:0042327","positive regulation of phosphorylation","1/333","32/7230",0.03125,0.678490990990991,-0.40049152568296,0.779575979960454,0.999999986064185,0.999999986064185,"CG41520",1,"male","up"
"BP","GO:0043549","regulation of kinase activity","1/333","32/7230",0.03125,0.678490990990991,-0.40049152568296,0.779575979960454,0.999999986064185,0.999999986064185,"CG41520",1,"male","up"
"BP","GO:0051493","regulation of cytoskeleton organization","4/333","115/7230",0.0347826086956522,0.755189972581277,-0.581462600990895,0.783128018328969,0.999999986064185,0.999999986064185,"CG12395/Jupiter/CG2955/CG7423",4,"male","up"
"BP","GO:0007051","spindle organization","3/333","89/7230",0.0337078651685393,0.731855450956575,-0.55926234038208,0.784721298552324,0.999999986064185,0.999999986064185,"CG2955/t-Grip84/CG8509",3,"male","up"
"BP","GO:0007059","chromosome segregation","5/333","141/7230",0.0354609929078014,0.769918855025238,-0.606218539912159,0.78497283615511,0.999999986064185,0.999999986064185,"CG2955/t-Grip84/neb/mus304/Mis12",5,"male","up"
"BP","GO:0009581","detection of external stimulus","2/333","62/7230",0.032258064516129,0.700377797151991,-0.520597352553239,0.786651548514753,0.999999986064185,0.999999986064185,"Pzl/santa-maria",2,"male","up"
"BP","GO:0009582","detection of abiotic stimulus","2/333","62/7230",0.032258064516129,0.700377797151991,-0.520597352553239,0.786651548514753,0.999999986064185,0.999999986064185,"Pzl/santa-maria",2,"male","up"
"BP","GO:0014070","response to organic cyclic compound","2/333","62/7230",0.032258064516129,0.700377797151991,-0.520597352553239,0.786651548514753,0.999999986064185,0.999999986064185,"CG11893/Pepck2",2,"male","up"
"BP","GO:0043434","response to peptide hormone","2/333","62/7230",0.032258064516129,0.700377797151991,-0.520597352553239,0.786651548514753,0.999999986064185,0.999999986064185,"ImpL2/Pepck2",2,"male","up"
"BP","GO:1901652","response to peptide","2/333","62/7230",0.032258064516129,0.700377797151991,-0.520597352553239,0.786651548514753,0.999999986064185,0.999999986064185,"ImpL2/Pepck2",2,"male","up"
"BP","GO:2000145","regulation of cell motility","2/333","62/7230",0.032258064516129,0.700377797151991,-0.520597352553239,0.786651548514753,0.999999986064185,0.999999986064185,"CG17118/aop",2,"male","up"
"BP","GO:0003333","amino acid transmembrane transport","1/333","33/7230",0.0303030303030303,0.657930657930658,-0.432739448297603,0.789773423510492,0.999999986064185,0.999999986064185,"CG13794",1,"male","up"
"BP","GO:0030703","eggshell formation","1/333","33/7230",0.0303030303030303,0.657930657930658,-0.432739448297603,0.789773423510492,0.999999986064185,0.999999986064185,"Cp15",1,"male","up"
"BP","GO:0070918","regulatory ncRNA processing","1/333","33/7230",0.0303030303030303,0.657930657930658,-0.432739448297603,0.789773423510492,0.999999986064185,0.999999986064185,"krimp",1,"male","up"
"BP","GO:0051248","negative regulation of protein metabolic process","3/333","90/7230",0.0333333333333333,0.723723723723724,-0.579491218059273,0.791063822450036,0.999999986064185,0.999999986064185,"Spn43Aa/I-t/krimp",3,"male","up"
"BP","GO:0048285","organelle fission","7/333","193/7230",0.0362694300518135,0.787471409233067,-0.657556927691091,0.793020089499741,0.999999986064185,0.999999986064185,"Slc25A46b/HP6/sra/neb/mus304/Mis12/CG42391",7,"male","up"
"BP","GO:0016053","organic acid biosynthetic process","3/333","91/7230",0.032967032967033,0.715770715770716,-0.599517607626544,0.797250690442314,0.999999986064185,0.999999986064185,"CG17999/FASN3/Uros2",3,"male","up"
"BP","GO:0046394","carboxylic acid biosynthetic process","3/333","91/7230",0.032967032967033,0.715770715770716,-0.599517607626544,0.797250690442314,0.999999986064185,0.999999986064185,"CG17999/FASN3/Uros2",3,"male","up"
"BP","GO:0051604","protein maturation","6/333","169/7230",0.0355029585798817,0.770830001599232,-0.662367666826144,0.797866852412088,0.999999986064185,0.999999986064185,"Hsp70Bb/Hsp67Bc/Hsp70Bbb/Hsp70Bc/CG31730/CG18132",6,"male","up"
"BP","GO:0008544","epidermis development","1/333","34/7230",0.0294117647058824,0.638579756226815,-0.464127681957495,0.79950045560317,0.999999986064185,0.999999986064185,"m",1,"male","up"
"BP","GO:0042255","ribosome assembly","1/333","34/7230",0.0294117647058824,0.638579756226815,-0.464127681957495,0.79950045560317,0.999999986064185,0.999999986064185,"RpS28-like",1,"male","up"
"BP","GO:0050830","defense response to Gram-positive bacterium","1/333","34/7230",0.0294117647058824,0.638579756226815,-0.464127681957495,0.79950045560317,0.999999986064185,0.999999986064185,"BomS3",1,"male","up"
"BP","GO:0060828","regulation of canonical Wnt signaling pathway","2/333","64/7230",0.03125,0.678490990990991,-0.567643733744875,0.801270191102402,0.999999986064185,0.999999986064185,"apolpp/aop",2,"male","up"
"BP","GO:0006869","lipid transport","2/333","65/7230",0.0307692307692308,0.668052668052668,-0.590675393662012,0.80824178079205,0.999999986064185,0.999999986064185,"CG1801/apolpp",2,"male","up"
"BP","GO:0042752","regulation of circadian rhythm","2/333","65/7230",0.0307692307692308,0.668052668052668,-0.590675393662012,0.80824178079205,0.999999986064185,0.999999986064185,"timeout/tilB",2,"male","up"
"BP","GO:1903530","regulation of secretion by cell","2/333","65/7230",0.0307692307692308,0.668052668052668,-0.590675393662012,0.80824178079205,0.999999986064185,0.999999986064185,"RabX2/Rab9Fb",2,"male","up"
"BP","GO:0006022","aminoglycan metabolic process","1/333","35/7230",0.0285714285714286,0.62033462033462,-0.49471005368216,0.808778714119588,0.999999986064185,0.999999986064185,"Cht8",1,"male","up"
"BP","GO:0007188","adenylate cyclase-modulating G protein-coupled receptor signaling pathway","1/333","35/7230",0.0285714285714286,0.62033462033462,-0.49471005368216,0.808778714119588,0.999999986064185,0.999999986064185,"CG32305",1,"male","up"
"BP","GO:0008406","gonad development","1/333","35/7230",0.0285714285714286,0.62033462033462,-0.49471005368216,0.808778714119588,0.999999986064185,0.999999986064185,"aop",1,"male","up"
"BP","GO:0010632","regulation of epithelial cell migration","1/333","35/7230",0.0285714285714286,0.62033462033462,-0.49471005368216,0.808778714119588,0.999999986064185,0.999999986064185,"aop",1,"male","up"
"BP","GO:0016051","carbohydrate biosynthetic process","1/333","35/7230",0.0285714285714286,0.62033462033462,-0.49471005368216,0.808778714119588,0.999999986064185,0.999999986064185,"Pepck2",1,"male","up"
"BP","GO:0045137","development of primary sexual characteristics","1/333","35/7230",0.0285714285714286,0.62033462033462,-0.49471005368216,0.808778714119588,0.999999986064185,0.999999986064185,"aop",1,"male","up"
"BP","GO:0048069","eye pigmentation","1/333","35/7230",0.0285714285714286,0.62033462033462,-0.49471005368216,0.808778714119588,0.999999986064185,0.999999986064185,"santa-maria",1,"male","up"
"BP","GO:0006281","DNA repair","4/333","120/7230",0.0333333333333333,0.723723723723724,-0.670549020770324,0.810306482551334,0.999999986064185,0.999999986064185,"timeout/DNAlig3/mus304/CG42391",4,"male","up"
"BP","GO:0007155","cell adhesion","5/333","147/7230",0.0340136054421769,0.738493595636453,-0.703823060017997,0.814377115120347,0.999999986064185,0.999999986064185,"dyl/ImpL2/Cad88C/m/aop",5,"male","up"
"BP","GO:0043254","regulation of protein-containing complex assembly","2/333","66/7230",0.0303030303030303,0.657930657930658,-0.613393892784995,0.814995204239446,0.999999986064185,0.999999986064185,"Jupiter/CG7423",2,"male","up"
"BP","GO:0045786","negative regulation of cell cycle","2/333","66/7230",0.0303030303030303,0.657930657930658,-0.613393892784995,0.814995204239446,0.999999986064185,0.999999986064185,"timeout/mus304",2,"male","up"
"BP","GO:0051235","maintenance of location","2/333","66/7230",0.0303030303030303,0.657930657930658,-0.613393892784995,0.814995204239446,0.999999986064185,0.999999986064185,"ImpL2/apolpp",2,"male","up"
"BP","GO:0022603","regulation of anatomical structure morphogenesis","4/333","121/7230",0.0330578512396694,0.717742535924354,-0.687962838177582,0.815396320414916,0.999999986064185,0.999999986064185,"dyl/m/Efhc1.1/aop",4,"male","up"
"BP","GO:0072657","protein localization to membrane","4/333","121/7230",0.0330578512396694,0.717742535924354,-0.687962838177582,0.815396320414916,0.999999986064185,0.999999986064185,"RabX2/Tim13/Rab9Fb/CG17287",4,"male","up"
"BP","GO:0006493","protein O-linked glycosylation","1/333","36/7230",0.0277777777777778,0.603103103103103,-0.524535460255659,0.817628844515443,0.999999986064185,0.999999986064185,"C1GalTA",1,"male","up"
"BP","GO:0009062","fatty acid catabolic process","1/333","36/7230",0.0277777777777778,0.603103103103103,-0.524535460255659,0.817628844515443,0.999999986064185,0.999999986064185,"Pepck2",1,"male","up"
"BP","GO:0030490","maturation of SSU-rRNA","1/333","36/7230",0.0277777777777778,0.603103103103103,-0.524535460255659,0.817628844515443,0.999999986064185,0.999999986064185,"RpS28-like",1,"male","up"
"BP","GO:0048190","wing disc dorsal/ventral pattern formation","1/333","36/7230",0.0277777777777778,0.603103103103103,-0.524535460255659,0.817628844515443,0.999999986064185,0.999999986064185,"CG4477",1,"male","up"
"BP","GO:0007010","cytoskeleton organization","17/333","443/7230",0.0383747178329571,0.833180810607447,-0.796232794964349,0.818296423980788,0.999999986064185,0.999999986064185,"dyl/CG12395/CG13032/Jupiter/Rsph4a/Mst84Dd/CG2955/Zmynd10/t-Grip84/CG34274/m/CG7423/CG8509/CG13202/tilB/CG10859/TTLL1A",17,"male","up"
"BP","GO:0007600","sensory perception","6/333","174/7230",0.0344827586206897,0.748679714196956,-0.737316578586937,0.819800337096583,0.999999986064185,0.999999986064185,"Zmynd10/Or22b/Nmdar1/tilB/Gr47b/Ir40a",6,"male","up"
"BP","GO:0000070","mitotic sister chromatid segregation","2/333","67/7230",0.0298507462686567,0.648110797364529,-0.635809456638615,0.821535696013402,0.999999986064185,0.999999986064185,"neb/Mis12",2,"male","up"
"BP","GO:0006664","glycolipid metabolic process","1/333","37/7230",0.027027027027027,0.586803019235452,-0.553648448829256,0.82607054520718,0.999999986064185,0.999999986064185,"C1GalTA",1,"male","up"
"BP","GO:0030155","regulation of cell adhesion","1/333","37/7230",0.027027027027027,0.586803019235452,-0.553648448829256,0.82607054520718,0.999999986064185,0.999999986064185,"aop",1,"male","up"
"BP","GO:0030261","chromosome condensation","1/333","37/7230",0.027027027027027,0.586803019235452,-0.553648448829256,0.82607054520718,0.999999986064185,0.999999986064185,"neb",1,"male","up"
"BP","GO:1903509","liposaccharide metabolic process","1/333","37/7230",0.027027027027027,0.586803019235452,-0.553648448829256,0.82607054520718,0.999999986064185,0.999999986064185,"C1GalTA",1,"male","up"
"BP","GO:0090407","organophosphate biosynthetic process","5/333","150/7230",0.0333333333333333,0.723723723723724,-0.751283257582194,0.827831200313053,0.999999986064185,0.999999986064185,"CG17999/CG32305/ATPsynCF6L/Pmvk/ATPsynG",5,"male","up"
"BP","GO:0007548","sex differentiation","2/333","68/7230",0.0294117647058824,0.638579756226815,-0.657931816450597,0.82786847275452,0.999999986064185,0.999999986064185,"stil/aop",2,"male","up"
"BP","GO:0051046","regulation of secretion","2/333","68/7230",0.0294117647058824,0.638579756226815,-0.657931816450597,0.82786847275452,0.999999986064185,0.999999986064185,"RabX2/Rab9Fb",2,"male","up"
"BP","GO:0050801","monoatomic ion homeostasis","3/333","97/7230",0.0309278350515464,0.671496238506548,-0.715683851495788,0.831233765885792,0.999999986064185,0.999999986064185,"Nmdar1/CG43321/CG14743",3,"male","up"
"BP","GO:0055080","monoatomic cation homeostasis","3/333","97/7230",0.0309278350515464,0.671496238506548,-0.715683851495788,0.831233765885792,0.999999986064185,0.999999986064185,"Nmdar1/CG43321/CG14743",3,"male","up"
"BP","GO:0010562","positive regulation of phosphorus metabolic process","1/333","38/7230",0.0263157894736842,0.571360834518729,-0.582089715070762,0.834122610888538,0.999999986064185,0.999999986064185,"CG41520",1,"male","up"
"BP","GO:0019731","antibacterial humoral response","1/333","38/7230",0.0263157894736842,0.571360834518729,-0.582089715070762,0.834122610888538,0.999999986064185,0.999999986064185,"BomS3",1,"male","up"
"BP","GO:0042067","establishment of ommatidial planar polarity","1/333","38/7230",0.0263157894736842,0.571360834518729,-0.582089715070762,0.834122610888538,0.999999986064185,0.999999986064185,"aop",1,"male","up"
"BP","GO:0045937","positive regulation of phosphate metabolic process","1/333","38/7230",0.0263157894736842,0.571360834518729,-0.582089715070762,0.834122610888538,0.999999986064185,0.999999986064185,"CG41520",1,"male","up"
"BP","GO:0051338","regulation of transferase activity","1/333","38/7230",0.0263157894736842,0.571360834518729,-0.582089715070762,0.834122610888538,0.999999986064185,0.999999986064185,"CG41520",1,"male","up"
"BP","GO:0060491","regulation of cell projection assembly","1/333","38/7230",0.0263157894736842,0.571360834518729,-0.582089715070762,0.834122610888538,0.999999986064185,0.999999986064185,"C1GalTA",1,"male","up"
"BP","GO:0070588","calcium ion transmembrane transport","1/333","38/7230",0.0263157894736842,0.571360834518729,-0.582089715070762,0.834122610888538,0.999999986064185,0.999999986064185,"CG43321",1,"male","up"
"BP","GO:0071482","cellular response to light stimulus","1/333","38/7230",0.0263157894736842,0.571360834518729,-0.582089715070762,0.834122610888538,0.999999986064185,0.999999986064185,"TotE",1,"male","up"
"BP","GO:0120032","regulation of plasma membrane bounded cell projection assembly","1/333","38/7230",0.0263157894736842,0.571360834518729,-0.582089715070762,0.834122610888538,0.999999986064185,0.999999986064185,"C1GalTA",1,"male","up"
"BP","GO:1901991","negative regulation of mitotic cell cycle phase transition","1/333","38/7230",0.0263157894736842,0.571360834518729,-0.582089715070762,0.834122610888538,0.999999986064185,0.999999986064185,"mus304",1,"male","up"
"BP","GO:0009628","response to abiotic stimulus","11/333","304/7230",0.0361842105263158,0.785621147463253,-0.839090117890437,0.836273471714195,0.999999986064185,0.999999986064185,"Hsp70Bb/Pzl/Hsp67Bc/Hsp70Bbb/Hsp70Bc/TotE/Hph/Nmdar1/mus304/tilB/santa-maria",11,"male","up"
"BP","GO:0010876","lipid localization","3/333","98/7230",0.0306122448979592,0.664644236072807,-0.73441960544105,0.836397228213525,0.999999986064185,0.999999986064185,"ImpL2/CG1801/apolpp",3,"male","up"
"BP","GO:1901137","carbohydrate derivative biosynthetic process","7/333","204/7230",0.0343137254901961,0.745009715597951,-0.811737781914625,0.837059274639974,0.999999986064185,0.999999986064185,"CG17999/CG32305/Adk3/ATPsynCF6L/FucTB/C1GalTA/ATPsynG",7,"male","up"
"BP","GO:0006261","DNA-templated DNA replication","2/333","70/7230",0.0285714285714286,0.62033462033462,-0.7013335616783,0.839931602376064,0.999999986064185,0.999999986064185,"timeout/DNAlig3",2,"male","up"
"BP","GO:0030111","regulation of Wnt signaling pathway","2/333","70/7230",0.0285714285714286,0.62033462033462,-0.7013335616783,0.839931602376064,0.999999986064185,0.999999986064185,"apolpp/aop",2,"male","up"
"BP","GO:0009060","aerobic respiration","3/333","99/7230",0.0303030303030303,0.657930657930658,-0.752987293328118,0.841424370164441,0.999999986064185,0.999999986064185,"ND-24L/COX7CL/SdhCL",3,"male","up"
"BP","GO:0060627","regulation of vesicle-mediated transport","3/333","99/7230",0.0303030303030303,0.657930657930658,-0.752987293328118,0.841424370164441,0.999999986064185,0.999999986064185,"RabX2/Sec20/Rab9Fb",3,"male","up"
"BP","GO:0098609","cell-cell adhesion","3/333","99/7230",0.0303030303030303,0.657930657930658,-0.752987293328118,0.841424370164441,0.999999986064185,0.999999986064185,"ImpL2/Cad88C/aop",3,"male","up"
"BP","GO:0019752","carboxylic acid metabolic process","9/333","256/7230",0.03515625,0.763302364864865,-0.847235307456799,0.841749311579355,0.999999986064185,0.999999986064185,"CG17999/FASN3/Uros2/CG7848/Hex-t1/Hph/CG7059/Pepck2/Odc2",9,"male","up"
"BP","GO:0043436","oxoacid metabolic process","9/333","256/7230",0.03515625,0.763302364864865,-0.847235307456799,0.841749311579355,0.999999986064185,0.999999986064185,"CG17999/FASN3/Uros2/CG7848/Hex-t1/Hph/CG7059/Pepck2/Odc2",9,"male","up"
"BP","GO:0006354","DNA-templated transcription elongation","1/333","39/7230",0.0256410256410256,0.556710556710557,-0.60989653244399,0.841802973871591,0.999999986064185,0.999999986064185,"snRNA:7SKa",1,"male","up"
"BP","GO:0007450","dorsal/ventral pattern formation, imaginal disc","1/333","39/7230",0.0256410256410256,0.556710556710557,-0.60989653244399,0.841802973871591,0.999999986064185,0.999999986064185,"CG4477",1,"male","up"
"BP","GO:0015698","inorganic anion transport","1/333","39/7230",0.0256410256410256,0.556710556710557,-0.60989653244399,0.841802973871591,0.999999986064185,0.999999986064185,"CG16736",1,"male","up"
"BP","GO:0033108","mitochondrial respiratory chain complex assembly","1/333","39/7230",0.0256410256410256,0.556710556710557,-0.60989653244399,0.841802973871591,0.999999986064185,0.999999986064185,"CG15283",1,"male","up"
"BP","GO:0048863","stem cell differentiation","1/333","39/7230",0.0256410256410256,0.556710556710557,-0.60989653244399,0.841802973871591,0.999999986064185,0.999999986064185,"C1GalTA",1,"male","up"
"BP","GO:0015849","organic acid transport","2/333","71/7230",0.028169014084507,0.611597513005964,-0.722630206364629,0.845672218464496,0.999999986064185,0.999999986064185,"CG16736/CG13794",2,"male","up"
"BP","GO:0046942","carboxylic acid transport","2/333","71/7230",0.028169014084507,0.611597513005964,-0.722630206364629,0.845672218464496,0.999999986064185,0.999999986064185,"CG16736/CG13794",2,"male","up"
"BP","GO:0006082","organic acid metabolic process","9/333","258/7230",0.0348837209302326,0.757385292269013,-0.871925551919189,0.848081430543337,0.999999986064185,0.999999986064185,"CG17999/FASN3/Uros2/CG7848/Hex-t1/Hph/CG7059/Pepck2/Odc2",9,"male","up"
"BP","GO:0000724","double-strand break repair via homologous recombination","1/333","40/7230",0.025,0.542792792792793,-0.6371031236729,0.849128743542118,0.999999986064185,0.999999986064185,"CG42391",1,"male","up"
"BP","GO:0000725","recombinational repair","1/333","40/7230",0.025,0.542792792792793,-0.6371031236729,0.849128743542118,0.999999986064185,0.999999986064185,"CG42391",1,"male","up"
"BP","GO:0017148","negative regulation of translation","1/333","40/7230",0.025,0.542792792792793,-0.6371031236729,0.849128743542118,0.999999986064185,0.999999986064185,"krimp",1,"male","up"
"BP","GO:0030198","extracellular matrix organization","1/333","40/7230",0.025,0.542792792792793,-0.6371031236729,0.849128743542118,0.999999986064185,0.999999986064185,"CG5455",1,"male","up"
"BP","GO:0045466","R7 cell differentiation","1/333","40/7230",0.025,0.542792792792793,-0.6371031236729,0.849128743542118,0.999999986064185,0.999999986064185,"aop",1,"male","up"
"BP","GO:0046148","pigment biosynthetic process","1/333","40/7230",0.025,0.542792792792793,-0.6371031236729,0.849128743542118,0.999999986064185,0.999999986064185,"santa-maria",1,"male","up"
"BP","GO:0048754","branching morphogenesis of an epithelial tube","1/333","40/7230",0.025,0.542792792792793,-0.6371031236729,0.849128743542118,0.999999986064185,0.999999986064185,"Hph",1,"male","up"
"BP","GO:0060446","branching involved in open tracheal system development","1/333","40/7230",0.025,0.542792792792793,-0.6371031236729,0.849128743542118,0.999999986064185,0.999999986064185,"Hph",1,"male","up"
"BP","GO:0061138","morphogenesis of a branching epithelium","1/333","40/7230",0.025,0.542792792792793,-0.6371031236729,0.849128743542118,0.999999986064185,0.999999986064185,"Hph",1,"male","up"
"BP","GO:0072329","monocarboxylic acid catabolic process","1/333","40/7230",0.025,0.542792792792793,-0.6371031236729,0.849128743542118,0.999999986064185,0.999999986064185,"Pepck2",1,"male","up"
"BP","GO:0090263","positive regulation of canonical Wnt signaling pathway","1/333","40/7230",0.025,0.542792792792793,-0.6371031236729,0.849128743542118,0.999999986064185,0.999999986064185,"apolpp",1,"male","up"
"BP","GO:0090150","establishment of protein localization to membrane","2/333","72/7230",0.0277777777777778,0.603103103103103,-0.743668216665817,0.851225631335964,0.999999986064185,0.999999986064185,"Tim13/CG17287",2,"male","up"
"BP","GO:0008104","protein localization","17/333","456/7230",0.037280701754386,0.809427848901533,-0.923741334679045,0.851606552131804,0.999999986064185,0.999999986064185,"CG17819/CG31787/CG8219/lncRNA:Hsromega/CG2955/RabX2/alphaKap4/Tim13/Hph/apolpp/CG32727/CG1409/Rab9Fb/Tim17a2/Cc2d2a/CG17287/Apl",17,"male","up"
"BP","GO:0000280","nuclear division","6/333","183/7230",0.0327868852459016,0.711859400383991,-0.867479021354136,0.854510902795423,0.999999986064185,0.999999986064185,"HP6/sra/neb/mus304/Mis12/CG42391",6,"male","up"
"BP","GO:0001763","morphogenesis of a branching structure","1/333","41/7230",0.024390243902439,0.529553944188091,-0.663740983438291,0.856116244015063,0.999999986064185,0.999999986064185,"Hph",1,"male","up"
"BP","GO:0001932","regulation of protein phosphorylation","1/333","41/7230",0.024390243902439,0.529553944188091,-0.663740983438291,0.856116244015063,0.999999986064185,0.999999986064185,"CG41520",1,"male","up"
"BP","GO:0030335","positive regulation of cell migration","1/333","41/7230",0.024390243902439,0.529553944188091,-0.663740983438291,0.856116244015063,0.999999986064185,0.999999986064185,"aop",1,"male","up"
"BP","GO:0045132","meiotic chromosome segregation","1/333","41/7230",0.024390243902439,0.529553944188091,-0.663740983438291,0.856116244015063,0.999999986064185,0.999999986064185,"mus304",1,"male","up"
"BP","GO:0046328","regulation of JNK cascade","1/333","41/7230",0.024390243902439,0.529553944188091,-0.663740983438291,0.856116244015063,0.999999986064185,0.999999986064185,"lncRNA:Hsromega",1,"male","up"
"BP","GO:0007391","dorsal closure","2/333","73/7230",0.0273972602739726,0.594841416759225,-0.764455274337915,0.856596843643463,0.999999986064185,0.999999986064185,"dib/aop",2,"male","up"
"BP","GO:0097305","response to alcohol","2/333","73/7230",0.0273972602739726,0.594841416759225,-0.764455274337915,0.856596843643463,0.999999986064185,0.999999986064185,"ccb/Nmdar1",2,"male","up"
"BP","GO:0019098","reproductive behavior","3/333","103/7230",0.029126213592233,0.632379952768302,-0.825649145184269,0.860220579880117,0.999999986064185,0.999999986064185,"Gadd45/sra/tilB",3,"male","up"
"BP","GO:0045333","cellular respiration","3/333","103/7230",0.029126213592233,0.632379952768302,-0.825649145184269,0.860220579880117,0.999999986064185,0.999999986064185,"ND-24L/COX7CL/SdhCL",3,"male","up"
"BP","GO:0008610","lipid biosynthetic process","6/333","185/7230",0.0324324324324324,0.704163623082542,-0.895628813010903,0.861434634858861,0.999999986064185,0.999999986064185,"CG17999/FASN3/Pmvk/C1GalTA/dib/Pepck2",6,"male","up"
"BP","GO:0006887","exocytosis","2/333","74/7230",0.027027027027027,0.586803019235452,-0.784998721659863,0.861790795854978,0.999999986064185,0.999999986064185,"RabX2/Rab9Fb",2,"male","up"
"BP","GO:0019220","regulation of phosphate metabolic process","2/333","74/7230",0.027027027027027,0.586803019235452,-0.784998721659863,0.861790795854978,0.999999986064185,0.999999986064185,"CG41520/I-t",2,"male","up"
"BP","GO:0051174","regulation of phosphorus metabolic process","2/333","74/7230",0.027027027027027,0.586803019235452,-0.784998721659863,0.861790795854978,0.999999986064185,0.999999986064185,"CG41520/I-t",2,"male","up"
"BP","GO:0007291","sperm individualization","1/333","42/7230",0.0238095238095238,0.516945516945517,-0.689839159752372,0.862781050071954,0.999999986064185,0.999999986064185,"gdrd",1,"male","up"
"BP","GO:0010639","negative regulation of organelle organization","1/333","42/7230",0.0238095238095238,0.516945516945517,-0.689839159752372,0.862781050071954,0.999999986064185,0.999999986064185,"CG7423",1,"male","up"
"BP","GO:0044272","sulfur compound biosynthetic process","1/333","42/7230",0.0238095238095238,0.516945516945517,-0.689839159752372,0.862781050071954,0.999999986064185,0.999999986064185,"CG17999",1,"male","up"
"BP","GO:0098739","import across plasma membrane","1/333","42/7230",0.0238095238095238,0.516945516945517,-0.689839159752372,0.862781050071954,0.999999986064185,0.999999986064185,"CG13794",1,"male","up"
"BP","GO:0071705","nitrogen compound transport","14/333","388/7230",0.0360824742268041,0.783412278257639,-0.963583327661131,0.86366693740165,0.999999986064185,0.999999986064185,"CG17819/CG31787/CG8219/RabX2/alphaKap4/Tim13/Hph/apolpp/CG32727/CG1409/Rab9Fb/Tim17a2/Apl/CG13794",14,"male","up"
"BP","GO:0060070","canonical Wnt signaling pathway","2/333","75/7230",0.0266666666666667,0.578978978978979,-0.805305581028816,0.866812361366486,0.999999986064185,0.999999986064185,"apolpp/aop",2,"male","up"
"BP","GO:0034655","nucleobase-containing compound catabolic process","4/333","133/7230",0.0300751879699248,0.652983810878548,-0.887501856350893,0.868153357984621,0.999999986064185,0.999999986064185,"CG12917/fal/Hex-t1/CG7059",4,"male","up"
"BP","GO:0006631","fatty acid metabolic process","3/333","105/7230",0.0285714285714286,0.62033462033462,-0.861061811524452,0.868866988805925,0.999999986064185,0.999999986064185,"CG17999/FASN3/Pepck2",3,"male","up"
"BP","GO:0030833","regulation of actin filament polymerization","1/333","43/7230",0.0232558139534884,0.504923528179342,-0.715424500169251,0.869138021458437,0.999999986064185,0.999999986064185,"CG7423",1,"male","up"
"BP","GO:0042273","ribosomal large subunit biogenesis","1/333","43/7230",0.0232558139534884,0.504923528179342,-0.715424500169251,0.869138021458437,0.999999986064185,0.999999986064185,"CG8204",1,"male","up"
"BP","GO:0043410","positive regulation of MAPK cascade","1/333","43/7230",0.0232558139534884,0.504923528179342,-0.715424500169251,0.869138021458437,0.999999986064185,0.999999986064185,"lncRNA:Hsromega",1,"male","up"
"BP","GO:2000241","regulation of reproductive process","2/333","76/7230",0.0263157894736842,0.571360834518729,-0.825382573171615,0.871666342194087,0.999999986064185,0.999999986064185,"Gadd45/aop",2,"male","up"
"BP","GO:0006811","monoatomic ion transport","9/333","267/7230",0.0337078651685393,0.731855450956575,-0.98097405696218,0.874143282166763,0.999999986064185,0.999999986064185,"ppk6/MFS3/Nmdar1/CG43321/CG9825/CG14743/ATPsynG/CG14362/CG13794",9,"male","up"
"BP","GO:0006865","amino acid transport","1/333","44/7230",0.0227272727272727,0.493447993447993,-0.740521867949336,0.875201335616547,0.999999986064185,0.999999986064185,"CG13794",1,"male","up"
"BP","GO:0008064","regulation of actin polymerization or depolymerization","1/333","44/7230",0.0227272727272727,0.493447993447993,-0.740521867949336,0.875201335616547,0.999999986064185,0.999999986064185,"CG7423",1,"male","up"
"BP","GO:0030177","positive regulation of Wnt signaling pathway","1/333","44/7230",0.0227272727272727,0.493447993447993,-0.740521867949336,0.875201335616547,0.999999986064185,0.999999986064185,"apolpp",1,"male","up"
"BP","GO:0030832","regulation of actin filament length","1/333","44/7230",0.0227272727272727,0.493447993447993,-0.740521867949336,0.875201335616547,0.999999986064185,0.999999986064185,"CG7423",1,"male","up"
"BP","GO:0034249","negative regulation of amide metabolic process","1/333","44/7230",0.0227272727272727,0.493447993447993,-0.740521867949336,0.875201335616547,0.999999986064185,0.999999986064185,"krimp",1,"male","up"
"BP","GO:2000243","positive regulation of reproductive process","1/333","44/7230",0.0227272727272727,0.493447993447993,-0.740521867949336,0.875201335616547,0.999999986064185,0.999999986064185,"aop",1,"male","up"
"BP","GO:0000819","sister chromatid segregation","2/333","77/7230",0.025974025974026,0.563940563940564,-0.845236134087341,0.876357465202549,0.999999986064185,0.999999986064185,"neb/Mis12",2,"male","up"
"BP","GO:0010506","regulation of autophagy","2/333","77/7230",0.025974025974026,0.563940563940564,-0.845236134087341,0.876357465202549,0.999999986064185,0.999999986064185,"Hsp67Bc/Sec20",2,"male","up"
"BP","GO:1902903","regulation of supramolecular fiber organization","2/333","77/7230",0.025974025974026,0.563940563940564,-0.845236134087341,0.876357465202549,0.999999986064185,0.999999986064185,"Jupiter/CG7423",2,"male","up"
"BP","GO:0098660","inorganic ion transmembrane transport","6/333","191/7230",0.031413612565445,0.682043299844347,-0.978498801959048,0.880594116214015,0.999999986064185,0.999999986064185,"ppk6/CG16736/CG43321/ATPsynG/CG14362/CG13794",6,"male","up"
"BP","GO:0006260","DNA replication","2/333","78/7230",0.0256410256410256,0.556710556710557,-0.864872430824932,0.880890378830264,0.999999986064185,0.999999986064185,"timeout/DNAlig3",2,"male","up"
"BP","GO:0032870","cellular response to hormone stimulus","2/333","78/7230",0.0256410256410256,0.556710556710557,-0.864872430824932,0.880890378830264,0.999999986064185,0.999999986064185,"ImpL2/Pepck2",2,"male","up"
"BP","GO:0042330","taxis","2/333","78/7230",0.0256410256410256,0.556710556710557,-0.864872430824932,0.880890378830264,0.999999986064185,0.999999986064185,"Nmdar1/santa-maria",2,"male","up"
"BP","GO:0007611","learning or memory","3/333","108/7230",0.0277777777777778,0.603103103103103,-0.913102880108365,0.880954197577128,0.999999986064185,0.999999986064185,"sra/Nmdar1/Gld2",3,"male","up"
"BP","GO:0009416","response to light stimulus","3/333","108/7230",0.0277777777777778,0.603103103103103,-0.913102880108365,0.880954197577128,0.999999986064185,0.999999986064185,"TotE/Nmdar1/santa-maria",3,"male","up"
"BP","GO:0050890","cognition","3/333","108/7230",0.0277777777777778,0.603103103103103,-0.913102880108365,0.880954197577128,0.999999986064185,0.999999986064185,"sra/Nmdar1/Gld2",3,"male","up"
"BP","GO:0097435","supramolecular fiber organization","6/333","192/7230",0.03125,0.678490990990991,-0.992088113004843,0.883561398149825,0.999999986064185,0.999999986064185,"dyl/CG13032/Jupiter/t-Grip84/m/CG7423",6,"male","up"
"BP","GO:0040012","regulation of locomotion","2/333","79/7230",0.0253164556962025,0.549663587638271,-0.884297376190093,0.885269650273113,0.999999986064185,0.999999986064185,"CG17118/aop",2,"male","up"
"BP","GO:0009314","response to radiation","4/333","138/7230",0.0289855072463768,0.629324977151064,-0.966005543976148,0.886000052418095,0.999999986064185,0.999999986064185,"TotE/Nmdar1/mus304/santa-maria",4,"male","up"
"BP","GO:0042445","hormone metabolic process","1/333","46/7230",0.0217391304347826,0.471993732863298,-0.789343337332703,0.886500476501035,0.999999986064185,0.999999986064185,"dib",1,"male","up"
"BP","GO:0045930","negative regulation of mitotic cell cycle","1/333","46/7230",0.0217391304347826,0.471993732863298,-0.789343337332703,0.886500476501035,0.999999986064185,0.999999986064185,"mus304",1,"male","up"
"BP","GO:0097190","apoptotic signaling pathway","1/333","46/7230",0.0217391304347826,0.471993732863298,-0.789343337332703,0.886500476501035,0.999999986064185,0.999999986064185,"CG13373",1,"male","up"
"BP","GO:0019941","modification-dependent protein catabolic process","7/333","220/7230",0.0318181818181818,0.690827190827191,-1.02325703601867,0.88748947344504,0.999999986064185,0.999999986064185,"Uch-L5R/CG4661/SkpD/Rpn13R/Prosbeta2R1/CG12725/Prosalpha4T1",7,"male","up"
"BP","GO:0007005","mitochondrion organization","4/333","139/7230",0.0287769784172662,0.624797459329833,-0.981410147385348,0.889306481455784,0.999999986064185,0.999999986064185,"Slc25A46b/CG15283/Tim13/sra",4,"male","up"
"BP","GO:0030162","regulation of proteolysis","2/333","80/7230",0.025,0.542792792792793,-0.90351664246702,0.889499763092151,0.999999986064185,0.999999986064185,"lncRNA:Hsromega/Spn43Aa",2,"male","up"
"BP","GO:0042692","muscle cell differentiation","2/333","80/7230",0.025,0.542792792792793,-0.90351664246702,0.889499763092151,0.999999986064185,0.999999986064185,"C1GalTA/aop",2,"male","up"
"BP","GO:0006413","translational initiation","1/333","47/7230",0.0212765957446809,0.461951313015143,-0.813108849584781,0.891761520672131,0.999999986064185,0.999999986064185,"Hsp67Bc",1,"male","up"
"BP","GO:0007052","mitotic spindle organization","1/333","47/7230",0.0212765957446809,0.461951313015143,-0.813108849584781,0.891761520672131,0.999999986064185,0.999999986064185,"CG8509",1,"male","up"
"BP","GO:0007602","phototransduction","1/333","47/7230",0.0212765957446809,0.461951313015143,-0.813108849584781,0.891761520672131,0.999999986064185,0.999999986064185,"santa-maria",1,"male","up"
"BP","GO:0008049","male courtship behavior","1/333","47/7230",0.0212765957446809,0.461951313015143,-0.813108849584781,0.891761520672131,0.999999986064185,0.999999986064185,"tilB",1,"male","up"
"BP","GO:0098813","nuclear chromosome segregation","3/333","111/7230",0.027027027027027,0.586803019235452,-0.963918351239132,0.892042732954928,0.999999986064185,0.999999986064185,"neb/mus304/Mis12",3,"male","up"
"BP","GO:0007283","spermatogenesis","6/333","195/7230",0.0307692307692308,0.668052668052668,-1.0324892848391,0.892093530469101,0.999999986064185,0.999999986064185,"lncRNA:CR44344/Mst84Dd/lncRNA:CR43753/lncRNA:CR43306/gdrd/CG34274",6,"male","up"
"BP","GO:0006091","generation of precursor metabolites and energy","5/333","168/7230",0.0297619047619048,0.646181896181896,-1.01953455783576,0.892789547093354,0.999999986064185,0.999999986064185,"ND-24L/COX7CL/SdhCL/Hex-t1/CG7059",5,"male","up"
"BP","GO:0006486","protein glycosylation","2/333","81/7230",0.0246913580246914,0.536091647202758,-0.922535674232608,0.893585115212257,0.999999986064185,0.999999986064185,"FucTB/C1GalTA",2,"male","up"
"BP","GO:0043413","macromolecule glycosylation","2/333","81/7230",0.0246913580246914,0.536091647202758,-0.922535674232608,0.893585115212257,0.999999986064185,0.999999986064185,"FucTB/C1GalTA",2,"male","up"
"BP","GO:1901987","regulation of cell cycle phase transition","2/333","81/7230",0.0246913580246914,0.536091647202758,-0.922535674232608,0.893585115212257,0.999999986064185,0.999999986064185,"timeout/mus304",2,"male","up"
"BP","GO:0030041","actin filament polymerization","1/333","48/7230",0.0208333333333333,0.452327327327327,-0.836469491940331,0.896779398107212,0.999999986064185,0.999999986064185,"CG7423",1,"male","up"
"BP","GO:0030003","intracellular monoatomic cation homeostasis","2/333","82/7230",0.024390243902439,0.529553944188091,-0.941359700333809,0.897530017280983,0.999999986064185,0.999999986064185,"CG43321/CG14743",2,"male","up"
"BP","GO:0044093","positive regulation of molecular function","2/333","82/7230",0.024390243902439,0.529553944188091,-0.941359700333809,0.897530017280983,0.999999986064185,0.999999986064185,"CG41520/CG14362",2,"male","up"
"BP","GO:1901605","alpha-amino acid metabolic process","2/333","82/7230",0.024390243902439,0.529553944188091,-0.941359700333809,0.897530017280983,0.999999986064185,0.999999986064185,"Hph/Odc2",2,"male","up"
"BP","GO:0043632","modification-dependent macromolecule catabolic process","7/333","225/7230",0.0311111111111111,0.675475475475475,-1.08659030975432,0.900293917139639,0.999999986064185,0.999999986064185,"Uch-L5R/CG4661/SkpD/Rpn13R/Prosbeta2R1/CG12725/Prosalpha4T1",7,"male","up"
"BP","GO:0098662","inorganic cation transmembrane transport","5/333","171/7230",0.0292397660818713,0.634845371687477,-1.06177963196614,0.901270061816953,0.999999986064185,0.999999986064185,"ppk6/CG43321/ATPsynG/CG14362/CG13794",5,"male","up"
"BP","GO:0006873","intracellular monoatomic ion homeostasis","2/333","83/7230",0.0240963855421687,0.523173776185824,-0.959993745092509,0.901338691358865,0.999999986064185,0.999999986064185,"CG43321/CG14743",2,"male","up"
"BP","GO:0016055","Wnt signaling pathway","2/333","83/7230",0.0240963855421687,0.523173776185824,-0.959993745092509,0.901338691358865,0.999999986064185,0.999999986064185,"apolpp/aop",2,"male","up"
"BP","GO:0032984","protein-containing complex disassembly","1/333","49/7230",0.0204081632653061,0.443096157381872,-0.859442660832943,0.901565315738832,0.999999986064185,0.999999986064185,"CG7423",1,"male","up"
"BP","GO:0044270","cellular nitrogen compound catabolic process","4/333","144/7230",0.0277777777777778,0.603103103103103,-1.05703530162888,0.904612874954297,0.999999986064185,0.999999986064185,"CG12917/fal/Hex-t1/CG7059",4,"male","up"
"BP","GO:0046700","heterocycle catabolic process","4/333","144/7230",0.0277777777777778,0.603103103103103,-1.05703530162888,0.904612874954297,0.999999986064185,0.999999986064185,"CG12917/fal/Hex-t1/CG7059",4,"male","up"
"BP","GO:0009725","response to hormone","2/333","84/7230",0.0238095238095238,0.516945516945517,-0.978442638796593,0.90501526991431,0.999999986064185,0.999999986064185,"ImpL2/Pepck2",2,"male","up"
"BP","GO:0016331","morphogenesis of embryonic epithelium","2/333","84/7230",0.0238095238095238,0.516945516945517,-0.978442638796593,0.90501526991431,0.999999986064185,0.999999986064185,"dib/aop",2,"male","up"
"BP","GO:0045927","positive regulation of growth","2/333","84/7230",0.0238095238095238,0.516945516945517,-0.978442638796593,0.90501526991431,0.999999986064185,0.999999986064185,"CG7423/Hph",2,"male","up"
"BP","GO:0006816","calcium ion transport","1/333","50/7230",0.02,0.434234234234234,-0.882044631744667,0.90612996548942,0.999999986064185,0.999999986064185,"CG43321",1,"male","up"
"BP","GO:0007173","epidermal growth factor receptor signaling pathway","1/333","50/7230",0.02,0.434234234234234,-0.882044631744667,0.90612996548942,0.999999986064185,0.999999986064185,"aop",1,"male","up"
"BP","GO:0009950","dorsal/ventral axis specification","1/333","50/7230",0.02,0.434234234234234,-0.882044631744667,0.90612996548942,0.999999986064185,0.999999986064185,"krimp",1,"male","up"
"BP","GO:0038127","ERBB signaling pathway","1/333","50/7230",0.02,0.434234234234234,-0.882044631744667,0.90612996548942,0.999999986064185,0.999999986064185,"aop",1,"male","up"
"BP","GO:0042180","cellular ketone metabolic process","1/333","50/7230",0.02,0.434234234234234,-0.882044631744667,0.90612996548942,0.999999986064185,0.999999986064185,"dib",1,"male","up"
"BP","GO:0043062","extracellular structure organization","1/333","50/7230",0.02,0.434234234234234,-0.882044631744667,0.90612996548942,0.999999986064185,0.999999986064185,"CG5455",1,"male","up"
"BP","GO:0098655","monoatomic cation transmembrane transport","5/333","173/7230",0.0289017341040462,0.627506118835599,-1.08959035970679,0.906595745447281,0.999999986064185,0.999999986064185,"ppk6/CG43321/ATPsynG/CG14362/CG13794",5,"male","up"
"BP","GO:0048870","cell motility","8/333","256/7230",0.03125,0.678490990990991,-1.15080906466329,0.9102300775198,0.999999986064185,0.999999986064185,"Rsph4a/Mst84Dd/Zmynd10/CG17118/CG34274/kl-5/tilB/aop",8,"male","up"
"BP","GO:0007591","molting cycle, chitin-based cuticle","1/333","51/7230",0.0196078431372549,0.425719837484543,-0.904290653521448,0.910483547869924,0.999999986064185,0.999999986064185,"Cht8",1,"male","up"
"BP","GO:0008286","insulin receptor signaling pathway","1/333","51/7230",0.0196078431372549,0.425719837484543,-0.904290653521448,0.910483547869924,0.999999986064185,0.999999986064185,"ImpL2",1,"male","up"
"BP","GO:0009583","detection of light stimulus","1/333","51/7230",0.0196078431372549,0.425719837484543,-0.904290653521448,0.910483547869924,0.999999986064185,0.999999986064185,"santa-maria",1,"male","up"
"BP","GO:0042303","molting cycle","1/333","51/7230",0.0196078431372549,0.425719837484543,-0.904290653521448,0.910483547869924,0.999999986064185,0.999999986064185,"Cht8",1,"male","up"
"BP","GO:0198738","cell-cell signaling by wnt","2/333","86/7230",0.0232558139534884,0.504923528179342,-1.01480338239628,0.911988218272784,0.999999986064185,0.999999986064185,"apolpp/aop",2,"male","up"
"BP","GO:0019439","aromatic compound catabolic process","4/333","147/7230",0.0272108843537415,0.590794876509162,-1.10134206040313,0.912873272938771,0.999999986064185,0.999999986064185,"CG12917/fal/Hex-t1/CG7059",4,"male","up"
"BP","GO:0051668","localization within membrane","4/333","147/7230",0.0272108843537415,0.590794876509162,-1.10134206040313,0.912873272938771,0.999999986064185,0.999999986064185,"RabX2/Tim13/Rab9Fb/CG17287",4,"male","up"
"BP","GO:0007030","Golgi organization","1/333","52/7230",0.0192307692307692,0.417532917532918,-0.926195033008286,0.914635794500279,0.999999986064185,0.999999986064185,"CG31787",1,"male","up"
"BP","GO:0042274","ribosomal small subunit biogenesis","1/333","52/7230",0.0192307692307692,0.417532917532918,-0.926195033008286,0.914635794500279,0.999999986064185,0.999999986064185,"RpS28-like",1,"male","up"
"BP","GO:0060179","male mating behavior","1/333","52/7230",0.0192307692307692,0.417532917532918,-0.926195033008286,0.914635794500279,0.999999986064185,0.999999986064185,"tilB",1,"male","up"
"BP","GO:0070085","glycosylation","2/333","87/7230",0.0229885057471264,0.499119809464637,-1.03272400816375,0.915292399778897,0.999999986064185,0.999999986064185,"FucTB/C1GalTA",2,"male","up"
"BP","GO:0006259","DNA metabolic process","6/333","205/7230",0.0292682926829268,0.635464733025709,-1.16338760627534,0.916800311514584,0.999999986064185,0.999999986064185,"timeout/CG12917/DNAlig3/HP6/mus304/CG42391",6,"male","up"
"BP","GO:0007015","actin filament organization","3/333","119/7230",0.0252100840336134,0.547354076765841,-1.09395100285676,0.917227781126542,0.999999986064185,0.999999986064185,"dyl/m/CG7423",3,"male","up"
"BP","GO:0016050","vesicle organization","2/333","88/7230",0.0227272727272727,0.493447993447993,-1.05047705140117,0.918480108911125,0.999999986064185,0.999999986064185,"RabX2/Rab9Fb",2,"male","up"
"BP","GO:0120036","plasma membrane bounded cell projection organization","15/333","441/7230",0.0340136054421769,0.738493595636453,-1.24517340388159,0.918525978717371,0.999999986064185,0.999999986064185,"ImpL2/CG13032/CG13693/Rsph4a/Mst84Dd/Zmynd10/CG17118/CG34274/Efhc1.1/CG13202/C1GalTA/CG14339/tilB/CG10859/Cc2d2a",15,"male","up"
"BP","GO:0008154","actin polymerization or depolymerization","1/333","53/7230",0.0188679245283019,0.409654937956825,-0.947771211167686,0.918595989600781,0.999999986064185,0.999999986064185,"CG7423",1,"male","up"
"BP","GO:0071478","cellular response to radiation","1/333","53/7230",0.0188679245283019,0.409654937956825,-0.947771211167686,0.918595989600781,0.999999986064185,0.999999986064185,"TotE",1,"male","up"
"BP","GO:0007606","sensory perception of chemical stimulus","3/333","120/7230",0.025,0.542792792792793,-1.10968574361176,0.919969352884881,0.999999986064185,0.999999986064185,"Or22b/Gr47b/Ir40a",3,"male","up"
"BP","GO:0070727","cellular macromolecule localization","17/333","493/7230",0.0344827586206897,0.748679714196956,-1.27013196824432,0.921250078496253,0.999999986064185,0.999999986064185,"CG17819/CG31787/CG8219/lncRNA:Hsromega/CG2955/RabX2/alphaKap4/Tim13/Hph/apolpp/CG32727/CG1409/Rab9Fb/Tim17a2/Cc2d2a/CG17287/Apl",17,"male","up"
"BP","GO:0022618","protein-RNA complex assembly","2/333","89/7230",0.0224719101123595,0.48790363397105,-1.06806650811361,0.921555024091787,0.999999986064185,0.999999986064185,"CG8204/RpS28-like",2,"male","up"
"BP","GO:0035222","wing disc pattern formation","1/333","54/7230",0.0185185185185185,0.402068735402069,-0.969031831685543,0.922372990501288,0.999999986064185,0.999999986064185,"CG4477",1,"male","up"
"BP","GO:0048066","developmental pigmentation","1/333","54/7230",0.0185185185185185,0.402068735402069,-0.969031831685543,0.922372990501288,0.999999986064185,0.999999986064185,"santa-maria",1,"male","up"
"BP","GO:0110053","regulation of actin filament organization","1/333","54/7230",0.0185185185185185,0.402068735402069,-0.969031831685543,0.922372990501288,0.999999986064185,0.999999986064185,"CG7423",1,"male","up"
"BP","GO:0055085","transmembrane transport","15/333","444/7230",0.0337837837837838,0.733503774044315,-1.27352283519026,0.923058318555014,0.999999986064185,0.999999986064185,"CG1801/ppk6/MFS17/CG16736/MFS3/CG43321/CG32727/CG9825/CG14743/ATPsynG/CG1409/CG44098/Tim17a2/CG14362/CG13794",15,"male","up"
"BP","GO:1901361","organic cyclic compound catabolic process","4/333","152/7230",0.0263157894736842,0.571360834518729,-1.17351726037521,0.925235528011094,0.999999986064185,0.999999986064185,"CG12917/fal/Hex-t1/CG7059",4,"male","up"
"BP","GO:0007619","courtship behavior","1/333","55/7230",0.0181818181818182,0.394758394758395,-0.989988802933688,0.925975247212976,0.999999986064185,0.999999986064185,"tilB",1,"male","up"
"BP","GO:0030097","hemopoiesis","1/333","55/7230",0.0181818181818182,0.394758394758395,-0.989988802933688,0.925975247212976,0.999999986064185,0.999999986064185,"C1GalTA",1,"male","up"
"BP","GO:0030431","sleep","1/333","55/7230",0.0181818181818182,0.394758394758395,-0.989988802933688,0.925975247212976,0.999999986064185,0.999999986064185,"sra",1,"male","up"
"BP","GO:0042325","regulation of phosphorylation","1/333","55/7230",0.0181818181818182,0.394758394758395,-0.989988802933688,0.925975247212976,0.999999986064185,0.999999986064185,"CG41520",1,"male","up"
"BP","GO:0015711","organic anion transport","2/333","91/7230",0.021978021978022,0.477180477180477,-1.10276993586756,0.927380734181305,0.999999986064185,0.999999986064185,"CG16736/CG13794",2,"male","up"
"BP","GO:0043161","proteasome-mediated ubiquitin-dependent protein catabolic process","4/333","153/7230",0.0261437908496732,0.567626449979391,-1.18771256876141,0.927510669719552,0.999999986064185,0.999999986064185,"CG4661/SkpD/Prosbeta2R1/Prosalpha4T1",4,"male","up"
"BP","GO:0006915","apoptotic process","5/333","182/7230",0.0274725274725275,0.596475596475596,-1.21144490192293,0.927578453505564,0.999999986064185,0.999999986064185,"CG12917/CG41520/lncRNA:Hsromega/azot/CG13373",5,"male","up"
"BP","GO:0051247","positive regulation of protein metabolic process","3/333","123/7230",0.024390243902439,0.529553944188091,-1.15624627315329,0.927704941082059,0.999999986064185,0.999999986064185,"CG41520/Hsp67Bc/lncRNA:Hsromega",3,"male","up"
"BP","GO:1901701","cellular response to oxygen-containing compound","3/333","123/7230",0.024390243902439,0.529553944188091,-1.15624627315329,0.927704941082059,0.999999986064185,0.999999986064185,"ImpL2/Prx1/Pepck2",3,"male","up"
"BP","GO:0033554","cellular response to stress","12/333","371/7230",0.032345013477089,0.702265607925985,-1.29364964461271,0.928534273695588,0.999999986064185,0.999999986064185,"timeout/Hsp70Bb/DNAlig3/Hsp67Bc/Grx1t/Hsp70Bbb/Hsp70Bc/TotE/Prx1/Hph/mus304/CG42391",12,"male","up"
"BP","GO:0045664","regulation of neuron differentiation","1/333","56/7230",0.0178571428571429,0.387709137709138,-1.01065335404358,0.929410821105391,0.999999986064185,0.999999986064185,"aop",1,"male","up"
"BP","GO:1901615","organic hydroxy compound metabolic process","3/333","124/7230",0.0241935483870968,0.525283347863993,-1.17155807921368,0.930127409475789,0.999999986064185,0.999999986064185,"Pmvk/dib/Pepck2",3,"male","up"
"BP","GO:0071826","protein-RNA complex organization","2/333","92/7230",0.0217391304347826,0.471993732863298,-1.11989120870578,0.930138435501985,0.999999986064185,0.999999986064185,"CG8204/RpS28-like",2,"male","up"
"BP","GO:0140014","mitotic nuclear division","2/333","92/7230",0.0217391304347826,0.471993732863298,-1.11989120870578,0.930138435501985,0.999999986064185,0.999999986064185,"neb/Mis12",2,"male","up"
"BP","GO:0030030","cell projection organization","15/333","450/7230",0.0333333333333333,0.723723723723724,-1.32973812288294,0.931494467006095,0.999999986064185,0.999999986064185,"ImpL2/CG13032/CG13693/Rsph4a/Mst84Dd/Zmynd10/CG17118/CG34274/Efhc1.1/CG13202/C1GalTA/CG14339/tilB/CG10859/Cc2d2a",15,"male","up"
"BP","GO:0040011","locomotion","4/333","155/7230",0.0258064516129032,0.560302237721593,-1.21587239530921,0.931875227013903,0.999999986064185,0.999999986064185,"CG17118/Nmdar1/santa-maria/aop",4,"male","up"
"BP","GO:0051168","nuclear export","1/333","57/7230",0.0175438596491228,0.380907223012486,-1.03103608574791,0.932687402729577,0.999999986064185,0.999999986064185,"Hph",1,"male","up"
"BP","GO:0071496","cellular response to external stimulus","1/333","57/7230",0.0175438596491228,0.380907223012486,-1.03103608574791,0.932687402729577,0.999999986064185,0.999999986064185,"Pzl",1,"male","up"
"BP","GO:0006417","regulation of translation","2/333","93/7230",0.021505376344086,0.46691853143466,-1.13686351099227,0.93279715713403,0.999999986064185,0.999999986064185,"Hsp67Bc/krimp",2,"male","up"
"BP","GO:0009101","glycoprotein biosynthetic process","2/333","94/7230",0.0212765957446809,0.461951313015143,-1.15369018570988,0.935360131357118,0.999999986064185,0.999999986064185,"FucTB/C1GalTA",2,"male","up"
"BP","GO:0016049","cell growth","2/333","94/7230",0.0212765957446809,0.461951313015143,-1.15369018570988,0.935360131357118,0.999999986064185,0.999999986064185,"CG7423/Hph",2,"male","up"
"BP","GO:0034220","monoatomic ion transmembrane transport","5/333","186/7230",0.0268817204301075,0.583648164293326,-1.26397475038024,0.935481703115811,0.999999986064185,0.999999986064185,"ppk6/CG43321/ATPsynG/CG14362/CG13794",5,"male","up"
"BP","GO:0048878","chemical homeostasis","5/333","186/7230",0.0268817204301075,0.583648164293326,-1.26397475038024,0.935481703115811,0.999999986064185,0.999999986064185,"Hex-t1/Nmdar1/CG43321/CG14743/Pepck2",5,"male","up"
"BP","GO:0001752","compound eye photoreceptor fate commitment","1/333","58/7230",0.0172413793103448,0.374339857098478,-1.05114701656316,0.935812328826196,0.999999986064185,0.999999986064185,"aop",1,"male","up"
"BP","GO:0007608","sensory perception of smell","1/333","58/7230",0.0172413793103448,0.374339857098478,-1.05114701656316,0.935812328826196,0.999999986064185,0.999999986064185,"Or22b",1,"male","up"
"BP","GO:0010817","regulation of hormone levels","1/333","58/7230",0.0172413793103448,0.374339857098478,-1.05114701656316,0.935812328826196,0.999999986064185,0.999999986064185,"dib",1,"male","up"
"BP","GO:0042706","eye photoreceptor cell fate commitment","1/333","58/7230",0.0172413793103448,0.374339857098478,-1.05114701656316,0.935812328826196,0.999999986064185,0.999999986064185,"aop",1,"male","up"
"BP","GO:0048608","reproductive structure development","1/333","58/7230",0.0172413793103448,0.374339857098478,-1.05114701656316,0.935812328826196,0.999999986064185,0.999999986064185,"aop",1,"male","up"
"BP","GO:0061458","reproductive system development","1/333","58/7230",0.0172413793103448,0.374339857098478,-1.05114701656316,0.935812328826196,0.999999986064185,0.999999986064185,"aop",1,"male","up"
"BP","GO:0022411","cellular component disassembly","2/333","95/7230",0.0210526315789474,0.457088667614983,-1.17037446262499,0.937830503785396,0.999999986064185,0.999999986064185,"CG12917/CG7423",2,"male","up"
"BP","GO:0006511","ubiquitin-dependent protein catabolic process","6/333","216/7230",0.0277777777777778,0.603103103103103,-1.30122624556762,0.938161460401915,0.999999986064185,0.999999986064185,"Uch-L5R/CG4661/SkpD/Rpn13R/Prosbeta2R1/Prosalpha4T1",6,"male","up"
"BP","GO:0008589","regulation of smoothened signaling pathway","1/333","59/7230",0.0169491525423729,0.367995113757826,-1.07099562481475,0.938792598555822,0.999999986064185,0.999999986064185,"apolpp",1,"male","up"
"BP","GO:0061024","membrane organization","5/333","189/7230",0.0264550264550265,0.574383907717241,-1.30275541213374,0.940894442989011,0.999999986064185,0.999999986064185,"Slc25A46b/RabX2/Tim13/Sec20/Rab9Fb",5,"male","up"
"BP","GO:0030334","regulation of cell migration","1/333","60/7230",0.0166666666666667,0.361861861861862,-1.09059088694428,0.941634888986851,0.999999986064185,0.999999986064185,"aop",1,"male","up"
"BP","GO:0043473","pigmentation","1/333","60/7230",0.0166666666666667,0.361861861861862,-1.09059088694428,0.941634888986851,0.999999986064185,0.999999986064185,"santa-maria",1,"male","up"
"BP","GO:0050795","regulation of behavior","1/333","60/7230",0.0166666666666667,0.361861861861862,-1.09059088694428,0.941634888986851,0.999999986064185,0.999999986064185,"Gadd45",1,"male","up"
"BP","GO:0007617","mating behavior","2/333","97/7230",0.0206185567010309,0.447664159004365,-1.20332820606318,0.942505599069236,0.999999986064185,0.999999986064185,"sra/tilB",2,"male","up"
"BP","GO:0016197","endosomal transport","2/333","97/7230",0.0206185567010309,0.447664159004365,-1.20332820606318,0.942505599069236,0.999999986064185,0.999999986064185,"RabX2/Rab9Fb",2,"male","up"
"BP","GO:0044770","cell cycle phase transition","2/333","97/7230",0.0206185567010309,0.447664159004365,-1.20332820606318,0.942505599069236,0.999999986064185,0.999999986064185,"timeout/mus304",2,"male","up"
"BP","GO:0070887","cellular response to chemical stimulus","7/333","247/7230",0.0283400809716599,0.615311667943247,-1.35166038562512,0.942934669804816,0.999999986064185,0.999999986064185,"CG11893/CG12896/ImpL2/Grx1t/Prx1/Hph/Pepck2",7,"male","up"
"BP","GO:0015980","energy derivation by oxidation of organic compounds","3/333","130/7230",0.0230769230769231,0.501039501039501,-1.26136211628251,0.943163166998731,0.999999986064185,0.999999986064185,"ND-24L/COX7CL/SdhCL",3,"male","up"
"BP","GO:0045017","glycerolipid biosynthetic process","1/333","61/7230",0.0163934426229508,0.355929700191995,-1.10994131248579,0.94434556987491,0.999999986064185,0.999999986064185,"Pepck2",1,"male","up"
"BP","GO:0046552","photoreceptor cell fate commitment","1/333","61/7230",0.0163934426229508,0.355929700191995,-1.10994131248579,0.94434556987491,0.999999986064185,0.999999986064185,"aop",1,"male","up"
"BP","GO:0170033","L-amino acid metabolic process","1/333","61/7230",0.0163934426229508,0.355929700191995,-1.10994131248579,0.94434556987491,0.999999986064185,0.999999986064185,"Hph",1,"male","up"
"BP","GO:1902850","microtubule cytoskeleton organization involved in mitosis","1/333","61/7230",0.0163934426229508,0.355929700191995,-1.10994131248579,0.94434556987491,0.999999986064185,0.999999986064185,"CG8509",1,"male","up"
"BP","GO:0030534","adult behavior","2/333","98/7230",0.0204081632653061,0.443096157381872,-1.21960361013209,0.94471619012873,0.999999986064185,0.999999986064185,"ccb/Nmdar1",2,"male","up"
"BP","GO:0042594","response to starvation","2/333","98/7230",0.0204081632653061,0.443096157381872,-1.21960361013209,0.94471619012873,0.999999986064185,0.999999986064185,"ImpL2/Pepck2",2,"male","up"
"BP","GO:0010243","response to organonitrogen compound","3/333","131/7230",0.0229007633587786,0.497214772023932,-1.27600003217158,0.945103610733661,0.999999986064185,0.999999986064185,"CG11893/ImpL2/Pepck2",3,"male","up"
"BP","GO:0006974","DNA damage response","4/333","162/7230",0.0246913580246914,0.536091647202758,-1.31211694818207,0.945345654054257,0.999999986064185,0.999999986064185,"timeout/DNAlig3/mus304/CG42391",4,"male","up"
"BP","GO:0048232","male gamete generation","6/333","221/7230",0.0271493212669683,0.58945823651706,-1.36193558215704,0.946152135714697,0.999999986064185,0.999999986064185,"lncRNA:CR44344/Mst84Dd/lncRNA:CR43753/lncRNA:CR43306/gdrd/CG34274",6,"male","up"
"BP","GO:0000209","protein polyubiquitination","1/333","62/7230",0.0161290322580645,0.350188898575995,-1.12905497605145,0.94693071776606,0.999999986064185,0.999999986064185,"CG5347",1,"male","up"
"BP","GO:0010035","response to inorganic substance","1/333","62/7230",0.0161290322580645,0.350188898575995,-1.12905497605145,0.94693071776606,0.999999986064185,0.999999986064185,"Prx1",1,"male","up"
"BP","GO:0002064","epithelial cell development","5/333","193/7230",0.0259067357512953,0.56247957802362,-1.3536747382492,0.947476961706467,0.999999986064185,0.999999986064185,"dyl/m/neb/Cp15/aop",5,"male","up"
"BP","GO:0042981","regulation of apoptotic process","3/333","133/7230",0.0225563909774436,0.489737858158911,-1.30500712158721,0.948801672963031,0.999999986064185,0.999999986064185,"CG41520/lncRNA:Hsromega/azot",3,"male","up"
"BP","GO:0006812","monoatomic cation transport","6/333","223/7230",0.0269058295964126,0.58417161556175,-1.38589912269925,0.949081326978289,0.999999986064185,0.999999986064185,"ppk6/CG43321/CG14743/ATPsynG/CG14362/CG13794",6,"male","up"
"BP","GO:0007224","smoothened signaling pathway","1/333","63/7230",0.0158730158730159,0.344630344630345,-1.14793954662765,0.949396129454662,0.999999986064185,0.999999986064185,"apolpp",1,"male","up"
"BP","GO:0008654","phospholipid biosynthetic process","1/333","63/7230",0.0158730158730159,0.344630344630345,-1.14793954662765,0.949396129454662,0.999999986064185,0.999999986064185,"Pmvk",1,"male","up"
"BP","GO:0046467","membrane lipid biosynthetic process","1/333","63/7230",0.0158730158730159,0.344630344630345,-1.14793954662765,0.949396129454662,0.999999986064185,0.999999986064185,"C1GalTA",1,"male","up"
"BP","GO:0018193","peptidyl-amino acid modification","4/333","165/7230",0.0242424242424242,0.526344526344526,-1.35232029448441,0.95033762274849,0.999999986064185,0.999999986064185,"CG31730/Hph/CG17287/TTLL1A",4,"male","up"
"BP","GO:0000165","MAPK cascade","2/333","101/7230",0.0198019801980198,0.42993488538043,-1.26765758875463,0.950873628594856,0.999999986064185,0.999999986064185,"Gadd45/lncRNA:Hsromega",2,"male","up"
"BP","GO:0006644","phospholipid metabolic process","2/333","101/7230",0.0198019801980198,0.42993488538043,-1.26765758875463,0.950873628594856,0.999999986064185,0.999999986064185,"CG11029/Pmvk",2,"male","up"
"BP","GO:1901990","regulation of mitotic cell cycle phase transition","1/333","64/7230",0.015625,0.339245495495495,-1.16660231444765,0.951747334825333,0.999999986064185,0.999999986064185,"mus304",1,"male","up"
"BP","GO:0051603","proteolysis involved in protein catabolic process","7/333","254/7230",0.0275590551181102,0.598354259771583,-1.43181828335877,0.952620468643324,0.999999986064185,0.999999986064185,"Uch-L5R/CG4661/SkpD/Rpn13R/Prosbeta2R1/CG12725/Prosalpha4T1",7,"male","up"
"BP","GO:0001708","cell fate specification","1/333","65/7230",0.0153846153846154,0.334026334026334,-1.18505021567681,0.953989609107103,0.999999986064185,0.999999986064185,"aop",1,"male","up"
"BP","GO:1901565","organonitrogen compound catabolic process","12/333","392/7230",0.0306122448979592,0.664644236072807,-1.50008330132318,0.954749347205425,0.999999986064185,0.999999986064185,"Uch-L5R/CG4661/fal/Hex-t1/Cht8/SkpD/Rpn13R/Prosbeta2R1/CG7059/Psa/CG12725/Prosalpha4T1",12,"male","up"
"BP","GO:0001736","establishment of planar polarity","1/333","66/7230",0.0151515151515152,0.328965328965329,-1.20328985512013,0.956127984566605,0.999999986064185,0.999999986064185,"aop",1,"male","up"
"BP","GO:0007164","establishment of tissue polarity","1/333","66/7230",0.0151515151515152,0.328965328965329,-1.20328985512013,0.956127984566605,0.999999986064185,0.999999986064185,"aop",1,"male","up"
"BP","GO:0060562","epithelial tube morphogenesis","1/333","66/7230",0.0151515151515152,0.328965328965329,-1.20328985512013,0.956127984566605,0.999999986064185,0.999999986064185,"Hph",1,"male","up"
"BP","GO:0071495","cellular response to endogenous stimulus","4/333","169/7230",0.0236686390532544,0.513886667732822,-1.40500831676846,0.956344828690148,0.999999986064185,0.999999986064185,"CG11893/ImpL2/Pepck2/aop",4,"male","up"
"BP","GO:0009953","dorsal/ventral pattern formation","2/333","104/7230",0.0192307692307692,0.417532917532918,-1.31460797766114,0.956374443155799,0.999999986064185,0.999999986064185,"CG4477/krimp",2,"male","up"
"BP","GO:0030001","metal ion transport","4/333","170/7230",0.0235294117647059,0.510863804981452,-1.41802219056989,0.957738439450162,0.999999986064185,0.999999986064185,"ppk6/CG43321/CG14362/CG13794",4,"male","up"
"BP","GO:0120035","regulation of plasma membrane bounded cell projection organization","2/333","105/7230",0.019047619047619,0.413556413556414,-1.33002428966545,0.95807361702667,0.999999986064185,0.999999986064185,"Efhc1.1/C1GalTA",2,"male","up"
"BP","GO:0044242","cellular lipid catabolic process","1/333","67/7230",0.0149253731343284,0.324055398682264,-1.22132752713883,0.958167261665896,0.999999986064185,0.999999986064185,"Pepck2",1,"male","up"
"BP","GO:0048565","digestive tract development","1/333","67/7230",0.0149253731343284,0.324055398682264,-1.22132752713883,0.958167261665896,0.999999986064185,0.999999986064185,"dib",1,"male","up"
"BP","GO:0055123","digestive system development","1/333","67/7230",0.0149253731343284,0.324055398682264,-1.22132752713883,0.958167261665896,0.999999986064185,0.999999986064185,"dib",1,"male","up"
"BP","GO:0007623","circadian rhythm","2/333","106/7230",0.0188679245283019,0.409654937956825,-1.34532752645985,0.959709433037822,0.999999986064185,0.999999986064185,"timeout/tilB",2,"male","up"
"BP","GO:0048511","rhythmic process","2/333","106/7230",0.0188679245283019,0.409654937956825,-1.34532752645985,0.959709433037822,0.999999986064185,0.999999986064185,"timeout/tilB",2,"male","up"
"BP","GO:1901698","response to nitrogen compound","3/333","140/7230",0.0214285714285714,0.465250965250965,-1.40385426483948,0.959998516063993,0.999999986064185,0.999999986064185,"CG11893/ImpL2/Pepck2",3,"male","up"
"BP","GO:0007264","small GTPase-mediated signal transduction","2/333","107/7230",0.0186915887850467,0.405826387134798,-1.36051988521594,0.961284100032498,0.999999986064185,0.999999986064185,"RabX2/Rab9Fb",2,"male","up"
"BP","GO:0009100","glycoprotein metabolic process","2/333","108/7230",0.0185185185185185,0.402068735402069,-1.37560349823808,0.962799758569392,0.999999986064185,0.999999986064185,"FucTB/C1GalTA",2,"male","up"
"BP","GO:0051726","regulation of cell cycle","4/333","174/7230",0.0229885057471264,0.499119809464637,-1.46946859935106,0.962912666045293,0.999999986064185,0.999999986064185,"timeout/Gadd45/neb/mus304",4,"male","up"
"BP","GO:0007349","cellularization","1/333","70/7230",0.0142857142857143,0.31016731016731,-1.27428742054091,0.96373525054827,0.999999986064185,0.999999986064185,"gdrd",1,"male","up"
"BP","GO:0007498","mesoderm development","1/333","70/7230",0.0142857142857143,0.31016731016731,-1.27428742054091,0.96373525054827,0.999999986064185,0.999999986064185,"CG12896",1,"male","up"
"BP","GO:0048663","neuron fate commitment","1/333","70/7230",0.0142857142857143,0.31016731016731,-1.27428742054091,0.96373525054827,0.999999986064185,0.999999986064185,"aop",1,"male","up"
"BP","GO:0009719","response to endogenous stimulus","4/333","175/7230",0.0228571428571429,0.496267696267696,-1.48218165589085,0.964111329318131,0.999999986064185,0.999999986064185,"CG11893/ImpL2/Pepck2/aop",4,"male","up"
"BP","GO:0031344","regulation of cell projection organization","2/333","109/7230",0.018348623853211,0.398380031407554,-1.39058043549731,0.964258482504175,0.999999986064185,0.999999986064185,"Efhc1.1/C1GalTA",2,"male","up"
"BP","GO:0030163","protein catabolic process","7/333","265/7230",0.0264150943396226,0.573516913139555,-1.55415849155551,0.964898070034098,0.999999986064185,0.999999986064185,"Uch-L5R/CG4661/SkpD/Rpn13R/Prosbeta2R1/CG12725/Prosalpha4T1",7,"male","up"
"BP","GO:0043085","positive regulation of catalytic activity","1/333","71/7230",0.0140845070422535,0.305798756502982,-1.29157460275102,0.965421865292324,0.999999986064185,0.999999986064185,"CG41520",1,"male","up"
"BP","GO:0045934","negative regulation of nucleobase-containing compound metabolic process","5/333","207/7230",0.0241545893719807,0.52443748095922,-1.52532565011377,0.965622692163171,0.999999986064185,0.999999986064185,"timeout/Maf1/HP6/snRNA:7SKa/aop",5,"male","up"
"BP","GO:0007417","central nervous system development","4/333","177/7230",0.0225988700564972,0.490660151677101,-1.50743453980556,0.966401717384076,0.999999986064185,0.999999986064185,"ccb/spz4/C1GalTA/dib",4,"male","up"
"BP","GO:0051172","negative regulation of nitrogen compound metabolic process","8/333","297/7230",0.0269360269360269,0.584827251493918,-1.60537900806446,0.968092692508338,0.999999986064185,0.999999986064185,"timeout/Maf1/HP6/Spn43Aa/I-t/krimp/snRNA:7SKa/aop",8,"male","up"
"BP","GO:0009991","response to extracellular stimulus","2/333","112/7230",0.0178571428571429,0.387709137709138,-1.43489100725675,0.96831281788207,0.999999986064185,0.999999986064185,"ImpL2/Pepck2",2,"male","up"
"BP","GO:0031667","response to nutrient levels","2/333","112/7230",0.0178571428571429,0.387709137709138,-1.43489100725675,0.96831281788207,0.999999986064185,0.999999986064185,"ImpL2/Pepck2",2,"male","up"
"BP","GO:0001738","morphogenesis of a polarized epithelium","1/333","73/7230",0.0136986301369863,0.297420708379612,-1.32563017874071,0.968564060444101,0.999999986064185,0.999999986064185,"aop",1,"male","up"
"BP","GO:0010975","regulation of neuron projection development","1/333","73/7230",0.0136986301369863,0.297420708379612,-1.32563017874071,0.968564060444101,0.999999986064185,0.999999986064185,"Efhc1.1",1,"male","up"
"BP","GO:0043066","negative regulation of apoptotic process","1/333","73/7230",0.0136986301369863,0.297420708379612,-1.32563017874071,0.968564060444101,0.999999986064185,0.999999986064185,"CG41520",1,"male","up"
"BP","GO:0006364","rRNA processing","2/333","113/7230",0.0176991150442478,0.384278083393128,-1.44946077654798,0.969563263145704,0.999999986064185,0.999999986064185,"CG8204/RpS28-like",2,"male","up"
"BP","GO:0007169","transmembrane receptor protein tyrosine kinase signaling pathway","3/333","148/7230",0.0202702702702703,0.440102264426589,-1.51214251360334,0.969974741365107,0.999999986064185,0.999999986064185,"ImpL2/CG41520/aop",3,"male","up"
"BP","GO:0007447","imaginal disc pattern formation","1/333","74/7230",0.0135135135135135,0.293401509617726,-1.34240794947373,0.970026707904226,0.999999986064185,0.999999986064185,"CG4477",1,"male","up"
"BP","GO:0019730","antimicrobial humoral response","1/333","74/7230",0.0135135135135135,0.293401509617726,-1.34240794947373,0.970026707904226,0.999999986064185,0.999999986064185,"BomS3",1,"male","up"
"BP","GO:0070848","response to growth factor","1/333","74/7230",0.0135135135135135,0.293401509617726,-1.34240794947373,0.970026707904226,0.999999986064185,0.999999986064185,"aop",1,"male","up"
"BP","GO:0071363","cellular response to growth factor stimulus","1/333","74/7230",0.0135135135135135,0.293401509617726,-1.34240794947373,0.970026707904226,0.999999986064185,0.999999986064185,"aop",1,"male","up"
"BP","GO:0001700","embryonic development via the syncytial blastoderm","2/333","114/7230",0.0175438596491228,0.380907223012486,-1.46393336544678,0.970766197688962,0.999999986064185,0.999999986064185,"dib/aop",2,"male","up"
"BP","GO:0016054","organic acid catabolic process","1/333","75/7230",0.0133333333333333,0.28948948948949,-1.35902496769913,0.971421496370952,0.999999986064185,0.999999986064185,"Pepck2",1,"male","up"
"BP","GO:0032956","regulation of actin cytoskeleton organization","1/333","75/7230",0.0133333333333333,0.28948948948949,-1.35902496769913,0.971421496370952,0.999999986064185,0.999999986064185,"CG7423",1,"male","up"
"BP","GO:0046395","carboxylic acid catabolic process","1/333","75/7230",0.0133333333333333,0.28948948948949,-1.35902496769913,0.971421496370952,0.999999986064185,0.999999986064185,"Pepck2",1,"male","up"
"BP","GO:0010498","proteasomal protein catabolic process","4/333","183/7230",0.0218579234972678,0.474572933589327,-1.58185607293912,0.972483924901298,0.999999986064185,0.999999986064185,"CG4661/SkpD/Prosbeta2R1/Prosalpha4T1",4,"male","up"
"BP","GO:0001709","cell fate determination","1/333","76/7230",0.0131578947368421,0.285680417259365,-1.37548544964938,0.97275156509331,0.999999986064185,0.999999986064185,"aop",1,"male","up"
"BP","GO:0010638","positive regulation of organelle organization","1/333","76/7230",0.0131578947368421,0.285680417259365,-1.37548544964938,0.97275156509331,0.999999986064185,0.999999986064185,"Jupiter",1,"male","up"
"BP","GO:0031047","regulatory ncRNA-mediated gene silencing","1/333","76/7230",0.0131578947368421,0.285680417259365,-1.37548544964938,0.97275156509331,0.999999986064185,0.999999986064185,"krimp",1,"male","up"
"BP","GO:0032970","regulation of actin filament-based process","1/333","76/7230",0.0131578947368421,0.285680417259365,-1.37548544964938,0.97275156509331,0.999999986064185,0.999999986064185,"CG7423",1,"male","up"
"BP","GO:0022402","cell cycle process","11/333","387/7230",0.0284237726098191,0.61712875666364,-1.70104607526876,0.972971610000438,0.999999986064185,0.999999986064185,"timeout/HP6/CG2955/t-Grip84/sra/CG8509/neb/mus304/Mis12/krimp/CG42391",11,"male","up"
"BP","GO:0006643","membrane lipid metabolic process","1/333","77/7230",0.012987012987013,0.281970281970282,-1.39179344107701,0.974019908512926,0.999999986064185,0.999999986064185,"C1GalTA",1,"male","up"
"BP","GO:0051640","organelle localization","3/333","152/7230",0.0197368421052632,0.428520625889047,-1.56458150228676,0.974033870473097,0.999999986064185,0.999999986064185,"RabX2/Mis12/Rab9Fb",3,"male","up"
"BP","GO:0034248","regulation of amide metabolic process","2/333","117/7230",0.0170940170940171,0.371140371140371,-1.50678524129669,0.974106725576241,0.999999986064185,0.999999986064185,"Hsp67Bc/krimp",2,"male","up"
"BP","GO:0045892","negative regulation of DNA-templated transcription","4/333","185/7230",0.0216216216216216,0.469442415388361,-1.60623471897182,0.974271539923526,0.999999986064185,0.999999986064185,"Maf1/HP6/snRNA:7SKa/aop",4,"male","up"
"BP","GO:1902679","negative regulation of RNA biosynthetic process","4/333","185/7230",0.0216216216216216,0.469442415388361,-1.60623471897182,0.974271539923526,0.999999986064185,0.999999986064185,"Maf1/HP6/snRNA:7SKa/aop",4,"male","up"
"BP","GO:0140694","non-membrane-bounded organelle assembly","3/333","153/7230",0.0196078431372549,0.425719837484543,-1.57752426571292,0.974964334488168,0.999999986064185,0.999999986064185,"CG2955/t-Grip84/RpS28-like",3,"male","up"
"BP","GO:0042440","pigment metabolic process","1/333","78/7230",0.0128205128205128,0.278355278355278,-1.40795282641849,0.975229382924389,0.999999986064185,0.999999986064185,"santa-maria",1,"male","up"
"BP","GO:0050877","nervous system process","8/333","307/7230",0.0260586319218241,0.565777503888253,-1.70830517933675,0.975664620564221,0.999999986064185,0.999999986064185,"Zmynd10/Or22b/sra/Nmdar1/Gld2/tilB/Gr47b/Ir40a",8,"male","up"
"BP","GO:0006520","amino acid metabolic process","2/333","119/7230",0.0168067226890756,0.364902717843894,-1.53489797005609,0.976126019113087,0.999999986064185,0.999999986064185,"Hph/Odc2",2,"male","up"
"BP","GO:0044255","cellular lipid metabolic process","7/333","279/7230",0.025089605734767,0.544738286673771,-1.70400436132491,0.976340023155848,0.999999986064185,0.999999986064185,"CG17999/CG11029/FASN3/Pmvk/C1GalTA/Pepck2/santa-maria",7,"male","up"
"BP","GO:0002181","cytoplasmic translation","1/333","79/7230",0.0126582278481013,0.274831793819136,-1.4239673373494,0.976382712830174,0.999999986064185,0.999999986064185,"RpS28-like",1,"male","up"
"BP","GO:0007420","brain development","1/333","79/7230",0.0126582278481013,0.274831793819136,-1.4239673373494,0.976382712830174,0.999999986064185,0.999999986064185,"ccb",1,"male","up"
"BP","GO:0008038","neuron recognition","1/333","79/7230",0.0126582278481013,0.274831793819136,-1.4239673373494,0.976382712830174,0.999999986064185,0.999999986064185,"ImpL2",1,"male","up"
"BP","GO:0044772","mitotic cell cycle phase transition","1/333","79/7230",0.0126582278481013,0.274831793819136,-1.4239673373494,0.976382712830174,0.999999986064185,0.999999986064185,"mus304",1,"male","up"
"BP","GO:0030855","epithelial cell differentiation","5/333","219/7230",0.0228310502283105,0.495701180632687,-1.6651414870773,0.976384833318717,0.999999986064185,0.999999986064185,"dyl/m/neb/Cp15/aop",5,"male","up"
"BP","GO:0009792","embryo development ending in birth or egg hatching","2/333","121/7230",0.0165289256198347,0.358871267962177,-1.56266103918416,0.977992950338145,0.999999986064185,0.999999986064185,"dib/aop",2,"male","up"
"BP","GO:0043067","regulation of programmed cell death","3/333","157/7230",0.0191082802547771,0.414873472198313,-1.6286542668065,0.978379624061104,0.999999986064185,0.999999986064185,"CG41520/lncRNA:Hsromega/azot",3,"male","up"
"BP","GO:0043069","negative regulation of programmed cell death","1/333","81/7230",0.0123456790123457,0.268045823601379,-1.45557594632577,0.978531214276471,0.999999986064185,0.999999986064185,"CG41520",1,"male","up"
"BP","GO:0008340","determination of adult lifespan","2/333","122/7230",0.0163934426229508,0.355929700191995,-1.57641513118347,0.978872735835149,0.999999986064185,0.999999986064185,"ImpL2/aop",2,"male","up"
"BP","GO:0012501","programmed cell death","5/333","223/7230",0.0224215246636771,0.486809679634792,-1.7103931366607,0.979211740442881,0.999999986064185,0.999999986064185,"CG12917/CG41520/lncRNA:Hsromega/azot/CG13373",5,"male","up"
"BP","GO:0006959","humoral immune response","1/333","82/7230",0.0121951219512195,0.264776972094045,-1.47117681331944,0.979531229054193,0.999999986064185,0.999999986064185,"BomS3",1,"male","up"
"BP","GO:0050767","regulation of neurogenesis","1/333","82/7230",0.0121951219512195,0.264776972094045,-1.47117681331944,0.979531229054193,0.999999986064185,0.999999986064185,"aop",1,"male","up"
"BP","GO:1901700","response to oxygen-containing compound","5/333","224/7230",0.0223214285714286,0.484636422136422,-1.72160605465368,0.97986744817784,0.999999986064185,0.999999986064185,"ccb/ImpL2/Prx1/Nmdar1/Pepck2",5,"male","up"
"BP","GO:0051246","regulation of protein metabolic process","6/333","256/7230",0.0234375,0.508868243243243,-1.75795657907628,0.980649017693497,0.999999986064185,0.999999986064185,"CG41520/Hsp67Bc/lncRNA:Hsromega/Spn43Aa/I-t/krimp",6,"male","up"
"BP","GO:0070647","protein modification by small protein conjugation or removal","4/333","194/7230",0.0206185567010309,0.447664159004365,-1.71345337447623,0.9810510260732,0.999999986064185,0.999999986064185,"Uch-L5R/CG5347/CG12231/CG12725",4,"male","up"
"BP","GO:0007424","open tracheal system development","3/333","161/7230",0.0186335403726708,0.40456605673997,-1.67879880612032,0.981349281830336,0.999999986064185,0.999999986064185,"Cad88C/Hph/aop",3,"male","up"
"BP","GO:0008037","cell recognition","1/333","84/7230",0.0119047619047619,0.258472758472758,-1.50198765644752,0.981394067992759,0.999999986064185,0.999999986064185,"ImpL2",1,"male","up"
"BP","GO:0045229","external encapsulating structure organization","1/333","84/7230",0.0119047619047619,0.258472758472758,-1.50198765644752,0.981394067992759,0.999999986064185,0.999999986064185,"CG5455",1,"male","up"
"BP","GO:0008219","cell death","5/333","227/7230",0.0220264317180617,0.478231535500258,-1.75501086115421,0.981720616476844,0.999999986064185,0.999999986064185,"CG12917/CG41520/lncRNA:Hsromega/azot/CG13373",5,"male","up"
"BP","GO:0007298","border follicle cell migration","1/333","85/7230",0.0117647058823529,0.255431902490726,-1.5172036767939,0.982261095051031,0.999999986064185,0.999999986064185,"aop",1,"male","up"
"BP","GO:0007309","oocyte axis specification","1/333","85/7230",0.0117647058823529,0.255431902490726,-1.5172036767939,0.982261095051031,0.999999986064185,0.999999986064185,"krimp",1,"male","up"
"BP","GO:0043408","regulation of MAPK cascade","1/333","85/7230",0.0117647058823529,0.255431902490726,-1.5172036767939,0.982261095051031,0.999999986064185,0.999999986064185,"lncRNA:Hsromega",1,"male","up"
"BP","GO:0007528","neuromuscular junction development","2/333","127/7230",0.015748031496063,0.341916719869476,-1.64396635876692,0.982785604121339,0.999999986064185,0.999999986064185,"Efhc1.1/C1GalTA",2,"male","up"
"BP","GO:0016072","rRNA metabolic process","2/333","127/7230",0.015748031496063,0.341916719869476,-1.64396635876692,0.982785604121339,0.999999986064185,0.999999986064185,"CG8204/RpS28-like",2,"male","up"
"BP","GO:0071310","cellular response to organic substance","3/333","164/7230",0.0182926829268293,0.397165458141068,-1.71579087034332,0.983317126338253,0.999999986064185,0.999999986064185,"CG11893/ImpL2/Pepck2",3,"male","up"
"BP","GO:0010256","endomembrane system organization","2/333","128/7230",0.015625,0.339245495495495,-1.65724187880319,0.983479174858923,0.999999986064185,0.999999986064185,"CG31787/Sec20",2,"male","up"
"BP","GO:0007308","oocyte construction","1/333","87/7230",0.0114942528735632,0.249559904732319,-1.54727121917774,0.983876153789449,0.999999986064185,0.999999986064185,"krimp",1,"male","up"
"BP","GO:0016042","lipid catabolic process","1/333","87/7230",0.0114942528735632,0.249559904732319,-1.54727121917774,0.983876153789449,0.999999986064185,0.999999986064185,"Pepck2",1,"male","up"
"BP","GO:0051049","regulation of transport","4/333","199/7230",0.0201005025125628,0.436416315813301,-1.77136278857157,0.984050722127879,0.999999986064185,0.999999986064185,"RabX2/Sec20/Rab9Fb/CG14362",4,"male","up"
"BP","GO:0010564","regulation of cell cycle process","2/333","129/7230",0.0155038759689922,0.336615685452895,-1.67044204846361,0.98414562728933,0.999999986064185,0.999999986064185,"timeout/mus304",2,"male","up"
"BP","GO:0051253","negative regulation of RNA metabolic process","4/333","201/7230",0.0199004975124378,0.432073864909686,-1.79421394547506,0.985120050330304,0.999999986064185,0.999999986064185,"Maf1/HP6/snRNA:7SKa/aop",4,"male","up"
"BP","GO:0006629","lipid metabolic process","9/333","354/7230",0.0254237288135593,0.551992670636739,-1.89910917616392,0.985237207728341,0.999999986064185,0.999999986064185,"CG17999/CG11029/FASN3/Pmvk/C1GalTA/CG14893/dib/Pepck2/santa-maria",9,"male","up"
"BP","GO:0006836","neurotransmitter transport","1/333","89/7230",0.0112359550561798,0.243951816985525,-1.57687067584513,0.985344568925012,0.999999986064185,0.999999986064185,"CG13794",1,"male","up"
"BP","GO:0051050","positive regulation of transport","1/333","89/7230",0.0112359550561798,0.243951816985525,-1.57687067584513,0.985344568925012,0.999999986064185,0.999999986064185,"CG14362",1,"male","up"
"BP","GO:0000122","negative regulation of transcription by RNA polymerase II","2/333","131/7230",0.0152671755725191,0.331476514682622,-1.69662102485843,0.985401208735211,0.999999986064185,0.999999986064185,"HP6/aop",2,"male","up"
"BP","GO:0043687","post-translational protein modification","4/333","204/7230",0.0196078431372549,0.425719837484543,-1.8281673217904,0.986597635671767,0.999999986064185,0.999999986064185,"Uch-L5R/CG5347/CG12231/CG12725",4,"male","up"
"BP","GO:0060541","respiratory system development","3/333","170/7230",0.0176470588235294,0.383147853736089,-1.78827500522573,0.98667451247433,0.999999986064185,0.999999986064185,"Cad88C/Hph/aop",3,"male","up"
"BP","GO:0051093","negative regulation of developmental process","2/333","134/7230",0.0149253731343284,0.324055398682264,-1.73535293896327,0.987105475024932,0.999999986064185,0.999999986064185,"C1GalTA/aop",2,"male","up"
"BP","GO:0044089","positive regulation of cellular component biogenesis","1/333","92/7230",0.0108695652173913,0.235996866431649,-1.62043605532687,0.987300950590954,0.999999986064185,0.999999986064185,"Jupiter",1,"male","up"
"BP","GO:0016567","protein ubiquitination","2/333","135/7230",0.0148148148148148,0.321654988321655,-1.74812480864057,0.987629357708941,0.999999986064185,0.999999986064185,"CG5347/CG12725",2,"male","up"
"BP","GO:0031329","regulation of cellular catabolic process","2/333","135/7230",0.0148148148148148,0.321654988321655,-1.74812480864057,0.987629357708941,0.999999986064185,0.999999986064185,"Hsp67Bc/Sec20",2,"male","up"
"BP","GO:0030707","follicle cell of egg chamber development","3/333","172/7230",0.0174418604651163,0.378692646134507,-1.8120117376593,0.987642168688708,0.999999986064185,0.999999986064185,"neb/Cp15/aop",3,"male","up"
"BP","GO:0048813","dendrite morphogenesis","1/333","93/7230",0.010752688172043,0.23345926571733,-1.63474485961873,0.98789338312853,0.999999986064185,0.999999986064185,"Efhc1.1",1,"male","up"
"BP","GO:0007297","follicle cell of egg chamber migration","1/333","94/7230",0.0106382978723404,0.230975656507571,-1.64895084612328,0.988458256803491,0.999999986064185,0.999999986064185,"aop",1,"male","up"
"BP","GO:0060322","head development","1/333","94/7230",0.0106382978723404,0.230975656507571,-1.64895084612328,0.988458256803491,0.999999986064185,0.999999986064185,"ccb",1,"male","up"
"BP","GO:1903047","mitotic cell cycle process","4/333","209/7230",0.0191387559808612,0.415535152377258,-1.88392308779655,0.988755679121529,0.999999986064185,0.999999986064185,"CG8509/neb/mus304/Mis12",4,"male","up"
"BP","GO:0046907","intracellular transport","10/333","393/7230",0.0254452926208651,0.552460857804369,-2.00459030907547,0.988820783019728,0.999999986064185,0.999999986064185,"CG17819/CG31787/CG8219/RabX2/alphaKap4/Tim13/Hph/Rab9Fb/CG9067/Apl",10,"male","up"
"BP","GO:0042592","homeostatic process","7/333","306/7230",0.022875816993464,0.496673143731967,-1.97680305543314,0.989342888235688,0.999999986064185,0.999999986064185,"CG12896/Prx1/Hex-t1/Nmdar1/CG43321/CG14743/Pepck2",7,"male","up"
"BP","GO:0048599","oocyte development","1/333","96/7230",0.0104166666666667,0.226163663663664,-1.67706269614367,0.989510381662317,0.999999986064185,0.999999986064185,"krimp",1,"male","up"
"BP","GO:0006914","autophagy","2/333","140/7230",0.0142857142857143,0.31016731016731,-1.81098889519605,0.989953432634914,0.999999986064185,0.999999986064185,"Hsp67Bc/Sec20",2,"male","up"
"BP","GO:0061919","process utilizing autophagic mechanism","2/333","140/7230",0.0142857142857143,0.31016731016731,-1.81098889519605,0.989953432634914,0.999999986064185,0.999999986064185,"Hsp67Bc/Sec20",2,"male","up"
"BP","GO:0051129","negative regulation of cellular component organization","1/333","97/7230",0.0103092783505155,0.223832079502183,-1.69097256063056,0.990000014814329,0.999999986064185,0.999999986064185,"CG7423",1,"male","up"
"BP","GO:0051124","synaptic assembly at neuromuscular junction","1/333","98/7230",0.0102040816326531,0.221548078690936,-1.70478761482314,0.990466858367788,0.999999986064185,0.999999986064185,"Efhc1.1",1,"male","up"
"BP","GO:2000026","regulation of multicellular organismal development","3/333","179/7230",0.0167597765363128,0.363883436509135,-1.89351599629859,0.990525589790834,0.999999986064185,0.999999986064185,"dyl/m/aop",3,"male","up"
"BP","GO:0010033","response to organic substance","7/333","312/7230",0.0224358974358974,0.487121737121737,-2.03485012519092,0.991127874869808,0.999999986064185,0.999999986064185,"CG11893/ccb/ImpL2/Hsp70Bb/Hsp70Bc/Nmdar1/Pepck2",7,"male","up"
"BP","GO:0065009","regulation of molecular function","2/333","144/7230",0.0138888888888889,0.301551551551551,-1.8601421985159,0.991501151024422,0.999999986064185,0.999999986064185,"CG41520/CG14362",2,"male","up"
"BP","GO:0016358","dendrite development","1/333","101/7230",0.0099009900990099,0.214967442690215,-1.74568212151925,0.991740985742252,0.999999986064185,0.999999986064185,"Efhc1.1",1,"male","up"
"BP","GO:0061061","muscle structure development","2/333","146/7230",0.0136986301369863,0.297420708379612,-1.88435885424382,0.992185225014101,0.999999986064185,0.999999986064185,"C1GalTA/aop",2,"male","up"
"BP","GO:0046486","glycerolipid metabolic process","1/333","104/7230",0.00961538461538462,0.208766458766459,-1.78578662521666,0.992845265456489,0.999999986064185,0.999999986064185,"Pepck2",1,"male","up"
"BP","GO:0032940","secretion by cell","2/333","149/7230",0.0134228187919463,0.291432371969285,-1.9202521507306,0.993111704521822,0.999999986064185,0.999999986064185,"RabX2/Rab9Fb",2,"male","up"
"BP","GO:0033043","regulation of organelle organization","4/333","223/7230",0.0179372197309417,0.389447743707833,-2.03488715062215,0.99317692007467,0.999999986064185,0.999999986064185,"CG12395/Jupiter/CG2955/CG7423",4,"male","up"
"BP","GO:0009057","macromolecule catabolic process","9/333","382/7230",0.0235602094240838,0.51153247488326,-2.15534411227832,0.993326327213549,0.999999986064185,0.999999986064185,"CG12917/Uch-L5R/CG4661/Cht8/SkpD/Rpn13R/Prosbeta2R1/CG12725/Prosalpha4T1",9,"male","up"
"BP","GO:0141124","intracellular signaling cassette","5/333","258/7230",0.0193798449612403,0.420769606816118,-2.0816783326476,0.993484022299103,0.999999986064185,0.999999986064185,"Gadd45/lncRNA:Hsromega/RabX2/sra/Rab9Fb",5,"male","up"
"BP","GO:0032535","regulation of cellular component size","1/333","107/7230",0.00934579439252336,0.202913193567399,-1.82514407727637,0.993802280027361,0.999999986064185,0.999999986064185,"CG7423",1,"male","up"
"BP","GO:0044282","small molecule catabolic process","1/333","107/7230",0.00934579439252336,0.202913193567399,-1.82514407727637,0.993802280027361,0.999999986064185,0.999999986064185,"Pepck2",1,"male","up"
"BP","GO:0009617","response to bacterium","3/333","191/7230",0.0157068062827225,0.341021649922173,-2.02797904794094,0.994029355186881,0.999999986064185,0.999999986064185,"TotE/CG13564/BomS3",3,"male","up"
"BP","GO:0060284","regulation of cell development","1/333","108/7230",0.00925925925925926,0.201034367701034,-1.83810411636779,0.994092023218557,0.999999986064185,0.999999986064185,"aop",1,"male","up"
"BP","GO:0034470","ncRNA processing","4/333","228/7230",0.0175438596491228,0.380907223012486,-2.08709983386271,0.99430715068847,0.999999986064185,0.999999986064185,"IntS12/krimp/CG8204/RpS28-like",4,"male","up"
"BP","GO:0007346","regulation of mitotic cell cycle","1/333","109/7230",0.0091743119266055,0.199190015703777,-1.85098692671156,0.994368259706653,0.999999986064185,0.999999986064185,"mus304",1,"male","up"
"BP","GO:0051656","establishment of organelle localization","1/333","109/7230",0.0091743119266055,0.199190015703777,-1.85098692671156,0.994368259706653,0.999999986064185,0.999999986064185,"Mis12",1,"male","up"
"BP","GO:0051241","negative regulation of multicellular organismal process","1/333","110/7230",0.00909090909090909,0.197379197379197,-1.86379384695853,0.994631617313405,0.999999986064185,0.999999986064185,"aop",1,"male","up"
"BP","GO:0010608","post-transcriptional regulation of gene expression","2/333","155/7230",0.0129032258064516,0.280151118860796,-1.99055910322598,0.994654126550091,0.999999986064185,0.999999986064185,"Hsp67Bc/krimp",2,"male","up"
"BP","GO:0046903","secretion","2/333","155/7230",0.0129032258064516,0.280151118860796,-1.99055910322598,0.994654126550091,0.999999986064185,0.999999986064185,"RabX2/Rab9Fb",2,"male","up"
"BP","GO:0007049","cell cycle","12/333","479/7230",0.0250521920668058,0.54392597190092,-2.26960437607773,0.99484013264309,0.999999986064185,0.999999986064185,"timeout/Gadd45/HP6/CG2955/t-Grip84/sra/CG8509/neb/mus304/Mis12/krimp/CG42391",12,"male","up"
"BP","GO:0032879","regulation of localization","5/333","265/7230",0.0188679245283019,0.409654937956825,-2.15129232410215,0.994878126972017,0.999999986064185,0.999999986064185,"ImpL2/RabX2/Sec20/Rab9Fb/CG14362",5,"male","up"
"BP","GO:0042254","ribosome biogenesis","2/333","157/7230",0.0127388535031847,0.276582314798875,-2.01357696789542,0.995088856727101,0.999999986064185,0.999999986064185,"CG8204/RpS28-like",2,"male","up"
"BP","GO:0140352","export from cell","2/333","157/7230",0.0127388535031847,0.276582314798875,-2.01357696789542,0.995088856727101,0.999999986064185,0.999999986064185,"RabX2/Rab9Fb",2,"male","up"
"BP","GO:0009994","oocyte differentiation","1/333","112/7230",0.00892857142857143,0.193854568854569,-1.88918519110971,0.995122063022271,0.999999986064185,0.999999986064185,"krimp",1,"male","up"
"BP","GO:0032446","protein modification by small protein conjugation","2/333","158/7230",0.0126582278481013,0.274831793819136,-2.02501054229695,0.995293052615826,0.999999986064185,0.999999986064185,"CG5347/CG12725",2,"male","up"
"BP","GO:0016310","phosphorylation","3/333","198/7230",0.0151515151515152,0.328965328965329,-2.10362944020076,0.99545465593462,0.999999986064185,0.999999986064185,"CG41520/Hsp67Bc/Hex-t1",3,"male","up"
"BP","GO:0035295","tube development","2/333","159/7230",0.0125786163522013,0.273103291971217,-2.03639471708318,0.995488930995775,0.999999986064185,0.999999986064185,"Hph/dib",2,"male","up"
"BP","GO:0035239","tube morphogenesis","1/333","114/7230",0.0087719298245614,0.190453611506243,-1.91428815364269,0.995567824724488,0.999999986064185,0.999999986064185,"Hph",1,"male","up"
"BP","GO:0044087","regulation of cellular component biogenesis","3/333","199/7230",0.0150753768844221,0.327312236859976,-2.11428063903808,0.995629205941866,0.999999986064185,0.999999986064185,"Jupiter/CG7423/C1GalTA",3,"male","up"
"BP","GO:0048598","embryonic morphogenesis","2/333","161/7230",0.0124223602484472,0.269710704493313,-2.05901731215828,0.995857042461306,0.999999986064185,0.999999986064185,"dib/aop",2,"male","up"
"BP","GO:0007167","enzyme-linked receptor protein signaling pathway","3/333","201/7230",0.0149253731343284,0.324055398682264,-2.13547001118376,0.995959028141021,0.999999986064185,0.999999986064185,"ImpL2/CG41520/aop",3,"male","up"
"BP","GO:0007416","synapse assembly","1/333","116/7230",0.00862068965517241,0.187169928549239,-1.93911221768849,0.995972962392317,0.999999986064185,0.999999986064185,"Efhc1.1",1,"male","up"
"BP","GO:0006403","RNA localization","1/333","118/7230",0.00847457627118644,0.183997556878913,-1.96366638102717,0.996341168123352,0.999999986064185,0.999999986064185,"CG8204",1,"male","up"
"BP","GO:0010631","epithelial cell migration","1/333","118/7230",0.00847457627118644,0.183997556878913,-1.96366638102717,0.996341168123352,0.999999986064185,0.999999986064185,"aop",1,"male","up"
"BP","GO:0050790","regulation of catalytic activity","1/333","118/7230",0.00847457627118644,0.183997556878913,-1.96366638102717,0.996341168123352,0.999999986064185,0.999999986064185,"CG41520",1,"male","up"
"BP","GO:0090132","epithelium migration","1/333","118/7230",0.00847457627118644,0.183997556878913,-1.96366638102717,0.996341168123352,0.999999986064185,0.999999986064185,"aop",1,"male","up"
"BP","GO:0003008","system process","8/333","374/7230",0.0213903743315508,0.464421640892229,-2.33697751081403,0.996612927658968,0.999999986064185,0.999999986064185,"Zmynd10/Or22b/sra/Nmdar1/Gld2/tilB/Gr47b/Ir40a",8,"male","up"
"BP","GO:0006468","protein phosphorylation","2/333","167/7230",0.0119760479041916,0.260020499541458,-2.12576101086974,0.996793583795648,0.999999986064185,0.999999986064185,"CG41520/Hsp67Bc",2,"male","up"
"BP","GO:1902533","positive regulation of intracellular signal transduction","1/333","121/7230",0.00826446280991736,0.179435633981089,-2.00001013968745,0.996831489790559,0.999999986064185,0.999999986064185,"lncRNA:Hsromega",1,"male","up"
"BP","GO:0042742","defense response to bacterium","2/333","169/7230",0.0118343195266272,0.256943333866411,-2.14764896671078,0.997056942087941,0.999999986064185,0.999999986064185,"CG13564/BomS3",2,"male","up"
"BP","GO:0030036","actin cytoskeleton organization","3/333","210/7230",0.0142857142857143,0.31016731016731,-2.22903033226664,0.997167550002218,0.999999986064185,0.999999986064185,"dyl/m/CG7423",3,"male","up"
"BP","GO:0090130","tissue migration","1/333","124/7230",0.00806451612903226,0.175094449287998,-2.03579284226998,0.997256273921198,0.999999986064185,0.999999986064185,"aop",1,"male","up"
"BP","GO:0045595","regulation of cell differentiation","2/333","174/7230",0.0114942528735632,0.249559904732319,-2.20162062011518,0.997625981376173,0.999999986064185,0.999999986064185,"C1GalTA/aop",2,"male","up"
"BP","GO:0007163","establishment or maintenance of cell polarity","1/333","129/7230",0.00775193798449612,0.168307842726447,-2.09425143227214,0.997841808130987,0.999999986064185,0.999999986064185,"aop",1,"male","up"
"BP","GO:0048469","cell maturation","1/333","130/7230",0.00769230769230769,0.167013167013167,-2.10577397746053,0.997943016114705,0.999999986064185,0.999999986064185,"krimp",1,"male","up"
"BP","GO:0044248","cellular catabolic process","9/333","422/7230",0.0213270142180095,0.463045984372999,-2.49755271030906,0.998000725761343,0.999999986064185,0.999999986064185,"CG12917/Hsp67Bc/fal/Prx1/Hex-t1/Sec20/CG7059/Psa/Pepck2",9,"male","up"
"BP","GO:0030029","actin filament-based process","3/333","219/7230",0.0136986301369863,0.297420708379612,-2.31984268356254,0.998021679259917,0.999999986064185,0.999999986064185,"dyl/m/CG7423",3,"male","up"
"BP","GO:0001667","ameboidal-type cell migration","1/333","132/7230",0.00757575757575758,0.164482664482664,-2.12865632425085,0.998131455115999,0.999999986064185,0.999999986064185,"aop",1,"male","up"
"BP","GO:0009607","response to biotic stimulus","6/333","328/7230",0.0182926829268293,0.397165458141068,-2.45515372310009,0.998154221561355,0.999999986064185,0.999999986064185,"Drsl5/spz4/Drsl2/TotE/CG13564/BomS3",6,"male","up"
"BP","GO:0043207","response to external biotic stimulus","6/333","328/7230",0.0182926829268293,0.397165458141068,-2.45515372310009,0.998154221561355,0.999999986064185,0.999999986064185,"Drsl5/spz4/Drsl2/TotE/CG13564/BomS3",6,"male","up"
"BP","GO:0051707","response to other organism","6/333","328/7230",0.0182926829268293,0.397165458141068,-2.45515372310009,0.998154221561355,0.999999986064185,0.999999986064185,"Drsl5/spz4/Drsl2/TotE/CG13564/BomS3",6,"male","up"
"BP","GO:0002009","morphogenesis of an epithelium","3/333","221/7230",0.0135746606334842,0.29472911825853,-2.33967307187956,0.998174171295012,0.999999986064185,0.999999986064185,"Hph/dib/aop",3,"male","up"
"BP","GO:0007610","behavior","7/333","362/7230",0.0193370165745856,0.419839729231994,-2.48838883038649,0.998214385106772,0.999999986064185,0.999999986064185,"ccb/Gadd45/Pzl/sra/Nmdar1/Gld2/tilB",7,"male","up"
"BP","GO:0071695","anatomical structure maturation","1/333","133/7230",0.0075187969924812,0.163245952719637,-2.14001765205985,0.998219117196356,0.999999986064185,0.999999986064185,"krimp",1,"male","up"
"BP","GO:0007292","female gamete generation","8/333","395/7230",0.020253164556962,0.439730870110617,-2.51626918160712,0.998261578075272,0.999999986064185,0.999999986064185,"HP6/sra/neb/stil/mus304/krimp/Cp15/aop",8,"male","up"
"BP","GO:0001751","compound eye photoreceptor cell differentiation","1/333","134/7230",0.00746268656716418,0.162027699341132,-2.15132673873465,0.99830267841569,0.999999986064185,0.999999986064185,"aop",1,"male","up"
"BP","GO:0009798","axis specification","1/333","135/7230",0.00740740740740741,0.160827494160828,-2.1625843058195,0.998382330062755,0.999999986064185,0.999999986064185,"krimp",1,"male","up"
"BP","GO:0043603","amide metabolic process","9/333","429/7230",0.020979020979021,0.455490455490455,-2.55492921004446,0.998393608752798,0.999999986064185,0.999999986064185,"GstD3/CG17999/Hsp67Bc/GstD2/Pmvk/CG14893/Psa/krimp/RpS28-like",9,"male","up"
"BP","GO:0098542","defense response to other organism","5/333","298/7230",0.0167785234899329,0.364290464961606,-2.46245723331428,0.998408346658924,0.999999986064185,0.999999986064185,"Drsl5/spz4/Drsl2/CG13564/BomS3",5,"male","up"
"BP","GO:0001754","eye photoreceptor cell differentiation","1/333","136/7230",0.00735294117647059,0.159644939056704,-2.1737910591235,0.998458254529154,0.999999986064185,0.999999986064185,"aop",1,"male","up"
"BP","GO:0007186","G protein-coupled receptor signaling pathway","1/333","138/7230",0.0072463768115942,0.157331244287766,-2.19605487172316,0.998599609457279,0.999999986064185,0.999999986064185,"CG32305",1,"male","up"
"BP","GO:0060429","epithelium development","7/333","370/7230",0.0189189189189189,0.410762113464816,-2.55658704235642,0.998634037816209,0.999999986064185,0.999999986064185,"dyl/m/Hph/neb/dib/Cp15/aop",7,"male","up"
"BP","GO:0010628","positive regulation of gene expression","1/333","139/7230",0.00719424460431655,0.156199364832458,-2.20711326806182,0.998665363835554,0.999999986064185,0.999999986064185,"aop",1,"male","up"
"BP","GO:0051960","regulation of nervous system development","1/333","139/7230",0.00719424460431655,0.156199364832458,-2.20711326806182,0.998665363835554,0.999999986064185,0.999999986064185,"aop",1,"male","up"
"BP","GO:0051649","establishment of localization in cell","11/333","499/7230",0.0220440881763527,0.478614887432523,-2.65216304898058,0.998759490117443,0.999999986064185,0.999999986064185,"CG17819/CG31787/CG8219/RabX2/alphaKap4/Tim13/Hph/Mis12/Rab9Fb/CG9067/Apl",11,"male","up"
"BP","GO:0006952","defense response","5/333","306/7230",0.0163398692810458,0.35476653123712,-2.53413756217084,0.998810281816502,0.999999986064185,0.999999986064185,"Drsl5/spz4/Drsl2/CG13564/BomS3",5,"male","up"
"BP","GO:0098657","import into cell","2/333","194/7230",0.0103092783505155,0.223832079502183,-2.40782408785906,0.999002900859786,0.999999986064185,0.999999986064185,"CG13794/aop",2,"male","up"
"BP","GO:0016192","vesicle-mediated transport","7/333","382/7230",0.0183246073298429,0.397858591575869,-2.65692573748021,0.999090938401914,0.999999986064185,0.999999986064185,"CG17819/CG31787/RabX2/Sec20/Rab9Fb/CG9067/aop",7,"male","up"
"BP","GO:0006897","endocytosis","1/333","147/7230",0.00680272108843537,0.147698719127291,-2.29389906155854,0.999091836708898,0.999999986064185,0.999999986064185,"aop",1,"male","up"
"BP","GO:0034329","cell junction assembly","1/333","147/7230",0.00680272108843537,0.147698719127291,-2.29389906155854,0.999091836708898,0.999999986064185,0.999999986064185,"Efhc1.1",1,"male","up"
"BP","GO:0046530","photoreceptor cell differentiation","1/333","147/7230",0.00680272108843537,0.147698719127291,-2.29389906155854,0.999091836708898,0.999999986064185,0.999999986064185,"aop",1,"male","up"
"BP","GO:0048729","tissue morphogenesis","3/333","240/7230",0.0125,0.271396396396396,-2.52225774340558,0.999154494649454,0.999999986064185,0.999999986064185,"Hph/dib/aop",3,"male","up"
"BP","GO:0009894","regulation of catabolic process","2/333","198/7230",0.0101010101010101,0.219310219310219,-2.44738770917851,0.999162920741127,0.999999986064185,0.999999986064185,"Hsp67Bc/Sec20",2,"male","up"
"BP","GO:0000278","mitotic cell cycle","5/333","316/7230",0.0158227848101266,0.34353974227392,-2.6219137961408,0.999176336647911,0.999999986064185,0.999999986064185,"t-Grip84/CG8509/neb/mus304/Mis12",5,"male","up"
"BP","GO:0009790","embryo development","6/333","353/7230",0.0169971671388102,0.369037592833627,-2.67068361111723,0.999232157458274,0.999999986064185,0.999999986064185,"dyl/m/neb/mus304/dib/aop",6,"male","up"
"BP","GO:0035556","intracellular signal transduction","8/333","421/7230",0.0190023752969121,0.412574094284308,-2.72887468255849,0.999259635361523,0.999999986064185,0.999999986064185,"timeout/Gadd45/CG32305/lncRNA:Hsromega/RabX2/sra/mus304/Rab9Fb",8,"male","up"
"BP","GO:0090066","regulation of anatomical structure size","1/333","153/7230",0.0065359477124183,0.141906612494848,-2.35714765961596,0.999319798269843,0.999999986064185,0.999999986064185,"CG7423",1,"male","up"
"BP","GO:0034660","ncRNA metabolic process","4/333","286/7230",0.013986013986014,0.303660303660304,-2.64016111512703,0.999362146613708,0.999999986064185,0.999999986064185,"IntS12/krimp/CG8204/RpS28-like",4,"male","up"
"BP","GO:0044419","biological process involved in interspecies interaction between organisms","6/333","360/7230",0.0166666666666667,0.361861861861862,-2.72909528346878,0.999402228617197,0.999999986064185,0.999999986064185,"Drsl5/spz4/Drsl2/TotE/CG13564/BomS3",6,"male","up"
"BP","GO:0040008","regulation of growth","2/333","206/7230",0.00970873786407767,0.210793317589434,-2.52501073439687,0.999410823128735,0.999999986064185,0.999999986064185,"CG7423/Hph",2,"male","up"
"BP","GO:0021700","developmental maturation","1/333","156/7230",0.00641025641025641,0.139177639177639,-2.38822052972271,0.99941138173033,0.999999986064185,0.999999986064185,"krimp",1,"male","up"
"BP","GO:0045087","innate immune response","1/333","160/7230",0.00625,0.135698198198198,-2.42910796998119,0.999514652695964,0.999999986064185,0.999999986064185,"spz4",1,"male","up"
"BP","GO:0007411","axon guidance","1/333","161/7230",0.0062111801242236,0.134855352246657,-2.43923581819625,0.999537512759931,0.999999986064185,0.999999986064185,"ImpL2",1,"male","up"
"BP","GO:0009888","tissue development","8/333","436/7230",0.018348623853211,0.398380031407554,-2.84730396015099,0.999553383674319,0.999999986064185,0.999999986064185,"CG12896/dyl/m/Hph/neb/dib/Cp15/aop",8,"male","up"
"BP","GO:0050808","synapse organization","2/333","213/7230",0.00938967136150235,0.203865837668655,-2.591382010805,0.999567302877724,0.999999986064185,0.999999986064185,"Efhc1.1/C1GalTA",2,"male","up"
"BP","GO:0051094","positive regulation of developmental process","1/333","164/7230",0.00609756097560976,0.132388486047023,-2.46940049263736,0.999599849897999,0.999999986064185,0.999999986064185,"ImpL2",1,"male","up"
"BP","GO:0006518","peptide metabolic process","6/333","374/7230",0.0160427807486631,0.348316230669172,-2.84359942329598,0.999639839551888,0.999999986064185,0.999999986064185,"GstD3/Hsp67Bc/GstD2/Psa/krimp/RpS28-like",6,"male","up"
"BP","GO:0022613","ribonucleoprotein complex biogenesis","2/333","218/7230",0.0091743119266055,0.199190015703777,-2.63795807116219,0.99965318838237,0.999999986064185,0.999999986064185,"CG8204/RpS28-like",2,"male","up"
"BP","GO:0097485","neuron projection guidance","1/333","167/7230",0.00598802395209581,0.130010249770729,-2.4992453030762,0.999653806623601,0.999999986064185,0.999999986064185,"ImpL2",1,"male","up"
"BP","GO:0140546","defense response to symbiont","2/333","222/7230",0.00900900900900901,0.195601006411817,-2.67474309687559,0.999709578725151,0.999999986064185,0.999999986064185,"spz4/BomS3",2,"male","up"
"BP","GO:0007281","germ cell development","8/333","449/7230",0.0178173719376392,0.386845642970365,-2.94765894837617,0.999713877131377,0.999999986064185,0.999999986064185,"Mst84Dd/gdrd/CG34274/neb/stil/krimp/Cp15/aop",8,"male","up"
"BP","GO:0006955","immune response","2/333","225/7230",0.00888888888888889,0.192992992992993,-2.70206387330021,0.99974583275578,0.999999986064185,0.999999986064185,"spz4/BomS3",2,"male","up"
"BP","GO:0007560","imaginal disc morphogenesis","3/333","271/7230",0.011070110701107,0.24035105215917,-2.80062708109688,0.999765728471736,0.999999986064185,0.999999986064185,"ImpE2/Pcp/m",3,"male","up"
"BP","GO:0009967","positive regulation of signal transduction","3/333","278/7230",0.0107913669064748,0.234299047248688,-2.86060451555484,0.999825408401244,0.999999986064185,0.999999986064185,"ImpL2/lncRNA:Hsromega/apolpp",3,"male","up"
"BP","GO:1902531","regulation of intracellular signal transduction","2/333","234/7230",0.00854700854700855,0.185570185570186,-2.78270910002849,0.999829845168682,0.999999986064185,0.999999986064185,"lncRNA:Hsromega/sra",2,"male","up"
"BP","GO:0007476","imaginal disc-derived wing morphogenesis","1/333","182/7230",0.0054945054945055,0.119295119295119,-2.64401713628713,0.999832356500733,0.999999986064185,0.999999986064185,"m",1,"male","up"
"BP","GO:0051130","positive regulation of cellular component organization","1/333","182/7230",0.0054945054945055,0.119295119295119,-2.64401713628713,0.999832356500733,0.999999986064185,0.999999986064185,"Jupiter",1,"male","up"
"BP","GO:0010605","negative regulation of macromolecule metabolic process","8/333","470/7230",0.0170212765957447,0.369561050412114,-3.10563014726866,0.999862493006107,0.999999986064185,0.999999986064185,"timeout/Maf1/HP6/Spn43Aa/I-t/krimp/snRNA:7SKa/aop",8,"male","up"
"BP","GO:0006412","translation","3/333","284/7230",0.0105633802816901,0.229349067377236,-2.91125739683648,0.999864458638736,0.999999986064185,0.999999986064185,"Hsp67Bc/krimp/RpS28-like",3,"male","up"
"BP","GO:0006325","chromatin organization","1/333","187/7230",0.0053475935828877,0.116105410223057,-2.69075125087303,0.999868399737774,0.999999986064185,0.999999986064185,"HP6",1,"male","up"
"BP","GO:0048477","oogenesis","5/333","368/7230",0.0135869565217391,0.294996083039561,-3.05015000670748,0.999885687881306,0.999999986064185,0.999999986064185,"neb/stil/krimp/Cp15/aop",5,"male","up"
"BP","GO:0007472","wing disc morphogenesis","1/333","193/7230",0.00518134715025907,0.112495915604724,-2.74591035936541,0.999901598930669,0.999999986064185,0.999999986064185,"m",1,"male","up"
"BP","GO:0002376","immune system process","3/333","293/7230",0.0102389078498294,0.222304215478277,-2.98599326578628,0.999907463466588,0.999999986064185,0.999999986064185,"spz4/TotE/BomS3",3,"male","up"
"BP","GO:0048707","instar larval or pupal morphogenesis","3/333","293/7230",0.0102389078498294,0.222304215478277,-2.98599326578628,0.999907463466588,0.999999986064185,0.999999986064185,"ImpE2/Pcp/m",3,"male","up"
"BP","GO:0040007","growth","3/333","294/7230",0.0102040816326531,0.221548078690936,-2.99420846596913,0.999911317987014,0.999999986064185,0.999999986064185,"Efhc1.1/CG7423/Hph",3,"male","up"
"BP","GO:0007409","axonogenesis","1/333","196/7230",0.00510204081632653,0.110774039345468,-2.77312919552395,0.999914919509913,0.999999986064185,0.999999986064185,"ImpL2",1,"male","up"
"BP","GO:0045944","positive regulation of transcription by RNA polymerase II","1/333","196/7230",0.00510204081632653,0.110774039345468,-2.77312919552395,0.999914919509913,0.999999986064185,0.999999986064185,"CG43058",1,"male","up"
"BP","GO:0043604","amide biosynthetic process","4/333","337/7230",0.0118694362017804,0.257705776993611,-3.06632375790424,0.999916534451606,0.999999986064185,0.999999986064185,"CG17999/Hsp67Bc/krimp/RpS28-like",4,"male","up"
"BP","GO:0045165","cell fate commitment","1/333","199/7230",0.0050251256281407,0.109104078953325,-2.80011633997108,0.999926441555333,0.999999986064185,0.999999986064185,"aop",1,"male","up"
"BP","GO:0034330","cell junction organization","2/333","254/7230",0.0078740157480315,0.170958359934738,-2.95543275832108,0.999930692625523,0.999999986064185,0.999999986064185,"Efhc1.1/C1GalTA",2,"male","up"
"BP","GO:0009886","post-embryonic animal morphogenesis","3/333","300/7230",0.01,0.217117117117117,-3.04313993878305,0.999931336923237,0.999999986064185,0.999999986064185,"ImpE2/Pcp/m",3,"male","up"
"BP","GO:0000902","cell morphogenesis","4/333","342/7230",0.0116959064327485,0.253938148674991,-3.10579247623146,0.999931931764174,0.999999986064185,0.999999986064185,"dyl/ImpL2/m/Efhc1.1",4,"male","up"
"BP","GO:0048667","cell morphogenesis involved in neuron differentiation","2/333","255/7230",0.00784313725490196,0.170287934993817,-2.96385194764633,0.999933750857157,0.999999986064185,0.999999986064185,"ImpL2/Efhc1.1",2,"male","up"
"BP","GO:0009968","negative regulation of signal transduction","2/333","256/7230",0.0078125,0.169622747747748,-2.97225160790226,0.999936675428714,0.999999986064185,0.999999986064185,"ImpL2/aop",2,"male","up"
"BP","GO:0045893","positive regulation of DNA-templated transcription","2/333","256/7230",0.0078125,0.169622747747748,-2.97225160790226,0.999936675428714,0.999999986064185,0.999999986064185,"stil/CG43058",2,"male","up"
"BP","GO:1902680","positive regulation of RNA biosynthetic process","2/333","256/7230",0.0078125,0.169622747747748,-2.97225160790226,0.999936675428714,0.999999986064185,0.999999986064185,"stil/CG43058",2,"male","up"
"BP","GO:0010647","positive regulation of cell communication","3/333","302/7230",0.00993377483443709,0.215679255414355,-3.05931608404304,0.99993696332543,0.999999986064185,0.999999986064185,"ImpL2/lncRNA:Hsromega/apolpp",3,"male","up"
"BP","GO:0023056","positive regulation of signaling","3/333","302/7230",0.00993377483443709,0.215679255414355,-3.05931608404304,0.99993696332543,0.999999986064185,0.999999986064185,"ImpL2/lncRNA:Hsromega/apolpp",3,"male","up"
"BP","GO:0007444","imaginal disc development","5/333","385/7230",0.012987012987013,0.281970281970282,-3.18139192179396,0.999941274509742,0.999999986064185,0.999999986064185,"ImpE2/CG4477/Pcp/m/mus304",5,"male","up"
"BP","GO:0048812","neuron projection morphogenesis","2/333","258/7230",0.00775193798449612,0.168307842726447,-2.9889929181939,0.999942146459377,0.999999986064185,0.999999986064185,"ImpL2/Efhc1.1",2,"male","up"
"BP","GO:0010629","negative regulation of gene expression","2/333","259/7230",0.00772200772200772,0.167658005495843,-2.99733485257862,0.999944703745928,0.999999986064185,0.999999986064185,"krimp/aop",2,"male","up"
"BP","GO:0007552","metamorphosis","3/333","306/7230",0.00980392156862745,0.212859918742272,-3.09147206890854,0.999946887472197,0.999999986064185,0.999999986064185,"ImpE2/Pcp/m",3,"male","up"
"BP","GO:0035220","wing disc development","2/333","260/7230",0.00769230769230769,0.167013167013167,-3.00565782664378,0.999947149047626,0.999999986064185,0.999999986064185,"CG4477/m",2,"male","up"
"BP","GO:0120039","plasma membrane bounded cell projection morphogenesis","2/333","260/7230",0.00769230769230769,0.167013167013167,-3.00565782664378,0.999947149047626,0.999999986064185,0.999999986064185,"ImpL2/Efhc1.1",2,"male","up"
"BP","GO:0009892","negative regulation of metabolic process","8/333","498/7230",0.0160642570281124,0.348782517457216,-3.30902299331053,0.999949477786937,0.999999986064185,0.999999986064185,"timeout/Maf1/HP6/Spn43Aa/I-t/krimp/snRNA:7SKa/aop",8,"male","up"
"BP","GO:0048858","cell projection morphogenesis","2/333","262/7230",0.00763358778625954,0.165738257341311,-3.02224744482946,0.999951722897923,0.999999986064185,0.999999986064185,"ImpL2/Efhc1.1",2,"male","up"
"BP","GO:0007268","chemical synaptic transmission","1/333","208/7230",0.00480769230769231,0.104383229383229,-2.8797486827154,0.999952480233133,0.999999986064185,0.999999986064185,"Nmdar1",1,"male","up"
"BP","GO:0061564","axon development","1/333","208/7230",0.00480769230769231,0.104383229383229,-2.8797486827154,0.999952480233133,0.999999986064185,0.999999986064185,"ImpL2",1,"male","up"
"BP","GO:0098916","anterograde trans-synaptic signaling","1/333","208/7230",0.00480769230769231,0.104383229383229,-2.8797486827154,0.999952480233133,0.999999986064185,0.999999986064185,"Nmdar1",1,"male","up"
"BP","GO:0071824","protein-DNA complex organization","1/333","209/7230",0.00478468899521531,0.103883788094314,-2.8884782854342,0.999954733733898,0.999999986064185,0.999999986064185,"HP6",1,"male","up"
"BP","GO:0043043","peptide biosynthetic process","3/333","310/7230",0.00967741935483871,0.210113339145597,-3.12337187719063,0.999955267684514,0.999999986064185,0.999999986064185,"Hsp67Bc/krimp/RpS28-like",3,"male","up"
"BP","GO:0001745","compound eye morphogenesis","1/333","210/7230",0.00476190476190476,0.103389103389103,-2.89718494678936,0.999956880674022,0.999999986064185,0.999999986064185,"aop",1,"male","up"
"BP","GO:0099537","trans-synaptic signaling","1/333","211/7230",0.004739336492891,0.102899107638444,-2.90586886186311,0.999958926077946,0.999999986064185,0.999999986064185,"Nmdar1",1,"male","up"
"BP","GO:0031324","negative regulation of cellular metabolic process","7/333","470/7230",0.0148936170212766,0.3233659191106,-3.33319380354465,0.999961369360932,0.999999986064185,0.999999986064185,"timeout/Maf1/HP6/I-t/krimp/snRNA:7SKa/aop",7,"male","up"
"BP","GO:0010648","negative regulation of cell communication","2/333","267/7230",0.00749063670411985,0.162634544657017,-3.06339916592807,0.99996151307896,0.999999986064185,0.999999986064185,"ImpL2/aop",2,"male","up"
"BP","GO:0023057","negative regulation of signaling","2/333","267/7230",0.00749063670411985,0.162634544657017,-3.06339916592807,0.99996151307896,0.999999986064185,0.999999986064185,"ImpL2/aop",2,"male","up"
"BP","GO:0035120","post-embryonic appendage morphogenesis","1/333","213/7230",0.00469483568075117,0.101932918834327,-2.92316922039115,0.999962731204906,0.999999986064185,0.999999986064185,"m",1,"male","up"
"BP","GO:0002165","instar larval or pupal development","4/333","359/7230",0.011142061281337,0.241913222414615,-3.23733235651524,0.99996615810149,0.999999986064185,0.999999986064185,"ImpE2/Pcp/m/dib",4,"male","up"
"BP","GO:0016477","cell migration","1/333","215/7230",0.00465116279069767,0.100984705635868,-2.94038086993188,0.999966184781529,0.999999986064185,0.999999986064185,"aop",1,"male","up"
"BP","GO:0048592","eye morphogenesis","1/333","215/7230",0.00465116279069767,0.100984705635868,-2.94038086993188,0.999966184781529,0.999999986064185,0.999999986064185,"aop",1,"male","up"
"BP","GO:0090596","sensory organ morphogenesis","1/333","215/7230",0.00465116279069767,0.100984705635868,-2.94038086993188,0.999966184781529,0.999999986064185,0.999999986064185,"aop",1,"male","up"
"BP","GO:0099536","synaptic signaling","1/333","215/7230",0.00465116279069767,0.100984705635868,-2.94038086993188,0.999966184781529,0.999999986064185,0.999999986064185,"Nmdar1",1,"male","up"
"BP","GO:0051128","regulation of cellular component organization","7/333","475/7230",0.0147368421052632,0.319962067330488,-3.36897961134596,0.999967975206902,0.999999986064185,0.999999986064185,"CG12395/Jupiter/CG2955/Efhc1.1/CG7423/Hph/C1GalTA",7,"male","up"
"BP","GO:0035114","imaginal disc-derived appendage morphogenesis","1/333","218/7230",0.00458715596330275,0.0995950078518886,-2.96603521800402,0.999970776022331,0.999999986064185,0.999999986064185,"m",1,"male","up"
"BP","GO:0035107","appendage morphogenesis","1/333","219/7230",0.0045662100456621,0.0991402361265375,-2.97454388004778,0.99997216386953,0.999999986064185,0.999999986064185,"m",1,"male","up"
"BP","GO:0048737","imaginal disc-derived appendage development","1/333","221/7230",0.00452488687782805,0.09824303941951,-2.9914980650279,0.999974745506124,0.999999986064185,0.999999986064185,"m",1,"male","up"
"BP","GO:0048736","appendage development","1/333","222/7230",0.0045045045045045,0.0978005032059086,-2.99994392744113,0.999975945355811,0.999999986064185,0.999999986064185,"m",1,"male","up"
"BP","GO:0003002","regionalization","3/333","325/7230",0.00923076923076923,0.2004158004158,-3.24082185330814,0.999976589195317,0.999999986064185,0.999999986064185,"CG4477/m/krimp",3,"male","up"
"BP","GO:0007166","cell surface receptor signaling pathway","6/333","449/7230",0.0133630289532294,0.290134232227773,-3.41258633903598,0.999978819231152,0.999999986064185,0.999999986064185,"ImpL2/CG41520/Nmdar1/apolpp/CG13373/aop",6,"male","up"
"BP","GO:0007267","cell-cell signaling","3/333","328/7230",0.00914634146341463,0.198582729070534,-3.26391813981294,0.999979446260133,0.999999986064185,0.999999986064185,"Nmdar1/apolpp/aop",3,"male","up"
"BP","GO:0051239","regulation of multicellular organismal process","4/333","372/7230",0.010752688172043,0.23345926571733,-3.3353321064164,0.999980275576994,0.999999986064185,0.999999986064185,"dyl/Gadd45/m/aop",4,"male","up"
"BP","GO:0050793","regulation of developmental process","6/333","452/7230",0.0132743362831858,0.288208562544846,-3.43401597063872,0.999981159701335,0.999999986064185,0.999999986064185,"dyl/ImpL2/m/Efhc1.1/C1GalTA/aop",6,"male","up"
"BP","GO:0010558","negative regulation of macromolecule biosynthetic process","5/333","415/7230",0.0120481927710843,0.261586888092912,-3.40425147417108,0.999982260063149,0.999999986064185,0.999999986064185,"Maf1/HP6/krimp/snRNA:7SKa/aop",5,"male","up"
"BP","GO:0031175","neuron projection development","2/333","286/7230",0.00699300699300699,0.151830151830152,-3.21582277146071,0.999983803733202,0.999999986064185,0.999999986064185,"ImpL2/Efhc1.1",2,"male","up"
"BP","GO:0006397","mRNA processing","1/333","232/7230",0.00431034482758621,0.0935849642746194,-3.08329614942549,0.999985221462597,0.999999986064185,0.999999986064185,"Gld2",1,"male","up"
"BP","GO:0009890","negative regulation of biosynthetic process","5/333","420/7230",0.0119047619047619,0.258472758472758,-3.4404029844533,0.999985505382606,0.999999986064185,0.999999986064185,"Maf1/HP6/krimp/snRNA:7SKa/aop",5,"male","up"
"BP","GO:0031327","negative regulation of cellular biosynthetic process","5/333","420/7230",0.0119047619047619,0.258472758472758,-3.4404029844533,0.999985505382606,0.999999986064185,0.999999986064185,"Maf1/HP6/krimp/snRNA:7SKa/aop",5,"male","up"
"BP","GO:0031328","positive regulation of cellular biosynthetic process","4/333","380/7230",0.0105263157894737,0.228544333807492,-3.39459996096812,0.999985882667246,0.999999986064185,0.999999986064185,"Hsp67Bc/stil/CG43058/aop",4,"male","up"
"BP","GO:0048646","anatomical structure formation involved in morphogenesis","3/333","337/7230",0.00890207715133531,0.193279332745208,-3.33246126849412,0.999986107991259,0.999999986064185,0.999999986064185,"spz4/gdrd/Cp15",3,"male","up"
"BP","GO:0009891","positive regulation of biosynthetic process","4/333","382/7230",0.0104712041884817,0.227347766614782,-3.40929817528304,0.999987018441859,0.999999986064185,0.999999986064185,"Hsp67Bc/stil/CG43058/aop",4,"male","up"
"BP","GO:0048585","negative regulation of response to stimulus","2/333","291/7230",0.00687285223367698,0.149221386334788,-3.25496056442444,0.999987116898051,0.999999986064185,0.999999986064185,"ImpL2/aop",2,"male","up"
"BP","GO:0007389","pattern specification process","3/333","340/7230",0.00882352941176471,0.191573926868045,-3.3550676037315,0.999987813563532,0.999999986064185,0.999999986064185,"CG4477/m/krimp",3,"male","up"
"BP","GO:0051254","positive regulation of RNA metabolic process","2/333","297/7230",0.00673400673400673,0.14620681287348,-3.3014249243801,0.999990216457344,0.999999986064185,0.999999986064185,"stil/CG43058",2,"male","up"
"BP","GO:0048749","compound eye development","1/333","246/7230",0.0040650406504065,0.0882589906980151,-3.19681897064275,0.999992536957054,0.999999986064185,0.999999986064185,"aop",1,"male","up"
"BP","GO:0051173","positive regulation of nitrogen compound metabolic process","5/333","441/7230",0.0113378684807256,0.246164531878818,-3.58941830924415,0.999993841903183,0.999999986064185,0.999999986064185,"CG41520/Hsp67Bc/lncRNA:Hsromega/stil/CG43058",5,"male","up"
"BP","GO:0045935","positive regulation of nucleobase-containing compound metabolic process","2/333","312/7230",0.00641025641025641,0.139177639177639,-3.41532214458911,0.999995096302396,0.999999986064185,0.999999986064185,"stil/CG43058",2,"male","up"
"BP","GO:0048589","developmental growth","1/333","255/7230",0.00392156862745098,0.0851439674969087,-3.26799856011504,0.999995193286704,0.999999986064185,0.999999986064185,"Efhc1.1",1,"male","up"
"BP","GO:0001654","eye development","1/333","257/7230",0.00389105058365759,0.0844813685280611,-3.28363617952397,0.999995641325726,0.999999986064185,0.999999986064185,"aop",1,"male","up"
"BP","GO:0048880","sensory system development","1/333","257/7230",0.00389105058365759,0.0844813685280611,-3.28363617952397,0.999995641325726,0.999999986064185,0.999999986064185,"aop",1,"male","up"
"BP","GO:0150063","visual system development","1/333","257/7230",0.00389105058365759,0.0844813685280611,-3.28363617952397,0.999995641325726,0.999999986064185,0.999999986064185,"aop",1,"male","up"
"BP","GO:0009791","post-embryonic development","4/333","409/7230",0.0097799511002445,0.212339478843146,-3.603361415377,0.999995856807476,0.999999986064185,0.999999986064185,"ImpE2/Pcp/m/dib",4,"male","up"
"BP","GO:0048584","positive regulation of response to stimulus","3/333","370/7230",0.00810810810810811,0.176040905770636,-3.57499609559262,0.999996746957402,0.999999986064185,0.999999986064185,"ImpL2/lncRNA:Hsromega/apolpp",3,"male","up"
"BP","GO:0010557","positive regulation of macromolecule biosynthetic process","3/333","372/7230",0.00806451612903226,0.175094449287998,-3.58928605487032,0.999997023140997,0.999999986064185,0.999999986064185,"stil/CG43058/aop",3,"male","up"
"BP","GO:0006396","RNA processing","5/333","473/7230",0.0105708245243129,0.229510694626974,-3.80847704236539,0.999998365144852,0.999999986064185,0.999999986064185,"Gld2/IntS12/krimp/CG8204/RpS28-like",5,"male","up"
"BP","GO:0032989","cellular anatomical entity morphogenesis","2/333","336/7230",0.00595238095238095,0.129236379236379,-3.59141334314983,0.999998388316344,0.999999986064185,0.999999986064185,"ImpL2/Efhc1.1",2,"male","up"
"BP","GO:0031325","positive regulation of cellular metabolic process","5/333","490/7230",0.0102040816326531,0.221548078690936,-3.92130842754254,0.999999199915449,0.999999986064185,0.999999986064185,"CG41520/Hsp67Bc/stil/CG43058/aop",5,"male","up"
"BP","GO:0016071","mRNA metabolic process","1/333","294/7230",0.00340136054421769,0.0738493595636453,-3.56231131614907,0.999999290490818,0.999999986064185,0.999999986064185,"Gld2",1,"male","up"
"BP","GO:0007423","sensory organ development","1/333","303/7230",0.0033003300330033,0.0716558142300717,-3.62734495533592,0.999999544451982,0.999999986064185,0.999999986064185,"aop",1,"male","up"
"BP","GO:0009887","animal organ morphogenesis","4/333","483/7230",0.0082815734989648,0.179807136328875,-4.09982493700542,0.99999983352531,0.999999986064185,0.999999986064185,"ImpE2/Pcp/m/aop",4,"male","up"
"BP","GO:0048666","neuron development","2/333","386/7230",0.00518134715025907,0.112495915604724,-3.93767735821478,0.999999845629953,0.999999986064185,0.999999986064185,"ImpL2/Efhc1.1",2,"male","up"
"BP","GO:0030182","neuron differentiation","3/333","490/7230",0.00612244897959184,0.132928847214561,-4.36771151258635,0.999999986064185,0.999999986064185,0.999999986064185,"ImpL2/Efhc1.1/aop",3,"male","up"
"CC","GO:0030286","dynein complex","8/327","37/7088",0.216216216216216,4.68666831969584,4.94434989145897,0.000224639948535831,0.0453772696042378,0.0437456741885565,"CG10834/kl-5/CG31275/CG13202/Sdic4/CG10822/robl37BC/CG10859",8,"male","up"
"CC","GO:0005929","cilium","15/327","130/7088",0.115384615384615,2.50105857445307,3.79862767819641,0.000897901118208119,0.0768994245621226,0.0741344113808894,"CG12395/CG13693/Rsph4a/gdrd/CG17118/kl-5/CG13202/Sdic4/TbCMF46/CG14339/tilB/CG10859/Ppr-Y/Cc2d2a/TTLL1A",15,"male","up"
"CC","GO:0005875","microtubule associated complex","10/327","69/7088",0.144927536231884,3.14142622878163,3.93087891879459,0.0011420706618137,0.0768994245621226,0.0741344113808894,"Jupiter/CG10834/kl-5/CG31275/CG13202/Sdic4/neb/CG10822/robl37BC/CG10859",10,"male","up"
"CC","GO:0005868","cytoplasmic dynein complex","5/327","20/7088",0.25,5.41896024464832,4.35197554818807,0.00177061515576064,0.0832058676557104,0.0802140985737698,"CG10834/CG31275/Sdic4/CG10822/robl37BC",5,"male","up"
"CC","GO:0062129","chitin-based extracellular matrix","12/327","100/7088",0.12,2.60110091743119,3.54602573359174,0.00205955117959679,0.0832058676557104,0.0802140985737698,"Cpr47Ec/Cpr47Eb/Pcp/TwdlD/TwdlM/Cpr72Ea/TwdlP/TwdlG/TwdlE/Cpr49Ah/TwdlO/CG13022",12,"male","up"
"CC","GO:0031514","motile cilium","6/327","37/7088",0.162162162162162,3.51500123977188,3.37297663596469,0.00637321347021977,0.214564853497399,0.206849910875554,"gdrd/CG17118/kl-5/Sdic4/CG14339/tilB",6,"male","up"
"CC","GO:0098800","inner mitochondrial membrane protein complex","11/327","106/7088",0.10377358490566,2.24937972419364,2.85008025075243,0.0094002573641477,0.271264569651119,0.261510919152981,"ND-24L/COX7CL/CG12464/SdhCL/ATPsynCF6L/CG43321/CG32727/ATPsynG/CG1409/Tim17a2/CG13564",11,"male","up"
"CC","GO:0005930","axoneme","6/327","43/7088",0.13953488372093,3.02453595050139,2.92832211218329,0.0132664938736662,0.28437071356718,0.274145815580658,"CG12395/CG13693/Rsph4a/kl-5/CG13202/CG10859",6,"male","up"
"CC","GO:0030312","external encapsulating structure","15/327","173/7088",0.0867052023121387,1.87940817733468,2.57523628995502,0.0135565525902349,0.28437071356718,0.274145815580658,"Cpr47Ec/Cpr47Eb/CG41520/Pcp/TwdlD/TwdlM/Cpr72Ea/TwdlP/TwdlG/TwdlE/CG5455/Cpr49Ah/Cp15/TwdlO/CG13022",15,"male","up"
"CC","GO:0005744","TIM23 mitochondrial import inner membrane translocase complex","3/327","12/7088",0.25,5.41896024464832,3.36911961438326,0.0156874003082466,0.28437071356718,0.274145815580658,"CG32727/CG1409/Tim17a2",3,"male","up"
"CC","GO:0097014","ciliary plasm","6/327","45/7088",0.133333333333333,2.8901121304791,2.7971425952781,0.0164164421205743,0.28437071356718,0.274145815580658,"CG12395/CG13693/Rsph4a/kl-5/CG13202/CG10859",6,"male","up"
"CC","GO:0031012","extracellular matrix","14/327","162/7088",0.0864197530864197,1.87322082531053,2.47252090941392,0.0172078972195727,0.28437071356718,0.274145815580658,"Cpr47Ec/Cpr47Eb/CG41520/Pcp/TwdlD/TwdlM/Cpr72Ea/TwdlP/TwdlG/TwdlE/CG5455/Cpr49Ah/TwdlO/CG13022",14,"male","up"
"CC","GO:0015630","microtubule cytoskeleton","19/327","247/7088",0.0769230769230769,1.66737238296871,2.34777534172534,0.0194350684972504,0.28437071356718,0.274145815580658,"CG13032/Jupiter/CG13693/CG10834/CG2955/Zmynd10/t-Grip84/CG17118/CG34274/kl-5/CG31275/Efhc1.1/CG13202/Sdic4/neb/CG10822/robl37BC/CG10859/CG32591",19,"male","up"
"CC","GO:0005858","axonemal dynein complex","3/327","13/7088",0.230769230769231,5.00211714890614,3.17612711788468,0.0197088613363392,0.28437071356718,0.274145815580658,"kl-5/CG13202/CG10859",3,"male","up"
"CC","GO:0032838","plasma membrane bounded cell projection cytoplasm","6/327","55/7088",0.109090909090909,2.36463719766472,2.23422993327062,0.0399253874887047,0.53766188484789,0.518329591958622,"CG12395/CG13693/Rsph4a/kl-5/CG13202/CG10859",6,"male","up"
"CC","GO:0005815","microtubule organizing center","11/327","133/7088",0.0827067669172932,1.79273872755283,2.02958363915657,0.0428434364632328,0.540898385348314,0.521449720111715,"CG13032/CG13693/CG10834/CG2955/Zmynd10/t-Grip84/CG17118/CG34274/CG31275/CG10822/robl37BC",11,"male","up"
"CC","GO:0005743","mitochondrial inner membrane","12/327","152/7088",0.0789473684210526,1.71125060357315,1.94934866253971,0.0477824570179692,0.567768018684105,0.547353222806459,"ND-24L/CG12917/COX7CL/CG12464/SdhCL/ATPsynCF6L/CG43321/CG32727/ATPsynG/CG1409/Tim17a2/CG13564",12,"male","up"
"CC","GO:0019866","organelle inner membrane","12/327","157/7088",0.0764331210191083,1.65675217670777,1.83000814372137,0.0584482558443943,0.655919315587092,0.63233493164988,"ND-24L/CG12917/COX7CL/CG12464/SdhCL/ATPsynCF6L/CG43321/CG32727/ATPsynG/CG1409/Tim17a2/CG13564",12,"male","up"
"CC","GO:0005740","mitochondrial envelope","15/327","215/7088",0.0697674418604651,1.51226797525069,1.67742414222338,0.0713603755829641,0.687586250953932,0.66286324349389,"ND-24L/CG12917/Slc25A46b/COX7CL/CG12464/SdhCL/t-Grip84/ATPsynCF6L/Tim13/CG43321/CG32727/ATPsynG/CG1409/Tim17a2/CG13564",15,"male","up"
"CC","GO:0000276","mitochondrial proton-transporting ATP synthase complex, coupling factor F(o)","2/327","10/7088",0.2,4.33516819571865,2.32093023563009,0.0747464543935307,0.687586250953932,0.66286324349389,"ATPsynCF6L/ATPsynG",2,"male","up"
"CC","GO:0045263","proton-transporting ATP synthase complex, coupling factor F(o)","2/327","10/7088",0.2,4.33516819571865,2.32093023563009,0.0747464543935307,0.687586250953932,0.66286324349389,"ATPsynCF6L/ATPsynG",2,"male","up"
"CC","GO:0031966","mitochondrial membrane","14/327","199/7088",0.0703517587939698,1.52493353618244,1.65178070928086,0.075510859045262,0.687586250953932,0.66286324349389,"ND-24L/CG12917/Slc25A46b/COX7CL/CG12464/SdhCL/t-Grip84/ATPsynCF6L/CG43321/CG32727/ATPsynG/CG1409/Tim17a2/CG13564",14,"male","up"
"CC","GO:0005813","centrosome","8/327","97/7088",0.0824742268041237,1.78769822503862,1.71781229834418,0.0782895236234675,0.687586250953932,0.66286324349389,"CG13032/CG10834/Zmynd10/t-Grip84/CG34274/CG31275/CG10822/robl37BC",8,"male","up"
"CC","GO:0000502","proteasome complex","4/327","38/7088",0.105263157894737,2.28166747143087,1.74209657398642,0.0961111436738297,0.808935459254733,0.779849192090285,"Uch-L5R/Rpn13R/Prosbeta2R1/Prosalpha4T1",4,"male","up"
"CC","GO:0070062","extracellular exosome","2/327","12/7088",0.166666666666667,3.61264016309888,1.99193854017631,0.103243887184501,0.834210608450769,0.804215542279272,"CG12896/Prx1",2,"male","up"
"CC","GO:0036126","sperm flagellum","3/327","26/7088",0.115384615384615,2.50105857445307,1.68624269694247,0.115867915621759,0.900204575215203,0.867836614980785,"gdrd/kl-5/Sdic4",3,"male","up"
"CC","GO:0030140","trans-Golgi network transport vesicle","2/327","14/7088",0.142857142857143,3.09654871122761,1.72677627123693,0.134130111004364,0.927441568957778,0.894094269188061,"RabX2/Rab9Fb",2,"male","up"
"CC","GO:1905369","endopeptidase complex","4/327","43/7088",0.0930232558139535,2.01635730033426,1.47007592318163,0.135003655177585,0.927441568957778,0.894094269188061,"Uch-L5R/Rpn13R/Prosbeta2R1/Prosalpha4T1",4,"male","up"
"CC","GO:0097729","9+2 motile cilium","3/327","28/7088",0.107142857142857,2.32241153342071,1.54185281553881,0.136714216798624,0.927441568957778,0.894094269188061,"gdrd/kl-5/Sdic4",3,"male","up"
"CC","GO:0043230","extracellular organelle","2/327","15/7088",0.133333333333333,2.8901121304791,1.61150254081488,0.15025899850701,0.927441568957778,0.894094269188061,"CG12896/Prx1",2,"male","up"
"CC","GO:0065010","extracellular membrane-bounded organelle","2/327","15/7088",0.133333333333333,2.8901121304791,1.61150254081488,0.15025899850701,0.927441568957778,0.894094269188061,"CG12896/Prx1",2,"male","up"
"CC","GO:1903561","extracellular vesicle","2/327","15/7088",0.133333333333333,2.8901121304791,1.61150254081488,0.15025899850701,0.927441568957778,0.894094269188061,"CG12896/Prx1",2,"male","up"
"CC","GO:0005856","cytoskeleton","21/327","358/7088",0.058659217877095,1.27148787863257,1.15926853930847,0.151512731562409,0.927441568957778,0.894094269188061,"CG12395/CG13032/Jupiter/CG13693/Rsph4a/CG10834/CG2955/Zmynd10/t-Grip84/CG17118/CG34274/kl-5/CG31275/Efhc1.1/CG13202/Sdic4/neb/CG10822/robl37BC/CG10859/CG32591",21,"male","up"
"CC","GO:0098798","mitochondrial protein-containing complex","12/327","192/7088",0.0625,1.35474006116208,1.09587709359781,0.175762726446813,0.999998288035457,0.964042122389576,"ND-24L/COX7CL/CG12464/SdhCL/ATPsynCF6L/Tim13/CG43321/CG32727/ATPsynG/CG1409/Tim17a2/CG13564",12,"male","up"
"CC","GO:0005838","proteasome regulatory particle","2/327","17/7088",0.117647058823529,2.55009893865803,1.40715871811316,0.183523747493574,0.999998288035457,0.964042122389576,"Uch-L5R/Rpn13R",2,"male","up"
"CC","GO:0022624","proteasome accessory complex","2/327","17/7088",0.117647058823529,2.55009893865803,1.40715871811316,0.183523747493574,0.999998288035457,0.964042122389576,"Uch-L5R/Rpn13R",2,"male","up"
"CC","GO:0005839","proteasome core complex","2/327","18/7088",0.111111111111111,2.40842677539925,1.3157108108322,0.200530863421311,0.999998288035457,0.964042122389576,"Prosbeta2R1/Prosalpha4T1",2,"male","up"
"CC","GO:0005753","mitochondrial proton-transporting ATP synthase complex","2/327","19/7088",0.105263157894737,2.28166747143087,1.23019171119593,0.217710611693101,0.999998288035457,0.964042122389576,"ATPsynCF6L/ATPsynG",2,"male","up"
"CC","GO:0045259","proton-transporting ATP synthase complex","2/327","19/7088",0.105263157894737,2.28166747143087,1.23019171119593,0.217710611693101,0.999998288035457,0.964042122389576,"ATPsynCF6L/ATPsynG",2,"male","up"
"CC","GO:0005798","Golgi-associated vesicle","2/327","23/7088",0.0869565217391304,1.88485573726898,0.934716546682635,0.28718158639093,0.999998288035457,0.964042122389576,"RabX2/Rab9Fb",2,"male","up"
"CC","GO:0033177","proton-transporting two-sector ATPase complex, proton-transporting domain","2/327","23/7088",0.0869565217391304,1.88485573726898,0.934716546682635,0.28718158639093,0.999998288035457,0.964042122389576,"ATPsynCF6L/ATPsynG",2,"male","up"
"CC","GO:0005874","microtubule","5/327","78/7088",0.0641025641025641,1.38947698580726,0.760623461987144,0.290909977239936,0.999998288035457,0.964042122389576,"Jupiter/CG2955/Efhc1.1/neb/CG32591",5,"male","up"
"CC","GO:0005746","mitochondrial respirasome","4/327","60/7088",0.0666666666666667,1.44505606523955,0.761332023225055,0.299419872556154,0.999998288035457,0.964042122389576,"ND-24L/COX7CL/CG12464/SdhCL",4,"male","up"
"CC","GO:0070469","respirasome","4/327","60/7088",0.0666666666666667,1.44505606523955,0.761332023225055,0.299419872556154,0.999998288035457,0.964042122389576,"ND-24L/COX7CL/CG12464/SdhCL",4,"male","up"
"CC","GO:0098803","respiratory chain complex","4/327","60/7088",0.0666666666666667,1.44505606523955,0.761332023225055,0.299419872556154,0.999998288035457,0.964042122389576,"ND-24L/COX7CL/CG12464/SdhCL",4,"male","up"
"CC","GO:0099568","cytoplasmic region","6/327","102/7088",0.0588235294117647,1.27504946932902,0.61531319923626,0.330852090521798,0.999998288035457,0.964042122389576,"CG12395/CG13693/Rsph4a/kl-5/CG13202/CG10859",6,"male","up"
"CC","GO:1905368","peptidase complex","4/327","63/7088",0.0634920634920635,1.37624387165672,0.659653953985802,0.331134462040034,0.999998288035457,0.964042122389576,"Uch-L5R/Rpn13R/Prosbeta2R1/Prosalpha4T1",4,"male","up"
"CC","GO:0005881","cytoplasmic microtubule","2/327","26/7088",0.0769230769230769,1.66737238296871,0.749705458584202,0.338959145709958,0.999998288035457,0.964042122389576,"CG2955/CG32591",2,"male","up"
"CC","GO:0022627","cytosolic small ribosomal subunit","2/327","26/7088",0.0769230769230769,1.66737238296871,0.749705458584202,0.338959145709958,0.999998288035457,0.964042122389576,"CG12725/RpS28-like",2,"male","up"
"CC","GO:1990204","oxidoreductase complex","4/327","64/7088",0.0625,1.35474006116208,0.626913463600746,0.341754019687647,0.999998288035457,0.964042122389576,"ND-24L/CG12464/SdhCL/Gpdh2",4,"male","up"
"CC","GO:0008328","ionotropic glutamate receptor complex","1/327","10/7088",0.1,2.16758409785933,0.812517113482091,0.376640197571854,0.999998288035457,0.964042122389576,"Nmdar1",1,"male","up"
"CC","GO:0019774","proteasome core complex, beta-subunit complex","1/327","10/7088",0.1,2.16758409785933,0.812517113482091,0.376640197571854,0.999998288035457,0.964042122389576,"Prosbeta2R1",1,"male","up"
"CC","GO:0098878","neurotransmitter receptor complex","1/327","10/7088",0.1,2.16758409785933,0.812517113482091,0.376640197571854,0.999998288035457,0.964042122389576,"Nmdar1",1,"male","up"
"CC","GO:1990072","TRAPPIII protein complex","1/327","10/7088",0.1,2.16758409785933,0.812517113482091,0.376640197571854,0.999998288035457,0.964042122389576,"CG9067",1,"male","up"
"CC","GO:0000930","gamma-tubulin complex","1/327","11/7088",0.0909090909090909,1.97053099805393,0.70840363420941,0.40543910339186,0.999998288035457,0.964042122389576,"t-Grip84",1,"male","up"
"CC","GO:0030136","clathrin-coated vesicle","2/327","30/7088",0.0666666666666667,1.44505606523955,0.537197705572892,0.406025301641776,0.999998288035457,0.964042122389576,"RabX2/Rab9Fb",2,"male","up"
"CC","GO:0031967","organelle envelope","15/327","300/7088",0.05,1.08379204892966,0.326131047548967,0.411714053022596,0.999998288035457,0.964042122389576,"ND-24L/CG12917/Slc25A46b/COX7CL/CG12464/SdhCL/t-Grip84/ATPsynCF6L/Tim13/CG43321/CG32727/ATPsynG/CG1409/Tim17a2/CG13564",15,"male","up"
"CC","GO:0031975","envelope","15/327","300/7088",0.05,1.08379204892966,0.326131047548967,0.411714053022596,0.999998288035457,0.964042122389576,"ND-24L/CG12917/Slc25A46b/COX7CL/CG12464/SdhCL/t-Grip84/ATPsynCF6L/Tim13/CG43321/CG32727/ATPsynG/CG1409/Tim17a2/CG13564",15,"male","up"
"CC","GO:0036064","ciliary basal body","2/327","31/7088",0.0645161290322581,1.39844135345763,0.488916641280092,0.422295201602848,0.999998288035457,0.964042122389576,"CG13693/CG17118",2,"male","up"
"CC","GO:0030135","coated vesicle","3/327","52/7088",0.0576923076923077,1.25052928722654,0.398746499922728,0.432821439154681,0.999998288035457,0.964042122389576,"CG31787/RabX2/Rab9Fb",3,"male","up"
"CC","GO:0030008","TRAPP complex","1/327","12/7088",0.0833333333333333,1.80632008154944,0.614757465969356,0.432911395774347,0.999998288035457,0.964042122389576,"CG9067",1,"male","up"
"CC","GO:0035371","microtubule plus-end","1/327","12/7088",0.0833333333333333,1.80632008154944,0.614757465969356,0.432911395774347,0.999998288035457,0.964042122389576,"CG2955",1,"male","up"
"CC","GO:1990752","microtubule end","1/327","12/7088",0.0833333333333333,1.80632008154944,0.614757465969356,0.432911395774347,0.999998288035457,0.964042122389576,"CG2955",1,"male","up"
"CC","GO:0005751","mitochondrial respiratory chain complex IV","1/327","13/7088",0.0769230769230769,1.66737238296871,0.529634552015449,0.459118005947014,0.999998288035457,0.964042122389576,"COX7CL",1,"male","up"
"CC","GO:0005758","mitochondrial intermembrane space","1/327","13/7088",0.0769230769230769,1.66737238296871,0.529634552015449,0.459118005947014,0.999998288035457,0.964042122389576,"Tim13",1,"male","up"
"CC","GO:0005871","kinesin complex","1/327","13/7088",0.0769230769230769,1.66737238296871,0.529634552015449,0.459118005947014,0.999998288035457,0.964042122389576,"neb",1,"male","up"
"CC","GO:0032039","integrator complex","1/327","13/7088",0.0769230769230769,1.66737238296871,0.529634552015449,0.459118005947014,0.999998288035457,0.964042122389576,"IntS12",1,"male","up"
"CC","GO:0043596","nuclear replication fork","1/327","13/7088",0.0769230769230769,1.66737238296871,0.529634552015449,0.459118005947014,0.999998288035457,0.964042122389576,"timeout",1,"male","up"
"CC","GO:0045277","respiratory chain complex IV","1/327","13/7088",0.0769230769230769,1.66737238296871,0.529634552015449,0.459118005947014,0.999998288035457,0.964042122389576,"COX7CL",1,"male","up"
"CC","GO:0005747","mitochondrial respiratory chain complex I","2/327","34/7088",0.0588235294117647,1.27504946932902,0.35353479772139,0.469661999937453,0.999998288035457,0.964042122389576,"ND-24L/CG12464",2,"male","up"
"CC","GO:0030964","NADH dehydrogenase complex","2/327","34/7088",0.0588235294117647,1.27504946932902,0.35353479772139,0.469661999937453,0.999998288035457,0.964042122389576,"ND-24L/CG12464",2,"male","up"
"CC","GO:0045271","respiratory chain complex I","2/327","34/7088",0.0588235294117647,1.27504946932902,0.35353479772139,0.469661999937453,0.999998288035457,0.964042122389576,"ND-24L/CG12464",2,"male","up"
"CC","GO:0099513","polymeric cytoskeletal fiber","5/327","99/7088",0.0505050505050505,1.0947394433633,0.208756751704324,0.483846553614085,0.999998288035457,0.964042122389576,"Jupiter/CG2955/Efhc1.1/neb/CG32591",5,"male","up"
"CC","GO:0005793","endoplasmic reticulum-Golgi intermediate compartment","1/327","14/7088",0.0714285714285714,1.54827435561381,0.451574123859626,0.484117074788756,0.999998288035457,0.964042122389576,"CG31787",1,"male","up"
"CC","GO:0034704","calcium channel complex","1/327","14/7088",0.0714285714285714,1.54827435561381,0.451574123859626,0.484117074788756,0.999998288035457,0.964042122389576,"CG43321",1,"male","up"
"CC","GO:0042600","egg chorion","1/327","14/7088",0.0714285714285714,1.54827435561381,0.451574123859626,0.484117074788756,0.999998288035457,0.964042122389576,"Cp15",1,"male","up"
"CC","GO:0005741","mitochondrial outer membrane","2/327","36/7088",0.0555555555555556,1.20421338769963,0.270133803310391,0.499925505875076,0.999998288035457,0.964042122389576,"Slc25A46b/t-Grip84",2,"male","up"
"CC","GO:0031970","organelle envelope lumen","1/327","15/7088",0.0666666666666667,1.44505606523955,0.37945313845312,0.507964080237453,0.999998288035457,0.964042122389576,"Tim13",1,"male","up"
"CC","GO:0031968","organelle outer membrane","2/327","39/7088",0.0512820512820513,1.11158158864581,0.153659959140567,0.543191247775874,0.999998288035457,0.964042122389576,"Slc25A46b/t-Grip84",2,"male","up"
"CC","GO:0005721","pericentric heterochromatin","1/327","17/7088",0.0588235294117647,1.27504946932902,0.249686164557853,0.552411222110221,0.999998288035457,0.964042122389576,"HP6",1,"male","up"
"CC","GO:0005811","lipid droplet","1/327","17/7088",0.0588235294117647,1.27504946932902,0.249686164557853,0.552411222110221,0.999998288035457,0.964042122389576,"CG9265",1,"male","up"
"CC","GO:0010369","chromocenter","1/327","17/7088",0.0588235294117647,1.27504946932902,0.249686164557853,0.552411222110221,0.999998288035457,0.964042122389576,"HP6",1,"male","up"
"CC","GO:0000792","heterochromatin","2/327","40/7088",0.05,1.08379204892966,0.11686904168059,0.557024907839342,0.999998288035457,0.964042122389576,"HP6/neb",2,"male","up"
"CC","GO:0019867","outer membrane","2/327","40/7088",0.05,1.08379204892966,0.11686904168059,0.557024907839342,0.999998288035457,0.964042122389576,"Slc25A46b/t-Grip84",2,"male","up"
"CC","GO:0030134","COPII-coated ER to Golgi transport vesicle","1/327","18/7088",0.0555555555555556,1.20421338769963,0.19077013204105,0.57311006673898,0.999998288035457,0.964042122389576,"CG31787",1,"male","up"
"CC","GO:0016469","proton-transporting two-sector ATPase complex","2/327","42/7088",0.0476190476190476,1.03218290374254,0.0460021549843991,0.583791697505736,0.999998288035457,0.964042122389576,"ATPsynCF6L/ATPsynG",2,"male","up"
"CC","GO:0120025","plasma membrane bounded cell projection","20/327","447/7088",0.0447427293064877,0.969836285395672,-0.144884347493722,0.591792298657138,0.999998288035457,0.964042122389576,"ImpL2/CG12395/CG13693/Rsph4a/Or22b/gdrd/CG17118/kl-5/Efhc1.1/CG13202/Sdic4/Nmdar1/TbCMF46/Gld2/CG14339/tilB/CG10859/Ppr-Y/Cc2d2a/TTLL1A",20,"male","up"
"CC","GO:0005657","replication fork","1/327","20/7088",0.05,1.08379204892966,0.0825218892874417,0.611688344926164,0.999998288035457,0.964042122389576,"timeout",1,"male","up"
"CC","GO:0031201","SNARE complex","1/327","20/7088",0.05,1.08379204892966,0.0825218892874417,0.611688344926164,0.999998288035457,0.964042122389576,"Sec20",1,"male","up"
"CC","GO:0051233","spindle midzone","1/327","20/7088",0.05,1.08379204892966,0.0825218892874417,0.611688344926164,0.999998288035457,0.964042122389576,"CG2955",1,"male","up"
"CC","GO:0042995","cell projection","20/327","452/7088",0.0442477876106195,0.959108007902357,-0.19758497741869,0.612307748479036,0.999998288035457,0.964042122389576,"ImpL2/CG12395/CG13693/Rsph4a/Or22b/gdrd/CG17118/kl-5/Efhc1.1/CG13202/Sdic4/Nmdar1/TbCMF46/Gld2/CG14339/tilB/CG10859/Ppr-Y/Cc2d2a/TTLL1A",20,"male","up"
"CC","GO:0070069","cytochrome complex","1/327","21/7088",0.0476190476190476,1.03218290374254,0.0324800697154858,0.629653527609971,0.999998288035457,0.964042122389576,"COX7CL",1,"male","up"
"CC","GO:0008021","synaptic vesicle","2/327","48/7088",0.0416666666666667,0.90316004077472,-0.148043216305446,0.656845835724261,0.999998288035457,0.964042122389576,"RabX2/Rab9Fb",2,"male","up"
"CC","GO:1990351","transporter complex","5/327","121/7088",0.0413223140495868,0.895695908206333,-0.254490016884063,0.662910390113162,0.999998288035457,0.964042122389576,"ND-24L/CG12464/Tim13/Nmdar1/CG43321",5,"male","up"
"CC","GO:0005705","polytene chromosome interband","1/327","24/7088",0.0416666666666667,0.90316004077472,-0.104504381249423,0.678727404978406,0.999998288035457,0.964042122389576,"tHMG1",1,"male","up"
"CC","GO:0008287","protein serine/threonine phosphatase complex","1/327","24/7088",0.0416666666666667,0.90316004077472,-0.104504381249423,0.678727404978406,0.999998288035457,0.964042122389576,"CG8509",1,"male","up"
"CC","GO:0030139","endocytic vesicle","1/327","24/7088",0.0416666666666667,0.90316004077472,-0.104504381249423,0.678727404978406,0.999998288035457,0.964042122389576,"apolpp",1,"male","up"
"CC","GO:1903293","phosphatase complex","1/327","24/7088",0.0416666666666667,0.90316004077472,-0.104504381249423,0.678727404978406,0.999998288035457,0.964042122389576,"CG8509",1,"male","up"
"CC","GO:0099512","supramolecular fiber","6/327","147/7088",0.0408163265306122,0.884728203207889,-0.310577745216158,0.678785107110155,0.999998288035457,0.964042122389576,"Jupiter/Hsp67Bc/CG2955/Efhc1.1/neb/CG32591",6,"male","up"
"CC","GO:0015935","small ribosomal subunit","2/327","50/7088",0.04,0.867033639143731,-0.207492201414442,0.678812418989528,0.999998288035457,0.964042122389576,"CG12725/RpS28-like",2,"male","up"
"CC","GO:0099081","supramolecular polymer","6/327","149/7088",0.0402684563758389,0.872852656856105,-0.344946390476546,0.69139362246184,0.999998288035457,0.964042122389576,"Jupiter/Hsp67Bc/CG2955/Efhc1.1/neb/CG32591",6,"male","up"
"CC","GO:0070382","exocytic vesicle","2/327","52/7088",0.0384615384615385,0.833686191484357,-0.264707770371238,0.699621416185967,0.999998288035457,0.964042122389576,"RabX2/Rab9Fb",2,"male","up"
"CC","GO:0016607","nuclear speck","1/327","26/7088",0.0384615384615385,0.833686191484357,-0.186831779774068,0.707785064017737,0.999998288035457,0.964042122389576,"lncRNA:Hsromega",1,"male","up"
"CC","GO:0043186","P granule","1/327","26/7088",0.0384615384615385,0.833686191484357,-0.186831779774068,0.707785064017737,0.999998288035457,0.964042122389576,"krimp",1,"male","up"
"CC","GO:0000775","chromosome, centromeric region","2/327","54/7088",0.037037037037037,0.802808925133084,-0.319876677890282,0.719302354847125,0.999998288035457,0.964042122389576,"HP6/Mis12",2,"male","up"
"CC","GO:0034702","monoatomic ion channel complex","2/327","54/7088",0.037037037037037,0.802808925133084,-0.319876677890282,0.719302354847125,0.999998288035457,0.964042122389576,"Nmdar1/CG43321",2,"male","up"
"CC","GO:0032590","dendrite membrane","1/327","27/7088",0.037037037037037,0.802808925133084,-0.225754104647306,0.721315832081487,0.999998288035457,0.964042122389576,"Or22b",1,"male","up"
"CC","GO:0060293","germ plasm","1/327","27/7088",0.037037037037037,0.802808925133084,-0.225754104647306,0.721315832081487,0.999998288035457,0.964042122389576,"krimp",1,"male","up"
"CC","GO:0000776","kinetochore","1/327","28/7088",0.0357142857142857,0.774137177806903,-0.263342552241019,0.73422189679036,0.999998288035457,0.964042122389576,"Mis12",1,"male","up"
"CC","GO:0000922","spindle pole","1/327","28/7088",0.0357142857142857,0.774137177806903,-0.263342552241019,0.73422189679036,0.999998288035457,0.964042122389576,"t-Grip84",1,"male","up"
"CC","GO:0098802","plasma membrane signaling receptor complex","1/327","28/7088",0.0357142857142857,0.774137177806903,-0.263342552241019,0.73422189679036,0.999998288035457,0.964042122389576,"Nmdar1",1,"male","up"
"CC","GO:0022626","cytosolic ribosome","2/327","56/7088",0.0357142857142857,0.774137177806903,-0.373163328019434,0.73788884966996,0.999998288035457,0.964042122389576,"CG12725/RpS28-like",2,"male","up"
"CC","GO:0005814","centriole","1/327","29/7088",0.0344827586206897,0.747442792365285,-0.299700039328052,0.746532015735056,0.999998288035457,0.964042122389576,"t-Grip84",1,"male","up"
"CC","GO:0062023","collagen-containing extracellular matrix","1/327","29/7088",0.0344827586206897,0.747442792365285,-0.299700039328052,0.746532015735056,0.999998288035457,0.964042122389576,"CG41520",1,"male","up"
"CC","GO:0005777","peroxisome","2/327","57/7088",0.0350877192982456,0.76055582381029,-0.399146919736971,0.746783060624529,0.999998288035457,0.964042122389576,"Pmvk/CG14893",2,"male","up"
"CC","GO:0042579","microbody","2/327","57/7088",0.0350877192982456,0.76055582381029,-0.399146919736971,0.746783060624529,0.999998288035457,0.964042122389576,"Pmvk/CG14893",2,"male","up"
"CC","GO:0032153","cell division site","1/327","31/7088",0.032258064516129,0.699220676728815,-0.369078197391186,0.769472907397959,0.999998288035457,0.964042122389576,"t-Grip84",1,"male","up"
"CC","GO:1902495","transmembrane transporter complex","4/327","113/7088",0.0353982300884956,0.767286406321886,-0.548388695078155,0.772593311631027,0.999998288035457,0.964042122389576,"ND-24L/CG12464/Nmdar1/CG43321",4,"male","up"
"CC","GO:0000779","condensed chromosome, centromeric region","1/327","32/7088",0.03125,0.67737003058104,-0.402253688244535,0.780154834460573,0.999998288035457,0.964042122389576,"Mis12",1,"male","up"
"CC","GO:0016324","apical plasma membrane","2/327","62/7088",0.032258064516129,0.699220676728815,-0.523105606422036,0.787459682774376,0.999998288035457,0.964042122389576,"dyl/m",2,"male","up"
"CC","GO:0030018","Z disc","1/327","33/7088",0.0303030303030303,0.656843666017978,-0.43451032937169,0.790343237115249,0.999998288035457,0.964042122389576,"Hsp67Bc",1,"male","up"
"CC","GO:0099503","secretory vesicle","2/327","63/7088",0.0317460317460317,0.688121935828358,-0.546803851678335,0.794871844183346,0.999998288035457,0.964042122389576,"RabX2/Rab9Fb",2,"male","up"
"CC","GO:0031674","I band","1/327","34/7088",0.0294117647058824,0.637524734664508,-0.465907532641335,0.800060850363061,0.999998288035457,0.964042122389576,"Hsp67Bc",1,"male","up"
"CC","GO:0045495","pole plasm","1/327","34/7088",0.0294117647058824,0.637524734664508,-0.465907532641335,0.800060850363061,0.999998288035457,0.964042122389576,"krimp",1,"male","up"
"CC","GO:0005615","extracellular space","17/327","439/7088",0.0387243735763098,0.83938336363573,-0.764089523464308,0.809281567067453,0.999998288035457,0.964042122389576,"CG12896/CG4477/ImpL2/CG15080/CG41520/PPYR1/spz4/CG18735/Jhbp2/Spn43Aa/CG34316/TotE/Prx1/CG8560/apolpp/Psa/CG13748",17,"male","up"
"CC","GO:0030133","transport vesicle","2/327","66/7088",0.0303030303030303,0.656843666017978,-0.615932612027115,0.815756048801617,0.999998288035457,0.964042122389576,"RabX2/Rab9Fb",2,"male","up"
"CC","GO:0030425","dendrite","3/327","94/7088",0.0319148936170213,0.691782158891275,-0.661543660027528,0.815824535831999,0.999998288035457,0.964042122389576,"Or22b/Efhc1.1/tilB",3,"male","up"
"CC","GO:0097447","dendritic tree","3/327","94/7088",0.0319148936170213,0.691782158891275,-0.661543660027528,0.815824535831999,0.999998288035457,0.964042122389576,"Or22b/Efhc1.1/tilB",3,"male","up"
"CC","GO:0034703","cation channel complex","1/327","38/7088",0.0263157894736842,0.570416867857718,-0.583907541877402,0.834642549641605,0.999998288035457,0.964042122389576,"CG43321",1,"male","up"
"CC","GO:0099080","supramolecular complex","8/327","233/7088",0.0343347639484979,0.744234883385177,-0.873001856293977,0.85043117016927,0.999998288035457,0.964042122389576,"Jupiter/Hsp67Bc/CG2955/Efhc1.1/neb/Mis12/krimp/CG32591",8,"male","up"
"CC","GO:0099023","vesicle tethering complex","1/327","41/7088",0.024390243902439,0.528679048258373,-0.665589042080509,0.856604091733789,0.999998288035457,0.964042122389576,"CG9067",1,"male","up"
"CC","GO:0005819","spindle","2/327","75/7088",0.0266666666666667,0.578022426095821,-0.807918788368585,0.867459307275263,0.999998288035457,0.964042122389576,"CG2955/t-Grip84",2,"male","up"
"CC","GO:0098796","membrane protein complex","13/327","365/7088",0.0356164383561644,0.772016254032089,-0.983486463036707,0.86927411336856,0.999998288035457,0.964042122389576,"ND-24L/COX7CL/CG12464/SdhCL/ATPsynCF6L/Sec20/Nmdar1/CG43321/CG32727/ATPsynG/CG1409/Tim17a2/CG13564",13,"male","up"
"CC","GO:0030532","small nuclear ribonucleoprotein complex","1/327","44/7088",0.0227272727272727,0.492632749513483,-0.742401294220079,0.875656592383602,0.999998288035457,0.964042122389576,"snRNA:7SKa",1,"male","up"
"CC","GO:0098687","chromosomal region","3/327","107/7088",0.0280373831775701,0.607733859212895,-0.899111427241745,0.877785241607024,0.999998288035457,0.964042122389576,"tHMG1/HP6/Mis12",3,"male","up"
"CC","GO:0019005","SCF ubiquitin ligase complex","1/327","45/7088",0.0222222222222222,0.48168535507985,-0.767044424340634,0.881428922634959,0.999998288035457,0.964042122389576,"SkpD",1,"male","up"
"CC","GO:0045211","postsynaptic membrane","1/327","46/7088",0.0217391304347826,0.471213934317245,-0.79124418718275,0.886934068495866,0.999998288035457,0.964042122389576,"Nmdar1",1,"male","up"
"CC","GO:0032589","neuron projection membrane","1/327","47/7088",0.0212765957446809,0.461188105927516,-0.815020543207212,0.892184360969858,0.999998288035457,0.964042122389576,"Or22b",1,"male","up"
"CC","GO:1904949","ATPase complex","2/327","81/7088",0.0246913580246914,0.535205950088723,-0.925202154018123,0.894155933062734,0.999998288035457,0.964042122389576,"ATPsynCF6L/ATPsynG",2,"male","up"
"CC","GO:0000139","Golgi membrane","1/327","48/7088",0.0208333333333333,0.45158002038736,-0.838392109182419,0.897191563634658,0.999998288035457,0.964042122389576,"FucTB",1,"male","up"
"CC","GO:0019898","extrinsic component of membrane","1/327","49/7088",0.0204081632653061,0.442364101603944,-0.861376276085005,0.90196689867606,0.999998288035457,0.964042122389576,"ImpE2",1,"male","up"
"CC","GO:0030017","sarcomere","1/327","49/7088",0.0204081632653061,0.442364101603944,-0.861376276085005,0.90196689867606,0.999998288035457,0.964042122389576,"Hsp67Bc",1,"male","up"
"CC","GO:0043195","terminal bouton","1/327","49/7088",0.0204081632653061,0.442364101603944,-0.861376276085005,0.90196689867606,0.999998288035457,0.964042122389576,"Efhc1.1",1,"male","up"
"CC","GO:0031256","leading edge membrane","1/327","50/7088",0.02,0.433516819571865,-0.883989314397682,0.906521071730887,0.999998288035457,0.964042122389576,"Or22b",1,"male","up"
"CC","GO:0048471","perinuclear region of cytoplasm","1/327","51/7088",0.0196078431372549,0.425016489776339,-0.906246468380228,0.910864295593348,0.999998288035457,0.964042122389576,"krimp",1,"male","up"
"CC","GO:0036477","somatodendritic compartment","4/327","147/7088",0.0272108843537415,0.589818802138592,-1.10515455737719,0.913563792933362,0.999998288035457,0.964042122389576,"Zmynd10/Or22b/Efhc1.1/tilB",4,"male","up"
"CC","GO:0016604","nuclear body","1/327","52/7088",0.0192307692307692,0.416843095742178,-0.928162040665204,0.91500631283663,0.999998288035457,0.964042122389576,"lncRNA:Hsromega",1,"male","up"
"CC","GO:0030016","myofibril","1/327","52/7088",0.0192307692307692,0.416843095742178,-0.928162040665204,0.91500631283663,0.999998288035457,0.964042122389576,"Hsp67Bc",1,"male","up"
"CC","GO:0120114","Sm-like protein family complex","1/327","53/7088",0.0188679245283019,0.408978131671571,-0.9497494683413,0.918956417399225,0.999998288035457,0.964042122389576,"snRNA:7SKa",1,"male","up"
"CC","GO:0043235","receptor complex","1/327","54/7088",0.0185185185185185,0.401404462566542,-0.971021391527938,0.922723475183227,0.999998288035457,0.964042122389576,"Nmdar1",1,"male","up"
"CC","GO:0043025","neuronal cell body","2/327","90/7088",0.0222222222222222,0.48168535507985,-1.08824677884585,0.924984031905316,0.999998288035457,0.964042122389576,"Zmynd10/Efhc1.1",2,"male","up"
"CC","GO:0031248","protein acetyltransferase complex","1/327","55/7088",0.0181818181818182,0.394106199610787,-0.991989715309862,0.926315943709682,0.999998288035457,0.964042122389576,"CG31730",1,"male","up"
"CC","GO:0043292","contractile fiber","1/327","55/7088",0.0181818181818182,0.394106199610787,-0.991989715309862,0.926315943709682,0.999998288035457,0.964042122389576,"Hsp67Bc",1,"male","up"
"CC","GO:1902493","acetyltransferase complex","1/327","55/7088",0.0181818181818182,0.394106199610787,-0.991989715309862,0.926315943709682,0.999998288035457,0.964042122389576,"CG31730",1,"male","up"
"CC","GO:0098793","presynapse","3/327","125/7088",0.024,0.520220183486239,-1.19014097509066,0.932989420664135,0.999998288035457,0.964042122389576,"RabX2/Efhc1.1/Rab9Fb",3,"male","up"
"CC","GO:0031253","cell projection membrane","1/327","57/7088",0.0175438596491228,0.380277911905145,-1.03305984088769,0.933009012842782,0.999998288035457,0.964042122389576,"Or22b",1,"male","up"
"CC","GO:0045178","basal part of cell","1/327","57/7088",0.0175438596491228,0.380277911905145,-1.03305984088769,0.933009012842782,0.999998288035457,0.964042122389576,"apolpp",1,"male","up"
"CC","GO:0043679","axon terminus","1/327","58/7088",0.0172413793103448,0.373721396182643,-1.05318225654297,0.936124651130424,0.999998288035457,0.964042122389576,"Efhc1.1",1,"male","up"
"CC","GO:0000793","condensed chromosome","1/327","59/7088",0.0169491525423729,0.367387135230394,-1.07304238868167,0.939095808894343,0.999998288035457,0.964042122389576,"Mis12",1,"male","up"
"CC","GO:0044306","neuron projection terminus","1/327","59/7088",0.0169491525423729,0.367387135230394,-1.07304238868167,0.939095808894343,0.999998288035457,0.964042122389576,"Efhc1.1",1,"male","up"
"CC","GO:0044297","cell body","2/327","98/7088",0.0204081632653061,0.442364101603944,-1.22243225000873,0.945094296934199,0.999998288035457,0.964042122389576,"Zmynd10/Efhc1.1",2,"male","up"
"CC","GO:0097060","synaptic membrane","1/327","62/7088",0.0161290322580645,0.349610338364408,-1.13113652448032,0.947207676821692,0.999998288035457,0.964042122389576,"Nmdar1",1,"male","up"
"CC","GO:0036464","cytoplasmic ribonucleoprotein granule","1/327","66/7088",0.0151515151515152,0.328421833008989,-1.20541821208763,0.95637253351636,0.999998288035457,0.964042122389576,"krimp",1,"male","up"
"CC","GO:0035770","ribonucleoprotein granule","1/327","67/7088",0.0149253731343284,0.32352001460587,-1.22346765263336,0.958404174293938,0.999998288035457,0.964042122389576,"krimp",1,"male","up"
"CC","GO:0098794","postsynapse","1/327","68/7088",0.0147058823529412,0.318762367332254,-1.24132115291919,0.960341481658399,0.999998288035457,0.964042122389576,"Nmdar1",1,"male","up"
"CC","GO:0031252","cell leading edge","1/327","71/7088",0.0140845070422535,0.305293534909764,-1.29376203083125,0.965630077448679,0.999998288035457,0.964042122389576,"Or22b",1,"male","up"
"CC","GO:0031461","cullin-RING ubiquitin ligase complex","1/327","73/7088",0.0136986301369863,0.29692932847388,-1.32784138096609,0.968759008381557,0.999998288035457,0.964042122389576,"SkpD",1,"male","up"
"CC","GO:0005759","mitochondrial matrix","2/327","114/7088",0.0175438596491228,0.380277911905145,-1.46692548751088,0.971008167790959,0.999998288035457,0.964042122389576,"sra/CG32727",2,"male","up"
"CC","GO:0000228","nuclear chromosome","1/327","77/7088",0.012987012987013,0.281504428293419,-1.39405240362485,0.974190416358279,0.999998288035457,0.964042122389576,"timeout",1,"male","up"
"CC","GO:0044391","ribosomal subunit","2/327","118/7088",0.0169491525423729,0.367387135230394,-1.52392031581683,0.975351043670824,0.999998288035457,0.964042122389576,"CG12725/RpS28-like",2,"male","up"
"CC","GO:0150034","distal axon","1/327","79/7088",0.0126582278481013,0.274377733906244,-1.42625027512843,0.976542003569682,0.999998288035457,0.964042122389576,"Efhc1.1",1,"male","up"
"CC","GO:0045177","apical part of cell","2/327","120/7088",0.0166666666666667,0.361264016309888,-1.55187794096995,0.977280178143233,0.999998288035457,0.964042122389576,"dyl/m",2,"male","up"
"CC","GO:0005840","ribosome","2/327","123/7088",0.016260162601626,0.352452698838915,-1.59317366059402,0.979903155428278,0.999998288035457,0.964042122389576,"CG12725/RpS28-like",2,"male","up"
"CC","GO:0005654","nucleoplasm","7/327","295/7088",0.023728813559322,0.514341989322552,-1.87374454726898,0.985413384434509,0.999998288035457,0.964042122389576,"CG32117/lncRNA:Hsromega/alphaKap4/Hph/Gld2/CG42391/aop",7,"male","up"
"CC","GO:0043005","neuron projection","6/327","271/7088",0.022140221402214,0.479907918345238,-1.91985250559963,0.988038591861802,0.999998288035457,0.964042122389576,"ImpL2/Or22b/Efhc1.1/Nmdar1/Gld2/tilB",6,"male","up"
"CC","GO:0005768","endosome","3/327","182/7088",0.0164835164835165,0.357294082064724,-1.93167620724767,0.991661652862438,0.999998288035457,0.964042122389576,"RabX2/Rab9Fb/CG9067",3,"male","up"
"CC","GO:0005794","Golgi apparatus","5/327","257/7088",0.0194552529182879,0.421708968455122,-2.07668440149978,0.993369310885909,0.999998288035457,0.964042122389576,"CG17819/CG31787/FucTB/CG17287/CG9067",5,"male","up"
"CC","GO:0030424","axon","2/327","150/7088",0.0133333333333333,0.28901121304791,-1.9354896711158,0.99347307393341,0.999998288035457,0.964042122389576,"ImpL2/Efhc1.1",2,"male","up"
"CC","GO:0000151","ubiquitin ligase complex","1/327","108/7088",0.00925925925925926,0.200702231283271,-1.84073975409165,0.994147811476738,0.999998288035457,0.964042122389576,"SkpD",1,"male","up"
"CC","GO:0031982","vesicle","7/327","325/7088",0.0215384615384615,0.46686426723124,-2.16376156969762,0.994193977255676,0.999998288035457,0.964042122389576,"CG12896/CG31787/RabX2/Prx1/apolpp/Rab9Fb/CG9067",7,"male","up"
"CC","GO:0098590","plasma membrane region","4/327","228/7088",0.0175438596491228,0.380277911905145,-2.09171237558972,0.994395972908852,0.999998288035457,0.964042122389576,"dyl/Or22b/m/Nmdar1",4,"male","up"
"CC","GO:0045202","synapse","4/327","229/7088",0.0174672489082969,0.378617309669751,-2.10206487617953,0.994596756022515,0.999998288035457,0.964042122389576,"RabX2/Efhc1.1/Nmdar1/Rab9Fb",4,"male","up"
"CC","GO:0000785","chromatin","4/327","230/7088",0.0173913043478261,0.376971147453796,-2.11238444944313,0.994790623727291,0.999998288035457,0.964042122389576,"HP6/lncRNA:Hsromega/neb/stil",4,"male","up"
"CC","GO:0005700","polytene chromosome","1/327","111/7088",0.00900900900900901,0.195277846653993,-1.87919872847262,0.994932480437899,0.999998288035457,0.964042122389576,"tHMG1",1,"male","up"
"CC","GO:0098797","plasma membrane protein complex","1/327","112/7088",0.00892857142857143,0.193534294451726,-1.89187005933315,0.995169986371223,0.999998288035457,0.964042122389576,"Nmdar1",1,"male","up"
"CC","GO:0005773","vacuole","1/327","116/7088",0.00862068965517241,0.186860698091321,-1.94184643780315,0.996014072238733,0.999998288035457,0.964042122389576,"Ect3",1,"male","up"
"CC","GO:0032993","protein-DNA complex","4/327","249/7088",0.0160642570281124,0.348206280780615,-2.30257172667309,0.997423317827175,0.999998288035457,0.964042122389576,"HP6/lncRNA:Hsromega/neb/stil",4,"male","up"
"CC","GO:0005667","transcription regulator complex","1/327","134/7088",0.00746268656716418,0.161760007302935,-2.15428450668185,0.998322986561243,0.999998288035457,0.964042122389576,"hng3",1,"male","up"
"CC","GO:0031410","cytoplasmic vesicle","5/327","297/7088",0.0168350168350168,0.364913147787766,-2.45891833947549,0.998384091069086,0.999998288035457,0.964042122389576,"CG31787/RabX2/apolpp/Rab9Fb/CG9067",5,"male","up"
"CC","GO:0097708","intracellular vesicle","5/327","297/7088",0.0168350168350168,0.364913147787766,-2.45891833947549,0.998384091069086,0.999998288035457,0.964042122389576,"CG31787/RabX2/apolpp/Rab9Fb/CG9067",5,"male","up"
"CC","GO:0098588","bounding membrane of organelle","3/327","229/7088",0.0131004366812227,0.283962982252314,-2.42226938161377,0.998700887464064,0.999998288035457,0.964042122389576,"Slc25A46b/t-Grip84/FucTB",3,"male","up"
"CC","GO:0005789","endoplasmic reticulum membrane","1/327","152/7088",0.00657894736842105,0.142604216964429,-2.34989371472031,0.999296044254571,0.999998288035457,0.964042122389576,"CG13829",1,"male","up"
"CC","GO:0005783","endoplasmic reticulum","6/327","357/7088",0.0168067226890756,0.364299848379719,-2.7104802837429,0.999351253020742,0.999998288035457,0.964042122389576,"CG31787/Sec20/CG18132/Rab9Fb/CG13829/CG17287",6,"male","up"
"CC","GO:0042175","nuclear outer membrane-endoplasmic reticulum membrane network","1/327","156/7088",0.00641025641025641,0.138947698580726,-2.39145481051868,0.999419725571148,0.999998288035457,0.964042122389576,"CG13829",1,"male","up"
"CC","GO:0098827","endoplasmic reticulum subcompartment","1/327","159/7088",0.00628930817610063,0.136326043890524,-2.42221522717811,0.999498042521418,0.999998288035457,0.964042122389576,"CG13829",1,"male","up"
"CC","GO:0005694","chromosome","7/327","406/7088",0.0172413793103448,0.373721396182643,-2.8580971087028,0.999616039413047,0.999998288035457,0.964042122389576,"timeout/tHMG1/HP6/lncRNA:Hsromega/neb/stil/Mis12",7,"male","up"
"CC","GO:0140535","intracellular protein-containing complex","7/327","416/7088",0.0168269230769231,0.364737708774406,-2.93677955375658,0.999730759300935,0.999998288035457,0.964042122389576,"Uch-L5R/CG31730/SkpD/Rpn13R/Prosbeta2R1/CG9067/Prosalpha4T1",7,"male","up"
"CC","GO:0005730","nucleolus","1/327","181/7088",0.00552486187845304,0.11975602750604,-2.63813638717041,0.999826995513531,0.999998288035457,0.964042122389576,"HP6",1,"male","up"
"CC","GO:0030054","cell junction","4/327","323/7088",0.0123839009287926,0.268431467227161,-2.95952492666951,0.999856697701824,0.999998288035457,0.964042122389576,"RabX2/Efhc1.1/Nmdar1/Rab9Fb",4,"male","up"
"CC","GO:1990904","ribonucleoprotein complex","5/327","416/7088",0.0120192307692308,0.260526934838861,-3.41853972495235,0.999983558983911,0.999998288035457,0.964042122389576,"CG5347/CG8204/snRNA:7SKa/CG12725/RpS28-like",5,"male","up"
"CC","GO:0031984","organelle subcompartment","1/327","231/7088",0.00432900432900433,0.0938348094311397,-3.07925684233115,0.999984828358641,0.999998288035457,0.964042122389576,"CG13829",1,"male","up"
"CC","GO:1990234","transferase complex","2/327","334/7088",0.00598802395209581,0.129795454961636,-3.58272667508403,0.999998288035457,0.999998288035457,0.964042122389576,"CG31730/SkpD",2,"male","up"
"MF","GO:0005214","structural constituent of chitin-based cuticle","14/329","98/7037",0.142857142857143,3.05557967867998,4.53798699692857,0.00016631435278635,0.0290583497405604,0.0290583497405604,"Cpr47Ec/dyl/Cpr47Eb/Pcp/TwdlD/TwdlM/m/Cpr72Ea/TwdlP/TwdlG/TwdlE/Cpr49Ah/TwdlO/CG13022",14,"male","up"
"MF","GO:0042302","structural constituent of cuticle","14/329","99/7037",0.141414141414141,3.0247152374812,4.49292054315815,0.000185676356169715,0.0290583497405604,0.0290583497405604,"Cpr47Ec/dyl/Cpr47Eb/Pcp/TwdlD/TwdlM/m/Cpr72Ea/TwdlP/TwdlG/TwdlE/Cpr49Ah/TwdlO/CG13022",14,"male","up"
"MF","GO:0008010","structural constituent of chitin-based larval cuticle","12/329","86/7037",0.13953488372093,2.98451968615254,4.10058038727598,0.000601615965191229,0.0627685990349516,0.0627685990349516,"Cpr47Ec/Cpr47Eb/Pcp/TwdlD/TwdlM/Cpr72Ea/TwdlP/TwdlG/TwdlE/Cpr49Ah/TwdlO/CG13022",12,"male","up"
"MF","GO:0045505","dynein intermediate chain binding","5/329","24/7037",0.208333333333333,4.45605369807497,3.75576595161872,0.00441518576840409,0.34548828637762,0.34548828637762,"CG10834/kl-5/CG31275/CG10822/robl37BC",5,"male","up"
"MF","GO:0008139","nuclear localization sequence binding","3/329","12/7037",0.25,5.34726443768997,3.33770427223066,0.0162590874180316,0.848182393640647,0.848182393640647,"CG8219/alphaKap4/Apl",3,"male","up"
"MF","GO:0140142","nucleocytoplasmic carrier activity","3/329","12/7037",0.25,5.34726443768997,3.33770427223066,0.0162590874180316,0.848182393640647,0.848182393640647,"CG8219/alphaKap4/Apl",3,"male","up"
"MF","GO:0019888","protein phosphatase regulator activity","4/329","25/7037",0.16,3.42224924012158,2.68678067772717,0.0272707935819562,0.999999999569656,0.999999999569656,"PPYR1/sra/CG8509/I-t",4,"male","up"
"MF","GO:0019208","phosphatase regulator activity","4/329","28/7037",0.142857142857143,3.05557967867998,2.41351297938448,0.0395866214040504,0.999999999569656,0.999999999569656,"PPYR1/sra/CG8509/I-t",4,"male","up"
"MF","GO:0106435","carboxylesterase activity","3/329","17/7037",0.176470588235294,3.77453960307527,2.53636160463927,0.0423073072527019,0.999999999569656,0.999999999569656,"CG4757/alpha-Est6/alpha-Est2",3,"male","up"
"MF","GO:0005048","signal sequence binding","3/329","20/7037",0.15,3.20835866261398,2.19014670242175,0.0640363770897189,0.999999999569656,0.999999999569656,"CG8219/alphaKap4/Apl",3,"male","up"
"MF","GO:0061135","endopeptidase regulator activity","5/329","47/7037",0.106382978723404,2.27543167561275,1.94281691993511,0.0668853839969651,0.999999999569656,0.999999999569656,"CG34454/CG31609/Spn43Aa/Rpn13R/CG13748",5,"male","up"
"MF","GO:0033218","amide binding","6/329","63/7037",0.0952380952380952,2.03705311911999,1.8310265542681,0.0728290637803237,0.999999999569656,0.999999999569656,"ImpL2/CG8219/FASN3/alphaKap4/Psa/Apl",6,"male","up"
"MF","GO:0008017","microtubule binding","7/329","79/7037",0.0886075949367089,1.8952329652572,1.7720327199858,0.0752444025707628,0.999999999569656,0.999999999569656,"CG12395/Jupiter/CG2955/t-Grip84/CG33287/neb/apolpp",7,"male","up"
"MF","GO:0004867","serine-type endopeptidase inhibitor activity","4/329","36/7037",0.111111111111111,2.37656197230665,1.83371280155797,0.0854554463038895,0.999999999569656,0.999999999569656,"CG34454/CG31609/Spn43Aa/CG13748",4,"male","up"
"MF","GO:0042277","peptide binding","5/329","52/7037",0.0961538461538462,2.0566401683423,1.69359639445575,0.0942025697417668,0.999999999569656,0.999999999569656,"ImpL2/CG8219/alphaKap4/Psa/Apl",5,"male","up"
"MF","GO:0015631","tubulin binding","8/329","102/7037",0.0784313725490196,1.67757315692234,1.52650201888024,0.103732372180847,0.999999999569656,0.999999999569656,"CG12395/Jupiter/CG2955/t-Grip84/CG33287/neb/apolpp/TTLL1A",8,"male","up"
"MF","GO:0051920","peroxiredoxin activity","2/329","12/7037",0.166666666666667,3.56484295845998,1.96921246056096,0.105600799466892,0.999999999569656,0.999999999569656,"CG12896/Prx1",2,"male","up"
"MF","GO:0097602","cullin family protein binding","2/329","12/7037",0.166666666666667,3.56484295845998,1.96921246056096,0.105600799466892,0.999999999569656,0.999999999569656,"CG4661/SkpD",2,"male","up"
"MF","GO:0140662","ATP-dependent protein folding chaperone","3/329","25/7037",0.12,2.56668693009119,1.73778325619597,0.109167877744223,0.999999999569656,0.999999999569656,"Hsp70Bb/Hsp70Bbb/Hsp70Bc",3,"male","up"
"MF","GO:0045504","dynein heavy chain binding","2/329","13/7037",0.153846153846154,3.29062426934767,1.83061754283798,0.121088623143457,0.999999999569656,0.999999999569656,"Sdic4/CG10859",2,"male","up"
"MF","GO:0061134","peptidase regulator activity","5/329","60/7037",0.0833333333333333,1.78242147922999,1.34786490462443,0.147757015010182,0.999999999569656,0.999999999569656,"CG34454/CG31609/Spn43Aa/Rpn13R/CG13748",5,"male","up"
"MF","GO:0004866","endopeptidase inhibitor activity","4/329","44/7037",0.0909090909090909,1.94445979552363,1.39168961602949,0.148477226789608,0.999999999569656,0.999999999569656,"CG34454/CG31609/Spn43Aa/CG13748",4,"male","up"
"MF","GO:0140104","molecular carrier activity","3/329","29/7037",0.103448275862069,2.21266114663033,1.44912467967448,0.151834671940261,0.999999999569656,0.999999999569656,"CG8219/alphaKap4/Apl",3,"male","up"
"MF","GO:0016831","carboxy-lyase activity","2/329","15/7037",0.133333333333333,2.85187436676798,1.58997785177108,0.153511753178899,0.999999999569656,0.999999999569656,"Pepck2/Odc2",2,"male","up"
"MF","GO:0019200","carbohydrate kinase activity","2/329","15/7037",0.133333333333333,2.85187436676798,1.58997785177108,0.153511753178899,0.999999999569656,0.999999999569656,"CG17010/Hex-t1",2,"male","up"
"MF","GO:0046933","proton-transporting ATP synthase activity, rotational mechanism","2/329","15/7037",0.133333333333333,2.85187436676798,1.58997785177108,0.153511753178899,0.999999999569656,0.999999999569656,"ATPsynCF6L/ATPsynG",2,"male","up"
"MF","GO:0015252","proton channel activity","2/329","16/7037",0.125,2.67363221884498,1.48417417339677,0.17029124244085,0.999999999569656,0.999999999569656,"ATPsynCF6L/ATPsynG",2,"male","up"
"MF","GO:0030414","peptidase inhibitor activity","4/329","47/7037",0.0851063829787234,1.8203453404902,1.2496010865722,0.175704915440585,0.999999999569656,0.999999999569656,"CG34454/CG31609/Spn43Aa/CG13748",4,"male","up"
"MF","GO:0004722","protein serine/threonine phosphatase activity","3/329","32/7037",0.09375,2.00522416413374,1.26211281555511,0.186730819701785,0.999999999569656,0.999999999569656,"Pp1-Y1/CG15035/Pp1-Y2",3,"male","up"
"MF","GO:0031072","heat shock protein binding","3/329","32/7037",0.09375,2.00522416413374,1.26211281555511,0.186730819701785,0.999999999569656,0.999999999569656,"Hsp70Bb/Hsp70Bbb/Hsp70Bc",3,"male","up"
"MF","GO:0044183","protein folding chaperone","3/329","32/7037",0.09375,2.00522416413374,1.26211281555511,0.186730819701785,0.999999999569656,0.999999999569656,"Hsp70Bb/Hsp70Bbb/Hsp70Bc",3,"male","up"
"MF","GO:0004601","peroxidase activity","3/329","33/7037",0.0909090909090909,1.94445979552363,1.20429175743498,0.198795987866016,0.999999999569656,0.999999999569656,"CG12896/GstD2/Prx1",3,"male","up"
"MF","GO:0016684","oxidoreductase activity, acting on peroxide as acceptor","3/329","33/7037",0.0909090909090909,1.94445979552363,1.20429175743498,0.198795987866016,0.999999999569656,0.999999999569656,"CG12896/GstD2/Prx1",3,"male","up"
"MF","GO:0019205","nucleobase-containing compound kinase activity","2/329","18/7037",0.111111111111111,2.37656197230665,1.29496710549116,0.204642258264658,0.999999999569656,0.999999999569656,"Adk3/l(2)k01209",2,"male","up"
"MF","GO:0005198","structural molecule activity","18/329","312/7037",0.0576923076923077,1.23398410100538,0.936228459294354,0.207966055195922,0.999999999569656,0.999999999569656,"Cpr47Ec/dyl/Jupiter/Cpr47Eb/Pcp/TwdlD/TwdlM/m/Cpr72Ea/TwdlP/TwdlG/TwdlE/Cpr49Ah/Cp15/TwdlO/CG12725/CG13022/RpS28-like",18,"male","up"
"MF","GO:0015276","ligand-gated monoatomic ion channel activity","5/329","68/7037",0.0735294117647059,1.5727248346147,1.05094400461314,0.211373164804447,0.999999999569656,0.999999999569656,"ppk6/Nmdar1/Ir41a/Ir40a/Ir85a",5,"male","up"
"MF","GO:0022834","ligand-gated channel activity","5/329","70/7037",0.0714285714285714,1.52778983933999,0.982769064517908,0.2285029324396,0.999999999569656,0.999999999569656,"ppk6/Nmdar1/Ir41a/Ir40a/Ir85a",5,"male","up"
"MF","GO:0004843","cysteine-type deubiquitinase activity","2/329","20/7037",0.1,2.13890577507599,1.12951341187452,0.239654723326777,0.999999999569656,0.999999999569656,"Uch-L5R/CG12231",2,"male","up"
"MF","GO:0016830","carbon-carbon lyase activity","2/329","20/7037",0.1,2.13890577507599,1.12951341187452,0.239654723326777,0.999999999569656,0.999999999569656,"Pepck2/Odc2",2,"male","up"
"MF","GO:0140318","protein transporter activity","2/329","20/7037",0.1,2.13890577507599,1.12951341187452,0.239654723326777,0.999999999569656,0.999999999569656,"Tim13/Tim17a2",2,"male","up"
"MF","GO:0004857","enzyme inhibitor activity","5/329","72/7037",0.0694444444444444,1.48535123269166,0.916697743296069,0.246021555590677,0.999999999569656,0.999999999569656,"CG34454/CG31609/Spn43Aa/I-t/CG13748",5,"male","up"
"MF","GO:0016620","oxidoreductase activity, acting on the aldehyde or oxo group of donors, NAD or NADP as acceptor","2/329","21/7037",0.0952380952380952,2.03705311911999,1.05397472573072,0.257279390283354,0.999999999569656,0.999999999569656,"CG2336/CG14893",2,"male","up"
"MF","GO:0008235","metalloexopeptidase activity","3/329","39/7037",0.0769230769230769,1.64531213467384,0.89491029384197,0.274266182437777,0.999999999569656,0.999999999569656,"CG8560/Psa/CG30043",3,"male","up"
"MF","GO:0003755","peptidyl-prolyl cis-trans isomerase activity","2/329","22/7037",0.0909090909090909,1.94445979552363,0.98252885900456,0.274922772144269,0.999999999569656,0.999999999569656,"CG32845/CG8509",2,"male","up"
"MF","GO:0003777","microtubule motor activity","2/329","22/7037",0.0909090909090909,1.94445979552363,0.98252885900456,0.274922772144269,0.999999999569656,0.999999999569656,"kl-5/neb",2,"male","up"
"MF","GO:0004520","DNA endonuclease activity","2/329","22/7037",0.0909090909090909,1.94445979552363,0.98252885900456,0.274922772144269,0.999999999569656,0.999999999569656,"CG12917/CG42391",2,"male","up"
"MF","GO:0016417","S-acyltransferase activity","2/329","22/7037",0.0909090909090909,1.94445979552363,0.98252885900456,0.274922772144269,0.999999999569656,0.999999999569656,"FASN3/CG17287",2,"male","up"
"MF","GO:0015036","disulfide oxidoreductase activity","2/329","23/7037",0.0869565217391304,1.85991806528347,0.914750061597124,0.29254471582609,0.999999999569656,0.999999999569656,"Grx1t/CG13473",2,"male","up"
"MF","GO:0140678","molecular function inhibitor activity","5/329","78/7037",0.0641025641025641,1.37109344556153,0.729829651997678,0.300392941620885,0.999999999569656,0.999999999569656,"CG34454/CG31609/Spn43Aa/I-t/CG13748",5,"male","up"
"MF","GO:0016859","cis-trans isomerase activity","2/329","24/7037",0.0833333333333333,1.78242147922999,0.850273811759333,0.310108760206213,0.999999999569656,0.999999999569656,"CG32845/CG8509",2,"male","up"
"MF","GO:0051287","NAD binding","2/329","24/7037",0.0833333333333333,1.78242147922999,0.850273811759333,0.310108760206213,0.999999999569656,0.999999999569656,"Gpdh2/CG7848",2,"male","up"
"MF","GO:0016209","antioxidant activity","3/329","43/7037",0.0697674418604651,1.49225984307627,0.7170181680685,0.326116280582703,0.999999999569656,0.999999999569656,"CG12896/GstD2/Prx1",3,"male","up"
"MF","GO:0022836","gated channel activity","6/329","102/7037",0.0588235294117647,1.25817986769176,0.581652453671315,0.342164970199501,0.999999999569656,0.999999999569656,"Pzl/ppk6/Nmdar1/Ir41a/Ir40a/Ir85a",6,"male","up"
"MF","GO:0101005","deubiquitinase activity","2/329","26/7037",0.0769230769230769,1.64531213467384,0.730013446410745,0.344934247884283,0.999999999569656,0.999999999569656,"Uch-L5R/CG12231",2,"male","up"
"MF","GO:0005216","monoatomic ion channel activity","8/329","143/7037",0.0559440559440559,1.19659064339915,0.525968288523682,0.35283648906961,0.999999999569656,0.999999999569656,"Pzl/ppk6/ATPsynCF6L/Nmdar1/ATPsynG/Ir41a/Ir40a/Ir85a",8,"male","up"
"MF","GO:0015297","antiporter activity","2/329","27/7037",0.0740740740740741,1.58437464820444,0.673718661681603,0.36213900513638,0.999999999569656,0.999999999569656,"CG16736/CG14743",2,"male","up"
"MF","GO:0004519","endonuclease activity","3/329","46/7037",0.0652173913043478,1.3949385489626,0.595118057827415,0.365048911543372,0.999999999569656,0.999999999569656,"CG12917/CG11269/CG42391",3,"male","up"
"MF","GO:0052689","carboxylic ester hydrolase activity","4/329","66/7037",0.0606060606060606,1.29630653034908,0.535586950416104,0.372422189354029,0.999999999569656,0.999999999569656,"CG4757/CG11029/alpha-Est6/alpha-Est2",4,"male","up"
"MF","GO:0009055","electron transfer activity","2/329","28/7037",0.0714285714285714,1.52778983933999,0.619692654508205,0.379172054644365,0.999999999569656,0.999999999569656,"ND-24L/SdhCL",2,"male","up"
"MF","GO:0016903","oxidoreductase activity, acting on the aldehyde or oxo group of donors","2/329","28/7037",0.0714285714285714,1.52778983933999,0.619692654508205,0.379172054644365,0.999999999569656,0.999999999569656,"CG2336/CG14893",2,"male","up"
"MF","GO:0038024","cargo receptor activity","2/329","28/7037",0.0714285714285714,1.52778983933999,0.619692654508205,0.379172054644365,0.999999999569656,0.999999999569656,"CG31787/santa-maria",2,"male","up"
"MF","GO:0005283","amino acid:sodium symporter activity","1/329","10/7037",0.1,2.13890577507599,0.798118092234384,0.380674884439207,0.999999999569656,0.999999999569656,"CG13794",1,"male","up"
"MF","GO:0005343","organic acid:sodium symporter activity","1/329","10/7037",0.1,2.13890577507599,0.798118092234384,0.380674884439207,0.999999999569656,0.999999999569656,"CG13794",1,"male","up"
"MF","GO:0008569","minus-end-directed microtubule motor activity","1/329","10/7037",0.1,2.13890577507599,0.798118092234384,0.380674884439207,0.999999999569656,0.999999999569656,"kl-5",1,"male","up"
"MF","GO:0019212","phosphatase inhibitor activity","1/329","10/7037",0.1,2.13890577507599,0.798118092234384,0.380674884439207,0.999999999569656,0.999999999569656,"I-t",1,"male","up"
"MF","GO:0043015","gamma-tubulin binding","1/329","10/7037",0.1,2.13890577507599,0.798118092234384,0.380674884439207,0.999999999569656,0.999999999569656,"t-Grip84",1,"male","up"
"MF","GO:0048531","beta-1,3-galactosyltransferase activity","1/329","10/7037",0.1,2.13890577507599,0.798118092234384,0.380674884439207,0.999999999569656,0.999999999569656,"C1GalTA",1,"male","up"
"MF","GO:0003774","cytoskeletal motor activity","2/329","29/7037",0.0689655172413793,1.47510743108689,0.567751268190528,0.396011860770595,0.999999999569656,0.999999999569656,"kl-5/neb",2,"male","up"
"MF","GO:0004536","DNA nuclease activity","2/329","29/7037",0.0689655172413793,1.47510743108689,0.567751268190528,0.396011860770595,0.999999999569656,0.999999999569656,"CG12917/CG42391",2,"male","up"
"MF","GO:0000014","single-stranded DNA endodeoxyribonuclease activity","1/329","11/7037",0.0909090909090909,1.94445979552363,0.694208748705355,0.409671321470586,0.999999999569656,0.999999999569656,"CG12917",1,"male","up"
"MF","GO:0015556","C4-dicarboxylate transmembrane transporter activity","1/329","11/7037",0.0909090909090909,1.94445979552363,0.694208748705355,0.409671321470586,0.999999999569656,0.999999999569656,"CG16736",1,"male","up"
"MF","GO:0016776","phosphotransferase activity, phosphate group as acceptor","1/329","11/7037",0.0909090909090909,1.94445979552363,0.694208748705355,0.409671321470586,0.999999999569656,0.999999999569656,"Pmvk",1,"male","up"
"MF","GO:0042562","hormone binding","1/329","11/7037",0.0909090909090909,1.94445979552363,0.694208748705355,0.409671321470586,0.999999999569656,0.999999999569656,"ImpL2",1,"male","up"
"MF","GO:0098631","cell adhesion mediator activity","1/329","11/7037",0.0909090909090909,1.94445979552363,0.694208748705355,0.409671321470586,0.999999999569656,0.999999999569656,"ImpL2",1,"male","up"
"MF","GO:0019783","ubiquitin-like protein peptidase activity","2/329","30/7037",0.0666666666666667,1.42593718338399,0.517731346715504,0.41263926413181,0.999999999569656,0.999999999569656,"Uch-L5R/CG12231",2,"male","up"
"MF","GO:0016667","oxidoreductase activity, acting on a sulfur group of donors","2/329","31/7037",0.0645161290322581,1.37993920972644,0.469487715258683,0.429037307633074,0.999999999569656,0.999999999569656,"Grx1t/CG13473",2,"male","up"
"MF","GO:0004181","metallocarboxypeptidase activity","1/329","12/7037",0.0833333333333333,1.78242147922999,0.60072064889125,0.437314096198194,0.999999999569656,0.999999999569656,"CG8560",1,"male","up"
"MF","GO:0005416","amino acid:monoatomic cation symporter activity","1/329","12/7037",0.0833333333333333,1.78242147922999,0.60072064889125,0.437314096198194,0.999999999569656,0.999999999569656,"CG13794",1,"male","up"
"MF","GO:0009975","cyclase activity","1/329","12/7037",0.0833333333333333,1.78242147922999,0.60072064889125,0.437314096198194,0.999999999569656,0.999999999569656,"CG32305",1,"male","up"
"MF","GO:0051959","dynein light intermediate chain binding","1/329","12/7037",0.0833333333333333,1.78242147922999,0.60072064889125,0.437314096198194,0.999999999569656,0.999999999569656,"kl-5",1,"male","up"
"MF","GO:0019842","vitamin binding","3/329","52/7037",0.0576923076923077,1.23398410100538,0.375032713780293,0.441457785537271,0.999999999569656,0.999999999569656,"FASN3/Hph/apolpp",3,"male","up"
"MF","GO:0031406","carboxylic acid binding","2/329","32/7037",0.0625,1.33681610942249,0.422890677875691,0.44519107349516,0.999999999569656,0.999999999569656,"Hph/apolpp",2,"male","up"
"MF","GO:0043177","organic acid binding","2/329","32/7037",0.0625,1.33681610942249,0.422890677875691,0.44519107349516,0.999999999569656,0.999999999569656,"Hph/apolpp",2,"male","up"
"MF","GO:0008238","exopeptidase activity","3/329","53/7037",0.0566037735849057,1.21070138211848,0.340971076928902,0.453875010559251,0.999999999569656,0.999999999569656,"CG8560/Psa/CG30043",3,"male","up"
"MF","GO:0016853","isomerase activity","4/329","74/7037",0.0540540540540541,1.15616528382486,0.299065622941881,0.457512981008585,0.999999999569656,0.999999999569656,"CG32845/CG8509/CG7059/CG18132",4,"male","up"
"MF","GO:0005044","scavenger receptor activity","1/329","13/7037",0.0769230769230769,1.64531213467384,0.515719548661104,0.463666218952756,0.999999999569656,0.999999999569656,"santa-maria",1,"male","up"
"MF","GO:0005126","cytokine receptor binding","1/329","13/7037",0.0769230769230769,1.64531213467384,0.515719548661104,0.463666218952756,0.999999999569656,0.999999999569656,"CG13373",1,"male","up"
"MF","GO:0005310","dicarboxylic acid transmembrane transporter activity","1/329","13/7037",0.0769230769230769,1.64531213467384,0.515719548661104,0.463666218952756,0.999999999569656,0.999999999569656,"CG16736",1,"male","up"
"MF","GO:0015116","sulfate transmembrane transporter activity","1/329","13/7037",0.0769230769230769,1.64531213467384,0.515719548661104,0.463666218952756,0.999999999569656,0.999999999569656,"CG16736",1,"male","up"
"MF","GO:0015145","monosaccharide transmembrane transporter activity","1/329","13/7037",0.0769230769230769,1.64531213467384,0.515719548661104,0.463666218952756,0.999999999569656,0.999999999569656,"MFS3",1,"male","up"
"MF","GO:0015149","hexose transmembrane transporter activity","1/329","13/7037",0.0769230769230769,1.64531213467384,0.515719548661104,0.463666218952756,0.999999999569656,0.999999999569656,"MFS3",1,"male","up"
"MF","GO:0016504","peptidase activator activity","1/329","13/7037",0.0769230769230769,1.64531213467384,0.515719548661104,0.463666218952756,0.999999999569656,0.999999999569656,"Rpn13R",1,"male","up"
"MF","GO:0016849","phosphorus-oxygen lyase activity","1/329","13/7037",0.0769230769230769,1.64531213467384,0.515719548661104,0.463666218952756,0.999999999569656,0.999999999569656,"CG32305",1,"male","up"
"MF","GO:0016866","intramolecular transferase activity","1/329","13/7037",0.0769230769230769,1.64531213467384,0.515719548661104,0.463666218952756,0.999999999569656,0.999999999569656,"CG7059",1,"male","up"
"MF","GO:0016881","acid-amino acid ligase activity","1/329","13/7037",0.0769230769230769,1.64531213467384,0.515719548661104,0.463666218952756,0.999999999569656,0.999999999569656,"TTLL1A",1,"male","up"
"MF","GO:0072341","modified amino acid binding","1/329","13/7037",0.0769230769230769,1.64531213467384,0.515719548661104,0.463666218952756,0.999999999569656,0.999999999569656,"FASN3",1,"male","up"
"MF","GO:0140828","metal cation:monoatomic cation antiporter activity","1/329","13/7037",0.0769230769230769,1.64531213467384,0.515719548661104,0.463666218952756,0.999999999569656,0.999999999569656,"CG14743",1,"male","up"
"MF","GO:0015267","channel activity","8/329","160/7037",0.05,1.06945288753799,0.196795481668651,0.474925898239049,0.999999999569656,0.999999999569656,"Pzl/ppk6/ATPsynCF6L/Nmdar1/ATPsynG/Ir41a/Ir40a/Ir85a",8,"male","up"
"MF","GO:0022803","passive transmembrane transporter activity","8/329","160/7037",0.05,1.06945288753799,0.196795481668651,0.474925898239049,0.999999999569656,0.999999999569656,"Pzl/ppk6/ATPsynCF6L/Nmdar1/ATPsynG/Ir41a/Ir40a/Ir85a",8,"male","up"
"MF","GO:0016407","acetyltransferase activity","2/329","34/7037",0.0588235294117647,1.25817986769176,0.334182810120576,0.476715391774835,0.999999999569656,0.999999999569656,"CG31730/FASN3",2,"male","up"
"MF","GO:0003954","NADH dehydrogenase activity","1/329","14/7037",0.0714285714285714,1.52778983933999,0.437751906545328,0.488787775610578,0.999999999569656,0.999999999569656,"ND-24L",1,"male","up"
"MF","GO:0003955","NAD(P)H dehydrogenase (quinone) activity","1/329","14/7037",0.0714285714285714,1.52778983933999,0.437751906545328,0.488787775610578,0.999999999569656,0.999999999569656,"ND-24L",1,"male","up"
"MF","GO:0004602","glutathione peroxidase activity","1/329","14/7037",0.0714285714285714,1.52778983933999,0.437751906545328,0.488787775610578,0.999999999569656,0.999999999569656,"GstD2",1,"male","up"
"MF","GO:0008137","NADH dehydrogenase (ubiquinone) activity","1/329","14/7037",0.0714285714285714,1.52778983933999,0.437751906545328,0.488787775610578,0.999999999569656,0.999999999569656,"ND-24L",1,"male","up"
"MF","GO:0016655","oxidoreductase activity, acting on NAD(P)H, quinone or similar compound as acceptor","1/329","14/7037",0.0714285714285714,1.52778983933999,0.437751906545328,0.488787775610578,0.999999999569656,0.999999999569656,"ND-24L",1,"male","up"
"MF","GO:0034212","peptide N-acetyltransferase activity","1/329","14/7037",0.0714285714285714,1.52778983933999,0.437751906545328,0.488787775610578,0.999999999569656,0.999999999569656,"CG31730",1,"male","up"
"MF","GO:0050136","NADH dehydrogenase (quinone) activity","1/329","14/7037",0.0714285714285714,1.52778983933999,0.437751906545328,0.488787775610578,0.999999999569656,0.999999999569656,"ND-24L",1,"male","up"
"MF","GO:0016874","ligase activity","5/329","99/7037",0.0505050505050505,1.08025544195757,0.178089894912815,0.495706285907793,0.999999999569656,0.999999999569656,"CG17999/DNAlig3/ATPsynCF6L/ATPsynG/TTLL1A",5,"male","up"
"MF","GO:0004521","RNA endonuclease activity","2/329","36/7037",0.0555555555555556,1.18828098615333,0.250808362823495,0.507128102449774,0.999999999569656,0.999999999569656,"CG12917/CG11269",2,"male","up"
"MF","GO:0004180","carboxypeptidase activity","1/329","15/7037",0.0666666666666667,1.42593718338399,0.365700125224073,0.512736062927126,0.999999999569656,0.999999999569656,"CG8560",1,"male","up"
"MF","GO:0004970","glutamate-gated receptor activity","1/329","15/7037",0.0666666666666667,1.42593718338399,0.365700125224073,0.512736062927126,0.999999999569656,0.999999999569656,"Nmdar1",1,"male","up"
"MF","GO:0008083","growth factor activity","1/329","15/7037",0.0666666666666667,1.42593718338399,0.365700125224073,0.512736062927126,0.999999999569656,0.999999999569656,"spz4",1,"male","up"
"MF","GO:0008320","protein transmembrane transporter activity","1/329","15/7037",0.0666666666666667,1.42593718338399,0.365700125224073,0.512736062927126,0.999999999569656,0.999999999569656,"Tim17a2",1,"male","up"
"MF","GO:0015035","protein-disulfide reductase activity","1/329","15/7037",0.0666666666666667,1.42593718338399,0.365700125224073,0.512736062927126,0.999999999569656,0.999999999569656,"CG13473",1,"male","up"
"MF","GO:0022884","macromolecule transmembrane transporter activity","1/329","15/7037",0.0666666666666667,1.42593718338399,0.365700125224073,0.512736062927126,0.999999999569656,0.999999999569656,"Tim17a2",1,"male","up"
"MF","GO:0035064","methylated histone binding","1/329","15/7037",0.0666666666666667,1.42593718338399,0.365700125224073,0.512736062927126,0.999999999569656,0.999999999569656,"HP6",1,"male","up"
"MF","GO:0043178","alcohol binding","1/329","15/7037",0.0666666666666667,1.42593718338399,0.365700125224073,0.512736062927126,0.999999999569656,0.999999999569656,"apolpp",1,"male","up"
"MF","GO:0070006","metalloaminopeptidase activity","1/329","15/7037",0.0666666666666667,1.42593718338399,0.365700125224073,0.512736062927126,0.999999999569656,0.999999999569656,"Psa",1,"male","up"
"MF","GO:0140034","methylation-dependent protein binding","1/329","15/7037",0.0666666666666667,1.42593718338399,0.365700125224073,0.512736062927126,0.999999999569656,0.999999999569656,"HP6",1,"male","up"
"MF","GO:0140103","catalytic activity, acting on a glycoprotein","1/329","15/7037",0.0666666666666667,1.42593718338399,0.365700125224073,0.512736062927126,0.999999999569656,0.999999999569656,"C1GalTA",1,"male","up"
"MF","GO:0048029","monosaccharide binding","2/329","37/7037",0.0540540540540541,1.15616528382486,0.210911700997421,0.521897935780536,0.999999999569656,0.999999999569656,"Hex-t1/Hph",2,"male","up"
"MF","GO:0016829","lyase activity","4/329","81/7037",0.0493827160493827,1.05624976546962,0.112758106982969,0.52861986250807,0.999999999569656,0.999999999569656,"CG32305/Uros2/Pepck2/Odc2",4,"male","up"
"MF","GO:0004721","phosphoprotein phosphatase activity","3/329","61/7037",0.0491803278688525,1.05192087298819,0.0901919973979297,0.548469696690788,0.999999999569656,0.999999999569656,"Pp1-Y1/CG15035/Pp1-Y2",3,"male","up"
"MF","GO:0106389","ecdysteroid 22-kinase activity","2/329","39/7037",0.0512820512820513,1.09687475644922,0.134344625029658,0.550536629670872,0.999999999569656,0.999999999569656,"CG11893/CG31436",2,"male","up"
"MF","GO:0004177","aminopeptidase activity","1/329","17/7037",0.0588235294117647,1.25817986769176,0.236016635977517,0.557328839532062,0.999999999569656,0.999999999569656,"Psa",1,"male","up"
"MF","GO:0004620","phospholipase activity","1/329","17/7037",0.0588235294117647,1.25817986769176,0.236016635977517,0.557328839532062,0.999999999569656,0.999999999569656,"CG11029",1,"male","up"
"MF","GO:0005326","neurotransmitter transmembrane transporter activity","1/329","17/7037",0.0588235294117647,1.25817986769176,0.236016635977517,0.557328839532062,0.999999999569656,0.999999999569656,"CG13794",1,"male","up"
"MF","GO:0005484","SNAP receptor activity","1/329","17/7037",0.0588235294117647,1.25817986769176,0.236016635977517,0.557328839532062,0.999999999569656,0.999999999569656,"Sec20",1,"male","up"
"MF","GO:0019706","protein-cysteine S-palmitoyltransferase activity","1/329","17/7037",0.0588235294117647,1.25817986769176,0.236016635977517,0.557328839532062,0.999999999569656,0.999999999569656,"CG17287",1,"male","up"
"MF","GO:0019707","protein-cysteine S-acyltransferase activity","1/329","17/7037",0.0588235294117647,1.25817986769176,0.236016635977517,0.557328839532062,0.999999999569656,0.999999999569656,"CG17287",1,"male","up"
"MF","GO:0030145","manganese ion binding","1/329","17/7037",0.0588235294117647,1.25817986769176,0.236016635977517,0.557328839532062,0.999999999569656,0.999999999569656,"Pepck2",1,"male","up"
"MF","GO:0001671","ATPase activator activity","1/329","18/7037",0.0555555555555556,1.18828098615333,0.177120746150962,0.57807510901838,0.999999999569656,0.999999999569656,"CG32727",1,"male","up"
"MF","GO:0004467","long-chain fatty acid-CoA ligase activity","1/329","18/7037",0.0555555555555556,1.18828098615333,0.177120746150962,0.57807510901838,0.999999999569656,0.999999999569656,"CG17999",1,"male","up"
"MF","GO:0008378","galactosyltransferase activity","1/329","18/7037",0.0555555555555556,1.18828098615333,0.177120746150962,0.57807510901838,0.999999999569656,0.999999999569656,"C1GalTA",1,"male","up"
"MF","GO:0043175","RNA polymerase core enzyme binding","1/329","18/7037",0.0555555555555556,1.18828098615333,0.177120746150962,0.57807510901838,0.999999999569656,0.999999999569656,"Maf1",1,"male","up"
"MF","GO:0008527","taste receptor activity","1/329","19/7037",0.0526315789473684,1.12573988161894,0.121536717628593,0.597851899035897,0.999999999569656,0.999999999569656,"Gr47b",1,"male","up"
"MF","GO:0016409","palmitoyltransferase activity","1/329","19/7037",0.0526315789473684,1.12573988161894,0.121536717628593,0.597851899035897,0.999999999569656,0.999999999569656,"CG17287",1,"male","up"
"MF","GO:0031418","L-ascorbic acid binding","1/329","19/7037",0.0526315789473684,1.12573988161894,0.121536717628593,0.597851899035897,0.999999999569656,0.999999999569656,"Hph",1,"male","up"
"MF","GO:0031545","peptidyl-proline 4-dioxygenase activity","1/329","19/7037",0.0526315789473684,1.12573988161894,0.121536717628593,0.597851899035897,0.999999999569656,0.999999999569656,"Hph",1,"male","up"
"MF","GO:0070063","RNA polymerase binding","1/329","19/7037",0.0526315789473684,1.12573988161894,0.121536717628593,0.597851899035897,0.999999999569656,0.999999999569656,"Maf1",1,"male","up"
"MF","GO:0015081","sodium ion transmembrane transporter activity","3/329","66/7037",0.0454545454545455,0.972229897761813,-0.0501956684956344,0.602483474907958,0.999999999569656,0.999999999569656,"ppk6/CG14743/CG13794",3,"male","up"
"MF","GO:0008066","glutamate receptor activity","1/329","20/7037",0.05,1.06945288753799,0.0688801213272823,0.616704381967956,0.999999999569656,0.999999999569656,"Nmdar1",1,"male","up"
"MF","GO:0015280","ligand-gated sodium channel activity","1/329","20/7037",0.05,1.06945288753799,0.0688801213272823,0.616704381967956,0.999999999569656,0.999999999569656,"ppk6",1,"male","up"
"MF","GO:0031543","peptidyl-proline dioxygenase activity","1/329","20/7037",0.05,1.06945288753799,0.0688801213272823,0.616704381967956,0.999999999569656,0.999999999569656,"Hph",1,"male","up"
"MF","GO:1901682","sulfur compound transmembrane transporter activity","1/329","20/7037",0.05,1.06945288753799,0.0688801213272823,0.616704381967956,0.999999999569656,0.999999999569656,"CG16736",1,"male","up"
"MF","GO:0016887","ATP hydrolysis activity","7/329","159/7037",0.0440251572327044,0.941656630536598,-0.164787141714573,0.619740450144788,0.999999999569656,0.999999999569656,"Hsp70Bb/CG1801/Hsp70Bbb/Hsp70Bc/kl-5/neb/CG10793",7,"male","up"
"MF","GO:0005319","lipid transporter activity","2/329","45/7037",0.0444444444444444,0.950624788922661,-0.0735832303489388,0.629050482495624,0.999999999569656,0.999999999569656,"CG1801/apolpp",2,"male","up"
"MF","GO:0008061","chitin binding","3/329","69/7037",0.0434782608695652,0.929959032641734,-0.129475306389504,0.632783553793077,0.999999999569656,0.999999999569656,"CG14244/Cht8/CG12009",3,"male","up"
"MF","GO:0005200","structural constituent of cytoskeleton","1/329","21/7037",0.0476190476190476,1.01852655955999,0.0188288576264525,0.634675631552186,0.999999999569656,0.999999999569656,"Jupiter",1,"male","up"
"MF","GO:0008157","protein phosphatase 1 binding","1/329","21/7037",0.0476190476190476,1.01852655955999,0.0188288576264525,0.634675631552186,0.999999999569656,0.999999999569656,"neb",1,"male","up"
"MF","GO:0016651","oxidoreductase activity, acting on NAD(P)H","1/329","21/7037",0.0476190476190476,1.01852655955999,0.0188288576264525,0.634675631552186,0.999999999569656,0.999999999569656,"ND-24L",1,"male","up"
"MF","GO:0008234","cysteine-type peptidase activity","2/329","46/7037",0.0434782608695652,0.929959032641734,-0.105542101605665,0.641050553902544,0.999999999569656,0.999999999569656,"Uch-L5R/CG12231",2,"male","up"
"MF","GO:0015645","fatty acid ligase activity","1/329","22/7037",0.0454545454545455,0.972229897761813,-0.0288894529929661,0.65180672009542,0.999999999569656,0.999999999569656,"CG17999",1,"male","up"
"MF","GO:0016405","CoA-ligase activity","1/329","22/7037",0.0454545454545455,0.972229897761813,-0.0288894529929661,0.65180672009542,0.999999999569656,0.999999999569656,"CG17999",1,"male","up"
"MF","GO:0004518","nuclease activity","3/329","71/7037",0.0422535211267606,0.903763003553234,-0.180486131691409,0.652076771121314,0.999999999569656,0.999999999569656,"CG12917/CG11269/CG42391",3,"male","up"
"MF","GO:0016788","hydrolase activity, acting on ester bonds","13/329","302/7037",0.043046357615894,0.92072102900622,-0.311858089081691,0.662619868021108,0.999999999569656,0.999999999569656,"Pp1-Y1/CG12917/CG4757/CG11029/fal/CG15035/CG32487/alpha-Est6/CG11269/Pp1-Y2/CG42391/alpha-Est2/CG14212",13,"male","up"
"MF","GO:0004540","RNA nuclease activity","2/329","48/7037",0.0416666666666667,0.891210739614995,-0.16748019582734,0.664131787143384,0.999999999569656,0.999999999569656,"CG12917/CG11269",2,"male","up"
"MF","GO:0008080","N-acetyltransferase activity","1/329","23/7037",0.0434782608695652,0.929959032641734,-0.0745070743271055,0.668136811198572,0.999999999569656,0.999999999569656,"CG31730",1,"male","up"
"MF","GO:0016860","intramolecular oxidoreductase activity","1/329","23/7037",0.0434782608695652,0.929959032641734,-0.0745070743271055,0.668136811198572,0.999999999569656,0.999999999569656,"CG18132",1,"male","up"
"MF","GO:0016791","phosphatase activity","5/329","122/7037",0.040983606557377,0.876600727490159,-0.304481394424454,0.681527718583818,0.999999999569656,0.999999999569656,"Pp1-Y1/CG15035/CG32487/Pp1-Y2/CG14212",5,"male","up"
"MF","GO:0016627","oxidoreductase activity, acting on the CH-CH group of donors","1/329","24/7037",0.0416666666666667,0.891210739614995,-0.118223568193795,0.68370324819824,0.999999999569656,0.999999999569656,"SdhCL",1,"male","up"
"MF","GO:0016878","acid-thiol ligase activity","1/329","24/7037",0.0416666666666667,0.891210739614995,-0.118223568193795,0.68370324819824,0.999999999569656,0.999999999569656,"CG17999",1,"male","up"
"MF","GO:0016879","ligase activity, forming carbon-nitrogen bonds","1/329","24/7037",0.0416666666666667,0.891210739614995,-0.118223568193795,0.68370324819824,0.999999999569656,0.999999999569656,"TTLL1A",1,"male","up"
"MF","GO:0051119","sugar transmembrane transporter activity","1/329","24/7037",0.0416666666666667,0.891210739614995,-0.118223568193795,0.68370324819824,0.999999999569656,0.999999999569656,"MFS3",1,"male","up"
"MF","GO:0008237","metallopeptidase activity","3/329","76/7037",0.0394736842105263,0.844304911214206,-0.302210973716143,0.697104282953421,0.999999999569656,0.999999999569656,"CG8560/Psa/CG30043",3,"male","up"
"MF","GO:0015291","secondary active transmembrane transporter activity","3/329","76/7037",0.0394736842105263,0.844304911214206,-0.302210973716143,0.697104282953421,0.999999999569656,0.999999999569656,"CG16736/CG14743/CG13794",3,"male","up"
"MF","GO:0042578","phosphoric ester hydrolase activity","6/329","148/7037",0.0405405405405405,0.867123962868644,-0.36179600752709,0.697543602981108,0.999999999569656,0.999999999569656,"Pp1-Y1/fal/CG15035/CG32487/Pp1-Y2/CG14212",6,"male","up"
"MF","GO:0004984","olfactory receptor activity","1/329","25/7037",0.04,0.855562310030395,-0.160211586866429,0.69854163852232,0.999999999569656,0.999999999569656,"Or22b",1,"male","up"
"MF","GO:0005272","sodium channel activity","1/329","25/7037",0.04,0.855562310030395,-0.160211586866429,0.69854163852232,0.999999999569656,0.999999999569656,"ppk6",1,"male","up"
"MF","GO:0019903","protein phosphatase binding","1/329","25/7037",0.04,0.855562310030395,-0.160211586866429,0.69854163852232,0.999999999569656,0.999999999569656,"neb",1,"male","up"
"MF","GO:0022824","transmitter-gated monoatomic ion channel activity","1/329","25/7037",0.04,0.855562310030395,-0.160211586866429,0.69854163852232,0.999999999569656,0.999999999569656,"Nmdar1",1,"male","up"
"MF","GO:0022835","transmitter-gated channel activity","1/329","25/7037",0.04,0.855562310030395,-0.160211586866429,0.69854163852232,0.999999999569656,0.999999999569656,"Nmdar1",1,"male","up"
"MF","GO:0060590","ATPase regulator activity","1/329","25/7037",0.04,0.855562310030395,-0.160211586866429,0.69854163852232,0.999999999569656,0.999999999569656,"CG32727",1,"male","up"
"MF","GO:0005342","organic acid transmembrane transporter activity","3/329","77/7037",0.038961038961039,0.833339912367268,-0.325639205168451,0.70556160831511,0.999999999569656,0.999999999569656,"CG16736/Nmdar1/CG13794",3,"male","up"
"MF","GO:0046943","carboxylic acid transmembrane transporter activity","3/329","77/7037",0.038961038961039,0.833339912367268,-0.325639205168451,0.70556160831511,0.999999999569656,0.999999999569656,"CG16736/Nmdar1/CG13794",3,"male","up"
"MF","GO:0015075","monoatomic ion transmembrane transporter activity","10/329","244/7037",0.040983606557377,0.876600727490159,-0.434451241519695,0.712088895426168,0.999999999569656,0.999999999569656,"Pzl/ppk6/ATPsynCF6L/Nmdar1/CG14743/ATPsynG/Ir41a/Ir40a/Ir85a/CG13794",10,"male","up"
"MF","GO:0015144","carbohydrate transmembrane transporter activity","1/329","26/7037",0.0384615384615385,0.822656067336919,-0.200621448950199,0.712685934147842,0.999999999569656,0.999999999569656,"MFS3",1,"male","up"
"MF","GO:0015370","solute:sodium symporter activity","1/329","26/7037",0.0384615384615385,0.822656067336919,-0.200621448950199,0.712685934147842,0.999999999569656,0.999999999569656,"CG13794",1,"male","up"
"MF","GO:0015453","oxidoreduction-driven active transmembrane transporter activity","1/329","26/7037",0.0384615384615385,0.822656067336919,-0.200621448950199,0.712685934147842,0.999999999569656,0.999999999569656,"ND-24L",1,"male","up"
"MF","GO:0043130","ubiquitin binding","1/329","26/7037",0.0384615384615385,0.822656067336919,-0.200621448950199,0.712685934147842,0.999999999569656,0.999999999569656,"Rpn13R",1,"male","up"
"MF","GO:0015171","amino acid transmembrane transporter activity","2/329","53/7037",0.0377358490566038,0.807134254745656,-0.312108255773516,0.716615063470828,0.999999999569656,0.999999999569656,"Nmdar1/CG13794",2,"male","up"
"MF","GO:0005261","monoatomic cation channel activity","4/329","104/7037",0.0384615384615385,0.822656067336919,-0.403493684779372,0.723743884434163,0.999999999569656,0.999999999569656,"Pzl/ppk6/ATPsynCF6L/ATPsynG",4,"male","up"
"MF","GO:0001227","DNA-binding transcription repressor activity, RNA polymerase II-specific","1/329","27/7037",0.037037037037037,0.792187324102218,-0.239584790881187,0.72616850834059,0.999999999569656,0.999999999569656,"aop",1,"male","up"
"MF","GO:0004553","hydrolase activity, hydrolyzing O-glycosyl compounds","2/329","54/7037",0.037037037037037,0.792187324102218,-0.339478465850144,0.726247302722261,0.999999999569656,0.999999999569656,"Ect3/Cht8",2,"male","up"
"MF","GO:0015078","proton transmembrane transporter activity","2/329","54/7037",0.037037037037037,0.792187324102218,-0.339478465850144,0.726247302722261,0.999999999569656,0.999999999569656,"ATPsynCF6L/ATPsynG",2,"male","up"
"MF","GO:0016616","oxidoreductase activity, acting on the CH-OH group of donors, NAD or NADP as acceptor","3/329","82/7037",0.0365853658536585,0.782526503076581,-0.438661010076483,0.74515431574381,0.999999999569656,0.999999999569656,"Gpdh2/CG7848/CG9265",3,"male","up"
"MF","GO:0005230","extracellular ligand-gated monoatomic ion channel activity","1/329","29/7037",0.0344827586206897,0.737553715543444,-0.313622143293422,0.75127052770776,0.999999999569656,0.999999999569656,"Nmdar1",1,"male","up"
"MF","GO:0016410","N-acyltransferase activity","1/329","29/7037",0.0344827586206897,0.737553715543444,-0.313622143293422,0.75127052770776,0.999999999569656,0.999999999569656,"CG31730",1,"male","up"
"MF","GO:0030295","protein kinase activator activity","1/329","29/7037",0.0344827586206897,0.737553715543444,-0.313622143293422,0.75127052770776,0.999999999569656,0.999999999569656,"CG41520",1,"male","up"
"MF","GO:0015179","L-amino acid transmembrane transporter activity","1/329","30/7037",0.0333333333333333,0.712968591691996,-0.348889844254288,0.762947467831069,0.999999999569656,0.999999999569656,"CG13794",1,"male","up"
"MF","GO:0016706","2-oxoglutarate-dependent dioxygenase activity","1/329","30/7037",0.0333333333333333,0.712968591691996,-0.348889844254288,0.762947467831069,0.999999999569656,0.999999999569656,"Hph",1,"male","up"
"MF","GO:0016877","ligase activity, forming carbon-sulfur bonds","1/329","30/7037",0.0333333333333333,0.712968591691996,-0.348889844254288,0.762947467831069,0.999999999569656,0.999999999569656,"CG17999",1,"male","up"
"MF","GO:0019209","kinase activator activity","1/329","30/7037",0.0333333333333333,0.712968591691996,-0.348889844254288,0.762947467831069,0.999999999569656,0.999999999569656,"CG41520",1,"male","up"
"MF","GO:0019902","phosphatase binding","1/329","30/7037",0.0333333333333333,0.712968591691996,-0.348889844254288,0.762947467831069,0.999999999569656,0.999999999569656,"neb",1,"male","up"
"MF","GO:0032182","ubiquitin-like protein binding","1/329","30/7037",0.0333333333333333,0.712968591691996,-0.348889844254288,0.762947467831069,0.999999999569656,0.999999999569656,"Rpn13R",1,"male","up"
"MF","GO:0140030","modification-dependent protein binding","1/329","30/7037",0.0333333333333333,0.712968591691996,-0.348889844254288,0.762947467831069,0.999999999569656,0.999999999569656,"HP6",1,"male","up"
"MF","GO:0016747","acyltransferase activity, transferring groups other than amino-acyl groups","4/329","110/7037",0.0363636363636364,0.77778391820945,-0.520191883690563,0.763439114836775,0.999999999569656,0.999999999569656,"CG31730/FASN3/CG4576/CG17287",4,"male","up"
"MF","GO:0140097","catalytic activity, acting on DNA","3/329","86/7037",0.0348837209302326,0.746129921538135,-0.524567567618937,0.77368453217085,0.999999999569656,0.999999999569656,"CG12917/DNAlig3/CG42391",3,"male","up"
"MF","GO:0001217","DNA-binding transcription repressor activity","1/329","31/7037",0.032258064516129,0.689969604863222,-0.383101975651086,0.774077806504335,0.999999999569656,0.999999999569656,"aop",1,"male","up"
"MF","GO:0004364","glutathione transferase activity","1/329","31/7037",0.032258064516129,0.689969604863222,-0.383101975651086,0.774077806504335,0.999999999569656,0.999999999569656,"GstD2",1,"male","up"
"MF","GO:0016836","hydro-lyase activity","1/329","31/7037",0.032258064516129,0.689969604863222,-0.383101975651086,0.774077806504335,0.999999999569656,0.999999999569656,"Uros2",1,"male","up"
"MF","GO:0008233","peptidase activity","10/329","259/7037",0.0386100386100386,0.825832345589185,-0.632456907609584,0.778251547803858,0.999999999569656,0.999999999569656,"CG5909/CG30375/Uch-L5R/CG18735/CG8560/Prosbeta2R1/CG16710/Psa/CG12231/CG30043",10,"male","up"
"MF","GO:0016462","pyrophosphatase activity","11/329","283/7037",0.03886925795053,0.831376803033069,-0.641201228773294,0.779281601213318,0.999999999569656,0.999999999569656,"Hsp70Bb/CG17819/CG1801/Hsp70Bbb/Hsp70Bc/RabX2/kl-5/neb/CG10793/CG18371/Rab9Fb",11,"male","up"
"MF","GO:0004252","serine-type endopeptidase activity","4/329","114/7037",0.0350877192982456,0.750493254412627,-0.594773881335516,0.787351434819185,0.999999999569656,0.999999999569656,"CG5909/CG30375/CG18735/CG16710",4,"male","up"
"MF","GO:0005525","GTP binding","4/329","115/7037",0.0347826086956522,0.743967226113387,-0.613045941331448,0.793019860040856,0.999999999569656,0.999999999569656,"CG17819/RabX2/Rab9Fb/Pepck2",4,"male","up"
"MF","GO:0016817","hydrolase activity, acting on acid anhydrides","11/329","288/7037",0.0381944444444444,0.816943177980412,-0.702468388782307,0.797951214478858,0.999999999569656,0.999999999569656,"Hsp70Bb/CG17819/CG1801/Hsp70Bbb/Hsp70Bc/RabX2/kl-5/neb/CG10793/CG18371/Rab9Fb",11,"male","up"
"MF","GO:0016818","hydrolase activity, acting on acid anhydrides, in phosphorus-containing anhydrides","11/329","288/7037",0.0381944444444444,0.816943177980412,-0.702468388782307,0.797951214478858,0.999999999569656,0.999999999569656,"Hsp70Bb/CG17819/CG1801/Hsp70Bbb/Hsp70Bc/RabX2/kl-5/neb/CG10793/CG18371/Rab9Fb",11,"male","up"
"MF","GO:0016798","hydrolase activity, acting on glycosyl bonds","2/329","63/7037",0.0317460317460317,0.67901770637333,-0.566728060737178,0.801042149943194,0.999999999569656,0.999999999569656,"Ect3/Cht8",2,"male","up"
"MF","GO:0005244","voltage-gated monoatomic ion channel activity","1/329","34/7037",0.0294117647058824,0.629089933845879,-0.480098503874747,0.80443845473921,0.999999999569656,0.999999999569656,"Nmdar1",1,"male","up"
"MF","GO:0022832","voltage-gated channel activity","1/329","34/7037",0.0294117647058824,0.629089933845879,-0.480098503874747,0.80443845473921,0.999999999569656,0.999999999569656,"Nmdar1",1,"male","up"
"MF","GO:0017111","ribonucleoside triphosphate phosphatase activity","10/329","266/7037",0.037593984962406,0.804099915442101,-0.72129574835782,0.805155521521909,0.999999999569656,0.999999999569656,"Hsp70Bb/CG17819/CG1801/Hsp70Bbb/Hsp70Bc/RabX2/kl-5/neb/CG10793/Rab9Fb",10,"male","up"
"MF","GO:0032561","guanyl ribonucleotide binding","4/329","118/7037",0.0338983050847458,0.725052805110504,-0.667010958268137,0.809301793869085,0.999999999569656,0.999999999569656,"CG17819/RabX2/Rab9Fb/Pepck2",4,"male","up"
"MF","GO:0015294","solute:monoatomic cation symporter activity","1/329","35/7037",0.0285714285714286,0.611115935735997,-0.51074891568686,0.81362590988569,0.999999999569656,0.999999999569656,"CG13794",1,"male","up"
"MF","GO:0030594","neurotransmitter receptor activity","1/329","35/7037",0.0285714285714286,0.611115935735997,-0.51074891568686,0.81362590988569,0.999999999569656,0.999999999569656,"Nmdar1",1,"male","up"
"MF","GO:0140359","ABC-type transporter activity","1/329","35/7037",0.0285714285714286,0.611115935735997,-0.51074891568686,0.81362590988569,0.999999999569656,0.999999999569656,"CG1801",1,"male","up"
"MF","GO:0016491","oxidoreductase activity","16/329","414/7037",0.0386473429951691,0.826630251237097,-0.805212392608817,0.821622911042526,0.999999999569656,0.999999999569656,"CG12896/ND-24L/Grx1t/GstD2/SdhCL/Gpdh2/CG13473/FASN3/Prx1/CG7848/CG2336/Hph/CG9265/CG14893/dib/Cyp28a5",16,"male","up"
"MF","GO:0051213","dioxygenase activity","1/329","36/7037",0.0277777777777778,0.594140493076663,-0.540643856543741,0.822382990098145,0.999999999569656,0.999999999569656,"Hph",1,"male","up"
"MF","GO:0008092","cytoskeletal protein binding","8/329","223/7037",0.0358744394618834,0.767320457426363,-0.78194085648897,0.826446660930703,0.999999999569656,0.999999999569656,"CG12395/Jupiter/CG2955/t-Grip84/CG33287/neb/apolpp/TTLL1A",8,"male","up"
"MF","GO:0042803","protein homodimerization activity","2/329","67/7037",0.0298507462686567,0.638479335843578,-0.658443441031392,0.828055350918881,0.999999999569656,0.999999999569656,"Gpdh2/CG13202",2,"male","up"
"MF","GO:0019001","guanyl nucleotide binding","4/329","122/7037",0.0327868852459016,0.701280581992127,-0.737074887774924,0.829375153449435,0.999999999569656,0.999999999569656,"CG17819/RabX2/Rab9Fb/Pepck2",4,"male","up"
"MF","GO:0016835","carbon-oxygen lyase activity","1/329","37/7037",0.027027027027027,0.578082641912429,-0.569827720317073,0.830729797162522,0.999999999569656,0.999999999569656,"Uros2",1,"male","up"
"MF","GO:0030234","enzyme regulator activity","11/329","298/7037",0.0369127516778524,0.789528977377043,-0.82218027323622,0.8318065207609,0.999999999569656,0.999999999569656,"CG13898/CG34454/CG41520/PPYR1/CG31609/Spn43Aa/sra/CG8509/I-t/Rpn13R/CG13748",11,"male","up"
"MF","GO:0008514","organic anion transmembrane transporter activity","3/329","96/7037",0.03125,0.668408054711246,-0.724424123948011,0.833688265501228,0.999999999569656,0.999999999569656,"CG16736/Nmdar1/CG13794",3,"male","up"
"MF","GO:0016614","oxidoreductase activity, acting on CH-OH group of donors","3/329","96/7037",0.03125,0.668408054711246,-0.724424123948011,0.833688265501228,0.999999999569656,0.999999999569656,"Gpdh2/CG7848/CG9265",3,"male","up"
"MF","GO:0008236","serine-type peptidase activity","4/329","125/7037",0.032,0.684449848024316,-0.788289737847247,0.843255663630869,0.999999999569656,0.999999999569656,"CG5909/CG30375/CG18735/CG16710",4,"male","up"
"MF","GO:0031267","small GTPase binding","2/329","70/7037",0.0285714285714286,0.611115935735997,-0.724120093938493,0.846104555013285,0.999999999569656,0.999999999569656,"CG8219/Apl",2,"male","up"
"MF","GO:0099094","ligand-gated monoatomic cation channel activity","1/329","39/7037",0.0256410256410256,0.548437378224612,-0.626221043782654,0.846268361617595,0.999999999569656,0.999999999569656,"ppk6",1,"male","up"
"MF","GO:0015293","symporter activity","1/329","40/7037",0.025,0.534726443768997,-0.653501767092782,0.853495813607851,0.999999999569656,0.999999999569656,"CG13794",1,"male","up"
"MF","GO:0030546","signaling receptor activator activity","2/329","72/7037",0.0277777777777778,0.594140493076663,-0.766559285383005,0.857165110628092,0.999999999569656,0.999999999569656,"CG41520/spz4",2,"male","up"
"MF","GO:0051020","GTPase binding","2/329","72/7037",0.0277777777777778,0.594140493076663,-0.766559285383005,0.857165110628092,0.999999999569656,0.999999999569656,"CG8219/Apl",2,"male","up"
"MF","GO:0020037","heme binding","3/329","101/7037",0.0297029702970297,0.635318547052274,-0.817493218162035,0.85820765366707,0.999999999569656,0.999999999569656,"apolpp/dib/Cyp28a5",3,"male","up"
"MF","GO:0015103","inorganic anion transmembrane transporter activity","1/329","41/7037",0.024390243902439,0.521684335384387,-0.680214631468341,0.860384462646441,0.999999999569656,0.999999999569656,"CG16736",1,"male","up"
"MF","GO:0016779","nucleotidyltransferase activity","1/329","41/7037",0.024390243902439,0.521684335384387,-0.680214631468341,0.860384462646441,0.999999999569656,0.999999999569656,"Gld2",1,"male","up"
"MF","GO:0017171","serine hydrolase activity","5/329","156/7037",0.032051282051282,0.685546722780765,-0.879542810430707,0.861300477570747,0.999999999569656,0.999999999569656,"CG4757/CG5909/CG30375/CG18735/CG16710",5,"male","up"
"MF","GO:0046906","tetrapyrrole binding","3/329","102/7037",0.0294117647058824,0.629089933845879,-0.835621894142066,0.862714919083678,0.999999999569656,0.999999999569656,"apolpp/dib/Cyp28a5",3,"male","up"
"MF","GO:0016298","lipase activity","1/329","42/7037",0.0238095238095238,0.509263279779997,-0.706388595800385,0.866950144720386,0.999999999569656,0.999999999569656,"CG11029",1,"male","up"
"MF","GO:0015085","calcium ion transmembrane transporter activity","1/329","43/7037",0.0232558139534884,0.49741994769209,-0.732050427192279,0.873207957785003,0.999999999569656,0.999999999569656,"CG14743",1,"male","up"
"MF","GO:0030545","signaling receptor regulator activity","2/329","76/7037",0.0263157894736842,0.56286994080947,-0.848488554512573,0.87713927329813,0.999999999569656,0.999999999569656,"CG41520/spz4",2,"male","up"
"MF","GO:0005549","odorant binding","1/329","45/7037",0.0222222222222222,0.475312394461331,-0.781935066143032,0.884856882730953,0.999999999569656,0.999999999569656,"Or22b",1,"male","up"
"MF","GO:0003924","GTPase activity","3/329","108/7037",0.0277777777777778,0.594140493076663,-0.941275289965971,0.887205948143616,0.999999999569656,0.999999999569656,"CG17819/RabX2/Rab9Fb",3,"male","up"
"MF","GO:0050839","cell adhesion molecule binding","1/329","46/7037",0.0217391304347826,0.464979516320867,-0.806202261038745,0.890274801149362,0.999999999569656,0.999999999569656,"ImpL2",1,"male","up"
"MF","GO:0051082","unfolded protein binding","1/329","46/7037",0.0217391304347826,0.464979516320867,-0.806202261038745,0.890274801149362,0.999999999569656,0.999999999569656,"Hsp67Bc",1,"male","up"
"MF","GO:0030246","carbohydrate binding","2/329","79/7037",0.0253164556962025,0.54149513293063,-0.907568932614354,0.890397391982663,0.999999999569656,0.999999999569656,"Hex-t1/Hph",2,"male","up"
"MF","GO:0005509","calcium ion binding","4/329","139/7037",0.0287769784172662,0.615512453259277,-1.01389369044784,0.896081825783977,0.999999999569656,0.999999999569656,"CG13898/Cad88C/azot/CG14362",4,"male","up"
"MF","GO:0022890","inorganic cation transmembrane transporter activity","6/329","195/7037",0.0307692307692308,0.658124853869535,-1.07215515357172,0.900061249079921,0.999999999569656,0.999999999569656,"ppk6/ATPsynCF6L/Nmdar1/CG14743/ATPsynG/CG13794",6,"male","up"
"MF","GO:0016758","hexosyltransferase activity","2/329","82/7037",0.024390243902439,0.521684335384387,-0.964800012617511,0.902320019562886,0.999999999569656,0.999999999569656,"FucTB/C1GalTA",2,"male","up"
"MF","GO:0042802","identical protein binding","2/329","82/7037",0.024390243902439,0.521684335384387,-0.964800012617511,0.902320019562886,0.999999999569656,0.999999999569656,"Gpdh2/CG13202",2,"male","up"
"MF","GO:0022804","active transmembrane transporter activity","5/329","169/7037",0.029585798816568,0.632812359489937,-1.06999217327284,0.902873959610458,0.999999999569656,0.999999999569656,"ND-24L/CG1801/CG16736/CG14743/CG13794",5,"male","up"
"MF","GO:0016765","transferase activity, transferring alkyl or aryl (other than methyl) groups","1/329","49/7037",0.0204081632653061,0.436511382668569,-0.876538662600227,0.905050397833746,0.999999999569656,0.999999999569656,"GstD2",1,"male","up"
"MF","GO:0031625","ubiquitin protein ligase binding","1/329","49/7037",0.0204081632653061,0.436511382668569,-0.876538662600227,0.905050397833746,0.999999999569656,0.999999999569656,"CG12725",1,"male","up"
"MF","GO:0022853","active monoatomic ion transmembrane transporter activity","2/329","83/7037",0.0240963855421687,0.515398981946021,-0.983490937894106,0.906018200230184,0.999999999569656,0.999999999569656,"CG14743/CG13794",2,"male","up"
"MF","GO:0044389","ubiquitin-like protein ligase binding","1/329","50/7037",0.02,0.427781155015198,-0.899220345056487,0.909520692497841,0.999999999569656,0.999999999569656,"CG12725",1,"male","up"
"MF","GO:0004175","endopeptidase activity","5/329","172/7037",0.0290697674418605,0.621774934615113,-1.1121377862686,0.910772925004736,0.999999999569656,0.999999999569656,"CG5909/CG30375/CG18735/Prosbeta2R1/CG16710",5,"male","up"
"MF","GO:0004497","monooxygenase activity","2/329","85/7037",0.0235294117647059,0.503271947076703,-1.02032283462562,0.913025907641409,0.999999999569656,0.999999999569656,"dib/Cyp28a5",2,"male","up"
"MF","GO:0008324","monoatomic cation transmembrane transporter activity","6/329","203/7037",0.0295566502463054,0.632188899037238,-1.17760516476032,0.919224386450822,0.999999999569656,0.999999999569656,"Pzl/ppk6/ATPsynCF6L/CG14743/ATPsynG/CG13794",6,"male","up"
"MF","GO:0015318","inorganic molecular entity transmembrane transporter activity","7/329","230/7037",0.0304347826086957,0.650971322849214,-1.19182225656963,0.919286756610743,0.999999999569656,0.999999999569656,"ppk6/CG16736/ATPsynCF6L/Nmdar1/CG14743/ATPsynG/CG13794",7,"male","up"
"MF","GO:0005506","iron ion binding","3/329","118/7037",0.0254237288135593,0.543789603832878,-1.10674827448819,0.919469345452505,0.999999999569656,0.999999999569656,"Hph/dib/Cyp28a5",3,"male","up"
"MF","GO:0019887","protein kinase regulator activity","1/329","53/7037",0.0188679245283019,0.403567127372828,-0.965187588475933,0.921711279726968,0.999999999569656,0.999999999569656,"CG41520",1,"male","up"
"MF","GO:0008047","enzyme activator activity","3/329","120/7037",0.025,0.534726443768997,-1.13842504818992,0.924815466962826,0.999999999569656,0.999999999569656,"CG41520/CG8509/Rpn13R",3,"male","up"
"MF","GO:0016705","oxidoreductase activity, acting on paired donors, with incorporation or reduction of molecular oxygen","3/329","120/7037",0.025,0.534726443768997,-1.13842504818992,0.924815466962826,0.999999999569656,0.999999999569656,"Hph/dib/Cyp28a5",3,"male","up"
"MF","GO:0042393","histone binding","1/329","55/7037",0.0181818181818182,0.388891959104725,-1.00756658957306,0.928914049035694,0.999999999569656,0.999999999569656,"HP6",1,"male","up"
"MF","GO:0019904","protein domain specific binding","1/329","57/7037",0.0175438596491228,0.375246627206314,-1.04877581364961,0.935455972859666,0.999999999569656,0.999999999569656,"aop",1,"male","up"
"MF","GO:0015399","primary active transmembrane transporter activity","2/329","93/7037",0.021505376344086,0.459979736575481,-1.16094330657661,0.936445780870436,0.999999999569656,0.999999999569656,"ND-24L/CG1801",2,"male","up"
"MF","GO:0019207","kinase regulator activity","1/329","58/7037",0.0172413793103448,0.368776857771722,-1.06896786024854,0.938498234310836,0.999999999569656,0.999999999569656,"CG41520",1,"male","up"
"MF","GO:0003682","chromatin binding","3/329","131/7037",0.0229007633587786,0.489825750017402,-1.30528465637599,0.948834909955686,0.999999999569656,0.999999999569656,"HP6/neb/stil",3,"male","up"
"MF","GO:0098772","molecular function regulator activity","13/329","412/7037",0.0315533980582524,0.674897453300676,-1.50605341665037,0.954685608877138,0.999999999569656,0.999999999569656,"CG13898/CG34454/CG41520/PPYR1/CG31609/spz4/Spn43Aa/sra/CG8509/I-t/Rpn13R/CG32727/CG13748",13,"male","up"
"MF","GO:0140657","ATP-dependent activity","8/329","280/7037",0.0285714285714286,0.611115935735997,-1.4705728394046,0.95544389655709,0.999999999569656,0.999999999569656,"Hsp70Bb/CG17999/CG1801/Hsp70Bbb/Hsp70Bc/kl-5/neb/CG10793",8,"male","up"
"MF","GO:0042626","ATPase-coupled transmembrane transporter activity","1/329","67/7037",0.0149253731343284,0.319239667921789,-1.23987981881253,0.960186286937536,0.999999999569656,0.999999999569656,"CG1801",1,"male","up"
"MF","GO:0016301","kinase activity","7/329","259/7037",0.027027027027027,0.578082641912429,-1.53211311517956,0.962890358263966,0.999999999569656,0.999999999569656,"CG11893/CG31436/CG17010/Adk3/Hex-t1/Pmvk/l(2)k01209",7,"male","up"
"MF","GO:0048018","receptor ligand activity","1/329","69/7037",0.0144927536231884,0.309986344213911,-1.27553534546238,0.963856433965842,0.999999999569656,0.999999999569656,"spz4",1,"male","up"
"MF","GO:0046873","metal ion transmembrane transporter activity","3/329","141/7037",0.0212765957446809,0.455086335122551,-1.44744798568168,0.964282107223182,0.999999999569656,0.999999999569656,"ppk6/CG14743/CG13794",3,"male","up"
"MF","GO:0140677","molecular function activator activity","5/329","208/7037",0.0240384615384615,0.514160042085574,-1.57510923935461,0.969824302309862,0.999999999569656,0.999999999569656,"CG41520/spz4/CG8509/Rpn13R/CG32727",5,"male","up"
"MF","GO:0016757","glycosyltransferase activity","2/329","114/7037",0.0175438596491228,0.375246627206314,-1.48928634189504,0.972776299375505,0.999999999569656,0.999999999569656,"FucTB/C1GalTA",2,"male","up"
"MF","GO:0003735","structural constituent of ribosome","2/329","122/7037",0.0163934426229508,0.350640290996064,-1.60226187447587,0.980442003883683,0.999999999569656,0.999999999569656,"CG12725/RpS28-like",2,"male","up"
"MF","GO:0004888","transmembrane signaling receptor activity","3/329","169/7037",0.0177514792899408,0.379687415693962,-1.80760335306526,0.987461034262368,0.999999999569656,0.999999999569656,"Or22b/Nmdar1/Gr47b",3,"male","up"
"MF","GO:0016772","transferase activity, transferring phosphorus-containing groups","8/329","326/7037",0.0245398773006135,0.524884852779384,-1.94526330517652,0.987640937534323,0.999999999569656,0.999999999569656,"CG11893/CG31436/CG17010/Adk3/Hex-t1/Pmvk/l(2)k01209/Gld2",8,"male","up"
"MF","GO:0008134","transcription factor binding","1/329","98/7037",0.0102040816326531,0.218255691334284,-1.72581269626388,0.991136305829807,0.999999999569656,0.999999999569656,"CG43058",1,"male","up"
"MF","GO:0061630","ubiquitin protein ligase activity","1/329","98/7037",0.0102040816326531,0.218255691334284,-1.72581269626388,0.991136305829807,0.999999999569656,0.999999999569656,"CG5347",1,"male","up"
"MF","GO:0005102","signaling receptor binding","3/329","181/7037",0.0165745856353591,0.354514769349611,-1.94829416568297,0.992117109367489,0.999999999569656,0.999999999569656,"spz4/apolpp/CG13373",3,"male","up"
"MF","GO:0016746","acyltransferase activity","5/329","250/7037",0.02,0.427781155015198,-2.04012873809199,0.992498697818167,0.999999999569656,0.999999999569656,"CG31730/FASN3/CG5347/CG4576/CG17287",5,"male","up"
"MF","GO:0008289","lipid binding","2/329","149/7037",0.0134228187919463,0.287101446318925,-1.94777432148607,0.993751457221466,0.999999999569656,0.999999999569656,"mat/apolpp",2,"male","up"
"MF","GO:0061659","ubiquitin-like protein ligase activity","1/329","107/7037",0.00934579439252336,0.19989773598841,-1.84686481801639,0.994276737430408,0.999999999569656,0.999999999569656,"CG5347",1,"male","up"
"MF","GO:0030554","adenyl nucleotide binding","12/329","471/7037",0.0254777070063694,0.544944146516175,-2.26406586484061,0.994739788787917,0.999999999569656,0.999999999569656,"Hsp70Bb/CG1801/DNAlig3/Hsp70Bbb/Gpdh2/Hsp70Bc/kl-5/CG7848/Hex-t1/neb/CG10793/l(2)k01209",12,"male","up"
"MF","GO:0004842","ubiquitin-protein transferase activity","1/329","116/7037",0.00862068965517241,0.184388428885861,-1.96151794616656,0.99630665723445,0.999999999569656,0.999999999569656,"CG5347",1,"male","up"
"MF","GO:0005524","ATP binding","10/329","426/7037",0.0234741784037559,0.502090557529575,-2.34793419451283,0.996356199620492,0.999999999569656,0.999999999569656,"Hsp70Bb/CG1801/DNAlig3/Hsp70Bbb/Hsp70Bc/kl-5/Hex-t1/neb/CG10793/l(2)k01209",10,"male","up"
"MF","GO:0046983","protein dimerization activity","2/329","162/7037",0.0123456790123457,0.264062441367406,-2.09858450143518,0.996434067067382,0.999999999569656,0.999999999569656,"Gpdh2/CG13202",2,"male","up"
"MF","GO:0038023","signaling receptor activity","3/329","203/7037",0.0147783251231527,0.316094449518619,-2.18963132528363,0.996701051939246,0.999999999569656,0.999999999569656,"Or22b/Nmdar1/Gr47b",3,"male","up"
"MF","GO:0060089","molecular transducer activity","3/329","203/7037",0.0147783251231527,0.316094449518619,-2.18963132528363,0.996701051939246,0.999999999569656,0.999999999569656,"Or22b/Nmdar1/Gr47b",3,"male","up"
"MF","GO:0016773","phosphotransferase activity, alcohol group as acceptor","3/329","204/7037",0.0147058823529412,0.314544966922939,-2.20015197380006,0.996830911517416,0.999999999569656,0.999999999569656,"CG17010/Adk3/Hex-t1",3,"male","up"
"MF","GO:0032559","adenyl ribonucleotide binding","10/329","437/7037",0.022883295194508,0.489452122443018,-2.44044802736363,0.997381797699894,0.999999999569656,0.999999999569656,"Hsp70Bb/CG1801/DNAlig3/Hsp70Bbb/Hsp70Bc/kl-5/Hex-t1/neb/CG10793/l(2)k01209",10,"male","up"
"MF","GO:0140640","catalytic activity, acting on a nucleic acid","4/329","248/7037",0.0161290322580645,0.344984802431611,-2.32561944509134,0.997642331938623,0.999999999569656,0.999999999569656,"CG12917/DNAlig3/CG11269/CG42391",4,"male","up"
"MF","GO:0140098","catalytic activity, acting on RNA","2/329","177/7037",0.0112994350282486,0.241684268370168,-2.26276252994382,0.998147759123264,0.999999999569656,0.999999999569656,"CG12917/CG11269",2,"male","up"
"MF","GO:0019787","ubiquitin-like protein transferase activity","1/329","131/7037",0.00763358778625954,0.163275250005801,-2.14076656713803,0.998222475702681,0.999999999569656,0.999999999569656,"CG5347",1,"male","up"
"MF","GO:0003729","mRNA binding","2/329","178/7037",0.0112359550561798,0.240326491581572,-2.27337415789918,0.998227388989609,0.999999999569656,0.999999999569656,"CG11726/CG14506",2,"male","up"
"MF","GO:0016755","aminoacyltransferase activity","1/329","135/7037",0.00740740740740741,0.158437464820444,-2.186402611492,0.998537816980211,0.999999999569656,0.999999999569656,"CG5347",1,"male","up"
"MF","GO:0019899","enzyme binding","5/329","297/7037",0.0168350168350168,0.36008514731919,-2.49536916485121,0.998603962345003,0.999999999569656,0.999999999569656,"Maf1/CG8219/neb/CG12725/Apl",5,"male","up"
"MF","GO:0044877","protein-containing complex binding","4/329","307/7037",0.0130293159609121,0.278684791540845,-2.86187777596353,0.999769361572069,0.999999999569656,0.999999999569656,"HP6/Rpn13R/neb/stil",4,"male","up"
"MF","GO:0030674","protein-macromolecule adaptor activity","1/329","209/7037",0.00478468899521531,0.102339989238086,-2.91744449843808,0.999961381567445,0.999999999569656,0.999999999569656,"Sec20",1,"male","up"
"MF","GO:0046914","transition metal ion binding","7/329","476/7037",0.0147058823529412,0.314544966922939,-3.42974447010147,0.999976722822255,0.999999999569656,0.999999999569656,"CG5347/CG8560/Hph/dib/Psa/Cyp28a5/Pepck2",7,"male","up"
"MF","GO:0008270","zinc ion binding","3/329","325/7037",0.00923076923076923,0.19743745616086,-3.280642683076,0.999981229075908,0.999999999569656,0.999999999569656,"CG5347/CG8560/Psa",3,"male","up"
"MF","GO:0000978","RNA polymerase II cis-regulatory region sequence-specific DNA binding","1/329","225/7037",0.00444444444444444,0.0950624788922661,-3.05518049262919,0.999982491213443,0.999999999569656,0.999999999569656,"aop",1,"male","up"
"MF","GO:0000987","cis-regulatory region sequence-specific DNA binding","1/329","230/7037",0.00434782608695652,0.0929959032641734,-3.09713138219468,0.999986331193635,0.999999999569656,0.999999999569656,"aop",1,"male","up"
"MF","GO:0060090","molecular adaptor activity","1/329","231/7037",0.00432900432900433,0.0925933235963631,-3.10546275752434,0.999986991842569,0.999999999569656,0.999999999569656,"Sec20",1,"male","up"
"MF","GO:0000976","transcription cis-regulatory region binding","2/329","319/7037",0.00626959247648903,0.134100675553353,-3.50515380963095,0.999997186388348,0.999999999569656,0.999999999569656,"tHMG1/aop",2,"male","up"
"MF","GO:0001067","transcription regulatory region nucleic acid binding","2/329","320/7037",0.00625,0.133681610942249,-3.51260395136371,0.99999731587633,0.999999999569656,0.999999999569656,"tHMG1/aop",2,"male","up"
"MF","GO:0043565","sequence-specific DNA binding","3/329","378/7037",0.00793650793650794,0.169754426593332,-3.67461885079151,0.999998250099054,0.999999999569656,0.999999999569656,"tHMG1/CG7423/aop",3,"male","up"
"MF","GO:0000981","DNA-binding transcription factor activity, RNA polymerase II-specific","1/329","279/7037",0.003584229390681,0.0766632894292469,-3.48511768724218,0.999998804152468,0.999999999569656,0.999999999569656,"aop",1,"male","up"
"MF","GO:1990837","sequence-specific double-stranded DNA binding","2/329","338/7037",0.00591715976331361,0.126562471897987,-3.64459727833342,0.999998853683752,0.999999999569656,0.999999999569656,"tHMG1/aop",2,"male","up"
"MF","GO:0000977","RNA polymerase II transcription regulatory region sequence-specific DNA binding","1/329","282/7037",0.00354609929078014,0.0758477225204251,-3.5076782755521,0.999998970463714,0.999999999569656,0.999999999569656,"aop",1,"male","up"
"MF","GO:0003690","double-stranded DNA binding","2/329","355/7037",0.00563380281690141,0.120501733807098,-3.76582614181164,0.999999489103749,0.999999999569656,0.999999999569656,"tHMG1/aop",2,"male","up"
"MF","GO:0003723","RNA binding","4/329","466/7037",0.00858369098712446,0.183597062238282,-4.03874209487554,0.999999745172118,0.999999999569656,0.999999999569656,"PPYR1/CG5347/CG11726/CG14506",4,"male","up"
"MF","GO:0003700","DNA-binding transcription factor activity","1/329","323/7037",0.00309597523219814,0.0662199930364083,-3.80469196456936,0.999999867912577,0.999999999569656,0.999999999569656,"aop",1,"male","up"
"MF","GO:0140110","transcription regulator activity","1/329","436/7037",0.00229357798165138,0.0490574719054126,-4.54001184589747,0.999999999569656,0.999999999569656,0.999999999569656,"aop",1,"male","up"
