892	14 May 26	21:00:00	1	0	1	0	Ct	0	1	7	0	0	0	0	0	1	3	0	0	0	0	0	29	0	0	11	39	0	2	7	0	0	1	0	0	0	0	0	17	5	0
893	14 May 26	21:05:00	1	0	1	0	Ct	0	1	21	0	0	0	0	0	0	4	0	0	0	7	0	1	0	0	43	18	0	0	0	0	0	0	0	0	0	0	0	24	9	0
894	14 May 26	21:10:00	1	0	1	0	Ct	0	1	19	0	0	0	0	0	0	0	0	0	0	0	0	0	0	0	9	28	0	0	10	0	0	0	0	0	0	0	0	0	0	0
895	14 May 26	21:15:00	1	0	1	0	Ct	0	1	3	0	0	0	0	0	0	0	0	0	0	0	0	0	0	0	2	1	2	0	3	0	0	0	0	0	0	0	0	0	0	0
896	14 May 26	21:20:00	1	0	1	0	Ct	0	1	0	0	0	0	0	0	0	0	0	0	0	0	0	0	0	0	0	17	13	0	2	0	0	0	0	0	0	0	0	0	0	0
897	14 May 26	21:25:00	1	0	1	0	Ct	0	1	34	0	0	0	0	0	0	0	0	0	0	0	0	0	0	0	8	1	34	0	24	0	0	0	0	0	0	0	0	0	0	0
898	14 May 26	21:30:00	1	0	1	0	Ct	0	1	0	0	0	0	2	0	0	0	0	0	0	0	0	0	0	0	0	4	2	0	2	0	0	0	0	0	0	0	0	0	0	0
899	14 May 26	21:35:00	1	0	1	0	Ct	0	1	1	0	0	0	11	0	0	0	0	0	0	0	0	0	0	3	0	6	2	0	0	0	3	0	0	0	0	0	0	0	0	0
900	14 May 26	21:40:00	1	0	1	0	Ct	0	1	0	0	0	0	0	0	0	0	0	0	0	0	0	8	0	0	0	20	0	0	0	0	0	0	0	0	0	0	0	0	0	0
901	14 May 26	21:45:00	1	0	1	0	Ct	0	1	0	0	0	0	0	0	0	0	0	0	0	0	0	89	0	0	7	4	1	0	2	0	0	0	0	0	0	0	0	0	0	0
902	14 May 26	21:50:00	1	0	1	0	Ct	0	1	0	0	0	0	0	0	0	0	0	4	0	0	0	52	0	0	14	4	9	0	1	0	0	0	0	0	0	0	0	0	0	0
903	14 May 26	21:55:00	1	0	1	0	Ct	0	1	8	0	0	0	0	0	0	0	0	0	0	0	0	14	0	0	35	12	4	0	4	0	0	0	0	0	0	0	0	0	0	0
904	14 May 26	22:00:00	1	0	1	0	Ct	0	1	6	0	0	4	0	0	0	0	0	5	0	0	0	0	0	0	7	10	0	0	3	0	0	0	0	0	0	0	0	0	0	0
905	14 May 26	22:05:00	1	0	1	0	Ct	0	1	6	0	0	4	0	0	1	0	0	5	0	9	0	0	0	0	10	4	8	0	10	0	0	0	2	14	0	26	3	0	1	0
906	14 May 26	22:10:00	1	0	1	0	Ct	0	0	15	0	0	0	0	0	0	0	0	5	0	28	0	0	0	0	24	5	0	0	1	0	0	0	0	8	0	0	1	0	3	0
907	14 May 26	22:15:00	1	0	1	0	Ct	0	0	1	0	0	0	0	0	1	0	0	16	0	35	0	0	0	0	19	10	3	0	18	0	0	0	0	0	0	0	1	0	5	0
908	14 May 26	22:20:00	1	0	1	0	Ct	0	0	9	0	0	2	0	0	0	0	0	4	15	0	0	4	0	0	24	17	14	0	0	0	2	0	0	0	0	0	0	0	0	0
909	14 May 26	22:25:00	1	0	1	0	Ct	0	0	0	0	0	1	7	0	0	2	0	9	4	0	0	0	0	0	18	11	2	2	0	0	0	0	0	0	0	0	0	0	0	0
910	14 May 26	22:30:00	1	0	1	0	Ct	0	0	0	0	0	0	0	0	0	5	0	15	0	0	0	23	0	0	0	3	0	0	0	0	0	0	0	0	0	0	0	0	0	0
911	14 May 26	22:35:00	1	0	1	0	Ct	0	0	0	0	0	5	0	0	0	0	0	0	0	0	0	0	0	0	18	8	0	0	0	0	1	0	0	0	0	0	0	0	0	0
912	14 May 26	22:40:00	1	0	1	0	Ct	0	0	0	0	0	5	0	0	0	6	0	0	0	0	0	0	0	0	8	18	2	0	0	0	1	0	2	0	0	0	0	0	0	0
913	14 May 26	22:45:00	1	0	1	0	Ct	0	0	0	0	0	0	6	0	0	0	0	2	0	0	0	0	0	0	18	3	5	0	0	0	3	1	0	0	0	0	0	0	0	0
914	14 May 26	22:50:00	1	0	1	0	Ct	0	0	0	0	0	0	0	0	0	0	0	2	3	0	0	4	0	0	2	2	0	0	0	0	1	0	0	0	0	0	0	0	0	0
915	14 May 26	22:55:00	1	0	1	0	Ct	0	0	0	0	0	0	0	0	0	0	0	0	2	0	0	0	0	0	15	10	0	0	0	0	0	0	0	0	0	0	0	0	0	0
916	14 May 26	23:00:00	1	0	1	0	Ct	0	0	0	0	0	0	0	0	0	0	0	1	0	0	0	0	0	0	32	8	0	0	0	0	0	0	0	0	0	0	0	0	0	0
917	14 May 26	23:05:00	1	0	1	0	Ct	0	0	0	0	0	0	0	0	0	0	0	0	0	0	0	0	0	0	16	15	0	0	0	0	2	0	0	0	0	0	0	0	0	0
918	14 May 26	23:10:00	1	0	1	0	Ct	0	0	0	0	0	0	0	0	0	0	0	5	5	0	0	0	14	0	0	7	0	0	0	0	2	0	0	0	0	0	0	0	0	0
919	14 May 26	23:15:00	1	0	1	0	Ct	0	0	0	0	0	0	0	0	0	0	0	3	0	0	0	0	5	0	0	5	0	0	0	0	0	6	0	0	0	0	0	0	0	0
920	14 May 26	23:20:00	1	0	1	0	Ct	0	0	0	0	0	0	0	0	0	0	0	0	5	0	0	0	23	0	6	15	0	0	0	0	0	2	0	0	0	0	0	0	0	0
921	14 May 26	23:25:00	1	0	1	0	Ct	0	0	0	0	0	0	0	0	0	0	0	17	0	0	0	0	0	0	25	12	0	0	0	0	2	17	0	0	0	0	0	0	0	0
922	14 May 26	23:30:00	1	0	1	0	Ct	0	0	0	0	0	0	0	0	0	0	0	0	0	0	0	0	0	0	8	10	0	0	0	0	1	0	0	0	0	0	0	0	0	0
923	14 May 26	23:35:00	1	0	1	0	Ct	0	0	0	0	0	0	0	0	0	0	0	0	0	0	0	0	0	0	15	17	0	0	0	0	1	0	0	0	0	0	0	0	0	0
924	14 May 26	23:40:00	1	0	1	0	Ct	0	0	0	0	0	0	0	0	0	0	0	0	0	0	0	0	0	0	21	2	0	0	0	0	2	1	0	0	0	0	0	0	0	0
925	14 May 26	23:45:00	1	0	1	0	Ct	0	0	0	0	0	0	0	0	0	0	0	0	0	0	0	0	0	0	5	5	0	0	0	0	0	0	0	0	0	0	0	0	0	0
926	14 May 26	23:50:00	1	0	1	0	Ct	0	0	0	0	0	0	0	0	0	0	0	0	0	0	0	0	0	0	0	31	0	0	0	0	0	0	0	0	0	0	0	0	0	0
927	14 May 26	23:55:00	1	0	1	0	Ct	0	0	0	0	0	0	0	0	0	0	0	15	0	0	0	0	0	0	0	11	0	0	0	0	0	0	0	0	0	0	0	0	0	0
928	15 May 26	00:00:00	1	0	1	0	Ct	0	0	0	0	0	0	0	0	0	0	0	16	0	0	0	0	0	5	0	0	0	0	0	0	0	0	0	0	0	0	4	0	0	0
929	15 May 26	00:05:00	1	0	1	0	Ct	0	0	0	0	0	0	0	0	0	0	0	0	0	0	0	0	0	14	0	5	0	0	0	0	3	0	0	0	0	0	0	0	0	0
930	15 May 26	00:10:00	1	0	1	0	Ct	0	0	0	0	0	0	0	0	1	0	0	2	1	0	0	0	0	0	0	0	0	0	0	0	3	2	0	0	0	0	0	0	0	0
931	15 May 26	00:15:00	1	0	1	0	Ct	0	0	0	0	0	0	0	0	0	0	0	9	0	0	0	0	0	6	0	0	0	0	0	0	0	6	0	0	0	0	0	0	0	0
932	15 May 26	00:20:00	1	0	1	0	Ct	0	0	0	0	0	0	0	0	5	0	0	0	0	0	0	0	0	0	0	6	0	0	0	0	0	1	0	0	0	0	0	0	0	0
933	15 May 26	00:25:00	1	0	1	0	Ct	0	0	0	0	0	0	0	0	1	0	20	0	0	0	0	0	0	0	0	4	0	0	0	0	1	0	0	0	0	0	0	0	0	0
934	15 May 26	00:30:00	1	0	1	0	Ct	0	0	0	0	0	0	0	0	0	0	0	0	0	0	0	0	0	0	0	11	0	0	0	0	1	0	0	0	0	0	0	10	0	0
935	15 May 26	00:35:00	1	0	1	0	Ct	0	0	0	0	0	0	0	0	0	0	0	4	8	0	0	0	0	0	0	0	0	0	0	0	0	1	0	0	0	0	0	24	0	0
936	15 May 26	00:40:00	1	0	1	0	Ct	0	0	0	0	0	0	0	0	0	0	0	0	0	0	0	0	0	0	0	0	0	0	0	0	0	0	0	0	0	0	0	0	0	0
937	15 May 26	00:45:00	1	0	1	0	Ct	0	0	0	0	0	0	0	0	0	0	0	0	0	0	0	0	0	0	28	0	0	0	0	0	0	0	0	8	0	0	0	0	0	0
938	15 May 26	00:50:00	1	0	1	0	Ct	0	0	0	0	0	0	0	0	0	0	0	0	0	0	0	0	0	0	16	7	0	0	0	0	2	0	0	0	0	2	0	0	0	0
939	15 May 26	00:55:00	1	0	1	0	Ct	0	0	0	0	0	0	0	0	0	0	0	0	0	0	0	0	0	0	48	26	0	0	0	0	3	0	0	0	0	0	0	0	0	0
940	15 May 26	01:00:00	1	0	1	0	Ct	0	0	0	0	0	0	0	0	0	0	0	0	0	0	0	0	0	0	0	23	0	0	0	0	4	12	0	0	0	0	0	0	0	0
941	15 May 26	01:05:00	1	0	1	0	Ct	0	0	0	0	0	0	0	0	0	0	0	0	0	0	0	0	0	0	4	0	0	0	0	0	2	9	0	0	0	0	0	0	0	0
942	15 May 26	01:10:00	1	0	1	0	Ct	0	0	0	0	0	0	0	0	0	2	0	0	0	0	0	0	0	0	0	0	0	0	0	0	0	7	0	0	0	0	0	0	0	0
943	15 May 26	01:15:00	1	0	1	0	Ct	0	0	0	0	0	0	0	0	0	17	0	0	0	0	0	0	0	0	0	1	0	0	0	0	0	4	0	0	0	0	0	0	0	0
944	15 May 26	01:20:00	1	0	1	0	Ct	0	0	0	0	0	0	0	0	0	9	0	0	0	0	0	0	0	0	0	8	0	0	0	0	2	0	0	0	0	0	0	0	0	0
945	15 May 26	01:25:00	1	0	1	0	Ct	0	0	0	0	0	0	1	0	0	2	27	0	0	0	0	0	0	0	0	0	0	0	0	0	4	0	0	0	0	0	0	0	0	0
946	15 May 26	01:30:00	1	0	1	0	Ct	0	0	0	0	0	0	5	0	0	0	68	0	0	0	0	0	0	0	0	3	0	0	0	0	3	1	0	0	0	0	0	0	0	0
947	15 May 26	01:35:00	1	0	1	0	Ct	0	0	0	0	0	0	1	0	0	3	45	0	0	0	0	0	0	0	0	2	0	0	0	0	1	2	0	0	0	0	0	0	0	0
948	15 May 26	01:40:00	1	0	1	0	Ct	0	0	0	0	0	0	0	0	0	0	1	0	0	0	0	0	0	0	0	17	0	0	0	0	2	5	0	0	0	0	0	0	0	0
949	15 May 26	01:45:00	1	0	1	0	Ct	0	0	0	0	0	0	0	0	0	0	16	0	0	0	0	0	9	0	0	0	0	0	0	0	1	0	0	0	0	0	0	0	0	0
950	15 May 26	01:50:00	1	0	1	0	Ct	0	0	0	0	0	0	0	0	0	0	24	0	0	0	0	0	6	0	0	25	0	0	0	0	0	0	0	0	0	0	0	0	0	0
951	15 May 26	01:55:00	1	0	1	0	Ct	0	0	0	0	0	0	0	0	0	0	6	0	0	0	0	0	1	0	0	4	0	0	0	0	0	0	0	0	0	0	0	0	0	0
952	15 May 26	02:00:00	1	0	1	0	Ct	0	0	0	0	0	0	0	0	0	0	10	0	0	0	0	0	4	0	0	8	0	8	0	0	0	12	0	4	0	0	2	0	0	0
953	15 May 26	02:05:00	1	0	1	0	Ct	0	0	0	0	0	0	0	0	0	0	4	0	0	0	0	0	5	0	0	6	0	0	0	0	14	12	0	0	0	0	5	0	0	0
954	15 May 26	02:10:00	1	0	1	0	Ct	0	0	0	0	0	0	0	0	0	0	16	0	0	0	0	0	17	0	0	0	0	6	0	0	7	0	0	0	0	0	1	0	0	0
955	15 May 26	02:15:00	1	0	1	0	Ct	0	0	0	0	0	0	0	0	0	0	19	0	0	0	0	0	0	0	0	0	0	5	0	0	0	0	0	0	0	0	0	0	0	0
956	15 May 26	02:20:00	1	0	1	0	Ct	0	0	0	0	0	0	0	0	0	0	0	0	0	0	0	0	11	0	0	12	0	3	0	0	2	0	0	0	0	0	0	0	0	0
957	15 May 26	02:25:00	1	0	1	0	Ct	0	0	0	0	0	0	0	0	0	0	3	0	0	0	0	0	0	0	0	2	0	0	0	0	3	0	0	0	0	0	0	0	0	0
958	15 May 26	02:30:00	1	0	1	0	Ct	0	0	0	0	0	0	0	0	0	0	0	0	0	0	0	0	0	0	0	18	0	0	0	0	0	0	0	0	0	0	2	0	0	0
959	15 May 26	02:35:00	1	0	1	0	Ct	0	0	0	0	0	0	0	0	0	0	0	0	0	5	0	0	0	0	0	22	0	0	0	0	0	0	0	0	0	0	0	0	0	0
960	15 May 26	02:40:00	1	0	1	0	Ct	0	0	0	0	0	0	0	0	0	0	0	0	0	0	0	0	0	0	0	0	0	0	0	0	1	0	0	3	0	0	7	0	0	0
961	15 May 26	02:45:00	1	0	1	0	Ct	0	0	0	0	0	0	0	0	0	1	0	0	0	0	0	0	0	0	0	3	0	0	0	0	2	8	0	4	0	0	2	0	0	0
962	15 May 26	02:50:00	1	0	1	0	Ct	0	0	0	0	0	0	0	0	0	9	0	0	0	0	0	0	0	0	0	30	0	0	0	0	2	0	0	0	0	0	4	0	0	0
963	15 May 26	02:55:00	1	0	1	0	Ct	0	0	0	0	0	0	0	0	0	2	1	0	0	0	0	0	0	0	0	3	0	0	0	0	0	10	0	0	0	1	0	0	0	0
964	15 May 26	03:00:00	1	0	1	0	Ct	0	0	0	0	0	0	7	0	0	1	1	0	0	0	0	0	0	0	0	45	0	0	0	0	2	8	0	0	0	0	0	0	0	0
965	15 May 26	03:05:00	1	0	1	0	Ct	0	0	0	0	0	0	0	0	0	0	1	0	0	0	0	0	0	0	0	6	0	0	0	0	2	0	0	1	0	0	0	0	0	0
966	15 May 26	03:10:00	1	0	1	0	Ct	0	0	0	0	0	0	0	0	0	0	0	0	0	0	0	12	2	0	0	2	0	0	0	0	4	0	0	1	0	0	0	0	0	0
967	15 May 26	03:15:00	1	0	1	0	Ct	0	0	0	0	0	0	0	0	0	0	2	0	0	0	0	0	0	0	0	15	0	0	0	0	1	0	0	0	0	0	21	0	0	0
968	15 May 26	03:20:00	1	0	1	0	Ct	0	0	0	0	0	0	0	0	0	0	24	0	0	0	0	0	0	0	0	22	0	0	0	0	0	0	0	4	0	0	0	0	0	0
969	15 May 26	03:25:00	1	0	1	0	Ct	0	0	0	0	0	0	0	0	0	4	18	0	0	0	0	0	0	0	0	52	0	0	0	0	19	0	0	1	0	0	0	0	0	0
970	15 May 26	03:30:00	1	0	1	0	Ct	0	0	0	0	0	0	0	0	0	0	0	0	0	0	0	20	0	0	0	0	0	0	0	0	14	0	0	0	0	0	2	0	0	0
971	15 May 26	03:35:00	1	0	1	0	Ct	0	0	0	0	0	0	0	0	0	0	0	0	0	0	0	22	0	0	0	3	0	0	0	0	2	0	0	0	0	0	3	0	0	0
972	15 May 26	03:40:00	1	0	1	0	Ct	0	0	0	0	0	1	2	0	0	0	0	0	0	0	0	10	0	0	0	24	0	0	0	0	4	0	0	0	0	0	3	0	0	0
973	15 May 26	03:45:00	1	0	1	0	Ct	0	0	0	0	0	0	0	0	0	0	0	0	0	0	0	0	0	0	0	2	0	0	0	0	0	0	0	1	0	0	11	0	0	0
974	15 May 26	03:50:00	1	0	1	0	Ct	0	0	0	0	0	0	8	0	0	0	0	0	0	0	0	0	0	0	0	1	0	0	0	0	0	0	0	2	0	0	3	0	0	0
975	15 May 26	03:55:00	1	0	1	0	Ct	0	0	0	0	0	0	1	0	0	0	0	0	0	0	0	0	0	0	0	2	0	0	0	0	0	2	0	0	0	0	2	0	0	0
976	15 May 26	04:00:00	1	0	1	0	Ct	0	0	0	0	0	0	0	0	0	0	9	0	0	0	0	0	0	0	0	1	0	0	0	0	5	4	0	0	0	0	0	0	0	0
977	15 May 26	04:05:00	1	0	1	0	Ct	0	0	0	0	0	0	8	0	0	0	3	0	0	0	0	0	0	0	0	8	0	0	0	0	15	1	0	0	0	0	0	0	0	0
978	15 May 26	04:10:00	1	0	1	0	Ct	0	0	0	0	0	0	6	0	0	0	2	0	0	0	0	0	0	0	0	0	0	0	0	0	4	0	0	16	0	0	0	21	0	0
979	15 May 26	04:15:00	1	0	1	0	Ct	0	0	0	0	0	0	7	0	0	0	1	0	0	0	0	14	0	0	0	0	0	0	0	0	0	8	0	17	0	0	0	8	0	0
980	15 May 26	04:20:00	1	0	1	0	Ct	0	0	0	0	0	0	0	0	0	0	2	0	0	0	0	30	0	0	0	7	0	0	0	0	2	1	0	5	0	0	0	0	0	0
981	15 May 26	04:25:00	1	0	1	0	Ct	0	0	0	0	0	0	0	0	0	0	3	0	0	0	0	0	0	0	0	5	0	0	0	0	0	0	0	4	0	0	0	0	0	0
982	15 May 26	04:30:00	1	0	1	0	Ct	0	0	0	0	0	0	0	0	0	0	3	0	0	0	0	0	0	0	0	53	0	0	0	0	0	0	0	8	0	0	0	0	0	0
983	15 May 26	04:35:00	1	0	1	0	Ct	0	0	0	0	0	10	0	0	0	1	8	0	0	0	0	0	0	0	0	4	0	0	12	0	0	10	0	0	0	0	0	0	0	0
984	15 May 26	04:40:00	1	0	1	0	Ct	0	0	0	0	0	19	0	0	0	0	13	0	0	0	0	0	0	0	14	0	0	0	3	0	2	5	0	0	0	0	0	0	0	0
985	15 May 26	04:45:00	1	0	1	0	Ct	0	0	0	0	0	0	0	0	0	0	5	0	0	0	0	0	0	0	16	2	0	0	6	0	3	0	0	0	0	0	0	0	0	0
986	15 May 26	04:50:00	1	0	1	0	Ct	0	0	0	0	0	0	0	0	0	1	6	0	0	0	0	0	0	0	17	0	0	0	1	0	2	5	0	0	0	0	0	0	0	0
987	15 May 26	04:55:00	1	0	1	0	Ct	0	0	0	0	0	0	0	0	0	0	7	0	0	0	0	8	0	0	6	2	0	0	0	0	1	0	0	0	0	0	0	0	0	0
988	15 May 26	05:00:00	1	0	1	0	Ct	0	0	0	0	0	0	0	0	0	0	0	0	0	0	0	0	0	0	35	0	0	0	15	0	7	0	0	0	0	0	0	0	0	0
989	15 May 26	05:05:00	1	0	1	0	Ct	0	0	0	0	0	0	0	0	0	0	3	0	0	0	0	21	0	0	7	7	0	0	0	0	5	0	0	0	0	0	0	0	0	0
990	15 May 26	05:10:00	1	0	1	0	Ct	0	0	0	0	0	0	0	0	0	0	2	0	0	0	0	1	0	0	1	0	0	0	6	0	2	0	0	0	0	0	0	0	0	0
991	15 May 26	05:15:00	1	0	1	0	Ct	0	0	0	0	0	0	2	0	0	0	3	0	0	0	0	12	0	0	11	0	0	0	5	0	1	0	0	3	0	0	0	0	0	0
992	15 May 26	05:20:00	1	0	1	0	Ct	0	0	0	0	0	0	1	0	0	0	16	0	0	0	0	0	0	0	16	0	0	0	3	0	7	0	0	0	0	0	0	0	0	0
993	15 May 26	05:25:00	1	0	1	0	Ct	0	0	0	0	0	0	3	0	0	0	0	0	0	0	0	0	0	0	0	0	0	0	6	0	0	0	0	0	0	0	0	0	0	0
994	15 May 26	05:30:00	1	0	1	0	Ct	0	0	0	0	0	0	5	0	0	0	2	0	0	0	0	0	0	0	0	14	0	0	0	0	1	0	0	0	0	0	0	0	0	0
995	15 May 26	05:35:00	1	0	1	0	Ct	0	0	0	0	0	0	2	0	0	0	8	0	0	0	0	24	0	0	0	0	0	0	0	0	2	0	0	0	0	0	0	0	0	0
996	15 May 26	05:40:00	1	0	1	0	Ct	0	0	0	0	0	0	0	0	0	0	28	0	0	0	0	20	0	0	0	0	0	0	0	0	1	7	0	0	0	0	0	0	0	0
997	15 May 26	05:45:00	1	0	1	0	Ct	0	0	0	0	0	0	0	0	0	0	0	0	0	8	0	0	0	0	0	0	0	0	8	0	0	0	0	5	0	18	0	0	0	0
998	15 May 26	05:50:00	1	0	1	0	Ct	0	0	0	0	0	0	2	0	0	0	0	0	0	0	0	0	10	0	0	0	0	0	15	0	6	0	0	0	0	4	0	0	0	0
999	15 May 26	05:55:00	1	0	1	0	Ct	0	0	0	0	0	3	0	0	0	0	0	0	0	0	0	0	0	0	0	0	0	0	25	0	0	0	0	3	0	0	0	0	0	0
1000	15 May 26	06:00:00	1	0	1	0	Ct	0	0	0	0	0	7	0	0	0	0	0	0	0	0	0	0	0	0	0	0	0	0	4	0	8	0	0	1	0	0	0	0	0	0
1001	15 May 26	06:05:00	1	0	1	0	Ct	0	0	0	0	0	0	0	0	0	0	0	0	0	0	0	0	0	0	6	11	0	0	32	0	5	13	0	0	0	0	0	0	0	0
1002	15 May 26	06:10:00	1	0	1	0	Ct	0	0	0	0	0	0	0	0	0	0	0	0	0	0	0	13	0	0	13	3	0	0	0	0	3	8	0	7	0	0	0	0	0	0
1003	15 May 26	06:15:00	1	0	1	0	Ct	0	0	0	0	0	15	0	0	0	0	12	0	0	0	0	0	0	0	0	0	0	0	0	0	12	4	0	7	0	0	0	0	0	0
1004	15 May 26	06:20:00	1	0	1	0	Ct	0	0	0	0	0	8	0	0	0	0	37	0	0	0	0	0	0	0	0	0	0	0	0	0	4	0	0	0	0	0	0	0	0	0
1005	15 May 26	06:25:00	1	0	1	0	Ct	0	0	0	0	0	0	0	0	0	0	2	0	0	0	0	0	0	0	0	0	0	0	0	0	3	0	0	0	0	0	0	0	0	0
1006	15 May 26	06:30:00	1	0	1	0	Ct	0	0	0	0	0	0	0	0	0	0	0	0	0	0	0	0	0	0	0	0	3	0	0	0	4	0	0	0	0	0	0	0	0	0
1007	15 May 26	06:35:00	1	0	1	0	Ct	0	0	0	0	0	7	0	0	0	0	8	0	0	0	0	0	0	0	0	3	0	0	0	0	3	0	0	0	0	0	0	0	0	0
1008	15 May 26	06:40:00	1	0	1	0	Ct	0	0	0	0	0	9	0	0	0	0	6	0	0	0	0	0	0	0	0	0	0	0	0	0	2	0	0	0	0	0	0	0	0	0
1009	15 May 26	06:45:00	1	0	1	0	Ct	0	0	0	0	27	0	0	0	0	0	23	0	0	0	0	0	0	0	0	18	0	0	0	0	0	0	0	0	0	0	0	0	0	0
1010	15 May 26	06:50:00	1	0	1	0	Ct	0	0	0	0	0	0	3	0	0	0	0	0	0	0	0	0	0	0	0	8	0	0	0	0	0	12	0	0	0	0	0	0	0	0
1011	15 May 26	06:55:00	1	0	1	0	Ct	0	0	0	0	0	0	5	0	0	0	2	0	0	0	0	0	0	0	0	6	0	0	0	0	0	0	0	0	0	0	0	0	0	0
1012	15 May 26	07:00:00	1	0	1	0	Ct	0	0	0	0	0	0	5	0	0	0	6	0	0	0	0	0	0	0	0	0	0	0	1	0	0	0	0	0	0	0	0	0	0	0
1013	15 May 26	07:05:00	1	0	1	0	Ct	0	0	0	0	0	0	3	0	0	0	0	0	0	0	0	0	0	0	0	0	0	0	2	0	0	1	0	0	0	0	1	0	0	0
1014	15 May 26	07:10:00	1	0	1	0	Ct	0	0	0	0	0	0	2	0	0	0	0	0	0	0	0	0	0	0	5	0	0	0	0	0	0	14	0	0	0	0	0	0	0	0
1015	15 May 26	07:15:00	1	0	1	0	Ct	0	0	0	0	0	0	7	0	0	0	0	0	0	0	0	0	0	0	1	0	0	0	0	0	0	0	0	0	0	0	2	0	0	0
1016	15 May 26	07:20:00	1	0	1	0	Ct	0	0	0	0	0	0	6	0	0	0	0	0	0	0	0	0	0	0	1	0	0	0	0	0	0	0	0	0	0	8	0	0	0	0
1017	15 May 26	07:25:00	1	0	1	0	Ct	0	0	0	0	0	0	3	0	0	0	0	0	0	0	0	0	0	0	20	0	0	0	0	0	0	0	0	0	0	0	0	0	0	0
1018	15 May 26	07:30:00	1	0	1	0	Ct	0	0	0	0	0	0	3	0	0	0	0	0	0	0	0	0	12	0	0	0	0	0	0	0	0	0	0	0	0	0	0	0	0	0
1019	15 May 26	07:35:00	1	0	1	0	Ct	0	0	0	0	0	0	8	0	0	0	3	0	0	0	0	0	0	0	53	0	0	0	0	0	0	2	0	0	0	0	0	0	0	0
1020	15 May 26	07:40:00	1	0	1	0	Ct	0	0	0	0	0	10	1	0	2	0	3	0	0	0	0	0	0	0	8	1	0	0	0	0	0	1	0	0	0	0	0	0	0	0
1021	15 May 26	07:45:00	1	0	1	0	Ct	0	0	0	0	0	29	5	0	3	0	2	0	0	0	0	6	0	0	1	28	0	0	1	0	0	0	0	0	0	0	0	0	0	0
1022	15 May 26	07:50:00	1	0	1	0	Ct	0	0	0	0	0	4	0	0	6	0	0	0	0	0	0	0	0	0	2	0	0	0	0	0	0	1	0	0	0	0	0	0	0	0
1023	15 May 26	07:55:00	1	0	1	0	Ct	0	0	0	0	0	4	3	0	0	0	1	0	0	0	0	0	0	0	15	0	0	0	0	0	0	0	0	0	0	0	0	0	0	0
1024	15 May 26	08:00:00	1	0	1	0	Ct	0	0	0	0	0	17	3	0	0	0	0	0	0	0	0	0	0	0	4	0	0	0	0	0	0	0	0	0	0	0	0	0	0	0
1025	15 May 26	08:05:00	1	0	1	0	Ct	0	0	0	0	0	0	0	0	0	0	3	0	0	0	0	0	0	0	11	0	0	0	0	0	0	0	0	0	0	0	0	0	0	0
1026	15 May 26	08:10:00	1	0	1	0	Ct	0	0	0	0	0	13	1	0	0	1	10	0	0	0	0	0	0	0	4	10	0	0	9	0	0	0	0	0	0	0	0	0	0	0
1027	15 May 26	08:15:00	1	0	1	0	Ct	0	0	0	0	0	25	4	0	0	2	2	0	0	0	0	0	0	0	0	8	0	0	2	0	0	2	0	0	0	0	0	0	0	0
1028	15 May 26	08:20:00	1	0	1	0	Ct	0	0	0	0	0	22	0	0	0	0	5	0	0	0	0	0	0	0	15	29	0	0	0	0	0	0	0	0	0	0	0	0	0	0
1029	15 May 26	08:25:00	1	0	1	0	Ct	0	0	0	0	0	33	7	0	0	0	0	0	0	0	0	0	0	0	0	0	0	0	0	0	0	1	0	0	0	0	0	0	0	0
1030	15 May 26	08:30:00	1	0	1	0	Ct	0	0	0	0	0	8	0	0	0	0	1	0	0	0	0	0	4	0	1	0	0	0	1	9	0	0	0	0	0	0	0	0	0	0
1031	15 May 26	08:35:00	1	0	1	0	Ct	0	0	0	0	0	0	0	0	1	0	20	0	0	0	0	2	39	0	0	0	0	0	7	0	0	0	0	0	0	0	0	0	0	0
1032	15 May 26	08:40:00	1	0	1	0	Ct	0	0	0	0	0	0	1	0	0	0	20	0	0	0	0	0	0	0	2	0	0	0	1	0	0	0	0	0	0	0	0	0	0	0
1033	15 May 26	08:45:00	1	0	1	0	Ct	0	0	0	0	0	0	0	0	0	0	17	0	0	0	0	0	0	0	16	3	0	0	0	0	0	0	0	0	0	0	0	0	0	0
1034	15 May 26	08:50:00	1	0	1	0	Ct	0	0	0	0	0	11	0	0	0	0	3	0	0	0	0	0	0	0	4	9	0	0	0	0	0	0	0	0	0	0	0	0	0	0
1035	15 May 26	08:55:00	1	0	1	0	Ct	0	0	0	0	0	0	1	0	1	0	3	0	0	0	0	0	0	0	33	0	0	0	0	0	0	0	0	0	0	0	0	0	0	0
1036	15 May 26	09:00:00	1	0	1	0	Ct	0	0	0	0	0	0	0	0	1	0	9	0	0	0	0	0	0	0	8	0	0	0	2	0	0	0	0	0	0	0	0	0	0	0
1037	15 May 26	09:05:00	1	0	1	0	Ct	0	0	0	0	0	0	0	0	4	0	5	0	0	0	0	0	0	0	2	0	0	0	2	0	0	0	0	0	0	0	0	0	0	0
1038	15 May 26	09:10:00	1	0	1	0	Ct	0	0	0	0	0	0	0	0	3	0	3	0	0	0	0	0	0	0	0	0	0	0	0	0	0	0	0	0	0	0	0	0	0	0
1039	15 May 26	09:15:00	1	0	1	0	Ct	0	0	0	0	0	2	0	0	8	0	5	0	0	0	0	0	0	0	23	0	0	0	5	0	0	0	0	0	0	0	0	0	0	0
1040	15 May 26	09:20:00	1	0	1	0	Ct	0	0	0	0	0	18	0	0	4	0	7	0	0	0	0	0	0	0	1	0	0	0	10	7	0	0	0	0	0	0	0	0	0	0
1041	15 May 26	09:25:00	1	0	1	0	Ct	0	0	0	0	0	12	0	0	2	6	4	0	0	0	0	0	0	0	0	2	0	0	0	0	0	0	0	0	0	0	0	0	0	0
1042	15 May 26	09:30:00	1	0	1	0	Ct	0	0	0	0	0	0	0	0	2	0	0	0	0	0	0	0	0	0	0	52	0	0	16	1	0	0	0	0	0	0	0	0	0	0
1043	15 May 26	09:35:00	1	0	1	0	Ct	0	0	0	0	0	0	0	0	0	23	0	0	0	0	0	0	0	0	27	0	0	0	26	1	0	14	0	0	0	0	0	0	0	0
1044	15 May 26	09:40:00	1	0	1	0	Ct	0	0	0	0	0	0	1	0	0	0	0	0	0	0	0	0	0	0	2	0	0	0	26	0	0	8	0	0	0	0	0	0	0	0
1045	15 May 26	09:45:00	1	0	1	0	Ct	0	0	0	0	0	0	0	0	0	0	0	0	0	0	0	0	0	0	0	0	0	0	27	1	0	1	1	9	0	0	0	0	0	0
1046	15 May 26	09:50:00	1	0	1	0	Ct	0	0	0	0	0	16	0	0	4	0	13	0	0	0	0	0	31	0	1	0	0	0	5	5	0	0	2	4	0	0	0	0	0	0
1047	15 May 26	09:55:00	1	0	1	0	Ct	0	0	0	0	0	4	0	0	13	0	11	0	0	20	0	0	20	0	1	0	7	0	25	3	0	0	0	4	0	0	0	0	0	0
1048	15 May 26	10:00:00	1	0	1	0	Ct	0	1	0	0	0	1	0	0	2	0	10	0	0	0	0	0	0	0	5	0	8	0	15	12	0	6	4	17	0	0	1	0	0	0
1049	15 May 26	10:05:00	1	0	1	0	Ct	0	1	0	0	0	7	0	0	4	10	0	0	0	0	0	0	0	0	18	0	8	4	0	0	0	8	0	6	0	0	3	0	3	0
1050	15 May 26	10:10:00	1	0	1	0	Ct	0	1	0	0	7	13	0	0	0	2	0	0	0	0	0	0	0	0	14	2	0	13	0	16	0	19	0	2	0	0	27	0	1	0
1051	15 May 26	10:15:00	1	0	1	0	Ct	0	1	0	0	0	1	0	0	1	0	0	0	0	0	0	0	0	0	0	0	3	6	0	0	0	0	0	6	0	0	0	0	0	0
1052	15 May 26	10:20:00	1	0	1	0	Ct	0	1	0	0	0	2	8	0	1	0	0	0	0	0	0	0	0	0	0	19	5	5	3	0	0	2	0	6	0	0	0	0	0	0
1053	15 May 26	10:25:00	1	0	1	0	Ct	0	1	0	0	0	18	4	0	4	0	0	0	0	0	0	0	0	0	0	1	19	0	8	0	0	7	0	7	0	0	5	0	0	0
1054	15 May 26	10:30:00	1	0	1	0	Ct	0	1	0	0	0	15	2	0	0	0	5	0	0	0	0	0	0	0	0	4	2	0	6	0	0	6	0	6	0	0	1	0	1	0
1055	15 May 26	10:35:00	1	0	1	0	Ct	0	1	0	0	0	14	1	0	0	0	1	0	0	0	0	0	0	0	0	0	0	2	5	0	0	3	0	5	0	0	1	0	1	0
1056	15 May 26	10:40:00	1	0	1	0	Ct	0	1	0	0	0	2	0	0	0	0	0	0	0	0	0	0	0	0	0	0	0	14	0	0	0	1	0	4	0	0	4	0	0	0
1057	15 May 26	10:45:00	1	0	1	0	Ct	0	1	0	0	5	5	0	0	4	0	0	0	0	3	0	0	0	0	0	11	0	0	0	0	0	0	5	8	4	0	2	0	25	0
1058	15 May 26	10:50:00	1	0	1	0	Ct	0	1	0	0	0	0	0	0	3	0	0	0	0	8	0	0	0	0	0	0	0	0	32	0	0	7	2	2	7	0	2	0	18	0
1059	15 May 26	10:55:00	1	0	1	0	Ct	0	1	5	0	0	0	0	0	9	0	0	0	0	0	0	0	0	0	18	2	0	4	12	0	0	5	0	8	19	0	3	0	3	0
1060	15 May 26	11:00:00	1	0	1	0	Ct	0	1	5	0	0	0	0	0	6	0	0	0	0	0	0	0	0	0	0	0	0	1	0	0	0	0	0	4	4	0	1	0	1	0
1061	15 May 26	11:05:00	1	0	1	0	Ct	0	1	0	0	0	0	0	0	4	0	0	0	0	0	0	0	0	0	0	19	0	2	0	0	0	0	2	6	9	0	2	0	7	0
1062	15 May 26	11:10:00	1	0	1	0	Ct	0	1	0	0	0	0	0	0	2	3	0	0	0	3	0	19	0	0	0	27	0	8	0	0	0	0	3	3	1	0	8	0	0	0
1063	15 May 26	11:15:00	1	0	1	0	Ct	0	1	2	0	0	0	0	0	1	0	0	0	0	7	0	0	0	0	2	0	0	6	0	0	0	0	0	4	2	0	5	0	0	0
1064	15 May 26	11:20:00	1	0	1	0	Ct	0	1	0	0	0	0	0	0	8	0	0	0	0	0	0	0	0	0	9	0	0	0	0	0	0	0	0	8	17	0	7	0	0	0
1065	15 May 26	11:25:00	1	0	1	0	Ct	0	1	1	0	0	0	0	0	3	0	0	0	0	0	0	0	0	0	24	0	0	5	0	9	0	2	7	3	0	0	5	0	0	0
1066	15 May 26	11:30:00	1	0	1	0	Ct	0	1	2	0	2	0	0	0	2	0	0	0	0	2	0	0	0	0	2	0	2	0	0	0	0	0	1	2	0	0	3	0	5	0
1067	15 May 26	11:35:00	1	0	1	0	Ct	0	1	6	0	4	0	0	0	0	0	0	0	0	2	0	0	0	0	7	0	0	0	0	0	0	0	1	0	0	0	1	0	6	0
1068	15 May 26	11:40:00	1	0	1	0	Ct	0	1	0	0	0	0	0	0	0	0	0	0	0	2	0	0	0	0	0	0	0	0	0	36	0	10	8	8	3	0	5	0	1	0
1069	15 May 26	11:45:00	1	0	1	0	Ct	0	1	0	0	0	0	0	0	2	0	0	0	0	0	0	0	0	0	0	0	0	0	0	2	0	8	0	0	0	0	0	0	8	0
1070	15 May 26	11:50:00	1	0	1	0	Ct	0	1	0	0	2	0	0	0	2	0	0	0	0	0	0	0	0	0	0	0	0	0	0	2	0	15	0	5	1	0	2	0	11	0
1071	15 May 26	11:55:00	1	0	1	0	Ct	0	1	0	0	0	0	0	0	2	0	0	0	0	0	0	0	0	0	12	5	0	0	7	12	0	8	0	7	2	0	8	0	7	0
1072	15 May 26	12:00:00	1	0	1	0	Ct	0	1	0	0	0	0	0	0	0	0	0	0	0	0	0	0	0	0	25	9	0	0	0	0	0	6	2	10	0	0	1	0	19	0
1073	15 May 26	12:05:00	1	0	1	0	Ct	0	1	0	0	0	0	0	0	0	0	0	0	0	0	0	0	0	0	1	0	14	0	1	0	0	4	0	5	0	0	1	0	2	0
1074	15 May 26	12:10:00	1	0	1	0	Ct	0	1	0	0	0	0	0	0	0	0	0	0	0	0	0	0	0	0	4	0	1	0	22	0	0	6	0	0	0	0	1	0	2	0
1075	15 May 26	12:15:00	1	0	1	0	Ct	0	1	0	0	0	15	0	0	0	0	0	0	0	0	0	0	0	0	3	0	12	0	20	1	0	2	0	3	0	0	2	0	5	0
1076	15 May 26	12:20:00	1	0	1	0	Ct	0	1	0	0	0	3	0	0	2	0	0	0	0	0	0	0	0	0	0	0	1	0	0	34	0	0	0	6	2	0	1	0	4	0
1077	15 May 26	12:25:00	1	0	1	0	Ct	0	1	0	0	0	0	0	0	0	0	0	0	0	1	0	0	0	0	31	1	0	0	0	17	0	0	0	5	0	0	0	0	13	0
1078	15 May 26	12:30:00	1	0	1	0	Ct	0	1	0	0	11	3	0	0	0	0	0	0	0	0	0	0	0	0	15	2	0	0	0	37	0	0	0	3	0	0	0	0	1	0
1079	15 May 26	12:35:00	1	0	1	0	Ct	0	1	0	0	2	25	0	0	0	0	0	0	0	0	0	0	0	0	1	8	1	0	0	0	0	1	0	4	0	0	1	0	0	0
1080	15 May 26	12:40:00	1	0	1	0	Ct	0	1	0	0	0	0	0	0	2	0	0	0	0	0	0	0	0	0	1	0	3	0	8	0	0	0	0	2	3	0	0	0	2	0
1081	15 May 26	12:45:00	1	0	1	0	Ct	0	1	0	0	0	8	0	0	4	0	0	0	0	0	0	0	0	0	2	0	16	0	0	0	0	8	0	4	11	0	4	0	0	0
1082	15 May 26	12:50:00	1	0	1	0	Ct	0	1	0	0	0	10	0	0	4	0	0	0	0	0	0	0	0	0	0	1	18	0	0	0	0	6	0	1	10	0	0	0	9	0
1083	15 May 26	12:55:00	1	0	1	0	Ct	0	1	0	0	0	9	2	0	0	0	0	0	0	0	0	0	0	0	0	1	5	0	0	0	0	12	0	3	7	0	1	0	36	0
1084	15 May 26	13:00:00	1	0	1	0	Ct	0	1	0	0	0	5	0	0	0	0	0	0	0	0	0	0	0	0	0	0	6	0	0	0	0	4	0	3	7	0	2	0	12	0
1085	15 May 26	13:05:00	1	0	1	0	Ct	0	1	33	0	0	0	0	0	0	0	0	0	0	0	0	0	0	0	0	0	19	0	0	0	0	5	0	1	5	0	0	0	5	0
1086	15 May 26	13:10:00	1	0	1	0	Ct	0	1	30	0	0	0	0	0	0	0	0	0	0	0	0	0	0	0	0	0	19	0	0	22	0	7	0	0	3	0	1	0	2	0
1087	15 May 26	13:15:00	1	0	1	0	Ct	0	1	0	0	0	0	0	0	0	0	0	0	0	0	0	0	0	0	0	0	5	0	0	0	0	14	0	9	0	0	3	0	0	0
1088	15 May 26	13:20:00	1	0	1	0	Ct	0	1	0	0	0	5	0	0	0	0	0	0	0	0	0	0	0	0	4	0	14	2	0	4	0	3	0	3	3	0	1	0	1	0
1089	15 May 26	13:25:00	1	0	1	0	Ct	0	1	0	0	3	8	0	0	0	0	0	0	0	0	0	0	0	0	11	0	0	0	0	0	0	7	0	2	0	0	1	0	2	0
1090	15 May 26	13:30:00	1	0	1	0	Ct	0	1	0	0	0	3	0	0	0	0	0	0	0	0	0	0	0	0	0	0	9	7	0	0	0	8	0	2	1	0	0	0	3	0
1091	15 May 26	13:35:00	1	0	1	0	Ct	0	1	0	0	0	9	3	0	0	0	0	0	0	3	0	0	0	0	0	0	26	14	0	1	0	9	0	1	1	0	0	0	6	0
1092	15 May 26	13:40:00	1	0	1	0	Ct	0	1	0	0	0	0	0	0	0	0	0	0	0	0	0	0	0	0	0	0	15	1	0	5	0	0	0	3	3	0	5	0	3	0
1093	15 May 26	13:45:00	1	0	1	0	Ct	0	1	0	0	0	0	0	0	0	0	0	0	0	0	0	0	0	0	17	0	29	0	0	4	0	1	0	3	0	0	2	0	8	0
1094	15 May 26	13:50:00	1	0	1	0	Ct	0	1	0	0	0	0	0	0	0	0	0	0	0	0	0	0	0	0	54	0	18	0	0	5	0	5	0	2	0	0	10	0	0	0
1095	15 May 26	13:55:00	1	0	1	0	Ct	0	1	0	0	0	0	0	0	0	0	0	0	0	0	0	0	0	0	8	4	4	0	0	0	0	2	0	0	3	0	9	0	1	0
1096	15 May 26	14:00:00	1	0	1	0	Ct	0	1	0	0	0	0	0	0	0	0	0	0	0	0	0	0	0	0	3	17	2	0	0	0	0	0	0	2	0	0	0	0	0	0
1097	15 May 26	14:05:00	1	0	1	0	Ct	0	1	0	0	0	0	0	0	0	0	0	0	0	3	0	0	0	0	18	21	6	0	0	19	0	0	0	5	3	0	0	0	0	0
1098	15 May 26	14:10:00	1	0	1	0	Ct	0	1	0	0	0	0	0	0	6	0	0	0	0	0	0	0	0	0	5	7	17	0	0	6	0	0	0	1	2	0	0	0	0	0
1099	15 May 26	14:15:00	1	0	1	0	Ct	0	1	0	0	0	0	0	0	4	0	0	0	0	0	0	0	0	0	39	3	5	0	0	0	0	1	0	0	10	0	0	0	1	0
1100	15 May 26	14:20:00	1	0	1	0	Ct	0	1	0	0	1	0	0	0	1	0	0	0	0	0	0	0	3	0	16	1	0	0	0	6	0	4	0	0	5	0	1	0	1	0
1101	15 May 26	14:25:00	1	0	1	0	Ct	0	1	0	0	1	0	0	0	0	0	0	0	0	0	0	0	0	0	0	0	0	0	0	0	0	2	0	0	0	0	1	0	0	0
1102	15 May 26	14:30:00	1	0	1	0	Ct	0	1	0	0	0	0	0	0	0	0	0	0	0	0	0	0	0	0	0	0	0	0	0	0	0	2	0	0	0	0	0	0	0	0
1103	15 May 26	14:35:00	1	0	1	0	Ct	0	1	0	0	0	0	0	0	0	0	0	0	0	1	0	0	0	0	0	0	0	1	0	0	0	8	0	0	1	0	0	0	0	0
1104	15 May 26	14:40:00	1	0	1	0	Ct	0	1	0	0	0	0	0	0	0	0	0	0	0	0	0	0	0	0	0	0	2	0	0	2	0	9	0	0	2	0	0	0	1	0
1105	15 May 26	14:45:00	1	0	1	0	Ct	0	1	0	0	0	0	0	0	2	0	0	0	0	7	0	0	0	0	0	0	6	0	0	2	0	0	0	0	0	0	0	0	1	0
1106	15 May 26	14:50:00	1	0	1	0	Ct	0	1	0	0	0	0	0	0	0	8	0	0	0	0	0	0	0	0	0	0	14	0	0	12	0	1	0	2	4	0	0	0	0	0
1107	15 May 26	14:55:00	1	0	1	0	Ct	0	1	0	0	1	0	0	0	0	26	0	0	0	0	0	0	0	0	36	13	21	0	1	0	0	1	0	2	3	0	0	0	8	0
1108	15 May 26	15:00:00	1	0	1	0	Ct	0	1	0	0	1	0	0	0	0	9	0	0	0	0	0	0	0	0	22	0	5	1	6	0	0	0	0	2	3	0	0	0	2	0
1109	15 May 26	15:05:00	1	0	1	0	Ct	0	1	0	0	3	0	0	0	0	25	0	0	0	0	0	0	0	0	7	0	16	0	8	29	0	0	0	0	9	0	2	0	0	0
1110	15 May 26	15:10:00	1	0	1	0	Ct	0	1	0	0	0	0	0	0	0	6	36	0	0	0	0	0	0	0	15	0	8	0	2	0	0	0	2	0	7	0	0	0	0	0
1111	15 May 26	15:15:00	1	0	1	0	Ct	0	1	0	0	0	0	0	0	0	2	6	0	0	0	0	0	0	0	0	6	5	0	0	17	0	2	6	4	0	0	0	0	1	0
1112	15 May 26	15:20:00	1	0	1	0	Ct	0	1	0	0	7	0	0	0	0	4	0	0	0	0	0	0	0	0	0	7	0	0	21	2	0	8	1	1	0	0	0	0	4	0
1113	15 May 26	15:25:00	1	0	1	0	Ct	0	1	0	0	2	0	0	0	0	0	0	0	14	1	0	0	0	0	0	1	0	0	20	3	0	7	0	0	0	0	0	0	2	0
1114	15 May 26	15:30:00	1	0	1	0	Ct	0	1	0	0	0	0	0	0	1	0	0	0	54	0	0	0	0	0	0	3	6	1	3	40	0	6	0	1	0	0	1	0	0	0
1115	15 May 26	15:35:00	1	0	1	0	Ct	0	1	0	0	0	0	0	0	1	0	0	0	96	0	0	0	0	0	14	5	9	7	0	0	0	9	0	2	0	0	0	0	1	0
1116	15 May 26	15:40:00	1	0	1	0	Ct	0	1	0	0	5	0	0	0	2	0	2	0	53	0	0	0	86	0	16	10	2	2	0	0	0	13	0	6	0	0	1	0	2	0
1117	15 May 26	15:45:00	1	0	1	0	Ct	0	1	0	0	0	0	0	0	4	0	3	0	51	1	0	0	0	0	17	3	2	2	0	0	0	4	0	3	0	0	0	0	1	0
1118	15 May 26	15:50:00	1	0	1	0	Ct	0	1	0	0	2	0	0	0	0	0	0	0	5	0	0	0	0	0	4	0	21	0	0	0	0	7	0	3	0	12	0	0	15	0
1119	15 May 26	15:55:00	1	0	1	0	Ct	0	1	0	0	6	0	0	0	0	0	1	0	0	0	0	0	0	0	36	0	8	0	0	0	0	7	0	1	2	15	0	0	2	0
1120	15 May 26	16:00:00	1	0	1	0	Ct	0	1	0	0	3	0	0	0	0	0	0	0	0	0	0	0	0	0	2	0	4	0	0	0	0	7	0	2	0	7	0	0	3	0
1121	15 May 26	16:05:00	1	0	1	0	Ct	0	1	0	0	0	0	0	0	2	0	0	0	0	6	0	0	0	0	0	0	7	0	0	0	0	0	0	3	0	0	8	0	0	0
1122	15 May 26	16:10:00	1	0	1	0	Ct	0	1	0	0	0	0	0	0	0	0	0	0	0	0	0	0	0	0	0	0	0	0	0	0	0	3	0	7	0	3	0	0	1	0
1123	15 May 26	16:15:00	1	0	1	0	Ct	0	1	0	0	0	14	0	0	0	0	0	0	0	0	0	0	0	0	0	4	0	0	0	13	0	10	0	1	0	0	0	0	0	0
1124	15 May 26	16:20:00	1	0	1	0	Ct	0	1	0	0	0	19	0	0	0	0	0	0	0	0	0	0	0	0	3	8	0	0	0	2	0	6	0	3	0	0	0	0	4	0
1125	15 May 26	16:25:00	1	0	1	0	Ct	0	1	0	0	0	0	0	0	0	0	4	0	0	0	0	0	0	0	31	0	0	0	0	0	0	14	2	1	0	0	1	0	0	0
1126	15 May 26	16:30:00	1	0	1	0	Ct	0	1	0	0	0	6	0	0	0	0	14	0	0	2	0	0	0	0	27	0	0	0	0	0	0	0	0	0	0	0	1	0	0	0
1127	15 May 26	16:35:00	1	0	1	0	Ct	0	1	0	0	0	15	0	0	0	0	2	0	0	0	0	0	0	0	0	0	0	0	0	0	0	2	0	0	0	0	0	0	0	0
1128	15 May 26	16:40:00	1	0	1	0	Ct	0	1	40	0	7	0	0	0	0	0	30	0	0	0	0	0	0	0	0	0	3	0	11	0	0	6	0	0	3	0	4	0	3	0
1129	15 May 26	16:45:00	1	0	1	0	Ct	0	1	0	0	6	0	0	0	0	0	0	0	0	1	0	0	0	0	0	5	21	0	9	0	0	4	0	0	13	0	3	0	1	0
1130	15 May 26	16:50:00	1	0	1	0	Ct	0	1	8	0	0	0	0	0	0	0	0	0	0	1	0	0	0	0	24	4	6	0	11	0	0	0	2	0	3	0	3	0	10	0
1131	15 May 26	16:55:00	1	0	1	0	Ct	0	1	22	0	0	0	0	0	0	0	28	0	0	0	0	0	0	0	38	0	7	0	0	0	0	7	1	0	0	0	3	0	0	0
1132	15 May 26	17:00:00	1	0	1	0	Ct	0	1	0	0	0	0	0	0	0	0	1	0	0	0	0	0	0	0	13	4	6	0	8	0	0	8	0	0	0	0	6	0	2	0
1133	15 May 26	17:05:00	1	0	1	0	Ct	0	1	0	0	0	0	0	0	0	0	1	0	0	0	0	0	0	0	8	0	4	0	10	8	0	7	0	0	0	0	4	0	2	0
1134	15 May 26	17:10:00	1	0	1	0	Ct	0	1	0	0	0	0	0	0	0	0	0	0	0	2	0	0	0	0	7	0	7	0	21	0	0	14	0	0	0	0	0	0	0	0
1135	15 May 26	17:15:00	1	0	1	0	Ct	0	1	0	0	4	0	0	0	0	0	23	0	12	1	0	0	0	0	0	0	4	0	0	0	0	6	2	2	0	0	0	0	6	0
1136	15 May 26	17:20:00	1	0	1	0	Ct	0	1	0	0	12	0	0	0	0	0	16	0	0	1	0	0	0	0	0	0	4	0	15	8	0	7	3	0	0	0	0	0	1	0
1137	15 May 26	17:25:00	1	0	1	0	Ct	0	1	0	0	8	8	0	0	0	0	0	0	2	0	0	0	0	0	0	1	7	0	31	0	0	2	0	0	0	0	3	0	2	0
1138	15 May 26	17:30:00	1	0	1	0	Ct	0	1	0	0	4	1	0	0	0	0	6	0	20	0	0	0	0	0	0	2	0	0	41	1	0	0	0	0	0	0	0	0	1	0
1139	15 May 26	17:35:00	1	0	1	0	Ct	0	1	0	0	0	7	0	0	0	0	0	0	11	0	0	0	0	0	19	0	0	4	0	23	0	10	0	0	0	0	2	0	4	0
1140	15 May 26	17:40:00	1	0	1	0	Ct	0	1	0	0	5	0	0	0	0	0	0	0	0	4	0	0	0	0	0	0	0	2	8	5	0	4	0	0	0	0	0	0	2	0
1141	15 May 26	17:45:00	1	0	1	0	Ct	0	1	0	0	4	1	0	0	0	0	0	0	0	0	0	0	0	0	0	0	0	34	0	11	0	0	0	0	6	0	2	0	1	0
1142	15 May 26	17:50:00	1	0	1	0	Ct	0	1	0	0	0	16	0	0	0	0	0	0	0	1	0	0	0	0	0	0	0	9	10	0	0	0	0	0	0	0	0	0	0	0
1143	15 May 26	17:55:00	1	0	1	0	Ct	0	1	0	0	0	2	0	0	0	0	0	0	1	0	0	0	0	0	16	0	0	20	22	0	0	0	0	0	2	0	0	0	1	0
1144	15 May 26	18:00:00	1	0	1	0	Ct	0	1	0	0	7	0	0	0	0	0	0	0	16	0	0	0	0	0	8	0	0	13	12	1	0	0	0	0	1	0	0	0	1	0
1145	15 May 26	18:05:00	1	0	1	0	Ct	0	1	0	0	0	0	0	0	0	0	0	0	12	0	0	0	0	0	8	13	0	0	4	0	0	4	0	0	0	0	0	0	0	0
1146	15 May 26	18:10:00	1	0	1	0	Ct	0	1	0	0	0	0	0	0	0	0	0	0	0	0	0	0	0	0	15	6	0	2	3	0	0	5	0	0	0	0	0	0	0	0
1147	15 May 26	18:15:00	1	0	1	0	Ct	0	1	0	0	0	0	0	0	0	3	0	0	0	0	0	0	0	0	12	2	0	2	8	0	0	6	0	0	6	0	1	0	9	0
1148	15 May 26	18:20:00	1	0	1	0	Ct	0	1	0	0	0	0	0	0	2	39	0	0	0	0	0	0	0	0	0	2	0	15	16	0	0	16	0	0	0	0	2	0	9	0
1149	15 May 26	18:25:00	1	0	1	0	Ct	0	1	0	0	0	0	0	0	0	2	49	0	11	1	0	0	0	0	0	0	0	0	5	0	0	3	0	2	2	0	0	0	5	0
1150	15 May 26	18:30:00	1	0	1	0	Ct	0	1	0	0	0	0	0	0	0	0	0	0	0	1	0	0	0	0	0	0	0	0	0	0	0	9	0	5	0	0	0	0	1	0
1151	15 May 26	18:35:00	1	0	1	0	Ct	0	1	0	0	0	0	0	0	1	0	0	0	0	0	0	0	0	0	0	0	0	0	0	0	0	1	0	0	1	0	0	0	3	0
1152	15 May 26	18:40:00	1	0	1	0	Ct	0	1	0	0	0	0	0	0	3	0	0	0	0	0	0	0	0	0	0	2	2	21	0	2	0	23	0	0	2	0	0	0	2	0
1153	15 May 26	18:45:00	1	0	1	0	Ct	0	1	0	0	0	3	0	0	7	0	0	0	0	0	0	0	0	0	0	2	8	0	0	73	0	2	0	2	0	0	0	0	2	0
1154	15 May 26	18:50:00	1	0	1	0	Ct	0	1	0	0	0	0	0	0	0	2	0	0	5	0	0	0	0	0	0	3	0	1	0	1	0	0	0	0	0	0	0	0	3	0
1155	15 May 26	18:55:00	1	0	1	0	Ct	0	1	0	0	0	0	0	0	1	0	0	0	0	9	0	23	0	0	0	0	0	14	0	0	0	0	0	0	1	0	0	0	1	0
1156	15 May 26	19:00:00	1	0	1	0	Ct	0	1	0	0	0	6	0	0	0	0	0	0	0	3	0	3	0	0	27	0	0	0	5	0	0	0	0	0	12	0	0	0	2	0
1157	15 May 26	19:05:00	1	0	1	0	Ct	0	1	1	0	0	8	0	0	0	0	0	0	0	0	0	0	0	0	0	0	0	14	3	0	0	0	0	0	3	0	0	0	2	0
1158	15 May 26	19:10:00	1	0	1	0	Ct	0	1	0	0	0	10	0	0	0	12	0	0	0	1	0	0	0	0	0	0	3	31	12	0	0	0	0	1	0	0	0	0	4	0
1159	15 May 26	19:15:00	1	0	1	0	Ct	0	1	0	0	0	0	0	0	0	28	0	0	0	2	0	0	0	0	0	0	9	5	2	0	0	0	0	1	0	0	0	0	2	0
1160	15 May 26	19:20:00	1	0	1	0	Ct	0	1	0	0	0	13	0	0	0	13	0	0	0	2	0	0	0	0	0	0	5	21	49	35	0	2	0	2	0	0	0	0	3	0
1161	15 May 26	19:25:00	1	0	1	0	Ct	0	1	0	0	0	13	0	0	0	0	0	0	0	0	0	0	0	0	19	7	2	1	21	47	0	3	0	0	0	0	1	0	1	0
1162	15 May 26	19:30:00	1	0	1	0	Ct	0	1	0	0	0	2	0	0	0	0	0	0	0	0	0	0	0	0	2	3	12	0	8	0	0	0	0	2	0	0	2	0	2	0
1163	15 May 26	19:35:00	1	0	1	0	Ct	0	1	0	0	0	0	0	0	0	12	0	0	0	0	0	0	0	0	7	0	5	1	10	2	0	0	0	1	0	0	1	0	1	0
1164	15 May 26	19:40:00	1	0	1	0	Ct	0	1	0	0	0	0	0	0	0	0	0	0	0	0	0	0	0	0	54	0	9	0	8	3	0	0	0	2	0	0	0	0	2	0
1165	15 May 26	19:45:00	1	0	1	0	Ct	0	1	0	0	0	0	0	0	0	1	0	0	0	0	0	0	0	0	31	0	6	0	5	1	0	5	0	0	0	0	0	0	4	0
1166	15 May 26	19:50:00	1	0	1	0	Ct	0	1	0	0	0	0	0	0	0	13	0	0	0	0	0	0	0	0	44	0	5	1	2	4	0	7	0	0	0	0	0	0	5	0
1167	15 May 26	19:55:00	1	0	1	0	Ct	0	1	0	0	0	0	0	0	0	0	0	0	0	2	0	0	0	0	1	0	0	4	6	2	0	8	0	0	0	0	2	0	2	0
1168	15 May 26	20:00:00	1	0	1	0	Ct	0	1	0	0	0	0	11	0	0	11	0	0	0	1	0	0	0	0	3	0	10	10	0	0	0	11	0	1	0	0	0	0	0	0
1169	15 May 26	20:05:00	1	0	1	0	Ct	0	1	0	0	0	0	0	0	0	0	0	0	0	3	0	0	0	0	0	0	1	6	0	3	0	5	0	1	0	0	2	0	1	0
1170	15 May 26	20:10:00	1	0	1	0	Ct	0	1	0	0	0	0	0	0	0	0	0	0	0	1	0	0	0	0	0	0	8	0	4	5	0	12	0	0	0	0	2	0	5	0
1171	15 May 26	20:15:00	1	0	1	0	Ct	0	1	0	0	0	0	0	0	0	0	0	0	0	0	0	0	7	0	0	0	10	0	6	11	0	9	0	0	0	0	7	0	0	0
1172	15 May 26	20:20:00	1	0	1	0	Ct	0	1	0	0	0	0	0	0	0	0	0	0	0	0	0	0	0	0	0	0	4	0	2	14	0	4	0	1	0	0	0	0	3	0
1173	15 May 26	20:25:00	1	0	1	0	Ct	0	1	0	0	0	0	0	0	0	0	0	0	0	3	0	0	0	0	9	3	9	0	4	8	0	9	0	2	2	0	4	0	3	0
1174	15 May 26	20:30:00	1	0	1	0	Ct	0	1	0	0	0	0	5	24	0	0	0	0	0	1	0	0	0	0	3	5	2	0	16	65	0	4	0	1	1	0	6	0	3	0
1175	15 May 26	20:35:00	1	0	1	0	Ct	0	1	0	0	0	0	0	21	0	0	0	0	0	3	0	0	0	0	44	2	6	0	0	4	0	8	0	2	0	0	9	0	7	0
1176	15 May 26	20:40:00	1	0	1	0	Ct	0	1	0	0	0	0	0	0	0	0	0	0	2	9	0	0	0	0	0	42	0	0	0	0	0	7	0	1	0	0	3	0	2	0
1177	15 May 26	20:45:00	1	0	1	0	Ct	0	1	0	0	0	0	7	0	0	0	0	0	9	4	0	0	0	0	0	37	0	0	0	2	0	0	0	2	0	0	1	0	2	0
1178	15 May 26	20:50:00	1	0	1	0	Ct	0	1	0	0	0	0	0	0	0	0	0	0	0	8	0	0	0	0	0	0	0	0	10	17	0	0	0	0	0	0	4	0	2	0
1179	15 May 26	20:55:00	1	0	1	0	Ct	0	1	0	0	0	0	0	0	0	4	0	0	0	0	0	0	0	0	0	0	1	0	3	0	0	0	0	3	0	0	9	0	3	0
1180	15 May 26	21:00:00	1	0	1	0	Ct	0	1	0	0	0	0	0	0	0	0	0	0	0	0	0	0	0	0	3	10	6	0	0	1	0	0	0	2	0	0	9	0	1	0
1181	15 May 26	21:05:00	1	0	1	0	Ct	0	1	0	0	0	0	0	0	0	2	0	0	0	0	0	0	0	0	30	0	5	0	9	3	0	0	0	1	0	0	9	0	3	0
1182	15 May 26	21:10:00	1	0	1	0	Ct	0	1	0	0	0	0	0	0	0	0	0	0	0	0	0	0	0	0	30	0	11	0	12	0	0	10	0	2	0	0	2	0	4	0
1183	15 May 26	21:15:00	1	0	1	0	Ct	0	1	0	0	0	0	0	0	0	0	0	0	0	1	0	0	0	0	43	6	0	0	5	0	0	9	0	3	0	0	3	0	3	0
1184	15 May 26	21:20:00	1	0	1	0	Ct	0	1	0	0	0	0	0	0	0	0	0	0	0	2	0	0	0	0	0	4	2	0	0	0	0	8	0	2	0	0	4	0	2	0
1185	15 May 26	21:25:00	1	0	1	0	Ct	0	1	0	0	0	0	0	0	0	0	0	0	0	20	0	0	0	0	0	0	7	0	7	10	0	6	0	0	0	0	12	0	0	0
1186	15 May 26	21:30:00	1	0	1	0	Ct	0	1	0	0	0	0	0	0	0	0	0	0	0	8	0	0	0	0	0	5	13	0	4	55	0	10	0	1	0	0	13	0	1	0
1187	15 May 26	21:35:00	1	0	1	0	Ct	0	1	0	0	0	0	0	0	0	0	0	0	0	6	0	0	0	0	0	0	0	0	13	4	0	2	0	1	8	0	6	0	2	0
1188	15 May 26	21:40:00	1	0	1	0	Ct	0	1	0	0	0	0	0	0	0	0	0	0	0	8	0	0	0	0	9	0	0	0	8	0	0	8	0	4	8	0	5	0	1	0
1189	15 May 26	21:45:00	1	0	1	0	Ct	0	1	0	0	0	0	0	0	0	0	12	0	0	5	0	0	0	0	34	0	0	0	6	0	0	0	0	2	0	0	3	0	2	0
1190	15 May 26	21:50:00	1	0	1	0	Ct	0	1	0	0	2	0	0	0	0	0	15	0	0	2	0	0	0	0	4	0	0	0	4	0	0	0	2	0	0	0	0	0	7	0
1191	15 May 26	21:55:00	1	0	1	0	Ct	0	1	17	0	2	0	0	0	0	0	0	0	0	6	0	0	0	0	0	2	0	0	4	24	0	0	0	2	0	0	0	0	4	0
1192	15 May 26	22:00:00	1	0	1	0	Ct	0	1	40	0	0	0	0	0	0	0	0	0	0	3	0	0	0	0	0	3	0	0	2	7	0	0	4	0	3	0	1	0	5	0
1193	15 May 26	22:05:00	1	0	1	0	Ct	0	1	0	0	0	7	0	0	0	9	0	0	0	5	0	0	5	0	13	1	3	0	18	0	0	0	0	7	3	0	12	0	12	0
1194	15 May 26	22:10:00	1	0	1	0	Ct	0	0	17	0	0	8	3	0	10	12	31	0	0	4	0	0	2	0	17	5	0	0	7	0	0	0	0	5	0	0	0	0	0	0
1195	15 May 26	22:15:00	1	0	1	0	Ct	0	0	1	0	6	5	4	0	11	7	17	0	0	7	0	0	3	0	23	6	0	0	0	0	0	0	0	8	0	0	0	0	0	0
1196	15 May 26	22:20:00	1	0	1	0	Ct	0	0	3	0	0	12	1	0	0	16	3	0	0	6	0	0	3	0	15	2	0	0	0	0	0	0	16	0	0	0	0	0	0	0
1197	15 May 26	22:25:00	1	0	1	0	Ct	0	0	0	0	0	7	5	0	0	6	0	0	0	5	0	0	0	0	12	3	0	0	17	0	0	4	0	6	0	0	0	0	0	0
1198	15 May 26	22:30:00	1	0	1	0	Ct	0	0	0	0	0	13	3	6	0	2	0	0	0	1	0	0	2	0	16	12	0	0	18	0	0	3	0	0	0	0	0	0	0	0
1199	15 May 26	22:35:00	1	0	1	0	Ct	0	0	0	0	2	9	6	58	0	4	0	0	0	6	0	0	0	0	8	3	3	0	0	4	0	0	0	0	0	0	0	0	0	0
1200	15 May 26	22:40:00	1	0	1	0	Ct	0	0	0	0	0	12	2	1	0	2	0	0	0	3	0	0	0	0	12	7	0	0	0	1	0	0	0	0	0	0	0	0	0	0
1201	15 May 26	22:45:00	1	0	1	0	Ct	0	0	0	0	0	3	7	0	5	4	0	0	0	3	0	0	0	0	0	0	0	6	0	0	0	0	0	7	0	0	0	0	0	0
1202	15 May 26	22:50:00	1	0	1	0	Ct	0	0	0	0	0	9	1	0	3	1	17	0	0	3	0	0	0	0	0	3	0	0	0	0	0	0	0	5	0	0	3	0	0	0
1203	15 May 26	22:55:00	1	0	1	0	Ct	0	0	0	0	0	13	3	0	0	23	8	0	0	4	0	0	1	0	21	1	0	0	0	0	0	0	12	1	0	0	0	0	0	0
1204	15 May 26	23:00:00	1	0	1	0	Ct	0	0	0	0	3	2	4	0	2	3	0	0	0	0	0	0	0	0	9	2	0	0	3	0	0	0	0	1	0	0	0	0	0	0
1205	15 May 26	23:05:00	1	0	1	0	Ct	0	0	0	0	4	1	7	0	0	4	18	0	0	9	0	0	0	0	0	8	0	0	2	0	0	0	0	0	0	0	2	0	0	0
1206	15 May 26	23:10:00	1	0	1	0	Ct	0	0	0	0	0	8	7	0	0	3	30	0	0	5	0	0	0	0	0	9	0	0	24	0	0	0	0	1	0	0	0	0	4	0
1207	15 May 26	23:15:00	1	0	1	0	Ct	0	0	0	0	0	4	0	0	0	2	15	0	0	6	0	0	0	0	0	1	4	0	5	2	0	0	0	3	0	0	2	0	0	0
1208	15 May 26	23:20:00	1	0	1	0	Ct	0	0	0	0	0	9	7	0	0	0	0	0	0	7	0	0	0	0	0	0	0	0	0	0	0	0	0	1	0	0	0	0	0	0
1209	15 May 26	23:25:00	1	0	1	0	Ct	0	0	0	0	0	3	0	0	14	3	0	0	0	6	0	0	0	0	0	0	0	0	0	0	0	0	0	0	0	0	0	0	0	0
1210	15 May 26	23:30:00	1	0	1	0	Ct	0	0	0	0	0	0	0	0	0	7	17	0	0	4	0	0	0	0	4	1	2	0	44	0	0	4	0	0	0	0	0	0	32	0
1211	15 May 26	23:35:00	1	0	1	0	Ct	0	0	32	0	0	0	0	0	0	4	0	0	0	2	0	0	0	0	0	0	0	0	3	0	0	0	7	0	0	0	0	0	15	0
1212	15 May 26	23:40:00	1	0	1	0	Ct	0	0	44	0	0	0	0	0	8	21	6	0	0	0	0	0	0	0	23	2	0	0	0	0	0	0	0	0	0	0	0	0	0	0
1213	15 May 26	23:45:00	1	0	1	0	Ct	0	0	26	0	8	0	8	0	35	0	0	0	0	2	0	0	0	0	31	5	0	0	0	0	0	0	0	0	0	0	0	0	0	0
1214	15 May 26	23:50:00	1	0	1	0	Ct	0	0	84	0	10	0	6	0	19	2	14	0	0	2	0	0	0	0	20	6	0	0	14	0	0	0	0	0	0	0	4	0	0	0
1215	15 May 26	23:55:00	1	0	1	0	Ct	0	0	4	0	0	0	0	0	0	0	0	0	0	5	0	0	0	0	14	6	0	0	7	0	0	0	0	0	0	0	0	0	0	0
1216	16 May 26	00:00:00	1	0	1	0	Ct	0	0	0	0	5	0	0	0	0	0	0	0	0	2	0	0	0	0	6	6	0	0	0	0	0	0	0	0	0	0	2	0	0	0
1217	16 May 26	00:05:00	1	0	1	0	Ct	0	0	0	0	0	0	0	0	0	0	0	0	0	10	0	0	0	0	0	0	0	0	0	0	0	0	0	0	0	0	0	0	0	0
1218	16 May 26	00:10:00	1	0	1	0	Ct	0	0	0	0	2	39	0	0	0	0	0	0	9	24	0	0	0	0	0	0	0	0	0	0	0	0	0	0	0	0	0	0	0	0
1219	16 May 26	00:15:00	1	0	1	0	Ct	0	0	0	0	0	0	0	0	0	0	0	0	14	1	0	0	0	0	6	3	0	0	4	0	0	0	0	0	0	0	0	0	1	0
1220	16 May 26	00:20:00	1	0	1	0	Ct	0	0	0	0	5	0	0	0	0	0	0	0	69	8	0	0	0	0	0	0	0	0	0	0	0	0	0	0	0	0	0	0	0	0
1221	16 May 26	00:25:00	1	0	1	0	Ct	0	0	0	0	0	16	0	0	0	0	0	0	3	13	0	0	0	0	0	0	0	0	4	0	0	3	0	0	0	0	0	0	0	0
1222	16 May 26	00:30:00	1	0	1	0	Ct	0	0	0	0	4	7	0	0	0	6	11	0	0	23	0	0	0	0	24	0	0	0	8	0	0	1	0	0	0	0	0	0	0	0
1223	16 May 26	00:35:00	1	0	1	0	Ct	0	0	0	0	0	7	0	0	1	0	68	0	0	2	0	0	0	0	13	6	0	0	12	0	0	0	0	2	0	0	0	0	1	0
1224	16 May 26	00:40:00	1	0	1	0	Ct	0	0	0	0	0	14	0	0	4	0	32	0	0	4	0	0	0	0	13	0	0	0	38	0	0	0	0	3	0	0	0	0	0	0
1225	16 May 26	00:45:00	1	0	1	0	Ct	0	0	0	0	23	0	0	0	0	0	0	0	0	5	0	0	0	0	18	4	0	0	2	0	0	0	0	0	0	0	0	0	0	0
1226	16 May 26	00:50:00	1	0	1	0	Ct	0	0	0	0	3	0	0	0	0	0	0	0	0	1	0	0	0	0	0	0	0	0	0	0	0	0	0	0	0	0	0	0	0	0
1227	16 May 26	00:55:00	1	0	1	0	Ct	0	0	0	0	2	10	0	0	3	0	2	0	0	1	0	0	0	0	0	5	0	0	0	0	0	0	0	0	0	0	0	0	0	0
1228	16 May 26	01:00:00	1	0	1	0	Ct	0	0	0	0	0	0	0	0	1	0	0	0	0	2	0	0	0	0	0	2	0	0	0	0	0	0	0	0	0	0	0	0	7	0
1229	16 May 26	01:05:00	1	0	1	0	Ct	0	0	0	0	2	0	0	0	0	0	0	0	0	0	0	0	0	0	3	11	0	0	0	0	0	1	0	0	0	0	0	0	0	0
1230	16 May 26	01:10:00	1	0	1	0	Ct	0	0	0	0	3	0	0	0	0	0	0	0	0	10	0	0	0	0	0	48	0	0	0	0	0	0	0	0	0	0	0	0	9	0
1231	16 May 26	01:15:00	1	0	1	0	Ct	0	0	0	0	6	0	0	0	0	0	6	0	0	9	0	0	0	0	0	0	0	0	7	0	0	0	0	0	0	0	0	0	0	0
1232	16 May 26	01:20:00	1	0	1	0	Ct	0	0	0	0	8	0	0	0	0	0	0	0	0	4	0	0	0	0	0	0	0	0	0	2	0	0	0	0	0	0	0	0	0	0
1233	16 May 26	01:25:00	1	0	1	0	Ct	0	0	59	0	3	0	0	0	0	0	13	0	0	1	0	0	0	0	0	2	0	0	0	0	0	0	0	0	0	0	0	0	0	0
1234	16 May 26	01:30:00	1	0	1	0	Ct	0	0	56	0	0	0	0	0	0	0	26	0	0	5	0	0	0	0	0	0	0	2	0	0	0	0	0	0	0	0	0	0	0	0
1235	16 May 26	01:35:00	1	0	1	0	Ct	0	0	98	0	0	0	0	0	0	0	0	0	0	3	0	0	0	0	0	0	0	1	0	0	0	0	0	0	0	0	0	0	0	0
1236	16 May 26	01:40:00	1	0	1	0	Ct	0	0	31	0	7	0	0	0	0	0	0	0	0	9	0	0	0	0	0	0	0	0	0	0	0	0	0	0	0	0	0	0	0	0
1237	16 May 26	01:45:00	1	0	1	0	Ct	0	0	0	0	0	0	0	0	0	0	0	0	0	5	0	0	0	0	0	0	0	0	0	0	0	0	0	0	3	0	0	0	0	0
1238	16 May 26	01:50:00	1	0	1	0	Ct	0	0	0	0	7	0	0	0	2	0	0	0	0	0	0	0	0	0	0	0	0	0	0	0	0	2	0	0	0	0	0	0	0	0
1239	16 May 26	01:55:00	1	0	1	0	Ct	0	0	0	0	0	0	0	0	0	0	0	0	0	0	0	0	0	0	0	0	0	0	0	0	0	0	0	0	0	0	0	0	3	0
1240	16 May 26	02:00:00	1	0	1	0	Ct	0	0	0	0	3	0	0	0	0	0	0	0	0	0	0	0	0	0	0	0	0	0	0	0	0	0	0	0	0	0	0	0	1	0
1241	16 May 26	02:05:00	1	0	1	0	Ct	0	0	0	0	6	0	0	0	0	0	0	0	0	0	0	0	0	0	0	18	0	0	0	0	0	0	0	0	0	0	0	0	0	0
1242	16 May 26	02:10:00	1	0	1	0	Ct	0	0	0	0	2	0	0	0	0	0	0	0	0	0	0	0	0	0	0	0	0	0	0	0	0	14	0	0	0	0	0	0	0	0
1243	16 May 26	02:15:00	1	0	1	0	Ct	0	0	0	0	0	0	0	0	0	0	17	0	0	0	0	0	0	0	0	0	0	4	0	0	0	15	0	0	0	0	0	0	0	0
1244	16 May 26	02:20:00	1	0	1	0	Ct	0	0	0	0	7	0	0	0	0	0	0	0	0	0	0	0	0	0	0	0	0	0	0	0	0	24	0	0	0	0	0	0	0	0
1245	16 May 26	02:25:00	1	0	1	0	Ct	0	0	0	0	7	0	0	0	0	0	0	0	0	0	0	0	0	0	0	0	0	0	0	0	0	0	0	0	0	0	0	0	0	0
1246	16 May 26	02:30:00	1	0	1	0	Ct	0	0	0	0	0	0	0	0	0	0	3	0	0	0	0	0	0	0	0	0	0	0	0	0	0	0	0	0	0	0	0	0	0	0
1247	16 May 26	02:35:00	1	0	1	0	Ct	0	0	0	0	5	0	0	0	0	0	0	0	0	0	0	0	0	0	0	0	0	0	5	15	0	5	0	0	0	0	0	0	0	0
1248	16 May 26	02:40:00	1	0	1	0	Ct	0	0	0	0	0	0	0	0	0	0	0	0	0	0	0	0	0	0	0	0	0	0	1	13	0	9	0	0	0	0	0	0	0	0
1249	16 May 26	02:45:00	1	0	1	0	Ct	0	0	0	0	2	10	0	0	0	0	0	0	0	0	0	0	0	0	0	0	0	0	28	7	0	0	0	0	0	0	0	0	0	0
1250	16 May 26	02:50:00	1	0	1	0	Ct	0	0	0	0	11	0	0	0	0	0	0	0	0	1	0	0	0	0	0	0	0	0	15	4	0	0	0	0	0	0	0	0	0	0
1251	16 May 26	02:55:00	1	0	1	0	Ct	0	0	0	0	1	0	0	0	0	0	0	0	0	0	0	0	0	0	0	0	0	0	0	45	0	0	0	0	0	0	0	0	0	0
1252	16 May 26	03:00:00	1	0	1	0	Ct	0	0	0	0	8	0	0	0	0	8	0	0	11	0	0	0	0	0	0	0	0	0	0	0	0	0	0	0	0	0	0	0	0	0
1253	16 May 26	03:05:00	1	0	1	0	Ct	0	0	0	0	6	6	0	0	0	0	0	0	2	0	0	0	0	0	0	0	0	0	0	0	0	0	0	0	0	0	0	0	0	0
1254	16 May 26	03:10:00	1	0	1	0	Ct	0	0	0	0	8	9	0	0	0	0	0	0	0	0	0	0	0	0	0	0	0	0	3	0	0	0	0	4	0	0	0	0	0	0
1255	16 May 26	03:15:00	1	0	1	0	Ct	0	0	0	0	15	28	0	0	0	0	0	0	0	0	0	0	0	0	0	0	0	0	2	0	0	0	0	0	36	0	0	0	0	0
1256	16 May 26	03:20:00	1	0	1	0	Ct	0	0	0	0	2	0	0	0	0	0	0	0	0	0	0	0	0	0	0	0	0	0	1	0	0	6	0	0	0	0	0	0	0	0
1257	16 May 26	03:25:00	1	0	1	0	Ct	0	0	0	0	11	0	0	0	0	0	0	0	0	0	0	0	0	0	0	0	0	0	12	0	0	0	0	0	0	0	0	0	0	0
1258	16 May 26	03:30:00	1	0	1	0	Ct	0	0	0	0	4	0	0	0	0	0	14	0	0	0	0	0	0	0	0	0	6	0	46	0	0	0	0	0	0	0	0	0	0	0
1259	16 May 26	03:35:00	1	0	1	0	Ct	0	0	0	0	0	0	0	0	0	0	0	0	0	0	0	0	0	0	0	1	1	0	32	2	0	0	0	0	0	0	0	0	0	0
1260	16 May 26	03:40:00	1	0	1	0	Ct	0	0	0	0	0	0	0	0	0	0	0	0	0	0	0	0	0	0	0	0	23	0	7	1	0	0	0	0	0	0	0	0	0	0
1261	16 May 26	03:45:00	1	0	1	0	Ct	0	0	0	0	2	0	0	0	0	0	0	0	8	0	0	0	0	0	0	0	0	0	17	0	0	0	0	0	0	0	0	0	0	0
1262	16 May 26	03:50:00	1	0	1	0	Ct	0	0	0	0	0	0	0	0	0	0	0	0	0	0	0	0	0	0	0	0	0	0	14	0	0	0	0	0	0	0	0	0	0	0
1263	16 May 26	03:55:00	1	0	1	0	Ct	0	0	0	0	2	0	0	0	0	0	0	0	0	0	0	0	0	0	0	0	0	3	1	6	0	0	0	0	0	0	0	0	0	0
1264	16 May 26	04:00:00	1	0	1	0	Ct	0	0	0	0	8	8	0	0	0	0	0	0	0	0	0	0	0	0	0	0	0	2	0	7	0	0	0	0	0	0	0	0	0	0
1265	16 May 26	04:05:00	1	0	1	0	Ct	0	0	0	0	9	0	0	0	0	0	0	0	0	0	0	0	0	0	0	0	0	5	8	0	0	0	0	0	0	0	0	0	0	0
1266	16 May 26	04:10:00	1	0	1	0	Ct	0	0	0	0	9	27	0	0	0	0	0	0	0	0	0	0	0	0	0	0	0	0	1	10	0	0	0	0	0	0	0	0	0	0
1267	16 May 26	04:15:00	1	0	1	0	Ct	0	0	0	0	9	2	0	0	0	0	0	0	0	0	0	0	0	0	0	0	0	0	13	0	0	0	0	0	0	0	0	0	0	0
1268	16 May 26	04:20:00	1	0	1	0	Ct	0	0	0	0	4	0	0	0	0	0	0	0	0	0	0	0	0	0	0	0	0	3	8	0	0	0	0	0	0	0	0	0	0	0
1269	16 May 26	04:25:00	1	0	1	0	Ct	0	0	0	0	5	0	0	0	0	0	0	0	0	0	0	0	0	0	0	0	0	11	0	4	0	0	0	0	0	0	0	0	0	0
1270	16 May 26	04:30:00	1	0	1	0	Ct	0	0	0	0	6	0	0	0	0	0	10	0	0	0	0	0	0	0	0	0	0	0	1	24	0	0	0	0	0	0	0	0	0	0
1271	16 May 26	04:35:00	1	0	1	0	Ct	0	0	0	0	16	0	0	0	0	5	15	0	0	0	0	0	0	0	0	0	0	1	0	1	0	0	0	0	0	0	0	0	0	0
1272	16 May 26	04:40:00	1	0	1	0	Ct	0	0	0	0	13	0	0	0	0	1	0	0	0	0	0	0	0	0	0	0	0	12	0	2	0	0	0	0	0	0	0	0	0	0
1273	16 May 26	04:45:00	1	0	1	0	Ct	0	0	0	0	5	0	0	0	0	0	0	0	8	0	0	0	0	0	0	0	0	7	0	1	0	0	0	0	0	0	0	0	0	0
1274	16 May 26	04:50:00	1	0	1	0	Ct	0	0	0	0	10	0	0	0	0	0	0	0	0	0	0	0	0	0	0	0	0	0	0	14	0	0	0	0	0	0	0	0	0	0
1275	16 May 26	04:55:00	1	0	1	0	Ct	0	0	0	0	16	0	0	0	0	0	0	0	0	0	0	0	0	0	0	0	0	17	0	43	0	0	0	0	0	0	0	0	0	0
1276	16 May 26	05:00:00	1	0	1	0	Ct	0	0	0	0	22	0	0	0	0	0	0	0	0	0	0	0	0	0	0	0	0	0	12	0	0	1	0	0	0	0	0	0	0	0
1277	16 May 26	05:05:00	1	0	1	0	Ct	0	0	0	0	0	0	0	0	2	0	0	0	0	0	0	0	0	0	0	0	0	0	1	0	0	0	0	0	0	0	0	0	0	0
1278	16 May 26	05:10:00	1	0	1	0	Ct	0	0	0	0	0	0	0	0	0	0	0	0	0	0	0	0	0	0	0	0	0	0	0	12	0	0	0	0	0	0	0	0	0	0
1279	16 May 26	05:15:00	1	0	1	0	Ct	0	0	0	0	0	0	0	0	0	0	0	0	0	0	0	0	0	0	0	0	0	0	46	58	0	0	0	3	0	0	0	0	0	0
1280	16 May 26	05:20:00	1	0	1	0	Ct	0	0	0	0	0	0	0	0	0	0	54	0	0	0	0	0	0	0	0	0	0	0	26	1	0	0	0	0	0	0	0	0	0	0
1281	16 May 26	05:25:00	1	0	1	0	Ct	0	0	1	0	0	0	0	0	0	0	35	0	0	0	0	0	0	0	0	0	0	0	0	8	0	0	0	0	0	0	0	0	0	0
1282	16 May 26	05:30:00	1	0	1	0	Ct	0	0	0	0	0	0	0	0	0	0	0	0	0	0	0	0	0	0	0	0	0	0	1	29	0	0	6	0	0	0	0	0	0	0
1283	16 May 26	05:35:00	1	0	1	0	Ct	0	0	0	0	0	0	0	0	0	0	0	0	0	0	0	0	0	0	0	0	0	0	0	0	0	0	0	0	0	0	0	0	0	0
1284	16 May 26	05:40:00	1	0	1	0	Ct	0	0	0	0	0	0	0	0	0	0	0	0	0	0	0	0	0	0	0	0	0	0	8	1	0	0	0	0	0	0	0	0	0	0
1285	16 May 26	05:45:00	1	0	1	0	Ct	0	0	0	0	0	0	0	0	0	0	0	0	0	0	0	0	0	0	0	0	0	0	0	2	0	0	0	0	0	0	0	0	0	0
1286	16 May 26	05:50:00	1	0	1	0	Ct	0	0	0	0	0	0	0	0	0	0	0	0	0	0	0	0	0	0	0	0	0	0	10	11	0	0	0	0	0	0	0	0	0	0
1287	16 May 26	05:55:00	1	0	1	0	Ct	0	0	1	0	0	0	0	0	0	0	0	0	0	0	0	0	0	0	0	0	0	0	0	3	0	0	0	0	0	0	0	0	0	0
1288	16 May 26	06:00:00	1	0	1	0	Ct	0	0	0	0	0	0	0	0	0	0	0	0	0	0	0	0	0	0	0	0	0	0	0	0	0	0	0	0	0	0	0	0	0	0
1289	16 May 26	06:05:00	1	0	1	0	Ct	0	0	1	0	0	0	0	0	0	0	0	0	0	0	0	0	0	0	0	0	0	0	3	34	0	0	0	0	0	0	0	0	0	0
1290	16 May 26	06:10:00	1	0	1	0	Ct	0	0	0	0	0	0	6	0	0	0	0	0	0	0	0	0	0	0	0	0	0	0	0	29	0	0	0	0	0	0	0	0	0	0
1291	16 May 26	06:15:00	1	0	1	0	Ct	0	0	0	0	0	0	0	0	0	0	0	0	0	0	0	0	0	0	0	0	0	0	1	21	0	0	0	0	0	0	0	0	0	0
1292	16 May 26	06:20:00	1	0	1	0	Ct	0	0	0	0	0	0	0	0	0	0	0	0	0	0	0	0	0	0	0	0	0	0	0	0	0	0	5	0	0	0	0	0	0	0
1293	16 May 26	06:25:00	1	0	1	0	Ct	0	0	0	0	0	0	0	0	0	0	0	0	0	0	0	0	0	0	0	0	0	0	0	0	0	0	0	0	0	0	0	0	0	0
1294	16 May 26	06:30:00	1	0	1	0	Ct	0	0	0	0	0	0	0	0	0	0	0	0	0	0	0	0	0	0	0	0	67	0	17	7	0	8	0	0	0	0	0	0	0	0
1295	16 May 26	06:35:00	1	0	1	0	Ct	0	0	0	0	0	0	2	0	0	0	0	0	0	0	0	0	0	0	0	0	0	0	0	2	0	0	0	0	0	0	0	0	0	0
1296	16 May 26	06:40:00	1	0	1	0	Ct	0	0	0	0	0	0	10	0	0	0	4	0	0	0	0	0	0	0	0	0	0	0	0	19	0	9	0	0	0	0	0	0	0	0
1297	16 May 26	06:45:00	1	0	1	0	Ct	0	0	0	0	0	0	0	0	0	0	0	0	0	0	0	0	0	0	0	0	0	0	0	15	0	0	0	0	0	0	0	0	0	0
1298	16 May 26	06:50:00	1	0	1	0	Ct	0	0	0	0	0	0	0	0	0	0	0	0	0	0	0	0	0	0	0	0	0	0	7	0	0	0	0	0	0	0	0	0	0	0
1299	16 May 26	06:55:00	1	0	1	0	Ct	0	0	0	0	0	0	0	0	0	0	9	0	0	0	0	0	0	0	0	0	0	0	0	8	0	0	0	0	0	0	0	0	0	0
1300	16 May 26	07:00:00	1	0	1	0	Ct	0	0	0	0	0	0	0	0	2	0	31	0	0	0	0	0	0	0	0	0	0	0	0	0	0	0	0	0	0	0	0	0	0	0
1301	16 May 26	07:05:00	1	0	1	0	Ct	0	0	0	0	0	0	0	0	1	0	0	0	0	0	0	0	0	0	0	0	0	0	1	0	0	0	0	0	0	0	0	0	0	0
1302	16 May 26	07:10:00	1	0	1	0	Ct	0	0	0	0	0	0	0	0	0	0	0	0	0	0	0	0	0	0	0	0	0	0	1	0	0	0	0	0	0	0	0	0	0	0
1303	16 May 26	07:15:00	1	0	1	0	Ct	0	0	0	0	0	0	0	0	0	0	0	0	0	0	0	0	0	0	0	0	0	1	0	11	0	0	0	0	0	0	0	0	2	0
1304	16 May 26	07:20:00	1	0	1	0	Ct	0	0	0	0	0	0	0	0	0	0	0	0	0	0	0	0	0	0	0	0	0	3	2	0	0	0	0	0	0	0	0	0	6	0
1305	16 May 26	07:25:00	1	0	1	0	Ct	0	0	0	0	0	0	0	0	0	0	40	0	0	0	0	0	0	0	0	0	0	0	2	0	0	0	0	0	0	0	0	0	0	0
1306	16 May 26	07:30:00	1	0	1	0	Ct	0	0	0	0	0	0	0	0	0	0	0	0	0	0	0	0	0	0	0	0	0	5	14	0	0	0	0	0	0	0	0	0	0	0
1307	16 May 26	07:35:00	1	0	1	0	Ct	0	0	0	0	0	0	0	0	0	0	0	0	0	0	0	0	0	0	0	0	0	8	5	0	0	0	0	0	0	0	0	0	0	0
1308	16 May 26	07:40:00	1	0	1	0	Ct	0	0	0	0	0	0	0	0	0	0	0	0	0	0	0	0	0	0	0	0	0	0	0	0	0	0	0	0	0	0	0	0	0	0
1309	16 May 26	07:45:00	1	0	1	0	Ct	0	0	0	0	0	0	0	0	0	0	0	0	0	0	0	0	0	0	0	0	0	0	0	35	0	0	0	0	0	0	0	0	0	0
1310	16 May 26	07:50:00	1	0	1	0	Ct	0	0	0	0	0	0	0	0	0	0	0	0	0	0	0	0	0	0	0	0	0	9	0	2	0	0	0	0	0	0	0	0	0	0
1311	16 May 26	07:55:00	1	0	1	0	Ct	0	0	0	0	0	0	9	0	0	0	0	0	0	0	0	0	0	0	0	0	0	0	0	0	0	0	0	0	0	0	0	0	0	0
1312	16 May 26	08:00:00	1	0	1	0	Ct	0	0	0	0	0	0	0	0	0	0	0	0	0	0	0	0	0	0	0	0	0	0	0	1	0	0	0	0	0	0	0	0	0	0
1313	16 May 26	08:05:00	1	0	1	0	Ct	0	0	0	0	0	0	0	0	0	0	0	0	0	0	0	0	0	0	0	0	0	2	0	0	0	0	0	0	0	0	0	0	0	0
1314	16 May 26	08:10:00	1	0	1	0	Ct	0	0	0	0	0	0	0	0	0	0	0	0	0	0	0	0	0	0	0	0	0	2	0	4	0	0	0	0	0	0	0	0	0	0
1315	16 May 26	08:15:00	1	0	1	0	Ct	0	0	0	0	0	0	0	0	0	0	0	0	0	0	0	0	0	0	0	0	0	1	0	0	0	0	0	0	0	0	0	0	0	0
1316	16 May 26	08:20:00	1	0	1	0	Ct	0	0	0	0	0	0	0	0	0	0	10	0	0	0	0	0	0	0	0	0	0	1	0	0	0	0	0	0	0	0	0	0	0	0
1317	16 May 26	08:25:00	1	0	1	0	Ct	0	0	0	0	0	0	0	0	0	0	0	0	0	0	0	0	0	0	0	0	0	0	0	3	0	0	0	0	0	0	0	0	0	0
1318	16 May 26	08:30:00	1	0	1	0	Ct	0	0	0	0	0	0	0	0	0	0	0	0	0	0	0	0	0	0	0	0	0	0	0	0	0	0	0	0	0	0	0	0	0	0
1319	16 May 26	08:35:00	1	0	1	0	Ct	0	0	0	0	0	0	0	0	0	0	0	0	0	0	0	0	0	0	0	0	0	0	0	5	0	0	0	4	0	0	0	0	0	0
1320	16 May 26	08:40:00	1	0	1	0	Ct	0	0	0	0	0	0	0	0	0	0	0	0	0	0	0	0	0	0	0	0	0	0	0	6	0	0	0	0	0	0	0	0	0	0
1321	16 May 26	08:45:00	1	0	1	0	Ct	0	0	0	0	0	0	0	0	0	0	0	0	0	0	0	0	0	0	0	0	0	0	0	0	0	0	0	0	0	0	0	0	0	0
1322	16 May 26	08:50:00	1	0	1	0	Ct	0	0	0	0	0	0	0	0	0	0	0	0	0	0	0	0	0	0	0	0	0	0	0	0	0	0	0	0	0	0	0	0	0	0
1323	16 May 26	08:55:00	1	0	1	0	Ct	0	0	0	0	0	0	0	0	0	0	0	0	0	0	0	0	0	0	0	0	0	0	0	0	0	0	0	0	0	0	0	0	0	0
1324	16 May 26	09:00:00	1	0	1	0	Ct	0	0	0	0	0	0	0	0	1	0	0	0	0	0	0	0	0	0	0	10	0	0	0	6	0	0	0	0	0	0	0	0	0	0
1325	16 May 26	09:05:00	1	0	1	0	Ct	0	0	0	0	0	0	0	0	37	0	0	0	0	0	0	0	0	0	0	0	0	0	0	2	0	0	0	0	0	0	0	0	0	0
1326	16 May 26	09:10:00	1	0	1	0	Ct	0	0	2	0	0	0	0	0	1	5	8	0	0	0	0	0	0	0	0	0	0	0	0	0	0	0	0	0	0	0	0	0	4	0
1327	16 May 26	09:15:00	1	0	1	0	Ct	0	0	4	0	0	0	0	0	2	6	0	0	0	0	0	0	0	0	0	0	0	0	0	0	0	0	0	0	0	0	0	0	0	0
1328	16 May 26	09:20:00	1	0	1	0	Ct	0	0	0	0	0	0	0	0	0	3	7	0	0	0	0	0	0	0	0	0	0	0	10	1	0	0	0	0	0	0	0	0	0	0
1329	16 May 26	09:25:00	1	0	1	0	Ct	0	0	0	0	0	0	0	0	0	3	2	0	0	0	0	0	0	0	0	0	0	0	0	0	0	0	0	0	0	0	0	0	0	0
1330	16 May 26	09:30:00	1	0	1	0	Ct	0	0	4	0	0	0	0	0	0	13	11	0	0	0	0	0	0	0	0	0	0	0	0	7	0	0	0	0	0	0	0	0	0	0
1331	16 May 26	09:35:00	1	0	1	0	Ct	0	0	0	0	0	0	0	0	0	4	0	0	0	0	0	0	0	0	0	0	0	0	1	0	0	0	0	0	0	0	0	0	0	0
1332	16 May 26	09:40:00	1	0	1	0	Ct	0	0	0	0	0	0	0	0	0	1	0	0	0	0	0	0	0	0	0	0	0	0	0	0	0	0	0	0	0	0	0	0	0	0
1333	16 May 26	09:45:00	1	0	1	0	Ct	0	0	0	0	0	0	0	0	0	3	7	0	0	0	0	0	0	0	0	23	0	0	0	7	0	0	0	0	0	0	0	0	0	0
1334	16 May 26	09:50:00	1	0	1	0	Ct	0	0	0	0	0	0	0	0	0	4	0	0	0	0	0	0	0	0	0	0	0	0	0	11	0	0	0	0	0	0	0	0	0	0
1335	16 May 26	09:55:00	1	0	1	0	Ct	0	0	0	0	0	0	0	0	0	3	0	0	0	0	0	0	0	0	0	0	0	0	1	0	0	0	0	0	0	0	0	0	0	0
1336	16 May 26	10:00:00	1	0	1	0	Ct	0	1	0	0	0	0	0	0	0	9	0	0	0	0	0	0	0	0	0	0	0	0	16	6	0	0	0	1	0	0	0	0	6	0
1337	16 May 26	10:05:00	1	0	1	0	Ct	0	1	0	0	0	0	0	0	0	28	0	0	0	0	0	0	0	0	0	10	0	0	10	40	0	6	1	7	0	0	0	0	17	0
1338	16 May 26	10:10:00	1	0	1	0	Ct	0	1	0	0	0	0	0	0	0	0	0	0	0	0	0	0	0	0	0	19	13	0	0	20	0	7	0	10	0	0	0	0	4	0
1339	16 May 26	10:15:00	1	0	1	0	Ct	0	1	0	0	0	0	0	0	2	0	19	0	0	0	0	0	0	0	0	17	31	10	2	0	0	13	0	10	0	0	2	0	2	0
1340	16 May 26	10:20:00	1	0	1	0	Ct	0	1	0	0	0	0	0	0	0	0	9	0	0	0	0	0	0	0	0	0	42	9	19	1	0	10	1	7	0	0	3	0	6	0
1341	16 May 26	10:25:00	1	0	1	0	Ct	0	1	0	0	0	0	0	0	0	0	16	0	0	0	0	0	0	0	0	0	6	0	7	6	0	9	9	8	0	0	7	0	8	0
1342	16 May 26	10:30:00	1	0	1	0	Ct	0	1	0	0	0	0	0	0	2	0	2	0	0	4	0	0	0	0	0	0	9	16	7	55	0	6	1	7	0	0	7	0	4	0
1343	16 May 26	10:35:00	1	0	1	0	Ct	0	1	0	0	0	0	0	0	0	0	15	0	0	3	0	0	0	0	0	0	38	10	0	21	0	9	4	9	0	0	11	0	4	0
1344	16 May 26	10:40:00	1	0	1	0	Ct	0	1	0	0	0	0	0	0	0	0	20	0	0	0	0	0	0	0	0	0	2	35	15	1	0	8	2	4	2	0	10	0	11	0
1345	16 May 26	10:45:00	1	0	1	0	Ct	0	1	0	0	0	0	0	0	0	0	36	0	0	5	0	0	0	0	0	0	11	5	3	36	0	12	0	7	4	0	14	0	6	0
1346	16 May 26	10:50:00	1	0	1	0	Ct	0	1	6	0	0	0	0	0	3	0	3	0	0	0	0	0	0	0	0	0	0	0	0	2	0	13	2	5	0	0	14	0	10	0
1347	16 May 26	10:55:00	1	0	1	0	Ct	0	1	0	0	0	0	0	0	0	0	0	0	0	14	0	0	0	0	0	0	6	0	0	2	0	13	0	4	0	0	3	0	6	0
1348	16 May 26	11:00:00	1	0	1	0	Ct	0	1	0	0	0	0	0	0	4	12	0	0	0	3	0	0	0	0	0	0	24	0	1	13	0	4	1	8	0	0	8	0	4	0
1349	16 May 26	11:05:00	1	0	1	0	Ct	0	1	5	0	0	0	0	0	0	0	0	0	0	0	0	0	0	0	0	0	2	4	18	5	0	3	1	6	4	0	7	0	5	0
1350	16 May 26	11:10:00	1	0	1	0	Ct	0	1	0	0	0	0	0	0	0	0	0	0	0	0	0	0	0	0	0	0	5	5	8	57	0	2	1	4	4	0	5	0	5	0
1351	16 May 26	11:15:00	1	0	1	0	Ct	0	1	9	14	0	0	0	0	0	0	0	0	0	0	0	0	0	0	0	0	3	2	14	4	0	3	4	4	9	0	7	0	2	0
1352	16 May 26	11:20:00	1	0	1	0	Ct	0	1	0	5	0	0	0	0	2	0	0	0	0	2	0	0	0	0	0	0	10	2	2	13	0	3	1	3	6	0	5	0	10	0
1353	16 May 26	11:25:00	1	0	1	0	Ct	0	1	0	0	0	0	0	0	14	0	0	0	0	0	0	0	0	0	0	0	7	27	0	5	0	6	3	5	0	0	10	0	5	0
1354	16 May 26	11:30:00	1	0	1	0	Ct	0	1	4	1	0	0	0	0	0	4	0	0	0	0	0	0	0	0	0	0	28	0	1	14	0	4	5	3	0	0	9	0	2	0
1355	16 May 26	11:35:00	1	0	1	0	Ct	0	1	4	0	0	0	0	0	0	2	0	0	0	8	0	0	0	0	0	0	5	8	3	4	0	5	3	7	0	0	14	0	7	0
1356	16 May 26	11:40:00	1	0	1	0	Ct	0	1	4	0	0	0	0	0	0	0	0	0	0	3	0	0	0	0	0	0	6	0	5	13	0	6	0	4	0	0	6	0	2	0
1357	16 May 26	11:45:00	1	0	1	0	Ct	0	1	0	0	0	0	6	0	0	0	0	0	0	13	0	0	0	0	0	4	16	0	9	11	0	1	0	6	0	0	2	0	5	0
1358	16 May 26	11:50:00	1	0	1	0	Ct	0	1	2	0	0	0	1	0	0	0	0	0	0	8	0	0	0	0	0	0	12	1	21	60	0	5	0	5	0	0	2	0	3	0
1359	16 May 26	11:55:00	1	0	1	0	Ct	0	1	5	0	0	0	0	0	0	0	7	0	0	0	0	0	0	0	0	0	6	29	2	17	0	0	2	4	0	0	3	0	3	0
1360	16 May 26	12:00:00	1	0	1	0	Ct	0	1	3	0	0	0	0	0	0	0	21	0	0	0	0	0	0	0	0	0	0	0	5	3	0	2	5	5	0	0	6	0	6	0
1361	16 May 26	12:05:00	1	0	1	0	Ct	0	1	4	0	0	0	0	0	2	0	36	0	0	0	0	0	0	0	0	0	0	3	19	1	0	4	0	6	0	0	2	0	2	0
1362	16 May 26	12:10:00	1	0	1	0	Ct	0	1	0	0	0	0	0	0	0	0	0	0	0	0	0	0	0	0	0	0	0	0	2	12	0	8	7	3	9	0	3	0	4	0
1363	16 May 26	12:15:00	1	0	1	0	Ct	0	1	6	0	0	0	0	0	0	0	0	0	0	0	0	0	0	0	0	0	0	0	21	15	0	8	0	8	5	0	10	0	3	0
1364	16 May 26	12:20:00	1	0	1	0	Ct	0	1	0	0	0	0	30	0	0	0	24	0	0	0	0	0	0	0	0	4	0	0	2	0	0	6	0	3	5	2	5	0	6	0
1365	16 May 26	12:25:00	1	0	1	0	Ct	0	1	0	0	0	0	12	0	0	0	0	0	0	0	0	0	0	0	0	0	0	0	8	18	0	3	1	10	0	19	13	0	2	0
1366	16 May 26	12:30:00	1	0	1	0	Ct	0	1	3	0	0	0	2	0	4	0	2	0	0	0	0	0	0	0	0	1	0	0	0	35	0	5	4	8	0	0	0	0	4	0
1367	16 May 26	12:35:00	1	0	1	0	Ct	0	1	5	0	0	0	4	0	0	0	3	0	0	0	0	0	0	0	0	0	0	0	0	33	0	0	2	3	0	10	5	0	11	0
1368	16 May 26	12:40:00	1	0	1	0	Ct	0	1	2	0	0	0	0	0	2	18	0	0	0	0	0	0	0	0	0	0	0	0	0	2	0	7	0	1	0	6	2	0	2	0
1369	16 May 26	12:45:00	1	0	1	0	Ct	0	1	3	0	0	0	0	0	3	0	0	0	0	0	0	0	0	0	0	0	0	1	0	5	0	13	0	4	0	9	13	0	3	0
1370	16 May 26	12:50:00	1	0	1	0	Ct	0	1	1	0	0	0	0	0	5	0	0	0	0	0	0	0	0	0	0	0	0	2	0	10	0	5	2	5	0	3	2	0	2	0
1371	16 May 26	12:55:00	1	0	1	0	Ct	0	1	0	0	0	0	0	0	0	0	0	0	0	0	0	0	0	0	0	0	0	0	0	5	0	8	1	3	0	5	0	0	1	0
1372	16 May 26	13:00:00	1	0	1	0	Ct	0	1	0	0	0	0	0	0	0	0	0	0	0	0	0	0	0	0	0	0	0	0	7	7	0	5	4	0	0	0	0	0	1	0
1373	16 May 26	13:05:00	1	0	1	0	Ct	0	1	0	0	0	0	0	0	0	0	0	0	0	0	0	0	0	0	0	0	0	11	2	14	0	0	0	6	0	0	2	0	2	0
1374	16 May 26	13:10:00	1	0	1	0	Ct	0	1	0	0	0	0	0	0	0	0	0	0	0	0	0	0	0	0	0	0	0	4	2	2	0	3	0	4	0	0	0	0	3	0
1375	16 May 26	13:15:00	1	0	1	0	Ct	0	1	0	0	0	0	0	0	0	0	0	0	0	0	0	0	15	0	0	0	0	1	3	3	0	2	0	1	2	0	4	0	0	0
1376	16 May 26	13:20:00	1	0	1	0	Ct	0	1	0	0	0	0	0	0	0	0	0	0	0	0	0	0	24	0	0	0	0	0	0	0	0	0	1	8	9	0	6	0	1	0
1377	16 May 26	13:25:00	1	0	1	0	Ct	0	1	0	0	0	0	8	0	0	0	0	0	0	0	0	0	24	0	0	0	0	0	0	1	0	0	2	13	0	0	8	0	1	0
1378	16 May 26	13:30:00	1	0	1	0	Ct	0	1	0	0	0	0	0	0	0	0	0	0	0	0	0	0	1	0	0	0	0	0	12	0	0	0	0	4	0	0	14	0	0	0
1379	16 May 26	13:35:00	1	0	1	0	Ct	0	1	0	0	0	0	0	0	0	0	0	0	0	0	0	0	2	0	0	0	0	0	1	35	0	0	3	2	0	0	2	0	0	0
1380	16 May 26	13:40:00	1	0	1	0	Ct	0	1	0	0	0	0	0	0	0	0	0	0	0	34	0	0	0	0	0	0	0	0	0	58	0	6	0	2	0	0	4	0	4	0
1381	16 May 26	13:45:00	1	0	1	0	Ct	0	1	0	0	0	0	0	0	0	0	0	0	0	8	0	0	0	0	0	0	0	0	4	4	0	5	0	2	0	0	15	0	0	0
1382	16 May 26	13:50:00	1	0	1	0	Ct	0	1	0	0	0	0	0	52	4	0	0	0	0	0	0	0	0	0	0	0	0	0	0	23	0	6	1	3	0	0	4	0	0	0
1383	16 May 26	13:55:00	1	0	1	0	Ct	0	1	0	0	0	0	0	0	2	0	0	0	0	0	0	0	0	0	0	0	0	2	0	1	0	0	1	2	0	0	4	0	5	0
1384	16 May 26	14:00:00	1	0	1	0	Ct	0	1	0	0	0	0	0	0	0	0	0	0	0	0	0	0	0	0	0	0	0	0	0	3	0	2	0	3	0	0	0	0	1	0
1385	16 May 26	14:05:00	1	0	1	0	Ct	0	1	0	0	0	0	0	0	0	0	0	0	0	0	0	0	0	0	0	0	0	0	12	2	0	2	17	0	0	0	4	0	3	0
1386	16 May 26	14:10:00	1	0	1	0	Ct	0	1	0	0	0	0	0	0	0	0	0	0	0	0	0	0	0	0	0	0	0	0	4	5	0	12	2	2	0	0	3	0	1	0
1387	16 May 26	14:15:00	1	0	1	0	Ct	0	1	0	0	0	0	0	0	0	0	0	0	0	0	0	0	0	0	0	0	0	0	7	27	0	4	0	3	0	0	3	0	1	0
1388	16 May 26	14:20:00	1	0	1	0	Ct	0	1	0	0	0	0	0	0	0	0	0	0	0	0	0	0	0	0	0	0	0	0	2	15	0	3	0	0	0	0	2	0	2	0
1389	16 May 26	14:25:00	1	0	1	0	Ct	0	1	0	7	0	0	0	0	0	0	0	0	0	0	0	0	0	0	0	0	0	0	0	0	0	6	2	0	0	0	0	0	3	0
1390	16 May 26	14:30:00	1	0	1	0	Ct	0	1	0	2	0	0	0	0	0	0	0	0	0	0	0	0	0	0	0	0	0	0	2	9	0	7	0	2	0	0	3	0	0	0
1391	16 May 26	14:35:00	1	0	1	0	Ct	0	1	0	7	0	0	0	0	0	0	0	0	0	2	0	0	0	0	0	0	0	0	0	5	0	8	0	4	0	0	2	0	0	0
1392	16 May 26	14:40:00	1	0	1	0	Ct	0	1	0	0	0	0	0	0	0	0	0	0	0	0	0	0	22	0	0	0	0	0	6	33	0	2	0	4	2	0	0	0	2	0
1393	16 May 26	14:45:00	1	0	1	0	Ct	0	1	0	8	0	0	0	0	2	0	0	0	0	0	0	0	0	0	0	0	0	0	0	6	0	4	2	2	6	0	4	0	0	0
1394	16 May 26	14:50:00	1	0	1	0	Ct	0	1	0	26	0	0	0	0	0	0	0	0	0	0	0	0	0	0	0	0	0	26	6	5	0	3	0	1	0	0	0	0	0	0
1395	16 May 26	14:55:00	1	0	1	0	Ct	0	1	0	17	0	0	0	0	0	0	0	0	0	0	0	0	0	0	0	6	0	25	10	63	0	6	0	3	0	0	2	0	1	0
1396	16 May 26	15:00:00	1	0	1	0	Ct	0	1	0	10	0	8	0	0	0	0	0	0	0	0	0	0	0	0	0	11	0	5	1	2	0	3	0	10	0	0	0	0	9	0
1397	16 May 26	15:05:00	1	0	1	0	Ct	0	1	0	1	0	4	0	0	0	0	0	0	0	0	0	0	0	0	0	3	0	0	4	10	0	0	3	4	0	0	0	0	0	0
1398	16 May 26	15:10:00	1	0	1	0	Ct	0	1	0	0	0	0	0	0	0	0	0	0	0	0	0	0	0	0	0	0	0	0	1	18	0	6	0	3	0	0	0	0	0	0
1399	16 May 26	15:15:00	1	0	1	0	Ct	0	1	0	0	0	0	0	0	0	0	0	0	0	0	0	0	0	0	0	0	0	0	9	20	0	33	0	12	0	0	0	0	0	0
1400	16 May 26	15:20:00	1	0	1	0	Ct	0	1	0	0	0	0	0	0	0	0	0	0	0	0	0	0	0	0	9	0	0	0	16	16	0	4	3	3	0	0	0	0	2	0
1401	16 May 26	15:25:00	1	0	1	0	Ct	0	1	0	0	0	0	0	0	0	0	0	0	0	2	0	0	0	0	13	0	0	0	3	23	0	0	0	0	0	0	0	0	2	0
1402	16 May 26	15:30:00	1	0	1	0	Ct	0	1	0	0	0	0	0	0	2	0	0	0	0	7	0	0	0	0	0	1	0	0	1	4	0	0	2	0	0	0	0	0	0	0
1403	16 May 26	15:35:00	1	0	1	0	Ct	0	1	0	0	0	0	0	0	4	0	0	0	0	4	0	0	0	0	27	0	0	0	5	3	0	0	0	2	0	0	0	0	1	0
1404	16 May 26	15:40:00	1	0	1	0	Ct	0	1	0	0	0	0	0	0	0	0	0	0	0	0	0	0	0	0	22	3	0	1	13	2	0	0	0	6	0	0	0	0	1	0
1405	16 May 26	15:45:00	1	0	1	0	Ct	0	1	0	0	0	0	0	0	0	0	0	0	0	1	0	0	0	0	37	0	0	2	0	5	0	0	0	11	0	0	0	0	0	0
1406	16 May 26	15:50:00	1	0	1	0	Ct	0	1	0	0	0	0	0	2	0	0	4	0	0	12	0	0	0	0	13	0	0	0	8	5	0	0	0	1	0	0	0	0	0	0
1407	16 May 26	15:55:00	1	0	1	0	Ct	0	1	0	0	0	0	0	5	0	0	50	0	0	0	0	0	0	0	0	0	11	1	1	4	0	0	0	4	0	0	1	0	0	0
1408	16 May 26	16:00:00	1	0	1	0	Ct	0	1	0	0	0	0	0	0	0	0	0	0	0	0	0	0	0	0	0	0	27	0	1	20	0	0	0	1	0	0	4	0	1	0
1409	16 May 26	16:05:00	1	0	1	0	Ct	0	1	0	0	0	0	0	0	6	0	20	0	0	0	0	0	0	0	0	0	3	10	4	8	0	2	0	0	0	0	0	0	1	0
1410	16 May 26	16:10:00	1	0	1	0	Ct	0	1	0	0	0	0	11	0	0	0	1	0	0	0	0	0	0	0	0	0	0	21	1	0	0	4	3	1	0	0	0	0	2	0
1411	16 May 26	16:15:00	1	0	1	0	Ct	0	1	0	0	0	0	0	0	0	0	0	0	0	0	0	0	0	0	0	18	0	78	1	15	0	9	0	3	0	0	0	0	2	0
1412	16 May 26	16:20:00	1	0	1	0	Ct	0	1	0	0	0	0	0	0	0	0	0	0	0	0	0	0	0	0	0	0	8	0	2	0	0	10	0	2	0	0	0	0	0	0
1413	16 May 26	16:25:00	1	0	1	0	Ct	0	1	0	0	0	0	0	0	0	0	0	0	0	0	0	0	0	0	0	0	0	4	0	2	0	4	0	4	10	0	0	0	0	0
1414	16 May 26	16:30:00	1	0	1	0	Ct	0	1	0	0	0	0	0	0	0	0	0	0	0	0	0	0	0	0	0	0	3	0	2	2	0	5	0	5	0	0	0	0	2	0
1415	16 May 26	16:35:00	1	0	1	0	Ct	0	1	0	0	0	0	0	0	0	0	0	0	0	1	0	0	0	0	0	0	9	0	2	9	0	9	2	1	0	0	0	0	1	0
1416	16 May 26	16:40:00	1	0	1	0	Ct	0	1	0	0	0	0	0	0	0	0	0	0	0	0	0	0	0	0	0	0	23	0	0	15	0	2	1	0	0	0	0	0	5	0
1417	16 May 26	16:45:00	1	0	1	0	Ct	0	1	0	0	0	0	0	14	0	0	0	0	0	0	0	0	0	0	0	0	0	6	0	0	0	2	4	0	0	0	0	0	1	0
1418	16 May 26	16:50:00	1	0	1	0	Ct	0	1	0	0	0	0	7	3	0	0	0	0	0	0	0	0	0	0	0	0	0	0	1	0	0	0	5	3	0	0	4	0	1	0
1419	16 May 26	16:55:00	1	0	1	0	Ct	0	1	0	0	0	0	7	0	2	0	0	0	0	0	0	0	0	0	0	0	0	0	1	0	0	0	2	3	0	0	4	0	1	0
1420	16 May 26	17:00:00	1	0	1	0	Ct	0	1	0	0	0	0	11	0	0	0	0	0	0	0	0	0	0	0	0	0	0	0	3	4	0	0	0	1	0	0	0	0	1	0
1421	16 May 26	17:05:00	1	0	1	0	Ct	0	1	0	0	0	0	0	1	0	0	0	0	0	0	0	0	0	0	0	0	0	0	0	13	0	0	0	0	0	0	2	0	0	0
1422	16 May 26	17:10:00	1	0	1	0	Ct	0	1	0	0	0	0	5	0	0	0	0	0	0	5	0	0	0	0	0	0	0	0	0	7	0	3	0	1	6	0	3	0	1	0
1423	16 May 26	17:15:00	1	0	1	0	Ct	0	1	0	0	0	0	24	0	3	0	0	0	0	0	0	0	0	0	0	0	0	0	8	0	0	13	3	3	0	0	0	0	1	0
1424	16 May 26	17:20:00	1	0	1	0	Ct	0	1	0	0	0	0	0	0	0	0	0	0	0	0	0	0	0	0	0	3	0	0	4	7	0	6	0	1	0	0	0	0	1	0
1425	16 May 26	17:25:00	1	0	1	0	Ct	0	1	0	5	0	0	0	0	4	0	0	0	0	0	0	0	0	0	0	0	0	1	0	1	0	2	0	0	0	0	0	0	0	0
1426	16 May 26	17:30:00	1	0	1	0	Ct	0	1	0	0	0	0	0	0	0	0	0	0	0	0	0	0	0	0	0	0	0	5	2	1	0	1	0	0	0	0	2	0	1	0
1427	16 May 26	17:35:00	1	0	1	0	Ct	0	1	0	0	0	0	0	0	0	0	0	0	0	0	0	0	0	0	0	3	0	1	3	37	0	13	12	3	0	0	2	0	0	0
1428	16 May 26	17:40:00	1	0	1	0	Ct	0	1	0	0	0	0	0	0	0	0	0	0	0	0	0	0	0	0	0	0	0	13	1	11	0	3	0	2	0	0	1	0	11	0
1429	16 May 26	17:45:00	1	0	1	0	Ct	0	1	0	0	0	0	0	0	0	0	0	0	0	0	0	0	0	0	0	0	0	10	3	2	0	0	0	1	0	0	1	0	2	0
1430	16 May 26	17:50:00	1	0	1	0	Ct	0	1	0	0	0	0	0	0	0	0	0	0	0	1	0	0	0	0	0	0	0	12	0	8	0	0	0	1	0	0	3	0	1	0
1431	16 May 26	17:55:00	1	0	1	0	Ct	0	1	0	7	0	0	0	0	0	0	0	0	0	7	0	0	0	0	0	0	0	3	0	18	0	0	0	7	0	0	1	0	1	0
1432	16 May 26	18:00:00	1	0	1	0	Ct	0	1	0	0	0	0	0	0	0	0	0	0	0	0	0	0	0	0	0	2	0	2	0	7	0	1	0	0	0	0	0	0	0	0
1433	16 May 26	18:05:00	1	0	1	0	Ct	0	1	0	0	0	0	2	0	0	0	0	0	0	0	0	0	0	0	0	3	0	17	0	7	0	2	0	2	0	0	0	0	0	0
1434	16 May 26	18:10:00	1	0	1	0	Ct	0	1	0	0	0	0	1	0	0	2	0	0	0	0	0	0	0	0	0	1	0	4	5	0	0	2	0	0	6	0	0	0	1	0
1435	16 May 26	18:15:00	1	0	1	0	Ct	0	1	0	0	0	0	0	0	2	3	0	0	0	0	0	0	0	0	0	2	0	3	8	4	0	4	0	0	0	0	0	0	3	0
1436	16 May 26	18:20:00	1	0	1	0	Ct	0	1	0	0	0	0	1	0	0	1	0	0	0	0	0	0	0	0	0	0	0	11	0	0	0	2	0	3	0	0	2	0	1	0
1437	16 May 26	18:25:00	1	0	1	0	Ct	0	1	0	0	0	0	0	0	0	1	0	0	0	0	0	0	0	0	0	0	0	19	0	11	0	6	0	1	0	0	2	0	1	0
1438	16 May 26	18:30:00	1	0	1	0	Ct	0	1	0	0	0	0	0	0	0	4	0	0	0	0	0	0	63	0	0	0	0	3	0	6	0	4	2	0	0	0	0	0	1	0
1439	16 May 26	18:35:00	1	0	1	0	Ct	0	1	0	3	0	0	0	0	0	2	0	0	0	0	0	0	91	0	0	0	2	0	11	3	0	4	0	0	17	0	0	0	1	0
1440	16 May 26	18:40:00	1	0	1	0	Ct	0	1	0	1	0	0	0	0	0	0	0	0	0	0	0	0	61	0	0	0	0	0	0	12	0	2	0	0	0	0	0	0	0	0
1441	16 May 26	18:45:00	1	0	1	0	Ct	0	1	0	0	0	0	0	0	2	7	0	0	0	0	0	0	34	0	0	0	0	0	0	10	0	3	0	0	0	0	0	0	2	0
1442	16 May 26	18:50:00	1	0	1	0	Ct	0	1	0	0	0	0	0	0	0	11	0	0	0	0	0	0	0	0	0	0	0	0	0	0	0	0	0	0	5	22	0	0	0	0
1443	16 May 26	18:55:00	1	0	1	0	Ct	0	1	0	0	0	0	0	0	0	1	0	0	0	0	0	0	0	0	0	0	0	0	0	9	0	0	0	0	4	4	0	0	1	0
1444	16 May 26	19:00:00	1	0	1	0	Ct	0	1	0	0	0	16	0	0	0	13	0	0	0	0	0	0	0	0	0	3	0	0	7	52	0	6	3	1	18	10	2	0	1	0
1445	16 May 26	19:05:00	1	0	1	0	Ct	0	1	0	0	0	0	0	0	0	3	0	0	0	0	0	0	0	0	0	0	0	0	0	4	0	4	0	1	0	8	0	0	0	0
1446	16 May 26	19:10:00	1	0	1	0	Ct	0	1	0	0	0	0	0	0	2	0	0	0	0	0	0	0	0	0	0	0	0	15	0	22	0	6	0	2	0	0	1	0	0	0
1447	16 May 26	19:15:00	1	0	1	0	Ct	0	1	0	0	0	0	0	0	0	0	0	0	0	0	0	0	0	0	0	4	0	4	2	53	0	1	0	0	0	0	2	0	0	0
1448	16 May 26	19:20:00	1	0	1	0	Ct	0	1	0	0	0	0	0	0	0	8	0	0	0	0	0	0	0	0	0	0	0	2	16	13	0	10	3	0	0	0	0	0	1	0
1449	16 May 26	19:25:00	1	0	1	0	Ct	0	1	0	0	0	0	0	0	0	6	0	0	0	0	0	0	0	0	0	7	0	0	1	0	0	5	0	0	0	0	0	0	1	0
1450	16 May 26	19:30:00	1	0	1	0	Ct	0	1	0	0	0	0	0	0	0	6	0	0	0	0	0	0	0	0	0	0	0	0	5	3	0	0	0	0	0	0	0	0	0	0
1451	16 May 26	19:35:00	1	0	1	0	Ct	0	1	0	0	0	7	0	0	0	0	29	0	0	0	0	0	0	0	0	3	0	3	0	0	0	0	0	2	0	0	0	0	0	0
1452	16 May 26	19:40:00	1	0	1	0	Ct	0	1	0	0	0	2	0	0	0	0	15	0	0	1	0	0	0	0	0	1	0	0	0	7	0	7	0	2	0	0	0	0	2	0
1453	16 May 26	19:45:00	1	0	1	0	Ct	0	1	0	0	0	0	0	0	0	1	0	0	0	0	0	0	0	0	0	0	0	17	0	6	0	3	0	0	0	0	0	0	0	0
1454	16 May 26	19:50:00	1	0	1	0	Ct	0	1	0	0	0	0	0	0	0	3	0	0	0	0	0	0	0	0	0	0	0	13	7	0	0	0	0	0	0	0	4	0	2	0
1455	16 May 26	19:55:00	1	0	1	0	Ct	0	1	0	3	0	0	0	0	1	14	0	0	0	0	0	0	0	0	0	0	0	2	4	0	0	0	0	0	0	0	0	0	0	0
1456	16 May 26	20:00:00	1	0	1	0	Ct	0	1	0	0	0	0	0	0	1	6	0	0	0	0	0	0	0	0	0	0	0	0	1	0	0	0	0	2	0	0	0	0	2	0
1457	16 May 26	20:05:00	1	0	1	0	Ct	0	1	0	0	0	0	0	0	4	0	0	0	0	0	0	0	0	0	0	3	0	19	0	19	0	0	0	3	0	0	0	0	0	0
1458	16 May 26	20:10:00	1	0	1	0	Ct	0	1	0	0	0	0	0	0	0	0	0	0	0	0	0	0	0	0	0	2	0	0	11	8	0	0	0	2	0	0	0	0	2	0
1459	16 May 26	20:15:00	1	0	1	0	Ct	0	1	0	0	0	0	0	0	0	14	4	0	0	0	0	0	0	0	0	6	0	0	1	2	0	0	1	2	0	0	3	0	2	0
1460	16 May 26	20:20:00	1	0	1	0	Ct	0	1	0	0	0	0	0	0	0	12	0	0	0	0	0	0	0	0	0	0	0	0	16	3	0	0	17	3	0	0	4	0	1	0
1461	16 May 26	20:25:00	1	0	1	0	Ct	0	1	0	2	0	0	1	0	0	49	0	0	0	0	0	0	0	0	0	0	0	0	0	1	0	1	0	0	0	0	0	0	0	0
1462	16 May 26	20:30:00	1	0	1	0	Ct	0	1	0	0	0	0	1	0	0	17	0	0	0	0	0	0	0	0	0	0	0	36	0	49	0	3	0	7	0	0	0	0	2	0
1463	16 May 26	20:35:00	1	0	1	0	Ct	0	1	0	0	0	0	0	0	0	32	0	0	0	0	0	0	0	0	0	0	0	2	1	10	0	7	0	0	2	0	2	0	2	0
1464	16 May 26	20:40:00	1	0	1	0	Ct	0	1	0	0	0	0	10	0	2	1	0	0	0	11	0	0	0	0	0	11	0	0	5	2	0	3	0	0	4	0	8	0	2	0
1465	16 May 26	20:45:00	1	0	1	0	Ct	0	1	0	0	0	0	24	0	2	0	0	0	0	0	0	0	7	0	0	0	0	0	2	0	0	4	0	2	0	0	0	0	2	0
1466	16 May 26	20:50:00	1	0	1	0	Ct	0	1	0	0	0	0	1	0	0	3	0	0	0	0	0	0	29	0	0	0	0	0	0	0	0	4	0	4	0	0	0	0	3	0
1467	16 May 26	20:55:00	1	0	1	0	Ct	0	1	0	0	0	0	0	0	0	4	0	0	0	0	0	0	1	0	0	0	0	0	0	1	0	7	8	5	0	0	0	0	4	0
1468	16 May 26	21:00:00	1	0	1	0	Ct	0	1	0	0	0	0	0	0	0	0	0	0	0	0	0	0	0	0	0	0	0	5	23	4	0	2	0	1	0	0	0	0	1	0
1469	16 May 26	21:05:00	1	0	1	0	Ct	0	1	0	0	0	0	0	0	0	0	19	0	0	0	0	0	0	0	0	0	0	7	4	4	0	2	0	16	0	0	1	0	2	0
1470	16 May 26	21:10:00	1	0	1	0	Ct	0	1	0	0	0	0	1	0	1	0	9	0	0	0	0	0	6	0	0	0	0	0	2	7	0	0	0	1	0	0	4	0	4	0
1471	16 May 26	21:15:00	1	0	1	0	Ct	0	1	0	0	0	0	0	0	1	0	0	0	0	0	0	0	0	0	0	0	0	0	0	4	0	0	0	2	0	0	0	0	2	0
1472	16 May 26	21:20:00	1	0	1	0	Ct	0	1	0	0	0	0	0	0	7	0	0	0	0	0	0	0	0	0	0	4	0	34	0	5	0	0	2	0	0	0	2	0	1	0
1473	16 May 26	21:25:00	1	0	1	0	Ct	0	1	0	0	0	0	0	0	0	1	0	0	0	0	0	0	0	0	0	2	0	57	3	1	0	0	1	4	0	0	1	0	0	0
1474	16 May 26	21:30:00	1	0	1	0	Ct	0	1	0	0	0	0	0	0	0	0	0	0	0	0	0	0	0	0	0	48	0	55	4	0	0	2	0	0	0	0	4	0	3	0
1475	16 May 26	21:35:00	1	0	1	0	Ct	0	1	0	0	0	0	0	0	0	0	0	0	0	0	0	0	0	0	0	3	0	0	0	0	0	0	2	4	0	0	2	0	2	0
1476	16 May 26	21:40:00	1	0	1	0	Ct	0	1	0	3	0	0	0	0	0	0	0	0	0	0	0	16	0	0	0	0	0	0	0	5	0	8	2	2	5	0	8	0	4	0
1477	16 May 26	21:45:00	1	0	1	0	Ct	0	1	0	0	0	0	0	0	4	0	0	0	0	0	0	12	0	0	0	0	0	0	0	11	0	7	0	1	0	0	0	0	3	0
1478	16 May 26	21:50:00	1	0	1	0	Ct	0	1	0	1	0	0	0	0	2	0	0	0	0	0	0	6	0	0	0	1	0	0	9	5	0	1	1	2	0	0	0	0	3	0
1479	16 May 26	21:55:00	1	0	1	0	Ct	0	1	0	2	0	0	0	0	0	0	0	0	0	37	0	0	0	0	0	14	0	0	4	2	0	2	7	5	0	0	0	0	2	0
1480	16 May 26	22:00:00	1	0	1	0	Ct	0	1	0	0	0	0	19	0	1	0	0	0	5	7	0	0	0	0	0	0	0	0	1	1	0	14	0	4	0	0	5	0	2	0
1481	16 May 26	22:05:00	1	0	1	0	Ct	0	1	0	8	0	0	14	0	7	4	0	0	5	3	0	0	0	0	0	0	0	0	8	13	0	6	16	6	0	0	0	0	5	0
1482	16 May 26	22:10:00	1	0	1	0	Ct	0	0	0	4	0	0	11	0	2	7	0	0	0	8	0	0	22	0	0	26	0	0	5	0	0	1	20	4	0	0	0	0	0	0
1483	16 May 26	22:15:00	1	0	1	0	Ct	0	0	0	2	0	3	13	0	2	6	48	0	0	5	0	0	2	0	0	0	0	0	21	0	0	0	0	14	0	0	0	0	4	0
1484	16 May 26	22:20:00	1	0	1	0	Ct	0	0	0	4	0	10	6	0	3	8	23	0	0	8	0	0	3	0	31	7	0	0	3	0	0	0	0	5	0	0	0	0	0	0
1485	16 May 26	22:25:00	1	0	1	0	Ct	0	0	0	4	0	0	6	0	0	2	16	0	0	4	0	0	6	0	0	4	0	0	4	0	0	0	9	3	14	0	0	0	0	0
1486	16 May 26	22:30:00	1	0	1	0	Ct	0	0	0	6	0	0	6	0	2	1	0	0	0	10	0	31	14	0	0	0	0	0	0	0	0	5	5	2	1	0	0	0	5	0
1487	16 May 26	22:35:00	1	0	1	0	Ct	0	0	0	5	0	0	6	0	3	0	0	0	0	6	0	0	5	0	0	0	0	0	2	0	0	5	0	5	0	0	0	0	2	0
1488	16 May 26	22:40:00	1	0	1	0	Ct	0	0	0	4	0	0	4	0	4	0	28	0	0	1	0	0	1	0	0	3	0	0	5	0	0	0	1	8	0	0	0	0	0	0
1489	16 May 26	22:45:00	1	0	1	0	Ct	0	0	0	3	0	0	9	0	2	0	0	0	0	6	0	10	3	0	0	4	0	0	0	2	0	16	4	11	0	0	0	0	0	0
1490	16 May 26	22:50:00	1	0	1	0	Ct	0	0	0	3	0	0	6	0	0	0	24	0	0	6	0	0	2	0	0	37	0	0	0	9	0	3	16	6	0	0	0	0	0	0
1491	16 May 26	22:55:00	1	0	1	0	Ct	0	0	0	4	0	0	7	0	0	1	6	0	0	0	0	0	0	0	0	16	0	0	0	8	0	0	4	3	0	0	0	0	3	0
1492	16 May 26	23:00:00	1	0	1	0	Ct	0	0	0	2	0	0	7	0	0	1	16	0	0	0	0	0	0	0	0	0	0	0	3	12	0	0	0	1	0	0	0	0	0	0
1493	16 May 26	23:05:00	1	0	1	0	Ct	0	0	0	2	0	0	6	0	2	1	4	0	0	0	0	0	0	0	0	27	0	0	6	20	0	0	4	4	0	0	0	0	0	0
1494	16 May 26	23:10:00	1	0	1	0	Ct	0	0	0	6	0	0	7	0	0	0	17	0	0	0	0	0	0	0	0	2	0	0	8	0	0	0	0	0	0	0	0	0	0	0
1495	16 May 26	23:15:00	1	0	1	0	Ct	0	0	0	4	0	0	9	0	0	0	14	0	0	0	0	0	0	0	5	2	0	0	30	0	0	0	0	0	0	0	0	0	0	0
1496	16 May 26	23:20:00	1	0	1	0	Ct	0	0	0	6	0	0	5	0	0	1	15	0	0	0	0	0	0	0	0	16	0	0	0	0	0	0	3	10	0	0	0	0	0	0
1497	16 May 26	23:25:00	1	0	1	0	Ct	0	0	0	1	0	0	7	0	0	1	0	0	0	0	0	0	0	0	0	22	0	0	2	0	0	0	4	0	0	0	0	0	0	0
1498	16 May 26	23:30:00	1	0	1	0	Ct	0	0	0	3	0	0	9	32	0	0	0	0	0	0	0	0	0	0	0	0	0	0	2	0	0	0	0	0	0	0	0	0	0	0
1499	16 May 26	23:35:00	1	0	1	0	Ct	0	0	0	5	0	0	8	19	2	3	0	0	0	0	0	0	0	0	0	6	0	0	0	0	0	0	0	7	0	0	0	0	0	0
1500	16 May 26	23:40:00	1	0	1	0	Ct	0	0	0	4	0	0	15	2	0	3	0	0	0	0	0	0	0	0	0	10	0	0	0	0	0	0	3	3	0	0	0	0	0	0
1501	16 May 26	23:45:00	1	0	1	0	Ct	0	0	0	0	0	0	12	0	0	8	0	0	0	0	0	7	1	0	0	9	0	8	4	0	0	4	3	0	0	6	0	0	9	0
1502	16 May 26	23:50:00	1	0	1	0	Ct	0	0	0	4	0	0	4	7	0	11	4	0	0	0	0	0	4	0	0	5	0	0	2	6	0	0	0	0	0	0	0	0	3	0
1503	16 May 26	23:55:00	1	0	1	0	Ct	0	0	0	2	0	0	6	8	0	4	28	0	0	0	0	0	6	0	0	8	0	0	4	17	0	0	0	0	0	0	0	0	0	0
1504	17 May 26	00:00:00	1	0	1	0	Ct	0	0	0	4	0	0	4	0	0	2	0	0	0	5	0	0	0	0	0	11	0	0	5	31	0	0	0	0	0	0	0	0	0	0
1505	17 May 26	00:05:00	1	0	1	0	Ct	0	0	0	2	0	0	8	0	0	0	4	0	0	1	0	0	0	0	0	0	0	3	20	9	0	0	0	0	0	0	0	0	0	0
1506	17 May 26	00:10:00	1	0	1	0	Ct	0	0	0	0	0	0	9	0	0	0	0	0	0	0	0	0	0	0	0	0	0	17	21	2	0	0	6	0	0	0	0	0	0	0
1507	17 May 26	00:15:00	1	0	1	0	Ct	0	0	0	10	0	0	6	12	3	2	0	0	0	0	0	0	3	0	0	3	0	0	0	0	0	0	7	0	0	0	0	0	0	0
1508	17 May 26	00:20:00	1	0	1	0	Ct	0	0	0	2	0	0	4	4	2	0	0	0	0	0	0	0	3	0	0	0	0	0	0	0	0	0	10	0	0	0	0	0	0	0
1509	17 May 26	00:25:00	1	0	1	0	Ct	0	0	0	0	0	0	2	0	1	1	16	0	0	0	0	3	2	0	0	5	0	0	1	0	0	0	0	0	0	0	0	0	0	0
1510	17 May 26	00:30:00	1	0	1	0	Ct	0	0	0	0	0	0	0	0	0	3	58	0	0	0	0	5	0	0	0	0	0	0	9	0	0	0	8	0	0	0	0	0	0	0
1511	17 May 26	00:35:00	1	0	1	0	Ct	0	0	0	0	0	0	0	0	0	1	12	0	0	0	0	0	0	0	0	3	0	0	0	0	0	0	0	0	0	0	0	0	0	0
1512	17 May 26	00:40:00	1	0	1	0	Ct	0	0	0	0	0	0	0	0	0	2	3	0	0	0	0	0	0	0	0	0	0	0	2	0	0	0	0	0	0	0	0	0	0	0
1513	17 May 26	00:45:00	1	0	1	0	Ct	0	0	0	0	0	0	0	0	0	3	0	0	0	0	0	0	0	0	0	1	0	0	16	0	0	0	0	0	0	0	0	0	0	0
1514	17 May 26	00:50:00	1	0	1	0	Ct	0	0	0	0	0	0	2	0	0	11	1	0	0	0	0	0	0	0	0	2	0	0	2	43	0	0	0	0	0	0	0	0	0	0
1515	17 May 26	00:55:00	1	0	1	0	Ct	0	0	0	0	0	0	4	0	0	0	5	0	0	0	0	0	1	0	0	8	0	0	26	11	0	0	24	2	0	0	0	0	0	0
1516	17 May 26	01:00:00	1	0	1	0	Ct	0	0	0	3	0	0	8	0	0	0	4	0	0	0	0	0	1	0	0	0	0	0	1	10	0	0	0	0	0	0	0	0	0	0
1517	17 May 26	01:05:00	1	0	1	0	Ct	0	0	0	0	0	0	4	0	0	0	0	0	0	0	0	0	0	0	0	0	0	0	6	0	0	0	0	0	0	0	0	0	0	0
1518	17 May 26	01:10:00	1	0	1	0	Ct	0	0	0	2	0	0	0	0	0	0	0	0	0	0	0	0	0	0	0	0	0	0	0	8	0	0	0	0	0	0	0	0	0	0
1519	17 May 26	01:15:00	1	0	1	0	Ct	0	0	0	0	0	0	0	0	0	2	0	0	0	0	0	0	0	0	0	0	0	2	0	3	0	0	0	0	0	0	0	0	0	0
1520	17 May 26	01:20:00	1	0	1	0	Ct	0	0	0	0	0	0	5	0	0	2	0	0	0	0	0	0	0	0	0	10	0	0	0	0	0	0	0	0	0	0	0	0	0	0
1521	17 May 26	01:25:00	1	0	1	0	Ct	0	0	0	0	0	0	5	0	0	7	0	0	0	0	0	0	0	0	0	0	0	0	0	13	0	0	0	0	0	0	0	0	0	0
1522	17 May 26	01:30:00	1	0	1	0	Ct	0	0	0	0	0	0	0	0	2	0	0	0	0	0	0	0	0	0	0	0	0	0	0	12	0	0	0	0	0	0	0	0	0	0
1523	17 May 26	01:35:00	1	0	1	0	Ct	0	0	0	0	0	0	0	0	1	0	4	0	0	0	0	0	0	0	0	0	0	0	5	5	0	0	0	0	0	0	0	0	0	0
1524	17 May 26	01:40:00	1	0	1	0	Ct	0	0	0	0	0	0	0	0	0	0	0	0	0	0	0	0	0	0	0	0	0	0	1	0	0	0	0	0	0	0	0	0	0	0
1525	17 May 26	01:45:00	1	0	1	0	Ct	0	0	0	0	0	0	0	0	0	0	13	0	0	0	0	0	0	0	0	0	0	0	5	43	0	0	8	0	0	0	0	0	0	0
1526	17 May 26	01:50:00	1	0	1	0	Ct	0	0	0	0	0	0	2	0	0	0	17	0	0	0	0	0	0	0	0	0	0	0	0	10	0	0	0	0	0	0	0	0	0	0
1527	17 May 26	01:55:00	1	0	1	0	Ct	0	0	0	0	0	0	5	0	0	0	2	0	0	0	0	0	0	0	0	0	0	0	0	18	0	0	0	0	0	0	0	0	0	0
1528	17 May 26	02:00:00	1	0	1	0	Ct	0	0	0	0	0	0	2	0	3	0	4	0	0	0	0	0	0	0	0	0	0	0	0	0	0	0	0	0	0	0	0	0	0	0
1529	17 May 26	02:05:00	1	0	1	0	Ct	0	0	0	0	0	0	0	0	0	0	4	0	0	0	0	0	0	0	0	0	0	0	0	0	0	0	0	0	0	0	0	0	0	0
1530	17 May 26	02:10:00	1	0	1	0	Ct	0	0	0	0	0	0	0	0	0	0	0	0	0	0	0	0	0	0	0	0	0	0	0	7	0	0	7	0	0	0	0	0	0	0
1531	17 May 26	02:15:00	1	0	1	0	Ct	0	0	0	0	0	0	0	0	0	0	0	0	0	0	0	0	0	0	0	0	0	0	0	0	0	0	0	0	0	0	0	0	0	0
1532	17 May 26	02:20:00	1	0	1	0	Ct	0	0	0	0	0	0	0	0	0	0	0	0	0	0	0	0	0	0	0	0	0	0	0	1	0	0	0	0	0	0	0	0	0	0
1533	17 May 26	02:25:00	1	0	1	0	Ct	0	0	0	0	0	0	0	0	0	0	0	0	0	0	0	0	0	0	0	0	0	0	0	5	0	0	1	0	0	0	0	0	0	0
1534	17 May 26	02:30:00	1	0	1	0	Ct	0	0	0	0	0	0	0	0	0	0	0	0	0	0	0	0	0	0	0	0	0	0	0	0	0	0	10	0	0	0	0	0	0	0
1535	17 May 26	02:35:00	1	0	1	0	Ct	0	0	0	0	0	0	0	0	0	0	0	0	0	0	0	0	0	0	0	0	0	0	0	43	0	8	0	0	0	0	0	0	0	0
1536	17 May 26	02:40:00	1	0	1	0	Ct	0	0	0	0	0	1	0	0	0	0	0	0	0	0	0	0	0	0	0	0	0	0	0	0	0	0	0	0	0	0	0	0	0	0
1537	17 May 26	02:45:00	1	0	1	0	Ct	0	0	0	0	0	0	0	0	0	0	0	0	0	0	0	0	0	0	0	0	0	0	0	0	0	0	0	0	0	0	0	0	0	0
1538	17 May 26	02:50:00	1	0	1	0	Ct	0	0	0	0	0	4	0	0	0	0	4	0	0	0	0	0	0	0	0	0	0	0	7	0	0	0	0	0	0	0	0	0	0	0
1539	17 May 26	02:55:00	1	0	1	0	Ct	0	0	0	0	0	48	0	0	3	0	0	0	0	0	0	0	0	0	0	0	0	0	1	10	0	0	0	0	0	0	0	0	0	0
1540	17 May 26	03:00:00	1	0	1	0	Ct	0	0	0	0	0	9	0	0	11	0	1	0	0	0	0	0	0	0	0	0	0	0	10	0	0	0	0	0	0	0	0	0	0	0
1541	17 May 26	03:05:00	1	0	1	0	Ct	0	0	0	0	0	11	0	0	0	0	1	0	0	0	0	0	0	0	0	0	0	0	0	0	0	0	8	0	0	0	0	0	0	0
1542	17 May 26	03:10:00	1	0	1	0	Ct	0	0	0	0	0	13	0	0	0	0	0	0	0	0	0	0	0	0	0	0	0	0	0	0	0	0	0	0	0	0	0	0	0	0
1543	17 May 26	03:15:00	1	0	1	0	Ct	0	0	0	0	0	11	0	0	0	0	0	0	0	0	0	0	0	0	0	0	0	0	0	0	0	0	0	0	0	0	0	0	0	0
1544	17 May 26	03:20:00	1	0	1	0	Ct	0	0	0	0	0	5	0	0	0	0	11	0	0	0	0	0	0	0	0	0	0	7	0	0	0	0	0	0	0	0	0	0	0	0
1545	17 May 26	03:25:00	1	0	1	0	Ct	0	0	0	0	0	0	0	0	0	0	29	0	0	0	0	0	0	0	0	0	0	0	0	0	0	0	0	0	0	0	0	0	0	0
1546	17 May 26	03:30:00	1	0	1	0	Ct	0	0	0	0	0	0	0	0	0	0	18	0	0	0	0	0	0	0	0	0	0	16	0	0	0	0	0	0	0	0	0	0	2	0
1547	17 May 26	03:35:00	1	0	1	0	Ct	0	0	0	0	0	0	0	0	0	0	10	0	0	0	0	0	0	0	0	0	0	7	0	0	0	0	0	0	0	0	0	0	0	0
1548	17 May 26	03:40:00	1	0	1	0	Ct	0	0	0	0	0	0	0	0	1	0	49	0	0	0	0	0	0	0	0	0	0	0	0	1	0	0	0	0	0	0	0	0	0	0
1549	17 May 26	03:45:00	1	0	1	0	Ct	0	0	0	0	0	0	0	0	3	0	3	0	0	0	0	0	0	0	0	0	0	0	0	0	0	0	0	0	0	0	0	0	0	0
1550	17 May 26	03:50:00	1	0	1	0	Ct	0	0	0	0	0	0	0	0	0	0	15	0	0	0	0	0	0	0	0	0	0	0	0	0	0	0	0	0	0	0	0	0	0	0
1551	17 May 26	03:55:00	1	0	1	0	Ct	0	0	0	0	0	0	0	0	0	0	0	0	0	0	0	0	0	0	0	0	0	3	0	0	0	0	11	0	0	0	0	0	0	0
1552	17 May 26	04:00:00	1	0	1	0	Ct	0	0	0	0	0	0	0	0	0	0	0	0	0	0	0	0	0	0	0	0	0	17	0	0	0	0	0	0	0	0	0	0	0	0
1553	17 May 26	04:05:00	1	0	1	0	Ct	0	0	0	0	0	0	0	0	0	0	0	0	0	0	0	0	0	0	0	0	0	1	0	3	0	0	0	0	0	0	0	0	0	0
1554	17 May 26	04:10:00	1	0	1	0	Ct	0	0	0	0	0	2	0	0	0	0	0	0	0	0	0	0	0	0	0	0	0	0	14	8	0	0	0	0	0	0	0	0	0	0
1555	17 May 26	04:15:00	1	0	1	0	Ct	0	0	0	0	0	6	0	0	0	0	0	0	0	0	0	0	0	0	0	0	0	0	2	0	0	0	0	0	0	0	0	0	0	0
1556	17 May 26	04:20:00	1	0	1	0	Ct	0	0	0	0	0	0	0	0	0	0	14	0	0	0	0	0	0	0	0	0	0	1	0	0	0	0	0	2	0	0	0	0	0	0
1557	17 May 26	04:25:00	1	0	1	0	Ct	0	0	0	0	0	17	0	0	0	0	9	0	0	0	0	0	0	0	0	0	0	0	2	0	0	0	0	0	0	0	0	0	0	0
1558	17 May 26	04:30:00	1	0	1	0	Ct	0	0	0	0	0	0	0	0	0	0	0	0	0	0	0	0	0	0	0	0	0	0	4	0	0	0	1	0	0	0	0	0	0	0
1559	17 May 26	04:35:00	1	0	1	0	Ct	0	0	0	0	0	7	0	0	0	0	0	0	0	0	0	0	0	0	0	0	0	0	9	0	0	0	0	0	0	0	0	0	0	0
1560	17 May 26	04:40:00	1	0	1	0	Ct	0	0	0	0	0	0	0	0	0	0	0	0	0	0	0	0	0	0	0	0	0	0	1	0	0	0	0	2	0	0	0	0	0	0
1561	17 May 26	04:45:00	1	0	1	0	Ct	0	0	0	0	0	0	0	0	0	0	0	0	0	0	0	0	0	0	0	0	0	0	0	0	0	0	0	2	0	0	0	0	4	0
1562	17 May 26	04:50:00	1	0	1	0	Ct	0	0	0	0	0	15	0	0	0	0	0	0	0	0	0	0	0	0	0	0	0	0	0	0	0	0	0	0	0	0	0	0	0	0
1563	17 May 26	04:55:00	1	0	1	0	Ct	0	0	0	0	0	0	0	0	0	0	0	0	0	0	0	0	0	0	0	0	0	0	0	0	0	0	0	0	0	0	0	0	0	0
1564	17 May 26	05:00:00	1	0	1	0	Ct	0	0	0	0	0	6	0	0	0	0	0	0	0	0	0	0	0	0	0	0	0	0	0	0	0	0	0	0	0	0	0	0	0	0
1565	17 May 26	05:05:00	1	0	1	0	Ct	0	0	0	0	0	6	0	0	0	0	0	0	0	0	0	0	0	0	0	0	0	0	0	0	0	0	0	0	0	0	0	0	0	0
1566	17 May 26	05:10:00	1	0	1	0	Ct	0	0	0	0	0	10	0	0	0	16	0	0	0	0	0	0	0	0	0	0	0	0	0	0	0	0	0	0	0	0	0	0	0	0
1567	17 May 26	05:15:00	1	0	1	0	Ct	0	0	0	0	0	26	0	0	0	0	0	0	0	0	0	0	0	0	0	0	0	0	0	0	0	0	0	0	0	0	0	0	0	0
1568	17 May 26	05:20:00	1	0	1	0	Ct	0	0	0	0	0	3	0	0	0	0	0	0	0	0	0	4	0	0	0	0	0	0	0	0	0	0	0	0	0	0	0	0	0	0
1569	17 May 26	05:25:00	1	0	1	0	Ct	0	0	0	0	0	3	0	0	4	0	0	0	0	0	0	30	0	0	0	0	0	0	0	0	0	0	0	0	0	0	0	0	0	0
1570	17 May 26	05:30:00	1	0	1	0	Ct	0	0	0	0	0	0	0	0	4	0	0	0	0	0	0	0	0	0	0	0	0	0	0	0	0	0	0	0	0	0	0	0	0	0
1571	17 May 26	05:35:00	1	0	1	0	Ct	0	0	0	0	0	0	0	0	22	0	0	0	0	0	0	0	0	0	0	0	0	0	0	0	0	0	0	0	0	0	0	0	0	0
1572	17 May 26	05:40:00	1	0	1	0	Ct	0	0	0	0	0	25	0	0	0	0	0	0	0	0	0	0	0	0	0	0	0	0	0	0	0	0	0	0	0	0	0	0	0	0
1573	17 May 26	05:45:00	1	0	1	0	Ct	0	0	0	0	0	15	0	0	0	0	0	0	0	0	0	0	0	0	0	0	0	0	0	0	0	3	0	0	0	0	0	0	0	0
1574	17 May 26	05:50:00	1	0	1	0	Ct	0	0	0	0	0	0	0	0	0	0	0	0	0	0	0	0	0	0	0	0	0	0	0	0	0	0	0	0	0	0	0	0	0	0
1575	17 May 26	05:55:00	1	0	1	0	Ct	0	0	0	0	0	0	0	0	0	0	0	0	0	0	0	0	0	0	0	0	0	0	0	0	0	0	0	0	0	0	0	0	0	0
1576	17 May 26	06:00:00	1	0	1	0	Ct	0	0	0	0	0	0	0	0	0	0	0	0	0	0	0	0	0	0	0	0	0	0	0	0	0	0	13	0	0	0	0	0	0	0
1577	17 May 26	06:05:00	1	0	1	0	Ct	0	0	0	0	0	0	0	0	0	0	0	0	0	0	0	0	0	0	0	0	0	0	0	0	0	2	0	0	0	0	0	0	0	0
1578	17 May 26	06:10:00	1	0	1	0	Ct	0	0	0	0	0	0	0	0	14	0	11	0	0	0	0	0	0	0	0	0	0	0	0	0	0	0	0	0	0	0	0	0	0	0
1579	17 May 26	06:15:00	1	0	1	0	Ct	0	0	0	0	0	0	0	0	0	0	0	0	0	0	0	0	0	0	0	0	0	0	0	0	0	0	0	0	0	0	0	0	0	0
1580	17 May 26	06:20:00	1	0	1	0	Ct	0	0	0	0	0	0	0	0	0	0	0	0	0	0	0	0	0	0	0	0	0	0	0	0	0	0	0	0	0	0	0	0	0	0
1581	17 May 26	06:25:00	1	0	1	0	Ct	0	0	0	0	0	0	0	0	0	0	0	0	0	0	0	0	0	0	0	0	0	0	0	0	0	0	0	0	0	0	0	0	0	0
1582	17 May 26	06:30:00	1	0	1	0	Ct	0	0	0	0	0	0	0	0	0	0	10	0	0	0	0	0	0	0	0	0	0	0	0	0	0	0	5	0	0	0	0	0	0	0
1583	17 May 26	06:35:00	1	0	1	0	Ct	0	0	0	0	0	0	0	0	0	0	0	0	0	0	0	0	0	0	0	0	0	0	0	0	0	0	0	0	0	0	0	0	0	0
1584	17 May 26	06:40:00	1	0	1	0	Ct	0	0	0	0	0	0	0	0	0	0	18	0	0	0	0	0	0	0	0	37	0	0	0	0	0	0	0	0	0	0	0	0	0	0
1585	17 May 26	06:45:00	1	0	1	0	Ct	0	0	0	0	0	0	0	0	0	0	1	0	0	0	0	0	0	0	0	24	0	0	0	0	0	0	0	0	0	0	0	0	0	0
1586	17 May 26	06:50:00	1	0	1	0	Ct	0	0	0	0	0	0	0	0	0	0	2	0	0	0	0	0	0	0	0	0	0	0	0	0	0	0	0	0	0	0	0	0	0	0
1587	17 May 26	06:55:00	1	0	1	0	Ct	0	0	0	0	0	0	0	0	0	0	1	0	0	0	0	0	0	0	0	0	0	0	0	0	0	0	0	0	0	0	0	0	0	0
1588	17 May 26	07:00:00	1	0	1	0	Ct	0	0	0	0	0	0	2	0	0	0	0	0	0	0	0	0	0	0	0	0	0	0	0	0	0	0	0	0	0	0	0	0	0	0
1589	17 May 26	07:05:00	1	0	1	0	Ct	0	0	0	0	0	0	0	0	4	0	0	0	0	0	0	0	0	0	0	0	0	0	0	3	0	0	0	0	0	0	0	0	0	0
1590	17 May 26	07:10:00	1	0	1	0	Ct	0	0	0	0	0	0	0	0	3	0	0	0	0	0	0	0	0	0	0	0	0	0	0	0	0	0	0	0	0	0	0	0	0	0
1591	17 May 26	07:15:00	1	0	1	0	Ct	0	0	0	0	0	0	0	0	0	0	0	0	0	0	0	0	0	0	0	0	0	0	0	0	0	0	0	0	0	0	0	0	0	0
1592	17 May 26	07:20:00	1	0	1	0	Ct	0	0	0	0	0	0	0	0	0	0	0	0	0	0	0	0	0	0	0	0	0	0	0	0	0	0	0	0	0	0	0	0	0	0
1593	17 May 26	07:25:00	1	0	1	0	Ct	0	0	0	0	0	0	3	0	0	0	0	0	0	0	0	0	0	0	0	0	0	0	4	0	0	0	0	0	0	0	0	0	0	0
1594	17 May 26	07:30:00	1	0	1	0	Ct	0	0	0	0	0	0	1	0	0	0	18	0	0	0	0	0	0	0	0	0	0	0	0	0	0	2	0	0	0	0	0	0	0	0
1595	17 May 26	07:35:00	1	0	1	0	Ct	0	0	0	0	0	0	0	0	0	0	4	0	0	0	0	0	0	0	0	0	0	0	0	0	0	0	0	0	0	0	0	0	0	0
1596	17 May 26	07:40:00	1	0	1	0	Ct	0	0	0	0	0	0	0	0	0	0	0	0	0	0	0	0	0	0	0	0	0	0	4	0	0	0	0	0	0	0	0	0	0	0
1597	17 May 26	07:45:00	1	0	1	0	Ct	0	0	0	0	0	0	0	0	24	0	0	0	0	0	0	0	0	0	0	0	0	15	0	0	0	0	0	0	0	0	0	0	0	0
1598	17 May 26	07:50:00	1	0	1	0	Ct	0	0	0	0	0	0	0	0	0	0	5	0	0	2	0	0	0	0	0	0	0	16	0	0	0	0	0	0	0	0	0	0	0	0
1599	17 May 26	07:55:00	1	0	1	0	Ct	0	0	0	0	0	0	0	0	0	0	0	0	0	5	0	0	0	0	0	0	0	1	0	4	0	0	0	0	0	0	0	0	0	0
1600	17 May 26	08:00:00	1	0	1	0	Ct	0	0	0	0	0	0	0	0	0	0	0	0	0	0	0	0	0	0	0	0	0	1	0	0	0	0	0	2	0	0	0	0	0	0
1601	17 May 26	08:05:00	1	0	1	0	Ct	0	0	0	0	0	0	0	0	0	0	0	0	0	0	0	0	0	0	0	0	0	2	0	0	0	0	0	0	0	0	0	0	0	0
1602	17 May 26	08:10:00	1	0	1	0	Ct	0	0	0	0	0	0	0	0	0	0	2	0	0	0	0	0	0	0	0	0	0	1	0	3	0	0	0	7	0	0	0	0	0	0
1603	17 May 26	08:15:00	1	0	1	0	Ct	0	0	0	0	0	0	0	0	0	0	0	0	0	0	0	0	0	0	0	0	0	1	0	0	0	0	0	5	0	0	0	0	0	0
1604	17 May 26	08:20:00	1	0	1	0	Ct	0	0	0	0	0	0	0	0	0	0	0	0	0	0	0	0	0	0	0	0	0	0	0	0	0	0	0	1	0	0	0	0	0	0
1605	17 May 26	08:25:00	1	0	1	0	Ct	0	0	0	0	0	0	0	0	2	0	0	0	0	0	0	0	0	0	0	0	0	1	0	0	0	0	0	0	0	0	0	0	0	0
1606	17 May 26	08:30:00	1	0	1	0	Ct	0	0	0	0	0	0	0	0	3	0	0	0	0	0	0	0	0	0	0	0	0	23	0	0	0	0	0	0	0	0	0	0	0	0
1607	17 May 26	08:35:00	1	0	1	0	Ct	0	0	0	0	0	0	0	0	0	0	0	0	0	0	0	0	0	0	0	0	0	59	0	0	0	0	0	0	0	0	0	0	0	0
1608	17 May 26	08:40:00	1	0	1	0	Ct	0	0	0	0	0	0	0	0	0	0	0	0	0	0	0	0	0	0	0	0	0	8	0	0	0	0	0	0	0	0	0	0	0	0
1609	17 May 26	08:45:00	1	0	1	0	Ct	0	0	0	0	0	0	0	0	0	0	0	0	0	0	0	0	0	0	0	0	0	6	3	0	0	0	0	0	0	0	0	0	0	0
1610	17 May 26	08:50:00	1	0	1	0	Ct	0	0	0	0	0	0	0	0	0	0	0	0	0	0	0	0	0	0	0	0	0	0	0	0	0	0	0	0	0	0	0	0	0	0
1611	17 May 26	08:55:00	1	0	1	0	Ct	0	0	0	0	0	0	0	0	0	5	0	0	0	0	0	0	0	0	0	0	0	3	0	0	0	0	0	0	0	0	0	0	0	0
1612	17 May 26	09:00:00	1	0	1	0	Ct	0	0	0	0	0	0	0	0	0	12	0	0	0	0	0	0	0	0	0	0	0	0	0	0	0	13	0	0	0	0	0	0	0	0
1613	17 May 26	09:05:00	1	0	1	0	Ct	0	0	0	0	0	0	0	0	0	0	0	0	0	0	0	0	0	0	0	0	0	0	0	0	0	0	0	0	0	0	0	0	0	0
1614	17 May 26	09:10:00	1	0	1	0	Ct	0	0	0	0	0	8	0	0	0	0	3	0	0	0	0	0	0	0	0	0	0	0	0	0	0	0	0	0	0	0	0	0	0	0
1615	17 May 26	09:15:00	1	0	1	0	Ct	0	0	0	0	0	2	0	0	0	0	2	0	0	0	0	0	0	0	0	0	0	11	0	0	0	0	0	0	0	0	0	0	0	0
1616	17 May 26	09:20:00	1	0	1	0	Ct	0	0	0	0	0	0	0	0	0	0	4	0	0	0	0	0	0	0	0	0	0	0	0	0	0	0	0	0	0	0	0	0	0	0
1617	17 May 26	09:25:00	1	0	1	0	Ct	0	0	0	0	0	2	0	0	0	0	0	0	0	0	0	0	0	0	0	0	0	0	0	0	0	0	0	0	0	0	0	0	0	0
1618	17 May 26	09:30:00	1	0	1	0	Ct	0	0	0	0	0	0	0	0	0	0	0	0	0	0	0	0	0	0	0	0	0	0	0	0	0	0	0	0	0	0	0	0	0	0
1619	17 May 26	09:35:00	1	0	1	0	Ct	0	0	0	0	0	0	0	0	0	0	0	0	0	0	0	0	0	0	0	0	0	0	0	0	0	0	0	0	0	0	0	0	0	0
1620	17 May 26	09:40:00	1	0	1	0	Ct	0	0	0	0	0	0	0	0	0	0	0	0	0	0	0	0	0	0	0	0	0	0	0	0	0	0	0	0	0	0	0	0	0	0
1621	17 May 26	09:45:00	1	0	1	0	Ct	0	0	0	0	0	0	0	0	0	0	17	0	0	0	0	0	0	0	0	0	0	0	0	0	0	0	0	0	0	0	0	0	0	0
1622	17 May 26	09:50:00	1	0	1	0	Ct	0	0	0	0	0	0	0	0	0	0	6	0	0	0	0	29	0	0	0	0	0	0	0	0	0	0	0	0	0	0	0	0	0	0
1623	17 May 26	09:55:00	1	0	1	0	Ct	0	0	0	0	0	44	0	0	0	0	25	0	0	0	0	8	0	0	0	0	0	0	0	0	0	0	0	0	0	0	0	0	0	0
1624	17 May 26	10:00:00	1	0	1	0	Ct	0	1	0	0	0	0	0	0	5	0	4	0	0	0	0	0	0	0	0	0	0	0	0	0	0	0	0	0	0	0	0	0	0	0
1625	17 May 26	10:05:00	1	0	1	0	Ct	0	1	0	0	0	0	0	0	6	0	0	0	0	0	0	0	0	0	0	0	0	8	3	0	0	6	2	1	0	0	0	0	6	0
1626	17 May 26	10:10:00	1	0	1	0	Ct	0	1	0	0	0	0	0	0	5	0	0	0	0	0	0	0	0	0	0	0	0	5	7	11	0	10	1	7	0	0	6	0	6	0
1627	17 May 26	10:15:00	1	0	1	0	Ct	0	1	0	0	0	0	0	0	1	0	0	0	0	0	0	0	0	0	0	0	0	15	1	5	0	12	6	4	0	0	3	0	12	0
1628	17 May 26	10:20:00	1	0	1	0	Ct	0	1	0	0	0	0	3	0	8	0	0	0	0	0	0	0	0	0	0	0	0	0	1	2	0	11	0	9	0	0	11	0	6	0
1629	17 May 26	10:25:00	1	0	1	0	Ct	0	1	0	0	0	0	8	0	0	0	0	0	0	0	0	0	0	0	0	0	0	1	12	12	0	14	7	6	0	0	8	0	8	0
1630	17 May 26	10:30:00	1	0	1	0	Ct	0	1	0	0	0	0	0	0	5	0	0	0	0	0	0	0	0	0	0	0	0	0	2	1	0	11	6	6	0	0	8	0	8	0
1631	17 May 26	10:35:00	1	0	1	0	Ct	0	1	0	0	0	0	0	0	7	0	0	0	0	0	0	0	0	0	0	0	0	0	0	2	0	13	5	4	3	0	8	0	10	0
1632	17 May 26	10:40:00	1	0	1	0	Ct	0	1	0	0	0	0	3	0	10	0	0	0	0	0	0	0	0	0	0	0	0	0	0	3	0	9	4	6	6	0	16	0	5	0
1633	17 May 26	10:45:00	1	0	1	0	Ct	0	1	0	0	0	0	2	0	0	0	0	0	0	0	0	0	0	0	0	0	0	0	7	3	0	7	8	5	4	0	9	0	8	0
1634	17 May 26	10:50:00	1	0	1	0	Ct	0	1	0	0	0	0	4	0	0	0	0	0	0	0	0	0	0	0	0	0	0	0	5	4	0	8	5	5	0	0	7	0	4	0
1635	17 May 26	10:55:00	1	0	1	0	Ct	0	1	0	0	0	15	5	0	0	0	0	0	0	0	0	0	0	0	0	0	0	0	2	9	0	12	6	3	0	0	2	0	1	0
1636	17 May 26	11:00:00	1	0	1	0	Ct	0	1	0	0	0	38	6	0	0	0	0	0	0	0	0	0	0	0	0	0	0	1	3	22	0	4	7	2	0	0	7	0	5	0
1637	17 May 26	11:05:00	1	0	1	0	Ct	0	1	0	0	0	8	0	0	0	0	0	0	0	0	0	0	0	0	0	0	0	2	22	25	0	12	2	2	0	0	11	0	5	0
1638	17 May 26	11:10:00	1	0	1	0	Ct	0	1	0	0	0	22	0	0	9	0	0	0	0	0	0	3	0	0	0	0	0	2	4	0	0	14	5	3	10	0	6	0	5	0
1639	17 May 26	11:15:00	1	0	1	0	Ct	0	1	0	0	0	58	8	0	0	0	0	0	0	0	0	13	0	0	0	0	0	3	5	16	0	5	9	3	0	0	0	0	6	0
1640	17 May 26	11:20:00	1	0	1	0	Ct	0	1	0	0	0	2	1	0	0	1	0	0	0	0	0	3	0	0	0	0	0	0	8	5	0	8	3	3	0	0	7	0	2	0
1641	17 May 26	11:25:00	1	0	1	0	Ct	0	1	0	0	0	0	0	0	0	0	0	0	0	8	0	0	0	0	0	0	0	0	10	4	0	9	9	0	0	0	7	0	3	0
1642	17 May 26	11:30:00	1	0	1	0	Ct	0	1	0	0	0	0	0	0	0	0	0	0	0	3	0	0	0	0	0	0	0	0	3	0	0	0	2	5	0	0	5	0	3	0
1643	17 May 26	11:35:00	1	0	1	0	Ct	0	1	0	0	0	0	0	0	0	0	0	0	0	0	0	0	0	0	0	0	0	1	4	0	0	0	2	2	6	0	6	0	3	0
1644	17 May 26	11:40:00	1	0	1	0	Ct	0	1	0	0	0	0	2	0	0	0	0	0	0	0	0	0	0	0	0	0	0	11	11	0	0	0	1	11	1	0	3	0	2	0
1645	17 May 26	11:45:00	1	0	1	0	Ct	0	1	0	0	0	0	5	0	2	0	0	0	0	0	0	0	0	0	0	0	0	0	4	0	0	2	4	5	5	0	3	0	8	0
1646	17 May 26	11:50:00	1	0	1	0	Ct	0	1	0	0	0	0	0	0	0	0	3	0	0	0	0	0	0	0	0	0	0	0	1	3	0	12	4	3	0	0	5	0	5	0
1647	17 May 26	11:55:00	1	0	1	0	Ct	0	1	0	0	0	0	0	0	0	0	0	0	0	0	0	0	0	0	0	0	0	10	1	1	0	8	10	3	0	0	8	0	1	0
1648	17 May 26	12:00:00	1	0	1	0	Ct	0	1	0	0	0	0	0	0	0	0	11	0	0	0	0	0	0	0	0	0	0	0	1	2	0	3	6	5	0	0	7	0	8	0
1649	17 May 26	12:05:00	1	0	1	0	Ct	0	1	0	0	0	0	0	0	6	0	0	0	0	0	0	0	0	0	0	0	0	0	6	0	0	7	5	2	0	0	10	0	3	0
1650	17 May 26	12:10:00	1	0	1	0	Ct	0	1	0	0	0	0	0	0	3	1	0	0	0	0	0	0	0	0	0	0	0	16	13	0	0	8	2	3	0	0	6	0	2	0
1651	17 May 26	12:15:00	1	0	1	0	Ct	0	1	0	0	0	0	0	0	2	0	0	0	0	0	0	0	0	0	0	0	0	2	6	0	0	3	2	2	0	0	1	0	2	0
1652	17 May 26	12:20:00	1	0	1	0	Ct	0	1	0	0	0	0	0	0	0	0	3	0	0	0	0	0	0	0	0	0	0	0	2	0	0	2	3	3	0	0	2	0	5	0
1653	17 May 26	12:25:00	1	0	1	0	Ct	0	1	0	0	0	0	0	0	0	0	13	0	0	0	0	0	0	0	0	0	0	0	4	1	0	0	1	2	0	1	0	0	2	0
1654	17 May 26	12:30:00	1	0	1	0	Ct	0	1	0	0	0	6	0	0	0	0	0	0	0	0	0	0	5	0	0	0	0	0	0	0	0	0	0	1	0	0	2	0	5	0
1655	17 May 26	12:35:00	1	0	1	0	Ct	0	1	0	0	0	4	0	0	0	0	0	0	0	0	0	0	0	0	0	0	0	0	5	0	0	0	2	8	0	0	0	0	7	0
1656	17 May 26	12:40:00	1	0	1	0	Ct	0	1	0	0	0	0	0	0	0	0	2	0	0	0	0	0	0	0	0	0	0	0	0	9	0	0	5	3	0	0	3	0	4	0
1657	17 May 26	12:45:00	1	0	1	0	Ct	0	1	0	0	0	0	0	0	0	0	0	0	0	0	0	0	0	0	0	0	0	0	3	6	0	4	6	1	0	0	1	0	7	0
1658	17 May 26	12:50:00	1	0	1	0	Ct	0	1	0	0	0	0	0	0	5	0	4	0	0	0	0	0	6	0	0	0	0	0	3	16	0	3	4	1	0	0	4	0	3	0
1659	17 May 26	12:55:00	1	0	1	0	Ct	0	1	0	0	0	25	0	0	7	0	3	0	0	0	0	0	10	0	0	0	0	7	5	1	0	0	0	3	0	0	2	0	0	0
1660	17 May 26	13:00:00	1	0	1	0	Ct	0	1	0	0	0	16	0	0	0	0	10	0	0	0	0	0	0	0	0	0	0	0	1	0	0	1	3	4	0	0	2	0	2	0
1661	17 May 26	13:05:00	1	0	1	0	Ct	0	1	0	0	0	67	0	0	0	1	7	0	0	0	0	0	0	0	0	0	0	6	0	11	0	0	0	3	4	0	2	0	0	0
1662	17 May 26	13:10:00	1	0	1	0	Ct	0	1	0	0	0	2	0	0	2	3	0	0	0	0	0	0	0	0	0	0	0	8	0	6	0	4	2	3	8	0	0	0	8	0
1663	17 May 26	13:15:00	1	0	1	0	Ct	0	1	0	0	0	6	0	0	6	0	0	0	0	6	0	0	0	0	0	0	0	4	0	0	0	3	2	2	0	0	0	0	4	0
1664	17 May 26	13:20:00	1	0	1	0	Ct	0	1	0	0	0	5	0	0	7	0	0	0	0	0	0	0	0	0	0	0	0	2	0	0	0	4	1	0	0	0	0	0	3	0
1665	17 May 26	13:25:00	1	0	1	0	Ct	0	1	0	0	0	0	0	0	6	0	0	0	0	0	0	0	0	0	0	0	0	0	6	0	0	1	1	8	0	0	1	0	2	0
1666	17 May 26	13:30:00	1	0	1	0	Ct	0	1	0	0	0	0	0	0	4	0	0	0	0	0	0	0	0	0	0	10	0	0	7	1	0	1	0	2	0	0	1	0	2	0
1667	17 May 26	13:35:00	1	0	1	0	Ct	0	1	0	0	0	0	0	0	8	0	0	0	0	0	0	0	0	0	0	0	0	2	0	2	0	0	1	2	0	0	0	0	6	0
1668	17 May 26	13:40:00	1	0	1	0	Ct	0	1	0	0	0	0	0	0	3	0	0	0	0	0	0	0	0	0	0	0	0	0	4	0	0	5	1	1	0	0	2	0	0	0
1669	17 May 26	13:45:00	1	0	1	0	Ct	0	1	0	0	0	0	0	0	0	0	0	0	0	0	0	0	0	0	0	0	0	0	4	7	0	8	0	2	0	0	1	0	5	0
1670	17 May 26	13:50:00	1	0	1	0	Ct	0	1	0	0	0	0	0	0	0	0	0	0	0	0	0	0	0	0	0	0	0	0	0	5	0	5	2	0	0	0	6	0	0	0
1671	17 May 26	13:55:00	1	0	1	0	Ct	0	1	0	0	0	0	0	0	0	0	0	0	0	0	0	0	0	0	0	0	0	0	5	0	0	8	0	0	0	0	5	0	0	0
1672	17 May 26	14:00:00	1	0	1	0	Ct	0	1	0	0	0	0	0	0	0	0	33	0	0	0	0	0	0	0	0	0	0	0	0	0	0	4	8	0	0	0	1	0	0	0
1673	17 May 26	14:05:00	1	0	1	0	Ct	0	1	0	0	0	0	0	0	0	0	3	0	0	2	0	0	0	0	0	0	0	0	0	0	0	6	2	2	0	0	0	0	2	0
1674	17 May 26	14:10:00	1	0	1	0	Ct	0	1	0	0	0	0	0	0	0	0	0	0	0	3	0	0	0	0	0	0	0	0	0	0	0	0	0	2	0	0	3	0	2	0
1675	17 May 26	14:15:00	1	0	1	0	Ct	0	1	0	0	0	0	0	0	0	0	0	0	0	0	0	0	0	0	0	0	0	0	0	0	0	2	10	0	0	0	0	0	2	0
1676	17 May 26	14:20:00	1	0	1	0	Ct	0	1	0	0	0	0	0	0	0	0	19	0	0	0	0	0	0	0	0	0	0	0	0	0	0	4	2	0	0	0	1	0	3	0
1677	17 May 26	14:25:00	1	0	1	0	Ct	0	1	0	0	0	0	0	0	0	0	0	0	0	0	0	0	0	0	0	0	0	0	0	33	0	17	4	4	0	0	4	0	2	0
1678	17 May 26	14:30:00	1	0	1	0	Ct	0	1	0	0	0	0	0	0	0	0	0	0	0	0	0	0	0	0	0	0	0	0	0	7	0	9	2	1	0	0	0	0	2	0
1679	17 May 26	14:35:00	1	0	1	0	Ct	0	1	0	0	0	0	0	0	0	0	0	0	0	0	0	0	0	0	0	0	0	1	0	0	0	5	3	1	0	0	0	0	0	0
1680	17 May 26	14:40:00	1	0	1	0	Ct	0	1	0	0	0	0	0	0	0	0	1	0	0	0	0	0	0	0	0	0	0	0	5	0	0	7	3	0	0	0	2	0	0	0
1681	17 May 26	14:45:00	1	0	1	0	Ct	0	1	0	0	0	0	0	0	0	0	0	0	0	1	0	0	0	0	0	0	0	4	4	2	0	3	3	0	0	0	1	0	1	0
1682	17 May 26	14:50:00	1	0	1	0	Ct	0	1	0	0	0	0	0	0	0	0	0	0	0	0	0	0	0	0	0	0	0	0	0	0	0	2	2	0	0	0	1	0	1	0
1683	17 May 26	14:55:00	1	0	1	0	Ct	0	1	0	0	0	0	0	0	0	0	0	0	0	0	0	0	0	0	0	0	0	0	5	2	0	3	3	0	0	0	0	0	0	0
1684	17 May 26	15:00:00	1	0	1	0	Ct	0	1	0	0	0	0	0	0	0	0	0	0	0	0	0	0	0	0	6	0	0	0	5	3	0	3	2	0	0	0	0	0	0	0
1685	17 May 26	15:05:00	1	0	1	0	Ct	0	1	0	0	0	0	0	0	0	0	0	0	0	0	0	0	0	0	7	0	0	2	3	9	0	1	4	0	8	0	0	0	2	0
1686	17 May 26	15:10:00	1	0	1	0	Ct	0	1	0	0	0	0	0	0	0	0	0	0	0	0	0	0	0	0	0	0	0	0	2	0	0	0	2	0	6	0	6	0	0	0
1687	17 May 26	15:15:00	1	0	1	0	Ct	0	1	0	0	0	0	0	0	0	0	0	0	0	0	0	0	0	0	3	0	0	0	5	1	0	0	0	0	0	0	0	0	2	0
1688	17 May 26	15:20:00	1	0	1	0	Ct	0	1	0	0	0	0	0	0	0	0	0	0	0	0	0	0	0	0	0	0	0	7	0	1	0	0	2	1	0	0	3	0	0	0
1689	17 May 26	15:25:00	1	0	1	0	Ct	0	1	0	0	0	0	0	0	0	0	0	0	0	0	0	0	0	0	0	0	0	13	16	38	0	0	0	3	0	0	0	0	0	0
1690	17 May 26	15:30:00	1	0	1	0	Ct	0	1	0	0	0	0	0	0	0	0	0	0	0	0	0	0	0	0	0	0	0	7	23	0	0	7	7	0	0	0	0	0	4	0
1691	17 May 26	15:35:00	1	0	1	0	Ct	0	1	0	0	0	0	0	0	0	0	0	0	0	0	0	0	0	0	0	0	0	0	1	0	0	0	2	3	0	0	0	0	2	0
1692	17 May 26	15:40:00	1	0	1	0	Ct	0	1	0	0	0	0	0	0	0	0	0	0	0	0	0	0	0	0	0	0	0	6	2	15	0	0	9	0	0	0	0	0	0	0
1693	17 May 26	15:45:00	1	0	1	0	Ct	0	1	0	0	0	0	0	0	0	0	0	0	0	0	0	0	0	0	0	0	0	0	14	7	0	0	0	0	0	0	0	0	0	0
1694	17 May 26	15:50:00	1	0	1	0	Ct	0	1	0	0	0	0	0	0	0	0	0	0	0	0	0	0	0	0	0	0	0	35	0	0	0	0	2	2	0	0	0	0	2	0
1695	17 May 26	15:55:00	1	0	1	0	Ct	0	1	0	0	0	0	0	0	0	0	0	0	0	0	0	13	0	0	0	5	0	22	0	0	0	0	0	2	0	0	0	0	2	0
1696	17 May 26	16:00:00	1	0	1	0	Ct	0	1	0	0	0	0	0	0	0	0	0	0	0	0	0	53	0	0	0	16	0	0	0	24	0	0	1	0	0	0	0	0	0	0
1697	17 May 26	16:05:00	1	0	1	0	Ct	0	1	0	0	0	0	0	0	0	0	0	0	0	0	0	14	0	0	0	14	0	10	0	22	0	2	1	0	0	0	0	0	2	0
1698	17 May 26	16:10:00	1	0	1	0	Ct	0	1	0	0	0	0	0	0	0	0	0	0	0	0	0	0	0	0	0	1	0	0	6	53	0	4	2	0	0	0	2	0	3	0
1699	17 May 26	16:15:00	1	0	1	0	Ct	0	1	0	0	0	0	0	0	0	0	0	0	0	0	0	0	0	0	0	0	0	4	2	28	0	4	2	7	0	0	2	0	1	0
1700	17 May 26	16:20:00	1	0	1	0	Ct	0	1	0	0	0	0	0	0	4	0	0	0	0	0	0	0	0	0	0	0	0	0	3	1	0	10	1	1	0	0	0	0	7	0
1701	17 May 26	16:25:00	1	0	1	0	Ct	0	1	0	0	0	0	0	0	2	0	0	0	0	0	0	0	0	0	9	0	0	12	0	3	0	4	1	0	0	0	0	0	0	0
1702	17 May 26	16:30:00	1	0	1	0	Ct	0	1	0	0	0	0	0	0	0	0	0	0	0	0	0	0	0	0	0	0	0	3	1	0	0	2	1	0	0	0	0	0	2	0
1703	17 May 26	16:35:00	1	0	1	0	Ct	0	1	0	0	0	0	0	0	0	0	12	0	0	0	0	0	0	0	0	0	0	15	5	0	0	4	1	0	0	0	0	0	1	0
1704	17 May 26	16:40:00	1	0	1	0	Ct	0	1	0	0	0	0	0	0	3	0	2	0	0	0	0	0	0	0	0	0	0	8	1	64	0	11	1	0	0	0	0	0	1	0
1705	17 May 26	16:45:00	1	0	1	0	Ct	0	1	0	0	0	0	0	0	45	0	14	0	0	0	0	0	0	0	7	0	0	14	16	16	0	3	2	0	7	0	2	0	2	0
1706	17 May 26	16:50:00	1	0	1	0	Ct	0	1	0	0	0	0	0	0	4	0	17	0	0	0	0	0	0	0	1	0	0	0	2	45	0	13	0	0	8	0	3	0	0	0
1707	17 May 26	16:55:00	1	0	1	0	Ct	0	1	0	0	0	0	0	0	0	0	8	0	0	0	0	0	0	0	0	0	0	1	0	10	0	2	1	0	0	0	1	0	2	0
1708	17 May 26	17:00:00	1	0	1	0	Ct	0	1	0	0	0	0	0	0	2	0	4	0	0	0	0	0	0	0	0	0	0	2	6	1	0	4	1	0	0	0	0	0	2	0
1709	17 May 26	17:05:00	1	0	1	0	Ct	0	1	0	0	0	0	0	0	2	0	5	0	0	0	0	0	0	0	0	0	0	0	1	0	0	0	0	0	0	0	0	0	0	0
1710	17 May 26	17:10:00	1	0	1	0	Ct	0	1	0	0	0	0	0	0	4	0	0	0	0	0	0	0	0	0	0	0	0	0	5	5	0	0	1	0	0	0	0	0	0	0
1711	17 May 26	17:15:00	1	0	1	0	Ct	0	1	0	0	0	0	0	0	0	0	0	0	0	0	0	0	0	0	0	0	0	0	8	0	0	0	1	0	0	0	0	0	0	0
1712	17 May 26	17:20:00	1	0	1	0	Ct	0	1	0	0	0	0	0	0	0	0	0	0	0	0	0	0	1	0	0	0	0	0	6	0	0	3	0	0	0	0	0	0	1	0
1713	17 May 26	17:25:00	1	0	1	0	Ct	0	1	0	0	0	0	0	0	0	0	0	0	0	0	0	0	1	0	0	0	0	1	13	0	0	3	0	0	0	0	0	0	6	0
1714	17 May 26	17:30:00	1	0	1	0	Ct	0	1	0	0	0	0	0	0	0	0	0	0	0	0	0	0	1	0	0	0	0	9	1	8	0	2	1	0	0	0	5	0	10	0
1715	17 May 26	17:35:00	1	0	1	0	Ct	0	1	0	0	0	0	0	0	0	0	0	0	0	0	0	0	0	0	0	3	0	4	14	70	0	2	3	0	0	0	1	0	0	0
1716	17 May 26	17:40:00	1	0	1	0	Ct	0	1	0	0	0	0	0	0	0	0	0	0	0	0	0	0	0	0	0	0	0	0	4	2	0	7	0	0	0	0	1	0	1	0
1717	17 May 26	17:45:00	1	0	1	0	Ct	0	1	0	0	0	0	0	0	0	0	0	0	0	0	0	0	2	0	0	18	0	0	0	2	0	7	0	0	0	0	0	0	4	0
1718	17 May 26	17:50:00	1	0	1	0	Ct	0	1	0	0	0	0	0	0	0	0	0	0	0	0	0	0	0	0	0	0	0	0	0	9	0	4	0	2	0	0	0	0	0	0
1719	17 May 26	17:55:00	1	0	1	0	Ct	0	1	0	0	0	0	0	0	0	4	0	0	0	0	0	0	2	0	0	0	0	0	6	9	0	6	0	0	0	0	0	0	0	0
1720	17 May 26	18:00:00	1	0	1	0	Ct	0	1	0	0	0	0	0	0	0	54	0	0	0	0	0	0	2	0	0	0	0	0	0	4	0	6	0	0	0	0	0	0	0	0
1721	17 May 26	18:05:00	1	0	1	0	Ct	0	1	0	0	0	0	0	0	0	1	0	0	0	0	0	0	0	0	0	0	0	16	5	0	0	0	0	0	0	0	0	0	0	0
1722	17 May 26	18:10:00	1	0	1	0	Ct	0	1	0	0	0	0	0	0	0	0	29	0	0	0	0	0	0	0	0	0	0	6	0	0	0	3	2	0	0	0	0	0	0	0
1723	17 May 26	18:15:00	1	0	1	0	Ct	0	1	0	0	0	0	0	0	0	0	22	0	0	0	0	0	15	0	0	0	0	2	0	0	0	6	0	0	0	0	0	0	0	0
1724	17 May 26	18:20:00	1	0	1	0	Ct	0	1	0	0	0	0	0	0	2	0	0	0	0	0	0	0	1	0	0	0	0	0	3	15	0	2	0	0	0	0	0	0	0	0
1725	17 May 26	18:25:00	1	0	1	0	Ct	0	1	0	0	0	0	0	0	0	0	0	0	0	0	0	0	0	0	0	0	0	0	7	0	0	5	0	0	0	0	0	0	0	0
1726	17 May 26	18:30:00	1	0	1	0	Ct	0	1	0	0	0	0	0	0	0	0	4	0	0	0	0	0	0	0	0	0	0	0	0	1	0	4	2	1	0	0	0	0	2	0
1727	17 May 26	18:35:00	1	0	1	0	Ct	0	1	0	0	0	0	6	0	0	0	9	0	0	0	0	0	0	0	0	0	0	0	0	1	0	4	0	1	0	0	0	0	0	0
1728	17 May 26	18:40:00	1	0	1	0	Ct	0	1	0	0	0	0	0	0	0	0	10	0	0	0	0	0	0	0	0	0	0	0	3	12	0	4	0	0	0	0	0	0	0	0
1729	17 May 26	18:45:00	1	0	1	0	Ct	0	1	0	0	0	0	0	0	0	0	9	0	0	0	0	0	0	0	0	0	0	25	0	0	0	2	1	0	0	0	0	0	0	0
1730	17 May 26	18:50:00	1	0	1	0	Ct	0	1	0	0	0	0	0	0	0	7	1	0	0	0	0	0	0	0	0	0	0	0	2	2	0	2	1	0	0	0	2	0	5	0
1731	17 May 26	18:55:00	1	0	1	0	Ct	0	1	0	0	0	0	0	0	2	0	0	0	0	0	0	0	0	0	0	0	0	0	0	2	0	1	0	0	0	0	3	0	1	0
1732	17 May 26	19:00:00	1	0	1	0	Ct	0	1	0	0	0	0	1	0	0	0	0	0	0	0	0	0	0	0	0	0	0	0	0	0	0	3	0	0	0	0	4	0	0	0
1733	17 May 26	19:05:00	1	0	1	0	Ct	0	1	0	0	0	0	0	0	0	0	0	0	0	0	0	0	0	0	0	0	0	0	0	0	0	4	0	0	0	0	2	0	0	0
1734	17 May 26	19:10:00	1	0	1	0	Ct	0	1	0	0	0	0	0	0	2	2	5	0	0	0	0	0	0	0	0	0	0	1	0	2	0	2	1	2	0	0	0	0	0	0
1735	17 May 26	19:15:00	1	0	1	0	Ct	0	1	0	0	0	0	0	0	2	3	1	0	0	0	0	0	0	0	0	0	0	0	0	3	0	0	1	0	0	0	0	0	0	0
1736	17 May 26	19:20:00	1	0	1	0	Ct	0	1	0	0	0	0	0	0	3	0	0	0	0	0	0	0	0	0	0	0	0	0	0	33	0	0	0	0	0	0	0	0	0	0
1737	17 May 26	19:25:00	1	0	1	0	Ct	0	1	0	0	0	0	0	0	7	0	0	0	0	1	0	0	0	0	0	8	0	6	0	5	0	0	0	0	0	0	0	0	2	0
1738	17 May 26	19:30:00	1	0	1	0	Ct	0	1	0	0	0	0	0	0	5	0	20	0	0	8	0	0	0	0	0	0	0	5	1	0	0	2	1	0	4	0	0	0	1	0
1739	17 May 26	19:35:00	1	0	1	0	Ct	0	1	0	0	0	0	0	0	0	0	8	0	0	0	0	0	0	0	0	0	0	0	1	0	0	2	2	0	11	0	0	0	2	0
1740	17 May 26	19:40:00	1	0	1	0	Ct	0	1	0	0	0	0	0	0	0	0	10	0	0	0	0	1	0	0	0	0	0	0	2	0	0	4	0	0	0	0	0	0	0	0
1741	17 May 26	19:45:00	1	0	1	0	Ct	0	1	0	0	0	0	0	0	0	0	10	0	0	0	0	0	0	0	0	0	0	5	9	0	0	4	0	0	0	0	0	0	0	0
1742	17 May 26	19:50:00	1	0	1	0	Ct	0	1	0	0	0	0	0	0	0	0	0	0	0	0	0	3	0	0	0	0	0	7	6	0	0	13	0	0	0	0	0	0	0	0
1743	17 May 26	19:55:00	1	0	1	0	Ct	0	1	0	0	0	0	0	0	0	0	0	0	0	0	0	29	0	0	0	0	0	7	7	1	0	5	0	0	0	0	0	0	0	0
1744	17 May 26	20:00:00	1	0	1	0	Ct	0	1	0	0	0	0	0	0	0	0	0	0	0	0	0	35	0	0	0	0	0	0	2	0	0	3	0	0	0	0	4	0	5	0
1745	17 May 26	20:05:00	1	0	1	0	Ct	0	1	0	0	0	0	0	0	0	0	0	0	0	4	0	7	0	0	0	0	0	0	2	0	0	1	5	2	0	0	2	0	0	0
1746	17 May 26	20:10:00	1	0	1	0	Ct	0	1	0	0	0	0	0	0	0	0	0	0	0	4	0	61	0	0	0	0	0	0	4	11	0	2	0	0	0	0	2	0	0	0
1747	17 May 26	20:15:00	1	0	1	0	Ct	0	1	0	0	0	0	0	0	0	8	0	0	0	2	0	0	0	0	0	1	0	0	0	35	0	1	0	0	0	0	0	0	0	0
1748	17 May 26	20:20:00	1	0	1	0	Ct	0	1	0	0	0	0	0	0	0	0	29	0	0	0	0	36	0	0	0	1	0	0	2	0	0	5	0	0	0	0	0	0	0	0
1749	17 May 26	20:25:00	1	0	1	0	Ct	0	1	0	0	0	4	0	0	0	0	13	0	0	0	0	0	2	0	0	8	0	0	0	0	0	0	0	0	0	0	0	0	1	0
1750	17 May 26	20:30:00	1	0	1	0	Ct	0	1	0	0	0	6	0	0	0	0	2	0	0	0	0	0	0	0	0	0	0	17	7	4	0	0	1	0	0	2	0	0	3	0
1751	17 May 26	20:35:00	1	0	1	0	Ct	0	1	0	0	0	0	0	0	0	1	3	0	0	0	0	0	0	0	0	0	0	6	0	0	0	0	1	0	0	8	2	0	2	0
1752	17 May 26	20:40:00	1	0	1	0	Ct	0	1	0	0	0	3	0	0	0	0	17	0	0	0	0	0	0	0	0	0	0	1	0	7	0	0	0	0	0	17	2	0	1	0
1753	17 May 26	20:45:00	1	0	1	0	Ct	0	1	0	0	0	2	0	0	0	0	1	0	0	0	0	0	3	0	0	0	0	4	3	6	0	0	0	1	0	0	5	0	1	0
1754	17 May 26	20:50:00	1	0	1	0	Ct	0	1	0	0	0	16	0	0	0	0	0	0	0	0	0	0	0	0	0	0	0	3	0	7	0	0	2	6	0	24	2	0	2	0
1755	17 May 26	20:55:00	1	0	1	0	Ct	0	1	0	0	0	0	9	0	0	5	0	0	0	0	0	0	6	0	0	0	0	6	0	0	0	2	0	0	0	0	1	0	0	0
1756	17 May 26	21:00:00	1	0	1	0	Ct	0	1	0	0	0	0	15	0	0	2	0	0	0	0	0	0	0	0	0	0	0	19	0	5	0	4	0	5	0	0	3	0	4	0
1757	17 May 26	21:05:00	1	0	1	0	Ct	0	1	0	0	0	0	17	0	0	2	0	0	0	0	0	0	0	0	0	0	0	0	0	2	0	3	2	5	0	0	4	0	2	0
1758	17 May 26	21:10:00	1	0	1	0	Ct	0	1	0	0	0	0	11	0	0	11	0	0	0	0	0	0	0	0	0	0	12	0	3	0	0	3	2	8	0	0	5	0	3	0
1759	17 May 26	21:15:00	1	0	1	0	Ct	0	1	0	0	0	0	0	0	0	1	0	0	0	0	0	0	0	0	0	0	0	7	5	0	0	8	3	3	8	0	3	0	0	0
1760	17 May 26	21:20:00	1	0	1	0	Ct	0	1	0	0	0	0	0	0	0	0	0	0	0	0	0	0	0	0	0	0	0	2	0	3	0	5	1	2	5	0	2	0	1	0
1761	17 May 26	21:25:00	1	0	1	0	Ct	0	1	0	0	0	11	2	0	0	0	0	0	0	0	0	0	0	0	0	0	0	2	0	1	0	6	2	0	0	0	2	0	3	0
1762	17 May 26	21:30:00	1	0	1	0	Ct	0	1	0	0	0	4	0	0	0	4	0	0	0	0	0	0	0	0	0	0	0	5	0	2	0	1	0	7	0	0	6	0	3	0
1763	17 May 26	21:35:00	1	0	1	0	Ct	0	1	0	0	0	0	0	0	0	2	0	0	0	0	0	0	0	0	0	5	0	24	3	0	0	0	0	2	3	0	5	0	3	0
1764	17 May 26	21:40:00	1	0	1	0	Ct	0	1	0	0	0	3	2	0	0	9	0	0	0	10	0	0	0	0	0	0	0	7	1	1	0	2	3	4	9	0	8	0	1	0
1765	17 May 26	21:45:00	1	0	1	0	Ct	0	1	0	0	0	0	0	0	2	2	15	0	0	6	0	0	0	0	0	0	0	0	1	0	0	7	0	10	0	0	3	0	1	0
1766	17 May 26	21:50:00	1	0	1	0	Ct	0	1	0	0	0	6	2	0	6	2	23	0	0	1	0	0	0	0	0	0	0	0	6	0	0	12	0	3	0	0	1	0	4	0
1767	17 May 26	21:55:00	1	0	1	0	Ct	0	1	0	0	0	42	11	0	0	5	0	0	0	1	0	0	0	0	0	0	0	0	5	0	0	5	2	0	0	0	2	0	1	0
1768	17 May 26	22:00:00	1	0	1	0	Ct	0	1	0	0	0	26	11	0	0	0	0	0	0	1	0	0	0	0	0	0	8	1	0	1	0	5	5	3	0	0	2	0	1	0
1769	17 May 26	22:05:00	1	0	1	0	Ct	0	1	0	0	0	11	12	0	0	5	0	0	0	9	0	0	2	0	0	5	0	1	4	2	0	11	0	11	0	0	1	0	13	0
1770	17 May 26	22:10:00	1	0	1	0	Ct	0	0	0	0	0	11	5	0	0	3	0	0	0	7	0	0	0	0	0	3	0	0	19	19	0	3	0	6	0	0	0	0	5	0
1771	17 May 26	22:15:00	1	0	1	0	Ct	0	0	0	0	0	5	5	0	0	7	0	0	0	7	0	0	0	0	0	17	0	1	9	12	0	0	0	6	0	0	3	0	4	0
1772	17 May 26	22:20:00	1	0	1	0	Ct	0	0	0	0	0	4	6	0	0	0	11	0	0	5	0	0	5	0	0	0	0	31	12	4	0	2	0	0	0	0	9	0	4	0
1773	17 May 26	22:25:00	1	0	1	0	Ct	0	0	0	0	0	0	6	0	0	3	27	0	0	12	0	0	1	0	0	7	0	5	1	2	0	0	0	0	0	0	2	0	8	0
1774	17 May 26	22:30:00	1	0	1	0	Ct	0	0	0	0	0	0	8	0	0	3	25	0	0	5	0	0	2	0	0	7	0	3	7	5	0	0	0	0	0	0	0	0	4	0
1775	17 May 26	22:35:00	1	0	1	0	Ct	0	0	0	0	0	0	4	0	0	0	4	0	0	17	0	0	1	0	0	5	0	0	4	0	0	3	34	0	0	0	0	0	17	0
1776	17 May 26	22:40:00	1	0	1	0	Ct	0	0	0	0	0	0	8	0	0	6	0	0	0	7	0	0	0	0	0	10	0	2	8	0	0	2	0	2	0	0	3	0	3	0
1777	17 May 26	22:45:00	1	0	1	0	Ct	0	0	0	0	0	0	4	0	0	6	0	0	0	2	0	0	0	0	0	16	0	7	0	0	0	0	2	3	0	0	0	0	0	0
1778	17 May 26	22:50:00	1	0	1	0	Ct	0	0	0	0	0	0	8	0	4	2	0	0	0	2	0	0	0	0	0	0	0	0	0	0	0	0	5	5	0	0	5	0	0	0
1779	17 May 26	22:55:00	1	0	1	0	Ct	0	0	0	0	0	0	6	0	0	3	0	0	0	6	0	0	0	0	0	0	0	0	0	0	0	3	0	10	0	0	0	0	0	0
1780	17 May 26	23:00:00	1	0	1	0	Ct	0	0	0	0	0	0	4	0	0	5	0	0	0	21	0	0	0	0	0	0	0	0	0	0	0	0	0	9	9	0	0	0	0	0
1781	17 May 26	23:05:00	1	0	1	0	Ct	0	0	0	0	0	0	4	0	0	2	5	0	0	5	0	0	0	0	0	0	0	0	0	0	0	0	0	5	12	0	0	0	0	0
1782	17 May 26	23:10:00	1	0	1	0	Ct	0	0	0	0	0	0	3	0	2	6	3	0	0	2	0	0	0	0	0	0	0	0	0	0	0	0	0	3	0	0	0	0	0	0
1783	17 May 26	23:15:00	1	0	1	0	Ct	0	0	0	0	0	0	13	0	7	0	4	0	0	13	0	0	8	0	0	0	0	0	0	0	0	0	0	2	0	0	0	0	0	0
1784	17 May 26	23:20:00	1	0	1	0	Ct	0	0	0	0	0	0	4	0	0	0	3	0	0	8	0	0	1	0	0	0	0	0	23	0	0	0	0	4	0	0	0	0	0	0
1785	17 May 26	23:25:00	1	0	1	0	Ct	0	0	0	0	0	0	8	0	0	5	7	0	0	7	0	0	0	0	0	0	0	0	0	0	0	0	0	0	0	0	0	0	0	0
1786	17 May 26	23:30:00	1	0	1	0	Ct	0	0	0	0	0	0	11	0	0	8	0	0	0	5	0	0	0	0	0	0	0	0	0	0	0	0	0	0	0	0	0	0	0	0
1787	17 May 26	23:35:00	1	0	1	0	Ct	0	0	0	0	0	0	10	0	0	2	0	0	0	4	0	0	0	0	0	0	0	0	0	0	0	0	0	0	0	0	0	0	0	0
1788	17 May 26	23:40:00	1	0	1	0	Ct	0	0	0	0	0	0	11	0	0	5	0	0	0	7	0	0	0	0	0	0	0	0	0	0	0	0	0	0	0	0	0	0	0	0
1789	17 May 26	23:45:00	1	0	1	0	Ct	0	0	0	0	0	0	9	0	0	3	0	0	0	3	0	0	1	0	0	0	0	3	4	0	0	0	0	0	0	0	0	0	0	0
1790	17 May 26	23:50:00	1	0	1	0	Ct	0	0	0	0	0	0	8	0	0	51	0	0	0	7	0	0	7	0	0	5	0	0	4	40	0	0	0	0	0	0	16	0	0	0
1791	17 May 26	23:55:00	1	0	1	0	Ct	0	0	0	0	0	0	7	0	0	1	0	0	0	3	0	0	1	0	0	0	0	0	0	0	0	0	0	0	0	0	2	0	0	0
1792	18 May 26	00:00:00	1	0	1	0	Ct	0	0	0	0	0	0	7	0	0	8	0	0	0	14	0	0	0	0	0	0	0	25	0	0	0	0	7	0	0	0	0	0	0	0
1793	18 May 26	00:05:00	1	0	1	0	Ct	0	0	0	0	0	0	12	0	0	3	0	0	0	5	0	0	0	0	0	3	0	11	0	0	0	0	0	0	0	0	0	0	0	0
1794	18 May 26	00:10:00	1	0	1	0	Ct	0	0	0	0	0	0	9	0	0	7	5	0	0	13	0	0	0	0	0	0	0	14	0	0	0	0	0	7	0	0	0	0	0	0
1795	18 May 26	00:15:00	1	0	1	0	Ct	0	0	0	0	0	0	5	0	0	16	1	0	0	4	0	0	0	0	0	4	0	0	0	0	0	7	0	6	0	0	0	0	0	0
1796	18 May 26	00:20:00	1	0	1	0	Ct	0	0	0	0	0	0	6	0	0	12	0	0	0	4	0	0	0	0	0	4	0	0	0	1	0	0	0	0	0	0	0	0	0	0
1797	18 May 26	00:25:00	1	0	1	0	Ct	0	0	0	0	0	0	8	0	0	2	8	0	0	6	0	0	0	0	0	0	0	0	0	12	0	0	0	0	0	0	0	0	0	0
1798	18 May 26	00:30:00	1	0	1	0	Ct	0	0	0	0	0	0	14	0	0	9	73	0	0	4	0	0	4	0	0	0	0	0	3	28	0	0	22	0	0	0	0	0	0	0
1799	18 May 26	00:35:00	1	0	1	0	Ct	0	0	0	0	0	0	12	0	0	5	16	0	0	2	0	0	2	0	0	0	0	0	1	18	0	0	41	0	0	0	0	0	0	0
1800	18 May 26	00:40:00	1	0	1	0	Ct	0	0	0	0	0	0	6	0	0	5	0	0	0	0	0	0	10	0	0	0	0	0	0	37	0	0	2	0	0	0	0	0	0	0
1801	18 May 26	00:45:00	1	0	1	0	Ct	0	0	0	0	0	0	11	0	0	15	0	0	0	0	0	32	1	0	0	0	0	0	0	1	0	0	0	0	0	0	0	0	0	0
1802	18 May 26	00:50:00	1	0	1	0	Ct	0	0	0	0	0	2	8	0	0	2	0	0	0	0	0	37	0	0	0	5	0	0	1	1	0	0	0	2	0	0	0	0	0	0
1803	18 May 26	00:55:00	1	0	1	0	Ct	0	0	0	0	0	1	7	0	0	6	2	0	0	0	0	6	0	0	0	0	0	0	7	76	0	0	0	0	0	0	0	0	0	0
1804	18 May 26	01:00:00	1	0	1	0	Ct	0	0	0	0	0	0	0	0	0	8	1	0	0	0	0	0	0	0	0	0	0	0	3	29	0	0	0	0	0	0	0	0	0	0
1805	18 May 26	01:05:00	1	0	1	0	Ct	0	0	0	0	0	0	0	0	0	1	0	0	0	0	0	0	0	0	0	0	0	13	0	17	0	0	4	0	0	0	0	0	0	0
1806	18 May 26	01:10:00	1	0	1	0	Ct	0	0	0	0	0	0	0	0	2	2	12	0	0	0	0	0	1	0	0	0	0	0	2	0	0	0	0	0	0	0	0	0	0	0
1807	18 May 26	01:15:00	1	0	1	0	Ct	0	0	0	0	0	0	0	0	0	2	7	0	0	0	0	0	1	0	0	0	0	0	0	1	0	0	2	0	0	0	0	0	0	0
1808	18 May 26	01:20:00	1	0	1	0	Ct	0	0	0	0	0	0	0	0	0	0	0	0	0	0	0	0	0	0	0	0	0	2	0	0	0	0	10	0	0	0	0	0	0	0
1809	18 May 26	01:25:00	1	0	1	0	Ct	0	0	0	0	0	0	0	0	0	0	5	0	0	0	0	0	0	0	0	0	0	8	0	0	0	0	4	0	0	0	0	0	0	0
1810	18 May 26	01:30:00	1	0	1	0	Ct	0	0	0	0	0	0	0	0	0	1	0	0	0	0	0	0	0	0	0	0	0	0	0	1	0	0	0	0	0	0	1	0	0	0
1811	18 May 26	01:35:00	1	0	1	0	Ct	0	0	0	0	0	0	0	0	0	0	8	0	0	0	0	0	0	0	0	0	0	4	0	44	0	0	0	0	0	0	0	0	0	0
1812	18 May 26	01:40:00	1	0	1	0	Ct	0	0	0	0	0	0	0	0	0	2	0	0	0	0	0	0	0	0	0	0	0	0	10	26	0	0	0	0	0	0	0	0	0	0
1813	18 May 26	01:45:00	1	0	1	0	Ct	0	0	0	0	0	0	0	0	2	7	0	0	0	0	0	0	0	0	0	0	0	0	0	0	0	0	0	0	0	0	1	0	0	0
1814	18 May 26	01:50:00	1	0	1	0	Ct	0	0	0	0	0	0	0	0	0	0	0	0	0	0	0	0	2	0	0	0	0	0	0	0	0	0	0	0	0	0	0	0	0	0
1815	18 May 26	01:55:00	1	0	1	0	Ct	0	0	0	0	0	0	0	0	0	0	0	0	0	0	0	0	0	0	0	0	0	0	3	0	0	0	0	0	0	0	0	0	0	0
1816	18 May 26	02:00:00	1	0	1	0	Ct	0	0	0	0	0	0	0	0	0	0	0	0	0	0	0	0	0	0	0	0	0	0	0	0	0	0	0	0	0	0	0	0	0	0
1817	18 May 26	02:05:00	1	0	1	0	Ct	0	0	0	0	0	0	0	0	0	5	0	0	0	0	0	0	0	0	0	0	0	0	0	0	0	0	0	0	0	0	0	0	0	0
1818	18 May 26	02:10:00	1	0	1	0	Ct	0	0	0	0	0	0	0	0	0	0	0	0	0	0	0	0	0	0	0	0	0	0	9	0	0	0	0	0	0	0	0	0	0	0
1819	18 May 26	02:15:00	1	0	1	0	Ct	0	0	0	0	0	0	0	0	0	0	0	0	0	0	0	0	0	0	0	0	0	0	0	8	0	0	0	0	0	0	0	0	0	0
1820	18 May 26	02:20:00	1	0	1	0	Ct	0	0	0	0	0	0	0	0	0	0	0	0	0	0	0	0	0	0	0	0	0	2	0	0	0	1	0	0	0	0	0	0	0	0
1821	18 May 26	02:25:00	1	0	1	0	Ct	0	0	0	0	0	0	0	0	0	0	0	0	0	0	0	0	0	0	0	0	0	0	0	0	0	0	0	0	0	0	0	0	0	0
1822	18 May 26	02:30:00	1	0	1	0	Ct	0	0	0	0	0	0	0	0	0	0	0	0	0	0	0	0	0	0	0	0	0	1	0	0	0	0	3	0	0	0	0	0	0	0
1823	18 May 26	02:35:00	1	0	1	0	Ct	0	0	0	0	0	0	0	0	0	2	0	0	0	0	0	0	0	0	0	0	0	0	0	18	0	0	0	0	0	0	0	0	0	0
1824	18 May 26	02:40:00	1	0	1	0	Ct	0	0	0	0	0	0	0	0	0	0	0	0	0	0	0	0	0	0	0	0	0	6	2	9	0	0	7	0	0	0	0	0	0	0
1825	18 May 26	02:45:00	1	0	1	0	Ct	0	0	0	0	0	0	0	0	0	0	0	0	0	0	0	0	0	0	0	0	0	3	4	5	0	0	0	0	0	0	0	0	0	0
1826	18 May 26	02:50:00	1	0	1	0	Ct	0	0	0	0	0	0	0	0	0	5	0	0	0	0	0	0	0	0	0	0	0	2	1	1	0	0	0	0	0	0	0	0	0	0
1827	18 May 26	02:55:00	1	0	1	0	Ct	0	0	0	0	0	0	0	0	0	0	0	0	0	0	0	0	0	0	0	0	0	3	3	19	0	0	0	0	0	0	0	0	0	0
1828	18 May 26	03:00:00	1	0	1	0	Ct	0	0	0	0	0	0	0	0	0	0	0	0	0	0	0	0	0	0	0	0	0	3	28	74	0	0	4	0	0	0	0	0	0	0
1829	18 May 26	03:05:00	1	0	1	0	Ct	0	0	0	0	0	0	0	0	0	0	0	0	0	0	0	0	0	0	0	0	0	0	0	2	0	0	1	0	0	0	0	0	0	0
1830	18 May 26	03:10:00	1	0	1	0	Ct	0	0	0	0	0	0	0	0	0	0	0	0	0	0	0	0	0	0	0	0	0	0	13	0	0	6	3	0	0	0	0	0	0	0
1831	18 May 26	03:15:00	1	0	1	0	Ct	0	0	0	0	0	0	0	0	0	0	0	0	0	0	0	0	0	0	0	0	0	0	4	0	0	0	0	0	0	0	0	0	0	0
1832	18 May 26	03:20:00	1	0	1	0	Ct	0	0	0	0	0	0	0	0	0	0	0	0	0	0	0	0	0	0	0	0	0	0	0	0	0	0	0	0	0	0	0	0	0	0
1833	18 May 26	03:25:00	1	0	1	0	Ct	0	0	0	0	0	0	0	0	3	0	1	0	0	0	0	0	0	0	0	0	0	0	0	0	0	0	0	0	0	0	0	0	0	0
1834	18 May 26	03:30:00	1	0	1	0	Ct	0	0	0	0	0	0	0	0	0	0	29	0	0	0	0	0	0	0	0	0	0	0	0	0	0	0	0	0	0	0	0	0	0	0
1835	18 May 26	03:35:00	1	0	1	0	Ct	0	0	0	0	0	0	0	0	4	0	0	0	0	0	0	0	1	0	0	0	0	0	0	0	0	0	0	0	0	0	0	0	0	0
1836	18 May 26	03:40:00	1	0	1	0	Ct	0	0	0	0	0	0	0	0	0	0	33	0	0	0	0	0	0	0	0	0	0	0	0	3	0	0	0	0	0	0	0	0	0	0
1837	18 May 26	03:45:00	1	0	1	0	Ct	0	0	0	0	0	0	0	0	0	0	0	0	0	0	0	0	2	0	0	0	0	0	0	0	0	0	0	0	0	0	0	0	0	0
1838	18 May 26	03:50:00	1	0	1	0	Ct	0	0	0	0	0	0	0	0	0	0	3	0	0	0	0	0	2	0	0	0	0	0	0	0	0	0	0	0	0	0	0	0	0	0
1839	18 May 26	03:55:00	1	0	1	0	Ct	0	0	0	0	0	0	0	0	0	0	2	0	0	0	0	0	0	0	0	0	0	0	0	1	0	0	0	0	0	0	0	0	0	0
1840	18 May 26	04:00:00	1	0	1	0	Ct	0	0	0	0	0	0	0	0	0	0	0	0	0	0	0	0	1	0	0	0	0	0	0	52	0	0	0	0	0	0	0	0	0	0
1841	18 May 26	04:05:00	1	0	1	0	Ct	0	0	0	0	0	0	0	0	0	0	1	0	0	0	0	0	0	0	0	0	0	0	0	0	0	0	0	0	0	0	0	0	0	0
1842	18 May 26	04:10:00	1	0	1	0	Ct	0	0	0	0	0	0	0	0	0	0	24	0	0	0	0	0	0	0	0	0	0	0	0	33	0	0	0	0	0	0	0	0	0	0
1843	18 May 26	04:15:00	1	0	1	0	Ct	0	0	0	0	0	0	0	0	0	0	0	0	0	0	0	0	0	0	0	0	0	0	0	45	0	1	0	0	0	0	0	0	0	0
1844	18 May 26	04:20:00	1	0	1	0	Ct	0	0	0	0	0	0	0	0	2	0	0	0	0	0	0	0	5	0	0	0	0	0	1	48	0	0	0	0	0	0	0	0	0	0
1845	18 May 26	04:25:00	1	0	1	0	Ct	0	0	0	0	0	0	0	0	0	0	0	0	0	0	0	0	13	0	0	0	0	0	1	10	0	0	0	0	0	0	0	0	0	0
1846	18 May 26	04:30:00	1	0	1	0	Ct	0	0	0	0	0	62	0	0	0	0	0	0	0	0	0	0	0	0	0	0	0	0	1	43	0	0	0	0	0	0	0	0	0	0
1847	18 May 26	04:35:00	1	0	1	0	Ct	0	0	0	0	0	38	0	0	0	0	0	0	0	0	0	0	2	0	0	0	0	0	21	34	0	0	0	0	0	0	0	0	0	0
1848	18 May 26	04:40:00	1	0	1	0	Ct	0	0	0	0	0	1	0	0	0	0	0	0	0	0	0	0	4	0	0	3	0	0	2	4	0	0	0	0	0	0	0	0	0	0
1849	18 May 26	04:45:00	1	0	1	0	Ct	0	0	0	0	0	1	0	0	0	0	0	0	0	0	0	0	0	0	0	6	0	0	0	0	0	0	0	0	0	0	0	0	0	0
1850	18 May 26	04:50:00	1	0	1	0	Ct	0	0	0	0	0	1	0	0	0	0	0	0	0	0	0	0	3	0	0	0	0	0	0	0	0	0	0	0	0	0	0	0	0	0
1851	18 May 26	04:55:00	1	0	1	0	Ct	0	0	0	0	0	16	0	0	0	0	0	0	0	0	0	0	0	0	0	0	0	0	9	1	0	0	0	0	0	0	0	0	0	0
1852	18 May 26	05:00:00	1	0	1	0	Ct	0	0	0	0	0	10	0	0	0	0	0	0	0	0	0	0	0	0	0	0	0	0	18	6	0	0	0	0	0	0	0	0	0	0
1853	18 May 26	05:05:00	1	0	1	0	Ct	0	0	0	0	0	34	0	0	0	0	4	0	0	0	0	0	0	0	0	0	0	0	23	0	0	0	0	0	0	0	0	0	0	0
1854	18 May 26	05:10:00	1	0	1	0	Ct	0	0	0	0	0	0	0	0	0	0	0	0	0	0	0	0	0	0	0	0	0	15	41	4	0	0	3	0	0	0	0	0	0	0
1855	18 May 26	05:15:00	1	0	1	0	Ct	0	0	0	0	0	0	0	0	0	0	0	0	0	0	0	0	0	0	0	0	0	0	16	2	0	0	0	0	0	0	0	0	0	0
1856	18 May 26	05:20:00	1	0	1	0	Ct	0	0	0	0	0	1	0	0	0	0	0	0	0	0	0	6	1	0	0	0	0	0	1	1	0	3	0	0	0	0	0	0	0	0
1857	18 May 26	05:25:00	1	0	1	0	Ct	0	0	0	0	0	0	0	0	0	0	0	0	0	0	0	0	5	0	0	0	0	0	0	3	0	2	5	0	0	0	0	0	0	0
1858	18 May 26	05:30:00	1	0	1	0	Ct	0	0	0	0	0	5	0	0	0	0	3	0	0	0	0	0	2	0	0	0	0	0	0	6	0	0	0	0	0	0	0	0	0	0
1859	18 May 26	05:35:00	1	0	1	0	Ct	0	0	0	0	0	29	0	0	0	0	1	0	0	0	0	0	0	0	0	0	0	0	0	3	0	0	0	0	0	0	0	0	0	0
1860	18 May 26	05:40:00	1	0	1	0	Ct	0	0	0	0	0	61	0	0	0	0	0	0	0	0	0	0	0	0	0	0	0	0	0	2	0	0	0	0	0	0	0	0	0	0
1861	18 May 26	05:45:00	1	0	1	0	Ct	0	0	0	0	0	0	0	0	0	0	0	0	0	0	0	0	0	0	0	0	0	0	0	13	0	0	0	0	0	0	0	0	0	0
1862	18 May 26	05:50:00	1	0	1	0	Ct	0	0	0	0	0	0	0	0	0	0	0	0	0	0	0	0	0	0	0	0	0	0	0	45	0	0	0	0	0	0	0	0	0	0
1863	18 May 26	05:55:00	1	0	1	0	Ct	0	0	0	0	0	0	0	0	0	0	0	0	0	0	0	0	0	0	0	0	0	0	0	3	0	0	0	0	0	0	0	0	0	0
1864	18 May 26	06:00:00	1	0	1	0	Ct	0	0	0	0	0	0	0	0	0	0	0	0	0	0	0	0	0	0	0	0	0	0	0	1	0	0	0	0	0	0	0	0	0	0
1865	18 May 26	06:05:00	1	0	1	0	Ct	0	0	0	0	0	0	0	0	0	0	0	0	0	0	0	0	0	0	0	0	0	0	0	0	0	0	0	0	0	0	0	0	0	0
1866	18 May 26	06:10:00	1	0	1	0	Ct	0	0	0	0	0	0	0	0	1	0	0	0	0	0	0	0	0	0	0	0	0	0	0	0	0	0	0	0	0	0	0	0	0	0
1867	18 May 26	06:15:00	1	0	1	0	Ct	0	0	0	0	0	0	0	0	2	0	1	0	0	0	0	0	0	0	0	0	0	0	0	1	0	0	0	0	0	0	0	0	0	0
1868	18 May 26	06:20:00	1	0	1	0	Ct	0	0	0	0	0	0	0	0	0	0	1	0	0	0	0	0	19	0	0	0	0	0	0	0	0	0	0	0	0	0	0	0	0	0
1869	18 May 26	06:25:00	1	0	1	0	Ct	0	0	0	0	0	0	0	0	0	0	9	0	0	0	0	0	12	0	0	0	0	0	0	1	0	0	0	0	0	0	0	0	0	0
1870	18 May 26	06:30:00	1	0	1	0	Ct	0	0	0	0	0	0	0	0	0	0	0	0	0	0	0	0	1	0	0	0	0	0	0	1	0	0	0	0	0	0	0	0	0	0
1871	18 May 26	06:35:00	1	0	1	0	Ct	0	0	0	0	0	0	0	0	0	0	0	0	0	0	0	0	5	0	0	0	0	0	0	0	0	0	0	0	0	0	0	0	0	0
1872	18 May 26	06:40:00	1	0	1	0	Ct	0	0	0	0	0	0	0	0	0	0	0	0	0	0	0	0	0	0	0	0	0	0	0	0	0	0	0	0	0	0	0	0	0	0
1873	18 May 26	06:45:00	1	0	1	0	Ct	0	0	0	0	0	0	0	0	0	0	0	0	0	0	0	0	10	0	0	0	0	0	0	12	0	0	0	0	0	0	0	0	0	0
1874	18 May 26	06:50:00	1	0	1	0	Ct	0	0	0	0	0	0	0	0	0	0	0	0	0	0	0	0	8	0	0	0	0	0	0	0	0	0	0	0	0	0	0	0	0	0
1875	18 May 26	06:55:00	1	0	1	0	Ct	0	0	0	0	0	0	0	0	0	0	0	0	0	0	0	0	12	0	0	0	0	0	0	29	0	0	0	0	0	0	0	0	0	0
1876	18 May 26	07:00:00	1	0	1	0	Ct	0	0	0	0	0	0	0	0	0	0	0	0	0	0	0	0	0	0	0	0	0	0	0	4	0	2	0	2	0	0	0	0	0	0
1877	18 May 26	07:05:00	1	0	1	0	Ct	0	0	0	0	0	0	3	0	0	0	0	0	0	0	0	0	0	0	0	0	0	0	0	0	0	15	0	0	0	0	0	0	0	0
1878	18 May 26	07:10:00	1	0	1	0	Ct	0	0	0	0	0	0	0	0	0	0	0	0	0	0	0	0	0	0	0	4	0	0	0	26	0	2	0	0	0	0	0	0	0	0
1879	18 May 26	07:15:00	1	0	1	0	Ct	0	0	0	0	0	0	0	0	0	0	0	0	0	0	0	0	0	0	0	0	0	0	0	31	0	0	0	0	0	0	0	0	0	0
1880	18 May 26	07:20:00	1	0	1	0	Ct	0	0	0	0	0	0	0	0	0	0	0	0	0	0	0	0	0	0	0	0	0	0	0	41	0	5	0	0	0	0	0	0	13	0
1881	18 May 26	07:25:00	1	0	1	0	Ct	0	0	0	0	0	0	0	0	0	0	0	0	0	0	0	0	0	0	0	0	0	0	0	23	0	0	0	1	0	0	0	0	4	0
1882	18 May 26	07:30:00	1	0	1	0	Ct	0	0	0	0	0	0	0	0	0	0	0	0	0	0	0	0	0	0	0	0	0	0	0	50	0	1	0	0	0	0	0	0	0	0
1883	18 May 26	07:35:00	1	0	1	0	Ct	0	0	0	0	0	0	0	0	0	0	0	0	0	0	0	0	0	0	0	0	0	0	0	3	0	0	0	0	0	0	0	0	0	0
1884	18 May 26	07:40:00	1	0	1	0	Ct	0	0	0	0	0	0	0	0	0	0	0	0	0	0	0	0	0	0	0	0	0	0	0	2	0	0	0	0	0	0	0	0	0	0
1885	18 May 26	07:45:00	1	0	1	0	Ct	0	0	0	0	0	0	0	0	0	0	0	0	0	0	0	0	0	0	0	0	0	0	0	3	0	3	0	0	0	0	0	0	0	0
1886	18 May 26	07:50:00	1	0	1	0	Ct	0	0	0	0	0	0	0	0	0	0	0	0	0	0	0	0	0	0	0	0	0	0	0	1	0	13	0	0	0	0	0	0	0	0
1887	18 May 26	07:55:00	1	0	1	0	Ct	0	0	0	0	0	0	0	0	0	0	0	0	0	0	0	0	0	0	0	0	0	0	0	2	0	0	0	0	0	0	0	0	0	0
1888	18 May 26	08:00:00	1	0	1	0	Ct	0	0	0	0	0	0	0	0	0	0	33	0	0	0	0	0	0	0	0	1	0	0	0	1	0	0	0	0	0	0	0	0	0	0
1889	18 May 26	08:05:00	1	0	1	0	Ct	0	0	0	0	0	0	0	0	0	0	1	0	0	0	0	0	0	0	0	6	0	0	0	1	0	0	0	0	0	0	0	0	0	0
1890	18 May 26	08:10:00	1	0	1	0	Ct	0	0	0	0	0	0	0	0	0	0	15	0	0	0	0	0	0	0	0	0	0	0	0	0	0	0	0	0	0	0	0	0	0	0
1891	18 May 26	08:15:00	1	0	1	0	Ct	0	0	0	0	0	3	0	0	0	0	0	0	0	0	0	0	0	0	0	0	0	0	0	32	0	0	0	0	0	0	0	0	0	0
1892	18 May 26	08:20:00	1	0	1	0	Ct	0	0	0	0	0	4	0	0	10	0	0	0	0	0	0	0	0	0	0	0	0	0	0	25	0	0	0	0	0	0	0	0	0	0
1893	18 May 26	08:25:00	1	0	1	0	Ct	0	0	0	0	0	0	0	0	0	0	0	0	0	0	0	0	0	0	0	0	0	0	0	16	0	0	0	0	0	0	0	0	0	0
1894	18 May 26	08:30:00	1	0	1	0	Ct	0	0	0	0	0	0	0	0	0	0	0	0	0	0	0	0	0	0	0	0	0	0	0	0	0	0	0	0	0	0	0	0	0	0
1895	18 May 26	08:35:00	1	0	1	0	Ct	0	0	0	0	0	0	0	0	0	0	0	0	0	0	0	0	0	0	0	0	0	0	0	0	0	0	0	0	0	0	0	0	0	0
1896	18 May 26	08:40:00	1	0	1	0	Ct	0	0	0	0	0	0	0	0	0	0	0	0	0	0	0	0	0	0	0	0	0	0	0	0	0	0	0	0	0	0	0	0	0	0
1897	18 May 26	08:45:00	1	0	1	0	Ct	0	0	0	0	0	0	0	0	0	0	0	0	0	0	0	0	0	0	0	0	0	0	0	0	0	0	0	0	0	0	0	0	0	0
1898	18 May 26	08:50:00	1	0	1	0	Ct	0	0	0	0	0	0	0	0	0	0	0	0	0	0	0	0	0	0	0	0	0	0	0	0	0	0	0	0	0	0	0	0	0	0
1899	18 May 26	08:55:00	1	0	1	0	Ct	0	0	0	0	0	0	0	0	0	0	0	0	0	0	0	0	0	0	0	0	0	0	0	0	0	0	0	0	0	0	0	0	0	0
1900	18 May 26	09:00:00	1	0	1	0	Ct	0	0	0	0	0	1	0	0	2	0	0	0	0	0	0	0	0	0	0	0	0	0	0	0	0	0	0	0	0	0	0	0	0	0
1901	18 May 26	09:05:00	1	0	1	0	Ct	0	0	0	0	0	5	0	0	0	0	0	0	0	0	0	0	0	0	0	0	0	0	0	0	0	0	0	0	0	0	0	0	0	0
1902	18 May 26	09:10:00	1	0	1	0	Ct	0	0	0	0	0	3	0	0	0	0	0	0	0	3	0	0	0	0	0	0	0	0	0	0	0	0	0	0	0	0	0	0	0	0
1903	18 May 26	09:15:00	1	0	1	0	Ct	0	0	0	0	0	4	0	0	0	0	0	0	0	0	0	0	0	0	0	0	0	1	0	0	0	0	0	0	0	0	0	0	0	0
1904	18 May 26	09:20:00	1	0	1	0	Ct	0	0	0	0	0	31	0	0	0	0	0	0	0	0	0	0	0	0	0	0	0	9	0	0	0	0	0	0	0	0	0	0	0	0
1905	18 May 26	09:25:00	1	0	1	0	Ct	0	0	0	0	0	14	0	0	0	0	0	0	0	0	0	0	0	0	0	15	0	0	0	0	0	0	0	0	0	0	0	0	0	0
1906	18 May 26	09:30:00	1	0	1	0	Ct	0	0	0	0	0	15	0	0	0	0	0	0	0	0	0	0	0	0	0	0	0	0	0	0	0	0	0	0	0	0	0	0	0	0
1907	18 May 26	09:35:00	1	0	1	0	Ct	0	0	0	0	0	1	0	0	0	0	0	0	0	0	0	0	0	0	0	0	0	1	0	0	0	0	0	0	0	0	0	0	0	0
1908	18 May 26	09:40:00	1	0	1	0	Ct	0	0	0	0	0	5	0	0	0	0	0	0	0	0	0	0	0	0	0	0	0	1	0	0	0	0	0	0	0	0	0	0	0	0
1909	18 May 26	09:45:00	1	0	1	0	Ct	0	0	0	0	0	0	0	0	0	0	0	0	0	0	0	0	0	0	0	0	0	9	0	0	0	0	0	0	0	0	0	0	0	0
1910	18 May 26	09:50:00	1	0	1	0	Ct	0	0	0	0	0	0	0	0	0	0	0	0	0	0	0	0	0	0	0	0	0	10	0	0	0	0	0	0	0	0	0	0	0	0
1911	18 May 26	09:55:00	1	0	1	0	Ct	0	0	0	0	0	0	0	0	0	0	0	0	0	0	0	0	0	0	0	0	0	0	0	0	0	0	0	0	0	0	0	0	3	0
1912	18 May 26	10:00:00	1	0	1	0	Ct	0	1	0	0	0	0	0	0	0	0	0	0	0	0	0	0	0	0	0	0	0	2	0	0	0	0	0	0	0	0	0	0	2	0
1913	18 May 26	10:05:00	1	0	1	0	Ct	0	1	0	0	0	0	9	0	0	0	0	0	0	34	0	0	12	0	0	0	0	13	6	0	0	3	6	14	0	0	2	0	6	0
1914	18 May 26	10:10:00	1	0	1	0	Ct	0	1	0	0	0	0	2	0	0	0	0	0	0	7	0	0	0	0	0	0	0	0	7	0	0	1	3	9	0	0	9	0	14	0
1915	18 May 26	10:15:00	1	0	1	0	Ct	0	1	0	0	0	0	6	0	4	0	0	0	0	11	0	0	10	0	0	0	0	3	0	0	0	13	3	7	5	0	15	0	7	0
1916	18 May 26	10:20:00	1	0	1	0	Ct	0	1	0	0	0	0	0	0	10	0	0	0	0	5	0	0	0	0	0	0	0	0	0	0	0	10	9	7	7	0	11	0	4	0
1917	18 May 26	10:25:00	1	0	1	0	Ct	0	1	0	0	0	0	0	0	8	0	0	0	0	0	0	0	0	0	0	0	0	0	0	0	0	14	7	6	0	0	12	0	5	0
1918	18 May 26	10:30:00	1	0	1	0	Ct	0	1	0	0	0	0	0	0	7	0	0	0	0	0	0	0	0	0	0	0	0	0	0	0	0	9	12	7	0	0	11	0	4	0
1919	18 May 26	10:35:00	1	0	1	0	Ct	0	1	0	0	0	25	0	0	11	0	0	0	0	0	0	0	0	0	0	0	0	0	0	0	0	4	8	5	0	0	8	0	5	0
1920	18 May 26	10:40:00	1	0	1	0	Ct	0	1	0	0	0	22	0	0	9	0	0	0	0	0	0	0	0	0	0	0	0	0	2	0	0	13	9	4	0	0	6	0	8	0
1921	18 May 26	10:45:00	1	0	1	0	Ct	0	1	0	0	0	32	1	0	8	0	0	0	0	3	0	0	0	0	0	0	0	0	0	0	0	5	5	5	0	0	7	0	4	0
1922	18 May 26	10:50:00	1	0	1	0	Ct	0	1	0	0	0	9	1	0	4	0	0	0	0	1	0	0	0	0	0	0	0	0	0	0	0	15	2	15	0	0	6	0	8	0
1923	18 May 26	10:55:00	1	0	1	0	Ct	0	1	0	0	0	17	5	0	3	0	0	0	0	1	0	0	0	0	0	0	0	0	0	0	0	6	4	7	0	0	7	0	5	0
1924	18 May 26	11:00:00	1	0	1	0	Ct	0	1	0	0	0	20	1	0	7	0	0	0	0	0	0	0	0	0	0	0	0	6	0	0	0	18	4	6	0	0	35	0	3	0
1925	18 May 26	11:05:00	1	0	1	0	Ct	0	1	0	0	0	31	2	0	9	0	0	0	0	0	0	0	0	0	0	0	0	6	0	0	0	14	2	3	0	0	5	0	4	0
1926	18 May 26	11:10:00	1	0	1	0	Ct	0	1	0	0	0	0	0	0	10	0	0	0	0	0	0	0	2	0	0	0	0	2	0	0	0	0	2	4	0	0	11	0	0	0
1927	18 May 26	11:15:00	1	0	1	0	Ct	0	1	0	0	0	36	2	0	3	6	0	0	0	1	0	0	0	0	0	0	0	0	0	0	0	4	12	6	0	0	8	0	7	0
1928	18 May 26	11:20:00	1	0	1	0	Ct	0	1	0	0	0	57	2	0	0	1	0	0	0	0	0	0	0	0	0	0	1	0	0	0	0	9	5	6	0	0	3	0	4	0
1929	18 May 26	11:25:00	1	0	1	0	Ct	0	1	0	0	0	31	8	0	0	0	0	0	0	0	0	0	0	0	0	0	3	0	0	0	0	10	2	3	0	0	3	0	4	0
1930	18 May 26	11:30:00	1	0	1	0	Ct	0	1	0	0	0	27	0	0	0	0	0	0	0	0	0	0	3	0	0	0	0	0	0	0	0	11	5	2	0	0	11	0	4	0
1931	18 May 26	11:35:00	1	0	1	0	Ct	0	1	0	0	0	0	0	0	0	0	0	0	0	0	0	0	0	0	0	0	0	0	8	0	0	5	3	3	0	0	2	0	2	0
1932	18 May 26	11:40:00	1	0	1	0	Ct	0	1	0	0	0	0	4	0	0	0	0	0	0	0	0	0	0	0	0	0	0	0	14	0	0	9	0	4	0	0	3	0	5	0
1933	18 May 26	11:45:00	1	0	1	0	Ct	0	1	0	0	0	0	3	0	0	0	0	0	0	0	0	0	0	0	0	0	0	0	0	0	0	22	0	2	0	0	6	0	6	0
1934	18 May 26	11:50:00	1	0	1	0	Ct	0	1	0	0	0	0	2	0	0	0	0	0	0	0	0	0	0	0	0	0	0	0	0	0	0	7	2	0	0	0	4	0	6	0
1935	18 May 26	11:55:00	1	0	1	0	Ct	0	1	0	0	0	0	0	0	0	3	0	0	0	0	0	0	0	0	0	0	0	0	0	14	0	8	6	2	0	0	2	0	2	0
1936	18 May 26	12:00:00	1	0	1	0	Ct	0	1	0	0	0	0	0	0	0	3	0	0	0	0	0	0	0	0	0	0	0	0	0	0	0	3	0	0	0	0	2	0	0	0
1937	18 May 26	12:05:00	1	0	1	0	Ct	0	1	0	0	0	0	0	0	0	0	0	0	0	0	0	0	0	0	0	0	0	0	0	0	0	0	5	0	0	0	2	0	2	0
1938	18 May 26	12:10:00	1	0	1	0	Ct	0	1	0	0	0	0	0	0	0	0	0	0	0	0	0	0	0	0	0	0	0	0	4	0	0	0	0	4	0	0	1	0	6	0
1939	18 May 26	12:15:00	1	0	1	0	Ct	0	1	0	0	0	0	0	0	0	0	0	0	0	0	0	0	0	0	0	0	0	0	9	0	0	2	0	0	0	0	6	0	0	0
1940	18 May 26	12:20:00	1	0	1	0	Ct	0	1	0	0	0	0	0	0	0	0	0	0	0	0	0	0	9	0	0	0	0	0	0	16	0	0	0	7	0	0	2	0	0	0
1941	18 May 26	12:25:00	1	0	1	0	Ct	0	1	0	0	0	0	0	0	0	1	0	0	0	0	0	0	1	0	0	0	0	0	0	0	0	0	3	8	0	0	2	0	4	0
1942	18 May 26	12:30:00	1	0	1	0	Ct	0	1	0	0	0	0	0	0	0	0	0	0	0	0	0	0	0	0	0	0	0	0	0	0	0	0	1	2	0	0	0	0	1	0
1943	18 May 26	12:35:00	1	0	1	0	Ct	0	1	0	0	0	0	0	0	0	0	0	0	0	0	0	0	0	0	0	0	0	0	0	0	0	0	1	2	0	0	2	0	0	0
1944	18 May 26	12:40:00	1	0	1	0	Ct	0	1	0	0	0	0	0	0	0	0	0	0	0	0	0	0	1	0	0	0	1	0	0	0	0	2	2	2	0	0	10	0	0	0
1945	18 May 26	12:45:00	1	0	1	0	Ct	0	1	0	0	0	0	0	0	0	0	0	0	0	0	0	0	0	0	0	0	0	13	0	0	0	17	0	0	0	0	2	0	1	0
1946	18 May 26	12:50:00	1	0	1	0	Ct	0	1	0	0	0	0	3	0	0	0	0	0	0	0	0	0	1	0	0	0	0	2	0	0	0	4	2	0	0	0	2	0	2	0
1947	18 May 26	12:55:00	1	0	1	0	Ct	0	1	0	0	0	0	3	0	0	0	0	0	0	0	0	0	0	0	0	0	0	10	9	0	0	6	0	3	0	0	2	0	0	0
1948	18 May 26	13:00:00	1	0	1	0	Ct	0	1	0	0	0	0	0	0	0	0	0	0	0	0	0	0	0	0	0	0	0	0	0	0	0	14	3	3	0	0	2	0	0	0
1949	18 May 26	13:05:00	1	0	1	0	Ct	0	1	0	0	0	0	0	0	0	0	5	0	0	0	0	0	0	0	0	0	0	0	0	7	0	5	0	0	0	0	2	0	4	0
1950	18 May 26	13:10:00	1	0	1	0	Ct	0	1	0	0	0	0	0	0	0	0	38	0	0	0	0	0	0	0	0	0	0	0	0	4	0	11	0	3	0	0	2	0	1	0
1951	18 May 26	13:15:00	1	0	1	0	Ct	0	1	0	0	0	0	0	0	0	0	11	0	0	0	0	0	0	0	0	0	0	0	6	0	0	3	0	3	0	0	2	0	2	0
1952	18 May 26	13:20:00	1	0	1	0	Ct	0	1	0	0	0	0	0	0	0	0	23	0	0	0	0	0	0	0	0	0	0	0	5	0	0	2	2	6	0	0	1	0	1	0
1953	18 May 26	13:25:00	1	0	1	0	Ct	0	1	0	0	0	0	0	0	0	3	0	0	0	0	0	0	0	0	0	0	0	3	0	0	0	7	2	1	0	0	2	0	4	0
1954	18 May 26	13:30:00	1	0	1	0	Ct	0	1	0	0	0	0	0	0	0	1	0	0	0	0	0	52	0	0	0	0	0	0	0	0	0	3	2	3	0	0	1	0	3	0
1955	18 May 26	13:35:00	1	0	1	0	Ct	0	1	0	0	0	0	0	0	7	0	0	0	0	0	0	10	0	0	0	0	0	0	0	0	0	4	0	0	0	0	2	0	3	0
1956	18 May 26	13:40:00	1	0	1	0	Ct	0	1	0	0	0	0	0	0	4	0	0	0	0	0	0	8	0	0	0	15	0	0	0	12	0	0	2	0	0	0	0	0	4	0
1957	18 May 26	13:45:00	1	0	1	0	Ct	0	1	0	0	0	0	0	0	4	0	3	0	0	0	0	0	0	0	0	0	0	0	0	9	0	6	3	2	0	0	0	0	1	0
1958	18 May 26	13:50:00	1	0	1	0	Ct	0	1	0	0	0	0	0	0	2	0	0	0	0	0	0	0	0	0	0	0	0	0	0	12	0	6	2	5	0	0	0	0	2	0
1959	18 May 26	13:55:00	1	0	1	0	Ct	0	1	0	0	0	0	0	0	0	0	10	0	0	0	0	0	0	0	0	0	0	0	0	0	0	3	0	3	7	0	0	0	0	0
1960	18 May 26	14:00:00	1	0	1	0	Ct	0	1	0	0	0	0	0	0	3	1	0	0	0	0	0	0	0	0	0	0	0	0	4	0	0	9	6	2	15	0	0	0	1	0
1961	18 May 26	14:05:00	1	0	1	0	Ct	0	1	0	0	0	0	0	0	7	0	0	0	0	0	0	0	0	0	0	0	0	0	5	0	0	4	4	0	0	0	0	0	6	0
1962	18 May 26	14:10:00	1	0	1	0	Ct	0	1	0	0	0	0	0	0	2	0	0	0	0	0	0	0	0	0	0	0	0	19	0	0	0	6	0	0	0	0	0	0	1	0
1963	18 May 26	14:15:00	1	0	1	0	Ct	0	1	0	0	0	0	0	0	0	0	0	0	0	0	0	0	0	0	0	0	0	6	0	0	0	0	1	3	0	0	0	0	1	0
1964	18 May 26	14:20:00	1	0	1	0	Ct	0	1	0	0	0	0	0	0	0	0	0	0	0	0	0	0	0	0	0	0	0	11	0	2	0	0	0	2	0	0	4	0	2	0
1965	18 May 26	14:25:00	1	0	1	0	Ct	0	1	0	0	0	0	0	0	0	0	7	0	0	0	0	0	0	0	0	0	0	8	0	4	0	0	0	6	0	0	0	0	1	0
1966	18 May 26	14:30:00	1	0	1	0	Ct	0	1	0	0	0	0	0	0	0	0	3	0	0	0	0	0	0	0	0	0	0	2	0	0	0	0	0	4	0	0	0	0	1	0
1967	18 May 26	14:35:00	1	0	1	0	Ct	0	1	0	0	0	0	0	0	0	0	0	0	0	0	0	0	0	0	0	0	0	0	0	24	0	0	0	0	0	0	0	0	2	0
1968	18 May 26	14:40:00	1	0	1	0	Ct	0	1	0	0	0	0	0	0	0	0	1	0	0	0	0	0	0	0	0	0	0	0	0	8	0	6	0	2	0	0	0	0	0	0
1969	18 May 26	14:45:00	1	0	1	0	Ct	0	1	0	0	0	0	1	0	0	0	0	0	0	0	0	0	0	0	0	0	0	0	8	3	0	2	0	2	0	0	3	0	0	0
1970	18 May 26	14:50:00	1	0	1	0	Ct	0	1	0	0	0	0	23	0	0	0	0	0	0	0	0	0	0	0	0	0	0	0	29	0	0	3	0	0	0	0	1	0	0	0
1971	18 May 26	14:55:00	1	0	1	0	Ct	0	1	0	0	0	0	6	0	0	2	0	0	0	0	0	0	0	0	0	0	0	0	6	4	0	19	0	0	0	0	2	0	5	0
1972	18 May 26	15:00:00	1	0	1	0	Ct	0	1	0	0	0	0	0	0	0	0	0	0	0	0	0	0	0	0	0	5	0	0	0	2	0	5	0	0	0	0	0	0	0	0
1973	18 May 26	15:05:00	1	0	1	0	Ct	0	1	0	0	0	0	0	0	0	0	0	0	0	0	0	0	0	0	0	3	0	0	0	24	0	7	2	0	0	0	0	0	18	0
1974	18 May 26	15:10:00	1	0	1	0	Ct	0	1	0	0	0	0	0	0	0	0	0	0	0	0	0	0	1	0	0	0	0	0	0	0	0	9	3	2	0	0	2	0	1	0
1975	18 May 26	15:15:00	1	0	1	0	Ct	0	1	0	0	0	0	0	0	0	0	0	0	0	0	0	0	1	0	0	0	0	0	0	0	0	3	0	2	0	0	4	0	8	0
1976	18 May 26	15:20:00	1	0	1	0	Ct	0	1	0	0	0	0	0	0	0	0	0	0	0	0	0	0	1	0	0	0	0	0	1	0	0	3	4	5	0	0	0	0	1	0
1977	18 May 26	15:25:00	1	0	1	0	Ct	0	1	0	0	0	0	0	0	0	4	0	0	0	0	0	0	1	0	0	0	0	12	5	0	0	10	1	7	0	0	0	0	2	0
1978	18 May 26	15:30:00	1	0	1	0	Ct	0	1	0	0	0	0	0	0	0	0	0	0	0	0	0	0	1	0	0	0	0	4	0	0	0	3	2	5	0	0	0	0	3	0
1979	18 May 26	15:35:00	1	0	1	0	Ct	0	1	0	0	0	0	0	0	0	2	0	0	0	0	0	0	1	0	0	0	4	1	0	0	0	1	0	0	0	0	0	0	0	0
1980	18 May 26	15:40:00	1	0	1	0	Ct	0	1	0	0	0	0	0	0	0	0	0	0	0	2	0	9	2	0	0	0	0	7	0	7	0	2	1	0	0	0	0	0	2	0
1981	18 May 26	15:45:00	1	0	1	0	Ct	0	1	0	0	0	0	0	0	3	3	0	0	0	0	0	28	1	0	0	0	0	4	0	0	0	0	1	0	0	0	4	0	4	0
1982	18 May 26	15:50:00	1	0	1	0	Ct	0	1	0	0	0	0	0	0	2	2	0	0	0	0	0	0	4	0	0	0	0	5	0	1	0	0	0	0	0	0	0	0	1	0
1983	18 May 26	15:55:00	1	0	1	0	Ct	0	1	0	0	0	0	0	0	7	0	0	0	0	0	0	6	9	0	0	0	0	0	2	2	0	1	0	1	0	0	2	0	1	0
1984	18 May 26	16:00:00	1	0	1	0	Ct	0	1	0	0	0	0	0	0	7	4	0	0	0	5	0	0	4	0	0	0	0	0	6	0	0	0	2	1	10	0	4	0	1	0
1985	18 May 26	16:05:00	1	0	1	0	Ct	0	1	0	0	0	0	0	0	9	1	0	0	0	1	0	0	0	0	0	0	0	0	0	0	0	0	4	5	8	0	0	0	1	0
1986	18 May 26	16:10:00	1	0	1	0	Ct	0	1	0	0	0	0	2	0	6	0	0	0	0	0	0	0	0	0	0	0	0	0	0	4	0	0	0	0	0	0	0	0	28	0
1987	18 May 26	16:15:00	1	0	1	0	Ct	0	1	0	0	0	0	0	0	5	2	0	0	0	0	0	0	0	0	0	0	0	0	0	0	0	4	0	0	0	0	0	0	1	0
1988	18 May 26	16:20:00	1	0	1	0	Ct	0	1	0	0	0	0	0	0	0	2	0	0	0	0	0	0	0	0	0	10	0	0	0	0	0	1	3	0	0	0	0	0	2	0
1989	18 May 26	16:25:00	1	0	1	0	Ct	0	1	0	0	0	0	0	0	0	0	0	0	0	0	0	0	0	0	0	0	0	0	0	0	0	4	0	0	0	0	2	0	1	0
1990	18 May 26	16:30:00	1	0	1	0	Ct	0	1	0	0	0	0	0	0	0	0	0	0	0	5	0	0	0	0	0	0	0	5	0	0	0	0	0	0	0	0	0	0	2	0
1991	18 May 26	16:35:00	1	0	1	0	Ct	0	1	0	0	0	0	0	0	0	0	0	0	0	4	0	0	0	0	0	0	0	1	0	2	0	6	6	0	0	0	2	0	2	0
1992	18 May 26	16:40:00	1	0	1	0	Ct	0	1	0	0	0	0	0	23	0	0	9	0	0	15	0	51	0	0	0	3	0	0	0	1	0	4	0	0	0	0	0	0	1	0
1993	18 May 26	16:45:00	1	0	1	0	Ct	0	1	0	0	0	0	0	27	0	0	0	0	0	21	0	2	0	0	0	4	0	0	0	15	0	2	0	0	0	0	0	0	1	0
1994	18 May 26	16:50:00	1	0	1	0	Ct	0	1	0	0	0	0	0	37	0	0	2	0	0	8	0	8	0	0	0	1	0	0	0	1	0	2	0	0	0	0	0	0	0	0
1995	18 May 26	16:55:00	1	0	1	0	Ct	0	1	0	0	0	0	0	30	0	0	13	0	0	2	0	18	0	0	0	0	0	0	0	0	0	2	2	0	0	0	0	0	0	0
1996	18 May 26	17:00:00	1	0	1	0	Ct	0	1	0	0	0	0	0	0	0	0	0	0	0	0	0	7	0	0	0	0	0	24	0	2	0	8	2	0	0	0	0	0	0	0
1997	18 May 26	17:05:00	1	0	1	0	Ct	0	1	0	0	0	0	0	0	0	2	0	0	0	0	0	0	0	0	0	0	0	9	0	18	0	2	0	0	0	0	0	0	2	0
1998	18 May 26	17:10:00	1	0	1	0	Ct	0	1	0	0	0	0	0	0	0	1	0	0	0	0	0	0	0	0	0	0	0	0	0	3	0	0	0	0	0	0	2	0	2	0
1999	18 May 26	17:15:00	1	0	1	0	Ct	0	1	0	0	0	0	0	0	0	0	0	0	0	0	0	0	0	0	0	0	0	0	0	0	0	0	0	0	0	0	0	0	2	0
2000	18 May 26	17:20:00	1	0	1	0	Ct	0	1	0	0	0	0	0	0	0	0	0	0	0	0	0	0	0	0	0	0	0	0	0	0	0	0	1	0	0	0	0	0	1	0
2001	18 May 26	17:25:00	1	0	1	0	Ct	0	1	0	0	0	0	0	0	0	0	0	0	0	0	0	0	0	0	0	0	0	0	0	0	0	3	0	0	0	0	0	0	2	0
2002	18 May 26	17:30:00	1	0	1	0	Ct	0	1	0	0	0	0	0	0	0	0	0	0	0	0	0	0	0	0	0	0	2	0	0	3	0	4	0	0	0	0	0	0	6	0
2003	18 May 26	17:35:00	1	0	1	0	Ct	0	1	0	0	0	0	0	0	0	0	0	0	0	0	0	0	0	0	0	1	0	7	0	1	0	22	0	0	0	0	0	0	2	0
2004	18 May 26	17:40:00	1	0	1	0	Ct	0	1	0	0	0	0	0	0	0	0	0	0	0	0	0	0	2	0	0	1	0	0	0	0	0	0	0	0	0	0	0	0	2	0
2005	18 May 26	17:45:00	1	0	1	0	Ct	0	1	0	0	0	0	0	0	0	0	0	0	0	0	0	0	3	0	0	10	0	0	0	0	0	0	0	0	0	0	0	0	0	0
2006	18 May 26	17:50:00	1	0	1	0	Ct	0	1	0	0	0	0	0	0	0	1	0	0	0	0	0	0	3	0	0	1	0	0	0	0	0	0	1	0	0	0	0	0	1	0
2007	18 May 26	17:55:00	1	0	1	0	Ct	0	1	0	0	0	0	9	0	0	3	0	0	0	0	0	0	0	0	0	0	0	2	0	0	0	0	1	0	0	0	0	0	3	0
2008	18 May 26	18:00:00	1	0	1	0	Ct	0	1	0	0	0	0	0	0	0	0	0	0	0	0	0	0	0	0	0	0	0	5	0	12	0	0	0	0	0	10	0	0	0	0
2009	18 May 26	18:05:00	1	0	1	0	Ct	0	1	0	0	0	0	3	0	0	0	0	0	0	0	0	0	0	0	0	0	0	0	0	0	0	0	0	0	0	10	0	0	0	0
2010	18 May 26	18:10:00	1	0	1	0	Ct	0	1	0	0	0	0	0	0	0	0	0	0	0	0	0	0	0	0	0	12	0	0	0	0	0	0	0	2	0	0	0	0	4	0
2011	18 May 26	18:15:00	1	0	1	0	Ct	0	1	0	0	0	0	0	0	0	0	0	0	0	0	0	0	0	0	0	1	0	6	4	0	0	7	0	0	0	0	0	0	0	0
2012	18 May 26	18:20:00	1	0	1	0	Ct	0	1	0	0	0	0	0	0	0	0	0	0	0	0	0	0	0	0	0	0	0	0	16	0	0	4	1	0	0	0	0	0	2	0
2013	18 May 26	18:25:00	1	0	1	0	Ct	0	1	0	0	0	0	0	0	0	0	0	0	0	0	0	0	0	0	0	0	0	0	1	0	0	1	1	0	0	0	0	0	0	0
2014	18 May 26	18:30:00	1	0	1	0	Ct	0	1	0	0	0	0	0	0	0	0	0	0	0	0	0	0	0	0	0	0	2	0	0	0	0	3	0	0	0	0	0	0	2	0
2015	18 May 26	18:35:00	1	0	1	0	Ct	0	1	0	0	0	0	0	0	0	0	0	0	0	0	0	0	0	0	0	0	0	0	0	0	0	5	0	0	0	0	0	0	2	0
2016	18 May 26	18:40:00	1	0	1	0	Ct	0	1	0	0	0	0	0	0	0	1	0	0	0	0	0	0	0	0	0	0	0	0	0	0	0	2	0	0	0	0	0	0	2	0
2017	18 May 26	18:45:00	1	0	1	0	Ct	0	1	0	0	0	0	0	0	0	0	0	0	0	0	0	0	1	0	0	0	0	0	0	0	0	3	0	0	0	0	0	0	3	0
2018	18 May 26	18:50:00	1	0	1	0	Ct	0	1	0	0	0	0	0	0	0	0	0	0	0	0	0	26	0	0	0	0	0	8	0	0	0	0	0	0	0	0	2	0	1	0
2019	18 May 26	18:55:00	1	0	1	0	Ct	0	1	0	0	0	0	0	0	0	0	0	0	0	0	0	21	2	0	0	0	0	0	0	0	0	0	0	2	0	0	0	0	1	0
2020	18 May 26	19:00:00	1	0	1	0	Ct	0	1	0	0	0	0	0	0	0	0	0	0	0	1	0	6	1	0	0	0	0	0	6	0	0	6	0	0	0	0	0	0	0	0
2021	18 May 26	19:05:00	1	0	1	0	Ct	0	1	0	0	0	0	0	0	0	5	0	0	0	0	0	33	1	0	0	0	0	0	10	0	0	15	1	0	0	0	0	0	1	0
2022	18 May 26	19:10:00	1	0	1	0	Ct	0	1	0	0	0	0	0	0	0	0	0	0	0	0	0	3	2	0	0	0	0	0	0	0	0	2	1	0	0	0	0	0	4	0
2023	18 May 26	19:15:00	1	0	1	0	Ct	0	1	0	0	0	0	0	0	0	2	0	0	0	0	0	0	3	0	0	0	6	0	0	0	0	3	0	0	0	0	0	0	0	0
2024	18 May 26	19:20:00	1	0	1	0	Ct	0	1	0	0	0	0	5	0	0	0	0	0	0	0	0	0	2	0	0	0	0	0	0	0	0	1	0	0	0	0	0	0	0	0
2025	18 May 26	19:25:00	1	0	1	0	Ct	0	1	0	0	0	0	0	0	0	2	0	0	0	0	0	0	8	0	0	0	0	0	0	6	0	3	0	0	0	0	0	0	0	0
2026	18 May 26	19:30:00	1	0	1	0	Ct	0	1	0	0	0	0	4	0	0	1	0	0	0	0	0	0	11	0	0	11	0	0	0	4	0	2	0	0	0	0	0	0	0	0
2027	18 May 26	19:35:00	1	0	1	0	Ct	0	1	0	0	0	0	35	0	0	0	0	0	0	2	0	0	0	0	0	0	0	0	0	3	0	2	0	0	0	0	0	0	3	0
2028	18 May 26	19:40:00	1	0	1	0	Ct	0	1	0	0	0	0	3	0	0	0	0	0	0	0	0	0	0	0	0	0	0	1	0	0	0	0	0	0	0	7	3	0	0	0
2029	18 May 26	19:45:00	1	0	1	0	Ct	0	1	0	0	0	0	2	0	0	0	2	0	0	0	0	0	0	0	0	0	0	1	0	0	0	0	3	0	0	0	2	0	0	0
2030	18 May 26	19:50:00	1	0	1	0	Ct	0	1	0	0	0	0	0	0	0	0	1	0	0	0	0	0	0	0	0	0	0	0	0	0	0	0	1	0	0	5	0	0	0	0
2031	18 May 26	19:55:00	1	0	1	0	Ct	0	1	0	0	0	0	0	0	0	0	0	0	0	3	0	0	0	0	0	3	0	0	3	0	0	1	1	0	0	0	0	0	2	0
2032	18 May 26	20:00:00	1	0	1	0	Ct	0	1	0	0	0	0	1	0	0	2	0	0	0	1	0	0	0	0	0	3	0	1	0	0	0	9	0	0	0	0	0	0	2	0
2033	18 May 26	20:05:00	1	0	1	0	Ct	0	1	0	0	0	0	4	0	8	1	0	0	0	0	0	0	0	0	0	0	0	0	3	0	0	2	0	0	0	0	2	0	0	0
2034	18 May 26	20:10:00	1	0	1	0	Ct	0	1	0	0	0	0	1	0	4	1	0	0	0	2	0	0	0	0	0	0	0	0	0	0	0	2	0	0	9	0	0	0	4	0
2035	18 May 26	20:15:00	1	0	1	0	Ct	0	1	0	0	0	0	3	0	7	1	0	0	0	1	0	4	0	0	0	0	0	0	0	0	0	2	0	0	14	0	3	0	2	0
2036	18 May 26	20:20:00	1	0	1	0	Ct	0	1	0	0	0	19	10	0	7	1	0	0	0	0	0	9	1	0	0	0	13	0	0	7	0	2	0	3	0	0	0	0	1	0
2037	18 May 26	20:25:00	1	0	1	0	Ct	0	1	0	0	0	4	7	0	5	1	0	0	0	0	0	21	2	0	0	0	9	0	0	0	0	0	3	0	0	0	0	0	5	0
2038	18 May 26	20:30:00	1	0	1	0	Ct	0	1	0	0	0	5	34	0	10	21	0	0	0	0	0	78	0	0	0	0	3	0	0	5	0	0	0	0	0	0	0	0	2	0
2039	18 May 26	20:35:00	1	0	1	0	Ct	0	1	0	0	0	61	27	0	13	14	0	0	0	0	0	0	0	0	0	0	0	0	8	47	0	7	0	0	0	0	4	0	2	0
2040	18 May 26	20:40:00	1	0	1	0	Ct	0	1	0	0	0	8	2	0	0	1	0	0	0	0	0	0	0	0	0	0	0	4	0	0	0	5	3	0	0	0	1	0	0	0
2041	18 May 26	20:45:00	1	0	1	0	Ct	0	1	0	0	0	30	2	0	0	10	0	0	0	0	0	0	0	0	0	0	0	10	0	8	0	2	0	0	0	0	2	0	0	0
2042	18 May 26	20:50:00	1	0	1	0	Ct	0	1	0	0	0	52	1	0	0	3	0	0	0	0	0	0	0	0	0	0	4	0	0	2	0	3	0	0	0	0	2	0	2	0
2043	18 May 26	20:55:00	1	0	1	0	Ct	0	1	0	0	0	23	0	0	0	0	0	0	0	0	0	0	0	0	0	0	2	0	0	0	0	3	0	2	0	0	0	0	2	0
2044	18 May 26	21:00:00	1	0	1	0	Ct	0	1	0	0	0	26	0	0	0	10	0	0	0	0	0	0	0	0	0	0	0	2	0	0	0	2	0	4	0	0	2	0	2	0
2045	18 May 26	21:05:00	1	0	1	0	Ct	0	1	0	0	0	33	0	0	0	12	0	0	0	0	0	0	0	0	0	0	0	0	0	0	0	4	0	5	0	0	0	0	1	0
2046	18 May 26	21:10:00	1	0	1	0	Ct	0	1	0	0	0	31	0	0	0	2	0	0	0	0	0	0	0	0	0	0	0	0	0	9	0	4	0	6	0	0	1	0	1	0
2047	18 May 26	21:15:00	1	0	1	0	Ct	0	1	0	0	0	0	0	0	0	0	0	0	0	0	0	0	0	0	0	0	0	3	0	2	0	3	0	7	0	0	1	0	2	0
2048	18 May 26	21:20:00	1	0	1	0	Ct	0	1	0	0	0	0	1	0	0	0	0	0	0	0	0	0	0	0	0	0	0	2	0	0	0	0	0	5	0	0	3	0	4	0
2049	18 May 26	21:25:00	1	0	1	0	Ct	0	1	0	0	0	0	0	0	0	11	0	0	0	0	0	0	0	0	0	10	0	17	13	24	0	0	0	6	0	0	1	0	1	0
2050	18 May 26	21:30:00	1	0	1	0	Ct	0	1	0	0	0	0	0	0	0	3	0	0	0	0	0	0	0	0	0	1	5	0	3	9	0	0	0	2	5	0	0	0	0	0
2051	18 May 26	21:35:00	1	0	1	0	Ct	0	1	0	0	0	0	0	0	0	3	0	0	0	0	0	0	0	0	0	0	1	0	0	0	0	4	0	0	6	0	5	0	1	0
2052	18 May 26	21:40:00	1	0	1	0	Ct	0	1	0	0	0	0	0	0	0	0	0	0	0	0	0	0	0	0	0	0	0	6	0	0	0	2	0	0	0	0	2	0	2	0
2053	18 May 26	21:45:00	1	0	1	0	Ct	0	1	0	0	0	0	0	0	0	0	0	0	0	0	0	0	0	0	0	0	0	3	0	0	0	1	2	0	0	0	1	0	0	0
2054	18 May 26	21:50:00	1	0	1	0	Ct	0	1	0	0	0	0	0	0	0	11	0	0	0	1	0	0	0	0	0	0	0	1	0	0	0	1	0	0	0	0	3	0	1	0
2055	18 May 26	21:55:00	1	0	1	0	Ct	0	1	0	0	0	0	0	0	0	1	0	0	0	0	0	0	3	0	0	0	0	16	0	0	0	2	0	0	0	0	0	0	1	0
2056	18 May 26	22:00:00	1	0	1	0	Ct	0	1	0	0	0	0	0	0	0	0	0	0	0	6	0	0	3	0	0	0	0	6	0	3	0	0	0	0	0	0	2	0	0	0
2057	18 May 26	22:05:00	1	0	1	0	Ct	0	1	0	0	0	6	8	4	0	10	0	0	0	15	0	6	0	0	0	1	0	2	0	1	0	4	3	5	0	0	8	0	4	0
2058	18 May 26	22:10:00	1	0	1	0	Ct	0	0	0	0	0	15	10	0	5	2	0	0	0	8	0	0	0	0	0	5	0	1	0	2	0	2	2	2	0	0	0	0	6	0
2059	18 May 26	22:15:00	1	0	1	0	Ct	0	0	0	0	0	4	8	0	0	0	0	0	0	7	0	22	0	0	0	3	0	10	0	1	0	0	4	6	0	0	0	0	7	0
2060	18 May 26	22:20:00	1	0	1	0	Ct	0	0	0	0	0	30	8	0	0	0	0	0	0	1	0	4	0	0	0	40	0	2	0	3	0	2	2	7	0	0	2	0	4	0
2061	18 May 26	22:25:00	1	0	1	0	Ct	0	0	0	0	0	0	3	0	5	6	0	0	0	7	0	16	0	0	0	0	0	0	0	5	0	0	5	2	0	0	0	0	11	0
2062	18 May 26	22:30:00	1	0	1	0	Ct	0	0	0	0	0	0	5	0	5	4	0	0	0	5	0	8	0	0	0	3	0	21	0	0	0	2	4	3	0	0	2	0	2	0
2063	18 May 26	22:35:00	1	0	1	0	Ct	0	0	0	0	0	0	5	0	4	3	0	0	0	4	0	21	2	0	0	18	0	0	0	4	0	9	5	3	0	0	0	0	3	0
2064	18 May 26	22:40:00	1	0	1	0	Ct	0	0	0	0	0	0	2	0	3	1	0	0	0	7	0	7	6	0	0	14	0	1	9	1	0	7	3	9	0	0	1	0	36	0
2065	18 May 26	22:45:00	1	0	1	0	Ct	0	0	0	0	0	0	3	0	7	2	0	0	0	8	0	17	2	0	0	0	0	3	3	0	0	1	6	8	0	0	1	0	9	0
2066	18 May 26	22:50:00	1	0	1	0	Ct	0	0	0	0	0	0	3	0	2	1	0	0	0	11	0	15	4	0	0	0	0	1	0	0	0	0	3	6	0	0	21	0	4	0
2067	18 May 26	22:55:00	1	0	1	0	Ct	0	0	0	0	0	0	4	0	0	2	0	0	0	13	0	0	7	0	0	0	0	0	0	0	0	2	4	2	0	0	3	0	0	0
2068	18 May 26	23:00:00	1	0	1	0	Ct	0	0	0	0	0	0	10	0	0	0	0	0	0	1	0	0	0	0	0	0	0	0	0	0	0	0	4	2	0	0	0	0	3	0
2069	18 May 26	23:05:00	1	0	1	0	Ct	0	0	0	0	0	0	1	0	0	3	0	0	0	4	0	0	7	0	0	0	0	2	6	0	0	0	4	2	0	0	0	0	0	0
2070	18 May 26	23:10:00	1	0	1	0	Ct	0	0	0	0	0	0	6	0	0	1	0	0	0	6	0	0	5	0	0	4	0	1	5	9	0	0	0	2	0	0	0	0	0	0
2071	18 May 26	23:15:00	1	0	1	0	Ct	0	0	0	0	0	0	5	0	0	14	0	0	0	1	0	0	0	0	0	0	0	0	0	5	0	3	0	5	0	0	0	0	3	0
2072	18 May 26	23:20:00	1	0	1	0	Ct	0	0	0	0	0	0	5	0	0	2	0	0	0	1	0	0	0	0	0	0	0	0	0	0	0	0	0	0	0	0	2	0	1	0
2073	18 May 26	23:25:00	1	0	1	0	Ct	0	0	0	0	0	0	4	0	0	3	0	0	0	2	0	0	0	0	0	0	0	0	0	0	0	0	6	0	0	0	2	0	0	0
2074	18 May 26	23:30:00	1	0	1	0	Ct	0	0	0	0	0	0	3	0	0	0	0	0	0	0	0	9	0	0	0	0	0	0	0	0	0	0	4	0	0	0	0	0	0	0
2075	18 May 26	23:35:00	1	0	1	0	Ct	0	0	0	0	0	0	2	0	0	0	0	0	0	2	0	0	4	0	0	3	0	0	0	3	0	0	8	0	0	0	0	0	0	0
2076	18 May 26	23:40:00	1	0	1	0	Ct	0	0	0	0	0	0	5	0	0	5	0	0	0	7	0	0	8	0	0	1	0	0	0	8	0	0	2	0	0	0	0	0	0	0
2077	18 May 26	23:45:00	1	0	1	0	Ct	0	0	0	0	0	0	7	0	0	7	0	0	0	7	0	10	5	0	0	0	0	10	0	39	0	0	3	2	0	0	2	0	0	0
2078	18 May 26	23:50:00	1	0	1	0	Ct	0	0	0	0	0	0	5	0	0	1	0	0	0	22	0	19	5	0	0	0	0	18	0	0	0	0	0	0	0	0	0	0	0	0
2079	18 May 26	23:55:00	1	0	1	0	Ct	0	0	0	0	0	0	4	0	0	0	0	0	0	6	0	0	3	0	0	0	0	7	0	0	0	0	0	2	0	0	0	0	0	0
2080	19 May 26	00:00:00	1	0	1	0	Ct	0	0	0	0	0	0	10	0	0	1	0	0	0	4	0	0	1	0	0	0	0	1	0	0	0	0	0	2	21	0	0	0	4	0
2081	19 May 26	00:05:00	1	0	1	0	Ct	0	0	0	0	0	0	7	0	0	2	0	0	0	9	0	1	0	0	0	0	0	0	2	0	0	0	2	2	6	0	1	0	2	0
2082	19 May 26	00:10:00	1	0	1	0	Ct	0	0	0	0	0	0	7	0	0	5	1	0	0	10	0	16	3	0	0	5	0	0	42	11	0	0	0	2	0	0	0	0	0	0
2083	19 May 26	00:15:00	1	0	1	0	Ct	0	0	0	0	0	5	6	0	0	12	1	0	0	9	0	2	5	0	0	3	0	0	1	4	0	0	14	5	0	0	1	0	0	0
2084	19 May 26	00:20:00	1	0	1	0	Ct	0	0	0	0	0	56	12	0	0	2	0	0	0	6	0	4	0	0	0	1	0	0	0	7	0	0	0	1	0	0	0	0	0	0
2085	19 May 26	00:25:00	1	0	1	0	Ct	0	0	0	0	0	3	11	0	0	6	0	0	0	33	0	0	2	0	0	1	0	0	0	0	0	0	1	6	0	0	0	0	0	0
2086	19 May 26	00:30:00	1	0	1	0	Ct	0	0	0	0	0	0	7	0	2	8	4	0	0	3	0	0	9	0	0	1	0	0	0	0	0	0	0	2	0	0	0	0	5	0
2087	19 May 26	00:35:00	1	0	1	0	Ct	0	0	0	0	0	0	13	0	15	2	0	0	0	2	0	0	5	0	0	0	0	4	0	0	0	0	0	0	0	0	2	0	0	0
2088	19 May 26	00:40:00	1	0	1	0	Ct	0	0	0	0	0	0	12	0	5	6	0	0	0	2	0	0	1	0	0	0	0	3	0	10	0	0	0	0	0	0	0	0	0	0
2089	19 May 26	00:45:00	1	0	1	0	Ct	0	0	0	0	0	0	8	0	8	3	0	0	0	5	0	0	1	0	0	0	0	0	0	25	0	0	4	0	0	0	0	0	0	0
2090	19 May 26	00:50:00	1	0	1	0	Ct	0	0	0	0	0	0	5	0	6	6	0	0	0	4	0	0	0	0	0	4	0	0	0	1	0	3	4	0	0	0	0	0	0	0
2091	19 May 26	00:55:00	1	0	1	0	Ct	0	0	0	0	0	0	5	1	0	8	0	0	0	0	0	0	0	0	0	4	0	0	0	0	0	0	0	0	0	0	0	0	0	0
2092	19 May 26	01:00:00	1	0	1	0	Ct	0	0	0	0	0	0	6	1	0	2	2	0	0	0	0	3	0	0	0	2	0	0	0	0	0	0	2	0	0	0	0	0	0	0
2093	19 May 26	01:05:00	1	0	1	0	Ct	0	0	0	0	0	12	2	0	0	1	7	0	0	0	0	7	3	0	0	1	0	0	0	0	0	0	0	0	0	0	0	0	0	0
2094	19 May 26	01:10:00	1	0	1	0	Ct	0	0	0	0	0	7	0	0	0	3	0	0	0	0	0	0	1	0	0	0	0	0	0	0	0	0	0	0	0	0	0	0	0	0
2095	19 May 26	01:15:00	1	0	1	0	Ct	0	0	0	0	0	0	0	0	0	9	0	0	0	0	0	0	7	0	0	17	0	0	0	0	0	0	0	0	0	0	0	0	0	0
2096	19 May 26	01:20:00	1	0	1	0	Ct	0	0	0	0	0	0	0	0	0	3	3	0	0	0	0	0	9	0	0	0	0	0	0	0	0	0	0	0	0	0	0	0	0	0
2097	19 May 26	01:25:00	1	0	1	0	Ct	0	0	0	0	0	0	0	0	0	2	0	0	0	0	0	0	1	0	0	2	0	0	0	0	0	0	0	0	0	0	0	0	0	0
2098	19 May 26	01:30:00	1	0	1	0	Ct	0	0	0	0	0	31	0	0	0	2	0	0	0	0	0	0	2	0	0	1	0	0	0	0	0	0	0	0	0	0	0	0	0	0
2099	19 May 26	01:35:00	1	0	1	0	Ct	0	0	0	0	0	0	0	0	0	8	15	0	0	0	0	0	0	0	0	1	0	0	0	0	0	0	0	0	0	0	0	0	0	0
2100	19 May 26	01:40:00	1	0	1	0	Ct	0	0	0	0	0	0	0	0	2	3	3	0	0	0	0	4	0	0	0	0	0	0	0	0	0	0	0	0	0	0	0	0	0	0
2101	19 May 26	01:45:00	1	0	1	0	Ct	0	0	0	0	0	0	0	0	7	1	0	0	0	0	0	0	0	0	0	0	0	0	0	0	0	0	0	0	0	0	0	0	0	0
2102	19 May 26	01:50:00	1	0	1	0	Ct	0	0	0	0	0	0	0	0	0	2	40	0	0	0	0	0	0	0	0	0	0	8	0	0	0	0	0	0	0	0	0	0	0	0
2103	19 May 26	01:55:00	1	0	1	0	Ct	0	0	0	0	0	0	0	0	0	9	7	0	0	0	0	0	0	0	0	0	0	0	0	0	0	0	0	0	0	0	0	0	0	0
2104	19 May 26	02:00:00	1	0	1	0	Ct	0	0	0	0	0	0	0	0	0	0	6	0	0	0	0	0	0	0	0	0	0	12	0	0	0	0	0	0	0	0	0	0	0	0
2105	19 May 26	02:05:00	1	0	1	0	Ct	0	0	0	0	0	0	0	0	0	0	0	0	0	0	0	0	0	0	0	0	0	14	0	0	0	0	0	2	0	0	0	0	0	0
2106	19 May 26	02:10:00	1	0	1	0	Ct	0	0	0	0	0	0	0	0	0	1	0	0	0	0	0	0	0	0	0	0	0	0	0	0	0	0	0	0	0	0	0	0	0	0
2107	19 May 26	02:15:00	1	0	1	0	Ct	0	0	0	0	0	0	0	0	0	0	18	0	0	0	0	0	0	0	0	0	0	0	0	0	0	0	0	0	0	0	0	0	0	0
2108	19 May 26	02:20:00	1	0	1	0	Ct	0	0	0	0	0	0	0	0	0	0	1	0	0	0	0	0	0	0	0	0	0	0	0	0	0	0	0	0	0	0	0	0	0	0
2109	19 May 26	02:25:00	1	0	1	0	Ct	0	0	0	0	0	0	0	0	0	0	5	0	0	0	0	0	10	0	0	0	0	0	0	0	0	0	2	0	0	0	0	0	0	0
2110	19 May 26	02:30:00	1	0	1	0	Ct	0	0	0	0	0	0	0	0	0	0	1	0	0	0	0	0	0	0	0	0	0	0	0	0	0	0	0	0	0	0	0	0	0	0
2111	19 May 26	02:35:00	1	0	1	0	Ct	0	0	0	0	0	0	13	0	0	6	3	0	0	0	0	0	2	0	0	0	0	0	0	0	0	0	0	0	0	0	0	0	0	0
2112	19 May 26	02:40:00	1	0	1	0	Ct	0	0	0	0	0	0	5	0	1	6	0	0	0	0	0	0	8	0	0	0	0	0	0	0	0	0	0	0	0	0	0	0	0	0
2113	19 May 26	02:45:00	1	0	1	0	Ct	0	0	0	0	0	0	0	0	3	2	0	0	0	0	0	0	1	0	0	0	0	0	0	0	0	0	0	0	0	0	0	0	0	0
2114	19 May 26	02:50:00	1	0	1	0	Ct	0	0	0	0	0	0	0	0	0	0	0	0	0	0	0	0	1	0	0	0	0	2	0	0	0	0	0	0	0	0	0	0	0	0
2115	19 May 26	02:55:00	1	0	1	0	Ct	0	0	0	0	0	0	0	0	0	0	0	0	0	0	0	0	8	0	0	0	0	0	0	0	0	0	0	0	0	0	0	0	0	0
2116	19 May 26	03:00:00	1	0	1	0	Ct	0	0	0	0	0	0	0	0	0	0	0	0	0	0	0	0	0	0	0	0	0	0	0	0	0	0	2	0	0	0	0	0	0	0
2117	19 May 26	03:05:00	1	0	1	0	Ct	0	0	0	0	0	0	2	0	0	0	0	0	0	0	0	0	0	0	0	0	0	0	0	0	0	0	0	0	0	0	0	0	0	0
2118	19 May 26	03:10:00	1	0	1	0	Ct	0	0	0	0	0	0	0	0	0	0	0	0	0	0	0	0	0	0	0	0	0	0	0	0	0	0	0	0	0	0	0	0	0	0
2119	19 May 26	03:15:00	1	0	1	0	Ct	0	0	0	0	0	0	0	0	0	0	0	0	0	0	0	0	0	0	0	0	0	14	0	0	0	0	0	0	0	0	0	0	0	0
2120	19 May 26	03:20:00	1	0	1	0	Ct	0	0	0	0	0	0	0	0	0	0	0	0	0	0	0	0	2	0	0	0	0	18	0	0	0	0	0	0	0	0	0	0	0	0
2121	19 May 26	03:25:00	1	0	1	0	Ct	0	0	0	0	0	0	0	0	0	8	0	0	0	0	0	0	1	0	0	0	0	3	0	9	0	0	0	0	0	0	0	0	0	0
2122	19 May 26	03:30:00	1	0	1	0	Ct	0	0	0	0	0	0	0	0	2	0	0	0	0	0	0	0	1	0	0	0	0	10	0	0	0	0	2	0	30	0	0	0	0	0
2123	19 May 26	03:35:00	1	0	1	0	Ct	0	0	0	0	0	0	0	0	11	0	0	0	0	0	0	0	2	0	0	0	0	0	0	0	0	0	0	0	0	0	0	0	0	0
2124	19 May 26	03:40:00	1	0	1	0	Ct	0	0	0	0	0	0	0	0	16	0	0	0	0	0	0	0	4	0	0	0	0	0	0	0	0	0	0	0	0	0	0	0	0	0
2125	19 May 26	03:45:00	1	0	1	0	Ct	0	0	0	0	0	0	0	0	2	0	0	0	0	0	0	0	0	0	0	0	0	0	0	0	0	0	0	0	10	0	0	0	0	0
2126	19 May 26	03:50:00	1	0	1	0	Ct	0	0	0	0	0	0	0	0	7	0	0	0	0	0	0	0	0	0	0	0	0	0	0	0	0	0	0	0	4	0	0	0	0	0
2127	19 May 26	03:55:00	1	0	1	0	Ct	0	0	0	0	0	0	0	0	6	0	0	0	0	0	0	0	0	0	0	0	0	0	0	0	0	0	0	0	0	0	0	0	0	0
2128	19 May 26	04:00:00	1	0	1	0	Ct	0	0	0	0	0	0	0	0	6	0	0	0	0	0	0	17	0	0	0	0	0	0	0	0	0	0	0	0	0	0	0	0	0	0
2129	19 May 26	04:05:00	1	0	1	0	Ct	0	0	0	0	0	0	0	0	7	0	10	0	0	0	0	3	0	0	0	14	0	0	0	0	0	0	0	0	0	0	0	0	0	0
2130	19 May 26	04:10:00	1	0	1	0	Ct	0	0	0	0	0	0	0	0	9	0	0	0	0	0	0	0	0	0	0	0	0	8	0	0	0	0	0	0	0	0	0	0	0	0
2131	19 May 26	04:15:00	1	0	1	0	Ct	0	0	0	0	0	0	0	0	6	0	0	0	0	0	0	0	0	0	0	0	0	0	0	0	0	0	0	0	0	0	0	0	0	0
2132	19 May 26	04:20:00	1	0	1	0	Ct	0	0	0	0	0	0	0	0	11	0	0	0	0	0	0	0	0	0	0	0	0	0	0	0	0	0	0	0	0	0	0	0	0	0
2133	19 May 26	04:25:00	1	0	1	0	Ct	0	0	0	0	0	0	0	0	10	0	0	0	0	0	0	0	0	0	0	0	0	0	0	0	0	0	0	0	0	0	0	0	0	0
2134	19 May 26	04:30:00	1	0	1	0	Ct	0	0	0	0	0	0	0	0	7	0	7	0	0	0	0	0	0	0	0	0	0	0	0	0	0	0	0	0	0	0	0	0	0	0
2135	19 May 26	04:35:00	1	0	1	0	Ct	0	0	0	0	0	0	0	0	6	0	0	0	0	0	0	0	0	0	0	0	0	0	0	0	0	0	0	0	0	0	0	0	0	0
2136	19 May 26	04:40:00	1	0	1	0	Ct	0	0	0	0	0	0	0	0	5	0	0	0	0	0	0	0	0	0	0	0	0	0	0	0	0	0	0	0	0	0	0	0	0	0
2137	19 May 26	04:45:00	1	0	1	0	Ct	0	0	0	0	0	0	0	0	0	0	0	0	0	0	0	0	0	0	0	0	0	0	0	0	0	0	0	0	0	0	0	0	0	0
2138	19 May 26	04:50:00	1	0	1	0	Ct	0	0	0	0	0	0	0	0	0	0	0	0	0	0	0	0	0	0	0	0	0	0	0	0	0	0	0	0	0	0	0	0	0	0
2139	19 May 26	04:55:00	1	0	1	0	Ct	0	0	0	0	0	0	0	0	0	0	0	0	0	0	0	0	0	0	0	0	0	0	0	0	0	0	0	0	0	0	0	0	0	0
2140	19 May 26	05:00:00	1	0	1	0	Ct	0	0	0	0	0	0	0	0	0	0	0	0	0	0	0	0	4	0	0	0	0	0	0	0	0	0	0	0	0	0	0	0	0	0
2141	19 May 26	05:05:00	1	0	1	0	Ct	0	0	0	0	0	0	0	0	0	0	0	0	0	0	0	0	0	0	0	0	0	0	0	0	0	0	0	0	0	0	0	0	0	0
2142	19 May 26	05:10:00	1	0	1	0	Ct	0	0	0	0	0	0	0	0	0	0	0	0	0	0	0	0	2	0	0	0	0	0	0	0	0	0	2	0	0	0	0	0	0	0
2143	19 May 26	05:15:00	1	0	1	0	Ct	0	0	0	0	0	0	0	0	0	0	0	0	0	0	0	0	1	0	0	2	0	0	0	0	0	0	0	0	0	0	0	0	0	0
2144	19 May 26	05:20:00	1	0	1	0	Ct	0	0	0	0	0	0	0	0	0	0	0	0	0	0	0	0	0	0	0	0	0	0	0	0	0	0	0	0	0	0	0	0	0	0
2145	19 May 26	05:25:00	1	0	1	0	Ct	0	0	0	0	0	0	0	0	0	0	0	0	0	0	0	0	0	0	0	0	0	0	0	0	0	0	0	0	0	0	0	0	0	0
2146	19 May 26	05:30:00	1	0	1	0	Ct	0	0	0	0	0	0	0	0	0	0	0	0	0	0	0	0	0	0	0	0	0	0	0	0	0	0	0	0	0	0	0	0	0	0
2147	19 May 26	05:35:00	1	0	1	0	Ct	0	0	0	0	0	0	0	0	0	0	0	0	0	0	0	0	0	0	0	0	0	0	0	12	0	0	0	0	0	0	0	0	0	0
2148	19 May 26	05:40:00	1	0	1	0	Ct	0	0	0	0	0	0	0	0	0	0	0	0	0	0	0	0	3	0	0	0	0	0	0	0	0	0	0	0	0	0	0	0	0	0
2149	19 May 26	05:45:00	1	0	1	0	Ct	0	0	0	0	0	0	0	0	0	0	0	0	0	0	0	0	0	0	0	0	0	0	0	0	0	0	0	0	0	0	0	0	0	0
2150	19 May 26	05:50:00	1	0	1	0	Ct	0	0	0	0	0	0	0	0	0	0	0	0	0	0	0	0	0	0	0	0	0	0	0	0	0	0	0	0	0	0	0	0	0	0
2151	19 May 26	05:55:00	1	0	1	0	Ct	0	0	0	0	0	0	0	0	6	0	0	0	0	0	0	0	0	0	0	0	0	0	0	0	0	0	0	0	0	0	0	0	0	0
2152	19 May 26	06:00:00	1	0	1	0	Ct	0	0	0	0	0	0	1	0	1	0	14	0	0	0	0	0	0	0	0	0	0	0	0	0	0	0	0	0	0	0	0	0	0	0
2153	19 May 26	06:05:00	1	0	1	0	Ct	0	0	0	0	0	0	2	0	9	0	0	0	0	0	0	0	0	0	0	0	0	0	0	0	0	0	0	0	0	0	0	0	0	0
2154	19 May 26	06:10:00	1	0	1	0	Ct	0	0	0	0	0	0	0	0	6	0	0	0	0	0	0	0	0	0	0	0	0	0	0	0	0	1	0	0	0	0	0	0	0	0
2155	19 May 26	06:15:00	1	0	1	0	Ct	0	0	0	0	0	0	0	0	0	0	0	0	0	0	0	0	0	0	0	0	0	0	0	0	0	0	0	0	0	0	0	0	0	0
2156	19 May 26	06:20:00	1	0	1	0	Ct	0	0	0	0	0	0	0	0	0	0	0	0	0	0	0	0	0	0	0	0	0	0	0	2	0	0	0	0	0	0	0	0	0	0
2157	19 May 26	06:25:00	1	0	1	0	Ct	0	0	0	0	0	0	0	0	0	0	0	0	0	0	0	0	0	0	0	0	0	0	0	0	0	0	0	0	0	0	0	0	0	0
2158	19 May 26	06:30:00	1	0	1	0	Ct	0	0	0	0	0	0	0	0	0	0	1	0	0	0	0	0	0	0	0	0	0	0	0	0	0	0	0	0	0	0	0	0	0	0
2159	19 May 26	06:35:00	1	0	1	0	Ct	0	0	0	0	0	0	0	0	2	0	0	0	0	0	0	0	0	0	0	0	0	0	0	5	0	0	0	0	0	0	0	0	0	0
2160	19 May 26	06:40:00	1	0	1	0	Ct	0	0	0	0	0	0	0	0	9	0	0	0	0	0	0	0	0	0	0	0	0	0	0	0	0	0	0	0	0	0	0	0	0	0
2161	19 May 26	06:45:00	1	0	1	0	Ct	0	0	0	0	0	0	0	0	2	0	0	0	0	0	0	0	0	0	0	0	0	0	0	0	0	0	0	0	0	0	0	0	0	0
2162	19 May 26	06:50:00	1	0	1	0	Ct	0	0	0	0	0	0	0	0	3	0	0	0	0	0	0	0	0	0	0	0	0	0	0	0	0	0	0	0	0	0	0	0	0	0
2163	19 May 26	06:55:00	1	0	1	0	Ct	0	0	0	0	0	0	0	0	11	0	15	0	0	0	0	0	0	0	0	0	0	0	0	0	0	0	0	0	0	0	0	0	0	0
2164	19 May 26	07:00:00	1	0	1	0	Ct	0	0	0	0	0	0	0	0	1	0	2	0	0	0	0	0	0	0	0	0	0	0	0	0	0	0	1	0	0	0	0	0	0	0
2165	19 May 26	07:05:00	1	0	1	0	Ct	0	0	0	0	0	0	0	0	0	0	0	0	0	0	0	0	0	0	0	0	0	0	0	1	0	0	0	0	0	0	0	0	0	0
2166	19 May 26	07:10:00	1	0	1	0	Ct	0	0	0	0	0	0	0	0	0	0	0	0	0	0	0	0	0	0	0	0	0	0	0	0	0	0	0	0	0	0	0	0	0	0
2167	19 May 26	07:15:00	1	0	1	0	Ct	0	0	0	0	0	0	0	0	0	0	0	0	0	0	0	0	0	0	0	0	0	0	0	0	0	0	0	0	0	0	0	0	0	0
2168	19 May 26	07:20:00	1	0	1	0	Ct	0	0	0	0	0	0	0	0	0	0	0	0	0	0	0	0	0	0	0	0	0	0	0	9	0	0	0	0	0	0	0	0	0	0
2169	19 May 26	07:25:00	1	0	1	0	Ct	0	0	0	0	0	0	0	0	0	0	0	0	0	0	0	0	0	0	0	0	0	10	0	0	0	0	0	0	0	0	0	0	0	0
2170	19 May 26	07:30:00	1	0	1	0	Ct	0	0	0	0	0	0	0	0	0	0	0	0	0	0	0	0	0	0	0	0	0	7	0	0	0	0	0	0	0	0	0	0	0	0
2171	19 May 26	07:35:00	1	0	1	0	Ct	0	0	0	0	0	0	0	0	0	0	20	0	0	0	0	0	0	0	0	0	0	1	0	0	0	0	0	0	0	0	0	0	0	0
2172	19 May 26	07:40:00	1	0	1	0	Ct	0	0	0	0	0	0	0	0	4	0	0	0	0	0	0	0	0	0	0	0	0	3	0	0	0	3	0	0	0	0	0	0	0	0
2173	19 May 26	07:45:00	1	0	1	0	Ct	0	0	0	0	0	0	0	0	5	0	0	0	0	0	0	0	0	0	0	0	0	2	0	0	0	0	0	0	0	0	0	0	0	0
2174	19 May 26	07:50:00	1	0	1	0	Ct	0	0	0	0	0	0	0	0	6	0	0	0	0	0	0	0	1	0	0	0	0	3	0	0	0	0	0	0	0	0	3	0	0	0
2175	19 May 26	07:55:00	1	0	1	0	Ct	0	0	0	0	0	0	0	0	1	0	0	0	0	0	0	0	3	0	0	0	0	0	0	6	0	0	0	0	0	0	3	0	0	0
2176	19 May 26	08:00:00	1	0	1	0	Ct	0	0	0	0	0	0	0	0	0	0	0	0	0	0	0	0	2	0	0	0	0	0	0	36	0	0	0	0	0	0	0	0	0	0
2177	19 May 26	08:05:00	1	0	1	0	Ct	0	0	0	0	0	0	0	0	0	0	0	0	0	0	0	0	20	0	0	0	0	0	0	15	0	3	0	0	0	0	0	0	0	0
2178	19 May 26	08:10:00	1	0	1	0	Ct	0	0	0	0	0	0	0	0	0	0	0	0	0	0	0	0	0	0	0	0	0	0	0	0	0	0	0	0	0	0	0	0	0	0
2179	19 May 26	08:15:00	1	0	1	0	Ct	0	0	0	0	0	0	2	0	0	0	0	0	0	0	0	0	1	0	0	0	0	0	0	4	0	0	0	0	0	0	0	0	0	0
2180	19 May 26	08:20:00	1	0	1	0	Ct	0	0	0	0	0	0	0	0	1	0	0	0	0	0	0	0	3	0	0	0	0	0	0	9	0	0	0	0	0	0	0	0	0	0
2181	19 May 26	08:25:00	1	0	1	0	Ct	0	0	0	0	0	0	0	0	4	0	0	0	0	0	0	0	3	0	0	0	0	0	0	0	0	0	0	6	0	0	0	0	2	0
2182	19 May 26	08:30:00	1	0	1	0	Ct	0	0	0	0	0	0	0	0	4	0	16	0	0	0	0	0	0	0	0	0	0	0	0	0	0	0	0	0	0	0	0	0	4	0
2183	19 May 26	08:35:00	1	0	1	0	Ct	0	0	0	0	0	0	0	0	0	0	0	0	0	0	0	0	2	0	0	0	0	0	0	9	0	0	0	0	0	0	0	0	1	0
2184	19 May 26	08:40:00	1	0	1	0	Ct	0	0	0	0	0	0	0	0	0	0	0	0	0	0	0	17	8	0	0	0	0	0	0	28	0	0	1	0	0	0	0	0	9	0
2185	19 May 26	08:45:00	1	0	1	0	Ct	0	0	0	0	0	0	0	0	0	0	0	0	0	0	0	9	9	0	0	0	0	0	0	4	0	0	1	0	0	0	0	0	9	0
2186	19 May 26	08:50:00	1	0	1	0	Ct	0	0	0	0	0	0	0	0	0	0	0	0	0	0	0	25	4	0	0	0	0	0	0	9	0	0	0	0	0	0	0	0	0	0
2187	19 May 26	08:55:00	1	0	1	0	Ct	0	0	0	0	0	0	0	0	0	0	0	0	0	0	0	0	3	0	0	0	0	0	0	7	0	0	0	0	0	0	0	0	4	0
2188	19 May 26	09:00:00	1	0	1	0	Ct	0	0	0	0	0	0	0	0	0	0	0	0	0	0	0	0	0	0	0	0	0	0	0	0	0	0	0	0	0	0	0	0	7	0
2189	19 May 26	09:05:00	1	0	1	0	Ct	0	0	0	0	0	0	0	0	8	0	0	0	0	0	0	0	0	0	0	0	0	0	0	2	0	0	2	0	0	0	0	0	0	0
2190	19 May 26	09:10:00	1	0	1	0	Ct	0	0	0	0	0	0	0	0	2	0	0	0	0	0	0	0	0	0	0	0	0	0	0	0	0	0	0	0	0	0	0	0	4	0
2191	19 May 26	09:15:00	1	0	1	0	Ct	0	0	0	0	0	0	0	0	5	0	0	0	0	0	0	0	0	0	0	0	0	0	0	0	0	0	0	0	0	0	0	0	15	0
2192	19 May 26	09:20:00	1	0	1	0	Ct	0	0	0	0	0	0	0	0	5	0	0	0	0	0	0	0	0	0	0	0	0	0	0	0	0	0	0	0	0	0	0	0	4	0
2193	19 May 26	09:25:00	1	0	1	0	Ct	0	0	0	0	0	0	0	0	13	0	0	0	0	0	0	0	13	0	0	0	0	0	0	0	0	0	0	2	0	0	0	0	5	0
2194	19 May 26	09:30:00	1	0	1	0	Ct	0	0	0	0	0	0	0	0	10	0	0	0	0	0	0	0	0	0	0	0	0	0	0	0	0	0	0	0	0	0	0	0	5	0
2195	19 May 26	09:35:00	1	0	1	0	Ct	0	0	0	0	0	0	0	0	3	0	0	0	0	0	0	0	1	0	0	0	0	0	0	0	0	0	0	0	0	0	0	0	0	0
2196	19 May 26	09:40:00	1	0	1	0	Ct	0	0	0	0	0	0	0	0	5	0	0	0	0	0	0	0	1	0	0	0	0	0	0	0	0	0	0	0	0	0	1	0	0	0
2197	19 May 26	09:45:00	1	0	1	0	Ct	0	0	0	0	0	0	0	0	0	0	30	0	0	0	0	0	6	0	0	0	0	0	0	1	0	0	0	0	0	0	0	0	0	0
2198	19 May 26	09:50:00	1	0	1	0	Ct	0	0	0	0	0	0	0	0	0	0	0	0	0	0	0	0	0	0	0	0	0	0	0	0	0	0	0	0	0	0	0	0	0	0
2199	19 May 26	09:55:00	1	0	1	0	Ct	0	0	0	0	0	0	0	0	0	0	0	0	0	0	0	0	0	0	0	0	0	0	0	0	0	0	0	39	0	0	0	0	0	0
2200	19 May 26	10:00:00	1	0	1	0	Ct	0	1	0	0	0	0	1	0	0	0	0	0	0	0	0	0	0	0	0	0	0	0	0	4	0	0	0	26	0	0	0	0	0	0
2201	19 May 26	10:05:00	1	0	1	0	Ct	0	1	0	0	0	0	0	0	0	0	0	0	0	0	0	0	0	0	0	0	0	0	10	8	0	2	2	24	0	0	15	0	16	0
2202	19 May 26	10:10:00	1	0	1	0	Ct	0	1	0	0	0	0	0	0	0	0	0	0	0	0	0	0	0	0	0	0	0	0	0	15	0	3	9	6	0	0	5	0	9	0
2203	19 May 26	10:15:00	1	0	1	0	Ct	0	1	0	0	0	0	0	0	0	0	0	0	0	0	0	0	0	0	0	0	0	0	0	8	0	5	8	8	0	0	8	0	3	0
2204	19 May 26	10:20:00	1	0	1	0	Ct	0	1	0	0	0	0	8	0	2	0	0	0	0	0	0	0	0	0	0	0	0	27	0	0	0	9	10	7	0	0	8	0	4	0
2205	19 May 26	10:25:00	1	0	1	0	Ct	0	1	0	0	0	0	18	0	18	0	0	0	0	0	0	0	0	0	0	0	0	15	0	0	0	17	9	3	0	0	4	0	5	0
2206	19 May 26	10:30:00	1	0	1	0	Ct	0	1	0	0	0	0	0	0	9	0	0	0	0	0	0	0	0	0	0	0	0	14	0	0	0	17	6	6	0	0	4	0	3	0
2207	19 May 26	10:35:00	1	0	1	0	Ct	0	1	0	0	0	12	6	0	0	0	0	0	0	0	0	0	0	0	0	0	0	12	0	0	0	15	6	5	0	0	2	0	6	0
2208	19 May 26	10:40:00	1	0	1	0	Ct	0	1	0	0	0	0	2	0	7	0	0	0	0	3	0	0	1	0	0	0	0	4	0	0	0	12	0	3	0	0	5	0	4	0
2209	19 May 26	10:45:00	1	0	1	0	Ct	0	1	0	0	0	29	0	0	0	0	0	0	0	0	0	0	0	0	0	0	0	0	0	0	0	8	4	3	0	0	4	0	4	0
2210	19 May 26	10:50:00	1	0	1	0	Ct	0	1	0	0	0	19	9	0	9	0	0	0	0	22	0	0	2	0	0	0	0	4	0	0	0	7	9	0	0	0	3	0	5	0
2211	19 May 26	10:55:00	1	0	1	0	Ct	0	1	0	0	0	34	0	0	15	0	5	0	0	6	0	0	0	0	0	0	0	1	0	0	0	10	9	2	0	0	8	0	3	0
2212	19 May 26	11:00:00	1	0	1	0	Ct	0	1	0	0	0	4	2	0	0	0	0	0	0	0	0	0	2	0	0	0	0	1	0	0	0	3	10	3	0	0	4	0	4	0
2213	19 May 26	11:05:00	1	0	1	0	Ct	0	1	0	0	0	0	2	0	0	0	0	0	0	17	0	0	0	0	0	0	0	5	0	0	0	4	6	3	0	0	3	0	3	0
2214	19 May 26	11:10:00	1	0	1	0	Ct	0	1	0	0	0	0	0	0	0	11	0	0	0	5	0	0	2	0	0	0	0	13	0	0	0	10	3	3	0	0	2	0	7	0
2215	19 May 26	11:15:00	1	0	1	0	Ct	0	1	0	0	0	12	0	0	0	1	0	0	0	0	0	0	0	0	0	0	0	0	0	0	0	9	1	6	0	0	4	0	2	0
2216	19 May 26	11:20:00	1	0	1	0	Ct	0	1	0	0	0	43	0	0	0	0	0	0	0	0	0	0	0	0	0	0	0	0	0	0	0	5	2	1	0	0	9	0	4	0
2217	19 May 26	11:25:00	1	0	1	0	Ct	0	1	0	0	0	0	4	0	9	0	0	0	0	3	0	0	0	0	0	0	0	0	0	0	0	3	3	3	0	0	3	0	10	0
2218	19 May 26	11:30:00	1	0	1	0	Ct	0	1	0	0	0	36	2	0	1	3	0	0	0	1	0	0	0	0	0	0	0	0	0	0	0	8	6	4	0	0	7	0	3	0
2219	19 May 26	11:35:00	1	0	1	0	Ct	0	1	0	0	0	0	2	0	2	0	0	0	0	1	0	0	0	0	0	0	0	0	0	0	0	5	9	1	0	0	2	0	2	0
2220	19 May 26	11:40:00	1	0	1	0	Ct	0	1	0	0	0	46	0	0	1	0	0	0	0	0	0	0	0	0	0	0	0	0	0	0	0	0	5	0	0	0	0	0	2	0
2221	19 May 26	11:45:00	1	0	1	0	Ct	0	1	0	0	0	11	0	0	12	0	0	0	0	0	0	0	0	0	0	0	0	2	0	0	0	2	0	2	0	0	4	0	1	0
2222	19 May 26	11:50:00	1	0	1	0	Ct	0	1	0	0	0	23	0	0	13	0	0	0	0	0	0	0	0	0	0	0	0	0	0	0	0	12	0	0	0	0	3	0	2	0
2223	19 May 26	11:55:00	1	0	1	0	Ct	0	1	0	0	0	0	0	0	11	0	0	0	0	1	0	0	0	0	0	0	0	0	0	0	0	4	0	3	0	0	0	0	14	0
2224	19 May 26	12:00:00	1	0	1	0	Ct	0	1	0	0	0	0	6	0	3	0	0	0	0	0	0	0	0	0	0	0	0	0	0	13	0	2	3	6	0	0	0	0	1	0
2225	19 May 26	12:05:00	1	0	1	0	Ct	0	1	0	0	0	11	6	0	8	0	0	0	0	0	0	0	0	0	0	0	0	0	0	0	0	5	3	0	0	0	3	0	1	0
2226	19 May 26	12:10:00	1	0	1	0	Ct	0	1	0	0	0	0	2	0	2	0	0	0	0	0	0	4	0	0	0	0	0	2	0	1	0	4	0	0	0	0	2	0	0	0
2227	19 May 26	12:15:00	1	0	1	0	Ct	0	1	0	0	0	0	5	0	12	0	0	0	0	0	0	0	0	0	0	0	0	2	0	0	0	4	0	0	0	0	2	0	1	0
2228	19 May 26	12:20:00	1	0	1	0	Ct	0	1	0	0	0	0	4	0	2	0	0	0	0	0	0	0	0	0	0	0	0	0	0	0	0	4	0	1	0	0	0	0	3	0
2229	19 May 26	12:25:00	1	0	1	0	Ct	0	1	0	0	0	0	0	0	5	0	0	0	0	0	0	0	0	0	0	0	0	1	0	7	0	2	3	0	0	0	6	0	4	0
2230	19 May 26	12:30:00	1	0	1	0	Ct	0	1	0	0	0	0	2	0	6	0	0	0	0	0	0	0	0	0	0	0	0	18	0	0	0	0	3	1	0	0	3	0	0	0
2231	19 May 26	12:35:00	1	0	1	0	Ct	0	1	0	0	0	0	2	0	11	0	0	0	0	0	0	0	0	0	0	0	0	8	0	0	0	2	1	1	0	0	2	0	0	0
2232	19 May 26	12:40:00	1	0	1	0	Ct	0	1	0	0	0	0	1	0	2	0	0	0	0	0	0	0	2	0	0	0	0	5	3	0	0	2	1	2	0	0	0	0	3	0
2233	19 May 26	12:45:00	1	0	1	0	Ct	0	1	0	0	0	0	5	0	9	0	1	0	0	2	0	0	0	0	0	0	0	0	3	0	0	2	2	1	0	0	2	0	0	0
2234	19 May 26	12:50:00	1	0	1	0	Ct	0	1	0	0	0	0	0	0	7	0	0	0	0	38	0	0	1	0	0	0	0	0	0	0	0	6	0	8	0	0	0	0	2	0
2235	19 May 26	12:55:00	1	0	1	0	Ct	0	1	0	0	0	0	0	0	6	0	0	0	0	0	0	0	0	0	0	0	0	0	0	0	0	11	2	0	0	0	2	0	0	0
2236	19 May 26	13:00:00	1	0	1	0	Ct	0	1	0	0	0	0	0	0	7	0	0	0	0	0	0	0	1	0	0	0	0	0	0	0	0	3	0	2	0	0	2	0	3	0
2237	19 May 26	13:05:00	1	0	1	0	Ct	0	1	0	0	0	0	0	0	4	0	0	0	0	0	0	0	0	0	0	0	0	0	0	0	0	3	0	0	0	0	0	0	0	0
2238	19 May 26	13:10:00	1	0	1	0	Ct	0	1	0	0	0	0	0	0	2	1	0	0	0	0	0	0	0	0	0	0	0	5	0	0	0	3	0	0	0	0	2	0	1	0
2239	19 May 26	13:15:00	1	0	1	0	Ct	0	1	0	0	0	0	0	0	0	21	0	0	0	0	0	0	0	0	0	0	0	2	0	0	0	0	0	0	0	0	2	0	1	0
2240	19 May 26	13:20:00	1	0	1	0	Ct	0	1	0	0	0	0	0	0	4	0	0	0	0	0	0	0	0	0	0	0	0	0	7	0	0	0	2	1	0	0	2	0	3	0
2241	19 May 26	13:25:00	1	0	1	0	Ct	0	1	0	0	0	0	0	0	7	0	0	0	0	0	0	0	0	0	0	0	0	0	3	0	0	5	0	1	0	0	1	0	2	0
2242	19 May 26	13:30:00	1	0	1	0	Ct	0	1	0	0	0	0	0	0	4	0	0	0	0	0	0	0	0	0	0	0	0	0	3	0	0	0	0	9	0	0	1	0	0	0
2243	19 May 26	13:35:00	1	0	1	0	Ct	0	1	0	0	0	0	0	0	5	0	0	0	0	0	0	0	0	0	0	0	0	0	2	0	0	0	2	0	0	0	1	0	0	0
2244	19 May 26	13:40:00	1	0	1	0	Ct	0	1	0	0	0	0	0	0	10	0	0	0	0	0	0	0	0	0	0	0	0	0	0	0	0	0	0	3	0	0	5	0	0	0
2245	19 May 26	13:45:00	1	0	1	0	Ct	0	1	0	0	0	0	0	0	8	0	0	0	0	0	0	0	0	0	0	0	0	0	0	0	0	0	2	0	55	0	2	0	2	0
2246	19 May 26	13:50:00	1	0	1	0	Ct	0	1	0	0	0	0	0	0	4	0	0	0	0	0	0	0	0	0	0	0	0	5	0	0	0	0	0	0	97	0	4	0	0	0
2247	19 May 26	13:55:00	1	0	1	0	Ct	0	1	0	0	0	0	0	0	4	0	0	0	0	0	0	0	0	0	0	0	0	9	0	0	0	2	0	0	32	0	1	0	2	0
2248	19 May 26	14:00:00	1	0	1	0	Ct	0	1	0	0	0	0	0	0	3	3	0	0	0	0	0	0	0	0	0	0	0	0	0	0	0	4	2	0	0	0	0	0	0	0
2249	19 May 26	14:05:00	1	0	1	0	Ct	0	1	0	0	0	0	0	0	2	0	0	0	0	2	0	0	0	0	0	0	0	0	0	0	0	3	0	2	0	0	0	0	2	0
2250	19 May 26	14:10:00	1	0	1	0	Ct	0	1	0	0	0	0	0	0	3	0	0	0	0	1	0	10	0	0	0	0	0	0	13	0	0	5	0	2	0	0	0	0	0	0
2251	19 May 26	14:15:00	1	0	1	0	Ct	0	1	0	0	0	0	0	0	0	1	0	0	0	0	0	0	0	0	0	0	0	0	2	0	0	3	4	1	19	0	2	0	4	0
2252	19 May 26	14:20:00	1	0	1	0	Ct	0	1	0	0	0	0	0	0	0	21	6	0	0	0	0	0	0	0	0	0	0	0	0	0	0	1	0	1	0	0	2	0	0	0
2253	19 May 26	14:25:00	1	0	1	0	Ct	0	1	0	0	0	0	0	0	0	18	19	0	0	0	0	0	0	0	0	0	0	0	0	0	0	8	0	1	0	0	2	0	0	0
2254	19 May 26	14:30:00	1	0	1	0	Ct	0	1	0	0	0	0	0	0	0	0	0	0	0	3	0	0	0	0	0	0	0	0	0	0	0	1	0	1	0	0	2	0	2	0
2255	19 May 26	14:35:00	1	0	1	0	Ct	0	1	0	0	0	0	0	0	0	0	0	0	0	3	0	0	0	0	0	0	0	0	0	0	0	4	4	0	0	0	0	0	2	0
2256	19 May 26	14:40:00	1	0	1	0	Ct	0	1	0	0	0	0	0	0	3	0	0	0	0	8	0	0	0	0	0	0	0	0	0	0	0	1	4	1	0	0	4	0	2	0
2257	19 May 26	14:45:00	1	0	1	0	Ct	0	1	0	0	0	0	0	0	2	0	0	0	0	0	0	0	0	0	0	0	0	0	0	0	0	5	2	2	0	0	2	0	0	0
2258	19 May 26	14:50:00	1	0	1	0	Ct	0	1	0	0	0	0	0	0	0	2	0	0	0	0	0	0	0	0	0	0	0	0	0	0	0	2	0	0	0	0	3	0	3	0
2259	19 May 26	14:55:00	1	0	1	0	Ct	0	1	0	0	0	0	0	0	0	1	0	0	0	8	0	51	0	0	0	0	0	12	0	0	0	0	3	0	0	0	3	0	1	0
2260	19 May 26	15:00:00	1	0	1	0	Ct	0	1	0	0	0	0	0	0	0	0	0	0	0	0	0	14	0	0	0	0	0	5	0	0	0	0	3	3	0	0	0	0	1	0
2261	19 May 26	15:05:00	1	0	1	0	Ct	0	1	0	0	0	0	0	0	0	0	0	0	0	0	0	0	0	0	0	0	0	0	0	0	0	0	2	1	0	0	0	0	1	0
2262	19 May 26	15:10:00	1	0	1	0	Ct	0	1	0	0	0	0	0	0	3	0	0	0	0	0	0	0	0	0	0	0	0	0	0	0	0	0	6	1	0	0	2	0	1	0
2263	19 May 26	15:15:00	1	0	1	0	Ct	0	1	0	0	0	0	0	0	3	0	0	0	0	0	0	0	0	0	0	0	0	0	0	0	0	0	12	1	0	0	2	0	0	0
2264	19 May 26	15:20:00	1	0	1	0	Ct	0	1	0	0	0	0	0	0	0	0	15	0	0	0	0	0	0	0	0	0	0	0	0	0	0	2	0	0	0	0	4	0	1	0
2265	19 May 26	15:25:00	1	0	1	0	Ct	0	1	0	0	0	0	0	0	0	0	8	0	0	0	0	0	17	0	0	0	0	0	6	0	0	3	0	3	0	0	3	0	0	0
2266	19 May 26	15:30:00	1	0	1	0	Ct	0	1	0	0	0	0	0	0	2	0	7	0	0	0	0	0	0	0	0	0	0	0	0	0	0	0	1	1	0	0	0	0	9	0
2267	19 May 26	15:35:00	1	0	1	0	Ct	0	1	0	0	0	0	0	0	18	0	0	0	0	0	0	0	0	0	0	0	0	0	7	0	0	3	2	2	0	0	2	0	8	0
2268	19 May 26	15:40:00	1	0	1	0	Ct	0	1	0	0	0	0	0	0	3	0	4	0	0	0	0	0	0	0	0	0	0	0	0	0	0	1	0	2	0	0	4	0	5	0
2269	19 May 26	15:45:00	1	0	1	0	Ct	0	1	0	0	0	0	0	0	3	0	0	0	0	0	0	0	0	0	0	0	0	2	5	0	0	5	0	2	0	0	0	0	2	0
2270	19 May 26	15:50:00	1	0	1	0	Ct	0	1	0	0	0	0	0	0	7	0	56	0	0	0	0	0	0	0	0	0	0	11	1	0	0	3	0	0	0	0	0	0	3	0
2271	19 May 26	15:55:00	1	0	1	0	Ct	0	1	0	0	0	0	0	0	12	0	1	0	0	0	0	0	2	0	0	0	0	0	4	0	0	1	0	0	0	0	2	0	0	0
2272	19 May 26	16:00:00	1	0	1	0	Ct	0	1	0	0	0	0	0	0	25	1	1	0	0	0	0	0	0	0	0	0	0	0	0	0	0	0	0	0	0	0	0	0	2	0
2273	19 May 26	16:05:00	1	0	1	0	Ct	0	1	0	0	0	0	0	0	5	1	0	0	0	0	0	0	0	0	0	0	0	0	0	0	0	3	3	0	0	0	0	0	1	0
2274	19 May 26	16:10:00	1	0	1	0	Ct	0	1	0	0	0	0	0	0	8	43	0	0	0	0	0	0	0	0	0	0	0	0	0	0	0	4	1	0	0	0	0	0	1	0
2275	19 May 26	16:15:00	1	0	1	0	Ct	0	1	0	0	0	0	0	0	2	5	0	0	0	0	0	24	0	0	0	0	0	0	0	0	0	2	1	2	0	0	0	0	0	0
2276	19 May 26	16:20:00	1	0	1	0	Ct	0	1	0	0	0	0	0	0	0	0	0	0	0	3	0	14	1	0	0	0	0	35	0	0	0	0	0	1	0	0	0	0	2	0
2277	19 May 26	16:25:00	1	0	1	0	Ct	0	1	0	0	0	0	0	0	0	0	1	0	0	0	0	0	1	0	0	0	0	6	0	0	0	6	6	1	0	0	6	0	2	0
2278	19 May 26	16:30:00	1	0	1	0	Ct	0	1	0	0	0	0	0	0	0	0	4	0	0	0	0	0	0	0	0	0	0	16	0	0	0	0	0	1	0	0	5	0	1	0
2279	19 May 26	16:35:00	1	0	1	0	Ct	0	1	0	0	0	0	0	0	0	0	1	0	0	7	0	0	0	0	0	0	0	5	0	0	0	2	0	2	0	0	4	0	2	0
2280	19 May 26	16:40:00	1	0	1	0	Ct	0	1	0	0	0	0	0	0	0	0	6	0	0	1	0	0	0	0	0	0	0	9	0	0	0	5	2	4	0	0	0	0	2	0
2281	19 May 26	16:45:00	1	0	1	0	Ct	0	1	0	0	0	0	0	0	0	0	2	0	0	0	0	0	0	0	0	0	0	0	0	0	0	0	1	4	0	0	0	0	3	0
2282	19 May 26	16:50:00	1	0	1	0	Ct	0	1	0	0	0	0	0	0	0	0	7	0	0	0	0	91	0	0	0	0	0	0	0	0	0	0	0	2	0	0	2	0	2	0
2283	19 May 26	16:55:00	1	0	1	0	Ct	0	1	0	0	0	0	0	0	0	0	0	0	0	0	0	54	0	0	0	0	0	0	0	0	0	0	0	0	0	0	1	0	1	0
2284	19 May 26	17:00:00	1	0	1	0	Ct	0	1	0	0	0	0	0	0	0	0	0	0	0	0	0	0	0	0	0	0	0	0	0	17	0	1	0	2	0	0	1	0	1	0
2285	19 May 26	17:05:00	1	0	1	0	Ct	0	1	0	0	0	0	0	0	0	1	16	0	0	0	0	7	0	0	0	0	0	0	0	3	0	8	1	0	0	0	2	0	3	0
2286	19 May 26	17:10:00	1	0	1	0	Ct	0	1	0	0	0	0	0	0	0	0	0	0	0	0	0	2	0	0	0	0	0	0	0	9	0	5	1	2	0	0	1	0	3	0
2287	19 May 26	17:15:00	1	0	1	0	Ct	0	1	0	0	0	0	0	0	0	6	9	0	0	0	0	0	0	0	0	0	0	0	0	0	0	2	2	0	0	0	4	0	1	0
2288	19 May 26	17:20:00	1	0	1	0	Ct	0	1	0	0	0	0	0	0	0	0	17	0	0	0	0	0	0	0	0	0	0	0	5	20	0	3	2	0	0	0	1	0	1	0
2289	19 May 26	17:25:00	1	0	1	0	Ct	0	1	0	0	0	0	0	0	0	0	4	0	0	0	0	0	0	0	0	0	0	3	25	0	0	0	0	0	0	0	2	0	0	0
2290	19 May 26	17:30:00	1	0	1	0	Ct	0	1	0	0	0	0	0	0	0	0	1	0	0	0	0	0	0	0	0	0	0	4	14	0	0	2	2	0	0	0	0	0	0	0
2291	19 May 26	17:35:00	1	0	1	0	Ct	0	1	0	0	0	0	0	0	0	0	1	0	0	0	0	0	0	0	0	0	0	0	0	0	0	2	0	3	0	0	2	0	0	0
2292	19 May 26	17:40:00	1	0	1	0	Ct	0	1	0	0	0	2	0	0	0	0	12	0	0	0	0	0	0	0	0	0	0	0	0	0	0	4	0	6	0	0	0	0	0	0
2293	19 May 26	17:45:00	1	0	1	0	Ct	0	1	0	0	0	0	0	0	0	0	0	0	0	0	0	0	0	0	0	0	0	0	0	0	0	3	0	1	0	0	2	0	4	0
2294	19 May 26	17:50:00	1	0	1	0	Ct	0	1	0	0	0	0	0	0	0	11	0	0	0	0	0	0	0	0	0	0	0	0	0	0	0	3	0	2	0	0	0	0	0	0
2295	19 May 26	17:55:00	1	0	1	0	Ct	0	1	0	0	0	0	0	0	0	67	0	0	0	0	0	0	0	0	0	0	0	0	14	0	0	0	0	0	0	0	2	0	0	0
2296	19 May 26	18:00:00	1	0	1	0	Ct	0	1	0	0	0	35	0	0	0	2	0	0	0	0	0	0	0	0	0	0	0	0	0	0	0	0	0	0	0	0	0	0	2	0
2297	19 May 26	18:05:00	1	0	1	0	Ct	0	1	0	0	0	40	0	0	0	0	0	0	0	0	0	0	0	0	0	0	0	0	0	0	0	0	0	2	0	0	0	0	0	0
2298	19 May 26	18:10:00	1	0	1	0	Ct	0	1	0	0	0	21	0	0	0	2	0	0	0	0	0	0	0	0	0	0	0	0	0	0	0	0	0	5	0	0	0	0	2	0
2299	19 May 26	18:15:00	1	0	1	0	Ct	0	1	0	0	0	0	0	0	0	1	0	0	0	0	0	0	0	0	0	0	0	0	0	0	0	0	0	0	0	0	0	0	4	0
2300	19 May 26	18:20:00	1	0	1	0	Ct	0	1	0	0	0	19	1	0	0	0	0	0	0	0	0	0	0	0	0	0	0	0	0	0	0	0	0	0	0	0	0	0	0	0
2301	19 May 26	18:25:00	1	0	1	0	Ct	0	1	0	0	0	11	19	0	0	0	0	0	0	0	0	0	0	0	0	0	0	0	0	0	0	0	0	0	0	0	0	0	0	0
2302	19 May 26	18:30:00	1	0	1	0	Ct	0	1	0	0	0	18	12	0	0	0	0	0	0	0	0	0	0	0	0	0	0	0	0	0	0	2	0	0	0	0	0	0	3	0
2303	19 May 26	18:35:00	1	0	1	0	Ct	0	1	0	0	0	12	0	0	0	3	0	0	0	0	0	0	0	0	0	0	0	0	0	0	0	0	0	0	0	0	0	0	1	0
2304	19 May 26	18:40:00	1	0	1	0	Ct	0	1	0	0	0	43	0	0	0	0	6	0	0	0	0	0	0	0	0	0	0	0	0	0	0	3	2	0	0	0	0	0	1	0
2305	19 May 26	18:45:00	1	0	1	0	Ct	0	1	0	0	0	54	0	0	0	0	4	0	0	0	0	0	0	0	0	0	0	0	0	0	0	6	0	0	0	0	0	0	0	0
2306	19 May 26	18:50:00	1	0	1	0	Ct	0	1	0	0	0	0	0	0	0	0	14	0	0	0	0	0	0	0	0	0	0	0	0	0	0	2	6	0	0	0	0	0	3	0
2307	19 May 26	18:55:00	1	0	1	0	Ct	0	1	0	0	0	0	0	0	0	0	0	0	0	0	0	0	0	0	0	0	0	0	0	0	0	2	7	0	0	0	0	0	1	0
2308	19 May 26	19:00:00	1	0	1	0	Ct	0	1	0	0	0	0	14	0	0	0	0	0	0	10	0	0	0	0	0	0	0	0	0	0	0	0	0	0	0	0	0	0	8	0
2309	19 May 26	19:05:00	1	0	1	0	Ct	0	1	0	0	0	0	8	0	0	2	0	0	0	1	0	0	0	0	0	0	0	0	0	0	0	2	0	0	0	0	0	0	3	0
2310	19 May 26	19:10:00	1	0	1	0	Ct	0	1	0	0	0	0	1	0	0	5	0	0	0	0	0	0	0	0	0	0	0	0	0	0	0	2	0	0	0	0	0	0	2	0
2311	19 May 26	19:15:00	1	0	1	0	Ct	0	1	0	0	0	0	0	0	0	0	0	0	0	0	0	0	0	0	0	0	0	0	0	0	0	2	0	0	0	0	0	0	2	0
2312	19 May 26	19:20:00	1	0	1	0	Ct	0	1	0	0	0	0	0	0	0	0	0	0	0	0	0	0	0	0	0	0	0	0	0	0	0	5	0	0	0	0	0	0	3	0
2313	19 May 26	19:25:00	1	0	1	0	Ct	0	1	0	0	0	0	0	0	0	0	0	0	0	0	0	0	0	0	0	0	0	0	4	0	0	6	0	0	0	0	0	0	2	0
2314	19 May 26	19:30:00	1	0	1	0	Ct	0	1	0	0	0	0	0	0	0	11	4	0	0	2	0	0	0	0	0	0	0	0	1	0	0	3	0	0	0	0	0	0	3	0
2315	19 May 26	19:35:00	1	0	1	0	Ct	0	1	0	0	0	0	5	0	0	7	9	0	0	0	0	0	0	0	0	0	0	0	0	0	0	2	0	0	0	0	0	0	1	0
2316	19 May 26	19:40:00	1	0	1	0	Ct	0	1	0	0	0	0	6	0	0	4	25	0	0	0	0	0	0	0	0	0	0	7	0	0	0	3	0	0	0	0	0	0	2	0
2317	19 May 26	19:45:00	1	0	1	0	Ct	0	1	0	0	0	0	0	0	0	0	20	0	0	3	0	0	0	0	0	0	0	0	0	0	0	2	0	0	0	0	0	0	0	0
2318	19 May 26	19:50:00	1	0	1	0	Ct	0	1	0	0	0	0	5	0	0	0	8	0	0	0	0	0	0	0	0	0	0	0	0	0	0	0	0	0	0	0	0	0	4	0
2319	19 May 26	19:55:00	1	0	1	0	Ct	0	1	0	0	0	0	6	0	0	0	6	0	0	0	0	12	0	0	0	0	0	0	0	0	0	0	0	0	0	0	0	0	0	0
2320	19 May 26	20:00:00	1	0	1	0	Ct	0	1	0	0	0	0	5	0	0	0	14	0	0	0	0	15	0	0	0	0	0	1	0	0	0	0	0	0	0	0	0	0	0	0
2321	19 May 26	20:05:00	1	0	1	0	Ct	0	1	0	0	0	0	2	0	0	0	0	0	0	0	0	0	0	0	0	0	0	0	0	3	0	0	0	0	0	0	0	0	0	0
2322	19 May 26	20:10:00	1	0	1	0	Ct	0	1	0	0	0	0	41	0	0	5	2	0	0	0	0	15	0	0	0	0	0	0	15	30	0	4	0	0	0	0	0	0	3	0
2323	19 May 26	20:15:00	1	0	1	0	Ct	0	1	0	0	0	0	1	0	0	0	1	0	0	0	0	0	0	0	0	0	0	19	12	18	0	5	0	0	0	0	0	0	3	0
2324	19 May 26	20:20:00	1	0	1	0	Ct	0	1	0	0	0	0	0	0	0	0	0	0	0	0	0	12	0	0	0	0	0	0	2	25	0	5	0	0	0	0	0	0	0	0
2325	19 May 26	20:25:00	1	0	1	0	Ct	0	1	0	0	0	0	0	0	0	0	1	0	0	0	0	0	0	0	0	0	0	0	6	13	0	1	0	0	0	0	0	0	0	0
2326	19 May 26	20:30:00	1	0	1	0	Ct	0	1	0	0	0	0	0	0	0	1	6	0	0	0	0	0	0	0	0	0	0	0	0	8	0	2	0	0	0	0	0	0	1	0
2327	19 May 26	20:35:00	1	0	1	0	Ct	0	1	0	0	0	0	1	0	0	5	5	0	0	0	0	0	0	0	0	0	0	17	0	0	0	0	0	0	0	0	0	0	2	0
2328	19 May 26	20:40:00	1	0	1	0	Ct	0	1	0	0	0	0	4	0	0	3	3	0	0	0	0	0	0	0	0	0	0	0	0	0	0	0	0	0	0	0	0	0	3	0
2329	19 May 26	20:45:00	1	0	1	0	Ct	0	1	0	0	0	0	3	0	0	0	0	0	0	4	0	0	0	0	0	0	0	1	5	0	0	0	1	0	0	0	0	0	1	0
2330	19 May 26	20:50:00	1	0	1	0	Ct	0	1	0	0	0	0	1	0	0	0	0	0	0	0	0	0	0	0	0	0	0	7	4	0	0	4	3	0	0	0	0	0	2	0
2331	19 May 26	20:55:00	1	0	1	0	Ct	0	1	0	0	0	0	5	0	0	0	0	0	0	12	0	0	0	0	0	0	0	5	0	0	0	12	2	0	0	0	0	0	2	0
2332	19 May 26	21:00:00	1	0	1	0	Ct	0	1	0	0	0	0	0	0	0	0	0	0	0	4	0	0	0	0	0	0	0	0	0	0	0	3	0	0	0	0	0	0	0	0
2333	19 May 26	21:05:00	1	0	1	0	Ct	0	1	0	0	0	0	0	0	0	0	0	0	0	39	0	0	0	0	0	0	0	0	0	0	0	0	4	0	0	0	0	0	4	0
2334	19 May 26	21:10:00	1	0	1	0	Ct	0	1	0	0	0	0	0	0	0	0	1	0	0	21	0	0	0	0	0	0	0	0	0	0	0	0	0	0	0	0	0	0	0	0
2335	19 May 26	21:15:00	1	0	1	0	Ct	0	1	0	0	0	0	0	0	0	0	3	0	0	12	0	0	0	0	0	0	0	0	0	0	0	0	0	0	0	0	0	0	2	0
2336	19 May 26	21:20:00	1	0	1	0	Ct	0	1	0	0	0	0	0	0	0	0	0	0	0	7	0	0	0	0	0	0	0	10	0	0	0	3	0	0	0	0	0	0	1	0
2337	19 May 26	21:25:00	1	0	1	0	Ct	0	1	0	0	0	0	0	0	0	0	0	0	0	10	0	0	0	0	0	0	0	0	0	0	0	0	3	0	0	0	0	0	3	0
2338	19 May 26	21:30:00	1	0	1	0	Ct	0	1	0	0	0	0	0	0	0	0	0	0	0	15	0	0	0	0	0	0	0	0	0	0	0	0	2	0	0	0	3	0	0	0
2339	19 May 26	21:35:00	1	0	1	0	Ct	0	1	0	0	0	0	0	0	0	0	0	0	0	4	0	0	0	0	0	0	0	0	0	0	0	0	2	0	0	0	4	0	1	0
2340	19 May 26	21:40:00	1	0	1	0	Ct	0	1	0	0	0	0	0	0	0	0	0	0	0	9	0	0	0	0	0	0	0	0	0	0	0	0	2	0	0	0	4	0	2	0
2341	19 May 26	21:45:00	1	0	1	0	Ct	0	1	0	0	0	0	0	0	0	6	0	0	0	1	0	0	0	0	0	0	0	0	0	0	0	1	2	0	0	0	5	0	2	0
2342	19 May 26	21:50:00	1	0	1	0	Ct	0	1	0	0	0	0	0	0	0	0	0	0	0	30	0	0	0	0	0	0	0	0	0	0	0	4	0	0	0	0	4	0	5	0
2343	19 May 26	21:55:00	1	0	1	0	Ct	0	1	0	0	0	0	0	0	0	5	0	0	0	4	0	39	0	0	0	0	0	0	0	0	0	7	0	0	0	0	2	0	3	0
2344	19 May 26	22:00:00	1	0	1	0	Ct	0	1	0	0	0	8	0	0	0	4	0	0	0	3	0	0	0	0	0	0	2	0	0	0	0	4	0	0	0	0	2	0	2	0
2345	19 May 26	22:05:00	1	0	1	0	Ct	0	1	0	0	0	5	6	0	0	4	0	0	0	8	0	0	0	0	0	0	5	4	0	0	0	13	8	5	0	0	3	0	7	0
2346	19 May 26	22:10:00	1	0	1	0	Ct	0	0	0	0	0	4	9	10	0	6	0	0	0	7	0	0	0	0	0	0	0	0	0	0	0	12	4	0	0	0	5	0	10	0
2347	19 May 26	22:15:00	1	0	1	0	Ct	0	0	0	0	0	3	6	6	0	5	0	0	0	5	0	0	0	0	0	0	0	0	0	0	0	4	2	0	0	0	6	0	13	0
2348	19 May 26	22:20:00	1	0	1	0	Ct	0	0	0	0	0	9	6	0	0	3	0	0	0	9	0	0	0	0	0	0	0	0	0	0	0	2	2	0	0	0	2	0	5	0
2349	19 May 26	22:25:00	1	0	1	0	Ct	0	0	0	0	0	14	5	2	0	6	0	0	0	3	0	0	0	0	0	0	0	0	0	6	0	7	0	0	0	0	4	0	4	0
2350	19 May 26	22:30:00	1	0	1	0	Ct	0	0	0	0	0	4	5	4	0	3	0	0	0	6	0	0	0	0	0	0	0	0	3	40	0	1	0	0	0	0	9	0	3	0
2351	19 May 26	22:35:00	1	0	1	0	Ct	0	0	0	0	0	0	2	1	0	3	0	0	0	7	0	0	0	0	0	0	0	0	0	0	0	0	0	0	0	0	3	0	4	0
2352	19 May 26	22:40:00	1	0	1	0	Ct	0	0	0	0	0	11	5	10	0	3	0	0	0	3	0	58	0	0	0	0	0	0	0	0	0	0	5	0	0	0	2	0	1	0
2353	19 May 26	22:45:00	1	0	1	0	Ct	0	0	0	0	0	8	7	0	0	5	0	0	0	2	0	14	0	0	0	0	0	23	28	0	0	0	0	0	0	0	4	0	2	0
2354	19 May 26	22:50:00	1	0	1	0	Ct	0	0	0	0	0	0	6	0	0	3	0	0	0	5	0	14	0	0	0	0	0	6	15	0	0	0	5	0	0	0	7	0	5	0
2355	19 May 26	22:55:00	1	0	1	0	Ct	0	0	0	0	0	0	3	0	0	2	0	0	0	4	0	0	0	0	0	0	0	0	3	0	0	0	6	0	0	0	5	0	2	0
2356	19 May 26	23:00:00	1	0	1	0	Ct	0	0	0	0	0	0	5	0	0	3	0	0	0	3	0	0	0	0	0	0	0	0	1	4	0	0	0	0	0	0	9	0	1	0
2357	19 May 26	23:05:00	1	0	1	0	Ct	0	0	0	0	0	0	8	0	0	3	0	0	0	1	0	0	0	0	0	0	0	0	0	11	0	3	0	0	0	0	4	0	4	0
2358	19 May 26	23:10:00	1	0	1	0	Ct	0	0	0	0	0	0	7	0	0	3	1	0	0	2	0	0	0	0	0	0	0	0	0	21	0	5	0	0	0	0	8	0	7	0
2359	19 May 26	23:15:00	1	0	1	0	Ct	0	0	0	0	0	5	7	0	0	5	4	0	0	5	0	0	0	0	0	0	0	0	0	8	0	8	0	0	0	0	5	0	7	0
2360	19 May 26	23:20:00	1	0	1	0	Ct	0	0	0	0	0	9	11	0	0	0	0	0	0	2	0	0	0	0	0	0	0	0	0	16	0	9	6	0	0	0	5	0	0	0
2361	19 May 26	23:25:00	1	0	1	0	Ct	0	0	0	0	0	0	6	0	0	0	0	0	0	1	0	0	0	0	0	0	0	0	0	8	0	3	2	0	0	0	2	0	5	0
2362	19 May 26	23:30:00	1	0	1	0	Ct	0	0	0	0	0	0	3	0	0	20	0	0	0	0	0	0	0	0	0	0	0	0	0	0	0	6	0	0	0	0	0	0	4	0
2363	19 May 26	23:35:00	1	0	1	0	Ct	0	0	0	0	0	0	4	0	0	3	0	0	0	2	0	0	0	0	0	0	0	0	0	0	0	5	0	2	0	0	2	0	23	0
2364	19 May 26	23:40:00	1	0	1	0	Ct	0	0	0	0	0	0	1	0	0	1	0	0	0	2	0	0	0	0	0	0	0	0	3	0	0	6	2	0	0	0	0	0	10	0
2365	19 May 26	23:45:00	1	0	1	0	Ct	0	0	0	0	0	0	7	0	0	0	0	0	0	3	0	0	0	0	0	0	0	0	3	0	0	20	8	4	0	0	4	0	13	0
2366	19 May 26	23:50:00	1	0	1	0	Ct	0	0	0	0	0	0	9	0	0	3	0	0	0	6	0	0	0	0	0	0	0	0	0	0	0	11	3	1	0	0	0	0	2	0
2367	19 May 26	23:55:00	1	0	1	0	Ct	0	0	0	0	0	0	6	0	0	2	0	0	0	4	0	0	0	0	0	0	0	0	0	0	0	5	3	0	0	0	1	0	3	0
2368	20 May 26	00:00:00	1	0	1	0	Ct	0	0	0	0	0	0	3	0	0	0	0	0	0	6	0	0	0	0	0	0	0	0	0	0	0	4	1	0	0	0	3	0	3	0
2369	20 May 26	00:05:00	1	0	1	0	Ct	0	0	0	0	0	0	6	0	0	0	0	0	0	2	0	0	0	0	0	0	0	0	0	0	0	0	0	0	0	0	4	0	1	0
2370	20 May 26	00:10:00	1	0	1	0	Ct	0	0	0	0	0	0	4	0	0	8	0	0	0	3	0	0	0	0	0	0	0	0	0	0	0	3	2	0	0	0	7	0	0	0
2371	20 May 26	00:15:00	1	0	1	0	Ct	0	0	0	0	0	0	7	0	0	2	0	0	0	2	0	0	0	0	0	0	0	0	0	0	0	0	0	0	0	0	5	0	4	0
2372	20 May 26	00:20:00	1	0	1	0	Ct	0	0	0	0	0	0	6	0	0	3	0	0	0	3	0	0	0	0	0	0	0	0	0	0	0	3	0	0	0	0	6	0	5	0
2373	20 May 26	00:25:00	1	0	1	0	Ct	0	0	0	0	0	9	5	0	0	6	0	0	0	5	0	0	0	0	0	0	0	0	0	0	0	2	0	0	0	0	0	0	8	0
2374	20 May 26	00:30:00	1	0	1	0	Ct	0	0	0	0	0	0	2	0	0	2	0	0	0	8	0	0	0	0	0	0	0	0	0	0	0	3	0	0	0	0	0	0	64	0
2375	20 May 26	00:35:00	1	0	1	0	Ct	0	0	0	0	0	0	7	0	0	3	0	0	0	19	0	0	0	0	0	0	0	0	0	0	0	9	0	0	0	0	0	0	9	0
2376	20 May 26	00:40:00	1	0	1	0	Ct	0	0	0	0	0	0	9	0	0	6	0	0	0	2	0	0	0	0	0	0	0	0	0	0	0	10	0	0	0	0	0	0	5	0
2377	20 May 26	00:45:00	1	0	1	0	Ct	0	0	0	0	0	0	5	0	0	1	0	0	0	15	0	0	0	0	0	0	0	1	7	0	0	1	7	0	0	0	0	0	0	0
2378	20 May 26	00:50:00	1	0	1	0	Ct	0	0	0	0	0	0	6	0	0	0	0	0	0	14	0	0	0	0	0	0	0	9	7	0	0	0	0	0	0	0	4	0	2	0
2379	20 May 26	00:55:00	1	0	1	0	Ct	0	0	0	0	0	0	8	0	0	5	0	0	0	29	0	0	0	0	0	0	0	0	0	0	0	10	0	0	0	0	8	0	0	0
2380	20 May 26	01:00:00	1	0	1	0	Ct	0	0	0	0	0	13	3	0	0	2	0	0	0	1	0	0	0	0	0	0	0	0	0	0	0	0	0	0	0	0	2	0	3	0
2381	20 May 26	01:05:00	1	0	1	0	Ct	0	0	0	0	0	36	11	0	0	5	0	0	0	1	0	0	0	0	0	0	0	0	0	0	0	0	0	0	0	0	0	0	0	0
2382	20 May 26	01:10:00	1	0	1	0	Ct	0	0	0	0	0	8	4	0	0	3	0	0	0	2	0	0	0	0	0	0	0	0	0	0	0	0	0	0	0	0	0	0	0	0
2383	20 May 26	01:15:00	1	0	1	0	Ct	0	0	0	0	0	0	3	11	0	2	0	0	0	0	0	0	0	0	0	0	0	0	0	0	0	0	0	0	0	0	0	0	0	0
2384	20 May 26	01:20:00	1	0	1	0	Ct	0	0	0	0	0	0	0	0	0	7	0	0	0	0	0	0	0	0	0	0	0	0	0	9	0	0	0	0	0	0	0	0	0	0
2385	20 May 26	01:25:00	1	0	1	0	Ct	0	0	0	0	0	0	0	2	0	4	0	0	0	0	0	0	0	0	0	0	0	0	0	12	0	0	0	0	0	0	0	0	0	0
2386	20 May 26	01:30:00	1	0	1	0	Ct	0	0	0	0	0	0	0	2	0	3	0	0	0	0	0	0	0	0	0	0	0	0	0	0	0	0	0	0	0	0	0	0	0	0
2387	20 May 26	01:35:00	1	0	1	0	Ct	0	0	0	0	0	0	0	0	0	2	0	0	0	0	0	0	0	0	0	0	0	0	0	0	0	0	0	0	0	0	0	0	0	0
2388	20 May 26	01:40:00	1	0	1	0	Ct	0	0	0	0	0	0	0	0	0	4	0	0	0	0	0	0	0	0	0	0	0	0	0	6	0	0	0	0	0	0	0	0	0	0
2389	20 May 26	01:45:00	1	0	1	0	Ct	0	0	0	0	0	0	0	0	0	0	0	0	0	0	0	0	0	0	0	0	0	0	0	0	0	0	0	0	0	0	0	0	0	0
2390	20 May 26	01:50:00	1	0	1	0	Ct	0	0	0	0	0	0	0	0	0	0	0	0	0	0	0	0	0	0	0	0	0	0	0	0	0	0	0	0	0	0	0	0	0	0
2391	20 May 26	01:55:00	1	0	1	0	Ct	0	0	0	0	0	0	0	0	0	0	0	0	0	0	0	0	0	0	0	0	5	0	0	0	0	0	0	0	0	0	0	0	0	0
2392	20 May 26	02:00:00	1	0	1	0	Ct	0	0	0	0	0	0	0	0	0	0	0	0	0	0	0	0	0	0	0	0	0	0	0	0	0	0	0	0	0	0	0	0	0	0
2393	20 May 26	02:05:00	1	0	1	0	Ct	0	0	0	0	0	0	0	0	0	2	0	0	0	0	0	0	0	0	0	0	0	0	0	0	0	0	0	0	0	0	0	0	0	0
2394	20 May 26	02:10:00	1	0	1	0	Ct	0	0	0	0	0	0	0	0	0	0	0	0	0	0	0	0	0	0	0	0	0	0	0	0	0	0	0	0	0	0	2	0	0	0
2395	20 May 26	02:15:00	1	0	1	0	Ct	0	0	0	0	0	0	0	0	0	0	0	0	0	0	0	0	0	0	0	0	0	0	0	0	0	0	0	0	0	0	4	0	0	0
2396	20 May 26	02:20:00	1	0	1	0	Ct	0	0	0	0	0	0	0	0	0	0	0	0	0	0	0	0	0	0	0	0	3	0	0	7	0	0	0	0	0	0	0	0	0	0
2397	20 May 26	02:25:00	1	0	1	0	Ct	0	0	0	0	0	0	0	0	0	0	0	0	0	0	0	0	0	0	0	0	0	0	0	20	0	0	0	0	0	0	5	0	0	0
2398	20 May 26	02:30:00	1	0	1	0	Ct	0	0	0	0	0	0	0	0	0	0	0	0	0	0	0	0	0	0	0	0	0	0	0	0	0	0	0	0	0	0	0	0	0	0
2399	20 May 26	02:35:00	1	0	1	0	Ct	0	0	0	0	0	0	0	0	0	0	0	0	0	0	0	0	0	0	0	0	0	0	0	0	0	0	0	0	0	0	0	0	0	0
2400	20 May 26	02:40:00	1	0	1	0	Ct	0	0	0	0	0	0	0	0	0	2	0	0	0	0	0	0	0	0	0	0	0	0	0	0	0	0	0	0	0	0	5	0	0	0
2401	20 May 26	02:45:00	1	0	1	0	Ct	0	0	0	0	0	0	0	0	0	0	0	0	0	0	0	0	0	0	0	0	0	0	0	0	0	0	0	0	0	0	0	0	0	0
2402	20 May 26	02:50:00	1	0	1	0	Ct	0	0	0	0	0	0	0	0	0	0	0	0	0	0	0	0	0	0	0	0	0	23	0	15	0	0	0	0	0	0	0	0	0	0
2403	20 May 26	02:55:00	1	0	1	0	Ct	0	0	0	0	0	0	0	0	0	2	0	0	0	0	0	0	0	0	0	0	0	0	0	4	0	0	10	0	0	0	0	0	0	0
2404	20 May 26	03:00:00	1	0	1	0	Ct	0	0	0	0	0	0	0	0	0	0	0	0	0	0	0	0	0	0	0	0	0	8	0	4	0	0	5	0	0	0	0	0	0	0
2405	20 May 26	03:05:00	1	0	1	0	Ct	0	0	0	0	0	0	0	0	0	0	0	0	0	0	0	0	0	0	0	0	0	0	0	4	0	0	2	0	0	0	0	0	0	0
2406	20 May 26	03:10:00	1	0	1	0	Ct	0	0	0	0	0	0	0	0	0	0	0	0	0	0	0	0	0	0	0	0	0	4	0	4	0	0	0	0	0	0	0	0	0	0
2407	20 May 26	03:15:00	1	0	1	0	Ct	0	0	0	0	0	0	0	0	0	0	0	0	0	0	0	0	0	0	0	0	0	15	0	0	0	0	0	0	0	0	0	0	0	0
2408	20 May 26	03:20:00	1	0	1	0	Ct	0	0	0	0	0	0	0	0	0	0	0	0	0	0	0	0	0	0	0	0	0	38	0	0	0	0	0	0	0	0	0	0	0	0
2409	20 May 26	03:25:00	1	0	1	0	Ct	0	0	0	0	0	0	0	0	0	0	0	0	0	0	0	0	0	0	0	0	0	33	0	0	0	0	0	0	0	0	0	0	0	0
2410	20 May 26	03:30:00	1	0	1	0	Ct	0	0	0	0	0	0	0	0	0	0	0	0	0	0	0	0	0	0	0	0	0	7	0	0	0	0	0	0	0	0	3	0	0	0
2411	20 May 26	03:35:00	1	0	1	0	Ct	0	0	0	0	0	0	0	0	0	0	0	0	0	0	0	0	0	0	0	0	3	0	0	0	0	0	0	0	0	0	2	0	0	0
2412	20 May 26	03:40:00	1	0	1	0	Ct	0	0	0	0	0	0	0	0	0	0	0	0	0	0	0	0	0	0	0	0	0	0	0	0	0	0	0	0	0	0	4	0	0	0
2413	20 May 26	03:45:00	1	0	1	0	Ct	0	0	0	0	0	0	0	0	0	0	0	0	0	0	0	0	0	0	0	0	0	0	0	0	0	0	0	0	0	0	0	0	0	0
2414	20 May 26	03:50:00	1	0	1	0	Ct	0	0	0	0	0	0	0	0	0	0	0	0	0	0	0	0	0	0	0	0	0	0	0	0	0	0	0	0	0	0	0	0	0	0
2415	20 May 26	03:55:00	1	0	1	0	Ct	0	0	0	0	0	0	0	0	0	0	0	0	0	0	0	0	0	0	0	0	0	0	0	0	0	0	0	0	0	0	0	0	0	0
2416	20 May 26	04:00:00	1	0	1	0	Ct	0	0	0	0	0	0	0	0	0	0	0	0	0	0	0	0	0	0	0	0	0	0	0	0	0	0	0	0	0	0	0	0	0	0
2417	20 May 26	04:05:00	1	0	1	0	Ct	0	0	0	0	0	0	0	0	0	0	0	0	0	0	0	0	0	0	0	0	0	0	0	0	0	0	0	0	0	0	1	0	0	0
2418	20 May 26	04:10:00	1	0	1	0	Ct	0	0	0	0	0	0	0	0	0	0	0	0	0	0	0	0	0	0	0	0	0	0	0	0	0	0	4	0	0	0	1	0	0	0
2419	20 May 26	04:15:00	1	0	1	0	Ct	0	0	0	0	0	0	0	0	0	0	0	0	0	0	0	0	0	0	0	0	0	0	0	0	0	0	0	0	0	0	0	0	0	0
2420	20 May 26	04:20:00	1	0	1	0	Ct	0	0	0	0	0	0	0	0	0	0	0	0	0	0	0	0	0	0	0	0	0	0	0	0	0	0	0	2	0	0	0	0	0	0
2421	20 May 26	04:25:00	1	0	1	0	Ct	0	0	0	0	0	0	0	0	0	0	0	0	0	0	0	0	0	0	0	0	0	0	0	0	0	0	0	0	0	0	0	0	0	0
2422	20 May 26	04:30:00	1	0	1	0	Ct	0	0	0	0	0	0	0	7	0	0	0	0	0	0	0	0	0	0	0	0	0	0	0	0	0	0	3	0	0	0	2	0	0	0
2423	20 May 26	04:35:00	1	0	1	0	Ct	0	0	0	0	0	0	0	9	0	0	0	0	0	0	0	0	0	0	0	0	0	0	0	0	0	0	0	0	0	0	2	0	0	0
2424	20 May 26	04:40:00	1	0	1	0	Ct	0	0	0	0	0	0	0	7	0	0	0	0	0	1	0	0	0	0	0	0	0	0	0	0	0	0	0	0	0	0	0	0	0	0
2425	20 May 26	04:45:00	1	0	1	0	Ct	0	0	0	0	0	0	0	5	0	0	0	0	0	9	0	0	0	0	0	0	0	0	0	0	0	0	0	0	0	0	0	0	0	0
2426	20 May 26	04:50:00	1	0	1	0	Ct	0	0	0	0	0	0	0	0	0	0	0	0	0	4	0	0	0	0	0	0	0	0	0	0	0	0	0	0	0	0	0	0	0	0
2427	20 May 26	04:55:00	1	0	1	0	Ct	0	0	0	0	0	0	0	0	0	0	0	0	0	2	0	0	0	0	0	0	0	0	12	0	0	0	0	0	0	0	2	0	0	0
2428	20 May 26	05:00:00	1	0	1	0	Ct	0	0	0	0	0	0	0	0	0	0	0	0	0	2	0	0	0	0	0	0	3	0	0	0	0	0	0	0	0	0	0	0	0	0
2429	20 May 26	05:05:00	1	0	1	0	Ct	0	0	0	0	0	0	2	0	0	0	0	0	0	0	0	0	0	0	0	0	0	0	6	0	0	0	0	0	0	0	0	0	0	0
2430	20 May 26	05:10:00	1	0	1	0	Ct	0	0	0	0	0	0	0	0	0	0	0	0	0	10	0	0	0	0	0	0	0	0	0	0	0	0	0	0	0	0	0	0	0	0
2431	20 May 26	05:15:00	1	0	1	0	Ct	0	0	0	0	0	0	0	0	0	0	0	0	0	5	0	0	0	0	0	0	0	0	0	0	0	0	0	0	0	0	0	0	0	0
2432	20 May 26	05:20:00	1	0	1	0	Ct	0	0	0	0	0	0	0	0	0	0	0	0	0	0	0	0	0	0	0	0	0	0	0	0	0	0	0	0	0	0	0	0	0	0
2433	20 May 26	05:25:00	1	0	1	0	Ct	0	0	0	0	0	0	0	0	0	0	0	0	0	7	0	0	0	0	0	0	0	0	0	0	0	0	0	0	0	0	0	0	0	0
2434	20 May 26	05:30:00	1	0	1	0	Ct	0	0	0	0	0	0	0	0	0	0	0	0	0	4	0	0	0	0	0	0	0	0	0	0	0	0	0	0	0	0	0	0	0	0
2435	20 May 26	05:35:00	1	0	1	0	Ct	0	0	0	0	0	0	0	0	0	0	0	0	0	0	0	0	0	0	0	0	0	0	0	0	0	0	0	0	0	0	0	0	0	0
2436	20 May 26	05:40:00	1	0	1	0	Ct	0	0	0	0	0	0	0	0	0	0	0	0	0	0	0	0	0	0	0	0	0	0	0	0	0	0	0	0	0	0	0	0	0	0
2437	20 May 26	05:45:00	1	0	1	0	Ct	0	0	0	0	0	0	0	0	0	0	0	0	0	0	0	0	0	0	0	0	0	0	0	0	0	0	0	0	0	0	0	0	0	0
2438	20 May 26	05:50:00	1	0	1	0	Ct	0	0	0	0	0	0	0	0	0	0	0	0	0	0	0	0	0	0	0	0	0	0	0	0	0	0	0	0	0	0	0	0	0	0
2439	20 May 26	05:55:00	1	0	1	0	Ct	0	0	0	0	0	0	0	0	0	0	0	0	0	0	0	0	0	0	0	0	0	0	0	0	0	0	0	0	0	0	0	0	0	0
2440	20 May 26	06:00:00	1	0	1	0	Ct	0	0	0	0	0	0	0	0	0	0	0	0	0	0	0	0	0	0	0	0	0	0	0	0	0	0	0	0	0	0	0	0	0	0
2441	20 May 26	06:05:00	1	0	1	0	Ct	0	0	0	0	0	0	0	0	0	0	0	0	0	0	0	0	0	0	0	0	0	0	0	0	0	0	0	0	0	0	0	0	6	0
2442	20 May 26	06:10:00	1	0	1	0	Ct	0	0	0	0	0	0	0	0	0	0	0	0	0	0	0	0	0	0	0	0	0	0	0	0	0	0	0	3	0	0	0	0	7	0
2443	20 May 26	06:15:00	1	0	1	0	Ct	0	0	0	0	0	0	0	0	0	0	0	0	0	0	0	0	0	0	0	0	0	0	0	0	0	0	0	0	0	0	0	0	4	0
2444	20 May 26	06:20:00	1	0	1	0	Ct	0	0	0	0	0	0	0	0	0	0	0	0	0	0	0	0	0	0	0	0	0	0	0	0	0	0	0	0	0	0	0	0	0	0
2445	20 May 26	06:25:00	1	0	1	0	Ct	0	0	0	0	0	0	0	0	0	0	0	0	0	0	0	0	0	0	0	0	0	0	0	0	0	0	0	0	0	0	0	0	0	0
2446	20 May 26	06:30:00	1	0	1	0	Ct	0	0	0	0	0	0	0	0	0	0	0	0	0	0	0	0	0	0	0	0	0	0	0	0	0	0	0	0	0	0	0	0	0	0
2447	20 May 26	06:35:00	1	0	1	0	Ct	0	0	0	0	0	0	0	0	0	0	0	0	0	0	0	0	0	0	0	0	0	0	0	0	0	0	0	0	0	0	0	0	0	0
2448	20 May 26	06:40:00	1	0	1	0	Ct	0	0	0	0	0	0	0	0	0	0	0	0	0	0	0	0	0	0	0	0	0	0	0	0	0	0	0	0	0	0	0	0	0	0
2449	20 May 26	06:45:00	1	0	1	0	Ct	0	0	0	0	0	0	0	0	0	0	0	0	0	0	0	0	0	0	0	0	0	0	0	0	0	0	4	3	0	0	0	0	0	0
2450	20 May 26	06:50:00	1	0	1	0	Ct	0	0	0	0	0	0	0	0	0	0	0	0	0	0	0	0	0	0	0	0	3	0	0	0	0	0	0	0	0	0	0	0	5	0
2451	20 May 26	06:55:00	1	0	1	0	Ct	0	0	0	0	0	0	0	0	0	0	0	0	0	0	0	0	0	0	0	0	0	8	0	0	0	0	0	0	0	0	0	0	5	0
2452	20 May 26	07:00:00	1	0	1	0	Ct	0	0	0	0	0	0	0	0	0	0	0	0	0	0	0	0	0	0	0	0	3	0	0	0	0	0	2	2	0	0	0	0	3	0
2453	20 May 26	07:05:00	1	0	1	0	Ct	0	0	0	0	0	0	0	0	0	0	0	0	0	0	0	0	0	0	0	0	6	6	0	1	0	0	2	0	0	0	0	0	4	0
2454	20 May 26	07:10:00	1	0	1	0	Ct	0	0	0	0	0	0	0	0	0	0	0	0	0	0	0	0	0	0	0	0	0	0	0	0	0	0	0	0	0	0	0	0	0	0
2455	20 May 26	07:15:00	1	0	1	0	Ct	0	0	0	0	0	0	0	0	0	0	0	0	0	0	0	0	0	0	0	0	10	0	0	0	0	0	0	0	0	0	0	0	0	0
2456	20 May 26	07:20:00	1	0	1	0	Ct	0	0	0	0	0	0	0	0	0	0	0	0	0	0	0	0	0	0	0	0	0	0	0	0	0	0	0	0	0	0	0	0	0	0
2457	20 May 26	07:25:00	1	0	1	0	Ct	0	0	0	0	0	0	7	0	0	0	0	0	0	0	0	0	0	0	0	0	0	0	0	0	0	0	0	0	0	0	0	0	0	0
2458	20 May 26	07:30:00	1	0	1	0	Ct	0	0	0	0	0	0	0	0	0	0	0	0	0	0	0	0	0	0	0	0	0	0	0	0	0	0	0	4	0	0	4	0	0	0
2459	20 May 26	07:35:00	1	0	1	0	Ct	0	0	0	0	0	0	0	0	0	0	0	0	0	0	0	0	0	0	0	0	0	0	0	7	0	0	0	2	0	0	1	0	0	0
2460	20 May 26	07:40:00	1	0	1	0	Ct	0	0	0	0	0	0	0	0	0	0	0	0	0	0	0	0	0	0	0	0	0	0	0	0	0	0	0	2	0	0	8	0	0	0
2461	20 May 26	07:45:00	1	0	1	0	Ct	0	0	0	0	0	0	0	0	0	0	0	0	0	0	0	0	0	0	0	0	0	0	0	0	0	0	0	0	0	0	8	0	0	0
2462	20 May 26	07:50:00	1	0	1	0	Ct	0	0	0	0	0	7	0	0	0	0	0	0	0	0	0	0	0	0	0	0	0	0	0	0	0	0	0	0	0	0	6	0	3	0
2463	20 May 26	07:55:00	1	0	1	0	Ct	0	0	0	0	0	0	0	0	0	0	0	0	0	0	0	0	0	0	0	0	0	0	0	0	0	0	0	0	0	0	0	0	0	0
2464	20 May 26	08:00:00	1	0	1	0	Ct	0	0	0	0	0	0	0	0	0	0	0	0	0	0	0	0	0	0	0	0	0	0	0	0	0	0	0	4	0	0	0	0	3	0
2465	20 May 26	08:05:00	1	0	1	0	Ct	0	0	0	0	0	0	6	0	0	0	0	0	0	0	0	0	0	0	0	0	0	0	0	0	0	0	0	0	0	0	0	0	0	0
2466	20 May 26	08:10:00	1	0	1	0	Ct	0	0	0	0	0	0	2	0	0	0	0	0	0	0	0	0	0	0	0	0	0	0	5	0	0	0	0	2	0	0	0	0	5	0
2467	20 May 26	08:15:00	1	0	1	0	Ct	0	0	0	0	0	0	6	0	0	0	0	0	0	0	0	0	0	0	0	0	0	6	0	0	0	0	0	0	0	0	0	0	2	0
2468	20 May 26	08:20:00	1	0	1	0	Ct	0	0	0	0	0	0	3	0	0	0	0	0	0	0	0	0	0	0	0	0	0	0	0	0	0	0	0	0	0	0	0	0	0	0
2469	20 May 26	08:25:00	1	0	1	0	Ct	0	0	0	0	0	0	6	0	0	0	0	0	0	0	0	0	0	0	0	0	0	0	7	0	0	0	0	6	0	0	0	0	2	0
2470	20 May 26	08:30:00	1	0	1	0	Ct	0	0	0	0	0	0	3	0	0	0	0	0	0	0	0	0	0	0	0	0	0	0	0	0	0	0	0	2	0	0	6	0	23	0
2471	20 May 26	08:35:00	1	0	1	0	Ct	0	0	0	0	0	0	6	0	0	9	0	0	0	0	0	0	0	0	0	0	0	0	0	0	0	0	0	4	0	0	7	0	0	0
2472	20 May 26	08:40:00	1	0	1	0	Ct	0	0	0	0	0	0	0	0	0	0	0	0	0	0	0	0	0	0	0	0	0	0	28	0	0	0	2	0	0	0	3	0	0	0
2473	20 May 26	08:45:00	1	0	1	0	Ct	0	0	0	0	0	0	0	5	0	0	0	0	0	0	0	0	0	0	0	0	0	0	18	0	0	0	0	2	0	0	0	0	11	0
2474	20 May 26	08:50:00	1	0	1	0	Ct	0	0	0	0	0	0	0	8	0	0	0	0	0	0	0	0	0	0	0	0	0	0	0	0	0	0	0	2	0	0	0	0	0	0
2475	20 May 26	08:55:00	1	0	1	0	Ct	0	0	0	0	0	0	0	0	0	0	0	0	0	0	0	0	0	0	0	0	0	0	0	0	0	0	0	0	0	0	0	0	0	0
2476	20 May 26	09:00:00	1	0	1	0	Ct	0	0	0	0	0	0	0	0	0	0	0	0	0	0	0	0	0	0	0	0	0	0	0	0	0	0	6	0	0	0	0	0	0	0
2477	20 May 26	09:05:00	1	0	1	0	Ct	0	0	0	0	0	0	0	0	0	0	0	0	0	0	0	0	0	0	0	0	0	0	0	0	0	0	0	2	0	0	0	0	0	0
2478	20 May 26	09:10:00	1	0	1	0	Ct	0	0	0	0	0	0	0	0	0	0	0	0	0	0	0	0	0	0	0	0	0	0	0	0	0	0	5	4	0	0	0	0	2	0
2479	20 May 26	09:15:00	1	0	1	0	Ct	0	0	0	0	0	0	4	0	0	0	0	0	0	0	0	0	0	0	0	0	0	0	0	0	0	0	4	29	0	0	2	0	0	0
