term,ENTREZID
dme00010,45880
dme00010,36649
dme00010,38697
dme00010,37130
dme00010,32345
dme00010,45398
dme00010,40409
dme00010,43437
dme00010,35728
dme00010,39945
dme00010,36510
dme00010,33476
dme00010,43447
dme00010,46246
dme00010,33351
dme00010,37131
dme00010,59175
dme00010,43582
dme00010,40946
dme00010,33475
dme00010,45875
dme00010,43244
dme00010,33461
dme00010,35265
dme00010,40406
dme00010,261603
dme00010,43191
dme00010,117364
dme00010,3771877
dme00010,34256
dme00010,36060
dme00010,39841
dme00010,31544
dme00010,39817
dme00010,34586
dme00010,44010
dme00010,34021
dme00010,43189
dme00010,43183
dme00010,41311
dme00010,39555
dme00010,31406
dme00010,31407
dme00010,42626
dme00010,42621
dme00010,42620
dme00010,41787
dme00010,39988
dme00010,35923
dme00010,44008
dme00010,35886
dme00010,32545
dme00010,34779
dme00010,36904
dme00010,40348
dme00010,40097
dme00010,33459
dme00020,42808
dme00020,44001
dme00020,38447
dme00020,39469
dme00020,39470
dme00020,37130
dme00020,39899
dme00020,43437
dme00020,41067
dme00020,32940
dme00020,41468
dme00020,36020
dme00020,37228
dme00020,37131
dme00020,318995
dme00020,317829
dme00020,35590
dme00020,317974
dme00020,37900
dme00020,31579
dme00020,31605
dme00020,31606
dme00020,41326
dme00020,42689
dme00020,43102
dme00020,41360
dme00020,34021
dme00020,34414
dme00020,39348
dme00020,39281
dme00020,42326
dme00020,41269
dme00020,42586
dme00020,41324
dme00020,41340
dme00020,31406
dme00020,31407
dme00020,44291
dme00020,32887
dme00020,39988
dme00020,42185
dme00020,36760
dme00020,44149
dme00030,36649
dme00030,40875
dme00030,32974
dme00030,31007
dme00030,34650
dme00030,32013
dme00030,37804
dme00030,246599
dme00030,35692
dme00030,35265
dme00030,31185
dme00030,36060
dme00030,40012
dme00030,44010
dme00030,43189
dme00030,43183
dme00030,39132
dme00030,40445
dme00030,41027
dme00030,35923
dme00030,35886
dme00030,36358
dme00030,33431
dme00040,38760
dme00040,36624
dme00040,35105
dme00040,39424
dme00040,38463
dme00040,35307
dme00040,33993
dme00040,38473
dme00040,38462
dme00040,53513
dme00040,53512
dme00040,35015
dme00040,37197
dme00040,37421
dme00040,53501
dme00040,53504
dme00040,35139
dme00040,35138
dme00040,35137
dme00040,53511
dme00040,40836
dme00040,43746
dme00040,40946
dme00040,44058
dme00040,35692
dme00040,43708
dme00040,42047
dme00040,33420
dme00040,33421
dme00040,40079
dme00040,19988923
dme00040,37420
dme00040,39065
dme00040,37590
dme00040,41313
dme00040,53503
dme00040,41573
dme00040,41574
dme00040,39305
dme00040,39304
dme00040,42538
dme00040,53507
dme00040,41334
dme00040,53506
dme00040,53502
dme00040,32880
dme00040,53583
dme00040,38124
dme00040,35586
dme00040,53584
dme00040,32592
dme00051,39424
dme00051,39436
dme00051,38463
dme00051,40599
dme00051,39279
dme00051,38462
dme00051,40836
dme00051,43582
dme00051,45875
dme00051,35265
dme00051,43191
dme00051,117364
dme00051,32938
dme00051,37638
dme00051,36060
dme00051,19988923
dme00051,41313
dme00051,43189
dme00051,43183
dme00051,39305
dme00051,39304
dme00051,40204
dme00051,40203
dme00051,39280
dme00051,44008
dme00051,36730
dme00051,41192
dme00051,33716
dme00051,35586
dme00052,36649
dme00052,38697
dme00052,39424
dme00052,38463
dme00052,32345
dme00052,35829
dme00052,38076
dme00052,38462
dme00052,34597
dme00052,34598
dme00052,33476
dme00052,45875
dme00052,41457
dme00052,40406
dme00052,261603
dme00052,43191
dme00052,117364
dme00052,36060
dme00052,19988923
dme00052,39065
dme00052,34586
dme00052,44010
dme00052,39305
dme00052,39304
dme00052,42220
dme00052,35923
dme00052,44008
dme00052,35830
dme00052,35827
dme00052,35825
dme00052,35826
dme00052,35824
dme00052,33839
dme00052,33935
dme00052,35586
dme00053,38760
dme00053,35105
dme00053,35307
dme00053,33993
dme00053,53513
dme00053,53512
dme00053,37197
dme00053,37421
dme00053,53501
dme00053,53504
dme00053,35139
dme00053,35138
dme00053,35137
dme00053,53511
dme00053,43746
dme00053,40946
dme00053,44058
dme00053,43708
dme00053,43244
dme00053,34256
dme00053,40079
dme00053,37420
dme00053,37590
dme00053,53503
dme00053,41573
dme00053,41574
dme00053,42538
dme00053,53507
dme00053,41334
dme00053,53506
dme00053,53502
dme00053,39391
dme00053,53583
dme00053,53584
dme00053,40097
dme00061,35761
dme00061,40692
dme00061,36540
dme00061,3355111
dme00061,31668
dme00061,33524
dme00061,117361
dme00061,31289
dme00061,40056
dme00061,34822
dme00061,44117
dme00061,39910
dme00061,46068
dme00062,38457
dme00062,39245
dme00062,31805
dme00062,31703
dme00062,36540
dme00062,40943
dme00062,40567
dme00062,326148
dme00062,317841
dme00062,39860
dme00062,34276
dme00062,37784
dme00062,34313
dme00062,34564
dme00062,36536
dme00062,34614
dme00062,34762
dme00071,31695
dme00071,38864
dme00071,36109
dme00071,38100
dme00071,35213
dme00071,59175
dme00071,38355
dme00071,43244
dme00071,3771877
dme00071,34256
dme00071,40059
dme00071,40056
dme00071,34276
dme00071,34822
dme00071,44117
dme00071,37784
dme00071,31641
dme00071,34317
dme00071,34316
dme00071,34315
dme00071,34313
dme00071,42364
dme00071,39817
dme00071,41480
dme00071,37028
dme00071,36536
dme00071,41311
dme00071,37217
dme00071,46068
dme00071,38147
dme00071,33898
dme00071,33911
dme00071,40097
dme00071,37445
dme00071,37446
dme00100,37877
dme00100,37482
dme00100,34451
dme00100,34450
dme00100,41033
dme00100,41643
dme00130,40263
dme00130,38194
dme00130,44007
dme00130,32381
dme00130,32272
dme00130,261607
dme00130,3346188
dme00130,33777
dme00130,32426
dme00130,35383
dme00130,40988
dme00190,42808
dme00190,37466
dme00190,35491
dme00190,35279
dme00190,40748
dme00190,40679
dme00190,33918
dme00190,33919
dme00190,43829
dme00190,36998
dme00190,33179
dme00190,38503
dme00190,43073
dme00190,38378
dme00190,32936
dme00190,33528
dme00190,45668
dme00190,34587
dme00190,38521
dme00190,36640
dme00190,36328
dme00190,34925
dme00190,34995
dme00190,46040
dme00190,40066
dme00190,32989
dme00190,36991
dme00190,43457
dme00190,41432
dme00190,42041
dme00190,50178
dme00190,32249
dme00190,43442
dme00190,37228
dme00190,37728
dme00190,34997
dme00190,41550
dme00190,43693
dme00190,43369
dme00190,34996
dme00190,40995
dme00190,42216
dme00190,31697
dme00190,43798
dme00190,43477
dme00190,50246
dme00190,31762
dme00190,31342
dme00190,31950
dme00190,246451
dme00190,246543
dme00190,246560
dme00190,326144
dme00190,44307
dme00190,318868
dme00190,33776
dme00190,31604
dme00190,39282
dme00190,317846
dme00190,33443
dme00190,317928
dme00190,35590
dme00190,41745
dme00190,19893529
dme00190,19893533
dme00190,19893535
dme00190,19893538
dme00190,19893539
dme00190,19893540
dme00190,19893542
dme00190,19893549
dme00190,19893551
dme00190,19893552
dme00190,19893555
dme00190,19893556
dme00190,19893558
dme00190,5740593
dme00190,31578
dme00190,32586
dme00190,37617
dme00190,31190
dme00190,37946
dme00190,45012
dme00190,37809
dme00190,44207
dme00190,3355155
dme00190,8673970
dme00190,5740185
dme00190,39846
dme00190,41845
dme00190,12797919
dme00190,42759
dme00190,19835750
dme00190,42739
dme00190,37922
dme00190,37931
dme00190,38612
dme00190,34394
dme00190,34695
dme00190,39761
dme00190,32434
dme00190,32740
dme00190,39348
dme00190,42282
dme00190,40272
dme00190,42291
dme00190,46069
dme00190,42341
dme00190,42591
dme00190,39214
dme00190,39926
dme00190,41324
dme00190,41340
dme00190,34482
dme00190,40477
dme00190,45247
dme00190,41806
dme00190,40390
dme00190,34054
dme00190,32887
dme00190,44390
dme00190,39950
dme00190,43507
dme00190,40389
dme00190,42214
dme00190,36159
dme00190,35944
dme00190,36826
dme00190,36695
dme00190,44702
dme00190,39143
dme00190,36731
dme00190,31235
dme00190,33744
dme00190,45401
dme00190,44228
dme00190,36900
dme00190,44046
dme00190,32439
dme00190,33852
dme00190,38154
dme00190,32565
dme00190,34747
dme00190,37385
dme00190,50002
dme00190,46260
dme00220,40812
dme00220,32292
dme00220,42730
dme00220,42729
dme00220,32087
dme00220,46717
dme00220,32640
dme00220,33172
dme00220,33373
dme00220,36396
dme00220,42756
dme00220,42832
dme00220,41274
dme00220,34495
dme00220,42728
dme00220,42731
dme00220,42732
dme00220,36782
dme00220,3771738
dme00230,38753
dme00230,36627
dme00230,36649
dme00230,40333
dme00230,40326
dme00230,42973
dme00230,39479
dme00230,39213
dme00230,36121
dme00230,43456
dme00230,43682
dme00230,42001
dme00230,42002
dme00230,35419
dme00230,43661
dme00230,38315
dme00230,39396
dme00230,53427
dme00230,53432
dme00230,53426
dme00230,42466
dme00230,43873
dme00230,37756
dme00230,40528
dme00230,48224
dme00230,44750
dme00230,41897
dme00230,41895
dme00230,41894
dme00230,43493
dme00230,43739
dme00230,40935
dme00230,246393
dme00230,36969
dme00230,246458
dme00230,33495
dme00230,41927
dme00230,37834
dme00230,33986
dme00230,318908
dme00230,37376
dme00230,64879
dme00230,38285
dme00230,317967
dme00230,31309
dme00230,32822
dme00230,32352
dme00230,34553
dme00230,35107
dme00230,5740349
dme00230,31194
dme00230,42051
dme00230,41476
dme00230,32228
dme00230,39854
dme00230,41825
dme00230,32233
dme00230,8674026
dme00230,40153
dme00230,34594
dme00230,37741
dme00230,36968
dme00230,44010
dme00230,41373
dme00230,32396
dme00230,34392
dme00230,42273
dme00230,38284
dme00230,34689
dme00230,39976
dme00230,39975
dme00230,41896
dme00230,32816
dme00230,41318
dme00230,39132
dme00230,34060
dme00230,41605
dme00230,40180
dme00230,35923
dme00230,41760
dme00230,41174
dme00230,40167
dme00230,36379
dme00230,33718
dme00230,36280
dme00230,33847
dme00230,32485
dme00230,45830
dme00230,34196
dme00230,41680
dme00230,32406
dme00230,41679
dme00232,41897
dme00232,41895
dme00232,41894
dme00232,41896
dme00232,34060
dme00232,41605
dme00240,36121
dme00240,40675
dme00240,43661
dme00240,33510
dme00240,32640
dme00240,31858
dme00240,43739
dme00240,33233
dme00240,36969
dme00240,246458
dme00240,40916
dme00240,33495
dme00240,318908
dme00240,33499
dme00240,32822
dme00240,37875
dme00240,42493
dme00240,37644
dme00240,39645
dme00240,34529
dme00240,36953
dme00240,36968
dme00240,41373
dme00240,32396
dme00240,34392
dme00240,42273
dme00240,37062
dme00240,43165
dme00240,43240
dme00240,42894
dme00240,40222
dme00240,34124
dme00240,34123
dme00240,34122
dme00240,41174
dme00240,36280
dme00240,41022
dme00250,38753
dme00250,40492
dme00250,36128
dme00250,3354921
dme00250,40812
dme00250,43373
dme00250,38484
dme00250,32292
dme00250,42466
dme00250,32087
dme00250,32640
dme00250,33172
dme00250,40935
dme00250,2768965
dme00250,42051
dme00250,31587
dme00250,33373
dme00250,36396
dme00250,42756
dme00250,43092
dme00250,42832
dme00250,39556
dme00250,40434
dme00250,40188
dme00250,32488
dme00250,41121
dme00250,36782
dme00250,3771738
dme00250,39878
dme00260,42783
dme00260,39333
dme00260,33955
dme00260,40492
dme00260,46391
dme00260,40708
dme00260,42892
dme00260,43447
dme00260,33081
dme00260,46246
dme00260,31524
dme00260,37815
dme00260,39085
dme00260,31587
dme00260,41253
dme00260,37143
dme00260,40268
dme00260,41561
dme00260,34554
dme00260,37026
dme00260,34474
dme00260,42626
dme00260,39988
dme00260,40349
dme00260,41117
dme00260,40097
dme00260,33431
dme00270,45880
dme00270,35152
dme00270,35153
dme00270,39469
dme00270,39470
dme00270,32334
dme00270,40492
dme00270,43713
dme00270,32471
dme00270,46391
dme00270,40630
dme00270,41570
dme00270,36510
dme00270,32381
dme00270,32297
dme00270,33081
dme00270,53581
dme00270,48552
dme00270,318597
dme00270,326189
dme00270,33373
dme00270,39403
dme00270,36955
dme00270,248194
dme00270,34396
dme00270,37143
dme00270,34414
dme00270,37139
dme00270,41561
dme00270,34554
dme00270,32775
dme00270,41433
dme00270,42185
dme00270,41167
dme00270,36782
dme00270,42043
dme00270,38342
dme00280,33978
dme00280,31695
dme00280,40492
dme00280,38261
dme00280,38864
dme00280,37166
dme00280,32297
dme00280,3355069
dme00280,30995
dme00280,31668
dme00280,43750
dme00280,43244
dme00280,59261
dme00280,34256
dme00280,40059
dme00280,44154
dme00280,34276
dme00280,37784
dme00280,34313
dme00280,42364
dme00280,41480
dme00280,41869
dme00280,32441
dme00280,36536
dme00280,38979
dme00280,32789
dme00280,39988
dme00280,40188
dme00280,41149
dme00280,36392
dme00280,38147
dme00280,40097
dme00290,32297
dme00290,41117
dme00310,36481
dme00310,31695
dme00310,35309
dme00310,37962
dme00310,31015
dme00310,44554
dme00310,43689
dme00310,32301
dme00310,30971
dme00310,43244
dme00310,35118
dme00310,35135
dme00310,319025
dme00310,41743
dme00310,34256
dme00310,31149
dme00310,3354971
dme00310,40793
dme00310,42421
dme00310,41483
dme00310,34276
dme00310,41303
dme00310,43351
dme00310,41360
dme00310,32399
dme00310,39265
dme00310,39203
dme00310,36536
dme00310,34064
dme00310,39988
dme00310,41737
dme00310,40133
dme00310,38147
dme00310,33911
dme00310,40097
dme00330,33955
dme00330,43416
dme00330,42892
dme00330,33117
dme00330,43623
dme00330,43627
dme00330,50001
dme00330,35507
dme00330,46717
dme00330,40026
dme00330,36515
dme00330,3771984
dme00330,326111
dme00330,326112
dme00330,43640
dme00330,326113
dme00330,326114
dme00330,43638
dme00330,43620
dme00330,43244
dme00330,318781
dme00330,39041
dme00330,326188
dme00330,40028
dme00330,317911
dme00330,326209
dme00330,5740402
dme00330,34256
dme00330,40023
dme00330,33373
dme00330,39403
dme00330,36844
dme00330,41922
dme00330,36847
dme00330,34396
dme00330,39040
dme00330,42106
dme00330,42284
dme00330,38986
dme00330,39556
dme00330,34495
dme00330,40434
dme00330,40443
dme00330,41167
dme00330,36782
dme00330,35767
dme00330,35766
dme00330,40145
dme00330,40097
dme00330,43629
dme00330,43628
dme00330,43624
dme00330,43625
dme00340,45398
dme00340,31158
dme00340,42892
dme00340,35507
dme00340,43244
dme00340,36076
dme00340,34256
dme00340,40097
dme00350,38746
dme00350,35188
dme00350,35190
dme00350,45398
dme00350,40263
dme00350,42892
dme00350,32381
dme00350,45577
dme00350,31718
dme00350,41595
dme00350,59175
dme00350,246620
dme00350,3771877
dme00350,33373
dme00350,37044
dme00350,44513
dme00350,34552
dme00350,39817
dme00350,42505
dme00350,41311
dme00350,41596
dme00350,35910
dme00350,36782
dme00350,41132
dme00350,41133
dme00360,35190
dme00360,45398
dme00360,40263
dme00360,42892
dme00360,32381
dme00360,33373
dme00360,38871
dme00360,36782
dme00380,35190
dme00380,31695
dme00380,42892
dme00380,43689
dme00380,35724
dme00380,32026
dme00380,43244
dme00380,37867
dme00380,34256
dme00380,34276
dme00380,41360
dme00380,36536
dme00380,40048
dme00380,41433
dme00380,39988
dme00380,38121
dme00380,38147
dme00380,34198
dme00380,33907
dme00380,33911
dme00380,40097
dme00400,32381
dme00400,33373
dme00400,38871
dme00400,36782
dme00410,45398
dme00410,40675
dme00410,38484
dme00410,37166
dme00410,35507
dme00410,35213
dme00410,30995
dme00410,31858
dme00410,40916
dme00410,43244
dme00410,34256
dme00410,34276
dme00410,31641
dme00410,42364
dme00410,41480
dme00410,37028
dme00410,41869
dme00410,40241
dme00410,36536
dme00410,40188
dme00410,34791
dme00410,33898
dme00410,40097
dme00410,37445
dme00410,37446
dme00430,32164
dme00430,38484
dme00430,5740847
dme00430,32672
dme00430,37139
dme00430,40241
dme00430,32839
dme00430,38901
dme00430,34791
dme00440,117353
dme00440,38180
dme00440,326259
dme00440,34716
dme00440,36496
dme00440,34063
dme00450,40475
dme00450,3772080
dme00450,40681
dme00450,37177
dme00450,31760
dme00450,41733
dme00450,34397
dme00450,37143
dme00450,41433
dme00450,40167
dme00450,36587
dme00470,33955
dme00470,36128
dme00470,36396
dme00480,41503
dme00480,41502
dme00480,42801
dme00480,48337
dme00480,35928
dme00480,43463
dme00480,53473
dme00480,38413
dme00480,48338
dme00480,32974
dme00480,36524
dme00480,43444
dme00480,32164
dme00480,37194
dme00480,32299
dme00480,37960
dme00480,33047
dme00480,44110
dme00480,37105
dme00480,37107
dme00480,37108
dme00480,37109
dme00480,37110
dme00480,37111
dme00480,37112
dme00480,37113
dme00480,246581
dme00480,5740847
dme00480,41512
dme00480,36515
dme00480,59240
dme00480,31995
dme00480,53581
dme00480,32216
dme00480,35995
dme00480,246386
dme00480,33493
dme00480,42557
dme00480,326133
dme00480,326140
dme00480,326187
dme00480,326188
dme00480,317908
dme00480,326209
dme00480,32438
dme00480,318913
dme00480,40858
dme00480,37695
dme00480,31185
dme00480,48335
dme00480,39403
dme00480,40017
dme00480,48340
dme00480,48336
dme00480,48341
dme00480,48339
dme00480,36844
dme00480,36467
dme00480,36847
dme00480,37569
dme00480,32672
dme00480,248194
dme00480,37106
dme00480,37128
dme00480,34392
dme00480,38986
dme00480,32839
dme00480,38975
dme00480,38974
dme00480,38972
dme00480,38973
dme00480,32775
dme00480,40445
dme00480,44291
dme00480,41167
dme00480,35767
dme00480,35766
dme00480,36927
dme00480,36280
dme00480,48450
dme00480,31994
dme00500,36649
dme00500,35829
dme00500,34597
dme00500,34598
dme00500,33476
dme00500,36932
dme00500,47764
dme00500,45875
dme00500,43191
dme00500,117364
dme00500,326264
dme00500,33642
dme00500,39065
dme00500,37419
dme00500,44010
dme00500,34016
dme00500,34017
dme00500,41823
dme00500,33386
dme00500,42220
dme00500,35923
dme00500,44008
dme00500,36863
dme00500,35886
dme00500,35830
dme00500,35827
dme00500,35825
dme00500,35826
dme00500,35824
dme00500,45368
dme00500,37435
dme00510,35240
dme00510,40402
dme00510,43031
dme00510,43436
dme00510,38374
dme00510,34159
dme00510,37323
dme00510,49953
dme00510,43443
dme00510,33082
dme00510,32073
dme00510,39609
dme00510,42146
dme00510,41126
dme00510,32122
dme00510,318624
dme00510,318747
dme00510,318981
dme00510,326193
dme00510,2768916
dme00510,3772288
dme00510,3885575
dme00510,37754
dme00510,31957
dme00510,8674033
dme00510,31623
dme00510,34409
dme00510,34711
dme00510,32479
dme00510,37029
dme00510,43005
dme00510,34137
dme00510,34136
dme00510,34134
dme00510,43563
dme00510,36856
dme00510,41191
dme00510,31849
dme00510,39608
dme00510,33554
dme00510,39882
dme00511,37211
dme00511,40524
dme00511,38528
dme00511,31808
dme00511,35989
dme00511,42796
dme00511,41457
dme00511,318721
dme00511,34835
dme00511,37490
dme00511,41913
dme00511,34436
dme00511,32726
dme00511,3772574
dme00511,34437
dme00511,42178
dme00511,250735
dme00511,33839
dme00511,34203
dme00511,34204
dme00511,34205
dme00511,34206
dme00512,43394
dme00512,38346
dme00512,33481
dme00512,33485
dme00512,246627
dme00512,33479
dme00512,326151
dme00512,33568
dme00512,261610
dme00512,33556
dme00512,38106
dme00512,3885645
dme00512,5740612
dme00512,5740876
dme00512,35627
dme00512,32836
dme00512,39715
dme00512,39713
dme00512,32896
dme00512,48775
dme00512,39714
dme00512,36717
dme00512,35792
dme00512,34215
dme00513,40402
dme00513,43031
dme00513,43436
dme00513,38374
dme00513,38528
dme00513,34159
dme00513,37323
dme00513,43443
dme00513,33082
dme00513,39609
dme00513,31808
dme00513,42146
dme00513,41126
dme00513,32122
dme00513,318624
dme00513,318747
dme00513,2768916
dme00513,3772288
dme00513,3355171
dme00513,37754
dme00513,31957
dme00513,32479
dme00513,37029
dme00513,39653
dme00513,43005
dme00513,34137
dme00513,43563
dme00513,42178
dme00513,41191
dme00513,250735
dme00513,31849
dme00513,39608
dme00513,33554
dme00513,39882
dme00514,43394
dme00514,35486
dme00514,40314
dme00514,37833
dme00514,31024
dme00514,36564
dme00514,31098
dme00514,38346
dme00514,33481
dme00514,33485
dme00514,246627
dme00514,42698
dme00514,326122
dme00514,33479
dme00514,326151
dme00514,33568
dme00514,319025
dme00514,261610
dme00514,33556
dme00514,38106
dme00514,3885645
dme00514,5740612
dme00514,5740876
dme00514,34260
dme00514,35627
dme00514,39297
dme00514,39262
dme00514,32836
dme00514,39715
dme00514,39713
dme00514,32896
dme00514,48775
dme00514,39714
dme00514,36717
dme00514,35792
dme00514,33844
dme00514,34215
dme00514,33424
dme00514,43008
dme00515,31024
dme00515,37375
dme00515,37861
dme00515,39297
dme00520,38760
dme00520,36649
dme00520,37392
dme00520,39434
dme00520,39436
dme00520,40599
dme00520,38076
dme00520,3354921
dme00520,38528
dme00520,43373
dme00520,33026
dme00520,31808
dme00520,3355116
dme00520,38370
dme00520,43504
dme00520,38223
dme00520,45884
dme00520,45875
dme00520,246535
dme00520,31630
dme00520,43191
dme00520,117364
dme00520,49815
dme00520,31935
dme00520,39065
dme00520,44010
dme00520,39031
dme00520,41863
dme00520,33783
dme00520,40442
dme00520,38911
dme00520,35923
dme00520,44008
dme00520,36730
dme00520,35886
dme00520,41192
dme00520,33935
dme00520,41687
dme00520,37390
dme00520,33903
dme00531,38423
dme00531,38528
dme00531,46386
dme00531,42266
dme00531,37197
dme00531,31808
dme00531,36487
dme00531,43746
dme00531,246425
dme00531,41457
dme00531,34544
dme00531,31423
dme00531,39994
dme00531,36394
dme00531,33839
dme00532,42991
dme00532,36079
dme00532,326156
dme00532,38288
dme00532,251900
dme00532,32259
dme00532,35848
dme00532,32497
dme00534,36614
dme00534,44433
dme00534,42991
dme00534,37198
dme00534,35569
dme00534,38288
dme00534,251900
dme00534,37161
dme00534,42380
dme00534,32918
dme00534,38736
dme00534,3772101
dme00534,35848
dme00541,38760
dme00541,37227
dme00541,40599
dme00541,31500
dme00541,317923
dme00541,37638
dme00541,39065
dme00541,41528
dme00541,39336
dme00541,32907
dme00541,36730
dme00541,33716
dme00541,33903
dme00561,39424
dme00561,38463
dme00561,40472
dme00561,40471
dme00561,40470
dme00561,40469
dme00561,40468
dme00561,38028
dme00561,40672
dme00561,38462
dme00561,38519
dme00561,33064
dme00561,43913
dme00561,35718
dme00561,35719
dme00561,35720
dme00561,40946
dme00561,43244
dme00561,42836
dme00561,326168
dme00561,44887
dme00561,37852
dme00561,32072
dme00561,35738
dme00561,5740362
dme00561,34256
dme00561,32230
dme00561,19988923
dme00561,31826
dme00561,39820
dme00561,39819
dme00561,43350
dme00561,39305
dme00561,39304
dme00561,38221
dme00561,36282
dme00561,36408
dme00561,35790
dme00561,35966
dme00561,53558
dme00561,35586
dme00561,40097
dme00561,33431
dme00562,37465
dme00562,31247
dme00562,39404
dme00562,35671
dme00562,39329
dme00562,33236
dme00562,33137
dme00562,39739
dme00562,39742
dme00562,39741
dme00562,39740
dme00562,3885565
dme00562,33658
dme00562,30995
dme00562,43582
dme00562,40670
dme00562,41701
dme00562,37360
dme00562,37707
dme00562,31157
dme00562,31376
dme00562,32589
dme00562,37633
dme00562,34300
dme00562,39841
dme00562,42446
dme00562,32601
dme00562,2768892
dme00562,326119
dme00562,31544
dme00562,32285
dme00562,33204
dme00562,37733
dme00562,43991
dme00562,37033
dme00562,36959
dme00562,37517
dme00562,39391
dme00562,45374
dme00562,42545
dme00562,33845
dme00562,38137
dme00562,32506
dme00562,40347
dme00562,40346
dme00562,32629
dme00562,37356
dme00563,31772
dme00563,38446
dme00563,38410
dme00563,37118
dme00563,34185
dme00563,40944
dme00563,43168
dme00563,33257
dme00563,38220
dme00563,35685
dme00563,36049
dme00563,31517
dme00563,246580
dme00563,31487
dme00563,117366
dme00563,35570
dme00563,33258
dme00563,8674033
dme00563,31163
dme00563,19835383
dme00563,42979
dme00563,42388
dme00563,19835548
dme00563,37020
dme00563,32909
dme00563,34116
dme00563,40139
dme00563,37470
dme00563,33425
dme00564,117353
dme00564,35665
dme00564,40472
dme00564,40471
dme00564,40470
dme00564,40469
dme00564,40468
dme00564,35554
dme00564,42249
dme00564,40672
dme00564,43461
dme00564,33064
dme00564,31747
dme00564,39734
dme00564,41625
dme00564,38180
dme00564,59176
dme00564,326109
dme00564,35689
dme00564,35417
dme00564,31716
dme00564,33597
dme00564,31402
dme00564,246656
dme00564,42836
dme00564,261623
dme00564,37852
dme00564,37672
dme00564,38823
dme00564,31899
dme00564,326259
dme00564,35738
dme00564,5740362
dme00564,32585
dme00564,32230
dme00564,31826
dme00564,35387
dme00564,53586
dme00564,39820
dme00564,39819
dme00564,41330
dme00564,43104
dme00564,40281
dme00564,43350
dme00564,34716
dme00564,42849
dme00564,36496
dme00564,39160
dme00564,34063
dme00564,34776
dme00564,42254
dme00564,43950
dme00564,47611
dme00564,36408
dme00564,35790
dme00564,39530
dme00564,36405
dme00564,35966
dme00564,53558
dme00564,33824
dme00564,32506
dme00564,35384
dme00564,33900
dme00564,40093
dme00565,36669
dme00565,35300
dme00565,35665
dme00565,40472
dme00565,40471
dme00565,40470
dme00565,40469
dme00565,40468
dme00565,35554
dme00565,43461
dme00565,31747
dme00565,39734
dme00565,31402
dme00565,246656
dme00565,31899
dme00565,326259
dme00565,35387
dme00565,36496
dme00565,39160
dme00565,34063
dme00565,43492
dme00565,36791
dme00565,35966
dme00565,53558
dme00565,32529
dme00565,35384
dme00590,35146
dme00590,35665
dme00590,43461
dme00590,32164
dme00590,31747
dme00590,41173
dme00590,39734
dme00590,5740847
dme00590,31402
dme00590,246656
dme00590,39856
dme00590,32672
dme00590,32839
dme00590,39160
dme00590,36927
dme00592,35665
dme00592,43461
dme00592,31747
dme00592,39734
dme00592,35213
dme00592,31402
dme00592,246656
dme00592,31641
dme00592,37028
dme00592,39160
dme00592,33898
dme00592,37445
dme00592,37446
dme00600,43043
dme00600,40472
dme00600,40471
dme00600,40470
dme00600,40469
dme00600,40468
dme00600,38396
dme00600,43662
dme00600,38528
dme00600,250736
dme00600,43618
dme00600,40640
dme00600,32089
dme00600,31808
dme00600,42796
dme00600,41457
dme00600,318721
dme00600,38823
dme00600,326219
dme00600,34835
dme00600,37884
dme00600,50392
dme00600,36448
dme00600,34910
dme00600,37782
dme00600,37516
dme00600,41436
dme00600,35966
dme00600,53558
dme00600,46059
dme00600,33836
dme00600,33839
dme00601,33512
dme00601,246409
dme00601,43124
dme00603,38528
dme00603,33512
dme00603,31808
dme00603,34355
dme00603,43124
dme00603,36829
dme00604,38528
dme00604,31808
dme00604,41457
dme00604,33839
dme00604,39876
dme00620,47173
dme00620,45880
dme00620,39469
dme00620,39470
dme00620,37130
dme00620,31695
dme00620,31830
dme00620,49997
dme00620,35761
dme00620,40409
dme00620,39490
dme00620,43437
dme00620,39945
dme00620,40708
dme00620,36510
dme00620,33763
dme00620,36020
dme00620,34807
dme00620,35656
dme00620,37131
dme00620,36556
dme00620,41910
dme00620,59175
dme00620,40946
dme00620,33475
dme00620,43244
dme00620,318995
dme00620,5740441
dme00620,3771877
dme00620,34256
dme00620,31605
dme00620,31606
dme00620,40299
dme00620,39817
dme00620,34021
dme00620,34414
dme00620,43936
dme00620,42589
dme00620,39281
dme00620,41311
dme00620,31406
dme00620,31407
dme00620,42621
dme00620,42620
dme00620,41787
dme00620,39988
dme00620,36839
dme00620,3772542
dme00620,3772692
dme00620,42185
dme00620,38147
dme00620,40348
dme00620,40097
dme00630,39469
dme00630,39470
dme00630,31695
dme00630,40492
dme00630,37541
dme00630,40708
dme00630,41468
dme00630,32087
dme00630,3771779
dme00630,31960
dme00630,33172
dme00630,31524
dme00630,38358
dme00630,326220
dme00630,31579
dme00630,31587
dme00630,41253
dme00630,41326
dme00630,42689
dme00630,34414
dme00630,39986
dme00630,39985
dme00630,41269
dme00630,34474
dme00630,40048
dme00630,39988
dme00630,40349
dme00630,42185
dme00630,38147
dme00630,44149
dme00630,34198
dme00630,40348
dme00630,33907
dme00630,33431
dme00640,45880
dme00640,44001
dme00640,38447
dme00640,35761
dme00640,41067
dme00640,36510
dme00640,37166
dme00640,35213
dme00640,3355069
dme00640,30995
dme00640,34276
dme00640,31641
dme00640,42364
dme00640,41480
dme00640,37028
dme00640,41869
dme00640,32441
dme00640,42326
dme00640,42901
dme00640,36536
dme00640,39988
dme00640,40188
dme00640,41149
dme00640,40348
dme00640,33898
dme00640,37445
dme00640,37446
dme00650,33978
dme00650,35156
dme00650,31695
dme00650,38261
dme00650,30972
dme00650,38484
dme00650,44154
dme00650,34276
dme00650,43092
dme00650,42364
dme00650,41480
dme00650,36536
dme00650,40188
dme00650,38147
dme00670,35152
dme00670,35153
dme00670,42973
dme00670,32471
dme00670,42003
dme00670,33081
dme00670,47895
dme00670,48552
dme00670,31524
dme00670,33986
dme00670,33499
dme00670,37699
dme00670,41253
dme00670,41279
dme00670,37143
dme00670,41561
dme00670,37026
dme00670,34474
dme00670,39988
dme00670,40349
dme00670,35407
dme00670,42043
dme00670,40097
dme00670,38342
dme00730,40326
dme00730,38632
dme00730,42482
dme00730,34613
dme00730,43671
dme00730,41417
dme00730,35218
dme00730,39396
dme00730,35981
dme00730,37834
dme00730,261628
dme00730,37540
dme00730,37539
dme00730,37538
dme00730,3772427
dme00730,3772179
dme00730,38633
dme00730,41236
dme00730,40372
dme00730,32496
dme00730,41135
dme00740,34759
dme00740,40936
dme00740,261628
dme00740,3772427
dme00740,3772179
dme00740,32240
dme00740,42576
dme00740,48445
dme00740,41197
dme00750,46391
dme00750,32967
dme00750,32964
dme00750,40925
dme00750,318753
dme00750,39066
dme00760,43433
dme00760,36121
dme00760,42987
dme00760,38315
dme00760,37756
dme00760,36969
dme00760,246458
dme00760,31480
dme00760,32822
dme00760,36507
dme00760,33626
dme00760,38895
dme00760,36968
dme00760,42414
dme00760,34708
dme00760,36506
dme00760,41254
dme00760,35918
dme00760,32328
dme00770,38647
dme00770,40675
dme00770,32297
dme00770,31858
dme00770,40916
dme00770,246533
dme00770,43244
dme00770,317852
dme00770,34256
dme00770,40241
dme00770,42295
dme00770,46234
dme00770,33742
dme00770,34791
dme00780,40692
dme00780,40659
dme00785,39899
dme00785,43437
dme00785,43689
dme00785,3355069
dme00785,317974
dme00785,41253
dme00785,36795
dme00785,41360
dme00785,40259
dme00785,34021
dme00785,32441
dme00785,34474
dme00785,31406
dme00785,31407
dme00785,39988
dme00785,40349
dme00785,41149
dme00785,40565
dme00790,38746
dme00790,43017
dme00790,38632
dme00790,39424
dme00790,42482
dme00790,38463
dme00790,31782
dme00790,31781
dme00790,38462
dme00790,43671
dme00790,42003
dme00790,35218
dme00790,35292
dme00790,33045
dme00790,35981
dme00790,43499
dme00790,32212
dme00790,30973
dme00790,326159
dme00790,317887
dme00790,37540
dme00790,37539
dme00790,37538
dme00790,39238
dme00790,19988923
dme00790,39050
dme00790,38633
dme00790,41236
dme00790,40372
dme00790,39305
dme00790,39304
dme00790,38973
dme00790,38871
dme00790,32496
dme00790,41135
dme00790,38121
dme00790,35586
dme00790,37415
dme00830,35105
dme00830,38598
dme00830,35307
dme00830,33993
dme00830,53513
dme00830,53512
dme00830,34627
dme00830,33679
dme00830,37421
dme00830,53501
dme00830,53504
dme00830,35139
dme00830,35138
dme00830,35137
dme00830,53511
dme00830,59175
dme00830,31726
dme00830,44058
dme00830,43708
dme00830,44887
dme00830,3771877
dme00830,40079
dme00830,37420
dme00830,37590
dme00830,53503
dme00830,39817
dme00830,41573
dme00830,41574
dme00830,42538
dme00830,41311
dme00830,53507
dme00830,41334
dme00830,53506
dme00830,53502
dme00830,53583
dme00830,35369
dme00830,53584
dme00860,35105
dme00860,39402
dme00860,35307
dme00860,33993
dme00860,53513
dme00860,53512
dme00860,41407
dme00860,37197
dme00860,37421
dme00860,53501
dme00860,53504
dme00860,35139
dme00860,35138
dme00860,35137
dme00860,53511
dme00860,35986
dme00860,31817
dme00860,43757
dme00860,43746
dme00860,46415
dme00860,44058
dme00860,37815
dme00860,43708
dme00860,44701
dme00860,40079
dme00860,37809
dme00860,37420
dme00860,32260
dme00860,37590
dme00860,39828
dme00860,53503
dme00860,34394
dme00860,42834
dme00860,41573
dme00860,42939
dme00860,41574
dme00860,42590
dme00860,42538
dme00860,53507
dme00860,41334
dme00860,53506
dme00860,53502
dme00860,53583
dme00860,31845
dme00860,46140
dme00860,41197
dme00860,53584
dme00860,41908
dme00900,35255
dme00900,42803
dme00900,40323
dme00900,31708
dme00900,31695
dme00900,31824
dme00900,39478
dme00900,36209
dme00900,32058
dme00900,41989
dme00900,33682
dme00900,43697
dme00900,42528
dme00900,3772247
dme00900,3355165
dme00900,3355162
dme00900,44154
dme00900,33298
dme00900,44002
dme00900,42526
dme00900,32520
dme00900,38816
dme00900,39528
dme00900,36908
dme00900,38147
dme00900,33856
dme00900,32128
dme00910,42965
dme00910,31804
dme00910,41070
dme00910,36126
dme00910,32087
dme00910,50101
dme00910,50102
dme00910,33172
dme00910,43701
dme00910,41238
dme00910,42756
dme00910,42832
dme00910,42625
dme00910,43264
dme00910,39390
dme00910,34786
dme00910,37366
dme00910,39878
dme00920,41570
dme00920,38514
dme00920,32279
dme00920,36233
dme00920,32878
dme00920,43516
dme00920,41610
dme00920,40167
dme00970,40929
dme00970,45786
dme00970,35194
dme00970,45785
dme00970,31904
dme00970,38331
dme00970,3772080
dme00970,36547
dme00970,34156
dme00970,40681
dme00970,37177
dme00970,37965
dme00970,33518
dme00970,43699
dme00970,31740
dme00970,318604
dme00970,41733
dme00970,326155
dme00970,326262
dme00970,3772218
dme00970,36420
dme00970,45783
dme00970,39829
dme00970,39828
dme00970,38595
dme00970,41862
dme00970,45784
dme00970,42834
dme00970,39762
dme00970,42861
dme00970,39023
dme00970,42888
dme00970,42283
dme00970,32841
dme00970,39644
dme00970,36909
dme00970,39989
dme00970,38581
dme00970,36563
dme00970,36784
dme00970,32539
dme00970,45399
dme00970,19893563
dme00970,19893527
dme00970,19893528
dme00970,19893530
dme00970,19893531
dme00970,19893532
dme00970,19893534
dme00970,19893536
dme00970,19893537
dme00970,19893541
dme00970,19893543
dme00970,19893544
dme00970,19893545
dme00970,19893546
dme00970,19893547
dme00970,19893548
dme00970,19893550
dme00970,19893553
dme00970,19893554
dme00970,19893557
dme00970,19893559
dme00970,19893561
dme00980,41503
dme00980,41502
dme00980,35105
dme00980,35307
dme00980,45398
dme00980,33993
dme00980,48337
dme00980,35928
dme00980,48338
dme00980,53513
dme00980,53512
dme00980,35015
dme00980,37421
dme00980,53501
dme00980,32299
dme00980,37960
dme00980,33047
dme00980,53504
dme00980,35139
dme00980,35138
dme00980,35137
dme00980,44110
dme00980,37105
dme00980,37107
dme00980,37108
dme00980,37109
dme00980,37110
dme00980,37111
dme00980,37112
dme00980,37113
dme00980,246581
dme00980,41512
dme00980,53511
dme00980,59240
dme00980,44058
dme00980,35995
dme00980,246386
dme00980,43708
dme00980,32438
dme00980,318913
dme00980,40858
dme00980,33420
dme00980,33421
dme00980,40079
dme00980,48335
dme00980,37420
dme00980,48340
dme00980,48336
dme00980,37590
dme00980,48341
dme00980,48339
dme00980,36467
dme00980,53503
dme00980,37106
dme00980,37128
dme00980,41573
dme00980,41574
dme00980,42538
dme00980,41311
dme00980,53507
dme00980,41334
dme00980,53506
dme00980,53502
dme00980,38975
dme00980,38974
dme00980,38972
dme00980,53583
dme00980,36927
dme00980,53584
dme00981,32147
dme00981,38631
dme00981,31824
dme00981,45282
dme00981,39592
dme00981,32058
dme00981,44858
dme00981,251984
dme00981,37181
dme00981,37182
dme00981,32146
dme00981,34977
dme00981,31257
dme00981,43244
dme00981,42528
dme00981,34256
dme00981,5740633
dme00981,3355165
dme00981,3355162
dme00981,5740359
dme00981,32857
dme00981,32858
dme00981,36780
dme00981,39528
dme00981,33856
dme00981,32128
dme00981,32423
dme00982,41503
dme00982,41502
dme00982,35105
dme00982,35307
dme00982,45398
dme00982,33993
dme00982,48337
dme00982,35928
dme00982,48338
dme00982,53513
dme00982,53512
dme00982,42892
dme00982,37421
dme00982,53501
dme00982,32299
dme00982,37960
dme00982,33047
dme00982,53504
dme00982,35139
dme00982,35138
dme00982,35137
dme00982,44110
dme00982,37105
dme00982,37107
dme00982,37108
dme00982,37109
dme00982,37110
dme00982,37111
dme00982,37112
dme00982,37113
dme00982,246581
dme00982,41512
dme00982,53511
dme00982,59240
dme00982,44058
dme00982,35995
dme00982,246386
dme00982,43708
dme00982,32438
dme00982,318913
dme00982,40858
dme00982,40079
dme00982,48335
dme00982,37420
dme00982,48340
dme00982,48336
dme00982,37590
dme00982,48341
dme00982,48339
dme00982,36467
dme00982,53503
dme00982,37106
dme00982,37128
dme00982,41573
dme00982,41574
dme00982,42538
dme00982,41311
dme00982,53507
dme00982,41334
dme00982,53506
dme00982,53502
dme00982,38975
dme00982,38974
dme00982,38972
dme00982,53583
dme00982,36927
dme00982,53584
dme00983,41503
dme00983,41502
dme00983,35105
dme00983,35307
dme00983,33993
dme00983,48337
dme00983,35928
dme00983,48338
dme00983,53513
dme00983,53512
dme00983,40675
dme00983,37197
dme00983,43661
dme00983,37421
dme00983,53501
dme00983,32299
dme00983,37960
dme00983,33047
dme00983,39393
dme00983,53504
dme00983,33510
dme00983,35139
dme00983,35138
dme00983,35137
dme00983,44110
dme00983,37105
dme00983,37107
dme00983,37108
dme00983,37109
dme00983,37110
dme00983,37111
dme00983,37112
dme00983,37113
dme00983,246581
dme00983,41512
dme00983,53511
dme00983,43873
dme00983,41897
dme00983,41895
dme00983,41894
dme00983,59240
dme00983,43746
dme00983,31858
dme00983,43739
dme00983,44058
dme00983,35995
dme00983,246386
dme00983,40916
dme00983,43708
dme00983,32438
dme00983,318913
dme00983,40858
dme00983,42402
dme00983,42493
dme00983,37644
dme00983,40079
dme00983,48335
dme00983,37420
dme00983,48340
dme00983,48336
dme00983,37590
dme00983,48341
dme00983,48339
dme00983,34529
dme00983,36467
dme00983,53503
dme00983,36953
dme00983,37106
dme00983,37128
dme00983,32396
dme00983,34392
dme00983,41573
dme00983,41574
dme00983,41896
dme00983,43165
dme00983,43240
dme00983,42894
dme00983,42538
dme00983,53507
dme00983,41334
dme00983,53506
dme00983,53502
dme00983,38975
dme00983,38974
dme00983,38972
dme00983,39392
dme00983,41605
dme00983,34124
dme00983,34123
dme00983,34122
dme00983,41174
dme00983,53583
dme00983,33718
dme00983,36280
dme00983,45830
dme00983,53584
dme01040,38457
dme01040,39245
dme01040,31703
dme01040,43592
dme01040,44183
dme01040,35213
dme01040,35140
dme01040,40943
dme01040,40567
dme01040,326148
dme01040,317841
dme01040,32582
dme01040,39860
dme01040,31641
dme01040,37028
dme01040,117369
dme01040,41536
dme01040,34614
dme01040,44006
dme01040,41629
dme01040,34762
dme01040,33898
dme01040,37445
dme01040,37446
dme01040,43593
dme01040,43591
dme01100,43394
dme01100,41503
dme01100,38760
dme01100,38753
dme01100,37465
dme01100,41502
dme01100,36614
dme01100,38746
dme01100,47173
dme01100,36624
dme01100,36627
dme01100,45880
dme01100,35240
dme01100,35105
dme01100,42783
dme01100,36649
dme01100,42808
dme01100,43017
dme01100,36669
dme01100,31247
dme01100,35255
dme01100,37466
dme01100,39402
dme01100,32147
dme01100,39333
dme01100,42801
dme01100,42803
dme01100,35491
dme01100,33978
dme01100,43043
dme01100,39404
dme01100,38697
dme01100,117353
dme01100,35188
dme01100,45786
dme01100,37392
dme01100,40333
dme01100,38647
dme01100,40326
dme01100,38632
dme01100,38631
dme01100,35146
dme01100,35152
dme01100,44001
dme01100,35153
dme01100,39434
dme01100,39424
dme01100,35156
dme01100,38447
dme01100,35279
dme01100,38598
dme01100,39436
dme01100,35190
dme01100,35300
dme01100,39469
dme01100,39470
dme01100,40748
dme01100,36481
dme01100,42482
dme01100,38457
dme01100,38463
dme01100,40679
dme01100,42965
dme01100,37130
dme01100,31695
dme01100,35309
dme01100,31824
dme01100,31830
dme01100,32345
dme01100,35307
dme01100,33918
dme01100,33919
dme01100,49997
dme01100,42973
dme01100,35665
dme01100,32334
dme01100,45398
dme01100,35671
dme01100,43829
dme01100,31772
dme01100,35761
dme01100,33955
dme01100,40492
dme01100,40409
dme01100,39490
dme01100,39479
dme01100,31804
dme01100,33993
dme01100,40599
dme01100,37541
dme01100,43433
dme01100,40402
dme01100,43713
dme01100,38261
dme01100,36998
dme01100,40472
dme01100,40471
dme01100,40470
dme01100,40469
dme01100,40468
dme01100,33179
dme01100,48337
dme01100,40875
dme01100,38503
dme01100,38473
dme01100,31158
dme01100,39329
dme01100,32471
dme01100,39899
dme01100,35829
dme01100,36098
dme01100,42991
dme01100,35928
dme01100,40263
dme01100,39245
dme01100,39213
dme01100,43416
dme01100,43031
dme01100,43436
dme01100,43437
dme01100,36121
dme01100,46391
dme01100,43456
dme01100,43073
dme01100,43463
dme01100,53473
dme01100,41067
dme01100,41070
dme01100,38446
dme01100,38413
dme01100,38423
dme01100,45282
dme01100,38076
dme01100,38396
dme01100,35728
dme01100,38410
dme01100,38378
dme01100,31805
dme01100,35554
dme01100,31782
dme01100,31781
dme01100,38028
dme01100,40692
dme01100,40630
dme01100,37962
dme01100,32936
dme01100,39945
dme01100,32940
dme01100,32967
dme01100,48338
dme01100,38864
dme01100,37118
dme01100,34613
dme01100,41570
dme01100,39279
dme01100,36126
dme01100,31024
dme01100,36128
dme01100,40708
dme01100,36209
dme01100,33528
dme01100,45668
dme01100,246663
dme01100,3354921
dme01100,32974
dme01100,34587
dme01100,38521
dme01100,38462
dme01100,36640
dme01100,36101
dme01100,38374
dme01100,36079
dme01100,34185
dme01100,38519
dme01100,40812
dme01100,36328
dme01100,38528
dme01100,34925
dme01100,34995
dme01100,53513
dme01100,53512
dme01100,35015
dme01100,36510
dme01100,36524
dme01100,31015
dme01100,31007
dme01100,30972
dme01100,34159
dme01100,46386
dme01100,37323
dme01100,43373
dme01100,39592
dme01100,42892
dme01100,42987
dme01100,33236
dme01100,44554
dme01100,32058
dme01100,38194
dme01100,250736
dme01100,33763
dme01100,46040
dme01100,40066
dme01100,40675
dme01100,33117
dme01100,32964
dme01100,32989
dme01100,40681
dme01100,42266
dme01100,44007
dme01100,31703
dme01100,40944
dme01100,49953
dme01100,36991
dme01100,43461
dme01100,43457
dme01100,43443
dme01100,43444
dme01100,43168
dme01100,32381
dme01100,33137
dme01100,43671
dme01100,40659
dme01100,43682
dme01100,43618
dme01100,41407
dme01100,41417
dme01100,41432
dme01100,44858
dme01100,41468
dme01100,42001
dme01100,42002
dme01100,42003
dme01100,42041
dme01100,32164
dme01100,34597
dme01100,34598
dme01100,34627
dme01100,45577
dme01100,38484
dme01100,38514
dme01100,35419
dme01100,37166
dme01100,37177
dme01100,37198
dme01100,37194
dme01100,37197
dme01100,36020
dme01100,33082
dme01100,33476
dme01100,31718
dme01100,50178
dme01100,43689
dme01100,33064
dme01100,43623
dme01100,43592
dme01100,43627
dme01100,43661
dme01100,35724
dme01100,33679
dme01100,37375
dme01100,37421
dme01100,32249
dme01100,32146
dme01100,32279
dme01100,31500
dme01100,31747
dme01100,50001
dme01100,33257
dme01100,53501
dme01100,32073
dme01100,32292
dme01100,40640
dme01100,32297
dme01100,38315
dme01100,35218
dme01100,35292
dme01100,32299
dme01100,41173
dme01100,34759
dme01100,34807
dme01100,33045
dme01100,36540
dme01100,37960
dme01100,34650
dme01100,33047
dme01100,39739
dme01100,39742
dme01100,39741
dme01100,39740
dme01100,39734
dme01100,33026
dme01100,35656
dme01100,43442
dme01100,42730
dme01100,42729
dme01100,39396
dme01100,32301
dme01100,39609
dme01100,53427
dme01100,53432
dme01100,53426
dme01100,53504
dme01100,43447
dme01100,33512
dme01100,33510
dme01100,37228
dme01100,42466
dme01100,37728
dme01100,44183
dme01100,35139
dme01100,35138
dme01100,35137
dme01100,34977
dme01100,34997
dme01100,32013
dme01100,35507
dme01100,41550
dme01100,3355111
dme01100,44110
dme01100,32087
dme01100,43693
dme01100,32089
dme01100,3885565
dme01100,43699
dme01100,37105
dme01100,37107
dme01100,37108
dme01100,37109
dme01100,37110
dme01100,33081
dme01100,37111
dme01100,37112
dme01100,37113
dme01100,246581
dme01100,35213
dme01100,35140
dme01100,5740847
dme01100,41512
dme01100,46246
dme01100,33351
dme01100,3355069
dme01100,37131
dme01100,33658
dme01100,43369
dme01100,31808
dme01100,36932
dme01100,30995
dme01100,34996
dme01100,53511
dme01100,37482
dme01100,43873
dme01100,3771779
dme01100,42146
dme01100,35981
dme01100,46717
dme01100,37756
dme01100,3355116
dme01100,40528
dme01100,31668
dme01100,38220
dme01100,35986
dme01100,40995
dme01100,40026
dme01100,36487
dme01100,48224
dme01100,38180
dme01100,36515
dme01100,36556
dme01100,43913
dme01100,47895
dme01100,41910
dme01100,44750
dme01100,41897
dme01100,41895
dme01100,41894
dme01100,59240
dme01100,41595
dme01100,32640
dme01100,42216
dme01100,31697
dme01100,50101
dme01100,50102
dme01100,38370
dme01100,47764
dme01100,3771984
dme01100,41126
dme01100,59175
dme01100,31817
dme01100,43493
dme01100,35718
dme01100,35719
dme01100,35720
dme01100,43499
dme01100,43504
dme01100,43798
dme01100,40836
dme01100,43477
dme01100,38223
dme01100,43757
dme01100,38346
dme01100,31995
dme01100,43750
dme01100,43746
dme01100,35689
dme01100,35685
dme01100,32026
dme01100,43582
dme01100,31858
dme01100,35417
dme01100,43739
dme01100,31960
dme01100,50246
dme01100,31726
dme01100,53581
dme01100,31762
dme01100,36049
dme01100,32122
dme01100,32272
dme01100,32216
dme01100,32212
dme01100,45884
dme01100,48552
dme01100,31257
dme01100,33172
dme01100,40946
dme01100,40943
dme01100,44058
dme01100,33233
dme01100,37804
dme01100,40936
dme01100,40935
dme01100,40670
dme01100,31342
dme01100,30973
dme01100,33475
dme01100,31950
dme01100,33481
dme01100,33485
dme01100,30971
dme01100,35995
dme01100,246386
dme01100,45875
dme01100,246393
dme01100,36233
dme01100,246409
dme01100,246425
dme01100,31402
dme01100,246451
dme01100,36969
dme01100,246458
dme01100,31524
dme01100,37815
dme01100,40916
dme01100,41701
dme01100,246533
dme01100,246535
dme01100,37360
dme01100,246543
dme01100,31517
dme01100,246560
dme01100,246580
dme01100,246599
dme01100,31630
dme01100,246620
dme01100,246627
dme01100,35692
dme01100,246656
dme01100,33495
dme01100,33493
dme01100,43708
dme01100,326111
dme01100,326112
dme01100,43640
dme01100,326113
dme01100,326114
dme01100,43638
dme01100,43620
dme01100,43244
dme01100,318597
dme01100,42836
dme01100,42796
dme01100,41927
dme01100,33479
dme01100,318624
dme01100,42557
dme01100,33461
dme01100,41457
dme01100,41733
dme01100,326133
dme01100,192528
dme01100,37834
dme01100,318721
dme01100,326140
dme01100,261628
dme01100,40925
dme01100,318753
dme01100,326144
dme01100,40567
dme01100,326148
dme01100,318781
dme01100,31487
dme01100,44307
dme01100,33986
dme01100,318868
dme01100,33776
dme01100,326151
dme01100,35265
dme01100,318908
dme01100,35118
dme01100,35135
dme01100,326159
dme01100,33568
dme01100,33499
dme01100,318981
dme01100,31480
dme01100,326168
dme01100,318995
dme01100,319025
dme01100,31604
dme01100,35569
dme01100,261610
dme01100,44887
dme01100,317829
dme01100,326187
dme01100,326188
dme01100,326189
dme01100,317841
dme01100,326193
dme01100,39282
dme01100,37852
dme01100,317846
dme01100,317852
dme01100,33443
dme01100,37672
dme01100,37376
dme01100,261607
dme01100,64879
dme01100,317908
dme01100,40028
dme01100,317911
dme01100,317923
dme01100,317928
dme01100,38288
dme01100,38285
dme01100,317967
dme01100,326209
dme01100,40406
dme01100,261603
dme01100,326219
dme01100,38358
dme01100,326220
dme01100,31309
dme01100,37861
dme01100,33556
dme01100,32822
dme01100,117366
dme01100,32352
dme01100,37540
dme01100,59261
dme01100,31899
dme01100,35570
dme01100,251900
dme01100,35590
dme01100,43191
dme01100,37539
dme01100,37538
dme01100,42528
dme01100,39238
dme01100,41743
dme01100,34835
dme01100,117364
dme01100,34553
dme01100,326259
dme01100,326264
dme01100,36507
dme01100,32438
dme01100,318913
dme01100,37867
dme01100,41745
dme01100,2768916
dme01100,2768965
dme01100,3346188
dme01100,40858
dme01100,37875
dme01100,3772218
dme01100,3772247
dme01100,3772427
dme01100,3772179
dme01100,37884
dme01100,3772288
dme01100,317974
dme01100,3885575
dme01100,32938
dme01100,38106
dme01100,3885645
dme01100,19893529
dme01100,19893533
dme01100,19893535
dme01100,19893538
dme01100,19893539
dme01100,19893540
dme01100,19893542
dme01100,19893549
dme01100,19893551
dme01100,19893552
dme01100,19893555
dme01100,19893556
dme01100,19893558
dme01100,32582
dme01100,5740441
dme01100,44701
dme01100,35107
dme01100,5740402
dme01100,5740349
dme01100,35738
dme01100,5740362
dme01100,37699
dme01100,5740593
dme01100,5740612
dme01100,5740876
dme01100,39066
dme01100,31578
dme01100,36076
dme01100,31194
dme01100,3771877
dme01100,37900
dme01100,37638
dme01100,37695
dme01100,33524
dme01100,117361
dme01100,32585
dme01100,37707
dme01100,42047
dme01100,32586
dme01100,31157
dme01100,50392
dme01100,42051
dme01100,42493
dme01100,33420
dme01100,31289
dme01100,33421
dme01100,37617
dme01100,31376
dme01100,31190
dme01100,32589
dme01100,43701
dme01100,37633
dme01100,37946
dme01100,39085
dme01100,33626
dme01100,31185
dme01100,34256
dme01100,45012
dme01100,37644
dme01100,40079
dme01100,37809
dme01100,41476
dme01100,32230
dme01100,31149
dme01100,31579
dme01100,33258
dme01100,40059
dme01100,31587
dme01100,41238
dme01100,44207
dme01100,40056
dme01100,39860
dme01100,49815
dme01100,32228
dme01100,41253
dme01100,3355155
dme01100,36060
dme01100,5740633
dme01100,19988923
dme01100,36448
dme01100,34300
dme01100,3355171
dme01100,3354971
dme01100,8673970
dme01100,3355165
dme01100,3355162
dme01100,41279
dme01100,37754
dme01100,39856
dme01100,31605
dme01100,31606
dme01100,39854
dme01100,33642
dme01100,39841
dme01100,42446
dme01100,41825
dme01100,34910
dme01100,5740185
dme01100,5740359
dme01100,39846
dme01100,40023
dme01100,48335
dme01100,32601
dme01100,2768892
dme01100,31957
dme01100,32233
dme01100,326119
dme01100,33373
dme01100,8674033
dme01100,8674026
dme01100,40153
dme01100,37044
dme01100,44513
dme01100,31826
dme01100,36396
dme01100,40793
dme01100,39403
dme01100,37420
dme01100,40017
dme01100,41845
dme01100,44154
dme01100,38895
dme01100,31544
dme01100,12797919
dme01100,32259
dme01100,35387
dme01100,42421
dme01100,31935
dme01100,39065
dme01100,40299
dme01100,41483
dme01100,48340
dme01100,48336
dme01100,34276
dme01100,42396
dme01100,34594
dme01100,31163
dme01100,32240
dme01100,42759
dme01100,37590
dme01100,48341
dme01100,48339
dme01100,19835383
dme01100,36795
dme01100,37419
dme01100,42979
dme01100,19835750
dme01100,42388
dme01100,42756
dme01100,36844
dme01100,35627
dme01100,34822
dme01100,44117
dme01100,32285
dme01100,37741
dme01100,19835548
dme01100,39645
dme01100,31623
dme01100,41303
dme01100,39828
dme01100,33204
dme01100,37784
dme01100,34529
dme01100,31641
dme01100,34313
dme01100,42739
dme01100,41313
dme01100,39050
dme01100,43092
dme01100,36467
dme01100,37931
dme01100,42364
dme01100,41326
dme01100,39820
dme01100,36847
dme01100,37569
dme01100,39819
dme01100,38612
dme01100,53503
dme01100,43104
dme01100,34552
dme01100,36953
dme01100,36955
dme01100,40281
dme01100,36968
dme01100,32672
dme01100,39817
dme01100,34564
dme01100,41480
dme01100,42689
dme01100,248194
dme01100,43351
dme01100,34586
dme01100,37028
dme01100,34397
dme01100,43102
dme01100,34396
dme01100,34394
dme01100,41869
dme01100,34695
dme01100,42414
dme01100,34409
dme01100,40012
dme01100,38633
dme01100,37106
dme01100,44010
dme01100,34016
dme01100,34017
dme01100,41360
dme01100,34708
dme01100,37128
dme01100,40259
dme01100,41528
dme01100,34021
dme01100,41373
dme01100,34711
dme01100,39031
dme01100,32396
dme01100,42832
dme01100,32399
dme01100,37143
dme01100,41236
dme01100,34414
dme01100,34392
dme01100,37733
dme01100,42625
dme01100,39761
dme01100,42834
dme01100,43189
dme01100,42273
dme01100,42861
dme01100,37139
dme01100,43350
dme01100,34716
dme01100,32434
dme01100,39986
dme01100,39985
dme01100,32441
dme01100,40241
dme01100,42295
dme01100,40372
dme01100,43991
dme01100,32740
dme01100,38284
dme01100,39348
dme01100,41573
dme01100,46234
dme01100,34355
dme01100,37062
dme01100,42505
dme01100,42939
dme01100,33742
dme01100,42106
dme01100,43124
dme01100,117369
dme01100,43936
dme01100,42526
dme01100,41536
dme01100,40268
dme01100,34689
dme01100,42849
dme01100,39976
dme01100,39975
dme01100,41574
dme01100,42283
dme01100,42282
dme01100,42284
dme01100,36496
dme01100,40272
dme01100,42590
dme01100,42589
dme01100,42291
dme01100,41896
dme01100,43183
dme01100,43264
dme01100,39305
dme01100,39304
dme01100,43165
dme01100,39297
dme01100,46069
dme01100,32816
dme01100,39281
dme01100,36506
dme01100,41561
dme01100,39265
dme01100,34544
dme01100,42341
dme01100,41863
dme01100,42326
dme01100,41254
dme01100,34554
dme01100,32479
dme01100,43240
dme01100,41269
dme01100,42591
dme01100,37033
dme01100,42894
dme01100,37029
dme01100,38986
dme01100,37026
dme01100,32836
dme01100,37020
dme01100,34474
dme01100,42901
dme01100,37516
dme01100,42586
dme01100,32839
dme01100,39214
dme01100,41274
dme01100,42538
dme01100,39926
dme01100,39203
dme01100,36959
dme01100,36536
dme01100,37517
dme01100,32857
dme01100,41311
dme01100,41324
dme01100,53507
dme01100,38979
dme01100,41334
dme01100,39555
dme01100,53506
dme01100,42576
dme01100,53502
dme01100,39556
dme01100,38975
dme01100,41340
dme01100,38974
dme01100,34495
dme01100,39160
dme01100,42728
dme01100,42731
dme01100,34482
dme01100,42732
dme01100,34614
dme01100,39132
dme01100,38972
dme01100,38973
dme01100,32775
dme01100,39653
dme01100,40048
dme01100,31423
dme01100,41823
dme01100,39390
dme01100,39391
dme01100,40477
dme01100,41433
dme01100,40222
dme01100,33783
dme01100,41436
dme01100,45374
dme01100,45247
dme01100,31406
dme01100,31407
dme01100,41806
dme01100,42626
dme01100,42621
dme01100,42620
dme01100,32789
dme01100,40445
dme01100,34064
dme01100,40434
dme01100,34063
dme01100,34060
dme01100,44291
dme01100,40390
dme01100,34054
dme01100,33386
dme01100,33777
dme01100,32878
dme01100,39715
dme01100,39713
dme01100,34776
dme01100,32880
dme01100,40204
dme01100,40203
dme01100,32887
dme01100,44390
dme01100,41787
dme01100,38871
dme01100,39994
dme01100,39988
dme01100,40188
dme01100,32896
dme01100,37217
dme01100,40442
dme01100,40443
dme01100,48775
dme01100,38901
dme01100,39280
dme01100,39714
dme01100,39950
dme01100,43492
dme01100,43507
dme01100,40389
dme01100,41605
dme01100,42214
dme01100,42220
dme01100,36159
dme01100,42254
dme01100,39918
dme01100,43005
dme01100,40349
dme01100,43516
dme01100,34791
dme01100,34786
dme01100,34136
dme01100,39910
dme01100,36839
dme01100,32488
dme01100,34134
dme01100,48445
dme01100,43563
dme01100,44006
dme01100,42545
dme01100,43950
dme01100,3772542
dme01100,41610
dme01100,3772692
dme01100,40180
dme01100,38911
dme01100,42178
dme01100,32909
dme01100,38221
dme01100,36829
dme01100,42185
dme01100,35944
dme01100,41027
dme01100,36826
dme01100,41596
dme01100,35923
dme01100,35918
dme01100,44008
dme01100,36695
dme01100,32496
dme01100,41117
dme01100,41121
dme01100,41135
dme01100,36717
dme01100,44702
dme01100,39143
dme01100,35910
dme01100,41149
dme01100,36730
dme01100,36731
dme01100,36863
dme01100,32520
dme01100,35886
dme01100,47611
dme01100,41760
dme01100,36282
dme01100,31235
dme01100,36856
dme01100,36760
dme01100,41167
dme01100,38736
dme01100,34124
dme01100,34123
dme01100,34122
dme01100,41174
dme01100,40167
dme01100,41191
dme01100,41192
dme01100,36782
dme01100,3772101
dme01100,36791
dme01100,34116
dme01100,36358
dme01100,36587
dme01100,38816
dme01100,41629
dme01100,36394
dme01100,41737
dme01100,53583
dme01100,36408
dme01100,35407
dme01100,33744
dme01100,35830
dme01100,35827
dme01100,35825
dme01100,35826
dme01100,35824
dme01100,35792
dme01100,35790
dme01100,35767
dme01100,35766
dme01100,46068
dme01100,35848
dme01100,39530
dme01100,39528
dme01100,45401
dme01100,36392
dme01100,40145
dme01100,35966
dme01100,53558
dme01100,36379
dme01100,250735
dme01100,44228
dme01100,40133
dme01100,33716
dme01100,33718
dme01100,32545
dme01100,36927
dme01100,46059
dme01100,42043
dme01100,32529
dme01100,36280
dme01100,34779
dme01100,32426
dme01100,36904
dme01100,36900
dme01100,31849
dme01100,44046
dme01100,33824
dme01100,32439
dme01100,33836
dme01100,33839
dme01100,33845
dme01100,38124
dme01100,38121
dme01100,33847
dme01100,38137
dme01100,33852
dme01100,38147
dme01100,33856
dme01100,38154
dme01100,46140
dme01100,32565
dme01100,32485
dme01100,32497
dme01100,33935
dme01100,37366
dme01100,45830
dme01100,44149
dme01100,32506
dme01100,35384
dme01100,35383
dme01100,35369
dme01100,34762
dme01100,48450
dme01100,34196
dme01100,34747
dme01100,41687
dme01100,34198
dme01100,35337
dme01100,41680
dme01100,37385
dme01100,37390
dme01100,32128
dme01100,41132
dme01100,41133
dme01100,45368
dme01100,40139
dme01100,39608
dme01100,40347
dme01100,40348
dme01100,40346
dme01100,35586
dme01100,37415
dme01100,41197
dme01100,53584
dme01100,37435
dme01100,3771738
dme01100,34215
dme01100,33898
dme01100,32406
dme01100,33903
dme01100,33907
dme01100,33911
dme01100,41908
dme01100,50002
dme01100,40988
dme01100,41679
dme01100,40097
dme01100,39878
dme01100,43629
dme01100,39876
dme01100,37445
dme01100,37446
dme01100,43628
dme01100,43624
dme01100,43625
dme01100,41022
dme01100,43593
dme01100,43591
dme01100,46260
dme01100,32629
dme01100,40565
dme01100,31994
dme01100,37470
dme01100,33425
dme01100,33431
dme01100,32592
dme01100,32328
dme01100,33459
dme01100,38342
dme01100,37356
dme01200,47173
dme01200,42808
dme01200,44001
dme01200,38447
dme01200,39469
dme01200,39470
dme01200,31695
dme01200,40492
dme01200,40409
dme01200,37541
dme01200,39899
dme01200,43437
dme01200,46391
dme01200,41067
dme01200,35728
dme01200,39945
dme01200,32940
dme01200,32974
dme01200,41468
dme01200,37166
dme01200,36020
dme01200,32292
dme01200,43447
dme01200,37228
dme01200,32013
dme01200,35213
dme01200,46246
dme01200,33351
dme01200,30995
dme01200,3771779
dme01200,43582
dme01200,37804
dme01200,33475
dme01200,45875
dme01200,31524
dme01200,246599
dme01200,35692
dme01200,33461
dme01200,35265
dme01200,318995
dme01200,317829
dme01200,38358
dme01200,326220
dme01200,35590
dme01200,43191
dme01200,117364
dme01200,317974
dme01200,37900
dme01200,39085
dme01200,31185
dme01200,31579
dme01200,31587
dme01200,41253
dme01200,36060
dme01200,31605
dme01200,31606
dme01200,33373
dme01200,42396
dme01200,42756
dme01200,31641
dme01200,42364
dme01200,41326
dme01200,41480
dme01200,42689
dme01200,37028
dme01200,43102
dme01200,41869
dme01200,40012
dme01200,41360
dme01200,34021
dme01200,42832
dme01200,34414
dme01200,43189
dme01200,39986
dme01200,39985
dme01200,39348
dme01200,43936
dme01200,43183
dme01200,39281
dme01200,42326
dme01200,34554
dme01200,41269
dme01200,34474
dme01200,42586
dme01200,36536
dme01200,41311
dme01200,41324
dme01200,39555
dme01200,41340
dme01200,39132
dme01200,40048
dme01200,31406
dme01200,31407
dme01200,42626
dme01200,42621
dme01200,42620
dme01200,40445
dme01200,44291
dme01200,32887
dme01200,41787
dme01200,39988
dme01200,40349
dme01200,36839
dme01200,3772542
dme01200,3772692
dme01200,42185
dme01200,41027
dme01200,44008
dme01200,41117
dme01200,35886
dme01200,36782
dme01200,32545
dme01200,36904
dme01200,38147
dme01200,44149
dme01200,34198
dme01200,40348
dme01200,33898
dme01200,37445
dme01200,37446
dme01200,33431
dme01200,33459
dme01210,40492
dme01210,39899
dme01210,43437
dme01210,32940
dme01210,41468
dme01210,43689
dme01210,32292
dme01210,32297
dme01210,42730
dme01210,42729
dme01210,3355069
dme01210,317829
dme01210,317974
dme01210,37900
dme01210,31579
dme01210,31587
dme01210,33373
dme01210,41326
dme01210,42689
dme01210,43102
dme01210,41360
dme01210,34021
dme01210,32441
dme01210,41269
dme01210,42586
dme01210,41274
dme01210,42728
dme01210,42731
dme01210,42732
dme01210,31406
dme01210,31407
dme01210,44291
dme01210,39988
dme01210,41149
dme01210,36782
dme01210,44149
dme01212,38457
dme01212,31695
dme01212,35761
dme01212,39245
dme01212,31805
dme01212,40692
dme01212,38864
dme01212,36109
dme01212,31703
dme01212,43592
dme01212,36540
dme01212,44183
dme01212,3355111
dme01212,35213
dme01212,35140
dme01212,31668
dme01212,38355
dme01212,40943
dme01212,40567
dme01212,326148
dme01212,317841
dme01212,32582
dme01212,33524
dme01212,117361
dme01212,31289
dme01212,40059
dme01212,40056
dme01212,39860
dme01212,34276
dme01212,34822
dme01212,44117
dme01212,37784
dme01212,31641
dme01212,34313
dme01212,42364
dme01212,34564
dme01212,41480
dme01212,37028
dme01212,117369
dme01212,41536
dme01212,36536
dme01212,34614
dme01212,37217
dme01212,39910
dme01212,44006
dme01212,41629
dme01212,46068
dme01212,38147
dme01212,34762
dme01212,33898
dme01212,37445
dme01212,37446
dme01212,43593
dme01212,43591
dme01230,42783
dme01230,40409
dme01230,46391
dme01230,35728
dme01230,39945
dme01230,32940
dme01230,40812
dme01230,41468
dme01230,36020
dme01230,32292
dme01230,32297
dme01230,42730
dme01230,42729
dme01230,43447
dme01230,32087
dme01230,33081
dme01230,46246
dme01230,33351
dme01230,46717
dme01230,43582
dme01230,48552
dme01230,33172
dme01230,37804
dme01230,33475
dme01230,31524
dme01230,246599
dme01230,35692
dme01230,33461
dme01230,317829
dme01230,2768965
dme01230,37900
dme01230,39085
dme01230,31579
dme01230,36060
dme01230,33373
dme01230,41326
dme01230,42689
dme01230,43102
dme01230,40012
dme01230,37143
dme01230,43189
dme01230,42106
dme01230,42284
dme01230,43183
dme01230,34554
dme01230,41269
dme01230,42586
dme01230,41274
dme01230,42728
dme01230,42731
dme01230,42732
dme01230,39132
dme01230,42626
dme01230,42621
dme01230,42620
dme01230,44291
dme01230,41787
dme01230,38871
dme01230,40443
dme01230,41027
dme01230,41117
dme01230,36782
dme01230,32545
dme01230,36904
dme01230,44149
dme01230,3771738
dme01230,39878
dme01230,33459
dme01232,36627
dme01232,40326
dme01232,39479
dme01232,39213
dme01232,36121
dme01232,43661
dme01232,38315
dme01232,39396
dme01232,33510
dme01232,42466
dme01232,43873
dme01232,37756
dme01232,40528
dme01232,48224
dme01232,44750
dme01232,41897
dme01232,41895
dme01232,41894
dme01232,43739
dme01232,36969
dme01232,246458
dme01232,33495
dme01232,37834
dme01232,33499
dme01232,64879
dme01232,32822
dme01232,32352
dme01232,37875
dme01232,42051
dme01232,37644
dme01232,41476
dme01232,39645
dme01232,34529
dme01232,36953
dme01232,36968
dme01232,41373
dme01232,32396
dme01232,34392
dme01232,42273
dme01232,37062
dme01232,39976
dme01232,39975
dme01232,41896
dme01232,43165
dme01232,43240
dme01232,42894
dme01232,41318
dme01232,40222
dme01232,41605
dme01232,34124
dme01232,34123
dme01232,34122
dme01232,41174
dme01232,36379
dme01232,33718
dme01232,36280
dme01232,45830
dme01232,41680
dme01232,41679
dme01240,38760
dme01240,35105
dme01240,43017
dme01240,39402
dme01240,38647
dme01240,38632
dme01240,39436
dme01240,42482
dme01240,35307
dme01240,33993
dme01240,40599
dme01240,40263
dme01240,46391
dme01240,31782
dme01240,31781
dme01240,40692
dme01240,32967
dme01240,34613
dme01240,53513
dme01240,53512
dme01240,42987
dme01240,38194
dme01240,32964
dme01240,44007
dme01240,43671
dme01240,41417
dme01240,42003
dme01240,34627
dme01240,37197
dme01240,43661
dme01240,35724
dme01240,33679
dme01240,37421
dme01240,53501
dme01240,32297
dme01240,35218
dme01240,35292
dme01240,34759
dme01240,39396
dme01240,53504
dme01240,42466
dme01240,35139
dme01240,35138
dme01240,35137
dme01240,53511
dme01240,35981
dme01240,35986
dme01240,47895
dme01240,32640
dme01240,31817
dme01240,43757
dme01240,43746
dme01240,32026
dme01240,43739
dme01240,31726
dme01240,53581
dme01240,32272
dme01240,32212
dme01240,48552
dme01240,40946
dme01240,44058
dme01240,40936
dme01240,30973
dme01240,31524
dme01240,37815
dme01240,246533
dme01240,43708
dme01240,43244
dme01240,37834
dme01240,40925
dme01240,318753
dme01240,326159
dme01240,317887
dme01240,261607
dme01240,37540
dme01240,37539
dme01240,37538
dme01240,39238
dme01240,36507
dme01240,3346188
dme01240,44701
dme01240,39066
dme01240,42051
dme01240,42493
dme01240,33626
dme01240,34256
dme01240,40079
dme01240,37809
dme01240,41279
dme01240,37420
dme01240,39065
dme01240,32240
dme01240,37590
dme01240,36795
dme01240,39645
dme01240,39828
dme01240,53503
dme01240,248194
dme01240,34394
dme01240,38633
dme01240,40259
dme01240,32396
dme01240,41236
dme01240,42834
dme01240,42295
dme01240,40372
dme01240,41573
dme01240,46234
dme01240,42939
dme01240,33742
dme01240,41574
dme01240,43165
dme01240,36506
dme01240,42538
dme01240,41318
dme01240,53507
dme01240,41334
dme01240,53506
dme01240,53502
dme01240,32775
dme01240,33777
dme01240,39988
dme01240,35918
dme01240,32496
dme01240,41135
dme01240,36730
dme01240,41174
dme01240,41192
dme01240,53583
dme01240,36379
dme01240,46140
dme01240,35383
dme01240,35369
dme01240,37415
dme01240,53584
dme01240,33907
dme01240,41908
dme01240,40988
dme01240,41022
dme01240,40565
dme01240,32328
dme01250,38760
dme01250,36649
dme01250,39434
dme01250,39436
dme01250,40599
dme01250,38076
dme01250,3354921
dme01250,43373
dme01250,31500
dme01250,43504
dme01250,45875
dme01250,317923
dme01250,43191
dme01250,117364
dme01250,37638
dme01250,39065
dme01250,44010
dme01250,41528
dme01250,39031
dme01250,41863
dme01250,39391
dme01250,38911
dme01250,35923
dme01250,44008
dme01250,36730
dme01250,35886
dme01250,41192
dme01250,33716
dme01250,33935
dme01250,33903
dme01320,40167
dme02010,38726
dme02010,38725
dme02010,42976
dme02010,32992
dme02010,41387
dme02010,33102
dme02010,33103
dme02010,33354
dme02010,32208
dme02010,43772
dme02010,33636
dme02010,42975
dme02010,42382
dme02010,30994
dme02010,33171
dme02010,326154
dme02010,34783
dme02010,35163
dme02010,326161
dme02010,39307
dme02010,43895
dme02010,36428
dme02010,41925
dme02010,39977
dme02010,42362
dme02010,33170
dme02010,34322
dme02010,39971
dme02010,34686
dme02010,34148
dme02010,34140
dme02010,38193
dme02010,36582
dme02010,47905
dme02010,37293
dme02010,35366
dme02010,33541
dme02010,33540
dme03008,33966
dme03008,42811
dme03008,33964
dme03008,33960
dme03008,41581
dme03008,32338
dme03008,44392
dme03008,39309
dme03008,43046
dme03008,43009
dme03008,35374
dme03008,39689
dme03008,36144
dme03008,37769
dme03008,41973
dme03008,43333
dme03008,34184
dme03008,36268
dme03008,34167
dme03008,37909
dme03008,42633
dme03008,44072
dme03008,39915
dme03008,31097
dme03008,32132
dme03008,43944
dme03008,36019
dme03008,48448
dme03008,37776
dme03008,31811
dme03008,31943
dme03008,35885
dme03008,31213
dme03008,40884
dme03008,317878
dme03008,117463
dme03008,31475
dme03008,32935
dme03008,39834
dme03008,2768873
dme03008,2768872
dme03008,2768902
dme03008,2768901
dme03008,2768900
dme03008,2768899
dme03008,2768898
dme03008,2768897
dme03008,2768896
dme03008,2768906
dme03008,2768905
dme03008,2768904
dme03008,37873
dme03008,3772007
dme03008,31195
dme03008,31387
dme03008,44173
dme03008,42060
dme03008,37397
dme03008,5740827
dme03008,7354447
dme03008,31136
dme03008,46032
dme03008,37948
dme03008,36976
dme03008,39774
dme03008,44005
dme03008,34680
dme03008,36989
dme03008,31833
dme03008,36135
dme03008,39904
dme03008,39666
dme03008,36831
dme03008,38889
dme03008,42196
dme03008,38740
dme03008,38749
dme03008,38824
dme03008,35747
dme03008,35963
dme03008,36379
dme03008,37300
dme03008,33843
dme03008,35574
dme03008,41647
dme03008,37662
dme03008,3771903
dme03008,3772306
dme03008,3771980
dme03008,3771929
dme03008,3772704
dme03008,3772352
dme03008,3772136
dme03008,3771810
dme03008,3772620
dme03008,3772170
dme03008,3771950
dme03008,3772469
dme03008,3772240
dme03008,3772044
dme03008,3771831
dme03008,3771862
dme03008,3772695
dme03008,3772417
dme03008,3772009
dme03008,3771737
dme03008,3772572
dme03008,3772287
dme03008,3772386
dme03008,3772545
dme03008,3772328
dme03008,3772363
dme03008,3772142
dme03008,3771944
dme03008,3772478
dme03008,3772241
dme03008,3772038
dme03008,3772703
dme03008,3772414
dme03008,3772010
dme03008,3771742
dme03008,3772578
dme03008,3772284
dme03008,3772388
dme03008,3772115
dme03008,3772685
dme03008,3772243
dme03008,3771979
dme03008,3771820
dme03008,3772534
dme03008,3772642
dme03008,3772348
dme03008,3772184
dme03008,3772307
dme03008,3772343
dme03008,3772131
dme03008,3771930
dme03008,3772705
dme03008,3772255
dme03008,3772059
dme03008,3771839
dme03008,3771878
dme03008,3772389
dme03008,3772107
dme03008,3771961
dme03008,3772668
dme03008,3771978
dme03008,3771827
dme03008,3772528
dme03008,3771748
dme03008,3772522
dme03008,3772295
dme03008,3772092
dme03008,3772098
dme03008,3771889
dme03008,3772667
dme03008,3772445
dme03008,3772398
dme03008,3772116
dme03008,3771963
dme03008,3772681
dme03008,3772260
dme03008,3771982
dme03008,3771834
dme03008,3772543
dme03008,3772001
dme03008,3771787
dme03008,3771953
dme03008,3772593
dme03008,3772377
dme03008,3772040
dme03008,3771833
dme03008,3772481
dme03008,3772252
dme03008,3772510
dme03008,3772272
dme03008,3772078
dme03008,3772103
dme03008,3771896
dme03008,3772673
dme03008,3772455
dme03008,3772017
dme03008,3772551
dme03008,3772408
dme03008,3772365
dme03008,3772130
dme03008,5740577
dme03008,5740812
dme03008,26067165
dme03008,26067166
dme03008,26067167
dme03008,26067169
dme03008,26067170
dme03008,26067172
dme03008,26067180
dme03010,37430
dme03010,35098
dme03010,41991
dme03010,43039
dme03010,35145
dme03010,44059
dme03010,35299
dme03010,31700
dme03010,39477
dme03010,39480
dme03010,39484
dme03010,33182
dme03010,43723
dme03010,43698
dme03010,43345
dme03010,43321
dme03010,36142
dme03010,36406
dme03010,44251
dme03010,38397
dme03010,35453
dme03010,50139
dme03010,36050
dme03010,36688
dme03010,34186
dme03010,38302
dme03010,34149
dme03010,42588
dme03010,42870
dme03010,38046
dme03010,38230
dme03010,31222
dme03010,32953
dme03010,42290
dme03010,32395
dme03010,40687
dme03010,31106
dme03010,31145
dme03010,38535
dme03010,47218
dme03010,47219
dme03010,33654
dme03010,43564
dme03010,42464
dme03010,42470
dme03010,35711
dme03010,32375
dme03010,39627
dme03010,3354918
dme03010,3355124
dme03010,43864
dme03010,33348
dme03010,3355144
dme03010,35988
dme03010,59151
dme03010,43594
dme03010,44150
dme03010,40654
dme03010,38345
dme03010,40656
dme03010,43768
dme03010,37995
dme03010,33688
dme03010,40932
dme03010,33629
dme03010,33487
dme03010,31897
dme03010,251466
dme03010,3772367
dme03010,31150
dme03010,326141
dme03010,41859
dme03010,318977
dme03010,45329
dme03010,31613
dme03010,117414
dme03010,318249
dme03010,318825
dme03010,31588
dme03010,41757
dme03010,39108
dme03010,4379878
dme03010,5740688
dme03010,37563
dme03010,37628
dme03010,50381
dme03010,37589
dme03010,33715
dme03010,41811
dme03010,39088
dme03010,37849
dme03010,37580
dme03010,33214
dme03010,31483
dme03010,37587
dme03010,41838
dme03010,41293
dme03010,8674052
dme03010,39809
dme03010,37872
dme03010,19836175
dme03010,32635
dme03010,32242
dme03010,34329
dme03010,36466
dme03010,32662
dme03010,43103
dme03010,41347
dme03010,37787
dme03010,34352
dme03010,36855
dme03010,44326
dme03010,34412
dme03010,42061
dme03010,40261
dme03010,41364
dme03010,34420
dme03010,34625
dme03010,42830
dme03010,33317
dme03010,37750
dme03010,37136
dme03010,43349
dme03010,49425
dme03010,44783
dme03010,39749
dme03010,34309
dme03010,43169
dme03010,34446
dme03010,34526
dme03010,38983
dme03010,36985
dme03010,41343
dme03010,41372
dme03010,42761
dme03010,40060
dme03010,42671
dme03010,41807
dme03010,31398
dme03010,34070
dme03010,40395
dme03010,39338
dme03010,40001
dme03010,34098
dme03010,31022
dme03010,40451
dme03010,40980
dme03010,31009
dme03010,39253
dme03010,37235
dme03010,43532
dme03010,31228
dme03010,43573
dme03010,38208
dme03010,41028
dme03010,32523
dme03010,36851
dme03010,36570
dme03010,36576
dme03010,32530
dme03010,41200
dme03010,38796
dme03010,38794
dme03010,33703
dme03010,36321
dme03010,37292
dme03010,32700
dme03010,32446
dme03010,34754
dme03010,37389
dme03010,41120
dme03010,41141
dme03010,43609
dme03010,40091
dme03010,37684
dme03010,37669
dme03010,3771903
dme03010,3772306
dme03010,3771980
dme03010,3771929
dme03010,3772704
dme03010,3772352
dme03010,3772136
dme03010,3771810
dme03010,3772620
dme03010,3772170
dme03010,3771950
dme03010,3772469
dme03010,3772240
dme03010,3772044
dme03010,3771831
dme03010,3771862
dme03010,3772695
dme03010,3772417
dme03010,3772009
dme03010,3771737
dme03010,3772572
dme03010,3772287
dme03010,3772386
dme03010,3772545
dme03010,3772328
dme03010,3772363
dme03010,3772142
dme03010,3771944
dme03010,3772478
dme03010,3772241
dme03010,3772038
dme03010,3772703
dme03010,3772414
dme03010,3772010
dme03010,3771742
dme03010,3772578
dme03010,3772284
dme03010,3772388
dme03010,3772115
dme03010,3772685
dme03010,3772243
dme03010,3771979
dme03010,3771820
dme03010,3772534
dme03010,3772642
dme03010,3772348
dme03010,3772184
dme03010,3772307
dme03010,3772343
dme03010,3772131
dme03010,3771930
dme03010,3772705
dme03010,3772255
dme03010,3772059
dme03010,3771839
dme03010,3771878
dme03010,3772389
dme03010,3772107
dme03010,3771961
dme03010,3772668
dme03010,3771978
dme03010,3771827
dme03010,3772528
dme03010,3771748
dme03010,3772522
dme03010,3772295
dme03010,3772092
dme03010,3772098
dme03010,3771889
dme03010,3772667
dme03010,3772445
dme03010,3772398
dme03010,3772116
dme03010,3771963
dme03010,3772681
dme03010,3772260
dme03010,3771982
dme03010,3771834
dme03010,3772543
dme03010,3772001
dme03010,3771787
dme03010,3771953
dme03010,3772593
dme03010,3772377
dme03010,3772040
dme03010,3771833
dme03010,3772481
dme03010,3772252
dme03010,3772510
dme03010,3772272
dme03010,3772078
dme03010,3772103
dme03010,3771896
dme03010,3772673
dme03010,3772455
dme03010,3772017
dme03010,19893560
dme03010,19893562
dme03010,5740577
dme03010,5740812
dme03010,26067165
dme03010,26067166
dme03010,26067167
dme03010,26067169
dme03010,26067170
dme03010,26067172
dme03010,26067180
dme03013,42816
dme03013,35173
dme03013,38675
dme03013,40581
dme03013,36942
dme03013,44029
dme03013,32350
dme03013,37792
dme03013,39483
dme03013,43041
dme03013,43040
dme03013,33002
dme03013,32970
dme03013,42166
dme03013,37769
dme03013,37685
dme03013,43331
dme03013,34349
dme03013,35016
dme03013,34167
dme03013,44072
dme03013,32971
dme03013,41397
dme03013,35849
dme03013,32153
dme03013,43944
dme03013,41147
dme03013,31881
dme03013,3354919
dme03013,34667
dme03013,38033
dme03013,43736
dme03013,59163
dme03013,317813
dme03013,40723
dme03013,35784
dme03013,31724
dme03013,35336
dme03013,33465
dme03013,37810
dme03013,37780
dme03013,33226
dme03013,40884
dme03013,326153
dme03013,317878
dme03013,59215
dme03013,59216
dme03013,36732
dme03013,118436
dme03013,5740122
dme03013,31195
dme03013,46091
dme03013,47141
dme03013,7354429
dme03013,38332
dme03013,32630
dme03013,33981
dme03013,34527
dme03013,34549
dme03013,34338
dme03013,41367
dme03013,39394
dme03013,37078
dme03013,42825
dme03013,41965
dme03013,36830
dme03013,32851
dme03013,34481
dme03013,44437
dme03013,41562
dme03013,42680
dme03013,44409
dme03013,42171
dme03013,41804
dme03013,33781
dme03013,42342
dme03013,38721
dme03013,40987
dme03013,42209
dme03013,39666
dme03013,35512
dme03013,42539
dme03013,44747
dme03013,35926
dme03013,38722
dme03013,36264
dme03013,36271
dme03013,41185
dme03013,40160
dme03013,35762
dme03013,36397
dme03013,35924
dme03013,36360
dme03013,33859
dme03013,37402
dme03013,41158
dme03013,40983
dme03013,37467
dme03013,35223
dme03015,44250
dme03015,44148
dme03015,36658
dme03015,37781
dme03015,33968
dme03015,35173
dme03015,40569
dme03015,48532
dme03015,44029
dme03015,40698
dme03015,37792
dme03015,39483
dme03015,42166
dme03015,37769
dme03015,43331
dme03015,32973
dme03015,35849
dme03015,32153
dme03015,43944
dme03015,41147
dme03015,3354919
dme03015,34667
dme03015,3354994
dme03015,2768940
dme03015,34153
dme03015,32379
dme03015,117365
dme03015,43426
dme03015,44289
dme03015,40709
dme03015,35788
dme03015,31724
dme03015,43734
dme03015,37780
dme03015,40884
dme03015,317878
dme03015,39919
dme03015,37493
dme03015,32659
dme03015,31625
dme03015,5740122
dme03015,33437
dme03015,32587
dme03015,33259
dme03015,34877
dme03015,39083
dme03015,34286
dme03015,3355173
dme03015,5740113
dme03015,42368
dme03015,43087
dme03015,37070
dme03015,40240
dme03015,43312
dme03015,49260
dme03015,36494
dme03015,41965
dme03015,47877
dme03015,43231
dme03015,42994
dme03015,34658
dme03015,42922
dme03015,44409
dme03015,45959
dme03015,38937
dme03015,33781
dme03015,40987
dme03015,42239
dme03015,42240
dme03015,39665
dme03015,42539
dme03015,42169
dme03015,41185
dme03015,35924
dme03015,49780
dme03015,34804
dme03015,48531
dme03015,37402
dme03015,41668
dme03015,49636
dme03018,42813
dme03018,33964
dme03018,39408
dme03018,37790
dme03018,31795
dme03018,43710
dme03018,38369
dme03018,32045
dme03018,35003
dme03018,32966
dme03018,34901
dme03018,34721
dme03018,34763
dme03018,42983
dme03018,33351
dme03018,3772012
dme03018,41552
dme03018,38229
dme03018,40711
dme03018,40683
dme03018,48572
dme03018,42880
dme03018,42842
dme03018,34416
dme03018,319033
dme03018,32935
dme03018,5740252
dme03018,41226
dme03018,37731
dme03018,36060
dme03018,41270
dme03018,48782
dme03018,37413
dme03018,34364
dme03018,37070
dme03018,42058
dme03018,39366
dme03018,39722
dme03018,34541
dme03018,34548
dme03018,39957
dme03018,42900
dme03018,38693
dme03018,33796
dme03018,41798
dme03018,40173
dme03018,35893
dme03018,36766
dme03018,35501
dme03018,36583
dme03018,35921
dme03018,32558
dme03018,32574
dme03018,35382
dme03018,35339
dme03018,37372
dme03018,34229
dme03018,32665
dme03020,36617
dme03020,40325
dme03020,35196
dme03020,40415
dme03020,48312
dme03020,36160
dme03020,41542
dme03020,42563
dme03020,42942
dme03020,33963
dme03020,32100
dme03020,32524
dme03020,42201
dme03020,261631
dme03020,41721
dme03020,41741
dme03020,39941
dme03020,3772344
dme03020,5740790
dme03020,33712
dme03020,42309
dme03020,33210
dme03020,14462484
dme03020,32678
dme03020,40002
dme03020,42619
dme03020,35043
dme03020,39310
dme03020,34796
dme03020,36289
dme03022,40790
dme03022,40667
dme03022,39313
dme03022,35297
dme03022,40509
dme03022,40367
dme03022,31048
dme03022,38527
dme03022,33672
dme03022,41406
dme03022,40813
dme03022,31773
dme03022,43793
dme03022,40934
dme03022,33469
dme03022,33468
dme03022,40134
dme03022,31441
dme03022,34293
dme03022,7354403
dme03022,42750
dme03022,33294
dme03022,42822
dme03022,34430
dme03022,39765
dme03022,43284
dme03022,32762
dme03022,41290
dme03022,45432
dme03022,39164
dme03022,32792
dme03022,40429
dme03022,34102
dme03022,36130
dme03022,47900
dme03022,39688
dme03022,39202
dme03022,36598
dme03022,37414
dme03022,37476
dme03030,35257
dme03030,38661
dme03030,32323
dme03030,40607
dme03030,37560
dme03030,38228
dme03030,3772329
dme03030,33213
dme03030,38492
dme03030,32113
dme03030,35679
dme03030,31934
dme03030,246459
dme03030,34892
dme03030,31603
dme03030,41296
dme03030,31449
dme03030,41968
dme03030,39014
dme03030,34423
dme03030,44915
dme03030,43278
dme03030,39746
dme03030,34550
dme03030,42553
dme03030,42758
dme03030,38942
dme03030,40973
dme03030,32763
dme03030,36887
dme03030,35746
dme03030,37290
dme03030,35364
dme03030,40972
dme03040,38756
dme03040,36619
dme03040,33967
dme03040,40739
dme03040,42028
dme03040,35112
dme03040,39408
dme03040,35268
dme03040,35173
dme03040,35192
dme03040,44668
dme03040,39456
dme03040,31707
dme03040,41670
dme03040,44029
dme03040,35654
dme03040,38520
dme03040,43004
dme03040,41068
dme03040,50007
dme03040,38173
dme03040,53435
dme03040,36143
dme03040,42166
dme03040,40781
dme03040,48535
dme03040,43331
dme03040,35003
dme03040,38720
dme03040,43862
dme03040,42931
dme03040,38069
dme03040,38093
dme03040,35713
dme03040,43427
dme03040,31595
dme03040,40529
dme03040,43556
dme03040,32282
dme03040,32069
dme03040,36314
dme03040,42048
dme03040,34667
dme03040,38033
dme03040,3354996
dme03040,35571
dme03040,7354399
dme03040,3355114
dme03040,3772012
dme03040,32168
dme03040,47457
dme03040,34080
dme03040,44920
dme03040,38229
dme03040,40723
dme03040,31259
dme03040,33235
dme03040,33460
dme03040,40678
dme03040,37810
dme03040,35934
dme03040,33645
dme03040,42842
dme03040,48582
dme03040,48581
dme03040,41437
dme03040,44921
dme03040,37681
dme03040,326153
dme03040,31208
dme03040,32373
dme03040,3346235
dme03040,33180
dme03040,33513
dme03040,33201
dme03040,33514
dme03040,32587
dme03040,31558
dme03040,44173
dme03040,31481
dme03040,41840
dme03040,40785
dme03040,31442
dme03040,43358
dme03040,36984
dme03040,43348
dme03040,34426
dme03040,42852
dme03040,53444
dme03040,42274
dme03040,37123
dme03040,39394
dme03040,50022
dme03040,43912
dme03040,39737
dme03040,42285
dme03040,42593
dme03040,36514
dme03040,32464
dme03040,39955
dme03040,39218
dme03040,48583
dme03040,38693
dme03040,34608
dme03040,40064
dme03040,39655
dme03040,38062
dme03040,53443
dme03040,44409
dme03040,33781
dme03040,32881
dme03040,40987
dme03040,41609
dme03040,40172
dme03040,42539
dme03040,36561
dme03040,31840
dme03040,36306
dme03040,36789
dme03040,33982
dme03040,35924
dme03040,36304
dme03040,39542
dme03040,37372
dme03040,37381
dme03040,37402
dme03040,33909
dme03040,40983
dme03040,40960
dme03040,32636
dme03040,43385
dme03040,32602
dme03040,3772462
dme03040,3772037
dme03040,3772327
dme03040,3772628
dme03040,3772712
dme03040,3772520
dme03040,3772392
dme03040,3772634
dme03040,3771927
dme03040,3771770
dme03040,3772474
dme03040,3772330
dme03040,3772527
dme03040,3772048
dme03040,3772477
dme03040,3772339
dme03040,3771824
dme03040,3772126
dme03040,3771995
dme03040,3772192
dme03040,3771949
dme03040,3772678
dme03040,3772228
dme03040,3772337
dme03040,19835752
dme03050,36638
dme03050,42802
dme03050,42805
dme03050,36951
dme03050,40717
dme03050,2768973
dme03050,43449
dme03050,41079
dme03050,40639
dme03050,40621
dme03050,45269
dme03050,36545
dme03050,35701
dme03050,50428
dme03050,33105
dme03050,36018
dme03050,32274
dme03050,32047
dme03050,42457
dme03050,33449
dme03050,33451
dme03050,34999
dme03050,43679
dme03050,33738
dme03050,31511
dme03050,45780
dme03050,43635
dme03050,246582
dme03050,318924
dme03050,39628
dme03050,37894
dme03050,32584
dme03050,31567
dme03050,39855
dme03050,39845
dme03050,35176
dme03050,37910
dme03050,34359
dme03050,41531
dme03050,42828
dme03050,42641
dme03050,34726
dme03050,31433
dme03050,39351
dme03050,40388
dme03050,40174
dme03050,46058
dme03050,36277
dme03050,35342
dme03050,37378
dme03050,41190
dme03050,41672
dme03050,37690
dme03060,46080
dme03060,37337
dme03060,50096
dme03060,37312
dme03060,32968
dme03060,35690
dme03060,32095
dme03060,40815
dme03060,47251
dme03060,317826
dme03060,47283
dme03060,32133
dme03060,38815
dme03060,38593
dme03060,34333
dme03060,39028
dme03060,35052
dme03060,42436
dme03060,42439
dme03060,42885
dme03060,39222
dme03060,3772662
dme03060,38844
dme03060,38883
dme03060,36759
dme03060,38819
dme03060,36310
dme03060,32505
dme03060,33905
dme03060,40557
dme03082,37368
dme03082,35490
dme03082,40657
dme03082,36241
dme03082,37339
dme03082,38478
dme03082,42954
dme03082,32514
dme03082,41072
dme03082,35526
dme03082,50403
dme03082,38637
dme03082,3772329
dme03082,35880
dme03082,43460
dme03082,32166
dme03082,31890
dme03082,43819
dme03082,36154
dme03082,48632
dme03082,32050
dme03082,41942
dme03082,32173
dme03082,43751
dme03082,40693
dme03082,31250
dme03082,35485
dme03082,42314
dme03082,318855
dme03082,326171
dme03082,39212
dme03082,44811
dme03082,35560
dme03082,35483
dme03082,3772186
dme03082,3772282
dme03082,3772345
dme03082,3772351
dme03082,3772541
dme03082,3771783
dme03082,3771785
dme03082,3772447
dme03082,3772632
dme03082,3772448
dme03082,3772618
dme03082,3772360
dme03082,3772565
dme03082,3771774
dme03082,3772148
dme03082,3772346
dme03082,3772556
dme03082,3772139
dme03082,3772278
dme03082,3772505
dme03082,39102
dme03082,39095
dme03082,53439
dme03082,31521
dme03082,41836
dme03082,32268
dme03082,34516
dme03082,37922
dme03082,41885
dme03082,43229
dme03082,39744
dme03082,31362
dme03082,41850
dme03082,36956
dme03082,32853
dme03082,31846
dme03082,34062
dme03082,42130
dme03082,38565
dme03082,40444
dme03082,36238
dme03082,32769
dme03082,42173
dme03082,40170
dme03082,41151
dme03082,36390
dme03082,35397
dme03082,33973
dme03082,40111
dme03082,45655
dme03082,40092
dme03083,35486
dme03083,38437
dme03083,37024
dme03083,41090
dme03083,39252
dme03083,32996
dme03083,32997
dme03083,37601
dme03083,37713
dme03083,32995
dme03083,37909
dme03083,42824
dme03083,33131
dme03083,32169
dme03083,34595
dme03083,32132
dme03083,43856
dme03083,31731
dme03083,37763
dme03083,34709
dme03083,31016
dme03083,43788
dme03083,53428
dme03083,43819
dme03083,31181
dme03083,117463
dme03083,2768873
dme03083,2768872
dme03083,2768902
dme03083,2768901
dme03083,2768900
dme03083,2768899
dme03083,2768898
dme03083,2768897
dme03083,2768896
dme03083,2768906
dme03083,2768905
dme03083,2768904
dme03083,39095
dme03083,39103
dme03083,36431
dme03083,44889
dme03083,5740827
dme03083,31458
dme03083,48903
dme03083,41836
dme03083,7354447
dme03083,12798588
dme03083,36461
dme03083,37069
dme03083,34611
dme03083,43327
dme03083,43288
dme03083,39203
dme03083,34504
dme03083,42696
dme03083,41785
dme03083,38565
dme03083,48071
dme03083,36794
dme03083,36612
dme03083,36298
dme03083,37300
dme03083,35555
dme03083,41168
dme03083,40095
dme03250,40657
dme03250,47220
dme03250,36942
dme03250,43041
dme03250,36387
dme03250,43330
dme03250,34167
dme03250,44072
dme03250,43856
dme03250,33111
dme03250,32604
dme03250,33465
dme03250,33458
dme03250,40171
dme03250,31681
dme03250,37581
dme03250,39431
dme03250,32630
dme03250,44451
dme03250,37586
dme03250,42520
dme03250,38982
dme03250,39961
dme03250,35051
dme03250,32777
dme03250,38937
dme03250,53442
dme03250,39666
dme03250,43576
dme03250,35933
dme03250,43927
dme03250,39881
dme03250,32607
dme03265,33072
dme03265,31364
dme03265,34358
dme03266,43223
dme03266,40248
dme03272,37455
dme03272,38750
dme03272,35614
dme03272,35613
dme03272,43330
dme03272,59177
dme03272,59178
dme03272,246490
dme03272,35411
dme03272,40036
dme03272,44297
dme03272,40250
dme03272,43127
dme03272,32777
dme03272,35933
dme03272,35405
dme03272,34211
dme03272,39881
dme03273,38001
dme03273,36773
dme03273,35411
dme03410,35257
dme03410,38661
dme03410,40607
dme03410,37560
dme03410,38228
dme03410,117294
dme03410,3772329
dme03410,38492
dme03410,41518
dme03410,31806
dme03410,43796
dme03410,31329
dme03410,33500
dme03410,3772064
dme03410,34892
dme03410,3355109
dme03410,31451
dme03410,42078
dme03410,34423
dme03410,42322
dme03410,39746
dme03410,34550
dme03410,42758
dme03410,32763
dme03410,36887
dme03410,33530
dme03410,34792
dme03410,37290
dme03410,35365
dme03410,40994
dme03420,36654
dme03420,35257
dme03420,38661
dme03420,42855
dme03420,3772069
dme03420,40509
dme03420,40607
dme03420,40415
dme03420,37560
dme03420,48312
dme03420,36160
dme03420,38228
dme03420,3772329
dme03420,42942
dme03420,38492
dme03420,32113
dme03420,32100
dme03420,31014
dme03420,53445
dme03420,43785
dme03420,261631
dme03420,41721
dme03420,41741
dme03420,31441
dme03420,5740790
dme03420,31373
dme03420,42309
dme03420,34892
dme03420,7354403
dme03420,14462484
dme03420,33294
dme03420,34423
dme03420,39746
dme03420,34550
dme03420,31357
dme03420,42758
dme03420,35043
dme03420,40429
dme03420,36130
dme03420,39688
dme03420,41611
dme03420,34796
dme03420,39202
dme03420,32763
dme03420,36598
dme03420,36697
dme03420,35780
dme03420,37290
dme03420,35364
dme03420,37414
dme03420,40972
dme03430,35257
dme03430,35119
dme03430,40607
dme03430,35796
dme03430,38228
dme03430,38492
dme03430,32113
dme03430,34892
dme03430,34842
dme03430,41968
dme03430,34423
dme03430,39746
dme03430,34550
dme03430,39654
dme03430,32763
dme03430,36705
dme03430,37290
dme03430,35364
dme03430,40972
dme03440,35236
dme03440,48309
dme03440,38228
dme03440,36136
dme03440,50428
dme03440,32113
dme03440,34565
dme03440,35937
dme03440,31044
dme03440,318579
dme03440,41746
dme03440,31565
dme03440,33507
dme03440,34892
dme03440,41968
dme03440,39746
dme03440,37564
dme03440,41839
dme03440,44259
dme03440,41366
dme03440,43577
dme03440,35364
dme03440,40972
dme03450,32322
dme03450,34565
dme03450,34930
dme03450,117419
dme03450,37564
dme03450,36887
dme03460,35236
dme03460,36654
dme03460,35796
dme03460,38079
dme03460,41231
dme03460,36136
dme03460,35895
dme03460,32113
dme03460,43462
dme03460,2768674
dme03460,40578
dme03460,47186
dme03460,31044
dme03460,318579
dme03460,31565
dme03460,31373
dme03460,32608
dme03460,41366
dme03460,40438
dme03460,40965
dme03460,42543
dme03460,43577
dme03460,36705
dme03460,36199
dme03460,35364
dme03460,40972
dme04013,37455
dme04013,36606
dme04013,35253
dme04013,38321
dme04013,38657
dme04013,38437
dme04013,31746
dme04013,45973
dme04013,31391
dme04013,32257
dme04013,34688
dme04013,44851
dme04013,3354888
dme04013,36054
dme04013,39885
dme04013,34167
dme04013,43656
dme04013,35717
dme04013,33753
dme04013,36032
dme04013,37149
dme04013,31872
dme04013,31883
dme04013,44030
dme04013,42757
dme04013,41363
dme04013,34171
dme04013,36059
dme04013,32039
dme04013,44353
dme04013,39659
dme04013,48317
dme04013,43481
dme04013,38424
dme04013,31667
dme04013,38146
dme04013,44111
dme04013,36057
dme04013,31221
dme04013,40660
dme04013,246638
dme04013,33477
dme04013,318725
dme04013,33392
dme04013,326198
dme04013,2768679
dme04013,3772082
dme04013,31379
dme04013,44052
dme04013,45278
dme04013,33212
dme04013,53560
dme04013,32256
dme04013,35524
dme04013,37978
dme04013,39833
dme04013,42366
dme04013,45994
dme04013,42692
dme04013,40009
dme04013,42866
dme04013,43319
dme04013,34380
dme04013,34376
dme04013,44801
dme04013,36497
dme04013,43185
dme04013,32849
dme04013,36952
dme04013,42564
dme04013,39158
dme04013,45959
dme04013,34096
dme04013,34780
dme04013,37216
dme04013,41785
dme04013,48973
dme04013,42253
dme04013,34790
dme04013,40958
dme04013,44747
dme04013,34132
dme04013,43146
dme04013,43162
dme04013,38831
dme04013,36878
dme04013,32569
dme04013,41136
dme04013,41140
dme04013,33834
dme04013,41020
dme04013,40549
dme04013,37461
dme04013,33432
dme04013,39884
dme04068,37455
dme04068,42453
dme04068,39383
dme04068,37130
dme04068,35646
dme04068,33944
dme04068,39319
dme04068,38017
dme04068,40232
dme04068,42132
dme04068,3354888
dme04068,31220
dme04068,39151
dme04068,39149
dme04068,32169
dme04068,43856
dme04068,33476
dme04068,31872
dme04068,37131
dme04068,43725
dme04068,42549
dme04068,43673
dme04068,31738
dme04068,33203
dme04068,31221
dme04068,33608
dme04068,43904
dme04068,41709
dme04068,32001
dme04068,2768992
dme04068,2768679
dme04068,37618
dme04068,41957
dme04068,42446
dme04068,44432
dme04068,40278
dme04068,34708
dme04068,42866
dme04068,43991
dme04068,44801
dme04068,64880
dme04068,42971
dme04068,36497
dme04068,41839
dme04068,41295
dme04068,39152
dme04068,40048
dme04068,40384
dme04068,34780
dme04068,34790
dme04068,38890
dme04068,35931
dme04068,39150
dme04068,35900
dme04068,36878
dme04068,32551
dme04068,34198
dme04068,41673
dme04068,41140
dme04068,33010
dme04068,40548
dme04070,37465
dme04070,31247
dme04070,39404
dme04070,40664
dme04070,35751
dme04070,39329
dme04070,37613
dme04070,33236
dme04070,38092
dme04070,33137
dme04070,32279
dme04070,47878
dme04070,39739
dme04070,39742
dme04070,39741
dme04070,39740
dme04070,3885565
dme04070,44913
dme04070,43118
dme04070,33203
dme04070,40670
dme04070,41701
dme04070,37360
dme04070,246577
dme04070,42836
dme04070,319047
dme04070,35738
dme04070,5740362
dme04070,37707
dme04070,31157
dme04070,31376
dme04070,32589
dme04070,37633
dme04070,34300
dme04070,42446
dme04070,32601
dme04070,2768892
dme04070,326119
dme04070,31826
dme04070,32285
dme04070,33204
dme04070,43117
dme04070,37733
dme04070,43991
dme04070,37033
dme04070,36897
dme04070,36959
dme04070,37517
dme04070,48311
dme04070,39168
dme04070,45374
dme04070,42545
dme04070,43950
dme04070,36329
dme04070,36408
dme04070,33845
dme04070,38137
dme04070,32506
dme04070,40347
dme04070,40346
dme04070,37356
dme04080,39054
dme04080,40575
dme04080,42530
dme04080,43838
dme04080,43669
dme04080,36214
dme04080,48343
dme04080,36368
dme04080,36218
dme04080,36217
dme04080,36216
dme04080,36215
dme04080,31626
dme04080,40393
dme04080,35535
dme04080,37191
dme04080,34878
dme04080,33360
dme04080,37196
dme04080,34755
dme04080,32554
dme04080,5740142
dme04080,47901
dme04080,48316
dme04080,49080
dme04080,43484
dme04080,33231
dme04080,40665
dme04080,246398
dme04080,36221
dme04080,246404
dme04080,37004
dme04080,33248
dme04080,43098
dme04080,318986
dme04080,32864
dme04080,36475
dme04080,318901
dme04080,326265
dme04080,2768688
dme04080,31107
dme04080,33007
dme04080,5740868
dme04080,3355097
dme04080,32860
dme04080,41017
dme04080,37892
dme04080,44484
dme04080,41286
dme04080,42561
dme04080,39984
dme04080,42133
dme04080,36223
dme04080,43551
dme04080,40955
dme04080,36601
dme04080,38742
dme04080,41639
dme04080,41638
dme04080,32553
dme04080,32548
dme04080,34226
dme04080,41726
dme04080,43583
dme04080,41713
dme04081,44817
dme04081,38765
dme04081,32544
dme04081,40333
dme04081,31744
dme04081,43644
dme04081,45883
dme04081,36368
dme04081,33529
dme04081,33753
dme04081,31220
dme04081,39151
dme04081,39149
dme04081,35419
dme04081,32080
dme04081,3355131
dme04081,43725
dme04081,36384
dme04081,36385
dme04081,42549
dme04081,35731
dme04081,36104
dme04081,33203
dme04081,37805
dme04081,246420
dme04081,41927
dme04081,37376
dme04081,32864
dme04081,33253
dme04081,2768992
dme04081,33007
dme04081,35588
dme04081,31376
dme04081,45234
dme04081,42446
dme04081,32860
dme04081,42428
dme04081,34284
dme04081,33204
dme04081,34348
dme04081,42656
dme04081,64880
dme04081,34495
dme04081,39152
dme04081,48973
dme04081,42133
dme04081,40180
dme04081,39150
dme04081,36775
dme04081,36601
dme04081,32485
dme04081,41673
dme04081,32406
dme04081,41726
dme04082,38765
dme04082,117368
dme04082,39054
dme04082,32544
dme04082,40575
dme04082,40333
dme04082,31744
dme04082,43838
dme04082,43644
dme04082,43669
dme04082,42249
dme04082,35419
dme04082,37157
dme04082,37191
dme04082,34878
dme04082,34863
dme04082,33650
dme04082,37196
dme04082,36006
dme04082,43805
dme04082,32554
dme04082,36384
dme04082,36385
dme04082,41625
dme04082,36104
dme04082,37805
dme04082,40665
dme04082,246420
dme04082,33248
dme04082,31457
dme04082,42795
dme04082,31107
dme04082,33007
dme04082,3346192
dme04082,31376
dme04082,45234
dme04082,41017
dme04082,37892
dme04082,44484
dme04082,34284
dme04082,39056
dme04082,37895
dme04082,33204
dme04082,41330
dme04082,37772
dme04082,41286
dme04082,36897
dme04082,48311
dme04082,42561
dme04082,34046
dme04082,39984
dme04082,42245
dme04082,43551
dme04082,40955
dme04082,40180
dme04082,36849
dme04082,36574
dme04082,38742
dme04082,36331
dme04082,32553
dme04082,32485
dme04082,32406
dme04082,41726
dme04082,43583
dme04082,33427
dme04120,42793
dme04120,40336
dme04120,44118
dme04120,45574
dme04120,38437
dme04120,31746
dme04120,33932
dme04120,39474
dme04120,36975
dme04120,38456
dme04120,31564
dme04120,33035
dme04120,32996
dme04120,32997
dme04120,37713
dme04120,41532
dme04120,39753
dme04120,32995
dme04120,40900
dme04120,41231
dme04120,39885
dme04120,53433
dme04120,36539
dme04120,43434
dme04120,31594
dme04120,41467
dme04120,38516
dme04120,35420
dme04120,35591
dme04120,37763
dme04120,37808
dme04120,33901
dme04120,31014
dme04120,31016
dme04120,53445
dme04120,38591
dme04120,35998
dme04120,32358
dme04120,35742
dme04120,43747
dme04120,40610
dme04120,43611
dme04120,31728
dme04120,35315
dme04120,32190
dme04120,31214
dme04120,33629
dme04120,45922
dme04120,33226
dme04120,45906
dme04120,318886
dme04120,31835
dme04120,326237
dme04120,37876
dme04120,3885654
dme04120,42504
dme04120,5740853
dme04120,34849
dme04120,42062
dme04120,3355079
dme04120,42435
dme04120,39958
dme04120,33379
dme04120,40596
dme04120,34896
dme04120,34968
dme04120,12798588
dme04120,44054
dme04120,34002
dme04120,36999
dme04120,39035
dme04120,34433
dme04120,34420
dme04120,33318
dme04120,37123
dme04120,40249
dme04120,37035
dme04120,42105
dme04120,44793
dme04120,39266
dme04120,41260
dme04120,34487
dme04120,42753
dme04120,38961
dme04120,36129
dme04120,38916
dme04120,41785
dme04120,44496
dme04120,39691
dme04120,36820
dme04120,41611
dme04120,35927
dme04120,32510
dme04120,32751
dme04120,39133
dme04120,36748
dme04120,38798
dme04120,35780
dme04120,36298
dme04120,36246
dme04120,38151
dme04120,32473
dme04120,37237
dme04120,41181
dme04120,41682
dme04120,40548
dme04120,34699
dme04120,39884
dme04122,35234
dme04122,43017
dme04122,34613
dme04122,41570
dme04122,34187
dme04122,2768949
dme04122,8674021
dme04122,35920
dme04130,37774
dme04130,36080
dme04130,42933
dme04130,40094
dme04130,39051
dme04130,33034
dme04130,31706
dme04130,36015
dme04130,38196
dme04130,40724
dme04130,42854
dme04130,38085
dme04130,39847
dme04130,34966
dme04130,42215
dme04130,38614
dme04130,36173
dme04130,31030
dme04130,38541
dme04130,248102
dme04130,40373
dme04136,39383
dme04136,39454
dme04136,42132
dme04136,38344
dme04136,50253
dme04136,31666
dme04136,31903
dme04136,326115
dme04136,326166
dme04136,32001
dme04136,36821
dme04136,31543
dme04136,33283
dme04136,47396
dme04136,37733
dme04136,42850
dme04136,37141
dme04136,41868
dme04136,40044
dme04136,32871
dme04136,45959
dme04136,40998
dme04136,38913
dme04136,35396
dme04136,41096
dme04137,40336
dme04137,31749
dme04137,38472
dme04137,33184
dme04137,38456
dme04137,38494
dme04137,31564
dme04137,33689
dme04137,44978
dme04137,42132
dme04137,33797
dme04137,39885
dme04137,37909
dme04137,41285
dme04137,31143
dme04137,38455
dme04137,46038
dme04137,32132
dme04137,37899
dme04137,31315
dme04137,49892
dme04137,48448
dme04137,43279
dme04137,40653
dme04137,36057
dme04137,36040
dme04137,35329
dme04137,33629
dme04137,31519
dme04137,41709
dme04137,117463
dme04137,32001
dme04137,326237
dme04137,2768873
dme04137,2768872
dme04137,2768902
dme04137,2768901
dme04137,2768900
dme04137,2768899
dme04137,2768898
dme04137,2768897
dme04137,2768896
dme04137,2768906
dme04137,2768905
dme04137,2768904
dme04137,36821
dme04137,33418
dme04137,31581
dme04137,5740827
dme04137,7354447
dme04137,43580
dme04137,42745
dme04137,36999
dme04137,40278
dme04137,34420
dme04137,42845
dme04137,42850
dme04137,37144
dme04137,32796
dme04137,32450
dme04137,34368
dme04137,44801
dme04137,42509
dme04137,42841
dme04137,34618
dme04137,48973
dme04137,36675
dme04137,40189
dme04137,40178
dme04137,32510
dme04137,35899
dme04137,35553
dme04137,36578
dme04137,47767
dme04137,37300
dme04137,38144
dme04137,41140
dme04137,41152
dme04137,40556
dme04137,32617
dme04137,39884
dme04140,36602
dme04140,38654
dme04140,40664
dme04140,117332
dme04140,39383
dme04140,31746
dme04140,39454
dme04140,32341
dme04140,37774
dme04140,38543
dme04140,40741
dme04140,38456
dme04140,38494
dme04140,31564
dme04140,43438
dme04140,41071
dme04140,41074
dme04140,43644
dme04140,38017
dme04140,31684
dme04140,117294
dme04140,32947
dme04140,42132
dme04140,38344
dme04140,3354888
dme04140,31803
dme04140,50253
dme04140,34182
dme04140,40700
dme04140,33819
dme04140,39151
dme04140,39149
dme04140,42256
dme04140,31706
dme04140,45268
dme04140,31872
dme04140,43709
dme04140,31666
dme04140,34494
dme04140,42094
dme04140,39522
dme04140,4379919
dme04140,3355130
dme04140,42549
dme04140,39659
dme04140,40653
dme04140,35329
dme04140,33203
dme04140,33629
dme04140,31903
dme04140,43904
dme04140,31118
dme04140,326115
dme04140,318725
dme04140,33330
dme04140,326166
dme04140,326174
dme04140,326175
dme04140,317987
dme04140,32001
dme04140,326232
dme04140,326237
dme04140,35411
dme04140,326263
dme04140,42524
dme04140,2768992
dme04140,36821
dme04140,32589
dme04140,41957
dme04140,42446
dme04140,32191
dme04140,31543
dme04140,34284
dme04140,33283
dme04140,43580
dme04140,42358
dme04140,42692
dme04140,40278
dme04140,36173
dme04140,47396
dme04140,34420
dme04140,37733
dme04140,42850
dme04140,37141
dme04140,43991
dme04140,44801
dme04140,64880
dme04140,42095
dme04140,42096
dme04140,42841
dme04140,34735
dme04140,42862
dme04140,41868
dme04140,41260
dme04140,34493
dme04140,36959
dme04140,37520
dme04140,36546
dme04140,39152
dme04140,40044
dme04140,40201
dme04140,32871
dme04140,45959
dme04140,42192
dme04140,40998
dme04140,38541
dme04140,40177
dme04140,38913
dme04140,39150
dme04140,40168
dme04140,41107
dme04140,35396
dme04140,35793
dme04140,41673
dme04140,41140
dme04140,41096
dme04140,37218
dme04140,32617
dme04141,46080
dme04141,42806
dme04141,43034
dme04141,40336
dme04141,42855
dme04141,38437
dme04141,33409
dme04141,33369
dme04141,39447
dme04141,35674
dme04141,39474
dme04141,31042
dme04141,43436
dme04141,32996
dme04141,32997
dme04141,44643
dme04141,37713
dme04141,38389
dme04141,40694
dme04141,32995
dme04141,38300
dme04141,38500
dme04141,34159
dme04141,37312
dme04141,38096
dme04141,32968
dme04141,32977
dme04141,49953
dme04141,36025
dme04141,42005
dme04141,33082
dme04141,37763
dme04141,32073
dme04141,31014
dme04141,31016
dme04141,53445
dme04141,33333
dme04141,43785
dme04141,32124
dme04141,44920
dme04141,35742
dme04141,32180
dme04141,43747
dme04141,40653
dme04141,36040
dme04141,31215
dme04141,246488
dme04141,41707
dme04141,318624
dme04141,48582
dme04141,35480
dme04141,48581
dme04141,44921
dme04141,318747
dme04141,318785
dme04141,317834
dme04141,318098
dme04141,326234
dme04141,2768916
dme04141,3772288
dme04141,31154
dme04141,3355079
dme04141,32133
dme04141,33220
dme04141,31957
dme04141,37897
dme04141,41840
dme04141,12798588
dme04141,32256
dme04141,44054
dme04141,37744
dme04141,42358
dme04141,38603
dme04141,43091
dme04141,42366
dme04141,34333
dme04141,42679
dme04141,43978
dme04141,34433
dme04141,42852
dme04141,37148
dme04141,39768
dme04141,42872
dme04141,43354
dme04141,44801
dme04141,34714
dme04141,34976
dme04141,42105
dme04141,50022
dme04141,34314
dme04141,39254
dme04141,37029
dme04141,40459
dme04141,35056
dme04141,48583
dme04141,39557
dme04141,34619
dme04141,44437
dme04141,44679
dme04141,40055
dme04141,39651
dme04141,42615
dme04141,40399
dme04141,37206
dme04141,41785
dme04141,32902
dme04141,43005
dme04141,41609
dme04141,34137
dme04141,35527
dme04141,39679
dme04141,38886
dme04141,38888
dme04141,35877
dme04141,41161
dme04141,38819
dme04141,47767
dme04141,36310
dme04141,41646
dme04141,36298
dme04141,39542
dme04141,32532
dme04141,36270
dme04141,36262
dme04141,31849
dme04141,45680
dme04141,33862
dme04141,44226
dme04141,41166
dme04141,33905
dme04141,41682
dme04141,33554
dme04141,39882
dme04141,34707
dme04141,32620
dme04141,34699
dme04141,32617
dme04142,36602
dme04142,35614
dme04142,37211
dme04142,39425
dme04142,40748
dme04142,40679
dme04142,44819
dme04142,32341
dme04142,37774
dme04142,43648
dme04142,43649
dme04142,38264
dme04142,37877
dme04142,31381
dme04142,40741
dme04142,38503
dme04142,32145
dme04142,33207
dme04142,41071
dme04142,38423
dme04142,43662
dme04142,33072
dme04142,31805
dme04142,40628
dme04142,32947
dme04142,45668
dme04142,32987
dme04142,40524
dme04142,34587
dme04142,38521
dme04142,35613
dme04142,34182
dme04142,36328
dme04142,38528
dme04142,34160
dme04142,46386
dme04142,37596
dme04142,37597
dme04142,3885599
dme04142,37627
dme04142,39315
dme04142,39234
dme04142,39219
dme04142,40193
dme04142,42266
dme04142,50250
dme04142,31144
dme04142,31137
dme04142,42041
dme04142,38415
dme04142,38454
dme04142,37197
dme04142,45268
dme04142,32249
dme04142,36015
dme04142,32694
dme04142,41189
dme04142,43442
dme04142,42723
dme04142,34494
dme04142,38068
dme04142,42094
dme04142,34997
dme04142,41550
dme04142,31155
dme04142,33658
dme04142,31808
dme04142,3355130
dme04142,3772419
dme04142,35989
dme04142,36487
dme04142,34451
dme04142,42216
dme04142,59177
dme04142,59178
dme04142,326109
dme04142,35693
dme04142,43746
dme04142,31342
dme04142,31902
dme04142,31903
dme04142,246425
dme04142,246439
dme04142,246490
dme04142,37600
dme04142,246520
dme04142,43943
dme04142,246543
dme04142,31647
dme04142,31118
dme04142,43223
dme04142,42796
dme04142,41457
dme04142,326136
dme04142,318721
dme04142,41710
dme04142,44307
dme04142,33330
dme04142,261623
dme04142,33921
dme04142,326174
dme04142,326175
dme04142,39230
dme04142,326194
dme04142,39282
dme04142,317846
dme04142,317926
dme04142,317987
dme04142,45467
dme04142,318103
dme04142,35411
dme04142,326263
dme04142,37884
dme04142,4379860
dme04142,39106
dme04142,5740347
dme04142,31557
dme04142,42490
dme04142,45012
dme04142,37825
dme04142,41233
dme04142,37599
dme04142,37598
dme04142,8674120
dme04142,33211
dme04142,8673965
dme04142,31543
dme04142,32263
dme04142,39231
dme04142,37490
dme04142,42739
dme04142,33295
dme04142,36973
dme04142,34564
dme04142,32695
dme04142,34695
dme04142,47396
dme04142,35055
dme04142,34013
dme04142,37122
dme04142,41370
dme04142,34436
dme04142,39981
dme04142,37536
dme04142,34358
dme04142,34355
dme04142,42095
dme04142,42096
dme04142,42835
dme04142,42841
dme04142,42525
dme04142,34450
dme04142,3772574
dme04142,34544
dme04142,34437
dme04142,42341
dme04142,37033
dme04142,34493
dme04142,37520
dme04142,42576
dme04142,36546
dme04142,42985
dme04142,34482
dme04142,40052
dme04142,31423
dme04142,45247
dme04142,41806
dme04142,38022
dme04142,42642
dme04142,42192
dme04142,33374
dme04142,39994
dme04142,38541
dme04142,39965
dme04142,40389
dme04142,42214
dme04142,39917
dme04142,48228
dme04142,39232
dme04142,40961
dme04142,48445
dme04142,36829
dme04142,35943
dme04142,35944
dme04142,36826
dme04142,36865
dme04142,44702
dme04142,36731
dme04142,31235
dme04142,41107
dme04142,36381
dme04142,38813
dme04142,36394
dme04142,35405
dme04142,35793
dme04142,40152
dme04142,36391
dme04142,41643
dme04142,32537
dme04142,36900
dme04142,33839
dme04142,31842
dme04142,41150
dme04142,34203
dme04142,34204
dme04142,34205
dme04142,34206
dme04142,34211
dme04142,3772677
dme04144,37455
dme04144,38750
dme04144,37387
dme04144,39523
dme04144,35311
dme04144,31746
dme04144,43823
dme04144,40624
dme04144,35425
dme04144,40582
dme04144,35554
dme04144,39766
dme04144,32981
dme04144,47408
dme04144,43330
dme04144,36311
dme04144,32594
dme04144,42265
dme04144,43164
dme04144,35847
dme04144,31144
dme04144,53554
dme04144,43402
dme04144,44263
dme04144,36122
dme04144,37331
dme04144,37961
dme04144,39735
dme04144,33025
dme04144,33346
dme04144,3885565
dme04144,31006
dme04144,49045
dme04144,45928
dme04144,42549
dme04144,44920
dme04144,43617
dme04144,31738
dme04144,33560
dme04144,33458
dme04144,35783
dme04144,43277
dme04144,43223
dme04144,42665
dme04144,48582
dme04144,48581
dme04144,44921
dme04144,34803
dme04144,39564
dme04144,40327
dme04144,39572
dme04144,33418
dme04144,37633
dme04144,3355013
dme04144,37395
dme04144,37581
dme04144,40036
dme04144,39958
dme04144,39417
dme04144,33379
dme04144,33211
dme04144,41840
dme04144,47594
dme04144,41917
dme04144,38599
dme04144,33295
dme04144,36999
dme04144,32703
dme04144,42852
dme04144,40250
dme04144,37536
dme04144,42501
dme04144,42509
dme04144,50022
dme04144,32752
dme04144,42841
dme04144,33864
dme04144,42525
dme04144,41569
dme04144,39964
dme04144,41551
dme04144,48583
dme04144,34505
dme04144,32850
dme04144,42572
dme04144,42735
dme04144,40487
dme04144,32777
dme04144,38961
dme04144,42642
dme04144,32791
dme04144,42160
dme04144,34097
dme04144,48973
dme04144,38898
dme04144,34785
dme04144,41609
dme04144,36810
dme04144,38204
dme04144,35933
dme04144,36699
dme04144,35900
dme04144,41153
dme04144,35890
dme04144,34126
dme04144,40168
dme04144,40506
dme04144,36775
dme04144,36337
dme04144,34110
dme04144,38846
dme04144,36383
dme04144,32696
dme04144,39542
dme04144,34793
dme04144,32537
dme04144,34777
dme04144,33014
dme04144,39866
dme04144,39881
dme04144,40542
dme04144,37218
dme04144,33444
dme04144,32623
dme04144,37356
dme04145,37368
dme04145,36602
dme04145,35614
dme04145,46080
dme04145,38170
dme04145,38632
dme04145,36963
dme04145,40748
dme04145,37274
dme04145,42482
dme04145,35438
dme04145,33412
dme04145,34873
dme04145,39383
dme04145,40679
dme04145,32341
dme04145,37341
dme04145,33941
dme04145,40741
dme04145,38503
dme04145,38130
dme04145,38125
dme04145,38128
dme04145,33689
dme04145,43463
dme04145,53473
dme04145,44643
dme04145,35709
dme04145,35526
dme04145,36080
dme04145,32947
dme04145,32969
dme04145,42132
dme04145,42199
dme04145,45668
dme04145,34587
dme04145,38521
dme04145,31803
dme04145,35613
dme04145,34182
dme04145,36328
dme04145,37312
dme04145,42933
dme04145,32968
dme04145,43444
dme04145,43671
dme04145,31103
dme04145,42041
dme04145,38455
dme04145,35073
dme04145,35166
dme04145,45268
dme04145,44885
dme04145,32249
dme04145,36015
dme04145,31666
dme04145,32070
dme04145,31460
dme04145,35218
dme04145,37340
dme04145,37904
dme04145,43442
dme04145,34494
dme04145,38196
dme04145,42094
dme04145,34997
dme04145,35195
dme04145,41550
dme04145,44160
dme04145,3355130
dme04145,35981
dme04145,45928
dme04145,48632
dme04145,42216
dme04145,59177
dme04145,59178
dme04145,40848
dme04145,32180
dme04145,32057
dme04145,31995
dme04145,38146
dme04145,40904
dme04145,33203
dme04145,33458
dme04145,31342
dme04145,246428
dme04145,246490
dme04145,246543
dme04145,31118
dme04145,326115
dme04145,42557
dme04145,326131
dme04145,326133
dme04145,326140
dme04145,44307
dme04145,33330
dme04145,326174
dme04145,326175
dme04145,39282
dme04145,317846
dme04145,317987
dme04145,117406
dme04145,37540
dme04145,32001
dme04145,318231
dme04145,37539
dme04145,37538
dme04145,35411
dme04145,326263
dme04145,2768883
dme04145,2768886
dme04145,37888
dme04145,5740248
dme04145,37695
dme04145,33418
dme04145,45012
dme04145,34262
dme04145,37825
dme04145,31521
dme04145,42446
dme04145,33283
dme04145,42739
dme04145,26067074
dme04145,26067075
dme04145,26067076
dme04145,36973
dme04145,43359
dme04145,34695
dme04145,36173
dme04145,38633
dme04145,41885
dme04145,41236
dme04145,37733
dme04145,42850
dme04145,33319
dme04145,37141
dme04145,43319
dme04145,40372
dme04145,42095
dme04145,42096
dme04145,42841
dme04145,34735
dme04145,41566
dme04145,41868
dme04145,42341
dme04145,37033
dme04145,34493
dme04145,36546
dme04145,34495
dme04145,34482
dme04145,40044
dme04145,31405
dme04145,45247
dme04145,41806
dme04145,42192
dme04145,31030
dme04145,40444
dme04145,38580
dme04145,40389
dme04145,42214
dme04145,42159
dme04145,36798
dme04145,35944
dme04145,36826
dme04145,32496
dme04145,41135
dme04145,44702
dme04145,36731
dme04145,44086
dme04145,39130
dme04145,31235
dme04145,41107
dme04145,38831
dme04145,35405
dme04145,36310
dme04145,36900
dme04145,38129
dme04145,38127
dme04145,38122
dme04145,38144
dme04145,39536
dme04145,37238
dme04145,41124
dme04145,41136
dme04145,41166
dme04145,41183
dme04145,34211
dme04145,33905
dme04145,43984
dme04145,41096
dme04145,31994
dme04145,46074
dme04145,32620
dme04146,3772183
dme04146,3771756
dme04146,35231
dme04146,35228
dme04146,36669
dme04146,35255
dme04146,33978
dme04146,40787
dme04146,38598
dme04146,43831
dme04146,37285
dme04146,33955
dme04146,39251
dme04146,3772165
dme04146,42833
dme04146,36128
dme04146,2768954
dme04146,43332
dme04146,32992
dme04146,34188
dme04146,42751
dme04146,38100
dme04146,36029
dme04146,43420
dme04146,31099
dme04146,31100
dme04146,31141
dme04146,42023
dme04146,53578
dme04146,32296
dme04146,44183
dme04146,35213
dme04146,42022
dme04146,42021
dme04146,35140
dme04146,3771779
dme04146,45707
dme04146,35232
dme04146,41897
dme04146,41895
dme04146,41894
dme04146,40615
dme04146,43772
dme04146,37986
dme04146,38532
dme04146,38445
dme04146,317944
dme04146,2768725
dme04146,3772247
dme04146,32582
dme04146,5740152
dme04146,33256
dme04146,31587
dme04146,40293
dme04146,40056
dme04146,31522
dme04146,40294
dme04146,31641
dme04146,53586
dme04146,36462
dme04146,42375
dme04146,37028
dme04146,36860
dme04146,34703
dme04146,42074
dme04146,34630
dme04146,39343
dme04146,43133
dme04146,41896
dme04146,38994
dme04146,45460
dme04146,39652
dme04146,40048
dme04146,39658
dme04146,38941
dme04146,44291
dme04146,3771951
dme04146,41605
dme04146,38182
dme04146,38205
dme04146,36857
dme04146,36758
dme04146,46068
dme04146,36878
dme04146,36232
dme04146,34198
dme04146,35337
dme04146,33898
dme04146,33016
dme04146,37445
dme04146,37446
dme04148,37233
dme04148,38735
dme04148,42817
dme04148,37877
dme04148,35971
dme04148,41084
dme04148,32947
dme04148,3354888
dme04148,36109
dme04148,40081
dme04148,42008
dme04148,31872
dme04148,43775
dme04148,32080
dme04148,32089
dme04148,3355130
dme04148,43828
dme04148,46717
dme04148,34451
dme04148,326109
dme04148,43501
dme04148,38218
dme04148,38146
dme04148,44573
dme04148,31118
dme04148,261623
dme04148,317987
dme04148,326219
dme04148,318096
dme04148,35799
dme04148,2768679
dme04148,33418
dme04148,49297
dme04148,45278
dme04148,34840
dme04148,36488
dme04148,32610
dme04148,43580
dme04148,34708
dme04148,34633
dme04148,42866
dme04148,43319
dme04148,42841
dme04148,32817
dme04148,34450
dme04148,39160
dme04148,39362
dme04148,42192
dme04148,34772
dme04148,44390
dme04148,34780
dme04148,43514
dme04148,43558
dme04148,41107
dme04148,38831
dme04148,35767
dme04148,35766
dme04148,41643
dme04148,32567
dme04148,41136
dme04148,41166
dme04148,32615
dme04148,32609
dme04150,36604
dme04150,38743
dme04150,38654
dme04150,40748
dme04150,117332
dme04150,3355041
dme04150,40679
dme04150,31700
dme04150,39454
dme04150,41071
dme04150,38176
dme04150,38017
dme04150,34624
dme04150,45668
dme04150,3354888
dme04150,36328
dme04150,31220
dme04150,39151
dme04150,39149
dme04150,40193
dme04150,43422
dme04150,31137
dme04150,38454
dme04150,32249
dme04150,31872
dme04150,31023
dme04150,41189
dme04150,34997
dme04150,41550
dme04150,33139
dme04150,45307
dme04150,32078
dme04150,42549
dme04150,31248
dme04150,33203
dme04150,40941
dme04150,31221
dme04150,31903
dme04150,43904
dme04150,318552
dme04150,31059
dme04150,39625
dme04150,326255
dme04150,2768992
dme04150,45012
dme04150,39902
dme04150,41957
dme04150,3355135
dme04150,45525
dme04150,39858
dme04150,42446
dme04150,44432
dme04150,31543
dme04150,31659
dme04150,34540
dme04150,34009
dme04150,34010
dme04150,34011
dme04150,35042
dme04150,34695
dme04150,47396
dme04150,35055
dme04150,37122
dme04150,43991
dme04150,64880
dme04150,44279
dme04150,36497
dme04150,43265
dme04150,42862
dme04150,42869
dme04150,42341
dme04150,32838
dme04150,36897
dme04150,48311
dme04150,39152
dme04150,44437
dme04150,40201
dme04150,33399
dme04150,43505
dme04150,34790
dme04150,32919
dme04150,38923
dme04150,36826
dme04150,39150
dme04150,44702
dme04150,36731
dme04150,38878
dme04150,31235
dme04150,36775
dme04150,41633
dme04150,38793
dme04150,35793
dme04150,35790
dme04150,35762
dme04150,39550
dme04150,32677
dme04150,41673
dme04150,41140
dme04150,40090
dme04150,40548
dme04156,44148
dme04156,37706
dme04156,42801
dme04156,48532
dme04156,32045
dme04156,42132
dme04156,38389
dme04156,43709
dme04156,41189
dme04156,34763
dme04156,40653
dme04156,44289
dme04156,32216
dme04156,31256
dme04156,48572
dme04156,31903
dme04156,37493
dme04156,32001
dme04156,31156
dme04156,3355173
dme04156,32133
dme04156,39433
dme04156,5740113
dme04156,31543
dme04156,41843
dme04156,32701
dme04156,47396
dme04156,49260
dme04156,42922
dme04156,33796
dme04156,43549
dme04156,36722
dme04156,36583
dme04156,47767
dme04156,40138
dme04156,49780
dme04156,48531
dme04156,32617
dme04156,19893528
dme04213,43383
dme04213,38654
dme04213,40333
dme04213,39251
dme04213,43644
dme04213,31328
dme04213,31220
dme04213,39151
dme04213,39149
dme04213,35419
dme04213,31666
dme04213,53427
dme04213,53432
dme04213,53426
dme04213,42549
dme04213,44920
dme04213,33203
dme04213,43904
dme04213,48582
dme04213,48581
dme04213,41709
dme04213,44921
dme04213,38285
dme04213,317967
dme04213,2768992
dme04213,41957
dme04213,42446
dme04213,41840
dme04213,31543
dme04213,34284
dme04213,37744
dme04213,47396
dme04213,34708
dme04213,42852
dme04213,64880
dme04213,38284
dme04213,50022
dme04213,43133
dme04213,34689
dme04213,48583
dme04213,39152
dme04213,40048
dme04213,38565
dme04213,41609
dme04213,40180
dme04213,35931
dme04213,39150
dme04213,33569
dme04213,36878
dme04213,39542
dme04213,36232
dme04213,32485
dme04213,34198
dme04213,41140
dme04213,32406
dme04214,37455
dme04214,36615
dme04214,31746
dme04214,37247
dme04214,44505
dme04214,43651
dme04214,3354888
dme04214,53577
dme04214,36054
dme04214,34995
dme04214,32360
dme04214,40016
dme04214,42008
dme04214,35540
dme04214,34996
dme04214,32386
dme04214,44936
dme04214,39659
dme04214,40653
dme04214,36057
dme04214,33231
dme04214,31221
dme04214,33638
dme04214,318725
dme04214,33445
dme04214,39962
dme04214,53585
dme04214,252554
dme04214,2768677
dme04214,3772082
dme04214,45827
dme04214,31581
dme04214,3355109
dme04214,32608
dme04214,40015
dme04214,40014
dme04214,32256
dme04214,31165
dme04214,42745
dme04214,42366
dme04214,42692
dme04214,40009
dme04214,37729
dme04214,42845
dme04214,44801
dme04214,41260
dme04214,32849
dme04214,41839
dme04214,36914
dme04214,33782
dme04214,33390
dme04214,37216
dme04214,31011
dme04214,43514
dme04214,40958
dme04214,35528
dme04214,39173
dme04214,36251
dme04214,41756
dme04214,47767
dme04214,32566
dme04214,41140
dme04214,12798547
dme04215,42077
dme04215,39753
dme04215,42594
dme04215,34995
dme04215,42008
dme04215,34996
dme04215,53585
dme04215,40015
dme04215,40014
dme04215,40009
dme04215,37729
dme04215,42850
dme04215,44801
dme04215,41260
dme04215,32849
dme04215,36914
dme04215,31011
dme04215,43514
dme04215,39173
dme04215,36251
dme04215,36748
dme04215,41756
dme04215,32646
dme04310,31310
dme04310,45343
dme04310,46456
dme04310,39474
dme04310,31151
dme04310,44843
dme04310,36125
dme04310,32996
dme04310,32997
dme04310,43644
dme04310,40651
dme04310,37713
dme04310,36139
dme04310,32995
dme04310,39885
dme04310,39751
dme04310,42574
dme04310,37909
dme04310,44642
dme04310,43670
dme04310,31075
dme04310,32132
dme04310,43856
dme04310,31829
dme04310,37763
dme04310,31023
dme04310,31014
dme04310,31016
dme04310,53445
dme04310,44355
dme04310,3355143
dme04310,48448
dme04310,35207
dme04310,45307
dme04310,43725
dme04310,43828
dme04310,32078
dme04310,39659
dme04310,35742
dme04310,40260
dme04310,32221
dme04310,43673
dme04310,38146
dme04310,31738
dme04310,36057
dme04310,32188
dme04310,31248
dme04310,318552
dme04310,31617
dme04310,318725
dme04310,39596
dme04310,31597
dme04310,117463
dme04310,2768873
dme04310,2768872
dme04310,2768902
dme04310,2768901
dme04310,2768900
dme04310,2768899
dme04310,2768898
dme04310,2768897
dme04310,2768896
dme04310,2768906
dme04310,2768905
dme04310,2768904
dme04310,42504
dme04310,43769
dme04310,41873
dme04310,31376
dme04310,36436
dme04310,53439
dme04310,33212
dme04310,5740827
dme04310,44317
dme04310,7354447
dme04310,12798588
dme04310,53557
dme04310,34284
dme04310,33204
dme04310,31659
dme04310,42692
dme04310,34009
dme04310,34367
dme04310,34010
dme04310,34011
dme04310,39013
dme04310,34708
dme04310,43319
dme04310,44801
dme04310,44279
dme04310,42871
dme04310,32818
dme04310,32838
dme04310,36897
dme04310,48311
dme04310,35065
dme04310,41602
dme04310,38890
dme04310,43565
dme04310,35922
dme04310,43162
dme04310,36775
dme04310,41633
dme04310,38831
dme04310,36298
dme04310,37300
dme04310,34819
dme04310,32551
dme04310,41136
dme04310,40090
dme04310,8674098
dme04310,32624
dme04310,39884
dme04320,38168
dme04320,45931
dme04320,37455
dme04320,44543
dme04320,42752
dme04320,44505
dme04320,33692
dme04320,3354888
dme04320,31872
dme04320,41666
dme04320,42757
dme04320,34171
dme04320,31221
dme04320,33392
dme04320,34648
dme04320,47781
dme04320,33611
dme04320,31293
dme04320,3355150
dme04320,39018
dme04320,39833
dme04320,31358
dme04320,36497
dme04320,34521
dme04320,34524
dme04320,34790
dme04320,41140
dme04320,31239
dme04330,40314
dme04330,35764
dme04330,43856
dme04330,32078
dme04330,44205
dme04330,40260
dme04330,33467
dme04330,251430
dme04330,34881
dme04330,42313
dme04330,34263
dme04330,31589
dme04330,31293
dme04330,39431
dme04330,31624
dme04330,42445
dme04330,43275
dme04330,40062
dme04330,42964
dme04330,38565
dme04330,41602
dme04330,43558
dme04330,36555
dme04330,31840
dme04330,43162
dme04341,39474
dme04341,44098
dme04341,33196
dme04341,32996
dme04341,32997
dme04341,43644
dme04341,40651
dme04341,37713
dme04341,41704
dme04341,32995
dme04341,37763
dme04341,31014
dme04341,31016
dme04341,53445
dme04341,35653
dme04341,49045
dme04341,35742
dme04341,44274
dme04341,32221
dme04341,43673
dme04341,43767
dme04341,35851
dme04341,32188
dme04341,31248
dme04341,318552
dme04341,31229
dme04341,42504
dme04341,34896
dme04341,12798588
dme04341,34284
dme04341,42737
dme04341,36999
dme04341,41565
dme04341,32855
dme04341,49701
dme04341,35065
dme04341,36298
dme04341,36240
dme04341,33972
dme04341,33432
dme04350,38091
dme04350,38654
dme04350,35381
dme04350,44096
dme04350,31310
dme04350,43826
dme04350,39474
dme04350,32996
dme04350,32997
dme04350,37713
dme04350,33529
dme04350,3354888
dme04350,32995
dme04350,33753
dme04350,43856
dme04350,44263
dme04350,37763
dme04350,31014
dme04350,31016
dme04350,53445
dme04350,2768940
dme04350,43725
dme04350,35742
dme04350,35731
dme04350,31738
dme04350,37661
dme04350,37838
dme04350,5740414
dme04350,32225
dme04350,12798588
dme04350,36461
dme04350,36999
dme04350,41941
dme04350,42059
dme04350,37778
dme04350,34435
dme04350,45959
dme04350,31027
dme04350,38565
dme04350,41772
dme04350,35900
dme04350,35503
dme04350,36775
dme04350,36382
dme04350,36373
dme04350,36372
dme04350,36298
dme04350,32498
dme04350,43916
dme04350,33432
dme04382,38723
dme04382,43043
dme04382,47220
dme04382,37552
dme04382,39245
dme04382,37315
dme04382,31776
dme04382,33726
dme04382,2768940
dme04382,36542
dme04382,32604
dme04382,42796
dme04382,318721
dme04382,317841
dme04382,32659
dme04382,34835
dme04382,37887
dme04382,36448
dme04382,33727
dme04382,34910
dme04382,41062
dme04382,37657
dme04382,26067068
dme04382,42368
dme04382,43312
dme04382,47877
dme04382,37516
dme04382,45959
dme04382,34093
dme04382,42169
dme04391,37368
dme04391,38657
dme04391,31310
dme04391,37089
dme04391,32351
dme04391,37247
dme04391,35526
dme04391,43651
dme04391,33529
dme04391,33619
dme04391,36054
dme04391,34405
dme04391,35430
dme04391,42634
dme04391,32979
dme04391,41273
dme04391,32083
dme04391,2768940
dme04391,35340
dme04391,36059
dme04391,33245
dme04391,48632
dme04391,43673
dme04391,33156
dme04391,42186
dme04391,33613
dme04391,317824
dme04391,326198
dme04391,44861
dme04391,252554
dme04391,2768677
dme04391,33627
dme04391,3346149
dme04391,41783
dme04391,34924
dme04391,37851
dme04391,31521
dme04391,33218
dme04391,39399
dme04391,47594
dme04391,34179
dme04391,44448
dme04391,42734
dme04391,34009
dme04391,39013
dme04391,32703
dme04391,41885
dme04391,44801
dme04391,32752
dme04391,32805
dme04391,32813
dme04391,47877
dme04391,42896
dme04391,34573
dme04391,32849
dme04391,46156
dme04391,45959
dme04391,40444
dme04391,32536
dme04391,12798547
dme04392,44039
dme04392,32351
dme04392,37247
dme04392,43651
dme04392,42634
dme04392,32979
dme04392,41995
dme04392,33245
dme04392,43673
dme04392,252554
dme04392,33627
dme04392,41783
dme04392,37851
dme04392,33218
dme04392,42734
dme04392,32536
dme04512,38723
dme04512,33941
dme04512,44885
dme04512,33726
dme04512,36773
dme04512,31612
dme04512,39118
dme04512,33727
dme04512,43946
dme04512,39529
dme04512,34068
dme04517,37233
dme04517,37368
dme04517,43026
dme04517,44039
dme04517,35259
dme04517,32400
dme04517,35311
dme04517,31746
dme04517,43832
dme04517,249072
dme04517,31151
dme04517,37205
dme04517,38418
dme04517,35526
dme04517,38017
dme04517,32780
dme04517,32981
dme04517,3354888
dme04517,37603
dme04517,50391
dme04517,41995
dme04517,43402
dme04517,44885
dme04517,38001
dme04517,31872
dme04517,31792
dme04517,43770
dme04517,33411
dme04517,48632
dme04517,36084
dme04517,32631
dme04517,32398
dme04517,40848
dme04517,38244
dme04517,38231
dme04517,31667
dme04517,38146
dme04517,40904
dme04517,31248
dme04517,33203
dme04517,37403
dme04517,318552
dme04517,35215
dme04517,31474
dme04517,39258
dme04517,117406
dme04517,31201
dme04517,44097
dme04517,2768679
dme04517,2768716
dme04517,37888
dme04517,40912
dme04517,31554
dme04517,31292
dme04517,31364
dme04517,33262
dme04517,45278
dme04517,41957
dme04517,31521
dme04517,45821
dme04517,31290
dme04517,42446
dme04517,34912
dme04517,32601
dme04517,40620
dme04517,41398
dme04517,36002
dme04517,38863
dme04517,47594
dme04517,41062
dme04517,36746
dme04517,31166
dme04517,41917
dme04517,43359
dme04517,32703
dme04517,41885
dme04517,33319
dme04517,42866
dme04517,43319
dme04517,44801
dme04517,32746
dme04517,32752
dme04517,38993
dme04517,33864
dme04517,36497
dme04517,36513
dme04517,36897
dme04517,48311
dme04517,42567
dme04517,39387
dme04517,31405
dme04517,34780
dme04517,40444
dme04517,48973
dme04517,38898
dme04517,31002
dme04517,42159
dme04517,32920
dme04517,36699
dme04517,36703
dme04517,39130
dme04517,36775
dme04517,38831
dme04517,32696
dme04517,34793
dme04517,32569
dme04517,37238
dme04517,35343
dme04517,41124
dme04517,41136
dme04517,41183
dme04517,33881
dme04517,33444
dme04517,32623
dme04518,37233
dme04518,37368
dme04518,37455
dme04518,38723
dme04518,53573
dme04518,33941
dme04518,31151
dme04518,35526
dme04518,32981
dme04518,31220
dme04518,38488
dme04518,44885
dme04518,33726
dme04518,48632
dme04518,42549
dme04518,38146
dme04518,31248
dme04518,33203
dme04518,318552
dme04518,35215
dme04518,32990
dme04518,31201
dme04518,39118
dme04518,33262
dme04518,42066
dme04518,41957
dme04518,31521
dme04518,42446
dme04518,33727
dme04518,43946
dme04518,31166
dme04518,47396
dme04518,41885
dme04518,43319
dme04518,43281
dme04518,38978
dme04518,39529
dme04518,34068
dme04518,40444
dme04518,48973
dme04518,39907
dme04518,40999
dme04518,34127
dme04518,38831
dme04518,32551
dme04518,41136
dme04519,37233
dme04519,37368
dme04519,37455
dme04519,44148
dme04519,43026
dme04519,39054
dme04519,48532
dme04519,35311
dme04519,32351
dme04519,45343
dme04519,37247
dme04519,31151
dme04519,38494
dme04519,36125
dme04519,41087
dme04519,38251
dme04519,35526
dme04519,43651
dme04519,40651
dme04519,32257
dme04519,36139
dme04519,32981
dme04519,3354888
dme04519,36427
dme04519,42634
dme04519,32948
dme04519,32979
dme04519,44642
dme04519,31075
dme04519,37201
dme04519,35312
dme04519,43856
dme04519,31872
dme04519,31023
dme04519,32554
dme04519,44355
dme04519,3355143
dme04519,35207
dme04519,45307
dme04519,36059
dme04519,33245
dme04519,40517
dme04519,48632
dme04519,32078
dme04519,42549
dme04519,40260
dme04519,43501
dme04519,32221
dme04519,44289
dme04519,38146
dme04519,32188
dme04519,31248
dme04519,33467
dme04519,246497
dme04519,318552
dme04519,43528
dme04519,42186
dme04519,37493
dme04519,32743
dme04519,44861
dme04519,31201
dme04519,252554
dme04519,251430
dme04519,2768679
dme04519,33627
dme04519,41783
dme04519,43769
dme04519,37991
dme04519,36436
dme04519,37851
dme04519,31521
dme04519,3355173
dme04519,5740113
dme04519,44432
dme04519,40620
dme04519,41062
dme04519,53557
dme04519,31166
dme04519,41917
dme04519,26067066
dme04519,31659
dme04519,34009
dme04519,41861
dme04519,34010
dme04519,34011
dme04519,41885
dme04519,42093
dme04519,42866
dme04519,2768680
dme04519,43319
dme04519,49260
dme04519,44801
dme04519,40462
dme04519,34969
dme04519,44279
dme04519,31538
dme04519,33864
dme04519,42871
dme04519,32838
dme04519,42922
dme04519,46156
dme04519,53515
dme04519,42964
dme04519,35065
dme04519,34772
dme04519,34780
dme04519,34445
dme04519,39984
dme04519,40444
dme04519,38898
dme04519,34882
dme04519,40191
dme04519,32920
dme04519,43565
dme04519,35922
dme04519,36775
dme04519,41633
dme04519,32536
dme04519,38831
dme04519,49780
dme04519,32553
dme04519,32696
dme04519,34793
dme04519,38153
dme04519,48531
dme04519,37363
dme04519,41136
dme04519,41140
dme04519,40090
dme04519,41718
dme04519,43916
dme04519,33444
dme04519,32623
dme04620,40554
dme04620,31746
dme04620,41087
dme04620,32257
dme04620,42594
dme04620,3354888
dme04620,31872
dme04620,39659
dme04620,35956
dme04620,38146
dme04620,36057
dme04620,35329
dme04620,33203
dme04620,318725
dme04620,2768679
dme04620,41957
dme04620,42446
dme04620,44432
dme04620,32256
dme04620,42692
dme04620,36973
dme04620,42866
dme04620,43319
dme04620,44801
dme04620,34969
dme04620,43283
dme04620,34780
dme04620,37216
dme04620,31011
dme04620,38831
dme04620,41136
dme04620,41020
dme04624,40554
dme04624,38613
dme04624,37184
dme04624,38419
dme04624,38409
dme04624,38437
dme04624,32099
dme04624,41087
dme04624,32257
dme04624,42594
dme04624,37183
dme04624,43596
dme04624,43597
dme04624,43599
dme04624,36047
dme04624,41379
dme04624,35862
dme04624,35859
dme04624,50207
dme04624,50206
dme04624,50126
dme04624,37468
dme04624,43770
dme04624,42791
dme04624,50209
dme04624,37967
dme04624,49802
dme04624,37100
dme04624,34235
dme04624,32358
dme04624,39659
dme04624,45908
dme04624,43598
dme04624,31797
dme04624,35956
dme04624,36057
dme04624,42032
dme04624,33477
dme04624,318725
dme04624,39062
dme04624,38416
dme04624,326207
dme04624,38408
dme04624,317954
dme04624,317955
dme04624,38833
dme04624,318005
dme04624,2768679
dme04624,3771920
dme04624,3772082
dme04624,42504
dme04624,34849
dme04624,44432
dme04624,38863
dme04624,32256
dme04624,37978
dme04624,39063
dme04624,39064
dme04624,42692
dme04624,39020
dme04624,42866
dme04624,43222
dme04624,44339
dme04624,44801
dme04624,34969
dme04624,43273
dme04624,43283
dme04624,43256
dme04624,32832
dme04624,35047
dme04624,35045
dme04624,44497
dme04624,40034
dme04624,34761
dme04624,39663
dme04624,34780
dme04624,37216
dme04624,41785
dme04624,31011
dme04624,38858
dme04624,42253
dme04624,36748
dme04624,36769
dme04624,35861
dme04624,37272
dme04624,37277
dme04624,32534
dme04624,32648
dme04624,39870
dme04624,39869
dme04624,38350
dme04711,33759
dme04711,39167
dme04711,32167
dme04711,44669
dme04711,42503
dme04711,45588
dme04711,43673
dme04711,31248
dme04711,31251
dme04711,318552
dme04711,33571
dme04711,31363
dme04711,41883
dme04711,38872
dme04711,40162
dme04745,37368
dme04745,40664
dme04745,35751
dme04745,35526
dme04745,37613
dme04745,38092
dme04745,47878
dme04745,36384
dme04745,36385
dme04745,44913
dme04745,43118
dme04745,43828
dme04745,48632
dme04745,36003
dme04745,246420
dme04745,246577
dme04745,319047
dme04745,32343
dme04745,37629
dme04745,31376
dme04745,45234
dme04745,3355013
dme04745,31521
dme04745,40224
dme04745,42367
dme04745,33204
dme04745,43117
dme04745,34012
dme04745,41885
dme04745,38993
dme04745,34991
dme04745,36897
dme04745,48311
dme04745,40444
dme04745,43542
dme04745,36329
dme04745,40148
dme04814,37368
dme04814,38170
dme04814,37387
dme04814,38611
dme04814,35169
dme04814,35293
dme04814,36963
dme04814,37274
dme04814,35438
dme04814,33412
dme04814,34944
dme04814,34873
dme04814,39068
dme04814,32071
dme04814,35709
dme04814,35526
dme04814,37674
dme04814,32969
dme04814,44870
dme04814,42199
dme04814,38515
dme04814,36714
dme04814,38210
dme04814,32049
dme04814,34073
dme04814,38851
dme04814,35073
dme04814,35166
dme04814,38001
dme04814,38226
dme04814,37904
dme04814,33346
dme04814,33411
dme04814,35195
dme04814,43820
dme04814,35199
dme04814,3355181
dme04814,35007
dme04814,44160
dme04814,48632
dme04814,43379
dme04814,40848
dme04814,32057
dme04814,35680
dme04814,40904
dme04814,41955
dme04814,326131
dme04814,33501
dme04814,31474
dme04814,39537
dme04814,37671
dme04814,117406
dme04814,318231
dme04814,43295
dme04814,2768883
dme04814,2768886
dme04814,3771934
dme04814,37888
dme04814,5740248
dme04814,31554
dme04814,42485
dme04814,34262
dme04814,31521
dme04814,32028
dme04814,26067053
dme04814,26067054
dme04814,26067074
dme04814,26067075
dme04814,26067076
dme04814,41853
dme04814,43359
dme04814,41852
dme04814,34012
dme04814,41885
dme04814,34422
dme04814,39445
dme04814,33319
dme04814,2768680
dme04814,35061
dme04814,43310
dme04814,42889
dme04814,39318
dme04814,41566
dme04814,53561
dme04814,41440
dme04814,53515
dme04814,31405
dme04814,38020
dme04814,32785
dme04814,32314
dme04814,39332
dme04814,34445
dme04814,40444
dme04814,38580
dme04814,34882
dme04814,36810
dme04814,42159
dme04814,43517
dme04814,36718
dme04814,44086
dme04814,39130
dme04814,36303
dme04814,36876
dme04814,31240
dme04814,35962
dme04814,38153
dme04814,38135
dme04814,39536
dme04814,37238
dme04814,37374
dme04814,41124
dme04814,41183
dme04814,41171
dme04814,43984
dme04814,46074
dme04814,41717
dme04820,37368
dme04820,36615
dme04820,40849
dme04820,37447
dme04820,37387
dme04820,33941
dme04820,38418
dme04820,35526
dme04820,36089
dme04820,31075
dme04820,31129
dme04820,38384
dme04820,43633
dme04820,44885
dme04820,38001
dme04820,43770
dme04820,33726
dme04820,33346
dme04820,33351
dme04820,35007
dme04820,37482
dme04820,36773
dme04820,48632
dme04820,44013
dme04820,38231
dme04820,36740
dme04820,43777
dme04820,39561
dme04820,32352
dme04820,31201
dme04820,3346238
dme04820,33611
dme04820,31521
dme04820,33727
dme04820,37853
dme04820,43946
dme04820,38863
dme04820,19835139
dme04820,5740846
dme04820,41853
dme04820,41852
dme04820,41885
dme04820,41525
dme04820,48971
dme04820,32746
dme04820,38978
dme04820,33782
dme04820,32314
dme04820,40424
dme04820,40444
dme04820,38850
dme04820,34135
dme04820,38881
dme04820,35408
dme04820,33952
dme04820,33953
dme04977,43756
dme04977,33199
dme04977,41307
dme04977,34679
dme04977,246552
dme04977,246553
dme04977,326235
dme04977,39334
dme04977,34686
dme04977,41259
dme04977,41308
dme04980,31857
dme04980,41994
dme04980,53578
dme04980,43788
dme04980,39658
dme04981,35152
dme04981,35153
dme04981,41387
dme04981,42003
dme04981,32212
dme04981,31524
dme04981,246552
dme04981,246553
dme04981,326159
dme04981,35163
dme04981,326161
dme04981,33499
dme04981,43895
dme04981,37699
dme04981,41279
dme04981,42362
dme04981,34686
dme04981,34148
dme04981,47905
dme04981,35366
dme05100,37233
dme05100,37368
dme05100,42817
dme05100,53573
dme05100,35311
dme05100,31151
dme05100,35526
dme05100,32981
dme05100,33114
dme05100,43402
dme05100,44885
dme05100,43775
dme05100,40517
dme05100,45928
dme05100,48632
dme05100,38146
dme05100,33203
dme05100,43990
dme05100,40677
dme05100,35215
dme05100,31201
dme05100,42491
dme05100,44052
dme05100,31521
dme05100,42446
dme05100,42438
dme05100,41917
dme05100,41885
dme05100,34633
dme05100,43319
dme05100,33864
dme05100,38961
dme05100,40444
dme05100,48973
dme05100,38898
dme05100,36775
dme05100,38831
dme05100,32696
dme05100,34793
dme05100,32537
dme05100,41136
dme05100,33444
dme05100,32623
