"Source_Row","Image","Condition","Value","Calibration_Status","Panel","Metric"
2,"WR-F -5000X -0014.dm3","WR",1.745,"DM3 spatial calibration retained in workbook","K","Mitochondrial area"
3,"WR-F -5000X -0014.dm3","WR",3.864,"DM3 spatial calibration retained in workbook","K","Mitochondrial area"
4,"WR-F -5000X -0014.dm3","WR",0.786,"DM3 spatial calibration retained in workbook","K","Mitochondrial area"
5,"WR-F -5000X -0014.dm3","WR",0.458,"DM3 spatial calibration retained in workbook","K","Mitochondrial area"
6,"WR-F -5000X -0014.dm3","WR",0.398,"DM3 spatial calibration retained in workbook","K","Mitochondrial area"
7,"WR-F -5000X -0014.dm3","WR",4.373,"DM3 spatial calibration retained in workbook","K","Mitochondrial area"
8,"WR-F -5000X -0013.dm3","WR",1.668,"DM3 spatial calibration retained in workbook","K","Mitochondrial area"
9,"WR-F -5000X -0013.dm3","WR",0.097,"DM3 spatial calibration retained in workbook","K","Mitochondrial area"
10,"WR-F -5000X -0013.dm3","WR",1.903,"DM3 spatial calibration retained in workbook","K","Mitochondrial area"
11,"WR-F -5000X -0013.dm3","WR",1.5,"DM3 spatial calibration retained in workbook","K","Mitochondrial area"
12,"WR-F -5000X -0012.dm3","WR",1.223,"DM3 spatial calibration retained in workbook","K","Mitochondrial area"
13,"WR-F -5000X -0012.dm3","WR",0.131,"DM3 spatial calibration retained in workbook","K","Mitochondrial area"
14,"WR-F -5000X -0012.dm3","WR",0.457,"DM3 spatial calibration retained in workbook","K","Mitochondrial area"
15,"WR-F -5000X -0012.dm3","WR",0.063,"DM3 spatial calibration retained in workbook","K","Mitochondrial area"
16,"WR-F -5000X -0012.dm3","WR",0.053,"DM3 spatial calibration retained in workbook","K","Mitochondrial area"
17,"WR-F -5000X -0012.dm3","WR",1.003,"DM3 spatial calibration retained in workbook","K","Mitochondrial area"
18,"WR-F -5000X -0012.dm3","WR",0.143,"DM3 spatial calibration retained in workbook","K","Mitochondrial area"
19,"WR-F -5000X -0012.dm3","WR",0.018,"DM3 spatial calibration retained in workbook","K","Mitochondrial area"
20,"WR-F -5000X -0012.dm3","WR",1.445,"DM3 spatial calibration retained in workbook","K","Mitochondrial area"
21,"WR-F -5000X -0012.dm3","WR",1.116,"DM3 spatial calibration retained in workbook","K","Mitochondrial area"
22,"WR-F -5000X -0012.dm3","WR",0.166,"DM3 spatial calibration retained in workbook","K","Mitochondrial area"
23,"WR-F -5000X -0012.dm3","WR",0.117,"DM3 spatial calibration retained in workbook","K","Mitochondrial area"
24,"WR-F -5000X -0012.dm3","WR",0.48,"DM3 spatial calibration retained in workbook","K","Mitochondrial area"
25,"WR-F -5000X -0012.dm3","WR",0.126,"DM3 spatial calibration retained in workbook","K","Mitochondrial area"
26,"WR-F -5000X -0012.dm3","WR",0.057,"DM3 spatial calibration retained in workbook","K","Mitochondrial area"
27,"WR-F -5000X -0012.dm3","WR",0.193,"DM3 spatial calibration retained in workbook","K","Mitochondrial area"
28,"WR-F -5000X -0012.dm3","WR",0.855,"DM3 spatial calibration retained in workbook","K","Mitochondrial area"
29,"WR-F -5000X -0012.dm3","WR",1.006,"DM3 spatial calibration retained in workbook","K","Mitochondrial area"
30,"WR-F -5000X -0011.dm3","WR",0.332,"DM3 spatial calibration retained in workbook","K","Mitochondrial area"
31,"WR-F -5000X -0011.dm3","WR",0.83,"DM3 spatial calibration retained in workbook","K","Mitochondrial area"
32,"WR-F -5000X -0011.dm3","WR",0.372,"DM3 spatial calibration retained in workbook","K","Mitochondrial area"
33,"WR-F -5000X -0011.dm3","WR",0.112,"DM3 spatial calibration retained in workbook","K","Mitochondrial area"
34,"WR-F -5000X -0011.dm3","WR",0.173,"DM3 spatial calibration retained in workbook","K","Mitochondrial area"
35,"WR-F -5000X -0011.dm3","WR",2.068,"DM3 spatial calibration retained in workbook","K","Mitochondrial area"
36,"WR-F -5000X -0011.dm3","WR",0.417,"DM3 spatial calibration retained in workbook","K","Mitochondrial area"
37,"WR-F -5000X -0011.dm3","WR",5.646,"DM3 spatial calibration retained in workbook","K","Mitochondrial area"
38,"WR-F -5000X -0011.dm3","WR",0.168,"DM3 spatial calibration retained in workbook","K","Mitochondrial area"
39,"WR-F -5000X -0011.dm3","WR",2.622,"DM3 spatial calibration retained in workbook","K","Mitochondrial area"
40,"WR-F -5000X -0011.dm3","WR",0.072,"DM3 spatial calibration retained in workbook","K","Mitochondrial area"
41,"WR-F -5000X -0011.dm3","WR",0.104,"DM3 spatial calibration retained in workbook","K","Mitochondrial area"
42,"WR-F -5000X -0011.dm3","WR",0.104,"DM3 spatial calibration retained in workbook","K","Mitochondrial area"
43,"WR-F -5000X -0011.dm3","WR",0.622,"DM3 spatial calibration retained in workbook","K","Mitochondrial area"
44,"WR-F -5000X -0011.dm3","WR",0.039,"DM3 spatial calibration retained in workbook","K","Mitochondrial area"
45,"WR-F -5000X -0011.dm3","WR",1.824,"DM3 spatial calibration retained in workbook","K","Mitochondrial area"
46,"WR-F -5000X -0011.dm3","WR",0.119,"DM3 spatial calibration retained in workbook","K","Mitochondrial area"
47,"WR-F -5000X -0011.dm3","WR",0.277,"DM3 spatial calibration retained in workbook","K","Mitochondrial area"
48,"WR-F -5000X -0011.dm3","WR",0.057,"DM3 spatial calibration retained in workbook","K","Mitochondrial area"
49,"WR-F -5000X -0011.dm3","WR",0.274,"DM3 spatial calibration retained in workbook","K","Mitochondrial area"
50,"WR-F -5000X -0010.dm3","WR",0.242,"DM3 spatial calibration retained in workbook","K","Mitochondrial area"
51,"WR-F -5000X -0010.dm3","WR",0.251,"DM3 spatial calibration retained in workbook","K","Mitochondrial area"
52,"WR-F -5000X -0010.dm3","WR",0.858,"DM3 spatial calibration retained in workbook","K","Mitochondrial area"
53,"WR-F -5000X -0010.dm3","WR",0.293,"DM3 spatial calibration retained in workbook","K","Mitochondrial area"
54,"WR-F -5000X -0010.dm3","WR",1.083,"DM3 spatial calibration retained in workbook","K","Mitochondrial area"
55,"WR-F -5000X -0010.dm3","WR",0.449,"DM3 spatial calibration retained in workbook","K","Mitochondrial area"
56,"WR-F -5000X -0010.dm3","WR",0.246,"DM3 spatial calibration retained in workbook","K","Mitochondrial area"
57,"WR-F -5000X -0010.dm3","WR",0.29,"DM3 spatial calibration retained in workbook","K","Mitochondrial area"
58,"WR-F -5000X -0010.dm3","WR",0.404,"DM3 spatial calibration retained in workbook","K","Mitochondrial area"
59,"WR-F -5000X -0010.dm3","WR",0.347,"DM3 spatial calibration retained in workbook","K","Mitochondrial area"
60,"WR-F -5000X -0010.dm3","WR",0.292,"DM3 spatial calibration retained in workbook","K","Mitochondrial area"
61,"WR-F -5000X -0010.dm3","WR",0.186,"DM3 spatial calibration retained in workbook","K","Mitochondrial area"
62,"WR-F -5000X -0009.tif","WR",5.3465512115356,"Converted from pixels using visible 2-um scale bar","K","Mitochondrial area"
63,"WR-F -5000X -0009.tif","WR",0.476942598058995,"Converted from pixels using visible 2-um scale bar","K","Mitochondrial area"
64,"WR-F -5000X -0009.tif","WR",0.130189640892778,"Converted from pixels using visible 2-um scale bar","K","Mitochondrial area"
65,"WR-F -5000X -0009.tif","WR",5.51573085009238,"Converted from pixels using visible 2-um scale bar","K","Mitochondrial area"
66,"WR-F -5000X -0009.tif","WR",1.78189704601924,"Converted from pixels using visible 2-um scale bar","K","Mitochondrial area"
67,"WR-F -5000X -0009.tif","WR",0.411911486759116,"Converted from pixels using visible 2-um scale bar","K","Mitochondrial area"
68,"WR-F -5000X -0009.tif","WR",0.353203508250334,"Converted from pixels using visible 2-um scale bar","K","Mitochondrial area"
69,"CS-Female -5000X -0046.dm3","CS",0.426,"DM3 spatial calibration retained in workbook","K","Mitochondrial area"
70,"CS-Female -5000X -0046.dm3","CS",0.059,"DM3 spatial calibration retained in workbook","K","Mitochondrial area"
71,"CS-Female -5000X -0046.dm3","CS",1.483,"DM3 spatial calibration retained in workbook","K","Mitochondrial area"
72,"CS-Female -5000X -0045.dm3","CS",0.147,"DM3 spatial calibration retained in workbook","K","Mitochondrial area"
73,"CS-Female -5000X -0045.dm3","CS",0.066,"DM3 spatial calibration retained in workbook","K","Mitochondrial area"
74,"CS-Female -5000X -0045.dm3","CS",0.036,"DM3 spatial calibration retained in workbook","K","Mitochondrial area"
75,"CS-Female -5000X -0045.dm3","CS",0.075,"DM3 spatial calibration retained in workbook","K","Mitochondrial area"
76,"CS-Female -5000X -0045.dm3","CS",0.088,"DM3 spatial calibration retained in workbook","K","Mitochondrial area"
77,"CS-Female -5000X -0045.dm3","CS",0.239,"DM3 spatial calibration retained in workbook","K","Mitochondrial area"
78,"CS-Female -5000X -0045.dm3","CS",0.053,"DM3 spatial calibration retained in workbook","K","Mitochondrial area"
79,"CS-Female -5000X -0045.dm3","CS",0.047,"DM3 spatial calibration retained in workbook","K","Mitochondrial area"
80,"CS-Female -5000X -0045.dm3","CS",0.244,"DM3 spatial calibration retained in workbook","K","Mitochondrial area"
81,"CS-Female -5000X -0045.dm3","CS",0.128,"DM3 spatial calibration retained in workbook","K","Mitochondrial area"
82,"CS-Female -5000X -0045.dm3","CS",0.033,"DM3 spatial calibration retained in workbook","K","Mitochondrial area"
83,"CS-Female -5000X -0045.dm3","CS",0.041,"DM3 spatial calibration retained in workbook","K","Mitochondrial area"
84,"CS-Female -5000X -0045.dm3","CS",0.453,"DM3 spatial calibration retained in workbook","K","Mitochondrial area"
85,"CS-Female -5000X -0045.dm3","CS",0.033,"DM3 spatial calibration retained in workbook","K","Mitochondrial area"
86,"CS-Female -5000X -0045.dm3","CS",0.024,"DM3 spatial calibration retained in workbook","K","Mitochondrial area"
87,"CS-Female -5000X -0045.dm3","CS",0.013,"DM3 spatial calibration retained in workbook","K","Mitochondrial area"
88,"CS-Female -5000X -0045.dm3","CS",0.146,"DM3 spatial calibration retained in workbook","K","Mitochondrial area"
89,"CS-Female -5000X -0045.dm3","CS",0.896,"DM3 spatial calibration retained in workbook","K","Mitochondrial area"
90,"CS-Female -5000X -0045.dm3","CS",0.072,"DM3 spatial calibration retained in workbook","K","Mitochondrial area"
91,"CS-Female -5000X -0045.dm3","CS",0.079,"DM3 spatial calibration retained in workbook","K","Mitochondrial area"
92,"CS-Female -5000X -0045.dm3","CS",0.031,"DM3 spatial calibration retained in workbook","K","Mitochondrial area"
93,"CS-Female -5000X -0045.dm3","CS",0.061,"DM3 spatial calibration retained in workbook","K","Mitochondrial area"
94,"CS-Female -5000X -0045.dm3","CS",0.042,"DM3 spatial calibration retained in workbook","K","Mitochondrial area"
95,"CS-Female -5000X -0045.dm3","CS",1.884,"DM3 spatial calibration retained in workbook","K","Mitochondrial area"
96,"CS-Female -5000X -0045.dm3","CS",0.024,"DM3 spatial calibration retained in workbook","K","Mitochondrial area"
97,"CS-Female -5000X -0045.dm3","CS",0.024,"DM3 spatial calibration retained in workbook","K","Mitochondrial area"
98,"CS-Female -5000X -0045.dm3","CS",0.039,"DM3 spatial calibration retained in workbook","K","Mitochondrial area"
99,"CS-Female -5000X -0045.dm3","CS",1.841,"DM3 spatial calibration retained in workbook","K","Mitochondrial area"
100,"CS-Female -5000X -0045.dm3","CS",0.506,"DM3 spatial calibration retained in workbook","K","Mitochondrial area"
101,"CS-Female -5000X -0045.dm3","CS",0.564,"DM3 spatial calibration retained in workbook","K","Mitochondrial area"
102,"CS-Female -5000X -0045.dm3","CS",0.211,"DM3 spatial calibration retained in workbook","K","Mitochondrial area"
103,"CS-Female -5000X -0045.dm3","CS",0.128,"DM3 spatial calibration retained in workbook","K","Mitochondrial area"
104,"CS-Female -5000X -0045.dm3","CS",0.065,"DM3 spatial calibration retained in workbook","K","Mitochondrial area"
105,"CS-Female -5000X -0045.dm3","CS",0.164,"DM3 spatial calibration retained in workbook","K","Mitochondrial area"
106,"CS-Female -5000X -0045.dm3","CS",0.233,"DM3 spatial calibration retained in workbook","K","Mitochondrial area"
107,"CS-Female -5000X -0045.dm3","CS",0.02,"DM3 spatial calibration retained in workbook","K","Mitochondrial area"
108,"CS-Female -5000X -0045.dm3","CS",0.027,"DM3 spatial calibration retained in workbook","K","Mitochondrial area"
109,"CS-Female -5000X -0045.dm3","CS",0.813,"DM3 spatial calibration retained in workbook","K","Mitochondrial area"
110,"CS-Female -5000X -0045.dm3","CS",2.919,"DM3 spatial calibration retained in workbook","K","Mitochondrial area"
111,"CS-Female -5000X -0044.dm3","CS",0.551,"DM3 spatial calibration retained in workbook","K","Mitochondrial area"
112,"CS-Female -5000X -0044.dm3","CS",0.721,"DM3 spatial calibration retained in workbook","K","Mitochondrial area"
113,"CS-Female -5000X -0044.dm3","CS",0.475,"DM3 spatial calibration retained in workbook","K","Mitochondrial area"
114,"CS-Female -5000X -0044.dm3","CS",5.007,"DM3 spatial calibration retained in workbook","K","Mitochondrial area"
115,"CS-Female -5000X -0044.dm3","CS",0.209,"DM3 spatial calibration retained in workbook","K","Mitochondrial area"
116,"CS-Female -5000X -0044.dm3","CS",0.094,"DM3 spatial calibration retained in workbook","K","Mitochondrial area"
117,"CS-Female -5000X -0044.dm3","CS",0.123,"DM3 spatial calibration retained in workbook","K","Mitochondrial area"
118,"CS-Female -5000X -0044.dm3","CS",0.599,"DM3 spatial calibration retained in workbook","K","Mitochondrial area"
119,"CS-Female -5000X -0044.dm3","CS",1.764,"DM3 spatial calibration retained in workbook","K","Mitochondrial area"
120,"CS-Female -5000X -0044.dm3","CS",0.822,"DM3 spatial calibration retained in workbook","K","Mitochondrial area"
121,"CS-Female -5000X -0044.dm3","CS",0.196,"DM3 spatial calibration retained in workbook","K","Mitochondrial area"
122,"CS-Female -5000X -0044.dm3","CS",0.2,"DM3 spatial calibration retained in workbook","K","Mitochondrial area"
123,"CS-Female -5000X -0044.dm3","CS",0.135,"DM3 spatial calibration retained in workbook","K","Mitochondrial area"
124,"CS-Female -5000X -0042.dm3","CS",1.389,"DM3 spatial calibration retained in workbook","K","Mitochondrial area"
125,"CS-Female -5000X -0042.dm3","CS",1.21,"DM3 spatial calibration retained in workbook","K","Mitochondrial area"
126,"CS-Female -5000X -0042.dm3","CS",1.642,"DM3 spatial calibration retained in workbook","K","Mitochondrial area"
127,"CS-Female -5000X -0042.dm3","CS",2.342,"DM3 spatial calibration retained in workbook","K","Mitochondrial area"
128,"CS-Female -5000X -0042.dm3","CS",0.046,"DM3 spatial calibration retained in workbook","K","Mitochondrial area"
129,"CS-Female -5000X -0042.dm3","CS",0.048,"DM3 spatial calibration retained in workbook","K","Mitochondrial area"
130,"CS-Female -5000X -0042.dm3","CS",0.056,"DM3 spatial calibration retained in workbook","K","Mitochondrial area"
131,"CS-Female -5000X -0042.dm3","CS",0.059,"DM3 spatial calibration retained in workbook","K","Mitochondrial area"
132,"CS-Female -5000X -0042.dm3","CS",0.061,"DM3 spatial calibration retained in workbook","K","Mitochondrial area"
133,"CS-Female -5000X -0042.dm3","CS",0.238,"DM3 spatial calibration retained in workbook","K","Mitochondrial area"
134,"CS-Female -5000X -0042.dm3","CS",0.135,"DM3 spatial calibration retained in workbook","K","Mitochondrial area"
135,"CS-Female -5000X -0042.dm3","CS",0.02,"DM3 spatial calibration retained in workbook","K","Mitochondrial area"
136,"CS-Female -5000X -0042.dm3","CS",0.061,"DM3 spatial calibration retained in workbook","K","Mitochondrial area"
137,"CS-Female -5000X -0042.dm3","CS",0.115,"DM3 spatial calibration retained in workbook","K","Mitochondrial area"
138,"CS-Female -5000X -0042.dm3","CS",4.411,"DM3 spatial calibration retained in workbook","K","Mitochondrial area"
139,"CS-Female -5000X -0042.dm3","CS",0.216,"DM3 spatial calibration retained in workbook","K","Mitochondrial area"
140,"CS-Female -5000X -0042.dm3","CS",0.132,"DM3 spatial calibration retained in workbook","K","Mitochondrial area"
141,"CS-Female -5000X -0042.dm3","CS",0.175,"DM3 spatial calibration retained in workbook","K","Mitochondrial area"
142,"CS-Female -5000X -0042.dm3","CS",0.036,"DM3 spatial calibration retained in workbook","K","Mitochondrial area"
143,"CS-Female -5000X -0042.dm3","CS",0.055,"DM3 spatial calibration retained in workbook","K","Mitochondrial area"
144,"CS-Female -5000X -0042.dm3","CS",0.228,"DM3 spatial calibration retained in workbook","K","Mitochondrial area"
145,"CS-Female -5000X -0042.dm3","CS",0.014,"DM3 spatial calibration retained in workbook","K","Mitochondrial area"
146,"CS-Female -5000X -0042.dm3","CS",0.036,"DM3 spatial calibration retained in workbook","K","Mitochondrial area"
147,"CS-Female -5000X -0042.dm3","CS",0.229,"DM3 spatial calibration retained in workbook","K","Mitochondrial area"
148,"CS-Female -5000X -0042.dm3","CS",0.207,"DM3 spatial calibration retained in workbook","K","Mitochondrial area"
149,"CS-Female -5000X -0042.dm3","CS",0.774,"DM3 spatial calibration retained in workbook","K","Mitochondrial area"
150,"CS-Female -5000X -0041.dm3","CS",0.079,"DM3 spatial calibration retained in workbook","K","Mitochondrial area"
151,"CS-Female -5000X -0041.dm3","CS",4.551,"DM3 spatial calibration retained in workbook","K","Mitochondrial area"
152,"CS-Female -5000X -0041.dm3","CS",3.729,"DM3 spatial calibration retained in workbook","K","Mitochondrial area"
153,"CS-Female -5000X -0041.dm3","CS",0.061,"DM3 spatial calibration retained in workbook","K","Mitochondrial area"
154,"CS-Female -5000X -0041.dm3","CS",0.013,"DM3 spatial calibration retained in workbook","K","Mitochondrial area"
155,"CS-Female -5000X -0041.dm3","CS",1.152,"DM3 spatial calibration retained in workbook","K","Mitochondrial area"
156,"CS-Female -5000X -0041.dm3","CS",2.584,"DM3 spatial calibration retained in workbook","K","Mitochondrial area"
157,"CS-Female -5000X -0041.dm3","CS",0.027,"DM3 spatial calibration retained in workbook","K","Mitochondrial area"
158,"CS-Female -5000X -0041.dm3","CS",0.025,"DM3 spatial calibration retained in workbook","K","Mitochondrial area"
159,"CS-Female -5000X -0041.dm3","CS",0.06,"DM3 spatial calibration retained in workbook","K","Mitochondrial area"
160,"CS-Female -5000X -0039.dm3","CS",0.088,"DM3 spatial calibration retained in workbook","K","Mitochondrial area"
161,"CS-Female -5000X -0039.dm3","CS",0.017,"DM3 spatial calibration retained in workbook","K","Mitochondrial area"
162,"CS-Female -5000X -0039.dm3","CS",0.021,"DM3 spatial calibration retained in workbook","K","Mitochondrial area"
163,"CS-Female -5000X -0039.dm3","CS",2.063,"DM3 spatial calibration retained in workbook","K","Mitochondrial area"
164,"CS-Female -5000X -0039.dm3","CS",0.028,"DM3 spatial calibration retained in workbook","K","Mitochondrial area"
165,"CS-Female -5000X -0039.dm3","CS",0.031,"DM3 spatial calibration retained in workbook","K","Mitochondrial area"
166,"CS-Female -5000X -0039.dm3","CS",0.378,"DM3 spatial calibration retained in workbook","K","Mitochondrial area"
167,"CS-Female -5000X -0039.dm3","CS",0.326,"DM3 spatial calibration retained in workbook","K","Mitochondrial area"
168,"CS-Female -5000X -0039.dm3","CS",1.113,"DM3 spatial calibration retained in workbook","K","Mitochondrial area"
169,"CS-Female -5000X -0039.dm3","CS",0.077,"DM3 spatial calibration retained in workbook","K","Mitochondrial area"
170,"CS-Female -5000X -0039.dm3","CS",0.044,"DM3 spatial calibration retained in workbook","K","Mitochondrial area"
171,"CS-Female -5000X -0039.dm3","CS",0.491,"DM3 spatial calibration retained in workbook","K","Mitochondrial area"
172,"CS-Female -5000X -0039.dm3","CS",0.019,"DM3 spatial calibration retained in workbook","K","Mitochondrial area"
173,"CS-Female -5000X -0039.dm3","CS",6.425,"DM3 spatial calibration retained in workbook","K","Mitochondrial area"
174,"CS-Female -5000X -0039.dm3","CS",2.626,"DM3 spatial calibration retained in workbook","K","Mitochondrial area"
175,"CS-Female -5000X -0039.dm3","CS",1.51,"DM3 spatial calibration retained in workbook","K","Mitochondrial area"
176,"CS-Female -5000X -0039.dm3","CS",0.143,"DM3 spatial calibration retained in workbook","K","Mitochondrial area"
177,"CS-Female -5000X -0039.dm3","CS",0.079,"DM3 spatial calibration retained in workbook","K","Mitochondrial area"
178,"CS-Female -5000X -0039.dm3","CS",0.562,"DM3 spatial calibration retained in workbook","K","Mitochondrial area"
179,"CS-Female -5000X -0039.dm3","CS",0.022,"DM3 spatial calibration retained in workbook","K","Mitochondrial area"
180,"CS-Female -5000X -0039.dm3","CS",0.029,"DM3 spatial calibration retained in workbook","K","Mitochondrial area"
181,"CS-Female -5000X -0039.dm3","CS",0.064,"DM3 spatial calibration retained in workbook","K","Mitochondrial area"
182,"CS-Female -5000X -0039.dm3","CS",0.067,"DM3 spatial calibration retained in workbook","K","Mitochondrial area"
183,"CS-Female -5000X -0039.dm3","CS",0.078,"DM3 spatial calibration retained in workbook","K","Mitochondrial area"
184,"CS-Female -5000X -0039.dm3","CS",0.101,"DM3 spatial calibration retained in workbook","K","Mitochondrial area"
185,"CS-Female -5000X -0039.dm3","CS",0.027,"DM3 spatial calibration retained in workbook","K","Mitochondrial area"
186,"CS-Female -5000X -0038.dm3","CS",0.195,"DM3 spatial calibration retained in workbook","K","Mitochondrial area"
187,"CS-Female -5000X -0038.dm3","CS",0.489,"DM3 spatial calibration retained in workbook","K","Mitochondrial area"
188,"CS-Female -5000X -0038.dm3","CS",0.056,"DM3 spatial calibration retained in workbook","K","Mitochondrial area"
189,"CS-Female -5000X -0038.dm3","CS",3.607,"DM3 spatial calibration retained in workbook","K","Mitochondrial area"
190,"CS-Female -5000X -0038.dm3","CS",0.025,"DM3 spatial calibration retained in workbook","K","Mitochondrial area"
191,"CS-Female -5000X -0038.dm3","CS",2.246,"DM3 spatial calibration retained in workbook","K","Mitochondrial area"
192,"CS-Female -5000X -0038.dm3","CS",0.156,"DM3 spatial calibration retained in workbook","K","Mitochondrial area"
193,"CS-Female -5000X -0038.dm3","CS",0.852,"DM3 spatial calibration retained in workbook","K","Mitochondrial area"
194,"CS-Female -5000X -0038.dm3","CS",0.405,"DM3 spatial calibration retained in workbook","K","Mitochondrial area"
195,"CS-Female -5000X -0038.dm3","CS",0.136,"DM3 spatial calibration retained in workbook","K","Mitochondrial area"
196,"CS-Female -5000X -0038.dm3","CS",0.053,"DM3 spatial calibration retained in workbook","K","Mitochondrial area"
197,"CS-Female -5000X -0038.dm3","CS",0.049,"DM3 spatial calibration retained in workbook","K","Mitochondrial area"
198,"CS-Female -5000X -0038.dm3","CS",0.048,"DM3 spatial calibration retained in workbook","K","Mitochondrial area"
199,"CS-Female -5000X -0038.dm3","CS",0.059,"DM3 spatial calibration retained in workbook","K","Mitochondrial area"
200,"CS-Female -5000X -0038.dm3","CS",0.375,"DM3 spatial calibration retained in workbook","K","Mitochondrial area"
201,"CS-Female -5000X -0038.dm3","CS",0.027,"DM3 spatial calibration retained in workbook","K","Mitochondrial area"
202,"CS-Female -5000X -0038.dm3","CS",0.016,"DM3 spatial calibration retained in workbook","K","Mitochondrial area"
203,"CS-Female -5000X -0038.dm3","CS",0.165,"DM3 spatial calibration retained in workbook","K","Mitochondrial area"
204,"CS-Female -5000X -0038.dm3","CS",0.549,"DM3 spatial calibration retained in workbook","K","Mitochondrial area"
205,"CS-Female -5000X -0038.dm3","CS",0.408,"DM3 spatial calibration retained in workbook","K","Mitochondrial area"
206,"CS-Female -5000X -0038.dm3","CS",0.921,"DM3 spatial calibration retained in workbook","K","Mitochondrial area"
207,"CS-Female -5000X -0038.dm3","CS",0.114,"DM3 spatial calibration retained in workbook","K","Mitochondrial area"
208,"CS-Female -5000X -0038.dm3","CS",1.012,"DM3 spatial calibration retained in workbook","K","Mitochondrial area"
209,"CS-Female -5000X -0038.dm3","CS",0.134,"DM3 spatial calibration retained in workbook","K","Mitochondrial area"
210,"CS-Female -5000X -0038.dm3","CS",0.171,"DM3 spatial calibration retained in workbook","K","Mitochondrial area"
211,"CS-Female -5000X -0038.dm3","CS",0.033,"DM3 spatial calibration retained in workbook","K","Mitochondrial area"
212,"CS-Female -5000X -0038.dm3","CS",0.035,"DM3 spatial calibration retained in workbook","K","Mitochondrial area"
213,"CS-Female -5000X -0038.dm3","CS",0.372,"DM3 spatial calibration retained in workbook","K","Mitochondrial area"
214,"CS-Female -5000X -0038.dm3","CS",0.111,"DM3 spatial calibration retained in workbook","K","Mitochondrial area"
215,"CS-Female -5000X -0038.dm3","CS",0.03,"DM3 spatial calibration retained in workbook","K","Mitochondrial area"
216,"CS-Female -5000X -0037.dm3","CS",0.159,"DM3 spatial calibration retained in workbook","K","Mitochondrial area"
217,"CS-Female -5000X -0037.dm3","CS",0.037,"DM3 spatial calibration retained in workbook","K","Mitochondrial area"
218,"CS-Female -5000X -0037.dm3","CS",0.05,"DM3 spatial calibration retained in workbook","K","Mitochondrial area"
219,"CS-Female -5000X -0037.dm3","CS",0.146,"DM3 spatial calibration retained in workbook","K","Mitochondrial area"
220,"CS-Female -5000X -0037.dm3","CS",0.021,"DM3 spatial calibration retained in workbook","K","Mitochondrial area"
221,"CS-Female -5000X -0037.dm3","CS",0.019,"DM3 spatial calibration retained in workbook","K","Mitochondrial area"
222,"CS-Female -5000X -0037.dm3","CS",3.209,"DM3 spatial calibration retained in workbook","K","Mitochondrial area"
223,"CS-Female -5000X -0037.dm3","CS",0.085,"DM3 spatial calibration retained in workbook","K","Mitochondrial area"
224,"CS-Female -5000X -0037.dm3","CS",0.054,"DM3 spatial calibration retained in workbook","K","Mitochondrial area"
225,"CS-Female -5000X -0037.dm3","CS",0.766,"DM3 spatial calibration retained in workbook","K","Mitochondrial area"
226,"CS-Female -5000X -0037.dm3","CS",0.991,"DM3 spatial calibration retained in workbook","K","Mitochondrial area"
227,"CS-Female -5000X -0037.dm3","CS",0.11,"DM3 spatial calibration retained in workbook","K","Mitochondrial area"
228,"CS-Female -5000X -0037.dm3","CS",0.04,"DM3 spatial calibration retained in workbook","K","Mitochondrial area"
229,"CS-Female -5000X -0037.dm3","CS",0.017,"DM3 spatial calibration retained in workbook","K","Mitochondrial area"
230,"CS-Female -5000X -0037.dm3","CS",0.041,"DM3 spatial calibration retained in workbook","K","Mitochondrial area"
231,"CS-Female -5000X -0037.dm3","CS",0.01,"DM3 spatial calibration retained in workbook","K","Mitochondrial area"
232,"CS-Female -5000X -0037.dm3","CS",0.041,"DM3 spatial calibration retained in workbook","K","Mitochondrial area"
233,"CS-Female -5000X -0037.dm3","CS",0.029,"DM3 spatial calibration retained in workbook","K","Mitochondrial area"
234,"CS-Female -5000X -0037.dm3","CS",0.032,"DM3 spatial calibration retained in workbook","K","Mitochondrial area"
235,"CS-Female -5000X -0037.dm3","CS",0.014,"DM3 spatial calibration retained in workbook","K","Mitochondrial area"
236,"CS-Female -5000X -0037.dm3","CS",0.007,"DM3 spatial calibration retained in workbook","K","Mitochondrial area"
237,"CS-Female -5000X -0037.dm3","CS",0.117,"DM3 spatial calibration retained in workbook","K","Mitochondrial area"
238,"CS-Female -5000X -0037.dm3","CS",0.026,"DM3 spatial calibration retained in workbook","K","Mitochondrial area"
239,"CS-Female -5000X -0037.dm3","CS",0.033,"DM3 spatial calibration retained in workbook","K","Mitochondrial area"
240,"CS-Female -5000X -0037.dm3","CS",0.025,"DM3 spatial calibration retained in workbook","K","Mitochondrial area"
241,"CS-Female -5000X -0037.dm3","CS",0.019,"DM3 spatial calibration retained in workbook","K","Mitochondrial area"
242,"CS-Female -5000X -0037.dm3","CS",0.34,"DM3 spatial calibration retained in workbook","K","Mitochondrial area"
243,"CS-Female -5000X -0036.dm3","CS",0.044,"DM3 spatial calibration retained in workbook","K","Mitochondrial area"
244,"CS-Female -5000X -0036.dm3","CS",0.026,"DM3 spatial calibration retained in workbook","K","Mitochondrial area"
245,"CS-Female -5000X -0036.dm3","CS",0.452,"DM3 spatial calibration retained in workbook","K","Mitochondrial area"
246,"CS-Female -5000X -0036.dm3","CS",0.021,"DM3 spatial calibration retained in workbook","K","Mitochondrial area"
247,"CS-Female -5000X -0036.dm3","CS",0.216,"DM3 spatial calibration retained in workbook","K","Mitochondrial area"
248,"CS-Female -5000X -0036.dm3","CS",0.135,"DM3 spatial calibration retained in workbook","K","Mitochondrial area"
249,"CS-Female -5000X -0036.dm3","CS",0.04,"DM3 spatial calibration retained in workbook","K","Mitochondrial area"
250,"CS-Female -5000X -0036.dm3","CS",0.15,"DM3 spatial calibration retained in workbook","K","Mitochondrial area"
251,"CS-Female -5000X -0036.dm3","CS",0.076,"DM3 spatial calibration retained in workbook","K","Mitochondrial area"
252,"CS-Female -5000X -0036.dm3","CS",0.034,"DM3 spatial calibration retained in workbook","K","Mitochondrial area"
253,"CS-Female -5000X -0036.dm3","CS",0.098,"DM3 spatial calibration retained in workbook","K","Mitochondrial area"
254,"CS-Female -5000X -0036.dm3","CS",0.135,"DM3 spatial calibration retained in workbook","K","Mitochondrial area"
255,"CS-Female -5000X -0036.dm3","CS",2.037,"DM3 spatial calibration retained in workbook","K","Mitochondrial area"
256,"CS-Female -5000X -0036.dm3","CS",0.024,"DM3 spatial calibration retained in workbook","K","Mitochondrial area"
257,"CS-Female -5000X -0036.dm3","CS",0.219,"DM3 spatial calibration retained in workbook","K","Mitochondrial area"
258,"CS-Female -5000X -0036.dm3","CS",0.133,"DM3 spatial calibration retained in workbook","K","Mitochondrial area"
259,"CS-Female -5000X -0036.dm3","CS",0.072,"DM3 spatial calibration retained in workbook","K","Mitochondrial area"
260,"CS-Female -5000X -0036.dm3","CS",0.765,"DM3 spatial calibration retained in workbook","K","Mitochondrial area"
261,"CS-Female -5000X -0036.dm3","CS",0.947,"DM3 spatial calibration retained in workbook","K","Mitochondrial area"
262,"CS-Female -5000X -0036.dm3","CS",0.234,"DM3 spatial calibration retained in workbook","K","Mitochondrial area"
263,"CS-Female -5000X -0036.dm3","CS",1.565,"DM3 spatial calibration retained in workbook","K","Mitochondrial area"
264,"CS-Female -5000X -0036.dm3","CS",0.053,"DM3 spatial calibration retained in workbook","K","Mitochondrial area"
265,"CS-Female -5000X -0036.dm3","CS",0.061,"DM3 spatial calibration retained in workbook","K","Mitochondrial area"
266,"CS-Female -5000X -0036.dm3","CS",1.675,"DM3 spatial calibration retained in workbook","K","Mitochondrial area"
267,"CS-Female -5000X -0036.dm3","CS",0.016,"DM3 spatial calibration retained in workbook","K","Mitochondrial area"
268,"CS-Female -5000X -0036.dm3","CS",0.042,"DM3 spatial calibration retained in workbook","K","Mitochondrial area"
269,"CS-Female -5000X -0036.dm3","CS",0.14,"DM3 spatial calibration retained in workbook","K","Mitochondrial area"
270,"CS-Female -5000X -0036.dm3","CS",0.016,"DM3 spatial calibration retained in workbook","K","Mitochondrial area"
271,"CS-Female -5000X -0036.dm3","CS",0.028,"DM3 spatial calibration retained in workbook","K","Mitochondrial area"
272,"CS-Female -5000X -0036.dm3","CS",0.451,"DM3 spatial calibration retained in workbook","K","Mitochondrial area"
273,"CS-Female -5000X -0036.dm3","CS",0.016,"DM3 spatial calibration retained in workbook","K","Mitochondrial area"
274,"CS-Female -5000X -0036.dm3","CS",1.051,"DM3 spatial calibration retained in workbook","K","Mitochondrial area"
275,"CS-Female -5000X -0036.dm3","CS",0.113,"DM3 spatial calibration retained in workbook","K","Mitochondrial area"
276,"CS-Female -5000X -0036.dm3","CS",0.02,"DM3 spatial calibration retained in workbook","K","Mitochondrial area"
277,"CS-Female -5000X -0036.dm3","CS",0.016,"DM3 spatial calibration retained in workbook","K","Mitochondrial area"
278,"CS-Female -5000X -0036.dm3","CS",0.022,"DM3 spatial calibration retained in workbook","K","Mitochondrial area"
279,"CS-Female -5000X -0036.dm3","CS",0.044,"DM3 spatial calibration retained in workbook","K","Mitochondrial area"
280,"CS-Female -5000X -0036.dm3","CS",0.985,"DM3 spatial calibration retained in workbook","K","Mitochondrial area"
281,"CS-Female -5000X -0036.dm3","CS",0.124,"DM3 spatial calibration retained in workbook","K","Mitochondrial area"
282,"CS-Female -5000X -0036.dm3","CS",0.162,"DM3 spatial calibration retained in workbook","K","Mitochondrial area"
283,"CS-Female -5000X -0036.dm3","CS",0.033,"DM3 spatial calibration retained in workbook","K","Mitochondrial area"
284,"CS-Female -5000X -0036.dm3","CS",0.085,"DM3 spatial calibration retained in workbook","K","Mitochondrial area"
285,"CS-Female -5000X -0036.dm3","CS",0.103,"DM3 spatial calibration retained in workbook","K","Mitochondrial area"
286,"CS-Female -5000X -0036.dm3","CS",0.04,"DM3 spatial calibration retained in workbook","K","Mitochondrial area"
287,"CS-Female -5000X -0036.dm3","CS",0.094,"DM3 spatial calibration retained in workbook","K","Mitochondrial area"
288,"CS-Female -5000X -0036.dm3","CS",0.015,"DM3 spatial calibration retained in workbook","K","Mitochondrial area"
289,"CS-Female -5000X -0036.dm3","CS",0.036,"DM3 spatial calibration retained in workbook","K","Mitochondrial area"
290,"CS-Female -5000X -0035.dm3","CS",0.283,"DM3 spatial calibration retained in workbook","K","Mitochondrial area"
291,"CS-Female -5000X -0035.dm3","CS",0.057,"DM3 spatial calibration retained in workbook","K","Mitochondrial area"
292,"CS-Female -5000X -0035.dm3","CS",0.154,"DM3 spatial calibration retained in workbook","K","Mitochondrial area"
293,"CS-Female -5000X -0035.dm3","CS",0.03,"DM3 spatial calibration retained in workbook","K","Mitochondrial area"
294,"CS-Female -5000X -0035.dm3","CS",0.134,"DM3 spatial calibration retained in workbook","K","Mitochondrial area"
295,"CS-Female -5000X -0035.dm3","CS",0.035,"DM3 spatial calibration retained in workbook","K","Mitochondrial area"
296,"CS-Female -5000X -0035.dm3","CS",1.607,"DM3 spatial calibration retained in workbook","K","Mitochondrial area"
297,"CS-Female -5000X -0035.dm3","CS",0.091,"DM3 spatial calibration retained in workbook","K","Mitochondrial area"
298,"CS-Female -5000X -0035.dm3","CS",0.031,"DM3 spatial calibration retained in workbook","K","Mitochondrial area"
299,"CS-Female -5000X -0035.dm3","CS",0.017,"DM3 spatial calibration retained in workbook","K","Mitochondrial area"
300,"CS-Female -5000X -0035.dm3","CS",1.03,"DM3 spatial calibration retained in workbook","K","Mitochondrial area"
301,"CS-Female -5000X -0035.dm3","CS",0.013,"DM3 spatial calibration retained in workbook","K","Mitochondrial area"
302,"CS-Female -5000X -0035.dm3","CS",0.012,"DM3 spatial calibration retained in workbook","K","Mitochondrial area"
303,"CS-Female -5000X -0035.dm3","CS",0.071,"DM3 spatial calibration retained in workbook","K","Mitochondrial area"
304,"CS-Female -5000X -0035.dm3","CS",4.795,"DM3 spatial calibration retained in workbook","K","Mitochondrial area"
305,"CS-Female -5000X -0035.dm3","CS",0.023,"DM3 spatial calibration retained in workbook","K","Mitochondrial area"
306,"CS-Female -5000X -0035.dm3","CS",1.216,"DM3 spatial calibration retained in workbook","K","Mitochondrial area"
307,"CS-Female -5000X -0035.dm3","CS",0.155,"DM3 spatial calibration retained in workbook","K","Mitochondrial area"
308,"CS-Female -5000X -0035.dm3","CS",0.122,"DM3 spatial calibration retained in workbook","K","Mitochondrial area"
309,"CS-Female -5000X -0035.dm3","CS",0.879,"DM3 spatial calibration retained in workbook","K","Mitochondrial area"
310,"CS-Female -5000X -0035.dm3","CS",0.164,"DM3 spatial calibration retained in workbook","K","Mitochondrial area"
311,"CS-Female -5000X -0035.dm3","CS",0.173,"DM3 spatial calibration retained in workbook","K","Mitochondrial area"
312,"CS-Female -5000X -0035.dm3","CS",0.021,"DM3 spatial calibration retained in workbook","K","Mitochondrial area"
313,"CS-Female -5000X -0035.dm3","CS",0.013,"DM3 spatial calibration retained in workbook","K","Mitochondrial area"
314,"CS-Female -5000X -0035.dm3","CS",0.593,"DM3 spatial calibration retained in workbook","K","Mitochondrial area"
315,"CS-Female -5000X -0035.dm3","CS",0.016,"DM3 spatial calibration retained in workbook","K","Mitochondrial area"
316,"CS-Female -5000X -0035.dm3","CS",0.014,"DM3 spatial calibration retained in workbook","K","Mitochondrial area"
317,"CS-Female -5000X -0035.dm3","CS",1.28,"DM3 spatial calibration retained in workbook","K","Mitochondrial area"
318,"CS-Female -5000X -0035.dm3","CS",0.361,"DM3 spatial calibration retained in workbook","K","Mitochondrial area"
319,"CS-Female -5000X -0035.dm3","CS",0.016,"DM3 spatial calibration retained in workbook","K","Mitochondrial area"
320,"CS-Female -5000X -0035.dm3","CS",0.019,"DM3 spatial calibration retained in workbook","K","Mitochondrial area"
321,"CS-Female -5000X -0035.dm3","CS",0.139,"DM3 spatial calibration retained in workbook","K","Mitochondrial area"
322,"CS-Female -5000X -0035.dm3","CS",0.201,"DM3 spatial calibration retained in workbook","K","Mitochondrial area"
323,"CS-Female -5000X -0035.dm3","CS",0.026,"DM3 spatial calibration retained in workbook","K","Mitochondrial area"
324,"CS-Female -5000X -0034.dm3","CS",0.645,"DM3 spatial calibration retained in workbook","K","Mitochondrial area"
325,"CS-Female -5000X -0034.dm3","CS",0.103,"DM3 spatial calibration retained in workbook","K","Mitochondrial area"
326,"CS-Female -5000X -0034.dm3","CS",0.014,"DM3 spatial calibration retained in workbook","K","Mitochondrial area"
327,"CS-Female -5000X -0034.dm3","CS",0.026,"DM3 spatial calibration retained in workbook","K","Mitochondrial area"
328,"CS-Female -5000X -0034.dm3","CS",0.031,"DM3 spatial calibration retained in workbook","K","Mitochondrial area"
329,"CS-Female -5000X -0034.dm3","CS",0.11,"DM3 spatial calibration retained in workbook","K","Mitochondrial area"
330,"CS-Female -5000X -0034.dm3","CS",0.084,"DM3 spatial calibration retained in workbook","K","Mitochondrial area"
331,"CS-Female -5000X -0034.dm3","CS",0.14,"DM3 spatial calibration retained in workbook","K","Mitochondrial area"
332,"CS-Female -5000X -0034.dm3","CS",0.066,"DM3 spatial calibration retained in workbook","K","Mitochondrial area"
333,"CS-Female -5000X -0034.dm3","CS",0.168,"DM3 spatial calibration retained in workbook","K","Mitochondrial area"
334,"CS-Female -5000X -0034.dm3","CS",0.023,"DM3 spatial calibration retained in workbook","K","Mitochondrial area"
335,"CS-Female -5000X -0034.dm3","CS",0.021,"DM3 spatial calibration retained in workbook","K","Mitochondrial area"
336,"CS-Female -5000X -0034.dm3","CS",0.041,"DM3 spatial calibration retained in workbook","K","Mitochondrial area"
337,"CS-Female -5000X -0034.dm3","CS",0.027,"DM3 spatial calibration retained in workbook","K","Mitochondrial area"
338,"CS-Female -5000X -0034.dm3","CS",0.163,"DM3 spatial calibration retained in workbook","K","Mitochondrial area"
339,"CS-Female -5000X -0034.dm3","CS",0.113,"DM3 spatial calibration retained in workbook","K","Mitochondrial area"
340,"CS-Female -5000X -0034.dm3","CS",0.027,"DM3 spatial calibration retained in workbook","K","Mitochondrial area"
341,"CS-Female -5000X -0034.dm3","CS",0.104,"DM3 spatial calibration retained in workbook","K","Mitochondrial area"
342,"CS-Female -5000X -0034.dm3","CS",0.014,"DM3 spatial calibration retained in workbook","K","Mitochondrial area"
343,"CS-Female -5000X -0034.dm3","CS",0.018,"DM3 spatial calibration retained in workbook","K","Mitochondrial area"
344,"CS-Female -5000X -0034.dm3","CS",0.088,"DM3 spatial calibration retained in workbook","K","Mitochondrial area"
345,"CS-Female -5000X -0034.dm3","CS",0.049,"DM3 spatial calibration retained in workbook","K","Mitochondrial area"
346,"CS-Female -5000X -0034.dm3","CS",0.022,"DM3 spatial calibration retained in workbook","K","Mitochondrial area"
347,"CS-Female -5000X -0034.dm3","CS",0.946,"DM3 spatial calibration retained in workbook","K","Mitochondrial area"
348,"CS-Female -5000X -0034.dm3","CS",1.489,"DM3 spatial calibration retained in workbook","K","Mitochondrial area"
349,"CS-Female -5000X -0034.dm3","CS",0.07,"DM3 spatial calibration retained in workbook","K","Mitochondrial area"
350,"CS-Female -5000X -0034.dm3","CS",0.023,"DM3 spatial calibration retained in workbook","K","Mitochondrial area"
351,"CS-Female -5000X -0034.dm3","CS",0.018,"DM3 spatial calibration retained in workbook","K","Mitochondrial area"
352,"CS-Female -5000X -0034.dm3","CS",3.181,"DM3 spatial calibration retained in workbook","K","Mitochondrial area"
353,"CS-Female -5000X -0034.dm3","CS",0.054,"DM3 spatial calibration retained in workbook","K","Mitochondrial area"
354,"CS-Female -5000X -0034.dm3","CS",0.018,"DM3 spatial calibration retained in workbook","K","Mitochondrial area"
355,"CS-Female -5000X -0034.dm3","CS",0.101,"DM3 spatial calibration retained in workbook","K","Mitochondrial area"
356,"CS-Female -5000X -0034.dm3","CS",3.376,"DM3 spatial calibration retained in workbook","K","Mitochondrial area"
357,"CS-Female -5000X -0034.dm3","CS",0.054,"DM3 spatial calibration retained in workbook","K","Mitochondrial area"
358,"CS-Female -5000X -0034.dm3","CS",0.011,"DM3 spatial calibration retained in workbook","K","Mitochondrial area"
359,"CS-Female -5000X -0034.dm3","CS",0.019,"DM3 spatial calibration retained in workbook","K","Mitochondrial area"
360,"CS-Female -5000X -0034.dm3","CS",0.022,"DM3 spatial calibration retained in workbook","K","Mitochondrial area"
361,"CS-Female -5000X -0034.dm3","CS",0.832,"DM3 spatial calibration retained in workbook","K","Mitochondrial area"
362,"CS-Female -5000X -0034.dm3","CS",0.091,"DM3 spatial calibration retained in workbook","K","Mitochondrial area"
363,"CS-Female -5000X -0034.dm3","CS",0.019,"DM3 spatial calibration retained in workbook","K","Mitochondrial area"
364,"CS-Female -5000X -0034.dm3","CS",0.089,"DM3 spatial calibration retained in workbook","K","Mitochondrial area"
365,"CS-Female -5000X -0034.dm3","CS",0.061,"DM3 spatial calibration retained in workbook","K","Mitochondrial area"
366,"CS-Female -5000X -0034.dm3","CS",0.03,"DM3 spatial calibration retained in workbook","K","Mitochondrial area"
367,"CS-Female -5000X -0034.dm3","CS",2.656,"DM3 spatial calibration retained in workbook","K","Mitochondrial area"
368,"CS-Female -5000X -0034.dm3","CS",0.155,"DM3 spatial calibration retained in workbook","K","Mitochondrial area"
369,"CS-Female -5000X -0034.dm3","CS",0.049,"DM3 spatial calibration retained in workbook","K","Mitochondrial area"
370,"CS-Female -5000X -0034.dm3","CS",0.035,"DM3 spatial calibration retained in workbook","K","Mitochondrial area"
371,"CS-Female -5000X -0034.dm3","CS",0.16,"DM3 spatial calibration retained in workbook","K","Mitochondrial area"
372,"CS-Female -5000X -0034.dm3","CS",0.027,"DM3 spatial calibration retained in workbook","K","Mitochondrial area"
373,"CS-Female -5000X -0034.dm3","CS",0.045,"DM3 spatial calibration retained in workbook","K","Mitochondrial area"
374,"CS-Female -5000X -0034.dm3","CS",0.026,"DM3 spatial calibration retained in workbook","K","Mitochondrial area"
375,"CS-Female -5000X -0034.dm3","CS",0.056,"DM3 spatial calibration retained in workbook","K","Mitochondrial area"
376,"CS-Female -5000X -0034.dm3","CS",0.286,"DM3 spatial calibration retained in workbook","K","Mitochondrial area"
377,"CS-Female -5000X -0034.dm3","CS",0.116,"DM3 spatial calibration retained in workbook","K","Mitochondrial area"
378,"CS-Female -5000X -0034.dm3","CS",0.016,"DM3 spatial calibration retained in workbook","K","Mitochondrial area"
379,"CS-Female -5000X -0034.dm3","CS",0.225,"DM3 spatial calibration retained in workbook","K","Mitochondrial area"
380,"CS-Female -5000X -0034.dm3","CS",0.069,"DM3 spatial calibration retained in workbook","K","Mitochondrial area"
381,"CS-Female -5000X -0034.dm3","CS",0.062,"DM3 spatial calibration retained in workbook","K","Mitochondrial area"
382,"CS-Female -5000X -0033.dm3","CS",0.031,"DM3 spatial calibration retained in workbook","K","Mitochondrial area"
383,"CS-Female -5000X -0033.dm3","CS",0.11,"DM3 spatial calibration retained in workbook","K","Mitochondrial area"
384,"CS-Female -5000X -0033.dm3","CS",0.023,"DM3 spatial calibration retained in workbook","K","Mitochondrial area"
385,"CS-Female -5000X -0033.dm3","CS",0.01,"DM3 spatial calibration retained in workbook","K","Mitochondrial area"
386,"CS-Female -5000X -0033.dm3","CS",0.013,"DM3 spatial calibration retained in workbook","K","Mitochondrial area"
387,"CS-Female -5000X -0033.dm3","CS",0.016,"DM3 spatial calibration retained in workbook","K","Mitochondrial area"
388,"CS-Female -5000X -0033.dm3","CS",0.018,"DM3 spatial calibration retained in workbook","K","Mitochondrial area"
389,"CS-Female -5000X -0033.dm3","CS",0.013,"DM3 spatial calibration retained in workbook","K","Mitochondrial area"
390,"CS-Female -5000X -0033.dm3","CS",0.075,"DM3 spatial calibration retained in workbook","K","Mitochondrial area"
391,"CS-Female -5000X -0033.dm3","CS",1.815,"DM3 spatial calibration retained in workbook","K","Mitochondrial area"
392,"CS-Female -5000X -0033.dm3","CS",0.013,"DM3 spatial calibration retained in workbook","K","Mitochondrial area"
393,"CS-Female -5000X -0033.dm3","CS",0.01,"DM3 spatial calibration retained in workbook","K","Mitochondrial area"
394,"CS-Female -5000X -0033.dm3","CS",0.013,"DM3 spatial calibration retained in workbook","K","Mitochondrial area"
395,"CS-Female -5000X -0033.dm3","CS",0.022,"DM3 spatial calibration retained in workbook","K","Mitochondrial area"
396,"CS-Female -5000X -0033.dm3","CS",0.093,"DM3 spatial calibration retained in workbook","K","Mitochondrial area"
397,"CS-Female -5000X -0033.dm3","CS",0.045,"DM3 spatial calibration retained in workbook","K","Mitochondrial area"
398,"CS-Female -5000X -0033.dm3","CS",0.014,"DM3 spatial calibration retained in workbook","K","Mitochondrial area"
399,"CS-Female -5000X -0033.dm3","CS",0.038,"DM3 spatial calibration retained in workbook","K","Mitochondrial area"
400,"CS-Female -5000X -0033.dm3","CS",0.035,"DM3 spatial calibration retained in workbook","K","Mitochondrial area"
401,"CS-Female -5000X -0033.dm3","CS",0.016,"DM3 spatial calibration retained in workbook","K","Mitochondrial area"
402,"CS-Female -5000X -0033.dm3","CS",0.008,"DM3 spatial calibration retained in workbook","K","Mitochondrial area"
403,"CS-Female -5000X -0033.dm3","CS",0.008,"DM3 spatial calibration retained in workbook","K","Mitochondrial area"
404,"CS-Female -5000X -0033.dm3","CS",0.007,"DM3 spatial calibration retained in workbook","K","Mitochondrial area"
405,"CS-Female -5000X -0033.dm3","CS",0.017,"DM3 spatial calibration retained in workbook","K","Mitochondrial area"
406,"CS-Female -5000X -0033.dm3","CS",0.006,"DM3 spatial calibration retained in workbook","K","Mitochondrial area"
407,"CS-Female -5000X -0033.dm3","CS",0.02,"DM3 spatial calibration retained in workbook","K","Mitochondrial area"
408,"CS-Female -5000X -0033.dm3","CS",0.01,"DM3 spatial calibration retained in workbook","K","Mitochondrial area"
409,"CS-Female -5000X -0033.dm3","CS",0.75,"DM3 spatial calibration retained in workbook","K","Mitochondrial area"
410,"CS-Female -5000X -0033.dm3","CS",0.015,"DM3 spatial calibration retained in workbook","K","Mitochondrial area"
411,"CS-Female -5000X -0033.dm3","CS",0.013,"DM3 spatial calibration retained in workbook","K","Mitochondrial area"
412,"CS-Female -5000X -0033.dm3","CS",0.028,"DM3 spatial calibration retained in workbook","K","Mitochondrial area"
413,"CS-Female -5000X -0033.dm3","CS",1.509,"DM3 spatial calibration retained in workbook","K","Mitochondrial area"
414,"CS-Female -5000X -0033.dm3","CS",0.047,"DM3 spatial calibration retained in workbook","K","Mitochondrial area"
415,"CS-Female -5000X -0033.dm3","CS",0.043,"DM3 spatial calibration retained in workbook","K","Mitochondrial area"
416,"CS-Female -5000X -0033.dm3","CS",0.011,"DM3 spatial calibration retained in workbook","K","Mitochondrial area"
417,"CS-Female -5000X -0033.dm3","CS",1.487,"DM3 spatial calibration retained in workbook","K","Mitochondrial area"
418,"CS-Female -5000X -0033.dm3","CS",0.043,"DM3 spatial calibration retained in workbook","K","Mitochondrial area"
419,"CS-Female -5000X -0033.dm3","CS",0.026,"DM3 spatial calibration retained in workbook","K","Mitochondrial area"
420,"CS-Female -5000X -0033.dm3","CS",0.1,"DM3 spatial calibration retained in workbook","K","Mitochondrial area"
421,"CS-Female -5000X -0033.dm3","CS",0.033,"DM3 spatial calibration retained in workbook","K","Mitochondrial area"
422,"CS-Female -5000X -0033.dm3","CS",0.029,"DM3 spatial calibration retained in workbook","K","Mitochondrial area"
423,"CS-Female -5000X -0033.dm3","CS",0.063,"DM3 spatial calibration retained in workbook","K","Mitochondrial area"
424,"CS-Female -5000X -0033.dm3","CS",0.095,"DM3 spatial calibration retained in workbook","K","Mitochondrial area"
425,"CS-Female -5000X -0033.dm3","CS",0.033,"DM3 spatial calibration retained in workbook","K","Mitochondrial area"
426,"CS-Female -5000X -0033.dm3","CS",1.363,"DM3 spatial calibration retained in workbook","K","Mitochondrial area"
427,"CS-Female -5000X -0033.dm3","CS",0.107,"DM3 spatial calibration retained in workbook","K","Mitochondrial area"
428,"CS-Female -5000X -0033.dm3","CS",1.265,"DM3 spatial calibration retained in workbook","K","Mitochondrial area"
429,"CS-Female -5000X -0033.dm3","CS",0.021,"DM3 spatial calibration retained in workbook","K","Mitochondrial area"
430,"CS-Female -5000X -0033.dm3","CS",0.111,"DM3 spatial calibration retained in workbook","K","Mitochondrial area"
431,"CS-Female -5000X -0033.dm3","CS",0.153,"DM3 spatial calibration retained in workbook","K","Mitochondrial area"
432,"CS-Female -5000X -0033.dm3","CS",0.007,"DM3 spatial calibration retained in workbook","K","Mitochondrial area"
433,"CS-Female -5000X -0033.dm3","CS",0.03,"DM3 spatial calibration retained in workbook","K","Mitochondrial area"
434,"CS-Female -5000X -0033.dm3","CS",0.01,"DM3 spatial calibration retained in workbook","K","Mitochondrial area"
435,"CS-Female -5000X -0033.dm3","CS",0.42,"DM3 spatial calibration retained in workbook","K","Mitochondrial area"
436,"CS-Female -5000X -0033.dm3","CS",0.053,"DM3 spatial calibration retained in workbook","K","Mitochondrial area"
437,"CS-Female -5000X -0033.dm3","CS",0.6,"DM3 spatial calibration retained in workbook","K","Mitochondrial area"
438,"CS-Female -5000X -0033.dm3","CS",0.039,"DM3 spatial calibration retained in workbook","K","Mitochondrial area"
439,"CS-Female -5000X -0032.dm3","CS",0.148,"DM3 spatial calibration retained in workbook","K","Mitochondrial area"
440,"CS-Female -5000X -0032.dm3","CS",0.032,"DM3 spatial calibration retained in workbook","K","Mitochondrial area"
441,"CS-Female -5000X -0032.dm3","CS",0.017,"DM3 spatial calibration retained in workbook","K","Mitochondrial area"
442,"CS-Female -5000X -0032.dm3","CS",0.027,"DM3 spatial calibration retained in workbook","K","Mitochondrial area"
443,"CS-Female -5000X -0032.dm3","CS",0.034,"DM3 spatial calibration retained in workbook","K","Mitochondrial area"
444,"CS-Female -5000X -0032.dm3","CS",0.152,"DM3 spatial calibration retained in workbook","K","Mitochondrial area"
445,"CS-Female -5000X -0032.dm3","CS",0.109,"DM3 spatial calibration retained in workbook","K","Mitochondrial area"
446,"CS-Female -5000X -0032.dm3","CS",0.02,"DM3 spatial calibration retained in workbook","K","Mitochondrial area"
447,"CS-Female -5000X -0032.dm3","CS",0.021,"DM3 spatial calibration retained in workbook","K","Mitochondrial area"
448,"CS-Female -5000X -0032.dm3","CS",0.024,"DM3 spatial calibration retained in workbook","K","Mitochondrial area"
449,"CS-Female -5000X -0032.dm3","CS",0.135,"DM3 spatial calibration retained in workbook","K","Mitochondrial area"
450,"CS-Female -5000X -0032.dm3","CS",1.736,"DM3 spatial calibration retained in workbook","K","Mitochondrial area"
451,"CS-Female -5000X -0032.dm3","CS",2.063,"DM3 spatial calibration retained in workbook","K","Mitochondrial area"
452,"CS-Female -5000X -0032.dm3","CS",0.075,"DM3 spatial calibration retained in workbook","K","Mitochondrial area"
453,"CS-Female -5000X -0032.dm3","CS",0.018,"DM3 spatial calibration retained in workbook","K","Mitochondrial area"
454,"CS-Female -5000X -0032.dm3","CS",0.029,"DM3 spatial calibration retained in workbook","K","Mitochondrial area"
455,"CS-Female -5000X -0032.dm3","CS",0.077,"DM3 spatial calibration retained in workbook","K","Mitochondrial area"
456,"CS-Female -5000X -0032.dm3","CS",0.05,"DM3 spatial calibration retained in workbook","K","Mitochondrial area"
457,"CS-Female -5000X -0032.dm3","CS",0.021,"DM3 spatial calibration retained in workbook","K","Mitochondrial area"
458,"CS-Female -5000X -0032.dm3","CS",2.225,"DM3 spatial calibration retained in workbook","K","Mitochondrial area"
459,"CS-Female -5000X -0032.dm3","CS",1.169,"DM3 spatial calibration retained in workbook","K","Mitochondrial area"
460,"CS-Female -5000X -0032.dm3","CS",0.233,"DM3 spatial calibration retained in workbook","K","Mitochondrial area"
461,"CS-Female -5000X -0032.dm3","CS",1.038,"DM3 spatial calibration retained in workbook","K","Mitochondrial area"
462,"CS-Female -5000X -0032.dm3","CS",0.085,"DM3 spatial calibration retained in workbook","K","Mitochondrial area"
463,"CS-Female -5000X -0032.dm3","CS",0.151,"DM3 spatial calibration retained in workbook","K","Mitochondrial area"
464,"CS-Female -5000X -0032.dm3","CS",0.104,"DM3 spatial calibration retained in workbook","K","Mitochondrial area"
465,"CS-Female -5000X -0032.dm3","CS",0.019,"DM3 spatial calibration retained in workbook","K","Mitochondrial area"
466,"CS-Female -5000X -0032.dm3","CS",0.032,"DM3 spatial calibration retained in workbook","K","Mitochondrial area"
467,"CS-Female -5000X -0032.dm3","CS",0.019,"DM3 spatial calibration retained in workbook","K","Mitochondrial area"
468,"CS-Female -5000X -0032.dm3","CS",1.596,"DM3 spatial calibration retained in workbook","K","Mitochondrial area"
469,"CS-Female -5000X -0032.dm3","CS",1.019,"DM3 spatial calibration retained in workbook","K","Mitochondrial area"
470,"CS-Female -5000X -0032.dm3","CS",0.019,"DM3 spatial calibration retained in workbook","K","Mitochondrial area"
471,"CS-Female -5000X -0032.dm3","CS",0.03,"DM3 spatial calibration retained in workbook","K","Mitochondrial area"
472,"CS-Female -5000X -0032.dm3","CS",0.018,"DM3 spatial calibration retained in workbook","K","Mitochondrial area"
473,"CS-Female -5000X -0032.dm3","CS",0.012,"DM3 spatial calibration retained in workbook","K","Mitochondrial area"
474,"CS-Female -5000X -0032.dm3","CS",0.015,"DM3 spatial calibration retained in workbook","K","Mitochondrial area"
475,"CS-Female -5000X -0032.dm3","CS",0.02,"DM3 spatial calibration retained in workbook","K","Mitochondrial area"
476,"CS-Female -5000X -0032.dm3","CS",0.041,"DM3 spatial calibration retained in workbook","K","Mitochondrial area"
477,"CS-Female -5000X -0032.dm3","CS",0.047,"DM3 spatial calibration retained in workbook","K","Mitochondrial area"
478,"CS-Female -5000X -0032.dm3","CS",0.04,"DM3 spatial calibration retained in workbook","K","Mitochondrial area"
479,"CS-Female -5000X -0032.dm3","CS",0.032,"DM3 spatial calibration retained in workbook","K","Mitochondrial area"
480,"CS-Female -5000X -0032.dm3","CS",4.174,"DM3 spatial calibration retained in workbook","K","Mitochondrial area"
481,"CS-Female -5000X -0032.dm3","CS",2.743,"DM3 spatial calibration retained in workbook","K","Mitochondrial area"
482,"CS-Female -5000X -0032.dm3","CS",0.034,"DM3 spatial calibration retained in workbook","K","Mitochondrial area"
483,"CS-Female -5000X -0032.dm3","CS",0.11,"DM3 spatial calibration retained in workbook","K","Mitochondrial area"
484,"CS-Female -5000X -0031.dm3","CS",0.013,"DM3 spatial calibration retained in workbook","K","Mitochondrial area"
485,"CS-Female -5000X -0031.dm3","CS",0.03,"DM3 spatial calibration retained in workbook","K","Mitochondrial area"
486,"CS-Female -5000X -0031.dm3","CS",0.205,"DM3 spatial calibration retained in workbook","K","Mitochondrial area"
487,"CS-Female -5000X -0031.dm3","CS",0.014,"DM3 spatial calibration retained in workbook","K","Mitochondrial area"
488,"CS-Female -5000X -0031.dm3","CS",2.944,"DM3 spatial calibration retained in workbook","K","Mitochondrial area"
489,"CS-Female -5000X -0031.dm3","CS",0.032,"DM3 spatial calibration retained in workbook","K","Mitochondrial area"
490,"CS-Female -5000X -0031.dm3","CS",0.148,"DM3 spatial calibration retained in workbook","K","Mitochondrial area"
491,"CS-Female -5000X -0031.dm3","CS",0.046,"DM3 spatial calibration retained in workbook","K","Mitochondrial area"
492,"CS-Female -5000X -0031.dm3","CS",0.08,"DM3 spatial calibration retained in workbook","K","Mitochondrial area"
493,"CS-Female -5000X -0031.dm3","CS",3.144,"DM3 spatial calibration retained in workbook","K","Mitochondrial area"
494,"CS-Female -5000X -0031.dm3","CS",0.08,"DM3 spatial calibration retained in workbook","K","Mitochondrial area"
495,"CS-Female -5000X -0031.dm3","CS",0.069,"DM3 spatial calibration retained in workbook","K","Mitochondrial area"
496,"CS-Female -5000X -0031.dm3","CS",0.133,"DM3 spatial calibration retained in workbook","K","Mitochondrial area"
497,"CS-Female -5000X -0031.dm3","CS",0.01,"DM3 spatial calibration retained in workbook","K","Mitochondrial area"
498,"CS-Female -5000X -0031.dm3","CS",0.01,"DM3 spatial calibration retained in workbook","K","Mitochondrial area"
499,"CS-Female -5000X -0031.dm3","CS",0.016,"DM3 spatial calibration retained in workbook","K","Mitochondrial area"
500,"CS-Female -5000X -0031.dm3","CS",0.012,"DM3 spatial calibration retained in workbook","K","Mitochondrial area"
501,"CS-Female -5000X -0031.dm3","CS",10.109,"DM3 spatial calibration retained in workbook","K","Mitochondrial area"
502,"CS-Female -5000X -0031.dm3","CS",0.014,"DM3 spatial calibration retained in workbook","K","Mitochondrial area"
503,"CS-Female -5000X -0031.dm3","CS",0.143,"DM3 spatial calibration retained in workbook","K","Mitochondrial area"
504,"CS-Female -5000X -0031.dm3","CS",0.02,"DM3 spatial calibration retained in workbook","K","Mitochondrial area"
505,"CS-Female -5000X -0031.dm3","CS",2.947,"DM3 spatial calibration retained in workbook","K","Mitochondrial area"
506,"CS-Female -5000X -0031.dm3","CS",0.029,"DM3 spatial calibration retained in workbook","K","Mitochondrial area"
507,"CS-Female -5000X -0031.dm3","CS",0.08,"DM3 spatial calibration retained in workbook","K","Mitochondrial area"
508,"CS-Female -5000X -0031.dm3","CS",0.045,"DM3 spatial calibration retained in workbook","K","Mitochondrial area"
509,"CS-Female -5000X -0031.dm3","CS",0.073,"DM3 spatial calibration retained in workbook","K","Mitochondrial area"
510,"CS-Female -5000X -0031.dm3","CS",0.117,"DM3 spatial calibration retained in workbook","K","Mitochondrial area"
511,"CS-Female -5000X -0031.dm3","CS",0.078,"DM3 spatial calibration retained in workbook","K","Mitochondrial area"
512,"CS-Female -5000X -0031.dm3","CS",0.051,"DM3 spatial calibration retained in workbook","K","Mitochondrial area"
513,"CS-Female -5000X -0031.dm3","CS",1.481,"DM3 spatial calibration retained in workbook","K","Mitochondrial area"
514,"CS-Female -5000X -0031.dm3","CS",0.083,"DM3 spatial calibration retained in workbook","K","Mitochondrial area"
515,"CS-Female -5000X -0031.dm3","CS",0.018,"DM3 spatial calibration retained in workbook","K","Mitochondrial area"
516,"CS-Female -5000X -0031.dm3","CS",0.028,"DM3 spatial calibration retained in workbook","K","Mitochondrial area"
517,"CS-Female -5000X -0031.dm3","CS",0.037,"DM3 spatial calibration retained in workbook","K","Mitochondrial area"
518,"CS-Female -5000X -0031.dm3","CS",0.022,"DM3 spatial calibration retained in workbook","K","Mitochondrial area"
519,"CS-Female -5000X -0030.dm3","CS",5.03,"DM3 spatial calibration retained in workbook","K","Mitochondrial area"
520,"CS-Female -5000X -0030.dm3","CS",4.939,"DM3 spatial calibration retained in workbook","K","Mitochondrial area"
521,"CS-Female -5000X -0029.dm3","CS",1.658,"DM3 spatial calibration retained in workbook","K","Mitochondrial area"
522,"CS-Female -5000X -0029.dm3","CS",5.96,"DM3 spatial calibration retained in workbook","K","Mitochondrial area"
523,"CS-Female -5000X -0028.dm3","CS",0.242,"DM3 spatial calibration retained in workbook","K","Mitochondrial area"
524,"CS-Female -5000X -0028.dm3","CS",0.058,"DM3 spatial calibration retained in workbook","K","Mitochondrial area"
525,"CS-Female -5000X -0028.dm3","CS",0.871,"DM3 spatial calibration retained in workbook","K","Mitochondrial area"
526,"CS-Female -5000X -0028.dm3","CS",1.565,"DM3 spatial calibration retained in workbook","K","Mitochondrial area"
527,"CS-Female -5000X -0028.dm3","CS",2.193,"DM3 spatial calibration retained in workbook","K","Mitochondrial area"
528,"CS-Female -5000X -0028.dm3","CS",2.194,"DM3 spatial calibration retained in workbook","K","Mitochondrial area"
529,"CS-Female -5000X -0027.dm3","CS",0.032,"DM3 spatial calibration retained in workbook","K","Mitochondrial area"
530,"CS-Female -5000X -0027.dm3","CS",0.014,"DM3 spatial calibration retained in workbook","K","Mitochondrial area"
531,"CS-Female -5000X -0027.dm3","CS",3.758,"DM3 spatial calibration retained in workbook","K","Mitochondrial area"
532,"CS-Female -5000X -0027.dm3","CS",1.988,"DM3 spatial calibration retained in workbook","K","Mitochondrial area"
533,"CS-Female -5000X -0027.dm3","CS",0.05,"DM3 spatial calibration retained in workbook","K","Mitochondrial area"
534,"CS-Female -5000X -0027.dm3","CS",0.325,"DM3 spatial calibration retained in workbook","K","Mitochondrial area"
535,"CS-Female -5000X -0027.dm3","CS",2.779,"DM3 spatial calibration retained in workbook","K","Mitochondrial area"
536,"CS-Female -5000X -0025.dm3","CS",0.256,"DM3 spatial calibration retained in workbook","K","Mitochondrial area"
537,"CS-Female -5000X -0025.dm3","CS",0.317,"DM3 spatial calibration retained in workbook","K","Mitochondrial area"
538,"CS-Female -5000X -0025.dm3","CS",0.132,"DM3 spatial calibration retained in workbook","K","Mitochondrial area"
539,"CS-Female -5000X -0025.dm3","CS",0.044,"DM3 spatial calibration retained in workbook","K","Mitochondrial area"
540,"CS-Female -5000X -0025.dm3","CS",0.184,"DM3 spatial calibration retained in workbook","K","Mitochondrial area"
541,"CS-Female -5000X -0025.dm3","CS",0.029,"DM3 spatial calibration retained in workbook","K","Mitochondrial area"
542,"CS-Female -5000X -0025.dm3","CS",0.147,"DM3 spatial calibration retained in workbook","K","Mitochondrial area"
543,"CS-Female -5000X -0024.dm3","CS",0.757,"DM3 spatial calibration retained in workbook","K","Mitochondrial area"
544,"CS-Female -5000X -0024.dm3","CS",0.18,"DM3 spatial calibration retained in workbook","K","Mitochondrial area"
545,"CS-Female -5000X -0024.dm3","CS",0.124,"DM3 spatial calibration retained in workbook","K","Mitochondrial area"
546,"CS-Female -5000X -0024.dm3","CS",0.09,"DM3 spatial calibration retained in workbook","K","Mitochondrial area"
547,"CS-Female -5000X -0023.dm3","CS",0.104,"DM3 spatial calibration retained in workbook","K","Mitochondrial area"
548,"CS-Female -5000X -0023.dm3","CS",0.056,"DM3 spatial calibration retained in workbook","K","Mitochondrial area"
549,"CS-Female -5000X -0023.dm3","CS",0.118,"DM3 spatial calibration retained in workbook","K","Mitochondrial area"
550,"CS-Female -5000X -0023.dm3","CS",0.074,"DM3 spatial calibration retained in workbook","K","Mitochondrial area"
551,"CS-Female -5000X -0023.dm3","CS",0.033,"DM3 spatial calibration retained in workbook","K","Mitochondrial area"
552,"CS-Female -5000X -0022.dm3","CS",0.034,"DM3 spatial calibration retained in workbook","K","Mitochondrial area"
553,"Cnt fmale_a_5000X_0012.tif","WR",1.78518518518519,"Converted from pixels using visible 2-um scale bar","K","Mitochondrial area"
554,"Cnt fmale_a_5000X_0012.tif","WR",0.283425925925926,"Converted from pixels using visible 2-um scale bar","K","Mitochondrial area"
555,"Cnt fmale_a_5000X_0012.tif","WR",0.301203703703704,"Converted from pixels using visible 2-um scale bar","K","Mitochondrial area"
556,"Cnt fmale_a_5000X_0012.tif","WR",0.16,"Converted from pixels using visible 2-um scale bar","K","Mitochondrial area"
557,"Cnt fmale_a_5000X_0012.tif","WR",5.84074074074074,"Converted from pixels using visible 2-um scale bar","K","Mitochondrial area"
558,"Cnt fmale_a_5000X_0012.tif","WR",9.155,"Converted from pixels using visible 2-um scale bar","K","Mitochondrial area"
559,"Cnt fmale_a_5000X_0012.tif","WR",2.0562037037037,"Converted from pixels using visible 2-um scale bar","K","Mitochondrial area"
560,"Cnt fmale_a_5000X_0012.tif","WR",0.185740740740741,"Converted from pixels using visible 2-um scale bar","K","Mitochondrial area"
561,"Cnt fmale_a_5000X_0012.tif","WR",1.66361111111111,"Converted from pixels using visible 2-um scale bar","K","Mitochondrial area"
562,"Cnt fmale_a_5000X_0012.tif","WR",1.20472222222222,"Converted from pixels using visible 2-um scale bar","K","Mitochondrial area"
563,"Cnt fmale_a_5000X_0012.tif","WR",0.698796296296296,"Converted from pixels using visible 2-um scale bar","K","Mitochondrial area"
564,"Cnt fmale_a_5000X_0010.tif","WR",0.109589466251814,"Converted from pixels using visible 2-um scale bar","K","Mitochondrial area"
565,"Cnt fmale_a_5000X_0010.tif","WR",2.8900148198726,"Converted from pixels using visible 2-um scale bar","K","Mitochondrial area"
566,"Cnt fmale_a_5000X_0010.tif","WR",0.084915542244396,"Converted from pixels using visible 2-um scale bar","K","Mitochondrial area"
567,"Cnt fmale_a_5000X_0010.tif","WR",0.185473421218023,"Converted from pixels using visible 2-um scale bar","K","Mitochondrial area"
568,"Cnt fmale_a_5000X_0010.tif","WR",3.03871012794749,"Converted from pixels using visible 2-um scale bar","K","Mitochondrial area"
569,"Cnt fmale_a_5000X_0010.tif","WR",2.98088934753765,"Converted from pixels using visible 2-um scale bar","K","Mitochondrial area"
570,"Cnt fmale_a_5000X_0010.tif","WR",2.01823387465957,"Converted from pixels using visible 2-um scale bar","K","Mitochondrial area"
571,"Cnt fmale_a_5000X_0010.tif","WR",5.0891597675375,"Converted from pixels using visible 2-um scale bar","K","Mitochondrial area"
572,"Cnt fmale_a_5000X_0010.tif","WR",0.648225882791102,"Converted from pixels using visible 2-um scale bar","K","Mitochondrial area"
573,"Cnt fmale_a_5000X_0010.tif","WR",2.20137956719765,"Converted from pixels using visible 2-um scale bar","K","Mitochondrial area"
574,"Cnt fmale_a_5000X_0008.tif","WR",0.428170156986361,"Converted from pixels using visible 2-um scale bar","K","Mitochondrial area"
575,"Cnt fmale_a_5000X_0008.tif","WR",0.776567522861334,"Converted from pixels using visible 2-um scale bar","K","Mitochondrial area"
576,"Cnt fmale_a_5000X_0005.tif","WR",0.968055555555556,"Converted from pixels using visible 2-um scale bar","K","Mitochondrial area"
577,"Cnt fmale_a_5000X_0005.tif","WR",3.15175925925926,"Converted from pixels using visible 2-um scale bar","K","Mitochondrial area"
578,"Cnt fmale_a_5000X_0005.tif","WR",1.28777777777778,"Converted from pixels using visible 2-um scale bar","K","Mitochondrial area"
579,"Cnt fmale_a_5000X_0005.tif","WR",2.65046296296296,"Converted from pixels using visible 2-um scale bar","K","Mitochondrial area"
580,"Cnt fmale_a_5000X_0005.tif","WR",4.42842592592593,"Converted from pixels using visible 2-um scale bar","K","Mitochondrial area"
2,"WR-F -5000X -0014.dm3","WR",1.451,"DM3 spatial calibration retained in workbook","L","Aspect ratio"
3,"WR-F -5000X -0014.dm3","WR",1.622,"DM3 spatial calibration retained in workbook","L","Aspect ratio"
4,"WR-F -5000X -0014.dm3","WR",1.065,"DM3 spatial calibration retained in workbook","L","Aspect ratio"
5,"WR-F -5000X -0014.dm3","WR",2.479,"DM3 spatial calibration retained in workbook","L","Aspect ratio"
6,"WR-F -5000X -0014.dm3","WR",9.091,"DM3 spatial calibration retained in workbook","L","Aspect ratio"
7,"WR-F -5000X -0014.dm3","WR",1.481,"DM3 spatial calibration retained in workbook","L","Aspect ratio"
8,"WR-F -5000X -0013.dm3","WR",4.537,"DM3 spatial calibration retained in workbook","L","Aspect ratio"
9,"WR-F -5000X -0013.dm3","WR",1.454,"DM3 spatial calibration retained in workbook","L","Aspect ratio"
10,"WR-F -5000X -0013.dm3","WR",2.233,"DM3 spatial calibration retained in workbook","L","Aspect ratio"
11,"WR-F -5000X -0013.dm3","WR",5.591,"DM3 spatial calibration retained in workbook","L","Aspect ratio"
12,"WR-F -5000X -0012.dm3","WR",1.261,"DM3 spatial calibration retained in workbook","L","Aspect ratio"
13,"WR-F -5000X -0012.dm3","WR",1.312,"DM3 spatial calibration retained in workbook","L","Aspect ratio"
14,"WR-F -5000X -0012.dm3","WR",1.501,"DM3 spatial calibration retained in workbook","L","Aspect ratio"
15,"WR-F -5000X -0012.dm3","WR",1.99,"DM3 spatial calibration retained in workbook","L","Aspect ratio"
16,"WR-F -5000X -0012.dm3","WR",1.422,"DM3 spatial calibration retained in workbook","L","Aspect ratio"
17,"WR-F -5000X -0012.dm3","WR",1.205,"DM3 spatial calibration retained in workbook","L","Aspect ratio"
18,"WR-F -5000X -0012.dm3","WR",1.578,"DM3 spatial calibration retained in workbook","L","Aspect ratio"
19,"WR-F -5000X -0012.dm3","WR",1.18,"DM3 spatial calibration retained in workbook","L","Aspect ratio"
20,"WR-F -5000X -0012.dm3","WR",1.607,"DM3 spatial calibration retained in workbook","L","Aspect ratio"
21,"WR-F -5000X -0012.dm3","WR",1.321,"DM3 spatial calibration retained in workbook","L","Aspect ratio"
22,"WR-F -5000X -0012.dm3","WR",2.308,"DM3 spatial calibration retained in workbook","L","Aspect ratio"
23,"WR-F -5000X -0012.dm3","WR",2.814,"DM3 spatial calibration retained in workbook","L","Aspect ratio"
24,"WR-F -5000X -0012.dm3","WR",1.758,"DM3 spatial calibration retained in workbook","L","Aspect ratio"
25,"WR-F -5000X -0012.dm3","WR",1.178,"DM3 spatial calibration retained in workbook","L","Aspect ratio"
26,"WR-F -5000X -0012.dm3","WR",1.606,"DM3 spatial calibration retained in workbook","L","Aspect ratio"
27,"WR-F -5000X -0012.dm3","WR",1.102,"DM3 spatial calibration retained in workbook","L","Aspect ratio"
28,"WR-F -5000X -0012.dm3","WR",2.305,"DM3 spatial calibration retained in workbook","L","Aspect ratio"
29,"WR-F -5000X -0012.dm3","WR",1.642,"DM3 spatial calibration retained in workbook","L","Aspect ratio"
30,"WR-F -5000X -0011.dm3","WR",2.024,"DM3 spatial calibration retained in workbook","L","Aspect ratio"
31,"WR-F -5000X -0011.dm3","WR",1.468,"DM3 spatial calibration retained in workbook","L","Aspect ratio"
32,"WR-F -5000X -0011.dm3","WR",1.39,"DM3 spatial calibration retained in workbook","L","Aspect ratio"
33,"WR-F -5000X -0011.dm3","WR",2.893,"DM3 spatial calibration retained in workbook","L","Aspect ratio"
34,"WR-F -5000X -0011.dm3","WR",2.802,"DM3 spatial calibration retained in workbook","L","Aspect ratio"
35,"WR-F -5000X -0011.dm3","WR",1.341,"DM3 spatial calibration retained in workbook","L","Aspect ratio"
36,"WR-F -5000X -0011.dm3","WR",6.575,"DM3 spatial calibration retained in workbook","L","Aspect ratio"
37,"WR-F -5000X -0011.dm3","WR",2.013,"DM3 spatial calibration retained in workbook","L","Aspect ratio"
38,"WR-F -5000X -0011.dm3","WR",1.423,"DM3 spatial calibration retained in workbook","L","Aspect ratio"
39,"WR-F -5000X -0011.dm3","WR",1.54,"DM3 spatial calibration retained in workbook","L","Aspect ratio"
40,"WR-F -5000X -0011.dm3","WR",1.284,"DM3 spatial calibration retained in workbook","L","Aspect ratio"
41,"WR-F -5000X -0011.dm3","WR",1.201,"DM3 spatial calibration retained in workbook","L","Aspect ratio"
42,"WR-F -5000X -0011.dm3","WR",1.746,"DM3 spatial calibration retained in workbook","L","Aspect ratio"
43,"WR-F -5000X -0011.dm3","WR",1.696,"DM3 spatial calibration retained in workbook","L","Aspect ratio"
44,"WR-F -5000X -0011.dm3","WR",1.164,"DM3 spatial calibration retained in workbook","L","Aspect ratio"
45,"WR-F -5000X -0011.dm3","WR",1.093,"DM3 spatial calibration retained in workbook","L","Aspect ratio"
46,"WR-F -5000X -0011.dm3","WR",1.122,"DM3 spatial calibration retained in workbook","L","Aspect ratio"
47,"WR-F -5000X -0011.dm3","WR",1.883,"DM3 spatial calibration retained in workbook","L","Aspect ratio"
48,"WR-F -5000X -0011.dm3","WR",1.227,"DM3 spatial calibration retained in workbook","L","Aspect ratio"
49,"WR-F -5000X -0011.dm3","WR",4.441,"DM3 spatial calibration retained in workbook","L","Aspect ratio"
50,"WR-F -5000X -0010.dm3","WR",1.38,"DM3 spatial calibration retained in workbook","L","Aspect ratio"
51,"WR-F -5000X -0010.dm3","WR",1.614,"DM3 spatial calibration retained in workbook","L","Aspect ratio"
52,"WR-F -5000X -0010.dm3","WR",2.183,"DM3 spatial calibration retained in workbook","L","Aspect ratio"
53,"WR-F -5000X -0010.dm3","WR",1.62,"DM3 spatial calibration retained in workbook","L","Aspect ratio"
54,"WR-F -5000X -0010.dm3","WR",1.507,"DM3 spatial calibration retained in workbook","L","Aspect ratio"
55,"WR-F -5000X -0010.dm3","WR",1.627,"DM3 spatial calibration retained in workbook","L","Aspect ratio"
56,"WR-F -5000X -0010.dm3","WR",2.7,"DM3 spatial calibration retained in workbook","L","Aspect ratio"
57,"WR-F -5000X -0010.dm3","WR",1.495,"DM3 spatial calibration retained in workbook","L","Aspect ratio"
58,"WR-F -5000X -0010.dm3","WR",2.028,"DM3 spatial calibration retained in workbook","L","Aspect ratio"
59,"WR-F -5000X -0010.dm3","WR",2.747,"DM3 spatial calibration retained in workbook","L","Aspect ratio"
60,"WR-F -5000X -0010.dm3","WR",2.407,"DM3 spatial calibration retained in workbook","L","Aspect ratio"
61,"WR-F -5000X -0010.dm3","WR",2.788,"DM3 spatial calibration retained in workbook","L","Aspect ratio"
62,"WR-F -5000X -0009.tif","WR",1.827,"Converted from pixels using visible 2-um scale bar","L","Aspect ratio"
63,"WR-F -5000X -0009.tif","WR",3.586,"Converted from pixels using visible 2-um scale bar","L","Aspect ratio"
64,"WR-F -5000X -0009.tif","WR",1.305,"Converted from pixels using visible 2-um scale bar","L","Aspect ratio"
65,"WR-F -5000X -0009.tif","WR",1.861,"Converted from pixels using visible 2-um scale bar","L","Aspect ratio"
66,"WR-F -5000X -0009.tif","WR",1.447,"Converted from pixels using visible 2-um scale bar","L","Aspect ratio"
67,"WR-F -5000X -0009.tif","WR",1.603,"Converted from pixels using visible 2-um scale bar","L","Aspect ratio"
68,"WR-F -5000X -0009.tif","WR",1.208,"Converted from pixels using visible 2-um scale bar","L","Aspect ratio"
69,"CS-Female -5000X -0046.dm3","CS",1.538,"DM3 spatial calibration retained in workbook","L","Aspect ratio"
70,"CS-Female -5000X -0046.dm3","CS",4.391,"DM3 spatial calibration retained in workbook","L","Aspect ratio"
71,"CS-Female -5000X -0046.dm3","CS",1.848,"DM3 spatial calibration retained in workbook","L","Aspect ratio"
72,"CS-Female -5000X -0045.dm3","CS",4.547,"DM3 spatial calibration retained in workbook","L","Aspect ratio"
73,"CS-Female -5000X -0045.dm3","CS",1.876,"DM3 spatial calibration retained in workbook","L","Aspect ratio"
74,"CS-Female -5000X -0045.dm3","CS",2.313,"DM3 spatial calibration retained in workbook","L","Aspect ratio"
75,"CS-Female -5000X -0045.dm3","CS",2.861,"DM3 spatial calibration retained in workbook","L","Aspect ratio"
76,"CS-Female -5000X -0045.dm3","CS",1.922,"DM3 spatial calibration retained in workbook","L","Aspect ratio"
77,"CS-Female -5000X -0045.dm3","CS",6.639,"DM3 spatial calibration retained in workbook","L","Aspect ratio"
78,"CS-Female -5000X -0045.dm3","CS",2.06,"DM3 spatial calibration retained in workbook","L","Aspect ratio"
79,"CS-Female -5000X -0045.dm3","CS",3.991,"DM3 spatial calibration retained in workbook","L","Aspect ratio"
80,"CS-Female -5000X -0045.dm3","CS",6.269,"DM3 spatial calibration retained in workbook","L","Aspect ratio"
81,"CS-Female -5000X -0045.dm3","CS",2.926,"DM3 spatial calibration retained in workbook","L","Aspect ratio"
82,"CS-Female -5000X -0045.dm3","CS",1.293,"DM3 spatial calibration retained in workbook","L","Aspect ratio"
83,"CS-Female -5000X -0045.dm3","CS",1.763,"DM3 spatial calibration retained in workbook","L","Aspect ratio"
84,"CS-Female -5000X -0045.dm3","CS",2.233,"DM3 spatial calibration retained in workbook","L","Aspect ratio"
85,"CS-Female -5000X -0045.dm3","CS",1.302,"DM3 spatial calibration retained in workbook","L","Aspect ratio"
86,"CS-Female -5000X -0045.dm3","CS",1.683,"DM3 spatial calibration retained in workbook","L","Aspect ratio"
87,"CS-Female -5000X -0045.dm3","CS",1.761,"DM3 spatial calibration retained in workbook","L","Aspect ratio"
88,"CS-Female -5000X -0045.dm3","CS",1.09,"DM3 spatial calibration retained in workbook","L","Aspect ratio"
89,"CS-Female -5000X -0045.dm3","CS",1.527,"DM3 spatial calibration retained in workbook","L","Aspect ratio"
90,"CS-Female -5000X -0045.dm3","CS",2.155,"DM3 spatial calibration retained in workbook","L","Aspect ratio"
91,"CS-Female -5000X -0045.dm3","CS",3.8,"DM3 spatial calibration retained in workbook","L","Aspect ratio"
92,"CS-Female -5000X -0045.dm3","CS",1.202,"DM3 spatial calibration retained in workbook","L","Aspect ratio"
93,"CS-Female -5000X -0045.dm3","CS",3.172,"DM3 spatial calibration retained in workbook","L","Aspect ratio"
94,"CS-Female -5000X -0045.dm3","CS",1.93,"DM3 spatial calibration retained in workbook","L","Aspect ratio"
95,"CS-Female -5000X -0045.dm3","CS",2.05,"DM3 spatial calibration retained in workbook","L","Aspect ratio"
96,"CS-Female -5000X -0045.dm3","CS",1.155,"DM3 spatial calibration retained in workbook","L","Aspect ratio"
97,"CS-Female -5000X -0045.dm3","CS",1.392,"DM3 spatial calibration retained in workbook","L","Aspect ratio"
98,"CS-Female -5000X -0045.dm3","CS",1.43,"DM3 spatial calibration retained in workbook","L","Aspect ratio"
99,"CS-Female -5000X -0045.dm3","CS",1.072,"DM3 spatial calibration retained in workbook","L","Aspect ratio"
100,"CS-Female -5000X -0045.dm3","CS",3.757,"DM3 spatial calibration retained in workbook","L","Aspect ratio"
101,"CS-Female -5000X -0045.dm3","CS",3.068,"DM3 spatial calibration retained in workbook","L","Aspect ratio"
102,"CS-Female -5000X -0045.dm3","CS",2.987,"DM3 spatial calibration retained in workbook","L","Aspect ratio"
103,"CS-Female -5000X -0045.dm3","CS",3.687,"DM3 spatial calibration retained in workbook","L","Aspect ratio"
104,"CS-Female -5000X -0045.dm3","CS",1.666,"DM3 spatial calibration retained in workbook","L","Aspect ratio"
105,"CS-Female -5000X -0045.dm3","CS",5.84,"DM3 spatial calibration retained in workbook","L","Aspect ratio"
106,"CS-Female -5000X -0045.dm3","CS",2.045,"DM3 spatial calibration retained in workbook","L","Aspect ratio"
107,"CS-Female -5000X -0045.dm3","CS",1.21,"DM3 spatial calibration retained in workbook","L","Aspect ratio"
108,"CS-Female -5000X -0045.dm3","CS",1.746,"DM3 spatial calibration retained in workbook","L","Aspect ratio"
109,"CS-Female -5000X -0045.dm3","CS",3.767,"DM3 spatial calibration retained in workbook","L","Aspect ratio"
110,"CS-Female -5000X -0045.dm3","CS",1.814,"DM3 spatial calibration retained in workbook","L","Aspect ratio"
111,"CS-Female -5000X -0044.dm3","CS",9.725,"DM3 spatial calibration retained in workbook","L","Aspect ratio"
112,"CS-Female -5000X -0044.dm3","CS",1.143,"DM3 spatial calibration retained in workbook","L","Aspect ratio"
113,"CS-Female -5000X -0044.dm3","CS",1.695,"DM3 spatial calibration retained in workbook","L","Aspect ratio"
114,"CS-Female -5000X -0044.dm3","CS",1.598,"DM3 spatial calibration retained in workbook","L","Aspect ratio"
115,"CS-Female -5000X -0044.dm3","CS",2.59,"DM3 spatial calibration retained in workbook","L","Aspect ratio"
116,"CS-Female -5000X -0044.dm3","CS",1.609,"DM3 spatial calibration retained in workbook","L","Aspect ratio"
117,"CS-Female -5000X -0044.dm3","CS",2.862,"DM3 spatial calibration retained in workbook","L","Aspect ratio"
118,"CS-Female -5000X -0044.dm3","CS",2.595,"DM3 spatial calibration retained in workbook","L","Aspect ratio"
119,"CS-Female -5000X -0044.dm3","CS",2.539,"DM3 spatial calibration retained in workbook","L","Aspect ratio"
120,"CS-Female -5000X -0044.dm3","CS",1.716,"DM3 spatial calibration retained in workbook","L","Aspect ratio"
121,"CS-Female -5000X -0044.dm3","CS",1.452,"DM3 spatial calibration retained in workbook","L","Aspect ratio"
122,"CS-Female -5000X -0044.dm3","CS",1.447,"DM3 spatial calibration retained in workbook","L","Aspect ratio"
123,"CS-Female -5000X -0044.dm3","CS",2.872,"DM3 spatial calibration retained in workbook","L","Aspect ratio"
124,"CS-Female -5000X -0042.dm3","CS",1.75,"DM3 spatial calibration retained in workbook","L","Aspect ratio"
125,"CS-Female -5000X -0042.dm3","CS",1.883,"DM3 spatial calibration retained in workbook","L","Aspect ratio"
126,"CS-Female -5000X -0042.dm3","CS",1.614,"DM3 spatial calibration retained in workbook","L","Aspect ratio"
127,"CS-Female -5000X -0042.dm3","CS",1.932,"DM3 spatial calibration retained in workbook","L","Aspect ratio"
128,"CS-Female -5000X -0042.dm3","CS",1.789,"DM3 spatial calibration retained in workbook","L","Aspect ratio"
129,"CS-Female -5000X -0042.dm3","CS",2.572,"DM3 spatial calibration retained in workbook","L","Aspect ratio"
130,"CS-Female -5000X -0042.dm3","CS",2.011,"DM3 spatial calibration retained in workbook","L","Aspect ratio"
131,"CS-Female -5000X -0042.dm3","CS",4.645,"DM3 spatial calibration retained in workbook","L","Aspect ratio"
132,"CS-Female -5000X -0042.dm3","CS",2.74,"DM3 spatial calibration retained in workbook","L","Aspect ratio"
133,"CS-Female -5000X -0042.dm3","CS",1.56,"DM3 spatial calibration retained in workbook","L","Aspect ratio"
134,"CS-Female -5000X -0042.dm3","CS",2.892,"DM3 spatial calibration retained in workbook","L","Aspect ratio"
135,"CS-Female -5000X -0042.dm3","CS",1.251,"DM3 spatial calibration retained in workbook","L","Aspect ratio"
136,"CS-Female -5000X -0042.dm3","CS",3.478,"DM3 spatial calibration retained in workbook","L","Aspect ratio"
137,"CS-Female -5000X -0042.dm3","CS",4.378,"DM3 spatial calibration retained in workbook","L","Aspect ratio"
138,"CS-Female -5000X -0042.dm3","CS",1.961,"DM3 spatial calibration retained in workbook","L","Aspect ratio"
139,"CS-Female -5000X -0042.dm3","CS",6.994,"DM3 spatial calibration retained in workbook","L","Aspect ratio"
140,"CS-Female -5000X -0042.dm3","CS",4.317,"DM3 spatial calibration retained in workbook","L","Aspect ratio"
141,"CS-Female -5000X -0042.dm3","CS",4.423,"DM3 spatial calibration retained in workbook","L","Aspect ratio"
142,"CS-Female -5000X -0042.dm3","CS",2.163,"DM3 spatial calibration retained in workbook","L","Aspect ratio"
143,"CS-Female -5000X -0042.dm3","CS",3.26,"DM3 spatial calibration retained in workbook","L","Aspect ratio"
144,"CS-Female -5000X -0042.dm3","CS",4.413,"DM3 spatial calibration retained in workbook","L","Aspect ratio"
145,"CS-Female -5000X -0042.dm3","CS",2.734,"DM3 spatial calibration retained in workbook","L","Aspect ratio"
146,"CS-Female -5000X -0042.dm3","CS",3.05,"DM3 spatial calibration retained in workbook","L","Aspect ratio"
147,"CS-Female -5000X -0042.dm3","CS",8.103,"DM3 spatial calibration retained in workbook","L","Aspect ratio"
148,"CS-Female -5000X -0042.dm3","CS",8.838,"DM3 spatial calibration retained in workbook","L","Aspect ratio"
149,"CS-Female -5000X -0042.dm3","CS",2.712,"DM3 spatial calibration retained in workbook","L","Aspect ratio"
150,"CS-Female -5000X -0041.dm3","CS",1.594,"DM3 spatial calibration retained in workbook","L","Aspect ratio"
151,"CS-Female -5000X -0041.dm3","CS",3.487,"DM3 spatial calibration retained in workbook","L","Aspect ratio"
152,"CS-Female -5000X -0041.dm3","CS",2.364,"DM3 spatial calibration retained in workbook","L","Aspect ratio"
153,"CS-Female -5000X -0041.dm3","CS",2.831,"DM3 spatial calibration retained in workbook","L","Aspect ratio"
154,"CS-Female -5000X -0041.dm3","CS",1.079,"DM3 spatial calibration retained in workbook","L","Aspect ratio"
155,"CS-Female -5000X -0041.dm3","CS",1.88,"DM3 spatial calibration retained in workbook","L","Aspect ratio"
156,"CS-Female -5000X -0041.dm3","CS",2.107,"DM3 spatial calibration retained in workbook","L","Aspect ratio"
157,"CS-Female -5000X -0041.dm3","CS",1.278,"DM3 spatial calibration retained in workbook","L","Aspect ratio"
158,"CS-Female -5000X -0041.dm3","CS",1.388,"DM3 spatial calibration retained in workbook","L","Aspect ratio"
159,"CS-Female -5000X -0041.dm3","CS",1.405,"DM3 spatial calibration retained in workbook","L","Aspect ratio"
160,"CS-Female -5000X -0039.dm3","CS",2.914,"DM3 spatial calibration retained in workbook","L","Aspect ratio"
161,"CS-Female -5000X -0039.dm3","CS",1.377,"DM3 spatial calibration retained in workbook","L","Aspect ratio"
162,"CS-Female -5000X -0039.dm3","CS",1.295,"DM3 spatial calibration retained in workbook","L","Aspect ratio"
163,"CS-Female -5000X -0039.dm3","CS",3.043,"DM3 spatial calibration retained in workbook","L","Aspect ratio"
164,"CS-Female -5000X -0039.dm3","CS",1.806,"DM3 spatial calibration retained in workbook","L","Aspect ratio"
165,"CS-Female -5000X -0039.dm3","CS",1.321,"DM3 spatial calibration retained in workbook","L","Aspect ratio"
166,"CS-Female -5000X -0039.dm3","CS",1.878,"DM3 spatial calibration retained in workbook","L","Aspect ratio"
167,"CS-Female -5000X -0039.dm3","CS",5.503,"DM3 spatial calibration retained in workbook","L","Aspect ratio"
168,"CS-Female -5000X -0039.dm3","CS",3.632,"DM3 spatial calibration retained in workbook","L","Aspect ratio"
169,"CS-Female -5000X -0039.dm3","CS",3.163,"DM3 spatial calibration retained in workbook","L","Aspect ratio"
170,"CS-Female -5000X -0039.dm3","CS",2.446,"DM3 spatial calibration retained in workbook","L","Aspect ratio"
171,"CS-Female -5000X -0039.dm3","CS",6.556,"DM3 spatial calibration retained in workbook","L","Aspect ratio"
172,"CS-Female -5000X -0039.dm3","CS",2.369,"DM3 spatial calibration retained in workbook","L","Aspect ratio"
173,"CS-Female -5000X -0039.dm3","CS",3.932,"DM3 spatial calibration retained in workbook","L","Aspect ratio"
174,"CS-Female -5000X -0039.dm3","CS",2.151,"DM3 spatial calibration retained in workbook","L","Aspect ratio"
175,"CS-Female -5000X -0039.dm3","CS",2.189,"DM3 spatial calibration retained in workbook","L","Aspect ratio"
176,"CS-Female -5000X -0039.dm3","CS",2.708,"DM3 spatial calibration retained in workbook","L","Aspect ratio"
177,"CS-Female -5000X -0039.dm3","CS",2.118,"DM3 spatial calibration retained in workbook","L","Aspect ratio"
178,"CS-Female -5000X -0039.dm3","CS",16.449,"DM3 spatial calibration retained in workbook","L","Aspect ratio"
179,"CS-Female -5000X -0039.dm3","CS",1.33,"DM3 spatial calibration retained in workbook","L","Aspect ratio"
180,"CS-Female -5000X -0039.dm3","CS",2.011,"DM3 spatial calibration retained in workbook","L","Aspect ratio"
181,"CS-Female -5000X -0039.dm3","CS",3.371,"DM3 spatial calibration retained in workbook","L","Aspect ratio"
182,"CS-Female -5000X -0039.dm3","CS",4.28,"DM3 spatial calibration retained in workbook","L","Aspect ratio"
183,"CS-Female -5000X -0039.dm3","CS",6.399,"DM3 spatial calibration retained in workbook","L","Aspect ratio"
184,"CS-Female -5000X -0039.dm3","CS",2.29,"DM3 spatial calibration retained in workbook","L","Aspect ratio"
185,"CS-Female -5000X -0039.dm3","CS",1.969,"DM3 spatial calibration retained in workbook","L","Aspect ratio"
186,"CS-Female -5000X -0038.dm3","CS",1.601,"DM3 spatial calibration retained in workbook","L","Aspect ratio"
187,"CS-Female -5000X -0038.dm3","CS",7.879,"DM3 spatial calibration retained in workbook","L","Aspect ratio"
188,"CS-Female -5000X -0038.dm3","CS",3.161,"DM3 spatial calibration retained in workbook","L","Aspect ratio"
189,"CS-Female -5000X -0038.dm3","CS",3.141,"DM3 spatial calibration retained in workbook","L","Aspect ratio"
190,"CS-Female -5000X -0038.dm3","CS",1.15,"DM3 spatial calibration retained in workbook","L","Aspect ratio"
191,"CS-Female -5000X -0038.dm3","CS",1.794,"DM3 spatial calibration retained in workbook","L","Aspect ratio"
192,"CS-Female -5000X -0038.dm3","CS",2.74,"DM3 spatial calibration retained in workbook","L","Aspect ratio"
193,"CS-Female -5000X -0038.dm3","CS",3.054,"DM3 spatial calibration retained in workbook","L","Aspect ratio"
194,"CS-Female -5000X -0038.dm3","CS",2.589,"DM3 spatial calibration retained in workbook","L","Aspect ratio"
195,"CS-Female -5000X -0038.dm3","CS",3.243,"DM3 spatial calibration retained in workbook","L","Aspect ratio"
196,"CS-Female -5000X -0038.dm3","CS",4.313,"DM3 spatial calibration retained in workbook","L","Aspect ratio"
197,"CS-Female -5000X -0038.dm3","CS",3.031,"DM3 spatial calibration retained in workbook","L","Aspect ratio"
198,"CS-Female -5000X -0038.dm3","CS",1.807,"DM3 spatial calibration retained in workbook","L","Aspect ratio"
199,"CS-Female -5000X -0038.dm3","CS",2.748,"DM3 spatial calibration retained in workbook","L","Aspect ratio"
200,"CS-Female -5000X -0038.dm3","CS",4.129,"DM3 spatial calibration retained in workbook","L","Aspect ratio"
201,"CS-Female -5000X -0038.dm3","CS",1.134,"DM3 spatial calibration retained in workbook","L","Aspect ratio"
202,"CS-Female -5000X -0038.dm3","CS",1.313,"DM3 spatial calibration retained in workbook","L","Aspect ratio"
203,"CS-Female -5000X -0038.dm3","CS",3.479,"DM3 spatial calibration retained in workbook","L","Aspect ratio"
204,"CS-Female -5000X -0038.dm3","CS",2.765,"DM3 spatial calibration retained in workbook","L","Aspect ratio"
205,"CS-Female -5000X -0038.dm3","CS",2.064,"DM3 spatial calibration retained in workbook","L","Aspect ratio"
206,"CS-Female -5000X -0038.dm3","CS",1.411,"DM3 spatial calibration retained in workbook","L","Aspect ratio"
207,"CS-Female -5000X -0038.dm3","CS",3.724,"DM3 spatial calibration retained in workbook","L","Aspect ratio"
208,"CS-Female -5000X -0038.dm3","CS",2.381,"DM3 spatial calibration retained in workbook","L","Aspect ratio"
209,"CS-Female -5000X -0038.dm3","CS",4.932,"DM3 spatial calibration retained in workbook","L","Aspect ratio"
210,"CS-Female -5000X -0038.dm3","CS",4.132,"DM3 spatial calibration retained in workbook","L","Aspect ratio"
211,"CS-Female -5000X -0038.dm3","CS",1.679,"DM3 spatial calibration retained in workbook","L","Aspect ratio"
212,"CS-Female -5000X -0038.dm3","CS",1.482,"DM3 spatial calibration retained in workbook","L","Aspect ratio"
213,"CS-Female -5000X -0038.dm3","CS",8.108,"DM3 spatial calibration retained in workbook","L","Aspect ratio"
214,"CS-Female -5000X -0038.dm3","CS",3.999,"DM3 spatial calibration retained in workbook","L","Aspect ratio"
215,"CS-Female -5000X -0038.dm3","CS",1.182,"DM3 spatial calibration retained in workbook","L","Aspect ratio"
216,"CS-Female -5000X -0037.dm3","CS",3.153,"DM3 spatial calibration retained in workbook","L","Aspect ratio"
217,"CS-Female -5000X -0037.dm3","CS",1.935,"DM3 spatial calibration retained in workbook","L","Aspect ratio"
218,"CS-Female -5000X -0037.dm3","CS",1.33,"DM3 spatial calibration retained in workbook","L","Aspect ratio"
219,"CS-Female -5000X -0037.dm3","CS",1.651,"DM3 spatial calibration retained in workbook","L","Aspect ratio"
220,"CS-Female -5000X -0037.dm3","CS",1.521,"DM3 spatial calibration retained in workbook","L","Aspect ratio"
221,"CS-Female -5000X -0037.dm3","CS",1.775,"DM3 spatial calibration retained in workbook","L","Aspect ratio"
222,"CS-Female -5000X -0037.dm3","CS",1.278,"DM3 spatial calibration retained in workbook","L","Aspect ratio"
223,"CS-Female -5000X -0037.dm3","CS",2.835,"DM3 spatial calibration retained in workbook","L","Aspect ratio"
224,"CS-Female -5000X -0037.dm3","CS",1.288,"DM3 spatial calibration retained in workbook","L","Aspect ratio"
225,"CS-Female -5000X -0037.dm3","CS",1.484,"DM3 spatial calibration retained in workbook","L","Aspect ratio"
226,"CS-Female -5000X -0037.dm3","CS",3.571,"DM3 spatial calibration retained in workbook","L","Aspect ratio"
227,"CS-Female -5000X -0037.dm3","CS",2.414,"DM3 spatial calibration retained in workbook","L","Aspect ratio"
228,"CS-Female -5000X -0037.dm3","CS",2.099,"DM3 spatial calibration retained in workbook","L","Aspect ratio"
229,"CS-Female -5000X -0037.dm3","CS",1.397,"DM3 spatial calibration retained in workbook","L","Aspect ratio"
230,"CS-Female -5000X -0037.dm3","CS",3.747,"DM3 spatial calibration retained in workbook","L","Aspect ratio"
231,"CS-Female -5000X -0037.dm3","CS",2.325,"DM3 spatial calibration retained in workbook","L","Aspect ratio"
232,"CS-Female -5000X -0037.dm3","CS",4.137,"DM3 spatial calibration retained in workbook","L","Aspect ratio"
233,"CS-Female -5000X -0037.dm3","CS",1.12,"DM3 spatial calibration retained in workbook","L","Aspect ratio"
234,"CS-Female -5000X -0037.dm3","CS",1.91,"DM3 spatial calibration retained in workbook","L","Aspect ratio"
235,"CS-Female -5000X -0037.dm3","CS",1.286,"DM3 spatial calibration retained in workbook","L","Aspect ratio"
236,"CS-Female -5000X -0037.dm3","CS",2.613,"DM3 spatial calibration retained in workbook","L","Aspect ratio"
237,"CS-Female -5000X -0037.dm3","CS",3.815,"DM3 spatial calibration retained in workbook","L","Aspect ratio"
238,"CS-Female -5000X -0037.dm3","CS",1.44,"DM3 spatial calibration retained in workbook","L","Aspect ratio"
239,"CS-Female -5000X -0037.dm3","CS",1.623,"DM3 spatial calibration retained in workbook","L","Aspect ratio"
240,"CS-Female -5000X -0037.dm3","CS",1.538,"DM3 spatial calibration retained in workbook","L","Aspect ratio"
241,"CS-Female -5000X -0037.dm3","CS",1.29,"DM3 spatial calibration retained in workbook","L","Aspect ratio"
242,"CS-Female -5000X -0037.dm3","CS",4.119,"DM3 spatial calibration retained in workbook","L","Aspect ratio"
243,"CS-Female -5000X -0036.dm3","CS",3.067,"DM3 spatial calibration retained in workbook","L","Aspect ratio"
244,"CS-Female -5000X -0036.dm3","CS",1.856,"DM3 spatial calibration retained in workbook","L","Aspect ratio"
245,"CS-Female -5000X -0036.dm3","CS",4.099,"DM3 spatial calibration retained in workbook","L","Aspect ratio"
246,"CS-Female -5000X -0036.dm3","CS",1.158,"DM3 spatial calibration retained in workbook","L","Aspect ratio"
247,"CS-Female -5000X -0036.dm3","CS",5.079,"DM3 spatial calibration retained in workbook","L","Aspect ratio"
248,"CS-Female -5000X -0036.dm3","CS",3.085,"DM3 spatial calibration retained in workbook","L","Aspect ratio"
249,"CS-Female -5000X -0036.dm3","CS",1.808,"DM3 spatial calibration retained in workbook","L","Aspect ratio"
250,"CS-Female -5000X -0036.dm3","CS",4.083,"DM3 spatial calibration retained in workbook","L","Aspect ratio"
251,"CS-Female -5000X -0036.dm3","CS",4.225,"DM3 spatial calibration retained in workbook","L","Aspect ratio"
252,"CS-Female -5000X -0036.dm3","CS",1.728,"DM3 spatial calibration retained in workbook","L","Aspect ratio"
253,"CS-Female -5000X -0036.dm3","CS",3.395,"DM3 spatial calibration retained in workbook","L","Aspect ratio"
254,"CS-Female -5000X -0036.dm3","CS",2.808,"DM3 spatial calibration retained in workbook","L","Aspect ratio"
255,"CS-Female -5000X -0036.dm3","CS",2.512,"DM3 spatial calibration retained in workbook","L","Aspect ratio"
256,"CS-Female -5000X -0036.dm3","CS",1.704,"DM3 spatial calibration retained in workbook","L","Aspect ratio"
257,"CS-Female -5000X -0036.dm3","CS",4.282,"DM3 spatial calibration retained in workbook","L","Aspect ratio"
258,"CS-Female -5000X -0036.dm3","CS",6.108,"DM3 spatial calibration retained in workbook","L","Aspect ratio"
259,"CS-Female -5000X -0036.dm3","CS",2.53,"DM3 spatial calibration retained in workbook","L","Aspect ratio"
260,"CS-Female -5000X -0036.dm3","CS",1.666,"DM3 spatial calibration retained in workbook","L","Aspect ratio"
261,"CS-Female -5000X -0036.dm3","CS",2.601,"DM3 spatial calibration retained in workbook","L","Aspect ratio"
262,"CS-Female -5000X -0036.dm3","CS",3.999,"DM3 spatial calibration retained in workbook","L","Aspect ratio"
263,"CS-Female -5000X -0036.dm3","CS",2.623,"DM3 spatial calibration retained in workbook","L","Aspect ratio"
264,"CS-Female -5000X -0036.dm3","CS",2.674,"DM3 spatial calibration retained in workbook","L","Aspect ratio"
265,"CS-Female -5000X -0036.dm3","CS",3.591,"DM3 spatial calibration retained in workbook","L","Aspect ratio"
266,"CS-Female -5000X -0036.dm3","CS",1.886,"DM3 spatial calibration retained in workbook","L","Aspect ratio"
267,"CS-Female -5000X -0036.dm3","CS",1.745,"DM3 spatial calibration retained in workbook","L","Aspect ratio"
268,"CS-Female -5000X -0036.dm3","CS",2.795,"DM3 spatial calibration retained in workbook","L","Aspect ratio"
269,"CS-Female -5000X -0036.dm3","CS",4.724,"DM3 spatial calibration retained in workbook","L","Aspect ratio"
270,"CS-Female -5000X -0036.dm3","CS",1.154,"DM3 spatial calibration retained in workbook","L","Aspect ratio"
271,"CS-Female -5000X -0036.dm3","CS",1.278,"DM3 spatial calibration retained in workbook","L","Aspect ratio"
272,"CS-Female -5000X -0036.dm3","CS",2.079,"DM3 spatial calibration retained in workbook","L","Aspect ratio"
273,"CS-Female -5000X -0036.dm3","CS",2.195,"DM3 spatial calibration retained in workbook","L","Aspect ratio"
274,"CS-Female -5000X -0036.dm3","CS",2.044,"DM3 spatial calibration retained in workbook","L","Aspect ratio"
275,"CS-Female -5000X -0036.dm3","CS",4.191,"DM3 spatial calibration retained in workbook","L","Aspect ratio"
276,"CS-Female -5000X -0036.dm3","CS",1.262,"DM3 spatial calibration retained in workbook","L","Aspect ratio"
277,"CS-Female -5000X -0036.dm3","CS",1.863,"DM3 spatial calibration retained in workbook","L","Aspect ratio"
278,"CS-Female -5000X -0036.dm3","CS",1.282,"DM3 spatial calibration retained in workbook","L","Aspect ratio"
279,"CS-Female -5000X -0036.dm3","CS",1.593,"DM3 spatial calibration retained in workbook","L","Aspect ratio"
280,"CS-Female -5000X -0036.dm3","CS",1.48,"DM3 spatial calibration retained in workbook","L","Aspect ratio"
281,"CS-Female -5000X -0036.dm3","CS",3.744,"DM3 spatial calibration retained in workbook","L","Aspect ratio"
282,"CS-Female -5000X -0036.dm3","CS",3.816,"DM3 spatial calibration retained in workbook","L","Aspect ratio"
283,"CS-Female -5000X -0036.dm3","CS",1.187,"DM3 spatial calibration retained in workbook","L","Aspect ratio"
284,"CS-Female -5000X -0036.dm3","CS",3.208,"DM3 spatial calibration retained in workbook","L","Aspect ratio"
285,"CS-Female -5000X -0036.dm3","CS",2.509,"DM3 spatial calibration retained in workbook","L","Aspect ratio"
286,"CS-Female -5000X -0036.dm3","CS",1.39,"DM3 spatial calibration retained in workbook","L","Aspect ratio"
287,"CS-Female -5000X -0036.dm3","CS",3.147,"DM3 spatial calibration retained in workbook","L","Aspect ratio"
288,"CS-Female -5000X -0036.dm3","CS",1.149,"DM3 spatial calibration retained in workbook","L","Aspect ratio"
289,"CS-Female -5000X -0036.dm3","CS",1.161,"DM3 spatial calibration retained in workbook","L","Aspect ratio"
290,"CS-Female -5000X -0035.dm3","CS",6.642,"DM3 spatial calibration retained in workbook","L","Aspect ratio"
291,"CS-Female -5000X -0035.dm3","CS",5.738,"DM3 spatial calibration retained in workbook","L","Aspect ratio"
292,"CS-Female -5000X -0035.dm3","CS",5.223,"DM3 spatial calibration retained in workbook","L","Aspect ratio"
293,"CS-Female -5000X -0035.dm3","CS",4.09,"DM3 spatial calibration retained in workbook","L","Aspect ratio"
294,"CS-Female -5000X -0035.dm3","CS",3.295,"DM3 spatial calibration retained in workbook","L","Aspect ratio"
295,"CS-Female -5000X -0035.dm3","CS",1.649,"DM3 spatial calibration retained in workbook","L","Aspect ratio"
296,"CS-Female -5000X -0035.dm3","CS",2.56,"DM3 spatial calibration retained in workbook","L","Aspect ratio"
297,"CS-Female -5000X -0035.dm3","CS",4.155,"DM3 spatial calibration retained in workbook","L","Aspect ratio"
298,"CS-Female -5000X -0035.dm3","CS",1.159,"DM3 spatial calibration retained in workbook","L","Aspect ratio"
299,"CS-Female -5000X -0035.dm3","CS",1.264,"DM3 spatial calibration retained in workbook","L","Aspect ratio"
300,"CS-Female -5000X -0035.dm3","CS",1.57,"DM3 spatial calibration retained in workbook","L","Aspect ratio"
301,"CS-Female -5000X -0035.dm3","CS",1.284,"DM3 spatial calibration retained in workbook","L","Aspect ratio"
302,"CS-Female -5000X -0035.dm3","CS",1.334,"DM3 spatial calibration retained in workbook","L","Aspect ratio"
303,"CS-Female -5000X -0035.dm3","CS",1.904,"DM3 spatial calibration retained in workbook","L","Aspect ratio"
304,"CS-Female -5000X -0035.dm3","CS",4.92,"DM3 spatial calibration retained in workbook","L","Aspect ratio"
305,"CS-Female -5000X -0035.dm3","CS",1.363,"DM3 spatial calibration retained in workbook","L","Aspect ratio"
306,"CS-Female -5000X -0035.dm3","CS",2.301,"DM3 spatial calibration retained in workbook","L","Aspect ratio"
307,"CS-Female -5000X -0035.dm3","CS",4.681,"DM3 spatial calibration retained in workbook","L","Aspect ratio"
308,"CS-Female -5000X -0035.dm3","CS",4.156,"DM3 spatial calibration retained in workbook","L","Aspect ratio"
309,"CS-Female -5000X -0035.dm3","CS",1.271,"DM3 spatial calibration retained in workbook","L","Aspect ratio"
310,"CS-Female -5000X -0035.dm3","CS",2.088,"DM3 spatial calibration retained in workbook","L","Aspect ratio"
311,"CS-Female -5000X -0035.dm3","CS",2.928,"DM3 spatial calibration retained in workbook","L","Aspect ratio"
312,"CS-Female -5000X -0035.dm3","CS",1.427,"DM3 spatial calibration retained in workbook","L","Aspect ratio"
313,"CS-Female -5000X -0035.dm3","CS",1.056,"DM3 spatial calibration retained in workbook","L","Aspect ratio"
314,"CS-Female -5000X -0035.dm3","CS",1.246,"DM3 spatial calibration retained in workbook","L","Aspect ratio"
315,"CS-Female -5000X -0035.dm3","CS",1.98,"DM3 spatial calibration retained in workbook","L","Aspect ratio"
316,"CS-Female -5000X -0035.dm3","CS",1.46,"DM3 spatial calibration retained in workbook","L","Aspect ratio"
317,"CS-Female -5000X -0035.dm3","CS",1.33,"DM3 spatial calibration retained in workbook","L","Aspect ratio"
318,"CS-Female -5000X -0035.dm3","CS",4.361,"DM3 spatial calibration retained in workbook","L","Aspect ratio"
319,"CS-Female -5000X -0035.dm3","CS",1.42,"DM3 spatial calibration retained in workbook","L","Aspect ratio"
320,"CS-Female -5000X -0035.dm3","CS",2.281,"DM3 spatial calibration retained in workbook","L","Aspect ratio"
321,"CS-Female -5000X -0035.dm3","CS",4.986,"DM3 spatial calibration retained in workbook","L","Aspect ratio"
322,"CS-Female -5000X -0035.dm3","CS",5.784,"DM3 spatial calibration retained in workbook","L","Aspect ratio"
323,"CS-Female -5000X -0035.dm3","CS",1.135,"DM3 spatial calibration retained in workbook","L","Aspect ratio"
324,"CS-Female -5000X -0034.dm3","CS",1.502,"DM3 spatial calibration retained in workbook","L","Aspect ratio"
325,"CS-Female -5000X -0034.dm3","CS",2.819,"DM3 spatial calibration retained in workbook","L","Aspect ratio"
326,"CS-Female -5000X -0034.dm3","CS",1.568,"DM3 spatial calibration retained in workbook","L","Aspect ratio"
327,"CS-Female -5000X -0034.dm3","CS",1.168,"DM3 spatial calibration retained in workbook","L","Aspect ratio"
328,"CS-Female -5000X -0034.dm3","CS",1.363,"DM3 spatial calibration retained in workbook","L","Aspect ratio"
329,"CS-Female -5000X -0034.dm3","CS",1.453,"DM3 spatial calibration retained in workbook","L","Aspect ratio"
330,"CS-Female -5000X -0034.dm3","CS",3.49,"DM3 spatial calibration retained in workbook","L","Aspect ratio"
331,"CS-Female -5000X -0034.dm3","CS",3.96,"DM3 spatial calibration retained in workbook","L","Aspect ratio"
332,"CS-Female -5000X -0034.dm3","CS",1.246,"DM3 spatial calibration retained in workbook","L","Aspect ratio"
333,"CS-Female -5000X -0034.dm3","CS",4.986,"DM3 spatial calibration retained in workbook","L","Aspect ratio"
334,"CS-Female -5000X -0034.dm3","CS",1.344,"DM3 spatial calibration retained in workbook","L","Aspect ratio"
335,"CS-Female -5000X -0034.dm3","CS",1.236,"DM3 spatial calibration retained in workbook","L","Aspect ratio"
336,"CS-Female -5000X -0034.dm3","CS",2.418,"DM3 spatial calibration retained in workbook","L","Aspect ratio"
337,"CS-Female -5000X -0034.dm3","CS",2.685,"DM3 spatial calibration retained in workbook","L","Aspect ratio"
338,"CS-Female -5000X -0034.dm3","CS",6.044,"DM3 spatial calibration retained in workbook","L","Aspect ratio"
339,"CS-Female -5000X -0034.dm3","CS",3.564,"DM3 spatial calibration retained in workbook","L","Aspect ratio"
340,"CS-Female -5000X -0034.dm3","CS",1.296,"DM3 spatial calibration retained in workbook","L","Aspect ratio"
341,"CS-Female -5000X -0034.dm3","CS",5.021,"DM3 spatial calibration retained in workbook","L","Aspect ratio"
342,"CS-Female -5000X -0034.dm3","CS",1.114,"DM3 spatial calibration retained in workbook","L","Aspect ratio"
343,"CS-Female -5000X -0034.dm3","CS",1.174,"DM3 spatial calibration retained in workbook","L","Aspect ratio"
344,"CS-Female -5000X -0034.dm3","CS",4.207,"DM3 spatial calibration retained in workbook","L","Aspect ratio"
345,"CS-Female -5000X -0034.dm3","CS",2.462,"DM3 spatial calibration retained in workbook","L","Aspect ratio"
346,"CS-Female -5000X -0034.dm3","CS",1.791,"DM3 spatial calibration retained in workbook","L","Aspect ratio"
347,"CS-Female -5000X -0034.dm3","CS",1.968,"DM3 spatial calibration retained in workbook","L","Aspect ratio"
348,"CS-Female -5000X -0034.dm3","CS",1.3,"DM3 spatial calibration retained in workbook","L","Aspect ratio"
349,"CS-Female -5000X -0034.dm3","CS",2.429,"DM3 spatial calibration retained in workbook","L","Aspect ratio"
350,"CS-Female -5000X -0034.dm3","CS",1.107,"DM3 spatial calibration retained in workbook","L","Aspect ratio"
351,"CS-Female -5000X -0034.dm3","CS",1.861,"DM3 spatial calibration retained in workbook","L","Aspect ratio"
352,"CS-Female -5000X -0034.dm3","CS",1.015,"DM3 spatial calibration retained in workbook","L","Aspect ratio"
353,"CS-Female -5000X -0034.dm3","CS",1.252,"DM3 spatial calibration retained in workbook","L","Aspect ratio"
354,"CS-Female -5000X -0034.dm3","CS",1.451,"DM3 spatial calibration retained in workbook","L","Aspect ratio"
355,"CS-Female -5000X -0034.dm3","CS",3.368,"DM3 spatial calibration retained in workbook","L","Aspect ratio"
356,"CS-Female -5000X -0034.dm3","CS",2.285,"DM3 spatial calibration retained in workbook","L","Aspect ratio"
357,"CS-Female -5000X -0034.dm3","CS",1.163,"DM3 spatial calibration retained in workbook","L","Aspect ratio"
358,"CS-Female -5000X -0034.dm3","CS",1.362,"DM3 spatial calibration retained in workbook","L","Aspect ratio"
359,"CS-Female -5000X -0034.dm3","CS",1.83,"DM3 spatial calibration retained in workbook","L","Aspect ratio"
360,"CS-Female -5000X -0034.dm3","CS",1.193,"DM3 spatial calibration retained in workbook","L","Aspect ratio"
361,"CS-Female -5000X -0034.dm3","CS",2.346,"DM3 spatial calibration retained in workbook","L","Aspect ratio"
362,"CS-Female -5000X -0034.dm3","CS",3.166,"DM3 spatial calibration retained in workbook","L","Aspect ratio"
363,"CS-Female -5000X -0034.dm3","CS",1.738,"DM3 spatial calibration retained in workbook","L","Aspect ratio"
364,"CS-Female -5000X -0034.dm3","CS",4.428,"DM3 spatial calibration retained in workbook","L","Aspect ratio"
365,"CS-Female -5000X -0034.dm3","CS",2.259,"DM3 spatial calibration retained in workbook","L","Aspect ratio"
366,"CS-Female -5000X -0034.dm3","CS",1.276,"DM3 spatial calibration retained in workbook","L","Aspect ratio"
367,"CS-Female -5000X -0034.dm3","CS",3.573,"DM3 spatial calibration retained in workbook","L","Aspect ratio"
368,"CS-Female -5000X -0034.dm3","CS",5.849,"DM3 spatial calibration retained in workbook","L","Aspect ratio"
369,"CS-Female -5000X -0034.dm3","CS",2.787,"DM3 spatial calibration retained in workbook","L","Aspect ratio"
370,"CS-Female -5000X -0034.dm3","CS",1.799,"DM3 spatial calibration retained in workbook","L","Aspect ratio"
371,"CS-Female -5000X -0034.dm3","CS",6.382,"DM3 spatial calibration retained in workbook","L","Aspect ratio"
372,"CS-Female -5000X -0034.dm3","CS",1.135,"DM3 spatial calibration retained in workbook","L","Aspect ratio"
373,"CS-Female -5000X -0034.dm3","CS",3.437,"DM3 spatial calibration retained in workbook","L","Aspect ratio"
374,"CS-Female -5000X -0034.dm3","CS",1.127,"DM3 spatial calibration retained in workbook","L","Aspect ratio"
375,"CS-Female -5000X -0034.dm3","CS",1.952,"DM3 spatial calibration retained in workbook","L","Aspect ratio"
376,"CS-Female -5000X -0034.dm3","CS",5.466,"DM3 spatial calibration retained in workbook","L","Aspect ratio"
377,"CS-Female -5000X -0034.dm3","CS",4.019,"DM3 spatial calibration retained in workbook","L","Aspect ratio"
378,"CS-Female -5000X -0034.dm3","CS",1.509,"DM3 spatial calibration retained in workbook","L","Aspect ratio"
379,"CS-Female -5000X -0034.dm3","CS",4.011,"DM3 spatial calibration retained in workbook","L","Aspect ratio"
380,"CS-Female -5000X -0034.dm3","CS",2.153,"DM3 spatial calibration retained in workbook","L","Aspect ratio"
381,"CS-Female -5000X -0034.dm3","CS",3.435,"DM3 spatial calibration retained in workbook","L","Aspect ratio"
382,"CS-Female -5000X -0033.dm3","CS",1.333,"DM3 spatial calibration retained in workbook","L","Aspect ratio"
383,"CS-Female -5000X -0033.dm3","CS",3.952,"DM3 spatial calibration retained in workbook","L","Aspect ratio"
384,"CS-Female -5000X -0033.dm3","CS",1.688,"DM3 spatial calibration retained in workbook","L","Aspect ratio"
385,"CS-Female -5000X -0033.dm3","CS",1.163,"DM3 spatial calibration retained in workbook","L","Aspect ratio"
386,"CS-Female -5000X -0033.dm3","CS",1.215,"DM3 spatial calibration retained in workbook","L","Aspect ratio"
387,"CS-Female -5000X -0033.dm3","CS",1.455,"DM3 spatial calibration retained in workbook","L","Aspect ratio"
388,"CS-Female -5000X -0033.dm3","CS",1.252,"DM3 spatial calibration retained in workbook","L","Aspect ratio"
389,"CS-Female -5000X -0033.dm3","CS",1.043,"DM3 spatial calibration retained in workbook","L","Aspect ratio"
390,"CS-Female -5000X -0033.dm3","CS",2.555,"DM3 spatial calibration retained in workbook","L","Aspect ratio"
391,"CS-Female -5000X -0033.dm3","CS",1.998,"DM3 spatial calibration retained in workbook","L","Aspect ratio"
392,"CS-Female -5000X -0033.dm3","CS",1.487,"DM3 spatial calibration retained in workbook","L","Aspect ratio"
393,"CS-Female -5000X -0033.dm3","CS",1.15,"DM3 spatial calibration retained in workbook","L","Aspect ratio"
394,"CS-Female -5000X -0033.dm3","CS",1.218,"DM3 spatial calibration retained in workbook","L","Aspect ratio"
395,"CS-Female -5000X -0033.dm3","CS",1.291,"DM3 spatial calibration retained in workbook","L","Aspect ratio"
396,"CS-Female -5000X -0033.dm3","CS",2.891,"DM3 spatial calibration retained in workbook","L","Aspect ratio"
397,"CS-Female -5000X -0033.dm3","CS",1.183,"DM3 spatial calibration retained in workbook","L","Aspect ratio"
398,"CS-Female -5000X -0033.dm3","CS",1.254,"DM3 spatial calibration retained in workbook","L","Aspect ratio"
399,"CS-Female -5000X -0033.dm3","CS",3.281,"DM3 spatial calibration retained in workbook","L","Aspect ratio"
400,"CS-Female -5000X -0033.dm3","CS",1.372,"DM3 spatial calibration retained in workbook","L","Aspect ratio"
401,"CS-Female -5000X -0033.dm3","CS",1.08,"DM3 spatial calibration retained in workbook","L","Aspect ratio"
402,"CS-Female -5000X -0033.dm3","CS",2.81,"DM3 spatial calibration retained in workbook","L","Aspect ratio"
403,"CS-Female -5000X -0033.dm3","CS",1.284,"DM3 spatial calibration retained in workbook","L","Aspect ratio"
404,"CS-Female -5000X -0033.dm3","CS",1.171,"DM3 spatial calibration retained in workbook","L","Aspect ratio"
405,"CS-Female -5000X -0033.dm3","CS",1.382,"DM3 spatial calibration retained in workbook","L","Aspect ratio"
406,"CS-Female -5000X -0033.dm3","CS",1.582,"DM3 spatial calibration retained in workbook","L","Aspect ratio"
407,"CS-Female -5000X -0033.dm3","CS",1.633,"DM3 spatial calibration retained in workbook","L","Aspect ratio"
408,"CS-Female -5000X -0033.dm3","CS",1.779,"DM3 spatial calibration retained in workbook","L","Aspect ratio"
409,"CS-Female -5000X -0033.dm3","CS",1.358,"DM3 spatial calibration retained in workbook","L","Aspect ratio"
410,"CS-Female -5000X -0033.dm3","CS",1.82,"DM3 spatial calibration retained in workbook","L","Aspect ratio"
411,"CS-Female -5000X -0033.dm3","CS",1.116,"DM3 spatial calibration retained in workbook","L","Aspect ratio"
412,"CS-Female -5000X -0033.dm3","CS",1.118,"DM3 spatial calibration retained in workbook","L","Aspect ratio"
413,"CS-Female -5000X -0033.dm3","CS",1.501,"DM3 spatial calibration retained in workbook","L","Aspect ratio"
414,"CS-Female -5000X -0033.dm3","CS",1.849,"DM3 spatial calibration retained in workbook","L","Aspect ratio"
415,"CS-Female -5000X -0033.dm3","CS",1.132,"DM3 spatial calibration retained in workbook","L","Aspect ratio"
416,"CS-Female -5000X -0033.dm3","CS",1.784,"DM3 spatial calibration retained in workbook","L","Aspect ratio"
417,"CS-Female -5000X -0033.dm3","CS",1.338,"DM3 spatial calibration retained in workbook","L","Aspect ratio"
418,"CS-Female -5000X -0033.dm3","CS",1.918,"DM3 spatial calibration retained in workbook","L","Aspect ratio"
419,"CS-Female -5000X -0033.dm3","CS",1.888,"DM3 spatial calibration retained in workbook","L","Aspect ratio"
420,"CS-Female -5000X -0033.dm3","CS",3.273,"DM3 spatial calibration retained in workbook","L","Aspect ratio"
421,"CS-Female -5000X -0033.dm3","CS",2.019,"DM3 spatial calibration retained in workbook","L","Aspect ratio"
422,"CS-Female -5000X -0033.dm3","CS",2.316,"DM3 spatial calibration retained in workbook","L","Aspect ratio"
423,"CS-Female -5000X -0033.dm3","CS",2.916,"DM3 spatial calibration retained in workbook","L","Aspect ratio"
424,"CS-Female -5000X -0033.dm3","CS",2.313,"DM3 spatial calibration retained in workbook","L","Aspect ratio"
425,"CS-Female -5000X -0033.dm3","CS",2.006,"DM3 spatial calibration retained in workbook","L","Aspect ratio"
426,"CS-Female -5000X -0033.dm3","CS",3.428,"DM3 spatial calibration retained in workbook","L","Aspect ratio"
427,"CS-Female -5000X -0033.dm3","CS",1.356,"DM3 spatial calibration retained in workbook","L","Aspect ratio"
428,"CS-Female -5000X -0033.dm3","CS",3.402,"DM3 spatial calibration retained in workbook","L","Aspect ratio"
429,"CS-Female -5000X -0033.dm3","CS",1.196,"DM3 spatial calibration retained in workbook","L","Aspect ratio"
430,"CS-Female -5000X -0033.dm3","CS",5.231,"DM3 spatial calibration retained in workbook","L","Aspect ratio"
431,"CS-Female -5000X -0033.dm3","CS",3.311,"DM3 spatial calibration retained in workbook","L","Aspect ratio"
432,"CS-Female -5000X -0033.dm3","CS",1.056,"DM3 spatial calibration retained in workbook","L","Aspect ratio"
433,"CS-Female -5000X -0033.dm3","CS",2.558,"DM3 spatial calibration retained in workbook","L","Aspect ratio"
434,"CS-Female -5000X -0033.dm3","CS",1.914,"DM3 spatial calibration retained in workbook","L","Aspect ratio"
435,"CS-Female -5000X -0033.dm3","CS",2.444,"DM3 spatial calibration retained in workbook","L","Aspect ratio"
436,"CS-Female -5000X -0033.dm3","CS",2.658,"DM3 spatial calibration retained in workbook","L","Aspect ratio"
437,"CS-Female -5000X -0033.dm3","CS",2.226,"DM3 spatial calibration retained in workbook","L","Aspect ratio"
438,"CS-Female -5000X -0033.dm3","CS",1.793,"DM3 spatial calibration retained in workbook","L","Aspect ratio"
439,"CS-Female -5000X -0032.dm3","CS",7.689,"DM3 spatial calibration retained in workbook","L","Aspect ratio"
440,"CS-Female -5000X -0032.dm3","CS",1.086,"DM3 spatial calibration retained in workbook","L","Aspect ratio"
441,"CS-Female -5000X -0032.dm3","CS",1.239,"DM3 spatial calibration retained in workbook","L","Aspect ratio"
442,"CS-Female -5000X -0032.dm3","CS",1.691,"DM3 spatial calibration retained in workbook","L","Aspect ratio"
443,"CS-Female -5000X -0032.dm3","CS",2.007,"DM3 spatial calibration retained in workbook","L","Aspect ratio"
444,"CS-Female -5000X -0032.dm3","CS",5.776,"DM3 spatial calibration retained in workbook","L","Aspect ratio"
445,"CS-Female -5000X -0032.dm3","CS",4.392,"DM3 spatial calibration retained in workbook","L","Aspect ratio"
446,"CS-Female -5000X -0032.dm3","CS",1.478,"DM3 spatial calibration retained in workbook","L","Aspect ratio"
447,"CS-Female -5000X -0032.dm3","CS",1.448,"DM3 spatial calibration retained in workbook","L","Aspect ratio"
448,"CS-Female -5000X -0032.dm3","CS",1.272,"DM3 spatial calibration retained in workbook","L","Aspect ratio"
449,"CS-Female -5000X -0032.dm3","CS",7.483,"DM3 spatial calibration retained in workbook","L","Aspect ratio"
450,"CS-Female -5000X -0032.dm3","CS",1.295,"DM3 spatial calibration retained in workbook","L","Aspect ratio"
451,"CS-Female -5000X -0032.dm3","CS",2.126,"DM3 spatial calibration retained in workbook","L","Aspect ratio"
452,"CS-Female -5000X -0032.dm3","CS",3.02,"DM3 spatial calibration retained in workbook","L","Aspect ratio"
453,"CS-Female -5000X -0032.dm3","CS",1.423,"DM3 spatial calibration retained in workbook","L","Aspect ratio"
454,"CS-Female -5000X -0032.dm3","CS",1.287,"DM3 spatial calibration retained in workbook","L","Aspect ratio"
455,"CS-Female -5000X -0032.dm3","CS",5.066,"DM3 spatial calibration retained in workbook","L","Aspect ratio"
456,"CS-Female -5000X -0032.dm3","CS",3.432,"DM3 spatial calibration retained in workbook","L","Aspect ratio"
457,"CS-Female -5000X -0032.dm3","CS",1.221,"DM3 spatial calibration retained in workbook","L","Aspect ratio"
458,"CS-Female -5000X -0032.dm3","CS",1.976,"DM3 spatial calibration retained in workbook","L","Aspect ratio"
459,"CS-Female -5000X -0032.dm3","CS",1.557,"DM3 spatial calibration retained in workbook","L","Aspect ratio"
460,"CS-Female -5000X -0032.dm3","CS",1.835,"DM3 spatial calibration retained in workbook","L","Aspect ratio"
461,"CS-Female -5000X -0032.dm3","CS",4.126,"DM3 spatial calibration retained in workbook","L","Aspect ratio"
462,"CS-Female -5000X -0032.dm3","CS",4.645,"DM3 spatial calibration retained in workbook","L","Aspect ratio"
463,"CS-Female -5000X -0032.dm3","CS",4.958,"DM3 spatial calibration retained in workbook","L","Aspect ratio"
464,"CS-Female -5000X -0032.dm3","CS",3.469,"DM3 spatial calibration retained in workbook","L","Aspect ratio"
465,"CS-Female -5000X -0032.dm3","CS",1.432,"DM3 spatial calibration retained in workbook","L","Aspect ratio"
466,"CS-Female -5000X -0032.dm3","CS",1.275,"DM3 spatial calibration retained in workbook","L","Aspect ratio"
467,"CS-Female -5000X -0032.dm3","CS",1.313,"DM3 spatial calibration retained in workbook","L","Aspect ratio"
468,"CS-Female -5000X -0032.dm3","CS",2.19,"DM3 spatial calibration retained in workbook","L","Aspect ratio"
469,"CS-Female -5000X -0032.dm3","CS",3.182,"DM3 spatial calibration retained in workbook","L","Aspect ratio"
470,"CS-Female -5000X -0032.dm3","CS",1.39,"DM3 spatial calibration retained in workbook","L","Aspect ratio"
471,"CS-Female -5000X -0032.dm3","CS",1.167,"DM3 spatial calibration retained in workbook","L","Aspect ratio"
472,"CS-Female -5000X -0032.dm3","CS",1.667,"DM3 spatial calibration retained in workbook","L","Aspect ratio"
473,"CS-Female -5000X -0032.dm3","CS",1.669,"DM3 spatial calibration retained in workbook","L","Aspect ratio"
474,"CS-Female -5000X -0032.dm3","CS",1.222,"DM3 spatial calibration retained in workbook","L","Aspect ratio"
475,"CS-Female -5000X -0032.dm3","CS",1.496,"DM3 spatial calibration retained in workbook","L","Aspect ratio"
476,"CS-Female -5000X -0032.dm3","CS",1.178,"DM3 spatial calibration retained in workbook","L","Aspect ratio"
477,"CS-Female -5000X -0032.dm3","CS",2.009,"DM3 spatial calibration retained in workbook","L","Aspect ratio"
478,"CS-Female -5000X -0032.dm3","CS",1.338,"DM3 spatial calibration retained in workbook","L","Aspect ratio"
479,"CS-Female -5000X -0032.dm3","CS",2.027,"DM3 spatial calibration retained in workbook","L","Aspect ratio"
480,"CS-Female -5000X -0032.dm3","CS",1.308,"DM3 spatial calibration retained in workbook","L","Aspect ratio"
481,"CS-Female -5000X -0032.dm3","CS",1.258,"DM3 spatial calibration retained in workbook","L","Aspect ratio"
482,"CS-Female -5000X -0032.dm3","CS",1.283,"DM3 spatial calibration retained in workbook","L","Aspect ratio"
483,"CS-Female -5000X -0032.dm3","CS",1.214,"DM3 spatial calibration retained in workbook","L","Aspect ratio"
484,"CS-Female -5000X -0031.dm3","CS",1.218,"DM3 spatial calibration retained in workbook","L","Aspect ratio"
485,"CS-Female -5000X -0031.dm3","CS",2.609,"DM3 spatial calibration retained in workbook","L","Aspect ratio"
486,"CS-Female -5000X -0031.dm3","CS",1.799,"DM3 spatial calibration retained in workbook","L","Aspect ratio"
487,"CS-Female -5000X -0031.dm3","CS",1.073,"DM3 spatial calibration retained in workbook","L","Aspect ratio"
488,"CS-Female -5000X -0031.dm3","CS",1.326,"DM3 spatial calibration retained in workbook","L","Aspect ratio"
489,"CS-Female -5000X -0031.dm3","CS",1.273,"DM3 spatial calibration retained in workbook","L","Aspect ratio"
490,"CS-Female -5000X -0031.dm3","CS",1.349,"DM3 spatial calibration retained in workbook","L","Aspect ratio"
491,"CS-Female -5000X -0031.dm3","CS",1.887,"DM3 spatial calibration retained in workbook","L","Aspect ratio"
492,"CS-Female -5000X -0031.dm3","CS",3.966,"DM3 spatial calibration retained in workbook","L","Aspect ratio"
493,"CS-Female -5000X -0031.dm3","CS",1.754,"DM3 spatial calibration retained in workbook","L","Aspect ratio"
494,"CS-Female -5000X -0031.dm3","CS",6.755,"DM3 spatial calibration retained in workbook","L","Aspect ratio"
495,"CS-Female -5000X -0031.dm3","CS",1.879,"DM3 spatial calibration retained in workbook","L","Aspect ratio"
496,"CS-Female -5000X -0031.dm3","CS",3.896,"DM3 spatial calibration retained in workbook","L","Aspect ratio"
497,"CS-Female -5000X -0031.dm3","CS",1.573,"DM3 spatial calibration retained in workbook","L","Aspect ratio"
498,"CS-Female -5000X -0031.dm3","CS",1.621,"DM3 spatial calibration retained in workbook","L","Aspect ratio"
499,"CS-Female -5000X -0031.dm3","CS",1.407,"DM3 spatial calibration retained in workbook","L","Aspect ratio"
500,"CS-Female -5000X -0031.dm3","CS",1.327,"DM3 spatial calibration retained in workbook","L","Aspect ratio"
501,"CS-Female -5000X -0031.dm3","CS",2.607,"DM3 spatial calibration retained in workbook","L","Aspect ratio"
502,"CS-Female -5000X -0031.dm3","CS",3.789,"DM3 spatial calibration retained in workbook","L","Aspect ratio"
503,"CS-Female -5000X -0031.dm3","CS",1.279,"DM3 spatial calibration retained in workbook","L","Aspect ratio"
504,"CS-Female -5000X -0031.dm3","CS",1.326,"DM3 spatial calibration retained in workbook","L","Aspect ratio"
505,"CS-Female -5000X -0031.dm3","CS",1.361,"DM3 spatial calibration retained in workbook","L","Aspect ratio"
506,"CS-Female -5000X -0031.dm3","CS",1.166,"DM3 spatial calibration retained in workbook","L","Aspect ratio"
507,"CS-Female -5000X -0031.dm3","CS",2.386,"DM3 spatial calibration retained in workbook","L","Aspect ratio"
508,"CS-Female -5000X -0031.dm3","CS",2.331,"DM3 spatial calibration retained in workbook","L","Aspect ratio"
509,"CS-Female -5000X -0031.dm3","CS",2.66,"DM3 spatial calibration retained in workbook","L","Aspect ratio"
510,"CS-Female -5000X -0031.dm3","CS",5.225,"DM3 spatial calibration retained in workbook","L","Aspect ratio"
511,"CS-Female -5000X -0031.dm3","CS",3.342,"DM3 spatial calibration retained in workbook","L","Aspect ratio"
512,"CS-Female -5000X -0031.dm3","CS",3.048,"DM3 spatial calibration retained in workbook","L","Aspect ratio"
513,"CS-Female -5000X -0031.dm3","CS",2.647,"DM3 spatial calibration retained in workbook","L","Aspect ratio"
514,"CS-Female -5000X -0031.dm3","CS",4.221,"DM3 spatial calibration retained in workbook","L","Aspect ratio"
515,"CS-Female -5000X -0031.dm3","CS",1.332,"DM3 spatial calibration retained in workbook","L","Aspect ratio"
516,"CS-Female -5000X -0031.dm3","CS",1.608,"DM3 spatial calibration retained in workbook","L","Aspect ratio"
517,"CS-Female -5000X -0031.dm3","CS",1.467,"DM3 spatial calibration retained in workbook","L","Aspect ratio"
518,"CS-Female -5000X -0031.dm3","CS",1.506,"DM3 spatial calibration retained in workbook","L","Aspect ratio"
553,"Cnt fmale_a_5000X_0012.tif","WR",1.249,"Converted from pixels using visible 2-um scale bar","L","Aspect ratio"
554,"Cnt fmale_a_5000X_0012.tif","WR",1.821,"Converted from pixels using visible 2-um scale bar","L","Aspect ratio"
555,"Cnt fmale_a_5000X_0012.tif","WR",1.368,"Converted from pixels using visible 2-um scale bar","L","Aspect ratio"
556,"Cnt fmale_a_5000X_0012.tif","WR",2.443,"Converted from pixels using visible 2-um scale bar","L","Aspect ratio"
557,"Cnt fmale_a_5000X_0012.tif","WR",1.263,"Converted from pixels using visible 2-um scale bar","L","Aspect ratio"
558,"Cnt fmale_a_5000X_0012.tif","WR",1.618,"Converted from pixels using visible 2-um scale bar","L","Aspect ratio"
559,"Cnt fmale_a_5000X_0012.tif","WR",1.557,"Converted from pixels using visible 2-um scale bar","L","Aspect ratio"
560,"Cnt fmale_a_5000X_0012.tif","WR",1.295,"Converted from pixels using visible 2-um scale bar","L","Aspect ratio"
561,"Cnt fmale_a_5000X_0012.tif","WR",1.887,"Converted from pixels using visible 2-um scale bar","L","Aspect ratio"
562,"Cnt fmale_a_5000X_0012.tif","WR",1.58,"Converted from pixels using visible 2-um scale bar","L","Aspect ratio"
563,"Cnt fmale_a_5000X_0012.tif","WR",1.313,"Converted from pixels using visible 2-um scale bar","L","Aspect ratio"
564,"Cnt fmale_a_5000X_0010.tif","WR",2.111,"Converted from pixels using visible 2-um scale bar","L","Aspect ratio"
565,"Cnt fmale_a_5000X_0010.tif","WR",1.475,"Converted from pixels using visible 2-um scale bar","L","Aspect ratio"
566,"Cnt fmale_a_5000X_0010.tif","WR",1.625,"Converted from pixels using visible 2-um scale bar","L","Aspect ratio"
567,"Cnt fmale_a_5000X_0010.tif","WR",3.467,"Converted from pixels using visible 2-um scale bar","L","Aspect ratio"
568,"Cnt fmale_a_5000X_0010.tif","WR",1.519,"Converted from pixels using visible 2-um scale bar","L","Aspect ratio"
569,"Cnt fmale_a_5000X_0010.tif","WR",1.32,"Converted from pixels using visible 2-um scale bar","L","Aspect ratio"
570,"Cnt fmale_a_5000X_0010.tif","WR",1.406,"Converted from pixels using visible 2-um scale bar","L","Aspect ratio"
571,"Cnt fmale_a_5000X_0010.tif","WR",1.088,"Converted from pixels using visible 2-um scale bar","L","Aspect ratio"
572,"Cnt fmale_a_5000X_0010.tif","WR",1.401,"Converted from pixels using visible 2-um scale bar","L","Aspect ratio"
573,"Cnt fmale_a_5000X_0010.tif","WR",1.871,"Converted from pixels using visible 2-um scale bar","L","Aspect ratio"
574,"Cnt fmale_a_5000X_0008.tif","WR",1.403,"Converted from pixels using visible 2-um scale bar","L","Aspect ratio"
575,"Cnt fmale_a_5000X_0008.tif","WR",2.238,"Converted from pixels using visible 2-um scale bar","L","Aspect ratio"
576,"Cnt fmale_a_5000X_0005.tif","WR",1.232,"Converted from pixels using visible 2-um scale bar","L","Aspect ratio"
577,"Cnt fmale_a_5000X_0005.tif","WR",1.211,"Converted from pixels using visible 2-um scale bar","L","Aspect ratio"
578,"Cnt fmale_a_5000X_0005.tif","WR",1.757,"Converted from pixels using visible 2-um scale bar","L","Aspect ratio"
579,"Cnt fmale_a_5000X_0005.tif","WR",1.371,"Converted from pixels using visible 2-um scale bar","L","Aspect ratio"
580,"Cnt fmale_a_5000X_0005.tif","WR",1.946,"Converted from pixels using visible 2-um scale bar","L","Aspect ratio"
2,"WR-F -5000X -0014.dm3","WR",5.295,"DM3 spatial calibration retained in workbook","M","Mitochondrial perimeter"
3,"WR-F -5000X -0014.dm3","WR",10.822,"DM3 spatial calibration retained in workbook","M","Mitochondrial perimeter"
4,"WR-F -5000X -0014.dm3","WR",3.333,"DM3 spatial calibration retained in workbook","M","Mitochondrial perimeter"
5,"WR-F -5000X -0014.dm3","WR",3.567,"DM3 spatial calibration retained in workbook","M","Mitochondrial perimeter"
6,"WR-F -5000X -0014.dm3","WR",4.982,"DM3 spatial calibration retained in workbook","M","Mitochondrial perimeter"
7,"WR-F -5000X -0014.dm3","WR",8.442,"DM3 spatial calibration retained in workbook","M","Mitochondrial perimeter"
8,"WR-F -5000X -0013.dm3","WR",7.267,"DM3 spatial calibration retained in workbook","M","Mitochondrial perimeter"
9,"WR-F -5000X -0013.dm3","WR",1.189,"DM3 spatial calibration retained in workbook","M","Mitochondrial perimeter"
10,"WR-F -5000X -0013.dm3","WR",6.774,"DM3 spatial calibration retained in workbook","M","Mitochondrial perimeter"
11,"WR-F -5000X -0013.dm3","WR",7.1,"DM3 spatial calibration retained in workbook","M","Mitochondrial perimeter"
12,"WR-F -5000X -0012.dm3","WR",4.168,"DM3 spatial calibration retained in workbook","M","Mitochondrial perimeter"
13,"WR-F -5000X -0012.dm3","WR",1.391,"DM3 spatial calibration retained in workbook","M","Mitochondrial perimeter"
14,"WR-F -5000X -0012.dm3","WR",2.719,"DM3 spatial calibration retained in workbook","M","Mitochondrial perimeter"
15,"WR-F -5000X -0012.dm3","WR",1.092,"DM3 spatial calibration retained in workbook","M","Mitochondrial perimeter"
16,"WR-F -5000X -0012.dm3","WR",1.081,"DM3 spatial calibration retained in workbook","M","Mitochondrial perimeter"
17,"WR-F -5000X -0012.dm3","WR",3.711,"DM3 spatial calibration retained in workbook","M","Mitochondrial perimeter"
18,"WR-F -5000X -0012.dm3","WR",1.627,"DM3 spatial calibration retained in workbook","M","Mitochondrial perimeter"
19,"WR-F -5000X -0012.dm3","WR",0.63,"DM3 spatial calibration retained in workbook","M","Mitochondrial perimeter"
20,"WR-F -5000X -0012.dm3","WR",4.783,"DM3 spatial calibration retained in workbook","M","Mitochondrial perimeter"
21,"WR-F -5000X -0012.dm3","WR",4.177,"DM3 spatial calibration retained in workbook","M","Mitochondrial perimeter"
22,"WR-F -5000X -0012.dm3","WR",1.753,"DM3 spatial calibration retained in workbook","M","Mitochondrial perimeter"
23,"WR-F -5000X -0012.dm3","WR",1.588,"DM3 spatial calibration retained in workbook","M","Mitochondrial perimeter"
24,"WR-F -5000X -0012.dm3","WR",2.839,"DM3 spatial calibration retained in workbook","M","Mitochondrial perimeter"
25,"WR-F -5000X -0012.dm3","WR",1.355,"DM3 spatial calibration retained in workbook","M","Mitochondrial perimeter"
26,"WR-F -5000X -0012.dm3","WR",0.94,"DM3 spatial calibration retained in workbook","M","Mitochondrial perimeter"
27,"WR-F -5000X -0012.dm3","WR",1.686,"DM3 spatial calibration retained in workbook","M","Mitochondrial perimeter"
28,"WR-F -5000X -0012.dm3","WR",4.082,"DM3 spatial calibration retained in workbook","M","Mitochondrial perimeter"
29,"WR-F -5000X -0012.dm3","WR",4.412,"DM3 spatial calibration retained in workbook","M","Mitochondrial perimeter"
30,"WR-F -5000X -0011.dm3","WR",2.388,"DM3 spatial calibration retained in workbook","M","Mitochondrial perimeter"
31,"WR-F -5000X -0011.dm3","WR",3.509,"DM3 spatial calibration retained in workbook","M","Mitochondrial perimeter"
32,"WR-F -5000X -0011.dm3","WR",2.361,"DM3 spatial calibration retained in workbook","M","Mitochondrial perimeter"
33,"WR-F -5000X -0011.dm3","WR",1.612,"DM3 spatial calibration retained in workbook","M","Mitochondrial perimeter"
34,"WR-F -5000X -0011.dm3","WR",2.279,"DM3 spatial calibration retained in workbook","M","Mitochondrial perimeter"
35,"WR-F -5000X -0011.dm3","WR",5.568,"DM3 spatial calibration retained in workbook","M","Mitochondrial perimeter"
36,"WR-F -5000X -0011.dm3","WR",4.497,"DM3 spatial calibration retained in workbook","M","Mitochondrial perimeter"
37,"WR-F -5000X -0011.dm3","WR",10.98,"DM3 spatial calibration retained in workbook","M","Mitochondrial perimeter"
38,"WR-F -5000X -0011.dm3","WR",1.632,"DM3 spatial calibration retained in workbook","M","Mitochondrial perimeter"
39,"WR-F -5000X -0011.dm3","WR",6.442,"DM3 spatial calibration retained in workbook","M","Mitochondrial perimeter"
40,"WR-F -5000X -0011.dm3","WR",1.006,"DM3 spatial calibration retained in workbook","M","Mitochondrial perimeter"
41,"WR-F -5000X -0011.dm3","WR",1.277,"DM3 spatial calibration retained in workbook","M","Mitochondrial perimeter"
42,"WR-F -5000X -0011.dm3","WR",1.311,"DM3 spatial calibration retained in workbook","M","Mitochondrial perimeter"
43,"WR-F -5000X -0011.dm3","WR",3.227,"DM3 spatial calibration retained in workbook","M","Mitochondrial perimeter"
44,"WR-F -5000X -0011.dm3","WR",0.774,"DM3 spatial calibration retained in workbook","M","Mitochondrial perimeter"
45,"WR-F -5000X -0011.dm3","WR",5.591,"DM3 spatial calibration retained in workbook","M","Mitochondrial perimeter"
46,"WR-F -5000X -0011.dm3","WR",1.312,"DM3 spatial calibration retained in workbook","M","Mitochondrial perimeter"
47,"WR-F -5000X -0011.dm3","WR",2.231,"DM3 spatial calibration retained in workbook","M","Mitochondrial perimeter"
48,"WR-F -5000X -0011.dm3","WR",0.952,"DM3 spatial calibration retained in workbook","M","Mitochondrial perimeter"
49,"WR-F -5000X -0011.dm3","WR",2.854,"DM3 spatial calibration retained in workbook","M","Mitochondrial perimeter"
50,"WR-F -5000X -0010.dm3","WR",1.844,"DM3 spatial calibration retained in workbook","M","Mitochondrial perimeter"
51,"WR-F -5000X -0010.dm3","WR",1.964,"DM3 spatial calibration retained in workbook","M","Mitochondrial perimeter"
52,"WR-F -5000X -0010.dm3","WR",3.885,"DM3 spatial calibration retained in workbook","M","Mitochondrial perimeter"
53,"WR-F -5000X -0010.dm3","WR",2.237,"DM3 spatial calibration retained in workbook","M","Mitochondrial perimeter"
54,"WR-F -5000X -0010.dm3","WR",4.231,"DM3 spatial calibration retained in workbook","M","Mitochondrial perimeter"
55,"WR-F -5000X -0010.dm3","WR",2.725,"DM3 spatial calibration retained in workbook","M","Mitochondrial perimeter"
56,"WR-F -5000X -0010.dm3","WR",2.379,"DM3 spatial calibration retained in workbook","M","Mitochondrial perimeter"
57,"WR-F -5000X -0010.dm3","WR",2.161,"DM3 spatial calibration retained in workbook","M","Mitochondrial perimeter"
58,"WR-F -5000X -0010.dm3","WR",2.731,"DM3 spatial calibration retained in workbook","M","Mitochondrial perimeter"
59,"WR-F -5000X -0010.dm3","WR",2.702,"DM3 spatial calibration retained in workbook","M","Mitochondrial perimeter"
60,"WR-F -5000X -0010.dm3","WR",2.395,"DM3 spatial calibration retained in workbook","M","Mitochondrial perimeter"
61,"WR-F -5000X -0010.dm3","WR",2.01,"DM3 spatial calibration retained in workbook","M","Mitochondrial perimeter"
62,"WR-F -5000X -0009.tif","WR",14.5647626728111,"Converted from pixels using visible 2-um scale bar","M","Mitochondrial perimeter"
63,"WR-F -5000X -0009.tif","WR",3.41013824884793,"Converted from pixels using visible 2-um scale bar","M","Mitochondrial perimeter"
64,"WR-F -5000X -0009.tif","WR",1.4005069124424,"Converted from pixels using visible 2-um scale bar","M","Mitochondrial perimeter"
65,"WR-F -5000X -0009.tif","WR",9.71102534562212,"Converted from pixels using visible 2-um scale bar","M","Mitochondrial perimeter"
66,"WR-F -5000X -0009.tif","WR",5.30104377880184,"Converted from pixels using visible 2-um scale bar","M","Mitochondrial perimeter"
67,"WR-F -5000X -0009.tif","WR",2.49118433179724,"Converted from pixels using visible 2-um scale bar","M","Mitochondrial perimeter"
68,"WR-F -5000X -0009.tif","WR",2.20297465437788,"Converted from pixels using visible 2-um scale bar","M","Mitochondrial perimeter"
69,"CS-Female -5000X -0046.dm3","CS",2.612,"DM3 spatial calibration retained in workbook","M","Mitochondrial perimeter"
70,"CS-Female -5000X -0046.dm3","CS",1.26,"DM3 spatial calibration retained in workbook","M","Mitochondrial perimeter"
71,"CS-Female -5000X -0046.dm3","CS",5.088,"DM3 spatial calibration retained in workbook","M","Mitochondrial perimeter"
72,"CS-Female -5000X -0045.dm3","CS",2.059,"DM3 spatial calibration retained in workbook","M","Mitochondrial perimeter"
73,"CS-Female -5000X -0045.dm3","CS",1.032,"DM3 spatial calibration retained in workbook","M","Mitochondrial perimeter"
74,"CS-Female -5000X -0045.dm3","CS",0.793,"DM3 spatial calibration retained in workbook","M","Mitochondrial perimeter"
75,"CS-Female -5000X -0045.dm3","CS",1.222,"DM3 spatial calibration retained in workbook","M","Mitochondrial perimeter"
76,"CS-Female -5000X -0045.dm3","CS",1.216,"DM3 spatial calibration retained in workbook","M","Mitochondrial perimeter"
77,"CS-Female -5000X -0045.dm3","CS",3.164,"DM3 spatial calibration retained in workbook","M","Mitochondrial perimeter"
78,"CS-Female -5000X -0045.dm3","CS",0.955,"DM3 spatial calibration retained in workbook","M","Mitochondrial perimeter"
79,"CS-Female -5000X -0045.dm3","CS",1.08,"DM3 spatial calibration retained in workbook","M","Mitochondrial perimeter"
80,"CS-Female -5000X -0045.dm3","CS",3.465,"DM3 spatial calibration retained in workbook","M","Mitochondrial perimeter"
81,"CS-Female -5000X -0045.dm3","CS",1.735,"DM3 spatial calibration retained in workbook","M","Mitochondrial perimeter"
82,"CS-Female -5000X -0045.dm3","CS",0.741,"DM3 spatial calibration retained in workbook","M","Mitochondrial perimeter"
83,"CS-Female -5000X -0045.dm3","CS",0.79,"DM3 spatial calibration retained in workbook","M","Mitochondrial perimeter"
84,"CS-Female -5000X -0045.dm3","CS",2.925,"DM3 spatial calibration retained in workbook","M","Mitochondrial perimeter"
85,"CS-Female -5000X -0045.dm3","CS",0.682,"DM3 spatial calibration retained in workbook","M","Mitochondrial perimeter"
86,"CS-Female -5000X -0045.dm3","CS",0.601,"DM3 spatial calibration retained in workbook","M","Mitochondrial perimeter"
87,"CS-Female -5000X -0045.dm3","CS",0.453,"DM3 spatial calibration retained in workbook","M","Mitochondrial perimeter"
88,"CS-Female -5000X -0045.dm3","CS",1.456,"DM3 spatial calibration retained in workbook","M","Mitochondrial perimeter"
89,"CS-Female -5000X -0045.dm3","CS",3.672,"DM3 spatial calibration retained in workbook","M","Mitochondrial perimeter"
90,"CS-Female -5000X -0045.dm3","CS",1.127,"DM3 spatial calibration retained in workbook","M","Mitochondrial perimeter"
91,"CS-Female -5000X -0045.dm3","CS",1.375,"DM3 spatial calibration retained in workbook","M","Mitochondrial perimeter"
92,"CS-Female -5000X -0045.dm3","CS",0.697,"DM3 spatial calibration retained in workbook","M","Mitochondrial perimeter"
93,"CS-Female -5000X -0045.dm3","CS",1.262,"DM3 spatial calibration retained in workbook","M","Mitochondrial perimeter"
94,"CS-Female -5000X -0045.dm3","CS",0.849,"DM3 spatial calibration retained in workbook","M","Mitochondrial perimeter"
95,"CS-Female -5000X -0045.dm3","CS",5.937,"DM3 spatial calibration retained in workbook","M","Mitochondrial perimeter"
96,"CS-Female -5000X -0045.dm3","CS",0.582,"DM3 spatial calibration retained in workbook","M","Mitochondrial perimeter"
97,"CS-Female -5000X -0045.dm3","CS",0.579,"DM3 spatial calibration retained in workbook","M","Mitochondrial perimeter"
98,"CS-Female -5000X -0045.dm3","CS",0.776,"DM3 spatial calibration retained in workbook","M","Mitochondrial perimeter"
99,"CS-Female -5000X -0045.dm3","CS",7.879,"DM3 spatial calibration retained in workbook","M","Mitochondrial perimeter"
100,"CS-Female -5000X -0045.dm3","CS",4.008,"DM3 spatial calibration retained in workbook","M","Mitochondrial perimeter"
101,"CS-Female -5000X -0045.dm3","CS",4.519,"DM3 spatial calibration retained in workbook","M","Mitochondrial perimeter"
102,"CS-Female -5000X -0045.dm3","CS",2.595,"DM3 spatial calibration retained in workbook","M","Mitochondrial perimeter"
103,"CS-Female -5000X -0045.dm3","CS",1.971,"DM3 spatial calibration retained in workbook","M","Mitochondrial perimeter"
104,"CS-Female -5000X -0045.dm3","CS",1.013,"DM3 spatial calibration retained in workbook","M","Mitochondrial perimeter"
105,"CS-Female -5000X -0045.dm3","CS",2.65,"DM3 spatial calibration retained in workbook","M","Mitochondrial perimeter"
106,"CS-Female -5000X -0045.dm3","CS",1.966,"DM3 spatial calibration retained in workbook","M","Mitochondrial perimeter"
107,"CS-Female -5000X -0045.dm3","CS",0.532,"DM3 spatial calibration retained in workbook","M","Mitochondrial perimeter"
108,"CS-Female -5000X -0045.dm3","CS",0.655,"DM3 spatial calibration retained in workbook","M","Mitochondrial perimeter"
109,"CS-Female -5000X -0045.dm3","CS",4.893,"DM3 spatial calibration retained in workbook","M","Mitochondrial perimeter"
110,"CS-Female -5000X -0045.dm3","CS",7.113,"DM3 spatial calibration retained in workbook","M","Mitochondrial perimeter"
111,"CS-Female -5000X -0044.dm3","CS",6.188,"DM3 spatial calibration retained in workbook","M","Mitochondrial perimeter"
112,"CS-Female -5000X -0044.dm3","CS",3.215,"DM3 spatial calibration retained in workbook","M","Mitochondrial perimeter"
113,"CS-Female -5000X -0044.dm3","CS",2.592,"DM3 spatial calibration retained in workbook","M","Mitochondrial perimeter"
114,"CS-Female -5000X -0044.dm3","CS",9.422,"DM3 spatial calibration retained in workbook","M","Mitochondrial perimeter"
115,"CS-Female -5000X -0044.dm3","CS",1.998,"DM3 spatial calibration retained in workbook","M","Mitochondrial perimeter"
116,"CS-Female -5000X -0044.dm3","CS",1.188,"DM3 spatial calibration retained in workbook","M","Mitochondrial perimeter"
117,"CS-Female -5000X -0044.dm3","CS",1.65,"DM3 spatial calibration retained in workbook","M","Mitochondrial perimeter"
118,"CS-Female -5000X -0044.dm3","CS",3.264,"DM3 spatial calibration retained in workbook","M","Mitochondrial perimeter"
119,"CS-Female -5000X -0044.dm3","CS",5.567,"DM3 spatial calibration retained in workbook","M","Mitochondrial perimeter"
120,"CS-Female -5000X -0044.dm3","CS",4.102,"DM3 spatial calibration retained in workbook","M","Mitochondrial perimeter"
121,"CS-Female -5000X -0044.dm3","CS",1.646,"DM3 spatial calibration retained in workbook","M","Mitochondrial perimeter"
122,"CS-Female -5000X -0044.dm3","CS",2.288,"DM3 spatial calibration retained in workbook","M","Mitochondrial perimeter"
123,"CS-Female -5000X -0044.dm3","CS",1.765,"DM3 spatial calibration retained in workbook","M","Mitochondrial perimeter"
124,"CS-Female -5000X -0042.dm3","CS",4.766,"DM3 spatial calibration retained in workbook","M","Mitochondrial perimeter"
125,"CS-Female -5000X -0042.dm3","CS",4.548,"DM3 spatial calibration retained in workbook","M","Mitochondrial perimeter"
126,"CS-Female -5000X -0042.dm3","CS",4.851,"DM3 spatial calibration retained in workbook","M","Mitochondrial perimeter"
127,"CS-Female -5000X -0042.dm3","CS",6.698,"DM3 spatial calibration retained in workbook","M","Mitochondrial perimeter"
128,"CS-Female -5000X -0042.dm3","CS",0.846,"DM3 spatial calibration retained in workbook","M","Mitochondrial perimeter"
129,"CS-Female -5000X -0042.dm3","CS",1.003,"DM3 spatial calibration retained in workbook","M","Mitochondrial perimeter"
130,"CS-Female -5000X -0042.dm3","CS",0.968,"DM3 spatial calibration retained in workbook","M","Mitochondrial perimeter"
131,"CS-Female -5000X -0042.dm3","CS",1.324,"DM3 spatial calibration retained in workbook","M","Mitochondrial perimeter"
132,"CS-Female -5000X -0042.dm3","CS",1.059,"DM3 spatial calibration retained in workbook","M","Mitochondrial perimeter"
133,"CS-Female -5000X -0042.dm3","CS",1.83,"DM3 spatial calibration retained in workbook","M","Mitochondrial perimeter"
134,"CS-Female -5000X -0042.dm3","CS",1.625,"DM3 spatial calibration retained in workbook","M","Mitochondrial perimeter"
135,"CS-Female -5000X -0042.dm3","CS",0.554,"DM3 spatial calibration retained in workbook","M","Mitochondrial perimeter"
136,"CS-Female -5000X -0042.dm3","CS",1.14,"DM3 spatial calibration retained in workbook","M","Mitochondrial perimeter"
137,"CS-Female -5000X -0042.dm3","CS",1.748,"DM3 spatial calibration retained in workbook","M","Mitochondrial perimeter"
138,"CS-Female -5000X -0042.dm3","CS",10.068,"DM3 spatial calibration retained in workbook","M","Mitochondrial perimeter"
139,"CS-Female -5000X -0042.dm3","CS",2.889,"DM3 spatial calibration retained in workbook","M","Mitochondrial perimeter"
140,"CS-Female -5000X -0042.dm3","CS",1.917,"DM3 spatial calibration retained in workbook","M","Mitochondrial perimeter"
141,"CS-Female -5000X -0042.dm3","CS",2.357,"DM3 spatial calibration retained in workbook","M","Mitochondrial perimeter"
142,"CS-Female -5000X -0042.dm3","CS",0.763,"DM3 spatial calibration retained in workbook","M","Mitochondrial perimeter"
143,"CS-Female -5000X -0042.dm3","CS",1.064,"DM3 spatial calibration retained in workbook","M","Mitochondrial perimeter"
144,"CS-Female -5000X -0042.dm3","CS",2.766,"DM3 spatial calibration retained in workbook","M","Mitochondrial perimeter"
145,"CS-Female -5000X -0042.dm3","CS",0.542,"DM3 spatial calibration retained in workbook","M","Mitochondrial perimeter"
146,"CS-Female -5000X -0042.dm3","CS",0.843,"DM3 spatial calibration retained in workbook","M","Mitochondrial perimeter"
147,"CS-Female -5000X -0042.dm3","CS",3.396,"DM3 spatial calibration retained in workbook","M","Mitochondrial perimeter"
148,"CS-Female -5000X -0042.dm3","CS",3.081,"DM3 spatial calibration retained in workbook","M","Mitochondrial perimeter"
149,"CS-Female -5000X -0042.dm3","CS",3.941,"DM3 spatial calibration retained in workbook","M","Mitochondrial perimeter"
150,"CS-Female -5000X -0041.dm3","CS",1.151,"DM3 spatial calibration retained in workbook","M","Mitochondrial perimeter"
151,"CS-Female -5000X -0041.dm3","CS",11.107,"DM3 spatial calibration retained in workbook","M","Mitochondrial perimeter"
152,"CS-Female -5000X -0041.dm3","CS",8.424,"DM3 spatial calibration retained in workbook","M","Mitochondrial perimeter"
153,"CS-Female -5000X -0041.dm3","CS",1.126,"DM3 spatial calibration retained in workbook","M","Mitochondrial perimeter"
154,"CS-Female -5000X -0041.dm3","CS",0.417,"DM3 spatial calibration retained in workbook","M","Mitochondrial perimeter"
155,"CS-Female -5000X -0041.dm3","CS",4.292,"DM3 spatial calibration retained in workbook","M","Mitochondrial perimeter"
156,"CS-Female -5000X -0041.dm3","CS",6.689,"DM3 spatial calibration retained in workbook","M","Mitochondrial perimeter"
157,"CS-Female -5000X -0041.dm3","CS",0.594,"DM3 spatial calibration retained in workbook","M","Mitochondrial perimeter"
158,"CS-Female -5000X -0041.dm3","CS",0.59,"DM3 spatial calibration retained in workbook","M","Mitochondrial perimeter"
159,"CS-Female -5000X -0041.dm3","CS",0.946,"DM3 spatial calibration retained in workbook","M","Mitochondrial perimeter"
160,"CS-Female -5000X -0039.dm3","CS",1.438,"DM3 spatial calibration retained in workbook","M","Mitochondrial perimeter"
161,"CS-Female -5000X -0039.dm3","CS",0.489,"DM3 spatial calibration retained in workbook","M","Mitochondrial perimeter"
162,"CS-Female -5000X -0039.dm3","CS",0.519,"DM3 spatial calibration retained in workbook","M","Mitochondrial perimeter"
163,"CS-Female -5000X -0039.dm3","CS",6.693,"DM3 spatial calibration retained in workbook","M","Mitochondrial perimeter"
164,"CS-Female -5000X -0039.dm3","CS",0.658,"DM3 spatial calibration retained in workbook","M","Mitochondrial perimeter"
165,"CS-Female -5000X -0039.dm3","CS",0.662,"DM3 spatial calibration retained in workbook","M","Mitochondrial perimeter"
166,"CS-Female -5000X -0039.dm3","CS",2.391,"DM3 spatial calibration retained in workbook","M","Mitochondrial perimeter"
167,"CS-Female -5000X -0039.dm3","CS",4.383,"DM3 spatial calibration retained in workbook","M","Mitochondrial perimeter"
168,"CS-Female -5000X -0039.dm3","CS",5.084,"DM3 spatial calibration retained in workbook","M","Mitochondrial perimeter"
169,"CS-Female -5000X -0039.dm3","CS",1.251,"DM3 spatial calibration retained in workbook","M","Mitochondrial perimeter"
170,"CS-Female -5000X -0039.dm3","CS",0.992,"DM3 spatial calibration retained in workbook","M","Mitochondrial perimeter"
171,"CS-Female -5000X -0039.dm3","CS",4.563,"DM3 spatial calibration retained in workbook","M","Mitochondrial perimeter"
172,"CS-Female -5000X -0039.dm3","CS",0.585,"DM3 spatial calibration retained in workbook","M","Mitochondrial perimeter"
173,"CS-Female -5000X -0039.dm3","CS",12.764,"DM3 spatial calibration retained in workbook","M","Mitochondrial perimeter"
174,"CS-Female -5000X -0039.dm3","CS",6.802,"DM3 spatial calibration retained in workbook","M","Mitochondrial perimeter"
175,"CS-Female -5000X -0039.dm3","CS",4.881,"DM3 spatial calibration retained in workbook","M","Mitochondrial perimeter"
176,"CS-Female -5000X -0039.dm3","CS",1.61,"DM3 spatial calibration retained in workbook","M","Mitochondrial perimeter"
177,"CS-Female -5000X -0039.dm3","CS",1.128,"DM3 spatial calibration retained in workbook","M","Mitochondrial perimeter"
178,"CS-Female -5000X -0039.dm3","CS",6.744,"DM3 spatial calibration retained in workbook","M","Mitochondrial perimeter"
179,"CS-Female -5000X -0039.dm3","CS",0.583,"DM3 spatial calibration retained in workbook","M","Mitochondrial perimeter"
180,"CS-Female -5000X -0039.dm3","CS",0.681,"DM3 spatial calibration retained in workbook","M","Mitochondrial perimeter"
181,"CS-Female -5000X -0039.dm3","CS",1.232,"DM3 spatial calibration retained in workbook","M","Mitochondrial perimeter"
182,"CS-Female -5000X -0039.dm3","CS",1.345,"DM3 spatial calibration retained in workbook","M","Mitochondrial perimeter"
183,"CS-Female -5000X -0039.dm3","CS",1.627,"DM3 spatial calibration retained in workbook","M","Mitochondrial perimeter"
184,"CS-Female -5000X -0039.dm3","CS",1.282,"DM3 spatial calibration retained in workbook","M","Mitochondrial perimeter"
185,"CS-Female -5000X -0039.dm3","CS",0.661,"DM3 spatial calibration retained in workbook","M","Mitochondrial perimeter"
186,"CS-Female -5000X -0038.dm3","CS",1.737,"DM3 spatial calibration retained in workbook","M","Mitochondrial perimeter"
187,"CS-Female -5000X -0038.dm3","CS",5.182,"DM3 spatial calibration retained in workbook","M","Mitochondrial perimeter"
188,"CS-Female -5000X -0038.dm3","CS",1.089,"DM3 spatial calibration retained in workbook","M","Mitochondrial perimeter"
189,"CS-Female -5000X -0038.dm3","CS",8.397,"DM3 spatial calibration retained in workbook","M","Mitochondrial perimeter"
190,"CS-Female -5000X -0038.dm3","CS",0.63,"DM3 spatial calibration retained in workbook","M","Mitochondrial perimeter"
191,"CS-Female -5000X -0038.dm3","CS",5.816,"DM3 spatial calibration retained in workbook","M","Mitochondrial perimeter"
192,"CS-Female -5000X -0038.dm3","CS",2.232,"DM3 spatial calibration retained in workbook","M","Mitochondrial perimeter"
193,"CS-Female -5000X -0038.dm3","CS",4.576,"DM3 spatial calibration retained in workbook","M","Mitochondrial perimeter"
194,"CS-Female -5000X -0038.dm3","CS",4.319,"DM3 spatial calibration retained in workbook","M","Mitochondrial perimeter"
195,"CS-Female -5000X -0038.dm3","CS",1.71,"DM3 spatial calibration retained in workbook","M","Mitochondrial perimeter"
196,"CS-Female -5000X -0038.dm3","CS",1.2,"DM3 spatial calibration retained in workbook","M","Mitochondrial perimeter"
197,"CS-Female -5000X -0038.dm3","CS",1.022,"DM3 spatial calibration retained in workbook","M","Mitochondrial perimeter"
198,"CS-Female -5000X -0038.dm3","CS",0.91,"DM3 spatial calibration retained in workbook","M","Mitochondrial perimeter"
199,"CS-Female -5000X -0038.dm3","CS",1.026,"DM3 spatial calibration retained in workbook","M","Mitochondrial perimeter"
200,"CS-Female -5000X -0038.dm3","CS",3.651,"DM3 spatial calibration retained in workbook","M","Mitochondrial perimeter"
201,"CS-Female -5000X -0038.dm3","CS",0.6,"DM3 spatial calibration retained in workbook","M","Mitochondrial perimeter"
202,"CS-Female -5000X -0038.dm3","CS",0.477,"DM3 spatial calibration retained in workbook","M","Mitochondrial perimeter"
203,"CS-Female -5000X -0038.dm3","CS",1.971,"DM3 spatial calibration retained in workbook","M","Mitochondrial perimeter"
204,"CS-Female -5000X -0038.dm3","CS",3.489,"DM3 spatial calibration retained in workbook","M","Mitochondrial perimeter"
205,"CS-Female -5000X -0038.dm3","CS",4.217,"DM3 spatial calibration retained in workbook","M","Mitochondrial perimeter"
206,"CS-Female -5000X -0038.dm3","CS",3.576,"DM3 spatial calibration retained in workbook","M","Mitochondrial perimeter"
207,"CS-Female -5000X -0038.dm3","CS",1.645,"DM3 spatial calibration retained in workbook","M","Mitochondrial perimeter"
208,"CS-Female -5000X -0038.dm3","CS",4.129,"DM3 spatial calibration retained in workbook","M","Mitochondrial perimeter"
209,"CS-Female -5000X -0038.dm3","CS",1.883,"DM3 spatial calibration retained in workbook","M","Mitochondrial perimeter"
210,"CS-Female -5000X -0038.dm3","CS",2.285,"DM3 spatial calibration retained in workbook","M","Mitochondrial perimeter"
211,"CS-Female -5000X -0038.dm3","CS",0.649,"DM3 spatial calibration retained in workbook","M","Mitochondrial perimeter"
212,"CS-Female -5000X -0038.dm3","CS",0.754,"DM3 spatial calibration retained in workbook","M","Mitochondrial perimeter"
213,"CS-Female -5000X -0038.dm3","CS",4.489,"DM3 spatial calibration retained in workbook","M","Mitochondrial perimeter"
214,"CS-Female -5000X -0038.dm3","CS",1.604,"DM3 spatial calibration retained in workbook","M","Mitochondrial perimeter"
215,"CS-Female -5000X -0038.dm3","CS",0.604,"DM3 spatial calibration retained in workbook","M","Mitochondrial perimeter"
216,"CS-Female -5000X -0037.dm3","CS",1.8,"DM3 spatial calibration retained in workbook","M","Mitochondrial perimeter"
217,"CS-Female -5000X -0037.dm3","CS",0.741,"DM3 spatial calibration retained in workbook","M","Mitochondrial perimeter"
218,"CS-Female -5000X -0037.dm3","CS",0.812,"DM3 spatial calibration retained in workbook","M","Mitochondrial perimeter"
219,"CS-Female -5000X -0037.dm3","CS",1.421,"DM3 spatial calibration retained in workbook","M","Mitochondrial perimeter"
220,"CS-Female -5000X -0037.dm3","CS",0.596,"DM3 spatial calibration retained in workbook","M","Mitochondrial perimeter"
221,"CS-Female -5000X -0037.dm3","CS",0.54,"DM3 spatial calibration retained in workbook","M","Mitochondrial perimeter"
222,"CS-Female -5000X -0037.dm3","CS",6.616,"DM3 spatial calibration retained in workbook","M","Mitochondrial perimeter"
223,"CS-Female -5000X -0037.dm3","CS",1.315,"DM3 spatial calibration retained in workbook","M","Mitochondrial perimeter"
224,"CS-Female -5000X -0037.dm3","CS",0.91,"DM3 spatial calibration retained in workbook","M","Mitochondrial perimeter"
225,"CS-Female -5000X -0037.dm3","CS",3.261,"DM3 spatial calibration retained in workbook","M","Mitochondrial perimeter"
226,"CS-Female -5000X -0037.dm3","CS",5.029,"DM3 spatial calibration retained in workbook","M","Mitochondrial perimeter"
227,"CS-Female -5000X -0037.dm3","CS",1.354,"DM3 spatial calibration retained in workbook","M","Mitochondrial perimeter"
228,"CS-Female -5000X -0037.dm3","CS",0.823,"DM3 spatial calibration retained in workbook","M","Mitochondrial perimeter"
229,"CS-Female -5000X -0037.dm3","CS",0.503,"DM3 spatial calibration retained in workbook","M","Mitochondrial perimeter"
230,"CS-Female -5000X -0037.dm3","CS",1.013,"DM3 spatial calibration retained in workbook","M","Mitochondrial perimeter"
231,"CS-Female -5000X -0037.dm3","CS",0.414,"DM3 spatial calibration retained in workbook","M","Mitochondrial perimeter"
232,"CS-Female -5000X -0037.dm3","CS",1.024,"DM3 spatial calibration retained in workbook","M","Mitochondrial perimeter"
233,"CS-Female -5000X -0037.dm3","CS",0.601,"DM3 spatial calibration retained in workbook","M","Mitochondrial perimeter"
234,"CS-Female -5000X -0037.dm3","CS",0.695,"DM3 spatial calibration retained in workbook","M","Mitochondrial perimeter"
235,"CS-Female -5000X -0037.dm3","CS",0.41,"DM3 spatial calibration retained in workbook","M","Mitochondrial perimeter"
236,"CS-Female -5000X -0037.dm3","CS",0.437,"DM3 spatial calibration retained in workbook","M","Mitochondrial perimeter"
237,"CS-Female -5000X -0037.dm3","CS",1.736,"DM3 spatial calibration retained in workbook","M","Mitochondrial perimeter"
238,"CS-Female -5000X -0037.dm3","CS",0.62,"DM3 spatial calibration retained in workbook","M","Mitochondrial perimeter"
239,"CS-Female -5000X -0037.dm3","CS",0.69,"DM3 spatial calibration retained in workbook","M","Mitochondrial perimeter"
240,"CS-Female -5000X -0037.dm3","CS",0.575,"DM3 spatial calibration retained in workbook","M","Mitochondrial perimeter"
241,"CS-Female -5000X -0037.dm3","CS",0.5,"DM3 spatial calibration retained in workbook","M","Mitochondrial perimeter"
242,"CS-Female -5000X -0037.dm3","CS",2.941,"DM3 spatial calibration retained in workbook","M","Mitochondrial perimeter"
243,"CS-Female -5000X -0036.dm3","CS",0.937,"DM3 spatial calibration retained in workbook","M","Mitochondrial perimeter"
244,"CS-Female -5000X -0036.dm3","CS",0.703,"DM3 spatial calibration retained in workbook","M","Mitochondrial perimeter"
245,"CS-Female -5000X -0036.dm3","CS",3.357,"DM3 spatial calibration retained in workbook","M","Mitochondrial perimeter"
246,"CS-Female -5000X -0036.dm3","CS",0.593,"DM3 spatial calibration retained in workbook","M","Mitochondrial perimeter"
247,"CS-Female -5000X -0036.dm3","CS",2.587,"DM3 spatial calibration retained in workbook","M","Mitochondrial perimeter"
248,"CS-Female -5000X -0036.dm3","CS",1.672,"DM3 spatial calibration retained in workbook","M","Mitochondrial perimeter"
249,"CS-Female -5000X -0036.dm3","CS",0.851,"DM3 spatial calibration retained in workbook","M","Mitochondrial perimeter"
250,"CS-Female -5000X -0036.dm3","CS",1.939,"DM3 spatial calibration retained in workbook","M","Mitochondrial perimeter"
251,"CS-Female -5000X -0036.dm3","CS",1.489,"DM3 spatial calibration retained in workbook","M","Mitochondrial perimeter"
252,"CS-Female -5000X -0036.dm3","CS",0.663,"DM3 spatial calibration retained in workbook","M","Mitochondrial perimeter"
253,"CS-Female -5000X -0036.dm3","CS",1.48,"DM3 spatial calibration retained in workbook","M","Mitochondrial perimeter"
254,"CS-Female -5000X -0036.dm3","CS",1.607,"DM3 spatial calibration retained in workbook","M","Mitochondrial perimeter"
255,"CS-Female -5000X -0036.dm3","CS",6.199,"DM3 spatial calibration retained in workbook","M","Mitochondrial perimeter"
256,"CS-Female -5000X -0036.dm3","CS",0.604,"DM3 spatial calibration retained in workbook","M","Mitochondrial perimeter"
257,"CS-Female -5000X -0036.dm3","CS",2.465,"DM3 spatial calibration retained in workbook","M","Mitochondrial perimeter"
258,"CS-Female -5000X -0036.dm3","CS",2.149,"DM3 spatial calibration retained in workbook","M","Mitochondrial perimeter"
259,"CS-Female -5000X -0036.dm3","CS",1.155,"DM3 spatial calibration retained in workbook","M","Mitochondrial perimeter"
260,"CS-Female -5000X -0036.dm3","CS",3.299,"DM3 spatial calibration retained in workbook","M","Mitochondrial perimeter"
261,"CS-Female -5000X -0036.dm3","CS",4.149,"DM3 spatial calibration retained in workbook","M","Mitochondrial perimeter"
262,"CS-Female -5000X -0036.dm3","CS",2.597,"DM3 spatial calibration retained in workbook","M","Mitochondrial perimeter"
263,"CS-Female -5000X -0036.dm3","CS",5.348,"DM3 spatial calibration retained in workbook","M","Mitochondrial perimeter"
264,"CS-Female -5000X -0036.dm3","CS",1.062,"DM3 spatial calibration retained in workbook","M","Mitochondrial perimeter"
265,"CS-Female -5000X -0036.dm3","CS",1.257,"DM3 spatial calibration retained in workbook","M","Mitochondrial perimeter"
266,"CS-Female -5000X -0036.dm3","CS",5.4,"DM3 spatial calibration retained in workbook","M","Mitochondrial perimeter"
267,"CS-Female -5000X -0036.dm3","CS",0.439,"DM3 spatial calibration retained in workbook","M","Mitochondrial perimeter"
268,"CS-Female -5000X -0036.dm3","CS",1.011,"DM3 spatial calibration retained in workbook","M","Mitochondrial perimeter"
269,"CS-Female -5000X -0036.dm3","CS",2.092,"DM3 spatial calibration retained in workbook","M","Mitochondrial perimeter"
270,"CS-Female -5000X -0036.dm3","CS",0.38,"DM3 spatial calibration retained in workbook","M","Mitochondrial perimeter"
271,"CS-Female -5000X -0036.dm3","CS",0.588,"DM3 spatial calibration retained in workbook","M","Mitochondrial perimeter"
272,"CS-Female -5000X -0036.dm3","CS",2.608,"DM3 spatial calibration retained in workbook","M","Mitochondrial perimeter"
273,"CS-Female -5000X -0036.dm3","CS",0.507,"DM3 spatial calibration retained in workbook","M","Mitochondrial perimeter"
274,"CS-Female -5000X -0036.dm3","CS",4.313,"DM3 spatial calibration retained in workbook","M","Mitochondrial perimeter"
275,"CS-Female -5000X -0036.dm3","CS",1.806,"DM3 spatial calibration retained in workbook","M","Mitochondrial perimeter"
276,"CS-Female -5000X -0036.dm3","CS",0.488,"DM3 spatial calibration retained in workbook","M","Mitochondrial perimeter"
277,"CS-Female -5000X -0036.dm3","CS",0.452,"DM3 spatial calibration retained in workbook","M","Mitochondrial perimeter"
278,"CS-Female -5000X -0036.dm3","CS",0.607,"DM3 spatial calibration retained in workbook","M","Mitochondrial perimeter"
279,"CS-Female -5000X -0036.dm3","CS",0.873,"DM3 spatial calibration retained in workbook","M","Mitochondrial perimeter"
280,"CS-Female -5000X -0036.dm3","CS",3.754,"DM3 spatial calibration retained in workbook","M","Mitochondrial perimeter"
281,"CS-Female -5000X -0036.dm3","CS",1.893,"DM3 spatial calibration retained in workbook","M","Mitochondrial perimeter"
282,"CS-Female -5000X -0036.dm3","CS",1.961,"DM3 spatial calibration retained in workbook","M","Mitochondrial perimeter"
283,"CS-Female -5000X -0036.dm3","CS",0.68,"DM3 spatial calibration retained in workbook","M","Mitochondrial perimeter"
284,"CS-Female -5000X -0036.dm3","CS",1.329,"DM3 spatial calibration retained in workbook","M","Mitochondrial perimeter"
285,"CS-Female -5000X -0036.dm3","CS",1.421,"DM3 spatial calibration retained in workbook","M","Mitochondrial perimeter"
286,"CS-Female -5000X -0036.dm3","CS",0.801,"DM3 spatial calibration retained in workbook","M","Mitochondrial perimeter"
287,"CS-Female -5000X -0036.dm3","CS",1.453,"DM3 spatial calibration retained in workbook","M","Mitochondrial perimeter"
288,"CS-Female -5000X -0036.dm3","CS",0.547,"DM3 spatial calibration retained in workbook","M","Mitochondrial perimeter"
289,"CS-Female -5000X -0036.dm3","CS",0.766,"DM3 spatial calibration retained in workbook","M","Mitochondrial perimeter"
290,"CS-Female -5000X -0035.dm3","CS",3.811,"DM3 spatial calibration retained in workbook","M","Mitochondrial perimeter"
291,"CS-Female -5000X -0035.dm3","CS",1.324,"DM3 spatial calibration retained in workbook","M","Mitochondrial perimeter"
292,"CS-Female -5000X -0035.dm3","CS",2.11,"DM3 spatial calibration retained in workbook","M","Mitochondrial perimeter"
293,"CS-Female -5000X -0035.dm3","CS",0.86,"DM3 spatial calibration retained in workbook","M","Mitochondrial perimeter"
294,"CS-Female -5000X -0035.dm3","CS",1.721,"DM3 spatial calibration retained in workbook","M","Mitochondrial perimeter"
295,"CS-Female -5000X -0035.dm3","CS",0.69,"DM3 spatial calibration retained in workbook","M","Mitochondrial perimeter"
296,"CS-Female -5000X -0035.dm3","CS",5.36,"DM3 spatial calibration retained in workbook","M","Mitochondrial perimeter"
297,"CS-Female -5000X -0035.dm3","CS",1.555,"DM3 spatial calibration retained in workbook","M","Mitochondrial perimeter"
298,"CS-Female -5000X -0035.dm3","CS",0.627,"DM3 spatial calibration retained in workbook","M","Mitochondrial perimeter"
299,"CS-Female -5000X -0035.dm3","CS",0.522,"DM3 spatial calibration retained in workbook","M","Mitochondrial perimeter"
300,"CS-Female -5000X -0035.dm3","CS",3.874,"DM3 spatial calibration retained in workbook","M","Mitochondrial perimeter"
301,"CS-Female -5000X -0035.dm3","CS",0.479,"DM3 spatial calibration retained in workbook","M","Mitochondrial perimeter"
302,"CS-Female -5000X -0035.dm3","CS",0.383,"DM3 spatial calibration retained in workbook","M","Mitochondrial perimeter"
303,"CS-Female -5000X -0035.dm3","CS",1.072,"DM3 spatial calibration retained in workbook","M","Mitochondrial perimeter"
304,"CS-Female -5000X -0035.dm3","CS",11.395,"DM3 spatial calibration retained in workbook","M","Mitochondrial perimeter"
305,"CS-Female -5000X -0035.dm3","CS",0.593,"DM3 spatial calibration retained in workbook","M","Mitochondrial perimeter"
306,"CS-Female -5000X -0035.dm3","CS",4.624,"DM3 spatial calibration retained in workbook","M","Mitochondrial perimeter"
307,"CS-Female -5000X -0035.dm3","CS",2.264,"DM3 spatial calibration retained in workbook","M","Mitochondrial perimeter"
308,"CS-Female -5000X -0035.dm3","CS",1.723,"DM3 spatial calibration retained in workbook","M","Mitochondrial perimeter"
309,"CS-Female -5000X -0035.dm3","CS",3.562,"DM3 spatial calibration retained in workbook","M","Mitochondrial perimeter"
310,"CS-Female -5000X -0035.dm3","CS",1.682,"DM3 spatial calibration retained in workbook","M","Mitochondrial perimeter"
311,"CS-Female -5000X -0035.dm3","CS",1.942,"DM3 spatial calibration retained in workbook","M","Mitochondrial perimeter"
312,"CS-Female -5000X -0035.dm3","CS",0.563,"DM3 spatial calibration retained in workbook","M","Mitochondrial perimeter"
313,"CS-Female -5000X -0035.dm3","CS",0.419,"DM3 spatial calibration retained in workbook","M","Mitochondrial perimeter"
314,"CS-Female -5000X -0035.dm3","CS",2.96,"DM3 spatial calibration retained in workbook","M","Mitochondrial perimeter"
315,"CS-Female -5000X -0035.dm3","CS",0.467,"DM3 spatial calibration retained in workbook","M","Mitochondrial perimeter"
316,"CS-Female -5000X -0035.dm3","CS",0.454,"DM3 spatial calibration retained in workbook","M","Mitochondrial perimeter"
317,"CS-Female -5000X -0035.dm3","CS",4.217,"DM3 spatial calibration retained in workbook","M","Mitochondrial perimeter"
318,"CS-Female -5000X -0035.dm3","CS",3.142,"DM3 spatial calibration retained in workbook","M","Mitochondrial perimeter"
319,"CS-Female -5000X -0035.dm3","CS",0.462,"DM3 spatial calibration retained in workbook","M","Mitochondrial perimeter"
320,"CS-Female -5000X -0035.dm3","CS",0.615,"DM3 spatial calibration retained in workbook","M","Mitochondrial perimeter"
321,"CS-Female -5000X -0035.dm3","CS",2.081,"DM3 spatial calibration retained in workbook","M","Mitochondrial perimeter"
322,"CS-Female -5000X -0035.dm3","CS",2.707,"DM3 spatial calibration retained in workbook","M","Mitochondrial perimeter"
323,"CS-Female -5000X -0035.dm3","CS",0.566,"DM3 spatial calibration retained in workbook","M","Mitochondrial perimeter"
324,"CS-Female -5000X -0034.dm3","CS",3.038,"DM3 spatial calibration retained in workbook","M","Mitochondrial perimeter"
325,"CS-Female -5000X -0034.dm3","CS",1.447,"DM3 spatial calibration retained in workbook","M","Mitochondrial perimeter"
326,"CS-Female -5000X -0034.dm3","CS",0.368,"DM3 spatial calibration retained in workbook","M","Mitochondrial perimeter"
327,"CS-Female -5000X -0034.dm3","CS",0.597,"DM3 spatial calibration retained in workbook","M","Mitochondrial perimeter"
328,"CS-Female -5000X -0034.dm3","CS",0.667,"DM3 spatial calibration retained in workbook","M","Mitochondrial perimeter"
329,"CS-Female -5000X -0034.dm3","CS",1.215,"DM3 spatial calibration retained in workbook","M","Mitochondrial perimeter"
330,"CS-Female -5000X -0034.dm3","CS",1.338,"DM3 spatial calibration retained in workbook","M","Mitochondrial perimeter"
331,"CS-Female -5000X -0034.dm3","CS",1.882,"DM3 spatial calibration retained in workbook","M","Mitochondrial perimeter"
332,"CS-Female -5000X -0034.dm3","CS",0.94,"DM3 spatial calibration retained in workbook","M","Mitochondrial perimeter"
333,"CS-Female -5000X -0034.dm3","CS",2.216,"DM3 spatial calibration retained in workbook","M","Mitochondrial perimeter"
334,"CS-Female -5000X -0034.dm3","CS",0.55,"DM3 spatial calibration retained in workbook","M","Mitochondrial perimeter"
335,"CS-Female -5000X -0034.dm3","CS",0.533,"DM3 spatial calibration retained in workbook","M","Mitochondrial perimeter"
336,"CS-Female -5000X -0034.dm3","CS",0.833,"DM3 spatial calibration retained in workbook","M","Mitochondrial perimeter"
337,"CS-Female -5000X -0034.dm3","CS",0.746,"DM3 spatial calibration retained in workbook","M","Mitochondrial perimeter"
338,"CS-Female -5000X -0034.dm3","CS",2.456,"DM3 spatial calibration retained in workbook","M","Mitochondrial perimeter"
339,"CS-Female -5000X -0034.dm3","CS",1.638,"DM3 spatial calibration retained in workbook","M","Mitochondrial perimeter"
340,"CS-Female -5000X -0034.dm3","CS",0.62,"DM3 spatial calibration retained in workbook","M","Mitochondrial perimeter"
341,"CS-Female -5000X -0034.dm3","CS",1.737,"DM3 spatial calibration retained in workbook","M","Mitochondrial perimeter"
342,"CS-Female -5000X -0034.dm3","CS",0.445,"DM3 spatial calibration retained in workbook","M","Mitochondrial perimeter"
343,"CS-Female -5000X -0034.dm3","CS",0.555,"DM3 spatial calibration retained in workbook","M","Mitochondrial perimeter"
344,"CS-Female -5000X -0034.dm3","CS",1.63,"DM3 spatial calibration retained in workbook","M","Mitochondrial perimeter"
345,"CS-Female -5000X -0034.dm3","CS",0.966,"DM3 spatial calibration retained in workbook","M","Mitochondrial perimeter"
346,"CS-Female -5000X -0034.dm3","CS",0.614,"DM3 spatial calibration retained in workbook","M","Mitochondrial perimeter"
347,"CS-Female -5000X -0034.dm3","CS",4.12,"DM3 spatial calibration retained in workbook","M","Mitochondrial perimeter"
348,"CS-Female -5000X -0034.dm3","CS",4.691,"DM3 spatial calibration retained in workbook","M","Mitochondrial perimeter"
349,"CS-Female -5000X -0034.dm3","CS",1.233,"DM3 spatial calibration retained in workbook","M","Mitochondrial perimeter"
350,"CS-Female -5000X -0034.dm3","CS",0.644,"DM3 spatial calibration retained in workbook","M","Mitochondrial perimeter"
351,"CS-Female -5000X -0034.dm3","CS",0.516,"DM3 spatial calibration retained in workbook","M","Mitochondrial perimeter"
352,"CS-Female -5000X -0034.dm3","CS",7.122,"DM3 spatial calibration retained in workbook","M","Mitochondrial perimeter"
353,"CS-Female -5000X -0034.dm3","CS",0.892,"DM3 spatial calibration retained in workbook","M","Mitochondrial perimeter"
354,"CS-Female -5000X -0034.dm3","CS",0.524,"DM3 spatial calibration retained in workbook","M","Mitochondrial perimeter"
355,"CS-Female -5000X -0034.dm3","CS",1.596,"DM3 spatial calibration retained in workbook","M","Mitochondrial perimeter"
356,"CS-Female -5000X -0034.dm3","CS",8.009,"DM3 spatial calibration retained in workbook","M","Mitochondrial perimeter"
357,"CS-Female -5000X -0034.dm3","CS",0.885,"DM3 spatial calibration retained in workbook","M","Mitochondrial perimeter"
358,"CS-Female -5000X -0034.dm3","CS",0.384,"DM3 spatial calibration retained in workbook","M","Mitochondrial perimeter"
359,"CS-Female -5000X -0034.dm3","CS",0.559,"DM3 spatial calibration retained in workbook","M","Mitochondrial perimeter"
360,"CS-Female -5000X -0034.dm3","CS",0.589,"DM3 spatial calibration retained in workbook","M","Mitochondrial perimeter"
361,"CS-Female -5000X -0034.dm3","CS",4.012,"DM3 spatial calibration retained in workbook","M","Mitochondrial perimeter"
362,"CS-Female -5000X -0034.dm3","CS",1.42,"DM3 spatial calibration retained in workbook","M","Mitochondrial perimeter"
363,"CS-Female -5000X -0034.dm3","CS",0.546,"DM3 spatial calibration retained in workbook","M","Mitochondrial perimeter"
364,"CS-Female -5000X -0034.dm3","CS",1.736,"DM3 spatial calibration retained in workbook","M","Mitochondrial perimeter"
365,"CS-Female -5000X -0034.dm3","CS",1.066,"DM3 spatial calibration retained in workbook","M","Mitochondrial perimeter"
366,"CS-Female -5000X -0034.dm3","CS",0.732,"DM3 spatial calibration retained in workbook","M","Mitochondrial perimeter"
367,"CS-Female -5000X -0034.dm3","CS",7.842,"DM3 spatial calibration retained in workbook","M","Mitochondrial perimeter"
368,"CS-Female -5000X -0034.dm3","CS",2.445,"DM3 spatial calibration retained in workbook","M","Mitochondrial perimeter"
369,"CS-Female -5000X -0034.dm3","CS",1.028,"DM3 spatial calibration retained in workbook","M","Mitochondrial perimeter"
370,"CS-Female -5000X -0034.dm3","CS",0.734,"DM3 spatial calibration retained in workbook","M","Mitochondrial perimeter"
371,"CS-Female -5000X -0034.dm3","CS",2.446,"DM3 spatial calibration retained in workbook","M","Mitochondrial perimeter"
372,"CS-Female -5000X -0034.dm3","CS",0.619,"DM3 spatial calibration retained in workbook","M","Mitochondrial perimeter"
373,"CS-Female -5000X -0034.dm3","CS",1.095,"DM3 spatial calibration retained in workbook","M","Mitochondrial perimeter"
374,"CS-Female -5000X -0034.dm3","CS",0.624,"DM3 spatial calibration retained in workbook","M","Mitochondrial perimeter"
375,"CS-Female -5000X -0034.dm3","CS",1,"DM3 spatial calibration retained in workbook","M","Mitochondrial perimeter"
376,"CS-Female -5000X -0034.dm3","CS",3.136,"DM3 spatial calibration retained in workbook","M","Mitochondrial perimeter"
377,"CS-Female -5000X -0034.dm3","CS",1.78,"DM3 spatial calibration retained in workbook","M","Mitochondrial perimeter"
378,"CS-Female -5000X -0034.dm3","CS",0.56,"DM3 spatial calibration retained in workbook","M","Mitochondrial perimeter"
379,"CS-Female -5000X -0034.dm3","CS",2.393,"DM3 spatial calibration retained in workbook","M","Mitochondrial perimeter"
380,"CS-Female -5000X -0034.dm3","CS",1.097,"DM3 spatial calibration retained in workbook","M","Mitochondrial perimeter"
381,"CS-Female -5000X -0034.dm3","CS",1.332,"DM3 spatial calibration retained in workbook","M","Mitochondrial perimeter"
382,"CS-Female -5000X -0033.dm3","CS",0.754,"DM3 spatial calibration retained in workbook","M","Mitochondrial perimeter"
383,"CS-Female -5000X -0033.dm3","CS",1.685,"DM3 spatial calibration retained in workbook","M","Mitochondrial perimeter"
384,"CS-Female -5000X -0033.dm3","CS",0.64,"DM3 spatial calibration retained in workbook","M","Mitochondrial perimeter"
385,"CS-Female -5000X -0033.dm3","CS",0.388,"DM3 spatial calibration retained in workbook","M","Mitochondrial perimeter"
386,"CS-Female -5000X -0033.dm3","CS",0.457,"DM3 spatial calibration retained in workbook","M","Mitochondrial perimeter"
387,"CS-Female -5000X -0033.dm3","CS",0.513,"DM3 spatial calibration retained in workbook","M","Mitochondrial perimeter"
388,"CS-Female -5000X -0033.dm3","CS",0.5,"DM3 spatial calibration retained in workbook","M","Mitochondrial perimeter"
389,"CS-Female -5000X -0033.dm3","CS",0.448,"DM3 spatial calibration retained in workbook","M","Mitochondrial perimeter"
390,"CS-Female -5000X -0033.dm3","CS",1.211,"DM3 spatial calibration retained in workbook","M","Mitochondrial perimeter"
391,"CS-Female -5000X -0033.dm3","CS",5.709,"DM3 spatial calibration retained in workbook","M","Mitochondrial perimeter"
392,"CS-Female -5000X -0033.dm3","CS",0.427,"DM3 spatial calibration retained in workbook","M","Mitochondrial perimeter"
393,"CS-Female -5000X -0033.dm3","CS",0.417,"DM3 spatial calibration retained in workbook","M","Mitochondrial perimeter"
394,"CS-Female -5000X -0033.dm3","CS",0.476,"DM3 spatial calibration retained in workbook","M","Mitochondrial perimeter"
395,"CS-Female -5000X -0033.dm3","CS",0.646,"DM3 spatial calibration retained in workbook","M","Mitochondrial perimeter"
396,"CS-Female -5000X -0033.dm3","CS",1.39,"DM3 spatial calibration retained in workbook","M","Mitochondrial perimeter"
397,"CS-Female -5000X -0033.dm3","CS",0.824,"DM3 spatial calibration retained in workbook","M","Mitochondrial perimeter"
398,"CS-Female -5000X -0033.dm3","CS",0.465,"DM3 spatial calibration retained in workbook","M","Mitochondrial perimeter"
399,"CS-Female -5000X -0033.dm3","CS",0.944,"DM3 spatial calibration retained in workbook","M","Mitochondrial perimeter"
400,"CS-Female -5000X -0033.dm3","CS",0.703,"DM3 spatial calibration retained in workbook","M","Mitochondrial perimeter"
401,"CS-Female -5000X -0033.dm3","CS",0.461,"DM3 spatial calibration retained in workbook","M","Mitochondrial perimeter"
402,"CS-Female -5000X -0033.dm3","CS",0.442,"DM3 spatial calibration retained in workbook","M","Mitochondrial perimeter"
403,"CS-Female -5000X -0033.dm3","CS",0.35,"DM3 spatial calibration retained in workbook","M","Mitochondrial perimeter"
404,"CS-Female -5000X -0033.dm3","CS",0.301,"DM3 spatial calibration retained in workbook","M","Mitochondrial perimeter"
405,"CS-Female -5000X -0033.dm3","CS",0.506,"DM3 spatial calibration retained in workbook","M","Mitochondrial perimeter"
406,"CS-Female -5000X -0033.dm3","CS",0.307,"DM3 spatial calibration retained in workbook","M","Mitochondrial perimeter"
407,"CS-Female -5000X -0033.dm3","CS",0.622,"DM3 spatial calibration retained in workbook","M","Mitochondrial perimeter"
408,"CS-Female -5000X -0033.dm3","CS",0.423,"DM3 spatial calibration retained in workbook","M","Mitochondrial perimeter"
409,"CS-Female -5000X -0033.dm3","CS",3.325,"DM3 spatial calibration retained in workbook","M","Mitochondrial perimeter"
410,"CS-Female -5000X -0033.dm3","CS",0.586,"DM3 spatial calibration retained in workbook","M","Mitochondrial perimeter"
411,"CS-Female -5000X -0033.dm3","CS",0.432,"DM3 spatial calibration retained in workbook","M","Mitochondrial perimeter"
412,"CS-Female -5000X -0033.dm3","CS",0.657,"DM3 spatial calibration retained in workbook","M","Mitochondrial perimeter"
413,"CS-Female -5000X -0033.dm3","CS",4.919,"DM3 spatial calibration retained in workbook","M","Mitochondrial perimeter"
414,"CS-Female -5000X -0033.dm3","CS",0.964,"DM3 spatial calibration retained in workbook","M","Mitochondrial perimeter"
415,"CS-Female -5000X -0033.dm3","CS",0.81,"DM3 spatial calibration retained in workbook","M","Mitochondrial perimeter"
416,"CS-Female -5000X -0033.dm3","CS",0.436,"DM3 spatial calibration retained in workbook","M","Mitochondrial perimeter"
417,"CS-Female -5000X -0033.dm3","CS",4.689,"DM3 spatial calibration retained in workbook","M","Mitochondrial perimeter"
418,"CS-Female -5000X -0033.dm3","CS",0.856,"DM3 spatial calibration retained in workbook","M","Mitochondrial perimeter"
419,"CS-Female -5000X -0033.dm3","CS",0.75,"DM3 spatial calibration retained in workbook","M","Mitochondrial perimeter"
420,"CS-Female -5000X -0033.dm3","CS",1.734,"DM3 spatial calibration retained in workbook","M","Mitochondrial perimeter"
421,"CS-Female -5000X -0033.dm3","CS",0.749,"DM3 spatial calibration retained in workbook","M","Mitochondrial perimeter"
422,"CS-Female -5000X -0033.dm3","CS",0.781,"DM3 spatial calibration retained in workbook","M","Mitochondrial perimeter"
423,"CS-Female -5000X -0033.dm3","CS",1.247,"DM3 spatial calibration retained in workbook","M","Mitochondrial perimeter"
424,"CS-Female -5000X -0033.dm3","CS",1.344,"DM3 spatial calibration retained in workbook","M","Mitochondrial perimeter"
425,"CS-Female -5000X -0033.dm3","CS",0.769,"DM3 spatial calibration retained in workbook","M","Mitochondrial perimeter"
426,"CS-Female -5000X -0033.dm3","CS",5.507,"DM3 spatial calibration retained in workbook","M","Mitochondrial perimeter"
427,"CS-Female -5000X -0033.dm3","CS",1.423,"DM3 spatial calibration retained in workbook","M","Mitochondrial perimeter"
428,"CS-Female -5000X -0033.dm3","CS",5.43,"DM3 spatial calibration retained in workbook","M","Mitochondrial perimeter"
429,"CS-Female -5000X -0033.dm3","CS",0.554,"DM3 spatial calibration retained in workbook","M","Mitochondrial perimeter"
430,"CS-Female -5000X -0033.dm3","CS",1.854,"DM3 spatial calibration retained in workbook","M","Mitochondrial perimeter"
431,"CS-Female -5000X -0033.dm3","CS",1.944,"DM3 spatial calibration retained in workbook","M","Mitochondrial perimeter"
432,"CS-Female -5000X -0033.dm3","CS",0.378,"DM3 spatial calibration retained in workbook","M","Mitochondrial perimeter"
433,"CS-Female -5000X -0033.dm3","CS",0.902,"DM3 spatial calibration retained in workbook","M","Mitochondrial perimeter"
434,"CS-Female -5000X -0033.dm3","CS",0.47,"DM3 spatial calibration retained in workbook","M","Mitochondrial perimeter"
435,"CS-Female -5000X -0033.dm3","CS",2.736,"DM3 spatial calibration retained in workbook","M","Mitochondrial perimeter"
436,"CS-Female -5000X -0033.dm3","CS",1.054,"DM3 spatial calibration retained in workbook","M","Mitochondrial perimeter"
437,"CS-Female -5000X -0033.dm3","CS",3.459,"DM3 spatial calibration retained in workbook","M","Mitochondrial perimeter"
438,"CS-Female -5000X -0033.dm3","CS",0.781,"DM3 spatial calibration retained in workbook","M","Mitochondrial perimeter"
439,"CS-Female -5000X -0032.dm3","CS",3.045,"DM3 spatial calibration retained in workbook","M","Mitochondrial perimeter"
440,"CS-Female -5000X -0032.dm3","CS",0.694,"DM3 spatial calibration retained in workbook","M","Mitochondrial perimeter"
441,"CS-Female -5000X -0032.dm3","CS",0.508,"DM3 spatial calibration retained in workbook","M","Mitochondrial perimeter"
442,"CS-Female -5000X -0032.dm3","CS",0.656,"DM3 spatial calibration retained in workbook","M","Mitochondrial perimeter"
443,"CS-Female -5000X -0032.dm3","CS",0.782,"DM3 spatial calibration retained in workbook","M","Mitochondrial perimeter"
444,"CS-Female -5000X -0032.dm3","CS",2.283,"DM3 spatial calibration retained in workbook","M","Mitochondrial perimeter"
445,"CS-Female -5000X -0032.dm3","CS",1.846,"DM3 spatial calibration retained in workbook","M","Mitochondrial perimeter"
446,"CS-Female -5000X -0032.dm3","CS",0.552,"DM3 spatial calibration retained in workbook","M","Mitochondrial perimeter"
447,"CS-Female -5000X -0032.dm3","CS",0.557,"DM3 spatial calibration retained in workbook","M","Mitochondrial perimeter"
448,"CS-Female -5000X -0032.dm3","CS",0.575,"DM3 spatial calibration retained in workbook","M","Mitochondrial perimeter"
449,"CS-Female -5000X -0032.dm3","CS",2.523,"DM3 spatial calibration retained in workbook","M","Mitochondrial perimeter"
450,"CS-Female -5000X -0032.dm3","CS",5.161,"DM3 spatial calibration retained in workbook","M","Mitochondrial perimeter"
451,"CS-Female -5000X -0032.dm3","CS",6.88,"DM3 spatial calibration retained in workbook","M","Mitochondrial perimeter"
452,"CS-Female -5000X -0032.dm3","CS",1.33,"DM3 spatial calibration retained in workbook","M","Mitochondrial perimeter"
453,"CS-Female -5000X -0032.dm3","CS",0.564,"DM3 spatial calibration retained in workbook","M","Mitochondrial perimeter"
454,"CS-Female -5000X -0032.dm3","CS",0.68,"DM3 spatial calibration retained in workbook","M","Mitochondrial perimeter"
455,"CS-Female -5000X -0032.dm3","CS",1.522,"DM3 spatial calibration retained in workbook","M","Mitochondrial perimeter"
456,"CS-Female -5000X -0032.dm3","CS",1.217,"DM3 spatial calibration retained in workbook","M","Mitochondrial perimeter"
457,"CS-Female -5000X -0032.dm3","CS",0.599,"DM3 spatial calibration retained in workbook","M","Mitochondrial perimeter"
458,"CS-Female -5000X -0032.dm3","CS",6.875,"DM3 spatial calibration retained in workbook","M","Mitochondrial perimeter"
459,"CS-Female -5000X -0032.dm3","CS",4.256,"DM3 spatial calibration retained in workbook","M","Mitochondrial perimeter"
460,"CS-Female -5000X -0032.dm3","CS",1.889,"DM3 spatial calibration retained in workbook","M","Mitochondrial perimeter"
461,"CS-Female -5000X -0032.dm3","CS",6.727,"DM3 spatial calibration retained in workbook","M","Mitochondrial perimeter"
462,"CS-Female -5000X -0032.dm3","CS",1.699,"DM3 spatial calibration retained in workbook","M","Mitochondrial perimeter"
463,"CS-Female -5000X -0032.dm3","CS",2.4,"DM3 spatial calibration retained in workbook","M","Mitochondrial perimeter"
464,"CS-Female -5000X -0032.dm3","CS",1.668,"DM3 spatial calibration retained in workbook","M","Mitochondrial perimeter"
465,"CS-Female -5000X -0032.dm3","CS",0.531,"DM3 spatial calibration retained in workbook","M","Mitochondrial perimeter"
466,"CS-Female -5000X -0032.dm3","CS",0.663,"DM3 spatial calibration retained in workbook","M","Mitochondrial perimeter"
467,"CS-Female -5000X -0032.dm3","CS",0.52,"DM3 spatial calibration retained in workbook","M","Mitochondrial perimeter"
468,"CS-Female -5000X -0032.dm3","CS",5.423,"DM3 spatial calibration retained in workbook","M","Mitochondrial perimeter"
469,"CS-Female -5000X -0032.dm3","CS",4.899,"DM3 spatial calibration retained in workbook","M","Mitochondrial perimeter"
470,"CS-Female -5000X -0032.dm3","CS",0.56,"DM3 spatial calibration retained in workbook","M","Mitochondrial perimeter"
471,"CS-Female -5000X -0032.dm3","CS",0.658,"DM3 spatial calibration retained in workbook","M","Mitochondrial perimeter"
472,"CS-Female -5000X -0032.dm3","CS",0.578,"DM3 spatial calibration retained in workbook","M","Mitochondrial perimeter"
473,"CS-Female -5000X -0032.dm3","CS",0.443,"DM3 spatial calibration retained in workbook","M","Mitochondrial perimeter"
474,"CS-Female -5000X -0032.dm3","CS",0.476,"DM3 spatial calibration retained in workbook","M","Mitochondrial perimeter"
475,"CS-Female -5000X -0032.dm3","CS",0.528,"DM3 spatial calibration retained in workbook","M","Mitochondrial perimeter"
476,"CS-Female -5000X -0032.dm3","CS",0.774,"DM3 spatial calibration retained in workbook","M","Mitochondrial perimeter"
477,"CS-Female -5000X -0032.dm3","CS",0.905,"DM3 spatial calibration retained in workbook","M","Mitochondrial perimeter"
478,"CS-Female -5000X -0032.dm3","CS",0.745,"DM3 spatial calibration retained in workbook","M","Mitochondrial perimeter"
479,"CS-Female -5000X -0032.dm3","CS",0.747,"DM3 spatial calibration retained in workbook","M","Mitochondrial perimeter"
480,"CS-Female -5000X -0032.dm3","CS",8.09,"DM3 spatial calibration retained in workbook","M","Mitochondrial perimeter"
481,"CS-Female -5000X -0032.dm3","CS",6.565,"DM3 spatial calibration retained in workbook","M","Mitochondrial perimeter"
482,"CS-Female -5000X -0032.dm3","CS",0.695,"DM3 spatial calibration retained in workbook","M","Mitochondrial perimeter"
483,"CS-Female -5000X -0032.dm3","CS",1.246,"DM3 spatial calibration retained in workbook","M","Mitochondrial perimeter"
484,"CS-Female -5000X -0031.dm3","CS",0.48,"DM3 spatial calibration retained in workbook","M","Mitochondrial perimeter"
485,"CS-Female -5000X -0031.dm3","CS",0.748,"DM3 spatial calibration retained in workbook","M","Mitochondrial perimeter"
486,"CS-Female -5000X -0031.dm3","CS",1.874,"DM3 spatial calibration retained in workbook","M","Mitochondrial perimeter"
487,"CS-Female -5000X -0031.dm3","CS",0.444,"DM3 spatial calibration retained in workbook","M","Mitochondrial perimeter"
488,"CS-Female -5000X -0031.dm3","CS",6.753,"DM3 spatial calibration retained in workbook","M","Mitochondrial perimeter"
489,"CS-Female -5000X -0031.dm3","CS",0.713,"DM3 spatial calibration retained in workbook","M","Mitochondrial perimeter"
490,"CS-Female -5000X -0031.dm3","CS",1.516,"DM3 spatial calibration retained in workbook","M","Mitochondrial perimeter"
491,"CS-Female -5000X -0031.dm3","CS",0.908,"DM3 spatial calibration retained in workbook","M","Mitochondrial perimeter"
492,"CS-Female -5000X -0031.dm3","CS",1.521,"DM3 spatial calibration retained in workbook","M","Mitochondrial perimeter"
493,"CS-Female -5000X -0031.dm3","CS",7.954,"DM3 spatial calibration retained in workbook","M","Mitochondrial perimeter"
494,"CS-Female -5000X -0031.dm3","CS",1.789,"DM3 spatial calibration retained in workbook","M","Mitochondrial perimeter"
495,"CS-Female -5000X -0031.dm3","CS",1.114,"DM3 spatial calibration retained in workbook","M","Mitochondrial perimeter"
496,"CS-Female -5000X -0031.dm3","CS",2.139,"DM3 spatial calibration retained in workbook","M","Mitochondrial perimeter"
497,"CS-Female -5000X -0031.dm3","CS",0.388,"DM3 spatial calibration retained in workbook","M","Mitochondrial perimeter"
498,"CS-Female -5000X -0031.dm3","CS",0.372,"DM3 spatial calibration retained in workbook","M","Mitochondrial perimeter"
499,"CS-Female -5000X -0031.dm3","CS",0.493,"DM3 spatial calibration retained in workbook","M","Mitochondrial perimeter"
500,"CS-Female -5000X -0031.dm3","CS",0.466,"DM3 spatial calibration retained in workbook","M","Mitochondrial perimeter"
501,"CS-Female -5000X -0031.dm3","CS",17.3,"DM3 spatial calibration retained in workbook","M","Mitochondrial perimeter"
502,"CS-Female -5000X -0031.dm3","CS",0.666,"DM3 spatial calibration retained in workbook","M","Mitochondrial perimeter"
503,"CS-Female -5000X -0031.dm3","CS",1.424,"DM3 spatial calibration retained in workbook","M","Mitochondrial perimeter"
504,"CS-Female -5000X -0031.dm3","CS",0.537,"DM3 spatial calibration retained in workbook","M","Mitochondrial perimeter"
505,"CS-Female -5000X -0031.dm3","CS",6.804,"DM3 spatial calibration retained in workbook","M","Mitochondrial perimeter"
506,"CS-Female -5000X -0031.dm3","CS",0.662,"DM3 spatial calibration retained in workbook","M","Mitochondrial perimeter"
507,"CS-Female -5000X -0031.dm3","CS",1.306,"DM3 spatial calibration retained in workbook","M","Mitochondrial perimeter"
508,"CS-Female -5000X -0031.dm3","CS",0.889,"DM3 spatial calibration retained in workbook","M","Mitochondrial perimeter"
509,"CS-Female -5000X -0031.dm3","CS",1.311,"DM3 spatial calibration retained in workbook","M","Mitochondrial perimeter"
510,"CS-Female -5000X -0031.dm3","CS",1.97,"DM3 spatial calibration retained in workbook","M","Mitochondrial perimeter"
511,"CS-Female -5000X -0031.dm3","CS",1.793,"DM3 spatial calibration retained in workbook","M","Mitochondrial perimeter"
512,"CS-Female -5000X -0031.dm3","CS",1.082,"DM3 spatial calibration retained in workbook","M","Mitochondrial perimeter"
513,"CS-Female -5000X -0031.dm3","CS",5.693,"DM3 spatial calibration retained in workbook","M","Mitochondrial perimeter"
514,"CS-Female -5000X -0031.dm3","CS",1.529,"DM3 spatial calibration retained in workbook","M","Mitochondrial perimeter"
515,"CS-Female -5000X -0031.dm3","CS",0.495,"DM3 spatial calibration retained in workbook","M","Mitochondrial perimeter"
516,"CS-Female -5000X -0031.dm3","CS",0.647,"DM3 spatial calibration retained in workbook","M","Mitochondrial perimeter"
517,"CS-Female -5000X -0031.dm3","CS",0.748,"DM3 spatial calibration retained in workbook","M","Mitochondrial perimeter"
518,"CS-Female -5000X -0031.dm3","CS",0.582,"DM3 spatial calibration retained in workbook","M","Mitochondrial perimeter"
519,"CS-Female -5000X -0030.dm3","CS",9.318,"DM3 spatial calibration retained in workbook","M","Mitochondrial perimeter"
520,"CS-Female -5000X -0030.dm3","CS",9.119,"DM3 spatial calibration retained in workbook","M","Mitochondrial perimeter"
521,"CS-Female -5000X -0029.dm3","CS",5.238,"DM3 spatial calibration retained in workbook","M","Mitochondrial perimeter"
522,"CS-Female -5000X -0029.dm3","CS",11.137,"DM3 spatial calibration retained in workbook","M","Mitochondrial perimeter"
523,"CS-Female -5000X -0028.dm3","CS",2.183,"DM3 spatial calibration retained in workbook","M","Mitochondrial perimeter"
524,"CS-Female -5000X -0028.dm3","CS",0.925,"DM3 spatial calibration retained in workbook","M","Mitochondrial perimeter"
525,"CS-Female -5000X -0028.dm3","CS",3.739,"DM3 spatial calibration retained in workbook","M","Mitochondrial perimeter"
526,"CS-Female -5000X -0028.dm3","CS",5.173,"DM3 spatial calibration retained in workbook","M","Mitochondrial perimeter"
527,"CS-Female -5000X -0028.dm3","CS",6.036,"DM3 spatial calibration retained in workbook","M","Mitochondrial perimeter"
528,"CS-Female -5000X -0028.dm3","CS",6.563,"DM3 spatial calibration retained in workbook","M","Mitochondrial perimeter"
529,"CS-Female -5000X -0027.dm3","CS",0.687,"DM3 spatial calibration retained in workbook","M","Mitochondrial perimeter"
530,"CS-Female -5000X -0027.dm3","CS",0.433,"DM3 spatial calibration retained in workbook","M","Mitochondrial perimeter"
531,"CS-Female -5000X -0027.dm3","CS",7.627,"DM3 spatial calibration retained in workbook","M","Mitochondrial perimeter"
532,"CS-Female -5000X -0027.dm3","CS",5.785,"DM3 spatial calibration retained in workbook","M","Mitochondrial perimeter"
533,"CS-Female -5000X -0027.dm3","CS",1.043,"DM3 spatial calibration retained in workbook","M","Mitochondrial perimeter"
534,"CS-Female -5000X -0027.dm3","CS",4.782,"DM3 spatial calibration retained in workbook","M","Mitochondrial perimeter"
535,"CS-Female -5000X -0027.dm3","CS",6.503,"DM3 spatial calibration retained in workbook","M","Mitochondrial perimeter"
536,"CS-Female -5000X -0025.dm3","CS",2.381,"DM3 spatial calibration retained in workbook","M","Mitochondrial perimeter"
537,"CS-Female -5000X -0025.dm3","CS",2.588,"DM3 spatial calibration retained in workbook","M","Mitochondrial perimeter"
538,"CS-Female -5000X -0025.dm3","CS",2.009,"DM3 spatial calibration retained in workbook","M","Mitochondrial perimeter"
539,"CS-Female -5000X -0025.dm3","CS",0.883,"DM3 spatial calibration retained in workbook","M","Mitochondrial perimeter"
540,"CS-Female -5000X -0025.dm3","CS",3.601,"DM3 spatial calibration retained in workbook","M","Mitochondrial perimeter"
541,"CS-Female -5000X -0025.dm3","CS",0.854,"DM3 spatial calibration retained in workbook","M","Mitochondrial perimeter"
542,"CS-Female -5000X -0025.dm3","CS",1.664,"DM3 spatial calibration retained in workbook","M","Mitochondrial perimeter"
543,"CS-Female -5000X -0024.dm3","CS",3.468,"DM3 spatial calibration retained in workbook","M","Mitochondrial perimeter"
544,"CS-Female -5000X -0024.dm3","CS",2.646,"DM3 spatial calibration retained in workbook","M","Mitochondrial perimeter"
545,"CS-Female -5000X -0024.dm3","CS",1.821,"DM3 spatial calibration retained in workbook","M","Mitochondrial perimeter"
546,"CS-Female -5000X -0024.dm3","CS",1.134,"DM3 spatial calibration retained in workbook","M","Mitochondrial perimeter"
547,"CS-Female -5000X -0023.dm3","CS",1.956,"DM3 spatial calibration retained in workbook","M","Mitochondrial perimeter"
548,"CS-Female -5000X -0023.dm3","CS",0.921,"DM3 spatial calibration retained in workbook","M","Mitochondrial perimeter"
549,"CS-Female -5000X -0023.dm3","CS",1.497,"DM3 spatial calibration retained in workbook","M","Mitochondrial perimeter"
550,"CS-Female -5000X -0023.dm3","CS",1.585,"DM3 spatial calibration retained in workbook","M","Mitochondrial perimeter"
551,"CS-Female -5000X -0023.dm3","CS",1.049,"DM3 spatial calibration retained in workbook","M","Mitochondrial perimeter"
552,"CS-Female -5000X -0022.dm3","CS",0.915,"DM3 spatial calibration retained in workbook","M","Mitochondrial perimeter"
553,"Cnt fmale_a_5000X_0012.tif","WR",5.11752777777778,"Converted from pixels using visible 2-um scale bar","M","Mitochondrial perimeter"
554,"Cnt fmale_a_5000X_0012.tif","WR",2.31145,"Converted from pixels using visible 2-um scale bar","M","Mitochondrial perimeter"
555,"Cnt fmale_a_5000X_0012.tif","WR",2.08206666666667,"Converted from pixels using visible 2-um scale bar","M","Mitochondrial perimeter"
556,"Cnt fmale_a_5000X_0012.tif","WR",1.85755555555556,"Converted from pixels using visible 2-um scale bar","M","Mitochondrial perimeter"
557,"Cnt fmale_a_5000X_0012.tif","WR",9.18532777777778,"Converted from pixels using visible 2-um scale bar","M","Mitochondrial perimeter"
558,"Cnt fmale_a_5000X_0012.tif","WR",11.8051555555556,"Converted from pixels using visible 2-um scale bar","M","Mitochondrial perimeter"
559,"Cnt fmale_a_5000X_0012.tif","WR",5.62668888888889,"Converted from pixels using visible 2-um scale bar","M","Mitochondrial perimeter"
560,"Cnt fmale_a_5000X_0012.tif","WR",1.73930555555556,"Converted from pixels using visible 2-um scale bar","M","Mitochondrial perimeter"
561,"Cnt fmale_a_5000X_0012.tif","WR",5.40878888888889,"Converted from pixels using visible 2-um scale bar","M","Mitochondrial perimeter"
562,"Cnt fmale_a_5000X_0012.tif","WR",4.27613333333333,"Converted from pixels using visible 2-um scale bar","M","Mitochondrial perimeter"
563,"Cnt fmale_a_5000X_0012.tif","WR",3.20696111111111,"Converted from pixels using visible 2-um scale bar","M","Mitochondrial perimeter"
564,"Cnt fmale_a_5000X_0010.tif","WR",1.37547632311978,"Converted from pixels using visible 2-um scale bar","M","Mitochondrial perimeter"
565,"Cnt fmale_a_5000X_0010.tif","WR",6.5290417827298,"Converted from pixels using visible 2-um scale bar","M","Mitochondrial perimeter"
566,"Cnt fmale_a_5000X_0010.tif","WR",1.14408356545961,"Converted from pixels using visible 2-um scale bar","M","Mitochondrial perimeter"
567,"Cnt fmale_a_5000X_0010.tif","WR",2.14518662952646,"Converted from pixels using visible 2-um scale bar","M","Mitochondrial perimeter"
568,"Cnt fmale_a_5000X_0010.tif","WR",6.96529247910864,"Converted from pixels using visible 2-um scale bar","M","Mitochondrial perimeter"
569,"Cnt fmale_a_5000X_0010.tif","WR",6.47155431754875,"Converted from pixels using visible 2-um scale bar","M","Mitochondrial perimeter"
570,"Cnt fmale_a_5000X_0010.tif","WR",5.41208356545961,"Converted from pixels using visible 2-um scale bar","M","Mitochondrial perimeter"
571,"Cnt fmale_a_5000X_0010.tif","WR",8.47655710306407,"Converted from pixels using visible 2-um scale bar","M","Mitochondrial perimeter"
572,"Cnt fmale_a_5000X_0010.tif","WR",3.0368356545961,"Converted from pixels using visible 2-um scale bar","M","Mitochondrial perimeter"
573,"Cnt fmale_a_5000X_0010.tif","WR",5.96383286908078,"Converted from pixels using visible 2-um scale bar","M","Mitochondrial perimeter"
574,"Cnt fmale_a_5000X_0008.tif","WR",2.57206703910615,"Converted from pixels using visible 2-um scale bar","M","Mitochondrial perimeter"
575,"Cnt fmale_a_5000X_0008.tif","WR",3.72872067039106,"Converted from pixels using visible 2-um scale bar","M","Mitochondrial perimeter"
576,"Cnt fmale_a_5000X_0005.tif","WR",3.73236111111111,"Converted from pixels using visible 2-um scale bar","M","Mitochondrial perimeter"
577,"Cnt fmale_a_5000X_0005.tif","WR",6.77453333333333,"Converted from pixels using visible 2-um scale bar","M","Mitochondrial perimeter"
578,"Cnt fmale_a_5000X_0005.tif","WR",4.44498888888889,"Converted from pixels using visible 2-um scale bar","M","Mitochondrial perimeter"
579,"Cnt fmale_a_5000X_0005.tif","WR",6.26914444444444,"Converted from pixels using visible 2-um scale bar","M","Mitochondrial perimeter"
580,"Cnt fmale_a_5000X_0005.tif","WR",8.84087777777778,"Converted from pixels using visible 2-um scale bar","M","Mitochondrial perimeter"
