comparison,sex,analysis,direction,ID,Description,setSize,enrichmentScore,NES,pvalue,p.adjust,qvalue,rank,leading_edge,core_enrichment,gene_symbols,significant_BH_0.05
CSF_vs_WRF,Female,GSEA,Higher_in_WR,dme03010,Ribosome,146,-0.5278883545755109,-2.2997309454444683,2.5359566883060552e-9,3.322103261680932e-7,2.9096766213195795e-7,1925,"tags=42%, list=15%, signal=36%",36851/40091/41293/34070/36466/44783/31106/43594/37235/38796/32446/8674052/41141/47218/32375/117414/40261/40656/41028/31145/44326/32523/38230/39809/318977/33629/41364/31398/36570/41859/42290/251466/42671/36688/49425/39477/32395/59151/42870/50381/4379878/40001/33182/36406/38345/33688/37136/35145/35711/42588/42061/33703/41757/43698/37389/37872/40395/326141/43609/34186/41991,RpS15/mRpL21/mRpL37/Rack1/CG4679/RpL37A/sta/RpS7/RpL11/mRpL50/RpL37-1/CG42633/mRpL47/RpS14a/mRpL38/mRpS14/mRpL15/mRpL44/mRpL19/CG14817/mRpL12/mRpL3/mRpL46/mRpS34/mRpS23/RpL40/mRpL40/mRpL30/mRpS16/mRpL9/mRpL55/RpL41/mRpL45/mRpL41/mRpL4/mRpL20/mRpS25/mRpL36/mRpS24/mRpL33/mRpL34/mRpS26/mRpL10/mRpL18/mRpS35/mRpS2/mRpS28/mRpL13/mRpL52/mRpL35/mRpS11/mRpL24/mRpL11/mRpL32/mRpL54/mRpS17/CRIF/mRpS18A/mRpS18C/mRpL51/mRpS33,TRUE
CSF_vs_WRF,Female,GSEA,Higher_in_CS,dme00020,Citrate cycle (TCA cycle),34,0.6801021423639957,2.054286393938755,8.385981473981554e-6,5.492817865457917e-4,4.810905161389418e-4,1657,"tags=53%, list=13%, signal=46%",317829/41326/318995/42185/42326/31605/41468/37900/39470/41324/39469/39348/37130/31407/36760/42689/41360/41269,CG32026/mAcon2/Fum4/Mdh2/Scsalpha2/Fum1/CG14740/CG3483/CG10749/SdhCL/CG10748/SdhAL/Pepck2/CG7024/ATPCL/Irp-1A/CG5214/Irp-1B,TRUE
CSF_vs_WRF,Female,GSEA,Higher_in_CS,dme01230,Biosynthesis of amino acids,59,0.5744800641655137,1.9428810989032295,4.1341883954159784e-5,0.0014929075545282381,0.001307568689783672,2331,"tags=46%, list=19%, signal=37%",2768965/32297/317829/41326/46246/40012/39945/36904/42621/33475/41787/41468/37900/48552/42689/34554/40443/37804/42731/32292/41269/40409/31524/33461/46391/33172/33373,AsnS/Bcat/CG32026/mAcon2/Pglym87/CG5103/CG12229/CG9010/CG7069/CG2964/CG7362/CG14740/CG3483/Sam-S/Irp-1A/CG6287/P5CS/Taldo/CG6733/CG1640/Irp-1B/CG11249/Shmt/Pgk/CG11899/Gs1/Got2,TRUE
CSF_vs_WRF,Female,GSEA,Higher_in_CS,dme01200,Carbon metabolism,102,0.5081243526119006,1.8949470869293379,4.558496349704544e-5,0.0014929075545282381,0.001307568689783672,2338,"tags=40%, list=19%, signal=33%",317829/41326/43191/46246/318995/42185/42326/36839/40012/40445/31605/39945/36904/42621/33475/42756/41787/41468/37900/39470/41324/39469/39348/43936/31407/37541/40349/42689/41360/34554/38358/37804/32292/41269/40409/32974/31524/33461/46391/33373/47173,CG32026/mAcon2/Hex-t2/Pglym87/Fum4/Mdh2/Scsalpha2/CG7848/CG5103/CG7140/Fum1/CG12229/CG9010/CG7069/CG2964/bb8/CG7362/CG14740/CG3483/CG10749/SdhCL/CG10748/SdhAL/Men-b/CG7024/CG11291/ppl/Irp-1A/CG5214/CG6287/CG32487/Taldo/CG1640/Irp-1B/CG11249/Zw/Shmt/Pgk/CG11899/Got2/Men,TRUE
CSF_vs_WRF,Female,GSEA,Higher_in_WR,dme04624,Toll and Imd signaling pathway,77,-0.4986378885871475,-1.9552382950639526,2.556987960082926e-4,0.005592145042226252,0.004897901242287357,1216,"tags=29%, list=10%, signal=26%",50209/32832/41379/50206/44801/34969/43599/45908/317955/2768679/39064/37184/38858/49802/43598/36047/37100/318725/35862/38613/38419/37183,BomS3/psh/PGRP-LB/BomS6/bsk/cact/CecC/nec/Drsl3/p38c/PGRP-LF/DptB/PGRP-SD/BomS2/CecB/Def/BomS1/Takl1/PGRP-SC2/Uev1A/Drs/DptA,TRUE
CSF_vs_WRF,Female,GSEA,Higher_in_CS,dme00620,Pyruvate metabolism,43,0.5955530001458316,1.9099463907245386,2.56128780559981e-4,0.005592145042226252,0.004897901242287357,1269,"tags=42%, list=10%, signal=38%",318995/42185/36839/31605/39945/42621/33475/41787/39470/40708/39469/43936/37130/40946/31407/45880/39490/3771877,Fum4/Mdh2/CG7848/Fum1/CG12229/CG7069/CG2964/CG7362/CG10749/CG1236/CG10748/Men-b/Pepck2/CG2767/CG7024/Ldh/CG11251/Adh,TRUE
CSF_vs_WRF,Female,GSEA,Higher_in_CS,dme00330,Arginine and proline metabolism,41,0.5911577307694487,1.8820580071415454,3.563693083735816e-4,0.0066691970567055985,0.005841241295145925,1487,"tags=32%, list=12%, signal=28%",38986/326188/326209/43624/41922/326111/36844/36515/39040/43640/43625/43620/40443,S-Lap1/S-Lap4/S-Lap2/PH4alphaMP/CG4546/CG31013/S-Lap8/S-Lap5/Argk2/PH4alphaPV/PH4alphaNE1/PH4alphaEFB/P5CS,TRUE
CSF_vs_WRF,Female,GSEA,Higher_in_CS,dme00981,Insect hormone biosynthesis,23,0.7013395700567296,1.9515769552386943,4.2372722366516597e-4,0.006938533287517093,0.00607714044467146,655,"tags=26%, list=5%, signal=25%",32128/31824/32147/3355165/5740359/45282,CG9360/CG10962/CG10352/CG40485/spok/dib,TRUE
CSF_vs_WRF,Female,GSEA,Higher_in_WR,dme04145,Phagocytosis,150,-0.37255102592079486,-1.6314814461555054,0.0018792848853945985,0.027354035554076932,0.02395813479625863,1025,"tags=16%, list=8%, signal=15%",35411/40679/38146/37141/36080/42214/5740248/59177/42341/31803/38144/246490/59178/44702/31342/46080/317987/36963/36731/38128/38127/44307/38122/38129,Lamp1/Vha26/Rac1/Atg7/Syb/Vha100-4/robls54B/Tsp42Eb/Vha13/Rubicon/Rabex-5/CG30160/Tsp42Ea/Vha36-1/VhaAC39-1/Sec61beta/Vps11/robl/Vha14-1/LysE/LysD/Vha16-1/LysX/LysP,TRUE
CSF_vs_WRF,Female,GSEA,Higher_in_WR,dme03020,RNA polymerase,25,-0.6346220485451979,-1.953591053592582,0.0025286749390558668,0.03137280395469019,0.027477988196554694,2244,"tags=52%, list=18%, signal=43%",33712/261631/41741/40002/33210/39941/34796/42563/48312/40415/33963/5740790/42942,Polr1C/Polr2G/Polr2I/Polr3D/Polr1B/Polr3G/Polr2C/Polr1H/Polr2F/Polr2H/Polr1F/Polr2K/Polr2L,TRUE
CSF_vs_WRF,Female,GSEA,Higher_in_CS,dme00010,Glycolysis / Gluconeogenesis,48,0.5126885059032831,1.68093303002828,0.0026343575839816195,0.03137280395469019,0.027477988196554694,2352,"tags=44%, list=19%, signal=36%",43191/46246/36649/39945/36904/42621/33475/41787/34586/261603/37130/40946/31407/45880/3771877/44010/40409/35923/33476/33461/32345,Hex-t2/Pglym87/Pgm2b/CG12229/CG9010/CG7069/CG2964/CG7362/CG4988/CG32445/Pepck2/CG2767/CG7024/Ldh/Adh/Pgm1/CG11249/Pgm2a/G6P/Pgk/CG10996,TRUE
CSF_vs_WRF,Female,GSEA,Higher_in_WR,dme00590,Arachidonic acid metabolism,10,-0.7614692929051219,-1.7990349138562258,0.004712134224630973,0.04938627728475974,0.043255156480826146,2485,"tags=70%, list=20%, signal=56%",39856/32672/35146/36927/32164/31747/41173,Su(P)/CG4829/CG10602/GstS1/CG1492/GIIIspla2/p23,TRUE
CSF_vs_WRF,Female,GSEA,Higher_in_CS,dme04814,Motor proteins,91,0.42516902108444754,1.5521723272593955,0.004900928280166998,0.04938627728475974,0.043255156480826146,2613,"tags=33%, list=21%, signal=26%",37671/33411/41885/41124/41440/37368/326131/117406/37674/42159/34882/37274/26067054/41955/38851/41852/26067053/32785/37904/35438/39537/2768886/40904/35007/38611/38170/37374/38135/3355181/35073,Klp59C/CG17237/Act88F/betaTub85D/Dnali1/Act57B/CG31275/betaTub65B/Klp59D/CG7794/ck/CG10822/kl-5/Mhcl/mmm/Tm1/kl-3/Dhc16F/CG16837/CG10834/CG32137/Sdic4/alphaTub84D/Mhc/Klp64D/robl62A/CG9313/Klp61F/kl-2/btv,TRUE
CSF_vs_WRF,Female,GSEA,Higher_in_CS,dme04745,Phototransduction - fly,29,0.5519079040336152,1.6152641657682902,0.005837052595679503,0.05461813500242964,0.04783749871647112,972,"tags=34%, list=8%, signal=32%",38993/41885/319047/38092/37368/42367/40148/35751/246577/36897,Arr2/Act88F/CG31960/CG13898/Act57B/ninaE/Gbeta76C/azot/CG30378/inaC,FALSE
CSF_vs_WRF,Female,GSEA,Higher_in_CS,dme00900,Terpenoid backbone biosynthesis,23,0.6164124188299448,1.715255095921875,0.006313296991475307,0.05513612705888434,0.048291184004969026,1180,"tags=26%, list=9%, signal=24%",32128/31824/3355165/35255/36209/31708,CG9360/CG10962/CG40485/Pmvk/Fpps/Dhdds,FALSE
CSF_vs_WRF,Female,GSEA,Higher_in_WR,dme03040,Spliceosome,117,-0.3693953187422453,-1.5527766315470102,0.006988183963320651,0.05721575619968783,0.05011263500012836,2336,"tags=33%, list=19%, signal=27%",40678/33909/36306/43004/43556/3354996/35173/32602/42166/41670/35924/50007/39456/36984/42274/37402/34426/53444/35192/44668/36143/42852/43427/31442/34080/40987/31707/38229/44921/33645/42028/37372/40781/39408/48581/38720/44409/36314/44920,noi/Phf5a/SmD3/PQBP1/CG15525/CG17168/Acn/U2af50/Cbp20/B52/tsu/Sf3b5/Sf3a2/cyp33/snRNP-U1-C/mago/SmB/SC35/l(2)37Cb/SmD1/CG12343/Hsp68/Slu7/snf/SmE/CG7483/mahe/CG2021/Hsp70Ba/Dim1/CG10324/CG9344/SmD2/CG10418/Hsp70Aa/Sf3b6/Cbp80/SmF/Hsp70Ab,FALSE
CSF_vs_WRF,Female,GSEA,Higher_in_WR,dme04215,Apoptosis - multiple species,19,-0.5888004917731398,-1.6811999330437852,0.011503827161899478,0.08682609671002249,0.0760469629681997,3759,"tags=89%, list=30%, signal=63%",36251/37729/53585/39753/41260/42077/32849/43514/32646/40009/42008/42594/40014/44801/41756/40015/34996,Buffy/Dcp-1/Debcl/Diap1/Bruce/Det/wgn/Drice/Septin4/hid/Decay/Fadd/grim/bsk/HtrA2/rpr/Cyt-c-p,FALSE
CSF_vs_WRF,Female,GSEA,Higher_in_WR,dme04142,Lysosome biogenesis,154,-0.3278151946605112,-1.4341326381269652,0.011930303364735915,0.08682609671002249,0.0760469629681997,2405,"tags=31%, list=19%, signal=25%",38813/41071/42216/246425/31902/42266/34206/32145/39965/31842/246439/40052/37884/42796/43943/38503/38528/41370/318103/35055/33211/31423/33295/39981/41643/35411/40679/42525/31144/34204/31808/42214/59177/42341/43662/36829/31903/246490/59178/31155/44702/31342/5740347/317987/33374/36731/44307,Cln7/RagA-B/Vha100-2/CG30059/Gga/Sgsh/LManVI/BORCS5/anchor/AP-1gamma/Blos1/Dysb/CG3376/Gba1a/or/VhaM9.7-c/Hexo1/Sptz/CG32590/Lamtor3/AP-2alpha/Hgsnat/Vps29/Cln3/Lip3/Lamp1/Vha26/AP-2sigma/Vps26/LManIV/Hexo2/Vha100-4/Tsp42Eb/Vha13/Sap-r/CG7997/Lst8/CG30160/Tsp42Ea/Rbcn-3B/Vha36-1/VhaAC39-1/Blos3/Vps11/Npc2a/Vha14-1/Vha16-1,FALSE
CSF_vs_WRF,Female,GSEA,Higher_in_CS,dme00190,Oxidative phosphorylation,116,0.3914092710402977,1.4842025476783867,0.01357288247384166,0.09358145284596091,0.08196366701655076,1674,"tags=28%, list=13%, signal=25%",19893529/19893552/19893555/46069/19893538/38612/34997/19893549/36998/36328/19893551/37617/34695/41324/42041/43073/43457/39926/39348/246451/19893558/246543/19893535/34054/19893539/40995/31950/34482/43369/38378/40477/39761/19893556,ND2/ND4L/ND6/ATPsynG/ATP8/Cyt-c1/VhaSFD/ND5/ND-51L1/Vha36-2/ND4/blw/Vha68-3/SdhCL/VhaM9.7-d/ND-49L/Cyt-c1L/ND-24L/SdhAL/COX6AL/ND1/Vha100-3/COX2/ATPsynGL/ATP6/COX7AL/ATPsyndelta/Vha16-5/UQCR-14L/ND-30/ND-B14.5AL/ATPsynbetaL/CYTB,FALSE
CSF_vs_WRF,Female,GSEA,Higher_in_CS,dme04517,IgSF CAM signaling,99,0.3812073409544543,1.4085604807962102,0.031215987814662866,0.20446472018604175,0.17908119325253963,1990,"tags=22%, list=16%, signal=19%",31290/38993/318552/43026/33411/41885/41124/39258/36746/37368/117406/42159/36897/31746/37603/2768716/43770/36699/41957/32569/40904/37403,rst/Arr2/gskt/Cad96Ca/CG17237/Act88F/betaTub85D/IRSp53/sli/Act57B/betaTub65B/CG7794/inaC/Traf6/robo1/mim/Ank/Arf6/Akt/vap/alphaTub84D/Magi,FALSE
CSF_vs_WRF,Female,GSEA,Higher_in_WR,dme03060,Protein export,24,-0.5091993185193548,-1.5637306546061425,0.03466031810715106,0.2162143653350852,0.18937216409420882,1645,"tags=29%, list=13%, signal=25%",40557/36759/32095/38815/38883/46080/42436,CG9853/CG8320/Spase25/Srp19/Srp9/Sec61beta/Srp14,FALSE
CSF_vs_WRF,Female,GSEA,Higher_in_CS,dme01210,2-Oxocarboxylic acid metabolism,30,0.5040393748416304,1.4919176630481645,0.04608294930875576,0.2744030163385002,0.24033691266288895,1657,"tags=37%, list=13%, signal=32%",32297/317829/41326/41468/37900/31407/42689/41360/42731/32292/41269,Bcat/CG32026/mAcon2/CG14740/CG3483/CG7024/Irp-1A/CG5214/CG6733/CG1640/Irp-1B,FALSE
CSF_vs_WRF,Female,GSEA,Higher_in_CS,dme00480,Glutathione metabolism,72,0.38830095683265575,1.356277805205893,0.054814814814814816,0.31220611916264096,0.2734469022798543,2165,"tags=28%, list=17%, signal=23%",48336/38986/38975/326188/326209/40445/48339/48340/36844/38973/36515/37109/44110/38413/43463/326187/37106/37110/32974/48335,GstD3/S-Lap1/GstO1/S-Lap4/S-Lap2/CG7140/GstD6/GstD7/S-Lap8/se/S-Lap5/GstE4/Mgstl/Gtpx/CG11951/S-Lap3/GstE1/GstE5/Zw/GstD2,FALSE
CSF_vs_WRF,Female,GSEA,Higher_in_WR,dme03018,RNA degradation,42,-0.41740480172932914,-1.4364910589955742,0.06279719361759577,0.3427680151627102,0.30021465369815525,3121,"tags=50%, list=25%, signal=38%",48782/40683/32574/32045/42983/33351/39957/37790/41270/36766/34548/5740252/42058/33964/37070/38229/40173/34364/37372/37413/39408,Mtr4/Rga/Tob/Hsp60A/Trf4-2/Eno/Edc3/DCP1/Rrp46/Rrp42/Csl4/Not1/Patr-1/Rat1/pAbp/CG2021/Mtr3/me31B/CG9344/LSm1/CG10418,FALSE
CSF_vs_WRF,Female,GSEA,Higher_in_CS,dme00910,Nitrogen metabolism,14,0.5855253716486066,1.4555844695421034,0.0755336617405583,0.3955188304465279,0.3464166534244399,561,"tags=21%, list=4%, signal=20%",36126/42756/37366,CAH13/bb8/CAH15,FALSE
CSF_vs_WRF,Female,GSEA,Higher_in_CS,dme00270,Cysteine and methionine metabolism,30,0.47473519682134024,1.4051795569164454,0.08755760368663594,0.3955188304465279,0.3464166534244399,3026,"tags=43%, list=24%, signal=33%",32297/42185/39470/48552/39469/45880/34554/41433/46391/33373/36510/32334/37139,Bcat/Mdh2/CG10749/Sam-S/CG10748/Ldh/CG6287/Kyat/CG11899/Got2/CG13334/CG11134/CG5493,FALSE
CSF_vs_WRF,Female,GSEA,Higher_in_CS,dme00250,"Alanine, aspartate and glutamate metabolism",22,0.5069751284627905,1.3956474743815428,0.08737864077669903,0.3955188304465279,0.3464166534244399,2331,"tags=32%, list=19%, signal=26%",2768965/42756/42051/32292/36128/33172/33373,AsnS/bb8/Adsl/CG1640/Daao1/Gs1/Got2,FALSE
CSF_vs_WRF,Female,GSEA,Higher_in_WR,dme04213,Longevity regulating pathway - multiple species,42,-0.40168977571909853,-1.382408081842336,0.07929838340126841,0.3955188304465279,0.3464166534244399,1284,"tags=24%, list=10%, signal=21%",41140/40333/31666/42852/35931/39251/44921/38654/48581/44920,Ras85D/Ac78C/Atg5/Hsp68/alc/Sod1/Hsp70Ba/S6k/Hsp70Aa/Hsp70Ab,FALSE
CSF_vs_WRF,Female,GSEA,Higher_in_CS,dme00030,Pentose phosphate pathway,18,0.5208187325538726,1.3712897940645152,0.08387096774193549,0.3955188304465279,0.3464166534244399,2067,"tags=44%, list=16%, signal=37%",36649/40012/40445/44010/31007/37804/35923/32974,Pgm2b/CG5103/CG7140/Pgm1/CG13369/Taldo/Pgm2a/Zw,FALSE
CSF_vs_WRF,Female,GSEA,Higher_in_WR,dme04620,Toll-like receptor signaling pathway,28,-0.42925803805721197,-1.3595680889040371,0.10655737704918032,0.4653005464480874,0.40753523152142657,1608,"tags=54%, list=13%, signal=47%",42446/34780/36057/32256/31872/42692/42594/35956/41020/41136/38146/44801/34969/2768679/318725,Pi3K92E/p38b/Jra/hep/Dsor1/Takl2/Fadd/Myd88/Mkk4/RhoL/Rac1/bsk/cact/p38c/Takl1,FALSE
CSF_vs_WRF,Female,GSEA,Higher_in_WR,dme03272,Virion - Hepatitis viruses,18,-0.4980385650099071,-1.3921025899294812,0.112565445026178,0.4756797838203006,0.4166259255637828,1792,"tags=33%, list=14%, signal=29%",35933/39881/35411/59177/246490/59178,shrb/TSG101/Lamp1/Tsp42Eb/CG30160/Tsp42Ea,FALSE
CSF_vs_WRF,Female,GSEA,Higher_in_WR,dme03420,Nucleotide excision repair,38,-0.3901213920683808,-1.3179301170203825,0.12573099415204678,0.5147112573099415,0.4508117882425362,2217,"tags=37%, list=18%, signal=30%",43785/40972/261631/3772329/37560/41741/37414/36697/34796/48312/39688/40415/5740790/42942,Rad23/RPA1/Polr2G/Chrac-14/PolE4/Polr2I/Xpd/Xpc/Polr2C/Polr2F/mrn/Polr2H/Polr2K/Polr2L,FALSE
CSF_vs_WRF,Female,GSEA,Higher_in_WR,dme04136,Autophagy - other,17,-0.5054508744828404,-1.384603856927335,0.12972972972972974,0.514987714987715,0.4510539247381354,1880,"tags=47%, list=15%, signal=40%",32001/39383/40044/326166/45959/31666/37141/31903,Atg8a/Atg12/Atg3/Tap42/mts/Atg5/Atg7/Lst8,FALSE
CSF_vs_WRF,Female,GSEA,Higher_in_WR,dme01040,Biosynthesis of unsaturated fatty acids,26,-0.4134681484671106,-1.2882949114058935,0.14945652173913043,0.5560103077156283,0.48698371668142626,823,"tags=35%, list=7%, signal=32%",34614/326148/39245/33898/117369/41629/39860/38457/43592,Hacd1/CG31523/Elo68beta/Acox3/Desat1/CG8630/Baldspot/Sc2/CG15531,FALSE
CSF_vs_WRF,Female,GSEA,Higher_in_WR,dme04214,Apoptosis - fly,54,-0.3330952519283817,-1.230178186574329,0.14792899408284024,0.5560103077156283,0.48698371668142626,2860,"tags=43%, list=23%, signal=33%",41260/32849/36057/43514/32256/3355109/40016/40009/42692/42008/2768677/35528/41140/39962/37247/42366/40014/44801/41756/40015/34996/33231/318725,Bruce/wgn/Jra/Drice/hep/Parp1/skl/hid/Takl2/Decay/p53/Strica/Ras85D/Eip74EF/hpo/Ask1/grim/bsk/HtrA2/rpr/Cyt-c-p/Tspo/Takl1,FALSE
CSF_vs_WRF,Female,GSEA,Higher_in_CS,dme01240,Biosynthesis of cofactors,116,0.31378238780512646,1.189845652248304,0.15279672578444747,0.5560103077156283,0.48698371668142626,2194,"tags=25%, list=18%, signal=21%",32297/326159/53507/41908/42834/35292/48552/40946/53503/53504/3346188/42051/32496/53584/34759/34627/32212/37815/38760/41174/42939/37420/41573/39396/41334/41236/31524/318753/46391,Bcat/Fpgs2/Ugt35C1/Uros2/GluProRS/pr/Sam-S/CG2767/Ugt303A1/Ugt35E1/Vkor/Adsl/Alp11/Ugt37B1/Flad2/firl/Fpgs1/Alas/sgl/nmdyn-D7/Ppox/Ugt49B1/Ugt37A2/Ak1/Ugt35A1/Alp13/Shmt/CG31473/CG11899,FALSE
CSF_vs_WRF,Female,GSEA,Higher_in_WR,dme00563,Glycosylphosphatidylinositol (GPI)-anchor biosynthesis,17,-0.48276815899855247,-1.3224680947184662,0.16216216216216217,0.5590327169274538,0.48963090514337065,1806,"tags=59%, list=14%, signal=50%",33258/42388/36049/31772/37118/37020/33425/35685/34185/40944,PGAP2/PIG-L/PIG-N/PIG-T/PIG-O/PIG-A/PIG-Wa/PIG-G/PIG-U/PIG-H,FALSE
CSF_vs_WRF,Female,GSEA,Higher_in_WR,dme00513,Various types of N-glycan biosynthesis,29,-0.3884257510255571,-1.2377096222738855,0.16201117318435754,0.5590327169274538,0.48963090514337065,1869,"tags=38%, list=15%, signal=32%",31849/31957/32122/38528/37754/250735/43031/3355171/3772288/31808/34159,Ost48/alpha-Man-Ia/FucT6/Hexo1/Alg3/fdl/Alg9/FucTC/CG33774/Hexo2/Dad1,FALSE
CSF_vs_WRF,Female,GSEA,Higher_in_CS,dme00220,Arginine biosynthesis,13,0.5241362991550735,1.2856895369352586,0.17263843648208468,0.5626629851204172,0.4928104891773844,3722,"tags=54%, list=30%, signal=38%",42756/42731/32292/33172/33373/3771738/42729,bb8/CG6733/CG1640/Gs1/Got2/Argl/CG17110,FALSE
CSF_vs_WRF,Female,GSEA,Higher_in_CS,dme00790,Folate biosynthesis,28,0.43065558470299803,1.2501201832574846,0.1761006289308176,0.5626629851204172,0.4928104891773844,2401,"tags=29%, list=19%, signal=23%",326159/35292/38973/32496/32212/41236/33045/38746,Fpgs2/pr/se/Alp11/Fpgs1/Alp13/mal/ple,FALSE
CSF_vs_WRF,Female,GSEA,Higher_in_WR,dme03082,ATP-dependent chromatin remodeling,56,-0.3206056930874969,-1.1867239721031597,0.17391304347826086,0.5626629851204172,0.4928104891773844,2650,"tags=27%, list=21%, signal=21%",40170/31362/31521/35526/43819/39212/3772329/3772186/39102/35490/35880/43229/33973/35485/35560,Mi-2/Tip60/Act5C/Act42A/pho/simj/Chrac-14/CG33695/Uch-L5/CG10395/MrgBP/His2Av/Gas41/d4/Bap170,FALSE
CSF_vs_WRF,Female,GSEA,Higher_in_CS,dme00630,Glyoxylate and dicarboxylate metabolism,34,0.40922815097999343,1.2360964187714338,0.1951219512195122,0.5865003417634996,0.5136885275389432,2279,"tags=38%, list=18%, signal=31%",41326/42185/41468/39470/40708/39469/37541/40349/42689/38358/41269/31524/33172,mAcon2/Mdh2/CG14740/CG10749/CG1236/CG10748/CG11291/ppl/Irp-1A/CG32487/Irp-1B/Shmt/Gs1,FALSE
CSF_vs_WRF,Female,GSEA,Higher_in_CS,dme04080,Neuroactive ligand-receptor interaction,53,0.3706615260034746,1.234500953218407,0.18910741301059,0.5865003417634996,0.5136885275389432,2621,"tags=23%, list=21%, signal=18%",40665/318986/34226/33360/32554/39984/43838/33248/32860/41639/34878/42530,Nmdar1/t-cup/Try29F/c-cup/Lcch3/Grd/mGluR/GABA-B-R3/CCKLR-17D1/PK2-R1/GABA-B-R1/SIFaR,FALSE
CSF_vs_WRF,Female,GSEA,Higher_in_CS,dme00564,Glycerophospholipid metabolism,50,0.36803292643390045,1.2187741021712581,0.19699248120300752,0.5865003417634996,0.5136885275389432,2393,"tags=28%, list=19%, signal=23%",35689/37672/33824/33064/40470/38823/41625/38180/41330/35554/31899/31716/31826/37852,Gpo2/Gpdh2/Gpdh1/CG15450/CG11437/SMSr/Ace/Pcyt2/CG4757/Pld/LPCAT/sws/rdgA/Gpat4,FALSE
CSF_vs_WRF,Female,GSEA,Higher_in_WR,dme03008,Ribosome biogenesis in eukaryotes,65,-0.298117335281789,-1.1406225257497618,0.2085889570552147,0.6072256305385139,0.5318408495676821,2130,"tags=52%, list=17%, signal=44%",34680/35374/33966/3772365/32132/38749/3772130/43046/39915/2768873/41973/34184/43009/36019/37397/44072/35747/35885/32338/31387/36989/48448/36831/37776/42811/46032/37662/33964/36976/42060/36379/42633/36135/38889,CG5776/l(2)05287/nop5/RNaseMRP:RNA/CkIIbeta/Sbds/snoRNA:U3:54Aa/RIOK2/Pop5/Ste:CG33236/Mat89Ba/CG13097/CG11920/CG1671/Gar1/Ran/drosha/CG30349/Rtc1/CG3527/Ns2/CkIIalpha/wcd/eIF6/CG10214/Bka/Fib/Rat1/CG4866/Ns1/Ak6/Nop56/Nop10/Pop4,FALSE
CSF_vs_WRF,Female,GSEA,Higher_in_WR,dme00062,Fatty acid elongation,14,-0.46440346135359367,-1.220995072382846,0.22646310432569974,0.607259475218659,0.5318704925579256,3244,"tags=57%, list=26%, signal=42%",31703/34276/34614/326148/39245/34313/39860/38457,spidey/Mtpalpha/Hacd1/CG31523/Elo68beta/yip2/Baldspot/Sc2,FALSE
CSF_vs_WRF,Female,GSEA,Higher_in_WR,dme04320,Dorso-ventral axis formation,27,-0.3822113878202952,-1.2047264903567707,0.21891891891891893,0.607259475218659,0.5318704925579256,1572,"tags=22%, list=13%, signal=19%",36497/41140/42757/31239/31293/41666,drk/Ras85D/pnt/egh/N/sqd,FALSE
CSF_vs_WRF,Female,GSEA,Higher_in_CS,dme04120,Ubiquitin mediated proteolysis,84,0.3192825100543517,1.1551669239338762,0.22714285714285715,0.607259475218659,0.5318704925579256,2544,"tags=25%, list=20%, signal=20%",31564/39885/41682/31016/38437/41467/37713/38591/34968/31746/39266/34420/33932/32751/37808/37763/40548/40900/35420/32995/37876,CG11700/sinah/Ubc87F/SkpA/CG10862/CG14739/SkpF/CG17030/fzy/Traf6/Ube3a/RpS27A/Ube4A/CG8188/fzr2/CG15800/Skp2/Ubc84D/Cul2/SkpD/CG3356,FALSE
CSF_vs_WRF,Female,GSEA,Higher_in_WR,dme03013,Nucleocytoplasmic transport,75,-0.2869082731868384,-1.1208097800713297,0.22324159021406728,0.607259475218659,0.5318704925579256,2264,"tags=29%, list=18%, signal=24%",39483/33859/35336/44072/35173/42166/36264/35924/42816/37078/32153/36360/37402/41185/41804/35784/33226/317813/40987/44409/37467/41965,Srrm1/Kr-h2/Fs(2)Ket/Ran/Acn/Cbp20/Mgtor/tsu/Nup98-96/Nup75/Upf1/Nup54/mago/Pnn/Nup93-2/Nup50/lwr/CG18789/CG7483/Cbp80/Rae1/Bin1,FALSE
CSF_vs_WRF,Female,GSEA,Higher_in_CS,dme00061,Fatty acid biosynthesis,12,0.5041474481456909,1.213855481890088,0.2413793103448276,0.6324137931034484,0.5539019963702361,1443,"tags=25%, list=12%, signal=22%",34822/31289/31668,hll/CG3603/Acsf3,FALSE
CSF_vs_WRF,Female,GSEA,Higher_in_WR,dme04081,Hormone signaling,47,-0.32329390349282505,-1.1489242346595956,0.2619047619047619,0.6712920313219713,0.5879536473611482,1336,"tags=17%, list=11%, signal=15%",35731/31376/40333/36104/37805/38765/48973/36385,sax/norpA/Ac78C/Galphao/Galphas/Galphai/Src64B/CG17760,FALSE
CSF_vs_WRF,Female,GSEA,Higher_in_WR,dme03015,mRNA surveillance pathway,69,-0.2840826391810961,-1.1045342641346596,0.26646706586826346,0.6712920313219713,0.5879536473611482,2264,"tags=33%, list=18%, signal=27%",39483/34877/42922/33259/35173/42166/42368/35924/32153/34286/43231/37402/43734/41185/45959/35788/2768940/40987/37070/44289/34658/44409/41965,Srrm1/Rnmt/Pp1alpha-96A/Clp/Acn/Cbp20/CG4733/tsu/Upf1/pelo/Rb97D/mago/CstF50/Pnn/mts/Pabp2/Pp2A-29B/CG7483/pAbp/flw/eRF3/Cbp80/Bin1,FALSE
CSF_vs_WRF,Female,GSEA,Higher_in_CS,dme00514,Other types of O-glycan biosynthesis,30,0.39369333405771556,1.165301895490954,0.2764976958525346,0.6764950857904382,0.5925107621627784,2133,"tags=23%, list=17%, signal=19%",34215/33481/34260/33568/38106/31098/39297,C1GalTA/CG2975/FucTB/CG31776/CG34056/O-fut2/rt,FALSE
CSF_vs_WRF,Female,GSEA,Higher_in_CS,dme03083,Polycomb repressive complex,46,0.3459814342349615,1.1305250437997005,0.27886056971514245,0.6764950857904382,0.5925107621627784,2510,"tags=28%, list=20%, signal=23%",31016/38437/37713/39103/37909/37024/37300/37763/34709/39203/31181/32995/7354447,SkpA/CG10862/SkpF/Jarid2/Ssl/CG10931/CkIIbeta2/CG15800/Sfmbt/E(z)/ph-p/SkpD/SteXh:CG42398,FALSE
CSF_vs_WRF,Female,GSEA,Higher_in_CS,dme00052,Galactose metabolism,30,0.3835404930777887,1.135250269478936,0.29493087557603687,0.7024717218265606,0.6152624964169957,2699,"tags=43%, list=22%, signal=34%",43191/41457/36649/35830/34586/261603/44010/35923/34598/33476/32345/35829/117364,Hex-t2/Ect3/Pgm2b/Mal-A8/CG4988/CG32445/Pgm1/Pgm2a/Mal-B2/G6P/CG10996/Mal-A7/Hex-t1,FALSE
CSF_vs_WRF,Female,GSEA,Higher_in_CS,dme00512,Mucin type O-glycan biosynthesis,19,0.4173175302799047,1.119891008654984,0.3192868719611021,0.7211479349466272,0.6316201278359371,1933,"tags=21%, list=15%, signal=18%",34215/33481/33568/38106,C1GalTA/CG2975/CG31776/CG34056,FALSE
CSF_vs_WRF,Female,GSEA,Higher_in_CS,dme04137,Mitophagy - animal,54,0.32980397493158914,1.1007324692009637,0.3102409638554217,0.7211479349466272,0.6316201278359371,2662,"tags=31%, list=21%, signal=25%",31564/35553/42745/39885/43279/41285/37909/42509/34420/37300/42850/41709/36675/37899/7354447/43580/46038,CG11700/tomboy40/fzo/sinah/CG17991/tomboy20/Ssl/Usp8/RpS27A/CkIIbeta2/Atg6/foxo/CG7639/Pgam5-2/SteXh:CG42398/sima/Phb2,FALSE
CSF_vs_WRF,Female,GSEA,Higher_in_WR,dme04148,Efferocytosis,53,-0.29396508044768394,-1.0795502235010928,0.31671554252199413,0.7211479349466272,0.6316201278359371,1144,"tags=43%, list=9%, signal=40%",32089/41084/34708/38735/3355130/34633/41166/42841/34780/34451/43501/43514/45278/31872/42008/41136/41643/32567/38146/34840/32610/2768679/317987,Sk1/tgo/Sirt1/Vps8/lt/Ced-12/Calr/Rab7/p38b/CG18301/Kul/Drice/csw/Dsor1/Decay/RhoL/Lip3/exd/Rac1/Rab14/CG4301/p38c/Vps11,FALSE
CSF_vs_WRF,Female,GSEA,Higher_in_CS,dme04341,Hedgehog signaling pathway - fly,34,0.3644096861344742,1.1007197498943992,0.3384146341463415,0.7248646103131623,0.6348753919175147,2484,"tags=29%, list=20%, signal=24%",318552/35065/31016/40651/37713/32188/44274/37763/35851/32995,gskt/CG7094/SkpA/CG12147/SkpF/CG2577/disp/CG15800/ptc/SkpD,FALSE
CSF_vs_WRF,Female,GSEA,Higher_in_WR,dme00510,N-Glycan biosynthesis,35,-0.32362254879407576,-1.0849984395556656,0.33620689655172414,0.7248646103131623,0.6348753919175147,1869,"tags=26%, list=15%, signal=22%",31957/32122/37754/43031/3772288/35240/34159/34409/3885575,alpha-Man-Ia/FucT6/Alg3/Alg9/CG33774/Dpm1/Dad1/gny/Dpm3,FALSE
CSF_vs_WRF,Female,GSEA,Higher_in_CS,dme01232,Nucleotide metabolism,48,0.3282798188297331,1.0763190206310114,0.3388804841149773,0.7248646103131623,0.6348753919175147,1291,"tags=21%, list=10%, signal=19%",44750/39975/41476/36627/42051/33495/36969/34124/37644/32352,Adk3/Adgf-B/Adk1/Adgf-E/Adsl/NTPase/CG30103/CG8349/CG3788/AMPdeam,FALSE
CSF_vs_WRF,Female,GSEA,Higher_in_WR,dme04144,Endocytosis,110,-0.25694344711324296,-1.0630091662114816,0.34306569343065696,0.7248646103131623,0.6348753919175147,1797,"tags=22%, list=14%, signal=19%",32850/35933/41551/39523/32791/34505/39881/40624/33211/33295/53554/42852/42525/32623/31144/38599/38898/33025/44921/47408/48973/41569/48581/44920,Rip11/shrb/Snx3/Vps36/Mvb12/Stam/TSG101/Vps37B/AP-2alpha/Vps29/krz/Hsp68/AP-2sigma/Arp2/Vps26/CHMP2B/Arp3/Rab10/Hsp70Ba/Vps28/Src64B/Past1/Hsp70Aa/Hsp70Ab,FALSE
CSF_vs_WRF,Female,GSEA,Higher_in_CS,dme00600,Sphingolipid metabolism,30,0.358655608530294,1.0615929310795562,0.3717357910906298,0.7292142556164202,0.6386850450959406,1081,"tags=20%, list=9%, signal=18%",41457/43043/40470/318721/38823/38396,Ect3/Kdsr/CG11437/Gba1b/SMSr/nSMase,FALSE
CSF_vs_WRF,Female,GSEA,Higher_in_CS,dme04519,Cadherin signaling,108,0.2799737555235775,1.0523450196843038,0.36675824175824173,0.7292142556164202,0.6386850450959406,2161,"tags=21%, list=17%, signal=18%",318552/43026/41885/43769/48531/35065/37368/37493/33627/40651/34882/36125/32554/49780/32188/39984/40191/34011/43916/32743/41783/44148/3355173,gskt/Cad96Ca/Act88F/pan/Pp1-13C/CG7094/Act57B/PpN58A/ft/CG12147/ck/stan/Lcch3/PpD6/CG2577/Grd/kug/Wnt10/Rok/RhoGAPp190/kibra/PpD5/Pp1-Y2,FALSE
CSF_vs_WRF,Female,GSEA,Higher_in_CS,dme00980,Metabolism of xenobiotics by cytochrome P450,61,0.3066231456661671,1.0489829567791866,0.37295690936106984,0.7292142556164202,0.6386850450959406,2165,"tags=26%, list=17%, signal=22%",48336/38975/53507/48339/48340/37109/53503/53504/53584/44110/37106/37420/37110/41573/41334/48335,GstD3/GstO1/Ugt35C1/GstD6/GstD7/GstE4/Ugt303A1/Ugt35E1/Ugt37B1/Mgstl/GstE1/Ugt49B1/GstE5/Ugt37A2/Ugt35A1/GstD2,FALSE
CSF_vs_WRF,Female,GSEA,Higher_in_WR,dme03050,Proteasome,39,-0.30795357410304913,-1.0422189739306928,0.3592814371257485,0.7292142556164202,0.6386850450959406,2163,"tags=36%, list=17%, signal=30%",37378/36277/46058/41079/36638/41672/32274/36018/39845/39855/35342/33738/32584/50428,Prosalpha3/PI31/Prosbeta1/Prosbeta3/Rpn6/CG9588/REG/Prosalpha7/Rpn12/Prosbeta6/Pomp/Rpn11/Prosalpha4/Sem1,FALSE
CSF_vs_WRF,Female,GSEA,Higher_in_WR,dme04140,Autophagy - animal,91,-0.25948279560051635,-1.042054092560239,0.37293729372937295,0.7292142556164202,0.6386850450959406,1736,"tags=21%, list=14%, signal=18%",31684/40044/326166/38494/41140/45959/31666/43991/35411/37141/33629/44801/42524/40664/31803/31903/38654/317987/318725,Rab39/Atg3/Tap42/Ras64B/Ras85D/mts/Atg5/Pten/Lamp1/Atg7/RpL40/bsk/Rab1/Itpr/Rubicon/Lst8/S6k/Vps11/Takl1,FALSE
CSF_vs_WRF,Female,GSEA,Higher_in_CS,dme00053,Ascorbate and aldarate metabolism,29,0.3539456380368413,1.035889686617139,0.42391304347826086,0.7607206670637284,0.6662800539168052,2010,"tags=31%, list=16%, signal=26%",53507/40946/53503/53504/53584/38760/37420/41573/41334,Ugt35C1/CG2767/Ugt303A1/Ugt35E1/Ugt37B1/sgl/Ugt49B1/Ugt37A2/Ugt35A1,FALSE
CSF_vs_WRF,Female,GSEA,Higher_in_CS,dme00982,Drug metabolism - cytochrome P450,60,0.3035404625466814,1.0327375883753647,0.40956651718983555,0.7607206670637284,0.6662800539168052,2165,"tags=27%, list=17%, signal=22%",48336/38975/53507/48339/48340/37109/53503/53504/53584/44110/37106/37420/37110/41573/41334/48335,GstD3/GstO1/Ugt35C1/GstD6/GstD7/GstE4/Ugt303A1/Ugt35E1/Ugt37B1/Mgstl/GstE1/Ugt49B1/GstE5/Ugt37A2/Ugt35A1/GstD2,FALSE
CSF_vs_WRF,Female,GSEA,Higher_in_WR,dme05100,Bacterial invasion of epithelial cells,35,-0.30636707546954917,-1.027146594248005,0.4109195402298851,0.7607206670637284,0.6662800539168052,1144,"tags=20%, list=9%, signal=18%",41136/38146/32623/38898/44052/48973/33114,RhoL/Rac1/Arp2/Arp3/Shc/Src64B/Septin1,FALSE
CSF_vs_WRF,Female,GSEA,Higher_in_CS,dme00860,Porphyrin metabolism,40,0.32530020100517354,1.0249089910503653,0.4107946026986507,0.7607206670637284,0.6662800539168052,2220,"tags=32%, list=18%, signal=27%",53507/41908/42834/53503/53504/53584/37815/32260/42939/37420/41573/41334/46415,Ugt35C1/Uros2/GluProRS/Ugt303A1/Ugt35E1/Ugt37B1/Alas/Fer3HCH/Ppox/Ugt49B1/Ugt37A2/Ugt35A1/Fer1HCH,FALSE
CSF_vs_WRF,Female,GSEA,Higher_in_WR,dme04013,MAPK signaling pathway - fly,91,-0.25465723739836255,-1.0226751866801607,0.41254125412541254,0.7607206670637284,0.6662800539168052,1572,"tags=34%, list=13%, signal=30%",43162/32849/33432/36057/32256/39158/45278/44111/31872/31379/40009/42692/41785/36497/41020/41140/45959/42757/41136/37149/38146/42366/44801/44052/34376/246638/38424/2768679/48973/38321/318725,gro/wgn/dpp/Jra/hep/RasGAP1/csw/slpr/Dsor1/bi/hid/Takl2/eff/drk/Mkk4/Ras85D/mts/pnt/RhoL/edl/Rac1/Ask1/bsk/Shc/trk/ave/sty/p38c/Src64B/dos/Takl1,FALSE
CSF_vs_WRF,Female,GSEA,Higher_in_WR,dme04382,Cornified envelope formation,28,-0.3195995007493501,-1.0122519415479538,0.42349726775956287,0.7607206670637284,0.6662800539168052,2412,"tags=39%, list=19%, signal=32%",47877/39245/34835/33727/42368/42796/31776/41062/45959/2768940/26067068,tws/Elo68beta/CG33090/Col4a1/CG4733/Gba1a/CG1440/pyd/mts/Pp2A-29B/Fatp1,FALSE
CSF_vs_WRF,Female,GSEA,Higher_in_CS,dme01250,Biosynthesis of nucleotide sugars,27,0.3545282154895864,1.0236330301954082,0.4319620253164557,0.7646895313034554,0.6697561985703226,149,"tags=11%, list=1%, signal=11%",39031/43191/36649,Galk/Hex-t2/Pgm2b,FALSE
CSF_vs_WRF,Female,GSEA,Higher_in_CS,dme00770,Pantothenate and CoA biosynthesis,12,0.42514363671635175,1.0236349225151633,0.4400656814449918,0.7655318215361296,0.6704939216346978,38,"tags=8%, list=0%, signal=8%",32297,Bcat,FALSE
CSF_vs_WRF,Female,GSEA,Higher_in_CS,dme04150,mTOR signaling pathway,79,0.28455900544959406,1.0142652391610232,0.4460856720827179,0.7655318215361296,0.6704939216346978,3539,"tags=38%, list=28%, signal=27%",38923/318552/34997/36328/34695/39902/31059/38743/36897/42862/35793/31220/34011/41957/32677/39151/38878/40548/31700/64880/36604/45525/34624/48311/34790/32078/41189/33139/40748/45012,eIF4E3/gskt/VhaSFD/Vha36-2/Vha68-3/CG3764/eIF4E7/eIF4E4/inaC/Tsc1/RagC-D/Ilp6/Wnt10/Akt/Nprl2/Ilp3/eIF4E5/Skp2/RpS6/chico/Sin1/eIF4E1/JhI-21/Pkc53E/Sos/dsh/Tti1/S6kII/Vha14-2/Vha68-2,FALSE
CSF_vs_WRF,Female,GSEA,Higher_in_CS,dme04820,Cytoskeleton in muscle cells,49,0.3064969006728244,1.009956443231573,0.45112781954887216,0.7655318215361296,0.6704939216346978,1434,"tags=18%, list=11%, signal=16%",41885/37368/33953/5740846/40849/32352/43770/38384/41852,Act88F/Act57B/nrv2/JYalpha/Mlp84B/AMPdeam/Ank/MnM/Tm1,FALSE
CSF_vs_WRF,Female,GSEA,Higher_in_CS,dme04082,Neuroactive ligand signaling,55,0.29819927014820324,0.9965516912381112,0.4635258358662614,0.7655318215361296,0.6704939216346978,3257,"tags=33%, list=26%, signal=24%",40665/36897/32554/39984/41625/3346192/41330/36006/43838/33248/36331/42795/34878/36384/40955/48311/35419/31457,Nmdar1/inaC/Lcch3/Grd/Ace/Vmat/CG4757/CG1698/mGluR/GABA-B-R3/CG8850/VAChT/GABA-B-R1/Galphaq/mAChR-B/Pkc53E/Ac3/NAAT1,FALSE
CSF_vs_WRF,Female,GSEA,Higher_in_CS,dme00350,Tyrosine metabolism,23,0.3579728038228577,0.996110164561743,0.47334410339256866,0.7655318215361296,0.6704939216346978,2440,"tags=39%, list=19%, signal=32%",45577/3771877/34552/41596/41595/35190/33373/38746/42892,Faa/Adh/hgo/yellow-f2/yellow-f/Ddc/Got2/ple/shps,FALSE
CSF_vs_WRF,Female,GSEA,Higher_in_WR,dme00592,alpha-Linolenic acid metabolism,10,-0.41939390117568887,-0.990853180690823,0.46055979643765904,0.7655318215361296,0.6704939216346978,1861,"tags=50%, list=15%, signal=43%",43461/37028/35213/33898/31747,CG14507/ACOX1/CG17544/Acox3/GIIIspla2,FALSE
CSF_vs_WRF,Female,GSEA,Higher_in_CS,dme04518,Integrin signaling,38,0.31826641501301217,0.9886866964650817,0.4696969696969697,0.7655318215361296,0.6704939216346978,3472,"tags=37%, list=28%, signal=27%",318552/41885/37368/43281/31220/41957/42066/33941/37233/40999/35215/31166/39118/31151,gskt/Act88F/Act57B/CG5984/Ilp6/Akt/cher/Tsp/Fak/stck/Pax/Actn/LanB2/arm,FALSE
CSF_vs_WRF,Female,GSEA,Higher_in_WR,dme04141,Protein processing in endoplasmic reticulum,111,-0.2367344442727257,-0.9787333205518769,0.4870848708487085,0.7694566813509545,0.6739315248473607,1128,"tags=14%, list=9%, signal=12%",35674/32977/42852/42366/3772288/38096/44801/43354/44921/34159/39447/46080/48581/326234/44920,p47/Ubqn/Hsp68/Ask1/CG33774/CG13887/bsk/Gp93/Hsp70Ba/Dad1/CG10973/Sec61beta/Hsp70Aa/l(1)G0320/Hsp70Ab,FALSE
CSF_vs_WRF,Female,GSEA,Higher_in_CS,dme04350,TGF-beta signaling pathway,44,0.30155948057335,0.9726876190760051,0.5067064083457526,0.7694566813509545,0.6739315248473607,2834,"tags=30%, list=23%, signal=23%",35503/43826/31016/37713/36382/37763/43916/37661/32225/43725/32995/36373/33529,CG8245/Actbeta/SkpA/SkpF/Sin3A/CG15800/Rok/l(2)k09913/Smr/Med/SkpD/achi/Mad,FALSE
CSF_vs_WRF,Female,GSEA,Higher_in_CS,dme03410,Base excision repair,24,0.34397451876653035,0.9679057523477388,0.5048387096774194,0.7694566813509545,0.6739315248473607,21,"tags=4%, list=0%, signal=4%",41518,DNAlig3,FALSE
CSF_vs_WRF,Female,GSEA,Higher_in_CS,dme04146,Peroxisome,76,0.272356768055545,0.9644080755371983,0.5227606461086637,0.7694566813509545,0.6739315248473607,416,"tags=8%, list=3%, signal=8%",42023/33016/34703/42074/39658/35255,CG14893/CG9577/CG5122/CG5265/Prx1/Pmvk,FALSE
CSF_vs_WRF,Female,GSEA,Higher_in_CS,dme00520,Amino sugar and nucleotide sugar metabolism,37,0.310812431009005,0.962502969881599,0.5204236006051437,0.7694566813509545,0.6739315248473607,246,"tags=11%, list=2%, signal=11%",39031/43191/36649/246535,Galk/Hex-t2/Pgm2b/Cht12,FALSE
CSF_vs_WRF,Female,GSEA,Higher_in_CS,dme04711,Circadian rhythm - fly,11,0.40719109902177164,0.9513365931545961,0.521594684385382,0.7694566813509545,0.6739315248473607,1265,"tags=27%, list=10%, signal=25%",318552/40162/45588,gskt/cyc/Pdp1,FALSE
CSF_vs_WRF,Female,GSEA,Higher_in_CS,dme03430,Mismatch repair,12,0.39390378069452564,0.9484175022445123,0.5106732348111659,0.7694566813509545,0.6739315248473607,3804,"tags=42%, list=30%, signal=29%",38228/41968/36705/35257/39654,PolD2/mtSSB/Pms2/PCNA2/Msh6,FALSE
CSF_vs_WRF,Female,GSEA,Higher_in_WR,dme00511,Other glycan degradation,17,-0.3425618433022246,-0.938394754896205,0.4918918918918919,0.7694566813509545,0.6739315248473607,2158,"tags=47%, list=17%, signal=39%",34835/34206/32726/42796/38528/250735/34204/31808,CG33090/LManVI/ENGase/Gba1a/Hexo1/fdl/LManIV/Hexo2,FALSE
CSF_vs_WRF,Female,GSEA,Higher_in_CS,dme00830,Retinol metabolism,32,0.3125736161836354,0.9385368686923579,0.5288753799392097,0.7698074974670719,0.6742387884605131,2010,"tags=28%, list=16%, signal=24%",53507/53503/53504/53584/3771877/34627/37420/41573/41334,Ugt35C1/Ugt303A1/Ugt35E1/Ugt37B1/Adh/firl/Ugt49B1/Ugt37A2/Ugt35A1,FALSE
CSF_vs_WRF,Female,GSEA,Higher_in_CS,dme04310,Wnt signaling pathway,84,0.2601329516262799,0.9411633023456742,0.5642857142857143,0.7983515893470791,0.6992392385603184,2510,"tags=24%, list=20%, signal=19%",318552/39885/43769/35065/31016/40651/37713/39659/36897/37909/36125/37300/32188/34011/34819/37763/43725/3355143/32995/7354447,gskt/sinah/pan/CG7094/SkpA/CG12147/SkpF/Tak1/inaC/Ssl/stan/CkIIbeta2/CG2577/Wnt10/rk/CG15800/Med/p120ctn/SkpD/SteXh:CG42398,FALSE
CSF_vs_WRF,Female,GSEA,Higher_in_CS,dme00561,Glycerolipid metabolism,38,0.29707982197904215,0.9228710725474606,0.5787878787878787,0.7983515893470791,0.6992392385603184,4884,"tags=47%, list=39%, signal=29%",35718/33064/40470/40946/35720/326168/31826/37852/34256/32230/38519/43244/35719/40469/33431/40468/5740362/39305,CG1941/CG15450/CG11437/CG2767/CG1946/Mulk/rdgA/Gpat4/Aldh/Agpat1/CG1309/CG31075/Dgat2/CG11438/CG9886/laza/CG34384/CG6083,FALSE
CSF_vs_WRF,Female,GSEA,Higher_in_CS,dme04156,Integrated stress response (ISR) signaling pathway,30,0.3112207335999885,0.9211893608718934,0.5637480798771122,0.7983515893470791,0.6992392385603184,3368,"tags=37%, list=27%, signal=27%",48531/48572/37493/49780/44148/3355173/43709/5740113/32216/41189/39433,Pp1-13C/Hsp60B/PpN58A/PpD6/PpD5/Pp1-Y2/Gcn2/Pp1-Y1/CG2540/Tti1/eIF2beta,FALSE
CSF_vs_WRF,Female,GSEA,Higher_in_CS,dme04981,Folate transport and metabolism,13,0.3701295228628735,0.9079158524657768,0.5814332247557004,0.7983515893470791,0.6992392385603184,2127,"tags=23%, list=17%, signal=19%",326159/32212/31524,Fpgs2/Fpgs1/Shmt,FALSE
CSF_vs_WRF,Female,GSEA,Higher_in_WR,dme00500,Starch and sucrose metabolism,29,-0.2837135953125143,-0.9040467733178514,0.5782122905027933,0.7983515893470791,0.6992392385603184,1427,"tags=28%, list=11%, signal=25%",41823/34016/33386/35827/34597/36932/35825/35826,Glys/CG5171/Glyp/Mal-A4/Mal-B1/Amy-d/Mal-A2/Mal-A3,FALSE
CSF_vs_WRF,Female,GSEA,Higher_in_WR,dme00541,Biosynthesis of various nucleotide sugars,13,-0.34223623039099743,-0.8802112674793529,0.5850515463917526,0.7983515893470791,0.6992392385603184,3383,"tags=46%, list=27%, signal=34%",39065/39336/40599/41528/31500/33716,UGP/CG5946/Gmppb/NANS/CG15771/Gmd,FALSE
CSF_vs_WRF,Female,GSEA,Higher_in_CS,dme00260,"Glycine, serine and threonine metabolism",26,0.3171376845446569,0.9082188170961351,0.5993690851735016,0.8082380938390575,0.7078983706585559,3008,"tags=38%, list=24%, signal=29%",46246/40708/40349/37815/34554/31524/46391/42892/41117/34474,Pglym87/CG1236/ppl/Alas/CG6287/Shmt/CG11899/shps/Srr/CG6415,FALSE
CSF_vs_WRF,Female,GSEA,Higher_in_CS,dme04070,Phosphatidylinositol signaling system,48,0.2763551348969633,0.906075460864456,0.6187594553706506,0.8082380938390575,0.7078983706585559,3362,"tags=33%, list=27%, signal=24%",319047/38092/40347/35751/246577/36897/37633/32589/41701/37613/31826/326119/37733/48311/2768892/37360,CG31960/CG13898/CG9389/azot/CG30378/inaC/PIP5K59B/CG3632/Ipp/CG13526/rdgA/5PtaseI/Pi3K59F/Pkc53E/CG42271/Ipk1,FALSE
CSF_vs_WRF,Female,GSEA,Higher_in_WR,dme01212,Fatty acid metabolism,50,-0.24723794225748014,-0.8990879528925757,0.6231454005934718,0.8082380938390575,0.7078983706585559,1381,"tags=16%, list=11%, signal=14%",34313/31695/37217/117369/41629/39860/38457/43592,yip2/Acat1/Acadvl/Desat1/CG8630/Baldspot/Sc2/CG15531,FALSE
CSF_vs_WRF,Female,GSEA,Higher_in_CS,dme03250,Viral life cycle - HIV-1,30,0.2995886163042212,0.8867591910907012,0.6221198156682027,0.8082380938390575,0.7078983706585559,3980,"tags=43%, list=32%, signal=30%",36942/39666/37586/53442/33458/39431/43330/32777/43856/38937/40657/43576/32607,CG10950/Ran-like/Cdk9/Spt5/Hrs/Gcn5/ALiX/Vps4/nej/Cpsf6/Snr1/Jasper/TH1,FALSE
CSF_vs_WRF,Female,GSEA,Higher_in_WR,dme03030,DNA replication,25,-0.28117563815344804,-0.8655580316567583,0.6222826086956522,0.8082380938390575,0.7078983706585559,2856,"tags=36%, list=23%, signal=28%",34423/42553/40972/3772329/246459/37560/33213/43278/38942,RfC3/PolA1/RPA1/Chrac-14/CG30105/PolE4/CG13690/PolA2/Prim1,FALSE
CSF_vs_WRF,Female,GSEA,Higher_in_CS,dme00983,Drug metabolism - other enzymes,84,0.2502122829577934,0.9052702360227118,0.6385714285714286,0.8201260504201682,0.718310482087572,2165,"tags=23%, list=17%, signal=19%",48336/38975/53507/48339/48340/37109/53503/53504/34124/53584/37644/44110/37106/41174/37420/37110/41573/41334/48335,GstD3/GstO1/Ugt35C1/GstD6/GstD7/GstE4/Ugt303A1/Ugt35E1/CG8349/Ugt37B1/CG3788/Mgstl/GstE1/nmdyn-D7/Ugt49B1/GstE5/Ugt37A2/Ugt35A1/GstD2,FALSE
CSF_vs_WRF,Female,GSEA,Higher_in_WR,dme04391,Hippo signaling pathway - fly,52,-0.2426831426671482,-0.8889413666382515,0.6578947368421053,0.8367399080224835,0.7328617916789932,2860,"tags=38%, list=23%, signal=30%",32849/34573/47877/31521/35526/33218/34179/42186/44448/43673/42634/2768677/33245/31310/45959/37247/2768940/3346149/44801/35340,wgn/Dlg5/tws/Act5C/Act42A/ex/dachs/14-3-3epsilon/scrib/dco/mats/p53/ds/Myc/mts/hpo/Pp2A-29B/upd3/bsk/dia,FALSE
CSF_vs_WRF,Female,GSEA,Higher_in_CS,dme00051,Fructose and mannose metabolism,24,0.30110518111104995,0.8472762398336438,0.6806451612903226,0.8573511166253102,0.7509141961603764,1465,"tags=17%, list=12%, signal=15%",43191/40203/39280/39279,Hex-t2/CG7335/CG7551/CG12289,FALSE
CSF_vs_WRF,Female,GSEA,Higher_in_CS,dme02010,ABC transporters,33,0.2813851255038967,0.8482914266343957,0.6913767019667171,0.8625747424537137,0.7554893284648839,1318,"tags=12%, list=11%, signal=11%",38726/39977/36582/33102,Mdr65/CG42816/Mdr50/CG1494,FALSE
CSF_vs_WRF,Female,GSEA,Higher_in_CS,dme00565,Ether lipid metabolism,20,0.3104604123286187,0.83966361545267,0.7011494252873564,0.8665148557796574,0.7589402915225606,2329,"tags=20%, list=19%, signal=16%",36791/40470/35554/31899,Lis-1/CG11437/Pld/LPCAT,FALSE
CSF_vs_WRF,Female,GSEA,Higher_in_WR,dme04068,FoxO signaling pathway,55,-0.2341846127236283,-0.8667552052960594,0.7180232558139535,0.8789852636297417,0.7698625450835023,3199,"tags=42%, list=26%, signal=31%",42446/34198/34780/42971/36878/38017/32551/2768992/31738/32001/31872/40048/43673/39319/39383/36497/41295/41140/43991/35931/44801/32169/2768679,Pi3K92E/CatB/p38b/CycB3/Sod2/Pdk1/CycD/Ilp5/Smox/Atg8a/Dsor1/Cat/dco/CG11658/Atg12/drk/Art1/Ras85D/Pten/alc/bsk/Usp7/p38c,FALSE
CSF_vs_WRF,Female,GSEA,Higher_in_CS,dme00970,Aminoacyl-tRNA biosynthesis,33,0.27298981629935076,0.8229820972609689,0.7246596066565809,0.8789852636297417,0.7698625450835023,3409,"tags=33%, list=27%, signal=24%",39829/42834/45399/39023/35194/37965/32841/36420/41733/45784/45786,TyrRS/GluProRS/TrpRS/ValRS-m/AsnRS/TyrRS-m/HisRS/AspRS/MetRS-m/ThrRS/GlnRS,FALSE
CSF_vs_WRF,Female,GSEA,Higher_in_CS,dme00230,Purine metabolism,75,0.23491733706434742,0.8267631579449572,0.7792592592592592,0.8898305084745762,0.7793613935213244,3234,"tags=32%, list=26%, signal=24%",44750/36649/39975/41476/36627/42051/33495/36969/32352/44010/41174/39396/35923/37741/34594/317967/53426/41897/37756/41679/41896/40326/35419/43493,Adk3/Pgm2b/Adgf-B/Adk1/Adgf-E/Adsl/NTPase/CG30103/AMPdeam/Pgm1/nmdyn-D7/Ak1/Pgm2a/Pde8/Pde1c/CG32305/ACXE/AOX4/CG18128/Adgf-D/AOX3/CG10581/Ac3/Gycalpha99B,FALSE
CSF_vs_WRF,Female,GSEA,Higher_in_CS,dme00040,Pentose and glucuronate interconversions,41,0.24968554311002497,0.7949192765627178,0.7723214285714286,0.8898305084745762,0.7793613935213244,2010,"tags=22%, list=16%, signal=18%",53507/40946/53503/53504/53584/38760/37420/41573/41334,Ugt35C1/CG2767/Ugt303A1/Ugt35E1/Ugt37B1/sgl/Ugt49B1/Ugt37A2/Ugt35A1,FALSE
CSF_vs_WRF,Female,GSEA,Higher_in_WR,dme00071,Fatty acid degradation,31,-0.24128899476449717,-0.7764484384242529,0.7932011331444759,0.8898305084745762,0.7793613935213244,3244,"tags=39%, list=26%, signal=29%",34276/40056/40097/41480/59175/33898/41311/34313/31695/38100/37217/33911,Mtpalpha/CG3961/Aldh7A1/CG4860/CG18814/Acox3/Fdh/yip2/Acat1/Dci/Acadvl/CG9547,FALSE
CSF_vs_WRF,Female,GSEA,Higher_in_WR,dme00380,Tryptophan metabolism,20,-0.2625706144145436,-0.7646716023261203,0.7684478371501272,0.8898305084745762,0.7793613935213244,3244,"tags=45%, list=26%, signal=33%",34276/40097/34198/40048/38121/31695/39988/43689/33911,Mtpalpha/Aldh7A1/CatB/Cat/Trhn/Acat1/CG7430/CG1544/CG9547,FALSE
CSF_vs_WRF,Female,GSEA,Higher_in_CS,dme04130,SNARE interactions in vesicular transport,17,0.29102459844291145,0.7645357644705117,0.7958860759493671,0.8898305084745762,0.7793613935213244,1241,"tags=18%, list=10%, signal=16%",40724/42933/42215,Sec20/Syx18/Vti1b,FALSE
CSF_vs_WRF,Female,GSEA,Higher_in_WR,dme00310,Lysine degradation,28,-0.2404179151743095,-0.7614639598857412,0.7841530054644809,0.8898305084745762,0.7793613935213244,1359,"tags=18%, list=11%, signal=16%",31695/39988/43689/34064/33911,Acat1/CG7430/CG1544/LKRSDH/CG9547,FALSE
CSF_vs_WRF,Female,GSEA,Higher_in_WR,dme03022,Basal transcription factors,32,-0.23373478864251412,-0.7610263069833276,0.7994186046511628,0.8898305084745762,0.7793613935213244,3171,"tags=41%, list=25%, signal=30%",33672/43793/40934/43284/35297/39765/37414/40667/33469/42822/47900/39688/34102,Taf12L/Taf3/Taf7/TfIIA-L/Taf13/Taf4/Xpd/mia/Taf10/TfIIA-S/Taf5/mrn/Trf,FALSE
CSF_vs_WRF,Female,GSEA,Higher_in_WR,dme00760,Nicotinate and nicotinamide metabolism,15,-0.28312617380819527,-0.757509385929945,0.7422680412371134,0.8898305084745762,0.7793613935213244,1455,"tags=27%, list=12%, signal=24%",35918/32328/41254/36121,Nadk2/Nadsyn/Sirt6/CG11883,FALSE
CSF_vs_WRF,Female,GSEA,Higher_in_WR,dme00670,One carbon pool by folate,19,-0.262599035680842,-0.7497980850431991,0.7818181818181819,0.8898305084745762,0.7793613935213244,2260,"tags=53%, list=18%, signal=43%",37699/41561/37143/40097/32471/38342/47895/39988/37026/35407,Mthfs/Gnmt/Cth/Aldh7A1/Ahcy/AhcyL1/Nmdmc/CG7430/Sardh/CG8665,FALSE
CSF_vs_WRF,Female,GSEA,Higher_in_WR,dme00650,Butanoate metabolism,10,-0.3088081948774577,-0.7295851972571734,0.8015267175572519,0.8898305084745762,0.7793613935213244,1571,"tags=50%, list=13%, signal=44%",34276/41480/30972/31695/40188,Mtpalpha/CG4860/CG13377/Acat1/Gabat,FALSE
CSF_vs_WRF,Female,GSEA,Higher_in_CS,dme03440,Homologous recombination,18,0.2886608814121155,0.7600297298929365,0.8193548387096774,0.9019788560585525,0.7900015693883666,3842,"tags=50%, list=31%, signal=35%",31044/41366/38228/36136/41968/33507/35937/318579/41839,mus81/Blm/PolD2/mms4/mtSSB/okr/Rad51D/spn-D/tefu,FALSE
CSF_vs_WRF,Female,GSEA,Higher_in_CS,dme00730,Thiamine metabolism,14,0.28796040486482527,0.7158540235141893,0.8325123152709359,0.904870469133792,0.7925341995627428,2025,"tags=21%, list=16%, signal=18%",32496/39396/41236,Alp11/Ak1/Alp13,FALSE
CSF_vs_WRF,Female,GSEA,Higher_in_CS,dme00531,Glycosaminoglycan degradation,14,0.28707499357707145,0.7136529388438819,0.8357963875205254,0.904870469133792,0.7925341995627428,144,"tags=7%, list=1%, signal=7%",41457,Ect3,FALSE
CSF_vs_WRF,Female,GSEA,Higher_in_CS,dme00785,Lipoic acid metabolism,14,0.27653367320658495,0.6874477853822207,0.8538587848932676,0.9168483673853939,0.8030250867417272,1424,"tags=21%, list=11%, signal=19%",31407/40349/41360,CG7024/ppl/CG5214,FALSE
CSF_vs_WRF,Female,GSEA,Higher_in_WR,dme00410,beta-Alanine metabolism,22,-0.2324912056283978,-0.6912201384980208,0.8697916666666666,0.9263634823848237,0.8113589359577807,9623,"tags=27%, list=77%, signal=6%",34276/40097/41480/33898/40188/31858,Mtpalpha/Aldh7A1/CG4860/Acox3/Gabat/su(r),FALSE
CSF_vs_WRF,Female,GSEA,Higher_in_CS,dme04330,Notch signaling pathway,21,0.24317031946469142,0.6657127479090311,0.9048387096774193,0.9468083730912945,0.8292656702848624,3545,"tags=38%, list=28%, signal=27%",31589/39431/44205/36555/40314/41602/32078/43856,dx/Gcn5/spen/mam/fng/CtBP/dsh/nej,FALSE
CSF_vs_WRF,Female,GSEA,Higher_in_CS,dme03460,Fanconi anemia pathway,19,0.24798257998741396,0.6654727910536165,0.9059967585089141,0.9468083730912945,0.8292656702848624,2711,"tags=26%, list=22%, signal=21%",32608/31044/41366/36136/36705,mei-41/mus81/Blm/mms4/Pms2,FALSE
CSF_vs_WRF,Female,GSEA,Higher_in_WR,dme00640,Propanoate metabolism,22,-0.21728057690487207,-0.645997383235087,0.9114583333333334,0.9468083730912945,0.8292656702848624,2795,"tags=36%, list=22%, signal=28%",41480/38447/32441/33898/39988/40188/41149/42901,CG4860/Scsalpha1/Dbct/Acox3/CG7430/Gabat/BckdhA/CG6432,FALSE
CSF_vs_WRF,Female,GSEA,Higher_in_CS,dme00534,Glycosaminoglycan biosynthesis - heparan sulfate / heparin,12,0.2571766310537089,0.6192142091897593,0.9178981937602627,0.9468083730912945,0.8292656702848624,714,"tags=8%, list=6%, signal=8%",3772101,sotv,FALSE
CSF_vs_WRF,Female,GSEA,Higher_in_WR,dme00562,Inositol phosphate metabolism,41,-0.20023361459642214,-0.6833409513642974,0.9363636363636364,0.9572372601347059,0.8383998501782479,2356,"tags=24%, list=19%, signal=20%",37356/37707/32629/38137/33236/31376/39741/43991/31247/39739,sktl/Mtmr6/CG9784/Sac1/Ipk2/norpA/CG17028/Pten/Pi4KIIIalpha/CG17026,FALSE
CSF_vs_WRF,Female,GSEA,Higher_in_WR,dme00280,"Valine, leucine and isoleucine degradation",28,-0.19627547527458966,-0.6216537587171271,0.9426229508196722,0.9572372601347059,0.8383998501782479,2255,"tags=32%, list=18%, signal=26%",38979/32441/40492/34313/31695/39988/40188/41149/32789,CG6638/Dbct/CG11241/yip2/Acat1/CG7430/Gabat/BckdhA/scu,FALSE
CSF_vs_WRF,Female,GSEA,Higher_in_CS,dme00240,Pyrimidine metabolism,29,0.20814346478055154,0.609171706985377,0.9518633540372671,0.9591853798375537,0.8401061181381548,1819,"tags=17%, list=15%, signal=15%",33495/36969/34124/37644/41174,NTPase/CG30103/CG8349/CG3788/nmdyn-D7,FALSE
CSF_vs_WRF,Female,GSEA,Higher_in_WR,dme04392,Hippo signaling pathway - multiple species,13,-0.2208172137165793,-0.5679287647151522,0.9690721649484536,0.9690721649484536,0.8487654960175288,3044,"tags=46%, list=24%, signal=35%",32351/33218/43673/42634/33245/37247,jub/ex/dco/mats/ds/hpo,FALSE
CSM_vs_WRM,Male,GSEA,Higher_in_WR,dme04146,Peroxisome,79,-0.5739755108311637,-2.1154810042420573,1.5691486356617441e-6,2.0869676854301197e-4,1.6847701140789253e-4,1297,"tags=30%, list=10%, signal=28%",46068/37446/38941/35228/40787/37285/36758/43420/3771779/40293/44183/45460/36857/31641/40294/38598/39251/31587/36232/40048/42022/41605/41894/45707,Acsl/Acox57D-d/Pex2/CG10195/CRAT/Hacl/Pex11ab/wat/Hao/Pex16/ScpX/Pex1/CG8306/CG4586/Pex14/Dhrs4/Sod1/Agxt/Sod3/Cat/CG17560/ry/AOX1/FarO,TRUE
CSM_vs_WRM,Male,GSEA,Higher_in_WR,dme01212,Fatty acid metabolism,52,-0.587697004804977,-2.0134686712651595,7.153323646659963e-5,0.0031713068166859173,0.0025601368840677766,1297,"tags=52%, list=10%, signal=47%",35140/317841/39245/39910/37217/42364/40692/34762/37028/46068/37446/38355/40943/43593/37784/34564/34313/44183/40059/31641/31703/38457/117361/34614/39860/41629/43592,CG17597/Elo68alpha/Elo68beta/beg/Acadvl/Arc42/CG12170/Hacd2/ACOX1/Acsl/Acox57D-d/CPT2/Elovl7/CG9743/Mtpbeta/Ppt2/yip2/ScpX/CG3902/CG4586/spidey/Sc2/FASN2/Hacd1/Baldspot/CG8630/CG15531,TRUE
CSM_vs_WRM,Male,GSEA,Higher_in_WR,dme00330,Arginine and proline metabolism,46,-0.6019687799621751,-1.9962387550754768,6.154823723102951e-5,0.0031713068166859173,0.0025601368840677766,1091,"tags=33%, list=8%, signal=30%",46717/42284/5740402/40443/326113/40097/40026/326114/43416/43638/50001/317911/40028/326112/43628,arg/P5cr/CG34345/P5CS/CG31016/Aldh7A1/CG18231/PH4alphaNE3/CG11828/CG31021/CG15864/CG32201/CG32199/PH4alphaSG1/PH4alphaNE2,TRUE
CSM_vs_WRM,Male,GSEA,Higher_in_WR,dme01040,Biosynthesis of unsaturated fatty acids,26,-0.6923804987608349,-1.9835913556710025,1.2434644374362944e-4,0.004134519254475679,0.003337720332065843,1264,"tags=42%, list=9%, signal=38%",37446/40943/43593/44183/31641/31703/38457/34614/39860/41629/43592,Acox57D-d/Elovl7/CG9743/ScpX/CG4586/spidey/Sc2/Hacd1/Baldspot/CG8630/CG15531,TRUE
CSM_vs_WRM,Male,GSEA,Higher_in_WR,dme00983,Drug metabolism - other enzymes,87,-0.49625062009102966,-1.8567652471255693,2.3878893793847955e-4,0.006351785749163556,0.005127678246257877,2179,"tags=37%, list=16%, signal=31%",48337/53584/42894/35307/53503/41334/32299/53501/37106/35995/37110/38972/53506/37109/37111/44110/40916/37420/38974/34392/246386/36280/43165/42493/48338/37108/37112/31858/41574/246581/41605/41894,GstD4/Ugt37B1/Uck/Ugt37A1/Ugt303A1/Ugt35A1/GstT4/Ugt304A1/GstE1/GstT1/GstE5/GstO3/Ugt35E2/GstE4/GstE6/Mgstl/pyd3/Ugt49B1/GstO2/RnrL/GstT2/RnrS/Cmpk/r-l/GstD5/GstE3/GstE7/su(r)/Ugt37A3/GstE9/ry/AOX1,TRUE
CSM_vs_WRM,Male,GSEA,Higher_in_WR,dme00260,"Glycine, serine and threonine metabolism",26,-0.671926797913158,-1.9249938297939098,3.354774784285866e-4,0.007436417438500337,0.006003281192932602,1396,"tags=42%, list=10%, signal=38%",39333/37026/37815/41561/34474/40097/34554/39988/39085/31587/42783,Gcat/Sardh/Alas/Gnmt/CG6415/Aldh7A1/CG6287/CG7430/aay/Agxt/CG10184,TRUE
CSM_vs_WRM,Male,GSEA,Higher_in_WR,dme00062,Fatty acid elongation,16,-0.7448011183154566,-1.9059621575162076,6.482627818653526e-4,0.012316992855441699,0.009943278759438491,1163,"tags=69%, list=9%, signal=63%",317841/39245/34762/40943/37784/34564/34313/31703/38457/34614/39860,Elo68alpha/Elo68beta/Hacd2/Elovl7/Mtpbeta/Ppt2/yip2/spidey/Sc2/Hacd1/Baldspot,TRUE
CSM_vs_WRM,Male,GSEA,Higher_in_WR,dme00510,N-Glycan biosynthesis,35,-0.5784758460975079,-1.7820505199292411,0.002441441005715616,0.03247116537601769,0.026213366587683456,3217,"tags=49%, list=24%, signal=37%",43436/35240/2768916/39609/31623/42146/34711/43031/41191/38374/36856/34134/34137/31849/32122/43005/37323,alpha-Man-Ib/Dpm1/CG33303/Mgat4b/xit/Alg1/Alg7/Alg9/Alg12/Alg2/Dolk/wol/Ostgamma/Ost48/FucT6/Stt3B/Mgat1,TRUE
CSM_vs_WRM,Male,GSEA,Higher_in_WR,dme00982,Drug metabolism - cytochrome P450,63,-0.492566812851929,-1.7471215692430713,0.00222569247211666,0.03247116537601769,0.026213366587683456,2179,"tags=40%, list=16%, signal=33%",48337/53584/45398/35307/53503/41334/32299/53501/37106/35995/37110/38972/53506/37109/37111/44110/37420/38974/246386/41311/48338/37108/37112/41574/246581,GstD4/Ugt37B1/Aldh-III/Ugt37A1/Ugt303A1/Ugt35A1/GstT4/Ugt304A1/GstE1/GstT1/GstE5/GstO3/Ugt35E2/GstE4/GstE6/Mgstl/Ugt49B1/GstO2/GstT2/Fdh/GstD5/GstE3/GstE7/Ugt37A3/GstE9,TRUE
CSM_vs_WRM,Male,GSEA,Higher_in_WR,dme04140,Autophagy - animal,99,-0.42458744555824085,-1.6125763271514322,0.002342370409175493,0.03247116537601769,0.026213366587683456,2741,"tags=32%, list=20%, signal=26%",42692/317987/31684/41107/34284/37141/40044/35411/33819/43991/42862/42524/40168/326166/35396/40664/41140/37733/41096/31118/31746/31903/31706/32617/37520/41071/40177/38543/39454/38494/318725/38654,Takl2/Vps11/Rab39/Vps16A/Pka-C1/Atg7/Atg3/Lamp1/bchs/Pten/Tsc1/Rab1/Rab8/Tap42/Atg18b/Itpr/Ras85D/Pi3K59F/Vps15/dor/Traf6/Lst8/Ykt6/eIF2alpha/Plekhm1/RagA-B/Grasp65/TP53INP/Atg1/Ras64B/Takl1/S6k,TRUE
CSM_vs_WRM,Male,GSEA,Higher_in_WR,dme00980,Metabolism of xenobiotics by cytochrome P450,64,-0.4712434640321609,-1.6860961610227894,0.0027726001380845087,0.033523256215021786,0.027062699912403815,2179,"tags=39%, list=16%, signal=33%",48337/53584/45398/35307/53503/41334/32299/53501/37106/35995/37110/38972/53506/37109/37111/44110/37420/38974/246386/41311/48338/37108/37112/41574/246581,GstD4/Ugt37B1/Aldh-III/Ugt37A1/Ugt303A1/Ugt35A1/GstT4/Ugt304A1/GstE1/GstT1/GstE5/GstO3/Ugt35E2/GstE4/GstE6/Mgstl/Ugt49B1/GstO2/GstT2/Fdh/GstD5/GstE3/GstE7/Ugt37A3/GstE9,TRUE
CSM_vs_WRM,Male,GSEA,Higher_in_WR,dme00071,Fatty acid degradation,31,-0.569474433919705,-1.7020419040425034,0.004629414181917542,0.05130934051625276,0.04142107425926221,2541,"tags=52%, list=19%, signal=42%",37217/42364/34315/37028/46068/37446/38355/3771877/37784/33911/34313/40097/59175/40059/41311/31641,Acadvl/Arc42/CG4598/ACOX1/Acsl/Acox57D-d/CPT2/Adh/Mtpbeta/CG9547/yip2/Aldh7A1/CG18814/CG3902/Fdh/CG4586,FALSE
CSM_vs_WRM,Male,GSEA,Higher_in_WR,dme04517,IgSF CAM signaling,101,-0.40951135465842403,-1.563262220867288,0.005434135789109621,0.05559538922704458,0.044881121497099705,3002,"tags=35%, list=22%, signal=27%",41398/48973/38244/38898/31364/40904/38831/41183/37238/32400/31166/36746/36084/41917/48632/32780/32623/47594/36002/48311/31746/41136/36513/41062/33864/39258/38418/31248/34780/35526/38001/31792/40848/37368/35215,Csk/Src64B/Rap1/Arp3/Fas2/alphaTub84D/Rac2/alphaTub85E/betaTub56D/NetB/Actn/sli/CAP/Arpc3A/Act87E/Sh/Arp2/aPKC/sqa/Pkc53E/Traf6/RhoL/CG6191/pyd/Arpc4/IRSp53/kst/sgg/p38b/Act42A/zip/Nrg/alphaTub84B/Act57B/Pax,FALSE
CSM_vs_WRM,Male,GSEA,Higher_in_WR,dme05100,Bacterial invasion of epithelial cells,38,-0.5339404324462648,-1.6860530186776694,0.006114292657208267,0.05808578024347854,0.04689156774701077,2974,"tags=37%, list=22%, signal=29%",48973/38898/38831/33114/45928/41917/48632/32623/41136/33864/35526/53573/37368/35215,Src64B/Arp3/Rac2/Septin1/shi/Arpc3A/Act87E/Arp2/RhoL/Arpc4/Act42A/Ilk/Act57B/Pax,FALSE
CSM_vs_WRM,Male,GSEA,Higher_in_WR,dme00040,Pentose and glucuronate interconversions,44,-0.48905401881169364,-1.6015876006790617,0.007457613083054496,0.06612416933641653,0.053380809436600604,2152,"tags=32%, list=16%, signal=27%",53584/35307/53503/41313/41334/53501/53506/40946/37420/35586/38463/36624/38124/41574,Ugt37B1/Ugt37A1/Ugt303A1/Sodh2/Ugt35A1/Ugt304A1/Ugt35E2/CG2767/Ugt49B1/CG9436/CG10863/Had2/CG9119/Ugt37A3,FALSE
CSM_vs_WRM,Male,GSEA,Higher_in_WR,dme00830,Retinol metabolism,34,-0.5399005671741564,-1.6592833713864619,0.010338367042805026,0.08593767604331679,0.06937588410303373,2152,"tags=38%, list=16%, signal=32%",53584/35307/53503/41334/53501/53506/3771877/37420/59175/41311/38598/31726/41574,Ugt37B1/Ugt37A1/Ugt303A1/Ugt35A1/Ugt304A1/Ugt35E2/Adh/Ugt49B1/CG18814/Fdh/Dhrs4/Ldsdh1/Ugt37A3,FALSE
CSM_vs_WRM,Male,GSEA,Higher_in_WR,dme04518,Integrin signaling,40,-0.5026460968215496,-1.5994765181146122,0.011305865220174552,0.08845176907548326,0.07140546454847085,3639,"tags=42%, list=27%, signal=31%",33941/38978/31201/33727/48973/38831/31166/38723/48632/38488/41136/31248/35526/39907/53573/37368/35215,Tsp/rhea/Vinc/Col4a1/Src64B/Rac2/Actn/LanA/Act87E/Fit1/RhoL/sgg/Act42A/Fit2/Ilk/Act57B/Pax,FALSE
CSM_vs_WRM,Male,GSEA,Higher_in_WR,dme00380,Tryptophan metabolism,19,-0.612649184168467,-1.6627431955125718,0.014223906181690404,0.10509886234249022,0.08484435266271469,1140,"tags=32%, list=8%, signal=29%",38121/43689/33911/40097/39988/40048,Trhn/CG1544/CG9547/Aldh7A1/CG7430/Cat,FALSE
CSM_vs_WRM,Male,GSEA,Higher_in_WR,dme00513,Various types of N-glycan biosynthesis,29,-0.5456668552538495,-1.6331070020570777,0.01584593596906579,0.11092155178346054,0.08954490132103661,3217,"tags=52%, list=24%, signal=40%",43436/2768916/39609/42178/42146/3355171/43031/41191/38374/34137/31849/32122/31808/43005/37323,alpha-Man-Ib/CG33303/Mgat4b/CG7985/Alg1/FucTC/Alg9/Alg12/Alg2/Ostgamma/Ost48/FucT6/Hexo2/Stt3B/Mgat1,FALSE
CSM_vs_WRM,Male,GSEA,Higher_in_WR,dme03050,Proteasome,42,-0.48343752955625074,-1.5535356105218279,0.0181727172388285,0.11509387584591382,0.09291314076995023,1850,"tags=43%, list=14%, signal=37%",32047/50428/46058/39855/41531/37378/36018/39628/33738/35701/33105/40717/42805/42641/40174/31567/32584/39845,Rpt3/Sem1/Prosbeta1/Prosbeta6/Prosalpha2/Prosalpha3/Prosalpha7/Prosbeta2/Rpn11/Rpt1/Rpt6/Rpn5/Rpt5/Rpn7/Rpn1/Rpt4/Prosalpha4/Rpn12,FALSE
CSM_vs_WRM,Male,GSEA,Higher_in_WR,dme04624,Toll and Imd signaling pathway,83,-0.3962240627774526,-1.4689968047006199,0.0181727172388285,0.11509387584591382,0.09291314076995023,1480,"tags=23%, list=11%, signal=21%",35045/35861/42253/41379/32257/44497/38833/38858/39020/318005/34780/36047/45908/38613/32832/42791/38419/318725/35862,Dif/PGRP-SC1b/Mekk1/PGRP-LB/lic/Tollo/sphinx2/PGRP-SD/GNBP3/sphinx1/p38b/Def/nec/Uev1A/psh/SPE/Drs/Takl1/PGRP-SC2,FALSE
CSM_vs_WRM,Male,GSEA,Higher_in_WR,dme00630,Glyoxylate and dicarboxylate metabolism,33,-0.5119852793556823,-1.5597146208740176,0.025029896498973393,0.13315904937453846,0.10749681864822258,716,"tags=21%, list=5%, signal=20%",3771779/34474/39988/31960/31587/41269/40048,Hao/CG6415/CG7430/Gip/Agxt/Irp-1B/Cat,FALSE
CSM_vs_WRM,Male,GSEA,Higher_in_WR,dme00350,Tyrosine metabolism,24,-0.5444145444790184,-1.5580774054254518,0.023275521358441856,0.13315904937453846,0.10749681864822258,3124,"tags=50%, list=23%, signal=39%",35190/41132/38746/40263/35910/45398/3771877/59175/41596/41311/34552/37044,Ddc/GstZ1/ple/Hpd/PPO2/Aldh-III/Adh/CG18814/yellow-f2/Fdh/hgo/PPO1,FALSE
CSM_vs_WRM,Male,GSEA,Higher_in_WR,dme04820,Cytoskeleton in muscle cells,52,-0.44194757091847453,-1.5141264650163995,0.022107418985434554,0.13315904937453846,0.10749681864822258,3639,"tags=42%, list=27%, signal=31%",33941/39561/38978/31201/33727/19835139/33351/35007/41852/32314/33611/48632/44013/37387/33952/38418/48971/41853/35526/38001/37853/37368,Tsp/Frl/rhea/Vinc/Col4a1/CG45062/Eno/Mhc/Tm1/up/capu/Act87E/sls/cpa/nrv1/kst/Atpalpha/Tm2/Act42A/zip/Mlp60A/Act57B,FALSE
CSM_vs_WRM,Male,GSEA,Higher_in_WR,dme04391,Hippo signaling pathway - fly,53,-0.4412258553124302,-1.5101084667506963,0.024371055065168724,0.13315904937453846,0.10749681864822258,1724,"tags=28%, list=13%, signal=25%",35430/48632/47594/47877/41273/43651/43673/38657/326198/42186/39013/35526/37089/33619/37368,tsh/Act87E/aPKC/tws/hth/wts/dco/vn/Krn/14-3-3epsilon/dally/Act42A/fj/ed/Act57B,FALSE
CSM_vs_WRM,Male,GSEA,Higher_in_WR,dme04215,Apoptosis - multiple species,20,-0.5902854109643416,-1.615387256968804,0.0262546023193856,0.13430238878762632,0.1084198152460458,2387,"tags=35%, list=18%, signal=29%",34996/40009/37729/36251/42008/53585/43514,Cyt-c-p/hid/Dcp-1/Buffy/Decay/Debcl/Drice,FALSE
CSM_vs_WRM,Male,GSEA,Higher_in_WR,dme00480,Glutathione metabolism,75,-0.3977333317734431,-1.457100592248897,0.03307078191492132,0.16280391154381044,0.1314285633357235,1811,"tags=29%, list=13%, signal=26%",32974/32299/326133/37106/35995/37110/38972/33493/37109/37111/44110/38974/34392/246386/36280/31995/48338/37194/37108/37112/37569/246581,Zw/GstT4/CG31343/GstE1/GstT1/GstE5/GstO3/Prx6a/GstE4/GstE6/Mgstl/GstO2/RnrL/GstT2/RnrS/CG2111/GstD5/Gpxl/GstE3/GstE7/CG4752/GstE9,FALSE
CSM_vs_WRM,Male,GSEA,Higher_in_WR,dme04142,Lysosome biogenesis,167,-0.328545800255135,-1.3470378738661082,0.03427450769343378,0.16280391154381044,0.1314285633357235,3996,"tags=40%, list=29%, signal=29%",38813/35614/36391/42835/42490/36381/5740347/36487/43648/31381/39965/40679/42192/41643/42841/39219/45668/37884/41150/318103/33211/317987/33658/41370/41107/44819/31902/41710/32263/8673965/42341/40961/31647/35411/246439/42214/317926/45467/31144/39231/34204/31557/31118/31155/42525/246490/39234/39232/33374/34564/31903/42576/38521/32987/36394/34013/36731/37520/41071/59178/35989/42985/31808/44702/31342/39994/44307,Cln7/Tsp42Ee/CG8785/AP-1sigma/Mvl/ClC-b/Blos3/CG18278/Npc2g/rb/anchor/Vha26/Vps39/Lip3/Rab7/Blos4/Vha68-1/CG3376/AP-1mu/CG32590/AP-2alpha/Vps11/FIG4/Sptz/Vps16A/g/Gga/Npc2b/MFS10/CG42638/Vha13/Arl8/cm/Lamp1/Blos1/Vha100-4/CG32225/mtd/Vps26/CG43693/LManIV/Rbcn-3A/dor/Rbcn-3B/AP-2sigma/CG30160/Blos2/CG7888/Npc2a/Ppt2/Lst8/CG6656/VhaM9.7-a/AP-1-2beta/CG8646/CG5149/Vha14-1/Plekhm1/RagA-B/Tsp42Ea/CG1827/Osbp/Hexo2/Vha36-1/VhaAC39-1/CG7402/Vha16-1,FALSE
CSM_vs_WRM,Male,GSEA,Higher_in_WR,dme04148,Efferocytosis,54,-0.416890837688893,-1.4324682799637845,0.037726378725806135,0.17302097829421434,0.1396766108904619,4067,"tags=50%, list=30%, signal=35%",33418/43775/35766/32610/42192/41643/42841/2768679/318096/317987/40081/41107/38831/32615/34772/49297/326219/34708/36488/32817/41084/31118/41136/46717/34780/42008/43514,Rab5/Crk/Odc1/CG4301/Vps39/Lip3/Rab7/p38c/CG32579/Vps11/Mkp3/Vps16A/Rac2/Cdc50/kuz/SERCA/Sk2/Sirt1/ATP8A/CrebB/tgo/dor/RhoL/arg/p38b/Decay/Drice,FALSE
CSM_vs_WRM,Male,GSEA,Higher_in_WR,dme00053,Ascorbate and aldarate metabolism,32,-0.47703247646405217,-1.4405342746371077,0.04816955684007707,0.20666293741065322,0.16683513744271175,2152,"tags=31%, list=16%, signal=26%",53584/35307/53503/41334/53501/53506/40946/37420/40097/41574,Ugt37B1/Ugt37A1/Ugt303A1/Ugt35A1/Ugt304A1/Ugt35E2/CG2767/Ugt49B1/Aldh7A1/Ugt37A3,FALSE
CSM_vs_WRM,Male,GSEA,Higher_in_WR,dme03040,Spliceosome,126,-0.3436634367404979,-1.3566384936883151,0.0478755698102195,0.20666293741065322,0.16683513744271175,3669,"tags=41%, list=27%, signal=30%",39655/31558/40781/7354399/38093/42274/35924/41609/38720/31442/32464/42931/37123/36306/53435/44029/3772392/43427/39955/33460/42028/43004/39737/40678/42852/36514/43912/39456/41840/32373/37810/41068/36304/44920/31208/3354996/43862/35112/37402/40785/43358/32168/40529/31707/40739/36789/43348/34426/39218/40987/48581/36561,Prp31/Spx/SmD2/Spf30/Sf3b3/snRNP-U1-C/tsu/Hsc70-2/Sf3b6/snf/Prp5/CG13625/Prp19/SmD3/c12.1/Ref1/snRNA:U2:34ABa/Slu7/U4-U6-60K/Cwc25/CG10324/PQBP1/Brr2/noi/Hsp68/fand/SF1/Sf3a2/Hsc70-4/Prp16/thoc5/CG11964/Prp8/Hsp70Ab/crn/CG17168/HnRNP-K/CG10333/mago/CG42724/CG4849/Tango4/CG14641/mahe/Rm62/CG8435/BCAS2/SmB/CG6418/CG7483/Hsp70Aa/pea,FALSE
CSM_vs_WRM,Male,GSEA,Higher_in_WR,dme04136,Autophagy - other,20,-0.5451090290571723,-1.491756636436314,0.050980392156862744,0.21188725490196078,0.17105263157894737,2504,"tags=40%, list=18%, signal=33%",37141/40044/326166/35396/37733/41096/31903/39454,Atg7/Atg3/Tap42/Atg18b/Pi3K59F/Vps15/Lst8/Atg1,FALSE
CSM_vs_WRM,Male,GSEA,Higher_in_WR,dme00640,Propanoate metabolism,22,-0.5234152025188493,-1.456508695740278,0.05325443786982249,0.21463152232383,0.17326802751903966,3563,"tags=59%, list=26%, signal=44%",40348/35761/38447/3355069/42364/32441/30995/37028/41149/37446/39988/31641/42901,AcCoAS/ACC/Scsalpha1/BckdhB/Arc42/Dbct/CG17896/ACOX1/BckdhA/Acox57D-d/CG7430/CG4586/CG6432,FALSE
CSM_vs_WRM,Male,GSEA,Higher_in_WR,dme00410,beta-Alanine metabolism,21,-0.5449228319702941,-1.5124058599225079,0.059377831271832784,0.23227210468099294,0.18750894085841932,2256,"tags=43%, list=17%, signal=36%",42364/45398/30995/37028/37446/40916/40097/31641/31858,Arc42/Aldh-III/CG17896/ACOX1/Acox57D-d/pyd3/Aldh7A1/CG4586/su(r),FALSE
CSM_vs_WRM,Male,GSEA,Higher_in_WR,dme04977,Vitamin digestion and absorption,10,-0.6496443647891326,-1.5081309552514859,0.06352459016393443,0.2386752950133232,0.19267811706655294,1120,"tags=40%, list=8%, signal=37%",41308/246553/41307/246552,CG6574/CG30345/CG14694/CG30344,FALSE
CSM_vs_WRM,Male,GSEA,Higher_in_CS,dme00910,Nitrogen metabolism,14,0.5824897917848608,1.4979289899430954,0.06639839034205232,0.2386752950133232,0.19267811706655294,2864,"tags=50%, list=21%, signal=40%",36126/37366/34786/39390/39878/42756/50102,CAH13/CAH15/CAH1/CAH2/CG9674/bb8/CAH5,FALSE
CSM_vs_WRM,Male,GSEA,Higher_in_WR,dme04145,Phagocytosis,163,-0.3209188898863011,-1.3067987649361472,0.06504048779363159,0.2386752950133232,0.19267811706655294,2741,"tags=27%, list=20%, signal=22%",41107/40904/38831/41183/37238/37141/40044/5740248/41135/42341/35411/45928/42214/36963/326133/48632/32070/38196/31460/37733/41566/41096/31118/46080/41136/246490/35709/38521/44086/36731/41236/59178/35526/33689/246428/31995/44702/40848/31342/37368/38128/38129/44307/38127,Vps16A/alphaTub84D/Rac2/alphaTub85E/betaTub56D/Atg7/Atg3/robls54B/phu/Vha13/Lamp1/shi/Vha100-4/robl/CG31343/Act87E/Gapvd1/nSyb/CG16756/Pi3K59F/Arp1/Vps15/dor/Sec61beta/RhoL/CG30160/DCTN4-p62/VhaM9.7-a/DCTN2-p50/Vha14-1/Alp13/Tsp42Ea/Act42A/Mon1/CG30062/CG2111/Vha36-1/alphaTub84B/VhaAC39-1/Act57B/LysE/LysP/Vha16-1/LysD,FALSE
CSM_vs_WRM,Male,GSEA,Higher_in_WR,dme00785,Lipoic acid metabolism,15,-0.5666214306477898,-1.4476568105929806,0.074,0.23899371069182387,0.19293516810895162,2883,"tags=53%, list=21%, signal=42%",41360/3355069/32441/36795/41149/43689/34474/39988,CG5214/BckdhB/Dbct/Lipt1/BckdhA/CG1544/CG6415/CG7430,FALSE
CSM_vs_WRM,Male,GSEA,Higher_in_WR,dme00670,One carbon pool by folate,21,-0.5165904285406141,-1.4337707019538057,0.07392996108949416,0.23899371069182387,0.19293516810895162,1389,"tags=62%, list=10%, signal=56%",42973/33081/47895/37143/41279/35407/32471/38342/37026/41561/34474/40097/39988,CG11089/Cbs/Nmdmc/Cth/pug/CG8665/Ahcy/AhcyL1/Sardh/Gnmt/CG6415/Aldh7A1/CG7430,FALSE
CSM_vs_WRM,Male,GSEA,Higher_in_WR,dme00562,Inositol phosphate metabolism,41,-0.4353814499397862,-1.391283492235309,0.07386363636363637,0.23899371069182387,0.19293516810895162,3722,"tags=46%, list=27%, signal=34%",39841/39404/34300/39741/32506/31247/33658/2768892/31544/37356/37360/326119/30995/43991/41701/37733/40346/39739/35671,Mipp1/INPP5E/IP3K1/CG17028/Pis/Pi4KIIIalpha/FIG4/CG42271/Mipp2/sktl/Ipk1/5PtaseI/CG17896/Pten/Ipp/Pi3K59F/CG9391/CG17026/Inos,FALSE
CSM_vs_WRM,Male,GSEA,Higher_in_WR,dme03008,Ribosome biogenesis in eukaryotes,70,-0.36187378593924,-1.3090723864973584,0.07547169811320754,0.23899371069182387,0.19293516810895162,4428,"tags=54%, list=33%, signal=37%",31097/34680/2768905/37776/31387/36831/48448/37397/32338/44005/36268/39689/36144/41973/36019/43009/39834/34184/43333/117463/35747/36989/34167/41647/36379/32132/42196/31475/42811/39904/37662/35885/31195/37948/31213/42060/42633/33966,Ns3/CG5776/Ste:CG33246/eIF6/CG3527/wcd/CkIIalpha/Gar1/Rtc1/NHP2/CG13185/CG12301/CG12325/Mat89Ba/CG1671/CG11920/CG33158/CG13097/CG12877/Ste12DOR/drosha/Ns2/emb/CG9799/Ak6/CkIIbeta/CG8064/Pop1/CG10214/CG7728/Fib/CG30349/Nmd3/CG4806/CG3071/Ns1/Nop56/nop5,FALSE
CSM_vs_WRM,Male,GSEA,Higher_in_WR,dme04144,Endocytosis,110,-0.3319027094540886,-1.2872357937750183,0.07532956685499058,0.23899371069182387,0.19293516810895162,3254,"tags=37%, list=24%, signal=29%",33458/41609/39572/37961/35425/33211/48973/38898/42665/40487/35847/37356/42852/34110/53554/45928/41840/44263/41917/44920/36383/31144/40168/34505/31738/32623/47594/43617/31746/42525/41569/37395/43164/36122/33864/37387/35933/48581/36337/33025/36810,Hrs/Hsc70-2/nuf/Eps-15/step/AP-2alpha/Src64B/Arp3/Efa6/ArfGAP3/Vps25/sktl/Hsp68/Rbsn-5/krz/shi/Hsc70-4/Sara/Arpc3A/Hsp70Ab/Amph/Vps26/Rab8/Stam/Smox/Arp2/aPKC/CG2224/Traf6/AP-2sigma/Past1/Rbpn-5/Vps2/Git/Arpc4/cpa/shrb/Hsp70Aa/garz/Rab10/Khc,FALSE
CSM_vs_WRM,Male,GSEA,Higher_in_WR,dme01232,Nucleotide metabolism,51,-0.40087269397100633,-1.3620705522143384,0.08224299065420561,0.2543794827211476,0.20535581509740444,1523,"tags=24%, list=11%, signal=21%",39479/39213/42466/41679/37875/34392/36280/43165/40528/36121/41605/41894,Adk2/CG11811/Adss/Adgf-D/cN-IIIB/RnrL/RnrS/Cmpk/DhpD/CG11883/ry/AOX1,FALSE
CSM_vs_WRM,Male,GSEA,Higher_in_WR,dme00230,Purine metabolism,78,-0.3559749435037772,-1.3073026346288497,0.08646616541353383,0.26136363636363635,0.21099399215742703,2136,"tags=27%, list=16%, signal=23%",31194/41927/35419/43682/43456/36379/39479/39213/42466/41760/41679/246393/41825/43493/34392/36280/34196/40528/36121/41605/41894,pn/CG31183/Ac3/Gycbeta100B/Mesh1/Ak6/Adk2/CG11811/Adss/Pde6/Adgf-D/CG30016/Gyc88E/Gycalpha99B/RnrL/RnrS/PrBP/DhpD/CG11883/ry/AOX1,FALSE
CSM_vs_WRM,Male,GSEA,Higher_in_WR,dme00563,Glycosylphosphatidylinositol (GPI)-anchor biosynthesis,18,-0.5235887156908096,-1.3894314963295398,0.08924949290060852,0.2618539786710418,0.21138983636285133,4757,"tags=56%, list=35%, signal=36%",37118/31517/35685/40139/36049/33425/31163/31772/31487/42388,PIG-O/GAA1/PIG-G/PIG-F/PIG-N/PIG-Wa/PIG-K/PIG-T/PGAP1/PIG-L,FALSE
CSM_vs_WRM,Male,GSEA,Higher_in_WR,dme04013,MAPK signaling pathway - fly,91,-0.34092806813611826,-1.2773521042301943,0.09056603773584905,0.2618539786710418,0.21138983636285133,2772,"tags=29%, list=20%, signal=23%",32256/38831/31391/43162/33212/38424/41020/34167/40009/33432/37149/41140/31746/41136/42757/38657/42253/326198/32257/37461/53560/39833/33834/34780/32039/318725,hep/Rac2/peb/gro/ebi/sty/Mkk4/emb/hid/dpp/edl/Ras85D/Traf6/RhoL/pnt/vn/Mekk1/Krn/lic/PTP-ER/cic/aos/chic/p38b/sev/Takl1,FALSE
CSM_vs_WRM,Male,GSEA,Higher_in_WR,dme01210,2-Oxocarboxylic acid metabolism,31,-0.45550434016067093,-1.3614087450605497,0.09302325581395349,0.2632360217714003,0.21250553399828123,2362,"tags=35%, list=17%, signal=29%",3355069/42586/32441/42689/41149/43102/43689/41274/39988/31587/41269,BckdhB/Idh3b/Dbct/Irp-1A/BckdhA/Idh3g/CG1544/CG6465/CG7430/Agxt/Irp-1B,FALSE
CSM_vs_WRM,Male,GSEA,Higher_in_WR,dme03082,ATP-dependent chromatin remodeling,62,-0.36234375935143937,-1.2824569307721703,0.10227272727272728,0.2833806818181818,0.22876794258373206,3065,"tags=34%, list=23%, signal=26%",38637/41942/35880/3772278/42954/32268/39102/3772329/36241/39212/45655/38565/33973/48632/35485/37339/40657/32514/35526/37368/35560,Eaf6/mor/MrgBP/His2A:CG33862/polybromo/Bap60/Uch-L5/Chrac-14/tou/simj/dom/HDAC1/Gas41/Act87E/d4/DMAP1/Snr1/Arp6/Act42A/Act57B/Bap170,FALSE
CSM_vs_WRM,Male,GSEA,Higher_in_WR,dme03060,Protein export,26,-0.4788935035625465,-1.3719754031977673,0.10714285714285714,0.2889138576779026,0.23323477232406858,2075,"tags=46%, list=15%, signal=39%",35052/38593/38819/36759/32133/38883/46080/38815/40815/47251/39028/42439,Sgt/Srp54k/Sec63/CG8320/Hsc70-3/Srp9/Sec61beta/Srp19/twr/SrpRalpha/Srp68/Srp72,FALSE
CSM_vs_WRM,Male,GSEA,Higher_in_WR,dme01240,Biosynthesis of cofactors,119,-0.31934353234584334,-1.251491209611147,0.10861423220973783,0.2889138576779026,0.23323477232406858,2856,"tags=33%, list=21%, signal=26%",43739/40263/40936/32212/36507/39828/41192/41135/36730/40692/37809/53584/35307/53503/41334/36379/36795/53501/37415/34613/42466/39436/33777/53506/31781/37815/35986/32967/34394/40946/38647/37420/41236/39988/43165/42493/46140/31726/41574,awd/Hpd/Rfk/Fpgs1/Nadk1b/GluRS-m/Mpi/phu/Gmppa/CG12170/CG3803/Ugt37B1/Ugt37A1/Ugt303A1/Ugt35A1/Ak6/Lipt1/Ugt304A1/Pu/Nfs1/Adss/Pmm2/Coq6/Ugt35E2/Sptr/Alas/Urod/CG12237/Cox10/CG2767/Ppat-Dpck/Ugt49B1/Alp13/CG7430/Cmpk/r-l/Hmbs/Ldsdh1/Ugt37A3,FALSE
CSM_vs_WRM,Male,GSEA,Higher_in_WR,dme04150,mTOR signaling pathway,83,-0.3408635396623492,-1.2637482112846283,0.1111111111111111,0.289760348583878,0.23391812865497078,1801,"tags=18%, list=13%, signal=16%",43991/42862/41140/48311/42869/38793/31903/36731/31248/41071/39454/44702/35042/326255/38654,Pten/Tsc1/Ras85D/Pkc53E/TBC1d7/BHD/Lst8/Vha14-1/sgg/RagA-B/Atg1/Vha36-1/CLIP-190/eIF4EHP/S6k,FALSE
CSM_vs_WRM,Male,GSEA,Higher_in_WR,dme00592,alpha-Linolenic acid metabolism,11,-0.5920025410065433,-1.4023746976707623,0.11728395061728394,0.2999762583095916,0.24216524216524216,2917,"tags=45%, list=21%, signal=36%",43461/31747/37028/37446/31641,CG14507/GIIIspla2/ACOX1/Acox57D-d/CG4586,FALSE
CSM_vs_WRM,Male,GSEA,Higher_in_WR,dme00280,"Valine, leucine and isoleucine degradation",28,-0.4529196366697957,-1.3430014849942604,0.1252408477842004,0.3142836368924274,0.2537153222241994,2362,"tags=43%, list=17%, signal=35%",3355069/42364/32441/30995/41149/36392/37784/38979/34313/40097/39988/40059,BckdhB/Arc42/Dbct/CG17896/BckdhA/CG8778/Mtpbeta/CG6638/yip2/Aldh7A1/CG7430/CG3902,FALSE
CSM_vs_WRM,Male,GSEA,Higher_in_WR,dme03440,Homologous recombination,17,-0.5072114760327826,-1.3361671216839048,0.1285140562248996,0.3165253607020675,0.25552502407289973,2022,"tags=29%, list=15%, signal=25%",31044/38228/50428/41366/31565,mus81/PolD2/Sem1/Blm/Top3beta,FALSE
CSM_vs_WRM,Male,GSEA,Higher_in_WR,dme00240,Pyrimidine metabolism,28,-0.445883704558102,-1.3221384741877484,0.13872832369942195,0.3294797687861271,0.265982876265809,929,"tags=29%, list=7%, signal=27%",40916/37875/34392/36280/43165/42493/36121/31858,pyd3/cN-IIIB/RnrL/RnrS/Cmpk/r-l/CG11883/su(r),FALSE
CSM_vs_WRM,Male,GSEA,Higher_in_WR,dme04320,Dorso-ventral axis formation,27,-0.44783407584265433,-1.3091734664068395,0.13872832369942195,0.3294797687861271,0.265982876265809,1903,"tags=30%, list=14%, signal=26%",47781/33611/31293/44543/41140/42757/39833/41666,fs(1)K10/capu/N/enc/Ras85D/pnt/aos/sqd,FALSE
CSM_vs_WRM,Male,GSEA,Higher_in_WR,dme03272,Virion - Hepatitis viruses,18,-0.4961422582213567,-1.316597664491868,0.1440162271805274,0.3360378634212306,0.27127710383035625,2190,"tags=72%, list=16%, signal=61%",35613/34211/32777/43330/38750/37455/35614/40250/35411/43127/246490/35933/59178,Tsp42Ed/Tsp29Fa/Vps4/ALiX/Ist1/Egfr/Tsp42Ee/CG5498/Lamp1/Tsp96F/CG30160/shrb/Tsp42Ea,FALSE
CSM_vs_WRM,Male,GSEA,Higher_in_WR,dme00512,Mucin type O-glycan biosynthesis,21,-0.4720796036782952,-1.3102331505754754,0.15369649805447472,0.3406939040207523,0.2750358386237968,192,"tags=33%, list=1%, signal=33%",43394/38106/39715/326151/33485/39713/39714,CG10000/CG34056/Pgant8/Pgant5/CG2983/CG7304/CG7579,FALSE
CSM_vs_WRM,Male,GSEA,Higher_in_WR,dme04620,Toll-like receptor signaling pathway,29,-0.43326688621990717,-1.2967091162537783,0.15076335877862596,0.3406939040207523,0.2750358386237968,3120,"tags=41%, list=23%, signal=32%",2768679/42692/32256/38831/44432/41020/34969/31746/41136/32257/34780/318725,p38c/Takl2/hep/Rac2/IKKbeta/Mkk4/cact/Traf6/RhoL/lic/p38b/Takl1,FALSE
CSM_vs_WRM,Male,GSEA,Higher_in_WR,dme00860,Porphyrin metabolism,43,-0.3907067715813176,-1.270079411973209,0.15225563909774437,0.3406939040207523,0.2750358386237968,2208,"tags=30%, list=16%, signal=25%",37809/53584/35307/53503/41334/53501/53506/37815/35986/34394/37420/46140/41574,CG3803/Ugt37B1/Ugt37A1/Ugt303A1/Ugt35A1/Ugt304A1/Ugt35E2/Alas/Urod/Cox10/Ugt49B1/Hmbs/Ugt37A3,FALSE
CSM_vs_WRM,Male,GSEA,Higher_in_CS,dme04814,Motor proteins,94,0.300728675199564,1.1673150911177317,0.16666666666666666,0.36338797814207646,0.2933563416738567,1957,"tags=22%, list=14%, signal=19%",35438/26067054/326131/2768886/35293/37274/37674/35166/38851/32785/3355181/37904/41440/42159/41124/38226/32057/33411/43517/34944/35073,CG10834/kl-5/CG31275/Sdic4/neb/CG10822/Klp59D/robl37BC/mmm/Dhc16F/kl-2/CG16837/Dnali1/CG7794/betaTub85D/Dhc62B/Dlic/CG17237/ncd/CG10839/btv,FALSE
CSM_vs_WRM,Male,GSEA,Higher_in_WR,dme01230,Biosynthesis of amino acids,62,-0.3363520902885706,-1.1904636363611505,0.17045454545454544,0.36565249266862165,0.2951844420435252,1091,"tags=19%, list=8%, signal=18%",42689/42621/43102/46717/42284/37804/41274/40443/34554/39085/41269/42783,Irp-1A/CG7069/Idh3g/arg/P5cr/Taldo/CG6465/P5CS/CG6287/aay/Irp-1B/CG10184,FALSE
CSM_vs_WRM,Male,GSEA,Higher_in_WR,dme01250,Biosynthesis of nucleotide sugars,29,-0.42435913066715203,-1.2700494101973245,0.17557251908396945,0.3706530958439355,0.29922133578220356,2537,"tags=34%, list=19%, signal=28%",41192/37638/36730/39434/43373/39436/38911/45875/33716/44008,Mpi/Gmer/Gmppa/nst/Gfat2/Pmm2/Uxs/Hex-A/Gmd/Hex-C,FALSE
CSM_vs_WRM,Male,GSEA,Higher_in_WR,dme00500,Starch and sucrose metabolism,27,-0.42933564356053183,-1.2550961685408608,0.1791907514450867,0.3723807803468208,0.30061606327958623,1571,"tags=26%, list=12%, signal=23%",35826/33642/326264/45875/35825/44008/36932,Mal-A3/Tps1/AGBE/Hex-A/Mal-A2/Hex-C/Amy-d,FALSE
CSM_vs_WRM,Male,GSEA,Higher_in_WR,dme04130,SNARE interactions in vesicular transport,17,-0.4722648322555524,-1.2441058047879194,0.18473895582329317,0.37800432499227676,0.3051558460562899,1644,"tags=35%, list=12%, signal=31%",38085/38196/39847/248102/42854/31706,Vti1a/nSyb/Syx8/Gos28/Syx1A/Ykt6,FALSE
CSM_vs_WRM,Male,GSEA,Higher_in_WR,dme04214,Apoptosis - fly,55,-0.3502968062996378,-1.2088592447840087,0.18773234200743494,0.37830911343922496,0.3054018960886501,1856,"tags=22%, list=14%, signal=19%",40009/37729/41140/45827/43651/31746/35528/36251/42008/53585/43514/318725,hid/Dcp-1/Ras85D/bic/wts/Traf6/Strica/Buffy/Decay/Debcl/Drice/Takl1,FALSE
CSM_vs_WRM,Male,GSEA,Higher_in_WR,dme04519,Cadherin signaling,111,-0.293488809802326,-1.1430647772573275,0.19886363636363635,0.39475915875169604,0.31868171106191534,3631,"tags=38%, list=27%, signal=28%",40517/44861/32351/2768679/40462/37363/31201/42634/43769/49780/251430/38898/37991/38831/44432/31166/34772/246497/43528/41917/44289/34969/48632/32948/32623/38153/41140/43651/41136/41062/33864/32257/32221/42186/41861/42922/31248/49260/34780/35526/38494/37368,alpha-Cat/sdt/jub/p38c/Hem/Cib2/Vinc/mats/pan/PpD6/pen-2/Arp3/CG3770/Rac2/IKKbeta/Actn/kuz/HSPC300/Cad99C/Arpc3A/flw/cact/Act87E/Tao/Arp2/Myo61F/Ras85D/wts/RhoL/pyd/Arpc4/lic/CkIalpha/14-3-3epsilon/Cyfip/Pp1alpha-96A/sgg/Pp1-87B/p38b/Act42A/Ras64B/Act57B,FALSE
CSM_vs_WRM,Male,GSEA,Higher_in_WR,dme04981,Folate transport and metabolism,15,-0.47368263887392936,-1.2102081939285965,0.226,0.4321428571428571,0.348860873989485,694,"tags=27%, list=5%, signal=25%",32212/246553/41387/246552,Fpgs1/CG30345/Mrp4/CG30344,FALSE
CSM_vs_WRM,Male,GSEA,Higher_in_WR,dme04213,Longevity regulating pathway - multiple species,43,-0.36416135041972114,-1.1837876060670895,0.2274436090225564,0.4321428571428571,0.348860873989485,2136,"tags=28%, list=16%, signal=24%",35419/42852/41840/38565/34708/44920/41140/48581/39251/36232/38654/40048,Ac3/Hsp68/Hsc70-4/HDAC1/Sirt1/Hsp70Ab/Ras85D/Hsp70Aa/Sod1/Sod3/S6k/Cat,FALSE
CSM_vs_WRM,Male,GSEA,Higher_in_WR,dme04082,Neuroactive ligand signaling,55,-0.34091663105255204,-1.1764886625771178,0.22304832713754646,0.4321428571428571,0.348860873989485,3033,"tags=44%, list=22%, signal=34%",41017/36006/42249/37805/34284/31107/41625/40575/43669/35419/42795/41726/36574/31744/33650/31457/38742/48311/36384/34863/38765/37772/42245/36104,5-HT2B/CG1698/ChAT/Galphas/Pka-C1/Nmdar2/Ace/5-HT2A/5-HT7/Ac3/VAChT/Dop1R1/VGAT/Gbeta5/MFS18/NAAT1/GluRIA/Pkc53E/Galphaq/CG15279/Galphai/GlyT/ChT/Galphao,FALSE
CSM_vs_WRM,Male,GSEA,Higher_in_WR,dme00514,Other types of O-glycan biosynthesis,32,-0.38657053061532853,-1.167358883075958,0.2466281310211946,0.45036170540249343,0.3635686106138056,2785,"tags=34%, list=20%, signal=27%",40314/43394/37833/31098/38106/39715/326151/36564/33485/39713/39714,fng/CG10000/Xxylt/O-fut2/CG34056/Pgant8/Pgant5/O-fut1/CG2983/CG7304/CG7579,FALSE
CSM_vs_WRM,Male,GSEA,Higher_in_WR,dme00052,Galactose metabolism,30,-0.3852098133272261,-1.1635462110380759,0.24719101123595505,0.45036170540249343,0.3635686106138056,1571,"tags=23%, list=12%, signal=21%",35826/45875/35825/35586/38463/44008/38697,Mal-A3/Hex-A/Mal-A2/CG9436/CG10863/Hex-C/CG10467,FALSE
CSM_vs_WRM,Male,GSEA,Higher_in_WR,dme01200,Carbon metabolism,104,-0.29260608531180266,-1.1235745552678766,0.24577861163227016,0.45036170540249343,0.3635686106138056,2024,"tags=21%, list=15%, signal=18%",42689/32974/42621/42185/30995/37028/43936/43102/37446/45875/37804/3771779/34474/34554/39988/41311/31641/44008/39085/31587/41269/40048,Irp-1A/Zw/CG7069/Mdh2/CG17896/ACOX1/Men-b/Idh3g/Acox57D-d/Hex-A/Taldo/Hao/CG6415/CG6287/CG7430/Fdh/CG4586/Hex-C/aay/Agxt/Irp-1B/Cat,FALSE
CSM_vs_WRM,Male,GSEA,Higher_in_WR,dme03020,RNA polymerase,26,-0.4005858038251649,-1.1476327526471697,0.2638888888888889,0.4742867867867868,0.38288288288288286,4368,"tags=54%, list=32%, signal=37%",36617/34796/48312/40002/33210/36289/42201/32524/42563/261631/39310/40415/32100/33963,Polr1A/Polr2C/Polr2F/Polr3D/Polr1B/Polr3B/Polr1E/Polr3A/Polr1H/Polr2G/Polr3H/Polr2H/Polr2A/Polr1F,FALSE
CSM_vs_WRM,Male,GSEA,Higher_in_WR,dme04330,Notch signaling pathway,21,-0.4184872959902135,-1.161490401255984,0.27626459143968873,0.4899092088197147,0.39549457300839647,2876,"tags=38%, list=21%, signal=30%",43856/251430/40314/39431/43162/34881/38565/31293,nej/pen-2/fng/Gcn5/gro/Su(H)/HDAC1/N,FALSE
CSM_vs_WRM,Male,GSEA,Higher_in_WR,dme00790,Folate biosynthesis,28,-0.37894932597076186,-1.1236640373076736,0.302504816955684,0.529383429672447,0.4273613757545674,4041,"tags=54%, list=30%, signal=38%",317887/37538/35292/43671/35218/38746/32212/43499/41135/37415/31781/38121/41236/35586/38463,l(3)72Dp/Alp7/pr/Alp4/Alp12/ple/Fpgs1/Pcd/phu/Pu/Sptr/Trhn/Alp13/CG9436/CG10863,FALSE
CSM_vs_WRM,Male,GSEA,Higher_in_WR,dme03030,DNA replication,24,-0.3920697367222042,-1.1220769252639151,0.30919765166340507,0.5340686710549724,0.4311436837958621,2836,"tags=38%, list=21%, signal=30%",43278/3772329/42553/36887/42758/38228/41296/35257/38942,PolA2/Chrac-14/PolA1/Fen1/PolE1/PolD2/Mcm5/PCNA2/Prim1,FALSE
CSM_vs_WRM,Male,GSEA,Higher_in_WR,dme00051,Fructose and mannose metabolism,25,-0.39310620389103734,-1.121263959718504,0.3147410358565737,0.5366738175503115,0.43324677000500017,2763,"tags=44%, list=20%, signal=35%",39280/41192/37638/36730/41313/39436/45875/33716/35586/38463/44008,CG7551/Mpi/Gmer/Gmppa/Sodh2/Pmm2/Hex-A/Gmd/CG9436/CG10863/Hex-C,FALSE
CSM_vs_WRM,Male,GSEA,Higher_in_CS,dme04120,Ubiquitin mediated proteolysis,87,0.27550008820652166,1.0571770677372008,0.3204301075268817,0.539458282292092,0.435494616492231,4196,"tags=40%, list=31%, signal=28%",32995/37713/38437/37808/40900/42062/34699/41467/32996/42753/36999/33318/34420/41682/44118/38916/45906/34968/45922/326237/32510/38456/32190/31564/33035/3355079/38961/36298/40548/42793/35315/318886/38516/39884/33901,SkpD/SkpF/CG10862/fzr2/Ubc84D/Keap1/Ube4B/CG14739/SkpC/Cdc16/Smurf/CG5440/RpS27A/Ubc87F/vih/UbcE2M/mr/fzy/fzr/Ubi-p5E/HUWE1/Ubi-p63E/CG2574/CG11700/HERC2/CG40045/Cbl/SkpB/Skp2/CG10254/Cdc23/CG31687/ago/sina/Rchy1,FALSE
CSM_vs_WRM,Male,GSEA,Higher_in_WR,dme00970,Aminoacyl-tRNA biosynthesis,35,-0.3523424020332451,-1.085424681034348,0.32688588007736946,0.5434477756286268,0.438715260103838,2787,"tags=31%, list=20%, signal=25%",43699/39828/318604/41733/36547/31740/45786/32539/38595/42888/38581,CG1750/GluRS-m/Slimp/MetRS-m/PheRS-m/alpha-PheRS/GlnRS/ArgRS/AlaRS-m/beta-PheRS/LeuRS-m,FALSE
CSM_vs_WRM,Male,GSEA,Higher_in_WR,dme04382,Cornified envelope formation,29,-0.36556981650785814,-1.0941009543303986,0.3416030534351145,0.5486503452605147,0.442915197598516,3240,"tags=45%, list=24%, signal=34%",34910/33727/37887/317841/39245/34835/32604/38723/34093/47877/41062/47220/26067068,lace/Col4a1/Fatp3/Elo68alpha/Elo68beta/CG33090/Fur2/LanA/Tg/tws/pyd/Fur1/Fatp1,FALSE
CSM_vs_WRM,Male,GSEA,Higher_in_WR,dme00561,Glycerolipid metabolism,39,-0.3402462536048932,-1.081275144073082,0.34205607476635513,0.5486503452605147,0.442915197598516,990,"tags=15%, list=7%, signal=14%",40946/40472/40097/35586/40471/38463,CG2767/CG11425/Aldh7A1/CG9436/CG11426/CG10863,FALSE
CSM_vs_WRM,Male,GSEA,Higher_in_WR,dme04081,Hormone signaling,47,-0.3191755869055851,-1.0633905818813592,0.3451492537313433,0.5486503452605147,0.442915197598516,3055,"tags=28%, list=22%, signal=22%",3355131/48973/37805/34284/41927/35419/41726/31744/36368/36384/38765/33253/36104,cta/Src64B/Galphas/Pka-C1/CG31183/Ac3/Dop1R1/Gbeta5/Dh44-R2/Galphaq/Galphai/Pkg21D/Galphao,FALSE
CSM_vs_WRM,Male,GSEA,Higher_in_WR,dme00010,Glycolysis / Gluconeogenesis,49,-0.313204630085804,-1.0492271349451425,0.3465160075329567,0.5486503452605147,0.442915197598516,1126,"tags=18%, list=8%, signal=17%",45875/3771877/40946/40097/59175/39988/41311/44008/38697,Hex-A/Adh/CG2767/Aldh7A1/CG18814/CG7430/Fdh/Hex-C/CG10467,FALSE
CSM_vs_WRM,Male,GSEA,Higher_in_CS,dme00981,Insect hormone biosynthesis,23,0.3670984726842214,1.0567616576211554,0.3665987780040733,0.5669492729597878,0.45768758086187855,1947,"tags=30%, list=14%, signal=26%",45282/34256/31824/5740633/44858/5740359/43244,dib/Aldh/CG10962/nvd/sad/spok/CG31075,FALSE
CSM_vs_WRM,Male,GSEA,Higher_in_WR,dme03015,mRNA surveillance pathway,71,-0.28634876964627154,-1.0426586490367502,0.3648148148148148,0.5669492729597878,0.45768758086187855,2213,"tags=23%, list=16%, signal=19%",34153/36658/31724/37780/33259/34658/44289/39483/41185/37402/47877/40569/42922/40987/49260/41965,Wdr82/Pcf11/Upf2/Pym/Clp/eRF3/flw/Srrm1/Pnn/mago/tws/Fip1/Pp1alpha-96A/CG7483/Pp1-87B/Bin1,FALSE
CSM_vs_WRM,Male,GSEA,Higher_in_WR,dme00590,Arachidonic acid metabolism,12,-0.4461852274009007,-1.0767830964835392,0.3770833333333333,0.5764607279693487,0.46536600120992133,3545,"tags=42%, list=26%, signal=31%",32164/43461/31747/39856/41173,CG1492/CG14507/GIIIspla2/Su(P)/p23,FALSE
CSM_vs_WRM,Male,GSEA,Higher_in_WR,dme00770,Pantothenate and CoA biosynthesis,11,-0.4449603874510739,-1.0540515379650508,0.38477366255144035,0.5815329218106997,0.4694606887589344,929,"tags=27%, list=7%, signal=25%",40916/38647/31858,pyd3/Ppat-Dpck/su(r),FALSE
CSM_vs_WRM,Male,GSEA,Higher_in_WR,dme04745,Phototransduction - fly,30,-0.33892837812671317,-1.0237507367124612,0.41385767790262173,0.6184614737196482,0.4992724204147536,1724,"tags=30%, list=13%, signal=26%",48632/40148/40664/48311/36384/36329/32343/35526/37368,Act87E/Gbeta76C/Itpr/Pkc53E/Galphaq/Cam/inaE/Act42A/Act57B,FALSE
CSM_vs_WRM,Male,GSEA,Higher_in_WR,dme00531,Glycosaminoglycan degradation,14,-0.4015935235693648,-1.0142667886371897,0.4277227722772277,0.6320792079207921,0.5102657634184471,781,"tags=21%, list=6%, signal=20%",36394/31808/39994,CG8646/Hexo2/CG7402,FALSE
CSM_vs_WRM,Male,GSEA,Higher_in_WR,dme04512,ECM-receptor interaction,10,-0.43545211153240726,-1.0108897183227468,0.4364754098360656,0.6379255989911727,0.5149854459604244,3639,"tags=40%, list=27%, signal=29%",33941/33727/31612/38723,Tsp/Col4a1/CG3168/LanA,FALSE
CSM_vs_WRM,Male,GSEA,Higher_in_WR,dme00520,Amino sugar and nucleotide sugar metabolism,38,-0.31730764418352064,-1.0019797693050085,0.4490566037735849,0.6491796554552912,0.5240706359829023,2537,"tags=32%, list=19%, signal=26%",41192/36730/31935/38370/33783/39434/43373/39436/38911/45875/31808/44008,Mpi/Gmppa/Cht6/Cht7/Oscillin/nst/Gfat2/Pmm2/Uxs/Hex-A/Hexo2/Hex-C,FALSE
CSM_vs_WRM,Male,GSEA,Higher_in_WR,dme00565,Ether lipid metabolism,22,-0.3620602947827965,-1.0075060204512127,0.4556213017751479,0.6515874530762868,0.5260144061241095,3427,"tags=32%, list=25%, signal=24%",31899/40468/43461/34063/31747/40472/40471,LPCAT/laza/CG14507/CG7149/GIIIspla2/CG11425/CG11426,FALSE
CSM_vs_WRM,Male,GSEA,Higher_in_WR,dme04068,FoxO signaling pathway,54,-0.28671657719183385,-0.9851797282088175,0.4628252788104089,0.6548485327849403,0.5286470149906126,1801,"tags=19%, list=13%, signal=16%",43991/34708/31738/41140/43673/41295/38890/33944/34780/40048,Pten/Sirt1/Smox/Ras85D/dco/Art1/nmo/homer/p38b/Cat,FALSE
CSM_vs_WRM,Male,GSEA,Higher_in_WR,dme00541,Biosynthesis of various nucleotide sugars,13,-0.39746819879829354,-0.9899639457889234,0.46975806451612906,0.6576612903225807,0.5309177017246002,2430,"tags=31%, list=18%, signal=25%",32907/37638/36730/33716,CG7914/Gmer/Gmppa/Gmd,FALSE
CSM_vs_WRM,Male,GSEA,Higher_in_WR,dme00310,Lysine degradation,28,-0.33183537552475023,-0.9839613168026007,0.47591522157996147,0.6593408798972383,0.5322736030828517,3131,"tags=36%, list=23%, signal=28%",35135/37962/41360/40793/34064/41303/43689/33911/40097/39988,ham/egg/CG5214/gpp/LKRSDH/CG4565/CG1544/CG9547/Aldh7A1/CG7430,FALSE
CSM_vs_WRM,Male,GSEA,Higher_in_WR,dme03420,Nucleotide excision repair,36,-0.31188122416614933,-0.9689319173816534,0.5019230769230769,0.6861958266452649,0.5539531010511832,2507,"tags=28%, list=18%, signal=23%",31357/3772329/42758/38228/35257/261631/31441/40415/41611/32100,Xpac/Chrac-14/PolE1/PolD2/PCNA2/Polr2G/Cdk7/Polr2H/pic/Polr2A,FALSE
CSM_vs_WRM,Male,GSEA,Higher_in_WR,dme00620,Pyruvate metabolism,44,-0.29453551658775856,-0.9645650852082865,0.5056179775280899,0.6861958266452649,0.5539531010511832,1945,"tags=27%, list=14%, signal=23%",42621/42185/35656/43936/34807/3771877/40946/40097/59175/39988/41311/42589,CG7069/Mdh2/Glo1/Men-b/Acyp/Adh/CG2767/Aldh7A1/CG18814/CG7430/Fdh/CG6028,FALSE
CSM_vs_WRM,Male,GSEA,Higher_in_WR,dme03013,Nucleocytoplasmic transport,76,-0.25836381792495744,-0.9485002370683652,0.5462962962962963,0.7339132061354283,0.5924744521235749,2187,"tags=21%, list=16%, signal=18%",31724/42209/34167/317813/37780/37810/39483/41185/37402/34481/33226/32851/31195/40987/37467/41965,Upf2/Nup43/emb/CG18789/Pym/thoc5/Srrm1/Pnn/mago/Nup107/lwr/Nup35/Nmd3/CG7483/Rae1/Bin1,FALSE
CSM_vs_WRM,Male,GSEA,Higher_in_CS,dme03083,Polycomb repressive complex,51,0.2648071154715568,0.9087078562368751,0.6209850107066381,0.823805578569456,0.6650428889124219,933,"tags=10%, list=7%, signal=9%",32995/37713/38437/37300/37909,SkpD/SkpF/CG10862/CkIIbeta2/Ssl,FALSE
CSM_vs_WRM,Male,GSEA,Higher_in_CS,dme00030,Pentose phosphate pathway,19,0.3137270903768836,0.8752602719322359,0.6317907444668008,0.823805578569456,0.6650428889124219,784,"tags=11%, list=6%, signal=10%",34650/41027,CG17010/CG8036,FALSE
CSM_vs_WRM,Male,GSEA,Higher_in_WR,dme04711,Circadian rhythm - fly,11,-0.3593503427406815,-0.8512528128714199,0.6296296296296297,0.823805578569456,0.6650428889124219,2089,"tags=45%, list=15%, signal=39%",44669/42503/32167/43673/31248,cwo/Bdbt/Lsm12a/dco/sgg,FALSE
CSM_vs_WRM,Male,GSEA,Higher_in_CS,dme00190,Oxidative phosphorylation,123,0.22792797754395763,0.9191584270342122,0.6631130063965884,0.8480195177956371,0.68459035073332,1656,"tags=17%, list=12%, signal=15%",39926/19835750/41324/34054/46069/246451/43457/38612/36900/12797919/41806/246543/42041/40272/43369/34695/36998/3355155/34997/40748/39348,ND-24L/COX7CL/SdhCL/ATPsynGL/ATPsynG/COX6AL/Cyt-c1L/Cyt-c1/Vha16-4/UQCR-6.4L/VhaPPA1-2/Vha100-3/VhaM9.7-d/ND-39/UQCR-14L/Vha68-3/ND-51L1/ND-AGGG/VhaSFD/Vha14-2/SdhAL,FALSE
CSM_vs_WRM,Male,GSEA,Higher_in_WR,dme04310,Wnt signaling pathway,87,-0.2401912633847961,-0.8986966916721748,0.6610800744878957,0.8480195177956371,0.68459035073332,3135,"tags=28%, list=23%, signal=21%",31597/42692/43769/46456/38831/34284/117463/43162/33212/34708/32132/31829/31738/48311/32624/43673/43670/41136/38890/32221/34819/31248/39013/318725,CG3226/Takl2/pan/CanB2/Rac2/Pka-C1/Ste12DOR/gro/ebi/Sirt1/CkIIbeta/CG15365/Smox/Pkc53E/Pp2B-14D/dco/CanA1/RhoL/nmo/CkIalpha/rk/sgg/dally/Takl1,FALSE
CSM_vs_WRM,Male,GSEA,Higher_in_WR,dme00730,Thiamine metabolism,15,-0.32786133916648724,-0.8376504574348326,0.672,0.8512000000000001,0.6871578947368422,4448,"tags=53%, list=33%, signal=36%",37539/37538/43671/35218/40326/41135/34613/41236,Alp2/Alp7/Alp4/Alp12/CG10581/phu/Nfs1/Alp13,FALSE
CSM_vs_WRM,Male,GSEA,Higher_in_WR,dme03010,Ribosome,154,-0.22559684515176504,-0.9124056174705715,0.6849056603773584,0.8523829757099355,0.6881128889783412,3635,"tags=32%, list=27%, signal=24%",39627/33317/43609/36851/41807/32242/41200/37563/34186/41293/41364/42588/32953/36406/41991/34309/35145/32662/31150/31009/43345/33688/42061/43698/39108/44326/31106/36321/40932/41028/36142/326141/40261/37872/32375/39809/37389/40001/41859/39477/39253/33703/40980/38345/38230/49425/42671/33182/40395,mRpL39/a5/mRpS18C/RpS15/RpS5b/mRpL49/RpS29/mRpS29/mRpL51/mRpL37/mRpL40/mRpL35/RpS10b/mRpL18/mRpS33/RpS2/mRpL13/mRpL22/mRpL16/RpL36/mRpS22/mRpS2/mRpS11/mRpL32/RpS9/mRpL12/sta/RpS11/mRpS9/mRpL19/RpS15Ab/mRpS18A/mRpL15/mRpS17/mRpL38/mRpS34/mRpL54/mRpS26/mRpL9/mRpL20/mRpL2/mRpL24/mRpL1/mRpS35/mRpL46/mRpL4/mRpL45/mRpL10/CRIF,FALSE
CSM_vs_WRM,Male,GSEA,Higher_in_CS,dme04341,Hedgehog signaling pathway - fly,35,0.2742061976415209,0.8637442198761895,0.6865979381443299,0.8523829757099355,0.6881128889783412,1548,"tags=20%, list=11%, signal=18%",32995/35065/37713/40651/32996/36999/32188,SkpD/CG7094/SkpF/CG12147/SkpC/Smurf/CG2577,FALSE
CSM_vs_WRM,Male,GSEA,Higher_in_WR,dme00270,Cysteine and methionine metabolism,33,-0.27866610314876467,-0.8489298676127874,0.6921606118546845,0.8523829757099355,0.6881128889783412,2832,"tags=24%, list=21%, signal=19%",32471/326189/41167/42185/32334/38342/41561/34554,Ahcy/Adi1/SpdS/Mdh2/CG11134/AhcyL1/Gnmt/CG6287,FALSE
CSM_vs_WRM,Male,GSEA,Higher_in_CS,dme04137,Mitophagy - animal,63,0.2411318460999028,0.8748479578098984,0.7072649572649573,0.8629930212499021,0.696678180985279,3067,"tags=30%, list=23%, signal=23%",42745/43279/37300/36057/35553/41285/37909/36999/34420/42845/33184/31749/37899/40189/326237/32510/38456/43580/40278,fzo/CG17991/CkIIbeta2/Jra/tomboy40/tomboy20/Ssl/Smurf/RpS27A/Miro/Tbc1d15-17/CG10761/Pgam5-2/Tom20/Ubi-p5E/HUWE1/Ubi-p63E/sima/BNIP3,FALSE
CSM_vs_WRM,Male,GSEA,Higher_in_CS,dme04141,Protein processing in endoplasmic reticulum,115,0.2241099430242852,0.8950691513848875,0.7311827956989247,0.8761019083599729,0.7072607412165987,1981,"tags=17%, list=15%, signal=14%",48582/50022/48583/32995/33333/37713/38437/317834/246488/318785/43091/42855/34699/32996/37312/32620/32532/318747/41682,Hsp70Bb/Hsp70Bbb/Hsp70Bc/SkpD/CG18132/SkpF/CG10862/Svip/CG30156/CG31528/Npl4/CG10694/Ube4B/SkpC/CG13426/Cnx14D/sordd1/CG31460/Ubc87F,FALSE
CSM_vs_WRM,Male,GSEA,Higher_in_CS,dme04156,Integrated stress response (ISR) signaling pathway,33,0.2660869689530645,0.8300115980946524,0.7265135699373695,0.8761019083599729,0.7072607412165987,478,"tags=9%, list=4%, signal=9%",5740113/37493/3355173,Pp1-Y1/PpN58A/Pp1-Y2,FALSE
CSM_vs_WRM,Male,GSEA,Higher_in_CS,dme00020,Citrate cycle (TCA cycle),35,0.2651520691758297,0.8352238903011403,0.7525773195876289,0.8777104377104378,0.7085592769803296,2526,"tags=26%, list=19%, signal=21%",41324/37130/41326/31606/39348/31407/42326/39470/41468,SdhCL/Pepck2/mAcon2/Fum2/SdhAL/CG7024/Scsalpha2/CG10749/CG14740,FALSE
CSM_vs_WRM,Male,GSEA,Higher_in_WR,dme04350,TGF-beta signaling pathway,45,-0.24551686226265657,-0.8077796190477399,0.7863894139886578,0.8777104377104378,0.7085592769803296,1934,"tags=16%, list=14%, signal=13%",44263/38565/5740414/33432/31738/38091/38654,Sara/HDAC1/Snoo/dpp/Smox/emc/S6k,FALSE
CSM_vs_WRM,Male,GSEA,Higher_in_WR,dme00250,"Alanine, aspartate and glutamate metabolism",23,-0.28052676367317614,-0.7927255646084935,0.7632093933463796,0.8777104377104378,0.7085592769803296,2268,"tags=17%, list=17%, signal=15%",41121/43373/42466/31587,CG8132/Gfat2/Adss/Agxt,FALSE
CSM_vs_WRM,Male,GSEA,Higher_in_WR,dme03410,Base excision repair,23,-0.27766755531757925,-0.7846458807724639,0.7729941291585127,0.8777104377104378,0.7085592769803296,2437,"tags=30%, list=18%, signal=25%",3772329/36887/42758/38228/35257/31806/40994,Chrac-14/Fen1/PolE1/PolD2/PCNA2/Ogg1/PNKP,FALSE
CSM_vs_WRM,Male,GSEA,Higher_in_CS,dme00061,Fatty acid biosynthesis,13,0.3112061318582929,0.7837676917224838,0.7628458498023716,0.8777104377104378,0.7085592769803296,1526,"tags=23%, list=11%, signal=21%",3355111/31668/34822,FASN3/Acsf3/hll,FALSE
CSM_vs_WRM,Male,GSEA,Higher_in_CS,dme00900,Terpenoid backbone biosynthesis,22,0.27305539017332164,0.7808176127408987,0.7919191919191919,0.8777104377104378,0.7085592769803296,1236,"tags=14%, list=9%, signal=12%",35255/36209/31824,Pmvk/Fpps/CG10962,FALSE
CSM_vs_WRM,Male,GSEA,Higher_in_CS,dme00650,Butanoate metabolism,11,0.3224314501694742,0.7746614771836414,0.7790697674418605,0.8777104377104378,0.7085592769803296,4944,"tags=45%, list=36%, signal=29%",41480/35156/44154/34276/38261,CG4860/L2HGDH/Hmgs/Mtpalpha/SCOT,FALSE
CSM_vs_WRM,Male,GSEA,Higher_in_WR,dme04392,Hippo signaling pathway - multiple species,13,-0.3024967807272494,-0.7534210473758292,0.7782258064516129,0.8777104377104378,0.7085592769803296,3827,"tags=38%, list=28%, signal=28%",41783/32351/42634/43651/43673,kibra/jub/mats/wts/dco,FALSE
CSM_vs_WRM,Male,GSEA,Higher_in_WR,dme00220,Arginine biosynthesis,14,-0.29301963666649566,-0.7400519890058165,0.7881188118811882,0.8777104377104378,0.7085592769803296,1091,"tags=14%, list=8%, signal=13%",46717/41274,arg/CG6465,FALSE
CSM_vs_WRM,Male,GSEA,Higher_in_WR,dme03250,Viral life cycle - HIV-1,29,-0.2559041542360327,-0.765886478378716,0.8148854961832062,0.895700586713772,0.7230823889576948,2566,"tags=31%, list=19%, signal=25%",32604/39431/34167/31681/53442/32607/40657/35933/47220,Fur2/Gcn5/emb/NELF-B/Spt5/TH1/Snr1/shrb/Fur1,FALSE
CSM_vs_WRM,Male,GSEA,Higher_in_WR,dme00760,Nicotinate and nicotinamide metabolism,15,-0.28096290809853164,-0.7178300103613202,0.826,0.9004754098360656,0.726937014667817,2674,"tags=27%, list=20%, signal=21%",36507/34708/38895/36121,Nadk1b/Sirt1/Sarm/CG11883,FALSE
CSM_vs_WRM,Male,GSEA,Higher_in_WR,dme03022,Basal transcription factors,31,-0.2457541613882402,-0.7345086203370921,0.8565891472868217,0.9262305413751811,0.7477286523171229,1707,"tags=16%, list=13%, signal=14%",31441/47900/32762/42822/33469,Cdk7/Taf5/Taf9/TfIIA-S/Taf10,FALSE
CSM_vs_WRM,Male,GSEA,Higher_in_WR,dme04070,Phosphatidylinositol signaling system,49,-0.22630865005415285,-0.7581279256458349,0.8681732580037664,0.9311858331814591,0.7517289670321238,3400,"tags=37%, list=25%, signal=28%",34300/39741/32506/5740362/31247/2768892/39168/37356/37360/326119/43991/40664/41701/37733/48311/40346/36329/39739,IP3K1/CG17028/Pis/CG34384/Pi4KIIIalpha/CG42271/CG6707/sktl/Ipk1/5PtaseI/Pten/Itpr/Ipp/Pi3K59F/Pkc53E/CG9391/Cam/CG17026,FALSE
CSM_vs_WRM,Male,GSEA,Higher_in_WR,dme00600,Sphingolipid metabolism,30,-0.23701661854126788,-0.7159209836185589,0.8764044943820225,0.932494382022472,0.7527853341218215,3474,"tags=30%, list=26%, signal=22%",37884/40468/34910/34835/37782/326219/40472/31808/40471,CG3376/laza/lace/CG33090/Cpes/Sk2/CG11425/Hexo2/CG11426,FALSE
CSM_vs_WRM,Male,GSEA,Higher_in_WR,dme04080,Neuroactive ligand-receptor interaction,52,-0.2171104199146191,-0.7438272190078158,0.8977695167286245,0.9476456009913259,0.7650166307963217,3841,"tags=37%, list=28%, signal=26%",36223/37004/33231/43838/44484/41017/36214/31107/36215/40575/43669/41726/5740142/43098/36217/38742/36368/48316/5740868,iotaTry/CCHa1-R/Tspo/mGluR/GluRIB/5-HT2B/lambdaTry/Nmdar2/kappaTry/5-HT2A/5-HT7/Dop1R1/Gpa2/Lgr3/etaTry/GluRIA/Dh44-R2/alphaTry/CG34458,FALSE
CSM_vs_WRM,Male,GSEA,Higher_in_WR,dme03460,Fanconi anemia pathway,18,-0.2515533751161605,-0.6675395628671068,0.9148073022312373,0.9580265448563351,0.7733969732912243,2022,"tags=22%, list=15%, signal=19%",40438/31044/41366/31565,PolH/mus81/Blm/Top3beta,FALSE
CSM_vs_WRM,Male,GSEA,Higher_in_CS,dme00564,Glycerophospholipid metabolism,55,0.21053457768223902,0.7373994289867449,0.9310344827586207,0.9599037690457097,0.774912421390284,252,"tags=5%, list=2%, signal=5%",41330/37672/38180,CG4757/Gpdh2/Pcyt2,FALSE
CSM_vs_WRM,Male,GSEA,Higher_in_WR,dme02010,ABC transporters,34,-0.21485943220083348,-0.6603302621117255,0.9310344827586207,0.9599037690457097,0.774912421390284,2035,"tags=29%, list=15%, signal=25%",34783/33540/38193/32992/41925/30994/33354/33541/32208/41387,Eato/CG9664/ABCB7/Abcd3/Hmt-1/CG3156/CG17646/CG9663/CG1824/Mrp4,FALSE
CSM_vs_WRM,Male,GSEA,Higher_in_WR,dme00534,Glycosaminoglycan biosynthesis - heparan sulfate / heparin,11,-0.2522882877404824,-0.5976371497399076,0.9382716049382716,0.9599240265906931,0.7749287749287749,3430,"tags=27%, list=25%, signal=20%",38288/37161/37198,oxt/Hs3st-A/botv,FALSE
CSM_vs_WRM,Male,GSEA,Higher_in_WR,dme00511,Other glycan degradation,18,-0.23049549117108045,-0.6116588948493794,0.9594320486815415,0.9689713224195983,0.7822324882215989,2576,"tags=28%, list=19%, signal=23%",34835/42178/34204/35989/31808,CG33090/CG7985/LManIV/CG1827/Hexo2,FALSE
CSM_vs_WRM,Male,GSEA,Higher_in_CS,dme03430,Mismatch repair,12,0.22312926046799794,0.5547965763393032,0.9616858237547893,0.9689713224195983,0.7822324882215989,2872,"tags=25%, list=21%, signal=20%",36705/39654/34423,Pms2/Msh6/RfC3,FALSE
CSM_vs_WRM,Male,GSEA,Higher_in_WR,dme03018,RNA degradation,48,-0.15867768118324457,-0.5314586515574186,0.99812734082397,0.99812734082397,0.8057695984491091,4524,"tags=35%, list=33%, signal=24%",41552/40683/319033/38369/41226/34548/33796/41270/35921/33351/37413/37070/36766/5740252/40173/32574/39722,Not10/Rga/Rrp40/PAN3/CG3909/Csl4/Hsp60C/Rrp46/CG8777/Eno/LSm1/pAbp/Rrp42/Not1/Mtr3/Tob/DCP2,FALSE
