"Label","Area","Mean","StdDev","Mode","Min","Max","X","Y","XM","YM","Perim.","BX","BY","Width","Height","Major","Minor","Angle","Circ.","Feret","IntDen","Median","Skew","Kurt","%Area","RawIntDen","Slice","FeretX","FeretY","FeretAngle","MinFeret","AR","Round","Solidity","Source_Row","Condition","Image","Scale_Bar_Pixels","Pixel_Size_um","Calibration_Status","Area_um2","Perimeter_um","Major_um","Minor_um","Aspect_Ratio","Area_Include","Perimeter_Include","Aspect_Ratio_Include","Aspect_Ratio_Exclusion","Exact_Duplicate"
"WR-F -5000X -0014.dm3",1.745,336990.988,15157.753,336618.904,257164.203,415455.281,0.782,4.774,0.782,4.775,5.295,0.096,3.903,1.253,1.883,1.798,1.239,102.645,0.782,1.944,588198.508,337046,-0.074,0.863,100,111874268116.547,1,180,1752,115.158,1.248,1.451,0.688,0.955,2,"WR","WR-F -5000X -0014.dm3",,,"DM3 spatial calibration retained in workbook",1.745,5.295,1.798,1.239,1.451,TRUE,TRUE,TRUE,"",FALSE
"WR-F -5000X -0014.dm3",3.864,336834.172,15463.978,337298.112,245882.984,421180.906,2.021,4.83,2.02,4.829,10.822,0.041,3.601,3.236,2.721,2.827,1.743,133.808,0.415,3.791,1301504.832,337048.094,-0.269,0.802,100,247543811632.359,1,18,1626,138.44,2.093,1.622,0.615,0.743,3,"WR","WR-F -5000X -0014.dm3",,,"DM3 spatial calibration retained in workbook",3.864,10.822,2.827,1.743,1.622,TRUE,TRUE,TRUE,"",FALSE
"WR-F -5000X -0014.dm3",0.786,333725.629,16605.645,330412.399,264362.188,424635.688,3.175,5.629,3.175,5.63,3.333,2.672,5.127,1.005,0.99,1.034,0.97,135.199,0.889,1.107,262329.845,333147.969,0.048,0.57,100,49894651286.875,1,1194,2316,141.617,0.975,1.065,0.937,0.968,4,"WR","WR-F -5000X -0014.dm3",,,"DM3 spatial calibration retained in workbook",0.786,3.333,1.034,0.97,1.065,TRUE,TRUE,TRUE,"",FALSE
"WR-F -5000X -0014.dm3",0.458,335108.689,17608.943,336545.137,252193.516,413946.438,3.628,5.843,3.629,5.842,3.567,3.085,5.168,0.895,1.196,1.203,0.485,62.721,0.452,1.305,153316.359,336463,-0.533,1.024,100,29160487934.078,1,1380,2766,60.956,0.656,2.479,0.403,0.682,5,"WR","WR-F -5000X -0014.dm3",,,"DM3 spatial calibration retained in workbook",0.458,3.567,1.203,0.485,2.479,TRUE,TRUE,TRUE,"",FALSE
"WR-F -5000X -0014.dm3",0.398,338217.508,20575.546,343076.792,253725.609,416529.188,5.978,5.593,5.974,5.592,4.982,4.792,5.402,2.258,0.467,2.148,0.236,173.071,0.201,2.275,134541.459,339255.688,-0.34,0.5,100,25589536670.625,1,2088,2412,173.061,0.345,9.091,0.11,0.608,6,"WR","WR-F -5000X -0014.dm3",,,"DM3 spatial calibration retained in workbook",0.398,4.982,2.148,0.236,9.091,TRUE,TRUE,TRUE,"",FALSE
"WR-F -5000X -0014.dm3",4.373,337148.807,16215.133,334445.708,253725.609,426649,5.893,6.575,5.892,6.576,8.442,4.448,5.553,2.699,2.268,2.874,1.941,159.293,0.771,2.928,1474274.606,336597.25,0.139,0.881,100,280404302909.828,1,1968,2622,143.076,1.95,1.481,0.674,0.955,7,"WR","WR-F -5000X -0014.dm3",,,"DM3 spatial calibration retained in workbook",4.373,8.442,2.874,1.941,1.481,TRUE,TRUE,TRUE,"",FALSE
"WR-F -5000X -0013.dm3",1.668,400554.589,19818.882,399447.149,306908.812,491265.344,2.473,3.464,2.477,3.465,7.267,0.909,2.83,2.824,1.291,3.108,0.685,163.472,0.397,2.987,668048.911,400825.812,-0.107,0.608,100,127061523315.5,1,414,1248,158.697,0.814,4.537,0.22,0.882,8,"WR","WR-F -5000X -0013.dm3",,,"DM3 spatial calibration retained in workbook",1.668,7.267,3.108,0.685,4.537,TRUE,TRUE,TRUE,"",FALSE
"WR-F -5000X -0013.dm3",0.097,399032.643,22297.949,394377.469,316771.906,470185.219,3.845,3.696,3.844,3.696,1.189,3.693,3.489,0.317,0.412,0.425,0.293,108.845,0.866,0.444,38884.076,399825.031,-0.211,-0.178,100,7395671000.906,1,1638,1524,111.86,0.303,1.454,0.686,0.937,9,"WR","WR-F -5000X -0013.dm3",,,"DM3 spatial calibration retained in workbook",0.097,1.189,0.425,0.293,1.454,TRUE,TRUE,TRUE,"",FALSE
"WR-F -5000X -0013.dm3",1.903,403964.701,17354.376,401605.83,321177.75,478952.375,4.755,4.343,4.752,4.343,6.774,3.734,3.544,2.342,1.58,2.33,1.043,155.231,0.521,2.544,768898.449,403611.594,0.039,0.293,100,146242897183.25,1,1740,1566,142.777,1.234,2.233,0.447,0.849,10,"WR","WR-F -5000X -0013.dm3",,,"DM3 spatial calibration retained in workbook",1.903,6.774,2.33,1.043,2.233,TRUE,TRUE,TRUE,"",FALSE
"WR-F -5000X -0013.dm3",1.5,402005.769,18737.355,403723.304,315736.375,495215.688,7.058,5.061,7.057,5.06,7.1,5.553,4.3,2.907,1.456,3.273,0.585,158.288,0.374,3.133,603192.744,402643.375,-0.128,0.492,100,114726014286.406,1,2418,1908,158.117,0.602,5.591,0.178,0.909,11,"WR","WR-F -5000X -0013.dm3",,,"DM3 spatial calibration retained in workbook",1.5,7.1,3.273,0.585,5.591,TRUE,TRUE,TRUE,"",FALSE
"WR-F -5000X -0012.dm3",1.223,417210.543,24610.856,423480.206,318016.125,512953.344,1.597,3.767,1.595,3.768,4.168,1.063,3.044,1.104,1.433,1.403,1.112,100.239,0.885,1.454,510377.927,417121.312,0.016,-0.094,100,96644736178.625,1,588,1326,99.838,1.104,1.261,0.791,0.974,12,"WR","WR-F -5000X -0012.dm3",,,"DM3 spatial calibration retained in workbook",1.223,4.168,1.403,1.112,1.261,TRUE,TRUE,TRUE,"",FALSE
"WR-F -5000X -0012.dm3",0.131,426344.609,31323.317,438083.572,330919.625,512001.938,0.882,4.123,0.882,4.122,1.391,0.676,3.912,0.414,0.413,0.469,0.357,44.088,0.853,0.489,55995.128,429386.5,-0.254,-0.365,100,10603190418.156,1,300,1860,40.37,0.377,1.312,0.76,0.954,13,"WR","WR-F -5000X -0012.dm3",,,"DM3 spatial calibration retained in workbook",0.131,1.391,0.469,0.357,1.312,TRUE,TRUE,TRUE,"",FALSE
"WR-F -5000X -0012.dm3",0.457,421274.492,29464.941,419736.748,331377.594,511616.188,2.132,4.488,2.133,4.487,2.719,1.753,4.091,0.787,0.826,0.935,0.623,42.246,0.777,1.038,192450.947,419812.406,0.228,-0.178,100,36442349914.062,1,786,2130,50.334,0.669,1.501,0.665,0.93,14,"WR","WR-F -5000X -0012.dm3",,,"DM3 spatial calibration retained in workbook",0.457,2.719,0.935,0.623,1.501,TRUE,TRUE,TRUE,"",FALSE
"WR-F -5000X -0012.dm3",0.063,412598.702,23663.556,402772.558,344167.531,494950.312,2.259,3.818,2.259,3.817,1.092,2.112,3.637,0.262,0.386,0.4,0.201,117.784,0.664,0.451,25968.384,412021.281,0.149,-0.134,100,4917351332.031,1,918,1584,121.314,0.214,1.99,0.501,0.907,15,"WR","WR-F -5000X -0012.dm3",,,"DM3 spatial calibration retained in workbook",0.063,1.092,0.4,0.201,1.99,TRUE,TRUE,TRUE,"",FALSE
"WR-F -5000X -0012.dm3",0.053,416609.712,24818.399,423703.422,324476.25,488891.5,2.366,5.174,2.366,5.175,1.081,2.194,5.055,0.331,0.234,0.311,0.219,167.901,0.574,0.338,22236.444,416784,-0.088,-0.363,100,4210674355.344,1,954,2250,168.254,0.234,1.422,0.702,0.863,16,"WR","WR-F -5000X -0012.dm3",,,"DM3 spatial calibration retained in workbook",0.053,1.081,0.311,0.219,1.422,TRUE,TRUE,TRUE,"",FALSE
"WR-F -5000X -0012.dm3",1.003,419435.915,25278.338,420195.9,305030.688,509060.406,2.953,4.824,2.953,4.824,3.711,2.402,4.243,1.104,1.185,1.242,1.03,123.038,0.915,1.269,420627.244,418604.844,0.181,0.042,100,79649622045.375,1,1074,1908,137.699,1.025,1.205,0.828,0.971,17,"WR","WR-F -5000X -0012.dm3",,,"DM3 spatial calibration retained in workbook",1.003,3.711,1.242,1.03,1.205,TRUE,TRUE,TRUE,"",FALSE
"WR-F -5000X -0012.dm3",0.143,425149.425,24840.976,426965.982,333542.062,496794.781,3.7,4.981,3.699,4.981,1.627,3.478,4.766,0.469,0.468,0.537,0.34,43.675,0.681,0.579,60941.497,425762.406,-0.155,-0.167,100,11539830840.875,1,1548,2280,51.711,0.361,1.578,0.633,0.921,18,"WR","WR-F -5000X -0012.dm3",,,"DM3 spatial calibration retained in workbook",0.143,1.627,0.537,0.34,1.578,TRUE,TRUE,TRUE,"",FALSE
"WR-F -5000X -0012.dm3",0.018,407524.289,25936.745,397757.024,339792.031,488928.094,3.857,6.036,3.857,6.036,0.63,3.782,5.951,0.138,0.165,0.165,0.14,76.578,0.574,0.186,7401.152,406613.906,0.087,-0.779,100,1401476028.406,1,1644,2652,41.931,0.138,1.18,0.846,0.876,19,"WR","WR-F -5000X -0012.dm3",,,"DM3 spatial calibration retained in workbook",0.018,0.63,0.165,0.14,1.18,TRUE,TRUE,TRUE,"",FALSE
"WR-F -5000X -0012.dm3",1.445,420014.193,24310.443,421471.979,318087.875,511980.406,4.436,5.759,4.434,5.757,4.783,3.685,5.014,1.518,1.488,1.721,1.071,136.574,0.794,1.759,606967.115,420488.5,-0.12,-0.013,100,114934783748,1,1662,2202,127.733,1.129,1.607,0.621,0.953,20,"WR","WR-F -5000X -0012.dm3",,,"DM3 spatial calibration retained in workbook",1.445,4.783,1.721,1.071,1.607,TRUE,TRUE,TRUE,"",FALSE
"WR-F -5000X -0012.dm3",1.116,420837.05,25155.877,427740.455,315519.438,505147.031,5.499,6.615,5.5,6.616,4.177,4.886,5.909,1.284,1.322,1.372,1.038,133.987,0.804,1.376,469850.113,421543.062,-0.177,0.15,100,88970423325.562,1,2232,2622,137.087,1.042,1.321,0.756,0.945,21,"WR","WR-F -5000X -0012.dm3",,,"DM3 spatial calibration retained in workbook",1.116,4.177,1.372,1.038,1.321,TRUE,TRUE,TRUE,"",FALSE
"WR-F -5000X -0012.dm3",0.166,416511.188,27830.455,416499.307,333218.812,503097.75,6.483,7.128,6.484,7.13,1.753,6.225,6.818,0.566,0.551,0.699,0.303,136.007,0.679,0.702,69181.284,416697.375,0.008,-0.204,100,13100109875.875,1,2724,2976,133.465,0.326,2.308,0.433,0.913,22,"WR","WR-F -5000X -0012.dm3",,,"DM3 spatial calibration retained in workbook",0.166,1.753,0.699,0.303,2.308,TRUE,TRUE,TRUE,"",FALSE
"WR-F -5000X -0012.dm3",0.117,419771.198,28782.714,417167.663,323756.094,500238.469,6.714,7.584,6.715,7.583,1.588,6.418,7.397,0.593,0.386,0.648,0.23,24.738,0.583,0.633,49126.483,419640.969,-0.042,-0.209,100,9302549525.031,1,2790,3348,20.373,0.269,2.814,0.355,0.807,23,"WR","WR-F -5000X -0012.dm3",,,"DM3 spatial calibration retained in workbook",0.117,1.588,0.648,0.23,2.814,TRUE,TRUE,TRUE,"",FALSE
"WR-F -5000X -0012.dm3",0.48,417234.32,25691.857,412528.229,322935.688,508649.781,7.725,8.096,7.724,8.096,2.839,7.274,7.645,0.966,0.813,1.038,0.59,144.402,0.749,1.024,200302.446,416470.562,0.104,0.037,100,37929103116.156,1,3180,3420,154.514,0.609,1.758,0.568,0.923,24,"WR","WR-F -5000X -0012.dm3",,,"DM3 spatial calibration retained in workbook",0.48,2.839,1.038,0.59,1.758,TRUE,TRUE,TRUE,"",FALSE
"WR-F -5000X -0012.dm3",0.126,410865.486,15791.961,405870.794,334498.219,478936,0.685,8.391,0.686,8.391,1.355,0.455,8.21,0.455,0.386,0.434,0.369,175.084,0.86,0.457,51566.711,410936.062,-0.111,0.647,100,9764629129.938,1,198,3630,174.816,0.382,1.178,0.847,0.927,25,"WR","WR-F -5000X -0012.dm3",,,"DM3 spatial calibration retained in workbook",0.126,1.355,0.434,0.369,1.178,TRUE,TRUE,TRUE,"",FALSE
"WR-F -5000X -0012.dm3",0.057,409347.096,13846.83,412195.412,347467.438,462141.219,0.504,8.033,0.504,8.034,0.94,0.345,7.879,0.304,0.289,0.341,0.212,41.582,0.806,0.353,23191.25,410567.469,-0.472,0.598,100,4391475649.219,1,162,3552,38.605,0.241,1.606,0.621,0.903,26,"WR","WR-F -5000X -0012.dm3",,,"DM3 spatial calibration retained in workbook",0.057,0.94,0.341,0.212,1.606,TRUE,TRUE,TRUE,"",FALSE
"WR-F -5000X -0012.dm3",0.193,425224.588,22796.079,435209.153,339821.562,493886.062,8.147,6.714,8.147,6.714,1.686,7.895,6.474,0.538,0.482,0.521,0.473,163.707,0.853,0.547,82087.841,427731.062,-0.403,-0.006,100,15544084803.5,1,3468,2820,123.742,0.48,1.102,0.906,0.937,27,"WR","WR-F -5000X -0012.dm3",,,"DM3 spatial calibration retained in workbook",0.193,1.686,0.521,0.473,1.102,TRUE,TRUE,TRUE,"",FALSE
"WR-F -5000X -0012.dm3",0.855,414295.912,24881.616,414404.652,310675.969,512611.656,5.215,3.036,5.217,3.039,4.082,4.458,2.466,1.422,1.171,1.586,0.688,146.609,0.645,1.591,354260.018,413467.75,0.235,0.414,100,67082379836.969,1,1956,1092,137.515,0.772,2.305,0.433,0.927,28,"WR","WR-F -5000X -0012.dm3",,,"DM3 spatial calibration retained in workbook",0.855,4.082,1.586,0.688,2.305,TRUE,TRUE,TRUE,"",FALSE
"WR-F -5000X -0012.dm3",1.006,419511.331,24337.443,417134.374,311350.688,506878.656,6.331,3.68,6.33,3.679,4.412,5.631,3.086,1.435,1.281,1.452,0.884,149.024,0.65,1.593,422198.286,418395.031,0.165,0.249,100,79947113330.344,1,2544,1416,138.917,1.021,1.642,0.608,0.878,29,"WR","WR-F -5000X -0012.dm3",,,"DM3 spatial calibration retained in workbook",1.006,4.412,1.452,0.884,1.642,TRUE,TRUE,TRUE,"",FALSE
"WR-F -5000X -0011.dm3",0.332,420395.41,27551.05,416796.402,321528.906,506992.625,2.685,0.646,2.683,0.643,2.388,2.377,0.165,0.636,0.879,0.927,0.458,119.908,0.731,0.978,139443.535,420737.094,-0.112,-0.286,100,26430679834.219,1,1050,72,122.5,0.498,2.024,0.491,0.944,30,"WR","WR-F -5000X -0011.dm3",,,"DM3 spatial calibration retained in workbook",0.332,2.388,0.927,0.458,2.024,TRUE,TRUE,TRUE,"",FALSE
"WR-F -5000X -0011.dm3",0.83,419342.421,24403.803,424715.366,315046.375,509338.844,1.962,0.683,1.962,0.68,3.509,1.479,0.069,0.912,1.305,1.25,0.851,93.803,0.847,1.311,348223.485,419351.375,-0.007,0.242,100,66003658372.969,1,834,30,95.444,0.899,1.468,0.677,0.965,31,"WR","WR-F -5000X -0011.dm3",,,"DM3 spatial calibration retained in workbook",0.83,3.509,1.25,0.851,1.468,TRUE,TRUE,TRUE,"",FALSE
"WR-F -5000X -0011.dm3",0.372,422834.629,26963.1,426504.933,317870.156,506415.938,1.306,1.151,1.305,1.15,2.361,0.968,0.769,0.663,0.756,0.814,0.586,53.787,0.839,0.863,157338.31,423719.5,-0.195,-0.076,100,29822526376.094,1,462,660,55.9,0.601,1.39,0.715,0.959,32,"WR","WR-F -5000X -0011.dm3",,,"DM3 spatial calibration retained in workbook",0.372,2.361,0.814,0.586,1.39,TRUE,TRUE,TRUE,"",FALSE
"WR-F -5000X -0011.dm3",0.112,425100.871,34239.755,429000.571,326827.656,511677.594,0.296,1.9,0.295,1.902,1.612,0.055,1.594,0.428,0.563,0.643,0.222,54.524,0.54,0.657,47461.204,427031.781,-0.155,-0.641,100,8995984641.938,1,42,942,56.822,0.254,2.893,0.344,0.833,33,"WR","WR-F -5000X -0011.dm3",,,"DM3 spatial calibration retained in workbook",0.112,1.612,0.643,0.222,2.893,TRUE,TRUE,TRUE,"",FALSE
"WR-F -5000X -0011.dm3",0.173,418485.332,27825.061,423439.725,304104.625,505753.375,0.495,3.346,0.494,3.346,2.279,0.152,3.133,0.816,0.385,0.788,0.281,163.484,0.418,0.856,72369.028,419497.688,-0.269,0.006,100,13717112219.312,1,66,1392,162.248,0.323,2.802,0.355,0.854,34,"WR","WR-F -5000X -0011.dm3",,,"DM3 spatial calibration retained in workbook",0.173,2.279,0.788,0.281,2.802,TRUE,TRUE,TRUE,"",FALSE
"WR-F -5000X -0011.dm3",2.068,425608.03,28035.491,421912.145,217231.609,519238.625,1.177,2.263,1.175,2.264,5.568,0.249,1.512,1.866,1.484,1.885,1.405,11.844,0.838,1.895,880103.718,424795.25,0.058,0.006,100,166818344063.203,1,108,1104,12.142,1.446,1.341,0.741,0.964,35,"WR","WR-F -5000X -0011.dm3",,,"DM3 spatial calibration retained in workbook",2.068,5.568,1.885,1.405,1.341,TRUE,TRUE,TRUE,"",FALSE
"WR-F -5000X -0011.dm3",0.417,417245.575,26898.13,419229.878,295554.656,511669.719,2.015,4.213,2.02,4.215,4.497,1.037,3.751,1.742,0.962,1.874,0.285,150.901,0.259,1.964,173993.977,417323.719,-0.029,-0.104,100,32979507472.312,1,450,1644,151.595,0.404,6.575,0.151,0.635,36,"WR","WR-F -5000X -0011.dm3",,,"DM3 spatial calibration retained in workbook",0.417,4.497,1.874,0.285,6.575,TRUE,TRUE,TRUE,"",FALSE
"WR-F -5000X -0011.dm3",5.646,421449.341,25935.773,419766.447,304700.219,525351.562,3.192,3.669,3.193,3.671,10.98,1.037,2.583,4.174,2.254,3.816,1.895,169.927,0.589,4.183,2379544.782,420846.812,0.085,0.195,100,451028341588.969,1,450,1446,176.233,2.182,2.013,0.494,0.899,37,"WR","WR-F -5000X -0011.dm3",,,"DM3 spatial calibration retained in workbook",5.646,10.98,3.816,1.895,2.013,TRUE,TRUE,TRUE,"",FALSE
"WR-F -5000X -0011.dm3",0.168,419334.659,29060.709,429340.771,284085.219,502181.531,3.986,5.637,3.986,5.638,1.632,3.704,5.428,0.539,0.426,0.554,0.389,4.401,0.793,0.582,70484.98,420881.5,-0.311,0.106,100,13360002248.25,1,1608,2508,22.188,0.417,1.423,0.698,0.934,38,"WR","WR-F -5000X -0011.dm3",,,"DM3 spatial calibration retained in workbook",0.168,1.632,0.554,0.389,1.423,TRUE,TRUE,TRUE,"",FALSE
"WR-F -5000X -0011.dm3",2.622,421044.546,24667.161,422999.221,307457.375,519491.156,5.401,4.974,5.399,4.974,6.442,4.23,4.218,2.336,1.539,2.274,1.476,3.464,0.794,2.372,1103882.696,421052.531,-0.053,0.116,100,209234297933.375,1,1836,2280,10.008,1.538,1.54,0.645,0.96,39,"WR","WR-F -5000X -0011.dm3",,,"DM3 spatial calibration retained in workbook",2.622,6.442,2.274,1.476,1.54,TRUE,TRUE,TRUE,"",FALSE
"WR-F -5000X -0011.dm3",0.072,421616.837,34075.182,430515.11,319603.375,510804.75,5.862,4.164,5.861,4.165,1.006,5.709,4.026,0.318,0.289,0.344,0.268,17.049,0.893,0.352,30295.987,424897.125,-0.231,-0.461,100,5742421324.156,1,2478,1860,25.429,0.272,1.284,0.774,0.936,40,"WR","WR-F -5000X -0011.dm3",,,"DM3 spatial calibration retained in workbook",0.072,1.006,0.344,0.268,1.284,TRUE,TRUE,TRUE,"",FALSE
"WR-F -5000X -0011.dm3",0.104,410295.638,28699.773,415567.62,325260.562,506582.969,5.376,3.961,5.376,3.962,1.277,5.17,3.792,0.415,0.357,0.4,0.333,155.365,0.801,0.424,42645.697,411013.375,-0.026,-0.447,100,8083234354.937,1,2262,1662,125.914,0.347,1.201,0.828,0.911,41,"WR","WR-F -5000X -0011.dm3",,,"DM3 spatial calibration retained in workbook",0.104,1.277,0.4,0.333,1.201,TRUE,TRUE,TRUE,"",FALSE
"WR-F -5000X -0011.dm3",0.104,415865.712,27709.537,417798.314,318390.156,499518.188,5.346,3.591,5.346,3.592,1.311,5.156,3.367,0.359,0.426,0.483,0.276,61.145,0.761,0.498,43303.63,416605.438,-0.116,-0.13,100,8207941552.313,1,2250,1656,48.199,0.28,1.746,0.569,0.939,42,"WR","WR-F -5000X -0011.dm3",,,"DM3 spatial calibration retained in workbook",0.104,1.311,0.483,0.276,1.746,TRUE,TRUE,TRUE,"",FALSE
"WR-F -5000X -0011.dm3",0.622,423225.25,27707.95,425051.021,311316.062,512811.906,5.938,3.379,5.937,3.379,3.227,5.501,2.817,0.871,1.14,1.162,0.685,56.563,0.75,1.228,263113.6,423910.188,-0.201,-0.092,100,49871593817.688,1,2430,1728,68.201,0.733,1.696,0.586,0.942,43,"WR","WR-F -5000X -0011.dm3",,,"DM3 spatial calibration retained in workbook",0.622,3.227,1.162,0.685,1.696,TRUE,TRUE,TRUE,"",FALSE
"WR-F -5000X -0011.dm3",0.039,419012.381,29344.352,428076.054,321355.844,501688.344,6.771,5.173,6.771,5.172,0.774,6.662,5.043,0.221,0.247,0.241,0.207,49.06,0.817,0.263,16347.641,420738.062,-0.247,-0.47,100,3098596558.375,1,2904,2304,46.953,0.22,1.164,0.854,0.897,44,"WR","WR-F -5000X -0011.dm3",,,"DM3 spatial calibration retained in workbook",0.039,0.774,0.241,0.207,1.164,TRUE,TRUE,TRUE,"",FALSE
"WR-F -5000X -0011.dm3",1.824,420964.007,26508.115,421316.231,299793.812,515086.125,7.706,6.554,7.706,6.554,5.591,6.828,5.771,1.714,1.731,1.598,1.462,146.805,0.733,1.826,767713.57,420726.938,-0.049,0.229,100,145515470367.906,1,3180,2520,108.537,1.449,1.093,0.909,0.917,45,"WR","WR-F -5000X -0011.dm3",,,"DM3 spatial calibration retained in workbook",1.824,5.591,1.598,1.462,1.093,TRUE,TRUE,TRUE,"",FALSE
"WR-F -5000X -0011.dm3",0.119,412636.958,26292.249,401436.212,310395.469,493191,8.543,6.159,8.542,6.159,1.312,8.335,5.95,0.387,0.426,0.414,0.369,106.862,0.872,0.448,49269.835,410775.125,0.141,-0.185,100,9338799632.781,1,3672,2598,107.978,0.387,1.122,0.886,0.938,46,"WR","WR-F -5000X -0011.dm3",,,"DM3 spatial calibration retained in workbook",0.119,1.312,0.414,0.369,1.122,TRUE,TRUE,TRUE,"",FALSE
"WR-F -5000X -0011.dm3",0.277,417231.744,28381.446,417239.165,303582.812,502190.5,8.969,5.778,8.97,5.779,2.231,8.667,5.359,0.567,0.797,0.818,0.434,67.738,0.7,0.822,115683.966,417711.938,-0.162,-0.146,100,21927197052.5,1,3804,2682,72.377,0.453,1.883,0.528,0.93,47,"WR","WR-F -5000X -0011.dm3",,,"DM3 spatial calibration retained in workbook",0.277,2.231,0.818,0.434,1.883,TRUE,TRUE,TRUE,"",FALSE
"WR-F -5000X -0011.dm3",0.057,423133.865,28621.718,423207.006,323007.625,510927.344,8.258,7.124,8.259,7.124,0.952,8.1,6.98,0.304,0.275,0.3,0.245,171.075,0.795,0.316,24243.631,425085.875,-0.278,-0.278,100,4595233774.562,1,3516,3132,23.076,0.257,1.227,0.81,0.91,48,"WR","WR-F -5000X -0011.dm3",,,"DM3 spatial calibration retained in workbook",0.057,0.952,0.3,0.245,1.227,TRUE,TRUE,TRUE,"",FALSE
"WR-F -5000X -0011.dm3",0.274,417962.584,25683.55,419506.422,310302.469,512152.375,2.074,7.239,2.074,7.24,2.854,1.755,6.596,0.608,1.14,1.247,0.281,66.856,0.422,1.244,114332.01,417956.938,-0.024,0.045,100,21670942043.281,1,780,3378,66.428,0.335,4.441,0.224,0.831,49,"WR","WR-F -5000X -0011.dm3",,,"DM3 spatial calibration retained in workbook",0.274,2.854,1.247,0.281,4.441,TRUE,TRUE,TRUE,"",FALSE
"WR-F -5000X -0010.dm3",0.242,404454.285,20852.077,405089.306,313645.469,474536.344,2.865,1.8,2.865,1.8,1.844,2.618,1.456,0.499,0.646,0.654,0.474,94.739,0.894,0.67,97797.967,404925.75,-0.257,0.254,100,18504996921.625,1,1224,636,105.581,0.482,1.38,0.719,0.964,50,"WR","WR-F -5000X -0010.dm3",,,"DM3 spatial calibration retained in workbook",0.242,1.844,0.654,0.474,1.38,TRUE,TRUE,TRUE,"",FALSE
"WR-F -5000X -0010.dm3",0.251,399975.8,22563.296,404584.101,313248.312,488394.094,3.41,2.312,3.411,2.312,1.964,3.102,1.992,0.623,0.618,0.721,0.446,132.612,0.816,0.718,100247.305,400744.062,-0.254,0.189,100,18968452338.062,1,1344,918,142.254,0.47,1.614,0.615,0.939,51,"WR","WR-F -5000X -0010.dm3",,,"DM3 spatial calibration retained in workbook",0.251,1.964,0.721,0.446,1.614,TRUE,TRUE,TRUE,"",FALSE
"WR-F -5000X -0010.dm3",0.858,406399.253,18689.935,405805.703,327138.562,477990.906,1.929,8.378,1.928,8.379,3.885,1.399,7.693,1.08,1.36,1.55,0.71,125.467,0.714,1.559,348607.167,406646.188,-0.161,0.22,100,65962256363.063,1,654,3378,122.215,0.733,2.183,0.454,0.946,52,"WR","WR-F -5000X -0010.dm3",,,"DM3 spatial calibration retained in workbook",0.858,3.885,1.55,0.71,2.183,TRUE,TRUE,TRUE,"",FALSE
"WR-F -5000X -0010.dm3",0.293,397546.598,20709.674,400595.061,320031.594,472240.062,2.676,8.911,2.676,8.912,2.237,2.438,8.49,0.512,0.797,0.781,0.482,104.411,0.736,0.823,116631.463,398712.906,-0.24,0.061,100,22068606756.906,1,1068,3708,104.613,0.496,1.62,0.612,0.935,53,"WR","WR-F -5000X -0010.dm3",,,"DM3 spatial calibration retained in workbook",0.293,2.237,0.781,0.482,1.62,TRUE,TRUE,TRUE,"",FALSE
"WR-F -5000X -0010.dm3",1.083,402951.226,21353.945,403324.987,307898.312,510630.5,4.441,6.749,4.443,6.748,4.231,3.767,6.168,1.385,1.209,1.448,0.961,29.639,0.76,1.534,436586.653,403481.469,-0.209,0.607,100,82609433892,1,1644,3036,27.759,1.05,1.507,0.658,0.946,54,"WR","WR-F -5000X -0010.dm3",,,"DM3 spatial calibration retained in workbook",1.083,4.231,1.448,0.961,1.507,TRUE,TRUE,TRUE,"",FALSE
"WR-F -5000X -0010.dm3",0.449,398968.605,18217.627,400742.832,303551.875,466705.219,5.633,5.742,5.633,5.742,2.725,5.346,5.193,0.623,1.03,0.968,0.595,81.622,0.76,1.051,179197.534,399006.344,-0.088,0.3,100,33907144843.406,1,2352,2718,78.6,0.623,1.627,0.61,0.95,55,"WR","WR-F -5000X -0010.dm3",,,"DM3 spatial calibration retained in workbook",0.449,2.725,0.968,0.595,1.627,TRUE,TRUE,TRUE,"",FALSE
"WR-F -5000X -0010.dm3",0.246,404701.792,25172.135,411310.58,316574.688,506789.5,5.02,7.73,5.019,7.73,2.379,4.681,7.363,0.637,0.783,0.924,0.342,127.3,0.547,0.896,99667.263,406176.156,-0.169,0.14,100,18858698787.312,1,2040,3234,127.093,0.386,2.7,0.367,0.864,56,"WR","WR-F -5000X -0010.dm3",,,"DM3 spatial calibration retained in workbook",0.246,2.379,0.924,0.342,2.7,TRUE,TRUE,TRUE,"",FALSE
"WR-F -5000X -0010.dm3",0.29,395603.045,18586.137,391823.479,324851.688,477249.719,7.254,3.975,7.255,3.974,2.161,6.911,3.668,0.637,0.659,0.746,0.499,139.431,0.779,0.788,114612.383,394676.875,0.171,0.052,100,21686563331.969,1,3036,1614,126.692,0.535,1.495,0.664,0.93,57,"WR","WR-F -5000X -0010.dm3",,,"DM3 spatial calibration retained in workbook",0.29,2.161,0.746,0.499,1.495,TRUE,TRUE,TRUE,"",FALSE
"WR-F -5000X -0010.dm3",0.404,392105.016,18955.819,390868.765,321500.188,456544.719,6.539,3.204,6.54,3.206,2.731,6.218,2.706,0.734,0.962,1.025,0.506,120.742,0.68,1.017,158347.225,392092.312,-0.086,0.104,100,29961920580.219,1,2742,1182,109.068,0.539,2.028,0.489,0.899,58,"WR","WR-F -5000X -0010.dm3",,,"DM3 spatial calibration retained in workbook",0.404,2.731,1.025,0.506,2.028,TRUE,TRUE,TRUE,"",FALSE
"WR-F -5000X -0010.dm3",0.347,391374.342,19513.449,400940.996,310073.375,458713.062,7.631,1.415,7.633,1.417,2.702,7.229,0.934,0.789,0.907,1.106,0.403,127.113,0.597,1.085,135881.041,392221.25,-0.22,0.106,100,25710946055.531,1,3168,408,123.298,0.429,2.747,0.361,0.92,59,"WR","WR-F -5000X -0010.dm3",,,"DM3 spatial calibration retained in workbook",0.347,2.702,1.106,0.403,2.747,TRUE,TRUE,TRUE,"",FALSE
"WR-F -5000X -0010.dm3",0.292,391974.315,18488.138,394981.067,307110.344,457577.938,8.159,2.271,8.159,2.271,2.395,7.853,1.841,0.596,0.893,0.95,0.395,113.243,0.64,0.948,114406.282,392708.312,-0.198,0.174,100,21647565509.969,1,3444,822,116.004,0.419,2.407,0.412,0.913,60,"WR","WR-F -5000X -0010.dm3",,,"DM3 spatial calibration retained in workbook",0.292,2.395,0.95,0.395,2.407,TRUE,TRUE,TRUE,"",FALSE
"WR-F -5000X -0010.dm3",0.186,384889.019,16612.925,384784.289,324348.562,447627.812,8.872,1.067,8.874,1.067,2.01,8.545,0.783,0.637,0.604,0.815,0.292,138.835,0.577,0.822,71421.982,385033.375,0.008,-0.212,100,13514223237.625,1,3702,372,139.316,0.311,2.788,0.356,0.904,61,"WR","WR-F -5000X -0010.dm3",,,"DM3 spatial calibration retained in workbook",0.186,2.01,0.815,0.292,2.788,TRUE,TRUE,TRUE,"",FALSE
"WR-F -5000X -0009.tif",1007055,123.17,34.124,117,0,255,2619.588,908.822,2617.912,912.968,6321.107,1872,66,1560,1494,1530.65,837.698,142.966,0.317,1954.73,124038648,123,0.04,0.314,99.949,124038648,1,1878,90,131.765,1228.436,1.827,0.547,0.641,62,"WR","WR-F -5000X -0009.tif",868,0.00230414746543779,"Converted from pixels using visible 2-um scale bar",5.3465512115356,14.5647626728111,3.52684331797235,1.9301797235023,1.827,TRUE,TRUE,TRUE,"",FALSE
"WR-F -5000X -0009.tif",89835,125.891,40.056,123,0,255,2559.522,1550.407,2565.208,1548.152,1480,2268,1440,624,246,640.422,178.603,13.779,0.515,643.204,11309429,125,0.051,0.253,99.872,11309429,1,2268,1638,14.036,203.423,3.586,0.279,0.878,63,"WR","WR-F -5000X -0009.tif",868,0.00230414746543779,"Converted from pixels using visible 2-um scale bar",0.476942598058995,3.41013824884793,1.4756267281106,0.411527649769585,3.586,TRUE,TRUE,TRUE,"",FALSE
"WR-F -5000X -0009.tif",24522,107.271,37.035,107,0,243,3625.478,171.421,3626.544,170.706,607.82,3522,90,192,180,201.88,154.658,134.253,0.834,208.019,2630488,107,0.062,-0.015,99.878,2630488,1,3558,90,123.232,164.65,1.305,0.766,0.932,64,"WR","WR-F -5000X -0009.tif",868,0.00230414746543779,"Converted from pixels using visible 2-um scale bar",0.130189640892778,1.4005069124424,0.465161290322581,0.356354838709677,1.305,TRUE,TRUE,TRUE,"",FALSE
"WR-F -5000X -0009.tif",1038921,132.502,39.334,132,0,255,1023.892,1641.285,1023.867,1646.078,4214.585,198,1212,1602,930,1568.978,843.093,6.322,0.735,1622.853,137659059,132,0.059,0.038,99.913,137659059,1,198,1632,10.437,889.018,1.861,0.537,0.96,65,"WR","WR-F -5000X -0009.tif",868,0.00230414746543779,"Converted from pixels using visible 2-um scale bar",5.51573085009238,9.71102534562212,3.61515668202765,1.94261059907834,1.861,TRUE,TRUE,TRUE,"",FALSE
"WR-F -5000X -0009.tif",335631,125.53,34.737,121,0,255,1685.689,2253.407,1685.846,2258.427,2300.653,1308,1944,756,630,786.444,543.381,156.845,0.797,783.798,42131793,125,0.112,0.296,99.968,42131793,1,1344,2028,146.553,537.355,1.447,0.691,0.953,66,"WR","WR-F -5000X -0009.tif",868,0.00230414746543779,"Converted from pixels using visible 2-um scale bar",1.78189704601924,5.30104377880184,1.81208294930876,1.25202995391705,1.447,TRUE,TRUE,TRUE,"",FALSE
"WR-F -5000X -0009.tif",77586,140.178,40.634,144,0,255,785.826,2937.883,784.477,2939.33,1081.174,582,2808,396,252,397.975,248.22,1.19,0.834,401.462,10875831,140,-0.017,-0.177,99.963,10875831,1,582,2982,9.462,250.861,1.603,0.624,0.947,67,"WR","WR-F -5000X -0009.tif",868,0.00230414746543779,"Converted from pixels using visible 2-um scale bar",0.411911486759116,2.49118433179724,0.916993087557604,0.571935483870968,1.603,TRUE,TRUE,TRUE,"",FALSE
"WR-F -5000X -0009.tif",66528,126.13,35.93,116,0,255,1132.796,3093.063,1132.538,3093.444,956.091,1002,2940,270,312,319.91,264.781,63.753,0.915,338.189,8391176,124,0.249,0.151,99.986,8391176,1,1056,3252,64.799,270,1.208,0.828,0.968,68,"WR","WR-F -5000X -0009.tif",868,0.00230414746543779,"Converted from pixels using visible 2-um scale bar",0.353203508250334,2.20297465437788,0.737119815668203,0.610094470046083,1.208,TRUE,TRUE,TRUE,"",FALSE
"CS-Female -5000X -0046.dm3",0.426,335240.472,12658.455,332589.092,284875.344,377061.906,6.179,2.11,6.179,2.111,2.612,5.869,1.682,0.592,0.89,0.91,0.592,85.349,0.786,0.939,142978.879,335559.688,-0.124,-0.379,100,26867847654.188,1,2640,1110,66.659,0.592,1.538,0.656,0.95,69,"CS","CS-Female -5000X -0046.dm3",,,"DM3 spatial calibration retained in workbook",0.426,2.612,0.91,0.592,1.538,TRUE,TRUE,TRUE,"",FALSE
"CS-Female -5000X -0046.dm3",0.059,332171.884,14398.833,335809.499,284069.312,369800.625,6.728,1.304,6.728,1.305,1.26,6.586,1.043,0.289,0.501,0.569,0.13,62.87,0.463,0.559,19435.562,333262.875,-0.393,0.066,100,3652229862.156,1,2874,660,60.48,0.154,4.391,0.23,0.858,70,"CS","CS-Female -5000X -0046.dm3",,,"DM3 spatial calibration retained in workbook",0.059,1.26,0.569,0.13,4.391,TRUE,TRUE,TRUE,"",FALSE
"CS-Female -5000X -0046.dm3",1.483,334236.704,13241.271,338782.24,241711.109,380927.969,6.713,7.676,6.713,7.676,5.088,6.117,6.66,1.157,1.905,1.859,1.006,79.207,0.72,1.913,495563.376,336136.156,-1.132,2.359,100,93123693478.828,1,2886,2874,95.372,0.977,1.848,0.546,0.942,71,"CS","CS-Female -5000X -0046.dm3",,,"DM3 spatial calibration retained in workbook",1.483,5.088,1.859,1.006,1.848,TRUE,TRUE,TRUE,"",FALSE
"CS-Female -5000X -0045.dm3",0.147,319291.847,11776.081,321311.068,260360.344,355213.75,0.786,1.859,0.785,1.86,2.059,0.552,1.498,0.511,0.797,0.925,0.203,60.354,0.436,0.905,46977.242,320467.125,-0.439,0.055,100,8913031896.969,1,264,1002,61.759,0.228,4.547,0.219,0.836,72,"CS","CS-Female -5000X -0045.dm3",,,"DM3 spatial calibration retained in workbook",0.147,2.059,0.925,0.203,4.547,TRUE,TRUE,TRUE,"",FALSE
"CS-Female -5000X -0045.dm3",0.066,315641.251,12860.979,319855.543,250791.688,355719.562,0.994,2.039,0.994,2.039,1.032,0.842,1.855,0.29,0.357,0.398,0.212,56.34,0.781,0.408,20876.848,317054.219,-0.578,0.554,100,3960982064.75,1,378,960,57.253,0.229,1.876,0.53,0.908,73,"CS","CS-Female -5000X -0045.dm3",,,"DM3 spatial calibration retained in workbook",0.066,1.032,0.398,0.212,1.876,TRUE,TRUE,TRUE,"",FALSE
"CS-Female -5000X -0045.dm3",0.036,315168.383,13791.806,322598.371,260175.672,346789.281,0.725,2.521,0.725,2.52,0.793,0.594,2.391,0.249,0.247,0.327,0.141,46.493,0.722,0.341,11382.091,316306,-0.54,0.265,100,2159533760.547,1,258,1146,43.223,0.146,2.313,0.43,0.928,74,"CS","CS-Female -5000X -0045.dm3",,,"DM3 spatial calibration retained in workbook",0.036,0.793,0.327,0.141,2.313,TRUE,TRUE,TRUE,"",FALSE
"CS-Female -5000X -0045.dm3",0.075,317365.139,13576.021,321551.493,249418.969,364471.469,1.133,2.183,1.134,2.182,1.222,0.911,1.992,0.428,0.371,0.524,0.183,41.72,0.632,0.519,23816.079,318108.938,-0.328,0.634,100,4518644847.547,1,396,1014,39.472,0.195,2.861,0.348,0.89,75,"CS","CS-Female -5000X -0045.dm3",,,"DM3 spatial calibration retained in workbook",0.075,1.222,0.524,0.183,2.861,TRUE,TRUE,TRUE,"",FALSE
"CS-Female -5000X -0045.dm3",0.088,317755.763,13344.584,323651.992,263561.594,360007.625,1.863,1.575,1.864,1.576,1.216,1.629,1.457,0.469,0.247,0.464,0.242,4.358,0.745,0.474,27844.746,318170.812,-0.223,-0.032,100,5283007318.094,1,708,684,8.325,0.241,1.922,0.518,0.914,76,"CS","CS-Female -5000X -0045.dm3",,,"DM3 spatial calibration retained in workbook",0.088,1.216,0.464,0.242,1.922,TRUE,TRUE,TRUE,"",FALSE
"CS-Female -5000X -0045.dm3",0.239,312354.178,13543.449,312222.805,258017.406,366853.344,3.197,1.097,3.196,1.097,3.164,2.555,0.783,1.298,0.605,1.425,0.215,18.569,0.3,1.415,74666.358,312352.188,0.006,0.102,100,14166511397.125,1,1110,588,23.462,0.258,6.639,0.15,0.783,77,"CS","CS-Female -5000X -0045.dm3",,,"DM3 spatial calibration retained in workbook",0.239,3.164,1.425,0.215,6.639,TRUE,TRUE,TRUE,"",FALSE
"CS-Female -5000X -0045.dm3",0.053,313687.521,13186.324,318819.433,263100.031,345314.25,4.452,0.158,4.452,0.158,0.955,4.308,0.014,0.304,0.302,0.372,0.181,41.129,0.725,0.39,16496.917,315294.469,-0.42,-0.335,100,3129974083.281,1,1878,138,41.998,0.194,2.06,0.483,0.886,78,"CS","CS-Female -5000X -0045.dm3",,,"DM3 spatial calibration retained in workbook",0.053,0.955,0.372,0.181,2.06,TRUE,TRUE,TRUE,"",FALSE
"CS-Female -5000X -0045.dm3",0.047,316496.722,13866.712,321131.661,268116.906,351124.719,1.402,4.134,1.401,4.134,1.08,1.188,3.971,0.387,0.33,0.487,0.122,41.338,0.502,0.482,14727.967,318206.906,-0.505,-0.233,100,2794349561.531,1,516,1872,36.735,0.153,3.991,0.249,0.826,79,"CS","CS-Female -5000X -0045.dm3",,,"DM3 spatial calibration retained in workbook",0.047,1.08,0.487,0.122,3.991,TRUE,TRUE,TRUE,"",FALSE
"CS-Female -5000X -0045.dm3",0.244,315718.574,14192.61,318708.874,253300.969,366058.031,2.509,3.306,2.511,3.305,3.465,1.823,2.858,1.339,0.783,1.4,0.223,30.76,0.256,1.552,77187.88,316779.5,-0.369,0.132,100,14644921778.375,1,792,1590,30.317,0.357,6.269,0.159,0.63,80,"CS","CS-Female -5000X -0045.dm3",,,"DM3 spatial calibration retained in workbook",0.244,3.465,1.4,0.223,6.269,TRUE,TRUE,TRUE,"",FALSE
"CS-Female -5000X -0045.dm3",0.128,320236.649,15483.077,324535.909,253420.812,367561.656,2.71,2.829,2.711,2.829,1.735,2.417,2.515,0.525,0.577,0.692,0.236,51.746,0.534,0.716,40953.921,321785.75,-0.521,0.246,100,7770222063.219,1,1062,1344,51.892,0.285,2.926,0.34,0.844,81,"CS","CS-Female -5000X -0045.dm3",,,"DM3 spatial calibration retained in workbook",0.128,1.735,0.692,0.236,2.926,TRUE,TRUE,TRUE,"",FALSE
"CS-Female -5000X -0045.dm3",0.033,318855.111,15794.85,318862.321,257651.719,356515.531,3.301,2.837,3.302,2.836,0.741,3.19,2.707,0.235,0.234,0.233,0.181,21.844,0.753,0.254,10501.854,320673.344,-0.571,0.127,100,1992525590.438,1,1386,1260,22.281,0.21,1.293,0.77,0.835,82,"CS","CS-Female -5000X -0045.dm3",,,"DM3 spatial calibration retained in workbook",0.033,0.741,0.233,0.181,1.293,TRUE,TRUE,TRUE,"",FALSE
"CS-Female -5000X -0045.dm3",0.041,320038.642,17919.794,330388.795,265325.969,373834.656,3.643,2.668,3.643,2.668,0.79,3.494,2.542,0.276,0.234,0.304,0.172,29.281,0.824,0.308,13096.342,321372.438,-0.152,-0.388,100,2484780019.469,1,1518,1188,26.453,0.183,1.763,0.564,0.914,83,"CS","CS-Female -5000X -0045.dm3",,,"DM3 spatial calibration retained in workbook",0.041,0.79,0.304,0.172,1.763,TRUE,TRUE,TRUE,"",FALSE
"CS-Female -5000X -0045.dm3",0.453,323629.941,12477.492,325428.964,258352.188,361485.25,3.532,2.353,3.533,2.353,2.925,2.914,2.047,1.16,0.55,1.138,0.509,9.301,0.665,1.189,146571.829,324668.688,-0.518,0.407,100,27809197233.078,1,1266,1110,12.685,0.534,2.233,0.446,0.948,84,"CS","CS-Female -5000X -0045.dm3",,,"DM3 spatial calibration retained in workbook",0.453,2.925,1.138,0.509,2.233,TRUE,TRUE,TRUE,"",FALSE
"CS-Female -5000X -0045.dm3",0.033,314987.572,14807.008,315732.116,269901.375,355855,4.077,2.673,4.078,2.672,0.682,3.977,2.556,0.193,0.22,0.234,0.179,60.348,0.886,0.245,10314.705,315544.938,-0.16,-0.466,100,1957017785.062,1,1728,1200,38.021,0.187,1.302,0.764,0.943,85,"CS","CS-Female -5000X -0045.dm3",,,"DM3 spatial calibration retained in workbook",0.033,0.682,0.234,0.179,1.302,TRUE,TRUE,TRUE,"",FALSE
"CS-Female -5000X -0045.dm3",0.024,320062.942,14603.089,321146.795,272721.344,355092.875,4.387,2.277,4.387,2.277,0.601,4.308,2.171,0.152,0.22,0.227,0.135,88.392,0.837,0.23,7687.347,321683.719,-0.481,0.038,100,1458526826.969,1,1890,948,107.434,0.148,1.683,0.591,0.895,86,"CS","CS-Female -5000X -0045.dm3",,,"DM3 spatial calibration retained in workbook",0.024,0.601,0.227,0.135,1.683,TRUE,TRUE,TRUE,"",FALSE
"CS-Female -5000X -0045.dm3",0.013,320182.318,14177.155,328851.88,270948.156,349171.656,4.656,2.466,4.656,2.466,0.453,4.612,2.391,0.097,0.165,0.17,0.097,89.827,0.786,0.174,4105.835,323306.719,-0.692,0.051,100,779003578.656,1,2004,1044,108.52,0.097,1.761,0.565,0.932,87,"CS","CS-Female -5000X -0045.dm3",,,"DM3 spatial calibration retained in workbook",0.013,0.453,0.17,0.097,1.761,TRUE,TRUE,TRUE,"",FALSE
"CS-Female -5000X -0045.dm3",0.146,314072.75,12532.611,315202.657,265002.031,353327.531,6.004,2.294,6.004,2.294,1.456,5.772,2.075,0.442,0.44,0.451,0.414,47.709,0.866,0.477,45896.496,314146.406,-0.092,-0.138,100,8707981054.562,1,2508,1026,22.011,0.426,1.09,0.913,0.94,88,"CS","CS-Female -5000X -0045.dm3",,,"DM3 spatial calibration retained in workbook",0.146,1.456,0.451,0.414,1.09,TRUE,TRUE,TRUE,"",FALSE
"CS-Female -5000X -0045.dm3",0.896,317611.913,11279.55,316358.342,238681.875,372588.781,7.521,2.554,7.521,2.554,3.672,6.863,2.075,1.326,0.962,1.323,0.867,17.664,0.835,1.363,284654.2,317083.156,0.096,0.931,100,54007682552.75,1,2982,1170,13.41,0.896,1.527,0.652,0.965,89,"CS","CS-Female -5000X -0045.dm3",,,"DM3 spatial calibration retained in workbook",0.896,3.672,1.323,0.867,1.527,TRUE,TRUE,TRUE,"",FALSE
"CS-Female -5000X -0045.dm3",0.072,314024.767,14872.415,313473.364,246459.375,356784.656,5.79,4.286,5.79,4.287,1.127,5.62,4.109,0.359,0.357,0.446,0.207,47.432,0.714,0.459,22681.58,314579.594,-0.48,0.49,100,4303395402.016,1,2448,1944,41.208,0.22,2.155,0.462,0.895,90,"CS","CS-Female -5000X -0045.dm3",,,"DM3 spatial calibration retained in workbook",0.072,1.127,0.446,0.207,2.155,TRUE,TRUE,TRUE,"",FALSE
"CS-Female -5000X -0045.dm3",0.079,316692.394,14980.082,319756.558,259830.359,360427.781,5.115,4.799,5.116,4.799,1.375,4.805,4.644,0.58,0.289,0.621,0.163,22.229,0.528,0.611,25137.649,318036.844,-0.395,-0.051,100,4769387459.422,1,2088,2142,18.351,0.197,3.8,0.262,0.869,91,"CS","CS-Female -5000X -0045.dm3",,,"DM3 spatial calibration retained in workbook",0.079,1.375,0.621,0.163,3.8,TRUE,TRUE,TRUE,"",FALSE
"CS-Female -5000X -0045.dm3",0.031,315845.114,13790.035,323424.773,260314.062,350825.781,5.012,5.016,5.011,5.017,0.697,4.902,4.919,0.207,0.192,0.219,0.182,1.808,0.807,0.237,9835.053,316712.625,-0.432,0.138,100,1866012931.406,1,2136,2214,35.405,0.188,1.202,0.828,0.902,92,"CS","CS-Female -5000X -0045.dm3",,,"DM3 spatial calibration retained in workbook",0.031,0.697,0.219,0.182,1.202,TRUE,TRUE,TRUE,"",FALSE
"CS-Female -5000X -0045.dm3",0.061,312664.816,12904.136,314065.061,258552.656,350534.375,4.346,5.384,4.347,5.384,1.262,4.129,5.167,0.387,0.398,0.499,0.157,44.076,0.484,0.517,19177.063,313909,-0.611,0.346,100,3638480465.766,1,1800,2424,48.1,0.198,3.172,0.314,0.747,93,"CS","CS-Female -5000X -0045.dm3",,,"DM3 spatial calibration retained in workbook",0.061,1.262,0.499,0.157,3.172,TRUE,TRUE,TRUE,"",FALSE
"CS-Female -5000X -0045.dm3",0.042,321269.826,16530.178,331454.299,254907.328,357236.438,4.46,5.558,4.46,5.559,0.849,4.322,5.441,0.29,0.234,0.324,0.168,37.138,0.741,0.337,13639.471,324353.156,-0.655,-0.093,100,2587828446.984,1,1878,2472,34.86,0.186,1.93,0.515,0.911,94,"CS","CS-Female -5000X -0045.dm3",,,"DM3 spatial calibration retained in workbook",0.042,0.849,0.324,0.168,1.93,TRUE,TRUE,TRUE,"",FALSE
"CS-Female -5000X -0045.dm3",1.884,320495.934,13222.776,321841.336,246377.969,371417.594,3.02,6.352,3.016,6.354,5.937,2.03,5.524,2.057,1.663,2.223,1.084,37.816,0.672,2.323,603870.226,320951.25,-0.269,0.175,100,114572809451.766,1,882,3090,29.792,1.115,2.05,0.485,0.925,95,"CS","CS-Female -5000X -0045.dm3",,,"DM3 spatial calibration retained in workbook",1.884,5.937,2.223,1.084,2.05,TRUE,TRUE,TRUE,"",FALSE
"CS-Female -5000X -0045.dm3",0.024,318100.771,14148.817,326707.672,249566.312,349053.406,1.962,6.866,1.962,6.866,0.582,1.878,6.761,0.166,0.192,0.189,0.164,115.299,0.901,0.206,7715.665,320707.344,-0.912,1.109,100,1463899748.719,1,828,2964,127.005,0.166,1.155,0.862,0.916,96,"CS","CS-Female -5000X -0045.dm3",,,"DM3 spatial calibration retained in workbook",0.024,0.582,0.189,0.164,1.155,TRUE,TRUE,TRUE,"",FALSE
"CS-Female -5000X -0045.dm3",0.024,308939.646,15657.792,320226.063,260316.844,348713.156,1.765,6.729,1.766,6.729,0.579,1.685,6.637,0.166,0.192,0.206,0.148,52.491,0.888,0.218,7327.372,310233.625,-0.27,-0.551,100,1390228408.453,1,738,2976,55.173,0.156,1.392,0.715,0.94,97,"CS","CS-Female -5000X -0045.dm3",,,"DM3 spatial calibration retained in workbook",0.024,0.579,0.206,0.148,1.392,TRUE,TRUE,TRUE,"",FALSE
"CS-Female -5000X -0045.dm3",0.039,314813.47,13383.565,317281.233,272523.844,353498.344,1.543,6.678,1.544,6.678,0.776,1.436,6.541,0.221,0.261,0.267,0.187,58.309,0.813,0.278,12265.276,315726.688,-0.224,-0.321,100,2327101167.031,1,642,2970,69.684,0.196,1.43,0.696,0.911,98,"CS","CS-Female -5000X -0045.dm3",,,"DM3 spatial calibration retained in workbook",0.039,0.776,0.267,0.187,1.43,TRUE,TRUE,TRUE,"",FALSE
"CS-Female -5000X -0045.dm3",1.841,318073.042,12433.368,319301.407,238786.516,365628.438,2.714,7.967,2.716,7.967,7.879,1.878,7.241,2.196,1.704,1.589,1.482,29.176,0.373,2.199,585447.593,318426.875,-0.236,0.131,100,111077467732.562,1,816,3252,176.776,1.704,1.072,0.928,0.727,99,"CS","CS-Female -5000X -0045.dm3",,,"DM3 spatial calibration retained in workbook",1.841,7.879,1.589,1.482,1.072,TRUE,TRUE,TRUE,"",FALSE
"CS-Female -5000X -0045.dm3",0.506,319701.589,13581.221,323625.496,248695.906,470452.844,4.703,7.163,4.705,7.163,4.008,3.853,6.719,1.505,0.824,1.56,0.415,24.343,0.396,1.607,161787.862,321050.75,-0.466,0.408,100,30696148097.969,1,1674,3240,20.521,0.523,3.757,0.265,0.718,100,"CS","CS-Female -5000X -0045.dm3",,,"DM3 spatial calibration retained in workbook",0.506,4.008,1.56,0.415,3.757,TRUE,TRUE,TRUE,"",FALSE
"CS-Female -5000X -0045.dm3",0.564,319885.172,12650.575,320238.769,252926.078,364460.375,5.019,7.565,5.022,7.564,4.519,4.391,6.637,1.257,1.457,1.488,0.485,42.913,0.347,1.733,180478.971,320102.125,-0.263,0.425,100,34242428081.859,1,1932,3486,50.989,0.632,3.068,0.324,0.61,101,"CS","CS-Female -5000X -0045.dm3",,,"DM3 spatial calibration retained in workbook",0.564,4.519,1.488,0.485,3.068,TRUE,TRUE,TRUE,"",FALSE
"CS-Female -5000X -0045.dm3",0.211,321799.98,13646.046,324566.176,254747.438,368230.594,3.73,9.053,3.729,9.054,2.595,3.204,8.794,0.994,0.495,0.899,0.301,21.944,0.394,1.056,68009.687,323014.625,-0.425,0.012,100,12903535584.125,1,1392,4020,19.765,0.426,2.987,0.333,0.718,102,"CS","CS-Female -5000X -0045.dm3",,,"DM3 spatial calibration retained in workbook",0.211,2.595,0.899,0.301,2.987,TRUE,TRUE,TRUE,"",FALSE
"CS-Female -5000X -0045.dm3",0.128,317138.867,13557.607,322323.349,237592.656,357764.719,5.773,6.736,5.773,6.734,1.971,5.634,6.348,0.345,0.824,0.776,0.21,77.592,0.413,0.841,40462.48,318614.531,-0.811,1.874,100,7676980548.844,1,2508,3132,78.636,0.283,3.687,0.27,0.727,103,"CS","CS-Female -5000X -0045.dm3",,,"DM3 spatial calibration retained in workbook",0.128,1.971,0.776,0.21,3.687,TRUE,TRUE,TRUE,"",FALSE
"CS-Female -5000X -0045.dm3",0.065,316052.338,13710.965,320456.991,261490.219,360477.062,6.026,6.722,6.026,6.723,1.013,5.855,6.596,0.359,0.234,0.374,0.224,168.947,0.803,0.367,20699.145,316971.438,-0.367,0.196,100,3927266355.875,1,2550,2904,160.291,0.234,1.666,0.597,0.935,104,"CS","CS-Female -5000X -0045.dm3",,,"DM3 spatial calibration retained in workbook",0.065,1.013,0.374,0.224,1.666,TRUE,TRUE,TRUE,"",FALSE
"CS-Female -5000X -0045.dm3",0.164,320056.531,14913.619,324401.157,245964.906,368776.406,6.822,5.632,6.822,5.632,2.65,6.366,5.318,0.994,0.701,1.108,0.19,38.435,0.294,1.186,52535.055,321683.875,-0.519,0.162,100,9967520553.688,1,2766,2622,33.007,0.264,5.84,0.17,0.679,105,"CS","CS-Female -5000X -0045.dm3",,,"DM3 spatial calibration retained in workbook",0.164,2.65,1.108,0.19,5.84,TRUE,TRUE,TRUE,"",FALSE
"CS-Female -5000X -0045.dm3",0.233,315424.305,12648.825,316660.09,252722.344,358664.5,8.056,4.87,8.056,4.869,1.966,7.774,4.548,0.608,0.66,0.78,0.382,48.104,0.756,0.782,73370.361,315436.219,-0.05,0.219,100,13920620833.406,1,3378,2244,40.572,0.389,2.045,0.487,0.938,106,"CS","CS-Female -5000X -0045.dm3",,,"DM3 spatial calibration retained in workbook",0.233,1.966,0.78,0.382,2.045,TRUE,TRUE,TRUE,"",FALSE
"CS-Female -5000X -0045.dm3",0.02,322281.978,14320.507,321300.487,253082.016,355509.75,8.44,4.577,8.44,4.577,0.532,8.354,4.48,0.166,0.179,0.175,0.144,50.596,0.875,0.191,6359.66,323802.062,-0.794,1.3,100,1206623726.719,1,3648,2034,59.621,0.156,1.21,0.822,0.881,107,"CS","CS-Female -5000X -0045.dm3",,,"DM3 spatial calibration retained in workbook",0.02,0.532,0.175,0.144,1.21,TRUE,TRUE,TRUE,"",FALSE
"CS-Female -5000X -0045.dm3",0.027,315939.179,12478.953,322132.605,271874.125,355150.312,8.733,4.401,8.733,4.401,0.655,8.644,4.273,0.166,0.247,0.246,0.141,111.562,0.792,0.266,8537.463,316285.844,-0.12,-0.222,100,1619820172.781,1,3774,1866,111.346,0.157,1.746,0.57,0.89,108,"CS","CS-Female -5000X -0045.dm3",,,"DM3 spatial calibration retained in workbook",0.027,0.655,0.246,0.141,1.746,TRUE,TRUE,TRUE,"",FALSE
"CS-Female -5000X -0045.dm3",0.813,318295.233,13512.417,316325.203,253817.594,369355.125,7.045,7.764,7.046,7.765,4.893,6.407,6.898,1.464,1.676,1.98,0.526,46.28,0.427,2.146,258829.086,318134.312,-0.1,0.04,100,49107861757.469,1,2820,3744,51.375,0.618,3.767,0.264,0.846,109,"CS","CS-Female -5000X -0045.dm3",,,"DM3 spatial calibration retained in workbook",0.813,4.893,1.98,0.526,3.767,TRUE,TRUE,TRUE,"",FALSE
"CS-Female -5000X -0045.dm3",2.919,318133.776,11917.981,317302.038,252894.125,368602.375,8.086,8.041,8.088,8.04,7.113,6.766,7.186,2.513,1.704,2.603,1.435,20.401,0.725,2.828,928531.311,317987.5,-0.084,0.289,100,176171032075.203,1,2946,3870,29.071,1.547,1.814,0.548,0.944,110,"CS","CS-Female -5000X -0045.dm3",,,"DM3 spatial calibration retained in workbook",2.919,7.113,2.603,1.435,1.814,TRUE,TRUE,TRUE,"",FALSE
"CS-Female -5000X -0044.dm3",0.551,332882.862,12136.78,332393.228,283913.594,383598.625,1.08,1.628,1.081,1.627,6.188,0.11,0.4,1.739,2.36,2.612,0.269,57.63,0.181,2.889,183467.531,332997.281,-0.01,0.032,100,34690055894,1,54,1200,53.349,0.438,9.725,0.103,0.566,111,"CS","CS-Female -5000X -0044.dm3",,,"DM3 spatial calibration retained in workbook",0.551,6.188,2.612,0.269,9.725,TRUE,TRUE,TRUE,"",FALSE
"CS-Female -5000X -0044.dm3",0.721,334367.726,13390.087,337099.649,261205.266,383785.469,4.277,1.002,4.277,1.002,3.215,3.85,0.4,0.911,1.076,1.024,0.896,96.372,0.877,1.135,241194.536,334912.938,-0.247,0.036,100,45605082845.875,1,1776,174,110.638,0.895,1.143,0.875,0.96,112,"CS","CS-Female -5000X -0044.dm3",,,"DM3 spatial calibration retained in workbook",0.721,3.215,1.024,0.896,1.143,TRUE,TRUE,TRUE,"",FALSE
"CS-Female -5000X -0044.dm3",0.475,333883.789,12454.757,333712.417,272223.406,382687.875,3.501,2.952,3.501,2.953,2.592,3.201,2.456,0.593,0.993,1.013,0.598,85.161,0.889,1.004,158734.231,334115.844,-0.163,0.092,100,30013481553.75,1,1488,1500,77.3,0.593,1.695,0.59,0.982,113,"CS","CS-Female -5000X -0044.dm3",,,"DM3 spatial calibration retained in workbook",0.475,2.592,1.013,0.598,1.695,TRUE,TRUE,TRUE,"",FALSE
"CS-Female -5000X -0044.dm3",5.007,334357.271,11809.298,334397.094,272324.531,392253.406,3.922,4.797,3.924,4.797,9.422,2.553,3.422,2.401,3.367,3.192,1.997,111.536,0.709,3.39,1674128.67,334539.156,-0.13,0.197,100,316544387281.531,1,1470,1518,103.414,2.221,1.598,0.626,0.895,114,"CS","CS-Female -5000X -0044.dm3",,,"DM3 spatial calibration retained in workbook",5.007,9.422,3.192,1.997,1.598,TRUE,TRUE,TRUE,"",FALSE
"CS-Female -5000X -0044.dm3",0.209,336683.87,11904.476,337347.653,291480.594,384302.469,4.406,7.045,4.406,7.045,1.998,4.112,6.692,0.649,0.649,0.831,0.321,42.638,0.659,0.859,70449.306,336884.5,-0.117,0.24,100,13320560622.062,1,1788,3174,43.698,0.381,2.59,0.386,0.915,115,"CS","CS-Female -5000X -0044.dm3",,,"DM3 spatial calibration retained in workbook",0.209,1.998,0.831,0.321,2.59,TRUE,TRUE,TRUE,"",FALSE
"CS-Female -5000X -0044.dm3",0.094,333465.079,12132.792,333053.576,293797.531,379325.594,7.753,3.313,7.752,3.313,1.188,7.617,3.091,0.29,0.442,0.44,0.273,69.355,0.84,0.469,31454.131,332880.531,0.25,0.231,100,5947349680.719,1,3324,1536,61.928,0.282,1.609,0.621,0.955,116,"CS","CS-Female -5000X -0044.dm3",,,"DM3 spatial calibration retained in workbook",0.094,1.188,0.44,0.273,1.609,TRUE,TRUE,TRUE,"",FALSE
"CS-Female -5000X -0044.dm3",0.123,340337.824,11741.716,341941.383,287331.406,386834.281,8.184,3.098,8.185,3.099,1.65,7.865,2.939,0.662,0.331,0.671,0.234,10.512,0.57,0.677,41989.62,341066.438,-0.431,0.526,100,7939400761.531,1,3426,1368,16.587,0.296,2.862,0.349,0.817,117,"CS","CS-Female -5000X -0044.dm3",,,"DM3 spatial calibration retained in workbook",0.123,1.65,0.671,0.234,2.862,TRUE,TRUE,TRUE,"",FALSE
"CS-Female -5000X -0044.dm3",0.599,338487.755,11104.977,339388.837,287920.781,388884.938,8.242,4.05,8.242,4.049,3.264,7.962,3.381,0.58,1.38,1.407,0.542,98.86,0.706,1.397,202679.032,338525.031,0.01,0.302,100,38322568204.125,1,3546,1470,99.09,0.558,2.595,0.385,0.965,118,"CS","CS-Female -5000X -0044.dm3",,,"DM3 spatial calibration retained in workbook",0.599,3.264,1.407,0.542,2.595,TRUE,TRUE,TRUE,"",FALSE
"CS-Female -5000X -0044.dm3",1.764,334374.731,12906.815,333886.012,276728.656,390598.562,7.576,5.256,7.576,5.254,5.567,7.023,4.002,1.062,2.401,2.388,0.94,79.921,0.715,2.426,589794.113,334175.406,0.01,0.213,100,111518319675.438,1,3180,2784,81.824,0.966,2.539,0.394,0.972,119,"CS","CS-Female -5000X -0044.dm3",,,"DM3 spatial calibration retained in workbook",1.764,5.567,2.388,0.94,2.539,TRUE,TRUE,TRUE,"",FALSE
"CS-Female -5000X -0044.dm3",0.822,336999.439,11325.01,336270.857,281616.969,384874.5,7.183,7.161,7.184,7.162,4.102,6.706,6.499,0.924,1.573,1.34,0.781,99.662,0.614,1.636,277051.274,337054.625,-0.102,0.14,100,52384877758.938,1,3084,2832,107.671,0.888,1.716,0.583,0.851,120,"CS","CS-Female -5000X -0044.dm3",,,"DM3 spatial calibration retained in workbook",0.822,4.102,1.34,0.781,1.716,TRUE,TRUE,TRUE,"",FALSE
"CS-Female -5000X -0044.dm3",0.196,333030.496,12759.545,333271.183,277179.281,383941.562,6.861,8.26,6.861,8.26,1.646,6.651,7.962,0.428,0.593,0.602,0.414,82.603,0.907,0.596,65167.072,333128.219,-0.174,0.289,100,12321795328.469,1,2946,3720,84.685,0.417,1.452,0.689,0.961,121,"CS","CS-Female -5000X -0044.dm3",,,"DM3 spatial calibration retained in workbook",0.196,1.646,0.602,0.414,1.452,TRUE,TRUE,TRUE,"",FALSE
"CS-Female -5000X -0044.dm3",0.2,341166.143,13037.952,341876.148,285921.5,387153.938,8.566,6.931,8.566,6.931,2.288,8.251,6.499,0.593,0.718,0.607,0.42,69.296,0.481,0.751,68323.416,340902.312,0.048,0.007,100,12918597176.938,1,3612,3138,72.897,0.554,1.447,0.691,0.728,122,"CS","CS-Female -5000X -0044.dm3",,,"DM3 spatial calibration retained in workbook",0.2,2.288,0.607,0.42,1.447,TRUE,TRUE,TRUE,"",FALSE
"CS-Female -5000X -0044.dm3",0.135,340101.203,11301.048,339773.983,299827.469,383307.531,8.741,7.482,8.741,7.482,1.765,8.596,7.189,0.4,0.704,0.702,0.244,71.791,0.544,0.734,45845.651,340896,-0.296,0.052,100,8668499455.781,1,3762,3432,64.398,0.31,2.872,0.348,0.827,123,"CS","CS-Female -5000X -0044.dm3",,,"DM3 spatial calibration retained in workbook",0.135,1.765,0.702,0.244,2.872,TRUE,TRUE,TRUE,"",FALSE
"CS-Female -5000X -0042.dm3",1.389,320327.622,11787.513,319485.948,263861.344,381062.156,1.323,7.668,1.323,7.668,4.766,0.773,6.638,1.076,1.845,1.761,1.006,86.88,0.768,1.846,444892.424,320256.25,0.031,0.032,100,84285885215.875,1,528,2892,91.713,1.076,1.75,0.57,0.96,124,"CS","CS-Female -5000X -0042.dm3",,,"DM3 spatial calibration retained in workbook",1.389,4.766,1.761,1.006,1.75,TRUE,TRUE,TRUE,"",FALSE
"CS-Female -5000X -0042.dm3",1.21,320508.972,11767.528,318890.293,272361.25,376391.25,2.496,8.34,2.498,8.341,4.548,1.877,7.533,1.311,1.584,1.705,0.905,52.631,0.735,1.803,387768.043,319881.5,0.179,0.032,100,73463540869.219,1,954,3960,59.663,0.945,1.883,0.53,0.954,125,"CS","CS-Female -5000X -0042.dm3",,,"DM3 spatial calibration retained in workbook",1.21,4.548,1.705,0.905,1.883,TRUE,TRUE,TRUE,"",FALSE
"CS-Female -5000X -0042.dm3",1.642,324146.294,12201.875,324014.419,263816.594,399593.188,3.899,5.347,3.899,5.347,4.851,3.325,4.448,1.187,1.859,1.839,1.139,85.276,0.877,1.863,532353.186,323717.75,0.174,0.242,100,100855526281.563,1,1644,2748,86.178,1.187,1.614,0.618,0.975,126,"CS","CS-Female -5000X -0042.dm3",,,"DM3 spatial calibration retained in workbook",1.642,4.851,1.839,1.139,1.614,TRUE,TRUE,TRUE,"",FALSE
"CS-Female -5000X -0042.dm3",2.342,324159.971,11441.691,323247.594,275280.594,381597.062,4.184,3.541,4.186,3.54,6.698,3.56,2.245,1.256,2.575,2.403,1.244,96.612,0.656,2.604,759290.026,324051,0.091,0.122,100,143849228779.312,1,1860,978,98.532,1.256,1.932,0.517,0.901,127,"CS","CS-Female -5000X -0042.dm3",,,"DM3 spatial calibration retained in workbook",2.342,6.698,2.403,1.244,1.932,TRUE,TRUE,TRUE,"",FALSE
"CS-Female -5000X -0042.dm3",0.046,317970.65,10757.244,315142.798,290004.125,358104.656,3.204,4.461,3.204,4.461,0.846,3.063,4.338,0.276,0.262,0.325,0.181,142.803,0.811,0.341,14682.363,316873.75,0.392,-0.055,100,2781607243.219,1,1332,1896,136.693,0.185,1.789,0.558,0.938,128,"CS","CS-Female -5000X -0042.dm3",,,"DM3 spatial calibration retained in workbook",0.046,0.846,0.325,0.181,1.789,TRUE,TRUE,TRUE,"",FALSE
"CS-Female -5000X -0042.dm3",0.048,321157.784,13505.092,325261.223,282741.406,374598.562,3.459,2.665,3.459,2.664,1.003,3.284,2.52,0.317,0.317,0.399,0.155,140.228,0.606,0.419,15572.024,320758.188,0.363,0.333,100,2950155407.375,1,1440,1098,133.724,0.189,2.572,0.388,0.807,129,"CS","CS-Female -5000X -0042.dm3",,,"DM3 spatial calibration retained in workbook",0.048,1.003,0.399,0.155,2.572,TRUE,TRUE,TRUE,"",FALSE
"CS-Female -5000X -0042.dm3",0.056,330092.849,14572.521,332885.234,282414.562,389638.562,4.377,1.973,4.377,1.973,0.968,4.264,1.776,0.207,0.386,0.38,0.189,77.125,0.757,0.398,18629.244,330173.625,0.094,0.091,100,3529352742.906,1,1890,942,75.937,0.207,2.011,0.496,0.935,130,"CS","CS-Female -5000X -0042.dm3",,,"DM3 spatial calibration retained in workbook",0.056,0.968,0.38,0.189,2.011,TRUE,TRUE,TRUE,"",FALSE
"CS-Female -5000X -0042.dm3",0.059,322873.328,11585.353,320032.258,277344.188,362388.125,5.559,2.594,5.56,2.592,1.324,5.354,2.327,0.4,0.496,0.589,0.127,46.803,0.42,0.62,18901.794,322286.25,0.106,0.134,100,3580988083.25,1,2334,1230,53.076,0.171,4.645,0.215,0.744,131,"CS","CS-Female -5000X -0042.dm3",,,"DM3 spatial calibration retained in workbook",0.059,1.324,0.589,0.127,4.645,TRUE,TRUE,TRUE,"",FALSE
"CS-Female -5000X -0042.dm3",0.061,326330.853,11012.343,324334.92,293880.312,365080.125,5.914,1.824,5.915,1.823,1.059,5.823,1.611,0.166,0.454,0.463,0.169,93.911,0.686,0.465,19972.344,325832.344,0.104,-0.272,100,3783806244.969,1,2550,702,101.999,0.166,2.74,0.364,0.972,132,"CS","CS-Female -5000X -0042.dm3",,,"DM3 spatial calibration retained in workbook",0.061,1.059,0.463,0.169,2.74,TRUE,TRUE,TRUE,"",FALSE
"CS-Female -5000X -0042.dm3",0.238,322776.717,13252.794,322045.014,274168.312,370297.219,5.911,0.386,5.911,0.386,1.83,5.685,0.055,0.455,0.689,0.688,0.441,82.651,0.892,0.692,76719.242,322445.688,0.092,0.063,100,14534635580.344,1,2568,24,95.722,0.446,1.56,0.64,0.966,133,"CS","CS-Female -5000X -0042.dm3",,,"DM3 spatial calibration retained in workbook",0.238,1.83,0.688,0.441,1.56,TRUE,TRUE,TRUE,"",FALSE
"CS-Female -5000X -0042.dm3",0.135,331760.501,12760.005,329319.281,293785.25,386137.656,7.166,1.116,7.166,1.116,1.625,6.982,0.799,0.345,0.661,0.706,0.244,107.605,0.644,0.693,44880.377,331561.656,0.073,0.011,100,8502689879.969,1,3066,348,110.993,0.268,2.892,0.345,0.9,134,"CS","CS-Female -5000X -0042.dm3",,,"DM3 spatial calibration retained in workbook",0.135,1.625,0.706,0.244,2.892,TRUE,TRUE,TRUE,"",FALSE
"CS-Female -5000X -0042.dm3",0.02,331654.17,16555.192,338084.979,287306.438,376038.906,7.338,1.791,7.338,1.791,0.554,7.272,1.694,0.138,0.179,0.18,0.144,66.989,0.835,0.218,6753.795,332241.25,-0.122,-0.488,100,1279521786.094,1,3162,816,55.252,0.138,1.251,0.798,0.936,135,"CS","CS-Female -5000X -0042.dm3",,,"DM3 spatial calibration retained in workbook",0.02,0.554,0.18,0.144,1.251,TRUE,TRUE,TRUE,"",FALSE
"CS-Female -5000X -0042.dm3",0.061,326945.225,11985.669,330026.568,289948.219,367971.469,6.899,1.919,6.899,1.919,1.14,6.761,1.694,0.276,0.454,0.519,0.149,113.408,0.588,0.511,19885.692,327423.062,-0.101,-0.258,100,3767389826.344,1,2940,738,117.301,0.158,3.478,0.287,0.885,136,"CS","CS-Female -5000X -0042.dm3",,,"DM3 spatial calibration retained in workbook",0.061,1.14,0.519,0.149,3.478,TRUE,TRUE,TRUE,"",FALSE
"CS-Female -5000X -0042.dm3",0.115,330797.797,12026.83,331337.695,275255.344,374612.312,9.077,3.22,9.077,3.22,1.748,8.955,2.809,0.262,0.785,0.803,0.183,76.855,0.475,0.812,38191.887,331393.031,-0.222,0.155,100,7235540207.156,1,3912,1566,75.229,0.209,4.378,0.228,0.905,137,"CS","CS-Female -5000X -0042.dm3",,,"DM3 spatial calibration retained in workbook",0.115,1.748,0.803,0.183,4.378,TRUE,TRUE,TRUE,"",FALSE
"CS-Female -5000X -0042.dm3",4.411,328323.759,13169.633,328319.428,268115.969,396017.094,7.587,4.716,7.585,4.717,10.068,6.209,3.236,2.539,3.498,3.322,1.694,63.927,0.547,3.958,1448085.297,328566.156,-0.077,0.02,100,274343065077.469,1,2754,2934,59.637,1.985,1.961,0.509,0.812,138,"CS","CS-Female -5000X -0042.dm3",,,"DM3 spatial calibration retained in workbook",4.411,10.068,3.322,1.694,1.961,TRUE,TRUE,TRUE,"",FALSE
"CS-Female -5000X -0042.dm3",0.216,326711.998,13090.942,331513.744,277848.781,374938.75,6.112,4.929,6.113,4.928,2.889,5.823,4.338,0.635,1.226,1.387,0.198,65.386,0.324,1.362,70406.493,327150.781,-0.153,0.058,100,13338670744.969,1,2550,2424,64.169,0.235,6.994,0.143,0.83,139,"CS","CS-Female -5000X -0042.dm3",,,"DM3 spatial calibration retained in workbook",0.216,2.889,1.387,0.198,6.994,TRUE,TRUE,TRUE,"",FALSE
"CS-Female -5000X -0042.dm3",0.132,329661.793,13458.74,318776.377,288896.75,385112.906,6.223,5.585,6.223,5.586,1.917,6.071,5.15,0.29,0.826,0.854,0.198,81.236,0.453,0.827,43625.501,328898.188,0.301,-0.058,100,8264950818.688,1,2700,2604,88.087,0.228,4.317,0.231,0.798,140,"CS","CS-Female -5000X -0042.dm3",,,"DM3 spatial calibration retained in workbook",0.132,1.917,0.854,0.198,4.317,TRUE,TRUE,TRUE,"",FALSE
"CS-Female -5000X -0042.dm3",0.175,330954.8,13881.944,334106.725,286285.094,379382.719,5.808,6.194,5.808,6.192,2.357,5.671,5.66,0.317,1.033,0.995,0.225,94.329,0.397,1.042,58067.063,331892.812,-0.16,-0.079,100,11000937551.469,1,2544,2466,97.609,0.289,4.423,0.226,0.727,141,"CS","CS-Female -5000X -0042.dm3",,,"DM3 spatial calibration retained in workbook",0.175,2.357,0.995,0.225,4.423,TRUE,TRUE,TRUE,"",FALSE
"CS-Female -5000X -0042.dm3",0.036,331411.548,12941.63,329321.089,280924.312,369738.469,5.454,6.614,5.454,6.614,0.763,5.354,6.459,0.193,0.303,0.316,0.146,63.46,0.783,0.327,12012.54,331572.844,-0.161,0.103,100,2275803099.281,1,2340,2946,67.711,0.156,2.163,0.461,0.956,142,"CS","CS-Female -5000X -0042.dm3",,,"DM3 spatial calibration retained in workbook",0.036,0.763,0.316,0.146,2.163,TRUE,TRUE,TRUE,"",FALSE
"CS-Female -5000X -0042.dm3",0.055,327585.638,12742.987,328070.794,288934.594,363424.312,7.956,6.048,7.956,6.047,1.064,7.824,5.853,0.262,0.413,0.478,0.147,62.697,0.609,0.478,17984.572,328062,-0.142,-0.127,100,3407218219.25,1,3402,2730,56.717,0.16,3.26,0.306,0.896,143,"CS","CS-Female -5000X -0042.dm3",,,"DM3 spatial calibration retained in workbook",0.055,1.064,0.478,0.147,3.26,TRUE,TRUE,TRUE,"",FALSE
"CS-Female -5000X -0042.dm3",0.228,327397.615,12088.473,328192.545,283858.812,375018.938,7.524,6.933,7.524,6.934,2.766,7.12,6.321,0.649,1.102,1.133,0.257,63.457,0.374,1.238,74644.72,327252.125,0.057,-0.078,100,14141612591.875,1,3120,3234,62.819,0.345,4.413,0.226,0.684,144,"CS","CS-Female -5000X -0042.dm3",,,"DM3 spatial calibration retained in workbook",0.228,2.766,1.133,0.257,4.413,TRUE,TRUE,TRUE,"",FALSE
"CS-Female -5000X -0042.dm3",0.014,329223.282,11053.189,324147.715,294309.562,361021.938,5.727,6.656,5.727,6.655,0.542,5.685,6.528,0.083,0.234,0.224,0.082,88.684,0.616,0.236,4738.881,328980.062,-0.001,-0.422,100,897791889.812,1,2478,2844,96.723,0.083,2.734,0.365,0.881,145,"CS","CS-Female -5000X -0042.dm3",,,"DM3 spatial calibration retained in workbook",0.014,0.542,0.224,0.082,2.734,TRUE,TRUE,TRUE,"",FALSE
"CS-Female -5000X -0042.dm3",0.036,327994.437,14867.387,326035.096,276891.469,369738.469,5.431,6.592,5.431,6.593,0.843,5.326,6.417,0.193,0.344,0.375,0.123,68.943,0.639,0.371,11857.518,328061,-0.107,-0.174,100,2246433898.562,1,2334,2946,68.16,0.129,3.05,0.327,0.919,146,"CS","CS-Female -5000X -0042.dm3",,,"DM3 spatial calibration retained in workbook",0.036,0.843,0.375,0.123,3.05,TRUE,TRUE,TRUE,"",FALSE
"CS-Female -5000X -0042.dm3",0.229,328071.583,11383.192,328790.037,278790.031,390580.438,5.779,7.7,5.779,7.7,3.396,5.671,6.899,0.248,1.611,1.538,0.19,89.04,0.249,1.611,75089.304,328154.438,-0.005,0.714,100,14225839969.438,1,2490,3708,89.509,0.248,8.103,0.123,0.77,147,"CS","CS-Female -5000X -0042.dm3",,,"DM3 spatial calibration retained in workbook",0.229,3.396,1.538,0.19,8.103,TRUE,TRUE,TRUE,"",FALSE
"CS-Female -5000X -0042.dm3",0.207,329538.247,12056.517,329730.048,281406.812,374071.594,5.999,7.945,5.999,7.945,3.081,5.892,7.216,0.221,1.418,1.528,0.173,87.546,0.274,1.42,68260.299,329754.438,-0.068,0.036,100,12932069414.219,1,2586,3144,92.785,0.203,8.838,0.113,0.785,148,"CS","CS-Female -5000X -0042.dm3",,,"DM3 spatial calibration retained in workbook",0.207,3.081,1.528,0.173,8.838,TRUE,TRUE,TRUE,"",FALSE
"CS-Female -5000X -0042.dm3",0.774,325241.379,12131.59,323398.365,276908.094,384614.062,6.849,7.986,6.848,7.986,3.941,6.568,7.189,0.676,1.666,1.636,0.603,86.585,0.626,1.672,251671.476,324969.125,0.149,0.118,100,47679735719.312,1,2904,3132,94.734,0.665,2.712,0.368,0.949,149,"CS","CS-Female -5000X -0042.dm3",,,"DM3 spatial calibration retained in workbook",0.774,3.941,1.636,0.603,2.712,TRUE,TRUE,TRUE,"",FALSE
"CS-Female -5000X -0041.dm3",0.079,346774.075,12184.833,347201.38,304750.594,388668.75,5.54,0.166,5.54,0.167,1.151,5.352,0,0.345,0.319,0.398,0.25,33.66,0.746,0.44,27307.047,346940.781,-0.088,0.073,100,5133990175.031,1,2328,132,43.904,0.291,1.594,0.631,0.928,150,"CS","CS-Female -5000X -0041.dm3",,,"DM3 spatial calibration retained in workbook",0.079,1.151,0.398,0.25,1.594,TRUE,TRUE,TRUE,"",FALSE
"CS-Female -5000X -0041.dm3",4.551,343912.005,13183.183,344529.597,278673.062,420945.406,5.799,2.461,5.8,2.46,11.107,5.09,0.278,1.435,4.358,4.481,1.285,89.472,0.464,4.385,1565090.064,343694.062,0.137,0.387,100,294252143518.219,1,2466,120,96.321,1.337,3.487,0.289,0.894,151,"CS","CS-Female -5000X -0041.dm3",,,"DM3 spatial calibration retained in workbook",4.551,11.107,4.481,1.285,3.487,TRUE,TRUE,TRUE,"",FALSE
"CS-Female -5000X -0041.dm3",3.729,342552.147,13029.397,341912.963,226598.797,477836.469,5.448,5.781,5.447,5.782,8.424,4.787,3.873,1.462,3.567,3.34,1.413,91.139,0.66,3.626,1277420.242,342053.812,0.309,0.977,100,240167421079.453,1,2184,1674,100.301,1.415,2.364,0.426,0.965,152,"CS","CS-Female -5000X -0041.dm3",,,"DM3 spatial calibration retained in workbook",3.729,8.424,3.34,1.413,2.364,TRUE,TRUE,TRUE,"",FALSE
"CS-Female -5000X -0041.dm3",0.061,344303.934,14280.444,347859.839,302705.469,394813.188,4.722,6.956,4.722,6.957,1.126,4.635,6.718,0.179,0.486,0.468,0.165,94.537,0.605,0.486,21014.273,343869.75,0.389,0.527,100,3950887636.938,1,2058,2904,90,0.179,2.831,0.355,0.913,153,"CS","CS-Female -5000X -0041.dm3",,,"DM3 spatial calibration retained in workbook",0.061,1.126,0.468,0.165,2.831,TRUE,TRUE,TRUE,"",FALSE
"CS-Female -5000X -0041.dm3",0.013,338660.265,13905.112,339003.519,303742.781,394463.875,4.644,7.662,4.644,7.662,0.417,4.58,7.593,0.124,0.139,0.131,0.122,42.267,0.913,0.147,4269.06,338464.75,0.229,0.22,100,802624829.031,1,1998,3288,131.011,0.124,1.079,0.933,0.914,154,"CS","CS-Female -5000X -0041.dm3",,,"DM3 spatial calibration retained in workbook",0.013,0.417,0.131,0.122,1.079,TRUE,TRUE,TRUE,"",FALSE
"CS-Female -5000X -0041.dm3",1.152,343300.084,13576.326,340195.513,286880.438,409289.938,5.064,8.046,5.064,8.047,4.292,4.525,7.315,1.159,1.555,1.656,0.881,62.939,0.786,1.669,395548.899,343266.625,0.012,-0.092,100,74367037501.062,1,2004,3816,60.819,0.938,1.88,0.535,0.976,155,"CS","CS-Female -5000X -0041.dm3",,,"DM3 spatial calibration retained in workbook",1.152,4.292,1.656,0.881,1.88,TRUE,TRUE,TRUE,"",FALSE
"CS-Female -5000X -0041.dm3",2.584,342241.563,14082.869,343474.249,274578.375,411833.969,8.508,2.957,8.509,2.957,6.689,7.891,1.457,1.435,2.665,2.624,1.246,108.039,0.726,2.799,884253.691,342417.094,-0.112,0.055,100,166248288308.812,1,3444,630,109.58,1.358,2.107,0.478,0.982,156,"CS","CS-Female -5000X -0041.dm3",,,"DM3 spatial calibration retained in workbook",2.584,6.689,2.624,1.246,2.107,TRUE,TRUE,TRUE,"",FALSE
"CS-Female -5000X -0041.dm3",0.027,349649.589,14594.078,362572.969,301291.625,394395.625,9.111,4.082,9.111,4.081,0.594,9.022,3.97,0.179,0.222,0.21,0.164,108.46,0.972,0.223,9546.056,351102.906,-0.238,-0.412,100,1794751339.625,1,3960,1716,93.554,0.157,1.278,0.788,0.98,157,"CS","CS-Female -5000X -0041.dm3",,,"DM3 spatial calibration retained in workbook",0.027,0.594,0.21,0.164,1.278,TRUE,TRUE,TRUE,"",FALSE
"CS-Female -5000X -0041.dm3",0.025,345212.51,15909.966,334546.025,304095.156,395269.688,8.923,4.207,8.924,4.207,0.59,8.829,4.109,0.166,0.208,0.208,0.15,88.258,0.891,0.219,8505.009,344847.812,0.084,-0.575,100,1599024348.188,1,3870,1776,108.329,0.156,1.388,0.725,0.953,158,"CS","CS-Female -5000X -0041.dm3",,,"DM3 spatial calibration retained in workbook",0.025,0.59,0.208,0.15,1.388,TRUE,TRUE,TRUE,"",FALSE
"CS-Female -5000X -0041.dm3",0.06,342088.94,15624.044,333707.518,280693.562,406940.75,9.044,6.062,9.044,6.061,0.946,8.87,5.927,0.331,0.278,0.327,0.233,31.507,0.846,0.36,20633.447,341746.75,-0.019,-0.085,100,3879288577.312,1,3858,2646,32.631,0.248,1.405,0.716,0.926,159,"CS","CS-Female -5000X -0041.dm3",,,"DM3 spatial calibration retained in workbook",0.06,0.946,0.327,0.233,1.405,TRUE,TRUE,TRUE,"",FALSE
"CS-Female -5000X -0039.dm3",0.088,318654.996,9116.084,319781.257,281976.344,352362.219,1.486,3.131,1.486,3.131,1.438,1.288,2.91,0.415,0.499,0.572,0.196,53.548,0.536,0.593,28081.778,319336.625,-0.308,0.156,100,5269279016.375,1,558,1476,52.615,0.236,2.914,0.343,0.857,160,"CS","CS-Female -5000X -0039.dm3",,,"DM3 spatial calibration retained in workbook",0.088,1.438,0.572,0.196,2.914,TRUE,TRUE,TRUE,"",FALSE
"CS-Female -5000X -0039.dm3",0.017,316904.219,12429.458,325907.636,282659.594,347216.438,1.822,2.856,1.823,2.856,0.489,1.758,2.771,0.125,0.18,0.172,0.125,92.959,0.887,0.188,5350.404,318227,-0.2,-0.689,100,1003952566.656,1,774,1200,107.091,0.125,1.377,0.727,0.921,161,"CS","CS-Female -5000X -0039.dm3",,,"DM3 spatial calibration retained in workbook",0.017,0.489,0.172,0.125,1.377,TRUE,TRUE,TRUE,"",FALSE
"CS-Female -5000X -0039.dm3",0.021,322233.838,13839.871,326554.145,270303.5,353782.719,1.919,2.685,1.919,2.684,0.519,1.828,2.605,0.18,0.152,0.185,0.143,29.806,0.969,0.198,6676.838,324888.594,-0.93,0.681,100,1252845160.5,1,792,1182,24.791,0.152,1.295,0.773,0.964,162,"CS","CS-Female -5000X -0039.dm3",,,"DM3 spatial calibration retained in workbook",0.021,0.519,0.185,0.143,1.295,TRUE,TRUE,TRUE,"",FALSE
"CS-Female -5000X -0039.dm3",2.063,312513.377,9964.151,310633.674,267842.344,358003.5,1.516,4.043,1.516,4.041,6.693,0.692,2.605,1.648,2.633,2.826,0.929,61.678,0.579,2.961,644584.588,312225.812,0.059,-0.151,100,120950177289.25,1,324,2220,58.411,0.988,3.043,0.329,0.925,163,"CS","CS-Female -5000X -0039.dm3",,,"DM3 spatial calibration retained in workbook",2.063,6.693,2.826,0.929,3.043,TRUE,TRUE,TRUE,"",FALSE
"CS-Female -5000X -0039.dm3",0.028,312113.327,8468.042,312365.707,281426.562,339451.625,1.735,4.63,1.735,4.63,0.658,1.662,4.489,0.166,0.263,0.256,0.142,71.384,0.826,0.269,8882.332,311969.125,-0.014,-0.073,100,1666685168.406,1,738,2058,78.12,0.15,1.806,0.554,0.91,164,"CS","CS-Female -5000X -0039.dm3",,,"DM3 spatial calibration retained in workbook",0.028,0.658,0.256,0.142,1.806,TRUE,TRUE,TRUE,"",FALSE
"CS-Female -5000X -0039.dm3",0.031,316805.283,10613.439,323367.312,281336.344,343353.219,0.971,5.405,0.972,5.405,0.662,0.858,5.293,0.208,0.208,0.228,0.173,133.317,0.89,0.255,9831.338,317988.188,-0.289,-0.496,100,1844757164.688,1,384,2304,134.979,0.176,1.321,0.758,0.94,165,"CS","CS-Female -5000X -0039.dm3",,,"DM3 spatial calibration retained in workbook",0.031,0.662,0.228,0.173,1.321,TRUE,TRUE,TRUE,"",FALSE
"CS-Female -5000X -0039.dm3",0.378,314504.308,9616.861,313050.91,275013.156,351387,1.344,5.713,1.344,5.712,2.391,1.066,5.252,0.554,0.956,0.95,0.506,74.656,0.83,0.982,118728.242,314035.5,0.127,-0.079,100,22278227169.094,1,528,2688,73.622,0.536,1.878,0.533,0.97,166,"CS","CS-Female -5000X -0039.dm3",,,"DM3 spatial calibration retained in workbook",0.378,2.391,0.95,0.506,1.878,TRUE,TRUE,TRUE,"",FALSE
"CS-Female -5000X -0039.dm3",0.326,313836.275,10403.731,314687.93,269947.781,356389.125,0.902,7.025,0.901,7.027,4.383,0.291,6.097,0.914,1.815,1.51,0.274,66.995,0.213,1.963,102259.104,314039.312,-0.06,0.101,100,19187949873.969,1,150,3426,67.613,0.444,5.503,0.182,0.496,167,"CS","CS-Female -5000X -0039.dm3",,,"DM3 spatial calibration retained in workbook",0.326,4.383,1.51,0.274,5.503,TRUE,TRUE,TRUE,"",FALSE
"CS-Female -5000X -0039.dm3",1.113,312786.121,9239.965,312118.922,270537.469,350274.188,1.886,8.064,1.886,8.064,5.084,1.495,6.859,0.734,2.328,2.268,0.624,81.81,0.541,2.35,348087.809,312825.25,-0.041,0.117,100,65315372212.375,1,738,3978,82.21,0.712,3.632,0.276,0.941,168,"CS","CS-Female -5000X -0039.dm3",,,"DM3 spatial calibration retained in workbook",1.113,5.084,2.268,0.624,3.632,TRUE,TRUE,TRUE,"",FALSE
"CS-Female -5000X -0039.dm3",0.077,312310.733,9532.943,312836.992,271837.938,346012.906,2.284,6.625,2.284,6.625,1.251,2.188,6.36,0.208,0.582,0.555,0.176,83.609,0.615,0.583,23917.572,312630.375,-0.204,0.364,100,4487905239.531,1,966,3006,85.917,0.2,3.163,0.316,0.898,169,"CS","CS-Female -5000X -0039.dm3",,,"DM3 spatial calibration retained in workbook",0.077,1.251,0.555,0.176,3.163,TRUE,TRUE,TRUE,"",FALSE
"CS-Female -5000X -0039.dm3",0.044,312028.41,9572.257,311713.073,275942,344026.719,2.406,7.009,2.406,7.01,0.992,2.271,6.762,0.222,0.416,0.372,0.152,64.81,0.568,0.434,13868.631,312453.5,-0.23,0.004,100,2602316936.219,1,996,3096,63.452,0.175,2.446,0.409,0.863,170,"CS","CS-Female -5000X -0039.dm3",,,"DM3 spatial calibration retained in workbook",0.044,0.992,0.372,0.152,2.446,TRUE,TRUE,TRUE,"",FALSE
"CS-Female -5000X -0039.dm3",0.491,311600.956,9774.719,310673.428,273696.812,357839.156,3.522,4.136,3.522,4.136,4.563,3.074,3.09,0.9,1.995,2.024,0.309,70.426,0.297,2.172,153073.309,311382.062,0.043,-0.048,100,28722752877.031,1,1332,2202,66.721,0.352,6.556,0.153,0.851,171,"CS","CS-Female -5000X -0039.dm3",,,"DM3 spatial calibration retained in workbook",0.491,4.563,2.024,0.309,6.556,TRUE,TRUE,TRUE,"",FALSE
"CS-Female -5000X -0039.dm3",0.019,314560.366,11432.732,312226.72,282358.094,341862.906,3.894,3.491,3.895,3.49,0.585,3.835,3.381,0.125,0.236,0.241,0.102,73.615,0.707,0.242,6050.124,315734.688,-0.446,-0.306,100,1135248360.562,1,1680,1566,76.769,0.121,2.369,0.422,0.891,172,"CS","CS-Female -5000X -0039.dm3",,,"DM3 spatial calibration retained in workbook",0.019,0.585,0.241,0.102,2.369,TRUE,TRUE,TRUE,"",FALSE
"CS-Female -5000X -0039.dm3",6.425,313431.015,11983.865,309784.543,257889.516,368139.531,6.585,2.666,6.59,2.66,12.764,5.275,0.111,2.617,5.418,5.669,1.442,69.359,0.496,5.575,2013707.008,312994.875,0.135,-0.096,100,377852999124.219,1,2604,2394,76.353,1.448,3.932,0.255,0.915,173,"CS","CS-Female -5000X -0039.dm3",,,"DM3 spatial calibration retained in workbook",6.425,12.764,5.669,1.442,3.932,TRUE,TRUE,TRUE,"",FALSE
"CS-Female -5000X -0039.dm3",2.626,314185.807,10169.844,313675.647,272975.219,487806.344,5.104,6.009,5.103,6.007,6.802,4.223,4.545,1.578,2.73,2.681,1.246,75.091,0.713,2.739,825157.475,313961.719,0.112,0.114,100,154832964969.281,1,2178,3150,85.36,1.293,2.151,0.465,0.936,174,"CS","CS-Female -5000X -0039.dm3",,,"DM3 spatial calibration retained in workbook",2.626,6.802,2.681,1.246,2.151,TRUE,TRUE,TRUE,"",FALSE
"CS-Female -5000X -0039.dm3",1.51,312880.421,10245.584,311497.244,266370.156,362241.812,4.251,7.944,4.251,7.944,4.881,3.655,6.997,1.218,1.898,2.051,0.937,67.021,0.796,1.986,472355.788,312711.188,0.076,-0.054,100,88633078498.125,1,1638,3828,59.877,0.919,2.189,0.457,0.984,175,"CS","CS-Female -5000X -0039.dm3",,,"DM3 spatial calibration retained in workbook",1.51,4.881,2.051,0.937,2.189,TRUE,TRUE,TRUE,"",FALSE
"CS-Female -5000X -0039.dm3",0.143,319338.304,9651.361,318172.922,285142.094,353060.906,9.101,1.051,9.101,1.051,1.61,8.931,0.748,0.36,0.651,0.702,0.259,69.01,0.693,0.701,45669.475,319250.5,-0.056,-0.14,100,8569443374.844,1,3882,600,65.478,0.274,2.708,0.369,0.954,176,"CS","CS-Female -5000X -0039.dm3",,,"DM3 spatial calibration retained in workbook",0.143,1.61,0.702,0.259,2.708,TRUE,TRUE,TRUE,"",FALSE
"CS-Female -5000X -0039.dm3",0.079,314440.904,8622.111,311709.795,287184.188,344522.594,8.89,2.674,8.889,2.674,1.128,8.778,2.453,0.222,0.443,0.461,0.217,93.525,0.778,0.457,24759.39,314129.438,0.052,-0.172,100,4645864353.344,1,3828,1062,104.026,0.222,2.118,0.472,0.959,177,"CS","CS-Female -5000X -0039.dm3",,,"DM3 spatial calibration retained in workbook",0.079,1.128,0.461,0.217,2.118,TRUE,TRUE,TRUE,"",FALSE
"CS-Female -5000X -0039.dm3",0.562,316519.684,11367.452,321711.368,271912.125,362008.281,7.689,4.649,7.691,4.643,6.744,7.02,3.145,1.26,3.021,3.428,0.208,69.299,0.155,3.229,177728.935,317256.375,-0.255,0.027,100,33349146958.531,1,3042,2664,67.301,0.269,16.449,0.061,0.707,178,"CS","CS-Female -5000X -0039.dm3",,,"DM3 spatial calibration retained in workbook",0.562,6.744,3.428,0.208,16.449,TRUE,TRUE,TRUE,"",FALSE
"CS-Female -5000X -0039.dm3",0.022,311754.131,10996.884,317612.165,273822.562,349823.5,7.65,5.167,7.651,5.167,0.583,7.56,5.085,0.194,0.166,0.193,0.145,26.489,0.809,0.216,6828.534,312612.156,-0.405,0.178,100,1281309477.906,1,3288,2274,39.826,0.149,1.33,0.752,0.892,179,"CS","CS-Female -5000X -0039.dm3",,,"DM3 spatial calibration retained in workbook",0.022,0.583,0.193,0.145,1.33,TRUE,TRUE,TRUE,"",FALSE
"CS-Female -5000X -0039.dm3",0.029,313267.15,9493.391,309954.114,278989.625,343175.125,7.693,5.531,7.693,5.532,0.681,7.615,5.39,0.152,0.277,0.272,0.135,93.879,0.786,0.28,9090.466,312900.594,0.035,0.021,100,1705739630.406,1,3336,2454,81.475,0.142,2.011,0.498,0.931,180,"CS","CS-Female -5000X -0039.dm3",,,"DM3 spatial calibration retained in workbook",0.029,0.681,0.272,0.135,2.011,TRUE,TRUE,TRUE,"",FALSE
"CS-Female -5000X -0039.dm3",0.064,320388.265,10839.042,322540.551,278637.844,358066.062,6.957,6.633,6.957,6.633,1.232,6.674,6.526,0.526,0.208,0.522,0.155,13.513,0.526,0.544,20356.313,321416.125,-0.333,-0.084,100,3819668900.156,1,2892,2916,14.754,0.181,3.371,0.297,0.885,181,"CS","CS-Female -5000X -0039.dm3",,,"DM3 spatial calibration retained in workbook",0.064,1.232,0.522,0.155,3.371,TRUE,TRUE,TRUE,"",FALSE
"CS-Female -5000X -0039.dm3",0.067,315836.815,8541.403,316109.485,287772.406,347974,8.656,7.709,8.656,7.709,1.345,8.501,7.441,0.291,0.554,0.604,0.141,67.43,0.465,0.607,21132.597,315566.062,0.11,-0.042,100,3965331209.531,1,3684,3456,62.868,0.162,4.28,0.234,0.875,182,"CS","CS-Female -5000X -0039.dm3",,,"DM3 spatial calibration retained in workbook",0.067,1.345,0.604,0.141,4.28,TRUE,TRUE,TRUE,"",FALSE
"CS-Female -5000X -0039.dm3",0.078,317407.755,9116.401,321376.631,284021.438,349297.406,8.311,8.044,8.311,8.044,1.627,8.114,7.676,0.36,0.721,0.795,0.124,65.725,0.368,0.793,24637.772,317904.688,-0.219,-0.076,100,4623043952.75,1,3528,3636,65.241,0.136,6.399,0.156,0.899,183,"CS","CS-Female -5000X -0039.dm3",,,"DM3 spatial calibration retained in workbook",0.078,1.627,0.795,0.124,6.399,TRUE,TRUE,TRUE,"",FALSE
"CS-Female -5000X -0039.dm3",0.101,311526.896,10757.11,308782.239,271337.125,356545.562,8.948,7.897,8.947,7.898,1.282,8.806,7.621,0.277,0.527,0.541,0.236,75.471,0.77,0.531,31343.533,311453.906,0.062,-0.026,100,5881316276.469,1,3870,3528,82.51,0.235,2.29,0.437,0.968,184,"CS","CS-Female -5000X -0039.dm3",,,"DM3 spatial calibration retained in workbook",0.101,1.282,0.541,0.236,2.29,TRUE,TRUE,TRUE,"",FALSE
"CS-Female -5000X -0039.dm3",0.027,314212.714,9373.03,310249.598,283907.969,343321.688,8.456,8.225,8.457,8.225,0.661,8.335,8.12,0.222,0.194,0.262,0.133,41.378,0.788,0.286,8610.517,314342.062,-0.088,-0.246,100,1615681777.688,1,3612,3594,39.115,0.153,1.969,0.508,0.943,185,"CS","CS-Female -5000X -0039.dm3",,,"DM3 spatial calibration retained in workbook",0.027,0.661,0.262,0.133,1.969,TRUE,TRUE,TRUE,"",FALSE
"CS-Female -5000X -0038.dm3",0.195,304606.694,9054.548,301251.33,271546.812,345735.656,0.91,1.791,0.91,1.792,1.737,0.638,1.551,0.541,0.485,0.632,0.395,36.425,0.814,0.674,59512.772,303864.75,0.33,0.241,100,11147691184.812,1,276,864,36.566,0.415,1.601,0.623,0.952,186,"CS","CS-Female -5000X -0038.dm3",,,"DM3 spatial calibration retained in workbook",0.195,1.737,0.632,0.395,1.601,TRUE,TRUE,TRUE,"",FALSE
"CS-Female -5000X -0038.dm3",0.489,309006.658,11256.814,305823.51,251457.656,355709.781,0.883,2.416,0.883,2.415,5.182,0.167,1.426,1.457,1.897,2.219,0.282,48.622,0.229,2.307,151250.253,308385.938,0.234,0.112,100,28331584415.062,1,108,1440,54.716,0.372,7.879,0.127,0.674,187,"CS","CS-Female -5000X -0038.dm3",,,"DM3 spatial calibration retained in workbook",0.489,5.182,2.219,0.282,7.879,TRUE,TRUE,TRUE,"",FALSE
"CS-Female -5000X -0038.dm3",0.056,307011.839,8966.951,304422.335,279504.875,341737.75,1.862,1.286,1.862,1.286,1.089,1.693,1.135,0.389,0.318,0.474,0.15,41.966,0.591,0.494,17130.884,306227.938,0.284,-0.095,100,3208887739.094,1,732,630,38.088,0.167,3.161,0.316,0.882,188,"CS","CS-Female -5000X -0038.dm3",,,"DM3 spatial calibration retained in workbook",0.056,1.089,0.474,0.15,3.161,TRUE,TRUE,TRUE,"",FALSE
"CS-Female -5000X -0038.dm3",3.607,312054.57,11553.249,313260.393,257982.516,366420.344,3.772,1.651,3.773,1.649,8.397,2.471,0.069,2.582,3.018,3.803,1.211,52.159,0.643,3.59,1125589.796,312222.375,-0.005,0.175,100,210840918316.391,1,1080,1254,49.785,1.254,3.141,0.318,0.945,189,"CS","CS-Female -5000X -0038.dm3",,,"DM3 spatial calibration retained in workbook",3.607,8.397,3.803,1.211,3.141,TRUE,TRUE,TRUE,"",FALSE
"CS-Female -5000X -0038.dm3",0.025,312945.694,13027.713,313994.738,277102.125,354200.156,2.851,3.341,2.851,3.341,0.63,2.776,3.24,0.167,0.194,0.192,0.167,72.908,0.795,0.217,7870.591,312909.75,0.148,-0.256,100,1474287162.156,1,1200,1482,39.736,0.167,1.15,0.868,0.948,190,"CS","CS-Female -5000X -0038.dm3",,,"DM3 spatial calibration retained in workbook",0.025,0.63,0.192,0.167,1.15,TRUE,TRUE,TRUE,"",FALSE
"CS-Female -5000X -0038.dm3",2.246,306283.51,10902.265,304378.337,257594.5,360398.469,1.884,3.962,1.885,3.961,5.816,0.986,2.991,1.832,2.008,2.268,1.264,51.501,0.834,2.202,687789.122,305801.125,0.167,0.083,100,128833870640.938,1,588,2142,55.444,1.25,1.794,0.556,0.954,191,"CS","CS-Female -5000X -0038.dm3",,,"DM3 spatial calibration retained in workbook",2.246,5.816,2.268,1.264,1.794,TRUE,TRUE,TRUE,"",FALSE
"CS-Female -5000X -0038.dm3",0.156,315222.961,12045.189,314481.625,267183.188,357882.812,3.433,3.156,3.434,3.156,2.232,2.998,2.977,0.833,0.429,0.739,0.27,176.154,0.394,0.844,49207.955,315775.562,-0.317,0.156,100,9217434610.688,1,1296,1380,170.561,0.375,2.74,0.364,0.649,192,"CS","CS-Female -5000X -0038.dm3",,,"DM3 spatial calibration retained in workbook",0.156,2.232,0.739,0.27,2.74,TRUE,TRUE,TRUE,"",FALSE
"CS-Female -5000X -0038.dm3",0.852,316030.87,10727.101,315396.129,267684.25,356515.094,3.018,4.216,3.02,4.214,4.576,2.401,3.24,1.166,1.786,1.823,0.597,59.778,0.512,1.893,269376.087,316214.531,-0.096,0.001,100,50458436757.656,1,1188,2160,67.136,0.799,3.054,0.327,0.803,193,"CS","CS-Female -5000X -0038.dm3",,,"DM3 spatial calibration retained in workbook",0.852,4.576,1.823,0.597,3.054,TRUE,TRUE,TRUE,"",FALSE
"CS-Female -5000X -0038.dm3",0.405,317983.021,10592.844,319259.805,277054.75,364540.531,4.372,3.134,4.371,3.135,4.319,3.623,2.506,1.402,1.08,1.157,0.447,26.622,0.273,1.521,128728.872,318294.188,-0.132,0.226,100,24112970481.531,1,1686,1548,42.344,0.72,2.589,0.385,0.478,194,"CS","CS-Female -5000X -0038.dm3",,,"DM3 spatial calibration retained in workbook",0.405,4.319,1.157,0.447,2.589,TRUE,TRUE,TRUE,"",FALSE
"CS-Female -5000X -0038.dm3",0.136,314489.318,9209.076,313027.681,283203.688,352298.188,5.882,1.779,5.882,1.779,1.71,5.691,1.44,0.43,0.678,0.749,0.231,62.353,0.583,0.746,42681.617,314254.219,0.096,-0.101,100,7994947452.969,1,2460,900,58.608,0.258,3.243,0.308,0.913,195,"CS","CS-Female -5000X -0038.dm3",,,"DM3 spatial calibration retained in workbook",0.136,1.71,0.749,0.231,3.243,TRUE,TRUE,TRUE,"",FALSE
"CS-Female -5000X -0038.dm3",0.053,316656.112,9021.172,315849.411,280485.719,349330.625,6.57,1.462,6.57,1.461,1.2,6.343,1.246,0.416,0.415,0.54,0.125,50.268,0.462,0.549,16761.228,316880.594,-0.218,0.225,100,3139645351.844,1,2742,708,44.929,0.156,4.313,0.231,0.77,196,"CS","CS-Female -5000X -0038.dm3",,,"DM3 spatial calibration retained in workbook",0.053,1.2,0.54,0.125,4.313,TRUE,TRUE,TRUE,"",FALSE
"CS-Female -5000X -0038.dm3",0.049,319119.163,9386.303,321179.899,287302.375,347320.688,6.967,1.43,6.967,1.43,1.022,6.885,1.246,0.18,0.429,0.434,0.143,75.616,0.587,0.451,15567.873,319959.594,-0.234,-0.363,100,2916110913.469,1,2988,726,72.08,0.159,3.031,0.329,0.935,197,"CS","CS-Female -5000X -0038.dm3",,,"DM3 spatial calibration retained in workbook",0.049,1.022,0.434,0.143,3.031,TRUE,TRUE,TRUE,"",FALSE
"CS-Female -5000X -0038.dm3",0.048,313792.063,8780.161,312563.21,286419.5,344871.812,8.191,2.155,8.191,2.156,0.91,8.051,2.008,0.278,0.305,0.333,0.184,52.326,0.73,0.347,15086.87,313367.094,0.178,-0.418,100,2826011315.875,1,3480,972,36.802,0.194,1.807,0.552,0.906,198,"CS","CS-Female -5000X -0038.dm3",,,"DM3 spatial calibration retained in workbook",0.048,0.91,0.333,0.184,1.807,TRUE,TRUE,TRUE,"",FALSE
"CS-Female -5000X -0038.dm3",0.059,315181.838,10369.618,315064.557,283615.875,353320.312,7.57,2.937,7.571,2.936,1.026,7.426,2.742,0.291,0.388,0.456,0.166,59.15,0.708,0.463,18702.338,314874.75,0.157,-0.197,100,3503246132.5,1,3210,1356,51.003,0.175,2.748,0.363,0.936,199,"CS","CS-Female -5000X -0038.dm3",,,"DM3 spatial calibration retained in workbook",0.059,1.026,0.456,0.166,2.748,TRUE,TRUE,TRUE,"",FALSE
"CS-Female -5000X -0038.dm3",0.375,314291.794,10097.098,313450.248,271885,354052.594,6.096,2.536,6.096,2.537,3.651,5.76,1.828,0.805,1.523,1.405,0.34,64.706,0.353,1.657,117771.368,314307.188,-0.042,0.22,100,22060455278.781,1,2556,1452,66.813,0.456,4.129,0.242,0.69,200,"CS","CS-Female -5000X -0038.dm3",,,"DM3 spatial calibration retained in workbook",0.375,3.651,1.405,0.34,4.129,TRUE,TRUE,TRUE,"",FALSE
"CS-Female -5000X -0038.dm3",0.027,318386.467,11119.654,316714.254,280664.625,357892.281,6.121,2.866,6.121,2.866,0.6,6.038,2.769,0.18,0.194,0.197,0.174,74.507,0.935,0.212,8515.646,318562.562,-0.197,0.112,100,1595116201.969,1,2610,1272,31.544,0.174,1.134,0.88,0.953,201,"CS","CS-Female -5000X -0038.dm3",,,"DM3 spatial calibration retained in workbook",0.027,0.6,0.197,0.174,1.134,TRUE,TRUE,TRUE,"",FALSE
"CS-Female -5000X -0038.dm3",0.016,314590.309,9700.829,309954.604,283809.656,349751.594,6.217,3.092,6.216,3.092,0.477,6.135,3.018,0.153,0.138,0.164,0.125,171.235,0.888,0.178,5060.224,315005.438,-0.105,-0.04,100,947860600.906,1,2658,1320,141.409,0.13,1.313,0.759,0.935,202,"CS","CS-Female -5000X -0038.dm3",,,"DM3 spatial calibration retained in workbook",0.016,0.477,0.164,0.125,1.313,TRUE,TRUE,TRUE,"",FALSE
"CS-Female -5000X -0038.dm3",0.165,317410.229,12484.056,315791.88,279686.531,363333.312,5.403,3.461,5.405,3.461,1.971,4.969,3.295,0.847,0.318,0.856,0.246,173.591,0.534,0.852,52426.69,316978.875,0.129,-0.035,100,9820355088.688,1,2148,1494,173.47,0.295,3.479,0.287,0.839,203,"CS","CS-Female -5000X -0038.dm3",,,"DM3 spatial calibration retained in workbook",0.165,1.971,0.856,0.246,3.479,TRUE,TRUE,TRUE,"",FALSE
"CS-Female -5000X -0038.dm3",0.549,312861.859,9151.732,311304.151,274328.562,359223.188,4.021,4.022,4.021,4.023,3.489,3.539,3.462,0.972,1.315,1.392,0.503,51.429,0.567,1.549,171706.953,312724.344,0.092,0.045,100,32163450552.344,1,1542,2070,58.094,0.535,2.765,0.361,0.899,204,"CS","CS-Female -5000X -0038.dm3",,,"DM3 spatial calibration retained in workbook",0.549,3.489,1.392,0.503,2.765,TRUE,TRUE,TRUE,"",FALSE
"CS-Female -5000X -0038.dm3",0.408,317371.423,10940.775,319499.956,268626.844,368423.906,4.233,4.547,4.232,4.548,4.217,3.456,3.849,1.346,1.191,1.037,0.502,30.873,0.288,1.609,129574.109,318047.312,-0.289,0.596,100,24271296959.031,1,1494,2178,47.025,0.83,2.064,0.483,0.547,205,"CS","CS-Female -5000X -0038.dm3",,,"DM3 spatial calibration retained in workbook",0.408,4.217,1.037,0.502,2.064,TRUE,TRUE,TRUE,"",FALSE
"CS-Female -5000X -0038.dm3",0.921,314432.301,10424.996,314107.497,269760.688,363974.656,5.331,4.175,5.33,4.174,3.576,4.705,3.614,1.235,1.08,1.288,0.913,28.86,0.905,1.249,289572.028,314218.25,0.044,0.082,100,54241458550.812,1,2118,2010,49.88,0.894,1.411,0.707,0.974,206,"CS","CS-Female -5000X -0038.dm3",,,"DM3 spatial calibration retained in workbook",0.921,3.576,1.288,0.913,1.411,TRUE,TRUE,TRUE,"",FALSE
"CS-Female -5000X -0038.dm3",0.114,315006.541,10485.407,313276.378,283185.625,349880.281,6.025,4.638,6.024,4.639,1.645,5.746,4.375,0.569,0.512,0.737,0.198,38.989,0.531,0.745,36006.572,315201.094,-0.033,-0.377,100,6744605049.188,1,2484,2118,43.422,0.209,3.724,0.268,0.905,207,"CS","CS-Female -5000X -0038.dm3",,,"DM3 spatial calibration retained in workbook",0.114,1.645,0.737,0.198,3.724,TRUE,TRUE,TRUE,"",FALSE
"CS-Female -5000X -0038.dm3",1.012,310233.584,9206.339,308758.773,271145.625,357504.062,4.486,5.622,4.486,5.621,4.129,3.887,4.888,1.166,1.482,1.753,0.736,57.709,0.746,1.727,313802.793,309930.469,0.153,0.304,100,58780267315.906,1,1710,2724,54.074,0.733,2.381,0.419,0.967,208,"CS","CS-Female -5000X -0038.dm3",,,"DM3 spatial calibration retained in workbook",1.012,4.129,1.753,0.736,2.381,TRUE,TRUE,TRUE,"",FALSE
"CS-Female -5000X -0038.dm3",0.134,316288.21,10611.458,314972.579,276683.906,361548.844,3.789,5.105,3.79,5.104,1.883,3.387,4.818,0.75,0.554,0.917,0.186,34.735,0.474,0.877,42267.231,316589.938,-0.103,0.014,100,7917326461.688,1,1464,2316,34.629,0.199,4.932,0.202,0.934,209,"CS","CS-Female -5000X -0038.dm3",,,"DM3 spatial calibration retained in workbook",0.134,1.883,0.917,0.186,4.932,TRUE,TRUE,TRUE,"",FALSE
"CS-Female -5000X -0038.dm3",0.171,309892.245,11413.935,310935.958,264744.125,358223.25,3.11,5.434,3.109,5.435,2.285,2.79,5.04,0.694,0.789,0.949,0.23,56.894,0.411,0.991,52892.266,310176.469,-0.042,0.073,100,9907564965.594,1,1218,2520,47.764,0.3,4.132,0.241,0.708,210,"CS","CS-Female -5000X -0038.dm3",,,"DM3 spatial calibration retained in workbook",0.171,2.285,0.949,0.23,4.132,TRUE,TRUE,TRUE,"",FALSE
"CS-Female -5000X -0038.dm3",0.033,314400.817,9887.068,316308.293,277422.094,346313.906,3.278,5.484,3.278,5.484,0.649,3.179,5.345,0.194,0.249,0.264,0.158,58.735,0.973,0.273,10262.055,314610.875,-0.017,-0.146,100,1922246593.594,1,1374,2418,59.473,0.161,1.679,0.594,0.982,211,"CS","CS-Female -5000X -0038.dm3",,,"DM3 spatial calibration retained in workbook",0.033,0.649,0.264,0.158,1.679,TRUE,TRUE,TRUE,"",FALSE
"CS-Female -5000X -0038.dm3",0.035,312895.7,9893.269,313443.571,272328.438,347242.844,8.287,4.755,8.287,4.754,0.754,8.162,4.638,0.236,0.208,0.257,0.173,36.822,0.773,0.286,10934.548,313038.75,-0.167,0.531,100,2048215252.344,1,3534,2100,39.025,0.186,1.482,0.673,0.937,212,"CS","CS-Female -5000X -0038.dm3",,,"DM3 spatial calibration retained in workbook",0.035,0.754,0.257,0.173,1.482,TRUE,TRUE,TRUE,"",FALSE
"CS-Female -5000X -0038.dm3",0.372,310889.322,10264.781,308997.868,272139.312,360738.281,4.595,8.643,4.596,8.642,4.489,3.637,7.975,1.721,1.302,1.962,0.242,37.887,0.232,2.02,115674.84,310143.625,0.614,1.114,100,21667742216.125,1,1590,3984,35.151,0.362,8.108,0.123,0.634,213,"CS","CS-Female -5000X -0038.dm3",,,"DM3 spatial calibration retained in workbook",0.372,4.489,1.962,0.242,8.108,TRUE,TRUE,TRUE,"",FALSE
"CS-Female -5000X -0038.dm3",0.111,310466.506,11299.89,314211.425,273109.969,351340.25,3.485,8.818,3.485,8.819,1.604,3.234,8.529,0.5,0.595,0.753,0.188,46.787,0.542,0.76,34463.323,311197.188,-0.156,-0.136,100,6455530067.812,1,1410,3954,51.598,0.196,3.999,0.249,0.933,214,"CS","CS-Female -5000X -0038.dm3",,,"DM3 spatial calibration retained in workbook",0.111,1.604,0.753,0.188,3.999,TRUE,TRUE,TRUE,"",FALSE
"CS-Female -5000X -0038.dm3",0.03,307127.897,10300.013,311397.563,270365.25,334611.562,3.876,8.619,3.876,8.619,0.604,3.775,8.501,0.194,0.222,0.212,0.18,89.879,1,0.237,9188.458,308354.938,-0.386,-0.029,100,1721144735.031,1,1662,3684,110.603,0.18,1.182,0.844,0.988,215,"CS","CS-Female -5000X -0038.dm3",,,"DM3 spatial calibration retained in workbook",0.03,0.604,0.212,0.18,1.182,TRUE,TRUE,TRUE,"",FALSE
"CS-Female -5000X -0037.dm3",0.159,304253.103,9399.088,303741.807,267975.062,343960.844,0.462,6.562,0.463,6.562,1.8,0.32,6.163,0.292,0.789,0.801,0.254,100.033,0.617,0.81,48451.258,304012.375,0.148,0.163,100,9055485116.656,1,180,2670,102.9,0.261,3.153,0.316,0.961,216,"CS","CS-Female -5000X -0037.dm3",,,"DM3 spatial calibration retained in workbook",0.159,1.8,0.801,0.254,3.153,TRUE,TRUE,TRUE,"",FALSE
"CS-Female -5000X -0037.dm3",0.037,303466.425,9680.792,304308.218,265195.75,345619.781,0.362,7.033,0.362,7.032,0.741,0.25,6.897,0.223,0.263,0.303,0.157,59.137,0.852,0.306,11291.163,303243.75,0.458,1.31,100,2110305516.031,1,120,3102,50.409,0.165,1.935,0.515,0.945,217,"CS","CS-Female -5000X -0037.dm3",,,"DM3 spatial calibration retained in workbook",0.037,0.741,0.303,0.157,1.935,TRUE,TRUE,TRUE,"",FALSE
"CS-Female -5000X -0037.dm3",0.05,305483.959,8645.751,301424.292,277501.969,329622.094,0.77,6.684,0.77,6.684,0.812,0.654,6.537,0.223,0.291,0.293,0.22,99.808,0.96,0.299,15391.974,305361.594,0.007,-0.453,100,2876742446.438,1,330,2832,103.447,0.223,1.33,0.749,0.985,218,"CS","CS-Female -5000X -0037.dm3",,,"DM3 spatial calibration retained in workbook",0.05,0.812,0.293,0.22,1.33,TRUE,TRUE,TRUE,"",FALSE
"CS-Female -5000X -0037.dm3",0.146,302058.393,9287.316,299003.65,272531.312,332239.844,1.081,6.387,1.082,6.387,1.421,0.918,6.108,0.32,0.54,0.556,0.337,83.589,0.911,0.544,44218.126,301713.844,0.157,-0.39,100,8264317639.094,1,426,2874,75.197,0.32,1.651,0.603,0.981,219,"CS","CS-Female -5000X -0037.dm3",,,"DM3 spatial calibration retained in workbook",0.146,1.421,0.556,0.337,1.651,TRUE,TRUE,TRUE,"",FALSE
"CS-Female -5000X -0037.dm3",0.021,303282.744,11164.588,307616.945,272905.781,330420.719,1.34,6.41,1.341,6.41,0.596,1.266,6.274,0.153,0.249,0.201,0.132,56.557,0.735,0.253,6304.23,303739.75,-0.163,-0.533,100,1178253459.531,1,570,2826,80.499,0.151,1.521,0.655,0.824,220,"CS","CS-Female -5000X -0037.dm3",,,"DM3 spatial calibration retained in workbook",0.021,0.596,0.201,0.132,1.521,TRUE,TRUE,TRUE,"",FALSE
"CS-Female -5000X -0037.dm3",0.019,306789.209,11036.693,300582.23,271369.969,335015.406,1.426,6.009,1.426,6.009,0.54,1.335,5.928,0.181,0.152,0.205,0.116,32.95,0.801,0.22,5707.397,306237.531,0.007,-0.63,100,1066706079.625,1,576,2634,34.582,0.126,1.775,0.561,0.924,221,"CS","CS-Female -5000X -0037.dm3",,,"DM3 spatial calibration retained in workbook",0.019,0.54,0.205,0.116,1.775,TRUE,TRUE,TRUE,"",FALSE
"CS-Female -5000X -0037.dm3",3.209,301815.189,11147.53,300320.892,234732.875,357740.438,2.105,4.056,2.105,4.055,6.616,1.043,2.895,2.003,2.244,2.29,1.792,57.532,0.921,2.272,968600.097,301435.219,0.057,0.263,100,181030259516.266,1,546,2076,49.09,1.805,1.278,0.779,0.978,222,"CS","CS-Female -5000X -0037.dm3",,,"DM3 spatial calibration retained in workbook",3.209,6.616,2.29,1.792,1.278,TRUE,TRUE,TRUE,"",FALSE
"CS-Female -5000X -0037.dm3",0.085,307245.425,11987.553,311096.056,260008.156,348675.969,3.77,4.079,3.771,4.079,1.315,3.574,3.809,0.348,0.499,0.556,0.196,62.747,0.618,0.559,26157.939,307759,-0.283,-0.121,100,4888889208.078,1,1566,1860,60.151,0.226,2.835,0.351,0.857,223,"CS","CS-Female -5000X -0037.dm3",,,"DM3 spatial calibration retained in workbook",0.085,1.315,0.556,0.196,2.835,TRUE,TRUE,TRUE,"",FALSE
"CS-Female -5000X -0037.dm3",0.054,299990.868,9219.532,299304.688,269011,333369.375,3.589,3.728,3.59,3.728,0.91,3.449,3.545,0.25,0.346,0.298,0.231,96.106,0.818,0.347,16164.935,299479.094,0.158,-0.175,100,3021208036.531,1,1566,1536,92.3,0.247,1.288,0.773,0.955,224,"CS","CS-Female -5000X -0037.dm3",,,"DM3 spatial calibration retained in workbook",0.054,0.91,0.298,0.231,1.288,TRUE,TRUE,TRUE,"",FALSE
"CS-Female -5000X -0037.dm3",0.766,302838.585,10755.17,299805.349,253920.547,346050.031,4.18,3.287,4.179,3.288,3.261,3.658,2.798,1.099,1.025,1.205,0.812,32.54,0.905,1.194,231937.848,302454,0.098,-0.097,100,43348920696.062,1,1578,1548,29.146,0.815,1.484,0.671,0.972,225,"CS","CS-Female -5000X -0037.dm3",,,"DM3 spatial calibration retained in workbook",0.766,3.261,1.205,0.812,1.484,TRUE,TRUE,TRUE,"",FALSE
"CS-Female -5000X -0037.dm3",0.991,300792.947,10755.308,298807.186,260780.766,344340.969,3.815,1.714,3.817,1.713,5.029,2.948,0.859,1.822,1.51,2.127,0.596,38.933,0.492,2.314,298042.717,300531.75,0.074,-0.266,100,55703845856.922,1,1272,990,38.059,0.638,3.571,0.279,0.908,226,"CS","CS-Female -5000X -0037.dm3",,,"DM3 spatial calibration retained in workbook",0.991,5.029,2.127,0.596,3.571,TRUE,TRUE,TRUE,"",FALSE
"CS-Female -5000X -0037.dm3",0.11,302913.788,12023.668,304880.195,259875.359,339059.125,4.461,0.869,4.462,0.869,1.354,4.228,0.637,0.445,0.457,0.583,0.241,44.508,0.755,0.59,33354.754,303556.906,-0.215,-0.31,100,6233965758.891,1,1836,468,48.695,0.273,2.414,0.413,0.95,227,"CS","CS-Female -5000X -0037.dm3",,,"DM3 spatial calibration retained in workbook",0.11,1.354,0.583,0.241,2.414,TRUE,TRUE,TRUE,"",FALSE
"CS-Female -5000X -0037.dm3",0.04,301830.376,10348.087,302918.805,269467.375,328323.5,5.59,2.301,5.591,2.3,0.823,5.466,2.147,0.25,0.291,0.328,0.156,49.114,0.741,0.345,12068.443,302455.531,-0.314,-0.281,100,2255578396.281,1,2370,1050,49.78,0.177,2.099,0.474,0.905,228,"CS","CS-Female -5000X -0037.dm3",,,"DM3 spatial calibration retained in workbook",0.04,0.823,0.328,0.156,2.099,TRUE,TRUE,TRUE,"",FALSE
"CS-Female -5000X -0037.dm3",0.017,307399.413,9860.342,311504.852,259382.016,332899.625,7.516,2.941,7.516,2.941,0.503,7.441,2.881,0.167,0.125,0.174,0.125,25.602,0.847,0.2,5235.197,309556.406,-0.998,1.562,100,978452332.203,1,3210,1302,33.579,0.125,1.397,0.713,0.926,229,"CS","CS-Female -5000X -0037.dm3",,,"DM3 spatial calibration retained in workbook",0.017,0.503,0.174,0.125,1.397,TRUE,TRUE,TRUE,"",FALSE
"CS-Female -5000X -0037.dm3",0.041,300062.934,11517.052,302691.075,261075.562,329149.5,5.513,4.811,5.512,4.812,1.013,5.327,4.64,0.348,0.332,0.444,0.118,43.078,0.503,0.453,12325.292,300946.312,-0.373,-0.181,100,2303583144.094,1,2298,2136,39.912,0.145,3.747,0.266,0.83,230,"CS","CS-Female -5000X -0037.dm3",,,"DM3 spatial calibration retained in workbook",0.041,1.013,0.444,0.118,3.747,TRUE,TRUE,TRUE,"",FALSE
"CS-Female -5000X -0037.dm3",0.01,298873.124,9157.945,299037.583,268429.938,327123.25,4.443,5.84,4.443,5.84,0.414,4.381,5.748,0.125,0.166,0.174,0.075,56.923,0.748,0.193,3046.318,298923.438,0.063,0.194,100,569353301.594,1,1890,2562,59.639,0.077,2.325,0.428,0.928,231,"CS","CS-Female -5000X -0037.dm3",,,"DM3 spatial calibration retained in workbook",0.01,0.414,0.174,0.075,2.325,TRUE,TRUE,TRUE,"",FALSE
"CS-Female -5000X -0037.dm3",0.041,301277.659,11260.52,298109.787,269348.344,334219.969,2.758,7.136,2.758,7.136,1.024,2.573,6.966,0.348,0.36,0.464,0.112,46.429,0.488,0.471,12268.797,300622.438,0.04,-0.5,100,2293024266.344,1,1110,3162,44.879,0.144,4.137,0.241,0.832,232,"CS","CS-Female -5000X -0037.dm3",,,"DM3 spatial calibration retained in workbook",0.041,1.024,0.464,0.112,4.137,TRUE,TRUE,TRUE,"",FALSE
"CS-Female -5000X -0037.dm3",0.029,302431.218,12208.933,313633.568,262520.844,333827.969,2.471,7.444,2.471,7.443,0.601,2.364,7.354,0.209,0.18,0.204,0.182,5.512,1,0.217,8796.287,304016.875,-0.54,-0.148,100,1644016100.375,1,1038,3258,50.076,0.176,1.12,0.889,0.984,233,"CS","CS-Female -5000X -0037.dm3",,,"DM3 spatial calibration retained in workbook",0.029,0.601,0.204,0.182,1.12,TRUE,TRUE,TRUE,"",FALSE
"CS-Female -5000X -0037.dm3",0.032,308338.861,9488.881,312011.285,279210.438,339838.719,4.993,7.505,4.993,7.504,0.695,4.868,7.396,0.25,0.208,0.278,0.146,37.732,0.824,0.286,9759.999,309018.688,-0.075,-0.337,100,1824132699.5,1,2100,3282,28.952,0.157,1.91,0.521,0.931,234,"CS","CS-Female -5000X -0037.dm3",,,"DM3 spatial calibration retained in workbook",0.032,0.695,0.278,0.146,1.91,TRUE,TRUE,TRUE,"",FALSE
"CS-Female -5000X -0037.dm3",0.014,298887.082,11130.652,301499.4,268655.344,333085.062,7.234,5.527,7.235,5.526,0.41,7.176,5.443,0.125,0.166,0.152,0.118,87.866,1,0.167,4202.675,299878.875,-0.226,-0.368,100,785475252.75,1,3120,2430,85.216,0.125,1.286,0.775,0.986,235,"CS","CS-Female -5000X -0037.dm3",,,"DM3 spatial calibration retained in workbook",0.014,0.41,0.152,0.118,1.286,TRUE,TRUE,TRUE,"",FALSE
"CS-Female -5000X -0037.dm3",0.007,308447.45,12028.915,300435.835,278857.5,338577,9.002,4.007,9.002,4.007,0.437,8.957,3.933,0.097,0.138,0.153,0.059,61.745,0.464,0.162,2173.503,308111.062,-0.066,-0.809,100,406225291.906,1,3864,1764,58.93,0.067,2.613,0.381,0.892,236,"CS","CS-Female -5000X -0037.dm3",,,"DM3 spatial calibration retained in workbook",0.007,0.437,0.153,0.059,2.613,TRUE,TRUE,TRUE,"",FALSE
"CS-Female -5000X -0037.dm3",0.117,306732.635,11250.7,312093.901,264209.875,341549.375,8.218,7.468,8.218,7.468,1.736,7.928,7.257,0.64,0.499,0.754,0.198,36.929,0.486,0.772,35774.203,307965.375,-0.413,0.109,100,6686157971.656,1,3432,3360,37.578,0.209,3.815,0.261,0.882,237,"CS","CS-Female -5000X -0037.dm3",,,"DM3 spatial calibration retained in workbook",0.117,1.736,0.754,0.198,3.815,TRUE,TRUE,TRUE,"",FALSE
"CS-Female -5000X -0037.dm3",0.026,300938.635,13158.404,294722.211,267175.5,345097.688,7.673,7.599,7.672,7.599,0.62,7.566,7.506,0.209,0.18,0.22,0.153,145.224,0.857,0.226,7891.435,299454.625,0.423,0.008,100,1474900251.969,1,3282,3252,137.61,0.168,1.44,0.692,0.942,238,"CS","CS-Female -5000X -0037.dm3",,,"DM3 spatial calibration retained in workbook",0.026,0.62,0.22,0.153,1.44,TRUE,TRUE,TRUE,"",FALSE
"CS-Female -5000X -0037.dm3",0.033,301118.489,10066.062,305710.129,267955.406,329321.812,7.438,7.73,7.439,7.73,0.69,7.329,7.59,0.209,0.263,0.261,0.161,57.629,0.866,0.304,9874.62,301369.75,-0.022,-0.306,100,1845555220.438,1,3186,3402,59.827,0.175,1.623,0.614,0.954,239,"CS","CS-Female -5000X -0037.dm3",,,"DM3 spatial calibration retained in workbook",0.033,0.69,0.261,0.161,1.623,TRUE,TRUE,TRUE,"",FALSE
"CS-Female -5000X -0037.dm3",0.025,303245.335,11146.273,299489.352,272267.031,333667.156,7.271,7.984,7.271,7.985,0.575,7.176,7.894,0.181,0.18,0.222,0.144,41.669,0.95,0.246,7569.011,303308.906,-0.124,-0.371,100,1414639489.594,1,3096,3492,42.589,0.154,1.538,0.648,0.989,240,"CS","CS-Female -5000X -0037.dm3",,,"DM3 spatial calibration retained in workbook",0.025,0.575,0.222,0.144,1.538,TRUE,TRUE,TRUE,"",FALSE
"CS-Female -5000X -0037.dm3",0.019,305275.304,8878.423,306187.924,274854.562,330752.406,7.424,8.099,7.425,8.099,0.5,7.329,8.019,0.181,0.152,0.178,0.138,18.761,0.969,0.199,5889.938,305788.562,-0.222,-0.0008481,100,1100822745.469,1,3162,3528,24.684,0.149,1.29,0.772,0.982,241,"CS","CS-Female -5000X -0037.dm3",,,"DM3 spatial calibration retained in workbook",0.019,0.5,0.178,0.138,1.29,TRUE,TRUE,TRUE,"",FALSE
"CS-Female -5000X -0037.dm3",0.34,305877.878,9930.114,305863.488,265242.594,339787.031,6.665,8.543,6.664,8.543,2.941,6.092,8.144,1.154,0.859,1.339,0.325,36.928,0.495,1.387,104112.035,306412.688,-0.222,-0.388,100,19458421184.062,1,2628,3894,34.691,0.362,4.119,0.242,0.923,242,"CS","CS-Female -5000X -0037.dm3",,,"DM3 spatial calibration retained in workbook",0.34,2.941,1.339,0.325,4.119,TRUE,TRUE,TRUE,"",FALSE
"CS-Female -5000X -0036.dm3",0.044,309455.105,11384.23,301848.061,271038.25,341147.688,4.436,0.364,4.436,0.363,0.937,4.317,0.208,0.251,0.374,0.415,0.135,60.068,0.628,0.427,13582.283,309602.688,-0.165,-0.509,100,2535365674.188,1,1860,240,54.098,0.15,3.067,0.324,0.874,243,"CS","CS-Female -5000X -0036.dm3",,,"DM3 spatial calibration retained in workbook",0.044,0.937,0.415,0.135,3.067,TRUE,TRUE,TRUE,"",FALSE
"CS-Female -5000X -0036.dm3",0.026,304623.426,11989.253,308267.791,258558.281,334532.219,4.201,0.437,4.202,0.436,0.703,4.122,0.319,0.153,0.263,0.247,0.133,66.022,0.654,0.291,7847.842,306482,-0.603,-0.038,100,1464934057.922,1,1788,252,64.533,0.147,1.856,0.536,0.87,244,"CS","CS-Female -5000X -0036.dm3",,,"DM3 spatial calibration retained in workbook",0.026,0.703,0.247,0.133,1.856,TRUE,TRUE,TRUE,"",FALSE
"CS-Female -5000X -0036.dm3",0.452,302786.527,10818.55,301366.138,235858.047,352722.656,3.551,0.96,3.551,0.961,3.357,2.952,0.332,1.128,1.177,1.54,0.376,46.168,0.504,1.523,136886.214,302493.188,0.044,0.547,100,25552154999.141,1,1272,594,42.997,0.385,4.099,0.243,0.904,245,"CS","CS-Female -5000X -0036.dm3",,,"DM3 spatial calibration retained in workbook",0.452,3.357,1.54,0.376,4.099,TRUE,TRUE,TRUE,"",FALSE
"CS-Female -5000X -0036.dm3",0.021,303074.678,10423.486,305744.687,275555,342468.938,2.991,1.61,2.991,1.61,0.593,2.91,1.51,0.167,0.18,0.175,0.151,41.196,0.738,0.193,6254.147,302989.375,0.283,0.347,100,1167443661.5,1,1254,720,30.121,0.157,1.158,0.859,0.922,246,"CS","CS-Female -5000X -0036.dm3",,,"DM3 spatial calibration retained in workbook",0.021,0.593,0.175,0.151,1.158,TRUE,TRUE,TRUE,"",FALSE
"CS-Female -5000X -0036.dm3",0.216,309566.003,11007.891,310427.849,270216.812,348498.375,2.594,2.13,2.593,2.132,2.587,2.326,1.551,0.515,1.066,1.184,0.233,68.784,0.405,1.14,66766.592,310018.062,-0.168,-0.073,100,12463127281.156,1,1014,1134,69.259,0.295,5.079,0.196,0.74,247,"CS","CS-Female -5000X -0036.dm3",,,"DM3 spatial calibration retained in workbook",0.216,2.587,1.184,0.233,5.079,TRUE,TRUE,TRUE,"",FALSE
"CS-Female -5000X -0036.dm3",0.135,308916.758,10617.576,303798.546,273487.312,341854.5,2.069,2.482,2.069,2.483,1.672,1.796,2.161,0.487,0.623,0.73,0.237,55.128,0.607,0.739,41708.626,308661.531,-0.006,-0.359,100,7785629041.25,1,792,1200,55.568,0.265,3.085,0.322,0.885,248,"CS","CS-Female -5000X -0036.dm3",,,"DM3 spatial calibration retained in workbook",0.135,1.672,0.73,0.237,3.085,TRUE,TRUE,TRUE,"",FALSE
"CS-Female -5000X -0036.dm3",0.04,303961.864,9805.54,304707.407,269793,336247.188,1.766,2.591,1.766,2.591,0.851,1.643,2.465,0.237,0.263,0.305,0.169,49.13,0.697,0.319,12202.954,304233.125,-0.191,0.112,100,2277890211.812,1,726,1182,55.474,0.193,1.808,0.55,0.907,249,"CS","CS-Female -5000X -0036.dm3",,,"DM3 spatial calibration retained in workbook",0.04,0.851,0.305,0.169,1.808,TRUE,TRUE,TRUE,"",FALSE
"CS-Female -5000X -0036.dm3",0.15,302194.842,11945.873,303132.125,244782.188,336705.781,0.952,3.277,0.952,3.279,1.939,0.641,2.922,0.571,0.734,0.887,0.217,52.84,0.502,0.886,45439.202,303137.938,-0.705,0.992,100,8482004817.422,1,288,1584,54.419,0.269,4.083,0.244,0.84,250,"CS","CS-Female -5000X -0036.dm3",,,"DM3 spatial calibration retained in workbook",0.15,1.939,0.887,0.217,4.083,TRUE,TRUE,TRUE,"",FALSE
"CS-Female -5000X -0036.dm3",0.076,305849.968,8924.141,301322.245,272515.844,332715.344,1.265,3.393,1.266,3.392,1.489,1.003,3.116,0.473,0.512,0.639,0.151,45.744,0.428,0.649,23107.455,305540.594,0.0008559,-0.278,100,4313402097.594,1,432,1560,48.313,0.193,4.225,0.235,0.777,251,"CS","CS-Female -5000X -0036.dm3",,,"DM3 spatial calibration retained in workbook",0.076,1.489,0.639,0.151,4.225,TRUE,TRUE,TRUE,"",FALSE
"CS-Female -5000X -0036.dm3",0.034,302109.919,11451.149,304410.998,264332.719,327862.375,1.185,4.027,1.186,4.027,0.663,1.1,3.878,0.181,0.305,0.274,0.159,97.375,0.973,0.306,10273.87,302989.5,-0.374,-0.393,100,1917793768.938,1,492,1680,95.223,0.164,1.728,0.576,0.988,252,"CS","CS-Female -5000X -0036.dm3",,,"DM3 spatial calibration retained in workbook",0.034,0.663,0.274,0.159,1.728,TRUE,TRUE,TRUE,"",FALSE
"CS-Female -5000X -0036.dm3",0.098,304650.449,9905.855,305248.568,261590.266,336853.062,1.567,3.844,1.568,3.844,1.48,1.406,3.504,0.306,0.623,0.651,0.192,70.03,0.56,0.649,29734.356,305162.75,-0.325,0.588,100,5550426538.734,1,636,1788,73.803,0.223,3.395,0.293,0.868,253,"CS","CS-Female -5000X -0036.dm3",,,"DM3 spatial calibration retained in workbook",0.098,1.48,0.651,0.192,3.395,TRUE,TRUE,TRUE,"",FALSE
"CS-Female -5000X -0036.dm3",0.135,304357.133,11542.147,306231.92,267717.438,347553.125,1.956,3.38,1.956,3.381,1.607,1.671,3.158,0.627,0.443,0.696,0.248,32.178,0.656,0.703,41048.982,304705.625,-0.077,-0.21,100,7662495178.719,1,720,1530,26.946,0.279,2.808,0.354,0.91,254,"CS","CS-Female -5000X -0036.dm3",,,"DM3 spatial calibration retained in workbook",0.135,1.607,0.696,0.248,2.808,TRUE,TRUE,TRUE,"",FALSE
"CS-Female -5000X -0036.dm3",2.037,301666.161,12495.388,302661.533,249441.75,386369.031,1.212,5.076,1.216,5.074,6.199,0.139,4.363,2.326,1.607,2.56,1.019,27.8,0.666,2.661,614615.305,301759.812,0.942,4.864,100,114728467513.281,1,96,2538,33.132,1.079,2.512,0.396,0.946,255,"CS","CS-Female -5000X -0036.dm3",,,"DM3 spatial calibration retained in workbook",2.037,6.199,2.56,1.019,2.512,TRUE,TRUE,TRUE,"",FALSE
"CS-Female -5000X -0036.dm3",0.024,309360.523,12564.588,308071.99,272449,353511.094,3.184,4.394,3.184,4.394,0.604,3.105,4.279,0.167,0.235,0.228,0.134,72.946,0.821,0.246,7373.259,309129.188,0.12,0.27,100,1376344967.688,1,1362,1956,73.526,0.148,1.704,0.584,0.929,256,"CS","CS-Female -5000X -0036.dm3",,,"DM3 spatial calibration retained in workbook",0.024,0.604,0.228,0.134,1.704,TRUE,TRUE,TRUE,"",FALSE
"CS-Female -5000X -0036.dm3",0.219,307006.009,13682.126,309171.905,251845.812,356297.625,3.549,4.087,3.55,4.087,2.465,3.036,3.906,1.086,0.346,1.096,0.256,6.326,0.453,1.099,67270.336,307786.75,-0.123,0.001,100,12557159767.516,1,1308,1788,8.699,0.329,4.282,0.232,0.782,257,"CS","CS-Female -5000X -0036.dm3",,,"DM3 spatial calibration retained in workbook",0.219,2.465,1.096,0.256,4.282,TRUE,TRUE,TRUE,"",FALSE
"CS-Female -5000X -0036.dm3",0.133,309827.733,11161.181,313781.376,274237.156,340187.125,3.97,3.816,3.973,3.816,2.149,3.495,3.656,0.947,0.319,1.019,0.167,10.085,0.362,0.959,41164.388,310694.031,-0.295,-0.4,100,7684037601.719,1,1506,1668,9.14,0.201,6.108,0.163,0.773,258,"CS","CS-Female -5000X -0036.dm3",,,"DM3 spatial calibration retained in workbook",0.133,2.149,1.019,0.167,6.108,TRUE,TRUE,TRUE,"",FALSE
"CS-Female -5000X -0036.dm3",0.072,299447.374,9599.087,297987.095,266257.438,339107.594,3.45,3.323,3.45,3.324,1.155,3.258,3.144,0.362,0.374,0.481,0.19,134.575,0.673,0.502,21425.408,298663.812,0.596,0.866,100,3999419127.062,1,1410,1362,131.789,0.206,2.53,0.393,0.904,259,"CS","CS-Female -5000X -0036.dm3",,,"DM3 spatial calibration retained in workbook",0.072,1.155,0.481,0.19,2.53,TRUE,TRUE,TRUE,"",FALSE
"CS-Female -5000X -0036.dm3",0.765,304496.164,10239.974,303743.275,266570.938,355092.969,3.601,2.583,3.602,2.583,3.299,3.105,2.008,0.975,1.15,1.277,0.767,51.769,0.883,1.29,232987.939,304177.375,0.201,0.106,100,43491187047.844,1,1362,1332,49.646,0.785,1.666,0.597,0.98,260,"CS","CS-Female -5000X -0036.dm3",,,"DM3 spatial calibration retained in workbook",0.765,3.299,1.277,0.767,1.666,TRUE,TRUE,TRUE,"",FALSE
"CS-Female -5000X -0036.dm3",0.947,307180.714,10817.323,309821.093,262937.938,359340.25,4.354,3.003,4.356,3.002,4.149,3.676,2.244,1.295,1.44,1.776,0.683,48.52,0.691,1.797,290892.302,307459.375,-0.075,-0.014,100,54300027658.813,1,1632,1584,51.119,0.723,2.601,0.382,0.953,261,"CS","CS-Female -5000X -0036.dm3",,,"DM3 spatial calibration retained in workbook",0.947,4.149,1.776,0.683,2.601,TRUE,TRUE,TRUE,"",FALSE
"CS-Female -5000X -0036.dm3",0.234,304128.576,12253.786,308423.176,237429.469,353559.75,4.588,1.751,4.586,1.752,2.597,4.247,1.288,0.752,0.983,1.095,0.274,45.857,0.436,1.213,71214.793,304788.969,-0.436,1.269,100,13293460077.391,1,1842,984,54.162,0.323,3.999,0.249,0.812,262,"CS","CS-Female -5000X -0036.dm3",,,"DM3 spatial calibration retained in workbook",0.234,2.597,1.095,0.274,3.999,TRUE,TRUE,TRUE,"",FALSE
"CS-Female -5000X -0036.dm3",1.565,308521.214,10325.649,306476.328,262990.188,353131.5,5.544,1.799,5.543,1.799,5.348,4.999,0.679,1.114,2.133,2.292,0.874,75.657,0.688,2.208,482756.302,308378.062,0.002,-0.07,100,90114727410.531,1,2256,1218,75.014,0.892,2.623,0.379,0.934,263,"CS","CS-Female -5000X -0036.dm3",,,"DM3 spatial calibration retained in workbook",1.565,5.348,2.292,0.874,2.623,TRUE,TRUE,TRUE,"",FALSE
"CS-Female -5000X -0036.dm3",0.053,311774.866,9649.706,313873.651,278250.75,339250.5,8.403,0.754,8.403,0.753,1.062,8.299,0.485,0.195,0.457,0.427,0.16,72.514,0.594,0.492,16645.397,312216.625,-0.126,-0.346,100,3107148309.656,1,3576,408,68.392,0.172,2.674,0.372,0.932,264,"CS","CS-Female -5000X -0036.dm3",,,"DM3 spatial calibration retained in workbook",0.053,1.062,0.427,0.16,2.674,TRUE,TRUE,TRUE,"",FALSE
"CS-Female -5000X -0036.dm3",0.061,300588.885,12229.003,297094.269,264264.188,343179.688,8.733,0.65,8.736,0.648,1.257,8.522,0.443,0.404,0.415,0.528,0.147,38.137,0.483,0.56,18251.069,300413,0.224,-0.025,100,3406874420.469,1,3672,360,43.839,0.176,3.591,0.277,0.832,265,"CS","CS-Female -5000X -0036.dm3",,,"DM3 spatial calibration retained in workbook",0.061,1.257,0.528,0.147,3.591,TRUE,TRUE,TRUE,"",FALSE
"CS-Female -5000X -0036.dm3",1.675,305357.235,10789.64,305234.833,233332.906,356455.938,5.786,4.036,5.787,4.035,5.4,4.943,3.13,1.643,1.717,2.011,1.066,48.723,0.722,2.055,511495.58,305240.188,-0.129,0.751,100,95479405612.266,1,2184,2094,47.858,1.155,1.886,0.527,0.897,266,"CS","CS-Female -5000X -0036.dm3",,,"DM3 spatial calibration retained in workbook",1.675,5.4,2.011,1.066,1.886,TRUE,TRUE,TRUE,"",FALSE
"CS-Female -5000X -0036.dm3",0.016,304256.182,11512.515,307978.298,266255,327817.906,4.663,5.163,4.663,5.163,0.439,4.595,5.041,0.125,0.208,0.19,0.109,79.613,1,0.219,4909.379,306711.125,-0.736,0.07,100,916419621.094,1,1992,2274,71.471,0.116,1.745,0.57,0.956,267,"CS","CS-Female -5000X -0036.dm3",,,"DM3 spatial calibration retained in workbook",0.016,0.439,0.19,0.109,1.745,TRUE,TRUE,TRUE,"",FALSE
"CS-Female -5000X -0036.dm3",0.042,304289.671,11854.175,304990.7,265308.531,347564.688,4.821,5.263,4.821,5.263,1.011,4.623,5.097,0.376,0.263,0.386,0.138,26.625,0.513,0.451,12700.259,304525.125,-0.092,-0.054,100,2370720830.656,1,1992,2316,33.546,0.163,2.795,0.356,0.791,268,"CS","CS-Female -5000X -0036.dm3",,,"DM3 spatial calibration retained in workbook",0.042,1.011,0.386,0.138,2.795,TRUE,TRUE,TRUE,"",FALSE
"CS-Female -5000X -0036.dm3",0.14,308472.246,11243.448,313724.849,266888.75,343995.125,3.76,5.518,3.76,5.518,2.092,3.412,5.263,0.766,0.623,0.92,0.195,34.287,0.402,0.987,43145.799,309464.938,-0.319,-0.074,100,8053901881.219,1,1470,2550,39.136,0.227,4.724,0.211,0.819,269,"CS","CS-Female -5000X -0036.dm3",,,"DM3 spatial calibration retained in workbook",0.14,2.092,0.92,0.195,4.724,TRUE,TRUE,TRUE,"",FALSE
"CS-Female -5000X -0036.dm3",0.016,301483.74,12035.293,310003.041,255565.969,328720.25,3.713,5.733,3.713,5.734,0.38,3.634,5.664,0.167,0.166,0.154,0.133,38.071,1,0.178,4814.576,303925.344,-0.852,0.695,100,898723028.031,1,1590,2526,51.188,0.128,1.154,0.862,0.974,270,"CS","CS-Female -5000X -0036.dm3",,,"DM3 spatial calibration retained in workbook",0.016,0.38,0.154,0.133,1.154,TRUE,TRUE,TRUE,"",FALSE
"CS-Female -5000X -0036.dm3",0.028,302737.83,11250.128,301315.47,267720.594,342832.281,4.253,5.52,4.253,5.52,0.588,4.15,5.429,0.209,0.18,0.213,0.167,172.661,1,0.213,8383.115,303002.438,-0.03,0.107,100,1564851842.281,1,1788,2406,11.25,0.165,1.278,0.778,0.957,271,"CS","CS-Female -5000X -0036.dm3",,,"DM3 spatial calibration retained in workbook",0.028,0.588,0.213,0.167,1.278,TRUE,TRUE,TRUE,"",FALSE
"CS-Female -5000X -0036.dm3",0.451,304395.226,10707.694,300882.993,263480.5,354239.156,3.856,6.157,3.856,6.157,2.608,3.453,5.72,0.822,0.914,1.095,0.527,49.685,0.833,1.072,137212.339,303895.469,0.153,-0.053,100,25613031918.688,1,1518,2844,48.52,0.53,2.079,0.478,0.964,272,"CS","CS-Female -5000X -0036.dm3",,,"DM3 spatial calibration retained in workbook",0.451,2.608,1.095,0.527,2.079,TRUE,TRUE,TRUE,"",FALSE
"CS-Female -5000X -0036.dm3",0.016,299104.407,9721.028,305373.27,269762.062,324846.469,3.535,6.686,3.535,6.686,0.507,3.481,6.565,0.097,0.222,0.211,0.096,92.503,0.772,0.228,4718.895,300685.25,-0.483,-0.28,100,880862477.469,1,1512,2844,104.11,0.097,2.195,0.453,0.935,273,"CS","CS-Female -5000X -0036.dm3",,,"DM3 spatial calibration retained in workbook",0.016,0.507,0.211,0.096,2.195,TRUE,TRUE,TRUE,"",FALSE
"CS-Female -5000X -0036.dm3",1.051,302241.301,9562.724,299508.58,245353.406,351588.844,2.995,6.609,2.995,6.611,4.313,2.534,5.817,0.919,1.662,1.658,0.811,79.543,0.71,1.672,317632.711,301831.406,0.187,0.478,100,59291582692.953,1,1284,3240,83.784,0.872,2.044,0.486,0.946,274,"CS","CS-Female -5000X -0036.dm3",,,"DM3 spatial calibration retained in workbook",1.051,4.313,1.658,0.811,2.044,TRUE,TRUE,TRUE,"",FALSE
"CS-Female -5000X -0036.dm3",0.113,302782.213,11539.303,306694.64,263797.5,337748.125,2.706,7.75,2.708,7.748,1.806,2.381,7.52,0.668,0.512,0.78,0.186,37.246,0.437,0.787,34335.42,304214.656,-0.444,-0.129,100,6409293894.906,1,1026,3462,31.865,0.221,4.191,0.237,0.81,275,"CS","CS-Female -5000X -0036.dm3",,,"DM3 spatial calibration retained in workbook",0.113,1.806,0.78,0.186,4.191,TRUE,TRUE,TRUE,"",FALSE
"CS-Female -5000X -0036.dm3",0.02,304718.25,13094.911,304119.918,265858.219,331817.781,2.521,7.343,2.522,7.344,0.488,2.437,7.243,0.167,0.18,0.181,0.144,129.723,1,0.205,6185.221,306242.531,-0.488,-0.301,100,1154577449.375,1,1074,3138,118.431,0.144,1.262,0.788,0.979,276,"CS","CS-Female -5000X -0036.dm3",,,"DM3 spatial calibration retained in workbook",0.02,0.488,0.181,0.144,1.262,TRUE,TRUE,TRUE,"",FALSE
"CS-Female -5000X -0036.dm3",0.016,303347.198,11768.678,304236.46,269962.406,332859.594,2.635,7.254,2.635,7.254,0.452,2.576,7.16,0.125,0.194,0.192,0.103,73.366,0.954,0.196,4704.579,304264.656,-0.233,-0.498,100,878190137.781,1,1122,3102,98.174,0.112,1.863,0.534,0.952,277,"CS","CS-Female -5000X -0036.dm3",,,"DM3 spatial calibration retained in workbook",0.016,0.452,0.192,0.103,1.863,TRUE,TRUE,TRUE,"",FALSE
"CS-Female -5000X -0036.dm3",0.022,301171.275,11279.235,309745.752,268753.594,330301.938,3.605,7.783,3.605,7.783,0.607,3.509,7.686,0.167,0.18,0.19,0.149,52.111,0.754,0.216,6658.558,302375.719,-0.227,-0.685,100,1242933852.375,1,1518,3396,44.844,0.165,1.282,0.776,0.947,278,"CS","CS-Female -5000X -0036.dm3",,,"DM3 spatial calibration retained in workbook",0.022,0.607,0.19,0.149,1.282,TRUE,TRUE,TRUE,"",FALSE
"CS-Female -5000X -0036.dm3",0.044,301808.694,10054.88,296826.789,270467.531,335041.406,2.158,7.037,2.158,7.037,0.873,2.019,6.911,0.265,0.235,0.301,0.189,146.901,0.731,0.326,13377.638,301615.625,0.068,-0.266,100,2497165134.844,1,876,3006,140.348,0.198,1.593,0.624,0.914,279,"CS","CS-Female -5000X -0036.dm3",,,"DM3 spatial calibration retained in workbook",0.044,0.873,0.301,0.189,1.593,TRUE,TRUE,TRUE,"",FALSE
"CS-Female -5000X -0036.dm3",0.985,299066.897,10153.603,297562.113,253229.484,338883.469,1.865,7.647,1.867,7.646,3.754,1.198,7.146,1.406,0.969,1.366,0.923,10.504,0.879,1.433,294585.522,298876.5,0.03,-0.054,100,54989430363.656,1,516,3384,11.141,0.947,1.48,0.672,0.964,280,"CS","CS-Female -5000X -0036.dm3",,,"DM3 spatial calibration retained in workbook",0.985,3.754,1.366,0.923,1.48,TRUE,TRUE,TRUE,"",FALSE
"CS-Female -5000X -0036.dm3",0.124,302211.512,11722.18,303644.222,261173.438,347122.219,2.942,7.996,2.945,7.995,1.893,2.52,7.783,0.752,0.36,0.771,0.206,16.365,0.435,0.804,37456.868,302710.875,-0.096,-0.395,100,6991965539.562,1,1086,3510,23.345,0.25,3.744,0.266,0.766,281,"CS","CS-Female -5000X -0036.dm3",,,"DM3 spatial calibration retained in workbook",0.124,1.893,0.771,0.206,3.744,TRUE,TRUE,TRUE,"",FALSE
"CS-Female -5000X -0036.dm3",0.162,300909.979,10921.513,306534.812,263146,331923.312,2.829,8.298,2.831,8.299,1.961,2.381,8.116,0.877,0.332,0.889,0.233,169.944,0.529,0.886,48698.938,301453.531,-0.157,-0.543,100,9090490452.344,1,1026,3576,171.913,0.257,3.816,0.261,0.877,282,"CS","CS-Female -5000X -0036.dm3",,,"DM3 spatial calibration retained in workbook",0.162,1.961,0.889,0.233,3.816,TRUE,TRUE,TRUE,"",FALSE
"CS-Female -5000X -0036.dm3",0.033,304176.084,11687.581,310361.744,270833.719,342856.312,2.543,8.697,2.543,8.697,0.68,2.437,8.559,0.195,0.235,0.223,0.188,62.077,0.89,0.246,9953.052,305519.75,-0.274,-0.452,100,1857907521.219,1,1092,3708,106.474,0.195,1.187,0.838,0.951,283,"CS","CS-Female -5000X -0036.dm3",,,"DM3 spatial calibration retained in workbook",0.033,0.68,0.223,0.188,1.187,TRUE,TRUE,TRUE,"",FALSE
"CS-Female -5000X -0036.dm3",0.085,295503.582,9701.802,298902.085,257037.953,324654.469,1.896,9.035,1.897,9.035,1.329,1.657,8.836,0.515,0.402,0.591,0.184,35.522,0.605,0.599,25142.017,296009.875,-0.332,0.034,100,4693187895.266,1,714,3984,30.599,0.198,3.208,0.31,0.915,284,"CS","CS-Female -5000X -0036.dm3",,,"DM3 spatial calibration retained in workbook",0.085,1.329,0.591,0.184,3.208,TRUE,TRUE,TRUE,"",FALSE
"CS-Female -5000X -0036.dm3",0.103,298064.249,13177.789,295167.147,256011.516,350132.094,7.26,7.204,7.261,7.203,1.421,7.004,7.022,0.543,0.346,0.576,0.23,29.556,0.643,0.603,30830.414,297230.062,0.363,0.32,100,5755024514.656,1,3018,3192,25.852,0.246,2.509,0.396,0.933,285,"CS","CS-Female -5000X -0036.dm3",,,"DM3 spatial calibration retained in workbook",0.103,1.421,0.576,0.23,2.509,TRUE,TRUE,TRUE,"",FALSE
"CS-Female -5000X -0036.dm3",0.04,304446.937,11819.137,307224.992,267864.688,337596.438,7.714,6.766,7.713,6.766,0.801,7.589,6.648,0.265,0.235,0.266,0.192,32.258,0.781,0.285,12129.463,306223.156,-0.527,-0.165,100,2264171873.812,1,3288,2982,46.819,0.215,1.39,0.716,0.892,286,"CS","CS-Female -5000X -0036.dm3",,,"DM3 spatial calibration retained in workbook",0.04,0.801,0.266,0.192,1.39,TRUE,TRUE,TRUE,"",FALSE
"CS-Female -5000X -0036.dm3",0.094,306424.751,13053.466,305760.327,232799.031,347038.125,8.945,5.726,8.946,5.726,1.453,8.648,5.609,0.599,0.263,0.615,0.196,16.055,0.559,0.618,28804.404,306818.688,-0.327,0.637,100,5376835099.422,1,3726,2502,14.275,0.237,3.147,0.316,0.863,287,"CS","CS-Female -5000X -0036.dm3",,,"DM3 spatial calibration retained in workbook",0.094,1.453,0.615,0.196,3.147,TRUE,TRUE,TRUE,"",FALSE
"CS-Female -5000X -0036.dm3",0.015,308339.82,11879.365,314290.208,269535.281,332660.688,7.54,8.567,7.54,8.568,0.547,7.478,8.49,0.139,0.152,0.148,0.129,122.12,0.628,0.162,4613.523,311542,-0.797,0.017,100,861193118.188,1,3234,3678,110.084,0.139,1.149,0.865,0.872,288,"CS","CS-Female -5000X -0036.dm3",,,"DM3 spatial calibration retained in workbook",0.015,0.547,0.148,0.129,1.149,TRUE,TRUE,TRUE,"",FALSE
"CS-Female -5000X -0036.dm3",0.036,301967.566,11373.013,295415.955,266900.031,334807.719,8.363,7.853,8.363,7.853,0.766,8.258,7.756,0.223,0.208,0.233,0.2,2.916,0.778,0.251,10985.661,302215.969,-0.124,-0.368,100,2050661739.656,1,3564,3438,33.546,0.202,1.161,0.856,0.946,289,"CS","CS-Female -5000X -0036.dm3",,,"DM3 spatial calibration retained in workbook",0.036,0.766,0.233,0.2,1.161,TRUE,TRUE,TRUE,"",FALSE
"CS-Female -5000X -0035.dm3",0.283,298793.835,13340.376,300503.433,229489.078,340679.75,1.2,1.272,1.2,1.277,3.811,0.906,0.512,0.795,1.592,1.551,0.234,66.631,0.245,1.738,84439.698,299482.656,-1.071,3.078,100,15750319440.25,1,420,912,66.351,0.327,6.642,0.149,0.659,290,"CS","CS-Female -5000X -0035.dm3",,,"DM3 spatial calibration retained in workbook",0.283,3.811,1.551,0.234,6.642,TRUE,TRUE,TRUE,"",FALSE
"CS-Female -5000X -0035.dm3",0.057,304025.286,7954.937,307862.068,270664.5,327178.312,1.599,1.475,1.599,1.475,1.324,1.52,1.163,0.153,0.609,0.646,0.112,83.272,0.406,0.615,17216.874,304452.312,-0.316,0.334,100,3211419099.031,1,672,768,82.18,0.128,5.738,0.173,0.866,291,"CS","CS-Female -5000X -0035.dm3",,,"DM3 spatial calibration retained in workbook",0.057,1.324,0.646,0.112,5.738,TRUE,TRUE,TRUE,"",FALSE
"CS-Female -5000X -0035.dm3",0.154,301000.217,12122.724,306911.887,256348.859,332715.438,2.018,1.466,2.019,1.467,2.11,1.617,1.163,0.823,0.609,1.017,0.195,37.159,0.436,0.98,46465.018,302433.062,-0.484,-0.062,100,8667000260.734,1,702,762,34.4,0.209,5.223,0.19,0.873,292,"CS","CS-Female -5000X -0035.dm3",,,"DM3 spatial calibration retained in workbook",0.154,2.11,1.017,0.195,5.223,TRUE,TRUE,TRUE,"",FALSE
"CS-Female -5000X -0035.dm3",0.03,302202.324,9903.119,305852.385,267404.844,329113.75,2.471,1.358,2.472,1.358,0.86,2.342,1.19,0.251,0.318,0.393,0.096,52.806,0.501,0.395,8918.923,302352.75,-0.03,-0.342,100,1663623795.469,1,1008,654,50.509,0.12,4.09,0.243,0.831,293,"CS","CS-Female -5000X -0035.dm3",,,"DM3 spatial calibration retained in workbook",0.03,0.86,0.393,0.096,4.09,TRUE,TRUE,TRUE,"",FALSE
"CS-Female -5000X -0035.dm3",0.134,302032.398,10910.111,306625.606,261925.234,333670.031,2.707,0.949,2.707,0.949,1.721,2.37,0.637,0.641,0.54,0.751,0.228,34.23,0.567,0.76,40338.471,303309.25,-0.461,-0.097,100,7524231110.609,1,1020,474,34.37,0.263,3.295,0.301,0.844,294,"CS","CS-Female -5000X -0035.dm3",,,"DM3 spatial calibration retained in workbook",0.134,1.721,0.751,0.228,3.295,TRUE,TRUE,TRUE,"",FALSE
"CS-Female -5000X -0035.dm3",0.035,298593.558,9663.822,292590.766,272784.375,330077.438,3.194,0.778,3.194,0.779,0.69,3.095,0.664,0.223,0.235,0.272,0.165,47.49,0.922,0.287,10421.224,297486.562,0.346,-0.384,100,1943844064.969,1,1332,384,38.893,0.172,1.649,0.602,0.964,295,"CS","CS-Female -5000X -0035.dm3",,,"DM3 spatial calibration retained in workbook",0.035,0.69,0.272,0.165,1.649,TRUE,TRUE,TRUE,"",FALSE
"CS-Female -5000X -0035.dm3",1.607,300388.874,11936.145,303030.599,257915.328,370593.469,3.18,1.491,3.18,1.491,5.36,2.273,0.664,1.84,1.689,2.297,0.897,40.2,0.703,2.182,482852.832,300415.812,0.275,0.732,100,90065295742.172,1,1020,966,43.246,0.881,2.56,0.388,0.947,296,"CS","CS-Female -5000X -0035.dm3",,,"DM3 spatial calibration retained in workbook",1.607,5.36,2.297,0.897,2.56,TRUE,TRUE,TRUE,"",FALSE
"CS-Female -5000X -0035.dm3",0.091,301387.398,10724.437,304349.383,260051.172,332053.344,3.982,1.509,3.982,1.509,1.555,3.709,1.232,0.53,0.526,0.696,0.168,47.637,0.473,0.678,27435.955,302156.531,-0.42,0.07,100,5117558013.047,1,1602,750,47.284,0.193,4.155,0.239,0.816,297,"CS","CS-Female -5000X -0035.dm3",,,"DM3 spatial calibration retained in workbook",0.091,1.555,0.696,0.168,4.155,TRUE,TRUE,TRUE,"",FALSE
"CS-Female -5000X -0035.dm3",0.031,300879.055,9477.113,300698.238,271643.031,328640.219,5.017,0.58,5.017,0.58,0.627,4.908,0.484,0.223,0.194,0.216,0.187,159.322,1,0.23,9470.248,301465.312,-0.227,-0.47,100,1766460934.562,1,2112,234,166.06,0.19,1.159,0.856,0.962,298,"CS","CS-Female -5000X -0035.dm3",,,"DM3 spatial calibration retained in workbook",0.031,0.627,0.216,0.187,1.159,TRUE,TRUE,TRUE,"",FALSE
"CS-Female -5000X -0035.dm3",0.017,298508.044,12666.276,297330.613,268597.531,333405.188,7.472,1.216,7.471,1.215,0.522,7.403,1.121,0.125,0.166,0.164,0.13,73.929,0.765,0.18,4954.665,298728.25,0.085,-0.465,100,924180905.188,1,3204,486,112.766,0.125,1.264,0.785,0.91,299,"CS","CS-Female -5000X -0035.dm3",,,"DM3 spatial calibration retained in workbook",0.017,0.522,0.164,0.13,1.264,TRUE,TRUE,TRUE,"",FALSE
"CS-Female -5000X -0035.dm3",1.03,297157.338,8223.678,295334.848,261343.422,337341.719,6.532,1.462,6.533,1.46,3.874,5.953,0.886,1.241,1.204,1.44,0.917,42.321,0.862,1.444,306047.766,296707.781,0.236,0.369,100,57086301947.016,1,2604,876,44.404,0.96,1.57,0.632,0.968,300,"CS","CS-Female -5000X -0035.dm3",,,"DM3 spatial calibration retained in workbook",1.03,3.874,1.44,0.917,1.57,TRUE,TRUE,TRUE,"",FALSE
"CS-Female -5000X -0035.dm3",0.013,302372.673,11531.624,306352.085,263294.719,328325.312,6.195,2.291,6.196,2.291,0.479,6.121,2.201,0.139,0.152,0.146,0.114,33.01,0.712,0.174,3926.214,303854.938,-0.526,-0.213,100,732346614.563,1,2646,1020,61.216,0.122,1.284,0.773,0.863,301,"CS","CS-Female -5000X -0035.dm3",,,"DM3 spatial calibration retained in workbook",0.013,0.479,0.146,0.114,1.284,TRUE,TRUE,TRUE,"",FALSE
"CS-Female -5000X -0035.dm3",0.012,298492.879,10748.453,304999.105,271093.062,323224.875,5.97,2.264,5.97,2.264,0.383,5.898,2.201,0.139,0.125,0.141,0.106,164.473,0.996,0.143,3470.97,299768.438,-0.267,-0.715,100,647431054.25,1,2538,972,151.12,0.114,1.334,0.745,0.927,302,"CS","CS-Female -5000X -0035.dm3",,,"DM3 spatial calibration retained in workbook",0.012,0.383,0.141,0.106,1.334,TRUE,TRUE,TRUE,"",FALSE
"CS-Female -5000X -0035.dm3",0.071,302680.413,10408.997,300696.24,269142.562,337309.156,5.637,1.796,5.637,1.796,1.072,5.438,1.661,0.39,0.263,0.417,0.219,166.628,0.779,0.402,21565.851,302466.656,0.036,-0.367,100,4022622684.781,1,2340,780,166.06,0.216,1.904,0.521,0.929,303,"CS","CS-Female -5000X -0035.dm3",,,"DM3 spatial calibration retained in workbook",0.071,1.072,0.417,0.219,1.904,TRUE,TRUE,TRUE,"",FALSE
"CS-Female -5000X -0035.dm3",4.795,300011.594,10683.707,297770.468,231686.125,354723.156,3.91,3.633,3.914,3.628,11.395,1.868,1.827,4.043,3.751,5.5,1.118,42.6,0.464,5.028,1438584.534,299741.969,-0.034,0.466,100,268335469628.047,1,888,2346,41.994,1.262,4.92,0.202,0.884,304,"CS","CS-Female -5000X -0035.dm3",,,"DM3 spatial calibration retained in workbook",4.795,11.395,5.5,1.118,4.92,TRUE,TRUE,TRUE,"",FALSE
"CS-Female -5000X -0035.dm3",0.023,303233.235,9434.668,303799.497,272972.125,330787.562,2.175,5.749,2.175,5.748,0.593,2.091,5.634,0.153,0.194,0.199,0.146,54.023,0.806,0.239,6847.349,304119.688,-0.407,0.045,100,1277218386.625,1,906,2526,54.267,0.153,1.363,0.728,0.94,305,"CS","CS-Female -5000X -0035.dm3",,,"DM3 spatial calibration retained in workbook",0.023,0.593,0.199,0.146,1.363,TRUE,TRUE,TRUE,"",FALSE
"CS-Female -5000X -0035.dm3",1.216,298170.667,10957.619,297701.475,237919.656,351705.125,2.892,7.733,2.892,7.732,4.624,2.175,7.032,1.492,1.481,1.894,0.823,40.009,0.715,1.909,362590.957,297925.875,0.15,0.515,100,67633157856.781,1,978,3690,48.335,0.839,2.301,0.431,0.949,306,"CS","CS-Female -5000X -0035.dm3",,,"DM3 spatial calibration retained in workbook",1.216,4.624,1.894,0.823,2.301,TRUE,TRUE,TRUE,"",FALSE
"CS-Female -5000X -0035.dm3",0.155,301413.532,10576.108,301642.552,265082.969,337917.625,3.215,8.17,3.214,8.171,2.264,2.816,7.766,0.753,0.748,0.966,0.206,42.231,0.381,1.022,46834.23,301634.688,-0.077,-0.197,100,8735868398.906,1,1230,3690,46.997,0.284,4.681,0.212,0.719,307,"CS","CS-Female -5000X -0035.dm3",,,"DM3 spatial calibration retained in workbook",0.155,2.264,0.966,0.206,4.681,TRUE,TRUE,TRUE,"",FALSE
"CS-Female -5000X -0035.dm3",0.122,298432.651,9348.238,298010.374,266219.594,331067.719,4.299,8.834,4.299,8.835,1.723,4.113,8.486,0.39,0.72,0.805,0.194,67.69,0.514,0.782,36267.435,298861.312,-0.201,-0.258,100,6764871326.344,1,1800,3990,66.92,0.205,4.156,0.239,0.909,308,"CS","CS-Female -5000X -0035.dm3",,,"DM3 spatial calibration retained in workbook",0.122,1.723,0.805,0.194,4.156,TRUE,TRUE,TRUE,"",FALSE
"CS-Female -5000X -0035.dm3",0.879,297918.212,10314.994,297143.288,252986.922,338949.125,5.222,8.614,5.224,8.614,3.562,4.713,7.918,1.018,1.287,1.197,0.942,97.137,0.871,1.302,261968.164,297808.906,0.009,-0.175,100,48864247187.422,1,2262,3432,98.622,0.977,1.271,0.781,0.964,309,"CS","CS-Female -5000X -0035.dm3",,,"DM3 spatial calibration retained in workbook",0.879,3.562,1.197,0.942,1.271,TRUE,TRUE,TRUE,"",FALSE
"CS-Female -5000X -0035.dm3",0.164,296590.943,8910.306,296261.499,251919.844,336317.344,3.764,7.059,3.764,7.059,1.682,3.569,6.741,0.39,0.637,0.662,0.317,106.177,0.727,0.684,48498.607,296090.156,0.134,0.503,100,9046320355.094,1,1578,2922,111.511,0.352,2.088,0.476,0.904,310,"CS","CS-Female -5000X -0035.dm3",,,"DM3 spatial calibration retained in workbook",0.164,1.682,0.662,0.317,2.088,TRUE,TRUE,TRUE,"",FALSE
"CS-Female -5000X -0035.dm3",0.173,298469.747,9370.762,301371.6,258344.078,331533.75,4.257,6.969,4.258,6.969,1.942,3.862,6.797,0.753,0.36,0.806,0.275,172.493,0.576,0.757,51633.275,298909.812,-0.233,0.155,100,9631021804.172,1,1662,3012,173.705,0.322,2.928,0.339,0.79,311,"CS","CS-Female -5000X -0035.dm3",,,"DM3 spatial calibration retained in workbook",0.173,1.942,0.806,0.275,2.928,TRUE,TRUE,TRUE,"",FALSE
"CS-Female -5000X -0035.dm3",0.021,301125.472,10797.008,302755.66,264591.344,329508.719,5.361,7.59,5.36,7.59,0.563,5.284,7.503,0.153,0.18,0.197,0.138,59.256,0.844,0.219,6407.46,301995.594,-0.277,-0.322,100,1195166998.438,1,2286,3330,55.112,0.143,1.427,0.696,0.95,312,"CS","CS-Female -5000X -0035.dm3",,,"DM3 spatial calibration retained in workbook",0.021,0.563,0.197,0.138,1.427,TRUE,TRUE,TRUE,"",FALSE
"CS-Female -5000X -0035.dm3",0.013,299913.973,10243.162,304647.667,273386.531,327277.781,5.772,8.591,5.772,8.592,0.419,5.702,8.527,0.139,0.138,0.135,0.128,117.275,0.959,0.15,4018.096,300378.469,-0.031,-0.617,100,749485018.625,1,2460,3702,123.88,0.127,1.056,0.941,0.938,313,"CS","CS-Female -5000X -0035.dm3",,,"DM3 spatial calibration retained in workbook",0.013,0.419,0.135,0.128,1.056,TRUE,TRUE,TRUE,"",FALSE
"CS-Female -5000X -0035.dm3",0.593,297458.15,12832.14,293791.316,231498.453,336759,5.115,6.554,5.117,6.553,2.96,4.559,6.063,0.962,0.955,0.973,0.781,40.174,0.851,1.084,176410.602,297936,-0.601,0.966,100,32905415499.5,1,1962,2898,29.023,0.811,1.246,0.797,0.971,314,"CS","CS-Female -5000X -0035.dm3",,,"DM3 spatial calibration retained in workbook",0.593,2.96,0.973,0.781,1.246,TRUE,TRUE,TRUE,"",FALSE
"CS-Female -5000X -0035.dm3",0.016,303349.059,9537.113,305632.183,270451.781,329508.719,5.384,7.535,5.384,7.536,0.467,5.326,7.434,0.112,0.194,0.204,0.103,73.603,0.945,0.224,4981.349,304674,-0.337,-0.313,100,929158167.688,1,2292,3306,60.077,0.104,1.98,0.501,0.989,315,"CS","CS-Female -5000X -0035.dm3",,,"DM3 spatial calibration retained in workbook",0.016,0.467,0.204,0.103,1.98,TRUE,TRUE,TRUE,"",FALSE
"CS-Female -5000X -0035.dm3",0.014,299536.579,10726.411,301168.174,266885.594,334656.562,5.562,7.13,5.563,7.13,0.454,5.493,7.06,0.153,0.152,0.163,0.112,53.967,0.866,0.17,4253.918,299753.094,-0.101,-0.304,100,793472397.281,1,2370,3114,34.799,0.11,1.46,0.68,0.956,316,"CS","CS-Female -5000X -0035.dm3",,,"DM3 spatial calibration retained in workbook",0.014,0.454,0.163,0.112,1.46,TRUE,TRUE,TRUE,"",FALSE
"CS-Female -5000X -0035.dm3",1.28,303250.682,11181.734,305696.727,250141.094,368168,7.335,6.914,7.334,6.914,4.217,6.609,6.312,1.436,1.246,1.478,1.111,28.253,0.905,1.485,388268.003,303473.219,0.008,0.507,100,72422631110.078,1,2916,3186,37.957,1.119,1.33,0.747,0.969,317,"CS","CS-Female -5000X -0035.dm3",,,"DM3 spatial calibration retained in workbook",1.28,4.217,1.478,1.111,1.33,TRUE,TRUE,TRUE,"",FALSE
"CS-Female -5000X -0035.dm3",0.361,304057.043,10907.062,304878.831,260107.609,338880.344,8.393,6.738,8.391,6.74,3.142,7.878,6.285,1.088,1.011,1.421,0.326,45.711,0.46,1.438,109825.883,304560.25,-0.264,0.045,100,20485539224.516,1,3390,3144,40.878,0.36,4.361,0.228,0.889,318,"CS","CS-Female -5000X -0035.dm3",,,"DM3 spatial calibration retained in workbook",0.361,3.142,1.421,0.326,4.361,TRUE,TRUE,TRUE,"",FALSE
"CS-Female -5000X -0035.dm3",0.016,299659.365,12241.34,310045.299,259942.609,333026.875,6.894,6.417,6.895,6.417,0.462,6.804,6.34,0.167,0.138,0.171,0.12,35.303,0.942,0.178,4800.271,301003.312,-0.517,-0.058,100,895382183.844,1,2934,2808,51.139,0.128,1.42,0.699,0.96,319,"CS","CS-Female -5000X -0035.dm3",,,"DM3 spatial calibration retained in workbook",0.016,0.462,0.171,0.12,1.42,TRUE,TRUE,TRUE,"",FALSE
"CS-Female -5000X -0035.dm3",0.019,306849.305,9614.396,307405.438,272608.688,329894.656,6.661,6.125,6.661,6.126,0.615,6.581,6.008,0.153,0.235,0.238,0.104,70.012,0.644,0.237,5937.031,307378.969,-0.36,0.016,100,1107419142.906,1,2862,2706,83.242,0.114,2.281,0.435,0.846,320,"CS","CS-Female -5000X -0035.dm3",,,"DM3 spatial calibration retained in workbook",0.019,0.615,0.238,0.104,2.281,TRUE,TRUE,TRUE,"",FALSE
"CS-Female -5000X -0035.dm3",0.139,302118.487,10128.506,306985.187,260640.094,336938.125,7.247,5.548,7.247,5.549,2.081,6.929,5.163,0.627,0.761,0.942,0.189,48.381,0.403,0.952,41953.472,302524,-0.231,0.003,100,7825473043.266,1,2982,2568,53.1,0.204,4.986,0.199,0.866,321,"CS","CS-Female -5000X -0035.dm3",,,"DM3 spatial calibration retained in workbook",0.139,2.081,0.942,0.189,4.986,TRUE,TRUE,TRUE,"",FALSE
"CS-Female -5000X -0035.dm3",0.201,300607.385,12121.38,302471.706,250941.906,347583.875,8.443,4.342,8.442,4.344,2.707,7.975,3.862,0.85,0.941,1.221,0.211,51.802,0.345,1.193,60386.609,301374.875,-0.255,0.005,100,11263758717,1,3444,2070,49.992,0.275,5.784,0.172,0.707,322,"CS","CS-Female -5000X -0035.dm3",,,"DM3 spatial calibration retained in workbook",0.201,2.707,1.221,0.211,5.784,TRUE,TRUE,TRUE,"",FALSE
"CS-Female -5000X -0035.dm3",0.026,303052.984,10999.795,308242.172,272308.688,332236.844,9.141,2.551,9.141,2.551,0.566,9.049,2.464,0.195,0.18,0.196,0.173,173.691,1,0.203,7978.951,303892.719,-0.114,-0.465,100,1488293205.344,1,3894,1086,164.163,0.171,1.135,0.875,0.981,323,"CS","CS-Female -5000X -0035.dm3",,,"DM3 spatial calibration retained in workbook",0.026,0.566,0.196,0.173,1.135,TRUE,TRUE,TRUE,"",FALSE
"CS-Female -5000X -0034.dm3",0.645,305634.248,9386.851,303218.331,265522.938,338907.125,2.894,0.823,2.894,0.824,3.038,2.424,0.373,1.003,0.954,1.115,0.742,46.034,0.878,1.104,197134.853,305645.688,-0.086,-0.175,100,36843902964.5,1,1092,528,39.682,0.74,1.502,0.661,0.97,324,"CS","CS-Female -5000X -0034.dm3",,,"DM3 spatial calibration retained in workbook",0.645,3.038,1.115,0.742,1.502,TRUE,TRUE,TRUE,"",FALSE
"CS-Female -5000X -0034.dm3",0.103,309236.906,10405.058,312473.192,271856.75,341407.312,2.264,0.885,2.264,0.885,1.447,2.062,0.581,0.348,0.553,0.611,0.217,64.825,0.619,0.602,31902.055,310336.719,-0.408,-0.018,100,5962396775.781,1,912,492,66.816,0.239,2.819,0.352,0.87,325,"CS","CS-Female -5000X -0034.dm3",,,"DM3 spatial calibration retained in workbook",0.103,1.447,0.611,0.217,2.819,TRUE,TRUE,TRUE,"",FALSE
"CS-Female -5000X -0034.dm3",0.014,304928.354,9330.086,306563.941,271097.438,327667.062,2.076,1.28,2.076,1.28,0.368,2.02,1.203,0.111,0.152,0.165,0.105,79.525,1,0.174,4131.039,305624.969,-0.355,-0.126,100,772078592.469,1,876,588,61.204,0.106,1.568,0.633,0.984,326,"CS","CS-Female -5000X -0034.dm3",,,"DM3 spatial calibration retained in workbook",0.014,0.368,0.165,0.105,1.568,TRUE,TRUE,TRUE,"",FALSE
"CS-Female -5000X -0034.dm3",0.026,304392.575,10077.852,307336.085,268273.594,331365.062,2.282,1.336,2.281,1.336,0.597,2.187,1.244,0.167,0.194,0.197,0.169,82.953,0.911,0.226,7871.339,305200.25,-0.527,0.303,100,1471129316.938,1,942,606,42.292,0.164,1.168,0.85,0.969,327,"CS","CS-Female -5000X -0034.dm3",,,"DM3 spatial calibration retained in workbook",0.026,0.597,0.197,0.169,1.168,TRUE,TRUE,TRUE,"",FALSE
"CS-Female -5000X -0034.dm3",0.031,306056.735,11854.598,314163.128,261129.797,355739.781,2.528,1.447,2.528,1.446,0.667,2.438,1.327,0.167,0.235,0.235,0.172,97.439,0.889,0.254,9633.821,306850.281,-0.191,0.123,100,1800531771.344,1,1068,576,119.546,0.167,1.363,0.728,0.945,328,"CS","CS-Female -5000X -0034.dm3",,,"DM3 spatial calibration retained in workbook",0.031,0.667,0.235,0.172,1.363,TRUE,TRUE,TRUE,"",FALSE
"CS-Female -5000X -0034.dm3",0.11,302510.959,8969.287,304677.295,269675.281,342230.062,2.273,1.606,2.274,1.607,1.215,2.048,1.438,0.446,0.346,0.452,0.311,23.031,0.934,0.453,33165.065,302219,0.163,0.124,100,6198449547.938,1,888,738,17.751,0.313,1.453,0.683,0.97,329,"CS","CS-Female -5000X -0034.dm3",,,"DM3 spatial calibration retained in workbook",0.11,1.215,0.452,0.311,1.453,TRUE,TRUE,TRUE,"",FALSE
"CS-Female -5000X -0034.dm3",0.084,310936.721,11254.314,316917.221,271721.75,342922,2.193,2.035,2.193,2.033,1.338,2.02,1.784,0.39,0.553,0.615,0.176,54.731,0.593,0.632,26242.888,312712.469,-0.495,-0.073,100,4904715840.781,1,882,1014,61.003,0.197,3.49,0.284,0.883,330,"CS","CS-Female -5000X -0034.dm3",,,"DM3 spatial calibration retained in workbook",0.084,1.338,0.615,0.176,3.49,TRUE,TRUE,TRUE,"",FALSE
"CS-Female -5000X -0034.dm3",0.14,306309.347,10489.879,306590.525,265571.781,339261.594,1.107,4.104,1.107,4.105,1.882,0.711,3.885,0.738,0.456,0.842,0.213,29.751,0.495,0.849,42766.006,307222.188,-0.439,0.168,100,7992836112.406,1,306,1878,31.412,0.255,3.96,0.251,0.87,331,"CS","CS-Female -5000X -0034.dm3",,,"DM3 spatial calibration retained in workbook",0.14,1.882,0.842,0.213,3.96,TRUE,TRUE,TRUE,"",FALSE
"CS-Female -5000X -0034.dm3",0.066,303583.707,13891.067,312123.683,236051.609,342179.406,1.871,3.934,1.871,3.935,0.94,1.714,3.774,0.307,0.304,0.325,0.261,33.017,0.94,0.336,20042.699,306288.219,-1.22,2.191,100,3745919358.422,1,738,1734,24.279,0.26,1.246,0.797,0.974,332,"CS","CS-Female -5000X -0034.dm3",,,"DM3 spatial calibration retained in workbook",0.066,0.94,0.325,0.261,1.246,TRUE,TRUE,TRUE,"",FALSE
"CS-Female -5000X -0034.dm3",0.168,303256.952,12648.791,306277.436,253442.266,339869.125,2.522,3.493,2.52,3.495,2.216,2.159,3.125,0.738,0.76,1.038,0.208,44.442,0.431,1.013,51043.407,304014.125,-0.297,-0.107,100,9539857197.594,1,930,1686,48.67,0.24,4.986,0.199,0.85,333,"CS","CS-Female -5000X -0034.dm3",,,"DM3 spatial calibration retained in workbook",0.168,2.216,1.038,0.208,4.986,TRUE,TRUE,TRUE,"",FALSE
"CS-Female -5000X -0034.dm3",0.023,297937.414,16636.529,307975.581,214841.031,330300.812,4.031,2.344,4.031,2.345,0.55,3.957,2.254,0.167,0.18,0.197,0.147,51.893,0.937,0.226,6724.026,301903.25,-2.098,6.224,100,1256700011.516,1,1704,1056,42.292,0.145,1.344,0.738,0.972,334,"CS","CS-Female -5000X -0034.dm3",,,"DM3 spatial calibration retained in workbook",0.023,0.55,0.197,0.147,1.344,TRUE,TRUE,TRUE,"",FALSE
"CS-Female -5000X -0034.dm3",0.021,302056.763,11561.753,296936.382,269785.594,331024.375,4.217,2.176,4.218,2.175,0.533,4.138,2.088,0.153,0.194,0.182,0.147,69.677,0.926,0.201,6327.295,302339.281,-0.15,-0.687,100,1182552227.938,1,1818,990,73.938,0.142,1.236,0.803,0.933,335,"CS","CS-Female -5000X -0034.dm3",,,"DM3 spatial calibration retained in workbook",0.021,0.533,0.182,0.147,1.236,TRUE,TRUE,TRUE,"",FALSE
"CS-Female -5000X -0034.dm3",0.041,303485.912,12827.956,305162.678,256152.656,347400.406,4.449,1.974,4.449,1.973,0.833,4.277,1.853,0.32,0.235,0.357,0.148,29.975,0.743,0.355,12456.278,304456.562,-0.192,0.053,100,2328040434.078,1,1842,888,30.387,0.161,2.418,0.41,0.918,336,"CS","CS-Female -5000X -0034.dm3",,,"DM3 spatial calibration retained in workbook",0.041,0.833,0.357,0.148,2.418,TRUE,TRUE,TRUE,"",FALSE
"CS-Female -5000X -0034.dm3",0.027,303071.674,10853.899,307035.06,261051.281,337244.469,4.855,1.632,4.856,1.632,0.746,4.709,1.535,0.293,0.194,0.307,0.114,26.365,0.619,0.336,8313.932,304435.062,-0.519,0.45,100,1553848472.141,1,2028,738,29.556,0.129,2.685,0.37,0.866,337,"CS","CS-Female -5000X -0034.dm3",,,"DM3 spatial calibration retained in workbook",0.027,0.746,0.307,0.114,2.685,TRUE,TRUE,TRUE,"",FALSE
"CS-Female -5000X -0034.dm3",0.163,300243.389,11331.171,304310.174,237640.594,333795.031,5.51,1.188,5.509,1.188,2.456,5.057,0.747,0.864,0.788,1.125,0.186,39.563,0.34,1.14,48960.23,301245.781,-0.459,0.307,100,9150517761.922,1,2178,654,41.821,0.228,6.044,0.164,0.775,338,"CS","CS-Female -5000X -0034.dm3",,,"DM3 spatial calibration retained in workbook",0.163,2.456,1.125,0.186,6.044,TRUE,TRUE,TRUE,"",FALSE
"CS-Female -5000X -0034.dm3",0.113,302232.023,12483.269,307737.26,251064.391,336658.812,6.273,0.634,6.274,0.634,1.638,5.991,0.415,0.599,0.484,0.718,0.201,35.299,0.528,0.759,34051.383,304648.25,-0.765,0.372,100,6364099699.734,1,2586,390,39.59,0.224,3.564,0.278,0.897,339,"CS","CS-Female -5000X -0034.dm3",,,"DM3 spatial calibration retained in workbook",0.113,1.638,0.718,0.201,3.564,TRUE,TRUE,TRUE,"",FALSE
"CS-Female -5000X -0034.dm3",0.027,298543.986,11332.278,303819.238,258641.672,335488.562,6.65,0.247,6.65,0.247,0.62,6.534,0.166,0.223,0.166,0.212,0.163,20.379,0.882,0.255,8055.548,299685.75,-0.339,-0.133,100,1505557322.516,1,2814,126,29.17,0.166,1.296,0.766,0.966,340,"CS","CS-Female -5000X -0034.dm3",,,"DM3 spatial calibration retained in workbook",0.027,0.62,0.212,0.163,1.296,TRUE,TRUE,TRUE,"",FALSE
"CS-Female -5000X -0034.dm3",0.104,304189.488,12397.377,311583.035,257843.281,339976.875,8.281,2.409,8.281,2.41,1.737,7.997,2.074,0.543,0.636,0.82,0.163,47.279,0.435,0.81,31737.784,305933.438,-0.613,0.288,100,5931695007.281,1,3450,1176,51.739,0.171,5.021,0.198,0.889,341,"CS","CS-Female -5000X -0034.dm3",,,"DM3 spatial calibration retained in workbook",0.104,1.737,0.82,0.163,5.021,TRUE,TRUE,TRUE,"",FALSE
"CS-Female -5000X -0034.dm3",0.014,304209.843,11495.038,302776.726,262802.625,330798.438,7.987,2.479,7.988,2.478,0.445,7.927,2.406,0.125,0.138,0.14,0.126,86.397,0.869,0.155,4160.369,305108.75,-0.475,0.064,100,777560358.188,1,3426,1044,116.741,0.124,1.114,0.891,0.94,342,"CS","CS-Female -5000X -0034.dm3",,,"DM3 spatial calibration retained in workbook",0.014,0.445,0.14,0.126,1.114,TRUE,TRUE,TRUE,"",FALSE
"CS-Female -5000X -0034.dm3",0.018,301747.452,10475.883,306549.685,262797.344,329666.594,7.784,2.518,7.785,2.518,0.555,7.704,2.433,0.153,0.166,0.164,0.14,134.607,0.731,0.181,5410.231,302621.125,-0.362,-0.08,100,1011155711.688,1,3336,1056,122.671,0.151,1.174,0.845,0.904,343,"CS","CS-Female -5000X -0034.dm3",,,"DM3 spatial calibration retained in workbook",0.018,0.555,0.164,0.14,1.174,TRUE,TRUE,TRUE,"",FALSE
"CS-Female -5000X -0034.dm3",0.088,302556.766,12626.665,299928.504,261116.672,340286.625,7.61,2.538,7.611,2.539,1.63,7.495,2.157,0.237,0.705,0.688,0.164,99.271,0.415,0.725,26531.213,302901.906,-0.185,-0.388,100,4958602839.359,1,3252,936,103.339,0.197,4.207,0.236,0.833,344,"CS","CS-Female -5000X -0034.dm3",,,"DM3 spatial calibration retained in workbook",0.088,1.63,0.688,0.164,4.207,TRUE,TRUE,TRUE,"",FALSE
"CS-Female -5000X -0034.dm3",0.049,301364.919,10539.117,308882.434,259827.625,334356,7.523,3.145,7.522,3.145,0.966,7.37,3,0.32,0.304,0.394,0.16,42.741,0.661,0.432,14792.76,301957.062,-0.229,-0.128,100,2764721763.453,1,3180,1434,44.78,0.184,2.462,0.403,0.928,345,"CS","CS-Female -5000X -0034.dm3",,,"DM3 spatial calibration retained in workbook",0.049,0.966,0.394,0.16,2.462,TRUE,TRUE,TRUE,"",FALSE
"CS-Female -5000X -0034.dm3",0.022,299485.593,10005.708,298292.959,261061.531,328420.156,7.443,2.828,7.442,2.828,0.614,7.342,2.737,0.209,0.18,0.225,0.126,44.551,0.735,0.243,6590.713,299930.812,-0.276,0.158,100,1231784244.859,1,3162,1254,30.77,0.12,1.791,0.554,0.964,346,"CS","CS-Female -5000X -0034.dm3",,,"DM3 spatial calibration retained in workbook",0.022,0.614,0.225,0.126,1.791,TRUE,TRUE,TRUE,"",FALSE
"CS-Female -5000X -0034.dm3",0.946,302581.415,11662.929,304892.197,249886.188,347336.281,6.376,3.025,6.378,3.025,4.12,5.447,2.544,1.63,0.899,1.545,0.785,15.686,0.7,1.672,286106.808,302941.094,-0.105,-0.325,100,53472490172.547,1,2346,1422,12.899,0.872,1.968,0.504,0.931,347,"CS","CS-Female -5000X -0034.dm3",,,"DM3 spatial calibration retained in workbook",0.946,4.12,1.545,0.785,1.968,TRUE,TRUE,TRUE,"",FALSE
"CS-Female -5000X -0034.dm3",1.489,299177.726,10272.693,301266.701,225971.328,343865,5.72,3.9,5.721,3.903,4.691,4.946,3.235,1.574,1.327,1.576,1.212,171.695,0.851,1.626,445585.19,299614.812,-0.336,0.589,100,83278513588.797,1,2154,1800,23.552,1.208,1.3,0.763,0.953,348,"CS","CS-Female -5000X -0034.dm3",,,"DM3 spatial calibration retained in workbook",1.489,4.691,1.576,1.212,1.3,TRUE,TRUE,TRUE,"",FALSE
"CS-Female -5000X -0034.dm3",0.07,305084.045,13015.668,309841.215,257186.531,337661.75,5.751,4.878,5.751,4.879,1.233,5.545,4.659,0.404,0.359,0.466,0.192,28.653,0.575,0.49,21228.907,307441.062,-0.658,-0.014,100,3967618002.547,1,2388,2160,34.387,0.23,2.429,0.408,0.774,349,"CS","CS-Female -5000X -0034.dm3",,,"DM3 spatial calibration retained in workbook",0.07,1.233,0.466,0.192,2.429,TRUE,TRUE,TRUE,"",FALSE
"CS-Female -5000X -0034.dm3",0.023,305828.616,12153.005,302321.325,263290.469,349057.844,5.593,4.67,5.593,4.67,0.644,5.503,4.59,0.181,0.166,0.179,0.161,146.858,0.682,0.2,6882.483,306566.812,-0.303,0.133,100,1286315159.812,1,2382,1992,123.893,0.166,1.107,0.896,0.895,350,"CS","CS-Female -5000X -0034.dm3",,,"DM3 spatial calibration retained in workbook",0.023,0.644,0.179,0.161,1.107,TRUE,TRUE,TRUE,"",FALSE
"CS-Female -5000X -0034.dm3",0.018,306532.591,10627.962,309944.394,270084.562,332495.062,5.547,5.137,5.547,5.137,0.516,5.475,5.046,0.139,0.194,0.208,0.112,120.68,0.85,0.211,5530.47,307308.938,-0.263,-0.534,100,1033627895.812,1,2364,2196,121.804,0.122,1.861,0.533,0.976,351,"CS","CS-Female -5000X -0034.dm3",,,"DM3 spatial calibration retained in workbook",0.018,0.516,0.208,0.112,1.861,TRUE,TRUE,TRUE,"",FALSE
"CS-Female -5000X -0034.dm3",3.181,305267.642,10530.148,306312.451,251795.859,349734.438,4.462,4.952,4.463,4.952,7.122,3.177,3.761,2.299,2.364,2.036,2.005,120.884,0.788,2.367,971188.341,305815.656,-0.274,0.133,100,181512140076.234,1,1980,2658,87.301,1.954,1.015,0.977,0.94,352,"CS","CS-Female -5000X -0034.dm3",,,"DM3 spatial calibration retained in workbook",3.181,7.122,2.036,2.005,1.015,TRUE,TRUE,TRUE,"",FALSE
"CS-Female -5000X -0034.dm3",0.054,312452.773,13848.228,320154.698,256839.984,347138.406,2.884,5.213,2.885,5.214,0.892,2.731,5.074,0.279,0.277,0.295,0.235,27.432,0.852,0.325,16866.707,314943.062,-0.811,0.537,100,3152336026.016,1,1176,2292,39.59,0.252,1.252,0.792,0.939,353,"CS","CS-Female -5000X -0034.dm3",,,"DM3 spatial calibration retained in workbook",0.054,0.892,0.295,0.235,1.252,TRUE,TRUE,TRUE,"",FALSE
"CS-Female -5000X -0034.dm3",0.018,304177.471,12090.379,313950.906,265784.156,330853.75,3.84,6.397,3.84,6.396,0.524,3.776,6.304,0.139,0.18,0.185,0.127,114.268,0.842,0.211,5590.512,304491.062,-0.18,-0.759,100,1044849613.438,1,1638,2736,121.804,0.136,1.451,0.684,0.94,354,"CS","CS-Female -5000X -0034.dm3",,,"DM3 spatial calibration retained in workbook",0.018,0.524,0.185,0.127,1.451,TRUE,TRUE,TRUE,"",FALSE
"CS-Female -5000X -0034.dm3",0.101,302784.822,10448.066,302885.671,264157.25,341917.844,3.844,6.74,3.845,6.739,1.596,3.553,6.595,0.599,0.318,0.662,0.197,16.114,0.5,0.66,30696.952,303041.25,-0.079,0.075,100,5737166816,1,1530,3000,24.776,0.241,3.368,0.295,0.851,355,"CS","CS-Female -5000X -0034.dm3",,,"DM3 spatial calibration retained in workbook",0.101,1.596,0.662,0.197,3.368,TRUE,TRUE,TRUE,"",FALSE
"CS-Female -5000X -0034.dm3",3.376,305267.816,13437.032,305724.648,244177.375,386766.531,2.623,6.212,2.626,6.214,8.009,1.156,5.171,2.87,2.184,3.146,1.377,26.615,0.661,3.151,1030680.338,304874.781,0.828,3.245,100,192631012968.375,1,498,3078,37.264,1.429,2.285,0.434,0.923,356,"CS","CS-Female -5000X -0034.dm3",,,"DM3 spatial calibration retained in workbook",3.376,8.009,3.146,1.377,2.285,TRUE,TRUE,TRUE,"",FALSE
"CS-Female -5000X -0034.dm3",0.054,313292.971,13528.445,317664.495,249779.422,347138.406,2.877,5.222,2.878,5.222,0.885,2.731,5.074,0.279,0.263,0.283,0.243,47.193,0.861,0.327,16809.808,315520,-0.908,1.073,100,3141701909.047,1,1188,2316,53.405,0.252,1.163,0.853,0.969,357,"CS","CS-Female -5000X -0034.dm3",,,"DM3 spatial calibration retained in workbook",0.054,0.885,0.283,0.243,1.163,TRUE,TRUE,TRUE,"",FALSE
"CS-Female -5000X -0034.dm3",0.011,301420.341,11174.745,306207.93,254769.688,332458.125,1.356,6.399,1.356,6.398,0.384,1.296,6.318,0.111,0.138,0.14,0.103,73.167,0.954,0.162,3372.286,302666.969,-1.118,2.359,100,630269933.719,1,564,2802,58.842,0.111,1.362,0.729,0.944,358,"CS","CS-Female -5000X -0034.dm3",,,"DM3 spatial calibration retained in workbook",0.011,0.384,0.14,0.103,1.362,TRUE,TRUE,TRUE,"",FALSE
"CS-Female -5000X -0034.dm3",0.019,305645.665,9586.785,302984.036,271005.594,331871.625,1.145,6.603,1.145,6.603,0.559,1.045,6.54,0.223,0.138,0.212,0.116,15.07,0.772,0.233,5862.801,305348.531,-0.072,-0.233,100,1095739709.219,1,450,2880,17.229,0.124,1.83,0.542,0.953,359,"CS","CS-Female -5000X -0034.dm3",,,"DM3 spatial calibration retained in workbook",0.019,0.559,0.212,0.116,1.83,TRUE,TRUE,TRUE,"",FALSE
"CS-Female -5000X -0034.dm3",0.022,304529.908,14706.572,318802.18,257169.672,337875.156,1.133,6.965,1.133,6.964,0.589,1.045,6.844,0.167,0.207,0.185,0.155,116.817,0.809,0.212,6801.116,307292.75,-0.595,-0.289,100,1271107835.094,1,486,2970,101.395,0.157,1.193,0.832,0.913,360,"CS","CS-Female -5000X -0034.dm3",,,"DM3 spatial calibration retained in workbook",0.022,0.589,0.185,0.155,1.193,TRUE,TRUE,TRUE,"",FALSE
"CS-Female -5000X -0034.dm3",0.832,304007.1,10320.122,303572.258,256181.656,347743.875,2.247,7.307,2.248,7.306,4.012,1.519,6.871,1.56,0.83,1.582,0.674,17.213,0.65,1.647,252904.199,304201.125,-0.179,0.09,100,47267023834.562,1,660,3306,20.13,0.705,2.346,0.423,0.931,361,"CS","CS-Female -5000X -0034.dm3",,,"DM3 spatial calibration retained in workbook",0.832,4.012,1.582,0.674,2.346,TRUE,TRUE,TRUE,"",FALSE
"CS-Female -5000X -0034.dm3",0.091,302879.629,9974.897,304375.466,265337.375,341917.844,3.848,6.707,3.848,6.707,1.42,3.553,6.581,0.571,0.249,0.609,0.192,14.813,0.57,0.613,27687.442,303203.688,-0.08,-0.072,100,5174698460.5,1,1530,2964,21.169,0.204,3.166,0.313,0.905,362,"CS","CS-Female -5000X -0034.dm3",,,"DM3 spatial calibration retained in workbook",0.091,1.42,0.609,0.192,3.166,TRUE,TRUE,TRUE,"",FALSE
"CS-Female -5000X -0034.dm3",0.019,305640.416,11726.905,313878.59,265784.156,332516.812,3.84,6.372,3.841,6.372,0.546,3.748,6.291,0.181,0.166,0.208,0.119,39.268,0.817,0.22,5911.761,306498.938,-0.269,-0.649,100,1104890102.469,1,1614,2790,34.49,0.128,1.738,0.571,0.905,363,"CS","CS-Female -5000X -0034.dm3",,,"DM3 spatial calibration retained in workbook",0.019,0.546,0.208,0.119,1.738,TRUE,TRUE,TRUE,"",FALSE
"CS-Female -5000X -0034.dm3",0.089,307836.461,11463.539,314052.573,270573.094,337025.312,1.575,9.097,1.574,9.097,1.736,1.24,8.945,0.697,0.277,0.712,0.161,167.392,0.372,0.727,27503.141,309284.25,-0.364,-0.427,100,5140253226.906,1,534,3900,163.421,0.212,4.428,0.224,0.699,364,"CS","CS-Female -5000X -0034.dm3",,,"DM3 spatial calibration retained in workbook",0.089,1.736,0.712,0.161,4.428,TRUE,TRUE,TRUE,"",FALSE
"CS-Female -5000X -0034.dm3",0.061,305575.764,11777.901,308825.753,266930.5,335462.031,1.256,9.208,1.256,9.209,1.066,1.045,9.111,0.418,0.207,0.42,0.186,179.799,0.674,0.424,18609.524,306275.562,-0.307,-0.355,100,3478063344.062,1,450,3984,170.609,0.201,2.259,0.439,0.891,365,"CS","CS-Female -5000X -0034.dm3",,,"DM3 spatial calibration retained in workbook",0.061,1.066,0.42,0.186,2.259,TRUE,TRUE,TRUE,"",FALSE
"CS-Female -5000X -0034.dm3",0.03,304249.56,12082.081,311458.048,272155.406,346409.844,2.109,9.053,2.109,9.053,0.732,2.006,8.945,0.209,0.194,0.221,0.173,10.392,0.699,0.23,9078.799,304717.219,-0.028,-0.436,100,1696799796.156,1,864,3948,24.849,0.188,1.276,0.778,0.919,366,"CS","CS-Female -5000X -0034.dm3",,,"DM3 spatial calibration retained in workbook",0.03,0.732,0.221,0.173,1.276,TRUE,TRUE,TRUE,"",FALSE
"CS-Female -5000X -0034.dm3",2.656,305424.896,15838.881,305438.129,210276.125,421197.969,3.663,7.906,3.654,7.909,7.842,2.062,6.83,3.107,2.005,3.49,0.977,30.63,0.543,3.447,811252.152,305279.781,0.352,3.658,100,151620553917.328,1,888,3690,25.669,0.991,3.573,0.278,0.944,367,"CS","CS-Female -5000X -0034.dm3",,,"DM3 spatial calibration retained in workbook",2.656,7.842,3.49,0.977,3.573,TRUE,TRUE,TRUE,"",FALSE
"CS-Female -5000X -0034.dm3",0.155,305190.032,12379.12,309446.064,241345.594,340683.031,5.183,7.764,5.185,7.763,2.445,4.709,7.369,0.864,0.747,1.079,0.184,42.061,0.326,1.059,47351.765,305936.875,-0.382,0.012,100,8849900541.344,1,2034,3504,37.86,0.244,5.849,0.17,0.678,368,"CS","CS-Female -5000X -0034.dm3",,,"DM3 spatial calibration retained in workbook",0.155,2.445,1.079,0.184,5.849,TRUE,TRUE,TRUE,"",FALSE
"CS-Female -5000X -0034.dm3",0.049,308268.242,11111.626,306390.204,271060.875,340901.094,5.819,7.423,5.82,7.423,1.028,5.698,7.217,0.251,0.415,0.419,0.15,67.657,0.584,0.438,15126.668,308434.031,-0.255,-0.075,100,2827128049.438,1,2454,3312,55.099,0.157,2.787,0.356,0.883,369,"CS","CS-Female -5000X -0034.dm3",,,"DM3 spatial calibration retained in workbook",0.049,1.028,0.419,0.15,2.787,TRUE,TRUE,TRUE,"",FALSE
"CS-Female -5000X -0034.dm3",0.035,302666.93,11233.093,306283.273,263853.562,337494.281,6.868,6.314,6.868,6.315,0.734,6.743,6.222,0.251,0.194,0.285,0.158,33.363,0.82,0.309,10634.811,303553.469,-0.319,0.036,100,1987613728.219,1,2904,2778,35.629,0.177,1.799,0.552,0.95,370,"CS","CS-Female -5000X -0034.dm3",,,"DM3 spatial calibration retained in workbook",0.035,0.734,0.285,0.158,1.799,TRUE,TRUE,TRUE,"",FALSE
"CS-Female -5000X -0034.dm3",0.16,298910.081,12762.71,300115.63,250775.047,337587.344,8.147,4.736,8.145,4.737,2.446,7.704,4.341,0.878,0.76,1.145,0.179,40.732,0.336,1.121,47855.181,300079.688,-0.307,-0.291,100,8943987432.031,1,3318,2208,41.769,0.216,6.382,0.155,0.813,371,"CS","CS-Female -5000X -0034.dm3",,,"DM3 spatial calibration retained in workbook",0.16,2.446,1.145,0.179,6.382,TRUE,TRUE,TRUE,"",FALSE
"CS-Female -5000X -0034.dm3",0.027,296364.369,11056.257,297684.572,261460.453,324759.938,8.448,4.683,8.448,4.683,0.619,8.345,4.59,0.209,0.166,0.198,0.174,169.283,0.879,0.218,7949.164,296800.719,-0.151,-0.307,100,1485674580.922,1,3600,2016,153.61,0.166,1.135,0.875,0.951,372,"CS","CS-Female -5000X -0034.dm3",,,"DM3 spatial calibration retained in workbook",0.027,0.619,0.198,0.174,1.135,TRUE,TRUE,TRUE,"",FALSE
"CS-Female -5000X -0034.dm3",0.045,300370.066,13258.741,301180.073,262746.562,342414.406,8.976,4.144,8.976,4.145,1.095,8.805,3.968,0.376,0.332,0.444,0.129,49.559,0.469,0.481,13451.784,301029.562,-0.138,-0.295,100,2514097450.75,1,3804,1866,43.611,0.157,3.437,0.289,0.803,373,"CS","CS-Female -5000X -0034.dm3",,,"DM3 spatial calibration retained in workbook",0.045,1.095,0.444,0.129,3.437,TRUE,TRUE,TRUE,"",FALSE
"CS-Female -5000X -0034.dm3",0.026,301625.745,13833.258,314792.204,258388.359,333789.844,9.183,4.196,9.184,4.196,0.624,9.098,4.079,0.181,0.207,0.193,0.172,104.614,0.836,0.219,7809.475,304063.531,-0.466,-0.602,100,1459566981.594,1,3930,1782,124.901,0.178,1.127,0.881,0.884,374,"CS","CS-Female -5000X -0034.dm3",,,"DM3 spatial calibration retained in workbook",0.026,0.624,0.193,0.172,1.127,TRUE,TRUE,TRUE,"",FALSE
"CS-Female -5000X -0034.dm3",0.056,301770.723,12235.571,305065.861,255656.391,336999.312,9.022,4.843,9.021,4.843,1,8.819,4.742,0.362,0.221,0.374,0.191,165.072,0.701,0.38,16822.902,302616.531,-0.306,-0.137,100,3144149164.438,1,3804,2082,156.412,0.215,1.952,0.508,0.88,375,"CS","CS-Female -5000X -0034.dm3",,,"DM3 spatial calibration retained in workbook",0.056,1,0.374,0.191,1.952,TRUE,TRUE,TRUE,"",FALSE
"CS-Female -5000X -0034.dm3",0.286,304717.525,10427.397,306566.222,267059.438,341699.562,8.27,5.742,8.27,5.741,3.136,7.955,5.102,0.599,1.341,1.416,0.259,70.053,0.366,1.405,87151.612,305125.375,-0.24,0.065,100,16288370600.563,1,3426,2796,72.69,0.35,5.466,0.182,0.781,376,"CS","CS-Female -5000X -0034.dm3",,,"DM3 spatial calibration retained in workbook",0.286,3.136,1.416,0.259,5.466,TRUE,TRUE,TRUE,"",FALSE
"CS-Female -5000X -0034.dm3",0.116,304146.127,11460.713,304391.604,263184,340467.125,7.798,7.025,7.799,7.023,1.78,7.565,6.664,0.432,0.705,0.773,0.192,59.016,0.459,0.775,35233.682,304733.25,-0.232,-0.093,100,6585067801.562,1,3258,3198,65.56,0.229,4.019,0.247,0.852,377,"CS","CS-Female -5000X -0034.dm3",,,"DM3 spatial calibration retained in workbook",0.116,1.78,0.773,0.192,4.019,TRUE,TRUE,TRUE,"",FALSE
"CS-Female -5000X -0034.dm3",0.016,297746.145,11179.06,296412.432,260405.234,328433.594,7.575,7.53,7.575,7.53,0.56,7.509,7.438,0.125,0.18,0.176,0.116,69.304,0.638,0.193,4750.634,297932.938,-0.182,-0.036,100,887879004.797,1,3258,3306,68.815,0.119,1.509,0.658,0.891,378,"CS","CS-Female -5000X -0034.dm3",,,"DM3 spatial calibration retained in workbook",0.016,0.56,0.176,0.116,1.509,TRUE,TRUE,TRUE,"",FALSE
"CS-Female -5000X -0034.dm3",0.225,305754.681,13119.186,304514.699,263281.719,357109.656,7.045,7.735,7.042,7.737,2.393,6.548,7.48,0.975,0.498,1.076,0.268,22.451,0.493,1.049,68773.84,306154.688,-0.024,0.259,100,12853621022.906,1,2820,3444,21.65,0.307,4.011,0.247,0.852,379,"CS","CS-Female -5000X -0034.dm3",,,"DM3 spatial calibration retained in workbook",0.225,2.393,1.076,0.268,4.011,TRUE,TRUE,TRUE,"",FALSE
"CS-Female -5000X -0034.dm3",0.069,305918.24,11515.424,310299.432,266356.188,349995.375,6.559,8.295,6.558,8.295,1.097,6.339,8.185,0.432,0.221,0.436,0.203,175.936,0.718,0.437,21046.34,306185.625,-0.154,0.198,100,3933496726.344,1,2730,3612,9.093,0.217,2.153,0.461,0.905,380,"CS","CS-Female -5000X -0034.dm3",,,"DM3 spatial calibration retained in workbook",0.069,1.097,0.436,0.203,2.153,TRUE,TRUE,TRUE,"",FALSE
"CS-Female -5000X -0034.dm3",0.062,303312.661,10028.87,302550.192,267989.656,334763.219,7.518,8.945,7.518,8.944,1.332,7.412,8.669,0.223,0.553,0.523,0.152,77.257,0.439,0.557,18796.279,303354.438,-0.031,0.023,100,3512967238.656,1,3204,4002,82.821,0.192,3.435,0.289,0.79,381,"CS","CS-Female -5000X -0034.dm3",,,"DM3 spatial calibration retained in workbook",0.062,1.332,0.523,0.152,3.435,TRUE,TRUE,TRUE,"",FALSE
"CS-Female -5000X -0033.dm3",0.031,300762.595,12808.812,299018.067,259692.641,340554.562,2.733,1.219,2.733,1.22,0.754,2.611,1.108,0.223,0.208,0.232,0.174,25.497,0.692,0.256,9422.399,301188.969,-0.316,-0.085,100,1754047455.766,1,1122,546,29.158,0.202,1.333,0.744,0.85,382,"CS","CS-Female -5000X -0033.dm3",,,"DM3 spatial calibration retained in workbook",0.031,0.754,0.232,0.174,1.333,TRUE,TRUE,TRUE,"",FALSE
"CS-Female -5000X -0033.dm3",0.11,300010.621,11507.504,307749.647,256580.141,332080.969,3.122,0.95,3.122,0.951,1.685,2.862,0.692,0.545,0.54,0.748,0.189,45.619,0.488,0.737,33074.831,300245.156,-0.248,-0.202,100,6157117983.953,1,1236,534,45.53,0.226,3.952,0.251,0.807,383,"CS","CS-Female -5000X -0033.dm3",,,"DM3 spatial calibration retained in workbook",0.11,1.685,0.748,0.189,3.952,TRUE,TRUE,TRUE,"",FALSE
"CS-Female -5000X -0033.dm3",0.023,306719.844,9863.125,312852.09,267791.531,329977.531,3.566,0.745,3.566,0.744,0.64,3.463,0.651,0.223,0.18,0.225,0.133,34.281,0.717,0.27,7180.41,308731.5,-0.795,0.283,100,1336685078.938,1,1488,348,34.29,0.149,1.688,0.588,0.89,384,"CS","CS-Female -5000X -0033.dm3",,,"DM3 spatial calibration retained in workbook",0.023,0.64,0.225,0.133,1.688,TRUE,TRUE,TRUE,"",FALSE
"CS-Female -5000X -0033.dm3",0.01,305222.581,14175.527,314357.509,262248.219,327800.938,4.347,0.251,4.347,0.251,0.388,4.287,0.18,0.112,0.125,0.125,0.107,63.291,0.869,0.138,3177.537,309033.938,-0.83,-0.171,100,591521362.406,1,1842,126,44.766,0.112,1.163,0.853,0.897,385,"CS","CS-Female -5000X -0033.dm3",,,"DM3 spatial calibration retained in workbook",0.01,0.388,0.125,0.107,1.163,TRUE,TRUE,TRUE,"",FALSE
"CS-Female -5000X -0033.dm3",0.013,306659.98,10722.213,310334.878,275498.75,331411.281,0.387,6.285,0.387,6.285,0.457,0.307,6.218,0.14,0.125,0.145,0.119,16.308,0.806,0.162,4106.762,308872.312,-0.7,-0.154,100,764503330.75,1,132,2730,30.757,0.121,1.215,0.816,0.936,386,"CS","CS-Female -5000X -0033.dm3",,,"DM3 spatial calibration retained in workbook",0.013,0.457,0.145,0.119,1.215,TRUE,TRUE,TRUE,"",FALSE
"CS-Female -5000X -0033.dm3",0.016,300768.777,9700.182,302903.846,272733.594,329734.219,0.242,4.979,0.242,4.979,0.513,0.168,4.917,0.168,0.125,0.174,0.119,6.214,0.772,0.182,4861.554,300435.25,0.158,-0.209,100,905013248.875,1,72,2178,32.259,0.124,1.455,0.681,0.918,387,"CS","CS-Female -5000X -0033.dm3",,,"DM3 spatial calibration retained in workbook",0.016,0.513,0.174,0.119,1.455,TRUE,TRUE,TRUE,"",FALSE
"CS-Female -5000X -0033.dm3",0.018,303909.899,13072.709,312973.779,263204.312,326435,1.06,5.742,1.061,5.742,0.5,0.991,5.664,0.154,0.152,0.169,0.135,46.871,0.889,0.189,5382.499,307830.281,-0.655,-0.562,100,1001990936.563,1,426,2514,35.805,0.147,1.252,0.792,0.939,388,"CS","CS-Female -5000X -0033.dm3",,,"DM3 spatial calibration retained in workbook",0.018,0.5,0.169,0.135,1.252,TRUE,TRUE,TRUE,"",FALSE
"CS-Female -5000X -0033.dm3",0.013,295261.61,17366.209,311125.879,232299.5,326817.312,1.235,5.63,1.235,5.629,0.448,1.173,5.554,0.126,0.138,0.13,0.125,176.968,0.79,0.151,3730.478,300432.438,-0.764,-0.248,100,694455307.891,1,504,2418,146.526,0.126,1.043,0.951,0.871,389,"CS","CS-Female -5000X -0033.dm3",,,"DM3 spatial calibration retained in workbook",0.013,0.448,0.13,0.125,1.043,TRUE,TRUE,TRUE,"",FALSE
"CS-Female -5000X -0033.dm3",0.075,296056.418,8737.898,295262.878,269027.875,329262.5,0.51,5.839,0.511,5.839,1.211,0.321,5.637,0.391,0.388,0.497,0.194,140.982,0.645,0.478,22290.444,296252.938,-0.102,-0.297,100,4149526761,1,168,2442,125.76,0.208,2.555,0.388,0.881,390,"CS","CS-Female -5000X -0033.dm3",,,"DM3 spatial calibration retained in workbook",0.075,1.211,0.497,0.194,2.555,TRUE,TRUE,TRUE,"",FALSE
"CS-Female -5000X -0033.dm3",1.815,298412.104,9849.605,299231.276,227308.391,339921.594,1.32,4.989,1.321,4.987,5.709,0.321,4.404,2.094,1.26,2.158,1.08,12.561,0.7,2.229,541554.932,298801.312,-0.193,0.103,100,100814351686.172,1,138,2388,19.985,1.133,1.998,0.496,0.932,391,"CS","CS-Female -5000X -0033.dm3",,,"DM3 spatial calibration retained in workbook",1.815,5.709,2.158,1.08,1.998,TRUE,TRUE,TRUE,"",FALSE
"CS-Female -5000X -0033.dm3",0.013,298467.413,14251.549,315765.193,264604.844,322943.594,1.286,4.383,1.286,4.382,0.427,1.215,4.321,0.154,0.111,0.159,0.107,171.099,0.91,0.163,3948.949,301127.188,-0.368,-1.012,100,735125238.625,1,522,1884,160.167,0.111,1.487,0.667,0.937,392,"CS","CS-Female -5000X -0033.dm3",,,"DM3 spatial calibration retained in workbook",0.013,0.427,0.159,0.107,1.487,TRUE,TRUE,TRUE,"",FALSE
"CS-Female -5000X -0033.dm3",0.01,295802.518,13996.207,312621.984,263879.5,326741.344,2.473,4.732,2.473,4.732,0.417,2.416,4.667,0.126,0.111,0.123,0.107,165.594,0.744,0.137,3050.867,297380.25,-0.201,-1.043,100,567940833.812,1,1038,2040,156.211,0.111,1.15,0.863,0.944,393,"CS","CS-Female -5000X -0033.dm3",,,"DM3 spatial calibration retained in workbook",0.01,0.417,0.123,0.107,1.15,TRUE,TRUE,TRUE,"",FALSE
"CS-Female -5000X -0033.dm3",0.013,303068.666,10581.067,305869.058,274662.062,333189.469,2.562,4.859,2.563,4.859,0.476,2.499,4.792,0.14,0.125,0.142,0.117,6.897,0.72,0.17,3936.566,303177.906,0.085,-0.564,100,732820033.281,1,1074,2124,34.772,0.125,1.218,0.815,0.856,394,"CS","CS-Female -5000X -0033.dm3",,,"DM3 spatial calibration retained in workbook",0.013,0.476,0.142,0.117,1.218,TRUE,TRUE,TRUE,"",FALSE
"CS-Female -5000X -0033.dm3",0.022,303861.32,11329.516,312397.616,267365.031,326333.531,2.723,4.678,2.724,4.678,0.646,2.639,4.57,0.168,0.18,0.192,0.148,36.698,0.667,0.237,6738.066,306535.375,-0.566,-0.52,100,1254339527.25,1,1134,2058,49.532,0.166,1.291,0.768,0.885,395,"CS","CS-Female -5000X -0033.dm3",,,"DM3 spatial calibration retained in workbook",0.022,0.646,0.192,0.148,1.291,TRUE,TRUE,TRUE,"",FALSE
"CS-Female -5000X -0033.dm3",0.093,304594.444,13955.441,316764.813,260147.234,336231.75,2.775,4.475,2.776,4.475,1.39,2.541,4.266,0.461,0.415,0.588,0.203,144.497,0.605,0.592,28342.631,306642.938,-0.426,-0.608,100,5276184959.922,1,1092,1854,139.046,0.219,2.891,0.343,0.891,396,"CS","CS-Female -5000X -0033.dm3",,,"DM3 spatial calibration retained in workbook",0.093,1.39,0.588,0.203,2.891,TRUE,TRUE,TRUE,"",FALSE
"CS-Female -5000X -0033.dm3",0.045,292955.838,11263.907,298972.481,253279.859,318445.938,2.152,4.074,2.153,4.074,0.824,2.039,3.947,0.223,0.249,0.26,0.22,72.378,0.824,0.279,13053.852,294456.438,-0.421,-0.394,100,2430068676.344,1,900,1710,116.753,0.22,1.183,0.838,0.939,397,"CS","CS-Female -5000X -0033.dm3",,,"DM3 spatial calibration retained in workbook",0.045,0.824,0.26,0.22,1.183,TRUE,TRUE,TRUE,"",FALSE
"CS-Female -5000X -0033.dm3",0.014,303696.413,12277.479,310821.181,266291.531,329447.156,2.377,3.924,2.377,3.924,0.465,2.318,3.836,0.126,0.152,0.152,0.121,132.588,0.83,0.174,4331.361,306466.562,-0.69,-0.179,100,806313975.469,1,1008,1662,118.808,0.126,1.254,0.791,0.894,398,"CS","CS-Female -5000X -0033.dm3",,,"DM3 spatial calibration retained in workbook",0.014,0.465,0.152,0.121,1.254,TRUE,TRUE,TRUE,"",FALSE
"CS-Female -5000X -0033.dm3",0.038,294743.867,9407.727,292556.258,262609.625,331988.25,2.144,3.732,2.145,3.731,0.944,2.011,3.559,0.265,0.36,0.4,0.122,54.792,0.536,0.395,11195.559,294392.438,0.085,0.353,100,2084133880.875,1,864,1692,50.481,0.138,3.281,0.302,0.845,399,"CS","CS-Female -5000X -0033.dm3",,,"DM3 spatial calibration retained in workbook",0.038,0.944,0.4,0.122,3.281,TRUE,TRUE,TRUE,"",FALSE
"CS-Female -5000X -0033.dm3",0.035,303882.911,9932.321,307636.49,271500.219,331376.5,3.797,3.631,3.798,3.63,0.703,3.672,3.532,0.237,0.208,0.248,0.181,152.894,0.889,0.257,10636.715,304481.531,-0.207,-0.526,100,1980101051.188,1,1584,1542,139.63,0.193,1.372,0.723,0.935,400,"CS","CS-Female -5000X -0033.dm3",,,"DM3 spatial calibration retained in workbook",0.035,0.703,0.248,0.181,1.372,TRUE,TRUE,TRUE,"",FALSE
"CS-Female -5000X -0033.dm3",0.016,304767.6,13165.595,316210.611,264863.969,337286.781,3.764,3.093,3.765,3.093,0.461,3.7,3.019,0.14,0.152,0.148,0.137,116.652,0.932,0.168,4798.492,306212.844,-0.307,-0.537,100,893273836.188,1,1596,1308,114.621,0.14,1.08,0.918,0.947,401,"CS","CS-Female -5000X -0033.dm3",,,"DM3 spatial calibration retained in workbook",0.016,0.461,0.148,0.137,1.08,TRUE,TRUE,TRUE,"",FALSE
"CS-Female -5000X -0033.dm3",0.008,299410.268,11230.536,294571.639,268487.312,330604.406,3.892,3.162,3.892,3.161,0.442,3.854,3.061,0.07,0.18,0.175,0.062,78.857,0.545,0.189,2538.013,298905.312,0.196,-0.347,100,472469403.156,1,1662,1404,72.765,0.069,2.81,0.353,0.843,402,"CS","CS-Female -5000X -0033.dm3",,,"DM3 spatial calibration retained in workbook",0.008,0.442,0.175,0.062,2.81,TRUE,TRUE,TRUE,"",FALSE
"CS-Female -5000X -0033.dm3",0.008,300367.917,10156.663,296661.561,271329.656,324703.875,4.004,2.766,4.005,2.766,0.35,3.966,2.715,0.098,0.111,0.114,0.089,61.791,0.803,0.138,2357.349,300153.969,-0.152,-0.444,100,438837527.25,1,1704,1224,44.766,0.098,1.284,0.773,0.902,403,"CS","CS-Female -5000X -0033.dm3",,,"DM3 spatial calibration retained in workbook",0.008,0.35,0.114,0.089,1.284,TRUE,TRUE,TRUE,"",FALSE
"CS-Female -5000X -0033.dm3",0.007,303955.26,8528.938,307999.815,276042.969,327657.812,4.092,2.877,4.092,2.877,0.301,4.049,2.825,0.084,0.097,0.1,0.086,76.082,0.927,0.109,2032.821,303853.719,-0.182,-0.089,100,378424298.5,1,1740,1260,39.575,0.084,1.171,0.847,0.922,404,"CS","CS-Female -5000X -0033.dm3",,,"DM3 spatial calibration retained in workbook",0.007,0.301,0.1,0.086,1.171,TRUE,TRUE,TRUE,"",FALSE
"CS-Female -5000X -0033.dm3",0.017,297072.694,10390.742,291241.602,266786.625,323442.5,4.201,2.83,4.201,2.83,0.506,4.133,2.728,0.126,0.18,0.175,0.127,89.559,0.85,0.189,5146.507,297698.125,-0.233,-0.528,100,958059437.125,1,1794,1260,72.765,0.126,1.382,0.718,0.943,405,"CS","CS-Female -5000X -0033.dm3",,,"DM3 spatial calibration retained in workbook",0.017,0.506,0.175,0.127,1.382,TRUE,TRUE,TRUE,"",FALSE
"CS-Female -5000X -0033.dm3",0.006,300616.226,9424.294,307662.937,268411.781,328761.906,4.155,2.677,4.155,2.677,0.307,4.119,2.618,0.07,0.111,0.114,0.072,100.666,0.847,0.124,1908.754,300791.125,0.085,0.131,100,355328378.562,1,1776,1134,116.753,0.07,1.582,0.627,0.938,406,"CS","CS-Female -5000X -0033.dm3",,,"DM3 spatial calibration retained in workbook",0.006,0.307,0.114,0.072,1.582,TRUE,TRUE,TRUE,"",FALSE
"CS-Female -5000X -0033.dm3",0.02,306169.056,12785.703,318473.824,264863.969,337286.781,3.781,3.086,3.781,3.086,0.622,3.714,2.964,0.126,0.222,0.204,0.125,77.836,0.644,0.232,6063.936,308247.125,-0.475,-0.338,100,1128845309.156,1,1614,1380,72.512,0.126,1.633,0.607,0.872,407,"CS","CS-Female -5000X -0033.dm3",,,"DM3 spatial calibration retained in workbook",0.02,0.622,0.204,0.125,1.633,TRUE,TRUE,TRUE,"",FALSE
"CS-Female -5000X -0033.dm3",0.01,303414.989,10698.947,307731.364,270682.031,333286.844,3.916,3.139,3.916,3.139,0.423,3.868,3.061,0.098,0.152,0.154,0.087,71.172,0.733,0.174,3168.498,303917.875,-0.121,-0.188,100,589838738.781,1,1668,1392,61.192,0.093,1.779,0.558,0.871,408,"CS","CS-Female -5000X -0033.dm3",,,"DM3 spatial calibration retained in workbook",0.01,0.423,0.154,0.087,1.779,TRUE,TRUE,TRUE,"",FALSE
"CS-Female -5000X -0033.dm3",0.75,302880.179,11889.918,307348.213,246722.578,342822.656,4.543,3.233,4.544,3.234,3.325,3.994,2.811,1.159,0.859,1.143,0.842,5.226,0.852,1.161,227021.996,303465.281,-0.235,-0.269,100,42261779955.969,1,1716,1416,3.419,0.848,1.358,0.73,0.955,409,"CS","CS-Female -5000X -0033.dm3",,,"DM3 spatial calibration retained in workbook",0.75,3.325,1.143,0.842,1.358,TRUE,TRUE,TRUE,"",FALSE
"CS-Female -5000X -0033.dm3",0.015,304305.494,11893.567,308722.524,264290.656,333436.906,5.086,2.814,5.086,2.814,0.586,5.027,2.715,0.126,0.194,0.188,0.103,71.918,0.554,0.2,4604.864,306172.875,-0.758,0.594,100,857228577.344,1,2166,1260,56.093,0.112,1.82,0.545,0.851,410,"CS","CS-Female -5000X -0033.dm3",,,"DM3 spatial calibration retained in workbook",0.015,0.586,0.188,0.103,1.82,TRUE,TRUE,TRUE,"",FALSE
"CS-Female -5000X -0033.dm3",0.013,306462.088,10755.371,310114.33,270956.156,329069.156,5.243,2.998,5.243,2.998,0.432,5.18,2.936,0.126,0.125,0.139,0.124,148.484,0.907,0.151,4123.867,307422.094,-0.432,-0.26,100,767687531.406,1,2226,1278,146.526,0.125,1.116,0.889,0.94,411,"CS","CS-Female -5000X -0033.dm3",,,"DM3 spatial calibration retained in workbook",0.013,0.432,0.139,0.124,1.116,TRUE,TRUE,TRUE,"",FALSE
"CS-Female -5000X -0033.dm3",0.028,303816.92,11367.056,310656.794,271173.594,335759.531,5.628,2.972,5.628,2.972,0.657,5.516,2.881,0.209,0.194,0.2,0.179,167.564,0.811,0.214,8455.625,304791.219,-0.222,-0.49,100,1574075462.812,1,2370,1284,168.78,0.194,1.118,0.887,0.878,412,"CS","CS-Female -5000X -0033.dm3",,,"DM3 spatial calibration retained in workbook",0.028,0.657,0.2,0.179,1.118,TRUE,TRUE,TRUE,"",FALSE
"CS-Female -5000X -0033.dm3",1.509,303405.298,9792.75,302573.587,253765.938,344636.906,5.775,2.114,5.775,2.115,4.919,5.125,1.468,1.41,1.468,1.705,1.136,48.375,0.784,1.818,457877.352,303336.469,-0.134,0.183,100,85237167524.203,1,2286,1260,50.974,1.242,1.501,0.661,0.952,413,"CS","CS-Female -5000X -0033.dm3",,,"DM3 spatial calibration retained in workbook",1.509,4.919,1.705,1.136,1.501,TRUE,TRUE,TRUE,"",FALSE
"CS-Female -5000X -0033.dm3",0.047,305198.389,8883.067,304134.199,273446.906,329761.938,5.625,1.396,5.625,1.396,0.964,5.46,1.233,0.307,0.277,0.333,0.18,36.738,0.632,0.364,14258.435,305356,-0.388,0.155,100,2654310388.406,1,2346,648,46.314,0.204,1.849,0.536,0.887,414,"CS","CS-Female -5000X -0033.dm3",,,"DM3 spatial calibration retained in workbook",0.047,0.964,0.333,0.18,1.849,TRUE,TRUE,TRUE,"",FALSE
"CS-Female -5000X -0033.dm3",0.043,304716.431,12626.526,297139.58,268498.875,359579.875,5.902,1.348,5.903,1.347,0.81,5.781,1.233,0.237,0.249,0.249,0.22,137.965,0.815,0.27,12964.065,304154.75,0.179,-0.069,100,2413354134.469,1,2484,552,145.71,0.226,1.132,0.876,0.934,415,"CS","CS-Female -5000X -0033.dm3",,,"DM3 spatial calibration retained in workbook",0.043,0.81,0.249,0.22,1.132,TRUE,TRUE,TRUE,"",FALSE
"CS-Female -5000X -0033.dm3",0.011,309870.461,10069.15,310844.874,278877.25,330509.5,5.92,1.152,5.92,1.152,0.436,5.879,1.08,0.098,0.152,0.161,0.09,73.303,0.749,0.181,3510.564,311782.25,-0.75,0.074,100,653516802.812,1,2526,534,57.316,0.098,1.784,0.556,0.908,416,"CS","CS-Female -5000X -0033.dm3",,,"DM3 spatial calibration retained in workbook",0.011,0.436,0.161,0.09,1.784,TRUE,TRUE,TRUE,"",FALSE
"CS-Female -5000X -0033.dm3",1.487,302974.694,10287.239,302204.027,235259.625,351447.875,6.908,1.006,6.909,1.006,4.689,6.116,0.319,1.536,1.371,1.598,1.195,34.273,0.85,1.592,450665.351,302863.25,-0.089,0.59,100,83894601559.359,1,2676,612,29.729,1.216,1.338,0.742,0.956,417,"CS","CS-Female -5000X -0033.dm3",,,"DM3 spatial calibration retained in workbook",1.487,4.689,1.598,1.195,1.338,TRUE,TRUE,TRUE,"",FALSE
"CS-Female -5000X -0033.dm3",0.043,310563.03,12263.904,321469.526,273480.781,340796.5,7.121,1.765,7.123,1.765,0.856,6.982,1.62,0.265,0.291,0.326,0.17,48.893,0.743,0.321,13443.03,311763.188,-0.28,-0.691,100,2502516894.406,1,3000,798,34.162,0.185,1.918,0.517,0.868,418,"CS","CS-Female -5000X -0033.dm3",,,"DM3 spatial calibration retained in workbook",0.043,0.856,0.326,0.17,1.918,TRUE,TRUE,TRUE,"",FALSE
"CS-Female -5000X -0033.dm3",0.026,311039.937,9690.3,317428.778,273326.375,331976.844,7.678,1.055,7.678,1.055,0.75,7.554,0.914,0.195,0.249,0.252,0.134,68.353,0.588,0.3,8180.46,312600.312,-0.851,0.761,100,1522851531.969,1,3246,504,56.093,0.165,1.888,0.525,0.766,419,"CS","CS-Female -5000X -0033.dm3",,,"DM3 spatial calibration retained in workbook",0.026,0.75,0.252,0.134,1.888,TRUE,TRUE,TRUE,"",FALSE
"CS-Female -5000X -0033.dm3",0.1,309230.703,10255.734,307196.213,260413.484,339990.75,8.368,0.998,8.369,0.999,1.734,8.224,0.679,0.279,0.692,0.649,0.198,94.753,0.419,0.694,31001.608,309632.781,-0.401,0.5,100,5771172611.438,1,3594,294,93.462,0.271,3.273,0.303,0.7,420,"CS","CS-Female -5000X -0033.dm3",,,"DM3 spatial calibration retained in workbook",0.1,1.734,0.649,0.198,3.273,TRUE,TRUE,TRUE,"",FALSE
"CS-Female -5000X -0033.dm3",0.033,310351.011,12238.564,306087.251,275958.656,342737.188,8.853,0.629,8.853,0.629,0.749,8.769,0.471,0.154,0.305,0.294,0.145,76.14,0.745,0.316,10332.963,310433.438,-0.099,-0.641,100,1923555566.031,1,3792,336,74.625,0.154,2.019,0.491,0.936,421,"CS","CS-Female -5000X -0033.dm3",,,"DM3 spatial calibration retained in workbook",0.033,0.749,0.294,0.145,2.019,TRUE,TRUE,TRUE,"",FALSE
"CS-Female -5000X -0033.dm3",0.029,306123.751,11669.271,303895.167,263189.375,334809.188,8.698,2.559,8.699,2.559,0.781,8.573,2.493,0.279,0.138,0.292,0.126,177.741,0.591,0.288,8771.426,306536.812,-0.27,-0.219,100,1632864089.406,1,3684,1086,166.074,0.138,2.316,0.428,0.874,422,"CS","CS-Female -5000X -0033.dm3",,,"DM3 spatial calibration retained in workbook",0.029,0.781,0.292,0.126,2.316,TRUE,TRUE,TRUE,"",FALSE
"CS-Female -5000X -0033.dm3",0.063,306098.746,11500.132,311134.266,268737.031,336361.281,8.313,2.781,8.314,2.781,1.247,8.057,2.687,0.475,0.208,0.484,0.166,0.801,0.506,0.495,19179.144,307109.125,-0.264,-0.525,100,3570335774.094,1,3462,1248,16.263,0.203,2.916,0.34,0.744,423,"CS","CS-Female -5000X -0033.dm3",,,"DM3 spatial calibration retained in workbook",0.063,1.247,0.484,0.166,2.916,TRUE,TRUE,TRUE,"",FALSE
"CS-Female -5000X -0033.dm3",0.095,303591.786,10371.179,306424.819,259071.078,342387.625,6.837,3.397,6.836,3.397,1.344,6.549,3.255,0.531,0.277,0.531,0.23,12.797,0.661,0.565,28846.219,304271.719,-0.429,0.572,100,5369931510.719,1,2814,1506,20.073,0.25,2.313,0.429,0.906,424,"CS","CS-Female -5000X -0033.dm3",,,"DM3 spatial calibration retained in workbook",0.095,1.344,0.531,0.23,2.313,TRUE,TRUE,TRUE,"",FALSE
"CS-Female -5000X -0033.dm3",0.033,302731.196,11495.114,306036.604,262596.844,331883.938,7.078,3.896,7.079,3.896,0.769,6.996,3.739,0.182,0.305,0.292,0.146,77.684,0.705,0.308,10054.873,303664.125,-0.354,-0.261,100,1871786985.625,1,3024,1752,82.172,0.152,2.006,0.495,0.895,425,"CS","CS-Female -5000X -0033.dm3",,,"DM3 spatial calibration retained in workbook",0.033,0.769,0.292,0.146,2.006,TRUE,TRUE,TRUE,"",FALSE
"CS-Female -5000X -0033.dm3",1.363,303374.89,10736.391,307095.903,220322.188,352156.438,6.054,4.482,6.056,4.48,5.507,5.097,3.601,1.857,1.745,2.449,0.714,43.308,0.565,2.281,413370.793,304109.5,-0.766,2.625,100,76951950887.922,1,2208,2244,40.067,0.737,3.428,0.289,0.925,426,"CS","CS-Female -5000X -0033.dm3",,,"DM3 spatial calibration retained in workbook",1.363,5.507,2.449,0.714,3.428,TRUE,TRUE,TRUE,"",FALSE
"CS-Female -5000X -0033.dm3",0.107,294152.966,12922.207,295002.092,253562.422,340162.875,5.301,5.447,5.301,5.449,1.423,5.097,5.277,0.489,0.36,0.431,0.318,16.654,0.663,0.498,31419.346,293944.688,0.02,-0.534,100,5848937581.141,1,2190,2370,11.22,0.354,1.356,0.732,0.862,427,"CS","CS-Female -5000X -0033.dm3",,,"DM3 spatial calibration retained in workbook",0.107,1.423,0.431,0.318,1.356,TRUE,TRUE,TRUE,"",FALSE
"CS-Female -5000X -0033.dm3",1.265,309143.994,20134.505,310995.187,216427.172,385133.875,4.18,6.016,4.181,6.016,5.43,3.086,5.194,2.011,1.551,2.35,0.691,33.52,0.539,2.277,391090.63,307544.812,0.797,0.98,100,72804337955.766,1,1338,2856,31.536,0.742,3.402,0.292,0.904,428,"CS","CS-Female -5000X -0033.dm3",,,"DM3 spatial calibration retained in workbook",1.265,5.43,2.35,0.691,3.402,TRUE,TRUE,TRUE,"",FALSE
"CS-Female -5000X -0033.dm3",0.021,300309.816,15026.672,312866.263,257645.312,332640.344,3.902,6.644,3.903,6.645,0.554,3.826,6.537,0.154,0.194,0.179,0.15,81.883,0.854,0.196,6272.143,302641.25,-0.399,-0.745,100,1167604563.953,1,1668,2916,81.804,0.154,1.196,0.829,0.935,429,"CS","CS-Female -5000X -0033.dm3",,,"DM3 spatial calibration retained in workbook",0.021,0.554,0.179,0.15,1.196,TRUE,TRUE,TRUE,"",FALSE
"CS-Female -5000X -0033.dm3",0.111,306526.482,12978.15,313701.528,264514.375,336263.156,2.972,7.501,2.972,7.504,1.854,2.793,7.132,0.363,0.776,0.865,0.165,70.615,0.407,0.829,34148.841,308498.906,-0.558,-0.275,100,6357052706,1,1200,3426,69.289,0.194,5.231,0.19,0.859,430,"CS","CS-Female -5000X -0033.dm3",,,"DM3 spatial calibration retained in workbook",0.111,1.854,0.865,0.165,5.231,TRUE,TRUE,TRUE,"",FALSE
"CS-Female -5000X -0033.dm3",0.153,304523.27,11908.377,308110.33,257327.531,345465.812,3.517,6.95,3.517,6.951,1.944,3.128,6.703,0.74,0.471,0.806,0.243,35.109,0.508,0.849,46562.53,305983.25,-0.534,0.206,100,8667950345.359,1,1344,3102,29.311,0.286,3.311,0.3,0.845,431,"CS","CS-Female -5000X -0033.dm3",,,"DM3 spatial calibration retained in workbook",0.153,1.944,0.806,0.243,3.311,TRUE,TRUE,TRUE,"",FALSE
"CS-Female -5000X -0033.dm3",0.007,311829.345,7472.989,315916.934,285674.062,328567,2.936,6.743,2.936,6.743,0.378,2.89,6.648,0.098,0.138,0.096,0.091,139.691,0.598,0.141,2120.659,312697.625,-0.543,0.389,100,394775950.812,1,1248,2940,78.6,0.098,1.056,0.939,0.733,432,"CS","CS-Female -5000X -0033.dm3",,,"DM3 spatial calibration retained in workbook",0.007,0.378,0.096,0.091,1.056,TRUE,TRUE,TRUE,"",FALSE
"CS-Female -5000X -0033.dm3",0.03,303234.675,9783.174,300341.846,260532.016,329625.688,2.378,6.966,2.377,6.967,0.902,2.262,6.814,0.251,0.291,0.316,0.124,47.005,0.47,0.364,9231.074,303413.5,-0.647,1.178,100,1718430900.922,1,972,3078,46.314,0.143,2.558,0.388,0.755,433,"CS","CS-Female -5000X -0033.dm3",,,"DM3 spatial calibration retained in workbook",0.03,0.902,0.316,0.124,2.558,TRUE,TRUE,TRUE,"",FALSE
"CS-Female -5000X -0033.dm3",0.01,304235.481,10869.226,300436.043,271875.125,338043.406,2.596,7.026,2.597,7.027,0.47,2.541,6.911,0.126,0.18,0.159,0.083,135.84,0.587,0.205,3137.843,304312.5,0.053,-0.05,100,584132124.25,1,1104,2994,118.497,0.103,1.914,0.518,0.767,434,"CS","CS-Female -5000X -0033.dm3",,,"DM3 spatial calibration retained in workbook",0.01,0.47,0.159,0.083,1.914,TRUE,TRUE,TRUE,"",FALSE
"CS-Female -5000X -0033.dm3",0.42,303446.737,10403.005,301626.345,262798.75,343940.5,5.74,7.287,5.741,7.286,2.736,5.236,6.897,0.991,0.776,1.148,0.47,34.715,0.705,1.11,127388.906,303138.812,0.009,-0.222,100,23714362529.406,1,2250,3258,26.698,0.461,2.444,0.406,0.955,435,"CS","CS-Female -5000X -0033.dm3",,,"DM3 spatial calibration retained in workbook",0.42,2.736,1.148,0.47,2.444,TRUE,TRUE,TRUE,"",FALSE
"CS-Female -5000X -0033.dm3",0.053,306656.589,11402.18,313208.255,271393.062,337675.969,5.077,7.944,5.077,7.944,1.054,4.859,7.825,0.419,0.208,0.427,0.161,13.779,0.604,0.441,16392.273,307437.938,-0.28,-0.393,100,3051539717.625,1,2088,3468,18.295,0.173,2.658,0.373,0.909,436,"CS","CS-Female -5000X -0033.dm3",,,"DM3 spatial calibration retained in workbook",0.053,1.054,0.427,0.161,2.658,TRUE,TRUE,TRUE,"",FALSE
"CS-Female -5000X -0033.dm3",0.6,302040.207,9850.306,300838.128,262319.469,339057.031,5.779,8.46,5.78,8.459,3.459,5.236,8.116,1.271,0.789,1.31,0.588,21.959,0.63,1.364,181270.654,301917.688,-0.042,0.062,100,33744838085.688,1,2292,3834,31.857,0.652,2.226,0.445,0.939,437,"CS","CS-Female -5000X -0033.dm3",,,"DM3 spatial calibration retained in workbook",0.6,3.459,1.31,0.588,2.226,TRUE,TRUE,TRUE,"",FALSE
"CS-Female -5000X -0033.dm3",0.039,301859.713,13527.415,301045.083,255601.453,339598.344,7.574,7.488,7.575,7.488,0.781,7.442,7.382,0.265,0.222,0.301,0.168,36.971,0.813,0.326,11898.796,302155.969,-0.31,-0.35,100,2215046574.344,1,3204,3288,39.575,0.177,1.793,0.553,0.933,438,"CS","CS-Female -5000X -0033.dm3",,,"DM3 spatial calibration retained in workbook",0.039,0.781,0.301,0.168,1.793,TRUE,TRUE,TRUE,"",FALSE
"CS-Female -5000X -0032.dm3",0.148,298384.93,9716.627,295078.688,257605.406,327373.844,2.912,0.762,2.917,0.759,3.045,2.386,0.457,1.088,0.776,1.208,0.157,31.924,0.201,1.309,44144.888,297806.062,-0.058,-0.108,100,8221996737.047,1,1032,534,34.849,0.275,7.689,0.129,0.484,439,"CS","CS-Female -5000X -0032.dm3",,,"DM3 spatial calibration retained in workbook",0.148,3.045,1.208,0.157,7.689,TRUE,TRUE,TRUE,"",FALSE
"CS-Female -5000X -0032.dm3",0.032,302249.497,11556.762,303138.022,243982.094,327419.656,2.285,1.008,2.285,1.009,0.694,2.177,0.887,0.209,0.235,0.212,0.195,48.965,0.842,0.246,9756.357,303465.75,-1.166,2.609,100,1817123975.563,1,972,486,73.499,0.205,1.086,0.914,0.886,440,"CS","CS-Female -5000X -0032.dm3",,,"DM3 spatial calibration retained in workbook",0.032,0.694,0.212,0.195,1.086,TRUE,TRUE,TRUE,"",FALSE
"CS-Female -5000X -0032.dm3",0.017,300891.159,11521.225,293036.725,269964.906,326485.344,2.083,1.17,2.084,1.17,0.508,2.009,1.094,0.153,0.139,0.165,0.133,22.473,0.839,0.189,5176.129,300306.344,0.03,-0.854,100,964055272.531,1,864,534,35.832,0.139,1.239,0.801,0.942,441,"CS","CS-Female -5000X -0032.dm3",,,"DM3 spatial calibration retained in workbook",0.017,0.508,0.165,0.133,1.239,TRUE,TRUE,TRUE,"",FALSE
"CS-Female -5000X -0032.dm3",0.027,302048.003,10014.676,311426.126,268392.906,325033.031,3.532,1.593,3.533,1.593,0.656,3.418,1.51,0.223,0.166,0.243,0.144,164.597,0.795,0.259,8222.181,302675.906,-0.256,-0.717,100,1531383376.625,1,1470,654,143.942,0.147,1.691,0.587,0.9,442,"CS","CS-Female -5000X -0032.dm3",,,"DM3 spatial calibration retained in workbook",0.027,0.656,0.243,0.144,1.691,TRUE,TRUE,TRUE,"",FALSE
"CS-Female -5000X -0032.dm3",0.034,303409.653,10144.101,310683.807,267892.375,329608.469,3.564,1.795,3.564,1.795,0.782,3.474,1.635,0.167,0.332,0.295,0.147,76.159,0.696,0.343,10272.744,304550.719,-0.466,-0.065,100,1913301274.937,1,1518,852,75.867,0.165,2.007,0.495,0.915,443,"CS","CS-Female -5000X -0032.dm3",,,"DM3 spatial calibration retained in workbook",0.034,0.782,0.295,0.147,2.007,TRUE,TRUE,TRUE,"",FALSE
"CS-Female -5000X -0032.dm3",0.152,303457.275,11467.484,309958.842,258005.766,332515.5,4.008,1.634,4.008,1.636,2.283,3.6,1.288,0.795,0.706,1.062,0.184,40.228,0.367,1.046,46161.287,304598.969,-0.431,-0.11,100,8597551526.641,1,1548,864,40.48,0.209,5.776,0.172,0.857,444,"CS","CS-Female -5000X -0032.dm3",,,"DM3 spatial calibration retained in workbook",0.152,2.283,1.062,0.184,5.776,TRUE,TRUE,TRUE,"",FALSE
"CS-Female -5000X -0032.dm3",0.109,307356.93,12952.561,316716.661,262713.875,338883.094,2.552,2.892,2.552,2.893,1.846,2.177,2.701,0.753,0.346,0.785,0.179,21.137,0.403,0.808,33600.461,309265.344,-0.521,-0.323,100,6258094442.281,1,936,1308,21.112,0.202,4.392,0.226,0.856,445,"CS","CS-Female -5000X -0032.dm3",,,"DM3 spatial calibration retained in workbook",0.109,1.846,0.785,0.179,4.392,TRUE,TRUE,TRUE,"",FALSE
"CS-Female -5000X -0032.dm3",0.02,309629.007,11306.729,309719.933,272696.656,336094.375,3.093,2.77,3.093,2.771,0.552,3.014,2.687,0.167,0.18,0.193,0.131,52.028,0.808,0.216,6079.526,310297.406,-0.357,-0.278,100,1132313277.375,1,1302,1230,44.794,0.141,1.478,0.672,0.907,446,"CS","CS-Female -5000X -0032.dm3",,,"DM3 spatial calibration retained in workbook",0.02,0.552,0.193,0.131,1.478,TRUE,TRUE,TRUE,"",FALSE
"CS-Female -5000X -0032.dm3",0.021,306508.658,8857.97,310100.755,271807.25,327985.688,2.087,3.273,2.087,3.273,0.557,2.009,3.186,0.167,0.18,0.198,0.136,62.695,0.853,0.209,6447.781,308080.5,-0.965,0.885,100,1200900920.594,1,864,1440,36.672,0.142,1.448,0.686,0.918,447,"CS","CS-Female -5000X -0032.dm3",,,"DM3 spatial calibration retained in workbook",0.021,0.557,0.198,0.136,1.448,TRUE,TRUE,TRUE,"",FALSE
"CS-Female -5000X -0032.dm3",0.024,303395.949,7682.103,300955.578,274902.031,324124.969,1.911,3.416,1.911,3.416,0.575,1.814,3.325,0.195,0.166,0.197,0.155,17.305,0.908,0.203,7247.284,303250.812,-0.1,-0.337,100,1349808575.188,1,780,1500,15.837,0.156,1.272,0.78,0.947,448,"CS","CS-Female -5000X -0032.dm3",,,"DM3 spatial calibration retained in workbook",0.024,0.575,0.197,0.155,1.272,TRUE,TRUE,TRUE,"",FALSE
"CS-Female -5000X -0032.dm3",0.135,304794.564,10209.802,309159.068,260198.188,330416.594,0.775,3.841,0.776,3.841,2.523,0.279,3.477,0.949,0.706,1.138,0.152,37.432,0.266,1.151,41101.797,306014.688,-0.645,0.402,100,7655220267.609,1,120,1788,34.459,0.2,7.483,0.133,0.735,449,"CS","CS-Female -5000X -0032.dm3",,,"DM3 spatial calibration retained in workbook",0.135,2.523,1.138,0.152,7.483,TRUE,TRUE,TRUE,"",FALSE
"CS-Female -5000X -0032.dm3",1.736,304751.265,7760.986,303080.252,264452.656,340813,2.265,4.018,2.265,4.018,5.161,1.339,3.311,1.716,1.468,1.698,1.311,162.769,0.819,1.752,529024.565,304656.781,-0.095,0.848,100,98530960104.094,1,582,1662,158.677,1.353,1.295,0.767,0.952,450,"CS","CS-Female -5000X -0032.dm3",,,"DM3 spatial calibration retained in workbook",1.736,5.161,1.698,1.311,1.295,TRUE,TRUE,TRUE,"",FALSE
"CS-Female -5000X -0032.dm3",2.063,304941.848,7881.281,303994.673,259190.938,342005.062,1.668,4.899,1.668,4.898,6.88,0.684,3.657,2.135,2.023,2.372,1.116,149.881,0.548,2.354,629168.257,304762.594,0.091,0.428,100,117182748390.781,1,552,1584,121.436,1.451,2.126,0.467,0.813,451,"CS","CS-Female -5000X -0032.dm3",,,"DM3 spatial calibration retained in workbook",2.063,6.88,2.372,1.116,2.126,TRUE,TRUE,TRUE,"",FALSE
"CS-Female -5000X -0032.dm3",0.075,307769.391,10085.392,304832.434,274031.344,334453.406,1.638,3.415,1.639,3.415,1.33,1.395,3.172,0.433,0.443,0.54,0.179,38.837,0.534,0.554,23140.922,308290.281,-0.307,-0.305,100,4310002544.594,1,600,1524,38.683,0.196,3.02,0.329,0.821,452,"CS","CS-Female -5000X -0032.dm3",,,"DM3 spatial calibration retained in workbook",0.075,1.33,0.54,0.179,3.02,TRUE,TRUE,TRUE,"",FALSE
"CS-Female -5000X -0032.dm3",0.018,303535.983,7551.52,295463.617,280580.125,324124.969,1.909,3.423,1.909,3.423,0.564,1.828,3.352,0.181,0.139,0.183,0.129,28.646,0.724,0.22,5563.868,303515.688,-0.007,-0.57,100,1036271847.062,1,786,1506,34.503,0.139,1.423,0.698,0.882,453,"CS","CS-Female -5000X -0032.dm3",,,"DM3 spatial calibration retained in workbook",0.018,0.564,0.183,0.129,1.423,TRUE,TRUE,TRUE,"",FALSE
"CS-Female -5000X -0032.dm3",0.029,303678.68,10062.032,312064.473,265707.312,324023.938,2.09,3.298,2.089,3.298,0.68,1.981,3.172,0.195,0.208,0.218,0.17,30.828,0.784,0.256,8770.391,305572.094,-0.956,0.875,100,1633487619.188,1,858,1458,49.195,0.184,1.287,0.771,0.922,454,"CS","CS-Female -5000X -0032.dm3",,,"DM3 spatial calibration retained in workbook",0.029,0.68,0.218,0.17,1.287,TRUE,TRUE,TRUE,"",FALSE
"CS-Female -5000X -0032.dm3",0.077,303151.467,11765.192,312971.542,260198.188,329302.938,0.544,4.01,0.545,4.009,1.522,0.237,3.823,0.6,0.374,0.706,0.139,29.429,0.416,0.7,23238.054,305301.906,-0.654,-0.045,100,4328093492.047,1,102,1812,30.977,0.157,5.066,0.196,0.86,455,"CS","CS-Female -5000X -0032.dm3",,,"DM3 spatial calibration retained in workbook",0.077,1.522,0.706,0.139,5.066,TRUE,TRUE,TRUE,"",FALSE
"CS-Female -5000X -0032.dm3",0.05,305615.237,8249.411,306095.407,274942.906,328287.656,1.023,3.682,1.023,3.682,1.217,0.851,3.532,0.405,0.346,0.468,0.136,35.56,0.422,0.504,15191.313,306061.219,-0.378,0.203,100,2829385864.938,1,366,1668,39.199,0.194,3.432,0.289,0.692,456,"CS","CS-Female -5000X -0032.dm3",,,"DM3 spatial calibration retained in workbook",0.05,1.217,0.468,0.136,3.432,TRUE,TRUE,TRUE,"",FALSE
"CS-Female -5000X -0032.dm3",0.021,303872.594,9014.213,306540.249,267559.969,328593.312,0.702,4.375,0.702,4.375,0.599,0.614,4.294,0.195,0.152,0.183,0.15,172.747,0.751,0.203,6519.588,304654.438,-0.44,0.034,100,1214274886.938,1,264,1914,15.837,0.152,1.221,0.813,0.941,457,"CS","CS-Female -5000X -0032.dm3",,,"DM3 spatial calibration retained in workbook",0.021,0.599,0.183,0.15,1.221,TRUE,TRUE,TRUE,"",FALSE
"CS-Female -5000X -0032.dm3",2.225,304682.499,8255.74,304000.613,259190.938,342618.406,1.646,4.873,1.647,4.873,6.875,0.684,3.629,2.079,2.092,2.375,1.202,144.248,0.592,2.43,678062.815,304612.094,-0.015,0.479,100,126289372348,1,546,1572,124.245,1.522,1.976,0.503,0.832,458,"CS","CS-Female -5000X -0032.dm3",,,"DM3 spatial calibration retained in workbook",2.225,6.875,2.375,1.202,1.976,TRUE,TRUE,TRUE,"",FALSE
"CS-Female -5000X -0032.dm3",1.169,303737.333,9972.118,302029.732,256536.219,340625.312,1.24,5.781,1.242,5.782,4.256,0.53,5.181,1.521,1.108,1.528,0.981,168.291,0.811,1.527,354924.537,303248.312,0.039,-0.095,100,66104785621.453,1,228,2466,174.796,1.012,1.557,0.637,0.95,459,"CS","CS-Female -5000X -0032.dm3",,,"DM3 spatial calibration retained in workbook",1.169,4.256,1.528,0.981,1.557,TRUE,TRUE,TRUE,"",FALSE
"CS-Female -5000X -0032.dm3",0.233,307330.158,9497.964,301778.626,273433.062,345636.688,0.369,6.649,0.369,6.65,1.889,0.014,6.414,0.698,0.457,0.741,0.404,19.221,0.822,0.748,71719.623,306998.125,0.044,-0.445,100,13357797985.438,1,18,2958,26.401,0.425,1.835,0.541,0.957,460,"CS","CS-Female -5000X -0032.dm3",,,"DM3 spatial calibration retained in workbook",0.233,1.889,0.741,0.404,1.835,TRUE,TRUE,TRUE,"",FALSE
"CS-Female -5000X -0032.dm3",1.038,309797.542,10479.124,310430.81,252413.766,349806.312,3.088,5.24,3.089,5.241,6.727,1.828,4.419,2.302,1.815,2.344,0.568,47.314,0.288,2.831,321591.864,310246.438,-0.348,0.268,100,59896566623.438,1,786,2682,38.415,0.744,4.126,0.241,0.651,461,"CS","CS-Female -5000X -0032.dm3",,,"DM3 spatial calibration retained in workbook",1.038,6.727,2.344,0.568,4.126,TRUE,TRUE,TRUE,"",FALSE
"CS-Female -5000X -0032.dm3",0.085,310961.451,11678.939,315486.795,270091.969,339888.219,3.144,5.866,3.143,5.867,1.699,2.832,5.61,0.6,0.457,0.711,0.153,36.417,0.369,0.714,26386.191,311520.125,-0.247,-0.477,100,4914434767.625,1,1218,2610,32.883,0.209,4.645,0.214,0.716,462,"CS","CS-Female -5000X -0032.dm3",,,"DM3 spatial calibration retained in workbook",0.085,1.699,0.711,0.153,4.645,TRUE,TRUE,TRUE,"",FALSE
"CS-Female -5000X -0032.dm3",0.151,313570.183,13413.843,319693.644,265992.719,348066.969,3.672,5.616,3.67,5.619,2.4,3.279,5.292,0.823,0.72,0.979,0.197,43.502,0.329,1.041,47275.375,315659.625,-0.598,0.023,100,8805050738.062,1,1410,2604,37.743,0.3,4.958,0.2,0.703,463,"CS","CS-Female -5000X -0032.dm3",,,"DM3 spatial calibration retained in workbook",0.151,2.4,0.979,0.197,4.958,TRUE,TRUE,TRUE,"",FALSE
"CS-Female -5000X -0032.dm3",0.104,312824.267,12720.456,315341.819,265992.656,342327.312,2.537,6.533,2.539,6.533,1.668,2.191,6.275,0.614,0.443,0.68,0.196,34.165,0.47,0.726,32550.475,315268.375,-0.919,0.639,100,6062534302.094,1,942,2904,32.285,0.239,3.469,0.286,0.794,464,"CS","CS-Female -5000X -0032.dm3",,,"DM3 spatial calibration retained in workbook",0.104,1.668,0.68,0.196,3.469,TRUE,TRUE,TRUE,"",FALSE
"CS-Female -5000X -0032.dm3",0.019,312270.69,9942.896,318696.696,284290.812,338493.312,2.838,6.564,2.838,6.565,0.531,2.777,6.455,0.126,0.194,0.186,0.13,89.928,0.839,0.198,5879.902,313416.531,-0.168,-0.645,100,1095133311.25,1,1218,2796,102.179,0.126,1.432,0.693,0.946,465,"CS","CS-Female -5000X -0032.dm3",,,"DM3 spatial calibration retained in workbook",0.019,0.531,0.186,0.13,1.432,TRUE,TRUE,TRUE,"",FALSE
"CS-Female -5000X -0032.dm3",0.032,305110.159,11375.957,300320.171,266127.031,338769.719,3.202,4.467,3.202,4.467,0.663,3.098,4.378,0.209,0.194,0.23,0.18,36.544,0.923,0.251,9848.697,305340.812,-0.145,-0.101,100,1834322277.844,1,1332,1962,33.5,0.189,1.275,0.779,0.946,466,"CS","CS-Female -5000X -0032.dm3",,,"DM3 spatial calibration retained in workbook",0.032,0.663,0.23,0.18,1.275,TRUE,TRUE,TRUE,"",FALSE
"CS-Female -5000X -0032.dm3",0.019,308604.419,9615.391,310145.259,281117,331498.25,3.452,4.434,3.452,4.434,0.52,3.363,4.364,0.181,0.139,0.179,0.137,10.387,0.888,0.194,5895.372,309497.75,-0.337,-0.516,100,1098014524.531,1,1446,1932,20.9,0.139,1.313,0.756,0.924,467,"CS","CS-Female -5000X -0032.dm3",,,"DM3 spatial calibration retained in workbook",0.019,0.52,0.179,0.137,1.313,TRUE,TRUE,TRUE,"",FALSE
"CS-Female -5000X -0032.dm3",1.596,304253.193,10814.622,301418.957,257117.922,342069.719,4.215,3.832,4.217,3.829,5.423,3.181,3.145,1.967,1.288,2.117,0.967,23.135,0.682,2.156,485558.027,304215.5,-0.081,-0.374,100,90435306332.922,1,1380,1854,25.906,1.021,2.19,0.453,0.932,468,"CS","CS-Female -5000X -0032.dm3",,,"DM3 spatial calibration retained in workbook",1.596,5.423,2.117,0.967,2.19,TRUE,TRUE,TRUE,"",FALSE
"CS-Female -5000X -0032.dm3",1.019,301805.469,11425.578,302845.289,254242.766,340948.312,6.63,2.281,6.63,2.282,4.899,5.679,1.662,1.842,1.33,2.04,0.641,31.518,0.534,1.968,307632.121,302313.75,-0.292,-0.087,100,57296561021,1,2442,1170,20.61,0.714,3.182,0.312,0.866,469,"CS","CS-Female -5000X -0032.dm3",,,"DM3 spatial calibration retained in workbook",1.019,4.899,2.04,0.641,3.182,TRUE,TRUE,TRUE,"",FALSE
"CS-Female -5000X -0032.dm3",0.019,308019.039,9261.952,313299.272,281823.594,333977.469,7.317,1.413,7.317,1.413,0.56,7.242,1.316,0.153,0.18,0.183,0.132,60.258,0.754,0.199,5799.846,308376.531,-0.151,-0.591,100,1080222768.531,1,3126,648,65.068,0.137,1.39,0.714,0.886,470,"CS","CS-Female -5000X -0032.dm3",,,"DM3 spatial calibration retained in workbook",0.019,0.56,0.183,0.132,1.39,TRUE,TRUE,TRUE,"",FALSE
"CS-Female -5000X -0032.dm3",0.03,305189.219,9076.057,311535.941,276122.125,326911.688,7.475,1.743,7.475,1.742,0.658,7.367,1.648,0.195,0.194,0.213,0.182,129.189,0.877,0.239,9226.943,306398,-0.445,-0.293,100,1718520493.969,1,3180,714,125.733,0.194,1.167,0.85,0.937,471,"CS","CS-Female -5000X -0032.dm3",,,"DM3 spatial calibration retained in workbook",0.03,0.658,0.213,0.182,1.167,TRUE,TRUE,TRUE,"",FALSE
"CS-Female -5000X -0032.dm3",0.018,298960.903,8967.663,299714.222,265337.594,323812.125,7.814,0.87,7.814,0.87,0.578,7.758,0.762,0.126,0.208,0.198,0.119,79.658,0.687,0.21,5465.56,299721.281,-0.547,0.402,100,1017961873.438,1,3348,330,97.649,0.123,1.667,0.596,0.888,472,"CS","CS-Female -5000X -0032.dm3",,,"DM3 spatial calibration retained in workbook",0.018,0.578,0.198,0.119,1.667,TRUE,TRUE,TRUE,"",FALSE
"CS-Female -5000X -0032.dm3",0.012,306750.236,12470.816,310425.425,271460.562,338632.312,7.983,0.705,7.984,0.704,0.443,7.925,0.637,0.14,0.139,0.158,0.094,54.134,0.742,0.169,3557.474,306839.031,-0.187,-0.509,100,662580510.594,1,3414,336,54.814,0.098,1.669,0.595,0.876,473,"CS","CS-Female -5000X -0032.dm3",,,"DM3 spatial calibration retained in workbook",0.012,0.443,0.158,0.094,1.669,TRUE,TRUE,TRUE,"",FALSE
"CS-Female -5000X -0032.dm3",0.015,304553.072,11459.062,307137.979,272049.688,332948.688,9.065,3.215,9.066,3.215,0.476,8.986,3.131,0.153,0.139,0.155,0.127,17.099,0.853,0.175,4674.985,305253.875,-0.244,-0.554,100,870717233.156,1,3864,1416,28.438,0.139,1.222,0.813,0.963,474,"CS","CS-Female -5000X -0032.dm3",,,"DM3 spatial calibration retained in workbook",0.015,0.476,0.155,0.127,1.222,TRUE,TRUE,TRUE,"",FALSE
"CS-Female -5000X -0032.dm3",0.02,300998.808,14000.612,316256.434,261744.062,327415.438,8.219,3.607,8.218,3.607,0.528,8.135,3.532,0.181,0.152,0.194,0.129,35.551,0.881,0.206,5885.832,301910.75,-0.366,-0.663,100,1096237657.141,1,3498,1584,28.129,0.135,1.496,0.664,0.937,475,"CS","CS-Female -5000X -0032.dm3",,,"DM3 spatial calibration retained in workbook",0.02,0.528,0.194,0.129,1.496,TRUE,TRUE,TRUE,"",FALSE
"CS-Female -5000X -0032.dm3",0.041,300784.828,12492.285,312699.901,266228.156,334404.469,7.144,4.393,7.144,4.392,0.774,7.018,4.267,0.237,0.249,0.249,0.211,43.386,0.861,0.27,12354.367,301273.156,-0.193,-0.616,100,2301003933.094,1,3018,1926,34.316,0.226,1.178,0.843,0.914,476,"CS","CS-Female -5000X -0032.dm3",,,"DM3 spatial calibration retained in workbook",0.041,0.774,0.249,0.211,1.178,TRUE,TRUE,TRUE,"",FALSE
"CS-Female -5000X -0032.dm3",0.047,305753.568,11188.305,307205.507,267120.406,339132.938,6.107,4.858,6.107,4.858,0.905,5.958,4.71,0.307,0.277,0.349,0.174,39.624,0.725,0.359,14444.682,305889.531,-0.162,-0.034,100,2690325645.375,1,2568,2154,35.343,0.187,2.009,0.494,0.91,477,"CS","CS-Female -5000X -0032.dm3",,,"DM3 spatial calibration retained in workbook",0.047,0.905,0.349,0.174,2.009,TRUE,TRUE,TRUE,"",FALSE
"CS-Female -5000X -0032.dm3",0.04,312003.002,9671.986,310589.882,265946.625,336712.406,9.115,5.323,9.115,5.322,0.745,8.986,5.223,0.265,0.194,0.261,0.195,12.491,0.895,0.287,12337.713,313042.625,-0.749,1.013,100,2297902108.219,1,3864,2328,22.687,0.194,1.338,0.742,0.952,478,"CS","CS-Female -5000X -0032.dm3",,,"DM3 spatial calibration retained in workbook",0.04,0.745,0.261,0.195,1.338,TRUE,TRUE,TRUE,"",FALSE
"CS-Female -5000X -0032.dm3",0.032,307525.527,11168.459,314677.196,274255.531,339132.938,6.094,4.869,6.094,4.868,0.747,5.972,4.765,0.251,0.222,0.29,0.143,34.091,0.726,0.309,9916.756,307812.438,-0.163,-0.262,100,1846998317.375,1,2568,2154,35.642,0.159,2.027,0.49,0.907,479,"CS","CS-Female -5000X -0032.dm3",,,"DM3 spatial calibration retained in workbook",0.032,0.747,0.29,0.143,2.027,TRUE,TRUE,TRUE,"",FALSE
"CS-Female -5000X -0032.dm3",4.174,304438.731,9621.813,300625.605,265570.094,357613.281,3.803,7.359,3.802,7.355,8.09,2.581,5.998,2.246,2.715,2.645,2.023,94.757,0.801,2.74,1270589.038,303356.031,0.408,0.12,100,236647532494.156,1,1572,3774,80.327,2.183,1.308,0.759,0.946,480,"CS","CS-Female -5000X -0032.dm3",,,"DM3 spatial calibration retained in workbook",4.174,8.09,2.645,2.023,1.308,TRUE,TRUE,TRUE,"",FALSE
"CS-Female -5000X -0032.dm3",2.743,305154.141,8646.517,302007.463,265653.906,343532.656,2.438,8.47,2.441,8.473,6.565,1.493,7.467,2.037,1.856,2.104,1.672,144.203,0.8,2.211,836979.728,304467.625,0.252,-0.087,100,155887687854.938,1,840,3240,127.284,1.759,1.258,0.789,0.962,481,"CS","CS-Female -5000X -0032.dm3",,,"DM3 spatial calibration retained in workbook",2.743,6.565,2.104,1.672,1.258,TRUE,TRUE,TRUE,"",FALSE
"CS-Female -5000X -0032.dm3",0.034,307302.812,9630.683,306318.83,272358.969,337480.5,1.634,7.668,1.634,7.668,0.695,1.535,7.564,0.195,0.208,0.237,0.185,46.232,0.886,0.275,10473.855,307449.875,-0.242,-0.091,100,1950758252.531,1,660,3360,44.794,0.195,1.283,0.774,0.961,482,"CS","CS-Female -5000X -0032.dm3",,,"DM3 spatial calibration retained in workbook",0.034,0.695,0.237,0.185,1.283,TRUE,TRUE,TRUE,"",FALSE
"CS-Female -5000X -0032.dm3",0.11,304282.821,9322.895,301528.796,270765.469,333021.688,1.215,8.228,1.214,8.228,1.246,1.019,8.035,0.377,0.374,0.414,0.341,35.227,0.89,0.445,33455.544,304015.688,0.035,-0.446,100,6231103606.531,1,444,3618,38.459,0.344,1.214,0.818,0.964,483,"CS","CS-Female -5000X -0032.dm3",,,"DM3 spatial calibration retained in workbook",0.11,1.246,0.414,0.341,1.214,TRUE,TRUE,TRUE,"",FALSE
"CS-Female -5000X -0031.dm3",0.013,303269.248,12622.539,314400.156,266678.5,331488.812,2.321,0.313,2.321,0.312,0.48,2.258,0.235,0.125,0.152,0.145,0.119,112.942,0.735,0.167,4087.429,305847.062,-0.501,-0.611,100,762418889.594,1,984,102,114.589,0.125,1.218,0.815,0.878,484,"CS","CS-Female -5000X -0031.dm3",,,"DM3 spatial calibration retained in workbook",0.013,0.48,0.145,0.119,1.218,TRUE,TRUE,TRUE,"",FALSE
"CS-Female -5000X -0031.dm3",0.03,308231.323,13347.611,315577.191,264957.062,339647.281,2.429,0.379,2.428,0.379,0.748,2.286,0.277,0.279,0.208,0.316,0.121,35.051,0.671,0.318,9200.949,311211.562,-0.713,-0.059,100,1716232005.812,1,984,198,28.649,0.13,2.609,0.381,0.876,485,"CS","CS-Female -5000X -0031.dm3",,,"DM3 spatial calibration retained in workbook",0.03,0.748,0.316,0.121,2.609,TRUE,TRUE,TRUE,"",FALSE
"CS-Female -5000X -0031.dm3",0.205,300427.984,9567.236,297037.766,263565.312,336492.531,1.442,0.626,1.441,0.626,1.874,1.115,0.429,0.669,0.388,0.688,0.382,8.972,0.734,0.709,61601.937,299878.094,0.202,-0.022,100,11490469102.594,1,480,312,19.382,0.388,1.799,0.552,0.927,486,"CS","CS-Female -5000X -0031.dm3",,,"DM3 spatial calibration retained in workbook",0.205,1.874,0.688,0.382,1.799,TRUE,TRUE,TRUE,"",FALSE
"CS-Female -5000X -0031.dm3",0.014,310821.513,8498.218,316796.313,282938.906,336277.344,5.365,0.562,5.365,0.562,0.444,5.297,0.498,0.125,0.138,0.14,0.13,92.074,0.907,0.158,4429.173,311620.188,-0.451,0.375,100,826163580.531,1,2292,270,51.939,0.125,1.073,0.926,0.941,487,"CS","CS-Female -5000X -0031.dm3",,,"DM3 spatial calibration retained in workbook",0.014,0.444,0.14,0.13,1.073,TRUE,TRUE,TRUE,"",FALSE
"CS-Female -5000X -0031.dm3",2.944,305082.938,10386.998,302153.739,255830.094,349575.969,6.197,1.396,6.201,1.399,6.753,5.283,0.235,2.007,2.146,2.237,1.687,128.025,0.811,2.375,898012.681,304722.875,0.026,0.016,100,167504261610.469,1,2400,168,130.209,1.823,1.326,0.749,0.956,488,"CS","CS-Female -5000X -0031.dm3",,,"DM3 spatial calibration retained in workbook",2.944,6.753,2.237,1.687,1.326,TRUE,TRUE,TRUE,"",FALSE
"CS-Female -5000X -0031.dm3",0.032,302272.755,11819.433,301508.268,257464.703,333391.656,6.425,2.452,6.426,2.452,0.713,6.3,2.326,0.223,0.222,0.227,0.178,28.469,0.779,0.25,9543.269,302995.156,-0.341,-0.07,100,1780084255.703,1,2736,1098,56.133,0.186,1.273,0.78,0.877,489,"CS","CS-Female -5000X -0031.dm3",,,"DM3 spatial calibration retained in workbook",0.032,0.713,0.227,0.178,1.273,TRUE,TRUE,TRUE,"",FALSE
"CS-Female -5000X -0031.dm3",0.148,303312.149,11469.6,302324.761,263242.125,337080.906,4.922,1.071,4.921,1.071,1.516,4.725,0.817,0.446,0.526,0.506,0.375,48.711,0.808,0.566,44821.734,303512.812,-0.127,-0.254,100,8360496079.156,1,2058,582,68.328,0.39,1.349,0.736,0.937,490,"CS","CS-Female -5000X -0031.dm3",,,"DM3 spatial calibration retained in workbook",0.148,1.516,0.506,0.375,1.349,TRUE,TRUE,TRUE,"",FALSE
"CS-Female -5000X -0031.dm3",0.046,307540.071,11425.763,310465.753,269897.562,339365.5,5.144,1.791,5.144,1.791,0.908,4.976,1.689,0.321,0.194,0.334,0.177,169.838,0.702,0.339,14166.175,308355.75,-0.191,-0.407,100,2642384293.719,1,2142,750,160.94,0.183,1.887,0.526,0.911,491,"CS","CS-Female -5000X -0031.dm3",,,"DM3 spatial calibration retained in workbook",0.046,0.908,0.334,0.177,1.887,TRUE,TRUE,TRUE,"",FALSE
"CS-Female -5000X -0031.dm3",0.08,305777.315,12736.784,308989.085,252249.266,340549.531,2.73,2.354,2.73,2.353,1.521,2.481,2.146,0.502,0.471,0.637,0.161,45.368,0.433,0.649,24383.141,307087.625,-0.418,-0.06,100,4548131788.656,1,1068,1128,43.073,0.204,3.966,0.25,0.76,492,"CS","CS-Female -5000X -0031.dm3",,,"DM3 spatial calibration retained in workbook",0.08,1.521,0.637,0.161,3.966,TRUE,TRUE,TRUE,"",FALSE
"CS-Female -5000X -0031.dm3",3.144,306299.114,11200.255,306140.773,247746.359,351199.438,2.693,3.191,2.693,3.192,7.954,1.338,1.966,2.593,2.063,2.659,1.516,27.216,0.624,2.812,962910.542,306364.25,-0.157,0.068,100,179609511985.062,1,606,1644,39.798,1.627,1.754,0.566,0.906,493,"CS","CS-Female -5000X -0031.dm3",,,"DM3 spatial calibration retained in workbook",3.144,7.954,2.659,1.516,1.754,TRUE,TRUE,TRUE,"",FALSE
"CS-Female -5000X -0031.dm3",0.08,303127.509,9989.612,302407.547,254161.094,334103.438,3.248,3.92,3.247,3.921,1.789,2.913,3.642,0.641,0.54,0.83,0.123,36.128,0.313,0.804,24137.714,303661.781,-0.416,0.535,100,4502352886.422,1,1254,1812,37.082,0.187,6.755,0.147,0.684,494,"CS","CS-Female -5000X -0031.dm3",,,"DM3 spatial calibration retained in workbook",0.08,1.789,0.83,0.123,6.755,TRUE,TRUE,TRUE,"",FALSE
"CS-Female -5000X -0031.dm3",0.069,309200.737,12060.957,306958.857,257155.5,345388.438,3.511,3.935,3.511,3.936,1.114,3.359,3.711,0.279,0.402,0.407,0.216,74.745,0.696,0.41,21244.652,310189.562,-0.359,0.106,100,3962716640.375,1,1500,1782,78.234,0.256,1.879,0.529,0.867,495,"CS","CS-Female -5000X -0031.dm3",,,"DM3 spatial calibration retained in workbook",0.069,1.114,0.407,0.216,1.879,TRUE,TRUE,TRUE,"",FALSE
"CS-Female -5000X -0031.dm3",0.133,306217.364,12378.495,313372.735,255168.672,341546.875,1.917,4.129,1.919,4.129,2.139,1.491,3.974,0.878,0.415,0.814,0.209,18.589,0.364,0.944,40606.76,307700.375,-0.494,0.013,100,7574286509.422,1,642,1902,21.513,0.276,3.896,0.255,0.695,496,"CS","CS-Female -5000X -0031.dm3",,,"DM3 spatial calibration retained in workbook",0.133,2.139,0.814,0.209,3.896,TRUE,TRUE,TRUE,"",FALSE
"CS-Female -5000X -0031.dm3",0.01,306748.115,8345.526,300850.791,279056.156,334025.875,2.041,7.308,2.041,7.308,0.388,1.979,7.255,0.125,0.111,0.144,0.091,42.318,0.858,0.159,3147.607,306683.844,-0.083,0.265,100,587115892.938,1,852,3186,37.689,0.098,1.573,0.632,0.933,497,"CS","CS-Female -5000X -0031.dm3",,,"DM3 spatial calibration retained in workbook",0.01,0.388,0.144,0.091,1.573,TRUE,TRUE,TRUE,"",FALSE
"CS-Female -5000X -0031.dm3",0.01,308086.75,9690.314,311109.814,280743.469,335681.875,2.293,7.105,2.293,7.105,0.372,2.23,7.048,0.125,0.111,0.141,0.087,27.812,0.873,0.15,2958.184,309523.688,-0.294,-0.316,100,551783369.406,1,960,3096,33.513,0.092,1.621,0.613,0.913,498,"CS","CS-Female -5000X -0031.dm3",,,"DM3 spatial calibration retained in workbook",0.01,0.372,0.141,0.087,1.621,TRUE,TRUE,TRUE,"",FALSE
"CS-Female -5000X -0031.dm3",0.016,304672.666,13575.858,306766.019,270414.312,338590.406,2.237,6.939,2.237,6.939,0.493,2.161,6.868,0.153,0.138,0.17,0.121,34.022,0.828,0.189,4880.572,306110.062,-0.236,-0.611,100,910361926.812,1,930,3030,35.845,0.128,1.407,0.706,0.927,499,"CS","CS-Female -5000X -0031.dm3",,,"DM3 spatial calibration retained in workbook",0.016,0.493,0.17,0.121,1.407,TRUE,TRUE,TRUE,"",FALSE
"CS-Female -5000X -0031.dm3",0.012,306897.763,12496.283,318952.785,278156.281,334457.656,2.448,7.035,2.447,7.035,0.466,2.384,6.951,0.139,0.138,0.143,0.108,9.795,0.692,0.156,3672.354,307331.5,-0.091,-1.081,100,684995806.438,1,1026,3066,26.412,0.128,1.327,0.748,0.827,500,"CS","CS-Female -5000X -0031.dm3",,,"DM3 spatial calibration retained in workbook",0.012,0.466,0.143,0.108,1.327,TRUE,TRUE,TRUE,"",FALSE
"CS-Female -5000X -0031.dm3",10.109,306982.889,11369.574,306579.358,224077.625,369235.312,4.126,4.309,4.129,4.304,17.3,1.366,1.772,4.976,5.054,5.813,2.229,51.747,0.424,5.929,3103270.664,307033.156,-0.15,0.666,100,578846014181,1,900,2910,47.752,3.027,2.607,0.381,0.731,501,"CS","CS-Female -5000X -0031.dm3",,,"DM3 spatial calibration retained in workbook",10.109,17.3,5.813,2.229,2.607,TRUE,TRUE,TRUE,"",FALSE
"CS-Female -5000X -0031.dm3",0.014,303657.544,11211.282,294100.368,274823.906,333923,4.398,1.287,4.399,1.286,0.666,4.335,1.122,0.125,0.291,0.265,0.07,73.121,0.41,0.303,4390.577,303658.281,0.006,-0.631,100,818964396.125,1,1884,612,73.953,0.088,3.789,0.262,0.764,502,"CS","CS-Female -5000X -0031.dm3",,,"DM3 spatial calibration retained in workbook",0.014,0.666,0.265,0.07,3.789,TRUE,TRUE,TRUE,"",FALSE
"CS-Female -5000X -0031.dm3",0.143,303669.044,10968.829,302324.761,263242.125,337080.906,4.915,1.111,4.915,1.111,1.424,4.725,0.886,0.404,0.485,0.483,0.378,61.371,0.883,0.517,43296.932,303781.906,-0.107,-0.167,100,8076078236.156,1,2076,594,69.498,0.394,1.279,0.777,0.947,503,"CS","CS-Female -5000X -0031.dm3",,,"DM3 spatial calibration retained in workbook",0.143,1.424,0.483,0.378,1.279,TRUE,TRUE,TRUE,"",FALSE
"CS-Female -5000X -0031.dm3",0.02,308092.628,10346.285,317013.91,264285.531,336277.344,5.37,0.569,5.37,0.568,0.537,5.283,0.485,0.181,0.152,0.182,0.137,12.731,0.851,0.186,6025.495,308842.375,-0.582,0.684,100,1123921908.625,1,2274,264,12.911,0.141,1.326,0.749,0.905,504,"CS","CS-Female -5000X -0031.dm3",,,"DM3 spatial calibration retained in workbook",0.02,0.537,0.182,0.137,1.326,TRUE,TRUE,TRUE,"",FALSE
"CS-Female -5000X -0031.dm3",2.947,305277.714,10368.569,303618.518,255830.094,349575.969,6.205,1.387,6.208,1.39,6.804,5.255,0.263,2.063,2.105,2.267,1.666,133.55,0.8,2.4,899744.744,304901.5,0.031,0.006,100,167827339325.406,1,2418,138,128.847,1.819,1.361,0.73,0.961,505,"CS","CS-Female -5000X -0031.dm3",,,"DM3 spatial calibration retained in workbook",2.947,6.804,2.267,1.666,1.361,TRUE,TRUE,TRUE,"",FALSE
"CS-Female -5000X -0031.dm3",0.029,304127.715,11013.088,310246.582,265675.781,333391.656,6.43,2.421,6.43,2.422,0.662,6.328,2.312,0.195,0.222,0.208,0.179,95.699,0.835,0.223,8843.665,304932.125,-0.304,-0.127,100,1649588727.969,1,2772,1002,97.172,0.192,1.166,0.852,0.894,506,"CS","CS-Female -5000X -0031.dm3",,,"DM3 spatial calibration retained in workbook",0.029,0.662,0.208,0.179,1.166,TRUE,TRUE,TRUE,"",FALSE
"CS-Female -5000X -0031.dm3",0.08,306999.815,13357.415,311650.323,223525.578,344490.375,8.302,2.941,8.302,2.94,1.306,8.085,2.755,0.432,0.36,0.496,0.208,147.985,0.592,0.526,24684.712,308521.219,-0.865,2.116,100,4604383227.719,1,3480,1194,142.709,0.229,2.386,0.416,0.84,507,"CS","CS-Female -5000X -0031.dm3",,,"DM3 spatial calibration retained in workbook",0.08,1.306,0.496,0.208,2.386,TRUE,TRUE,TRUE,"",FALSE
"CS-Female -5000X -0031.dm3",0.045,307105.052,12728.904,301054.497,265298.344,340021.406,7.957,3.406,7.957,3.406,0.889,7.764,3.323,0.362,0.166,0.368,0.158,4.506,0.721,0.372,13918.929,307148.5,-0.131,-0.344,100,2596266108.531,1,3342,1488,12.911,0.163,2.331,0.426,0.928,508,"CS","CS-Female -5000X -0031.dm3",,,"DM3 spatial calibration retained in workbook",0.045,0.889,0.368,0.158,2.331,TRUE,TRUE,TRUE,"",FALSE
"CS-Female -5000X -0031.dm3",0.073,315726.295,11840.664,320478.002,267429.812,348025.281,7.669,3.247,7.669,3.247,1.311,7.471,3.115,0.46,0.332,0.498,0.187,23.577,0.532,0.521,22992.968,317749.312,-0.823,0.689,100,4288825990.344,1,3222,1494,33.937,0.246,2.66,0.373,0.76,509,"CS","CS-Female -5000X -0031.dm3",,,"DM3 spatial calibration retained in workbook",0.073,1.311,0.498,0.187,2.66,TRUE,TRUE,TRUE,"",FALSE
"CS-Female -5000X -0031.dm3",0.117,309656.203,10925.5,310830.367,264877.125,349815.969,7.138,4.192,7.14,4.19,1.97,6.774,3.891,0.669,0.595,0.887,0.17,40.042,0.38,0.877,36346.409,310085.906,-0.192,-0.108,100,6779612905.344,1,2916,1944,40.314,0.212,5.225,0.19,0.796,510,"CS","CS-Female -5000X -0031.dm3",,,"DM3 spatial calibration retained in workbook",0.117,1.97,0.887,0.17,5.225,TRUE,TRUE,TRUE,"",FALSE
"CS-Female -5000X -0031.dm3",0.078,301449.979,10564.15,303234.416,263073.688,339513.438,6.253,5.12,6.252,5.12,1.793,6.022,4.846,0.502,0.582,0.579,0.173,51.768,0.306,0.717,23601.722,301648.75,-0.161,0.179,100,4402375488.688,1,2592,2334,45.593,0.253,3.342,0.297,0.589,511,"CS","CS-Female -5000X -0031.dm3",,,"DM3 spatial calibration retained in workbook",0.078,1.793,0.579,0.173,3.342,TRUE,TRUE,TRUE,"",FALSE
"CS-Female -5000X -0031.dm3",0.051,300629.607,12118.186,300908.491,252573.844,335898.219,6.256,5.758,6.256,5.758,1.082,6.022,5.677,0.446,0.152,0.446,0.146,179.398,0.547,0.451,15327.414,301024.281,-0.271,0.127,100,2858987565.562,1,2592,2484,171.178,0.152,3.048,0.326,0.878,512,"CS","CS-Female -5000X -0031.dm3",,,"DM3 spatial calibration retained in workbook",0.051,1.082,0.446,0.146,3.048,TRUE,TRUE,TRUE,"",FALSE
"CS-Female -5000X -0031.dm3",1.481,308375.555,12764.994,306180.753,223731.719,359467.75,7.588,5,7.583,5.004,5.693,6.705,4.265,2.035,1.482,2.241,0.847,29.181,0.574,2.393,456622.263,308700.438,-0.397,1.036,100,85172711403.453,1,2922,2466,35.357,0.985,2.647,0.375,0.93,513,"CS","CS-Female -5000X -0031.dm3",,,"DM3 spatial calibration retained in workbook",1.481,5.693,2.241,0.847,2.647,TRUE,TRUE,TRUE,"",FALSE
"CS-Female -5000X -0031.dm3",0.083,302082.41,14387.766,310655.522,250637.234,384826.594,5.118,7.041,5.117,7.042,1.529,4.795,6.84,0.627,0.36,0.67,0.159,26.184,0.446,0.703,25065.065,304313.844,-0.568,-0.011,100,4675329464.719,1,2064,3102,26.917,0.17,4.221,0.235,0.862,514,"CS","CS-Female -5000X -0031.dm3",,,"DM3 spatial calibration retained in workbook",0.083,1.529,0.67,0.159,4.221,TRUE,TRUE,TRUE,"",FALSE
"CS-Female -5000X -0031.dm3",0.018,306743.772,11132.605,309944.877,272077.562,331368.281,8.778,7.99,8.778,7.991,0.495,8.684,7.92,0.181,0.138,0.174,0.13,4.743,0.905,0.186,5412.031,308540.625,-0.56,-0.169,100,1009493754.094,1,3738,3468,12.911,0.137,1.332,0.746,0.938,515,"CS","CS-Female -5000X -0031.dm3",,,"DM3 spatial calibration retained in workbook",0.018,0.495,0.174,0.13,1.332,TRUE,TRUE,TRUE,"",FALSE
"CS-Female -5000X -0031.dm3",0.028,303245.921,12643.993,312403.978,260784.125,338289.594,8.499,8.331,8.499,8.332,0.647,8.377,8.252,0.251,0.152,0.242,0.15,3.532,0.85,0.257,8579.04,303681.594,-0.337,-0.312,100,1600228724.531,1,3606,3618,12.448,0.152,1.608,0.618,0.925,516,"CS","CS-Female -5000X -0031.dm3",,,"DM3 spatial calibration retained in workbook",0.028,0.647,0.242,0.15,1.608,TRUE,TRUE,TRUE,"",FALSE
"CS-Female -5000X -0031.dm3",0.037,312552.756,11639.798,320192.459,268520.812,345204.531,8.24,8.449,8.24,8.449,0.748,8.113,8.321,0.237,0.263,0.264,0.18,131.195,0.832,0.272,11587.03,314403.531,-0.497,-0.273,100,2161302308.688,1,3534,3606,104.838,0.187,1.467,0.677,0.915,517,"CS","CS-Female -5000X -0031.dm3",,,"DM3 spatial calibration retained in workbook",0.037,0.748,0.264,0.18,1.467,TRUE,TRUE,TRUE,"",FALSE
"CS-Female -5000X -0031.dm3",0.022,296478.159,13831.722,310123.946,250776.188,330950.469,8.036,8.586,8.037,8.586,0.582,7.959,8.46,0.153,0.222,0.204,0.135,71.442,0.798,0.228,6375.32,297594.5,-0.418,-0.341,100,1189173896.484,1,3438,3762,75.873,0.147,1.506,0.659,0.902,518,"CS","CS-Female -5000X -0031.dm3",,,"DM3 spatial calibration retained in workbook",0.022,0.582,0.204,0.135,1.506,TRUE,TRUE,TRUE,"",FALSE
"CS-Female -5000X -0030.dm3",5.03,274710.122,6334.252,274132.079,197940.828,311672.375,2.14,3.747,2.138,3.748,9.318,0.48,2.207,2.99,2.727,0,0,34.572,0.728,3.554,1381660.378,274585.688,-0.202,3.281,100,258002251977.063,1,210,2046,44.745,2.023,,Inf,0.945,519,"CS","CS-Female -5000X -0030.dm3",,,"DM3 spatial calibration retained in workbook",5.03,9.318,0,0,,TRUE,TRUE,FALSE,"Ellipse major/minor axes absent; AR unavailable",FALSE
"CS-Female -5000X -0030.dm3",4.939,276483.448,7178.431,276730.068,239496.266,311434.781,4.522,2.653,4.529,2.656,9.119,3.1,1.476,3.045,2.544,0,0,6.032,0.746,3.107,1365645.53,276516.781,0.018,0.039,100,255011743661.375,1,1356,900,168.521,2.247,,Inf,0.94,520,"CS","CS-Female -5000X -0030.dm3",,,"DM3 spatial calibration retained in workbook",4.939,9.119,0,0,,TRUE,TRUE,FALSE,"Ellipse major/minor axes absent; AR unavailable",FALSE
"CS-Female -5000X -0029.dm3",1.658,200263.362,4614.328,200624.271,171687.688,225957.031,6.905,4.184,6.905,4.185,5.238,6.086,3.414,1.745,1.58,0,0,42.178,0.759,1.933,332096.502,200290.75,0.029,0.248,100,61689726819.328,1,2754,2046,40.503,1.209,,Inf,0.938,521,"CS","CS-Female -5000X -0029.dm3",,,"DM3 spatial calibration retained in workbook",1.658,5.238,0,0,,TRUE,TRUE,FALSE,"Ellipse major/minor axes absent; AR unavailable",FALSE
"CS-Female -5000X -0029.dm3",5.96,201051.523,5416.507,200804.892,157726.984,229105.266,4.898,6.607,4.901,6.6,11.137,3.407,4.528,2.995,4.119,0,0,59.564,0.604,4.704,1198273.268,200882.406,0.115,0.507,100,222589367933.859,1,1530,3624,57.102,1.623,,Inf,0.956,522,"CS","CS-Female -5000X -0029.dm3",,,"DM3 spatial calibration retained in workbook",5.96,11.137,0,0,,TRUE,TRUE,FALSE,"Ellipse major/minor axes absent; AR unavailable",FALSE
"CS-Female -5000X -0028.dm3",0.242,227355.62,6065.279,226362.009,206951.359,251517.516,2.563,6.013,2.563,6.013,2.183,2.115,5.796,0.871,0.422,0,0,170.067,0.637,0.896,54934.302,227035.781,0.233,0.024,100,10167570663.562,1,918,2556,166.381,0.355,,Inf,0.91,523,"CS","CS-Female -5000X -0028.dm3",,,"DM3 spatial calibration retained in workbook",0.242,2.183,0,0,,TRUE,TRUE,FALSE,"Ellipse major/minor axes absent; AR unavailable",FALSE
"CS-Female -5000X -0028.dm3",0.058,230118.458,6108.641,231015.919,208214.141,250666.906,7.48,4.785,7.48,4.785,0.925,7.328,4.671,0.318,0.253,0,0,7.819,0.844,0.336,13233.744,230340.859,-0.159,0.026,100,2449380862.578,1,3192,2076,30.176,0.245,,Inf,0.927,524,"CS","CS-Female -5000X -0028.dm3",,,"DM3 spatial calibration retained in workbook",0.058,0.925,0,0,,TRUE,TRUE,FALSE,"Ellipse major/minor axes absent; AR unavailable",FALSE
"CS-Female -5000X -0028.dm3",0.871,224994.061,5288.195,224142.729,204636.281,247500.234,0.726,6.731,0.726,6.73,3.739,0.055,6.204,1.272,1.069,0,0,145.819,0.783,1.474,196047.734,224968.266,0.03,-0.046,100,36285692220.078,1,30,2670,140.259,0.85,,Inf,0.96,525,"CS","CS-Female -5000X -0028.dm3",,,"DM3 spatial calibration retained in workbook",0.871,3.739,0,0,,TRUE,TRUE,FALSE,"Ellipse major/minor axes absent; AR unavailable",FALSE
"CS-Female -5000X -0028.dm3",1.565,225817.998,5718.445,225183.752,205216.906,253212.328,2.132,7.349,2.133,7.349,5.173,1.217,6.725,1.853,1.252,0,0,162.752,0.735,1.946,353334.89,225706.656,0.139,-0.052,100,65397343863.859,1,534,3030,159.694,1.012,,Inf,0.941,526,"CS","CS-Female -5000X -0028.dm3",,,"DM3 spatial calibration retained in workbook",1.565,5.173,0,0,,TRUE,TRUE,FALSE,"Ellipse major/minor axes absent; AR unavailable",FALSE
"CS-Female -5000X -0028.dm3",2.193,223288.961,5839.204,222633.533,183909.219,248915.281,4.552,7.609,4.553,7.608,6.036,3.415,7.034,2.24,1.224,0,0,173.642,0.756,2.242,489568.202,223192.75,0.068,-0.044,100,90612223575.625,1,1506,3054,161.718,1.169,,Inf,0.965,527,"CS","CS-Female -5000X -0028.dm3",,,"DM3 spatial calibration retained in workbook",2.193,6.036,0,0,,TRUE,TRUE,FALSE,"Ellipse major/minor axes absent; AR unavailable",FALSE
"CS-Female -5000X -0028.dm3",2.194,223780.683,5331.849,223867.225,203121.219,246832.969,7.473,7.94,7.475,7.94,6.563,6.069,7.302,2.53,1.449,0,0,169.468,0.64,2.532,490903.848,223647.797,0.16,-0.064,100,90859432886.609,1,2634,3444,2.229,1.242,,Inf,0.893,528,"CS","CS-Female -5000X -0028.dm3",,,"DM3 spatial calibration retained in workbook",2.194,6.563,0,0,,TRUE,TRUE,FALSE,"Ellipse major/minor axes absent; AR unavailable",FALSE
"CS-Female -5000X -0027.dm3",0.032,198284.148,6817.604,197560.108,176539.797,217152.625,0.854,5.205,0.854,5.205,0.687,0.774,5.08,0.166,0.239,0,0,100.491,0.84,0.257,6252.783,198950.656,-0.318,-0.334,100,1157582855.484,1,342,2172,118.915,0.166,,Inf,0.935,529,"CS","CS-Female -5000X -0027.dm3",,,"DM3 spatial calibration retained in workbook",0.032,0.687,0,0,,TRUE,TRUE,FALSE,"Ellipse major/minor axes absent; AR unavailable",FALSE
"CS-Female -5000X -0027.dm3",0.014,200707.361,6976.421,204166.039,175830.766,214517.859,1.046,5.396,1.046,5.396,0.433,0.981,5.319,0.124,0.141,0,0,44.978,0.913,0.171,2738.533,201946.5,-0.859,0.636,100,506986794.219,1,432,2328,55.495,0.118,,Inf,0.968,530,"CS","CS-Female -5000X -0027.dm3",,,"DM3 spatial calibration retained in workbook",0.014,0.433,0,0,,TRUE,TRUE,FALSE,"Ellipse major/minor axes absent; AR unavailable",FALSE
"CS-Female -5000X -0027.dm3",3.758,198688.04,5463.453,198656.152,157487.266,227053.172,2.985,3.778,2.985,3.777,7.627,1.7,2.744,2.626,2.181,0,0,27.755,0.812,2.795,746633.558,198739.062,-0.24,0.952,100,138224885415.109,1,750,1860,23.124,1.717,,Inf,0.961,531,"CS","CS-Female -5000X -0027.dm3",,,"DM3 spatial calibration retained in workbook",3.758,7.627,0,0,,TRUE,TRUE,FALSE,"Ellipse major/minor axes absent; AR unavailable",FALSE
"CS-Female -5000X -0027.dm3",1.988,201649.091,7044.807,201464.213,164015.375,228141.812,5.453,1.996,5.452,1.997,5.785,4.394,1.238,2.045,1.478,0,0,27.851,0.746,2.279,400796.616,201859.297,-0.488,1.27,100,74199807590.609,1,1920,1110,29.19,1.233,,Inf,0.952,532,"CS","CS-Female -5000X -0027.dm3",,,"DM3 spatial calibration retained in workbook",1.988,5.785,0,0,,TRUE,TRUE,FALSE,"Ellipse major/minor axes absent; AR unavailable",FALSE
"CS-Female -5000X -0027.dm3",0.05,197753.789,8762.581,196931.017,177351.266,221906.078,6.297,2.833,6.299,2.832,1.043,6.094,2.688,0.387,0.253,0,0,24.966,0.574,0.441,9815.543,196974.641,0.262,-0.723,100,1817159566.484,1,2646,1236,28.614,0.182,,Inf,0.894,533,"CS","CS-Female -5000X -0027.dm3",,,"DM3 spatial calibration retained in workbook",0.05,1.043,0,0,,TRUE,TRUE,FALSE,"Ellipse major/minor axes absent; AR unavailable",FALSE
"CS-Female -5000X -0027.dm3",0.325,199862.965,8343.991,196040.519,174181.438,228248.344,7.13,4.066,7.128,4.069,4.782,6.384,3.504,1.534,1.337,0,0,49.096,0.178,1.963,64878.255,199577.578,0.079,-0.368,100,12010964774.125,1,2772,2058,38.595,0.557,,Inf,0.415,534,"CS","CS-Female -5000X -0027.dm3",,,"DM3 spatial calibration retained in workbook",0.325,4.782,0,0,,TRUE,TRUE,FALSE,"Ellipse major/minor axes absent; AR unavailable",FALSE
"CS-Female -5000X -0027.dm3",2.779,201723.742,5943.347,202284.355,173065.5,226304.125,5.427,8.25,5.429,8.251,6.503,4.339,7.177,1.921,2.125,0,0,111.615,0.826,2.221,560567.879,201990.109,-0.3,0.353,100,103778392937.922,1,2316,3066,109.255,1.878,,Inf,0.963,535,"CS","CS-Female -5000X -0027.dm3",,,"DM3 spatial calibration retained in workbook",2.779,6.503,0,0,,TRUE,TRUE,FALSE,"Ellipse major/minor axes absent; AR unavailable",FALSE
"CS-Female -5000X -0025.dm3",0.256,224353.615,12623.827,222970.981,197182.906,280223.75,2.135,1.515,2.135,1.518,2.381,1.947,0.953,0.343,1.023,0,0,88.296,0.567,1.026,57400.679,222549.547,1.764,4.041,100,10753493135.688,1,924,408,94.599,0.343,,Inf,0.914,536,"CS","CS-Female -5000X -0025.dm3",,,"DM3 spatial calibration retained in workbook",0.256,2.381,0,0,,TRUE,TRUE,FALSE,"Ellipse major/minor axes absent; AR unavailable",FALSE
"CS-Female -5000X -0025.dm3",0.317,217668.388,8429.031,220172.287,188809.641,246364.031,1.831,2.562,1.832,2.561,2.588,1.426,2.228,0.891,0.743,0,0,36.842,0.595,1.093,68960.148,218102.734,-0.167,-0.369,100,12919054154.266,1,636,1266,38.921,0.419,,Inf,0.91,537,"CS","CS-Female -5000X -0025.dm3",,,"DM3 spatial calibration retained in workbook",0.317,2.588,0,0,,TRUE,TRUE,FALSE,"Ellipse major/minor axes absent; AR unavailable",FALSE
"CS-Female -5000X -0025.dm3",0.132,215565.861,7338.855,215460.51,190365.375,250126.812,2.564,2.491,2.563,2.493,2.009,2.304,2.088,0.521,0.785,0,0,56.403,0.412,0.911,28492.671,215551.719,0.099,-0.104,100,5337841849.016,1,1014,1230,56.154,0.211,,Inf,0.868,538,"CS","CS-Female -5000X -0025.dm3",,,"DM3 spatial calibration retained in workbook",0.132,2.009,0,0,,TRUE,TRUE,FALSE,"Ellipse major/minor axes absent; AR unavailable",FALSE
"CS-Female -5000X -0025.dm3",0.044,214054.25,7479.473,211212.972,193970.859,246832.906,1.276,3.104,1.276,3.105,0.883,1.179,2.943,0.219,0.322,0,0,66.477,0.704,0.356,9344.12,213349.234,0.415,-0.015,100,1750535652.688,1,516,1392,51.94,0.175,,Inf,0.887,539,"CS","CS-Female -5000X -0025.dm3",,,"DM3 spatial calibration retained in workbook",0.044,0.883,0,0,,TRUE,TRUE,FALSE,"Ellipse major/minor axes absent; AR unavailable",FALSE
"CS-Female -5000X -0025.dm3",0.184,218928.672,9529.493,222448.717,190384.5,250963.391,4.203,2.443,4.206,2.442,3.601,3.758,1.836,1.056,1.261,0,0,44.358,0.178,1.634,40236.458,219199.266,0.099,-0.435,100,7537933095.031,1,1644,1326,49.743,0.312,,Inf,0.517,540,"CS","CS-Female -5000X -0025.dm3",,,"DM3 spatial calibration retained in workbook",0.184,3.601,0,0,,TRUE,TRUE,FALSE,"Ellipse major/minor axes absent; AR unavailable",FALSE
"CS-Female -5000X -0025.dm3",0.029,219009.07,6109.702,218502.093,196627.438,243488.625,4.129,1.283,4.129,1.283,0.854,4.059,1.121,0.137,0.378,0,0,75.414,0.496,0.394,6302.297,218698.719,0.232,0.305,100,1180677894.094,1,1776,642,73.828,0.126,,Inf,0.883,541,"CS","CS-Female -5000X -0025.dm3",,,"DM3 spatial calibration retained in workbook",0.029,0.854,0,0,,TRUE,TRUE,FALSE,"Ellipse major/minor axes absent; AR unavailable",FALSE
"CS-Female -5000X -0025.dm3",0.147,219164.738,7874.505,220077.235,185107.062,251667.391,7.524,5.379,7.524,5.379,1.664,7.31,5.044,0.411,0.659,0,0,62.547,0.667,0.718,32183.164,219512.844,-0.157,0.09,100,6029221937,1,3210,2436,63.925,0.271,,Inf,0.932,542,"CS","CS-Female -5000X -0025.dm3",,,"DM3 spatial calibration retained in workbook",0.147,1.664,0,0,,TRUE,TRUE,FALSE,"Ellipse major/minor axes absent; AR unavailable",FALSE
"CS-Female -5000X -0024.dm3",0.757,211154.757,7548.57,209897.878,179581.047,253850.031,3.791,1.745,3.792,1.743,3.468,3.188,1.256,1.228,0.963,0,0,25.02,0.792,1.266,159932.894,210578.969,0.502,1.145,100,29883043530.922,1,1386,828,14.037,0.845,,Inf,0.94,543,"CS","CS-Female -5000X -0024.dm3",,,"DM3 spatial calibration retained in workbook",0.757,3.468,0,0,,TRUE,TRUE,FALSE,"Ellipse major/minor axes absent; AR unavailable",FALSE
"CS-Female -5000X -0024.dm3",0.18,211735.624,8053.474,209895.237,187095.266,262408.719,6.659,4.749,6.661,4.749,2.646,6.1,4.439,1.049,0.614,0,0,28.599,0.322,1.19,38024.556,210943.078,0.578,0.906,100,7104788866.234,1,2652,2166,29.528,0.246,,Inf,0.76,544,"CS","CS-Female -5000X -0024.dm3",,,"DM3 spatial calibration retained in workbook",0.18,2.646,0,0,,TRUE,TRUE,FALSE,"Ellipse major/minor axes absent; AR unavailable",FALSE
"CS-Female -5000X -0024.dm3",0.124,210524.099,8449.622,209257.035,185423.297,240639.922,7.492,7.16,7.489,7.161,1.821,7.136,6.938,0.718,0.447,0,0,29.92,0.468,0.838,26030.539,210431.406,0.068,-0.35,100,4863738268.875,1,3102,3168,31.089,0.198,,Inf,0.898,545,"CS","CS-Female -5000X -0024.dm3",,,"DM3 spatial calibration retained in workbook",0.124,1.821,0,0,,TRUE,TRUE,FALSE,"Ellipse major/minor axes absent; AR unavailable",FALSE
"CS-Female -5000X -0024.dm3",0.09,206904.525,10066.135,200337.587,183172.797,240613.141,9.037,6.728,9.037,6.728,1.134,8.861,6.575,0.386,0.321,0,0,21.586,0.875,0.416,18533.634,204727.531,0.687,-0.017,100,3462961033.172,1,3852,2928,21.671,0.305,,Inf,0.958,546,"CS","CS-Female -5000X -0024.dm3",,,"DM3 spatial calibration retained in workbook",0.09,1.134,0,0,,TRUE,TRUE,FALSE,"Ellipse major/minor axes absent; AR unavailable",FALSE
"CS-Female -5000X -0023.dm3",0.104,219871.548,10269.976,223174.635,183856.219,271003.531,4.101,1.238,4.1,1.24,1.956,3.93,0.81,0.467,0.768,0,0,65.563,0.34,0.88,22782.035,220373.375,-0.147,0.179,100,4275622121.438,1,1722,672,58.972,0.22,,Inf,0.698,547,"CS","CS-Female -5000X -0023.dm3",,,"DM3 spatial calibration retained in workbook",0.104,1.956,0,0,,TRUE,TRUE,FALSE,"Ellipse major/minor axes absent; AR unavailable",FALSE
"CS-Female -5000X -0023.dm3",0.056,211541.139,12450.379,211513.255,171491.094,244936.781,4.803,0.73,4.804,0.729,0.921,4.617,0.614,0.33,0.237,0,0,1.394,0.825,0.34,11791.288,211429.266,-0.247,0.019,100,2212931859.359,1,2016,330,14.251,0.237,,Inf,0.927,548,"CS","CS-Female -5000X -0023.dm3",,,"DM3 spatial calibration retained in workbook",0.056,0.921,0,0,,TRUE,TRUE,FALSE,"Ellipse major/minor axes absent; AR unavailable",FALSE
"CS-Female -5000X -0023.dm3",0.118,214753.219,12916.588,217481.267,167044.312,251712.25,5.343,1.334,5.343,1.334,1.497,5.139,1.061,0.357,0.558,0,0,110.821,0.664,0.61,25437.378,215858.906,-0.469,0.227,100,4773964050.016,1,2244,462,116.784,0.281,,Inf,0.929,549,"CS","CS-Female -5000X -0023.dm3",,,"DM3 spatial calibration retained in workbook",0.118,1.497,0,0,,TRUE,TRUE,FALSE,"Ellipse major/minor axes absent; AR unavailable",FALSE
"CS-Female -5000X -0023.dm3",0.074,213424.938,9618.448,212380.761,186050.875,255183.703,6.522,5.616,6.521,5.62,1.585,6.431,5.277,0.192,0.712,0,0,79.135,0.37,0.72,15785.528,213484.344,0.208,0.189,100,2962551562.328,1,2820,2574,81.223,0.162,,Inf,0.791,550,"CS","CS-Female -5000X -0023.dm3",,,"DM3 spatial calibration retained in workbook",0.074,1.585,0,0,,TRUE,TRUE,FALSE,"Ellipse major/minor axes absent; AR unavailable",FALSE
"CS-Female -5000X -0023.dm3",0.033,213909.503,10345.925,217362.917,174412.656,246512.766,7.674,6.838,7.673,6.839,1.049,7.475,6.659,0.371,0.321,0,0,38.011,0.372,0.48,6978.909,214271.531,-0.28,0.404,100,1309767885.484,1,3270,3000,41.946,0.112,,Inf,0.727,551,"CS","CS-Female -5000X -0023.dm3",,,"DM3 spatial calibration retained in workbook",0.033,1.049,0,0,,TRUE,TRUE,FALSE,"Ellipse major/minor axes absent; AR unavailable",FALSE
"CS-Female -5000X -0022.dm3",0.034,201113.31,7471.986,201531.09,177971.859,229300.906,4.716,2.386,4.716,2.385,0.915,4.536,2.262,0.344,0.223,0,0,28.693,0.51,0.395,6841.28,201124.609,0.031,-0.466,100,1283304032.234,1,1980,1062,29.637,0.141,,Inf,0.766,552,"CS","CS-Female -5000X -0022.dm3",,,"DM3 spatial calibration retained in workbook",0.034,0.915,0,0,,TRUE,TRUE,FALSE,"Ellipse major/minor axes absent; AR unavailable",FALSE
"Cnt fmale_a_5000X_0012.tif",57840,117.366,26.904,116,2,230,1148.305,138.506,1147.613,139.076,921.155,1011,0,273,288,303.245,242.853,122.815,0.857,320.551,6788444,117,0.121,0.747,100,6788444,1,1053,6,121.608,246.799,1.249,0.801,0.967,553,"WR","Cnt fmale_a_5000X_0012.tif",360,0.00555555555555556,"Converted from pixels using visible 2-um scale bar",1.78518518518519,5.11752777777778,1.68469444444444,1.34918333333333,1.249,TRUE,TRUE,TRUE,"",FALSE
"Cnt fmale_a_5000X_0012.tif",9183,155.11,43.084,200,0,237,1634.659,464.664,1634.688,464.069,416.061,1578,396,102,147,145.933,80.12,115.079,0.667,164.125,1424377,163,-0.702,-0.143,99.956,1424377,1,1587,399,120.784,94.54,1.821,0.549,0.872,554,"WR","Cnt fmale_a_5000X_0012.tif",360,0.00555555555555556,"Converted from pixels using visible 2-um scale bar",0.283425925925926,2.31145,0.810738888888889,0.445111111111111,1.821,TRUE,TRUE,TRUE,"",FALSE
"Cnt fmale_a_5000X_0012.tif",9759,141.436,40.797,158,0,229,1465.7,408.87,1467.533,410.23,374.772,1413,348,102,126,130.399,95.289,111.698,0.873,138.423,1380272,144,-0.366,-0.3,99.98,1380272,1,1425,351,119.899,98.663,1.368,0.731,0.953,555,"WR","Cnt fmale_a_5000X_0012.tif",360,0.00555555555555556,"Converted from pixels using visible 2-um scale bar",0.301203703703704,2.08206666666667,0.724438888888889,0.529383333333333,1.368,TRUE,TRUE,TRUE,"",FALSE
"Cnt fmale_a_5000X_0012.tif",5184,142.345,39.72,134,6,243,1619.843,723.174,1620.361,722.777,334.36,1587,660,66,138,126.988,51.977,97.439,0.583,138.13,737917,142,-0.105,-0.085,100,737917,1,1611,660,92.49,57.07,2.443,0.409,0.888,556,"WR","Cnt fmale_a_5000X_0012.tif",360,0.00555555555555556,"Converted from pixels using visible 2-um scale bar",0.16,1.85755555555556,0.705488888888889,0.288761111111111,2.443,TRUE,TRUE,TRUE,"",FALSE
"Cnt fmale_a_5000X_0012.tif",189240,140.752,31.583,136,3,255,1350.783,773.376,1351.615,776.418,1653.359,1119,495,465,543,551.665,436.765,115.1,0.87,560.864,26635968,139,0.258,0.33,100,26635968,1,1251,501,117.387,437.367,1.263,0.792,0.977,557,"WR","Cnt fmale_a_5000X_0012.tif",360,0.00555555555555556,"Converted from pixels using visible 2-um scale bar",5.84074074074074,9.18532777777778,3.06480555555556,2.42647222222222,1.263,TRUE,TRUE,TRUE,"",FALSE
"Cnt fmale_a_5000X_0012.tif",296622,139.376,28.518,141,0,255,885.484,800.094,886.47,801.603,2124.928,597,429,582,729,781.788,483.086,117.046,0.826,775.765,41341899,139,0.083,0.344,100,41341899,1,732,453,118.151,489.069,1.618,0.618,0.973,558,"WR","Cnt fmale_a_5000X_0012.tif",360,0.00555555555555556,"Converted from pixels using visible 2-um scale bar",9.155,11.8051555555556,4.34326666666667,2.68381111111111,1.618,TRUE,TRUE,TRUE,"",FALSE
"Cnt fmale_a_5000X_0012.tif",66621,145.466,30.31,146,11,253,601.383,986.767,600.408,988.107,1012.804,465,810,294,333,363.464,233.378,125.862,0.816,379.473,9691118,146,-0.142,-0.072,100,9691118,1,495,810,124.695,250.136,1.557,0.642,0.965,559,"WR","Cnt fmale_a_5000X_0012.tif",360,0.00555555555555556,"Converted from pixels using visible 2-um scale bar",2.0562037037037,5.62668888888889,2.01924444444444,1.29654444444444,1.557,TRUE,TRUE,TRUE,"",FALSE
"Cnt fmale_a_5000X_0012.tif",6018,141.865,38.945,141,6,250,796.106,1149.049,796.726,1148.566,313.075,747,1098,93,102,99.632,76.907,119.57,0.772,108.167,853742,144,-0.353,-0.01,100,853742,1,780,1098,109.44,80.367,1.295,0.772,0.901,560,"WR","Cnt fmale_a_5000X_0012.tif",360,0.00555555555555556,"Converted from pixels using visible 2-um scale bar",0.185740740740741,1.73930555555556,0.553511111111111,0.427261111111111,1.295,TRUE,TRUE,TRUE,"",FALSE
"Cnt fmale_a_5000X_0012.tif",53901,147.473,30.622,153,0,254,868.838,1326.653,870.397,1327.44,973.582,771,1179,228,348,359.876,190.702,67.193,0.715,391.945,7948923,148,-0.237,0.963,99.994,7948923,1,792,1527,61.67,205.009,1.887,0.53,0.962,561,"WR","Cnt fmale_a_5000X_0012.tif",360,0.00555555555555556,"Converted from pixels using visible 2-um scale bar",1.66361111111111,5.40878888888889,1.99931111111111,1.05945555555556,1.887,TRUE,TRUE,TRUE,"",FALSE
"Cnt fmale_a_5000X_0012.tif",39033,143.13,32.785,138,0,255,690.502,1433.397,688.697,1434.85,769.704,585,1290,195,267,280.262,177.328,68.666,0.828,288.765,5586788,144,-0.328,1.327,99.985,5586788,1,615,1551,60.772,189.171,1.58,0.633,0.961,562,"WR","Cnt fmale_a_5000X_0012.tif",360,0.00555555555555556,"Converted from pixels using visible 2-um scale bar",1.20472222222222,4.27613333333333,1.55701111111111,0.985155555555556,1.58,TRUE,TRUE,TRUE,"",FALSE
"Cnt fmale_a_5000X_0012.tif",22641,141.988,27.698,143,16,255,508.282,1336.956,508.412,1337.075,577.253,426,1239,156,204,194.582,148.151,100.786,0.854,207.694,3214749,142,-0.0002773,0.087,100,3214749,1,495,1239,100.823,156,1.313,0.761,0.954,563,"WR","Cnt fmale_a_5000X_0012.tif",360,0.00555555555555556,"Converted from pixels using visible 2-um scale bar",0.698796296296296,3.20696111111111,1.08101111111111,0.823061111111111,1.313,TRUE,TRUE,TRUE,"",FALSE
"Cnt fmale_a_5000X_0010.tif",3531,96.007,23.112,91,22,188,386.065,387.094,385.704,387.416,246.898,336,363,93,48,97.415,46.151,10.836,0.728,100.846,338999,96,0.009,0.024,100,338999,1,336,402,22.751,48,2.111,0.474,0.937,564,"WR","Cnt fmale_a_5000X_0010.tif",359,0.00557103064066852,"Converted from pixels using visible 2-um scale bar",0.109589466251814,1.37547632311978,0.542701949860724,0.257108635097493,2.111,TRUE,TRUE,TRUE,"",FALSE
"Cnt fmale_a_5000X_0010.tif",93117,90.556,29.247,91,0,212,304.112,612.133,307.276,614.373,1171.963,141,426,345,387,418.209,283.495,54.363,0.852,426.823,8432317,90,0.034,0.025,99.905,8432317,1,183,804,51.277,285.769,1.475,0.678,0.979,565,"WR","Cnt fmale_a_5000X_0010.tif",359,0.00557103064066852,"Converted from pixels using visible 2-um scale bar",2.8900148198726,6.5290417827298,2.32985515320334,1.57935933147632,1.475,TRUE,TRUE,TRUE,"",FALSE
"Cnt fmale_a_5000X_0010.tif",2736,105.931,30.443,117,1,186,69.784,918.902,70.725,919.114,205.363,42,882,54,69,75.23,46.306,58.683,0.815,83.409,289826,108,-0.398,0.191,100,289826,1,42,948,52.306,50.111,1.625,0.616,0.947,566,"WR","Cnt fmale_a_5000X_0010.tif",359,0.00557103064066852,"Converted from pixels using visible 2-um scale bar",0.084915542244396,1.14408356545961,0.419108635097493,0.257972144846797,1.625,TRUE,TRUE,TRUE,"",FALSE
"Cnt fmale_a_5000X_0010.tif",5976,90.53,25.139,90,3,211,509.45,1041.14,509.003,1041.334,385.061,441,984,138,102,162.43,46.844,29.988,0.506,154.289,541007,90,0.103,0.22,100,541007,1,441,1080,26.565,50.287,3.467,0.288,0.862,567,"WR","Cnt fmale_a_5000X_0010.tif",359,0.00557103064066852,"Converted from pixels using visible 2-um scale bar",0.185473421218023,2.14518662952646,0.904902506963788,0.260969359331476,3.467,TRUE,TRUE,TRUE,"",FALSE
"Cnt fmale_a_5000X_0010.tif",97908,107.249,34.749,108,0,251,761.692,842.985,764.838,843.948,1250.27,567,639,366,390,435.134,286.488,59.442,0.787,471.344,10500531,108,-0.006,-0.098,99.94,10500531,1,567,1017,50.942,287.002,1.519,0.658,0.955,568,"WR","Cnt fmale_a_5000X_0010.tif",359,0.00557103064066852,"Converted from pixels using visible 2-um scale bar",3.03871012794749,6.96529247910864,2.42414484679666,1.59603342618384,1.519,TRUE,TRUE,TRUE,"",FALSE
"Cnt fmale_a_5000X_0010.tif",96045,88.631,28.731,78,0,255,890.029,480.277,890.837,481.017,1161.644,708,291,360,372,401.731,304.404,46.565,0.894,402.604,8512529,87,0.506,1.205,99.879,8512529,1,759,627,52.874,306.809,1.32,0.758,0.972,569,"WR","Cnt fmale_a_5000X_0010.tif",359,0.00557103064066852,"Converted from pixels using visible 2-um scale bar",2.98088934753765,6.47155431754875,2.23805571030641,1.69584401114206,1.32,TRUE,TRUE,TRUE,"",FALSE
"Cnt fmale_a_5000X_0010.tif",65028,105.511,37.872,87,0,255,1082.121,641.369,1082.66,643.905,971.469,948,477,282,336,341.249,242.627,57.868,0.866,343.431,6861153,103,0.301,0.165,99.955,6861153,1,1026,813,75.842,243.312,1.406,0.711,0.967,570,"WR","Cnt fmale_a_5000X_0010.tif",359,0.00557103064066852,"Converted from pixels using visible 2-um scale bar",2.01823387465957,5.41208356545961,1.90110863509749,1.35168245125348,1.406,TRUE,TRUE,TRUE,"",FALSE
"Cnt fmale_a_5000X_0010.tif",163974,100.065,30.049,96,0,252,1308.634,341.538,1308.107,347.949,1521.542,1071,90,471,495,476.574,438.081,64.133,0.89,496.534,16408063,99,0.233,0.341,99.98,16408063,1,1287,585,85.495,426.528,1.088,0.919,0.977,571,"WR","Cnt fmale_a_5000X_0010.tif",359,0.00557103064066852,"Converted from pixels using visible 2-um scale bar",5.0891597675375,8.47655710306407,2.65500835654596,2.44056267409471,1.088,TRUE,TRUE,TRUE,"",FALSE
"Cnt fmale_a_5000X_0010.tif",20886,102.851,25.488,103,19,214,1147.884,1191.979,1147.752,1192.095,545.112,1068,1101,165,180,193.035,137.762,130.676,0.883,200.529,2148151,102,0.211,0.136,100,2148151,1,1089,1104,128.928,140.007,1.401,0.714,0.964,572,"WR","Cnt fmale_a_5000X_0010.tif",359,0.00557103064066852,"Converted from pixels using visible 2-um scale bar",0.648225882791102,3.0368356545961,1.07540389972145,0.767476323119777,1.401,TRUE,TRUE,TRUE,"",FALSE
"Cnt fmale_a_5000X_0010.tif",70929,111.69,26.039,104,7,226,852.448,1436.521,852.435,1436.902,1070.508,666,1266,348,324,411.011,219.725,38.774,0.778,412.933,7922091,111,0.193,0.086,100,7922091,1,687,1557,40.285,222.955,1.871,0.535,0.961,573,"WR","Cnt fmale_a_5000X_0010.tif",359,0.00557103064066852,"Converted from pixels using visible 2-um scale bar",2.20137956719765,5.96383286908078,2.28975487465181,1.22409470752089,1.871,TRUE,TRUE,TRUE,"",FALSE
"Cnt fmale_a_5000X_0008.tif",13719,82.685,26.34,81,0,171,254.98,1454.251,254.397,1453.449,460.4,177,1392,156,126,156.563,111.569,18.73,0.813,159.452,1134356,84,-0.344,0.486,98.826,1134356,1,177,1461,11.944,117.768,1.403,0.713,0.927,574,"WR","Cnt fmale_a_5000X_0008.tif",358,0.00558659217877095,"Converted from pixels using visible 2-um scale bar",0.428170156986361,2.57206703910615,0.874653631284916,0.623290502793296,1.403,TRUE,TRUE,TRUE,"",FALSE
"Cnt fmale_a_5000X_0008.tif",24882,72.348,24.571,69,0,206,1555.893,397.795,1555.256,398.021,667.441,1455,297,213,219,266.279,118.976,41.472,0.702,264.017,1800161,72,0.098,0.383,99.956,1800161,1,1485,516,53.781,119.521,2.238,0.447,0.929,575,"WR","Cnt fmale_a_5000X_0008.tif",358,0.00558659217877095,"Converted from pixels using visible 2-um scale bar",0.776567522861334,3.72872067039106,1.48759217877095,0.664670391061453,2.238,TRUE,TRUE,TRUE,"",FALSE
"Cnt fmale_a_5000X_0005.tif",31365,112.925,36.054,125,0,239,145.351,373.457,146.876,373.626,671.825,51,261,183,219,221.786,180.062,102.786,0.873,234.883,3541884,114,-0.165,0.012,99.949,3541884,1,99,267,114.928,182.009,1.232,0.812,0.964,576,"WR","Cnt fmale_a_5000X_0005.tif",360,0.00555555555555556,"Converted from pixels using visible 2-um scale bar",0.968055555555556,3.73236111111111,1.23214444444444,1.00034444444444,1.232,TRUE,TRUE,TRUE,"",FALSE
"Cnt fmale_a_5000X_0005.tif",102117,112.762,32.139,113,0,255,403.634,363.838,402.985,366.878,1219.416,234,174,369,384,396.742,327.718,46.62,0.863,419.936,11514942,112,0.353,0.926,99.997,11514942,1,291,555,63.252,334.241,1.211,0.826,0.966,577,"WR","Cnt fmale_a_5000X_0005.tif",360,0.00555555555555556,"Converted from pixels using visible 2-um scale bar",3.15175925925926,6.77453333333333,2.20412222222222,1.82065555555556,1.211,TRUE,TRUE,TRUE,"",FALSE
"Cnt fmale_a_5000X_0005.tif",41724,108.68,32.867,108,0,244,620.907,208.875,621.028,207.982,800.098,507,78,213,279,305.49,173.9,117.373,0.819,307.379,4534550,108,0.125,0.048,99.99,4534550,1,543,78,114.814,174.267,1.757,0.569,0.968,578,"WR","Cnt fmale_a_5000X_0005.tif",360,0.00555555555555556,"Converted from pixels using visible 2-um scale bar",1.28777777777778,4.44498888888889,1.69716666666667,0.966111111111111,1.757,TRUE,TRUE,TRUE,"",FALSE
"Cnt fmale_a_5000X_0005.tif",85875,122.833,38.092,134,0,255,1222.742,549.85,1222.921,549.441,1128.446,1062,357,312,384,387.219,282.371,59.755,0.847,412.672,10548297,123,-0.054,-0.179,99.985,10548297,1,1119,732,59.893,297.515,1.371,0.729,0.97,579,"WR","Cnt fmale_a_5000X_0005.tif",360,0.00555555555555556,"Converted from pixels using visible 2-um scale bar",2.65046296296296,6.26914444444444,2.15121666666667,1.56872777777778,1.371,TRUE,TRUE,TRUE,"",FALSE
"Cnt fmale_a_5000X_0005.tif",143481,124.715,38.545,123,0,255,842.37,789.631,841.168,791.057,1591.358,588,549,519,474,596.279,306.376,35.723,0.712,575.07,17894171,124,0.226,0.246,99.994,17894171,1,642,1002,46.48,307.027,1.946,0.514,0.934,580,"WR","Cnt fmale_a_5000X_0005.tif",360,0.00555555555555556,"Converted from pixels using visible 2-um scale bar",4.42842592592593,8.84087777777778,3.31266111111111,1.70208888888889,1.946,TRUE,TRUE,TRUE,"",FALSE
